Ralph,Stephens,rstephens0@i2i.jp,United States,Male,Sacramento,Blogtag,31870.85,USD
Pamela,Ford,pford1@sun.com,Palestinian Territory,Female,Shūkat aş Şūfī,Minyx,,ILS
Beverly,Hudson,bhudson2@walmart.com,Morocco,Female,Sidi Slimane,Eire,83542.67,MAD
Jean,Wallace,jwallace3@cbslocal.com,China,Female,Mingyue,Divavu,33731.27,CNY
Louise,Morris,lmorris4@symantec.com,Palestinian Territory,Female,Bidyā,Browsedrive,90200.77,ILS
Karen,Mitchell,kmitchell5@eepurl.com,France,Female,Blagnac,Aivee,18789.23,EUR
Katherine,Alvarez,kalvarez6@spotify.com,Macedonia,Female,Gorno Orizari,Flashpoint,,MKD
Ruth,Cook,rcook7@mysql.com,China,Female,Nanhai,Meeveo,11458.12,CNY
Carlos,Walker,cwalker8@macromedia.com,Mexico,Male,El Mirador,Twimm,23311.21,MXN
Craig,Ford,cford9@geocities.com,Philippines,Male,Maasin,Vipe,67611.74,PHP
Theresa,Harris,tharrisa@sourceforge.net,Indonesia,Female,Polen,Jayo,68543.63,IDR
Rose,Adams,radamsb@sciencedaily.com,Kyrgyzstan,Female,Belovodskoye,Jetpulse,99991.03,KGS
Jessica,Perkins,jperkinsc@cornell.edu,China,Female,Juzhen,Bluezoom,19239.63,CNY
Alan,George,ageorged@domainmarket.com,Indonesia,Male,Sedayulawas,Viva,48376.84,IDR
Amy,Garcia,agarciae@biglobe.ne.jp,Argentina,Female,Curuzú Cuatiá,Tagtune,33223.55,ARS
Elizabeth,Lopez,elopezf@blogtalkradio.com,Panama,Female,Nueva Gorgona,Livepath,4153.39,PAB
Melissa,Gonzales,mgonzalesg@bloglovin.com,Austria,Female,St. Anton an der Jeßnitz,Jayo,27932.12,EUR
Norma,Snyder,nsnyderh@facebook.com,Brazil,Female,Rio Claro,Quaxo,,BRL
Lillian,Lopez,llopezi@gov.uk,Portugal,Female,Dois Portos,Lazz,15706.40,EUR
Robin,Mitchell,rmitchellj@goodreads.com,Chile,Female,Calbuco,Oyoyo,62801.97,CLP
Gerald,Reid,greidk@nydailynews.com,China,Male,Junzhuang,Kamba,36421.31,CNY
Jeffrey,Day,jdayl@wp.com,Sweden,Male,Löddeköpinge,Eidel,86308.55,SEK
Justin,Sanders,jsandersm@businessweek.com,Japan,Male,Nyūzen,Flashset,76075.74,JPY
Susan,Rose,srosen@umn.edu,Czech Republic,Female,Benešov nad Ploučnicí,Centidel,34291.47,CZK
Irene,Mcdonald,imcdonaldo@cisco.com,Indonesia,Female,Rendeng,Jaxbean,32151.74,IDR
Joseph,Richards,jrichardsp@webs.com,Poland,Male,Niwiska,Ainyx,23236.32,PLN
Diana,Mitchell,dmitchellq@soup.io,Thailand,Female,Prang Ku,Realbuzz,,THB
Juan,Hicks,jhicksr@about.me,Canada,Male,Crossfield,Skynoodle,70394.81,CAD
Mary,Jenkins,mjenkinss@archive.org,Tunisia,Female,Ariana,Riffwire,98922.21,TND
Sharon,Montgomery,smontgomeryt@upenn.edu,Indonesia,Female,Klutuk,Fivebridge,97918.87,IDR
Clarence,Hansen,chansenu@fda.gov,Moldova,Male,Ceadîr-Lunga,Feednation,,MDL
Carol,Sullivan,csullivanv@wikipedia.org,China,Female,Guojia,Browsezoom,22433.31,CNY
Carl,Patterson,cpattersonw@webeden.co.uk,Poland,Male,Ujsoły,Viva,,PLN
Albert,Washington,awashingtonx@ucsd.edu,Sweden,Male,Älvsjö,Devbug,31822.73,SEK
Russell,Wood,rwoody@disqus.com,France,Male,Strasbourg,Quinu,,EUR
Dennis,Fowler,dfowlerz@unc.edu,China,Male,Zalantun,Kwilith,48502.76,CNY
Harold,Lane,hlane10@etsy.com,Indonesia,Male,Sanankerto,Viva,,IDR
Phyllis,Carroll,pcarroll11@scribd.com,Japan,Female,Ise,Gigazoom,98344.89,JPY
Matthew,Roberts,mroberts12@craigslist.org,Sweden,Male,Nyköping,Cogidoo,49727.13,SEK
Sandra,Powell,spowell13@noaa.gov,Slovenia,Female,Piran,Babbleopia,55589.51,EUR
Stephanie,Nguyen,snguyen14@mediafire.com,Philippines,Female,Cabog,Centidel,96210.76,PHP
Ryan,Fields,rfields15@hostgator.com,Indonesia,Male,Puger,Edgeclub,3567.21,IDR
Harry,Hamilton,hhamilton16@adobe.com,Bangladesh,Male,Bhola,Livefish,20437.61,BDT
Nicholas,Harper,nharper17@businesswire.com,Hungary,Male,Székesfehérvár,Meedoo,30134.85,HUF
Ruby,Cunningham,rcunningham18@imdb.com,Colombia,Female,Distracción,Devbug,52331.82,COP
Melissa,Freeman,mfreeman19@disqus.com,Japan,Female,Uwajima,Gigashots,,JPY
Phyllis,Evans,pevans1a@census.gov,Russia,Female,Rogachëvo,Topicstorm,75179.55,RUB
Roger,Lopez,rlopez1b@reference.com,Indonesia,Male,Telengsari,Edgepulse,71431.46,IDR
Paula,Scott,pscott1c@cargocollective.com,Thailand,Female,Koh Tao,Buzzbean,42194.95,THB
Arthur,Ortiz,aortiz1d@yellowbook.com,Brazil,Male,Jaru,Jaxworks,,BRL
Bruce,Patterson,bpatterson1e@flavors.me,Poland,Male,Ochojno,Camido,58811.11,PLN
Carol,Barnes,cbarnes1f@usgs.gov,Poland,Female,Bystrzyca,Yabox,50566.58,PLN
George,Watson,gwatson1g@washingtonpost.com,China,Male,Jinfeng,Feedfire,,CNY
Eugene,Hicks,ehicks1h@ameblo.jp,China,Male,Huidong,Topicshots,36968.06,CNY
Virginia,Moore,vmoore1i@domainmarket.com,China,Female,Beichengqu,Rhyzio,10475.74,CNY
Evelyn,Henry,ehenry1j@printfriendly.com,Serbia,Female,Svrljig,Photofeed,,RSD
Anna,Fields,afields1k@virginia.edu,Russia,Female,Volgorechensk,Tagchat,95764.16,RUB
Lori,King,lking1l@unesco.org,Canada,Female,Amqui,Quaxo,7623.89,CAD
Lori,Gray,lgray1m@state.gov,China,Female,Donggu,Avamm,,CNY
Carol,Gutierrez,cgutierrez1n@tamu.edu,Indonesia,Female,Gludug,Jaxworks,39582.49,IDR
Donna,Nguyen,dnguyen1o@eepurl.com,Indonesia,Female,Gubengairlangga,Oyoba,49239.08,IDR
Timothy,Jones,tjones1p@amazon.de,Indonesia,Male,Tambakan,Brainsphere,8864.64,IDR
Wayne,Murray,wmurray1q@jiathis.com,Russia,Male,Snegiri,Skyba,23345.82,RUB
Jeremy,Montgomery,jmontgomery1r@nasa.gov,France,Male,Chalon-sur-Saône,JumpXS,9573.16,EUR
Mark,Boyd,mboyd1s@java.com,China,Male,Xianxiang,Dablist,36901.77,CNY
Anna,Long,along1t@tumblr.com,Philippines,Female,Biliran,Pixope,89973.78,PHP
Irene,Stone,istone1u@google.de,Brazil,Female,Cubatão,Plambee,94233.12,BRL
Alice,Ward,award1v@ask.com,Brazil,Female,Vargem Grande do Sul,Riffpath,,BRL
Joan,Mccoy,jmccoy1w@buzzfeed.com,Russia,Female,Tsotsin-Yurt,Skyndu,27958.75,RUB
Maria,Dunn,mdunn1x@ezinearticles.com,Indonesia,Female,Selat,Fivespan,,IDR
Fred,Diaz,fdiaz1y@ezinearticles.com,Macedonia,Male,Srbinovo,Wordtune,85998.29,MKD
Daniel,Cole,dcole1z@flickr.com,Palestinian Territory,Male,Bīr Zayt,Eadel,83363.02,ILS
Bonnie,Morris,bmorris20@va.gov,China,Female,Qianpai,Photolist,97083.48,CNY
Rose,Robinson,rrobinson21@illinois.edu,Indonesia,Female,Cikoneng,Browsetype,84816.82,IDR
Annie,Gordon,agordon22@ebay.com,Nepal,Female,Rājbirāj,Npath,87943.06,NPR
Teresa,Williams,twilliams23@auda.org.au,Afghanistan,Female,Qarchī Gak,Jaxbean,88548.89,AFN
Kathleen,Washington,kwashington24@washingtonpost.com,China,Female,Yangzi,Brightbean,85835.17,CNY
Louise,Wells,lwells25@harvard.edu,France,Female,Billère,Camido,4250.99,EUR
Johnny,Boyd,jboyd26@dedecms.com,Mexico,Male,La Laguna,DabZ,61314.73,MXN
Denise,Harvey,dharvey27@infoseek.co.jp,Philippines,Female,Parang,Dazzlesphere,64759.86,PHP
Raymond,Garza,rgarza28@blogspot.com,Ukraine,Male,Shypyntsi,Agimba,,UAH
Roy,Ray,rray29@plala.or.jp,Kazakhstan,Male,Shīeli,Devshare,21587.43,KZT
Jessica,Harper,jharper2a@techcrunch.com,Indonesia,Female,Pahing Jalatrang,Lazzy,14338.90,IDR
Larry,Brooks,lbrooks2b@freewebs.com,New Zealand,Male,Bluff,Zoomlounge,3583.08,NZD
Howard,Wagner,hwagner2c@woothemes.com,Philippines,Male,Bascaron,Yamia,99513.54,PHP
Mildred,Clark,mclark2d@smugmug.com,Sweden,Female,Halmstad,Edgeify,18026.93,SEK
Willie,Watson,wwatson2e@irs.gov,Indonesia,Male,Teongtoda,Gabtype,,IDR
Jason,Warren,jwarren2f@wufoo.com,China,Male,Ji’an,Katz,92480.74,CNY
Antonio,Peterson,apeterson2g@smh.com.au,Argentina,Male,Comandante Fontana,Browsecat,90633.15,ARS
Michael,Harvey,mharvey2h@macromedia.com,China,Male,Hongqi,Skipstorm,12738.37,CNY
Kathleen,Washington,kwashington2i@cloudflare.com,Russia,Female,Satis,Skibox,,RUB
Bruce,Hall,bhall2j@posterous.com,Indonesia,Male,Obesi,Tavu,,IDR
Gloria,Lopez,glopez2k@comcast.net,Chile,Female,Teno,Riffpath,17028.34,CLP
Craig,Alvarez,calvarez2l@shinystat.com,Philippines,Male,Maydolong,Thoughtstorm,65015.13,PHP
Juan,Kennedy,jkennedy2m@rediff.com,Honduras,Male,Talanga,Skilith,,HNL
Lillian,Berry,lberry2n@google.ca,Czech Republic,Female,Mirovice,Meetz,68497.06,CZK
Janet,Ellis,jellis2o@globo.com,Colombia,Female,Espinal,Yamia,11579.58,COP
Martin,Oliver,moliver2p@upenn.edu,Cuba,Male,Viñales,Feedmix,69072.15,CUP
Jack,Kelley,jkelley2q@jiathis.com,Colombia,Male,Pacho,Meembee,23802.17,COP
Walter,Perkins,wperkins2r@goo.ne.jp,Mexico,Male,La Victoria,Avaveo,,MXN
Edward,Richards,erichards2s@hubpages.com,Iran,Male,Sardasht,Dazzlesphere,36210.79,IRR
Kevin,Ryan,kryan2t@deviantart.com,Kyrgyzstan,Male,Kyzyl-Kyya,Jamia,,KGS
Stephanie,Bryant,sbryant2u@paypal.com,Colombia,Female,Barranquilla,Brainverse,20409.07,COP
Adam,Gilbert,agilbert2v@booking.com,Thailand,Male,Tan Sum,Agimba,,THB
Jason,Dunn,jdunn2w@photobucket.com,Czech Republic,Male,Pilníkov,Aimbu,,CZK
Kelly,Wagner,kwagner2x@digg.com,Indonesia,Female,Batas Barat,Skipfire,13960.41,IDR
Margaret,Spencer,mspencer2y@eventbrite.com,China,Female,Kizil,Thoughtstorm,75190.66,CNY
Daniel,Ford,dford2z@blog.com,Albania,Male,Kukës,Zoombeat,15389.93,ALL
Carlos,Dunn,cdunn30@github.com,Indonesia,Male,Sulitair,Meejo,13359.23,IDR
Kevin,Cunningham,kcunningham31@google.com.hk,Russia,Male,Gorno-Altaysk,Quimm,95251.30,RUB
Janice,Reed,jreed32@japanpost.jp,Brazil,Female,Ubatã,Dabfeed,30153.53,BRL
Aaron,Dunn,adunn33@engadget.com,Russia,Male,Krasnoye,Trunyx,63088.66,RUB
Helen,Jordan,hjordan34@wunderground.com,China,Female,Wangzuizi,Trupe,86933.20,CNY
William,Carr,wcarr35@reddit.com,Indonesia,Male,Bebandem,Meedoo,69411.56,IDR
Doris,Brooks,dbrooks36@engadget.com,China,Female,Huarong Chengguanzhen,Kaymbo,7564.06,CNY
Sarah,Cruz,scruz37@cmu.edu,Indonesia,Female,Curahnongko,Zoonder,53967.28,IDR
Shirley,Gibson,sgibson38@rediff.com,France,Female,Champagnole,Youspan,95020.25,EUR
Patricia,Gray,pgray39@pinterest.com,Tanzania,Female,Luchingu,Riffpath,88821.03,TZS
Fred,Mitchell,fmitchell3a@spiegel.de,China,Male,Zhoukou,Livetube,99805.58,CNY
Randy,Webb,rwebb3b@dell.com,China,Male,Shaowu,Zoomlounge,2823.52,CNY
Carl,Sanders,csanders3c@dot.gov,Colombia,Male,Buga,Yodoo,66168.90,COP
Lillian,Weaver,lweaver3d@baidu.com,China,Female,Huangcun,Thoughtbeat,70492.72,CNY
Lori,Mendoza,lmendoza3e@scribd.com,Thailand,Female,Ratchaburi,Jaxspan,71575.15,THB
Stephen,Williams,swilliams3f@studiopress.com,Russia,Male,Otrado-Kubanskoye,Voonder,20908.80,RUB
Aaron,Powell,apowell3g@sfgate.com,United States,Male,Sacramento,Realcube,78003.59,USD
Janet,Howard,jhoward3h@prlog.org,Bulgaria,Female,Kazanlŭk,Zoomcast,76582.49,BGN
Marilyn,Carpenter,mcarpenter3i@java.com,Greece,Female,Kolindrós,Agivu,,EUR
Martha,Williamson,mwilliamson3j@mail.ru,China,Female,Bobai,Cogidoo,2329.86,CNY
Julia,Rose,jrose3k@nasa.gov,Sweden,Female,Vallentuna,Meezzy,85652.97,SEK
Sara,Coleman,scoleman3l@mapy.cz,Indonesia,Female,Krajan Sumurtawang,Skippad,16080.32,IDR
Philip,Evans,pevans3m@prweb.com,France,Male,Arcueil,Topicshots,45127.59,EUR
Diana,Medina,dmedina3n@forbes.com,Peru,Female,Pocsi,Fliptune,26879.34,PEN
Peter,Richardson,prichardson3o@newsvine.com,Portugal,Male,Verba,Trudeo,45920.43,EUR
Russell,Gardner,rgardner3p@live.com,Venezuela,Male,Valera,Centizu,68083.61,VEF
Henry,Stewart,hstewart3q@booking.com,France,Male,Marseille,Devshare,66637.53,EUR
Jean,Turner,jturner3r@jalbum.net,Peru,Female,Ocongate,Quinu,42747.00,PEN
George,Grant,ggrant3s@bing.com,Afghanistan,Male,Lashkar Gāh,Thoughtsphere,44548.36,AFN
Lawrence,Reid,lreid3t@chron.com,Guyana,Male,Mahdia,Feedmix,19953.58,GYD
Jacqueline,Clark,jclark3u@loc.gov,Indonesia,Female,Pangkalan,Demizz,72432.48,IDR
Raymond,Harvey,rharvey3v@smugmug.com,Bahamas,Male,West End,Skynoodle,61295.20,BSD
Ruby,Daniels,rdaniels3w@github.com,China,Female,Xicun,Jaxspan,,CNY
Diana,Williamson,dwilliamson3x@webs.com,Malaysia,Female,Kuala Lumpur,Rhynyx,76680.69,MYR
Patrick,Simpson,psimpson3y@ca.gov,Indonesia,Male,Banjar Anyar,Voonix,,IDR
George,King,gking3z@example.com,China,Male,Yujiao,Brightbean,4238.28,CNY
Amy,Spencer,aspencer40@aboutads.info,Argentina,Female,Yacimiento Río Turbio,Voonte,44547.39,ARS
Margaret,Carpenter,mcarpenter41@cisco.com,Indonesia,Female,Rantepang,Devpulse,,IDR
Jose,Mason,jmason42@go.com,Israel,Male,Herzliya Pituah,Yodel,6325.77,ILS
George,Fields,gfields43@geocities.jp,Indonesia,Male,Tanjung Timur,Midel,77729.85,IDR
Heather,Romero,hromero44@cornell.edu,France,Female,Metz,Dabshots,,EUR
Eugene,Dixon,edixon45@google.es,Nicaragua,Male,La Paz Centro,Yambee,24641.78,NIO
Jerry,Sullivan,jsullivan46@behance.net,Afghanistan,Male,Jurm,Linktype,28017.80,AFN
Bonnie,Patterson,bpatterson47@vkontakte.ru,Afghanistan,Female,Ārt Khwājah,Youspan,,AFN
Ronald,Lopez,rlopez48@discuz.net,Russia,Male,Chernukha,Youbridge,88177.00,RUB
Charles,Andrews,candrews49@unblog.fr,Saint Vincent and the Grenadines,Male,Port Elizabeth,Flashpoint,55978.86,XCD
Karen,Morrison,kmorrison4a@pen.io,Russia,Female,Shemursha,Kazu,5772.09,RUB
Bonnie,Gomez,bgomez4b@buzzfeed.com,Portugal,Female,Messejana,Photobug,97214.58,EUR
Linda,Rogers,lrogers4c@wunderground.com,Mexico,Female,Emiliano Zapata,Jayo,11321.11,MXN
Jesse,Frazier,jfrazier4d@mayoclinic.com,Sweden,Male,Västra Frölunda,Gabvine,81519.41,SEK
Jonathan,Robertson,jrobertson4e@huffingtonpost.com,France,Male,Rochefort,Fiveclub,1265.60,EUR
Susan,Gonzales,sgonzales4f@infoseek.co.jp,Guam,Female,Sinajana Village,Feedfire,54747.48,USD
Michelle,Thomas,mthomas4g@si.edu,Sweden,Female,Finspång,Dynabox,71431.94,SEK
Joan,Hill,jhill4h@list-manage.com,China,Female,Shilong,Tazzy,,CNY
Ralph,Bennett,rbennett4i@time.com,Russia,Male,Pleshanovo,Zoozzy,95865.26,RUB
Judith,Henderson,jhenderson4j@wordpress.org,Israel,Female,Timrat,Flashset,,ILS
Carl,Carroll,ccarroll4k@dagondesign.com,China,Male,Xinghai,Yakitri,89332.02,CNY
James,Hart,jhart4l@wikipedia.org,Poland,Male,Reszel,Brainverse,38723.41,PLN
Rose,Fernandez,rfernandez4m@tiny.cc,Kenya,Female,Kitui,Blognation,90813.70,KES
Michelle,Porter,mporter4n@marriott.com,Indonesia,Female,Srunikrajan,JumpXS,29263.69,IDR
Kathryn,Rose,krose4o@histats.com,Russia,Female,Novosmolinskiy,Wikizz,85937.06,RUB
Marilyn,Cruz,mcruz4p@canalblog.com,Japan,Female,Kakegawa,Linklinks,67207.44,JPY
Andrew,Arnold,aarnold4q@quantcast.com,Philippines,Male,Palayan City,Leenti,25430.32,PHP
Ann,Jackson,ajackson4r@tamu.edu,Indonesia,Female,Koanara,Blogspan,41795.33,IDR
Norma,Austin,naustin4s@uiuc.edu,Sweden,Female,Täby,Shuffledrive,21945.36,SEK
Elizabeth,Collins,ecollins4t@hugedomains.com,Indonesia,Female,Watulimo,Yoveo,88610.06,IDR
Joan,Williams,jwilliams4u@nba.com,Indonesia,Female,Oibioin,Linkbridge,54432.05,IDR
Jane,Elliott,jelliott4v@opera.com,Indonesia,Female,Fatumnasi,Realbuzz,88851.99,IDR
Sarah,Peters,speters4w@discuz.net,Indonesia,Female,Kemang,Layo,93494.51,IDR
Dennis,Nguyen,dnguyen4x@jugem.jp,Japan,Male,Ōno-hara,Edgeblab,1343.25,JPY
Sean,Harper,sharper4y@amazon.de,Indonesia,Male,Ngeni,Kimia,71693.38,IDR
Ann,Marshall,amarshall4z@google.co.uk,China,Female,Hengshan,Edgepulse,38976.73,CNY
Randy,West,rwest50@thetimes.co.uk,Mexico,Male,Vicente Guerrero,Oyonder,78373.30,MXN
Andrew,Rodriguez,arodriguez51@dot.gov,Philippines,Male,Malbug,Trudeo,56774.86,PHP
Louis,Burke,lburke52@elegantthemes.com,Poland,Male,Chocianów,Gigazoom,,PLN
Amy,Edwards,aedwards53@businessweek.com,Indonesia,Female,Tejakalapa,Digitube,83863.69,IDR
Douglas,Reynolds,dreynolds54@cdc.gov,China,Male,Hougaoshizhuang,Topicstorm,48414.94,CNY
Terry,Simmons,tsimmons55@a8.net,Estonia,Male,Põltsamaa,Zoomlounge,,EUR
Richard,Fox,rfox56@cisco.com,China,Male,Shangpai,Gigabox,42654.95,CNY
Nicole,Hawkins,nhawkins57@unc.edu,Japan,Female,Satte,Thoughtblab,8791.98,JPY
Ruby,Mitchell,rmitchell58@hp.com,Philippines,Female,Balud,Ntag,7385.94,PHP
Alice,Elliott,aelliott59@huffingtonpost.com,Ukraine,Female,Kotovs’k,Twiyo,,UAH
Katherine,Gilbert,kgilbert5a@disqus.com,Peru,Female,Susapaya,Gevee,24889.88,PEN
Laura,Garcia,lgarcia5b@quantcast.com,Japan,Female,Toyokawa,Oyoyo,49422.79,JPY
Billy,Hunter,bhunter5c@yahoo.com,Indonesia,Male,Sumberpandan,Pixonyx,62183.86,IDR
Melissa,Torres,mtorres5d@yahoo.co.jp,China,Female,Yangcheng,Abatz,24400.32,CNY
Christina,Thomas,cthomas5e@ftc.gov,China,Female,Kuishan,Rhynyx,22764.72,CNY
Roger,Welch,rwelch5f@harvard.edu,Philippines,Male,Tarusan,Wikibox,28804.01,PHP
Tina,Howell,thowell5g@mit.edu,Indonesia,Female,Cikarang,Youtags,88255.38,IDR
Pamela,George,pgeorge5h@globo.com,Philippines,Female,Boac,Dynabox,54728.42,PHP
Christine,Duncan,cduncan5i@pagesperso-orange.fr,Indonesia,Female,Kubang,Thoughtmix,38195.37,IDR
Sara,Wagner,swagner5j@soup.io,Japan,Female,Fukui-shi,Ntags,48723.89,JPY
Harry,Martinez,hmartinez5k@arstechnica.com,Panama,Male,Panamá,Cogibox,52458.16,PAB
Jeremy,Olson,jolson5l@github.io,Brazil,Male,São Pedro,Ooba,10788.23,BRL
Julie,Carpenter,jcarpenter5m@creativecommons.org,Russia,Female,Pokhvistnevo,Realcube,58894.01,RUB
Theresa,Wood,twood5n@bloglovin.com,Russia,Female,Tuzha,Mynte,36522.47,RUB
Mark,Ross,mross5o@go.com,China,Male,Guanba,Livetube,56311.60,CNY
Richard,Vasquez,rvasquez5p@bbb.org,Brazil,Male,Araçatuba,Agivu,86446.20,BRL
Robin,Clark,rclark5q@army.mil,Poland,Female,Filipowice,Jazzy,84144.14,PLN
Edward,Hayes,ehayes5r@flavors.me,Nigeria,Male,Kano,Eayo,59961.09,NGN
Deborah,Chapman,dchapman5s@amazon.de,Norway,Female,Oslo,Skibox,14949.10,NOK
Dennis,Gardner,dgardner5t@biglobe.ne.jp,China,Male,Liangdang Chengguanzhen,Roomm,14280.03,CNY
Johnny,Johnson,jjohnson5u@engadget.com,China,Male,Xiasha,Gigabox,31219.26,CNY
George,Walker,gwalker5v@unblog.fr,United States,Male,Washington,Skimia,15752.81,USD
Shawn,Wells,swells5w@bloomberg.com,Colombia,Male,Buga,Youspan,26361.02,COP
Samuel,Thomas,sthomas5x@blinklist.com,United States,Male,Charleston,Babblestorm,26265.50,USD
Carl,Daniels,cdaniels5y@wikipedia.org,Russia,Male,Topchikha,Topicshots,28532.47,RUB
Michael,Washington,mwashington5z@businessweek.com,Albania,Male,Sevaster,Devshare,80750.73,ALL
Christopher,Reyes,creyes60@goo.ne.jp,United States,Male,San Angelo,Meevee,66712.84,USD
Jimmy,Cunningham,jcunningham61@state.gov,Indonesia,Male,Sukakerta,Shufflebeat,67398.54,IDR
Andrea,Anderson,aanderson62@sbwire.com,Czech Republic,Female,Jindřichov,Aimbu,20923.55,CZK
Walter,Little,wlittle63@taobao.com,Philippines,Male,Sinacaban,Buzzbean,62625.44,PHP
Melissa,Vasquez,mvasquez64@paginegialle.it,Mauritius,Female,Olivia,Skaboo,51184.39,MUR
Janet,Dixon,jdixon65@ihg.com,Ukraine,Female,Staryy Merchyk,Aimbo,51450.75,UAH
Robin,Martin,rmartin66@wufoo.com,Indonesia,Female,Kambatatamakawu,Linkbridge,43280.46,IDR
Anna,Gibson,agibson67@dmoz.org,Thailand,Female,Fao Rai,Eadel,87801.47,THB
Beverly,Rodriguez,brodriguez68@opensource.org,China,Female,Dahu,Yodel,,CNY
Aaron,Lewis,alewis69@feedburner.com,Democratic Republic of the Congo,Male,Bulungu,Demivee,1206.03,CDF
Victor,Boyd,vboyd6a@hostgator.com,China,Male,Xingou,Digitube,39233.46,CNY
Ralph,Allen,rallen6b@geocities.com,Albania,Male,Grekan,Bubblemix,86210.92,ALL
Justin,Burns,jburns6c@reddit.com,Brazil,Male,Laranjal Paulista,Linklinks,39420.66,BRL
Jonathan,Mendoza,jmendoza6d@photobucket.com,Moldova,Male,Chişinău,Zoovu,98328.65,MDL
Carolyn,Armstrong,carmstrong6e@topsy.com,Thailand,Female,Amnat Charoen,Topdrive,50829.39,THB
Norma,Schmidt,nschmidt6f@state.tx.us,Russia,Female,Glubokiy,Dynabox,40595.61,RUB
Anna,Kelley,akelley6g@sfgate.com,Sweden,Female,Järna,Jabbercube,81830.31,SEK
Barbara,Foster,bfoster6h@jalbum.net,France,Female,Saint-Jean-de-Monts,Quinu,5255.32,EUR
Richard,Ramos,rramos6i@last.fm,China,Male,Lieyu,Wordify,90219.37,CNY
Bonnie,Burton,bburton6j@livejournal.com,Bolivia,Female,Rosario del Ingre,Rooxo,91489.83,BOB
Ryan,Gomez,rgomez6k@howstuffworks.com,Iran,Male,Damāvand,Eayo,88650.31,IRR
Ashley,Burns,aburns6l@blogtalkradio.com,Philippines,Female,Gamut,Jabbertype,98011.76,PHP
Jonathan,Larson,jlarson6m@weebly.com,Poland,Male,Rzeczenica,Miboo,40694.33,PLN
Tina,Ward,tward6n@earthlink.net,France,Female,Paris 15,Plajo,56571.61,EUR
Ryan,Perez,rperez6o@joomla.org,China,Male,Sanmiaoqian,Meeveo,71641.76,CNY
Steve,Hernandez,shernandez6p@blog.com,Japan,Male,Neyagawa,Twitterbeat,95055.68,JPY
Daniel,Gomez,dgomez6q@sina.com.cn,Japan,Male,Takatsuki,Eidel,,JPY
Amy,Holmes,aholmes6r@a8.net,Russia,Female,Vorob’yovo,Thoughtblab,65385.11,RUB
Bobby,Vasquez,bvasquez6s@google.es,China,Male,Xinshidu,Zoombeat,60218.54,CNY
Jason,Carpenter,jcarpenter6t@squarespace.com,Argentina,Male,Guatraché,Jaxworks,70177.39,ARS
Laura,Kelley,lkelley6u@desdev.cn,Philippines,Female,Mabilog,Agimba,18580.18,PHP
Ashley,Baker,abaker6v@ow.ly,Venezuela,Female,La Quebrada,Dabjam,42688.45,VEF
Catherine,Little,clittle6w@oakley.com,Portugal,Female,Ulme,Skalith,28114.84,EUR
Robin,Ferguson,rferguson6x@domainmarket.com,Malaysia,Female,Kuala Terengganu,Mydo,25177.45,MYR
Denise,Warren,dwarren6y@i2i.jp,Indonesia,Female,Kadubamban,Jazzy,30826.28,IDR
Brian,Welch,bwelch6z@goodreads.com,Malaysia,Male,Kuala Lumpur,Photofeed,35447.47,MYR
Norma,Turner,nturner70@japanpost.jp,Greece,Female,Krokeaí,Yata,,EUR
Mark,Greene,mgreene71@ask.com,Ivory Coast,Male,Agboville,Shuffletag,,XOF
Catherine,Rogers,crogers72@umich.edu,Indonesia,Female,Ngondokandawu,Skidoo,37475.67,IDR
Marilyn,Bailey,mbailey73@w3.org,South Africa,Female,Bela-Bela,Quire,24759.09,ZAR
Heather,Murray,hmurray74@pen.io,Indonesia,Female,Jajar,Muxo,96074.89,IDR
Keith,Diaz,kdiaz75@lycos.com,Peru,Male,Huangascar,Eidel,24537.89,PEN
Timothy,Burton,tburton76@statcounter.com,Poland,Male,Wodzisław Śląski,Chatterpoint,8143.90,PLN
Paula,Harper,pharper77@ucoz.com,China,Female,Liuji,Ailane,88146.16,CNY
Joyce,Andrews,jandrews78@so-net.ne.jp,Philippines,Female,Mabayo,Feedmix,77956.01,PHP
Eugene,Romero,eromero79@npr.org,Thailand,Male,Chulabhorn,Skimia,21052.08,THB
Ruby,Greene,rgreene7a@technorati.com,Thailand,Female,Sam Phran,Dabtype,42264.49,THB
Ruby,Hernandez,rhernandez7b@taobao.com,China,Female,Xibu,Omba,603.84,CNY
Martha,Wright,mwright7c@elegantthemes.com,Croatia,Female,Labin,Yabox,63463.36,HRK
Frances,Richardson,frichardson7d@dmoz.org,Albania,Female,Sult,Avaveo,5474.79,ALL
Deborah,Kelley,dkelley7e@vistaprint.com,France,Female,Rungis,Yozio,68094.06,EUR
Jimmy,Harris,jharris7f@photobucket.com,Indonesia,Male,Cimanggu,Devcast,,IDR
Charles,Snyder,csnyder7g@cargocollective.com,Philippines,Male,Maria Aurora,Jetwire,39214.38,PHP
Roger,Welch,rwelch7h@uol.com.br,Armenia,Male,Saratak,Twiyo,,AMD
Sarah,White,swhite7i@photobucket.com,Russia,Female,Sterlibashevo,Kwimbee,59503.30,RUB
Rachel,Watson,rwatson7j@pen.io,United States,Female,Houston,Zooveo,76446.26,USD
Helen,Hansen,hhansen7k@nasa.gov,Philippines,Female,Cortes,Jaxworks,76842.79,PHP
Betty,Carroll,bcarroll7l@qq.com,Russia,Female,Krasnoye,Trudoo,73468.04,RUB
Ronald,Freeman,rfreeman7m@rakuten.co.jp,Nigeria,Male,Amper,Jabberstorm,78021.53,NGN
Douglas,Kelley,dkelley7n@ihg.com,Nigeria,Male,Etinan,Zoomzone,76178.77,NGN
Phyllis,Price,pprice7o@amazon.de,Netherlands,Female,Harderwijk,Divape,69867.50,EUR
Kelly,Larson,klarson7p@photobucket.com,Indonesia,Female,Rantepang,Brainsphere,42799.05,IDR
Carlos,Lawson,clawson7q@nymag.com,Philippines,Male,Capulaan,Babbleblab,12895.16,PHP
Jonathan,Hart,jhart7r@miibeian.gov.cn,South Africa,Male,Viljoenskroon,Thoughtbeat,18286.10,ZAR
Alan,James,ajames7s@shutterfly.com,Vietnam,Male,Trới,Tazz,22635.67,VND
Amy,Gibson,agibson7t@sitemeter.com,Micronesia,Female,Eauripik,Oloo,,USD
Amanda,Stanley,astanley7u@wikispaces.com,Netherlands,Female,Rotterdam postbusnummers,Vitz,86747.66,EUR
Larry,Price,lprice7v@icio.us,United States,Male,Montgomery,Oloo,4235.14,USD
Brian,Fuller,bfuller7w@youku.com,Ukraine,Male,Donetsk,Fatz,74867.16,UAH
Tina,Owens,towens7x@un.org,Tajikistan,Female,Norak,Buzzbean,68102.74,TJS
Robin,Boyd,rboyd7y@amazon.de,China,Female,Leigongjian,Eimbee,,CNY
Johnny,Snyder,jsnyder7z@livejournal.com,Greece,Male,Agía Varvára,Quatz,18075.50,EUR
Victor,West,vwest80@reuters.com,Ukraine,Male,Vyzhnytsya,Edgeblab,37649.60,UAH
Alan,Nichols,anichols81@fastcompany.com,Russia,Male,Gamovo,Voonte,23090.24,RUB
Victor,Stevens,vstevens82@cmu.edu,Argentina,Male,Cinco Saltos,Shufflester,62327.27,ARS
Harold,Chavez,hchavez83@washington.edu,Malta,Male,Saint Lucia,Quamba,10516.10,EUR
Keith,Sims,ksims84@utexas.edu,Sweden,Male,Mora,Demizz,68358.11,SEK
Kimberly,Andrews,kandrews85@umn.edu,Bahrain,Female,Al Muharraq,Photolist,84814.85,BHD
Jacqueline,Mason,jmason86@youku.com,Russia,Female,Znamenskoye,Dabfeed,98452.71,RUB
Evelyn,Ruiz,eruiz87@netvibes.com,Russia,Female,Zelenogradsk,Digitube,57288.27,RUB
Dennis,Webb,dwebb88@taobao.com,Russia,Male,Beslan,Thoughtblab,45765.26,RUB
Shirley,Robinson,srobinson89@cnet.com,Indonesia,Female,Kuaro,Lazzy,,IDR
Tammy,Adams,tadams8a@scribd.com,Poland,Female,Wilków,Bluezoom,20477.67,PLN
Timothy,Bowman,tbowman8b@51.la,China,Male,Liaodian,Jaxworks,48500.09,CNY
Tammy,Meyer,tmeyer8c@posterous.com,Slovenia,Female,Bovec,Twitterlist,40606.12,EUR
Lawrence,Foster,lfoster8d@npr.org,Thailand,Male,Ban Mai,Fiveclub,56626.20,THB
Ernest,Wallace,ewallace8e@prweb.com,Equatorial Guinea,Male,Río Campo,Wikivu,91115.46,XAF
Scott,Edwards,sedwards8f@deliciousdays.com,Slovenia,Male,Slovenske Konjice,Yakijo,84344.39,EUR
Kathryn,Flores,kflores8g@vistaprint.com,Indonesia,Female,Rabig,Realbuzz,11879.61,IDR
James,Willis,jwillis8h@nasa.gov,Thailand,Male,Nong Don,Tavu,99514.39,THB
Jessica,Powell,jpowell8i@weather.com,China,Female,Hedong,Jabberbean,44918.20,CNY
Wayne,Rodriguez,wrodriguez8j@irs.gov,Brazil,Male,Itabaiana,Linktype,,BRL
Bruce,Barnes,bbarnes8k@wp.com,Brazil,Male,Betim,Aibox,83471.64,BRL
Linda,Olson,lolson8l@google.it,Croatia,Female,Oštarije,Youtags,808.65,HRK
Raymond,Hamilton,rhamilton8m@xrea.com,Philippines,Male,Kolambugan,Podcat,20573.23,PHP
Margaret,Tucker,mtucker8n@etsy.com,Laos,Female,Muang Xay,Twiyo,94145.25,LAK
Johnny,Cook,jcook8o@wikimedia.org,China,Male,Haoxin,Kaymbo,69256.90,CNY
Stephanie,Fox,sfox8p@bravesites.com,Sweden,Female,Stockholm,Browsecat,36124.88,SEK
Billy,Hall,bhall8q@paypal.com,Portugal,Male,Olival Basto,Dabvine,78785.26,EUR
Jerry,Fernandez,jfernandez8r@spotify.com,Peru,Male,Julcamarca,Ozu,,PEN
Benjamin,Ryan,bryan8s@symantec.com,Russia,Male,Severo-Zadonsk,Dazzlesphere,,RUB
Louis,Young,lyoung8t@diigo.com,France,Male,Tours,Dynava,59506.66,EUR
Harold,Robertson,hrobertson8u@wikimedia.org,Armenia,Male,Drakhtik,Flipopia,,AMD
Fred,Wilson,fwilson8v@nymag.com,Poland,Male,Łagów,Yotz,38989.63,PLN
Rachel,Jackson,rjackson8w@hostgator.com,Madagascar,Female,Soavinandriana,Dabvine,88947.59,MGA
Angela,Parker,aparker8x@auda.org.au,Peru,Female,Socota,Skyba,21913.14,PEN
Jacqueline,Banks,jbanks8y@lulu.com,Russia,Female,Chiri-Yurt,Flipstorm,78411.59,RUB
Louis,Cox,lcox8z@hhs.gov,Russia,Male,Brodokalmak,Gevee,37168.90,RUB
Bonnie,Ford,bford90@domainmarket.com,Vietnam,Female,Vĩnh Tường,Photojam,,VND
Fred,Ferguson,fferguson91@sohu.com,France,Male,Draguignan,Gevee,76990.70,EUR
Mary,Hudson,mhudson92@bigcartel.com,United States,Female,Mesa,Quamba,49417.73,USD
Ruth,Morris,rmorris93@github.io,Sweden,Female,Södertälje,Twitternation,22991.08,SEK
Raymond,Harrison,rharrison94@nydailynews.com,China,Male,Lishu,Photojam,3661.42,CNY
Julia,Robinson,jrobinson95@google.es,Nicaragua,Female,Chinandega,Ooba,67873.79,NIO
Jeremy,Palmer,jpalmer96@intel.com,Nigeria,Male,Ekpoma,Oozz,45487.84,NGN
Roy,Patterson,rpatterson97@zimbio.com,Russia,Male,Semiluki,Linkbridge,45042.72,RUB
Richard,Foster,rfoster98@t.co,Brazil,Male,Nova Petrópolis,Browsetype,93619.50,BRL
Brian,Rodriguez,brodriguez99@reddit.com,Portugal,Male,Soure,Wikivu,6219.64,EUR
Scott,Fowler,sfowler9a@ebay.com,Philippines,Male,Telbang,Feedmix,84819.68,PHP
Lisa,Gardner,lgardner9b@elpais.com,Ukraine,Female,Korsun’-Shevchenkivs’kyy,Divape,44492.76,UAH
Dennis,Lynch,dlynch9c@ihg.com,Afghanistan,Male,Āsmār,Browsedrive,66728.06,AFN
Ryan,Kelley,rkelley9d@angelfire.com,Japan,Male,Izumiōtsu,Mydeo,15337.52,JPY
Fred,Willis,fwillis9e@nationalgeographic.com,China,Male,Xinyan,Eire,,CNY
Elizabeth,Palmer,epalmer9f@businessweek.com,China,Female,Shaogongzhuang,Shuffledrive,99149.54,CNY
Dennis,Ross,dross9g@washington.edu,Ukraine,Male,Illintsi,Aimbo,77101.74,UAH
Christina,Riley,criley9h@behance.net,Vietnam,Female,Bình Thủy,Browsecat,26909.26,VND
Linda,Reed,lreed9i@zimbio.com,Philippines,Female,Paulba,Flipstorm,12314.33,PHP
Anne,Peters,apeters9j@timesonline.co.uk,Uzbekistan,Female,G’uzor,Camido,50920.27,UZS
Eric,Alvarez,ealvarez9k@independent.co.uk,France,Male,Paris La Défense,Abata,4918.33,EUR
Beverly,Kelley,bkelley9l@merriam-webster.com,Iran,Female,Bandar-e Māhshahr,Buzzshare,89382.85,IRR
Benjamin,Martinez,bmartinez9m@shop-pro.jp,China,Male,Maoping,Browseblab,3880.77,CNY
Tina,Hunt,thunt9n@npr.org,Indonesia,Female,Sangiang,Voonix,24352.41,IDR
James,Peterson,jpeterson9o@parallels.com,Israel,Male,Ramat HaSharon,Skajo,88455.54,ILS
Christine,Welch,cwelch9p@blogger.com,Russia,Female,Volovo,Oyondu,57164.57,RUB
Shirley,Sims,ssims9q@issuu.com,Indonesia,Female,Mayang,Camimbo,57946.72,IDR
Lillian,Harris,lharris9r@discuz.net,Ukraine,Female,Kosiv,Leenti,57794.63,UAH
James,Lawrence,jlawrence9s@skyrock.com,Panama,Male,Cartí Suitupo,Dabtype,85207.39,PAB
Lillian,Grant,lgrant9t@bbb.org,United States,Female,Washington,Dabtype,25468.74,USD
Gloria,Gardner,ggardner9u@purevolume.com,France,Female,Champigny-sur-Marne,Rhybox,,EUR
Kathryn,Hart,khart9v@europa.eu,Serbia,Female,Boljevci,Minyx,83436.43,RSD
Rebecca,Burke,rburke9w@mozilla.com,Greece,Female,Mandráki,Dabtype,33702.15,EUR
Frances,Howard,fhoward9x@wunderground.com,Azerbaijan,Female,Khirdalan,BlogXS,29690.99,AZN
Billy,Lawson,blawson9y@digg.com,Czech Republic,Male,Dobřív,Gigaclub,61507.74,CZK
Sara,Thompson,sthompson9z@harvard.edu,Portugal,Female,Guardizela,Flashset,35984.06,EUR
Ann,Martin,amartina0@nasa.gov,China,Female,Langchuan,Yodo,3976.11,CNY
Doris,George,dgeorgea1@4shared.com,United States,Female,Baltimore,Tagtune,,USD
Tina,Ruiz,truiza2@bluehost.com,Russia,Female,Rostov-na-Donu,Jetwire,47971.59,RUB
Ann,Mason,amasona3@tinyurl.com,Greece,Female,Oropós,Skiba,77284.86,EUR
Alan,Graham,agrahama4@disqus.com,Christmas Island,Male,Flying Fish Cove,Skalith,62554.12,AUD
Jeffrey,Medina,jmedinaa5@utexas.edu,Brazil,Male,São Manuel,Ainyx,58353.18,BRL
Matthew,Gonzalez,mgonzaleza6@naver.com,Mauritius,Male,Nouvelle France,Topicblab,41546.70,MUR
Bobby,Wheeler,bwheelera7@51.la,Peru,Male,Chiguirip,Browsedrive,67671.30,PEN
Jerry,Mitchell,jmitchella8@fotki.com,Philippines,Male,Mangaldan,Kanoodle,64072.50,PHP
Christine,Cruz,ccruza9@answers.com,Argentina,Female,Puan,Topicstorm,73971.59,ARS
Ruth,Bailey,rbaileyaa@imgur.com,Canada,Female,Beaverlodge,Dabtype,16555.48,CAD
Clarence,Burke,cburkeab@mediafire.com,Indonesia,Male,Palebunan,Janyx,,IDR
George,Gardner,ggardnerac@sciencedaily.com,Portugal,Male,Sardoal,Brainsphere,99658.06,EUR
Donald,Ford,dfordad@newsvine.com,Portugal,Male,Ramada,Meeveo,98801.27,EUR
Todd,Bowman,tbowmanae@salon.com,Russia,Male,Tevriz,Izio,51296.42,RUB
Peter,Perry,pperryaf@hugedomains.com,Aland Islands,Male,Vårdö,Snaptags,16280.73,EUR
Norma,Harris,nharrisag@nytimes.com,Sweden,Female,Strängnäs,Zoonoodle,30120.05,SEK
Alan,Lopez,alopezah@adobe.com,Guatemala,Male,Melchor de Mencos,Youtags,59372.75,GTQ
Stephen,James,sjamesai@hostgator.com,Philippines,Male,Rizal,Avamm,23233.79,PHP
Eugene,Greene,egreeneaj@nba.com,Cameroon,Male,Douala,Centizu,36967.97,XAF
Tina,Evans,tevansak@rediff.com,Philippines,Female,Hingatungan,Youfeed,69690.26,PHP
Jean,Greene,jgreeneal@usatoday.com,Philippines,Female,Andop,Snaptags,79950.55,PHP
Jacqueline,Harvey,jharveyam@nsw.gov.au,China,Female,Dong’an,Jaloo,80051.74,CNY
Walter,Hunt,whuntan@t-online.de,China,Male,Guanban,Npath,3017.74,CNY
Patricia,Schmidt,pschmidtao@whitehouse.gov,Peru,Female,Cotabambas,Skinder,2512.34,PEN
Howard,Warren,hwarrenap@netvibes.com,Czech Republic,Male,Prostřední Bečva,Brightbean,17612.35,CZK
Katherine,Franklin,kfranklinaq@studiopress.com,France,Female,Wasquehal,Tagchat,57137.90,EUR
Laura,Lewis,llewisar@de.vu,United States,Female,Van Nuys,Realbridge,97283.65,USD
Henry,Allen,hallenas@google.nl,Jamaica,Male,Bluefields,Buzzbean,29157.25,JMD
Evelyn,Hughes,ehughesat@dedecms.com,Japan,Female,Nanae,Wordify,13361.23,JPY
Brian,Rodriguez,brodriguezau@wordpress.com,Peru,Male,Ichuña,Blogtags,72272.84,PEN
Irene,Carter,icarterav@cocolog-nifty.com,Tanzania,Female,Ngerengere,LiveZ,48044.46,TZS
Christine,Woods,cwoodsaw@gnu.org,China,Female,Jiaoshanhe,Yamia,27530.16,CNY
Amanda,Day,adayax@bluehost.com,Indonesia,Female,Tenggina Daya,Skaboo,53117.03,IDR
Harold,Powell,hpowellay@army.mil,Japan,Male,Hirosaki,Zava,75781.82,JPY
Bruce,Bradley,bbradleyaz@fda.gov,Honduras,Male,Santa María del Real,Demimbu,61698.90,HNL
Dennis,Carter,dcarterb0@google.es,France,Male,Arbois,Devpulse,18435.98,EUR
Carl,Nelson,cnelsonb1@weibo.com,Indonesia,Male,Paobokol,Oyope,9117.27,IDR
Donna,Black,dblackb2@oracle.com,Brazil,Female,Três Pontas,Voolia,91531.20,BRL
Joyce,Thompson,jthompsonb3@accuweather.com,Niger,Female,Magaria,Dablist,68190.08,XOF
Kathryn,Vasquez,kvasquezb4@livejournal.com,Philippines,Female,Bilad,Browseblab,39723.52,PHP
Heather,Cruz,hcruzb5@wiley.com,Cuba,Female,Palma Soriano,Voolith,,CUP
Lisa,Collins,lcollinsb6@va.gov,Peru,Female,Cuispes,Chatterpoint,55463.67,PEN
Larry,Robinson,lrobinsonb7@wired.com,Netherlands,Male,Leeuwarden,Meevee,31365.36,EUR
Juan,Jones,jjonesb8@chicagotribune.com,Philippines,Male,Panalanoy,Wordify,72292.67,PHP
Stephanie,Graham,sgrahamb9@seesaa.net,Argentina,Female,Comallo,Topicware,17152.13,ARS
Marie,Thomas,mthomasba@twitpic.com,Greece,Female,Tríkala,Tavu,67354.64,EUR
Julie,Mcdonald,jmcdonaldbb@friendfeed.com,France,Female,Mantes-la-Jolie,Oyoyo,38747.40,EUR
Jessica,Long,jlongbc@fema.gov,Uruguay,Female,Santa Bernardina,Flashspan,92062.96,UYU
David,Gonzales,dgonzalesbd@shutterfly.com,China,Male,Haishan,Edgewire,11545.73,CNY
Raymond,Gardner,rgardnerbe@163.com,Norway,Male,Trondheim,Yambee,90962.51,NOK
Shirley,Stephens,sstephensbf@mediafire.com,Chile,Female,Monte Patria,Skalith,57539.55,CLP
Robin,Weaver,rweaverbg@devhub.com,Russia,Female,Rogachëvo,Trupe,53533.07,RUB
George,Myers,gmyersbh@mayoclinic.com,Armenia,Male,Vardenik,Yamia,25576.19,AMD
Joe,Garcia,jgarciabi@reference.com,Portugal,Male,Granja,Agimba,67495.89,EUR
Scott,Gilbert,sgilbertbj@symantec.com,Panama,Male,Changuinola,Riffwire,31268.45,PAB
Jose,Mills,jmillsbk@springer.com,Indonesia,Male,Rowokangkung,Fivespan,23976.55,IDR
Barbara,Cole,bcolebl@statcounter.com,Indonesia,Female,Sai,Browsebug,79458.21,IDR
Shirley,Stewart,sstewartbm@cdc.gov,Canada,Female,Innisfil,Feedfire,,CAD
Barbara,Murray,bmurraybn@nature.com,China,Female,Tanlin,Tagopia,56244.05,CNY
Jeffrey,Butler,jbutlerbo@woothemes.com,Indonesia,Male,Dusun Desa Bunter,Yambee,,IDR
Andrea,Weaver,aweaverbp@jalbum.net,Saint Kitts and Nevis,Female,Cotton Ground,Tavu,10488.81,XCD
Jesse,Fisher,jfisherbq@yahoo.co.jp,Nicaragua,Male,Santa Teresa,Youbridge,49411.78,NIO
Kimberly,Johnson,kjohnsonbr@wikipedia.org,China,Female,Kongwan,Jabbersphere,60539.28,CNY
Ann,Stone,astonebs@cbc.ca,Tanzania,Female,Puma,Skyba,51089.98,TZS
Kathy,Watson,kwatsonbt@ftc.gov,Russia,Female,Syamzha,Jaxworks,8374.24,RUB
Martin,Romero,mromerobu@freewebs.com,Philippines,Male,Alua,Mydo,18665.13,PHP
Lillian,Richards,lrichardsbv@de.vu,Brazil,Female,Jaguaruana,Realcube,78090.85,BRL
Joe,Wagner,jwagnerbw@drupal.org,Burkina Faso,Male,Kongoussi,Plajo,37107.21,XOF
Harry,Greene,hgreenebx@nih.gov,United States,Male,Newark,Zoomcast,23163.26,USD
Peter,Willis,pwillisby@reference.com,Equatorial Guinea,Male,Bitica,Meezzy,,XAF
Donald,Chavez,dchavezbz@wufoo.com,Nicaragua,Male,León,Innojam,,NIO
Harold,Ortiz,hortizc0@chicagotribune.com,Slovenia,Male,Velenje,Leenti,89448.47,EUR
Mark,Oliver,moliverc1@ebay.com,Madagascar,Male,Arivonimamo,Fatz,39443.00,MGA
Emily,Greene,egreenec2@hhs.gov,Indonesia,Female,Gandusari,Trunyx,72099.17,IDR
Scott,Weaver,sweaverc3@tiny.cc,Russia,Male,Kushnarënkovo,Flashspan,,RUB
Jessica,Woods,jwoodsc4@bravesites.com,China,Female,Shatian,Skiptube,904.87,CNY
Alice,Owens,aowensc5@msn.com,Poland,Female,Komprachcice,Skipfire,95492.75,PLN
Norma,Shaw,nshawc6@addthis.com,Thailand,Female,Prakhon Chai,Agimba,84003.47,THB
Wanda,Evans,wevansc7@redcross.org,Thailand,Female,Phra Pradaeng,Browseblab,5147.19,THB
Jesse,Fields,jfieldsc8@angelfire.com,Brazil,Male,Timbó,Photospace,,BRL
Rachel,Hanson,rhansonc9@virginia.edu,Portugal,Female,Arnoia,Dynabox,91623.84,EUR
Anna,Carter,acarterca@ebay.co.uk,Philippines,Female,Quezon,Avamm,67860.55,PHP
Virginia,Lewis,vlewiscb@yandex.ru,Afghanistan,Female,Khulm,Pixope,75961.61,AFN
Tammy,Lane,tlanecc@mapquest.com,Egypt,Female,Būsh,Lajo,,EGP
Gregory,Larson,glarsoncd@simplemachines.org,Russia,Male,Kolyvan’,Zoovu,98712.53,RUB
Brian,Flores,bfloresce@buzzfeed.com,Philippines,Male,San Juan,Miboo,87802.74,PHP
Jack,Bishop,jbishopcf@symantec.com,Ukraine,Male,Железный порт,Realmix,56809.62,UAH
Mildred,Hall,mhallcg@last.fm,China,Female,Huogezhuang,Meetz,30227.41,CNY
Anna,Robinson,arobinsonch@google.com.hk,Philippines,Female,Bangad,Kare,26684.29,PHP
Lois,Henry,lhenryci@behance.net,China,Female,Mianduhe,Gabvine,272.80,CNY
Adam,Hudson,ahudsoncj@google.com,Croatia,Male,Zagreb - Centar,Tavu,50978.11,HRK
Emily,Spencer,espencerck@nsw.gov.au,Panama,Female,Pueblo Viejo,Twitterbridge,97863.18,PAB
Dennis,Sanchez,dsanchezcl@ebay.com,Serbia,Male,Palilula,Eimbee,40440.00,RSD
Willie,Kelley,wkelleycm@livejournal.com,Maldives,Male,Viligili,Gabtype,47327.64,MVR
Philip,Stewart,pstewartcn@nature.com,China,Male,Jiangpan,Yodel,32286.08,CNY
Debra,White,dwhiteco@nifty.com,Indonesia,Female,Kahabe,Topicstorm,98928.12,IDR
Jerry,Pierce,jpiercecp@uiuc.edu,Philippines,Male,Pandan,Reallinks,26901.81,PHP
Michael,Moore,mmoorecq@mapy.cz,United States,Male,Salinas,Yodoo,56775.55,USD
Joseph,Williams,jwilliamscr@hatena.ne.jp,Portugal,Male,Cancela,Eamia,62187.47,EUR
Karen,Martinez,kmartinezcs@va.gov,Nigeria,Female,Bode Sadu,Gigabox,231.84,NGN
Janet,Owens,jowensct@blogs.com,Ukraine,Female,Rokytne,Eare,49645.11,UAH
Ruth,Roberts,rrobertscu@csmonitor.com,Azerbaijan,Female,Ağdam,Mynte,84493.22,AZN
Joan,Watkins,jwatkinscv@mysql.com,Brazil,Female,Sertânia,Photolist,69901.41,BRL
Matthew,Simpson,msimpsoncw@deliciousdays.com,China,Male,Jingjiang,Twitterlist,32082.05,CNY
Russell,Kim,rkimcx@google.de,Philippines,Male,Andalan,Skivee,91880.29,PHP
Kenneth,Hall,khallcy@samsung.com,Mali,Male,Tominian,Tambee,38606.53,XOF
Steven,Franklin,sfranklincz@upenn.edu,France,Male,Carcassonne,Tagpad,99470.75,EUR
Scott,Weaver,sweaverd0@blinklist.com,Somalia,Male,Buurhakaba,Thoughtstorm,20016.58,SOS
Roy,Gonzalez,rgonzalezd1@edublogs.org,China,Male,Zhouwang,Photofeed,62631.04,CNY
Laura,Wright,lwrightd2@shinystat.com,Ukraine,Female,Verkhn’odniprovs’k,Eamia,88826.43,UAH
Robert,Wagner,rwagnerd3@bluehost.com,China,Male,Luoqiao,Skyndu,22911.90,CNY
Margaret,Davis,mdavisd4@stanford.edu,Senegal,Female,Rosso,Abatz,6145.46,XOF
Angela,Gray,agrayd5@ft.com,Indonesia,Female,Sungaipuntik,Agimba,61909.91,IDR
Nancy,Myers,nmyersd6@google.com.au,Netherlands,Female,'s-Hertogenbosch,Fanoodle,,EUR
Christopher,Flores,cfloresd7@accuweather.com,China,Male,Shatou,Brainbox,,CNY
Daniel,Watkins,dwatkinsd8@admin.ch,Nigeria,Male,Shaffa,Tagchat,96980.95,NGN
James,Sullivan,jsullivand9@uiuc.edu,Yemen,Male,Ar Rujum,Blognation,58476.11,YER
Catherine,Bell,cbellda@fotki.com,Indonesia,Female,Krajan,Skyble,31401.65,IDR
Lawrence,Andrews,landrewsdb@istockphoto.com,Israel,Male,‘Arad,Zava,93107.90,ILS
Albert,Scott,ascottdc@jimdo.com,China,Male,Xiashihao,Einti,67710.03,CNY
Angela,Sanchez,asanchezdd@weebly.com,Indonesia,Female,Seulimeum,Dazzlesphere,47514.66,IDR
Jimmy,Morales,jmoralesde@tinyurl.com,United States,Male,Philadelphia,LiveZ,3045.38,USD
Jennifer,Cole,jcoledf@businessinsider.com,Mexico,Female,Santa Rosa,Kare,38200.57,MXN
Albert,Stevens,astevensdg@devhub.com,Ethiopia,Male,Butajīra,Livefish,57454.18,ETB
Fred,Pierce,fpiercedh@biblegateway.com,Indonesia,Male,Mujur Satu,Gabcube,94589.83,IDR
Rose,Henry,rhenrydi@soup.io,China,Female,Jingtailu,Eimbee,13511.84,CNY
Donna,Wells,dwellsdj@topsy.com,Peru,Female,Changuillo,Yombu,52072.05,PEN
Justin,Rodriguez,jrodriguezdk@ebay.co.uk,France,Male,La Rochelle,Tekfly,41649.30,EUR
Kevin,Ferguson,kfergusondl@pcworld.com,China,Male,Jiucaigou,Yadel,19202.92,CNY
Willie,Reid,wreiddm@cbc.ca,France,Male,Nice,Tazz,,EUR
Shawn,Riley,srileydn@xrea.com,Indonesia,Male,Perreng,Reallinks,64934.68,IDR
Kathleen,Duncan,kduncando@earthlink.net,China,Female,Zhonggongmiao,Oodoo,20592.89,CNY
Douglas,Ramirez,dramirezdp@miitbeian.gov.cn,Brazil,Male,Palmas de Monte Alto,Rhynoodle,70563.44,BRL
Ann,Webb,awebbdq@goodreads.com,Ecuador,Female,Ibarra,Eayo,58969.77,USD
Julie,Murray,jmurraydr@unesco.org,Poland,Female,Regulice,Brightdog,11841.03,PLN
Jean,Griffin,jgriffinds@joomla.org,China,Female,Wenchang,Edgeclub,19994.75,CNY
Susan,Wood,swooddt@businessweek.com,United States,Female,Seattle,Zoonder,54119.85,USD
Rachel,Howard,rhowarddu@vimeo.com,China,Female,Dajing,Babbleset,81109.57,CNY
Victor,Elliott,velliottdv@economist.com,China,Male,Huangjin,Realbridge,64490.15,CNY
Jeremy,Stewart,jstewartdw@hhs.gov,Iran,Male,Mollās̄ānī,Shuffletag,267.55,IRR
Carl,Woods,cwoodsdx@dion.ne.jp,China,Male,Hezuoqiao,Voolia,62611.36,CNY
Kevin,Ray,kraydy@xinhuanet.com,Guatemala,Male,Jutiapa,Quaxo,,GTQ
Jason,Alexander,jalexanderdz@cbc.ca,Indonesia,Male,Gongdanglegi Kulon,Topdrive,73886.87,IDR
Mary,Price,mpricee0@theguardian.com,Japan,Female,Nōgata,Flashdog,73546.28,JPY
Larry,Ferguson,lfergusone1@hud.gov,France,Male,Paris 02,Eazzy,81543.35,EUR
Heather,Hernandez,hhernandeze2@dagondesign.com,Russia,Female,Polevskoy,Buzzshare,74303.35,RUB
Brenda,Alexander,balexandere3@tiny.cc,Japan,Female,Kokubu-matsuki,Realbridge,47349.23,JPY
William,Harrison,wharrisone4@jimdo.com,Poland,Male,Pogórze,Eazzy,95805.46,PLN
Jesse,Walker,jwalkere5@about.me,Costa Rica,Male,Paraíso,Skaboo,54546.59,CRC
Steven,Webb,swebbe6@shinystat.com,Sweden,Male,Stockholm,Eire,89698.96,SEK
Debra,Gardner,dgardnere7@wisc.edu,France,Female,Rumilly,Ntag,94653.57,EUR
Helen,Nelson,hnelsone8@noaa.gov,Czech Republic,Female,Frýdek-Místek,Livetube,,CZK
Walter,Meyer,wmeyere9@booking.com,Armenia,Male,Saramech,Kamba,6457.43,AMD
Douglas,Hayes,dhayesea@phpbb.com,China,Male,Daqiao,Jatri,54946.85,CNY
Amy,Tucker,atuckereb@amazon.com,Republic of the Congo,Female,Sémbé,Muxo,37461.37,XAF
Jeremy,Sullivan,jsullivanec@de.vu,China,Male,Huzhuang,Shufflebeat,62729.19,CNY
David,Gomez,dgomezed@tripod.com,Portugal,Male,Mato Cheirinhos,Aivee,12144.72,EUR
Thomas,Diaz,tdiazee@microsoft.com,Ukraine,Male,Orikhiv,Jaxnation,36343.50,UAH
Aaron,Murphy,amurphyef@pen.io,Ethiopia,Male,Guder,Eayo,,ETB
Steve,Dixon,sdixoneg@ameblo.jp,China,Male,Mahong,Twinte,9230.62,CNY
Keith,Hicks,khickseh@altervista.org,Indonesia,Male,Rantau,Voomm,54165.74,IDR
Mark,Ortiz,mortizei@amazonaws.com,Argentina,Male,Empedrado,Pixonyx,78910.98,ARS
Shawn,Moreno,smorenoej@reference.com,Sri Lanka,Male,Hendala,Yakijo,57610.06,LKR
Patricia,Chapman,pchapmanek@ucoz.ru,Sweden,Female,Falun,Realbridge,72146.93,SEK
Justin,Kelley,jkelleyel@who.int,France,Male,Ajaccio,Zoombox,42830.66,EUR
Sarah,Fernandez,sfernandezem@privacy.gov.au,Finland,Female,Vantaa,Tagopia,35568.92,EUR
Kathleen,Gomez,kgomezen@scientificamerican.com,Indonesia,Female,Sungaigerong,Fivechat,21181.97,IDR
Anna,Lawson,alawsoneo@usda.gov,France,Female,Martigues,Blogtag,53634.92,EUR
Willie,Alexander,walexanderep@patch.com,Russia,Male,Roshal’,Flashset,66288.41,RUB
Brenda,Spencer,bspencereq@nature.com,Netherlands,Female,Beverwijk,Thoughtblab,76290.62,EUR
Richard,Reed,rreeder@technorati.com,Colombia,Male,Cáceres,Voonyx,56856.64,COP
Sharon,Kelley,skelleyes@nature.com,Brazil,Female,Icó,Zoonoodle,88247.08,BRL
Julia,Webb,jwebbet@miitbeian.gov.cn,South Korea,Female,Songgang-dong,Dynabox,12086.88,KRW
Janet,Moore,jmooreeu@people.com.cn,Afghanistan,Female,Balkh,Wordware,46589.45,AFN
Wayne,Sullivan,wsullivanev@cafepress.com,Comoros,Male,Domoni,Izio,70586.01,KMF
Katherine,Evans,kevansew@yale.edu,Mongolia,Female,Haylaastay,Zoomzone,99990.95,MNT
Mary,Morales,mmoralesex@github.io,Poland,Female,Czarna Woda,Gevee,73552.96,PLN
Sandra,Robinson,srobinsoney@time.com,Argentina,Female,Maipú,Thoughtworks,14745.66,ARS
Eugene,Sullivan,esullivanez@who.int,Brazil,Male,Fernando de Noronha (Distrito Estadual),Babbleset,98950.73,BRL
Steve,Phillips,sphillipsf0@desdev.cn,Luxembourg,Male,Beaufort,Katz,68446.81,EUR
Henry,Payne,hpaynef1@ustream.tv,Honduras,Male,Dulce Nombre,Camido,11459.89,HNL
Adam,Warren,awarrenf2@woothemes.com,China,Male,Badaogu,Gigaclub,99291.31,CNY
Diane,Payne,dpaynef3@tripod.com,Belarus,Female,Mosar,Voomm,99402.63,BYR
Alan,Carr,acarrf4@nifty.com,Portugal,Male,Fradelos,Demivee,27931.92,EUR
Heather,Medina,hmedinaf5@fema.gov,Haiti,Female,Pétionville,Zooveo,60498.53,HTG
Mary,Pierce,mpiercef6@nba.com,Iceland,Female,Eskifjörður,Skivee,90480.43,ISK
Jane,Lawrence,jlawrencef7@wikispaces.com,Russia,Female,Zarechnyy,Jetwire,4177.70,RUB
Ralph,Ramos,rramosf8@skype.com,Argentina,Male,Caleufú,Thoughtsphere,39385.47,ARS
Jessica,Warren,jwarrenf9@facebook.com,Guinea,Female,Nzérékoré,Skyndu,10542.26,GNF
Sharon,Dixon,sdixonfa@webnode.com,Philippines,Female,Albuera,Quimm,71256.80,PHP
Lillian,Rose,lrosefb@ovh.net,Belize,Female,San Pedro,Twimm,8295.63,BZD
Kimberly,Hawkins,khawkinsfc@cafepress.com,Germany,Female,Berlin,Blognation,85805.96,EUR
Gerald,Peters,gpetersfd@topsy.com,China,Male,Jingzhuang,Rhycero,98072.12,CNY
Keith,Ray,krayfe@cam.ac.uk,Indonesia,Male,Pringgabaya,Eayo,60829.83,IDR
Diane,Reid,dreidff@furl.net,New Zealand,Female,Porirua,Photolist,56484.76,NZD
Andrew,Morales,amoralesfg@sakura.ne.jp,Poland,Male,Wyszki,Browsedrive,7090.30,PLN
Lori,Gordon,lgordonfh@chronoengine.com,Argentina,Female,General Viamonte,Quimba,34165.95,ARS
Frances,Hill,fhillfi@exblog.jp,Brazil,Female,Amaraji,Linkbridge,46736.01,BRL
Ann,Hawkins,ahawkinsfj@comsenz.com,Indonesia,Female,Sukamaju,Mycat,20983.62,IDR
Ryan,Sullivan,rsullivanfk@people.com.cn,China,Male,Lushan,Realbridge,3394.67,CNY
Keith,Holmes,kholmesfl@godaddy.com,Poland,Male,Frampol,Yadel,94999.80,PLN
Jacqueline,Sanders,jsandersfm@biglobe.ne.jp,Slovenia,Female,Beltinci,Brightbean,16286.21,EUR
Ann,Bishop,abishopfn@ebay.co.uk,China,Female,Pingqiao,Twitterbeat,,CNY
Susan,Simmons,ssimmonsfo@vkontakte.ru,China,Female,Longnan,Innotype,50103.81,CNY
Samuel,Day,sdayfp@zdnet.com,China,Male,Nantang,Brightbean,25402.25,CNY
Paula,Armstrong,parmstrongfq@ezinearticles.com,Portugal,Female,Abóboda,Meejo,381.43,EUR
Sarah,Gray,sgrayfr@nydailynews.com,China,Female,Hualin,Midel,6176.49,CNY
Ernest,Reid,ereidfs@mapy.cz,China,Male,Lianghu,Avaveo,35980.36,CNY
Craig,White,cwhiteft@imdb.com,Cuba,Male,Arroyo Naranjo,Wikizz,64893.08,CUP
Kathy,Brooks,kbrooksfu@paypal.com,Russia,Female,Khrebtovaya,Fatz,27941.12,RUB
Anne,Phillips,aphillipsfv@dot.gov,Indonesia,Female,Senggapi,Ailane,52069.81,IDR
Melissa,Richardson,mrichardsonfw@bing.com,Uzbekistan,Female,Shofirkon,Skaboo,69059.64,UZS
Anna,Gonzalez,agonzalezfx@mozilla.org,France,Female,Saint-Quentin-en-Yvelines,Bubbletube,29823.41,EUR
Nicholas,Garza,ngarzafy@mozilla.org,Philippines,Male,McKinley,Brainlounge,45307.40,PHP
Craig,Gibson,cgibsonfz@wiley.com,Indonesia,Male,Bendosewu,Skiba,73162.15,IDR
Walter,Shaw,wshawg0@hubpages.com,China,Male,Bacun,Bluejam,91042.59,CNY
Chris,Ramos,cramosg1@economist.com,China,Male,Yaodu,Mudo,75632.55,CNY
Ann,Marshall,amarshallg2@goodreads.com,Spain,Female,Girona,Devbug,33297.04,EUR
Roy,Morgan,rmorgang3@biblegateway.com,Russia,Male,Nizhneivkino,Izio,,RUB
Stephen,George,sgeorgeg4@bandcamp.com,United Kingdom,Male,Pentre,Chatterpoint,63805.94,GBP
Kenneth,Smith,ksmithg5@netvibes.com,Indonesia,Male,Samburat,Skivee,79205.94,IDR
Sarah,Richards,srichardsg6@senate.gov,China,Female,Quangang,Mynte,,CNY
Beverly,Perkins,bperkinsg7@pbs.org,Argentina,Female,San Antonio de los Cobres,Eidel,80273.58,ARS
Jennifer,Meyer,jmeyerg8@imgur.com,Philippines,Female,Paniqui,Vidoo,69004.71,PHP
Beverly,Marshall,bmarshallg9@ca.gov,Portugal,Female,Casal de Cambra,Cogibox,41337.84,EUR
Janet,Reyes,jreyesga@hud.gov,Nigeria,Female,Mayo Belwa,Shufflebeat,39755.04,NGN
Julia,Gibson,jgibsongb@slate.com,Thailand,Female,Don Chedi,Gigabox,25103.22,THB
Terry,Watson,twatsongc@eepurl.com,China,Male,Xuefu,Fivechat,41480.23,CNY
Paula,Griffin,pgriffingd@seattletimes.com,Indonesia,Female,Bedalewun,Realblab,5471.20,IDR
Lois,Wallace,lwallacege@abc.net.au,Philippines,Female,Magallanes,Vimbo,31057.04,PHP
Debra,Stone,dstonegf@amazon.com,China,Female,Luoyang,Yakijo,53386.93,CNY
Ernest,Gutierrez,egutierrezgg@canalblog.com,Colombia,Male,Colosó,Oyoyo,81987.80,COP
Maria,Campbell,mcampbellgh@symantec.com,El Salvador,Female,Apopa,Voomm,71152.95,USD
Randy,Porter,rportergi@usda.gov,Moldova,Male,Basarabeasca,Katz,58083.89,MDL
Rose,Edwards,redwardsgj@purevolume.com,Bosnia and Herzegovina,Female,Gradačac,Livepath,91805.62,BAM
Jonathan,Wagner,jwagnergk@amazon.co.jp,Iran,Male,Nīkshahr,Tagcat,44105.70,IRR
Jacqueline,Spencer,jspencergl@1688.com,Mauritius,Female,Vacoas,Meejo,62023.59,MUR
Phyllis,Boyd,pboydgm@ebay.co.uk,Indonesia,Female,Kolaka,Katz,59944.34,IDR
Randy,Day,rdaygn@nyu.edu,China,Male,Jetaral,Mynte,10712.88,CNY
Julia,Pierce,jpiercego@parallels.com,Indonesia,Female,Mandeman Daya,Kwinu,,IDR
Irene,Armstrong,iarmstronggp@howstuffworks.com,Indonesia,Female,Kauman,Edgeclub,89731.17,IDR
Carol,Hall,challgq@google.pl,Indonesia,Female,Caringin,Tagopia,48905.39,IDR
Lawrence,Vasquez,lvasquezgr@oakley.com,France,Male,Orléans,Ntags,27554.50,EUR
Harry,Woods,hwoodsgs@linkedin.com,Poland,Male,Budzów,Zoombox,96977.37,PLN
Donald,Meyer,dmeyergt@earthlink.net,Poland,Male,Złotoryja,Thoughtsphere,55788.71,PLN
Gregory,West,gwestgu@nytimes.com,Sweden,Male,Karlstad,Voolith,81827.85,SEK
Tina,James,tjamesgv@stumbleupon.com,China,Female,Xianglan,Kwideo,95788.95,CNY
Anthony,Bradley,abradleygw@unblog.fr,China,Male,Sanyi,InnoZ,7077.68,CNY
Martha,Berry,mberrygx@archive.org,Indonesia,Female,Umpak,Browseblab,83939.19,IDR
Elizabeth,Gardner,egardnergy@statcounter.com,United States,Female,Brooklyn,Trudeo,21756.77,USD
Ruby,Ferguson,rfergusongz@angelfire.com,Bangladesh,Female,Morrelgonj,Rhyzio,46730.26,BDT
Jose,Rodriguez,jrodriguezh0@icio.us,United States,Male,New York City,Skalith,71963.08,USD
Keith,Morris,kmorrish1@newsvine.com,Ethiopia,Male,Mīzan Teferī,Miboo,88867.68,ETB
Marie,Martinez,mmartinezh2@cyberchimps.com,Macedonia,Female,Selce,Gevee,75534.49,MKD
Lawrence,Miller,lmillerh3@theguardian.com,Nicaragua,Male,Jiquilillo,Meevee,62719.56,NIO
Sean,Payne,spayneh4@cpanel.net,United Kingdom,Male,Merton,Wordpedia,,GBP
Clarence,Hill,chillh5@ehow.com,Nigeria,Male,Lalupon,Kayveo,43124.88,NGN
Linda,Alexander,lalexanderh6@de.vu,France,Female,Saint-Priest,Devshare,27424.22,EUR
Louis,Edwards,ledwardsh7@constantcontact.com,Czech Republic,Male,Řehlovice,Zooxo,93415.03,CZK
Phyllis,Lynch,plynchh8@globo.com,South Africa,Female,Molteno,Oyoba,,ZAR
Adam,Vasquez,avasquezh9@de.vu,Iran,Male,Abū Mūsā,Ntag,7602.53,IRR
Frances,Dunn,fdunnha@bbb.org,China,Female,Xinwan,Jetpulse,,CNY
Howard,Webb,hwebbhb@reverbnation.com,Suriname,Male,Nieuw Nickerie,Buzzbean,92383.03,SRD
Joseph,Simmons,jsimmonshc@reuters.com,China,Male,Hai’an,Yakitri,14984.09,CNY
Charles,Mccoy,cmccoyhd@wikipedia.org,Ecuador,Male,El Triunfo,Wordify,66889.77,USD
Mildred,Shaw,mshawhe@liveinternet.ru,Greece,Female,Anthoúsa,Jabberbean,42478.27,EUR
Rebecca,Reyes,rreyeshf@rakuten.co.jp,Japan,Female,Amagi,Buzzbean,12222.62,JPY
Catherine,Ruiz,cruizhg@acquirethisname.com,Ecuador,Female,Ventanas,Photofeed,,USD
Christopher,Brooks,cbrookshh@4shared.com,Brazil,Male,Conceição do Coité,Eazzy,24134.86,BRL
Kimberly,Dixon,kdixonhi@nps.gov,Philippines,Female,Lagangilang,Feednation,47854.85,PHP
Frank,Campbell,fcampbellhj@princeton.edu,Canada,Male,Joliette,Yoveo,76764.07,CAD
Eugene,Watson,ewatsonhk@goo.ne.jp,Slovenia,Male,Mengeš,Cogilith,56857.56,EUR
George,Moreno,gmorenohl@tripadvisor.com,China,Male,Zhitang,Lazzy,53366.32,CNY
Ralph,Ward,rwardhm@gmpg.org,Hungary,Male,Debrecen,Feedbug,42258.02,HUF
Mark,Olson,molsonhn@eepurl.com,China,Male,Shenshu,Pixoboo,45330.71,CNY
Jonathan,Knight,jknightho@slate.com,Poland,Male,Kaniów,Zazio,,PLN
Catherine,Clark,cclarkhp@sun.com,Russia,Female,Kudinovo,Topicware,642.40,RUB
Billy,King,bkinghq@purevolume.com,Russia,Male,Velikiy Ustyug,Eamia,,RUB
Teresa,Cook,tcookhr@youku.com,Chile,Female,Quillota,Avamba,10117.71,CLP
Joshua,Watkins,jwatkinshs@nationalgeographic.com,Russia,Male,Zuyevka,Katz,38797.01,RUB
Brenda,Riley,brileyht@omniture.com,Philippines,Female,Bolo,Janyx,73596.03,PHP
Julia,Owens,jowenshu@exblog.jp,Serbia,Female,Bački Petrovac,Yakidoo,76346.22,RSD
William,Washington,wwashingtonhv@bluehost.com,Peru,Male,San Carlos,Meembee,40918.71,PEN
Donna,Day,ddayhw@answers.com,Greece,Female,Profítis Ilías,Yakijo,19257.91,EUR
Joan,Lewis,jlewishx@indiatimes.com,China,Female,Samdo,Jabbercube,57526.82,CNY
Eugene,Ward,ewardhy@infoseek.co.jp,Guatemala,Male,Jocotenango,Zoomlounge,96645.47,GTQ
Sara,Day,sdayhz@meetup.com,Russia,Female,Reshetikha,Ooba,13254.18,RUB
James,Carter,jcarteri0@europa.eu,Serbia,Male,Adorjan,Trilith,85039.24,RSD
Anthony,Taylor,ataylori1@etsy.com,Egypt,Male,Aş Şaff,Quimba,4060.74,EGP
Donna,James,djamesi2@last.fm,Philippines,Female,Malilipot,Oodoo,,PHP
Rose,Simpson,rsimpsoni3@posterous.com,Russia,Female,Vorob’yovo,Zoonder,47620.54,RUB
Mary,James,mjamesi4@friendfeed.com,Haiti,Female,Pétionville,Innotype,59731.50,HTG
Deborah,Anderson,dandersoni5@msn.com,Sweden,Female,Luleå,Nlounge,69492.32,SEK
Katherine,Foster,kfosteri6@macromedia.com,China,Female,Shifang,Jetpulse,,CNY
Todd,Wilson,twilsoni7@diigo.com,Brazil,Male,Garanhuns,Babbleset,20630.80,BRL
Henry,Thomas,hthomasi8@lycos.com,Colombia,Male,Ciudad Bolívar,Zooveo,83618.84,COP
Joyce,Snyder,jsnyderi9@indiatimes.com,Lithuania,Female,Kėdainiai,Jaloo,25571.06,LTL
Scott,Weaver,sweaveria@oaic.gov.au,Albania,Male,Tunjë,Ailane,11891.97,ALL
Bonnie,Garrett,bgarrettib@opera.com,Czech Republic,Female,Čáslav,Wordtune,60183.22,CZK
Timothy,Sullivan,tsullivanic@forbes.com,Indonesia,Male,Pasolapida,Skidoo,76605.34,IDR
Jennifer,Gardner,jgardnerid@stumbleupon.com,China,Female,Baoshan,Abatz,14185.88,CNY
Irene,Collins,icollinsie@4shared.com,China,Female,Qingyuan,Aibox,2566.43,CNY
Gloria,Owens,gowensif@godaddy.com,Egypt,Female,Al Balyanā,Demizz,3153.00,EGP
Albert,Murphy,amurphyig@unesco.org,China,Male,Liulin,Yoveo,,CNY
Adam,Freeman,afreemanih@yellowpages.com,Canada,Male,Omemee,Edgetag,91145.64,CAD
Jack,Dunn,jdunnii@slideshare.net,China,Male,Zhongxiang,Zoombox,14667.17,CNY
Nicholas,Campbell,ncampbellij@state.tx.us,Cuba,Male,Bahía Honda,Zoovu,83736.01,CUP
Stephen,Brooks,sbrooksik@i2i.jp,China,Male,Rixi,Gabspot,,CNY
Samuel,Johnson,sjohnsonil@newsvine.com,Russia,Male,Imeni Tsyurupy,Bubblemix,9901.20,RUB
Mark,Jackson,mjacksonim@etsy.com,Philippines,Male,Tungol,Vinte,8627.21,PHP
Jessica,Wells,jwellsin@cisco.com,North Korea,Female,Hyesan-si,Shufflebeat,96783.49,KPW
Jack,Dunn,jdunnio@amazon.co.uk,Czech Republic,Male,Bartošovice,Gigaclub,28083.87,CZK
Virginia,Stanley,vstanleyip@lycos.com,Paraguay,Female,Itacurubí del Rosario,Tazz,25964.53,PYG
Pamela,Duncan,pduncaniq@vimeo.com,United States,Female,Garden Grove,Latz,29691.40,USD
Christine,Hart,chartir@webmd.com,Russia,Female,Ozerki,Photolist,66409.07,RUB
Joyce,Burton,jburtonis@discuz.net,Philippines,Female,San Miguel,Linkbuzz,61546.48,PHP
Gloria,James,gjamesit@51.la,Norway,Female,Rennebu,Jetpulse,10123.53,NOK
Nicole,Riley,nrileyiu@economist.com,Yemen,Female,Ḩabābah,Voolia,97443.16,YER
Mildred,Jenkins,mjenkinsiv@vistaprint.com,Indonesia,Female,Sidorejo,Jabbersphere,34145.83,IDR
Michelle,Gray,mgrayiw@soup.io,Canada,Female,Coaticook,Divanoodle,49902.27,CAD
Randy,White,rwhiteix@bigcartel.com,Poland,Male,Bobrowice,Jaxnation,57351.83,PLN
Roger,Cruz,rcruziy@twitter.com,Russia,Male,Afanas’yeva,Avamm,63701.92,RUB
Jacqueline,Evans,jevansiz@paginegialle.it,Portugal,Female,Vila Maior,Eimbee,84049.98,EUR
Jimmy,Jacobs,jjacobsj0@youku.com,China,Male,Xiaosong,Realfire,65492.60,CNY
Patrick,Johnson,pjohnsonj1@upenn.edu,China,Male,Bailuquan,Livepath,51980.49,CNY
Timothy,Wagner,twagnerj2@scientificamerican.com,Indonesia,Male,Kertamukti,Devshare,,IDR
Johnny,Riley,jrileyj3@last.fm,United States,Male,Jackson,Kwimbee,,USD
Fred,Hill,fhillj4@g.co,Burkina Faso,Male,Bobo-Dioulasso,Trupe,,XOF
Nicole,Dunn,ndunnj5@t.co,Russia,Female,Karpushikha,Babbleopia,87684.52,RUB
Roger,Riley,rrileyj6@drupal.org,Poland,Male,Odolanów,Zoomdog,70099.04,PLN
Lisa,Perry,lperryj7@pbs.org,China,Female,Machang,Izio,56418.99,CNY
Louis,Cox,lcoxj8@github.com,Brazil,Male,Simões Filho,Avaveo,19901.47,BRL
Brian,Cox,bcoxj9@soundcloud.com,Portugal,Male,Vila Verde,Thoughtstorm,83093.83,EUR
Katherine,Hunt,khuntja@imdb.com,Russia,Female,Povorino,Yambee,16703.82,RUB
Amy,Hall,ahalljb@virginia.edu,Brazil,Female,Birigui,Tagtune,89495.46,BRL
Fred,Campbell,fcampbelljc@seesaa.net,Brazil,Male,Timon,Jabbersphere,59701.19,BRL
Denise,Banks,dbanksjd@is.gd,Poland,Female,Brzozów,Rhycero,27179.69,PLN
Todd,Johnston,tjohnstonje@tamu.edu,China,Male,Juegang,Myworks,20866.29,CNY
Lori,Hunt,lhuntjf@hatena.ne.jp,Tanzania,Female,Muheza,Tagfeed,49983.99,TZS
Nicole,Andrews,nandrewsjg@hc360.com,Croatia,Female,Kruševica,Realcube,,HRK
Ryan,Gordon,rgordonjh@odnoklassniki.ru,China,Male,Nanzhihui,Thoughtbridge,57523.81,CNY
Jessica,Armstrong,jarmstrongji@tamu.edu,Argentina,Female,Centenario,Vimbo,26793.89,ARS
Samuel,Parker,sparkerjj@bizjournals.com,Argentina,Male,Villa Mercedes,Avamba,52007.56,ARS
Mary,Henry,mhenryjk@sakura.ne.jp,Czech Republic,Female,Zvole,Vinder,86820.39,CZK
Marilyn,Howard,mhowardjl@constantcontact.com,China,Female,Kangping,Ntag,72176.03,CNY
Gerald,Gomez,ggomezjm@google.de,Brazil,Male,Pentecoste,Skimia,98613.87,BRL
Melissa,Brooks,mbrooksjn@uol.com.br,United States,Female,Jackson,Feedmix,9151.87,USD
Joseph,Daniels,jdanielsjo@businessweek.com,China,Male,Babao,Riffpath,88891.37,CNY
Nancy,Green,ngreenjp@umich.edu,Philippines,Female,Cabagan,Oyoyo,48732.37,PHP
Christopher,Lawrence,clawrencejq@myspace.com,China,Male,Fuying,Skinix,82313.59,CNY
Harry,Payne,hpaynejr@dell.com,Brazil,Male,São Sebastião do Passé,Devbug,83897.15,BRL
Earl,Gutierrez,egutierrezjs@constantcontact.com,Thailand,Male,Lamduan,Yombu,69148.21,THB
Kevin,Elliott,kelliottjt@fotki.com,Spain,Male,Malaga,Yacero,,EUR
Evelyn,Martinez,emartinezju@devhub.com,Cuba,Female,Artemisa,Devify,56277.03,CUP
John,Perez,jperezjv@1688.com,Ethiopia,Male,Gambēla,Tagopia,15878.31,ETB
Pamela,Gray,pgrayjw@army.mil,Brazil,Female,Araucária,Roodel,11084.42,BRL
Shirley,Barnes,sbarnesjx@slashdot.org,China,Female,Lesuhe,Agimba,9886.27,CNY
Benjamin,Peters,bpetersjy@newyorker.com,Mexico,Male,Adolfo Ruiz Cortines,Oyope,68789.19,MXN
Jack,Nguyen,jnguyenjz@example.com,China,Male,Qingxi,Twitterworks,10604.96,CNY
Bonnie,Romero,bromerok0@hibu.com,Russia,Female,Chagoda,Twitterwire,25344.28,RUB
Mildred,Burton,mburtonk1@netlog.com,Mexico,Female,Santa Cruz,Brainlounge,6820.91,MXN
Kevin,Cruz,kcruzk2@weather.com,China,Male,Shetangpo,Jazzy,56282.97,CNY
Sara,Perkins,sperkinsk3@ning.com,China,Female,Purong,Thoughtstorm,49557.02,CNY
Barbara,Carr,bcarrk4@networksolutions.com,Nigeria,Female,Kazaure,Tagtune,39941.88,NGN
Ralph,Fisher,rfisherk5@upenn.edu,Indonesia,Male,Panjerrejo,Skyble,83740.88,IDR
Antonio,Morrison,amorrisonk6@studiopress.com,China,Male,Hexi,Eimbee,62899.20,CNY
Carolyn,Harper,charperk7@dailymail.co.uk,Portugal,Female,Paraíso,Skyndu,60108.94,EUR
Carol,Bailey,cbaileyk8@infoseek.co.jp,Philippines,Female,Caticugan,Vinder,62960.14,PHP
Lois,Holmes,lholmesk9@ning.com,France,Female,Thionville,Brightdog,38289.57,EUR
Carol,Ortiz,cortizka@washington.edu,Ukraine,Female,Nyrkiv,Latz,57104.34,UAH
Nicole,Hill,nhillkb@example.com,Peru,Female,Cabanilla,Quimba,15870.00,PEN
Frank,Lee,fleekc@topsy.com,China,Male,Chuanpu,Realcube,30300.57,CNY
Keith,Williams,kwilliamskd@newsvine.com,China,Male,Shajing,Yozio,68355.90,CNY
Ryan,George,rgeorgeke@aboutads.info,South Africa,Male,Fort Beaufort,Centidel,51268.38,ZAR
Nancy,Gomez,ngomezkf@google.com.hk,Colombia,Female,Hobo,Brainbox,89460.68,COP
Harry,Cooper,hcooperkg@nps.gov,Vietnam,Male,Kỳ Anh,Blogtag,33558.59,VND
Brenda,Powell,bpowellkh@seesaa.net,Serbia,Female,Vranje,Skibox,95878.29,RSD
Irene,Smith,ismithki@storify.com,Indonesia,Female,Kasreman,Brainlounge,8917.22,IDR
Louis,Armstrong,larmstrongkj@godaddy.com,Philippines,Male,Candelaria,Topicstorm,56441.82,PHP
Dennis,Vasquez,dvasquezkk@walmart.com,Morocco,Male,Tiouli,Devbug,,MAD
Daniel,Allen,dallenkl@nydailynews.com,Poland,Male,Michałów-Reginów,Zoombeat,59693.80,PLN
Henry,Russell,hrussellkm@mail.ru,Philippines,Male,Pila,Tambee,75961.56,PHP
Gerald,Phillips,gphillipskn@live.com,Russia,Male,Kayakent,Livetube,79710.97,RUB
Michelle,Bryant,mbryantko@list-manage.com,Peru,Female,Chucatamani,Nlounge,34958.31,PEN
Daniel,Black,dblackkp@yandex.ru,Argentina,Male,Capitán Solari,Thoughtbeat,19032.19,ARS
Jean,Butler,jbutlerkq@si.edu,Estonia,Female,Tõrva,Youopia,91060.88,EUR
Jean,Fisher,jfisherkr@army.mil,Russia,Female,Rybatskoye,Topiclounge,10631.22,RUB
Jeffrey,Burns,jburnsks@mit.edu,Argentina,Male,Tecka,Devpoint,85761.40,ARS
Mildred,Bell,mbellkt@reuters.com,Philippines,Female,Balite,Realcube,54861.61,PHP
Evelyn,Hamilton,ehamiltonku@biglobe.ne.jp,Sweden,Female,Helsingborg,Tavu,43980.46,SEK
Virginia,Jenkins,vjenkinskv@hp.com,China,Female,Huangdao,Kaymbo,46635.05,CNY
Mary,Griffin,mgriffinkw@dell.com,Armenia,Female,Arzakan,Demimbu,98487.50,AMD
Eric,Howard,ehowardkx@sciencedirect.com,Iran,Male,Shahrud,Mycat,76692.30,IRR
Anna,Perkins,aperkinsky@nbcnews.com,Portugal,Female,Aguiar da Beira,Jazzy,85904.25,EUR
Janice,Lewis,jlewiskz@about.com,Colombia,Female,El Cerrito,Voonyx,30801.39,COP
Jean,Ward,jwardl0@prnewswire.com,China,Female,Baiju,Demimbu,28469.85,CNY
Louis,Dixon,ldixonl1@admin.ch,Russia,Male,Petropavlovskaya,Realblab,87589.77,RUB
Norma,Arnold,narnoldl2@qq.com,Democratic Republic of the Congo,Female,Kabalo,Wordtune,32163.57,CDF
Amanda,Armstrong,aarmstrongl3@google.pl,China,Female,Yangdang,Quaxo,281.88,CNY
Ashley,Sims,asimsl4@blogspot.com,Madagascar,Female,Mahanoro,Voonte,80652.84,MGA
Scott,Cruz,scruzl5@weebly.com,Palestinian Territory,Male,‘Attīl,Camido,47271.53,ILS
Paul,Morris,pmorrisl6@google.pl,France,Male,Wasquehal,Quatz,52106.12,EUR
Harold,Stanley,hstanleyl7@imdb.com,Cyprus,Male,Nicosia,Oyoloo,18122.88,EUR
Robert,Lee,rleel8@dropbox.com,Italy,Male,Ancona,Jetwire,59183.79,EUR
Joe,Stevens,jstevensl9@stanford.edu,France,Male,Valence,Aibox,88911.89,EUR
James,Reynolds,jreynoldsla@pinterest.com,China,Male,Yanmen,Vinder,18256.44,CNY
Margaret,Torres,mtorreslb@wsj.com,Bolivia,Female,Pocpo,Gigaclub,24346.64,BOB
Gregory,Mendoza,gmendozalc@google.com,Russia,Male,Groznyy,Wordware,1513.38,RUB
Christina,Nelson,cnelsonld@ehow.com,Philippines,Female,Igcocolo,Camido,22941.63,PHP
Kimberly,Jackson,kjacksonle@nytimes.com,China,Female,Banzhong,Jazzy,29967.22,CNY
Kelly,Lynch,klynchlf@weebly.com,Netherlands,Female,Amsterdam,Plajo,89182.64,EUR
Elizabeth,Shaw,eshawlg@samsung.com,China,Female,Xiumei,Skaboo,73863.71,CNY
Christine,King,ckinglh@sbwire.com,China,Female,Ta’erqi,Tambee,61930.83,CNY
Larry,Washington,lwashingtonli@vkontakte.ru,Tunisia,Male,Ar Rudayyif,Thoughtbridge,48318.10,TND
Stephen,Dean,sdeanlj@infoseek.co.jp,China,Male,Yinyang,Rooxo,4658.12,CNY
Diana,Grant,dgrantlk@clickbank.net,Philippines,Female,Mambulo,Mycat,5112.86,PHP
Larry,Wagner,lwagnerll@hatena.ne.jp,Indonesia,Male,Kawaliwu,Mydo,,IDR
Emily,Mitchell,emitchelllm@hao123.com,Norway,Female,Porsgrunn,Leenti,93681.60,NOK
Wanda,Morgan,wmorganln@cocolog-nifty.com,Japan,Female,Karasuyama,Yakijo,62102.41,JPY
David,Kelly,dkellylo@twitter.com,Russia,Male,Suntar,Innotype,91648.73,RUB
Paul,Freeman,pfreemanlp@slideshare.net,China,Male,Sangke,Rhybox,,CNY
Ashley,Cruz,acruzlq@stumbleupon.com,Brazil,Female,Petrolina,Linkbridge,58036.11,BRL
Johnny,Rose,jroselr@pinterest.com,Morocco,Male,Tizgane,Aimbu,33766.49,MAD
Karen,Collins,kcollinsls@stumbleupon.com,China,Female,Suicheng,Aimbu,,CNY
Jacqueline,Dunn,jdunnlt@cnet.com,Poland,Female,Osiek nad Notecią,Yakidoo,35967.61,PLN
Louise,Alvarez,lalvarezlu@tinyurl.com,Argentina,Female,General La Madrid,Ailane,66488.13,ARS
Robert,Grant,rgrantlv@meetup.com,Indonesia,Male,Kumanis,Browsezoom,98083.01,IDR
Christina,Flores,cfloreslw@jugem.jp,Japan,Female,Toki,Thoughtstorm,53823.89,JPY
Mildred,Kim,mkimlx@vk.com,Peru,Female,Shamboyacu,Shufflester,35245.06,PEN
Nicholas,Ferguson,nfergusonly@youku.com,New Caledonia,Male,Canala,Eadel,97361.28,XPF
Anna,Cook,acooklz@wunderground.com,Sweden,Female,Linköping,Flashspan,25809.23,SEK
John,Sullivan,jsullivanm0@yandex.ru,Indonesia,Male,Cempa,Fivespan,,IDR
Benjamin,Castillo,bcastillom1@craigslist.org,Botswana,Male,Bokaa,Skinix,24497.25,BWP
Philip,Adams,padamsm2@microsoft.com,Philippines,Male,Bahay Pare,Mita,80541.25,PHP
Virginia,Baker,vbakerm3@sakura.ne.jp,United States,Female,Reston,Topicblab,92481.95,USD
Todd,Lewis,tlewism4@dion.ne.jp,Cuba,Male,Jimaguayú,Shuffletag,2950.24,CUP
Arthur,Coleman,acolemanm5@narod.ru,Russia,Male,Bryukhovetskaya,Mudo,,RUB
Ronald,Perkins,rperkinsm6@gmpg.org,Eritrea,Male,Mendefera,Flashspan,97544.63,ERN
Timothy,Peterson,tpetersonm7@imageshack.us,Russia,Male,Glyadyanskoye,Linkbridge,13205.28,RUB
Anna,Oliver,aoliverm8@cbsnews.com,Honduras,Female,Quimistán,Dabjam,11281.49,HNL
Raymond,Bell,rbellm9@sphinn.com,North Korea,Male,Changyŏn,Yodo,44338.65,KPW
Willie,Foster,wfosterma@theglobeandmail.com,China,Male,Lhakangtang,Dablist,98218.38,CNY
Andrea,Chapman,achapmanmb@cam.ac.uk,Mauritania,Female,Nouâdhibou,Devbug,41448.60,MRO
Justin,Ford,jfordmc@issuu.com,Tanzania,Male,Kondoa,InnoZ,28305.32,TZS
Ashley,Jordan,ajordanmd@fc2.com,Czech Republic,Female,Černilov,Vinte,72053.33,CZK
Debra,Gutierrez,dgutierrezme@narod.ru,Germany,Female,Hamburg,Meevee,15616.46,EUR
Richard,Jones,rjonesmf@myspace.com,China,Male,Kuzhu,Buzzster,48073.03,CNY
Louise,Henry,lhenrymg@columbia.edu,Russia,Female,Voskresenskoye,Voonyx,27860.88,RUB
Jeremy,Duncan,jduncanmh@tinyurl.com,Kazakhstan,Male,Ognevka,Dabshots,,KZT
Antonio,Price,apricemi@phpbb.com,Indonesia,Male,Cempa,Camido,69696.86,IDR
Tammy,Simmons,tsimmonsmj@fda.gov,Portugal,Female,Reinaldes,Twinte,52903.33,EUR
Juan,Gutierrez,jgutierrezmk@woothemes.com,Czech Republic,Male,Rožďalovice,Riffwire,63161.83,CZK
Brenda,Franklin,bfranklinml@lulu.com,Angola,Female,Huambo,Viva,83557.84,AOA
Benjamin,Burns,bburnsmm@china.com.cn,Indonesia,Male,Waru,Divavu,52983.06,IDR
Sharon,Mendoza,smendozamn@hud.gov,Ireland,Female,Oughterard,Photofeed,86058.92,EUR
Christina,Howell,chowellmo@earthlink.net,Spain,Female,Sevilla,Minyx,24061.01,EUR
Michelle,Banks,mbanksmp@eepurl.com,China,Female,Dongzhang,Mybuzz,56598.62,CNY
Andrea,Garcia,agarciamq@ow.ly,United States,Female,Torrance,Eabox,24621.04,USD
Ruby,Gonzalez,rgonzalezmr@blinklist.com,Indonesia,Female,Bangbayang,Devbug,5756.79,IDR
Ronald,Williams,rwilliamsms@examiner.com,Czech Republic,Male,Vacenovice,Quire,77596.66,CZK
Mark,Price,mpricemt@yale.edu,United States,Male,Champaign,Skilith,2881.25,USD
Justin,Torres,jtorresmu@pinterest.com,China,Male,Jiangwang,Rhyloo,,CNY
Amy,Ramirez,aramirezmv@uol.com.br,Philippines,Female,Baugo,Realpoint,50174.86,PHP
Ronald,White,rwhitemw@bloomberg.com,China,Male,Dongjian,Eayo,91492.40,CNY
Carl,Baker,cbakermx@cafepress.com,Palestinian Territory,Male,Dayr Sāmit,Kayveo,42196.08,ILS
Robin,Ramos,rramosmy@amazon.com,Portugal,Female,Janes,Leexo,7441.34,EUR
Gloria,Burns,gburnsmz@tinyurl.com,Djibouti,Female,Goubétto,Mynte,24641.65,DJF
Sandra,Hart,shartn0@phoca.cz,Mauritius,Female,Mahébourg,Blognation,83123.46,MUR
Jesse,Freeman,jfreemann1@usnews.com,China,Male,Chongru,Jamia,77874.32,CNY
Carol,Henry,chenryn2@ucsd.edu,Ukraine,Female,Spas,Aimbu,12950.18,UAH
Jonathan,Henderson,jhendersonn3@google.com.br,China,Male,Gongrong,Flipbug,25012.82,CNY
Earl,Alvarez,ealvarezn4@ucoz.com,Mexico,Male,Magisterial,Eare,31174.75,MXN
Robert,White,rwhiten5@cocolog-nifty.com,Philippines,Male,Tabio,Oyope,26586.98,PHP
Aaron,Hawkins,ahawkinsn6@accuweather.com,China,Male,Huangshi,Trudeo,71472.72,CNY
Kathleen,Richards,krichardsn7@squidoo.com,Canada,Female,Prévost,Skidoo,82263.82,CAD
Christine,Gonzales,cgonzalesn8@epa.gov,Poland,Female,Żernica,Yakitri,59472.81,PLN
James,Barnes,jbarnesn9@mtv.com,Belarus,Male,Pinsk,Kimia,78317.84,BYR
Ronald,Cole,rcolena@de.vu,Sweden,Male,Sundsvall,Meejo,,SEK
Tina,Miller,tmillernb@is.gd,Portugal,Female,Carvalhal Redondo,Yakijo,83016.26,EUR
Irene,Ward,iwardnc@google.pl,Sweden,Female,Västerås,Zoonder,6942.86,SEK
Billy,Gardner,bgardnernd@marriott.com,Portugal,Male,Refojos,Kwinu,60758.23,EUR
Howard,Weaver,hweaverne@csmonitor.com,Japan,Male,Suwa,Devbug,34275.01,JPY
Ruth,Reid,rreidnf@google.com.au,Belarus,Female,Vyerkhnyadzvinsk,Devshare,48547.75,BYR
Keith,Spencer,kspencerng@omniture.com,Indonesia,Male,Sangojar,Centidel,41434.98,IDR
Robert,Hughes,rhughesnh@indiatimes.com,China,Male,Yanjiang,Katz,63653.52,CNY
Rebecca,Lawrence,rlawrenceni@google.it,Philippines,Female,La Paz,Browseblab,21743.42,PHP
Phillip,Little,plittlenj@altervista.org,Sweden,Male,Huddinge,Dazzlesphere,95019.70,SEK
Justin,Bowman,jbowmannk@tiny.cc,Russia,Male,Kirovskiy,Demivee,,RUB
Laura,Taylor,ltaylornl@elegantthemes.com,Tajikistan,Female,Sarband,Jaxbean,50241.58,TJS
Sarah,Gardner,sgardnernm@tamu.edu,Czech Republic,Female,Bzenec,Voomm,63395.67,CZK
Julie,Howard,jhowardnn@ebay.co.uk,China,Female,Beidaihehaibin,Oba,5729.39,CNY
Jeremy,Simmons,jsimmonsno@prnewswire.com,Argentina,Male,Coté-Lai,Skimia,12845.79,ARS
Ruth,Brooks,rbrooksnp@booking.com,Sweden,Female,Vårby,Zoonoodle,91250.18,SEK
Gary,Hudson,ghudsonnq@tiny.cc,Afghanistan,Male,Pārūn,InnoZ,,AFN
Helen,Hunt,hhuntnr@hud.gov,Germany,Female,Berlin,Tanoodle,99645.09,EUR
Johnny,Sanders,jsandersns@va.gov,Croatia,Male,Krasica,Devcast,32077.69,HRK
Harry,Scott,hscottnt@oracle.com,Honduras,Male,Sabá,Brainverse,41475.28,HNL
Bobby,Gomez,bgomeznu@ycombinator.com,Russia,Male,Solnechnogorsk,Skinix,90040.86,RUB
Tammy,Mitchell,tmitchellnv@disqus.com,Canada,Female,Logan Lake,Photolist,51122.41,CAD
Bobby,Martin,bmartinnw@accuweather.com,China,Male,Baishan,Roodel,60814.14,CNY
Raymond,James,rjamesnx@apache.org,Russia,Male,Spasskoye-Lutovinovo,Gabspot,30958.26,RUB
Justin,Gomez,jgomezny@nsw.gov.au,Philippines,Male,Lawa-an,Fliptune,83835.15,PHP
Jonathan,Campbell,jcampbellnz@smh.com.au,Argentina,Male,Gobernador Ingeniero Valentín Virasoro,Aibox,79124.06,ARS
Gloria,Barnes,gbarneso0@kickstarter.com,China,Female,Manisi,Katz,53796.46,CNY
Stephen,Lane,slaneo1@berkeley.edu,Madagascar,Male,Ikongo,Twimm,9078.30,MGA
Patricia,Sims,psimso2@psu.edu,Philippines,Female,Tuburan,Livetube,34824.04,PHP
Sara,Davis,sdaviso3@apache.org,China,Female,Liuzhi,Rhyzio,68387.70,CNY
Evelyn,Mills,emillso4@amazon.co.jp,Russia,Female,Tyoply Stan,Skyvu,46841.61,RUB
Carlos,Mccoy,cmccoyo5@joomla.org,China,Male,Xishan,Dabjam,76423.04,CNY
Carlos,Coleman,ccolemano6@theglobeandmail.com,Afghanistan,Male,Nūsay,Meejo,38863.06,AFN
Douglas,Greene,dgreeneo7@i2i.jp,Peru,Male,Lahuaytambo,Linktype,29074.86,PEN
Bobby,Edwards,bedwardso8@tinyurl.com,Zimbabwe,Male,Marondera,Jabbertype,68960.63,ZWL
Laura,Warren,lwarreno9@hao123.com,Philippines,Female,Maloco,Fiveclub,54289.99,PHP
Katherine,Richardson,krichardsonoa@yellowpages.com,Mexico,Female,La Laguna,Pixope,71088.66,MXN
Gerald,Rogers,grogersob@rambler.ru,Brazil,Male,Brumadinho,Tavu,3949.47,BRL
Adam,Coleman,acolemanoc@t.co,United States,Male,Jamaica,Yambee,39744.74,USD
Harold,Bailey,hbaileyod@twitter.com,Czech Republic,Male,Hrochův Týnec,Meejo,50082.31,CZK
Ronald,Willis,rwillisoe@mysql.com,Indonesia,Male,Sindangbarang,Miboo,30038.46,IDR
Kathryn,Ferguson,kfergusonof@webmd.com,China,Female,Wushan,Voomm,57776.35,CNY
Paul,Meyer,pmeyerog@dyndns.org,Peru,Male,Yunguyo,Meemm,70841.47,PEN
Richard,Kelly,rkellyoh@taobao.com,Ethiopia,Male,Mēga,Skipfire,31704.80,ETB
Carolyn,Robertson,crobertsonoi@accuweather.com,Philippines,Female,Libacao,Trudoo,40642.14,PHP
Sara,Garrett,sgarrettoj@cbc.ca,Indonesia,Female,Gajrug,Leexo,37662.49,IDR
Diana,Cooper,dcooperok@oakley.com,China,Female,Ningyang,Demizz,88130.76,CNY
Clarence,Brown,cbrownol@cocolog-nifty.com,Ukraine,Male,Vyshchetarasivka,Photobean,60756.86,UAH
Rebecca,Pierce,rpierceom@1und1.de,China,Female,Lianrao,DabZ,29596.03,CNY
Chris,Cunningham,ccunninghamon@trellian.com,Comoros,Male,Koua,Dabtype,52272.13,KMF
Jack,Powell,jpowelloo@omniture.com,Germany,Male,Bochum,Youopia,76355.01,EUR
Joan,Harrison,jharrisonop@imdb.com,Poland,Female,Stalowa Wola,Myworks,46920.41,PLN
Linda,Payne,lpayneoq@naver.com,France,Female,Antony,Skimia,79724.04,EUR
Tina,Powell,tpowellor@dmoz.org,Indonesia,Female,Sampir,Blogpad,,IDR
Eric,Austin,eaustinos@lycos.com,United States,Male,Tampa,Agivu,40787.65,USD
Catherine,Sanders,csandersot@unc.edu,Russia,Female,Urukh,Fiveclub,19421.84,RUB
Michael,Burton,mburtonou@sphinn.com,Burkina Faso,Male,Réo,Wikibox,76121.09,XOF
Paula,James,pjamesov@forbes.com,Philippines,Female,Libmanan,Edgeclub,82558.46,PHP
Julie,Kennedy,jkennedyow@dailymail.co.uk,China,Female,Shazi,Thoughtblab,,CNY
Steve,Peters,spetersox@networkadvertising.org,Czech Republic,Male,Kunvald,Eire,74112.22,CZK
Patricia,Howard,phowardoy@blogger.com,Malta,Female,Floriana,Jetwire,80320.45,EUR
Earl,Simpson,esimpsonoz@microsoft.com,Netherlands,Male,Heemskerk,Zoozzy,64917.92,EUR
Douglas,Richards,drichardsp0@sphinn.com,Chad,Male,Mao,Flashset,98551.29,XAF
Rebecca,Warren,rwarrenp1@ucla.edu,Argentina,Female,Leones,Yadel,59532.91,ARS
Terry,Martin,tmartinp2@weebly.com,Russia,Male,Kyshtym,Oozz,27941.47,RUB
Jane,Bradley,jbradleyp3@booking.com,Indonesia,Female,Mliwang,Brightbean,94276.85,IDR
Russell,Wells,rwellsp4@google.nl,Poland,Male,Brwinów,Cogidoo,28263.56,PLN
Rachel,Brown,rbrownp5@sakura.ne.jp,Indonesia,Female,Kranggan,Realpoint,2782.10,IDR
Joan,Burton,jburtonp6@msn.com,United States,Female,Anchorage,Myworks,95332.33,USD
Deborah,Martin,dmartinp7@si.edu,Portugal,Female,Pedrogão,Meeveo,51717.29,EUR
Kelly,Ramirez,kramirezp8@dropbox.com,Montenegro,Female,Plužine,Oyonder,18460.13,EUR
Thomas,Russell,trussellp9@state.tx.us,China,Male,Wantian,Divape,1555.13,CNY
Albert,Hunt,ahuntpa@amazon.de,Thailand,Male,Rattanawapi,Edgepulse,29146.09,THB
Mildred,Turner,mturnerpb@reddit.com,Venezuela,Female,Camatagua,Yacero,56112.70,VEF
Cynthia,Pierce,cpiercepc@hp.com,Nepal,Female,Bharatpur,Photobean,62138.24,NPR
Phillip,Hill,phillpd@springer.com,Argentina,Male,Valcheta,Babbleopia,69056.32,ARS
Mark,Moreno,mmorenope@elpais.com,Poland,Male,Dobra,Yakijo,6783.50,PLN
Carol,White,cwhitepf@huffingtonpost.com,China,Female,Shitun,Youspan,68625.71,CNY
Mark,Smith,msmithpg@flavors.me,Lesotho,Male,Quthing,Linktype,,LSL
Angela,Moreno,amorenoph@newsvine.com,France,Female,Paris 05,Rhycero,,EUR
Virginia,Hughes,vhughespi@techcrunch.com,Uzbekistan,Female,Jomboy,Devpoint,53625.92,UZS
Michelle,Ward,mwardpj@about.me,China,Female,Yangxiang,Oyonder,55599.87,CNY
Norma,Morales,nmoralespk@globo.com,Indonesia,Female,Jambubol,Vipe,58306.46,IDR
Mildred,Wright,mwrightpl@army.mil,China,Female,Zhanghuban,Feedmix,6499.89,CNY
Alice,Carroll,acarrollpm@msu.edu,Japan,Female,Hikone,Gabcube,29267.53,JPY
Beverly,Perkins,bperkinspn@xing.com,Yemen,Female,Mawza‘,Bluejam,97681.69,YER
Todd,Black,tblackpo@addtoany.com,Dominican Republic,Male,Otra Banda,Browsedrive,13725.25,DOP
Lisa,Mills,lmillspp@buzzfeed.com,China,Female,Ludu,Tambee,29540.46,CNY
Ashley,Carpenter,acarpenterpq@drupal.org,Indonesia,Female,Wakapuken,Twiyo,,IDR
Frances,Rose,frosepr@infoseek.co.jp,Indonesia,Female,Ajung,Kamba,29687.16,IDR
Elizabeth,Perkins,eperkinsps@senate.gov,Indonesia,Female,Maguwon,Midel,54344.45,IDR
Louis,Pierce,lpiercept@pen.io,Indonesia,Male,Pondohan,Layo,42564.18,IDR
Eric,Jordan,ejordanpu@t.co,Germany,Male,Dresden,Photobug,97112.68,EUR
Jerry,Baker,jbakerpv@tripadvisor.com,Papua New Guinea,Male,Aitape,Dynabox,5984.05,PGK
William,Knight,wknightpw@dropbox.com,Vietnam,Male,An Châu,Zava,,VND
David,Lopez,dlopezpx@addtoany.com,Russia,Male,Anuchino,Demizz,77049.37,RUB
Nicholas,Peterson,npetersonpy@blogs.com,France,Male,Saintes,Ailane,18220.21,EUR
Christine,White,cwhitepz@narod.ru,Japan,Female,Saijō,Rhycero,68504.39,JPY
Joe,Williams,jwilliamsq0@gnu.org,China,Male,Chimen,Demizz,59446.55,CNY
Cynthia,Tucker,ctuckerq1@miitbeian.gov.cn,Dominican Republic,Female,Bonao,Linkbridge,9822.86,DOP
Clarence,Allen,callenq2@quantcast.com,Brazil,Male,Lins,Bubblemix,99346.68,BRL
Larry,Richardson,lrichardsonq3@europa.eu,Brazil,Male,Correia Pinto,Flashset,81672.98,BRL
Paula,Hall,phallq4@discovery.com,Indonesia,Female,Sigli,Jaloo,62974.50,IDR
Jean,Patterson,jpattersonq5@rakuten.co.jp,China,Female,Shanghu,Blognation,21476.47,CNY
Larry,Phillips,lphillipsq6@seattletimes.com,Russia,Male,Pokrov,Edgewire,24790.71,RUB
Carlos,Ruiz,cruizq7@constantcontact.com,China,Male,Liushui,Kamba,6011.61,CNY
Paul,Young,pyoungq8@1688.com,Armenia,Male,Kapan,Gabtune,78773.03,AMD
Anthony,Boyd,aboydq9@oaic.gov.au,China,Male,Longhua,Tazzy,56518.40,CNY
Melissa,Bradley,mbradleyqa@ning.com,Philippines,Female,Cut-cut Primero,Meembee,5047.58,PHP
Theresa,Rogers,trogersqb@edublogs.org,Japan,Female,Moriyama,Realcube,86420.99,JPY
Bonnie,Simpson,bsimpsonqc@tripadvisor.com,China,Female,Jiaoba,Mydeo,62063.73,CNY
Timothy,Howell,thowellqd@cbsnews.com,France,Male,Vincennes,Aimbu,85038.02,EUR
Matthew,Hart,mhartqe@ucla.edu,China,Male,Hougaoshizhuang,Voonder,22395.01,CNY
Maria,King,mkingqf@sun.com,Argentina,Female,Libertad,Tekfly,,ARS
Joshua,Palmer,jpalmerqg@ask.com,China,Male,Jiulong,Feedmix,92930.00,CNY
Victor,Reid,vreidqh@umn.edu,United States,Male,Long Beach,Katz,,USD
Donald,Nguyen,dnguyenqi@mail.ru,Montenegro,Male,Andrijevica,Rooxo,30052.74,EUR
Carl,Harper,charperqj@chronoengine.com,Nigeria,Male,Omoku,Topdrive,88835.26,NGN
Earl,Baker,ebakerqk@technorati.com,Brazil,Male,Petrópolis,Quimba,,BRL
Jesse,Flores,jfloresql@dailymotion.com,China,Male,Shuangzhong,Jaxnation,90368.83,CNY
Norma,Harris,nharrisqm@booking.com,Comoros,Female,Hajoho,Tagcat,46632.60,KMF
Charles,Turner,cturnerqn@liveinternet.ru,Malawi,Male,Kasungu,Thoughtworks,14557.19,MWK
Gregory,Matthews,gmatthewsqo@cafepress.com,Netherlands,Male,Venlo,Photospace,65735.89,EUR
Gary,Murray,gmurrayqp@reverbnation.com,France,Male,Pantin,Pixonyx,9040.41,EUR
Jerry,Stanley,jstanleyqq@webs.com,Russia,Male,Khokhryaki,Eadel,47823.41,RUB
Carolyn,Lewis,clewisqr@msu.edu,Indonesia,Female,Paritaman,Fivebridge,45019.81,IDR
Phyllis,Green,pgreenqs@illinois.edu,Dominican Republic,Female,Neiba,Thoughtbridge,,DOP
Brandon,Fox,bfoxqt@examiner.com,China,Male,Chengzhong,Demimbu,8067.77,CNY
Carlos,Foster,cfosterqu@furl.net,Poland,Male,Chynów,Zoonoodle,84707.78,PLN
Joan,Burke,jburkeqv@alexa.com,China,Female,Zhonggang,Realblab,55450.47,CNY
Barbara,Parker,bparkerqw@disqus.com,Indonesia,Female,Blokdesa Situgede,Yadel,8397.00,IDR
Jonathan,Scott,jscottqx@tiny.cc,Czech Republic,Male,Boskovice,Buzzshare,40276.00,CZK
Johnny,Fox,jfoxqy@printfriendly.com,France,Male,Châtellerault,Tagfeed,75288.55,EUR
Pamela,Gibson,pgibsonqz@msn.com,Portugal,Female,Marteleira,Yodo,82636.83,EUR
Kevin,Nelson,knelsonr0@salon.com,Argentina,Male,Ingenio La Esperanza,Devpulse,,ARS
Johnny,Scott,jscottr1@ucoz.ru,Georgia,Male,Vani,Mydeo,76603.08,GEL
Alice,Turner,aturnerr2@bigcartel.com,Vietnam,Female,Thị Trấn Tam Điệp,Tagchat,41971.53,VND
Samuel,Bryant,sbryantr3@amazon.co.uk,Thailand,Male,Nong Yasai,Yabox,2371.90,THB
Irene,Banks,ibanksr4@list-manage.com,Venezuela,Female,Valle de Guanape,Trilia,72382.51,VEF
Billy,Simmons,bsimmonsr5@mac.com,Russia,Male,Staraya Toropa,Twimm,38651.26,RUB
Sharon,Miller,smillerr6@archive.org,Peru,Female,Camilaca,Zoonoodle,81129.76,PEN
Richard,Greene,rgreener7@dion.ne.jp,Venezuela,Male,San Juan Bautista,Photobean,26483.22,VEF
Gerald,Carpenter,gcarpenterr8@addtoany.com,China,Male,Yipeng,Camimbo,73555.94,CNY
Teresa,Perry,tperryr9@sciencedaily.com,Portugal,Female,Arão,Roomm,21425.95,EUR
Shirley,Oliver,soliverra@aol.com,Poland,Female,Komorów,Wordware,84719.21,PLN
Robert,Cole,rcolerb@mapquest.com,China,Male,Wangshi,Gigashots,,CNY
Lori,Davis,ldavisrc@wordpress.org,Georgia,Female,Lanchkhuti,Edgeclub,,GEL
Timothy,Parker,tparkerrd@yale.edu,France,Male,Choisy-le-Roi,Fivebridge,51450.96,EUR
Joan,Hayes,jhayesre@amazonaws.com,Russia,Female,Pristen’,Divanoodle,80302.95,RUB
Jacqueline,Austin,jaustinrf@seesaa.net,Russia,Female,Navashino,Trunyx,67741.21,RUB
Patricia,Garrett,pgarrettrg@naver.com,Luxembourg,Female,Reisdorf,Kwideo,28815.07,EUR
Norma,Hanson,nhansonrh@free.fr,China,Female,Xiongguan,Twitternation,52112.47,CNY
Jennifer,Rogers,jrogersri@g.co,Philippines,Female,Cagbang,Snaptags,,PHP
Norma,James,njamesrj@51.la,Colombia,Female,Ubaté,Wikido,2685.17,COP
Angela,Martin,amartinrk@weibo.com,Uganda,Female,Budaka,Browsecat,13959.39,UGX
Diana,Bennett,dbennettrl@discuz.net,Bosnia and Herzegovina,Female,Gornje Živinice,Twitterbridge,54583.84,BAM
Ryan,Pierce,rpiercerm@ucoz.ru,Poland,Male,Choroszcz,Skinder,72093.30,PLN
Carlos,Alexander,calexanderrn@patch.com,Brazil,Male,Catolé do Rocha,Babbleset,,BRL
John,Ryan,jryanro@fastcompany.com,Russia,Male,Kazanskaya,Yakidoo,72420.92,RUB
Joshua,Henderson,jhendersonrp@mapquest.com,China,Male,Pujijie,Browsezoom,18892.10,CNY
Christina,Snyder,csnyderrq@oaic.gov.au,Indonesia,Female,Banaran,Trilia,15502.33,IDR
Ronald,Rose,rroserr@amazon.com,China,Male,Fushan,Rhynoodle,39646.70,CNY
