Benjamin,Castillo,bcastillo0@techcrunch.com,Philippines,Male,Esperanza,Tekfly,13948.23,PHP
Kelly,Smith,ksmith1@miitbeian.gov.cn,Philippines,Female,Baon,Jabbersphere,5011.44,PHP
Walter,Austin,waustin2@upenn.edu,Slovenia,Male,Notranje Gorice,Tanoodle,65191.02,EUR
Justin,Bowman,jbowman3@thetimes.co.uk,United States,Male,Omaha,Ailane,51409.77,USD
Justin,Ray,jray4@comsenz.com,Russia,Male,Katyr-Yurt,Skyvu,8267.27,RUB
Ann,White,awhite5@ovh.net,Netherlands,Female,Leeuwarden,Twitterlist,99598.71,EUR
Carol,Pierce,cpierce6@indiegogo.com,Indonesia,Female,Pagelaran,Skajo,78467.92,IDR
Dennis,Olson,dolson7@blog.com,Sweden,Male,Varberg,Bluejam,85536.16,SEK
Laura,George,lgeorge8@gravatar.com,Macedonia,Female,Чучер - Сандево,Npath,90813.49,MKD
Willie,Montgomery,wmontgomery9@arstechnica.com,Poland,Male,Boronów,Realmix,8933.43,PLN
Diana,Mccoy,dmccoya@blinklist.com,Yemen,Female,Al Ḩarf,Youbridge,80980.68,YER
Bonnie,Hanson,bhansonb@pen.io,Norway,Female,Oslo,Kayveo,85313.31,NOK
Heather,Gibson,hgibsonc@ebay.com,Indonesia,Female,Sirnarasa,Shufflester,80228.97,IDR
Kathy,Larson,klarsond@weebly.com,China,Female,Kuzhuping,Yoveo,,CNY
Jessica,Coleman,jcolemane@booking.com,China,Female,Jinshan,Zazio,71240.97,CNY
Carolyn,Graham,cgrahamf@eepurl.com,China,Female,Muyi,Yodoo,57870.76,CNY
Brian,Carter,bcarterg@surveymonkey.com,Thailand,Male,Ko Pha Ngan,Livetube,21718.53,THB
Martin,Holmes,mholmesh@cdbaby.com,China,Male,Yangqiao,Topdrive,84068.54,CNY
Rachel,Hill,rhilli@vimeo.com,Turkmenistan,Female,Gazojak,Zoomzone,75377.96,TMT
Henry,Oliver,holiverj@loc.gov,Brazil,Male,Estreito,Cogidoo,90789.84,BRL
Kenneth,Daniels,kdanielsk@flavors.me,Indonesia,Male,Waenenda,Topiczoom,98585.25,IDR
Christina,Smith,csmithl@joomla.org,Philippines,Female,Pinoma,Wikido,56739.64,PHP
Louise,Hill,lhillm@nbcnews.com,China,Female,Liuzuo,Oyope,74396.87,CNY
Evelyn,Flores,efloresn@washington.edu,China,Female,Lixu,Wordify,9969.71,CNY
Phillip,Hanson,phansono@i2i.jp,Ireland,Male,Castlebellingham,Tekfly,64824.01,EUR
David,Diaz,ddiazp@jigsy.com,Sweden,Male,Kåge,Feedmix,5654.38,SEK
Roger,Simmons,rsimmonsq@posterous.com,Luxembourg,Male,Hesperange,Wordtune,91035.33,EUR
Brenda,Scott,bscottr@sbwire.com,Sweden,Female,Kungsör,Brainlounge,84267.67,SEK
Laura,Tucker,ltuckers@dailymail.co.uk,China,Female,Huizhai,Twinder,91827.92,CNY
Margaret,Gilbert,mgilbertt@bloglovin.com,Bolivia,Female,Mojocoya,Devshare,73700.76,BOB
Robin,Ortiz,rortizu@businessinsider.com,Indonesia,Female,Kliteh,Brainsphere,9196.02,IDR
Dorothy,Freeman,dfreemanv@europa.eu,Philippines,Female,Luisiana,Yodo,38150.93,PHP
Howard,Ruiz,hruizw@howstuffworks.com,China,Male,Jiaotang,Jaxworks,25625.93,CNY
Diana,Kennedy,dkennedyx@chicagotribune.com,Philippines,Female,Mangusu,Skipfire,45656.83,PHP
Harry,Price,hpricey@wikia.com,Russia,Male,Odesskoye,Fivebridge,45323.25,RUB
Irene,Kelly,ikellyz@hexun.com,United States,Female,Charlotte,Pixope,44454.39,USD
Dennis,Dean,ddean10@scientificamerican.com,Reunion,Male,Le Port,Eabox,2252.46,EUR
Heather,Richardson,hrichardson11@upenn.edu,Peru,Female,Lucma,Einti,18178.21,PEN
Roger,Pierce,rpierce12@blogspot.com,China,Male,Anping,Ainyx,36091.11,CNY
Jean,Scott,jscott13@java.com,Philippines,Female,Pulo,Nlounge,,PHP
Heather,Snyder,hsnyder14@cargocollective.com,France,Female,Berck,Oba,82465.31,EUR
Judy,Woods,jwoods15@narod.ru,Democratic Republic of the Congo,Female,Kabare,Babblestorm,96664.05,CDF
Sean,Lawrence,slawrence16@un.org,Russia,Male,Khadzhalmakhi,Yozio,29047.15,RUB
Shawn,Austin,saustin17@constantcontact.com,Greece,Male,Kyprínos,Yotz,35940.48,EUR
Albert,Gomez,agomez18@github.com,Portugal,Male,Portela,Mydeo,35819.93,EUR
Benjamin,Gonzales,bgonzales19@w3.org,Bolivia,Male,Riberalta,Twitterwire,63410.29,BOB
Frances,Peterson,fpeterson1a@illinois.edu,Ukraine,Female,Rozvadov,Flipopia,87682.35,UAH
Albert,Mason,amason1b@edublogs.org,Mongolia,Male,Sujji,Twiyo,16381.71,MNT
Julie,Tucker,jtucker1c@nydailynews.com,Russia,Female,Nikol’skoye,Brainlounge,,RUB
Judith,Roberts,jroberts1d@merriam-webster.com,Indonesia,Female,Citampian,Twitternation,58604.36,IDR
Phyllis,Bailey,pbailey1e@bbb.org,United Kingdom,Female,Thorpe,LiveZ,36886.53,GBP
Carol,Duncan,cduncan1f@ovh.net,Indonesia,Female,Banyupoh,Edgeclub,69507.73,IDR
Diane,Russell,drussell1g@illinois.edu,China,Female,Hechun,DabZ,51445.08,CNY
Clarence,Hayes,chayes1h@ustream.tv,Venezuela,Male,Bailadores,Devpoint,84965.29,VEF
Brenda,James,bjames1i@vkontakte.ru,Sweden,Female,Västervik,Meezzy,27737.84,SEK
Edward,Wright,ewright1j@time.com,China,Male,Madoi,Quimm,,CNY
Joyce,Wallace,jwallace1k@dagondesign.com,China,Female,Hali,Yakitri,44562.42,CNY
Louis,James,ljames1l@lycos.com,Germany,Male,Neuss,Avaveo,92317.07,EUR
Kelly,Kelly,kkelly1m@free.fr,China,Female,Xianshui,Buzzdog,77445.99,CNY
Mary,Fisher,mfisher1n@ycombinator.com,Brazil,Female,Novo Hamburgo,Vidoo,24961.64,BRL
Jonathan,Smith,jsmith1o@nps.gov,Luxembourg,Male,Kopstal,Meevee,89668.26,EUR
Anthony,Romero,aromero1p@hostgator.com,China,Male,Guali,Skynoodle,,CNY
Christina,Armstrong,carmstrong1q@quantcast.com,Macedonia,Female,Kukurečani,Oyoba,72599.76,MKD
Alice,Rose,arose1r@usa.gov,Uganda,Female,Rubirizi,Meevee,29286.59,UGX
Lori,Simpson,lsimpson1s@edublogs.org,Reunion,Female,Le Port,Wikizz,,EUR
Mildred,Elliott,melliott1t@unc.edu,Russia,Female,Nadezhda,Wikivu,76726.30,RUB
Keith,Rogers,krogers1u@ftc.gov,France,Male,Nantes,Ntags,93602.41,EUR
Lori,Banks,lbanks1v@fotki.com,Kenya,Female,Malaba,Tambee,31924.77,KES
Phyllis,Greene,pgreene1w@scribd.com,China,Female,Zuhu,Bluezoom,2673.78,CNY
Tammy,Boyd,tboyd1x@stanford.edu,Kiribati,Female,Tabwakea Village,Voonder,59402.95,AUD
Susan,Ramirez,sramirez1y@pinterest.com,Poland,Female,Łęki,Tagchat,64546.10,PLN
Doris,Butler,dbutler1z@buzzfeed.com,China,Female,Jiekou,Aibox,50553.01,CNY
Gary,Bradley,gbradley20@usnews.com,China,Male,Huping,Ntags,41326.96,CNY
Nicole,Harris,nharris21@scientificamerican.com,Thailand,Female,Hua Hin,Topiclounge,97898.43,THB
Clarence,Lopez,clopez22@psu.edu,Czech Republic,Male,Kralice na Hané,Feedfire,14354.59,CZK
Jessica,Garza,jgarza23@pinterest.com,Cyprus,Female,Émpa,Kanoodle,51189.58,EUR
John,Owens,jowens24@github.io,Japan,Male,Gushikawa,Voonix,8045.52,JPY
Brenda,Hall,bhall25@wiley.com,Palestinian Territory,Female,Qīrah,Agimba,92486.79,ILS
Wayne,Mitchell,wmitchell26@altervista.org,Indonesia,Male,Temperak,Skiba,74221.31,IDR
Harry,Ford,hford27@google.it,Armenia,Male,Hrazdan,Mynte,31076.53,AMD
Jeremy,Harris,jharris28@g.co,Syria,Male,Al Bāriqīyah,Blogspan,27428.02,SYP
Ruby,Howell,rhowell29@omniture.com,Cyprus,Female,Ágios Týchon,Einti,,EUR
Debra,Martinez,dmartinez2a@buzzfeed.com,China,Female,Linglu,Feedmix,99871.77,CNY
Dorothy,Weaver,dweaver2b@nba.com,Indonesia,Female,Nunbaundelha,Riffpath,88994.36,IDR
James,Mills,jmills2c@alibaba.com,Indonesia,Male,Baru Timur,Skinix,64241.82,IDR
Denise,Grant,dgrant2d@buzzfeed.com,Malaysia,Female,Johor Bahru,Jabbertype,8285.36,MYR
Melissa,Ramos,mramos2e@hibu.com,Sweden,Female,Ystad,Oozz,44012.81,SEK
Raymond,Ferguson,rferguson2f@mtv.com,Brazil,Male,Iguape,Meeveo,49490.04,BRL
Phyllis,Sims,psims2g@scientificamerican.com,Portugal,Female,Algueirão,Tekfly,81369.35,EUR
Emily,Cruz,ecruz2h@nps.gov,Ukraine,Female,Berezovo,Gabcube,48375.14,UAH
Tina,Dean,tdean2i@google.pl,Finland,Female,Pukkila,Youbridge,47061.81,EUR
Fred,Willis,fwillis2j@xing.com,China,Male,Wutun,Oyope,48373.49,CNY
Angela,Harper,aharper2k@elegantthemes.com,China,Female,Xubu,Jaxnation,98813.73,CNY
Julia,Gonzalez,jgonzalez2l@vistaprint.com,China,Female,Nanxing,Skidoo,80458.01,CNY
Earl,Graham,egraham2m@github.io,Ivory Coast,Male,Issia,Plambee,40737.25,XOF
Jonathan,Rivera,jrivera2n@ucoz.ru,Portugal,Male,Guimarães,Einti,81643.70,EUR
Brenda,Frazier,bfrazier2o@feedburner.com,Colombia,Female,La Cumbre,Tanoodle,29507.28,COP
Anna,Franklin,afranklin2p@nsw.gov.au,Ethiopia,Female,Mendī,Skinix,3988.12,ETB
Debra,Andrews,dandrews2q@redcross.org,Bulgaria,Female,Loznitsa,Shufflebeat,44458.49,BGN
Anne,Kennedy,akennedy2r@wordpress.com,Russia,Female,Dem’yanovo,Talane,43850.01,RUB
Ruth,Knight,rknight2s@cocolog-nifty.com,Palestinian Territory,Female,Ḩajjah,Kwilith,71151.26,ILS
Ryan,Payne,rpayne2t@ycombinator.com,Slovenia,Male,Morje,Yacero,34087.46,EUR
Rose,Wood,rwood2u@xrea.com,Honduras,Female,Yoro,Edgeblab,15819.89,HNL
Cheryl,Bishop,cbishop2v@wikimedia.org,Mali,Female,Yorosso,Yata,18631.35,XOF
Terry,Diaz,tdiaz2w@printfriendly.com,China,Male,Zhouji,Zava,63245.72,CNY
Phillip,Foster,pfoster2x@samsung.com,Honduras,Male,La Sarrosa,Edgepulse,62047.02,HNL
Angela,Richardson,arichardson2y@icio.us,Nauru,Female,Anibare,Photobug,39490.78,AUD
Laura,Olson,lolson2z@virginia.edu,Greece,Female,Lidoríki,Livetube,,EUR
Eugene,Henderson,ehenderson30@rakuten.co.jp,Ukraine,Male,Tukhlya,Yambee,,UAH
Cynthia,George,cgeorge31@mediafire.com,France,Female,Bordeaux,Fivespan,53965.46,EUR
Johnny,Black,jblack32@theglobeandmail.com,Indonesia,Male,Panyarang,Fivebridge,78039.61,IDR
Amanda,Grant,agrant33@amazonaws.com,Philippines,Female,Limbo,Flipopia,9882.43,PHP
Aaron,Day,aday34@bing.com,Greece,Male,Spétses,Topicshots,48939.36,EUR
Kenneth,Fields,kfields35@princeton.edu,Portugal,Male,Trajouce,Twitterlist,79791.45,EUR
Marilyn,Dunn,mdunn36@gmpg.org,Indonesia,Female,Jedung,Livetube,15351.45,IDR
Marilyn,Howard,mhoward37@skype.com,Indonesia,Female,Cikadu,Tanoodle,48179.61,IDR
Chris,Cooper,ccooper38@delicious.com,China,Male,Tanxi,Muxo,78278.15,CNY
Gloria,Palmer,gpalmer39@behance.net,France,Female,Obernai,Oozz,55611.53,EUR
Raymond,Wood,rwood3a@guardian.co.uk,Argentina,Male,Puerto Madryn,Gabtype,26534.35,ARS
Sandra,Freeman,sfreeman3b@boston.com,Tajikistan,Female,Abdurahmoni Jomí,Trupe,63698.65,TJS
Daniel,Nichols,dnichols3c@webnode.com,China,Male,Lanlongkou,Youspan,52491.60,CNY
Alan,Sanders,asanders3d@yelp.com,China,Male,Longlisuo,Rhynoodle,72461.79,CNY
William,Anderson,wanderson3e@yale.edu,Nepal,Male,Bhadrapur,Jetwire,,NPR
Justin,Dixon,jdixon3f@wikispaces.com,Philippines,Male,Dacudao,Avavee,65920.60,PHP
Walter,Gonzalez,wgonzalez3g@boston.com,Uganda,Male,Kabale,Roodel,96894.84,UGX
Jacqueline,Dean,jdean3h@baidu.com,Czech Republic,Female,Žulová,Dabtype,,CZK
Marilyn,Murphy,mmurphy3i@youtu.be,Honduras,Female,La Estancia,Youopia,81785.10,HNL
Ruby,Richardson,rrichardson3j@berkeley.edu,China,Female,Pingshan,Tekfly,87962.27,CNY
Kathy,Weaver,kweaver3k@phoca.cz,China,Female,Manisi,Tagpad,84885.69,CNY
Chris,Webb,cwebb3l@simplemachines.org,Germany,Male,Berlin,Kimia,53890.00,EUR
Norma,Robinson,nrobinson3m@prlog.org,Sweden,Female,Mjölby,Voonder,95211.45,SEK
Tammy,Holmes,tholmes3n@uol.com.br,Japan,Female,Kazuno,Wordpedia,72737.69,JPY
Joe,Bell,jbell3o@nasa.gov,France,Male,Avranches,Snaptags,83487.63,EUR
Walter,Hansen,whansen3p@google.de,South Korea,Male,Hanam,Meejo,,KRW
Roger,Schmidt,rschmidt3q@diigo.com,China,Male,Temeke,Edgepulse,87472.70,CNY
Carl,Payne,cpayne3r@mapy.cz,Poland,Male,Sułów,Dabfeed,19925.84,PLN
Shirley,Shaw,sshaw3s@example.com,Russia,Female,Krasnaya Polyana,Tagpad,2037.68,RUB
Sean,Fuller,sfuller3t@sciencedirect.com,Vietnam,Male,Núi Đối,Shuffledrive,79055.27,VND
Adam,Ortiz,aortiz3u@apple.com,Indonesia,Male,Karangturi,Zoomcast,40856.40,IDR
Marilyn,Harrison,mharrison3v@simplemachines.org,Afghanistan,Female,Khinjān,Skipstorm,39679.01,AFN
Billy,Campbell,bcampbell3w@hibu.com,Indonesia,Male,Rantaupanjangkiri,Fliptune,84233.80,IDR
Sandra,Perkins,sperkins3x@livejournal.com,Ethiopia,Female,Addiet Canna,Rhycero,25317.91,ETB
Willie,Howell,whowell3y@oaic.gov.au,Indonesia,Male,Simpang,Shufflebeat,22046.78,IDR
Martha,Henderson,mhenderson3z@gizmodo.com,Russia,Female,Novovladykino,Thoughtblab,71094.74,RUB
Pamela,Reyes,preyes40@phoca.cz,Indonesia,Female,Pagelaran,DabZ,,IDR
Wayne,Long,wlong41@harvard.edu,China,Male,Diancun,Trilia,,CNY
Judy,Jenkins,jjenkins42@nps.gov,China,Female,Yangqing,Jaxnation,12755.12,CNY
Aaron,Olson,aolson43@imdb.com,China,Male,Chengjiao,Rhynyx,15756.62,CNY
Terry,Berry,tberry44@bloomberg.com,China,Male,Huangwei,Wikizz,80441.24,CNY
David,Barnes,dbarnes45@ucoz.com,Vietnam,Male,Trà Vinh,Shufflester,68156.57,VND
Brenda,Peters,bpeters46@shareasale.com,Finland,Female,Kiukainen,Dynazzy,18570.79,EUR
Robin,Payne,rpayne47@ning.com,Indonesia,Female,Poigar,Yata,23649.03,IDR
Maria,Roberts,mroberts48@jugem.jp,China,Female,Pengchang,Camido,29640.04,CNY
Christopher,Murphy,cmurphy49@gmpg.org,China,Male,Daming,Devpoint,19064.80,CNY
Phyllis,Myers,pmyers4a@storify.com,United States,Female,Kansas City,Thoughtmix,,USD
Jonathan,Frazier,jfrazier4b@jalbum.net,Indonesia,Male,Masjid,Jabberbean,86336.16,IDR
Diane,Roberts,droberts4c@prlog.org,China,Female,Juzhen,Skipstorm,6058.39,CNY
Russell,Carter,rcarter4d@mapquest.com,Vietnam,Male,Phú Khương,Aivee,,VND
Melissa,Little,mlittle4e@geocities.jp,Thailand,Female,Khlong Toei,Jabbertype,74962.54,THB
Catherine,Dunn,cdunn4f@samsung.com,Armenia,Female,Tsaghkaber,DabZ,46121.24,AMD
Kelly,Lynch,klynch4g@over-blog.com,China,Female,Wujiabao,Thoughtsphere,17047.30,CNY
Ernest,Hansen,ehansen4h@ftc.gov,Palestinian Territory,Male,Jayyūs,Twitterworks,83240.53,ILS
Michelle,Hill,mhill4i@shinystat.com,Poland,Female,Miłosław,Myworks,56558.19,PLN
Amanda,Fernandez,afernandez4j@salon.com,China,Female,Haizhouwobao,Fivebridge,18065.15,CNY
Annie,Marshall,amarshall4k@fema.gov,Indonesia,Female,Gludug,Kwimbee,1993.84,IDR
Ronald,Griffin,rgriffin4l@mac.com,Peru,Male,Coishco,Flipbug,71115.68,PEN
Stephanie,West,swest4m@livejournal.com,China,Female,Guangshun,Innojam,,CNY
Nancy,Myers,nmyers4n@slideshare.net,Indonesia,Female,Donan,Yakijo,93677.20,IDR
Ryan,Gardner,rgardner4o@friendfeed.com,Brazil,Male,Campinas,Devify,67207.23,BRL
Karen,Hicks,khicks4p@booking.com,Cyprus,Female,Psevdás,Photolist,85788.66,EUR
Gregory,Sanders,gsanders4q@psu.edu,Honduras,Male,Yaruchel,Eamia,39305.03,HNL
Janet,Sims,jsims4r@booking.com,Russia,Female,Vilya,Shuffledrive,774.48,RUB
Michael,Kelly,mkelly4s@php.net,South Africa,Male,Vredendal,Meevee,26072.52,ZAR
Dennis,Arnold,darnold4t@simplemachines.org,Greece,Male,Kallíthiron,Buzzster,35604.87,EUR
Diana,Powell,dpowell4u@foxnews.com,Vietnam,Female,Thị Trấn Tủa Chùa,Skyble,81650.07,VND
Paula,Chavez,pchavez4v@i2i.jp,Thailand,Female,Nong Muang Khai,Einti,44522.14,THB
Ronald,Davis,rdavis4w@unesco.org,Sweden,Male,Stockholm,Kamba,50628.00,SEK
Catherine,Griffin,cgriffin4x@dyndns.org,China,Female,Hairag,Devpoint,51359.24,CNY
Janice,Morrison,jmorrison4y@networksolutions.com,Vietnam,Female,Lũng Hồ,Blogtag,47785.74,VND
Evelyn,Hill,ehill4z@yandex.ru,Indonesia,Female,Gadingrejo,Tagtune,81340.65,IDR
George,Cox,gcox50@ox.ac.uk,China,Male,Heting,Oyoyo,43375.78,CNY
Roger,Robinson,rrobinson51@vk.com,United States,Male,Stockton,Twinder,43677.27,USD
Terry,Nelson,tnelson52@mail.ru,Philippines,Male,Jovellar,Bluejam,96861.79,PHP
Rebecca,Thomas,rthomas53@dot.gov,Tanzania,Female,Hedaru,Yacero,26221.51,TZS
Jason,Wells,jwells54@about.me,France,Male,Versailles,Quaxo,32557.10,EUR
Roy,Wallace,rwallace55@home.pl,Brazil,Male,Beberibe,Gabtune,36866.08,BRL
Catherine,Williams,cwilliams56@tiny.cc,Russia,Female,Kovrov,Podcat,,RUB
Terry,Brown,tbrown57@goo.gl,France,Male,Paris 14,Centidel,16687.67,EUR
Steven,Price,sprice58@webnode.com,Brazil,Male,Boa Viagem,Skinix,6423.80,BRL
Pamela,Arnold,parnold59@com.com,Albania,Female,Voskop,Omba,24948.44,ALL
Janice,Fields,jfields5a@state.tx.us,Cuba,Female,Maisí,Leexo,16403.08,CUP
Stephen,Bailey,sbailey5b@tripod.com,France,Male,Romans-sur-Isère,Flashset,75292.20,EUR
Carlos,Powell,cpowell5c@unicef.org,China,Male,Zhongluotan,Devpoint,82474.36,CNY
Evelyn,Gonzalez,egonzalez5d@wikispaces.com,China,Female,Xinfa,Flashpoint,77062.31,CNY
Kathleen,Ramos,kramos5e@spiegel.de,China,Female,Shijie,Zazio,71123.76,CNY
Lawrence,Cox,lcox5f@dot.gov,Mexico,Male,Independencia,Mynte,40926.86,MXN
Karen,Ross,kross5g@oaic.gov.au,Indonesia,Female,Baopukang,Shuffledrive,,IDR
Carl,Gutierrez,cgutierrez5h@xing.com,United States,Male,Los Angeles,BlogXS,62248.13,USD
Mildred,Nichols,mnichols5i@dot.gov,China,Female,Haramgai,Skyba,5663.66,CNY
Ashley,Sanchez,asanchez5j@angelfire.com,Indonesia,Female,Banjar Danginsema,Realbuzz,79539.45,IDR
Stephanie,Morris,smorris5k@reverbnation.com,Indonesia,Female,Puputan,Riffpedia,96780.36,IDR
Marilyn,Lopez,mlopez5l@example.com,Cyprus,Female,Meneou,Mymm,23236.30,EUR
George,Watkins,gwatkins5m@shop-pro.jp,Sweden,Male,Örbyhus,Twitternation,89277.72,SEK
Christopher,Richards,crichards5n@cdbaby.com,Indonesia,Male,Mungkin,Npath,59930.75,IDR
Ernest,Henderson,ehenderson5o@comsenz.com,Peru,Male,Santa Ana,Linklinks,15918.10,PEN
Paula,Ortiz,portiz5p@hud.gov,France,Female,Toulon,Photofeed,16530.76,EUR
Mildred,Grant,mgrant5q@ameblo.jp,China,Female,Yingcheng,Janyx,33202.97,CNY
Theresa,Lawrence,tlawrence5r@ezinearticles.com,France,Female,Mantes-la-Jolie,Layo,86522.16,EUR
Louis,Baker,lbaker5s@icq.com,Peru,Male,Namballe,Riffpedia,31683.86,PEN
Jesse,Hanson,jhanson5t@msn.com,Indonesia,Male,Gading,Realpoint,10597.24,IDR
Jesse,Armstrong,jarmstrong5u@fastcompany.com,China,Male,Xincun,Jaxspan,42193.29,CNY
Jonathan,Richards,jrichards5v@census.gov,Philippines,Male,Kinatakutan,Voonix,10765.44,PHP
Barbara,Anderson,banderson5w@chron.com,China,Female,Hengpi,Oyoba,33687.72,CNY
Jack,Hudson,jhudson5x@usnews.com,Kenya,Male,Muhoroni,Feedmix,6982.77,KES
Joseph,Lawrence,jlawrence5y@loc.gov,Vietnam,Male,Giemdiem,Skaboo,22283.80,VND
Peter,Jacobs,pjacobs5z@princeton.edu,Canada,Male,Sechelt,Voomm,8783.26,CAD
Harry,Porter,hporter60@mediafire.com,China,Male,Taiyu,Browsebug,53744.11,CNY
Jonathan,Johnson,jjohnson61@purevolume.com,Portugal,Male,Calvário,Cogibox,,EUR
Wayne,Lopez,wlopez62@ning.com,China,Male,Taihua,Thoughtbeat,,CNY
Wayne,Cole,wcole63@walmart.com,Colombia,Male,Cabuyaro,Ntags,63831.73,COP
Nicholas,Harvey,nharvey64@sphinn.com,China,Male,Zhongguan,Fivebridge,69988.86,CNY
Norma,Brown,nbrown65@seattletimes.com,South Africa,Female,Mankoeng,Zoonoodle,62912.42,ZAR
Ernest,Green,egreen66@netlog.com,Latvia,Male,Jaunpiebalga,DabZ,,EUR
Alan,King,aking67@wordpress.com,Czech Republic,Male,Zlechov,Brainbox,31121.12,CZK
Dorothy,Boyd,dboyd68@msn.com,China,Female,Mumen,Babbleopia,51976.83,CNY
Dennis,Howard,dhoward69@spiegel.de,Afghanistan,Male,Ghazni,Livetube,,AFN
Marilyn,Bennett,mbennett6a@csmonitor.com,Greece,Female,Arísvi,Midel,89369.95,EUR
Barbara,Hall,bhall6b@php.net,Portugal,Female,Aldeia de Juzo,Skiptube,36649.83,EUR
Carlos,Carr,ccarr6c@xinhuanet.com,Malaysia,Male,Petaling Jaya,Mynte,4140.24,MYR
Jennifer,Watkins,jwatkins6d@csmonitor.com,China,Female,Rushanzhai,Wordify,,CNY
David,Gonzalez,dgonzalez6e@va.gov,Indonesia,Male,Baru,Einti,30162.36,IDR
Terry,Weaver,tweaver6f@studiopress.com,France,Male,Noailles,Skivee,69588.58,EUR
Marie,Shaw,mshaw6g@freewebs.com,Denmark,Female,Frederiksberg,Centimia,69689.68,DKK
Jerry,Little,jlittle6h@yelp.com,China,Male,Maojiagang,Mudo,82226.12,CNY
Jack,Hawkins,jhawkins6i@irs.gov,Philippines,Male,Pinayagan Norte,Jayo,39641.71,PHP
Kelly,Watson,kwatson6j@tuttocitta.it,China,Female,Maliuzui,Skilith,90874.07,CNY
Roger,Jones,rjones6k@miibeian.gov.cn,China,Male,Tailing,Gabspot,93956.19,CNY
Pamela,Elliott,pelliott6l@prlog.org,China,Female,Guli,Kazu,82409.35,CNY
Anna,Murphy,amurphy6m@wunderground.com,Ecuador,Female,Macas,Skimia,51984.22,USD
Fred,Perry,fperry6n@princeton.edu,France,Male,Altkirch,Twitterbridge,79998.94,EUR
Bonnie,Rogers,brogers6o@go.com,Russia,Female,Tanzybey,Thoughtbeat,51115.73,RUB
Kathy,Flores,kflores6p@prlog.org,Chile,Female,Talcahuano,Oodoo,46049.71,CLP
Brian,Elliott,belliott6q@geocities.jp,Russia,Male,Orenburg,Pixope,95774.63,RUB
Kimberly,Arnold,karnold6r@fc2.com,Indonesia,Female,Purwasari,Fliptune,,IDR
Russell,Watson,rwatson6s@comsenz.com,Indonesia,Male,Kebonan,Riffpath,5560.89,IDR
Karen,Webb,kwebb6t@google.co.uk,Sweden,Female,Västerås,Eayo,88740.56,SEK
Jesse,Fuller,jfuller6u@gov.uk,Portugal,Male,Pereiros,Wikido,33629.55,EUR
Sara,Miller,smiller6v@artisteer.com,China,Female,Maogou,Flipstorm,27445.53,CNY
Anthony,Rivera,arivera6w@mozilla.org,China,Male,Huaguoshan,Tagtune,20454.96,CNY
Joyce,Cooper,jcooper6x@bluehost.com,Colombia,Female,Barranco de Loba,Bubbletube,59496.18,COP
Cheryl,Edwards,cedwards6y@livejournal.com,Mauritania,Female,Néma,LiveZ,84243.44,MRO
Arthur,Hudson,ahudson6z@cnn.com,Russia,Male,Verkhnyaya Khava,Jabbersphere,47093.62,RUB
Howard,Reid,hreid70@nymag.com,Vietnam,Male,Bích Động,Youopia,47490.69,VND
Patrick,Price,pprice71@aboutads.info,Bulgaria,Male,Byala,Jabbersphere,,BGN
Virginia,Butler,vbutler72@bizjournals.com,Czech Republic,Female,Strážnice,Skalith,9264.22,CZK
Bonnie,Little,blittle73@friendfeed.com,China,Female,Hai’an,Miboo,77447.46,CNY
Mildred,Henderson,mhenderson74@go.com,Philippines,Female,Sulop,Gabtune,46213.29,PHP
Julia,Nichols,jnichols75@epa.gov,Poland,Female,Chynów,Ainyx,,PLN
Kathy,Holmes,kholmes76@msn.com,China,Female,Pingyang,Edgeify,60728.87,CNY
Laura,Garcia,lgarcia77@blogs.com,China,Female,Ergong,Aimbu,9598.07,CNY
Linda,Rodriguez,lrodriguez78@nbcnews.com,China,Female,Haixing,Gabvine,,CNY
Amy,Reyes,areyes79@free.fr,Indonesia,Female,Senggreng,Skinix,,IDR
Bruce,Perry,bperry7a@google.nl,Malaysia,Male,Kuala Lumpur,Topiclounge,63751.15,MYR
Melissa,Morgan,mmorgan7b@eepurl.com,China,Female,Hongdun,Gabtype,78297.94,CNY
Scott,Owens,sowens7c@usgs.gov,China,Male,Bandong,Jabbersphere,64989.83,CNY
James,Fernandez,jfernandez7d@illinois.edu,Chad,Male,Bardaï,Voonder,64169.64,XAF
Ashley,Peters,apeters7e@chicagotribune.com,Croatia,Female,Novi Zagreb,Yombu,77948.43,HRK
Steven,Shaw,sshaw7f@time.com,United States,Male,Fort Worth,Brightdog,11645.31,USD
Roger,Garza,rgarza7g@jugem.jp,Philippines,Male,Tigaon,Aibox,43524.38,PHP
Steve,Cunningham,scunningham7h@netlog.com,Japan,Male,Takeo,Omba,92811.90,JPY
Nicholas,Hart,nhart7i@myspace.com,China,Male,Jiangshan,Browseblab,22264.14,CNY
Gerald,Peters,gpeters7j@redcross.org,Indonesia,Male,Wonorejo,Quire,41389.20,IDR
Jack,Stevens,jstevens7k@ovh.net,Cameroon,Male,Eséka,Fivespan,67040.17,XAF
Chris,Burke,cburke7l@tripod.com,Macedonia,Male,Butel,Edgeify,66129.17,MKD
Martha,Burton,mburton7m@cafepress.com,Guatemala,Female,El Quetzal,Realcube,,GTQ
Jean,Johnston,jjohnston7n@google.co.uk,Greece,Female,Évosmos,Fivespan,33885.29,EUR
Martha,James,mjames7o@webs.com,China,Female,Chenzhouzhai,Lazzy,53385.43,CNY
Cynthia,Burke,cburke7p@nyu.edu,Canada,Female,Iroquois Falls,Jaloo,39738.91,CAD
Annie,Mendoza,amendoza7q@drupal.org,France,Female,Saint-Brieuc,Flashspan,,EUR
Martin,Howell,mhowell7r@columbia.edu,Brazil,Male,São Gonçalo do Sapucaí,Voonder,,BRL
Arthur,Meyer,ameyer7s@statcounter.com,China,Male,Huangtang,Jayo,59812.65,CNY
Ashley,Anderson,aanderson7t@ehow.com,Ireland,Female,Whitegate,Voonder,24775.98,EUR
Rebecca,Gordon,rgordon7u@jiathis.com,Indonesia,Female,Sidamulya Satu,Snaptags,96937.53,IDR
Rose,Elliott,relliott7v@qq.com,Poland,Female,Rudniki,Zoovu,,PLN
Steven,Myers,smyers7w@gov.uk,Dominican Republic,Male,Salcedo,Meembee,85206.75,DOP
Gary,Dean,gdean7x@nyu.edu,Indonesia,Male,Ngundaan,Youopia,35393.44,IDR
Howard,Elliott,helliott7y@wikia.com,Peru,Male,La Tinguiña,Pixoboo,48224.66,PEN
Beverly,Cook,bcook7z@mit.edu,Russia,Female,Amga,Pixope,,RUB
Daniel,Gibson,dgibson80@simplemachines.org,Canada,Male,Carman,Browsezoom,13755.14,CAD
Clarence,Hunter,chunter81@chicagotribune.com,Colombia,Male,Tierralta,Miboo,51045.30,COP
Frank,Coleman,fcoleman82@nifty.com,China,Male,Guangning,Buzzbean,78934.77,CNY
Robin,George,rgeorge83@edublogs.org,Mauritius,Female,Saint Aubin,Photobug,38533.42,MUR
Margaret,Kennedy,mkennedy84@whitehouse.gov,Ukraine,Female,Tlumach,Kanoodle,69478.43,UAH
Lois,Mitchell,lmitchell85@elpais.com,Czech Republic,Female,Boršice,Meedoo,74981.47,CZK
Brandon,Roberts,broberts86@narod.ru,Philippines,Male,Lunas,Edgewire,23259.23,PHP
Diane,Ruiz,druiz87@meetup.com,Brazil,Female,Braço do Norte,Leenti,58028.36,BRL
Angela,Armstrong,aarmstrong88@google.com,Mexico,Female,Hidalgo,Oyoloo,83192.67,MXN
Thomas,Freeman,tfreeman89@qq.com,Thailand,Male,Phu Luang,Zooveo,39968.96,THB
Ashley,Carroll,acarroll8a@google.com.hk,New Zealand,Female,Levin,Zoovu,5117.47,NZD
Marilyn,Little,mlittle8b@washington.edu,Western Sahara,Female,Dakhla,Voomm,74787.55,MAD
Jose,Ferguson,jferguson8c@apple.com,Russia,Male,Olovyannaya,Yambee,51227.18,RUB
James,Collins,jcollins8d@soundcloud.com,Indonesia,Male,Genteng,Fivespan,86124.91,IDR
Laura,Burke,lburke8e@zimbio.com,Canada,Female,Airdrie,Trilia,99919.31,CAD
Edward,Burke,eburke8f@sakura.ne.jp,Ukraine,Male,Karolino-Buhaz,Youtags,16645.04,UAH
Diane,Dunn,ddunn8g@prnewswire.com,Indonesia,Female,Sawahan,Feedbug,78233.97,IDR
Katherine,Simpson,ksimpson8h@goodreads.com,Russia,Female,Balakhninskiy,Flashspan,87246.64,RUB
Laura,Baker,lbaker8i@hud.gov,Ukraine,Female,Semenivka,Yakijo,87477.34,UAH
Randy,Lawrence,rlawrence8j@telegraph.co.uk,Poland,Male,Ińsko,Plambee,96780.01,PLN
Shawn,Bowman,sbowman8k@engadget.com,China,Male,Taipinghu,Meezzy,,CNY
Clarence,Gray,cgray8l@drupal.org,Kazakhstan,Male,Kostanay,Twitterwire,79069.09,KZT
Louis,Lawson,llawson8m@webmd.com,China,Male,Xianhe,Topicstorm,5710.00,CNY
Shawn,Perez,sperez8n@simplemachines.org,China,Male,Nanhe,Jatri,58141.55,CNY
Harold,Crawford,hcrawford8o@discovery.com,Philippines,Male,Guinabsan,Vimbo,69334.85,PHP
Edward,Harper,eharper8p@cbsnews.com,United States,Male,Salt Lake City,Voomm,72285.90,USD
Frank,Ferguson,fferguson8q@jugem.jp,China,Male,Zuolan,Bubblebox,1465.57,CNY
Kathleen,Perry,kperry8r@hud.gov,Russia,Female,Kotel’niki,Yakidoo,75762.03,RUB
Julie,Alvarez,jalvarez8s@ed.gov,Venezuela,Female,Pampanito,Oyondu,,VEF
Theresa,Lawson,tlawson8t@fotki.com,France,Female,Mundolsheim,Zoovu,4593.80,EUR
Laura,Armstrong,larmstrong8u@networkadvertising.org,China,Female,Baojia,Kimia,99830.79,CNY
Christine,Fernandez,cfernandez8v@wired.com,Belarus,Female,Kapyl’,Mycat,9501.58,BYR
Terry,Green,tgreen8w@angelfire.com,Bangladesh,Male,Burhānuddin,Roodel,75183.91,BDT
Charles,Bailey,cbailey8x@yahoo.com,Estonia,Male,Järvakandi,Mymm,56030.90,EUR
Kimberly,Stephens,kstephens8y@themeforest.net,Indonesia,Female,Haridimun,Jayo,14034.74,IDR
Jesse,Wright,jwright8z@123-reg.co.uk,Thailand,Male,Dan Makham Tia,Flashset,74307.37,THB
Barbara,Warren,bwarren90@sciencedirect.com,Venezuela,Female,Veguitas,Izio,87994.80,VEF
Barbara,Hansen,bhansen91@blogspot.com,Indonesia,Female,Rejasa Kaja,Zoonder,61244.93,IDR
Joe,Burton,jburton92@ebay.com,United States,Male,Tallahassee,Jabbersphere,39667.64,USD
Bruce,George,bgeorge93@netlog.com,Czech Republic,Male,Chyšky,Agimba,,CZK
Bruce,Gardner,bgardner94@edublogs.org,Tunisia,Male,Monastir,Dynabox,,TND
Raymond,Harvey,rharvey95@webnode.com,Central African Republic,Male,Bimbo,Feednation,46188.66,XAF
Carolyn,Stevens,cstevens96@eventbrite.com,United States,Female,Sacramento,Blogtags,68047.74,USD
Catherine,Fox,cfox97@huffingtonpost.com,Russia,Female,Yasnyy,Jetwire,19467.69,RUB
Paula,Meyer,pmeyer98@plala.or.jp,Kazakhstan,Female,Abay,Talane,72244.00,KZT
Martin,Tucker,mtucker99@themeforest.net,Sweden,Male,Säter,Minyx,94430.80,SEK
Anna,Gilbert,agilbert9a@godaddy.com,China,Female,Xintaimen,Linklinks,,CNY
Eric,Mendoza,emendoza9b@instagram.com,Russia,Male,Spas-Klepiki,Babbleopia,31437.59,RUB
Alan,Pierce,apierce9c@kickstarter.com,Russia,Male,Murmino,Aibox,86134.99,RUB
Shirley,Johnson,sjohnson9d@hostgator.com,Colombia,Female,Pácora,Voomm,92633.40,COP
Wanda,Powell,wpowell9e@parallels.com,Portugal,Female,Rego,Photospace,2347.85,EUR
James,Thompson,jthompson9f@smugmug.com,Indonesia,Male,Krajan,Layo,13836.17,IDR
Lisa,Weaver,lweaver9g@spiegel.de,Brazil,Female,Varjota,Vinte,76003.02,BRL
Joyce,Bishop,jbishop9h@ucoz.com,Philippines,Female,Cabagan,Demimbu,83698.94,PHP
Eric,Stephens,estephens9i@macromedia.com,United States,Male,Shawnee Mission,Twitterlist,4799.81,USD
Ralph,Duncan,rduncan9j@ucsd.edu,Poland,Male,Raków,Kaymbo,13725.56,PLN
Ryan,Ross,rross9k@elpais.com,France,Male,Le Havre,Fiveclub,24607.22,EUR
Julie,Scott,jscott9l@goodreads.com,Ivory Coast,Female,Tiassalé,Skippad,29603.10,XOF
Frances,Harrison,fharrison9m@tuttocitta.it,Colombia,Female,Prado,Buzzshare,59609.08,COP
Steven,Weaver,sweaver9n@yale.edu,Russia,Male,Nevinnomyssk,Aimbu,,RUB
Jacqueline,Gonzalez,jgonzalez9o@usa.gov,Ukraine,Female,Krasni Okny,Meeveo,59444.08,UAH
Fred,Barnes,fbarnes9p@fda.gov,Russia,Male,Gazimurskiy Zavod,Twitterlist,98421.25,RUB
Clarence,Arnold,carnold9q@seattletimes.com,Colombia,Male,Angostura,Skinte,59171.94,COP
Maria,Reed,mreed9r@studiopress.com,Nigeria,Female,Kuje,Zooveo,70864.58,NGN
Walter,Sanders,wsanders9s@dion.ne.jp,China,Male,Baimi,Photobug,11253.35,CNY
Ann,Collins,acollins9t@cornell.edu,Poland,Female,Pruchnik,Ntag,5168.09,PLN
Jessica,Olson,jolson9u@1688.com,Portugal,Female,Mosteirô,Leenti,,EUR
Daniel,Watkins,dwatkins9v@dion.ne.jp,China,Male,Longhua,Flashspan,74721.41,CNY
Kevin,Bishop,kbishop9w@deviantart.com,China,Male,Hongqi,Yombu,81303.86,CNY
Michelle,Montgomery,mmontgomery9x@stumbleupon.com,Peru,Female,Ambar,Jabbersphere,16550.72,PEN
Albert,Rice,arice9y@dmoz.org,Ukraine,Male,Storozhnytsya,Thoughtblab,70915.46,UAH
Sara,Brown,sbrown9z@guardian.co.uk,Argentina,Female,Carlos Casares,Katz,19702.92,ARS
Roger,Ray,rraya0@foxnews.com,East Timor,Male,Same,Kamba,99670.84,USD
Mildred,Hudson,mhudsona1@linkedin.com,Afghanistan,Female,Pul-e Khumrī,Cogilith,66824.70,AFN
Carol,Woods,cwoodsa2@baidu.com,China,Female,Dongzhou,Fanoodle,10277.56,CNY
Donna,Rose,drosea3@columbia.edu,Indonesia,Female,Campaka,Mycat,,IDR
Judith,Reid,jreida4@ibm.com,China,Female,Dahua,Oyoloo,48424.81,CNY
Ronald,Lee,rleea5@photobucket.com,Brazil,Male,Maracanã,Gabtype,,BRL
Brian,Sanchez,bsancheza6@xing.com,Croatia,Male,Žrnovnica,Viva,11981.42,HRK
Pamela,Miller,pmillera7@4shared.com,Jamaica,Female,Spanish Town,Dynazzy,,JMD
Wanda,Edwards,wedwardsa8@wufoo.com,United States,Female,Saint Paul,Edgetag,52824.65,USD
Roy,Romero,rromeroa9@ft.com,Mexico,Male,Guadalupe,Mydo,,MXN
Sandra,Holmes,sholmesaa@si.edu,Uganda,Female,Nyachera,Kimia,41706.70,UGX
Jose,Montgomery,jmontgomeryab@rediff.com,Brazil,Male,Passos,Aimbu,,BRL
George,Long,glongac@arstechnica.com,Russia,Male,Shakhty,Voomm,84726.73,RUB
Ralph,Davis,rdavisad@hexun.com,China,Male,Xinfu,Skibox,19327.02,CNY
Andrea,Brown,abrownae@huffingtonpost.com,Thailand,Female,Khlong Yai,Kwideo,14635.82,THB
Jack,Rose,jroseaf@ucoz.ru,Poland,Male,Olsztynek,Einti,89119.19,PLN
Angela,Ryan,aryanag@homestead.com,Poland,Female,Borzęta,Buzzbean,35203.19,PLN
Peter,Meyer,pmeyerah@dot.gov,Thailand,Male,Lao Suea Kok,Zoomcast,48542.08,THB
Ashley,Hart,ahartai@google.com.au,China,Female,Niutang,Topicware,98298.29,CNY
William,Gordon,wgordonaj@engadget.com,China,Male,Wuma,Shufflester,6351.45,CNY
Russell,Bell,rbellak@tumblr.com,Philippines,Male,Cabatang,Eamia,9251.46,PHP
Katherine,Parker,kparkeral@4shared.com,Poland,Female,Aleksandrów,Browsecat,55800.20,PLN
Robin,Bailey,rbaileyam@gov.uk,Indonesia,Female,Kabare,Youopia,10921.49,IDR
Kenneth,Foster,kfosteran@addthis.com,China,Male,Qiqian,Quinu,15502.08,CNY
Janice,Young,jyoungao@webs.com,Brazil,Female,Brumadinho,Voonder,69265.90,BRL
Jessica,Watkins,jwatkinsap@e-recht24.de,United Kingdom,Female,Halton,Skiptube,69701.50,GBP
Jesse,Miller,jmilleraq@springer.com,China,Male,Yanggan,Myworks,72530.34,CNY
Paul,Williamson,pwilliamsonar@marketwatch.com,China,Male,Nanhe,Feednation,64065.36,CNY
Katherine,Garza,kgarzaas@slate.com,Greece,Female,Empório,Meevee,,EUR
Melissa,Anderson,mandersonat@friendfeed.com,Malaysia,Female,Pulau Pinang,Realblab,,MYR
Patricia,Campbell,pcampbellau@wsj.com,Poland,Female,Gomunice,Mynte,65663.50,PLN
Patricia,Watson,pwatsonav@creativecommons.org,Indonesia,Female,Mulyoagung,Rhynyx,,IDR
Amy,Kennedy,akennedyaw@studiopress.com,Portugal,Female,Vale Boeiro,Izio,17777.11,EUR
Harold,Diaz,hdiazax@smh.com.au,Russia,Male,Staraya Ladoga,Brainbox,47895.87,RUB
Donna,Alexander,dalexanderay@squidoo.com,Poland,Female,Leżajsk,Snaptags,79862.71,PLN
Carlos,Marshall,cmarshallaz@imgur.com,Argentina,Male,Villa Mercedes,Quire,14215.79,ARS
Timothy,Rose,troseb0@shinystat.com,United States,Male,Lynn,Jabberstorm,55788.35,USD
Paula,Foster,pfosterb1@digg.com,Indonesia,Female,Mensalong,Skajo,44178.48,IDR
Sandra,Diaz,sdiazb2@nationalgeographic.com,Argentina,Female,San Antonio,Zooveo,50168.22,ARS
Betty,Riley,brileyb3@free.fr,Ukraine,Female,Viline,Oyondu,,UAH
Theresa,Duncan,tduncanb4@cmu.edu,Denmark,Female,København,Rhynoodle,,DKK
Philip,Ruiz,pruizb5@ucsd.edu,Indonesia,Male,Wedangtemu,Dazzlesphere,68444.84,IDR
Roy,Stanley,rstanleyb6@bravesites.com,Mexico,Male,Del Valle,Fanoodle,65078.90,MXN
Charles,Stone,cstoneb7@google.es,Indonesia,Male,Gotputuk,Kayveo,45052.07,IDR
George,Patterson,gpattersonb8@google.pl,Indonesia,Male,Barisan,Youspan,21225.29,IDR
Kimberly,Freeman,kfreemanb9@google.es,Tajikistan,Female,Khŭjand,Dynava,26787.14,TJS
Sandra,Willis,swillisba@amazon.co.uk,Brazil,Female,Pinheiral,Innotype,78179.95,BRL
Ruby,Jenkins,rjenkinsbb@google.ca,Brazil,Female,Porto União,Thoughtmix,58323.30,BRL
Kathleen,Welch,kwelchbc@so-net.ne.jp,Portugal,Female,Chã,Riffpedia,80441.78,EUR
Anna,Hughes,ahughesbd@ow.ly,France,Female,Gif-sur-Yvette,Zoomlounge,,EUR
Rose,Ortiz,rortizbe@europa.eu,Portugal,Female,São Pedro,Yozio,12672.29,EUR
Ralph,Frazier,rfrazierbf@state.gov,Ukraine,Male,Staryy Sambor,Dynabox,42005.73,UAH
Joshua,Montgomery,jmontgomerybg@shareasale.com,France,Male,Lyon,Zooveo,10950.64,EUR
Daniel,Hayes,dhayesbh@multiply.com,Cameroon,Male,Idenao,Realblab,90522.32,XAF
Roger,Porter,rporterbi@zdnet.com,China,Male,Gaibei,Skinder,88856.06,CNY
Sandra,Howard,showardbj@yellowbook.com,Poland,Female,Gilowice,Rhybox,89526.32,PLN
Kathleen,Moore,kmoorebk@newsvine.com,Japan,Female,Mutsu,Buzzster,55969.83,JPY
Mildred,Clark,mclarkbl@lulu.com,Portugal,Female,Figueiró dos Vinhos,Edgewire,74178.31,EUR
Henry,Morales,hmoralesbm@wufoo.com,Philippines,Male,Villaba,Eidel,,PHP
Martha,Montgomery,mmontgomerybn@hao123.com,Brazil,Female,Ibaté,Leenti,20626.18,BRL
Rebecca,Peterson,rpetersonbo@posterous.com,Mexico,Female,Emiliano Zapata,Wikivu,94908.32,MXN
Bruce,Armstrong,barmstrongbp@people.com.cn,Russia,Male,Ust-Maya,Eire,20916.45,RUB
Daniel,Boyd,dboydbq@webs.com,Canada,Male,Carleton Place,Gabspot,14669.39,CAD
Michael,Bowman,mbowmanbr@paginegialle.it,Russia,Male,Segezha,Mynte,95397.55,RUB
Rachel,Ward,rwardbs@topsy.com,Philippines,Female,Bukid,Gabtype,37156.39,PHP
Richard,Mendoza,rmendozabt@marketwatch.com,Greece,Male,Zográfos,Youbridge,35129.84,EUR
Jean,Oliver,joliverbu@businessinsider.com,Gambia,Female,Baro Kunda,Oyondu,68408.28,GMD
Marilyn,Martinez,mmartinezbv@linkedin.com,Mexico,Female,Los Nogales,Jabbersphere,62399.74,MXN
Jeffrey,Day,jdaybw@weibo.com,Vietnam,Male,Phong Điền,Youtags,47963.48,VND
Jennifer,Graham,jgrahambx@phpbb.com,China,Female,Yudaikelike,Topdrive,56861.04,CNY
Amanda,Gonzalez,agonzalezby@zdnet.com,Philippines,Female,Tagana-an,Latz,70156.05,PHP
Russell,Flores,rfloresbz@kickstarter.com,Honduras,Male,El Cubolero,Rhyzio,20542.16,HNL
Bobby,Franklin,bfranklinc0@printfriendly.com,Germany,Male,Mainz,Mynte,80686.85,EUR
Carolyn,Freeman,cfreemanc1@alibaba.com,China,Female,Yuanyang,Tavu,48900.79,CNY
George,Crawford,gcrawfordc2@time.com,Switzerland,Male,Zürich,Zoomzone,97002.15,CHF
Earl,Garza,egarzac3@feedburner.com,Canada,Male,Saint-Bruno,Rhybox,35911.04,CAD
Donald,Hill,dhillc4@nytimes.com,Indonesia,Male,Pakel,Voomm,,IDR
Russell,Fowler,rfowlerc5@ow.ly,China,Male,Xinjiezi,Livetube,82481.76,CNY
Daniel,Dunn,ddunnc6@cdbaby.com,Mexico,Male,Amado Nervo,Babbleblab,34014.25,MXN
Gloria,Wagner,gwagnerc7@zimbio.com,Afghanistan,Female,Panjāb,Jazzy,15397.39,AFN
Clarence,Romero,cromeroc8@google.com.au,United States,Male,Toledo,Rhyzio,82404.26,USD
Eric,Mitchell,emitchellc9@nsw.gov.au,Ukraine,Male,Ralevka,Gigabox,6138.57,UAH
Jesse,Kelly,jkellyca@google.com.br,North Korea,Male,Sil-li,Browsebug,45060.32,KPW
Steven,Patterson,spattersoncb@bbb.org,Portugal,Male,Santo Aleixo,Avamba,38915.79,EUR
Gloria,Graham,ggrahamcc@ow.ly,Belarus,Female,Vitebsk,Dabtype,12482.02,BYR
Melissa,Johnston,mjohnstoncd@wunderground.com,Hungary,Female,Budapest,Mudo,,HUF
Joan,Stevens,jstevensce@wix.com,Russia,Female,Borovikha,Feedmix,41020.75,RUB
Christina,Fields,cfieldscf@weibo.com,United States,Female,Jackson,Oyondu,46872.16,USD
Sharon,Miller,smillercg@msu.edu,Iran,Female,Shaft,Yadel,30563.20,IRR
Kathryn,Wagner,kwagnerch@dmoz.org,Philippines,Female,Dumalneg,Jayo,70509.90,PHP
Norma,Washington,nwashingtonci@state.gov,Nigeria,Female,Akwanga,Eazzy,32429.86,NGN
Jack,Cruz,jcruzcj@illinois.edu,France,Male,Clermont-Ferrand,Plajo,22278.23,EUR
Debra,Flores,dfloresck@xrea.com,Indonesia,Female,Nglengkir,Babblestorm,91678.13,IDR
Thomas,Simpson,tsimpsoncl@guardian.co.uk,Canada,Male,Château-Richer,Photolist,73682.44,CAD
Joshua,Gilbert,jgilbertcm@123-reg.co.uk,China,Male,Zhendong,Shuffledrive,57490.40,CNY
Gregory,Tucker,gtuckercn@paypal.com,Philippines,Male,Balingasag,Meeveo,9358.09,PHP
Michelle,Hamilton,mhamiltonco@yellowbook.com,Nigeria,Female,Ondo,Meedoo,6698.30,NGN
Annie,Larson,alarsoncp@feedburner.com,Nigeria,Female,Kari,Shuffledrive,90467.18,NGN
Paula,Carpenter,pcarpentercq@unicef.org,United Kingdom,Female,Edinburgh,Camido,,GBP
Karen,Ellis,kelliscr@linkedin.com,Croatia,Female,Bapska,Mudo,93468.27,HRK
Lori,Stanley,lstanleycs@indiatimes.com,Ukraine,Female,Ivanivka,Skaboo,34292.17,UAH
Annie,Medina,amedinact@narod.ru,Russia,Female,Novocheboksarsk,Buzzshare,32966.81,RUB
Bonnie,Gutierrez,bgutierrezcu@oakley.com,Kazakhstan,Female,Kachar,Rhyloo,932.89,KZT
Wayne,Nelson,wnelsoncv@is.gd,Argentina,Male,Fray Luis A. Beltrán,Camimbo,36988.01,ARS
Kelly,Evans,kevanscw@google.co.uk,Thailand,Female,Si Sa Ket,Skinix,88804.34,THB
Diane,Morrison,dmorrisoncx@wordpress.com,Tanzania,Female,Madimba,Skyvu,96542.12,TZS
Anna,Murphy,amurphycy@illinois.edu,Mauritius,Female,Ebene,Meedoo,15540.82,MUR
Keith,Moreno,kmorenocz@bravesites.com,Mongolia,Male,Sharga,Wikido,15672.39,MNT
Martha,Ferguson,mfergusond0@icio.us,China,Female,Nanfeng,Pixonyx,72686.51,CNY
Mildred,Butler,mbutlerd1@studiopress.com,New Zealand,Female,Bluff,Roomm,943.37,NZD
Marilyn,Welch,mwelchd2@amazonaws.com,China,Female,Simajia,Kare,10986.12,CNY
Willie,Robertson,wrobertsond3@merriam-webster.com,Netherlands,Male,Rosmalen,Skaboo,650.22,EUR
Philip,Wagner,pwagnerd4@jugem.jp,Portugal,Male,Guardizela,Agivu,,EUR
Diana,Holmes,dholmesd5@ca.gov,Ivory Coast,Female,Adiaké,Fivechat,57861.71,XOF
Anne,Freeman,afreemand6@abc.net.au,Paraguay,Female,San Miguel,Yodoo,91524.48,PYG
Carolyn,Ramos,cramosd7@home.pl,Poland,Female,Ostrowsko,Innojam,5653.36,PLN
Ann,Daniels,adanielsd8@liveinternet.ru,Brazil,Female,Janaúba,Dynava,67706.68,BRL
Robert,Burns,rburnsd9@facebook.com,Moldova,Male,Comrat,Aimbo,92031.09,MDL
Jean,Thomas,jthomasda@msn.com,Poland,Female,Podedwórze,Thoughtstorm,2443.93,PLN
Mary,Perry,mperrydb@acquirethisname.com,Philippines,Female,Pondaguitan,Voonder,,PHP
Joe,Morrison,jmorrisondc@reuters.com,China,Male,Souziqiu,Yodel,18626.25,CNY
Roger,Grant,rgrantdd@altervista.org,China,Male,Fanrong,Brainlounge,16861.14,CNY
Ralph,James,rjamesde@sfgate.com,United States,Male,Los Angeles,Browseblab,62259.76,USD
Julie,Coleman,jcolemandf@google.ca,Brazil,Female,Itapaci,Devpulse,14320.62,BRL
Judith,Webb,jwebbdg@pagesperso-orange.fr,Indonesia,Female,Krajan Satu,Voonte,65356.38,IDR
Catherine,Allen,callendh@soup.io,South Africa,Female,Margate,Gabcube,16742.74,ZAR
Jimmy,Woods,jwoodsdi@illinois.edu,Philippines,Male,Allen,Skyvu,40072.71,PHP
Jeffrey,Cook,jcookdj@mozilla.com,France,Male,Créteil,Kayveo,2993.55,EUR
Samuel,Thomas,sthomasdk@storify.com,Indonesia,Male,Lancang,Voolia,53167.15,IDR
Thomas,Henderson,thendersondl@issuu.com,Finland,Male,Bennäs,Twinte,55760.51,EUR
Eric,Brown,ebrowndm@redcross.org,Indonesia,Male,Kadujajar,Kazu,25661.23,IDR
Dennis,Anderson,dandersondn@uiuc.edu,Czech Republic,Male,Bukovec,Aimbu,80778.29,CZK
Jennifer,Long,jlongdo@indiegogo.com,China,Female,Huaikan,Feedfish,18074.05,CNY
Paula,Dunn,pdunndp@discovery.com,Paraguay,Female,Asunción,Mydeo,19257.07,PYG
Gerald,Jenkins,gjenkinsdq@yolasite.com,Russia,Male,Izobil’nyy,Ntag,4005.77,RUB
Angela,Gardner,agardnerdr@uol.com.br,Philippines,Female,Kiupo,Devbug,90749.00,PHP
Antonio,Moore,amooreds@gmpg.org,Portugal,Male,Monção,Viva,84304.31,EUR
Dorothy,Harrison,dharrisondt@mit.edu,Sweden,Female,Hässleholm,Oyonder,,SEK
Thomas,Garza,tgarzadu@apple.com,Hungary,Male,Miskolc,Voonte,98642.31,HUF
Gary,Taylor,gtaylordv@ox.ac.uk,Spain,Male,Lugo,Lajo,41241.97,EUR
Henry,Hart,hhartdw@spiegel.de,Sweden,Male,Täby,Bubblemix,,SEK
Jason,Ramos,jramosdx@mlb.com,Japan,Male,Imari,Dynabox,58106.08,JPY
Bruce,Bailey,bbaileydy@cocolog-nifty.com,Philippines,Male,Paitan Este,Gigabox,59240.18,PHP
Alan,Woods,awoodsdz@nifty.com,Russia,Male,Gornyy,Gabtune,,RUB
Robert,Harris,rharrise0@uol.com.br,Czech Republic,Male,Jedlová,Jazzy,38443.49,CZK
Charles,Welch,cwelche1@examiner.com,Indonesia,Male,Tanjung Raja,Quimba,49465.67,IDR
Deborah,Edwards,dedwardse2@webs.com,China,Female,Wufeng,Jabberstorm,54259.91,CNY
Johnny,Elliott,jelliotte3@nbcnews.com,France,Male,Reims,Zoovu,69844.98,EUR
Virginia,Black,vblacke4@godaddy.com,Colombia,Female,San Onofre,Meevee,21954.83,COP
Beverly,Stone,bstonee5@blog.com,Yemen,Female,Al Maḩwīt,Tazzy,70304.20,YER
Michael,Bennett,mbennette6@state.tx.us,Uzbekistan,Male,Quvasoy,DabZ,7172.43,UZS
Brandon,Bennett,bbennette7@wiley.com,China,Male,Miaotou,Katz,19414.67,CNY
Joseph,Phillips,jphillipse8@salon.com,Argentina,Male,San Luis del Palmar,Quaxo,41994.26,ARS
Margaret,Jackson,mjacksone9@hp.com,Spain,Female,Granada,Linklinks,94309.13,EUR
Louis,Washington,lwashingtonea@slashdot.org,Oman,Male,Shināş,Eadel,68010.32,OMR
Carlos,Burns,cburnseb@sun.com,Cameroon,Male,Tibati,Wordware,30361.18,XAF
John,Banks,jbanksec@theglobeandmail.com,Brazil,Male,Itaocara,Mymm,16254.40,BRL
Carolyn,Jacobs,cjacobsed@tuttocitta.it,Russia,Female,Ulyanovsk,Tagpad,38884.60,RUB
Donald,Dean,ddeanee@naver.com,Indonesia,Male,Cisantri,Oyoloo,57473.36,IDR
Sarah,Tucker,stuckeref@tinyurl.com,Albania,Female,Shënmëri,Brainsphere,39939.66,ALL
Eugene,Robinson,erobinsoneg@gov.uk,Peru,Male,Challas,Topicshots,28750.44,PEN
Christopher,Ross,crosseh@army.mil,Bangladesh,Male,Sarishābāri,Meevee,9499.69,BDT
Edward,Knight,eknightei@about.me,Belarus,Male,Druya,Photobug,66224.93,BYR
Rose,Hill,rhillej@moonfruit.com,China,Female,Yanxi,Voonder,55041.31,CNY
Harold,Thompson,hthompsonek@nba.com,China,Male,Yixing,Tazz,82711.80,CNY
Joe,Williamson,jwilliamsonel@hp.com,Greece,Male,Xilópolis,Wikibox,,EUR
Clarence,Hayes,chayesem@livejournal.com,Armenia,Male,Aygepat,Skinte,605.64,AMD
Henry,Reyes,hreyesen@imageshack.us,China,Male,Zhongnan,Tagfeed,93781.14,CNY
Doris,Harris,dharriseo@bravesites.com,Portugal,Female,Arnelas,Innojam,22716.06,EUR
Stephen,Fernandez,sfernandezep@bravesites.com,Canada,Male,Cookshire-Eaton,Miboo,92360.84,CAD
Steven,Torres,storreseq@ucla.edu,Portugal,Male,Sande São Lourenço,Devshare,22513.59,EUR
Paula,Black,pblacker@smugmug.com,China,Female,Shadili,Linkbridge,70319.11,CNY
Jeremy,Ramirez,jramirezes@yellowbook.com,China,Male,Longlisuo,Avaveo,44407.72,CNY
Stephen,Holmes,sholmeset@time.com,Maldives,Male,Open Stage,Rhynoodle,11088.86,MVR
Kevin,Barnes,kbarneseu@trellian.com,Portugal,Male,Tercena,Jabbercube,5266.52,EUR
Sandra,Reid,sreidev@dedecms.com,Costa Rica,Female,San Vicente de Moravia,Camido,8461.74,CRC
Brenda,Knight,bknightew@google.es,Thailand,Female,Phlapphla Chai,Mydeo,25227.22,THB
Thomas,Sanders,tsandersex@networkadvertising.org,Philippines,Male,Inayauan,Miboo,83228.38,PHP
David,Bryant,dbryantey@thetimes.co.uk,Indonesia,Male,Pomahan,Edgeify,44028.73,IDR
Tammy,Clark,tclarkez@nytimes.com,China,Female,Jingyang,Photobug,55529.73,CNY
Kevin,Ford,kfordf0@google.co.uk,Indonesia,Male,Tajur,Gevee,20105.77,IDR
Andrea,Cox,acoxf1@seesaa.net,United States,Female,Washington,Skipfire,54944.72,USD
Aaron,Mills,amillsf2@dropbox.com,Dominican Republic,Male,Hato Mayor del Rey,Cogilith,11508.16,DOP
Jennifer,Tucker,jtuckerf3@prnewswire.com,Indonesia,Female,Cisarap,Voonyx,85884.08,IDR
Diane,Smith,dsmithf4@tumblr.com,Syria,Female,Bayt Yāshūţ,Devcast,31245.00,SYP
Anne,Davis,adavisf5@hibu.com,Sweden,Female,Kista,Browsecat,29646.99,SEK
Louis,Hansen,lhansenf6@desdev.cn,China,Male,Keyi,Skinix,81398.96,CNY
Sean,Hill,shillf7@github.com,United States,Male,Reading,Leenti,91535.53,USD
Bonnie,Long,blongf8@feedburner.com,Colombia,Female,Linares,Skimia,67213.83,COP
Lillian,Wilson,lwilsonf9@irs.gov,Indonesia,Female,Mantar,Dynabox,22220.59,IDR
Kathy,Morris,kmorrisfa@blinklist.com,Russia,Female,Mel’nikovo,Zoombeat,48357.75,RUB
Anna,Chavez,achavezfb@dagondesign.com,Malta,Female,Gudja,Blogspan,90346.43,EUR
Willie,Price,wpricefc@state.tx.us,Japan,Male,Ibara,Jaxbean,15301.08,JPY
Stephanie,Holmes,sholmesfd@vkontakte.ru,Colombia,Female,Regidor,Talane,13716.66,COP
Alice,Johnson,ajohnsonfe@wired.com,Indonesia,Female,Ciseda,Vitz,29759.10,IDR
Betty,Day,bdayff@xinhuanet.com,Sweden,Female,Örebro,Twitterbridge,98768.60,SEK
Norma,Thomas,nthomasfg@liveinternet.ru,Canada,Female,White City,Ozu,58264.17,CAD
Charles,Arnold,carnoldfh@alibaba.com,United States,Male,Washington,Edgepulse,32791.31,USD
Judy,Hunter,jhunterfi@go.com,Sweden,Female,Uppsala,Skidoo,20481.13,SEK
Jose,Gibson,jgibsonfj@google.es,Indonesia,Male,Bunutan,Twitternation,36382.70,IDR
Lillian,Rogers,lrogersfk@com.com,Philippines,Female,Nampicuan,Photolist,51010.62,PHP
Joe,Grant,jgrantfl@howstuffworks.com,France,Male,Privas,Wikizz,,EUR
Jeremy,Stone,jstonefm@symantec.com,Philippines,Male,Sagana,Kanoodle,78876.60,PHP
Ernest,Andrews,eandrewsfn@about.com,Indonesia,Male,Haridimun,Gigashots,74733.72,IDR
Betty,Taylor,btaylorfo@cbslocal.com,Russia,Female,Sal’sk,Skiptube,,RUB
Jason,Gordon,jgordonfp@blog.com,Thailand,Male,Klaeng,Zoonder,,THB
Billy,Gibson,bgibsonfq@cbslocal.com,Poland,Male,Haczów,Divavu,51966.61,PLN
Martha,Burns,mburnsfr@amazon.co.uk,China,Female,Liudu,Rhybox,76003.98,CNY
Jesse,Chapman,jchapmanfs@bravesites.com,China,Male,Zhangxiong,Kwimbee,30439.60,CNY
Irene,Ryan,iryanft@microsoft.com,Serbia,Female,Lukićevo,Chatterpoint,34710.24,RSD
Janice,Banks,jbanksfu@google.ru,Japan,Female,Sagara,Bluezoom,63322.30,JPY
Jesse,Wilson,jwilsonfv@wix.com,Brazil,Male,Planaltina,Plajo,73549.81,BRL
Joyce,Ellis,jellisfw@cisco.com,Russia,Female,Chegdomyn,Vitz,12606.96,RUB
Julie,Martinez,jmartinezfx@bbb.org,Czech Republic,Female,Ždánice,Oyoloo,80383.48,CZK
Rebecca,Lee,rleefy@geocities.com,Serbia,Female,Pančevo,Oba,60282.23,RSD
James,Kennedy,jkennedyfz@de.vu,Colombia,Male,Floridablanca,Roodel,72563.89,COP
Sandra,Powell,spowellg0@arstechnica.com,Nigeria,Female,Onitsha,Edgeclub,45306.59,NGN
Lisa,Holmes,lholmesg1@linkedin.com,United States,Female,Little Rock,Bubblemix,62280.29,USD
George,Scott,gscottg2@indiatimes.com,Russia,Male,Sernovodsk,Youspan,852.83,RUB
Matthew,Fields,mfieldsg3@shareasale.com,Netherlands,Male,Nieuwegein,Shufflester,36460.06,EUR
Randy,Banks,rbanksg4@google.co.uk,Russia,Male,Rasshevatskaya,Shufflester,87323.59,RUB
Sara,Jenkins,sjenkinsg5@quantcast.com,China,Female,Jixi,Flashset,1851.68,CNY
Angela,Wood,awoodg6@epa.gov,Sweden,Female,Göteborg,Eamia,82535.76,SEK
Carlos,Bailey,cbaileyg7@meetup.com,China,Male,Doumen,Photofeed,37729.70,CNY
Jimmy,Ramos,jramosg8@deviantart.com,Portugal,Male,Almendra,Divanoodle,74671.69,EUR
Paula,Bell,pbellg9@live.com,Brazil,Female,Caratinga,Thoughtblab,45022.82,BRL
Robin,Rogers,rrogersga@opensource.org,China,Female,Huangbei,Devshare,52951.31,CNY
Frank,Austin,faustingb@harvard.edu,Syria,Male,Dhībīn,Topicshots,,SYP
Ralph,Perkins,rperkinsgc@nyu.edu,Indonesia,Male,Neglasari,Trudoo,66053.55,IDR
Heather,Rose,hrosegd@mysql.com,Portugal,Female,Zambujeira,Vimbo,71052.14,EUR
Mary,Pierce,mpiercege@macromedia.com,Indonesia,Female,Cibunut,Brainbox,26856.67,IDR
Ralph,Hayes,rhayesgf@ocn.ne.jp,Sweden,Male,Borås,Jaxnation,69307.16,SEK
Juan,Morris,jmorrisgg@blogger.com,Philippines,Male,Concepcion,Topicshots,70233.63,PHP
Justin,Porter,jportergh@exblog.jp,Argentina,Male,Capilla del Monte,Photobean,80750.31,ARS
Sarah,Fields,sfieldsgi@constantcontact.com,Macedonia,Female,Jankovec,Kwinu,16957.63,MKD
Norma,Ross,nrossgj@epa.gov,Colombia,Female,Puerto Asís,Tekfly,46855.89,COP
Mary,Hansen,mhansengk@narod.ru,Syria,Female,Banān,Thoughtstorm,98934.56,SYP
Heather,Moore,hmooregl@woothemes.com,China,Female,Hefei,Jazzy,41081.65,CNY
Daniel,Fernandez,dfernandezgm@odnoklassniki.ru,Brazil,Male,Santo Antônio de Posse,Kwideo,89981.14,BRL
Dennis,Hunter,dhuntergn@patch.com,Ghana,Male,Foso,Jayo,34289.48,GHS
Paul,Tucker,ptuckergo@reverbnation.com,Indonesia,Male,Meringkik,Cogibox,,IDR
Gerald,Jackson,gjacksongp@comsenz.com,Russia,Male,Gazimurskiy Zavod,Jaxworks,,RUB
Louis,Montgomery,lmontgomerygq@oaic.gov.au,Honduras,Male,Ilama,Yodel,,HNL
Ann,Butler,abutlergr@paypal.com,Indonesia,Female,Kebonan,Shufflester,92030.01,IDR
Maria,Hart,mhartgs@cargocollective.com,Indonesia,Female,Sidem,Kwimbee,5310.23,IDR
Janet,Ward,jwardgt@theguardian.com,Indonesia,Female,Bayan,Eabox,,IDR
Sandra,Wright,swrightgu@nyu.edu,China,Female,Shijing,Voonyx,3463.03,CNY
Ann,Peters,apetersgv@canalblog.com,Philippines,Female,Malway,Rhycero,48780.09,PHP
Denise,Shaw,dshawgw@storify.com,Mali,Female,Niafunké,Meejo,77201.22,XOF
Betty,Morris,bmorrisgx@eventbrite.com,Estonia,Female,Suure-Jaani,Wordtune,89962.98,EUR
Christine,Webb,cwebbgy@youtu.be,Indonesia,Female,Maundai,Oyope,34402.11,IDR
Frank,Taylor,ftaylorgz@weibo.com,China,Male,Xiadingjia,Topiczoom,15505.00,CNY
Judy,Coleman,jcolemanh0@sfgate.com,Finland,Female,Turenki,Thoughtmix,96096.37,EUR
Daniel,Lewis,dlewish1@slashdot.org,Mongolia,Male,Tögrög,Tagchat,,MNT
Nicholas,King,nkingh2@yahoo.co.jp,Jordan,Male,Karak City,Shufflester,22218.48,JOD
Daniel,Willis,dwillish3@nymag.com,Indonesia,Male,Geser,Blogtags,24677.79,IDR
Roger,Peters,rpetersh4@reference.com,Sweden,Male,Kungsör,Kayveo,,SEK
Keith,Franklin,kfranklinh5@infoseek.co.jp,China,Male,Cikai,Camimbo,90025.80,CNY
Annie,Schmidt,aschmidth6@usa.gov,Croatia,Female,Privlaka,Jaxbean,84665.13,HRK
Edward,Rivera,eriverah7@w3.org,China,Male,Baizhong,Twitterbeat,,CNY
Phillip,Freeman,pfreemanh8@narod.ru,Poland,Male,Gromadka,Rhybox,85165.05,PLN
Lillian,Gonzalez,lgonzalezh9@hugedomains.com,Uzbekistan,Female,Gurlan,Thoughtstorm,73924.41,UZS
Theresa,Pierce,tpierceha@deviantart.com,Honduras,Female,Morazán,Fadeo,,HNL
Lisa,Schmidt,lschmidthb@yahoo.co.jp,Philippines,Female,Bambang,Cogidoo,28656.99,PHP
Earl,Jordan,ejordanhc@ftc.gov,Indonesia,Male,Kasembon,Meetz,72484.63,IDR
Benjamin,Brooks,bbrookshd@sbwire.com,Poland,Male,Świętajno,Avamm,43568.87,PLN
Clarence,Smith,csmithhe@fema.gov,China,Male,Xinmin,Quaxo,5016.44,CNY
Ruby,Peters,rpetershf@home.pl,Indonesia,Female,Weda,Kwinu,95391.99,IDR
Todd,Gonzales,tgonzaleshg@independent.co.uk,Peru,Male,Choropampa,Skyba,57628.53,PEN
Dennis,Wells,dwellshh@bigcartel.com,Greece,Male,Megalochórion,Yamia,48123.32,EUR
Mark,Morales,mmoraleshi@feedburner.com,Indonesia,Male,Krajan Pangkah Kulon,Twimbo,60409.55,IDR
Joe,Thompson,jthompsonhj@1688.com,Venezuela,Male,Guayabal,Innotype,87790.50,VEF
Rachel,Ruiz,rruizhk@wsj.com,Thailand,Female,Bang Ban,Mita,53348.64,THB
Steven,Sanders,ssandershl@vk.com,Portugal,Male,Cardal,Voonte,65928.32,EUR
Victor,Castillo,vcastillohm@woothemes.com,Russia,Male,Blagoveshchensk,Ainyx,82176.20,RUB
Barbara,Lopez,blopezhn@lycos.com,Japan,Female,Nagano-shi,Livepath,24277.78,JPY
Kevin,Reyes,kreyesho@toplist.cz,China,Male,Jinhaihu,Ozu,78816.78,CNY
Steve,Cole,scolehp@guardian.co.uk,France,Male,Gaillac,Buzzdog,95541.98,EUR
Frances,Kelley,fkelleyhq@gov.uk,Ukraine,Female,Lazi,Topicblab,71604.57,UAH
Anna,Dixon,adixonhr@google.com.hk,Bulgaria,Female,Plovdiv,Twitternation,,BGN
Sara,Torres,storreshs@w3.org,France,Female,Amiens,Eamia,91363.99,EUR
Sean,Meyer,smeyerht@comcast.net,Sweden,Male,Nol,Feedmix,60321.26,SEK
Jeremy,Rivera,jriverahu@altervista.org,Jordan,Male,Zarqa,Leenti,82814.39,JOD
Frank,Knight,fknighthv@ucla.edu,Brazil,Male,Cambará,Oodoo,83645.98,BRL
Jennifer,Holmes,jholmeshw@purevolume.com,China,Female,Shuiyuan,Blogspan,58925.63,CNY
Christopher,Warren,cwarrenhx@apache.org,Palestinian Territory,Male,Jūrat ash Sham‘ah,Devcast,,ILS
Joe,Pierce,jpiercehy@oracle.com,Lesotho,Male,Maseru,Jaxnation,69473.63,LSL
Lillian,Mason,lmasonhz@youku.com,United States,Female,Denton,Oozz,40016.16,USD
Teresa,Stevens,tstevensi0@sphinn.com,China,Female,Lühua,Zoombeat,36975.45,CNY
Shawn,Gilbert,sgilberti1@github.com,France,Male,Lyon,Vimbo,12515.74,EUR
Christine,Payne,cpaynei2@twitpic.com,Greenland,Female,Nanortalik,Thoughtstorm,2675.86,DKK
Shirley,Wood,swoodi3@wiley.com,China,Female,Dongguang,Roodel,72855.87,CNY
Douglas,Perry,dperryi4@reference.com,Indonesia,Male,Rantau,Wikizz,24779.59,IDR
Frances,Hayes,fhayesi5@foxnews.com,China,Female,Liangzeng,Aibox,15169.12,CNY
James,Patterson,jpattersoni6@sbwire.com,China,Male,Qiankeng,Flashset,44249.60,CNY
Sandra,Hayes,shayesi7@globo.com,Philippines,Female,Dolo,Skyndu,,PHP
Heather,Morris,hmorrisi8@icio.us,Russia,Female,Vychegodskiy,Edgeclub,64502.22,RUB
Jessica,Hill,jhilli9@tinypic.com,China,Female,Jiuchenggong,Voolia,44847.34,CNY
Lisa,Alexander,lalexanderia@prlog.org,Paraguay,Female,Eusebio Ayala,Ntags,29236.85,PYG
Kenneth,Baker,kbakerib@washingtonpost.com,Finland,Male,Muurame,Yozio,58637.30,EUR
Pamela,Armstrong,parmstrongic@indiatimes.com,Syria,Female,Jablah,Mynte,95266.43,SYP
Fred,Evans,fevansid@nih.gov,China,Male,Heyan,Jabbersphere,81181.78,CNY
Michelle,Nelson,mnelsonie@imgur.com,Indonesia,Female,Pendawanbaru,Devpulse,84526.96,IDR
Mildred,King,mkingif@1688.com,Indonesia,Female,Baratleke,Wikizz,20622.99,IDR
Bonnie,Peters,bpetersig@homestead.com,China,Female,Shangchewan,Riffpath,58022.49,CNY
Robin,Diaz,rdiazih@mediafire.com,China,Female,Chuanpu,Kwimbee,32422.08,CNY
Jerry,Walker,jwalkerii@blogspot.com,Iran,Male,Kaleybar,Jaxbean,25840.53,IRR
Laura,Stevens,lstevensij@si.edu,China,Female,Shimen,Meedoo,46332.42,CNY
Patricia,Wallace,pwallaceik@moonfruit.com,Senegal,Female,Richard-Toll,Wikivu,21276.63,XOF
Jason,Ryan,jryanil@purevolume.com,Sweden,Male,Johanneshov,Layo,38990.72,SEK
Roy,Parker,rparkerim@tmall.com,Serbia,Male,Bačka Topola,Oyonder,72030.04,RSD
Martha,Black,mblackin@apple.com,Venezuela,Female,Mirimire,Dabvine,,VEF
Laura,Myers,lmyersio@google.nl,China,Female,Lizhuangzi,Meezzy,66930.86,CNY
Diane,King,dkingip@goodreads.com,Indonesia,Female,Barat,Babblestorm,73533.26,IDR
Ronald,Thompson,rthompsoniq@myspace.com,China,Male,Tangga’an,Twitterlist,,CNY
Jack,Stanley,jstanleyir@dot.gov,Indonesia,Male,Tabu,Latz,26352.67,IDR
Andrea,Freeman,afreemanis@fastcompany.com,Peru,Female,Llama,Eidel,65170.80,PEN
Ashley,Jenkins,ajenkinsit@squidoo.com,Indonesia,Female,Cigaluh,Shufflebeat,21029.48,IDR
Ronald,Sullivan,rsullivaniu@go.com,Iran,Male,Sardasht,Fivespan,15090.71,IRR
Karen,Reyes,kreyesiv@cdbaby.com,Armenia,Female,Sevan,Livetube,29321.25,AMD
Robert,Flores,rfloresiw@typepad.com,China,Male,Helong,Realcube,35668.79,CNY
Jane,Jacobs,jjacobsix@tamu.edu,Indonesia,Female,Salam,Bubbletube,87621.34,IDR
Philip,Warren,pwarreniy@bloglines.com,United States,Male,Fort Lauderdale,Skinix,7764.16,USD
Alice,Meyer,ameyeriz@oakley.com,Sweden,Female,Luleå,Brightbean,42245.03,SEK
David,Romero,dromeroj0@bandcamp.com,Poland,Male,Łużna,Babblestorm,62544.71,PLN
Diane,Hudson,dhudsonj1@who.int,Yemen,Female,Sayyān,Kwinu,69510.27,YER
Janet,Berry,jberryj2@furl.net,Argentina,Female,Yerba Buena,Jabbertype,37118.79,ARS
Cynthia,Watkins,cwatkinsj3@icq.com,Poland,Female,Wyszków,Linklinks,46666.20,PLN
Joseph,Edwards,jedwardsj4@un.org,Portugal,Male,Póvoa,Linklinks,29611.35,EUR
Martha,Fernandez,mfernandezj5@webmd.com,Austria,Female,Klagenfurt am Wörthersee,Buzzdog,14529.97,EUR
Betty,Moore,bmoorej6@aboutads.info,Bosnia and Herzegovina,Female,Pećigrad,Buzzster,,BAM
Betty,Sanders,bsandersj7@plala.or.jp,Canada,Female,Winnipeg,Centimia,52791.94,CAD
Heather,James,hjamesj8@soup.io,El Salvador,Female,Chirilagua,Eayo,45672.65,USD
Diane,Ramos,dramosj9@prlog.org,Poland,Female,Wróblew,Flashset,83484.44,PLN
Joyce,Wallace,jwallaceja@free.fr,Canada,Female,Outlook,Oozz,,CAD
Irene,Harrison,iharrisonjb@mozilla.org,Canada,Female,Minnedosa,Fliptune,12375.01,CAD
Anthony,Coleman,acolemanjc@aol.com,United States,Male,Milwaukee,BlogXS,96266.16,USD
Alan,Burton,aburtonjd@yale.edu,Poland,Male,Wojciechów,Skivee,35600.52,PLN
Gloria,Willis,gwillisje@businesswire.com,Poland,Female,Łobodno,Yambee,49520.10,PLN
Raymond,Rodriguez,rrodriguezjf@histats.com,Mayotte,Male,Dembeni,Meezzy,77914.32,EUR
Christine,West,cwestjg@rambler.ru,China,Female,Chengdong,Eadel,17663.78,CNY
Andrea,Reid,areidjh@businesswire.com,Sweden,Female,Mariestad,Mynte,23212.51,SEK
Angela,Phillips,aphillipsji@soup.io,Nigeria,Female,Bukuru,Mynte,79030.58,NGN
Cynthia,Harris,charrisjj@w3.org,Poland,Female,Inowrocław,Dabshots,54409.93,PLN
Tina,Clark,tclarkjk@bloomberg.com,Russia,Female,Troparëvo,Divanoodle,35980.56,RUB
Dennis,Schmidt,dschmidtjl@mapy.cz,China,Male,Qiaodong,Lazzy,,CNY
Heather,Graham,hgrahamjm@sogou.com,Croatia,Female,Martin,Mynte,88081.46,HRK
Jimmy,Butler,jbutlerjn@blogger.com,Indonesia,Male,Pasirmukti,Fivebridge,75734.41,IDR
Alan,Watkins,awatkinsjo@cafepress.com,Indonesia,Male,Sebedo,Skippad,71344.97,IDR
Theresa,Payne,tpaynejp@amazon.com,France,Female,Colmar,Abata,82201.04,EUR
Bruce,Mills,bmillsjq@gnu.org,China,Male,Fucheng,Wordpedia,44031.59,CNY
Emily,Warren,ewarrenjr@youtu.be,France,Female,Aix-en-Provence,Voonyx,50796.86,EUR
Louis,Marshall,lmarshalljs@google.com.hk,Peru,Male,Pilcuyo,Tambee,66796.38,PEN
Sarah,Black,sblackjt@geocities.com,Portugal,Female,Quintã,Browseblab,26838.83,EUR
Joyce,Gordon,jgordonju@weibo.com,Czech Republic,Female,Postřelmov,Meejo,59503.19,CZK
Carl,Kennedy,ckennedyjv@yellowbook.com,Poland,Male,Bełżyce,Chatterbridge,73656.29,PLN
Alice,Lawrence,alawrencejw@sfgate.com,China,Female,Baima,Snaptags,44454.87,CNY
Jane,Gomez,jgomezjx@europa.eu,China,Female,Sanjia,Quatz,87024.42,CNY
Jonathan,Wagner,jwagnerjy@addtoany.com,China,Male,Maoming,Twitterbeat,35443.25,CNY
Jeremy,Ellis,jellisjz@i2i.jp,Brazil,Male,Buriti Bravo,Wikivu,54169.44,BRL
Christina,Morrison,cmorrisonk0@hhs.gov,China,Female,Chuandao,Plambee,,CNY
Sara,Kennedy,skennedyk1@vkontakte.ru,Philippines,Female,Lapaz,Jaxspan,,PHP
Donald,Garza,dgarzak2@nifty.com,Uganda,Male,Sembabule,InnoZ,90751.17,UGX
Diana,Mills,dmillsk3@fc2.com,Argentina,Female,Ingenio La Esperanza,Reallinks,32231.17,ARS
Gregory,Elliott,gelliottk4@go.com,South Africa,Male,Ventersdorp,Gigabox,33096.45,ZAR
Charles,Kelley,ckelleyk5@histats.com,Brazil,Male,São Sebastião do Caí,Gabtune,67517.84,BRL
Tammy,Gibson,tgibsonk6@vimeo.com,Russia,Female,Krutinka,Zoombeat,68374.29,RUB
Dennis,Mills,dmillsk7@oracle.com,Sweden,Male,Sundsvall,Rooxo,32173.45,SEK
Gloria,Kelly,gkellyk8@google.co.jp,Indonesia,Female,Partikan,Roodel,74561.12,IDR
Victor,Butler,vbutlerk9@un.org,Brazil,Male,Mendes,Skiptube,25743.71,BRL
Paul,Patterson,ppattersonka@diigo.com,Norway,Male,Oslo,Trilith,86814.37,NOK
Ronald,Fox,rfoxkb@cbsnews.com,China,Male,Yantianhe,Brainbox,36382.66,CNY
Peter,Roberts,probertskc@ucoz.ru,China,Male,Gubu,Realbuzz,49646.64,CNY
Anthony,Perkins,aperkinskd@goo.ne.jp,Bangladesh,Male,Lākshām,Thoughtsphere,91257.93,BDT
Brenda,Montgomery,bmontgomeryke@ox.ac.uk,Philippines,Female,San Pedro,Abatz,14803.51,PHP
Joyce,Kennedy,jkennedykf@youku.com,France,Female,Limoges,Dynazzy,97476.51,EUR
Deborah,Hansen,dhansenkg@unc.edu,Sweden,Female,Smålandsstenar,Demivee,1120.13,SEK
Jeffrey,Taylor,jtaylorkh@nyu.edu,Philippines,Male,San Vicente,Realcube,15851.91,PHP
Amanda,Henderson,ahendersonki@t.co,Philippines,Female,Barra,Buzzster,63627.43,PHP
Lisa,Sanders,lsanderskj@unesco.org,Brazil,Female,Sarzedo,Fanoodle,95943.14,BRL
Mary,Wallace,mwallacekk@netscape.com,Peru,Female,Pira,Quatz,,PEN
Brenda,Webb,bwebbkl@google.co.jp,China,Female,Lujiao,Yamia,81988.21,CNY
Craig,Moore,cmoorekm@bloomberg.com,Philippines,Male,San Fernando,Topicstorm,80264.39,PHP
Lois,Jones,ljoneskn@globo.com,Mauritius,Female,Camp Ithier,Geba,,MUR
Nicholas,Jackson,njacksonko@fda.gov,Indonesia,Male,Sukowono,Skyndu,89630.31,IDR
Diane,Campbell,dcampbellkp@shutterfly.com,China,Female,Shicong,Tavu,18713.38,CNY
Rebecca,Myers,rmyerskq@vinaora.com,Brazil,Female,Santo Antônio do Içá,Kaymbo,5673.81,BRL
Sandra,Fields,sfieldskr@hexun.com,China,Female,Xinshao,Feednation,93181.38,CNY
Carl,Garza,cgarzaks@go.com,China,Male,Simenqian,Gabvine,10220.61,CNY
Laura,Hunt,lhuntkt@uiuc.edu,China,Female,Jieguanting,Abatz,,CNY
Kelly,Carter,kcarterku@discovery.com,China,Female,Rongxi,Fiveclub,3511.74,CNY
Billy,Boyd,bboydkv@technorati.com,Malaysia,Male,Kuala Lumpur,Mynte,,MYR
Maria,Morales,mmoraleskw@who.int,Philippines,Female,Alannay,Shuffledrive,,PHP
Timothy,Stewart,tstewartkx@ft.com,United States,Male,Scottsdale,Divape,39807.09,USD
Rachel,Hernandez,rhernandezky@techcrunch.com,Japan,Female,Hino,Demizz,35248.16,JPY
Ruth,Stanley,rstanleykz@myspace.com,China,Female,Qingtong,Flashpoint,34903.20,CNY
Jesse,Gordon,jgordonl0@soundcloud.com,New Caledonia,Male,Koumac,Tambee,63992.62,XPF
Raymond,Armstrong,rarmstrongl1@quantcast.com,Indonesia,Male,Pulosari,Lazz,84752.67,IDR
Julia,Garrett,jgarrettl2@cornell.edu,Japan,Female,Fuji,InnoZ,87044.47,JPY
Maria,Mccoy,mmccoyl3@hibu.com,Indonesia,Female,Gajah,Edgewire,68472.89,IDR
Anne,Moore,amoorel4@google.cn,Philippines,Female,Robonkon,Zooveo,8170.93,PHP
Raymond,Day,rdayl5@un.org,Morocco,Male,Bouarouss,Kwideo,,MAD
Ryan,Armstrong,rarmstrongl6@webs.com,Poland,Male,Sędziejowice,Flashset,34786.76,PLN
Ryan,Schmidt,rschmidtl7@fda.gov,France,Male,Metz,Voomm,96608.62,EUR
James,Gutierrez,jgutierrezl8@examiner.com,Brazil,Male,Pacajus,Voolith,82752.48,BRL
Jesse,Diaz,jdiazl9@indiatimes.com,Sweden,Male,Hova,Yakijo,14054.09,SEK
Diane,Romero,dromerola@china.com.cn,China,Female,Huadi,Photobug,70355.17,CNY
Richard,Phillips,rphillipslb@smugmug.com,Peru,Male,San Isidro,Jaxspan,17070.79,PEN
Louise,Nichols,lnicholslc@tinyurl.com,Armenia,Female,Ararat,Eabox,6427.88,AMD
Albert,Bryant,abryantld@zdnet.com,Greece,Male,Lefkímmi,Rhycero,16992.99,EUR
Lois,Bowman,lbowmanle@google.ru,Colombia,Female,El Copey,Voomm,66289.75,COP
Barbara,Marshall,bmarshalllf@bbc.co.uk,Portugal,Female,Linhares,Blogtags,51312.67,EUR
Andrea,Little,alittlelg@abc.net.au,Indonesia,Female,Sumberrejo,Skinte,72647.37,IDR
Gary,Elliott,gelliottlh@taobao.com,Mexico,Male,Independencia,Oyonder,,MXN
Kathryn,Dean,kdeanli@360.cn,China,Female,Beishan,Centimia,,CNY
Joyce,Stephens,jstephenslj@mtv.com,Ukraine,Female,Shums’k,Jaxworks,76809.87,UAH
Philip,Morrison,pmorrisonlk@4shared.com,Indonesia,Male,Krajan Caluk,Kare,92015.78,IDR
Juan,Stevens,jstevensll@mozilla.com,China,Male,Linchen,Eimbee,37183.66,CNY
Richard,Jones,rjoneslm@house.gov,Netherlands,Male,Lelystad,Wordpedia,45167.63,EUR
Jeremy,Dunn,jdunnln@bloglines.com,Mongolia,Male,Bayasgalant,Mybuzz,27893.34,MNT
Jimmy,Howell,jhowelllo@harvard.edu,Jamaica,Male,New Kingston,Gigaclub,58460.09,JMD
Chris,Anderson,candersonlp@princeton.edu,East Timor,Male,Suai,Oodoo,7785.38,USD
Philip,Jackson,pjacksonlq@cbsnews.com,Cyprus,Male,Nicosia,Teklist,910.69,EUR
Rebecca,Cruz,rcruzlr@barnesandnoble.com,Morocco,Female,Mosquée,Bluezoom,52129.74,MAD
Heather,Johnson,hjohnsonls@bloomberg.com,China,Female,Quzi,Topicware,14851.41,CNY
Anna,Carr,acarrlt@techcrunch.com,Netherlands,Female,Alkmaar,Blogtags,97176.11,EUR
Laura,Price,lpricelu@macromedia.com,Serbia,Female,Smederevo,Meevee,,RSD
Gregory,Jackson,gjacksonlv@webnode.com,China,Male,Shibi,Talane,8421.73,CNY
James,Rogers,jrogerslw@ning.com,Brazil,Male,Barreiro do Jaíba,Devshare,,BRL
Frank,Frazier,ffrazierlx@unc.edu,Brazil,Male,Afogados da Ingazeira,Linktype,50539.51,BRL
Cheryl,Medina,cmedinaly@amazon.com,Philippines,Female,Saaban,Reallinks,12079.45,PHP
Edward,Bennett,ebennettlz@yellowpages.com,Argentina,Male,General San Martín,Youfeed,41693.62,ARS
Ann,Wilson,awilsonm0@who.int,Mexico,Female,La Aurora,Tanoodle,,MXN
Julia,Gardner,jgardnerm1@acquirethisname.com,Philippines,Female,Apoya,Dynava,14028.53,PHP
Donald,Chapman,dchapmanm2@google.com.au,United States,Male,Birmingham,Eare,9091.36,USD
Christopher,Burns,cburnsm3@home.pl,Syria,Male,Ḩarf al Musaytirah,Mybuzz,78666.45,SYP
Thomas,Powell,tpowellm4@reuters.com,Argentina,Male,San José de Feliciano,Rhyloo,42631.24,ARS
Betty,Hernandez,bhernandezm5@cbc.ca,China,Female,Zhangshui,Zoonder,68855.44,CNY
Keith,Garcia,kgarciam6@diigo.com,Portugal,Male,Mucifal,Blogtags,30822.68,EUR
Helen,Shaw,hshawm7@house.gov,China,Female,Chifeng,Dablist,52285.01,CNY
Patricia,Bowman,pbowmanm8@army.mil,Malawi,Female,Blantyre,Tagchat,52448.92,MWK
Betty,Spencer,bspencerm9@de.vu,Brazil,Female,Barão de Melgaço,Riffpedia,71980.79,BRL
Theresa,Cunningham,tcunninghamma@squidoo.com,Yemen,Female,‘Amrān,Edgeclub,48603.04,YER
Janice,Hunt,jhuntmb@google.com.au,Japan,Female,Sugito,Flipbug,45668.20,JPY
Linda,Coleman,lcolemanmc@google.es,Estonia,Female,Sindi,Pixonyx,66834.17,EUR
Walter,Jackson,wjacksonmd@newyorker.com,China,Male,Malian,Flipbug,93629.60,CNY
Gerald,Dunn,gdunnme@artisteer.com,Bosnia and Herzegovina,Male,Dubravica,Gigazoom,81395.60,BAM
Russell,Harrison,rharrisonmf@shop-pro.jp,Indonesia,Male,Krajan Siki,Realcube,48439.59,IDR
David,Gutierrez,dgutierrezmg@mayoclinic.com,Indonesia,Male,Jatirogo,Leexo,7879.26,IDR
Gregory,Montgomery,gmontgomerymh@blog.com,Brazil,Male,Jaguaquara,Jazzy,85245.82,BRL
Joe,Franklin,jfranklinmi@reference.com,China,Male,Fenhe,Yadel,32401.34,CNY
Rebecca,Powell,rpowellmj@archive.org,Finland,Female,Kokemäki,Eabox,6310.47,EUR
Steven,Harris,sharrismk@china.com.cn,China,Male,Miliangju,Skinte,,CNY
Brenda,Mills,bmillsml@cmu.edu,Afghanistan,Female,Charikar,Rooxo,22727.98,AFN
James,Simpson,jsimpsonmm@rediff.com,China,Male,Xianlong,Voonte,78280.03,CNY
Kimberly,Watkins,kwatkinsmn@slashdot.org,Egypt,Female,Dayrūţ,Edgeify,60044.07,EGP
Louise,Jacobs,ljacobsmo@ezinearticles.com,China,Female,Dongshandi,Trudoo,52506.09,CNY
Angela,White,awhitemp@so-net.ne.jp,China,Female,Marelesu,Ooba,54485.89,CNY
Jeremy,Cox,jcoxmq@slashdot.org,China,Male,Baiyang,Dabfeed,12510.17,CNY
Tammy,Black,tblackmr@ftc.gov,China,Female,Cangqian,Browseblab,55072.76,CNY
Irene,Payne,ipaynems@geocities.com,Kazakhstan,Female,Kokshetau,Blogspan,60626.96,KZT
Donna,Brown,dbrownmt@reference.com,Syria,Female,Douma,Skajo,4965.13,SYP
Christopher,Gordon,cgordonmu@liveinternet.ru,Guatemala,Male,Concepción,Wordtune,82870.87,GTQ
Susan,Stevens,sstevensmv@toplist.cz,Brazil,Female,Areia Branca,Myworks,64025.55,BRL
Amy,Richards,arichardsmw@photobucket.com,Greece,Female,Morfovoúni,Quinu,,EUR
Ann,Torres,atorresmx@ustream.tv,Philippines,Female,Laguilayan,Tavu,48807.85,PHP
Jessica,Allen,jallenmy@indiatimes.com,China,Female,Taiping,Teklist,60750.96,CNY
Jack,Bell,jbellmz@jugem.jp,Madagascar,Male,Fenoarivo Atsinanana,Jaloo,,MGA
Nancy,Freeman,nfreemann0@irs.gov,Japan,Female,Sakura,Pixope,37540.93,JPY
Paula,George,pgeorgen1@businessinsider.com,Philippines,Female,Villasis,Photofeed,30298.10,PHP
Rose,Crawford,rcrawfordn2@pinterest.com,Russia,Female,Irkliyevskaya,Blogtag,7669.88,RUB
Janice,Meyer,jmeyern3@nytimes.com,Philippines,Female,Lipahan,Devify,85232.71,PHP
Ryan,Fisher,rfishern4@webmd.com,China,Male,Buliu,Camido,96335.40,CNY
Kathryn,Henry,khenryn5@yahoo.co.jp,Croatia,Female,Predavac,Edgeblab,74507.14,HRK
Arthur,Rose,arosen6@amazon.com,Russia,Male,Meget,Skajo,97167.38,RUB
Anne,Greene,agreenen7@blogger.com,Brazil,Female,Pindorama,Brainsphere,10600.76,BRL
Cynthia,Barnes,cbarnesn8@baidu.com,France,Female,Paris 07,Rhycero,90069.73,EUR
Matthew,Flores,mfloresn9@fc2.com,Croatia,Male,Mačkovec,Bubblemix,,HRK
Linda,Carr,lcarrna@ucoz.ru,Ukraine,Female,Torez,Buzzbean,37734.63,UAH
Diane,George,dgeorgenb@oaic.gov.au,China,Female,Liancheng,Thoughtstorm,7710.61,CNY
Benjamin,Cooper,bcoopernc@livejournal.com,Indonesia,Male,Triwil,Quamba,46205.90,IDR
Anna,Garcia,agarciand@cnbc.com,Indonesia,Female,Sukoanyar,Photobug,10321.95,IDR
Debra,Chapman,dchapmanne@exblog.jp,Nicaragua,Female,Río Blanco,Katz,93933.20,NIO
Marie,Gilbert,mgilbertnf@free.fr,Russia,Female,Karaidel’,Camido,7281.88,RUB
Jason,Burton,jburtonng@forbes.com,Jamaica,Male,Petersfield,Mudo,23014.57,JMD
Mark,Barnes,mbarnesnh@myspace.com,Canada,Male,Watrous,Skidoo,61990.85,CAD
Donald,Adams,dadamsni@gravatar.com,Colombia,Male,Chigorodó,Zoonder,5302.19,COP
Todd,Reynolds,treynoldsnj@princeton.edu,South Africa,Male,Vredefort,Aimbu,70269.87,ZAR
Donna,Palmer,dpalmernk@shop-pro.jp,China,Female,Huayang,Quimm,66629.91,CNY
Cheryl,Richards,crichardsnl@fc2.com,Indonesia,Female,Rikitgaib,Katz,10072.40,IDR
Evelyn,Hansen,ehansennm@printfriendly.com,Indonesia,Female,Sidomakmur,Realmix,61162.08,IDR
Adam,Martin,amartinnn@redcross.org,China,Male,Maxu,Flashpoint,,CNY
Elizabeth,White,ewhiteno@php.net,France,Female,Courtaboeuf,Kimia,43890.37,EUR
Ronald,Larson,rlarsonnp@webs.com,Poland,Male,Wierzchosławice,InnoZ,82165.83,PLN
Sharon,Rogers,srogersnq@taobao.com,France,Female,Le Grand-Quevilly,Skinte,67304.70,EUR
Theresa,Allen,tallennr@prlog.org,Brazil,Female,Ipubi,Yodoo,65809.01,BRL
Stephanie,Morgan,smorganns@wisc.edu,Indonesia,Female,Gedangan,Yakitri,47340.35,IDR
Ernest,Harper,eharpernt@alexa.com,Jamaica,Male,Port Maria,Linkbridge,43463.45,JMD
Janice,Morgan,jmorgannu@kickstarter.com,France,Female,Fontenay-sous-Bois,Photolist,413.27,EUR
Roger,Murray,rmurraynv@linkedin.com,Indonesia,Male,Talok,JumpXS,42271.71,IDR
Janice,Perkins,jperkinsnw@miitbeian.gov.cn,China,Female,Shijia,Voomm,36090.46,CNY
Nicole,Jacobs,njacobsnx@columbia.edu,Portugal,Female,Ermelo,Rooxo,64047.34,EUR
Nicole,Lynch,nlynchny@ucsd.edu,France,Female,Paris 01,Lazz,,EUR
Jesse,Snyder,jsnydernz@blogs.com,Sweden,Male,Leksand,Feedfish,7420.14,SEK
Karen,Anderson,kandersono0@alexa.com,Indonesia,Female,Cigedang,Dabshots,1838.79,IDR
Ann,Scott,ascotto1@techcrunch.com,Brazil,Female,Freguesia do Ribeirao da Ilha,Jabbertype,52196.99,BRL
Fred,Mccoy,fmccoyo2@cnbc.com,Bolivia,Male,Potosí,Flashset,59868.11,BOB
Amanda,Patterson,apattersono3@vk.com,France,Female,Épinal,Fadeo,27302.46,EUR
Terry,Sanchez,tsanchezo4@imdb.com,Kosovo,Male,Ranilug,Skiba,28169.68,EUR
Charles,Miller,cmillero5@nature.com,Colombia,Male,La Unión,Fliptune,,COP
Virginia,Arnold,varnoldo6@salon.com,New Zealand,Female,New Plymouth,Photobug,81157.83,NZD
Jack,Rivera,jriverao7@admin.ch,Portugal,Male,Barrosas,Rhynyx,50700.04,EUR
Albert,Perez,aperezo8@bloglovin.com,Indonesia,Male,Linggamanik,Jatri,30350.50,IDR
Margaret,Fields,mfieldso9@cloudflare.com,China,Female,Gaoyang,Tambee,42471.67,CNY
Rebecca,Stephens,rstephensoa@bloglines.com,Brazil,Female,Formiga,Fivespan,83368.43,BRL
Anna,Boyd,aboydob@arizona.edu,Pakistan,Female,Jalālpur Pīrwāla,Dabjam,43896.37,PKR
Dorothy,Hawkins,dhawkinsoc@sohu.com,China,Female,Jiaotang,Thoughtworks,34191.61,CNY
Deborah,Hill,dhillod@senate.gov,Czech Republic,Female,Žatec,Fliptune,37216.82,CZK
Terry,Scott,tscottoe@uiuc.edu,Portugal,Male,Lamego,Voonix,30896.63,EUR
Wanda,Hunt,whuntof@e-recht24.de,Brazil,Female,Maragogi,Skiba,26269.27,BRL
Angela,Green,agreenog@t-online.de,Portugal,Female,Vilarinho da Castanheira,Latz,32323.81,EUR
John,Bailey,jbaileyoh@edublogs.org,Russia,Male,Staroutkinsk,Twitternation,22307.36,RUB
Wayne,Fields,wfieldsoi@nsw.gov.au,Argentina,Male,Vera,Wikizz,40312.15,ARS
Bonnie,Scott,bscottoj@geocities.com,Brazil,Female,Bastos,Dabtype,5110.83,BRL
Brenda,Harvey,bharveyok@adobe.com,China,Female,Huji,Tambee,43125.81,CNY
Henry,Ramirez,hramirezol@over-blog.com,Serbia,Male,Mošorin,Topicware,32998.37,RSD
Martin,Kennedy,mkennedyom@usatoday.com,Bosnia and Herzegovina,Male,Malešići,Flipstorm,93069.26,BAM
Christopher,Dixon,cdixonon@independent.co.uk,Indonesia,Male,Dateng,Vinder,53761.60,IDR
David,Willis,dwillisoo@skyrock.com,Indonesia,Male,Mulyadadi,Jayo,29466.72,IDR
Peter,Rose,proseop@hud.gov,Indonesia,Male,Karangtengah,Voonyx,52859.14,IDR
Tina,Watson,twatsonoq@utexas.edu,China,Female,Temeke,Fadeo,51267.17,CNY
Timothy,Daniels,tdanielsor@bbb.org,China,Male,Xiapu,Tazzy,,CNY
Earl,Long,elongos@europa.eu,South Africa,Male,Allanridge,Skimia,14998.52,ZAR
Joyce,Murphy,jmurphyot@github.com,China,Female,Zhendong,Quatz,63182.14,CNY
Jack,Martinez,jmartinezou@quantcast.com,Russia,Male,Chernyanka,Blogpad,22726.36,RUB
Jason,Murray,jmurrayov@psu.edu,Philippines,Male,Butigui,Brightdog,25237.26,PHP
Sarah,Hart,shartow@list-manage.com,Ireland,Female,Dunleer,Riffpedia,85121.40,EUR
Jeffrey,Palmer,jpalmerox@wp.com,Malaysia,Male,Pulau Pinang,Rhyloo,42272.70,MYR
Michelle,Ryan,mryanoy@g.co,Russia,Female,Vladimirskaya,Youtags,47150.85,RUB
Brenda,Rice,briceoz@home.pl,China,Female,Shuangxiqiao,BlogXS,23433.92,CNY
George,Stevens,gstevensp0@purevolume.com,Indonesia,Male,Pamungguan,Thoughtbridge,56393.66,IDR
Gregory,Watkins,gwatkinsp1@google.pl,Iraq,Male,Al ‘Awjah,Eadel,81435.06,IQD
Arthur,Williamson,awilliamsonp2@ebay.com,Kuwait,Male,Al Faḩāḩīl,Skibox,84194.59,KWD
Jeremy,Butler,jbutlerp3@yolasite.com,China,Male,Fenjie,Plajo,97977.68,CNY
Ruby,Warren,rwarrenp4@jigsy.com,Tanzania,Female,Kihangara,Jabberbean,,TZS
Rachel,Rose,rrosep5@hubpages.com,Poland,Female,Świlcza,Realfire,6721.33,PLN
Wayne,Powell,wpowellp6@hp.com,Philippines,Male,Suso,Feedfish,56838.88,PHP
Larry,Peters,lpetersp7@ft.com,Sweden,Male,Örnsköldsvik,Topicblab,,SEK
Lori,Moreno,lmorenop8@w3.org,Portugal,Female,Mata,Blogtag,83744.39,EUR
Dorothy,Mendoza,dmendozap9@homestead.com,Indonesia,Female,Kraton,Thoughtsphere,90731.29,IDR
Lillian,Frazier,lfrazierpa@ocn.ne.jp,China,Female,Beisijia,Blogpad,69304.16,CNY
Christopher,Porter,cporterpb@bloglovin.com,China,Male,Nan’ao,Meezzy,2862.76,CNY
Frank,Warren,fwarrenpc@smugmug.com,Canada,Male,Pasadena,Wikibox,87108.77,CAD
Brian,Jones,bjonespd@goo.gl,Poland,Male,Gromnik,Jamia,38313.57,PLN
Heather,Ruiz,hruizpe@indiatimes.com,China,Female,Talin Hiag,Riffwire,77900.45,CNY
Frank,Campbell,fcampbellpf@hp.com,Macedonia,Male,Butel,Rhycero,73685.13,MKD
Kenneth,Torres,ktorrespg@ucoz.ru,Benin,Male,Abomey-Calavi,Gabspot,22477.69,XOF
Willie,Kelly,wkellyph@mac.com,Mexico,Male,Linda Vista,Quimba,73798.48,MXN
Brandon,Gordon,bgordonpi@live.com,Nicaragua,Male,Ciudad Darío,Flashspan,59688.61,NIO
Jeffrey,Carpenter,jcarpenterpj@usatoday.com,Sweden,Male,Täby,Yodo,92615.03,SEK
Maria,Shaw,mshawpk@ocn.ne.jp,United States,Female,Fort Worth,Twitterlist,12986.51,USD
Martin,Marshall,mmarshallpl@ft.com,Philippines,Male,Malayal,Chatterpoint,98413.59,PHP
Amy,Jacobs,ajacobspm@naver.com,France,Female,Rennes,Skippad,,EUR
Kathryn,Rice,kricepn@ifeng.com,Greece,Female,Káto Dhiminió,Photobug,81855.53,EUR
Thomas,Peters,tpeterspo@fastcompany.com,Poland,Male,Glinojeck,Chatterbridge,81447.51,PLN
Peter,Richards,prichardspp@ted.com,Indonesia,Male,Pringgoboyo,Tagpad,23808.33,IDR
Chris,Walker,cwalkerpq@dagondesign.com,Bosnia and Herzegovina,Male,Pjanići,Quimba,,BAM
Marie,Burns,mburnspr@howstuffworks.com,Afghanistan,Female,Bāzārak,Devshare,76036.71,AFN
Julie,Frazier,jfrazierps@usa.gov,Indonesia,Female,Banjar Tengah,Pixoboo,68005.17,IDR
Christina,Lopez,clopezpt@cdbaby.com,Sweden,Female,Umeå,Wikizz,76814.53,SEK
Kenneth,George,kgeorgepu@hc360.com,China,Male,Mingshan,Tazz,99232.28,CNY
Frank,Webb,fwebbpv@youku.com,Croatia,Male,Donja Brela,Kazio,24179.22,HRK
Phyllis,Freeman,pfreemanpw@ucla.edu,Indonesia,Female,Waepana,Gabcube,14246.36,IDR
Diane,Boyd,dboydpx@nih.gov,Poland,Female,Dobra,Blogpad,90450.32,PLN
Kimberly,Perry,kperrypy@marketwatch.com,Bangladesh,Female,Farīdpur,Voolia,97882.37,BDT
Norma,Lawrence,nlawrencepz@goodreads.com,Peru,Female,Cerro de Pasco,Shuffledrive,18396.05,PEN
Sarah,Hart,shartq0@e-recht24.de,Philippines,Female,La Paz,Fivespan,75519.02,PHP
Heather,Garcia,hgarciaq1@fema.gov,Brazil,Female,Vitória,Skyvu,5668.30,BRL
Diane,Collins,dcollinsq2@unicef.org,Russia,Female,Saint Petersburg,Meetz,15208.89,RUB
Julia,Black,jblackq3@amazon.co.jp,Philippines,Female,Katipunan,Meembee,27824.09,PHP
Shawn,Garza,sgarzaq4@hugedomains.com,China,Male,Laba Goumen,Mynte,65641.51,CNY
Aaron,Daniels,adanielsq5@github.io,Dominican Republic,Male,Ciudad Nueva,Blogtag,1303.86,DOP
Catherine,Henry,chenryq6@bigcartel.com,Syria,Female,Sa‘sa‘,Demizz,68739.99,SYP
Joshua,Mccoy,jmccoyq7@joomla.org,Sierra Leone,Male,Masoyila,Chatterbridge,95072.56,SLL
Clarence,Mills,cmillsq8@posterous.com,Malaysia,Male,Pulau Pinang,Dazzlesphere,69660.16,MYR
Kathryn,Gray,kgrayq9@java.com,China,Female,Fengqiao,Jaxnation,11798.24,CNY
Helen,Little,hlittleqa@dot.gov,China,Female,Lianzhou,Yambee,76774.55,CNY
Susan,Lawrence,slawrenceqb@hc360.com,China,Female,Furongqiao,Jabberbean,,CNY
Wanda,Woods,wwoodsqc@reuters.com,Philippines,Female,Calaba,Demizz,88873.70,PHP
Doris,Rodriguez,drodriguezqd@pinterest.com,Indonesia,Female,Cilebang Satu,Brainbox,30711.99,IDR
Nicholas,Allen,nallenqe@dot.gov,Sweden,Male,Lindesberg,Trupe,91266.64,SEK
Peter,Banks,pbanksqf@walmart.com,Portugal,Male,Palhais,Miboo,50182.03,EUR
Wayne,Torres,wtorresqg@theatlantic.com,Tunisia,Male,Kasserine,Devcast,37898.20,TND
Anthony,Butler,abutlerqh@huffingtonpost.com,Indonesia,Male,Urug,Lazzy,84403.70,IDR
Kathy,Hill,khillqi@usnews.com,Japan,Female,Sakai,Eadel,98880.82,JPY
Philip,Montgomery,pmontgomeryqj@china.com.cn,Philippines,Male,Libacao,Jayo,9853.02,PHP
Alan,Edwards,aedwardsqk@spiegel.de,Indonesia,Male,Krajan Pocangan,Podcat,92072.00,IDR
Ronald,Kim,rkimql@dot.gov,China,Male,Gantang,Devify,10384.87,CNY
Sean,Moore,smooreqm@salon.com,Thailand,Male,Wichit,Jaloo,87733.53,THB
Irene,Bailey,ibaileyqn@oaic.gov.au,Democratic Republic of the Congo,Female,Gemena,Pixonyx,91050.91,CDF
Justin,Cox,jcoxqo@omniture.com,Philippines,Male,Sibulan,Realbuzz,66534.10,PHP
Dennis,Lane,dlaneqp@wisc.edu,Honduras,Male,El Ocotón,Brainbox,16878.71,HNL
Bonnie,Johnson,bjohnsonqq@domainmarket.com,Ethiopia,Female,Dire Dawa,Realbridge,57809.28,ETB
Kenneth,Smith,ksmithqr@joomla.org,Poland,Male,Działdowo,Einti,22430.92,PLN
Kathryn,Gibson,kgibsonqs@ft.com,Myanmar,Female,Nay Pyi Taw,Buzzshare,4348.29,MMK
Roger,Castillo,rcastilloqt@ftc.gov,Poland,Male,Trzcianka,Kwinu,44490.57,PLN
Willie,Dunn,wdunnqu@walmart.com,China,Male,Zhangxi,Oloo,95292.20,CNY
Marie,Snyder,msnyderqv@umn.edu,Netherlands,Female,Nijmegen,Voolia,26236.83,EUR
Gerald,Miller,gmillerqw@amazon.com,Nigeria,Male,Mekkaw,Gabcube,20122.73,NGN
Walter,Collins,wcollinsqx@dropbox.com,Afghanistan,Male,Jurm,Zava,,AFN
Frances,Marshall,fmarshallqy@vimeo.com,Montenegro,Female,Stari Bar,Eare,32192.48,EUR
Beverly,Hughes,bhughesqz@epa.gov,Greece,Female,Sosándra,Aivee,,EUR
Louise,Warren,lwarrenr0@techcrunch.com,China,Female,Sihai,Yacero,85305.36,CNY
Virginia,Thomas,vthomasr1@amazon.de,China,Female,Shuitian,Brainverse,74593.58,CNY
Frank,Hill,fhillr2@godaddy.com,Brazil,Male,Santa Gertrudes,Livetube,91968.44,BRL
Christina,Johnson,cjohnsonr3@cornell.edu,Hungary,Female,Székesfehérvár,Abatz,65525.65,HUF
Roger,Wilson,rwilsonr4@noaa.gov,Japan,Male,Nemuro,Geba,,JPY
Patrick,Turner,pturnerr5@ibm.com,Russia,Male,Shelabolikha,Thoughtstorm,62859.82,RUB
Brandon,Franklin,bfranklinr6@newyorker.com,Portugal,Male,São Bento,Pixoboo,26673.09,EUR
Antonio,Ryan,aryanr7@about.me,Indonesia,Male,Cibeureum,Trudeo,18303.80,IDR
Eric,Hunter,ehunterr8@mashable.com,Ireland,Male,Prosperous,Twitterbridge,65473.07,EUR
Tammy,Black,tblackr9@patch.com,Russia,Female,Khotynets,Yacero,96001.37,RUB
Roy,Gutierrez,rgutierrezra@illinois.edu,Yemen,Male,Al Jabīn,Aimbu,11082.43,YER
Mary,Matthews,mmatthewsrb@purevolume.com,Bolivia,Female,Coripata,JumpXS,93880.57,BOB
Steve,Walker,swalkerrc@opensource.org,Japan,Male,Higashimurayama-shi,Fanoodle,59466.95,JPY
Keith,Campbell,kcampbellrd@ucsd.edu,China,Male,Mamu,Photolist,25019.87,CNY
Peter,Jordan,pjordanre@berkeley.edu,Venezuela,Male,Rubio,Voonix,89188.39,VEF
Ryan,Ray,rrayrf@de.vu,Portugal,Male,Alcabideche,Eimbee,58608.23,EUR
Tina,Dunn,tdunnrg@telegraph.co.uk,Chile,Female,San Vicente,Feedmix,8284.05,CLP
Sara,Wheeler,swheelerrh@howstuffworks.com,China,Female,Fuji,Lazzy,4764.83,CNY
Lillian,Robertson,lrobertsonri@harvard.edu,Poland,Female,Pępowo,Blognation,70848.13,PLN
Betty,Robertson,brobertsonrj@ask.com,Poland,Female,Studzionka,Oodoo,17816.10,PLN
Louise,Hanson,lhansonrk@ted.com,Sweden,Female,Degerfors,Roomm,48373.14,SEK
Debra,Harris,dharrisrl@example.com,China,Female,Xingdian,Devshare,70377.90,CNY
Carl,Foster,cfosterrm@ucoz.com,Russia,Male,Mel’nikovo,Zoozzy,,RUB
Marie,Mitchell,mmitchellrn@icio.us,Philippines,Female,Mabilog,Livetube,93205.69,PHP
Wayne,Ferguson,wfergusonro@timesonline.co.uk,Indonesia,Male,Bebekan,Centimia,53328.95,IDR
Julia,Bell,jbellrp@icq.com,Venezuela,Female,Coloncito,Youspan,27440.76,VEF
Christopher,Martinez,cmartinezrq@senate.gov,Thailand,Male,Bua Yai,Realcube,46602.28,THB
Rachel,Gutierrez,rgutierrezrr@bandcamp.com,China,Female,Dadong,Youopia,,CNY
