Elizabeth,Wilson,ewilson0@wikimedia.org,Iran,Female,Gīvī,Quatz,,IRR
Joseph,Lane,jlane1@foxnews.com,Indonesia,Male,Laiponda,Kare,49913.76,IDR
Robin,Russell,rrussell2@ameblo.jp,Mexico,Female,Las Americas,Flashdog,68998.16,MXN
Robin,Simmons,rsimmons3@a8.net,France,Female,Rouen,Leexo,,EUR
Rose,James,rjames4@youtube.com,Netherlands,Female,Amsterdam Binnenstad en Oostelijk Havengebied,Browsezoom,10159.90,EUR
Thomas,Young,tyoung5@state.tx.us,Sweden,Male,Hägersten,Eayo,9638.35,SEK
Tina,Hart,thart6@hc360.com,Peru,Female,Sangallaya,Ntags,95521.30,PEN
Nicholas,Woods,nwoods7@wiley.com,Russia,Male,Novoalekseyevskaya,Zoonoodle,99334.56,RUB
Edward,Warren,ewarren8@pcworld.com,Pakistan,Male,Malakand,Realcube,88106.79,PKR
Laura,Chapman,lchapman9@tumblr.com,China,Female,Yoiqag,Wordware,47395.91,CNY
Lawrence,Green,lgreena@si.edu,China,Male,Linxi,Eadel,62001.15,CNY
Jessica,Berry,jberryb@blinklist.com,Sweden,Female,Ystad,Youopia,78031.32,SEK
Alice,Garrett,agarrettc@who.int,United States,Female,Atlanta,Roombo,8455.22,USD
Stephanie,Foster,sfosterd@google.nl,Finland,Female,Haukivuori,Nlounge,90397.71,EUR
Gloria,Price,gpricee@pcworld.com,Poland,Female,Trąbki Wielkie,Kwideo,4327.60,PLN
Russell,Armstrong,rarmstrongf@uol.com.br,Iran,Male,Bīleh Savār,Chatterbridge,33029.59,IRR
Albert,Arnold,aarnoldg@mayoclinic.com,Philippines,Male,Boston,Zooxo,72138.86,PHP
Robert,Ellis,rellish@house.gov,Indonesia,Male,Sukatani,Jabberstorm,68991.29,IDR
Michelle,Gilbert,mgilberti@go.com,China,Female,Beiping,Edgewire,24442.73,CNY
Melissa,Willis,mwillisj@163.com,Argentina,Female,Fraile Pintado,Ainyx,33010.53,ARS
Jonathan,Barnes,jbarnesk@hibu.com,Russia,Male,Mtsensk,Jaxspan,45602.68,RUB
Larry,Gordon,lgordonl@wufoo.com,Brazil,Male,Nanuque,Kwimbee,17040.69,BRL
Donald,Hall,dhallm@economist.com,France,Male,Roissy Charles-de-Gaulle,Feednation,61275.78,EUR
Pamela,Morris,pmorrisn@china.com.cn,Estonia,Female,Sauga,Flashpoint,,EUR
Daniel,Wallace,dwallaceo@rediff.com,South Africa,Male,Kakamas,Mydo,71784.05,ZAR
Shawn,Olson,solsonp@goo.gl,France,Male,Rouen,Rhybox,49598.08,EUR
Marilyn,Bowman,mbowmanq@opensource.org,Indonesia,Female,Karangboyo,Aimbu,4999.83,IDR
Cynthia,Day,cdayr@acquirethisname.com,Vietnam,Female,Trới,Demizz,78452.40,VND
Melissa,Alexander,malexanders@dropbox.com,Iceland,Female,Grindavík,Quaxo,28840.42,ISK
Jimmy,Cox,jcoxt@thetimes.co.uk,Brazil,Male,Corupá,Trilia,89298.04,BRL
Jennifer,Ferguson,jfergusonu@mit.edu,Sweden,Female,Göteborg,Shufflester,2795.79,SEK
Susan,Reed,sreedv@usgs.gov,Czech Republic,Female,Hořice,Fadeo,74658.40,CZK
Shirley,Edwards,sedwardsw@123-reg.co.uk,Indonesia,Female,Turirejo,Devpulse,73436.57,IDR
Edward,Bishop,ebishopx@gov.uk,Indonesia,Male,Sumanding,Chatterpoint,37874.39,IDR
Arthur,Henderson,ahendersony@icq.com,Portugal,Male,Melres,Fanoodle,20937.71,EUR
Judith,Sanders,jsandersz@blogs.com,China,Female,Shanling,Thoughtworks,97658.85,CNY
Lisa,Montgomery,lmontgomery10@reverbnation.com,Russia,Female,Novyye Cherëmushki,Aivee,10098.72,RUB
Joshua,Simmons,jsimmons11@jigsy.com,Russia,Male,Leninsk,Rhynoodle,92536.99,RUB
Adam,Rice,arice12@forbes.com,Kosovo,Male,Budakovo,Thoughtmix,8236.10,EUR
Kenneth,Perez,kperez13@opensource.org,China,Male,Yong’an,Jazzy,12138.37,CNY
Joseph,Simpson,jsimpson14@google.cn,Latvia,Male,Aloja,Yodoo,75576.84,EUR
Daniel,Murray,dmurray15@google.de,Russia,Male,Zhukovskiy,Meembee,86806.22,RUB
Henry,Bishop,hbishop16@ebay.com,South Korea,Male,Anseong,Dynava,79048.56,KRW
Peter,Banks,pbanks17@live.com,China,Male,Hejiang,Devpulse,14127.12,CNY
Joe,Montgomery,jmontgomery18@slashdot.org,China,Male,Licun,Brightdog,19925.15,CNY
Ernest,Harvey,eharvey19@liveinternet.ru,Russia,Male,Rzhev,Tazzy,28532.09,RUB
Martin,Gibson,mgibson1a@friendfeed.com,Ukraine,Male,Pidhaytsi,Thoughtmix,,UAH
Carlos,Welch,cwelch1b@chronoengine.com,Nauru,Male,Anibare,Brightbean,24603.36,AUD
Linda,Bell,lbell1c@nbcnews.com,Indonesia,Female,Banjar Swastika,Meetz,56260.31,IDR
Jeffrey,Freeman,jfreeman1d@lulu.com,Peru,Male,Ledoy,Babbleblab,66437.89,PEN
Randy,Butler,rbutler1e@phoca.cz,Sweden,Male,Örebro,Jaxnation,,SEK
Mary,Washington,mwashington1f@eventbrite.com,Poland,Female,Gilowice,Topicshots,58700.02,PLN
Adam,Fisher,afisher1g@friendfeed.com,Canada,Male,Labelle,Oyondu,,CAD
Virginia,Greene,vgreene1h@ed.gov,Poland,Female,Dębica,Zoonder,42914.60,PLN
Donald,Richards,drichards1i@fastcompany.com,Japan,Male,Chatan,Jaxnation,48675.31,JPY
Melissa,Taylor,mtaylor1j@weebly.com,Portugal,Female,Cascais,Fivebridge,13408.14,EUR
Sarah,Cunningham,scunningham1k@ucla.edu,Norway,Female,Tønsberg,Shufflebeat,83300.59,NOK
Irene,Price,iprice1l@last.fm,Russia,Female,Chita,Zoovu,55870.79,RUB
John,King,jking1m@taobao.com,Russia,Male,Nizhniy Lomov,Thoughtstorm,73445.94,RUB
Aaron,Reed,areed1n@google.com.au,Poland,Male,Bodzanów,Yakijo,34327.79,PLN
Cynthia,Day,cday1o@un.org,Philippines,Female,Dagup,Wikizz,93390.96,PHP
Jason,Long,jlong1p@blog.com,Indonesia,Male,Sarae,Trunyx,98617.81,IDR
Jacqueline,Butler,jbutler1q@netlog.com,Uruguay,Female,Florida,Npath,84547.03,UYU
Brandon,Porter,bporter1r@salon.com,Philippines,Male,Sabang,Skinte,69857.89,PHP
David,Greene,dgreene1s@japanpost.jp,Mexico,Male,La Palma,Livepath,98293.49,MXN
Julie,Black,jblack1t@csmonitor.com,Venezuela,Female,Cumaná,Camimbo,55912.86,VEF
Evelyn,Hunt,ehunt1u@macromedia.com,China,Female,Dingqiao,Fatz,61011.51,CNY
Deborah,Perry,dperry1v@amazon.co.uk,Sweden,Female,Älvsbyn,Skajo,29665.32,SEK
Shawn,Mills,smills1w@shinystat.com,China,Male,Longquan,Mybuzz,76923.33,CNY
Jeremy,Rivera,jrivera1x@harvard.edu,Russia,Male,Sigayevo,Abatz,33033.32,RUB
Charles,Grant,cgrant1y@woothemes.com,China,Male,Xishui,Podcat,,CNY
Heather,Welch,hwelch1z@java.com,China,Female,Zhongdeng,Demizz,89030.80,CNY
Phyllis,Crawford,pcrawford20@bizjournals.com,Sweden,Female,Göteborg,Youfeed,35222.39,SEK
Jack,Hernandez,jhernandez21@fema.gov,Sweden,Male,Munka-Ljungby,Cogibox,41096.43,SEK
Clarence,Duncan,cduncan22@hibu.com,Indonesia,Male,Krajan,Blogtags,54225.13,IDR
Karen,Washington,kwashington23@wikispaces.com,Philippines,Female,Maluko,Vitz,27102.44,PHP
Carolyn,Garza,cgarza24@mozilla.org,Ivory Coast,Female,Guiglo,Brainlounge,75758.77,XOF
Annie,Lawson,alawson25@apple.com,China,Female,Jieshipu,Yodel,50116.73,CNY
Nicole,Hart,nhart26@theatlantic.com,Germany,Female,Erfurt,Livetube,30024.21,EUR
Sandra,Perry,sperry27@bizjournals.com,Portugal,Female,Castelo,Thoughtstorm,6632.06,EUR
Christine,George,cgeorge28@posterous.com,Russia,Female,Kurchatov,Camido,2889.47,RUB
Jacqueline,Richards,jrichards29@salon.com,China,Female,Tangdong,Mymm,13018.71,CNY
Carolyn,Wagner,cwagner2a@free.fr,Norway,Female,Oslo,Twitterworks,17728.61,NOK
Rachel,Washington,rwashington2b@disqus.com,France,Female,Sophia Antipolis,Eazzy,84308.53,EUR
Martin,Hernandez,mhernandez2c@discuz.net,China,Male,Jin’e,Jayo,86607.20,CNY
Andrea,Fields,afields2d@wikispaces.com,Indonesia,Female,Jalatrang,Myworks,93822.43,IDR
Nicholas,Nichols,nnichols2e@google.com.au,Thailand,Male,Chaloem Phra Kiat,Yoveo,,THB
Mary,Olson,molson2f@tinyurl.com,Indonesia,Female,Blumbang,Rhynyx,,IDR
Roy,Garrett,rgarrett2g@washington.edu,Norway,Male,Bergen,Feednation,16498.21,NOK
Andrew,Price,aprice2h@opera.com,Greece,Male,Neos Voutzás,Mynte,56702.44,EUR
Anthony,Edwards,aedwards2i@illinois.edu,Albania,Male,Hoçisht,Photofeed,2221.48,ALL
Jeffrey,Griffin,jgriffin2j@facebook.com,China,Male,Heshi,Camimbo,1802.83,CNY
Doris,Rodriguez,drodriguez2k@seattletimes.com,Philippines,Female,Esperanza,Meedoo,33903.32,PHP
Shawn,Garrett,sgarrett2l@wix.com,China,Male,Songkeng,Divanoodle,96610.24,CNY
Gerald,Castillo,gcastillo2m@typepad.com,Russia,Male,Zolotkovo,Myworks,16496.47,RUB
Kathleen,Ward,kward2n@google.co.jp,Uganda,Female,Bundibugyo,Browsezoom,34707.12,UGX
Douglas,Payne,dpayne2o@wisc.edu,China,Male,Xiaoshun,Voolia,48179.14,CNY
Louis,Fisher,lfisher2p@forbes.com,Russia,Male,Ust’-Omchug,Devcast,38422.98,RUB
Mary,Franklin,mfranklin2q@elegantthemes.com,China,Female,Gaozhuang,Yakijo,,CNY
Daniel,Pierce,dpierce2r@unc.edu,China,Male,Qiangqinxue,Skinte,65900.40,CNY
Denise,Montgomery,dmontgomery2s@google.cn,Brazil,Female,Palmas de Monte Alto,Photospace,78290.47,BRL
Charles,Harper,charper2t@youtube.com,United States,Male,Greenville,Skipfire,37289.58,USD
Adam,Warren,awarren2u@eventbrite.com,Haiti,Male,Pétionville,Jabbertype,17013.22,HTG
Eugene,Young,eyoung2v@stumbleupon.com,Honduras,Male,Azacualpa,Topicware,7283.07,HNL
Johnny,Burke,jburke2w@alexa.com,Uganda,Male,Ntoroko,Gigashots,15549.85,UGX
James,Ward,jward2x@patch.com,Ukraine,Male,Voloka,Brainverse,14809.07,UAH
Ronald,Webb,rwebb2y@wordpress.org,France,Male,Bergerac,Fanoodle,71819.50,EUR
Maria,Evans,mevans2z@privacy.gov.au,Greece,Female,Skála Oropoú,Eare,87157.61,EUR
Eugene,Grant,egrant30@comsenz.com,Philippines,Male,Kalbugan,Avavee,19411.54,PHP
Henry,Olson,holson31@who.int,Indonesia,Male,Pumai,Edgewire,46418.13,IDR
Gregory,Sims,gsims32@foxnews.com,China,Male,Jiyizhuang,Fliptune,67523.67,CNY
John,Kennedy,jkennedy33@photobucket.com,China,Male,Tianjiaba,Zoomdog,8919.62,CNY
Christina,Riley,criley34@blinklist.com,Philippines,Female,Tala,Rhyzio,19290.34,PHP
Roy,Fields,rfields35@slashdot.org,China,Male,Ganquan,Devpoint,,CNY
Marie,Lane,mlane36@hubpages.com,Indonesia,Female,Karangan,Avamm,25640.81,IDR
Robin,Foster,rfoster37@de.vu,Czech Republic,Female,Polepy,Talane,88681.39,CZK
Patricia,Henderson,phenderson38@hc360.com,Poland,Female,Ponikiew,Tazzy,41921.82,PLN
Patrick,Bennett,pbennett39@printfriendly.com,Mongolia,Male,Avdzaga,Zoombeat,20093.58,MNT
Randy,Bishop,rbishop3a@addtoany.com,Russia,Male,Kushchëvskaya,Kanoodle,31507.98,RUB
Patrick,Lewis,plewis3b@canalblog.com,Argentina,Male,Piquillín,Skinder,29620.30,ARS
Lois,Hughes,lhughes3c@zimbio.com,China,Female,Shangmofang,Voonix,44362.32,CNY
Jeremy,Taylor,jtaylor3d@squarespace.com,Morocco,Male,Tangier,Wordify,18982.56,MAD
Jennifer,Wheeler,jwheeler3e@webs.com,Nigeria,Female,Suleja,Oodoo,55230.46,NGN
Phillip,Hill,phill3f@mashable.com,Philippines,Male,Quezon,Fatz,75945.57,PHP
Bobby,Hanson,bhanson3g@cbc.ca,China,Male,Baorixile,Jatri,64012.62,CNY
Fred,Brown,fbrown3h@gravatar.com,Thailand,Male,Ban Chang,Meezzy,6854.46,THB
Joyce,Black,jblack3i@cnn.com,Indonesia,Female,Kertasari,Fatz,,IDR
Anthony,Peterson,apeterson3j@webeden.co.uk,Russia,Male,Rozhdestveno,Muxo,47558.66,RUB
Lori,Moore,lmoore3k@nature.com,Angola,Female,Saurimo,Centimia,94486.24,AOA
Joan,Gordon,jgordon3l@cnbc.com,Colombia,Female,El Bagre,Dabshots,2667.26,COP
Heather,Daniels,hdaniels3m@surveymonkey.com,United States,Female,Anchorage,Jaxspan,54352.02,USD
Roy,Nelson,rnelson3n@yahoo.com,Indonesia,Male,Feuknoni,Vinder,96874.72,IDR
Evelyn,Parker,eparker3o@upenn.edu,Mozambique,Female,Xai-Xai,Yoveo,,MZN
Patricia,Parker,pparker3p@pbs.org,Argentina,Female,Trelew,Shuffletag,3432.56,ARS
Carol,Hanson,chanson3q@usgs.gov,Pakistan,Female,Naukot,Fanoodle,40710.96,PKR
Frank,Williams,fwilliams3r@meetup.com,Nigeria,Male,Ondo,Demivee,76738.85,NGN
Alan,Sims,asims3s@prnewswire.com,Syria,Male,‘Ayn an Nasr,Thoughtbeat,,SYP
Eugene,Watkins,ewatkins3t@moonfruit.com,Kiribati,Male,Tabwakea Village,Dynabox,,AUD
Clarence,Johnston,cjohnston3u@odnoklassniki.ru,China,Male,Liangshuijing,Roombo,5851.94,CNY
Sandra,Fernandez,sfernandez3v@wisc.edu,Sweden,Female,Uppsala,Pixoboo,,SEK
Lawrence,Myers,lmyers3w@accuweather.com,Russia,Male,Plyussa,Teklist,73918.63,RUB
Susan,Castillo,scastillo3x@reverbnation.com,Russia,Female,Yekimovichi,Twinder,13182.24,RUB
Diane,Stewart,dstewart3y@goo.ne.jp,China,Female,Xiaoshiqiao,Quimm,14371.23,CNY
Terry,Bell,tbell3z@ycombinator.com,Indonesia,Male,Detupia,Rooxo,29270.19,IDR
Kathy,Gardner,kgardner40@hp.com,Czech Republic,Female,Jaroměř,Twitterworks,59892.34,CZK
Amy,Ray,aray41@tinypic.com,Kuwait,Female,Ḩawallī,Jabbersphere,55105.41,KWD
Rebecca,Greene,rgreene42@sitemeter.com,Russia,Female,Shatalovo,Browsezoom,18669.44,RUB
Anne,Johnson,ajohnson43@ask.com,China,Female,Baishuiyang,Gabtype,36874.37,CNY
Martin,Walker,mwalker44@hc360.com,Ethiopia,Male,Gimbi,Latz,14930.22,ETB
Diane,Clark,dclark45@theglobeandmail.com,China,Female,Zhangbei,Voomm,80886.05,CNY
Alice,Rivera,arivera46@netlog.com,Indonesia,Female,Pahonjean,Skippad,37213.03,IDR
Michael,Hanson,mhanson47@bigcartel.com,Venezuela,Male,San Fernando Apure,Jabberbean,24218.17,VEF
Cheryl,Wagner,cwagner48@qq.com,Mongolia,Female,Maanĭt,Katz,93072.27,MNT
Christine,Carroll,ccarroll49@unc.edu,Russia,Female,Chiri-Yurt,Jaxbean,8503.84,RUB
Ruth,Payne,rpayne4a@blogspot.com,China,Female,Sanxi,Tagfeed,83965.80,CNY
Victor,Carter,vcarter4b@ox.ac.uk,Kazakhstan,Male,Oral,Flashspan,22723.56,KZT
Clarence,Carter,ccarter4c@ask.com,Brazil,Male,Cajuru,Eimbee,12439.48,BRL
Joe,Sanchez,jsanchez4d@is.gd,Japan,Male,Ushibuka,Tazz,70178.40,JPY
Barbara,Ferguson,bferguson4e@over-blog.com,Russia,Female,Kuvshinovo,Jayo,52170.31,RUB
Linda,Butler,lbutler4f@walmart.com,China,Female,Qufu,Eadel,12631.95,CNY
Eugene,Washington,ewashington4g@rakuten.co.jp,China,Male,Longqiao,Oyoba,75329.79,CNY
Katherine,Hernandez,khernandez4h@sphinn.com,Uganda,Female,Rukungiri,Rhyzio,52383.72,UGX
Cheryl,Boyd,cboyd4i@craigslist.org,Russia,Female,Shchelkovo,Wordtune,94882.94,RUB
Kathleen,Baker,kbaker4j@angelfire.com,United States,Female,Albany,Kwimbee,46345.91,USD
Kevin,Nguyen,knguyen4k@aol.com,Russia,Male,Orichi,Camimbo,26421.22,RUB
Evelyn,Coleman,ecoleman4l@hostgator.com,Indonesia,Female,Liang,DabZ,64322.17,IDR
Linda,Day,lday4m@cnn.com,Iran,Female,Nūr,Gabspot,74914.19,IRR
Lois,Grant,lgrant4n@blog.com,China,Female,Xijiao,Fatz,87282.64,CNY
Kathy,Kim,kkim4o@rambler.ru,Bulgaria,Female,Velingrad,Dabshots,24224.56,BGN
Nicole,Oliver,noliver4p@jalbum.net,Bahamas,Female,Governor’s Harbour,Pixonyx,,BSD
Debra,Simmons,dsimmons4q@ca.gov,Philippines,Female,Mambusao,Agivu,10795.26,PHP
Roger,Campbell,rcampbell4r@sitemeter.com,China,Male,Wuyang,Ozu,73767.60,CNY
Brandon,Hamilton,bhamilton4s@woothemes.com,Cameroon,Male,Maroua,Dazzlesphere,75870.81,XAF
Lillian,Welch,lwelch4t@unc.edu,Portugal,Female,Chafé,BlogXS,22037.22,EUR
Judy,Willis,jwillis4u@plala.or.jp,Indonesia,Female,Ungaran,Yambee,36524.92,IDR
Earl,Tucker,etucker4v@diigo.com,Sweden,Male,Lidingö,Thoughtsphere,39316.62,SEK
Willie,Harvey,wharvey4w@stumbleupon.com,Russia,Male,Shipunovo,Trudeo,22785.22,RUB
Jesse,Baker,jbaker4x@independent.co.uk,New Caledonia,Male,Ouégoa,Podcat,20947.45,XPF
Lori,Diaz,ldiaz4y@marketwatch.com,Russia,Female,Krivyanskaya,Fliptune,27185.41,RUB
William,Gordon,wgordon4z@si.edu,Czech Republic,Male,Ostrožská Lhota,Dazzlesphere,83952.91,CZK
Walter,Hunter,whunter50@google.com.au,Chile,Male,Longaví,Voonyx,32274.37,CLP
Ralph,Harper,rharper51@wsj.com,Slovenia,Male,Bilje,Dabjam,3312.78,EUR
Timothy,Torres,ttorres52@etsy.com,France,Male,Belfort,Livetube,49375.57,EUR
Tammy,Mendoza,tmendoza53@vinaora.com,Russia,Female,Batagay-Alyta,Avamm,,RUB
Christine,Watson,cwatson54@tiny.cc,Honduras,Female,Florida,Agivu,52888.70,HNL
Carlos,Coleman,ccoleman55@geocities.com,Indonesia,Male,Hegarmanah,Realblab,52046.97,IDR
Betty,Peterson,bpeterson56@weather.com,France,Female,Courtaboeuf,Mydo,,EUR
Philip,Ford,pford57@businessweek.com,Tajikistan,Male,Bahorí,Edgewire,18616.82,TJS
Jennifer,Hunt,jhunt58@instagram.com,Mexico,Female,La Cruz,Katz,74797.79,MXN
Barbara,Perkins,bperkins59@mac.com,Indonesia,Female,Anoek,Yadel,84897.93,IDR
Irene,Fernandez,ifernandez5a@npr.org,China,Female,Liutan,Dabfeed,,CNY
Ruth,Price,rprice5b@tamu.edu,Portugal,Female,Gondomar,Trupe,1331.56,EUR
Martha,Hughes,mhughes5c@bigcartel.com,Brazil,Female,Santo Antônio do Amparo,Jatri,69647.92,BRL
Nicholas,Collins,ncollins5d@list-manage.com,Colombia,Male,Guachucal,Vipe,,COP
Linda,Barnes,lbarnes5e@indiegogo.com,North Korea,Female,Musan-ŭp,Twitterwire,22902.44,KPW
Kathryn,Baker,kbaker5f@businessinsider.com,Indonesia,Female,Sinargalih,Feedfish,83172.22,IDR
Lori,Cox,lcox5g@boston.com,Russia,Female,Buy,Vinder,11537.90,RUB
Joshua,Bradley,jbradley5h@imageshack.us,Uzbekistan,Male,Komsomol’skiy,Dabvine,93950.50,UZS
Phyllis,Sanchez,psanchez5i@fda.gov,Lithuania,Female,Veisiejai,Rhyzio,25451.14,LTL
Emily,Williamson,ewilliamson5j@xinhuanet.com,China,Female,Dahewan,Mybuzz,,CNY
Ralph,Parker,rparker5k@marriott.com,China,Male,Fuyang,Edgeblab,57142.28,CNY
Norma,Wheeler,nwheeler5l@mac.com,Serbia,Female,Padina,Skinix,30310.71,RSD
Albert,Chavez,achavez5m@github.com,Faroe Islands,Male,Vestmanna,Centidel,48706.01,DKK
Melissa,Perkins,mperkins5n@twitpic.com,Sweden,Female,Linköping,Plambee,,SEK
Ruth,West,rwest5o@dyndns.org,China,Female,Zhongzi,Linklinks,1554.28,CNY
Eugene,Patterson,epatterson5p@earthlink.net,France,Male,La Rochelle,Jabbercube,13285.39,EUR
Louis,Reid,lreid5q@hatena.ne.jp,Peru,Male,Succha,Feedbug,86217.86,PEN
Marilyn,Kennedy,mkennedy5r@list-manage.com,Portugal,Female,Odrinhas,Izio,83413.84,EUR
Lori,Kennedy,lkennedy5s@diigo.com,China,Female,Gongbuxue,Jayo,6181.76,CNY
Lois,Foster,lfoster5t@webeden.co.uk,Norway,Female,Oslo,Flashset,25326.30,NOK
George,Ray,gray5u@seesaa.net,Russia,Male,Kola,Kayveo,47970.02,RUB
Wanda,Long,wlong5v@behance.net,Brazil,Female,Surubim,Riffwire,72111.14,BRL
Randy,Edwards,redwards5w@pinterest.com,Indonesia,Male,Haruai,Mydeo,92044.22,IDR
Patricia,Holmes,pholmes5x@a8.net,Russia,Female,Issa,Skinix,96174.41,RUB
Barbara,Weaver,bweaver5y@comsenz.com,China,Female,Chaoyang,Skyndu,93721.89,CNY
Thomas,Armstrong,tarmstrong5z@utexas.edu,China,Male,Tangtuzhui,Brainsphere,27483.56,CNY
Gloria,Mcdonald,gmcdonald60@oracle.com,Botswana,Female,Kanye,Jaxnation,95092.75,BWP
Earl,Ryan,eryan61@icq.com,Honduras,Male,El Cubolero,Quamba,,HNL
Jennifer,Howard,jhoward62@salon.com,Philippines,Female,San Fernando,Trupe,96481.22,PHP
Jerry,Fields,jfields63@ning.com,China,Male,Banjing,Yakitri,50168.14,CNY
Craig,Stone,cstone64@salon.com,Ukraine,Male,Vil’nyans’k,Yambee,,UAH
Angela,Bishop,abishop65@addtoany.com,Indonesia,Female,Mulyoagung,Mudo,75417.93,IDR
Betty,Mitchell,bmitchell66@blog.com,Colombia,Female,Palmar de Varela,Skajo,64057.71,COP
Jeffrey,Allen,jallen67@intel.com,Brazil,Male,Ourinhos,Zoomlounge,41801.86,BRL
Samuel,Little,slittle68@ftc.gov,China,Male,Xiguantun Muguzu Manzuxiang,Pixoboo,1653.38,CNY
Robert,James,rjames69@weebly.com,Croatia,Male,Brijest,Camido,3252.21,HRK
Justin,Crawford,jcrawford6a@google.co.uk,Sweden,Male,Saltsjöbaden,Skipfire,,SEK
Joan,Green,jgreen6b@multiply.com,China,Female,Baoxu,Kaymbo,61628.39,CNY
Ruby,Harrison,rharrison6c@delicious.com,Comoros,Female,Patsi,Yakidoo,81413.50,KMF
Steven,Chapman,schapman6d@ehow.com,China,Male,Yuanyang,Rhybox,31213.72,CNY
Earl,Cooper,ecooper6e@independent.co.uk,Philippines,Male,Mungo,Buzzster,17782.90,PHP
Jessica,Olson,jolson6f@4shared.com,Russia,Female,Froly,Bubblebox,81205.56,RUB
Jimmy,Jackson,jjackson6g@devhub.com,Czech Republic,Male,Mladá Boleslav,Eare,3655.67,CZK
Louise,Hughes,lhughes6h@netvibes.com,China,Female,Xiaoruo,Omba,64427.02,CNY
Timothy,Morrison,tmorrison6i@yahoo.co.jp,Peru,Male,Yungay,Youspan,69482.73,PEN
Joshua,Hudson,jhudson6j@hexun.com,Brazil,Male,Silva Jardim,Dablist,55308.74,BRL
Sarah,Mendoza,smendoza6k@bravesites.com,Estonia,Female,Pärnu,Realbridge,40882.64,EUR
Ernest,Pierce,epierce6l@liveinternet.ru,Tunisia,Male,Bi’r al Ḩufayy,Thoughtworks,43386.20,TND
Irene,Bradley,ibradley6m@amazon.com,France,Female,Épernay,Edgeblab,42013.44,EUR
Paul,Black,pblack6n@java.com,Nepal,Male,Mahendranagar,Flipstorm,99672.63,NPR
Ernest,Robertson,erobertson6o@nyu.edu,China,Male,Guankou,Leexo,12864.90,CNY
Earl,Johnson,ejohnson6p@alibaba.com,Indonesia,Male,Modosinal,Feedspan,44152.07,IDR
Raymond,Jackson,rjackson6q@ftc.gov,Australia,Male,Sydney,Gabvine,71316.11,AUD
Anne,Mendoza,amendoza6r@macromedia.com,Afghanistan,Female,Qarqīn,Flipopia,36157.40,AFN
Wayne,White,wwhite6s@huffingtonpost.com,Nigeria,Male,Illushi,Centizu,32096.27,NGN
Julia,Morales,jmorales6t@quantcast.com,France,Female,Ajaccio,Gigaclub,79082.47,EUR
Paula,Green,pgreen6u@gov.uk,Burkina Faso,Female,Manga,Tagfeed,29464.92,XOF
Pamela,Harper,pharper6v@unicef.org,Croatia,Female,Vis,Kwinu,65646.08,HRK
Gary,Wilson,gwilson6w@weibo.com,Peru,Male,Cajabamba,Devpoint,66380.94,PEN
Richard,Stone,rstone6x@blog.com,China,Male,Gaoqiao,Jayo,27559.68,CNY
Juan,Crawford,jcrawford6y@google.it,China,Male,Huainan,Eamia,77581.13,CNY
Tina,Henry,thenry6z@posterous.com,Poland,Female,Raciążek,Divape,63479.32,PLN
Jessica,Morgan,jmorgan70@skyrock.com,Russia,Female,Shalakusha,Bubblebox,12094.28,RUB
Maria,Harvey,mharvey71@mediafire.com,China,Female,Luoyang,Twinder,76229.64,CNY
Kathy,Weaver,kweaver72@ifeng.com,Brazil,Female,Juru,Gigaclub,42184.60,BRL
Karen,Lane,klane73@t-online.de,Guinea-Bissau,Female,Gabú,Aimbu,10215.58,XOF
Judy,Welch,jwelch74@statcounter.com,Indonesia,Female,Atawutung,Youspan,94280.56,IDR
George,Phillips,gphillips75@cbslocal.com,Argentina,Male,Famatina,Edgetag,81759.57,ARS
Cheryl,Clark,cclark76@sphinn.com,Russia,Female,Kungur,Kazu,99277.78,RUB
Adam,Edwards,aedwards77@springer.com,Indonesia,Male,Kebon,Dabfeed,98654.54,IDR
Christine,Campbell,ccampbell78@oakley.com,Saudi Arabia,Female,Al ‘Ulá,Dynazzy,78544.47,SAR
Jesse,Nichols,jnichols79@netlog.com,Philippines,Male,Libas,Izio,7119.33,PHP
Deborah,Marshall,dmarshall7a@histats.com,Indonesia,Female,Makale,Babbleopia,91935.19,IDR
Jeffrey,Bennett,jbennett7b@samsung.com,Russia,Male,Yutsa,Skiba,65585.76,RUB
Charles,Ward,cward7c@ehow.com,Cameroon,Male,Ngou,Devpoint,,XAF
Daniel,Palmer,dpalmer7d@i2i.jp,Tanzania,Male,Dar es Salaam,Zoonder,33015.73,TZS
Frank,Howell,fhowell7e@army.mil,South Korea,Male,Andong,Zoomdog,26462.91,KRW
Samuel,Garcia,sgarcia7f@taobao.com,France,Male,La Gacilly,Eare,2082.80,EUR
Michelle,Ross,mross7g@omniture.com,Azerbaijan,Female,Mingelchaur,Photobean,16398.92,AZN
Albert,Reid,areid7h@yale.edu,China,Male,Rushanzhai,Eazzy,34902.51,CNY
John,Gonzalez,jgonzalez7i@columbia.edu,Portugal,Male,Lameiro,Fatz,86864.53,EUR
Janet,Rivera,jrivera7j@utexas.edu,Honduras,Female,Agualote,Skivee,99971.85,HNL
Cynthia,Owens,cowens7k@simplemachines.org,Indonesia,Female,Soho,Kwimbee,42684.52,IDR
Roy,Lawson,rlawson7l@army.mil,Thailand,Male,San Pa Tong,Flipbug,,THB
Melissa,Hall,mhall7m@ucsd.edu,Poland,Female,Jarocin,Flashspan,12496.47,PLN
Clarence,Gibson,cgibson7n@mysql.com,Peru,Male,Tambopata,Voonix,97978.98,PEN
Nancy,Scott,nscott7o@myspace.com,Argentina,Female,Valcheta,Trudoo,6867.86,ARS
Rebecca,Turner,rturner7p@weibo.com,Portugal,Female,Seixo Alvo,Shufflester,60600.09,EUR
Ryan,Carroll,rcarroll7q@census.gov,Zambia,Male,Chipata,Gabtype,,ZMW
Linda,Wright,lwright7r@sciencedaily.com,Philippines,Female,Bigaan,Tagpad,58041.92,PHP
Howard,Washington,hwashington7s@simplemachines.org,Morocco,Male,Tarfaya,Youspan,70428.25,MAD
Anna,Ellis,aellis7t@networksolutions.com,Venezuela,Female,El Cafetal,Katz,31962.36,VEF
Jose,Hudson,jhudson7u@mit.edu,Poland,Male,Rogóźno,Photobean,4101.26,PLN
Louise,Mills,lmills7v@discuz.net,Czech Republic,Female,Albrechtice,Quimm,46174.85,CZK
Martin,Owens,mowens7w@baidu.com,China,Male,Longwei,Skivee,50746.17,CNY
Kathryn,Adams,kadams7x@list-manage.com,Ukraine,Female,Voskhod,Eabox,88599.80,UAH
Justin,Burns,jburns7y@hp.com,Brazil,Male,Seabra,Devbug,60508.78,BRL
Amy,Boyd,aboyd7z@hibu.com,Dominican Republic,Female,Moca,Oyondu,26992.46,DOP
Virginia,Meyer,vmeyer80@indiatimes.com,China,Female,Duyanggang,DabZ,51120.60,CNY
Daniel,Hawkins,dhawkins81@marketwatch.com,Russia,Male,Gorno-Altaysk,Photojam,13152.39,RUB
Maria,Stephens,mstephens82@webs.com,China,Female,Xibing,Plajo,1437.65,CNY
Irene,Mason,imason83@pcworld.com,Philippines,Female,Mabay,Eire,21452.78,PHP
Gerald,Murray,gmurray84@blogtalkradio.com,Argentina,Male,Piedra del Águila,Oloo,,ARS
Louise,Harper,lharper85@youtube.com,China,Female,Yidu,Demivee,,CNY
Charles,Barnes,cbarnes86@wired.com,Nepal,Male,Birātnagar,Tanoodle,95707.34,NPR
Walter,Kennedy,wkennedy87@eventbrite.com,Canada,Male,Swan Hills,Kwinu,72564.59,CAD
Jonathan,Lawrence,jlawrence88@flavors.me,Albania,Male,Kurbnesh,Skimia,52030.95,ALL
Jennifer,Gibson,jgibson89@i2i.jp,Portugal,Female,Fonteleite,Gabtune,26466.90,EUR
Pamela,Jackson,pjackson8a@discuz.net,China,Female,Sanzhang,Oyope,39497.97,CNY
Michelle,Reed,mreed8b@clickbank.net,Colombia,Female,Cotorra,Trilith,52122.44,COP
Jerry,Anderson,janderson8c@com.com,Georgia,Male,Dioknisi,Photolist,76416.82,GEL
Julie,Dunn,jdunn8d@house.gov,Myanmar,Female,Myeik,Mydo,38232.19,MMK
Evelyn,Hawkins,ehawkins8e@list-manage.com,Albania,Female,Sukth,Linkbridge,71414.12,ALL
Todd,Hicks,thicks8f@google.de,South Africa,Male,Bronkhorstspruit,Babbleblab,75243.31,ZAR
Janice,Medina,jmedina8g@seesaa.net,Indonesia,Female,Medan,Mymm,79108.52,IDR
Andrew,Lee,alee8h@tamu.edu,China,Male,Heqiao,Tagopia,53553.07,CNY
Stephanie,Wood,swood8i@etsy.com,Indonesia,Female,Baru,Twimbo,76874.88,IDR
Shirley,Howell,showell8j@google.es,China,Female,Dingqiao,Yoveo,18971.06,CNY
Adam,Williamson,awilliamson8k@dot.gov,Argentina,Male,La Eduvigis,Vipe,53736.66,ARS
Debra,Rivera,drivera8l@flickr.com,United States,Female,Santa Ana,Jaxnation,99035.45,USD
Benjamin,Rivera,brivera8m@cnbc.com,China,Male,Bayan,Dabfeed,91110.30,CNY
Carol,Meyer,cmeyer8n@e-recht24.de,Republic of the Congo,Female,Djambala,Jazzy,,XAF
Matthew,Ruiz,mruiz8o@google.com.au,China,Male,Yingpu,Divavu,86822.84,CNY
Eric,Hayes,ehayes8p@cargocollective.com,United States,Male,Albany,Browsebug,5044.60,USD
Diane,Morris,dmorris8q@cbslocal.com,Indonesia,Female,Munse,Oyonder,56286.28,IDR
Rebecca,Barnes,rbarnes8r@wix.com,Sweden,Female,Skanör,Plajo,53543.17,SEK
Angela,Moore,amoore8s@oaic.gov.au,Slovenia,Female,Radlje ob Dravi,Twiyo,64035.45,EUR
Bruce,Thompson,bthompson8t@addtoany.com,China,Male,Xinzheng,Kwimbee,75955.03,CNY
Ruth,Stevens,rstevens8u@tripadvisor.com,Cambodia,Female,Pailin,Mycat,90048.66,KHR
Ashley,Ramirez,aramirez8v@admin.ch,Nigeria,Female,Onitsha,Tazzy,93054.22,NGN
Deborah,Hughes,dhughes8w@walmart.com,Czech Republic,Female,Chodová Planá,Rhynoodle,62807.69,CZK
Debra,Johnson,djohnson8x@about.me,Panama,Female,La Peña,Quimm,23904.50,PAB
Annie,Mills,amills8y@jugem.jp,Philippines,Female,Dalupaon,Skippad,50212.08,PHP
Bruce,Scott,bscott8z@soup.io,Brazil,Male,Piracuruca,Voonix,46083.09,BRL
Angela,Howell,ahowell90@apple.com,Poland,Female,Rzewnie,Thoughtmix,59606.91,PLN
Emily,Butler,ebutler91@who.int,China,Female,Nanyaojie,Topicshots,3682.64,CNY
Christopher,Medina,cmedina92@mediafire.com,China,Male,Heshe,Roomm,,CNY
Earl,Hall,ehall93@free.fr,Indonesia,Male,Mersam,Edgeblab,,IDR
Diane,Rose,drose94@paginegialle.it,Lithuania,Female,Vievis,Rhybox,85807.49,LTL
Roger,Scott,rscott95@yellowbook.com,China,Male,Mulan,Lajo,48316.45,CNY
Phyllis,Taylor,ptaylor96@yandex.ru,France,Female,Rennes,Skimia,89071.85,EUR
Chris,Taylor,ctaylor97@zimbio.com,Czech Republic,Male,Černá Hora,Linklinks,79918.74,CZK
Patrick,Young,pyoung98@e-recht24.de,Brazil,Male,Porto Velho,Zoomcast,59645.57,BRL
Raymond,Bowman,rbowman99@ucsd.edu,Argentina,Male,Añatuya,Pixope,1140.81,ARS
Brenda,Lee,blee9a@tamu.edu,South Africa,Female,Witbank,Cogidoo,9768.90,ZAR
Joyce,Richardson,jrichardson9b@senate.gov,Portugal,Female,Mosteiros,Muxo,21221.96,EUR
Ruth,Carpenter,rcarpenter9c@blogspot.com,Greece,Female,Marína,Meemm,74785.27,EUR
Gerald,Williamson,gwilliamson9d@artisteer.com,Indonesia,Male,Wanasari Baleran,Tagpad,91450.85,IDR
Jeremy,Romero,jromero9e@bluehost.com,China,Male,Yege,Kamba,2389.41,CNY
William,Franklin,wfranklin9f@yandex.ru,Russia,Male,Kultuk,Eabox,20422.78,RUB
Alice,Gonzalez,agonzalez9g@paginegialle.it,Philippines,Female,Mabini,Photobean,,PHP
Theresa,Weaver,tweaver9h@hud.gov,South Africa,Female,Tarkastad,Skalith,21787.21,ZAR
Diana,Romero,dromero9i@123-reg.co.uk,Afghanistan,Female,Ghurayd Gharamē,Muxo,22780.06,AFN
Martin,Mcdonald,mmcdonald9j@wikispaces.com,Philippines,Male,Santa Lucia,Quimm,7743.65,PHP
Anna,Frazier,afrazier9k@privacy.gov.au,Haiti,Female,Dame-Marie,Fivebridge,12296.11,HTG
Jimmy,Campbell,jcampbell9l@mapy.cz,Indonesia,Male,Wonosobo,Digitube,37768.96,IDR
Carl,Alexander,calexander9m@cpanel.net,Brazil,Male,Campo Belo,Oyoba,13360.07,BRL
Norma,Lane,nlane9n@senate.gov,Indonesia,Female,Panayagan,Thoughtbridge,91046.57,IDR
Justin,Robertson,jrobertson9o@homestead.com,China,Male,Zhuangta,Vinder,,CNY
Angela,Barnes,abarnes9p@cyberchimps.com,Sierra Leone,Female,Baiima,Yabox,65649.98,SLL
Katherine,Miller,kmiller9q@zdnet.com,Pakistan,Female,Ladhewāla Warāich,Meezzy,1771.25,PKR
Angela,Ellis,aellis9r@tuttocitta.it,Greece,Female,Kolympári,Realmix,53097.51,EUR
Rachel,Mason,rmason9s@yelp.com,China,Female,Kefang,Bubblemix,,CNY
Kevin,Howard,khoward9t@hugedomains.com,Sweden,Male,Göteborg,Feedfish,23521.46,SEK
Melissa,Hicks,mhicks9u@posterous.com,Malaysia,Female,Kota Bharu,Babbleopia,22939.33,MYR
Phillip,Meyer,pmeyer9v@xrea.com,Indonesia,Male,Sangiang,Bubbletube,,IDR
Bruce,Jackson,bjackson9w@engadget.com,Indonesia,Male,Bulakbanjar,Thoughtstorm,99190.37,IDR
Carlos,Nichols,cnichols9x@cocolog-nifty.com,Sri Lanka,Male,Galle,Jaxworks,92584.74,LKR
Steven,Mills,smills9y@ted.com,Indonesia,Male,Halimpu,Gevee,,IDR
Shirley,Wilson,swilson9z@wix.com,Ukraine,Female,Viline,Viva,24852.42,UAH
Judith,Cole,jcolea0@thetimes.co.uk,Indonesia,Female,Kore,Yodoo,48141.32,IDR
Frances,Dunn,fdunna1@friendfeed.com,Israel,Female,Yavne,Jayo,78238.45,ILS
Frank,Patterson,fpattersona2@ftc.gov,France,Male,Paris 16,Yodo,,EUR
Jack,Richardson,jrichardsona3@addtoany.com,Greece,Male,Episkopí,Livetube,79554.73,EUR
Timothy,Peterson,tpetersona4@istockphoto.com,China,Male,Dashiju,Bubbletube,25431.88,CNY
Carolyn,Rivera,criveraa5@paypal.com,Philippines,Female,Kibonsod,Yakijo,49819.59,PHP
Marilyn,Hart,mharta6@hao123.com,Russia,Female,Amga,Avamm,99269.48,RUB
Angela,Little,alittlea7@php.net,Argentina,Female,Avellaneda,Gigazoom,62481.24,ARS
Denise,Mitchell,dmitchella8@stumbleupon.com,Indonesia,Female,Krajan Keboromo,Gabtype,62766.22,IDR
Ralph,Robinson,rrobinsona9@theglobeandmail.com,Pakistan,Male,Khairpur Nathan Shāh,Yadel,62043.95,PKR
Janet,Phillips,jphillipsaa@virginia.edu,Russia,Female,Tankhoy,Quinu,24550.00,RUB
Roy,Wagner,rwagnerab@telegraph.co.uk,China,Male,Liangkou,Layo,57023.62,CNY
Raymond,Fernandez,rfernandezac@wikispaces.com,Indonesia,Male,Terong,Gigazoom,72031.82,IDR
Fred,Wagner,fwagnerad@usnews.com,Albania,Male,Tunjë,Tagopia,69817.27,ALL
Joan,Castillo,jcastilloae@tuttocitta.it,Brazil,Female,Parnaíba,Skalith,41695.95,BRL
Cynthia,Hughes,chughesaf@wunderground.com,China,Female,Butou,Topicstorm,,CNY
Laura,Austin,laustinag@sciencedirect.com,El Salvador,Female,Guazapa,Teklist,95924.01,USD
Lori,Wilson,lwilsonah@freewebs.com,Czech Republic,Female,Dobřív,Edgeclub,64910.69,CZK
Scott,Torres,storresai@dailymotion.com,Indonesia,Male,Sawahan,Aibox,85325.54,IDR
Christina,Reyes,creyesaj@ustream.tv,Brazil,Female,Pará de Minas,Eimbee,37238.72,BRL
Arthur,Diaz,adiazak@independent.co.uk,Canada,Male,Okanagan,Twiyo,38709.35,CAD
Russell,Campbell,rcampbellal@mapquest.com,Belarus,Male,Soly,Avamba,12610.69,BYR
Kenneth,Mcdonald,kmcdonaldam@google.it,Ukraine,Male,Hulyaypole,Layo,94803.98,UAH
Arthur,Wagner,awagneran@twitter.com,Argentina,Male,Cerro Corá,Oloo,55062.82,ARS
Jeremy,Wilson,jwilsonao@apple.com,Brazil,Male,Ituverava,Browsetype,45888.11,BRL
Timothy,Howell,thowellap@theatlantic.com,China,Male,Nijiangping,Skipstorm,,CNY
Andrew,Castillo,acastilloaq@ocn.ne.jp,China,Male,Shaoha,Skajo,40184.21,CNY
Bruce,Hicks,bhicksar@bloglovin.com,Netherlands,Male,Hoorn,Wikivu,10755.94,EUR
Johnny,Henderson,jhendersonas@boston.com,Sweden,Male,Täby,Jaxbean,21309.55,SEK
Eric,Cunningham,ecunninghamat@blogger.com,Indonesia,Male,Sidamukti,Riffpath,72158.12,IDR
Eric,Carter,ecarterau@columbia.edu,Greece,Male,Kallithéa,Fivespan,89875.88,EUR
Carl,Ellis,cellisav@cmu.edu,China,Male,Nirji,Devpoint,11303.50,CNY
Terry,Bowman,tbowmanaw@cmu.edu,Japan,Male,Saku,Avavee,22314.14,JPY
Frances,Peters,fpetersax@comcast.net,Vietnam,Female,Thị Trấn Nước Hai,Blogtags,11853.97,VND
Chris,Hanson,chansonay@rakuten.co.jp,Portugal,Male,Picassinos,Centizu,44312.82,EUR
Richard,Thomas,rthomasaz@geocities.com,Brazil,Male,Monte Alegre,Meevee,,BRL
Richard,Carr,rcarrb0@fda.gov,Brazil,Male,Salto de Pirapora,Yotz,30997.87,BRL
Alan,Parker,aparkerb1@google.nl,Netherlands,Male,Amsterdam Nieuw West,Trunyx,90560.60,EUR
Jason,Ramirez,jramirezb2@nature.com,New Zealand,Male,Waihi,Topdrive,,NZD
Marie,Richards,mrichardsb3@irs.gov,Russia,Female,Yelabuga,Blogtags,43247.06,RUB
Andrea,Andrews,aandrewsb4@csmonitor.com,Norway,Female,Bergen,Thoughtstorm,21701.38,NOK
Dennis,Bradley,dbradleyb5@yellowbook.com,Russia,Male,Vydreno,Blogtags,33269.41,RUB
Justin,Evans,jevansb6@hibu.com,Poland,Male,Cisek,Buzzdog,51197.00,PLN
Brian,Duncan,bduncanb7@wix.com,Indonesia,Male,Gunungkendeng,Riffpedia,87317.96,IDR
Karen,Wallace,kwallaceb8@tiny.cc,China,Female,Sidu,Jayo,88511.10,CNY
Albert,Nelson,anelsonb9@dropbox.com,Iran,Male,Nahāvand,Skyba,,IRR
Antonio,Gardner,agardnerba@wunderground.com,Sweden,Male,Sundsvall,Oyonder,483.30,SEK
Dorothy,Collins,dcollinsbb@ask.com,North Korea,Female,Kowŏn-ŭp,Skibox,,KPW
Joshua,Wells,jwellsbc@cbc.ca,Greece,Male,Néa Róda,Myworks,56429.97,EUR
Jason,Hart,jhartbd@freewebs.com,Philippines,Male,Bucay,Thoughtsphere,39869.07,PHP
Gregory,Mccoy,gmccoybe@craigslist.org,Portugal,Male,Lavadorinhos,Linkbridge,49842.32,EUR
Justin,Palmer,jpalmerbf@globo.com,China,Male,Baiba,Vidoo,45174.99,CNY
John,Day,jdaybg@paginegialle.it,Japan,Male,Miyazaki-shi,Tagopia,74258.25,JPY
Gary,Armstrong,garmstrongbh@foxnews.com,China,Male,Yinjiang,Fivebridge,4853.96,CNY
Louise,Ross,lrossbi@java.com,Yemen,Female,Yarīm,Jayo,35991.82,YER
Julie,Garrett,jgarrettbj@vinaora.com,Japan,Female,Miyako,Chatterpoint,51429.93,JPY
Chris,Gilbert,cgilbertbk@examiner.com,Sweden,Male,Göteborg,Yodo,14734.61,SEK
Dennis,Ryan,dryanbl@unesco.org,China,Male,Nankengzi,Ooba,9116.17,CNY
Betty,Reid,breidbm@nymag.com,Nigeria,Female,Jikamshi,Yozio,45533.55,NGN
Stephen,Woods,swoodsbn@senate.gov,Poland,Male,Klwów,Blognation,8225.09,PLN
Marilyn,Sanders,msandersbo@irs.gov,Indonesia,Female,Jami,Dabjam,14731.38,IDR
Carolyn,Hughes,chughesbp@earthlink.net,Vietnam,Female,Bình Thủy,Topicshots,50724.43,VND
Louis,Oliver,loliverbq@dagondesign.com,Ireland,Male,Enniskerry,Bubbletube,40712.67,EUR
Ryan,Hanson,rhansonbr@furl.net,Indonesia,Male,Bendilwungu Lor,Thoughtsphere,,IDR
Kevin,Harris,kharrisbs@alibaba.com,Japan,Male,Iwai,Oloo,48847.54,JPY
Russell,Alvarez,ralvarezbt@pcworld.com,Philippines,Male,San Juan,Quinu,53438.26,PHP
Frank,Marshall,fmarshallbu@usgs.gov,China,Male,Longsha,Twitterlist,17201.36,CNY
Julia,Reynolds,jreynoldsbv@elegantthemes.com,China,Female,Tangxing,Tagchat,23622.00,CNY
Christina,Patterson,cpattersonbw@discovery.com,Mexico,Female,Chapultepec,Skinix,80063.37,MXN
Wanda,West,wwestbx@wikispaces.com,China,Female,Yangjinzhuang,Vimbo,84611.56,CNY
Betty,Miller,bmillerby@reference.com,Croatia,Female,Bibinje,Oyoba,2313.01,HRK
Johnny,Ferguson,jfergusonbz@wikimedia.org,Pakistan,Male,Mach,Flashpoint,32427.65,PKR
Rose,Nguyen,rnguyenc0@woothemes.com,Poland,Female,Ełk,Skibox,18580.76,PLN
Beverly,Cole,bcolec1@foxnews.com,Cameroon,Female,Mbandjok,Voonte,46999.91,XAF
Fred,Schmidt,fschmidtc2@wikia.com,Czech Republic,Male,Rožmitál pod Třemšínem,Cogidoo,94560.00,CZK
Justin,Kim,jkimc3@webeden.co.uk,China,Male,Banshu,Zoovu,27383.85,CNY
Andrea,Howell,ahowellc4@bravesites.com,Afghanistan,Female,Khamyāb,Meezzy,,AFN
Matthew,Romero,mromeroc5@twitter.com,Indonesia,Male,Kekeran,Babblestorm,10009.83,IDR
Roger,Gonzales,rgonzalesc6@bing.com,Thailand,Male,Phimai,Browsecat,62622.92,THB
Mark,Owens,mowensc7@jigsy.com,Indonesia,Male,Kanginan,Quinu,96608.48,IDR
Pamela,Murray,pmurrayc8@typepad.com,Russia,Female,Omsk,Eidel,,RUB
Donald,Wilson,dwilsonc9@unblog.fr,Netherlands,Male,Emmeloord,Divape,56882.24,EUR
Brian,Sanders,bsandersca@baidu.com,Russia,Male,Tosno,Eire,81702.09,RUB
Joe,Medina,jmedinacb@ucoz.ru,China,Male,Ulan Hua,Zoombox,10478.93,CNY
Jimmy,Robinson,jrobinsoncc@spiegel.de,France,Male,Le Blanc-Mesnil,Gigabox,22633.05,EUR
Laura,Hayes,lhayescd@g.co,Portugal,Female,Odivelas,Zoombox,5137.72,EUR
Willie,White,wwhitece@sbwire.com,Morocco,Male,Tahala,Mydeo,77695.72,MAD
Joseph,Bryant,jbryantcf@google.fr,Russia,Male,Nytva,Thoughtworks,76360.42,RUB
Denise,Robinson,drobinsoncg@domainmarket.com,Mexico,Female,Obrera,Zoonder,58662.17,MXN
Steven,Cooper,scooperch@cisco.com,Indonesia,Male,Mojorembun,Meetz,66410.95,IDR
Catherine,Harris,charrisci@de.vu,Czech Republic,Female,Moravský Písek,Agivu,32375.99,CZK
Stephen,Holmes,sholmescj@time.com,Poland,Male,Rybie,Zazio,95644.38,PLN
Jacqueline,Griffin,jgriffinck@toplist.cz,Uganda,Female,Buyende,Devshare,1864.21,UGX
Tina,Murray,tmurraycl@slashdot.org,Honduras,Female,San José de Río Tinto,Youspan,3377.42,HNL
Emily,Kelley,ekelleycm@hibu.com,Poland,Female,Nielisz,Feednation,29131.95,PLN
Judith,Garrett,jgarrettcn@privacy.gov.au,Malaysia,Female,Kuala Lumpur,Eimbee,39971.66,MYR
Jimmy,Rose,jroseco@clickbank.net,Indonesia,Male,Tuateta,DabZ,,IDR
Barbara,Ryan,bryancp@unesco.org,Indonesia,Female,Pondokaso,Jazzy,78729.53,IDR
Ruth,Phillips,rphillipscq@clickbank.net,Peru,Female,Magdalena,Kaymbo,,PEN
Robert,Burke,rburkecr@dell.com,Serbia,Male,Kikinda,Feedbug,,RSD
Richard,Mendoza,rmendozacs@biblegateway.com,Canada,Male,Miramichi,Realpoint,78938.13,CAD
Helen,Brown,hbrownct@acquirethisname.com,Lithuania,Female,Jieznas,Yozio,,LTL
Jane,Mason,jmasoncu@aol.com,Peru,Female,Yamango,Brainlounge,53897.23,PEN
Michael,Perez,mperezcv@arstechnica.com,Philippines,Male,Pang,Brainsphere,43642.91,PHP
Christine,Ryan,cryancw@webnode.com,Indonesia,Female,Kebonsari Kidul,Wordware,,IDR
Mildred,Wheeler,mwheelercx@quantcast.com,Ukraine,Female,Buchach,Topicblab,62960.05,UAH
Sara,Bradley,sbradleycy@list-manage.com,Morocco,Female,Oued Zem,Mybuzz,92506.75,MAD
Ernest,Morales,emoralescz@cdbaby.com,Canada,Male,La Sarre,InnoZ,59635.19,CAD
Daniel,West,dwestd0@nyu.edu,Russia,Male,Molchanovo,Yozio,2842.86,RUB
Steve,Edwards,sedwardsd1@nsw.gov.au,Nigeria,Male,Olupona,Leexo,2240.05,NGN
Lillian,Thomas,lthomasd2@mit.edu,Equatorial Guinea,Female,Machinda,Tagopia,72369.22,XAF
Brenda,Chapman,bchapmand3@psu.edu,Mexico,Female,Loma Bonita,Jamia,67904.17,MXN
Michael,Carroll,mcarrolld4@china.com.cn,Chile,Male,Puerto Quellón,Jetpulse,48616.37,CLP
Jack,Reed,jreedd5@ucsd.edu,Luxembourg,Male,Lamadelaine,Buzzdog,12134.72,EUR
Richard,Lopez,rlopezd6@nyu.edu,China,Male,Maxiao,Linktype,98582.32,CNY
Evelyn,Sanchez,esanchezd7@admin.ch,United States,Female,Lubbock,Bubblemix,3083.02,USD
Melissa,Robertson,mrobertsond8@netscape.com,Portugal,Female,Meia Via,Aimbu,66875.75,EUR
Joseph,Ortiz,jortizd9@accuweather.com,Montenegro,Male,Pljevlja,Rooxo,5992.11,EUR
Angela,Andrews,aandrewsda@yelp.com,Indonesia,Female,Laau,Tagfeed,,IDR
Jane,Ortiz,jortizdb@xinhuanet.com,China,Female,Zhichanghe,Meejo,96128.01,CNY
Jack,Sims,jsimsdc@lulu.com,China,Male,Nanding,Babbleset,59707.46,CNY
Marie,Bowman,mbowmandd@scribd.com,United States,Female,Reno,Tagcat,13526.26,USD
Roger,Turner,rturnerde@smh.com.au,China,Male,Huzhen,Youbridge,32195.64,CNY
Mary,Snyder,msnyderdf@loc.gov,China,Female,Xinquan,Avaveo,97137.69,CNY
Paula,Stanley,pstanleydg@theglobeandmail.com,Indonesia,Female,Karangdawa Barat,Tagfeed,,IDR
Annie,Mendoza,amendozadh@baidu.com,Morocco,Female,Chichaoua,Twitterbeat,2357.37,MAD
Walter,Ramos,wramosdi@github.io,China,Male,Xintang,Brainsphere,35838.90,CNY
Carlos,Welch,cwelchdj@webs.com,Poland,Male,Łopuszno,Devpulse,,PLN
Beverly,Gray,bgraydk@seesaa.net,Indonesia,Female,Ubajami,Buzzster,61366.26,IDR
Edward,Burton,eburtondl@sun.com,Indonesia,Male,Sengkerang Tiga,Livetube,95197.63,IDR
Louise,Williamson,lwilliamsondm@virginia.edu,Indonesia,Female,Sidokumpul,Gabcube,77702.98,IDR
Martha,Dixon,mdixondn@xinhuanet.com,China,Female,Shuijiang,Cogidoo,70661.64,CNY
Beverly,Ross,brossdo@chicagotribune.com,Sweden,Female,Norrtälje,Brainsphere,52437.92,SEK
Judith,Mason,jmasondp@qq.com,Indonesia,Female,Suban Jeriji,Rhybox,68835.44,IDR
Carlos,Reid,creiddq@disqus.com,Philippines,Male,Malasila,Skipstorm,65602.92,PHP
Julia,Hamilton,jhamiltondr@narod.ru,China,Female,Heku,Browsezoom,,CNY
Dorothy,Chavez,dchavezds@webeden.co.uk,Canada,Female,Barraute,Vimbo,34858.05,CAD
Albert,Harper,aharperdt@sohu.com,Indonesia,Male,Awilega,Yamia,84271.75,IDR
Teresa,Gardner,tgardnerdu@epa.gov,Ukraine,Female,Vyshchetarasivka,Pixope,25560.65,UAH
Barbara,Smith,bsmithdv@instagram.com,Brazil,Female,Castelo,Thoughtmix,14947.82,BRL
Cheryl,Jordan,cjordandw@youtu.be,Djibouti,Female,Tadjoura,Npath,9181.13,DJF
Christopher,Dean,cdeandx@dmoz.org,China,Male,Guangpu,Avamm,,CNY
Fred,Woods,fwoodsdy@blogger.com,Israel,Male,Buqei‘a,Mydeo,71644.85,ILS
Kelly,Perkins,kperkinsdz@netscape.com,China,Female,Lancai,Skinder,,CNY
Gregory,Brooks,gbrookse0@army.mil,Nigeria,Male,Riti,Yadel,6250.85,NGN
Brenda,Perkins,bperkinse1@wired.com,Peru,Female,Puno,Flipbug,,PEN
Theresa,Gilbert,tgilberte2@time.com,Namibia,Female,Okahandja,Yakijo,,NAD
Patrick,Webb,pwebbe3@twitter.com,Indonesia,Male,Drien Rampak,Quinu,77835.02,IDR
Tammy,White,twhitee4@si.edu,Thailand,Female,Prachamtakham,Topicblab,13142.60,THB
Lillian,Foster,lfostere5@instagram.com,Iran,Female,Khalkhāl,Linktype,34773.80,IRR
Jacqueline,Thomas,jthomase6@tinypic.com,Belgium,Female,Tournai,Dynabox,61027.08,EUR
Melissa,Mendoza,mmendozae7@princeton.edu,Ukraine,Female,Velykyi Bereznyi,Linktype,49841.17,UAH
Ashley,Davis,adavise8@google.de,Russia,Female,Medveditskiy,Jabbertype,73559.75,RUB
Larry,Wallace,lwallacee9@wisc.edu,Portugal,Male,Campanário,Brainverse,85650.75,EUR
Martha,Garcia,mgarciaea@devhub.com,Poland,Female,Jastrowie,Kimia,2526.49,PLN
Marie,James,mjameseb@arizona.edu,Philippines,Female,Tayug,Skilith,59677.53,PHP
Joyce,Hayes,jhayesec@nhs.uk,Indonesia,Female,Ubud,Buzzster,63752.50,IDR
Wanda,Nelson,wnelsoned@nsw.gov.au,Poland,Female,Miasteczko Śląskie,Skyble,83216.94,PLN
Harry,Montgomery,hmontgomeryee@timesonline.co.uk,China,Male,Xiabeisi,Kwideo,36529.24,CNY
Robin,Roberts,rrobertsef@bluehost.com,Colombia,Female,El Doncello,Realbuzz,98628.29,COP
Eric,Richards,erichardseg@github.com,Czech Republic,Male,Červené Pečky,DabZ,64798.44,CZK
Wanda,Garcia,wgarciaeh@a8.net,Indonesia,Female,Majalengka,Linkbuzz,97983.30,IDR
Tina,Sanchez,tsanchezei@cbsnews.com,Indonesia,Female,Pamupukan,Gabtune,7233.42,IDR
Kimberly,Cole,kcoleej@dot.gov,Japan,Female,Aomori Shi,Oyoba,11356.43,JPY
Samuel,Campbell,scampbellek@goo.gl,Sweden,Male,Göteborg,Blogtag,46490.16,SEK
Kathryn,Boyd,kboydel@qq.com,Japan,Female,Goshogawara,Buzzshare,21736.45,JPY
Earl,Green,egreenem@house.gov,United States,Male,Saint Petersburg,Camido,74435.92,USD
Randy,Baker,rbakeren@dedecms.com,Ethiopia,Male,Mēga,Jaxworks,,ETB
Walter,Day,wdayeo@ocn.ne.jp,Mongolia,Male,Chonogol,Jabbersphere,87760.52,MNT
Arthur,Romero,aromeroep@tiny.cc,Poland,Male,Małkinia Górna,Tekfly,77561.68,PLN
Sharon,Bryant,sbryanteq@kickstarter.com,Poland,Female,Olszówka,Eire,34971.00,PLN
Jessica,Peterson,jpetersoner@marriott.com,Indonesia,Female,Kebon,Shufflebeat,36025.63,IDR
Jennifer,Castillo,jcastilloes@intel.com,Afghanistan,Female,Rustāq,Innojam,12387.64,AFN
Norma,James,njameset@npr.org,Czech Republic,Female,Nové Strašecí,Skiptube,51511.10,CZK
Ernest,Price,epriceeu@prnewswire.com,China,Male,Jingtou,Babblestorm,24038.41,CNY
Howard,Anderson,handersonev@behance.net,Japan,Male,Toyonaka,Agivu,,JPY
Kevin,Watkins,kwatkinsew@fc2.com,China,Male,Jinluo,Wikivu,61405.76,CNY
Joan,Stanley,jstanleyex@hubpages.com,Myanmar,Female,Hpa-an,Yacero,38585.16,MMK
Bonnie,Hayes,bhayesey@nyu.edu,Greenland,Female,Nuuk,Realbridge,86071.28,DKK
Bonnie,Owens,bowensez@mozilla.org,France,Female,Armentières,Wikizz,30667.14,EUR
Cheryl,Turner,cturnerf0@elegantthemes.com,Indonesia,Female,Saripin,Wikido,24354.49,IDR
James,Rivera,jriveraf1@addtoany.com,Philippines,Male,Palangue,Riffwire,58870.02,PHP
Harold,Olson,holsonf2@goo.gl,Cambodia,Male,Lumphăt,Avamba,57048.50,KHR
Lawrence,Cunningham,lcunninghamf3@tiny.cc,China,Male,Xuefu,Voomm,19868.62,CNY
Shawn,Gutierrez,sgutierrezf4@de.vu,China,Male,Qiancang,Einti,82029.00,CNY
Wayne,Williams,wwilliamsf5@fastcompany.com,Albania,Male,Laç,Twimbo,66317.32,ALL
Marie,Gilbert,mgilbertf6@cnet.com,Croatia,Female,Knin,Gabtype,5670.46,HRK
Julia,Sanchez,jsanchezf7@live.com,Japan,Female,Amagi,Aibox,5898.86,JPY
Sean,Mcdonald,smcdonaldf8@samsung.com,Russia,Male,Novopavlovsk,Feedfish,49591.83,RUB
Phyllis,Mason,pmasonf9@elegantthemes.com,Russia,Female,Palkino,Wikivu,51791.58,RUB
Kathy,Jackson,kjacksonfa@newyorker.com,China,Female,Erhe,Thoughtbridge,75467.45,CNY
Robin,Richards,rrichardsfb@opensource.org,Russia,Female,Urkarakh,Twimbo,19163.03,RUB
Sara,Bryant,sbryantfc@baidu.com,China,Female,Xiatuanpu,Thoughtstorm,38837.01,CNY
Patricia,Brown,pbrownfd@1und1.de,Burundi,Female,Muramvya,Skimia,,BIF
Jason,Andrews,jandrewsfe@loc.gov,Philippines,Male,Buray,Twimbo,22378.18,PHP
Rose,Hernandez,rhernandezff@google.co.jp,Philippines,Female,Buenavista,Viva,8222.61,PHP
Norma,Howell,nhowellfg@ow.ly,Indonesia,Female,Leramatang,Blogtag,62765.08,IDR
Todd,Chavez,tchavezfh@studiopress.com,Mongolia,Male,Tsetsegnuur,Browsecat,95855.52,MNT
Jacqueline,Griffin,jgriffinfi@github.com,France,Female,Montélimar,Zazio,80679.53,EUR
Donald,Hill,dhillfj@narod.ru,Philippines,Male,San Jacinto,Flashdog,632.20,PHP
Thomas,Burton,tburtonfk@tiny.cc,China,Male,Bailang,Tagchat,,CNY
Tammy,Payne,tpaynefl@constantcontact.com,Russia,Female,Nyagan,Skalith,46785.89,RUB
Arthur,Diaz,adiazfm@themeforest.net,France,Male,Rueil-Malmaison,Camimbo,61303.62,EUR
Rose,Stevens,rstevensfn@themeforest.net,China,Female,Shigutang,Oodoo,79412.89,CNY
Paul,Kennedy,pkennedyfo@illinois.edu,Benin,Male,Tanguiéta,Linkbridge,10524.83,XOF
Jack,Kim,jkimfp@networksolutions.com,Malaysia,Male,Kuala Lumpur,Twinte,26511.34,MYR
Donna,Gilbert,dgilbertfq@bizjournals.com,Thailand,Female,Ban Phan Don,Zooveo,85054.62,THB
Julia,Stevens,jstevensfr@ifeng.com,Indonesia,Female,Cibulakan,Topicblab,78569.35,IDR
Gary,Foster,gfosterfs@auda.org.au,Indonesia,Male,Trucuk,Trudeo,98477.57,IDR
Jonathan,Wilson,jwilsonft@vinaora.com,Sweden,Male,Norrköping,Thoughtstorm,77621.24,SEK
Benjamin,Cooper,bcooperfu@discuz.net,Indonesia,Male,Desa Werasari,Meevee,50595.29,IDR
Bobby,Rogers,brogersfv@wordpress.com,Peru,Male,Conima,Topiclounge,56725.95,PEN
Wayne,Carpenter,wcarpenterfw@nba.com,Mongolia,Male,Erdenet,Realcube,35492.74,MNT
Susan,Larson,slarsonfx@baidu.com,China,Female,Ziyang Chengguanzhen,Vinder,17918.83,CNY
Phillip,Torres,ptorresfy@woothemes.com,France,Male,Roissy Charles-de-Gaulle,Skilith,92534.02,EUR
Gerald,Rose,grosefz@latimes.com,Colombia,Male,Acacías,Zoomzone,37271.79,COP
Craig,Shaw,cshawg0@oakley.com,China,Male,Aiximan,Blogtags,5976.58,CNY
Anthony,Welch,awelchg1@over-blog.com,Belize,Male,Placencia,Devpulse,42602.13,BZD
Justin,Brooks,jbrooksg2@psu.edu,Albania,Male,Fushëkuqe,Linklinks,4882.01,ALL
David,Moore,dmooreg3@virginia.edu,Netherlands,Male,Rotterdam postbusnummers,Dynabox,83877.27,EUR
Lois,Palmer,lpalmerg4@comsenz.com,Russia,Female,Kronshtadt,Photojam,,RUB
Donald,Gonzalez,dgonzalezg5@wufoo.com,France,Male,Le Havre,Jaxspan,56262.72,EUR
Phyllis,Black,pblackg6@zdnet.com,Sweden,Female,Köping,Dynava,44704.19,SEK
Patrick,Miller,pmillerg7@jigsy.com,China,Male,Quma,Minyx,59536.12,CNY
Andrea,Stephens,astephensg8@businesswire.com,Vietnam,Female,Nghi Xuân,Quaxo,60601.59,VND
Kimberly,Cruz,kcruzg9@over-blog.com,Sweden,Female,Nacka,Camido,48754.71,SEK
Julia,Cox,jcoxga@joomla.org,Indonesia,Female,Tampekan,Babbleopia,,IDR
Jonathan,Patterson,jpattersongb@abc.net.au,China,Male,Yayao,Kazio,62886.10,CNY
Edward,Morris,emorrisgc@microsoft.com,Philippines,Male,Manat,Jabberbean,6585.38,PHP
Joseph,Wheeler,jwheelergd@buzzfeed.com,Morocco,Male,Casablanca,Skimia,66807.37,MAD
Julie,Andrews,jandrewsge@squidoo.com,Ecuador,Female,Macas,Tagopia,,USD
Karen,Henderson,khendersongf@scientificamerican.com,China,Female,Hongjiang,Buzzshare,32418.90,CNY
Pamela,Warren,pwarrengg@moonfruit.com,Nigeria,Female,Buni Yadi,Divanoodle,40505.26,NGN
Larry,Ryan,lryangh@i2i.jp,China,Male,Cikou,Abata,66203.89,CNY
Jose,Fuller,jfullergi@comsenz.com,Morocco,Male,Boudinar,Skimia,,MAD
Paula,Castillo,pcastillogj@cnet.com,China,Female,Batuan,Browsezoom,41372.67,CNY
Virginia,Shaw,vshawgk@altervista.org,Sierra Leone,Female,Alikalia,Quire,75015.37,SLL
Charles,Hayes,chayesgl@hatena.ne.jp,France,Male,Lyon,Tagchat,7601.60,EUR
Nicholas,Sullivan,nsullivangm@spotify.com,Sweden,Male,Tungelsta,Oyope,54591.40,SEK
Jonathan,King,jkinggn@zdnet.com,Syria,Male,Akhtarīn,Cogilith,89380.96,SYP
Angela,Evans,aevansgo@yale.edu,Netherlands,Female,Rotterdam postbusnummers,Layo,,EUR
Stephen,Schmidt,sschmidtgp@hugedomains.com,Brazil,Male,Pereira Barreto,Midel,42093.77,BRL
Anna,Jenkins,ajenkinsgq@oakley.com,Brazil,Female,Ferraz de Vasconcelos,Meemm,,BRL
Jerry,Campbell,jcampbellgr@deliciousdays.com,Brazil,Male,Carpina,Trudeo,41667.41,BRL
Philip,Young,pyounggs@webnode.com,Colombia,Male,Guapi,Izio,27570.29,COP
Harry,Mills,hmillsgt@pinterest.com,Brazil,Male,Areia Branca,Mynte,,BRL
Marie,Perry,mperrygu@networkadvertising.org,Argentina,Female,Punta Alta,Gigaclub,98415.47,ARS
Kathryn,Ramos,kramosgv@issuu.com,Jamaica,Female,Alexandria,Katz,29936.22,JMD
George,Meyer,gmeyergw@unc.edu,Russia,Male,Pyra,Brightbean,,RUB
Emily,Harper,eharpergx@surveymonkey.com,China,Female,Yanguan,Realpoint,59097.61,CNY
Martha,Jacobs,mjacobsgy@scientificamerican.com,Philippines,Female,Naga,Tagcat,45549.95,PHP
Kevin,Freeman,kfreemangz@myspace.com,Portugal,Male,Jovim,Lazz,,EUR
Martha,Robinson,mrobinsonh0@indiegogo.com,China,Female,Yashan,Flashset,28772.03,CNY
Patricia,Rodriguez,prodriguezh1@digg.com,Estonia,Female,Narva,Topiczoom,47763.82,EUR
Jerry,Harris,jharrish2@prnewswire.com,Indonesia,Male,Pasirmalang,Buzzster,49217.97,IDR
Kathryn,Jacobs,kjacobsh3@exblog.jp,France,Female,Puteaux,Meejo,94188.24,EUR
Mark,Rogers,mrogersh4@mapquest.com,China,Male,Erjiegou,Realbridge,77877.19,CNY
Louis,Garcia,lgarciah5@blogspot.com,Philippines,Male,Don Carlos,Twitterworks,56556.19,PHP
Shawn,Moore,smooreh6@chicagotribune.com,Poland,Male,Sączów,Dynava,61997.99,PLN
Sean,Moreno,smorenoh7@google.ru,Russia,Male,Kizilyurt,Janyx,61491.14,RUB
Justin,Lawrence,jlawrenceh8@liveinternet.ru,Yemen,Male,Az̧ Z̧alī‘ah,Gigazoom,44190.71,YER
Ernest,Vasquez,evasquezh9@yelp.com,China,Male,Yun’an,Voolia,55192.07,CNY
Joseph,Rose,jroseha@skype.com,Ireland,Male,Balrothery,Thoughtbridge,62536.89,EUR
Linda,Wagner,lwagnerhb@stumbleupon.com,Sweden,Female,Göteborg,Vinte,52648.51,SEK
Martha,Harris,mharrishc@discuz.net,Philippines,Female,Jarigue,Jabberstorm,84423.86,PHP
Sarah,Lewis,slewishd@networksolutions.com,France,Female,Saint-Avertin,Twitterbeat,47176.24,EUR
Laura,Hall,lhallhe@posterous.com,Sweden,Female,Mölnlycke,Vimbo,,SEK
Jennifer,Lee,jleehf@bravesites.com,Colombia,Female,Líbano,Tavu,1657.74,COP
Diana,Lane,dlanehg@google.com.br,France,Female,Nantes,Layo,74557.28,EUR
Tammy,Ferguson,tfergusonhh@domainmarket.com,Russia,Female,Voronezh,Skyba,40884.35,RUB
Maria,West,mwesthi@chicagotribune.com,China,Female,Maxu,Dabjam,99131.10,CNY
Eugene,Bishop,ebishophj@admin.ch,Egypt,Male,Al Qanāyāt,Eadel,81541.96,EGP
Helen,Coleman,hcolemanhk@zimbio.com,Russia,Female,Shimorskoye,Abatz,74940.29,RUB
Bobby,Ryan,bryanhl@yahoo.co.jp,France,Male,Marseille,Aimbu,69820.17,EUR
Justin,Burns,jburnshm@discuz.net,Oman,Male,‘Ibrī,Pixope,,OMR
Howard,Wallace,hwallacehn@trellian.com,Tajikistan,Male,Dŭstí,Tagpad,4067.94,TJS
Albert,Parker,aparkerho@google.ca,Tunisia,Male,Menzel Jemil,Voomm,99992.61,TND
Jack,Black,jblackhp@dion.ne.jp,Lithuania,Male,Nida,Podcat,35087.16,LTL
Ronald,Gardner,rgardnerhq@paginegialle.it,Russia,Male,Voznesenskoye,Skyvu,46657.95,RUB
Michael,Knight,mknighthr@multiply.com,North Korea,Male,Wŏnsan,Kwinu,91433.42,KPW
Kathy,Murphy,kmurphyhs@dell.com,Malaysia,Female,Kota Kinabalu,Dynabox,,MYR
Mark,James,mjamesht@senate.gov,Indonesia,Male,Banjar Geriana Kangin,Riffpath,15291.07,IDR
Ashley,Lynch,alynchhu@acquirethisname.com,China,Female,Dafeng,Youopia,95663.16,CNY
Tina,Chavez,tchavezhv@wordpress.com,Libya,Female,Sirte,Snaptags,86822.19,LYD
Kimberly,Berry,kberryhw@mozilla.org,China,Female,Shuangxi,Skinix,64013.51,CNY
Jean,Brown,jbrownhx@europa.eu,Vietnam,Female,Thị Trấn Hà Trung,Jabberbean,49060.71,VND
Louise,Wallace,lwallacehy@cbsnews.com,Poland,Female,Świecie nad Osą,Leenti,45547.11,PLN
Jesse,Elliott,jelliotthz@infoseek.co.jp,Poland,Male,Łopuszna,Fivechat,32173.44,PLN
Norma,Wood,nwoodi0@admin.ch,Russia,Female,Mitrofanovka,Zoonoodle,59794.78,RUB
Richard,Fowler,rfowleri1@wikipedia.org,China,Male,Tanjiaqiao,Gabspot,46975.23,CNY
Timothy,Ramos,tramosi2@ted.com,United States,Male,Omaha,Voolia,65500.47,USD
Harry,Garcia,hgarciai3@joomla.org,China,Male,Tongqiao,Topicstorm,24011.08,CNY
Benjamin,Harper,bharperi4@loc.gov,Russia,Male,Sinegorskiy,Camimbo,4666.58,RUB
Russell,Phillips,rphillipsi5@usatoday.com,Poland,Male,Czarna Białostocka,Browsedrive,81885.63,PLN
Barbara,Cooper,bcooperi6@bing.com,Iran,Female,Falāvarjān,Dynazzy,,IRR
Cheryl,Jacobs,cjacobsi7@woothemes.com,China,Female,Yongledian,Wikibox,68819.33,CNY
Donna,Duncan,dduncani8@cargocollective.com,Vietnam,Female,Cẩm Phả Mines,Cogilith,58119.40,VND
Douglas,Watkins,dwatkinsi9@census.gov,Portugal,Male,Lamego,Kwinu,,EUR
Martin,Wilson,mwilsonia@bing.com,Armenia,Male,Bambakashat,Eare,98010.00,AMD
Jonathan,Burns,jburnsib@sphinn.com,China,Male,Tanghu,Jaxnation,,CNY
Joan,Wagner,jwagneric@irs.gov,Pakistan,Female,Karachi,Oyope,96814.05,PKR
Heather,Morrison,hmorrisonid@timesonline.co.uk,Moldova,Female,Nisporeni,Shuffledrive,75188.37,MDL
Laura,Warren,lwarrenie@google.es,Philippines,Female,Taytayan,Zoomdog,77026.50,PHP
Barbara,King,bkingif@wufoo.com,Philippines,Female,Tarusan,Abata,11372.31,PHP
Mildred,Young,myoungig@t.co,Indonesia,Female,Petani,Mycat,18989.95,IDR
Marilyn,Mccoy,mmccoyih@facebook.com,China,Female,Donglu,Minyx,,CNY
Sarah,Knight,sknightii@imageshack.us,Pakistan,Female,Hāfizābād,Gabtype,98680.05,PKR
Stephen,Thompson,sthompsonij@purevolume.com,Panama,Male,Ailigandí,Jaxworks,51663.86,PAB
Keith,Morris,kmorrisik@nifty.com,Indonesia,Male,Jarada,Buzzdog,56358.98,IDR
Christine,King,ckingil@washington.edu,Brazil,Female,Piracuruca,Digitube,29061.43,BRL
Dorothy,Coleman,dcolemanim@psu.edu,Russia,Female,Venëv,Flipopia,10149.64,RUB
Lisa,Barnes,lbarnesin@sohu.com,Slovenia,Female,Leskovec pri Krškem,Mynte,49950.26,EUR
Philip,Anderson,pandersonio@plala.or.jp,Ukraine,Male,Mykolayiv,Zoozzy,92806.25,UAH
Gloria,Ellis,gellisip@opera.com,China,Female,Jieshan,Skivee,57988.67,CNY
George,Armstrong,garmstrongiq@free.fr,Indonesia,Male,Minian,Innojam,89859.13,IDR
Mary,Boyd,mboydir@arstechnica.com,Indonesia,Female,Kuwumkumambal,Wordware,45034.99,IDR
Mary,Schmidt,mschmidtis@desdev.cn,China,Female,Fengmen,Dynava,61659.38,CNY
Todd,Jenkins,tjenkinsit@addthis.com,Belarus,Male,Svislach,Dabtype,39543.16,BYR
James,Moore,jmooreiu@quantcast.com,Philippines,Male,Mat-i,Babblestorm,96880.58,PHP
Roy,Carpenter,rcarpenteriv@digg.com,Japan,Male,Uozu,Mudo,40232.87,JPY
Katherine,Bell,kbelliw@sciencedaily.com,China,Female,Benchu,Yakidoo,9743.87,CNY
Andrea,Andrews,aandrewsix@edublogs.org,China,Female,Sanbao,Agivu,7956.73,CNY
Carol,Watson,cwatsoniy@chronoengine.com,Croatia,Female,Rijeka,Meetz,78538.86,HRK
Betty,Garcia,bgarciaiz@purevolume.com,Cameroon,Female,Garoua,Chatterbridge,49475.22,XAF
Ernest,Hudson,ehudsonj0@t-online.de,France,Male,Caluire-et-Cuire,Oyoloo,17295.48,EUR
Peter,Henderson,phendersonj1@uiuc.edu,China,Male,Zoumaling,Gabcube,88265.77,CNY
Ronald,Willis,rwillisj2@flickr.com,Portugal,Male,Azaruja,Mydo,96624.35,EUR
Teresa,Ross,trossj3@amazon.com,Indonesia,Female,Kotabaru,Topiczoom,60150.67,IDR
Frank,Rice,fricej4@canalblog.com,Albania,Male,Kthella e Epërme,Dynava,16791.42,ALL
Sean,Black,sblackj5@google.com.br,Indonesia,Male,Bambanglipuro,Realblab,24582.79,IDR
Victor,Fuller,vfullerj6@about.me,Brazil,Male,Umuarama,Yata,89240.06,BRL
Deborah,Lane,dlanej7@answers.com,South Africa,Female,Clanwilliam,JumpXS,60359.04,ZAR
Norma,Smith,nsmithj8@naver.com,France,Female,Saint-Priest-en-Jarez,Youopia,96514.97,EUR
Irene,Larson,ilarsonj9@behance.net,China,Female,Fangxiang,Babblestorm,,CNY
Jack,Griffin,jgriffinja@opensource.org,Russia,Male,Dorogobuzh,Youfeed,82984.12,RUB
Jeremy,Webb,jwebbjb@wordpress.org,France,Male,Miribel,Skaboo,84517.24,EUR
Andrea,Allen,aallenjc@bloomberg.com,China,Female,Maoping,Blogtags,62715.52,CNY
Marilyn,Richards,mrichardsjd@wunderground.com,Ukraine,Female,Novopokrovka,Dynabox,60998.73,UAH
Julia,Rice,jriceje@epa.gov,Colombia,Female,Angostura,Kanoodle,71249.98,COP
Richard,Wood,rwoodjf@smugmug.com,Brazil,Male,Alegrete,Zoomdog,85691.56,BRL
Jacqueline,Burton,jburtonjg@nyu.edu,Azerbaijan,Female,Qobu,Brainbox,3785.05,AZN
Annie,Fields,afieldsjh@pagesperso-orange.fr,China,Female,Zhushan,Tambee,,CNY
Lisa,Meyer,lmeyerji@chronoengine.com,Philippines,Female,Lombog,Ntags,992.53,PHP
Larry,Baker,lbakerjj@tiny.cc,Myanmar,Male,Pyay,Voolith,56517.40,MMK
Jennifer,Mccoy,jmccoyjk@biglobe.ne.jp,Japan,Female,Kōfu-shi,Linkbridge,15510.01,JPY
Barbara,Nguyen,bnguyenjl@devhub.com,Indonesia,Female,Puncaksempur,Zoovu,26649.30,IDR
Ralph,Fuller,rfullerjm@4shared.com,Portugal,Male,Vinha,Rooxo,91256.69,EUR
Anthony,Gray,agrayjn@google.com,Serbia,Male,Banatsko Veliko Selo,Quire,74220.16,RSD
Terry,Hall,thalljo@skyrock.com,China,Male,Shuitou,Shuffledrive,42621.60,CNY
Ronald,Gibson,rgibsonjp@icq.com,Serbia,Male,Boljevci,Katz,44109.23,RSD
Terry,Wheeler,twheelerjq@merriam-webster.com,China,Male,Hecheng,Feednation,4945.20,CNY
Patricia,Kennedy,pkennedyjr@ucoz.ru,Armenia,Female,Noyemberyan,Eire,5447.96,AMD
Roy,Thompson,rthompsonjs@altervista.org,China,Male,Xiaohenglong,Yoveo,47186.06,CNY
Ralph,Hernandez,rhernandezjt@php.net,Peru,Male,Yuracyacu,Trupe,,PEN
Sandra,Meyer,smeyerju@sciencedaily.com,Philippines,Female,Esperanza,Devpoint,71278.10,PHP
Victor,Wells,vwellsjv@wikimedia.org,United States,Male,Cincinnati,Wordware,42030.67,USD
Theresa,Martin,tmartinjw@t.co,South Korea,Female,Kunwi,Fivechat,26032.29,KRW
Daniel,Daniels,ddanielsjx@house.gov,China,Male,Xianglan,Fiveclub,91065.65,CNY
Scott,Kim,skimjy@meetup.com,China,Male,Huanglong,Vitz,93647.72,CNY
Kenneth,Montgomery,kmontgomeryjz@psu.edu,France,Male,Tarascon,Leexo,38843.73,EUR
Lisa,Sullivan,lsullivank0@acquirethisname.com,Russia,Female,Uspenskoye,Roombo,67203.01,RUB
Harry,Spencer,hspencerk1@gmpg.org,Portugal,Male,Bom Sucesso,Bubbletube,43813.06,EUR
Roy,Rivera,rriverak2@weather.com,Andorra,Male,Ordino,Fadeo,,EUR
Jeffrey,Russell,jrussellk3@issuu.com,France,Male,Montpellier,Buzzdog,64530.32,EUR
Joan,Campbell,jcampbellk4@purevolume.com,Ukraine,Female,Lyubotyn,Kazu,52782.41,UAH
Kathy,Greene,kgreenek5@t.co,Thailand,Female,Phra Phutthabat,Edgeify,28744.17,THB
Linda,Graham,lgrahamk6@blogspot.com,Finland,Female,Pargas,Eazzy,23451.47,EUR
Shawn,Wheeler,swheelerk7@kickstarter.com,Philippines,Male,Irasan,Yodo,7563.80,PHP
Helen,Ray,hrayk8@china.com.cn,Ukraine,Female,Zarya,Vinder,34680.71,UAH
Gerald,Watkins,gwatkinsk9@nytimes.com,China,Male,Chaoyang,Npath,,CNY
Bruce,Reid,breidka@fc2.com,China,Male,Mianduhe,Mudo,14860.71,CNY
Ashley,George,ageorgekb@google.de,Mexico,Female,El Porvenir,Dynabox,30221.62,MXN
Clarence,Rogers,crogerskc@senate.gov,China,Male,Nanfeng,Quinu,32217.65,CNY
Shawn,Fisher,sfisherkd@last.fm,Russia,Male,Gamovo,Yambee,2306.91,RUB
Stephen,Washington,swashingtonke@oakley.com,Philippines,Male,Sumisip,Tagpad,85235.00,PHP
Ryan,Boyd,rboydkf@etsy.com,Turkmenistan,Male,Büzmeýin,Wikibox,81069.14,TMT
Maria,Reynolds,mreynoldskg@woothemes.com,Azerbaijan,Female,Amirdzhan,Voomm,53070.97,AZN
Shirley,Richards,srichardskh@simplemachines.org,Peru,Female,Buenos Aires,Pixoboo,33199.64,PEN
Jack,Banks,jbankski@oracle.com,Russia,Male,Pervoavgustovskiy,Janyx,8005.35,RUB
Jack,Cook,jcookkj@ustream.tv,Sweden,Male,Nyköping,Zoozzy,44044.09,SEK
Denise,Nichols,dnicholskk@archive.org,Philippines,Female,Liozon,Npath,14707.54,PHP
Julia,Dunn,jdunnkl@shutterfly.com,China,Female,Henggang,Muxo,,CNY
Charles,Day,cdaykm@blogger.com,Czech Republic,Male,Luka nad Jihlavou,Vimbo,,CZK
Susan,Williams,swilliamskn@lulu.com,China,Female,Obo,Eare,54108.41,CNY
Maria,Nguyen,mnguyenko@squidoo.com,China,Female,Shatian,Devpulse,33966.72,CNY
Angela,Gonzales,agonzaleskp@comcast.net,Indonesia,Female,Yogyakarta,Zoozzy,68854.55,IDR
Virginia,Anderson,vandersonkq@prnewswire.com,Palestinian Territory,Female,Qarāwat Banī Zayd,Browsetype,91621.25,ILS
Larry,Vasquez,lvasquezkr@vimeo.com,China,Male,Pingshan,Myworks,19134.63,CNY
Teresa,Harrison,tharrisonks@de.vu,Philippines,Female,Cartagena,Yakidoo,84299.82,PHP
Earl,Porter,eporterkt@hhs.gov,China,Male,Gusang,Flipstorm,75989.77,CNY
Mark,Patterson,mpattersonku@instagram.com,Brazil,Male,Jaú,Devpulse,86576.90,BRL
Harry,Morales,hmoraleskv@yolasite.com,Colombia,Male,El Tambo,Yodel,4181.99,COP
Wayne,Ruiz,wruizkw@flavors.me,Philippines,Male,Masarayao,Camido,87997.14,PHP
Larry,Carroll,lcarrollkx@dailymotion.com,France,Male,Le Blanc-Mesnil,Pixope,53146.82,EUR
Aaron,Snyder,asnyderky@quantcast.com,Argentina,Male,El Aguilar,Mydeo,25273.00,ARS
Albert,Knight,aknightkz@fema.gov,Venezuela,Male,Maracaibo,Jayo,18480.98,VEF
Richard,Torres,rtorresl0@ow.ly,Brazil,Male,Barueri,Linkbridge,59744.45,BRL
Stephen,Howell,showelll1@oakley.com,Indonesia,Male,Makui,Feedfire,82332.97,IDR
Victor,Anderson,vandersonl2@cam.ac.uk,China,Male,Daji,Thoughtmix,46742.69,CNY
David,Harper,dharperl3@fc2.com,Russia,Male,Novotitarovskaya,Skajo,,RUB
Denise,Hart,dhartl4@histats.com,Cameroon,Female,Ambam,Vidoo,23376.18,XAF
James,Medina,jmedinal5@over-blog.com,Kosovo,Male,Klina,Devshare,51945.38,EUR
Terry,Bryant,tbryantl6@cloudflare.com,China,Male,Huangmao,Pixoboo,13262.69,CNY
Louis,Willis,lwillisl7@abc.net.au,United States,Male,Wichita,Ozu,75625.29,USD
Doris,Howell,dhowelll8@toplist.cz,Ukraine,Female,Stari Bohorodchany,Roombo,81213.36,UAH
Virginia,Ramos,vramosl9@xrea.com,China,Female,Waihai,Aimbu,65978.96,CNY
Nicole,Thomas,nthomasla@ask.com,China,Female,Mianhu,Bubblebox,14307.14,CNY
Alan,Jenkins,ajenkinslb@webeden.co.uk,Indonesia,Male,Jembayan Hitam,Edgeblab,5637.64,IDR
Evelyn,Ramirez,eramirezlc@is.gd,Indonesia,Female,Salamnunggal,Yozio,51274.34,IDR
Timothy,Stevens,tstevensld@japanpost.jp,China,Male,Lantian,Brightdog,22644.75,CNY
Victor,Wood,vwoodle@myspace.com,Democratic Republic of the Congo,Male,Nioki,Brainlounge,36854.59,CDF
Jacqueline,Ramos,jramoslf@google.ru,Guatemala,Female,San Lorenzo,Jabbersphere,45491.70,GTQ
Barbara,Roberts,brobertslg@kickstarter.com,Indonesia,Female,Cisarap,Realfire,45888.36,IDR
Lori,Smith,lsmithlh@nationalgeographic.com,Brazil,Female,Espírito Santo do Pinhal,Mycat,59933.48,BRL
Janice,Martinez,jmartinezli@theglobeandmail.com,Pakistan,Female,Naushahro Fīroz,Kwimbee,,PKR
Kevin,Griffin,kgriffinlj@bluehost.com,Philippines,Male,Batal,Plambee,26744.31,PHP
Roger,Alvarez,ralvarezlk@forbes.com,China,Male,Wanjia,Ainyx,13356.30,CNY
Eric,Nguyen,enguyenll@multiply.com,Panama,Male,El Espino,Wikizz,32634.67,PAB
Howard,Woods,hwoodslm@mapy.cz,Thailand,Male,Sadao,Roomm,9144.10,THB
Laura,Torres,ltorresln@studiopress.com,United States,Female,Monticello,Latz,85828.71,USD
Robert,Medina,rmedinalo@stumbleupon.com,Russia,Male,Dzhubga,Chatterbridge,49045.84,RUB
Kelly,Austin,kaustinlp@addtoany.com,Indonesia,Female,Pahonjean,Feedbug,71027.67,IDR
Gerald,West,gwestlq@etsy.com,Argentina,Male,El Soberbio,Mydeo,47171.84,ARS
Martha,Harrison,mharrisonlr@marketwatch.com,Portugal,Female,Charneca da Cotovia,Linktype,51607.26,EUR
Theresa,Russell,trussellls@51.la,Chad,Female,Melfi,Jayo,,XAF
Sharon,Little,slittlelt@qq.com,Philippines,Female,Concepcion,Livetube,94533.72,PHP
Jason,Dunn,jdunnlu@ox.ac.uk,China,Male,Jintang,Eayo,43598.75,CNY
Robert,Moore,rmoorelv@is.gd,Indonesia,Male,Purworejo,Mydeo,23563.11,IDR
Sean,Gutierrez,sgutierrezlw@dyndns.org,Indonesia,Male,Ciguha Tengah,Wordify,39237.06,IDR
Billy,Willis,bwillislx@youtube.com,Poland,Male,Rajsko,Mycat,84239.13,PLN
Gloria,Nelson,gnelsonly@reference.com,Brazil,Female,Paraipaba,Eamia,,BRL
Nicole,Russell,nrusselllz@furl.net,China,Female,Huazhai,Gabcube,91676.18,CNY
Christopher,Stevens,cstevensm0@wix.com,Poland,Male,Trojanów,Photolist,,PLN
Samuel,Richardson,srichardsonm1@eventbrite.com,Poland,Male,Brodnica,Twinte,16443.07,PLN
Marilyn,Cunningham,mcunninghamm2@pen.io,China,Female,Kunyang,Eabox,,CNY
Stephanie,Reynolds,sreynoldsm3@typepad.com,Philippines,Female,Mantalongon,Minyx,47186.14,PHP
Linda,Ferguson,lfergusonm4@opera.com,Palestinian Territory,Female,Al Midyah,Browsebug,19998.85,ILS
Jesse,Coleman,jcolemanm5@woothemes.com,Lithuania,Male,Vilnius,Topiclounge,40237.50,LTL
Tammy,Sanders,tsandersm6@eventbrite.com,Greece,Female,Skiáthos,Trupe,2218.91,EUR
Kelly,Russell,krussellm7@uol.com.br,Canada,Female,Hanover,Pixope,39669.68,CAD
Amanda,Wright,awrightm8@woothemes.com,Mongolia,Female,Bodĭ,Zoonoodle,40580.14,MNT
Justin,Knight,jknightm9@wp.com,Ukraine,Male,Velyka Mykhaylivka,Meejo,46170.80,UAH
Anna,Ryan,aryanma@so-net.ne.jp,Brazil,Female,Nobres,Voomm,59670.78,BRL
Melissa,Meyer,mmeyermb@uol.com.br,France,Female,Niort,Oozz,41869.97,EUR
Christopher,Meyer,cmeyermc@cafepress.com,Tanzania,Male,Shinyanga,Avaveo,46465.16,TZS
Shawn,Andrews,sandrewsmd@purevolume.com,Philippines,Male,Bulacan,Voolith,48450.47,PHP
Anna,Hunt,ahuntme@mashable.com,China,Female,Fengjiang,Livepath,64967.72,CNY
Wayne,Stewart,wstewartmf@smugmug.com,Philippines,Male,Masaguisi,Quire,76069.67,PHP
Jack,Porter,jportermg@scientificamerican.com,Portugal,Male,Ribaldeira,Kaymbo,24984.84,EUR
Beverly,Garcia,bgarciamh@biglobe.ne.jp,Canada,Female,Kapuskasing,Skyba,92466.76,CAD
Laura,Crawford,lcrawfordmi@hao123.com,Indonesia,Female,Puor,Oba,38807.58,IDR
Eugene,Ray,eraymj@scientificamerican.com,Egypt,Male,Al Manşūrah,Quatz,24569.58,EGP
Bobby,Jackson,bjacksonmk@bloglines.com,Poland,Male,Dzięgielów,Voolia,23396.35,PLN
Jennifer,Moreno,jmorenoml@goo.gl,Cuba,Female,Alquízar,Feedfish,81975.02,CUP
Michael,Watson,mwatsonmm@sun.com,Portugal,Male,Aldeia de Além,Avamm,89765.44,EUR
Annie,Williamson,awilliamsonmn@netvibes.com,China,Female,Hai’an,LiveZ,11263.05,CNY
Wayne,Johnson,wjohnsonmo@statcounter.com,China,Male,Gongxi,Camido,72150.15,CNY
Billy,Walker,bwalkermp@cornell.edu,Portugal,Male,Corujeira,Avamba,36120.93,EUR
Douglas,Ward,dwardmq@g.co,China,Male,Liudu,Reallinks,88518.18,CNY
Cynthia,Arnold,carnoldmr@blogtalkradio.com,Luxembourg,Female,Mompach,Innojam,87979.38,EUR
Susan,Foster,sfosterms@gnu.org,Pakistan,Female,Tando Jām,Fatz,,PKR
Eric,Sanchez,esanchezmt@jimdo.com,United States,Male,Richmond,Eidel,,USD
Janice,Moore,jmooremu@biblegateway.com,Japan,Female,Tosu,Devshare,90386.64,JPY
Daniel,West,dwestmv@mit.edu,Indonesia,Male,Kampungbaru,Oozz,,IDR
Andrew,Shaw,ashawmw@msu.edu,Sweden,Male,Tumba,Yabox,49945.68,SEK
Louise,Collins,lcollinsmx@google.de,Philippines,Female,Bacag,Linkbridge,70612.08,PHP
Patrick,Jenkins,pjenkinsmy@answers.com,Bolivia,Male,Rurrenabaque,Oyoyo,81175.05,BOB
Paula,Powell,ppowellmz@netlog.com,Brazil,Female,Cordeirópolis,Bluejam,18754.45,BRL
Ryan,Hart,rhartn0@icio.us,Russia,Male,Stavropol’,Tazzy,,RUB
Michael,Coleman,mcolemann1@qq.com,Panama,Male,Aserrío de Gariché,Kamba,70154.55,PAB
Brenda,Watson,bwatsonn2@linkedin.com,Syria,Female,Al Khushnīyah,Realblab,36609.48,SYP
Philip,Clark,pclarkn3@domainmarket.com,China,Male,Fushui,Roodel,,CNY
Irene,Watkins,iwatkinsn4@domainmarket.com,Indonesia,Female,Terawas,Thoughtworks,2619.13,IDR
Brenda,Owens,bowensn5@bigcartel.com,China,Female,Shitan,Voonix,51640.65,CNY
Bobby,Johnston,bjohnstonn6@usa.gov,Japan,Male,Daitōchō,Jabbertype,1720.70,JPY
Sandra,Stephens,sstephensn7@microsoft.com,Central African Republic,Female,Bouca,Photofeed,91722.64,XAF
Benjamin,Williams,bwilliamsn8@yellowbook.com,Mexico,Male,Jardin,Skiptube,52531.78,MXN
Carlos,King,ckingn9@t-online.de,Malaysia,Male,Seremban,Topicstorm,29157.16,MYR
Martin,Richards,mrichardsna@lycos.com,Honduras,Male,Concordia,Zoomlounge,57172.44,HNL
Kimberly,Davis,kdavisnb@china.com.cn,China,Female,Dongda,Mynte,,CNY
Jennifer,Gardner,jgardnernc@spiegel.de,Brazil,Female,Pentecoste,Skilith,96152.07,BRL
Sharon,Rodriguez,srodrigueznd@cyberchimps.com,Nigeria,Female,Zaria,Blogtag,23504.44,NGN
Ralph,Bradley,rbradleyne@guardian.co.uk,Mexico,Male,La Guadalupe,Topicshots,49618.56,MXN
Kathryn,Knight,kknightnf@springer.com,China,Female,Xingang,Trilith,92275.42,CNY
Catherine,Bradley,cbradleyng@sciencedaily.com,Sri Lanka,Female,Ampara,Divanoodle,,LKR
Christina,West,cwestnh@tripod.com,China,Female,Haoguantun,Abatz,4921.50,CNY
Emily,Spencer,espencerni@trellian.com,Ukraine,Female,Uzyn,Roodel,10537.97,UAH
Betty,Freeman,bfreemannj@smh.com.au,France,Female,Nantes,Digitube,79148.69,EUR
Gloria,Johnston,gjohnstonnk@shutterfly.com,Philippines,Female,Tipaz,Izio,83611.83,PHP
Martha,Harvey,mharveynl@adobe.com,New Zealand,Female,Wakefield,Edgeify,60279.06,NZD
Carl,Hudson,chudsonnm@utexas.edu,Indonesia,Male,Cibeureum,Avavee,73236.49,IDR
Shawn,Rice,sricenn@multiply.com,Belarus,Male,Orsha,Dabvine,41060.56,BYR
Jimmy,Butler,jbutlerno@angelfire.com,Norway,Male,Bergen,Eire,47634.82,NOK
Paula,Simpson,psimpsonnp@flavors.me,Iran,Female,Neyrīz,Podcat,94695.21,IRR
Ruby,Parker,rparkernq@wufoo.com,Czech Republic,Female,Železný Brod,Devbug,25339.79,CZK
Virginia,Cook,vcooknr@stanford.edu,France,Female,Créteil,Realbridge,44841.79,EUR
Samuel,Scott,sscottns@goodreads.com,Sri Lanka,Male,Kolonnawa,Skalith,39978.19,LKR
Bonnie,Coleman,bcolemannt@ox.ac.uk,Germany,Female,Bonn,Jaloo,40666.24,EUR
Jose,Adams,jadamsnu@rakuten.co.jp,Peru,Male,Marcabal,Zoombeat,21569.36,PEN
Nicholas,Thompson,nthompsonnv@ycombinator.com,Palestinian Territory,Male,‘Ayn al Bayḑā,Fatz,18234.64,ILS
Douglas,Garrett,dgarrettnw@qq.com,China,Male,Miaotang,Eimbee,54904.66,CNY
Nicole,Hill,nhillnx@flavors.me,Albania,Female,Mollas,Skiba,63136.27,ALL
Theresa,Walker,twalkerny@bing.com,Gambia,Female,Kunting,Dynava,,GMD
Todd,Rodriguez,trodrigueznz@behance.net,France,Male,Limoges,Quimm,75161.15,EUR
Judy,Fox,jfoxo0@prnewswire.com,China,Female,Longxi,Photobean,96214.85,CNY
Clarence,Jones,cjoneso1@pbs.org,China,Male,Ganshui,Vimbo,9971.81,CNY
Cheryl,Dean,cdeano2@netvibes.com,Philippines,Female,Buenavista,Riffwire,44956.82,PHP
Heather,Oliver,holivero3@cdbaby.com,Sweden,Female,Herrljunga,Edgetag,37107.05,SEK
Brandon,Bryant,bbryanto4@who.int,Poland,Male,Wijewo,Quatz,14106.82,PLN
Lois,Knight,lknighto5@ovh.net,Indonesia,Female,Boroko,Skilith,37241.06,IDR
Deborah,Jones,djoneso6@squidoo.com,Philippines,Female,Balitoc,Jaxspan,45914.81,PHP
Philip,Fowler,pfowlero7@blinklist.com,China,Male,Changmao,Blogspan,19150.07,CNY
Susan,Diaz,sdiazo8@ow.ly,Russia,Female,Lobanovo,Vinte,91030.57,RUB
Annie,Cunningham,acunninghamo9@theatlantic.com,Indonesia,Female,Dampit,Pixope,73909.43,IDR
Joe,Medina,jmedinaoa@over-blog.com,China,Male,Yongtai,Leexo,5398.46,CNY
Stephanie,Young,syoungob@tamu.edu,Sweden,Female,Täby,Zoomlounge,96803.69,SEK
Lori,Webb,lwebboc@seattletimes.com,China,Female,Huaxian,Abata,600.74,CNY
Albert,Lawson,alawsonod@indiatimes.com,China,Male,Yuanguping,Vinte,62259.45,CNY
Jessica,Peterson,jpetersonoe@netvibes.com,Japan,Female,Ishikawa,Fatz,70157.82,JPY
Debra,Watson,dwatsonof@linkedin.com,Indonesia,Female,Nunbaundelha,Kanoodle,1366.82,IDR
Douglas,Wright,dwrightog@theguardian.com,China,Male,Zudun,Twitterlist,20900.84,CNY
Robert,Sims,rsimsoh@ucoz.ru,Portugal,Male,Porto de Mós,Edgeclub,80470.56,EUR
Maria,Richardson,mrichardsonoi@soup.io,Bangladesh,Female,Nowlamary,Roomm,,BDT
Phyllis,Cook,pcookoj@house.gov,China,Female,Beigou,Rhyloo,98306.00,CNY
Sharon,Jackson,sjacksonok@163.com,United States,Female,Iowa City,Mita,56605.71,USD
Eugene,Tucker,etuckerol@yelp.com,Thailand,Male,Sawankhalok,Brainverse,80410.78,THB
Joyce,Johnson,jjohnsonom@tripadvisor.com,Mexico,Female,Niños Heroes,Photolist,63814.72,MXN
Patrick,Green,pgreenon@admin.ch,Indonesia,Male,Glempang Tengah,Dabshots,47474.66,IDR
Steven,Rogers,srogersoo@tumblr.com,Peru,Male,Concepción,Oyonder,88330.93,PEN
Lisa,Burke,lburkeop@yolasite.com,United Kingdom,Female,East End,Chatterpoint,42001.48,GBP
Antonio,Harrison,aharrisonoq@cyberchimps.com,Canada,Male,St. Catharines,Rhynyx,74872.09,CAD
Aaron,Hamilton,ahamiltonor@reuters.com,Czech Republic,Male,Pražmo,Skajo,10009.17,CZK
Andrew,Foster,afosteros@japanpost.jp,Finland,Male,Tammela,Wikibox,39694.87,EUR
Timothy,Lawrence,tlawrenceot@macromedia.com,Indonesia,Male,Batulenger Barat,Vipe,10400.49,IDR
Todd,Sullivan,tsullivanou@delicious.com,Brazil,Male,Surubim,Mymm,75411.34,BRL
Johnny,Gibson,jgibsonov@bravesites.com,China,Male,Jiukeng,Skajo,,CNY
Helen,Davis,hdavisow@cdc.gov,Peru,Female,Pacucha,Skyndu,96220.24,PEN
Thomas,Gutierrez,tgutierrezox@alibaba.com,Kazakhstan,Male,Aksu,Yata,98266.87,KZT
Louis,Nelson,lnelsonoy@engadget.com,China,Male,Huyang,Quimm,46520.02,CNY
Brenda,Jacobs,bjacobsoz@list-manage.com,France,Female,Mitry-Mory,Skippad,4093.45,EUR
Philip,Mccoy,pmccoyp0@webmd.com,Kazakhstan,Male,Ilyich,Skilith,82929.96,KZT
Russell,Wright,rwrightp1@merriam-webster.com,Philippines,Male,Paniqui,Youopia,79219.29,PHP
Terry,Brown,tbrownp2@spotify.com,Japan,Male,Chichibu,Brightbean,80659.78,JPY
Kathy,Phillips,kphillipsp3@t-online.de,Myanmar,Female,Myaydo,Zoonoodle,14448.09,MMK
Jimmy,Lewis,jlewisp4@ebay.co.uk,Ukraine,Male,Okhtyrka,Fanoodle,54703.14,UAH
Richard,Pierce,rpiercep5@forbes.com,Poland,Male,Zmiennica,Browseblab,55390.78,PLN
Carl,Morrison,cmorrisonp6@answers.com,Greece,Male,Eleftheroúpolis,Jazzy,21468.66,EUR
Peter,Morris,pmorrisp7@booking.com,Indonesia,Male,Citalahab,Quimm,54562.62,IDR
Justin,Payne,jpaynep8@nbcnews.com,Poland,Male,Opatowiec,Geba,29709.44,PLN
Bobby,Simmons,bsimmonsp9@paginegialle.it,Indonesia,Male,Tigarunggu,Skalith,88329.14,IDR
Lois,Peters,lpeterspa@sourceforge.net,Finland,Female,Sammatti,Zoombox,89675.47,EUR
Tina,Castillo,tcastillopb@un.org,France,Female,Avranches,Aibox,47675.08,EUR
Martha,Fisher,mfisherpc@umn.edu,Nigeria,Female,Gwio Kura,Reallinks,,NGN
Jack,Hansen,jhansenpd@digg.com,Peru,Male,Andarapa,Oyondu,54171.36,PEN
Joshua,Fuller,jfullerpe@bbb.org,Madagascar,Male,Moramanga,Photobug,64406.15,MGA
Roger,Kelly,rkellypf@mashable.com,Dominican Republic,Male,Esperalvillo,Avamm,48548.37,DOP
Gary,Porter,gporterpg@sitemeter.com,China,Male,Yanweigang,Jaloo,62214.24,CNY
Debra,Nelson,dnelsonph@omniture.com,Philippines,Female,Pasian,Yadel,65996.95,PHP
Denise,Duncan,dduncanpi@dailymail.co.uk,Zambia,Female,Luangwa,Leenti,30260.90,ZMW
Donna,Wood,dwoodpj@nih.gov,South Korea,Female,Kijang,Oyoloo,96039.69,KRW
Alan,Reid,areidpk@webnode.com,China,Male,Fengyang,Voomm,46176.23,CNY
Susan,Williamson,swilliamsonpl@angelfire.com,Panama,Female,Las Lomas,Edgepulse,45713.24,PAB
Julie,Dean,jdeanpm@jigsy.com,Portugal,Female,Coutada,Buzzbean,18576.41,EUR
Rachel,Hall,rhallpn@theglobeandmail.com,Russia,Female,Komsomol’skiy,Thoughtmix,,RUB
Virginia,Harris,vharrispo@nifty.com,Poland,Female,Przemęt,Izio,58558.10,PLN
Jerry,Watkins,jwatkinspp@wikispaces.com,Russia,Male,Ordzhonikidzevskiy,Devshare,71953.89,RUB
Samuel,Matthews,smatthewspq@domainmarket.com,Ukraine,Male,Khrystynivka,Jamia,61883.22,UAH
Joan,Lynch,jlynchpr@fc2.com,Indonesia,Female,Kampungtengah,Edgewire,81578.89,IDR
Earl,Powell,epowellps@artisteer.com,Indonesia,Male,Ombarade,Abatz,62211.88,IDR
Carlos,Carpenter,ccarpenterpt@who.int,Pakistan,Male,Choa Saidān Shāh,Realpoint,3164.24,PKR
Jennifer,Green,jgreenpu@icq.com,Laos,Female,Lamam,Minyx,71348.28,LAK
Jose,Wallace,jwallacepv@shop-pro.jp,Indonesia,Male,Neglasari,Kare,33766.13,IDR
Diana,White,dwhitepw@cnbc.com,Czech Republic,Female,Rtyně v Podkrkonoší,Gabspot,1910.20,CZK
Harold,Diaz,hdiazpx@a8.net,China,Male,Tuchengzi,Oloo,62118.32,CNY
Kelly,Robinson,krobinsonpy@skyrock.com,China,Female,Zhanbei,Oyoyo,14187.39,CNY
Alice,Fernandez,afernandezpz@usatoday.com,Cuba,Female,Centro Habana,Kwimbee,85148.07,CUP
Irene,Parker,iparkerq0@plala.or.jp,China,Female,Oroqen Zizhiqi,Voomm,60807.96,CNY
John,Greene,jgreeneq1@slate.com,China,Male,Heshi,Lazzy,54396.85,CNY
Linda,Boyd,lboydq2@newsvine.com,Portugal,Female,Mosteiró,Yadel,45544.61,EUR
Sandra,Little,slittleq3@symantec.com,Brazil,Female,Atins,Gabtype,92655.99,BRL
Denise,Turner,dturnerq4@harvard.edu,United States,Female,Peoria,Jabbersphere,53134.87,USD
Alice,Kelly,akellyq5@xing.com,Poland,Female,Zagórów,Trunyx,,PLN
Juan,Franklin,jfranklinq6@vk.com,Indonesia,Male,Cikadu,Linkbuzz,44429.41,IDR
Daniel,Stone,dstoneq7@amazon.co.jp,United States,Male,Baton Rouge,Janyx,,USD
Carl,Ramos,cramosq8@diigo.com,Ukraine,Male,Tatarbunary,Camimbo,,UAH
Kathleen,Stevens,kstevensq9@tripod.com,Russia,Female,Novotroitskaya,Roodel,48348.30,RUB
Barbara,Snyder,bsnyderqa@webs.com,Indonesia,Female,Mesa,Ailane,16198.71,IDR
Victor,Moreno,vmorenoqb@pinterest.com,Japan,Male,Ishii,Dabshots,70508.74,JPY
Rebecca,Barnes,rbarnesqc@yahoo.com,China,Female,Dahuang,Skimia,,CNY
Debra,Gonzalez,dgonzalezqd@canalblog.com,Brazil,Female,Lapa,Feedmix,89316.17,BRL
Carl,Medina,cmedinaqe@amazon.co.uk,China,Male,Naji,Eamia,50102.28,CNY
Sara,Carr,scarrqf@vinaora.com,Poland,Female,Grębów,Mynte,65704.40,PLN
Benjamin,Stephens,bstephensqg@istockphoto.com,United States,Male,Shreveport,Voonyx,48733.33,USD
Janice,Jacobs,jjacobsqh@oakley.com,Russia,Female,Torzhok,Fiveclub,60010.81,RUB
Robert,Kim,rkimqi@myspace.com,Serbia,Male,Golubac,Trilia,16120.94,RSD
Elizabeth,Edwards,eedwardsqj@ustream.tv,Argentina,Female,Pozo Hondo,Skalith,,ARS
Michelle,Payne,mpayneqk@illinois.edu,China,Female,Huogezhuang,Tagpad,,CNY
Robin,Hanson,rhansonql@timesonline.co.uk,China,Female,Wenquan,Abatz,98060.29,CNY
Roy,Scott,rscottqm@cbsnews.com,Russia,Male,Zhukovskiy,Buzzbean,14564.06,RUB
Mark,Carpenter,mcarpenterqn@businesswire.com,Colombia,Male,Samacá,Voolia,61927.41,COP
Jesse,Castillo,jcastilloqo@cnn.com,United States,Male,Topeka,Zoombeat,78253.61,USD
Roy,Harvey,rharveyqp@engadget.com,France,Male,Dieppe,Ntag,5464.59,EUR
Henry,Kim,hkimqq@webmd.com,China,Male,Changtang,Tazzy,99672.93,CNY
Joyce,Bradley,jbradleyqr@feedburner.com,North Korea,Female,Ŭiju,Rhyloo,87948.36,KPW
Shirley,Fowler,sfowlerqs@dailymail.co.uk,Greece,Female,Néa Sánta,Skippad,84964.36,EUR
Sharon,Spencer,sspencerqt@bloglines.com,Russia,Female,Zhavoronki,Tazz,,RUB
Billy,Watkins,bwatkinsqu@shop-pro.jp,Antigua and Barbuda,Male,Saint John’s,Thoughtstorm,55980.59,XCD
Bobby,Lynch,blynchqv@upenn.edu,France,Male,Fontenay-sous-Bois,Quatz,92289.85,EUR
Evelyn,Lee,eleeqw@virginia.edu,Peru,Female,La Molina,Vinte,63143.58,PEN
Jean,Taylor,jtaylorqx@arizona.edu,Indonesia,Female,Pasirpengarayan,Quinu,63696.79,IDR
Russell,Medina,rmedinaqy@alexa.com,Republic of the Congo,Male,Loandjili,Oyonder,51063.14,XAF
Sean,Ryan,sryanqz@xrea.com,United States,Male,Stockton,Talane,15921.39,USD
Tammy,Porter,tporterr0@canalblog.com,France,Female,Paris 19,Babblestorm,30306.91,EUR
Jacqueline,Myers,jmyersr1@privacy.gov.au,United States,Female,New Bedford,Myworks,63862.83,USD
Kathryn,Gomez,kgomezr2@mozilla.com,Togo,Female,Dapaong,Topicware,56627.27,XOF
Karen,Fox,kfoxr3@lycos.com,Poland,Female,Jeżów Sudecki,Quinu,,PLN
Annie,Flores,afloresr4@reference.com,Bulgaria,Female,Kula,Livepath,,BGN
Walter,Walker,wwalkerr5@ucoz.ru,Greece,Male,Anaráchi,Fadeo,32.90,EUR
David,Frazier,dfrazierr6@youku.com,Czech Republic,Male,Hostěradice,Voonte,22068.84,CZK
Kelly,Johnston,kjohnstonr7@marriott.com,Indonesia,Female,Fatubia,Kwilith,34473.13,IDR
Terry,Jacobs,tjacobsr8@alexa.com,China,Male,Huidong,Youopia,80292.44,CNY
Bonnie,Fox,bfoxr9@ft.com,Portugal,Female,Camarate,Thoughtworks,53232.46,EUR
Irene,Washington,iwashingtonra@tripod.com,Iran,Female,Bāft,Zoomzone,65602.14,IRR
Carolyn,Hudson,chudsonrb@canalblog.com,Philippines,Female,Mulanay,Topicshots,60531.53,PHP
Sarah,Lane,slanerc@feedburner.com,Spain,Female,Cadiz,Livepath,65752.28,EUR
John,Matthews,jmatthewsrd@geocities.com,Thailand,Male,Ban Ko Lan,Jaxspan,80708.98,THB
Joseph,Day,jdayre@google.co.jp,Indonesia,Male,Ungaran,Meevee,41807.56,IDR
Cheryl,Ortiz,cortizrf@reuters.com,China,Female,Hongping,Livepath,13922.43,CNY
Margaret,Morris,mmorrisrg@unesco.org,Bangladesh,Female,Kushtia,Eire,40924.40,BDT
Christine,Cruz,ccruzrh@usatoday.com,Panama,Female,Los Boquerones,Trilith,29519.68,PAB
Barbara,Owens,bowensri@bbb.org,Portugal,Female,Afonsoeiro,Youtags,,EUR
Denise,Grant,dgrantrj@msn.com,Croatia,Female,Drenova,Dabtype,73204.10,HRK
Susan,Hill,shillrk@tripadvisor.com,Canada,Female,Fort Macleod,Talane,30746.21,CAD
James,Simmons,jsimmonsrl@geocities.com,Indonesia,Male,Tebon,Vitz,39106.84,IDR
Jeffrey,Parker,jparkerrm@clickbank.net,Indonesia,Male,Guruafin,Thoughtsphere,78954.72,IDR
Kathy,Bryant,kbryantrn@ca.gov,Kosovo,Female,Gjilan,Trupe,,EUR
Sean,Burns,sburnsro@myspace.com,Portugal,Male,Freiria,Divanoodle,84423.48,EUR
Kathleen,Holmes,kholmesrp@xing.com,China,Female,Jiaokou,Meedoo,40336.85,CNY
Janet,Hicks,jhicksrq@histats.com,China,Female,Liuhu,Jaxnation,56703.00,CNY
Betty,Garcia,bgarciarr@virginia.edu,China,Female,Lianrao,Voonix,18866.54,CNY
