Walter,Cruz,wcruz0@wunderground.com,United States,Male,Saint Petersburg,Yombu,13497.09,USD
Jean,Rivera,jrivera1@edublogs.org,China,Female,Shuiyang,Mynte,29083.30,CNY
Shawn,Perez,sperez2@google.de,Brazil,Male,Bento Gonçalves,Meeveo,40687.77,BRL
Roy,Harrison,rharrison3@plala.or.jp,China,Male,Matang,Riffwire,77986.42,CNY
Bonnie,Smith,bsmith4@so-net.ne.jp,Indonesia,Female,Tobilolong,Thoughtbridge,60197.02,IDR
Theresa,Stevens,tstevens5@comcast.net,Portugal,Female,Gouveia,Tavu,52112.01,EUR
Jason,Wheeler,jwheeler6@yellowpages.com,Peru,Male,Pampa Hermosa,Jabberbean,35.28,PEN
Janet,Scott,jscott7@foxnews.com,China,Female,Rulong,Yamia,53597.07,CNY
Joe,Hansen,jhansen8@parallels.com,Lithuania,Male,Taurage,Eamia,46721.27,LTL
Kevin,Schmidt,kschmidt9@epa.gov,China,Male,Qianfoling,Tazzy,35594.30,CNY
Ronald,Bradley,rbradleya@wired.com,Indonesia,Male,Gisiliba,Blogtag,362.91,IDR
Diana,Carter,dcarterb@dyndns.org,Saudi Arabia,Female,Al Qaţīf,Shufflebeat,6588.08,SAR
John,Pierce,jpiercec@yolasite.com,Thailand,Male,Phu Kradueng,Edgeblab,45249.40,THB
Margaret,Peters,mpetersd@slashdot.org,Indonesia,Female,Tambakbaya,Tekfly,71994.51,IDR
Keith,Morrison,kmorrisone@mysql.com,China,Male,Hongxi,Yamia,13377.41,CNY
Joshua,Peterson,jpetersonf@google.co.jp,Botswana,Male,Selebi-Phikwe,Kamba,58019.22,BWP
Cynthia,Hunter,chunterg@purevolume.com,Portugal,Female,Vila Fria,Dynazzy,,EUR
Joe,Crawford,jcrawfordh@delicious.com,Czech Republic,Male,Jablonec nad Nisou,Skyble,80114.49,CZK
Jane,Snyder,jsnyderi@meetup.com,Palestinian Territory,Female,Bayt ‘Anān,Agimba,34058.92,ILS
Tina,Elliott,telliottj@macromedia.com,Aland Islands,Female,Brändö,Edgewire,57729.44,EUR
Alice,Ortiz,aortizk@spotify.com,Japan,Female,Shibushi,Tambee,86387.00,JPY
Joseph,Simmons,jsimmonsl@jiathis.com,Brazil,Male,São Francisco do Sul,Realbridge,40186.64,BRL
Shawn,Fowler,sfowlerm@jiathis.com,Indonesia,Male,Pangkalan,Edgeify,70994.62,IDR
Jose,Henry,jhenryn@sourceforge.net,Czech Republic,Male,Hodkovičky,Skaboo,30219.80,CZK
Virginia,Carr,vcarro@ameblo.jp,China,Female,Wugong,Thoughtstorm,91293.52,CNY
Elizabeth,Riley,erileyp@wired.com,Indonesia,Female,Delok,Zooxo,561.82,IDR
Stephen,Scott,sscottq@unblog.fr,Bolivia,Male,Santiago del Torno,Voomm,55182.70,BOB
Todd,Green,tgreenr@slashdot.org,South Africa,Male,Vrede,Twiyo,57171.44,ZAR
Betty,Parker,bparkers@fema.gov,Israel,Female,Naḥf,Talane,90397.76,ILS
Mildred,Morgan,mmorgant@seattletimes.com,Colombia,Female,Facatativá,Vipe,31241.88,COP
Bobby,Simmons,bsimmonsu@sfgate.com,China,Male,Zhentou,Feedspan,28581.07,CNY
Gary,Reed,greedv@scientificamerican.com,China,Male,Fenlu,Vitz,6425.75,CNY
Edward,Robinson,erobinsonw@blogspot.com,Czech Republic,Male,Dobratice,Oyondu,31441.19,CZK
Julia,Thomas,jthomasx@amazon.co.uk,Czech Republic,Female,Luže,Agivu,,CZK
Patrick,Parker,pparkery@myspace.com,Indonesia,Male,Marisgama,Cogibox,74545.75,IDR
Matthew,Campbell,mcampbellz@google.ca,China,Male,Huilong,Trudoo,79930.54,CNY
Julia,Murray,jmurray10@163.com,Indonesia,Female,Parapat,Rhyzio,45414.15,IDR
Stephen,Mcdonald,smcdonald11@github.io,Moldova,Male,Bălţi,Gigabox,365.66,MDL
Mildred,Tucker,mtucker12@china.com.cn,Indonesia,Female,Nao,Dabvine,3221.23,IDR
Denise,Frazier,dfrazier13@cnet.com,Brazil,Female,Lago dos Rodrigues,Wikizz,,BRL
Edward,Willis,ewillis14@tamu.edu,Macedonia,Male,Češinovo,Skyvu,18728.35,MKD
Jimmy,Fields,jfields15@shutterfly.com,Russia,Male,Belyye Stolby,Yoveo,70636.32,RUB
Anna,Hughes,ahughes16@usda.gov,China,Female,Huangshapu,Tavu,,CNY
George,Bennett,gbennett17@amazon.de,Liberia,Male,Voinjama,Roombo,38355.54,LRD
Gerald,Thompson,gthompson18@nature.com,Afghanistan,Male,Qarchī Gak,Jaxbean,14939.62,AFN
Walter,Diaz,wdiaz19@state.gov,Ireland,Male,Kiltamagh,Kwimbee,87606.20,EUR
Joyce,Martinez,jmartinez1a@istockphoto.com,Sierra Leone,Female,Port Loko,Quire,7921.99,SLL
Carol,Gardner,cgardner1b@facebook.com,Poland,Female,Święciechowa,Jaxworks,,PLN
Ruby,Graham,rgraham1c@hp.com,Thailand,Female,Non Suwan,Skajo,75089.98,THB
Joyce,Howell,jhowell1d@mapquest.com,Indonesia,Female,Cerenti,Kwideo,,IDR
Phillip,Campbell,pcampbell1e@yahoo.co.jp,Japan,Male,Onoda,Realbridge,89426.46,JPY
Elizabeth,Gray,egray1f@wordpress.org,Portugal,Female,Valongo,Twitterwire,21268.04,EUR
Gary,Perkins,gperkins1g@imdb.com,China,Male,Fuliang,Dynabox,5301.45,CNY
Kathleen,Murray,kmurray1h@nyu.edu,Armenia,Female,Gugark’,Fanoodle,,AMD
Jonathan,Moore,jmoore1i@zimbio.com,Thailand,Male,Koh Tao,Voolia,37979.07,THB
Amy,Stevens,astevens1j@dyndns.org,Russia,Female,Tomsk,BlogXS,35920.24,RUB
Sandra,Rogers,srogers1k@qq.com,United States,Female,Round Rock,Eazzy,45267.09,USD
Jonathan,Jackson,jjackson1l@ameblo.jp,Ukraine,Male,Yurkivka,Babbleblab,,UAH
Frances,Turner,fturner1m@vinaora.com,Poland,Female,Pleszew,Feedspan,51585.40,PLN
Bonnie,Torres,btorres1n@amazon.co.jp,Canada,Female,Marieville,Skajo,,CAD
Timothy,Oliver,toliver1o@elpais.com,Mexico,Male,San Antonio,Zoombeat,58668.95,MXN
Margaret,Jackson,mjackson1p@qq.com,Colombia,Female,El Charco,Abata,26344.94,COP
Benjamin,Garrett,bgarrett1q@bbb.org,China,Male,Fengping,Thoughtmix,62981.50,CNY
Doris,Watkins,dwatkins1r@cisco.com,Nepal,Female,Nawal,Eimbee,93845.89,NPR
Kathy,Perez,kperez1s@omniture.com,Indonesia,Female,Bangkalan,Edgetag,41104.75,IDR
Patricia,Johnston,pjohnston1t@bandcamp.com,Indonesia,Female,Ketawang,Rhybox,90924.61,IDR
Kevin,Parker,kparker1u@businessweek.com,Ecuador,Male,La Maná,Trilia,54675.52,USD
Joyce,Mills,jmills1v@oracle.com,China,Female,Junkou,Zoonder,89095.87,CNY
Margaret,Gomez,mgomez1w@va.gov,China,Female,Nankou,Brightbean,,CNY
Larry,Washington,lwashington1x@rambler.ru,Indonesia,Male,Cikeusal,Mynte,52382.58,IDR
Adam,Castillo,acastillo1y@cmu.edu,Indonesia,Male,Cikadongdong,Buzzdog,,IDR
Martha,Martinez,mmartinez1z@patch.com,Ukraine,Female,Kivertsi,Brainbox,,UAH
Marie,Mendoza,mmendoza20@merriam-webster.com,Bulgaria,Female,Pleven,Latz,24741.35,BGN
Daniel,Jones,djones21@go.com,Nigeria,Male,Oke Mesi,Voomm,31863.81,NGN
Judith,Hansen,jhansen22@wordpress.com,Indonesia,Female,Gresik,Quinu,71709.28,IDR
Jason,Hanson,jhanson23@pcworld.com,China,Male,Tieremu,Realcube,80798.23,CNY
Jessica,Oliver,joliver24@va.gov,Bulgaria,Female,Borino,Fadeo,68380.57,BGN
John,Hunt,jhunt25@ameblo.jp,Philippines,Male,Alemanguan,Twitterworks,69047.21,PHP
Denise,Harrison,dharrison26@tmall.com,Malaysia,Female,Kuala Lumpur,Dynabox,82550.09,MYR
Brenda,Ruiz,bruiz27@go.com,Indonesia,Female,Urug,Fanoodle,12911.64,IDR
Brenda,Stanley,bstanley28@live.com,Philippines,Female,San Francisco,Topiczoom,96685.65,PHP
Kelly,Murray,kmurray29@businesswire.com,Indonesia,Female,Cikaras,Fanoodle,63932.67,IDR
Linda,Jones,ljones2a@csmonitor.com,Indonesia,Female,Banjar Brahmanabukit,Twitterlist,,IDR
Henry,Hicks,hhicks2b@ucoz.ru,Brazil,Male,Juiz de Fora,Quamba,78814.75,BRL
Joshua,Watson,jwatson2c@slashdot.org,Russia,Male,Kotlyarevskaya,Meezzy,,RUB
Wayne,Moore,wmoore2d@ft.com,Russia,Male,Gukovo,Wordtune,88709.18,RUB
Fred,Rose,frose2e@xinhuanet.com,Finland,Male,Turenki,Buzzbean,99339.57,EUR
Jason,Baker,jbaker2f@phoca.cz,China,Male,Du’ermenqin,Yata,15977.56,CNY
Karen,Jacobs,kjacobs2g@quantcast.com,Ukraine,Female,Horodyshche,Thoughtblab,43823.83,UAH
Ernest,Fox,efox2h@domainmarket.com,Finland,Male,Ylöjärvi,Browsebug,78046.56,EUR
Cynthia,Riley,criley2i@hatena.ne.jp,Indonesia,Female,Sentani,Aimbo,1107.00,IDR
Elizabeth,Robinson,erobinson2j@sakura.ne.jp,Indonesia,Female,Wangkung,Kwimbee,94127.02,IDR
Sean,Mccoy,smccoy2k@cnet.com,Bangladesh,Male,Gaurnadi,Tagfeed,95799.91,BDT
Rebecca,Burke,rburke2l@techcrunch.com,Iran,Female,Sepīdān,Feedmix,82859.54,IRR
Aaron,Shaw,ashaw2m@amazon.de,Nigeria,Male,Birnin Kebbi,Zoomdog,97838.29,NGN
Stephanie,Franklin,sfranklin2n@ovh.net,Russia,Female,Zapolyarnyy,Babblestorm,15165.36,RUB
Emily,Stanley,estanley2o@slideshare.net,China,Female,Taihe,Topicblab,14156.35,CNY
George,Chavez,gchavez2p@joomla.org,Portugal,Male,Carrazeda de Ansiães,Linklinks,96647.17,EUR
Donna,Morrison,dmorrison2q@jigsy.com,Ivory Coast,Female,Soubré,Skilith,91046.53,XOF
Sandra,Burke,sburke2r@fotki.com,Indonesia,Female,Bentengjawa,Eare,97938.17,IDR
Thomas,Barnes,tbarnes2s@hc360.com,China,Male,Mi’ersi,Ntags,16387.62,CNY
Harry,Robertson,hrobertson2t@weebly.com,Yemen,Male,Sayyān,Feedfire,8220.42,YER
Catherine,Freeman,cfreeman2u@si.edu,China,Female,Xinzha,Fliptune,15510.99,CNY
Phillip,Lopez,plopez2v@typepad.com,Poland,Male,Rzgów,Vipe,751.67,PLN
Marilyn,Banks,mbanks2w@epa.gov,Peru,Female,Acobamba,Flipstorm,63783.49,PEN
Kenneth,Hall,khall2x@house.gov,Brazil,Male,São José de Ribamar,Jayo,23628.29,BRL
Emily,Morrison,emorrison2y@reverbnation.com,Iran,Female,Bandar-e ‘Asalūyeh,Twitternation,68090.24,IRR
Carolyn,Hamilton,chamilton2z@rakuten.co.jp,Sweden,Female,Kristinehamn,Vipe,54754.32,SEK
Ashley,Daniels,adaniels30@privacy.gov.au,Czech Republic,Female,Mikulčice,Meetz,,CZK
Mary,Peters,mpeters31@forbes.com,Indonesia,Female,Tamansari,Vipe,69043.76,IDR
Mildred,Hall,mhall32@t.co,China,Female,Xingang,Yata,49056.94,CNY
Frances,Edwards,fedwards33@flavors.me,United States,Female,Las Vegas,Cogidoo,25719.13,USD
Jane,Jackson,jjackson34@tinypic.com,Spain,Female,Lleida,Topicstorm,65420.84,EUR
Denise,West,dwest35@biblegateway.com,Armenia,Female,Hovtamej,Podcat,72232.79,AMD
Beverly,Allen,ballen36@google.nl,Brazil,Female,Santana,Dynazzy,69226.54,BRL
Melissa,Moreno,mmoreno37@dion.ne.jp,Philippines,Female,Cabarroguis,Oozz,73078.62,PHP
Theresa,Burns,tburns38@imdb.com,China,Female,Bor Tungge,Twitterworks,33514.78,CNY
Ann,Moore,amoore39@domainmarket.com,Peru,Female,Minas de Marcona,Gigazoom,68222.06,PEN
Marie,Adams,madams3a@dropbox.com,Yemen,Female,Al Ḩarf,Leexo,23709.19,YER
Douglas,Williams,dwilliams3b@goo.ne.jp,Philippines,Male,San Andres,Shuffledrive,,PHP
Steve,Smith,ssmith3c@shareasale.com,Czech Republic,Male,Chvalšiny,Myworks,2969.53,CZK
Robin,Harper,rharper3d@pinterest.com,Finland,Female,Elimäki,Quatz,77846.50,EUR
Eric,Baker,ebaker3e@wunderground.com,China,Male,Lidun,Wikibox,87777.62,CNY
Dennis,Stone,dstone3f@reverbnation.com,Philippines,Male,Dugongan,Teklist,27102.53,PHP
Arthur,Elliott,aelliott3g@cnn.com,New Zealand,Male,Bluff,Ntag,7921.08,NZD
Jane,Freeman,jfreeman3h@theguardian.com,Argentina,Female,Villa Dolores,Talane,44592.47,ARS
Philip,Castillo,pcastillo3i@surveymonkey.com,Japan,Male,Muikamachi,Zoomdog,68833.75,JPY
Betty,Thomas,bthomas3j@mapquest.com,Ukraine,Female,Staryy Krym,Camido,23042.09,UAH
Sandra,Mccoy,smccoy3k@example.com,Ecuador,Female,Esmeraldas,Skyvu,86314.42,USD
Cheryl,Sims,csims3l@dmoz.org,Thailand,Female,Mae Charim,Dynabox,,THB
John,Rice,jrice3m@youtu.be,Kyrgyzstan,Male,Kara Suu,Pixope,6387.51,KGS
Andrew,Lee,alee3n@un.org,China,Male,Jiyizhuang,Jaloo,45888.50,CNY
Rose,Gomez,rgomez3o@webs.com,Uruguay,Female,Trinidad,Eabox,77603.43,UYU
Bruce,Peters,bpeters3p@desdev.cn,Indonesia,Male,Bijeli,Voolia,68618.06,IDR
Jeffrey,Cunningham,jcunningham3q@yellowbook.com,Philippines,Male,Marbel,Roombo,87975.03,PHP
Robert,Carter,rcarter3r@blogs.com,Portugal,Male,Guimarães,Bluejam,43342.04,EUR
Judy,Fox,jfox3s@state.tx.us,China,Female,Xiagong,Oyoyo,,CNY
Ann,Hart,ahart3t@unesco.org,Czech Republic,Female,Moravská Nová Ves,Teklist,48008.13,CZK
Patricia,Boyd,pboyd3u@furl.net,Russia,Female,Zamoskvorech’ye,Demizz,17208.81,RUB
Randy,Dixon,rdixon3v@lulu.com,Croatia,Male,Špišić-Bukovica,Oyope,74127.24,HRK
Cynthia,Kennedy,ckennedy3w@sina.com.cn,Somalia,Female,Marka,Centizu,43667.22,SOS
Kenneth,Gutierrez,kgutierrez3x@seesaa.net,Croatia,Male,Bakar,Minyx,60993.40,HRK
Benjamin,Shaw,bshaw3y@netscape.com,Poland,Male,Zwierzyniec,Teklist,,PLN
Ruth,Snyder,rsnyder3z@issuu.com,China,Female,Jiuhua,Teklist,46994.50,CNY
Melissa,Dean,mdean40@home.pl,Italy,Female,Verona,Ainyx,60004.98,EUR
Juan,Brown,jbrown41@cafepress.com,China,Male,Yuexi,Topicware,46563.47,CNY
Peter,Mills,pmills42@creativecommons.org,Russia,Male,Talitsa,Plajo,69355.53,RUB
Margaret,Hart,mhart43@washington.edu,Russia,Female,Sarapul,Devpoint,51986.30,RUB
Albert,Walker,awalker44@yale.edu,Poland,Male,Żernica,Oyondu,80525.94,PLN
Bruce,Peters,bpeters45@baidu.com,Russia,Male,Temirgoyevskaya,Linklinks,84921.84,RUB
Craig,Cunningham,ccunningham46@hatena.ne.jp,China,Male,Jiangnan,Flashdog,75300.86,CNY
Christina,Reed,creed47@dion.ne.jp,Sweden,Female,Linköping,Brainlounge,99131.06,SEK
Rebecca,Hanson,rhanson48@cnet.com,Sweden,Female,Flen,Twiyo,48334.90,SEK
Barbara,Hanson,bhanson49@smh.com.au,China,Female,Xiapu,Mycat,81453.18,CNY
Paul,Ford,pford4a@comsenz.com,Honduras,Male,Santa María del Real,Demimbu,,HNL
Laura,Pierce,lpierce4b@hp.com,Russia,Female,Zainsk,Kwilith,71428.37,RUB
Wanda,Hamilton,whamilton4c@unesco.org,Uganda,Female,Bweyogerere,Yata,76107.23,UGX
Willie,Nelson,wnelson4d@booking.com,Indonesia,Male,Kuta,Vinder,60016.40,IDR
Rebecca,Rogers,rrogers4e@trellian.com,Peru,Female,Orurillo,Einti,94090.93,PEN
Ronald,Ross,rross4f@seesaa.net,Russia,Male,Neftekamsk,Katz,49295.57,RUB
Howard,Nichols,hnichols4g@phoca.cz,Indonesia,Male,Ili,Lajo,,IDR
Robert,Adams,radams4h@ning.com,Argentina,Male,Retiro,Flashdog,,ARS
Jessica,Powell,jpowell4i@plala.or.jp,Vietnam,Female,Thị Trấn Hà Trung,Myworks,78363.60,VND
Joshua,Ray,jray4j@adobe.com,Brazil,Male,Monteiro,Youopia,2575.06,BRL
Walter,Carpenter,wcarpenter4k@ocn.ne.jp,Vietnam,Male,Lương Bằng,Quimba,77067.05,VND
Craig,Armstrong,carmstrong4l@wikia.com,Bangladesh,Male,Lākshām,Jamia,61514.77,BDT
Lillian,George,lgeorge4m@chronoengine.com,Russia,Female,Malinovskiy,Fivechat,57961.77,RUB
Rose,Barnes,rbarnes4n@businessweek.com,Indonesia,Female,Kebonsari,Gigabox,66528.72,IDR
Annie,Graham,agraham4o@skype.com,Nigeria,Female,Malumfashi,Yakitri,98569.85,NGN
Mary,Ross,mross4p@hhs.gov,Indonesia,Female,Seulimeum,Talane,31004.26,IDR
Paula,Sims,psims4q@yolasite.com,China,Female,Dabao,Flipstorm,53123.02,CNY
Bonnie,Arnold,barnold4r@bbb.org,Argentina,Female,Comandante Fontana,Trunyx,,ARS
Kevin,Powell,kpowell4s@cbsnews.com,Mongolia,Male,Hashaat,Midel,2949.76,MNT
Willie,Lawson,wlawson4t@php.net,Russia,Male,Manas,Babblestorm,66924.98,RUB
Jack,Gonzalez,jgonzalez4u@photobucket.com,China,Male,Guanzhuang,Camido,65705.43,CNY
Jennifer,Boyd,jboyd4v@mapquest.com,Argentina,Female,San Fernando del Valle de Catamarca,Rhyzio,52153.54,ARS
Aaron,Rodriguez,arodriguez4w@edublogs.org,Peru,Male,Challas,Wikido,56718.14,PEN
Carl,Nguyen,cnguyen4x@csmonitor.com,Indonesia,Male,Long Beluah,Livepath,97637.86,IDR
Doris,Stewart,dstewart4y@linkedin.com,China,Female,Tahe,Janyx,61195.76,CNY
Lisa,Sanders,lsanders4z@cornell.edu,Portugal,Female,Santa Luzia,Dabtype,16124.47,EUR
Russell,Moreno,rmoreno50@so-net.ne.jp,Indonesia,Male,Banjar Geriana Kangin,Dynabox,28895.14,IDR
Christopher,Sims,csims51@dot.gov,Macedonia,Male,Теарце,Skaboo,544.87,MKD
Ashley,Ward,award52@smh.com.au,China,Female,Dongjiao,Aivee,58006.40,CNY
Carlos,Cook,ccook53@ustream.tv,Russia,Male,Livadiya,Gabspot,99428.32,RUB
Fred,Bailey,fbailey54@youtu.be,France,Male,Juvisy-sur-Orge,Skinte,21061.69,EUR
Roger,Powell,rpowell55@goo.ne.jp,Russia,Male,Medvedovskaya,Avaveo,99330.32,RUB
Emily,Allen,eallen56@bbb.org,Japan,Female,Ōta,Yodoo,42715.59,JPY
Nancy,Jenkins,njenkins57@bbc.co.uk,Honduras,Female,El Olivar,Abatz,27504.70,HNL
Craig,Fowler,cfowler58@omniture.com,Sweden,Male,Svalöv,Pixope,64839.68,SEK
Irene,Miller,imiller59@dyndns.org,Colombia,Female,Juradó,Roomm,,COP
Jane,Sullivan,jsullivan5a@newyorker.com,Indonesia,Female,Tilamuta,Yamia,63488.69,IDR
Jason,Fowler,jfowler5b@examiner.com,Russia,Male,Novaya Derevnya,Kaymbo,25169.57,RUB
Wanda,Frazier,wfrazier5c@flavors.me,Sweden,Female,Sundsvall,Roombo,23112.14,SEK
Eric,Knight,eknight5d@instagram.com,Thailand,Male,Ban Haet,Yombu,56839.28,THB
Julia,Burke,jburke5e@cafepress.com,Brazil,Female,Itajaí,Eidel,89456.88,BRL
Adam,Montgomery,amontgomery5f@cbsnews.com,Greece,Male,Gerakaroú,Edgepulse,28695.08,EUR
Mark,Vasquez,mvasquez5g@weather.com,Namibia,Male,Tsumeb,Fiveclub,48057.50,NAD
Nicole,Bowman,nbowman5h@vinaora.com,United States,Female,Petaluma,Youspan,58599.84,USD
Terry,Thompson,tthompson5i@free.fr,Philippines,Male,Buyuan,Yamia,21017.10,PHP
Paula,Howell,phowell5j@yolasite.com,Russia,Female,Baklashi,Vimbo,32054.81,RUB
Michael,Hawkins,mhawkins5k@technorati.com,France,Male,Paris 13,Feedbug,49851.51,EUR
Roger,Schmidt,rschmidt5l@wufoo.com,Indonesia,Male,Tualangcut,Leenti,36263.81,IDR
Patrick,Graham,pgraham5m@ucsd.edu,Colombia,Male,San Carlos,Agimba,28072.66,COP
William,Hernandez,whernandez5n@istockphoto.com,Russia,Male,Beslan,Mydeo,,RUB
Clarence,Brooks,cbrooks5o@abc.net.au,Russia,Male,Novopokrovskaya,Dabjam,1325.25,RUB
Amy,Martinez,amartinez5p@pagesperso-orange.fr,Ukraine,Female,Lyubar,Edgeify,36244.71,UAH
Christina,Gray,cgray5q@is.gd,Indonesia,Female,Jungutbatu Kaja Dua,Wikizz,8657.79,IDR
Sharon,Hawkins,shawkins5r@cocolog-nifty.com,Czech Republic,Female,Rudolfov,Skyvu,44802.13,CZK
Matthew,Snyder,msnyder5s@miibeian.gov.cn,Indonesia,Male,Bebae,Thoughtstorm,98328.47,IDR
Henry,Perkins,hperkins5t@tuttocitta.it,Indonesia,Male,Rangah,Jabberstorm,79711.21,IDR
Randy,Martinez,rmartinez5u@php.net,Thailand,Male,Phra Nakhon Si Ayutthaya,Roomm,,THB
Scott,Ward,sward5v@wp.com,China,Male,Fengsheng,Kanoodle,48594.82,CNY
Jessica,Mason,jmason5w@sbwire.com,China,Female,Yangqiaodian,Avamm,71694.64,CNY
Scott,Burns,sburns5x@ycombinator.com,China,Male,Yanguan,Chatterpoint,98911.60,CNY
Helen,Mitchell,hmitchell5y@washington.edu,Indonesia,Female,Dalam,Quire,61984.73,IDR
Theresa,Ross,tross5z@wordpress.org,Philippines,Female,Bayombong,Mita,8819.80,PHP
Sandra,Griffin,sgriffin60@jimdo.com,France,Female,La Gacilly,Trudoo,44786.79,EUR
Frank,Wright,fwright61@gov.uk,Indonesia,Male,Cikarang,Dabfeed,71106.68,IDR
Henry,Powell,hpowell62@sfgate.com,Yemen,Male,Saḩab,Viva,34131.38,YER
Kevin,Willis,kwillis63@indiegogo.com,China,Male,Shuangyuan,Youfeed,91649.21,CNY
Denise,Torres,dtorres64@nytimes.com,Indonesia,Female,Tonjongsari,Twinder,9169.57,IDR
Sandra,Hawkins,shawkins65@jiathis.com,Indonesia,Female,Baru Timur,Skimia,31293.24,IDR
Lillian,Warren,lwarren66@cbc.ca,Sweden,Female,Stockholm,Midel,,SEK
Gary,Hernandez,ghernandez67@hatena.ne.jp,Colombia,Male,Guachetá,Abata,85471.96,COP
Carol,Bell,cbell68@php.net,Poland,Female,Łęknica,Devpulse,79785.15,PLN
Richard,Perez,rperez69@admin.ch,France,Male,Fresnes,Jamia,41734.42,EUR
Lori,Ferguson,lferguson6a@cdbaby.com,Norway,Female,Oslo,Oyonder,16174.79,NOK
Ryan,West,rwest6b@jalbum.net,Peru,Male,Tingo María,Avaveo,63130.43,PEN
Janice,Hart,jhart6c@phpbb.com,Portugal,Female,Azeitão,Cogidoo,59093.50,EUR
Ashley,Berry,aberry6d@bbc.co.uk,China,Female,Lümeng,Pixoboo,62082.80,CNY
Ruby,Armstrong,rarmstrong6e@opensource.org,Iran,Female,Garmeh,Yacero,68831.77,IRR
Sarah,Nguyen,snguyen6f@cisco.com,Malaysia,Female,Kuching,Twitterworks,82486.17,MYR
Albert,Campbell,acampbell6g@exblog.jp,Nigeria,Male,Dutsin Ma,Yata,68249.75,NGN
Lori,Perry,lperry6h@yolasite.com,Brazil,Female,Seropédica,Feedfish,37675.80,BRL
Harry,Sanders,hsanders6i@hc360.com,Argentina,Male,Inriville,Podcat,53888.96,ARS
Jose,Welch,jwelch6j@zimbio.com,China,Male,Wangmang,Trudeo,68389.85,CNY
Dorothy,Williams,dwilliams6k@tumblr.com,China,Female,Longcheng,Gigashots,28766.71,CNY
William,Wood,wwood6l@google.com.au,Afghanistan,Male,Cool űrhajó,Photojam,8456.57,AFN
Irene,Powell,ipowell6m@deliciousdays.com,Ukraine,Female,Savran’,Babbleblab,82328.69,UAH
Lillian,Peterson,lpeterson6n@fda.gov,Ethiopia,Female,Hīrna,Yabox,36798.55,ETB
Harold,Rose,hrose6o@moonfruit.com,Russia,Male,Bylym,Plajo,88072.65,RUB
Sara,Stanley,sstanley6p@exblog.jp,Croatia,Female,Pazin,Quatz,59649.59,HRK
Barbara,Morrison,bmorrison6q@livejournal.com,Russia,Female,Uralets,Yotz,73248.35,RUB
Bruce,Walker,bwalker6r@alexa.com,France,Male,Boulogne-Billancourt,Eayo,,EUR
Bruce,Morris,bmorris6s@homestead.com,Thailand,Male,Amphawa,Mynte,,THB
Timothy,Jacobs,tjacobs6t@howstuffworks.com,Philippines,Male,Tagdanua,Youspan,93669.89,PHP
Arthur,Kelly,akelly6u@addthis.com,Indonesia,Male,Jambean,Zooxo,56239.42,IDR
Judy,Clark,jclark6v@cpanel.net,Germany,Female,Duisburg,Aibox,9379.51,EUR
Pamela,Watkins,pwatkins6w@cloudflare.com,China,Female,Dongshan,Centizu,51362.79,CNY
Donald,Ross,dross6x@biglobe.ne.jp,China,Male,Xiyang,Quinu,,CNY
Sean,West,swest6y@geocities.com,Nigeria,Male,Ajasse Ipo,Twitterwire,3109.89,NGN
Ryan,Montgomery,rmontgomery6z@answers.com,Oman,Male,Bawshar,Babbleopia,5599.38,OMR
Clarence,Gonzalez,cgonzalez70@imageshack.us,China,Male,Lunang,Skilith,16637.09,CNY
Tammy,Ferguson,tferguson71@feedburner.com,China,Female,Wangren,Buzzbean,54321.58,CNY
Justin,Torres,jtorres72@ox.ac.uk,Philippines,Male,Karungdong,Vitz,47723.77,PHP
Joseph,Ryan,jryan73@ezinearticles.com,Netherlands,Male,Deventer,Viva,59872.41,EUR
Eric,Butler,ebutler74@go.com,China,Male,Qiqing,Browseblab,64147.64,CNY
Jane,Jacobs,jjacobs75@telegraph.co.uk,Indonesia,Female,Kadudampit,Nlounge,61042.52,IDR
Michelle,Sullivan,msullivan76@admin.ch,Argentina,Female,Unquillo,Oloo,92044.69,ARS
Carl,Webb,cwebb77@moonfruit.com,Portugal,Male,Vale Flores,Jaxworks,10374.85,EUR
Laura,Hunter,lhunter78@dagondesign.com,Indonesia,Female,Karangtengah Lor,Trilia,47523.58,IDR
Julia,Sullivan,jsullivan79@utexas.edu,Czech Republic,Female,Jarošov nad Nežárkou,Lajo,9562.77,CZK
Martha,Moreno,mmoreno7a@reference.com,Thailand,Female,Bangkok,Shufflebeat,69994.25,THB
Brandon,Allen,ballen7b@bravesites.com,Indonesia,Male,Timur,Jayo,39737.49,IDR
Justin,Roberts,jroberts7c@icio.us,Comoros,Male,Hoani,Topicshots,79933.95,KMF
Pamela,Anderson,panderson7d@europa.eu,Philippines,Female,Cortes,Mydeo,68028.16,PHP
Stephen,Stewart,sstewart7e@ask.com,Japan,Male,Hita,Tagchat,25068.72,JPY
Ryan,Russell,rrussell7f@pcworld.com,Portugal,Male,Quinta,Blogpad,23212.66,EUR
Norma,Lawson,nlawson7g@webeden.co.uk,Thailand,Female,Hua Hin,Kamba,9167.94,THB
Shirley,Jacobs,sjacobs7h@forbes.com,Iran,Female,Shahrud,Bluezoom,62450.64,IRR
Juan,Edwards,jedwards7i@nyu.edu,China,Male,Ekou,Babbleset,84898.07,CNY
Mildred,Porter,mporter7j@apache.org,Mali,Female,Kinmparana,Kazu,53292.72,XOF
Roger,Cruz,rcruz7k@nasa.gov,Malaysia,Male,Kuala Lumpur,Skyble,60476.14,MYR
Walter,Burton,wburton7l@cnbc.com,Cuba,Male,Jobabo,Katz,,CUP
Tammy,Nelson,tnelson7m@pcworld.com,Kazakhstan,Female,Atbasar,Jamia,38207.39,KZT
Robert,Austin,raustin7n@lulu.com,Jamaica,Male,Seaforth,DabZ,95476.13,JMD
Susan,Rice,srice7o@hhs.gov,Marshall Islands,Female,Loen,Skinte,50031.18,USD
Charles,Fox,cfox7p@ed.gov,Indonesia,Male,Paritaman,Fanoodle,91411.02,IDR
Phillip,Hamilton,phamilton7q@ezinearticles.com,Mexico,Male,Santa Anita,Topicshots,65911.82,MXN
Mary,Martinez,mmartinez7r@sourceforge.net,Philippines,Female,Butigui,Babblestorm,24609.62,PHP
Christine,Howard,choward7s@walmart.com,Russia,Female,Otrado-Kubanskoye,Voonder,80404.13,RUB
Clarence,Allen,callen7t@tmall.com,Thailand,Male,Chiang Yuen,Vidoo,91156.95,THB
Angela,Castillo,acastillo7u@princeton.edu,Mauritius,Female,Espérance Trébuchet,Fanoodle,80076.27,MUR
Rachel,Williamson,rwilliamson7v@ehow.com,China,Female,Zicheng,Tagchat,78286.84,CNY
Stephen,Woods,swoods7w@weebly.com,Russia,Male,Ust’-Ulagan,Plambee,23464.26,RUB
Kathleen,Bishop,kbishop7x@pbs.org,Hungary,Female,Debrecen,Shufflester,5643.86,HUF
Keith,Dixon,kdixon7y@bbb.org,China,Male,Cizhu,DabZ,67036.14,CNY
Stephen,Robinson,srobinson7z@cnbc.com,Poland,Male,Rudziczka,Buzzdog,36272.80,PLN
Donald,Bennett,dbennett80@wired.com,Philippines,Male,Batan,Myworks,900.03,PHP
Mark,Patterson,mpatterson81@google.fr,Indonesia,Male,Krajan,Zava,71117.59,IDR
Joe,Castillo,jcastillo82@amazonaws.com,Georgia,Male,Adigeni,Devcast,21951.16,GEL
Eugene,Reed,ereed83@tiny.cc,China,Male,Taoshan,Cogidoo,15749.68,CNY
Gregory,Chapman,gchapman84@ft.com,Portugal,Male,Nogueira,Mita,,EUR
Joyce,Allen,jallen85@intel.com,China,Female,Yushu,Dabtype,96666.70,CNY
Craig,Young,cyoung86@cdbaby.com,Indonesia,Male,Cogreg Wetan,Tazz,72083.21,IDR
Heather,Spencer,hspencer87@sciencedaily.com,Brazil,Female,Cachoeiras de Macacu,Twinder,23939.98,BRL
Aaron,Long,along88@google.co.jp,Burkina Faso,Male,Diapaga,Oyoyo,98949.64,XOF
Clarence,Green,cgreen89@cbsnews.com,Indonesia,Male,Sedatigede,Voonte,87699.22,IDR
Jesse,Daniels,jdaniels8a@columbia.edu,Uganda,Male,Buikwe,Realfire,83883.72,UGX
Willie,Cruz,wcruz8b@mapquest.com,China,Male,Yangtan,Yakijo,4973.19,CNY
Bobby,Richards,brichards8c@economist.com,Indonesia,Male,Sumberan,Pixope,54493.67,IDR
Elizabeth,Murphy,emurphy8d@fotki.com,Russia,Female,Karabanovo,Fivebridge,39980.47,RUB
Johnny,Wheeler,jwheeler8e@dropbox.com,China,Male,Jiangkouxu,Topdrive,,CNY
Marilyn,Cox,mcox8f@opera.com,France,Female,Montrouge,Tagtune,74555.98,EUR
Willie,Bennett,wbennett8g@google.com.au,Sweden,Male,Växjö,Mudo,,SEK
Sandra,Spencer,sspencer8h@umich.edu,Sweden,Female,Västerås,Innojam,68837.63,SEK
Elizabeth,Andrews,eandrews8i@tiny.cc,Japan,Female,Inuyama,Rhyzio,71122.03,JPY
Joshua,Ford,jford8j@wired.com,China,Male,Xijiang,Livetube,18325.45,CNY
Billy,Johnson,bjohnson8k@pagesperso-orange.fr,United States,Male,Dallas,Chatterpoint,41666.96,USD
Cheryl,Weaver,cweaver8l@yellowpages.com,Philippines,Female,Loay,Bubblemix,20490.73,PHP
Sean,Richardson,srichardson8m@google.pl,France,Male,Besançon,Edgeclub,29977.17,EUR
Annie,Morris,amorris8n@clickbank.net,Ireland,Female,Ashbourne,Blogpad,61361.91,EUR
Barbara,Boyd,bboyd8o@cloudflare.com,Indonesia,Female,Nangerang,Fatz,89658.15,IDR
Jean,Johnston,jjohnston8p@gravatar.com,Armenia,Female,Spitak,Eire,46892.92,AMD
Joseph,Ryan,jryan8q@facebook.com,Japan,Male,Kobe,Flipbug,50783.18,JPY
Sandra,Howard,showard8r@yellowpages.com,Mauritania,Female,Kiffa,Tambee,966.91,MRO
Judy,Kelly,jkelly8s@tinypic.com,France,Female,Saint-Leu-la-Forêt,Blogpad,17270.23,EUR
Randy,Kelly,rkelly8t@wikipedia.org,Indonesia,Male,Bindang,Yotz,1182.87,IDR
Alice,Walker,awalker8u@usnews.com,Nigeria,Female,Orodo,Tagtune,67210.98,NGN
Steve,Thomas,sthomas8v@ow.ly,Greece,Male,Eloúnda,Meembee,45230.00,EUR
Phyllis,Garza,pgarza8w@newyorker.com,Russia,Female,Tankhoy,Vinder,83628.21,RUB
Paula,Price,pprice8x@reuters.com,Slovenia,Female,Divača,Quimba,,EUR
Rachel,West,rwest8y@hexun.com,Russia,Female,Nagornyy,Voomm,21463.20,RUB
Charles,Shaw,cshaw8z@rambler.ru,China,Male,Gyamco,InnoZ,66934.80,CNY
Louise,Brown,lbrown90@aol.com,Brazil,Female,Ariquemes,Skilith,5729.55,BRL
Jane,Oliver,joliver91@webs.com,Portugal,Female,Amieira do Tejo,Lazz,11355.06,EUR
Kevin,Watkins,kwatkins92@cafepress.com,Portugal,Male,Torres Novas,BlogXS,,EUR
Margaret,Henry,mhenry93@cnet.com,China,Female,Caopie,Aimbu,42491.90,CNY
Kimberly,Ruiz,kruiz94@vk.com,Czech Republic,Female,Zátor,Aivee,67223.19,CZK
Kathryn,Bradley,kbradley95@blogger.com,Portugal,Female,Mozelos,Trilith,,EUR
Maria,Bradley,mbradley96@t-online.de,Norway,Female,Stavanger,Zoozzy,95743.45,NOK
Shirley,Freeman,sfreeman97@blinklist.com,China,Female,Xiangride,Yoveo,79575.46,CNY
Martin,Wood,mwood98@xinhuanet.com,Brazil,Male,Mombaça,Rooxo,39276.63,BRL
Nicholas,Ellis,nellis99@tuttocitta.it,Indonesia,Male,Kedungbacin,Jaloo,6527.66,IDR
Clarence,Wright,cwright9a@sourceforge.net,France,Male,Décines-Charpieu,LiveZ,66226.87,EUR
Albert,Burton,aburton9b@hostgator.com,Slovenia,Male,Dob,Youspan,62893.59,EUR
Diane,Palmer,dpalmer9c@amazon.co.jp,Poland,Female,Szprotawa,Centimia,9541.83,PLN
Joan,Daniels,jdaniels9d@usda.gov,Philippines,Female,Claveria,Skippad,98124.94,PHP
Timothy,Freeman,tfreeman9e@ucsd.edu,Indonesia,Male,Lhoknga,Roomm,59370.57,IDR
Kevin,Morgan,kmorgan9f@dion.ne.jp,Indonesia,Male,Nagrog,Yodo,90789.87,IDR
Ruth,Day,rday9g@army.mil,France,Female,Pont-Audemer,Gigabox,22504.25,EUR
Edward,Larson,elarson9h@issuu.com,Philippines,Male,Diadi,Dabtype,48511.73,PHP
Johnny,Riley,jriley9i@constantcontact.com,China,Male,Hengdong Chengguanzhen,Brainbox,,CNY
Denise,Kennedy,dkennedy9j@people.com.cn,China,Female,Shangma,Twitterlist,65633.66,CNY
Richard,Hernandez,rhernandez9k@twitpic.com,Latvia,Male,Ādaži,Quatz,48295.18,EUR
Howard,Kim,hkim9l@intel.com,Uzbekistan,Male,Yaypan,Meevee,53488.63,UZS
Jane,Stevens,jstevens9m@feedburner.com,Portugal,Female,Cabeça Gorda,Yakitri,28174.19,EUR
Ernest,Martinez,emartinez9n@noaa.gov,Indonesia,Male,Rancakuya,Fatz,93140.65,IDR
Diana,Bowman,dbowman9o@amazon.co.uk,Poland,Female,Pilawa,Voomm,12042.66,PLN
Ernest,Burton,eburton9p@aol.com,Indonesia,Male,Ciela Lebak,Jaxnation,41654.31,IDR
Joyce,Marshall,jmarshall9q@usatoday.com,China,Female,Mizi,Rhyloo,10646.08,CNY
George,Burton,gburton9r@cam.ac.uk,China,Male,Huangchen,Dabtype,24649.87,CNY
Richard,Washington,rwashington9s@hexun.com,Canada,Male,Beausejour,Brainbox,91244.97,CAD
Stephen,Thompson,sthompson9t@topsy.com,Philippines,Male,Bascaron,Yoveo,34907.77,PHP
Ronald,Boyd,rboyd9u@storify.com,China,Male,Baziqiao,Skidoo,76963.00,CNY
Jack,Bradley,jbradley9v@princeton.edu,Ethiopia,Male,Bichena,Jabbertype,76616.05,ETB
Ruth,Wright,rwright9w@marketwatch.com,China,Female,Gangkou,Aivee,23979.66,CNY
Laura,Murray,lmurray9x@vk.com,China,Female,Huangzhuang,Meejo,,CNY
Phillip,Murphy,pmurphy9y@domainmarket.com,France,Male,Issy-les-Moulineaux,Skyble,85621.89,EUR
Brenda,Peters,bpeters9z@imdb.com,New Zealand,Female,Rakaia,Minyx,72681.18,NZD
Ruby,Brooks,rbrooksa0@goo.ne.jp,Nigeria,Female,Okpo,Yodel,41345.41,NGN
Cynthia,Franklin,cfranklina1@wordpress.org,Ukraine,Female,Klenovyy,Gabcube,9440.53,UAH
Ruby,Fernandez,rfernandeza2@cbsnews.com,China,Female,Canggou,Jaxspan,16804.98,CNY
Chris,Little,clittlea3@networksolutions.com,Brazil,Male,Patos de Minas,Realblab,,BRL
Gregory,Hamilton,ghamiltona4@rakuten.co.jp,Ethiopia,Male,Mīzan Teferī,Layo,92336.80,ETB
Phillip,Brown,pbrowna5@cnet.com,Russia,Male,Starobelokurikha,Gigashots,66121.50,RUB
Robin,Alexander,ralexandera6@friendfeed.com,Sudan,Female,Kutum,Voomm,27199.03,SDG
Daniel,Long,dlonga7@dagondesign.com,Russia,Male,Pokrovskoye,Zoonoodle,72925.42,RUB
Virginia,Hansen,vhansena8@nbcnews.com,South Africa,Female,Ixopo,Tavu,82409.47,ZAR
Carol,Lopez,clopeza9@slashdot.org,Indonesia,Female,Sidamulya Satu,Pixope,7572.45,IDR
Denise,Wagner,dwagneraa@noaa.gov,United States,Female,Santa Fe,Oyoyo,40215.93,USD
Antonio,Willis,awillisab@flickr.com,Czech Republic,Male,Františkovy Lázně,Gigabox,68647.65,CZK
Martha,Moreno,mmorenoac@cnn.com,Palestinian Territory,Female,Zaytā,Ntag,87582.53,ILS
Johnny,Anderson,jandersonad@epa.gov,China,Male,Huanggang,Rhynyx,52477.74,CNY
Harry,Day,hdayae@webnode.com,Indonesia,Male,Kototujuh,Aimbo,45565.19,IDR
Lawrence,Brown,lbrownaf@mayoclinic.com,China,Male,Batuan,Vidoo,18219.17,CNY
Ronald,Young,ryoungag@flavors.me,Portugal,Male,Souto,Nlounge,50821.28,EUR
Heather,Alexander,halexanderah@ca.gov,Greece,Female,Elassóna,Linkbuzz,39682.06,EUR
Ryan,Franklin,rfranklinai@seattletimes.com,Philippines,Male,Kilim,Teklist,6260.70,PHP
Jennifer,Stephens,jstephensaj@wikia.com,Philippines,Female,Cawayan,Babblestorm,,PHP
Earl,Brooks,ebrooksak@msu.edu,China,Male,Raoshi,Voonder,54232.14,CNY
Cheryl,Hall,challal@smugmug.com,Thailand,Female,Pakham,Gabtype,14217.98,THB
Joan,Knight,jknightam@ycombinator.com,Indonesia,Female,Warungbuah,Flipbug,32716.95,IDR
Edward,Kim,ekiman@noaa.gov,Brazil,Male,Santa Quitéria do Maranhão,Katz,23744.90,BRL
Mildred,Romero,mromeroao@wiley.com,Russia,Female,Shelopugino,Omba,17121.63,RUB
Clarence,Duncan,cduncanap@unblog.fr,Norway,Male,Trondheim,Skajo,87396.12,NOK
Matthew,Woods,mwoodsaq@whitehouse.gov,Israel,Male,Herzliya Pituah,Fivespan,2504.70,ILS
Tina,Snyder,tsnyderar@abc.net.au,China,Female,Baqiu,Quire,37727.70,CNY
Charles,Flores,cfloresas@msn.com,Portugal,Male,Mato Cheirinhos,Tanoodle,28485.44,EUR
Ruby,Martin,rmartinat@smh.com.au,Luxembourg,Female,Beaufort,Jaxspan,71127.85,EUR
Larry,Adams,ladamsau@vk.com,Philippines,Male,Diamantina,Twitterbeat,39422.04,PHP
Scott,Johnson,sjohnsonav@dell.com,Poland,Male,Niedzica,Avamm,92706.63,PLN
Sean,Martin,smartinaw@utexas.edu,Philippines,Male,Sungai,Vipe,51170.44,PHP
Jonathan,Johnson,jjohnsonax@elpais.com,Peru,Male,Cocabamba,Fiveclub,,PEN
Jimmy,Campbell,jcampbellay@alibaba.com,China,Male,Nanzhihui,Snaptags,68644.39,CNY
Heather,Howell,hhowellaz@histats.com,Bolivia,Female,Tupiza,Trudoo,40078.31,BOB
Lisa,Black,lblackb0@tripadvisor.com,China,Female,Xianghu,Midel,11917.86,CNY
Ernest,Schmidt,eschmidtb1@phpbb.com,United States,Male,Knoxville,Skimia,,USD
Craig,Graham,cgrahamb2@devhub.com,Syria,Male,Ar Raqqah,Brainsphere,55317.59,SYP
Lisa,Parker,lparkerb3@chicagotribune.com,Nigeria,Female,Yanda Bayo,Fanoodle,64501.58,NGN
Craig,Burns,cburnsb4@disqus.com,Syria,Male,Jablah,Demizz,50794.07,SYP
Harry,Harper,hharperb5@jalbum.net,China,Male,Dengzhou,Digitube,89159.54,CNY
Carol,Wood,cwoodb6@discovery.com,Indonesia,Female,Songkar B,Kwinu,93531.08,IDR
Jean,Parker,jparkerb7@soup.io,Estonia,Female,Mustvee,Nlounge,25829.98,EUR
Johnny,Phillips,jphillipsb8@vistaprint.com,Nicaragua,Male,Nueva Guinea,Zazio,34202.65,NIO
Virginia,Hawkins,vhawkinsb9@etsy.com,Mexico,Female,Chapultepec,Youspan,76825.24,MXN
Terry,Kelley,tkelleyba@telegraph.co.uk,Canada,Male,New Glasgow,Browsebug,68789.55,CAD
Harold,Allen,hallenbb@cdc.gov,Portugal,Male,Fornos,Trupe,27565.25,EUR
Paula,Alexander,palexanderbc@fda.gov,Philippines,Female,San Simon,Aivee,47965.75,PHP
Carlos,Hayes,chayesbd@ted.com,Nepal,Male,Wāling,Skimia,7668.64,NPR
Karen,Gordon,kgordonbe@usgs.gov,Philippines,Female,Kabac,Meemm,69961.46,PHP
Alice,Lewis,alewisbf@rambler.ru,Indonesia,Female,Mesa,Wikizz,20495.89,IDR
Christina,Matthews,cmatthewsbg@freewebs.com,China,Female,Baisha,Wordpedia,,CNY
Frank,Hunt,fhuntbh@bizjournals.com,Russia,Male,Orekhovo-Zuyevo,Jabberbean,80586.08,RUB
Kenneth,Schmidt,kschmidtbi@angelfire.com,Indonesia,Male,Kadaka,Divanoodle,69818.55,IDR
Roger,Holmes,rholmesbj@jimdo.com,Poland,Male,Fabianki,Tazzy,64023.04,PLN
Harry,Robertson,hrobertsonbk@state.gov,China,Male,Andongwei,Buzzdog,83494.28,CNY
Mildred,Wells,mwellsbl@adobe.com,Dominican Republic,Female,El Puerto,Divavu,77527.62,DOP
Evelyn,Bradley,ebradleybm@elpais.com,France,Female,Blaye,Innotype,74543.94,EUR
Phyllis,Sanchez,psanchezbn@noaa.gov,Argentina,Female,Gaimán,Yakitri,64293.03,ARS
Jesse,Williams,jwilliamsbo@google.com.br,China,Male,Weihai,Wordware,57050.47,CNY
Justin,Medina,jmedinabp@devhub.com,China,Male,Qiashui,Jaloo,2807.55,CNY
Anthony,Carter,acarterbq@w3.org,Indonesia,Male,Sumurnanjung,Vinte,,IDR
Patrick,Perez,pperezbr@jiathis.com,China,Male,Wuyahe,Devpoint,63755.98,CNY
Janet,Hayes,jhayesbs@reverbnation.com,Dominican Republic,Female,Bánica,Wikizz,,DOP
Carol,Matthews,cmatthewsbt@state.tx.us,France,Female,Rouen,Youtags,70008.64,EUR
Terry,Cunningham,tcunninghambu@hubpages.com,Indonesia,Male,Rancaranji,Myworks,84067.75,IDR
Rachel,Gutierrez,rgutierrezbv@edublogs.org,Poland,Female,Ciechocin,Zoovu,55199.70,PLN
Ann,Ruiz,aruizbw@time.com,China,Female,Dongjian,Katz,52011.13,CNY
David,Robertson,drobertsonbx@list-manage.com,Swaziland,Male,Mhlume,Podcat,92553.42,SZL
Brenda,Larson,blarsonby@wiley.com,China,Female,Wuxing,Meezzy,19184.87,CNY
Craig,Bradley,cbradleybz@free.fr,Russia,Male,Kol’chugino,Flashspan,35567.03,RUB
Charles,Andrews,candrewsc0@meetup.com,Philippines,Male,Claveria,Thoughtsphere,29895.98,PHP
Rachel,Robinson,rrobinsonc1@soundcloud.com,Russia,Female,Kharovsk,Vipe,15317.88,RUB
Randy,Ferguson,rfergusonc2@nationalgeographic.com,United States,Male,Wilmington,Meembee,43000.90,USD
Louise,Alexander,lalexanderc3@loc.gov,Indonesia,Female,Kalapagada,Wikido,38783.18,IDR
Clarence,Bishop,cbishopc4@yahoo.com,Indonesia,Male,Lohong,Skippad,,IDR
Diane,Hernandez,dhernandezc5@independent.co.uk,Philippines,Female,San Ramon,Skimia,,PHP
Mildred,Hicks,mhicksc6@posterous.com,Cuba,Female,Venezuela,Janyx,20523.74,CUP
Susan,Bennett,sbennettc7@diigo.com,China,Female,Xiaochi,Dablist,4902.24,CNY
George,Boyd,gboydc8@themeforest.net,Norway,Male,Tromsø,Jaloo,55652.68,NOK
Judy,Hart,jhartc9@boston.com,Czech Republic,Female,Žeravice,Zoomzone,565.78,CZK
Brian,West,bwestca@smh.com.au,China,Male,Guling,Photojam,13061.54,CNY
Christine,Moore,cmoorecb@rakuten.co.jp,Sweden,Female,Johanneshov,Cogidoo,6187.47,SEK
Gregory,Thompson,gthompsoncc@arizona.edu,Japan,Male,Nishi-Tokyo-shi,Mymm,1572.71,JPY
Julia,Owens,jowenscd@storify.com,Canada,Female,Mercier,Viva,87539.12,CAD
Shirley,Snyder,ssnyderce@vinaora.com,Sudan,Female,Abū Zabad,Pixonyx,13718.58,SDG
Nancy,Payne,npaynecf@economist.com,Indonesia,Female,Kranggan,Browsebug,87607.33,IDR
Catherine,Vasquez,cvasquezcg@seattletimes.com,France,Female,Angoulême,Zoozzy,68132.13,EUR
Jeremy,Fernandez,jfernandezch@hud.gov,Brazil,Male,Rio Real,Vipe,30831.05,BRL
Ryan,Mitchell,rmitchellci@taobao.com,Russia,Male,Saskylakh,Agimba,,RUB
Gerald,Lee,gleecj@uiuc.edu,China,Male,Xiaping,Livetube,,CNY
Ashley,Nichols,anicholsck@mac.com,China,Female,Hongyansi,Gigashots,18365.88,CNY
Roy,Jacobs,rjacobscl@surveymonkey.com,Paraguay,Male,Santa Rita,Zoombox,47194.08,PYG
Anna,Thomas,athomascm@vkontakte.ru,Brazil,Female,Bela Vista,Teklist,,BRL
Phillip,King,pkingcn@pagesperso-orange.fr,Russia,Male,Murom,Fanoodle,28724.13,RUB
Kimberly,Little,klittleco@blogspot.com,United States,Female,Boston,Mycat,19515.11,USD
Dorothy,King,dkingcp@statcounter.com,United Kingdom,Female,Milton,Youopia,22306.42,GBP
Mark,Ramirez,mramirezcq@forbes.com,Greece,Male,Kavallári,Livepath,98396.13,EUR
Ashley,Richardson,arichardsoncr@bloomberg.com,China,Female,Fangli,Chatterbridge,68461.65,CNY
Albert,Andrews,aandrewscs@webs.com,Indonesia,Male,Wates,Shuffledrive,31239.90,IDR
Keith,Black,kblackct@tmall.com,Botswana,Male,Lokwabe,Fivespan,84049.73,BWP
Irene,White,iwhitecu@nymag.com,Japan,Female,Miura,Thoughtsphere,71416.09,JPY
Andrea,Price,apricecv@ow.ly,Canada,Female,Toronto,Yotz,17723.22,CAD
Maria,Harvey,mharveycw@ucsd.edu,Philippines,Female,Santa Lucia,Yoveo,3628.76,PHP
John,Anderson,jandersoncx@elpais.com,Argentina,Male,La Clotilde,Innotype,1862.67,ARS
Larry,Myers,lmyerscy@google.cn,China,Male,Liangwa,Topicshots,62918.10,CNY
Robert,Howell,rhowellcz@yale.edu,Greece,Male,Emporeío,Gabtune,95031.38,EUR
Arthur,Reynolds,areynoldsd0@spotify.com,Nigeria,Male,Kachia,Linkbridge,32776.69,NGN
Juan,Nichols,jnicholsd1@webeden.co.uk,France,Male,Aurillac,Kamba,59958.87,EUR
Joseph,Franklin,jfranklind2@reverbnation.com,Costa Rica,Male,Guadalupe,Jetpulse,4211.05,CRC
Beverly,Bailey,bbaileyd3@ehow.com,Myanmar,Female,Mawlamyinegyunn,Dynazzy,,MMK
Stephen,Rivera,sriverad4@friendfeed.com,Iran,Male,Shīrvān,Wordtune,19284.49,IRR
Roy,Kennedy,rkennedyd5@cpanel.net,Indonesia,Male,Laban,Rhynyx,79990.75,IDR
Michael,Jacobs,mjacobsd6@tinypic.com,Indonesia,Male,Leuwayang,Jabberbean,,IDR
Wayne,Welch,wwelchd7@exblog.jp,Russia,Male,Tver,Skinix,43363.91,RUB
Matthew,Greene,mgreened8@businessinsider.com,Philippines,Male,Manuel Roxas,Devify,60901.62,PHP
Howard,Patterson,hpattersond9@auda.org.au,Indonesia,Male,Waepau,Realcube,82882.76,IDR
Sandra,Ortiz,sortizda@wikipedia.org,Russia,Female,Buy,Twitternation,66501.17,RUB
Ann,Morrison,amorrisondb@domainmarket.com,China,Female,Dangjiaxian,Linktype,65291.74,CNY
Lisa,Dixon,ldixondc@naver.com,Vietnam,Female,Lương Bằng,Wordware,22754.42,VND
Kenneth,Ross,krossdd@ucla.edu,China,Male,Lingyang,Skiptube,37006.49,CNY
Timothy,Boyd,tboydde@microsoft.com,Guatemala,Male,San Juan Ixcoy,Skyvu,66517.63,GTQ
Wayne,Dixon,wdixondf@woothemes.com,Philippines,Male,Balibago,Livetube,,PHP
Martin,Henderson,mhendersondg@ed.gov,Canada,Male,Montague,Katz,87086.01,CAD
Harold,Ellis,hellisdh@nba.com,China,Male,Xuezhen,Zazio,39504.27,CNY
Justin,Kim,jkimdi@wikimedia.org,Poland,Male,Roczyny,Camimbo,12545.81,PLN
Norma,Moore,nmooredj@studiopress.com,Bulgaria,Female,Mŭglizh,Mynte,43602.20,BGN
Patricia,Boyd,pboyddk@exblog.jp,China,Female,Xiangshan,Lazzy,6433.43,CNY
Juan,Stevens,jstevensdl@purevolume.com,China,Male,Jinjia,Feedspan,,CNY
Janice,Warren,jwarrendm@google.com,Pakistan,Female,Nārang,Mybuzz,32451.75,PKR
Adam,Brown,abrowndn@reuters.com,Mexico,Male,Guadalupe,Mydeo,84478.77,MXN
Kelly,Snyder,ksnyderdo@pagesperso-orange.fr,Kazakhstan,Female,Shashūbay,Oyoyo,2798.01,KZT
Edward,Chavez,echavezdp@google.fr,Serbia,Male,Bujanovac,Janyx,43410.63,RSD
Jeffrey,Palmer,jpalmerdq@google.com.au,Portugal,Male,Alqueidão,Twiyo,62484.53,EUR
Roger,Adams,radamsdr@google.com.au,Russia,Male,Nekrasovka,Demimbu,8002.69,RUB
Jeffrey,Andrews,jandrewsds@cbslocal.com,Indonesia,Male,Rancagadog,Katz,82224.89,IDR
Billy,Morales,bmoralesdt@t-online.de,Cambodia,Male,Ta Khmau,Realmix,80953.00,KHR
Mark,Boyd,mboyddu@1und1.de,Colombia,Male,Remedios,Tagtune,35059.06,COP
Sara,Russell,srusselldv@arstechnica.com,Indonesia,Female,Umbuldamar,Jayo,85780.53,IDR
Cheryl,Long,clongdw@imageshack.us,Czech Republic,Female,Broumov,Devpulse,84483.22,CZK
Jennifer,Gomez,jgomezdx@noaa.gov,Indonesia,Female,Batangtoru,Vipe,92559.25,IDR
Russell,Rodriguez,rrodriguezdy@slideshare.net,Czech Republic,Male,Nýdek,Linkbuzz,95249.38,CZK
Marie,Collins,mcollinsdz@live.com,Indonesia,Female,Badung,Yamia,22022.41,IDR
William,Weaver,wweavere0@timesonline.co.uk,Pakistan,Male,Kambar,Realmix,21780.14,PKR
Helen,Myers,hmyerse1@va.gov,United States,Female,Houston,Linklinks,13390.13,USD
Edward,Adams,eadamse2@google.de,Spain,Male,Zaragoza,Zoomdog,37223.35,EUR
Helen,Pierce,hpiercee3@nhs.uk,Indonesia,Female,Wongsorejo,Oyoyo,38455.63,IDR
Rebecca,Carr,rcarre4@multiply.com,Philippines,Female,Abaca,Latz,88756.67,PHP
Tina,Adams,tadamse5@cyberchimps.com,China,Female,Hualin,Talane,5768.62,CNY
Melissa,Gonzales,mgonzalese6@omniture.com,China,Female,Wangpu,Edgewire,22274.37,CNY
Joan,Castillo,jcastilloe7@nasa.gov,China,Female,Ercheng,Babbleblab,,CNY
Carol,Chavez,cchaveze8@ow.ly,Czech Republic,Female,Chabařovice,Rhybox,9299.73,CZK
Nicole,Anderson,nandersone9@google.fr,Nicaragua,Female,Diriamba,Jazzy,54105.68,NIO
Katherine,Hunt,khuntea@opensource.org,Philippines,Female,Sindangan,Yoveo,84460.13,PHP
Harold,Romero,hromeroeb@europa.eu,Indonesia,Male,Panunggangan,Thoughtbeat,18470.56,IDR
Larry,Nelson,lnelsonec@opera.com,Philippines,Male,Barotac Viejo,Rhyzio,74003.02,PHP
Cheryl,Mendoza,cmendozaed@cnn.com,Chile,Female,Coronel,Browsedrive,,CLP
Jane,Morgan,jmorganee@meetup.com,United States,Female,Washington,Skipfire,44933.26,USD
Anna,Nichols,anicholsef@hud.gov,Pakistan,Female,Khairpur Nathan Shāh,Twitterlist,86993.08,PKR
Nancy,Gibson,ngibsoneg@jimdo.com,Colombia,Female,Amalfi,Quatz,96539.98,COP
Jacqueline,Grant,jgranteh@tinypic.com,Sweden,Female,Ed,Linktype,89465.54,SEK
Jessica,Daniels,jdanielsei@discuz.net,Zimbabwe,Female,Kwekwe,Agivu,66483.21,ZWL
Phyllis,Webb,pwebbej@blogspot.com,Mexico,Female,Las Flores,Kimia,87683.98,MXN
Harold,Bishop,hbishopek@seesaa.net,Indonesia,Male,Martapura,Devbug,58819.35,IDR
Aaron,Carpenter,acarpenterel@dyndns.org,Bulgaria,Male,Sevlievo,Gabvine,11352.71,BGN
Eric,Bowman,ebowmanem@hibu.com,Ukraine,Male,Zaliztsi,Wikivu,,UAH
Barbara,Graham,bgrahamen@istockphoto.com,China,Female,Xinwan,Zoonoodle,19643.54,CNY
Kelly,Romero,kromeroeo@tripadvisor.com,China,Female,Toufang,Leenti,63.27,CNY
Douglas,Powell,dpowellep@slashdot.org,China,Male,Zhongguanyi,Thoughtmix,90074.09,CNY
Doris,Bowman,dbowmaneq@gizmodo.com,Japan,Female,Nara-shi,Quire,28306.99,JPY
Jane,Olson,jolsoner@eventbrite.com,Kyrgyzstan,Female,Batken,Zooxo,,KGS
Susan,Chavez,schavezes@hc360.com,Israel,Female,Hod HaSharon,Babbleset,63817.51,ILS
George,Mills,gmillset@chron.com,China,Male,Xilinji,Bubbletube,52039.39,CNY
Andrew,Shaw,ashaweu@examiner.com,Guatemala,Male,San Pedro Carchá,Innojam,,GTQ
Nancy,Owens,nowensev@independent.co.uk,Indonesia,Female,Mendenrejo,Meeveo,65568.50,IDR
Mildred,Powell,mpowellew@friendfeed.com,Argentina,Female,Las Varillas,Quinu,58403.79,ARS
Martha,Fields,mfieldsex@archive.org,United States,Female,Saint Louis,Jabberbean,19507.19,USD
Jose,Rodriguez,jrodriguezey@photobucket.com,Democratic Republic of the Congo,Male,Gemena,Skiba,34634.00,CDF
Adam,Howard,ahowardez@aol.com,Brazil,Male,Envira,Mybuzz,80001.22,BRL
Roy,Nguyen,rnguyenf0@narod.ru,Brazil,Male,Nilópolis,Tagopia,,BRL
Michael,Gray,mgrayf1@free.fr,Indonesia,Male,Masjid,Tazzy,54622.12,IDR
Sarah,Cunningham,scunninghamf2@icio.us,Peru,Female,Lajas,Tazz,31213.65,PEN
Doris,Mitchell,dmitchellf3@usatoday.com,France,Female,Orléans,Bubblebox,67059.12,EUR
Howard,Bishop,hbishopf4@yahoo.co.jp,Vietnam,Male,Phú Thái,Jayo,3063.86,VND
Betty,Graham,bgrahamf5@google.cn,China,Female,Lingzhi,Tazz,27634.82,CNY
Todd,Chavez,tchavezf6@fema.gov,Nepal,Male,Butwāl,Twitterbridge,92324.07,NPR
Patrick,Spencer,pspencerf7@apache.org,Portugal,Male,Sobreira,Feedbug,15606.36,EUR
Jane,Howell,jhowellf8@engadget.com,Sweden,Female,Stockholm,Twitterworks,93923.06,SEK
Teresa,Moreno,tmorenof9@zimbio.com,Jamaica,Female,Saint Ann’s Bay,Jetpulse,35485.21,JMD
Samuel,Sims,ssimsfa@japanpost.jp,Indonesia,Male,Jombang,Yabox,17284.78,IDR
Johnny,Patterson,jpattersonfb@dropbox.com,Cameroon,Male,Doumé,Mycat,72661.08,XAF
Jesse,Coleman,jcolemanfc@barnesandnoble.com,Namibia,Male,Bethanie,Innojam,93258.14,NAD
Tammy,Little,tlittlefd@sohu.com,South Africa,Female,Kroonstad,Zoomlounge,73399.60,ZAR
Roger,Moreno,rmorenofe@amazon.co.uk,Philippines,Male,Aras-asan,Voonte,48183.73,PHP
Irene,Matthews,imatthewsff@weebly.com,Portugal,Female,Nogueira da Regedoura,Edgeclub,3927.99,EUR
Donna,Lawson,dlawsonfg@joomla.org,Brazil,Female,Coroatá,Kwideo,25851.78,BRL
Elizabeth,Lewis,elewisfh@cafepress.com,Philippines,Female,Boliney,Vinder,75025.07,PHP
Diane,Hunt,dhuntfi@home.pl,France,Female,Ajaccio,Jetwire,52507.65,EUR
Anna,Torres,atorresfj@bloomberg.com,Indonesia,Female,Dairiti,Blognation,49093.88,IDR
Sandra,Wagner,swagnerfk@admin.ch,Brazil,Female,Timóteo,Devpoint,13699.81,BRL
Karen,Henry,khenryfl@skype.com,Sweden,Female,Osby,Thoughtstorm,46933.10,SEK
Benjamin,Fowler,bfowlerfm@reference.com,Canada,Male,Saint Andrews,Twitterbeat,50840.91,CAD
Lori,Fox,lfoxfn@walmart.com,China,Female,Emalgolin Mongolzuxiang,Bubblemix,52962.28,CNY
Anne,Burton,aburtonfo@bravesites.com,Democratic Republic of the Congo,Female,Lusambo,Kwideo,91583.45,CDF
Gloria,Hayes,ghayesfp@walmart.com,Indonesia,Female,Pekalongan,Muxo,81061.37,IDR
Roy,Lee,rleefq@kickstarter.com,Poland,Male,Wydminy,Livefish,34531.42,PLN
Alice,Stewart,astewartfr@cocolog-nifty.com,China,Female,Huichang,Dynabox,,CNY
Clarence,Reynolds,creynoldsfs@unicef.org,China,Male,Xiabaishi,Devshare,9873.13,CNY
Edward,Turner,eturnerft@bluehost.com,Iran,Male,Dīvāndarreh,Skyndu,9593.75,IRR
Benjamin,Alexander,balexanderfu@weebly.com,Denmark,Male,København,Kamba,76609.07,DKK
Terry,Bradley,tbradleyfv@weibo.com,China,Male,Wanjia,Buzzdog,,CNY
Nicholas,Bell,nbellfw@desdev.cn,Ireland,Male,Tullyallen,Voonyx,60709.28,EUR
Bruce,Patterson,bpattersonfx@weather.com,Russia,Male,Zhemtala,Blogspan,99711.68,RUB
Jean,Medina,jmedinafy@example.com,Portugal,Female,Lavradio,Topicblab,83226.18,EUR
Angela,White,awhitefz@de.vu,Greece,Female,Kaparéllion,Blogtag,57702.68,EUR
Jerry,Banks,jbanksg0@imdb.com,Germany,Male,München,Devbug,24688.07,EUR
Billy,Banks,bbanksg1@e-recht24.de,Greece,Male,Neos Voutzás,Skilith,92089.86,EUR
Christina,Scott,cscottg2@dyndns.org,China,Female,Jiangyi,Shufflester,53291.30,CNY
Ernest,Bryant,ebryantg3@psu.edu,Indonesia,Male,Kahabe,Npath,6634.42,IDR
Elizabeth,Weaver,eweaverg4@fastcompany.com,Russia,Female,Bilyarsk,Dabjam,92563.40,RUB
Bobby,Robertson,brobertsong5@oakley.com,Colombia,Male,Zarzal,Edgetag,90484.84,COP
Janet,Williams,jwilliamsg6@nsw.gov.au,Indonesia,Female,Guradog,Realpoint,79137.44,IDR
Karen,Foster,kfosterg7@prweb.com,Philippines,Female,Eguia,Mybuzz,74849.79,PHP
Tammy,Romero,tromerog8@fda.gov,Philippines,Female,Buenavista,Vitz,26422.88,PHP
James,Adams,jadamsg9@qq.com,China,Male,Yilongyong,Jaxnation,4864.56,CNY
Steven,West,swestga@dailymail.co.uk,Portugal,Male,Conceição da Abóboda,Quimm,16527.16,EUR
Paul,Chavez,pchavezgb@wunderground.com,China,Male,Xushangqiao,Jatri,56062.10,CNY
Sarah,Morrison,smorrisongc@earthlink.net,China,Female,Huiyuan,Quimba,39363.48,CNY
Christine,Hicks,chicksgd@tinypic.com,Kazakhstan,Female,Zaysan,Wikivu,,KZT
Frank,Long,flongge@sina.com.cn,Colombia,Male,Palmar de Varela,Jabbersphere,94146.08,COP
Ronald,Freeman,rfreemangf@craigslist.org,Canada,Male,Middleton,Wordpedia,75834.88,CAD
Charles,Ferguson,cfergusongg@ucsd.edu,Peru,Male,Lucma,Flashspan,55662.07,PEN
Juan,Nguyen,jnguyengh@examiner.com,France,Male,Marne-la-Vallée,Skinder,96532.75,EUR
Kevin,Walker,kwalkergi@earthlink.net,Cyprus,Male,Mosfilotí,Thoughtmix,50711.30,EUR
Gerald,Evans,gevansgj@delicious.com,Brazil,Male,Benjamin Constant,DabZ,7072.93,BRL
Ruth,Montgomery,rmontgomerygk@livejournal.com,Russia,Female,Rakitnoye,Kazio,80254.73,RUB
Angela,Scott,ascottgl@flavors.me,Brazil,Female,Eirunepé,Skyndu,39942.87,BRL
Margaret,Myers,mmyersgm@sourceforge.net,Luxembourg,Female,Lamadelaine,Vipe,69371.52,EUR
Paula,Franklin,pfranklingn@omniture.com,Indonesia,Female,Leran,Zoombox,8137.13,IDR
Sharon,Hanson,shansongo@blogger.com,China,Female,Tuqiao,Pixonyx,44656.59,CNY
Jeremy,Fowler,jfowlergp@diigo.com,China,Male,Yangjiao,Eayo,70530.25,CNY
Carol,Ramirez,cramirezgq@arstechnica.com,China,Female,Yujiao,Kayveo,,CNY
Lori,Murphy,lmurphygr@nps.gov,Russia,Female,Bizhbulyak,Dynazzy,11384.27,RUB
Douglas,Russell,drussellgs@webeden.co.uk,Sweden,Male,Kalmar,Photolist,85105.50,SEK
David,Kim,dkimgt@sfgate.com,Uganda,Male,Dokolo,Quimm,59391.82,UGX
Phyllis,Snyder,psnydergu@amazon.co.uk,Portugal,Female,Almeirim,Wordtune,28436.76,EUR
Alice,Matthews,amatthewsgv@blogspot.com,Poland,Female,Knurów,Wordware,70160.80,PLN
Victor,Murray,vmurraygw@instagram.com,Vietnam,Male,Tân Kỳ,Eidel,72202.32,VND
Anne,Rogers,arogersgx@ning.com,Philippines,Female,Talisay,Brainbox,74858.06,PHP
Clarence,Cole,ccolegy@wiley.com,Portugal,Male,Anadia,Riffpedia,28584.29,EUR
Laura,Henry,lhenrygz@wordpress.org,China,Female,Xiashihao,Feedfish,,CNY
Janet,Rodriguez,jrodriguezh0@mtv.com,Brazil,Female,Posse,Quatz,90306.59,BRL
George,Ryan,gryanh1@dropbox.com,Brazil,Male,Reserva,Skibox,69333.97,BRL
Fred,Hunter,fhunterh2@jimdo.com,Philippines,Male,Imus,Reallinks,57028.46,PHP
Betty,Cook,bcookh3@amazonaws.com,Syria,Female,An Nāşirah,Meeveo,31333.97,SYP
Paul,Mason,pmasonh4@sfgate.com,Indonesia,Male,Krajan,Bluezoom,53309.09,IDR
Rachel,Lawson,rlawsonh5@sohu.com,Spain,Female,Vigo,Flashpoint,48596.76,EUR
Antonio,Simmons,asimmonsh6@oracle.com,China,Male,Tianzhuang,Viva,41931.16,CNY
Louis,Ford,lfordh7@nps.gov,Russia,Male,Lotoshino,Edgeify,17335.96,RUB
Raymond,Garcia,rgarciah8@google.ca,Russia,Male,Pashkovskiy,Yadel,38056.82,RUB
Rose,Foster,rfosterh9@columbia.edu,Poland,Female,Jastrzębia,Kare,41268.43,PLN
Maria,Myers,mmyersha@kickstarter.com,Portugal,Female,Monção,Dazzlesphere,86593.24,EUR
Randy,Cooper,rcooperhb@tumblr.com,China,Male,Beixiang,Jabbercube,9279.91,CNY
Donald,Stephens,dstephenshc@tamu.edu,China,Male,Lianfa,Agivu,26637.87,CNY
Jane,Gonzalez,jgonzalezhd@phoca.cz,Chad,Female,Mao,Miboo,53501.02,XAF
Jacqueline,Walker,jwalkerhe@purevolume.com,Peru,Female,Socos,Skalith,17261.28,PEN
Ann,Peterson,apetersonhf@shutterfly.com,China,Female,Tumba,Twitterworks,26035.02,CNY
George,Little,glittlehg@dailymotion.com,Norway,Male,Moss,Youopia,95673.00,NOK
Linda,Dunn,ldunnhh@desdev.cn,France,Female,Marseille,Yozio,81309.97,EUR
Maria,Chavez,mchavezhi@webeden.co.uk,Portugal,Female,Orvalho,Camimbo,17433.82,EUR
Brenda,Bowman,bbowmanhj@amazonaws.com,Colombia,Female,Pore,Zava,263.86,COP
Margaret,Perez,mperezhk@trellian.com,Indonesia,Female,Partikan,Voonyx,35315.68,IDR
Ernest,Cruz,ecruzhl@51.la,Argentina,Male,La Falda,Twitterbridge,72937.74,ARS
Jean,Sullivan,jsullivanhm@nih.gov,Brazil,Female,Cambé,Feedspan,88415.51,BRL
Sandra,Carpenter,scarpenterhn@mlb.com,Indonesia,Female,Bokor,Divanoodle,53836.21,IDR
Albert,Franklin,afranklinho@phoca.cz,Portugal,Male,Horta,Fiveclub,,EUR
Heather,Kelly,hkellyhp@wp.com,Thailand,Female,Tha Ruea,Oyoba,64748.62,THB
Willie,Ryan,wryanhq@twitpic.com,Russia,Male,Pavlogradka,Demivee,92203.27,RUB
Angela,Howard,ahowardhr@github.com,Japan,Female,Kawaguchi,Skidoo,33954.22,JPY
Clarence,Hanson,chansonhs@geocities.com,Portugal,Male,Agualva,Kwinu,,EUR
Amy,Williamson,awilliamsonht@google.com,United States,Female,Saint Petersburg,Leexo,97149.03,USD
Diane,Pierce,dpiercehu@netscape.com,China,Female,Kezilei,Reallinks,73793.41,CNY
Teresa,Peters,tpetershv@discuz.net,Philippines,Female,Taboc,Flashpoint,25487.17,PHP
Terry,Gutierrez,tgutierrezhw@ox.ac.uk,China,Male,Hukeng,Eire,91906.41,CNY
Patrick,Thompson,pthompsonhx@indiatimes.com,China,Male,Daying,Skynoodle,10031.45,CNY
Paula,Carroll,pcarrollhy@disqus.com,Indonesia,Female,Curug,Buzzster,29387.87,IDR
Phillip,Daniels,pdanielshz@bluehost.com,Portugal,Male,Valada,Youopia,54037.65,EUR
Joseph,Cole,jcolei0@japanpost.jp,Philippines,Male,San Jose,Bluejam,76242.85,PHP
Dorothy,Fisher,dfisheri1@pbs.org,Tunisia,Female,Kairouan,Meezzy,33195.73,TND
Ronald,Robertson,rrobertsoni2@discovery.com,France,Male,Marseille,Realbuzz,42952.58,EUR
Jennifer,Ruiz,jruizi3@msu.edu,Indonesia,Female,Tasikmalaya,Rhynoodle,73044.86,IDR
Linda,Young,lyoungi4@walmart.com,Russia,Female,Bryansk,Riffwire,30897.42,RUB
Karen,Gutierrez,kgutierrezi5@blogtalkradio.com,China,Female,Guogan,Devshare,67973.65,CNY
Ryan,Butler,rbutleri6@simplemachines.org,China,Male,Nancun,Katz,64356.57,CNY
David,Martin,dmartini7@mozilla.org,Kazakhstan,Male,Talghar,Vipe,5732.07,KZT
Jesse,Bishop,jbishopi8@sciencedaily.com,Philippines,Male,Bansalan,Realpoint,76369.41,PHP
Virginia,Baker,vbakeri9@google.de,France,Female,Troyes,Yakidoo,84950.67,EUR
Patrick,Torres,ptorresia@miibeian.gov.cn,Gambia,Male,Sutukoba,Reallinks,,GMD
Philip,Campbell,pcampbellib@elpais.com,Montenegro,Male,Budva,Eimbee,47266.10,EUR
Howard,Ward,hwardic@addthis.com,Ghana,Male,Akim Swedru,Tazzy,95419.71,GHS
Scott,Ramos,sramosid@weibo.com,Sudan,Male,El Matama,Topicshots,88796.12,SDG
Anthony,Myers,amyersie@qq.com,Russia,Male,Novaya Chigla,Snaptags,31394.79,RUB
Pamela,Mitchell,pmitchellif@addtoany.com,New Zealand,Female,Pleasant Point,Bluezoom,20239.42,NZD
Dorothy,Frazier,dfrazierig@weibo.com,Philippines,Female,Silae,Gigabox,37595.79,PHP
Tammy,Mendoza,tmendozaih@free.fr,Brazil,Female,Capelinha,Skinder,79987.56,BRL
Joyce,Burke,jburkeii@disqus.com,Russia,Female,Sagopshi,Meejo,59810.61,RUB
Lillian,Reyes,lreyesij@aol.com,Haiti,Female,Caracol,Photobug,34811.74,HTG
Ronald,Murphy,rmurphyik@ucoz.ru,Philippines,Male,Don Carlos,Mudo,50254.22,PHP
Jeffrey,Patterson,jpattersonil@mysql.com,China,Male,Huangjindong,Feedmix,,CNY
Timothy,Morris,tmorrisim@nytimes.com,Thailand,Male,Suphan Buri,Centimia,58953.96,THB
Doris,Peterson,dpetersonin@clickbank.net,Indonesia,Female,Tanjung Palas,Thoughtworks,,IDR
Marie,Shaw,mshawio@angelfire.com,China,Female,Dolod,Cogidoo,80701.61,CNY
Emily,Long,elongip@drupal.org,China,Female,Zhongzhou,Brainbox,6194.11,CNY
Jesse,Greene,jgreeneiq@51.la,Monaco,Male,La Condamine,Ainyx,47847.64,EUR
Nicole,Clark,nclarkir@hp.com,Greece,Female,Kolindrós,Dabjam,64074.55,EUR
Virginia,Walker,vwalkeris@msu.edu,Malaysia,Female,Kuantan,Photobean,52492.63,MYR
Helen,Snyder,hsnyderit@home.pl,Philippines,Female,Marcos,Tekfly,81968.89,PHP
Terry,Sanchez,tsancheziu@stanford.edu,Albania,Male,Gjoçaj,Ntags,62153.21,ALL
Kathleen,Myers,kmyersiv@stanford.edu,Philippines,Female,Himensulan,Tagopia,19053.13,PHP
Rebecca,Pierce,rpierceiw@hubpages.com,Czech Republic,Female,Radiměř,Yakitri,28985.18,CZK
Sara,Snyder,ssnyderix@ucoz.com,Indonesia,Female,Singosari,Quamba,23378.31,IDR
George,Moreno,gmorenoiy@nasa.gov,Indonesia,Male,Sukoanyar,Demimbu,54709.27,IDR
Michelle,Ramirez,mramireziz@about.com,Russia,Female,Rybatskoye,Realcube,56967.15,RUB
Gloria,Little,glittlej0@census.gov,Ivory Coast,Female,Bonoua,Photobug,2667.46,XOF
Emily,Mccoy,emccoyj1@about.me,China,Female,Hechuan,Gabvine,30451.48,CNY
Annie,Chapman,achapmanj2@economist.com,Denmark,Female,København,Fivechat,94721.58,DKK
Nicole,Mason,nmasonj3@naver.com,Indonesia,Female,Jawatiwa,Meembee,19409.11,IDR
Shawn,Carr,scarrj4@topsy.com,Russia,Male,Turochak,Rooxo,11766.47,RUB
Lawrence,Miller,lmillerj5@globo.com,China,Male,Dongbatu,Quamba,,CNY
Rachel,Williamson,rwilliamsonj6@youtu.be,Malaysia,Female,Seremban,Wikivu,,MYR
Wayne,Mendoza,wmendozaj7@skyrock.com,Brazil,Male,São Luiz Gonzaga,Camimbo,1181.41,BRL
Chris,Kim,ckimj8@cbc.ca,China,Male,Tuba,Skipstorm,21602.88,CNY
Andrea,Brooks,abrooksj9@buzzfeed.com,Slovenia,Female,Žirovnica,Shufflester,80389.97,EUR
Daniel,Sanders,dsandersja@chron.com,Peru,Male,Lahuaytambo,Buzzshare,,PEN
Clarence,Morrison,cmorrisonjb@un.org,Indonesia,Male,Werang,Photojam,5426.72,IDR
Cheryl,Reynolds,creynoldsjc@yahoo.co.jp,Russia,Female,Lokot’,Zazio,77236.92,RUB
Edward,Bowman,ebowmanjd@archive.org,Sweden,Male,Mariefred,Izio,6845.14,SEK
Martin,Cruz,mcruzje@geocities.com,Indonesia,Male,Suwaru,Lazz,54971.84,IDR
Ryan,Green,rgreenjf@utexas.edu,China,Male,Shaguotun,Myworks,70147.16,CNY
Lois,Owens,lowensjg@uiuc.edu,Malaysia,Female,Kuala Lumpur,Tavu,38189.07,MYR
Frank,Lewis,flewisjh@yahoo.com,Sweden,Male,Trollhättan,Quire,,SEK
Carol,Owens,cowensji@i2i.jp,China,Female,Rudong,Jabbercube,84702.64,CNY
Donald,Ward,dwardjj@webnode.com,Uzbekistan,Male,Quvasoy,Chatterbridge,26978.49,UZS
Robin,Welch,rwelchjk@wordpress.org,Indonesia,Female,Dairiti,Zoonoodle,29329.03,IDR
Rose,Hart,rhartjl@squarespace.com,Russia,Female,Inozemtsevo,Mita,82642.38,RUB
Robin,Jordan,rjordanjm@bigcartel.com,Albania,Female,Ujmisht,Jaxworks,48379.72,ALL
Cheryl,Lynch,clynchjn@nifty.com,Sweden,Female,Trollhättan,Myworks,70868.62,SEK
Eric,Wilson,ewilsonjo@purevolume.com,Philippines,Male,Port Barton,Ozu,38719.45,PHP
Albert,Burke,aburkejp@umn.edu,Russia,Male,Urukh,Vipe,728.61,RUB
Jeremy,Nichols,jnicholsjq@com.com,Japan,Male,Yonezawa,Voonder,12650.83,JPY
Ernest,Barnes,ebarnesjr@ftc.gov,China,Male,Datuan,Leenti,60294.46,CNY
John,Fields,jfieldsjs@seesaa.net,China,Male,Ganxi,Dazzlesphere,16462.75,CNY
Clarence,Coleman,ccolemanjt@apple.com,Russia,Male,Shumyachi,Youspan,,RUB
Gary,Thomas,gthomasju@constantcontact.com,Thailand,Male,Sathing Phra,Twimbo,88592.00,THB
Evelyn,Schmidt,eschmidtjv@amazon.co.jp,Portugal,Female,Murça,Devify,53081.22,EUR
Roy,Hernandez,rhernandezjw@purevolume.com,China,Male,Dingshu,Kwideo,23994.42,CNY
Ronald,Wright,rwrightjx@cbslocal.com,Philippines,Male,Mabasa,Divanoodle,84498.94,PHP
Mary,Berry,mberryjy@over-blog.com,Poland,Female,Piekielnik,Thoughtbeat,,PLN
Catherine,Ruiz,cruizjz@netscape.com,Bolivia,Female,Camargo,Skimia,12992.38,BOB
Lawrence,Wood,lwoodk0@linkedin.com,Ghana,Male,Kasoa,Devpoint,79501.55,GHS
Evelyn,Wagner,ewagnerk1@cocolog-nifty.com,China,Female,Xinzhai,Riffpedia,1035.75,CNY
Gregory,Edwards,gedwardsk2@chicagotribune.com,Portugal,Male,Arrifes,Twitternation,86388.52,EUR
Juan,George,jgeorgek3@geocities.com,Portugal,Male,Nagosela,Rhybox,,EUR
Beverly,Berry,bberryk4@webeden.co.uk,China,Female,Chunyang,Twimbo,96207.39,CNY
Mildred,Ramirez,mramirezk5@barnesandnoble.com,France,Female,Niort,Tanoodle,97488.49,EUR
Virginia,Barnes,vbarnesk6@toplist.cz,Poland,Female,Bobolice,Latz,87705.32,PLN
Albert,Stewart,astewartk7@amazonaws.com,Uganda,Male,Sembabule,Realbridge,34176.49,UGX
Wanda,Lawrence,wlawrencek8@google.ru,Poland,Female,Chojnice,Quamba,30153.90,PLN
Brandon,Webb,bwebbk9@tinypic.com,Russia,Male,Krasnovishersk,Jaloo,77215.03,RUB
Joshua,Holmes,jholmeska@gizmodo.com,Indonesia,Male,Tengah,Skinder,49033.60,IDR
Anthony,Wilson,awilsonkb@squarespace.com,Albania,Male,Iballë,Youtags,88713.50,ALL
Robert,Wagner,rwagnerkc@tamu.edu,Indonesia,Male,Karangsono,Shufflebeat,,IDR
Sharon,Robertson,srobertsonkd@house.gov,Philippines,Female,Paraiso,Youtags,52837.53,PHP
Billy,Rose,broseke@ucsd.edu,France,Male,Saint-Quentin-en-Yvelines,Browsezoom,90834.79,EUR
Ruby,Richardson,rrichardsonkf@privacy.gov.au,Canada,Female,Gjoa Haven,Leenti,23816.75,CAD
Melissa,Dixon,mdixonkg@foxnews.com,Philippines,Female,Kalandagan,Bluezoom,5861.95,PHP
Matthew,Kelley,mkelleykh@usa.gov,China,Male,Haiyangsuo,Nlounge,10237.31,CNY
Angela,Castillo,acastilloki@usda.gov,Sweden,Female,Kalmar,Zoonoodle,91270.21,SEK
Johnny,Gray,jgraykj@vkontakte.ru,Costa Rica,Male,Purral,Topiczoom,33876.34,CRC
Philip,Reyes,preyeskk@netlog.com,Indonesia,Male,Tlogowungu,Rhyzio,,IDR
Daniel,Woods,dwoodskl@mtv.com,Czech Republic,Male,Kralice na Hané,Linktype,84890.30,CZK
Matthew,Hunter,mhunterkm@weibo.com,Russia,Male,Issa,Realpoint,98092.35,RUB
Janice,Robertson,jrobertsonkn@baidu.com,Sweden,Female,Ed,Katz,26031.34,SEK
David,Gomez,dgomezko@yellowpages.com,Brazil,Male,Nerópolis,Divanoodle,84399.31,BRL
Harry,Perry,hperrykp@pinterest.com,Indonesia,Male,Gununggoong,Fivespan,65827.41,IDR
Amanda,Chapman,achapmankq@ihg.com,Japan,Female,Nagahama,Thoughtbeat,39219.79,JPY
Heather,Reynolds,hreynoldskr@amazon.com,Argentina,Female,Azul,Topicshots,82918.71,ARS
Lois,Elliott,lelliottks@usgs.gov,Portugal,Female,Achada,Skyble,33757.87,EUR
Brandon,Daniels,bdanielskt@patch.com,China,Male,Changtu,Ntags,26040.54,CNY
Terry,Tucker,ttuckerku@meetup.com,Indonesia,Male,Tanjung Palas,Babblestorm,51419.44,IDR
Daniel,Green,dgreenkv@sina.com.cn,Indonesia,Male,Sidamukti,Oba,36670.72,IDR
Wanda,Jenkins,wjenkinskw@qq.com,China,Female,Shuangmiao,Tagopia,36905.33,CNY
James,Thompson,jthompsonkx@boston.com,Japan,Male,Sayama,Jazzy,41574.57,JPY
Juan,Burns,jburnsky@kickstarter.com,Croatia,Male,Postira,Riffwire,30868.56,HRK
Linda,Hall,lhallkz@mtv.com,Indonesia,Female,Asempapak,Camimbo,72954.12,IDR
Sarah,Collins,scollinsl0@123-reg.co.uk,United States,Female,Bronx,Ntags,58454.90,USD
Antonio,Elliott,aelliottl1@liveinternet.ru,Philippines,Male,Tuka,Wikizz,55425.55,PHP
Joseph,Chapman,jchapmanl2@economist.com,China,Male,Zouma,Leexo,,CNY
Robert,Edwards,redwardsl3@jalbum.net,China,Male,Beibei,Photobean,51151.71,CNY
Lisa,Reynolds,lreynoldsl4@disqus.com,Serbia,Female,Bujanovac,Yadel,11545.12,RSD
Steve,Harper,sharperl5@feedburner.com,Panama,Male,Los Boquerones,Zoombeat,17998.33,PAB
Stephanie,Dean,sdeanl6@example.com,Philippines,Female,Bagalangit,Photojam,16722.82,PHP
Paul,Hansen,phansenl7@friendfeed.com,China,Male,Huanglian,Livefish,35359.09,CNY
Patrick,Wheeler,pwheelerl8@mapquest.com,Indonesia,Male,Dukuhmencek Lor,Flashspan,4019.31,IDR
Daniel,Freeman,dfreemanl9@biblegateway.com,Curacao,Male,Willemstad,Twitterbridge,62361.00,ANG
Catherine,Chavez,cchavezla@scientificamerican.com,Kenya,Female,Busia,Devpoint,15816.34,KES
Ruth,Richards,rrichardslb@acquirethisname.com,Colombia,Female,Lérida,Viva,66713.22,COP
Jean,Garza,jgarzalc@smh.com.au,Azerbaijan,Female,Xudat,Jaxnation,41802.18,AZN
Joseph,Dunn,jdunnld@desdev.cn,Poland,Male,Rączna,Thoughtstorm,39439.77,PLN
Stephanie,Hansen,shansenle@exblog.jp,Peru,Female,Tayabamba,Linkbuzz,16480.40,PEN
Karen,Taylor,ktaylorlf@sakura.ne.jp,Indonesia,Female,Sungaibengkal,Shufflester,64898.67,IDR
Jose,Hamilton,jhamiltonlg@rambler.ru,Jamaica,Male,Maggotty,Rhyzio,64313.05,JMD
Craig,Nguyen,cnguyenlh@telegraph.co.uk,Czech Republic,Male,Zbraslav,Fivechat,18684.49,CZK
Howard,Greene,hgreeneli@sun.com,France,Male,Montluel,Riffwire,30118.89,EUR
Carl,Morales,cmoraleslj@guardian.co.uk,Myanmar,Male,Nyaungdon,Jabbersphere,23830.03,MMK
Diana,Matthews,dmatthewslk@google.de,China,Female,Tanlin,Buzzbean,78406.34,CNY
Kenneth,Snyder,ksnyderll@slate.com,Kazakhstan,Male,Ush-Tyube,Quire,62661.89,KZT
Ernest,Little,elittlelm@theglobeandmail.com,Indonesia,Male,Sirnaresmi,Twitterworks,,IDR
Kelly,Morris,kmorrisln@sciencedirect.com,Indonesia,Female,Ngembo,Meembee,50661.93,IDR
William,Harris,wharrislo@wikimedia.org,Brazil,Male,Conceição do Jacuípe,Yambee,,BRL
Gary,Campbell,gcampbelllp@goodreads.com,United States,Male,Augusta,Kwimbee,97074.37,USD
Robin,Daniels,rdanielslq@google.com.br,China,Female,Puyang,Eidel,55631.06,CNY
Rachel,Bryant,rbryantlr@google.ca,Indonesia,Female,Selajambe Satu,Omba,49338.24,IDR
Rose,Schmidt,rschmidtls@nsw.gov.au,Brazil,Female,Itajubá,Roomm,8163.15,BRL
Patrick,Torres,ptorreslt@stanford.edu,China,Male,La’ershan,Talane,33554.02,CNY
Andrew,Hill,ahilllu@list-manage.com,Indonesia,Male,Kertasari,Vipe,68425.50,IDR
Scott,Lawrence,slawrencelv@whitehouse.gov,Sweden,Male,Västerås,Quatz,6919.12,SEK
Amy,Wheeler,awheelerlw@tuttocitta.it,Indonesia,Female,Sidomulyo Kulon,JumpXS,70848.81,IDR
Daniel,Carter,dcarterlx@bizjournals.com,Indonesia,Male,Raas,Kanoodle,17028.20,IDR
Melissa,Snyder,msnyderly@forbes.com,Poland,Female,Dzięgielów,Lazz,,PLN
Dennis,Gray,dgraylz@bandcamp.com,Russia,Male,Izhmorskiy,Latz,73443.20,RUB
Donald,Lewis,dlewism0@columbia.edu,Brazil,Male,São Paulo de Olivença,Oyoba,36267.44,BRL
Ruth,Hernandez,rhernandezm1@cyberchimps.com,France,Female,Istres,Rhyzio,21602.68,EUR
Shirley,Hunter,shunterm2@biblegateway.com,Sweden,Female,Sala,Feednation,87168.80,SEK
Jose,Fuller,jfullerm3@webmd.com,Indonesia,Male,Uwa,Podcat,23260.67,IDR
Walter,Martin,wmartinm4@merriam-webster.com,Dominican Republic,Male,Guayabo Dulce,Yambee,8696.90,DOP
Steven,Brown,sbrownm5@aboutads.info,Vietnam,Male,Sadek,Jabbersphere,2426.46,VND
Thomas,Hill,thillm6@tamu.edu,China,Male,Changsheng,Brainverse,92271.88,CNY
Lawrence,Torres,ltorresm7@pagesperso-orange.fr,China,Male,Jiale,Skiba,54803.67,CNY
Julie,Long,jlongm8@vinaora.com,Philippines,Female,Guihulñgan,Edgeblab,15426.26,PHP
Jean,Morris,jmorrism9@nifty.com,France,Female,Aubenas,Devshare,,EUR
Phillip,Anderson,pandersonma@ifeng.com,Brazil,Male,Guarapari,Aivee,97876.00,BRL
Peter,Robertson,probertsonmb@about.me,Russia,Male,Yuzhno-Sukhokumsk,Ntag,51696.97,RUB
Johnny,Fox,jfoxmc@eepurl.com,China,Male,Huangfang,Yodel,,CNY
Martin,Howard,mhowardmd@columbia.edu,Norway,Male,Oslo,Avamba,82151.78,NOK
Annie,Russell,arussellme@is.gd,China,Female,Huoshaodian,Bubblemix,45615.34,CNY
Marilyn,Perkins,mperkinsmf@mapy.cz,Mexico,Female,La Libertad,Realmix,32712.71,MXN
Laura,Castillo,lcastillomg@timesonline.co.uk,Indonesia,Female,Cikulahan,Devify,,IDR
Janice,Elliott,jelliottmh@myspace.com,Afghanistan,Female,Qarchī Gak,Wikido,56982.51,AFN
Christopher,Collins,ccollinsmi@prweb.com,Brazil,Male,Santaluz,Digitube,84197.85,BRL
Cheryl,Porter,cportermj@shutterfly.com,Brazil,Female,Ribeirão da Ilha,Flipstorm,,BRL
Katherine,Ferguson,kfergusonmk@google.com.au,Brazil,Female,São Sepé,Bubblemix,9858.14,BRL
Sarah,Austin,saustinml@salon.com,France,Female,Le Perreux-sur-Marne,Zoonoodle,73907.18,EUR
Kathy,Stanley,kstanleymm@economist.com,Syria,Female,Nāḩiyat as Sab‘ Biyār,Thoughtbridge,94724.36,SYP
Julie,Brown,jbrownmn@mit.edu,Nigeria,Female,Wamba,Demivee,64520.76,NGN
Adam,Mitchell,amitchellmo@flickr.com,Philippines,Male,Bantog,Leenti,74660.15,PHP
Julie,Young,jyoungmp@foxnews.com,Indonesia,Female,Babakan,Lajo,19367.32,IDR
Brenda,Owens,bowensmq@bbc.co.uk,United States,Female,Washington,Feedbug,97080.08,USD
Deborah,Hamilton,dhamiltonmr@cloudflare.com,Indonesia,Female,Sukamantri Satu,Babbleopia,83564.66,IDR
Shawn,Hughes,shughesms@ezinearticles.com,Sweden,Male,Knivsta,Thoughtsphere,,SEK
Jack,Moreno,jmorenomt@google.fr,Ukraine,Male,Popil'nya,Riffpedia,,UAH
Juan,Carroll,jcarrollmu@chicagotribune.com,Colombia,Male,Yumbo,Babblestorm,83951.29,COP
Sandra,Ortiz,sortizmv@umich.edu,Indonesia,Female,Kadubadak,Jayo,,IDR
Teresa,Rogers,trogersmw@netscape.com,Portugal,Female,Melres,Jabbercube,63679.05,EUR
Marilyn,Ferguson,mfergusonmx@xing.com,Tanzania,Female,Majengo,Thoughtbeat,3710.38,TZS
Rebecca,Hansen,rhansenmy@jimdo.com,Japan,Female,Uozu,Blogspan,24305.90,JPY
Kathleen,Owens,kowensmz@edublogs.org,Brazil,Female,Socorro,Mynte,89523.05,BRL
Henry,Greene,hgreenen0@taobao.com,China,Male,Lianhe,Photofeed,,CNY
Andrew,Kennedy,akennedyn1@wix.com,Portugal,Male,Conqueiros,Talane,38201.40,EUR
Julia,Howard,jhowardn2@deviantart.com,Venezuela,Female,El Cobre,Jetpulse,,VEF
Shirley,Powell,spowelln3@umich.edu,France,Female,Évry,Zoonder,77717.33,EUR
Jeremy,Watson,jwatsonn4@ebay.co.uk,Czech Republic,Male,Nová Paka,Kimia,96894.55,CZK
Randy,Roberts,rrobertsn5@deviantart.com,Indonesia,Male,Oenaik,Photolist,7523.97,IDR
Debra,Gray,dgrayn6@mit.edu,Indonesia,Female,Kalidawe,Ntags,34475.76,IDR
Dorothy,Patterson,dpattersonn7@msu.edu,China,Female,Guashe,Blogspan,69320.42,CNY
Linda,Payne,lpaynen8@plala.or.jp,Finland,Female,Oripää,Tazz,69844.38,EUR
Nicholas,Patterson,npattersonn9@google.co.jp,Mexico,Male,Independencia,Babbleopia,88656.97,MXN
Rose,Garza,rgarzana@tiny.cc,Poland,Female,Czarna Białostocka,Yakitri,83941.95,PLN
Kathy,Pierce,kpiercenb@ning.com,Serbia,Female,Lok,Kazu,61112.27,RSD
Jesse,Wheeler,jwheelernc@over-blog.com,Indonesia,Male,Karangsuko,Jaxnation,,IDR
Andrew,Stevens,astevensnd@reuters.com,United States,Male,Midland,Topicblab,,USD
Louise,Vasquez,lvasquezne@theguardian.com,Thailand,Female,Khu Khan,Wikivu,909.45,THB
Shawn,Burton,sburtonnf@parallels.com,Sweden,Male,Trollhättan,Zoonder,41632.18,SEK
Sandra,Willis,swillisng@japanpost.jp,Poland,Female,Borkowice,Livetube,94328.09,PLN
Deborah,Wells,dwellsnh@youtube.com,Greece,Female,Sofádes,Leenti,,EUR
Stephen,Moreno,smorenoni@ustream.tv,Japan,Male,Furudate,Chatterpoint,,JPY
Walter,Perez,wpereznj@instagram.com,China,Male,Jinshanpu,Photofeed,25286.01,CNY
Beverly,Johnson,bjohnsonnk@omniture.com,Indonesia,Female,Alasmalang,Lazz,62294.97,IDR
Carolyn,Ramirez,cramireznl@ocn.ne.jp,Philippines,Female,Bacong,Photobug,76199.37,PHP
Ronald,Young,ryoungnm@yellowpages.com,United States,Male,Denver,Jamia,61489.62,USD
Willie,Evans,wevansnn@pcworld.com,France,Male,Saint-Malo,Cogidoo,94811.94,EUR
Michael,Martinez,mmartinezno@about.com,Dominican Republic,Male,San Cristóbal,Skimia,76807.31,DOP
Irene,Stewart,istewartnp@reuters.com,Peru,Female,Buenos Aires,Meedoo,61083.29,PEN
Joe,Morrison,jmorrisonnq@washingtonpost.com,Bolivia,Male,Uyuni,Abata,,BOB
Judith,Alexander,jalexandernr@github.com,Malta,Female,Pietà,Zoomdog,68180.75,EUR
Jeremy,Patterson,jpattersonns@biblegateway.com,Russia,Male,Saint Petersburg,Gigaclub,79743.02,RUB
Raymond,Carpenter,rcarpenternt@utexas.edu,Japan,Male,Kanoya,Ooba,1678.68,JPY
Daniel,Hanson,dhansonnu@indiatimes.com,Thailand,Male,Nakhon Phanom,Wikido,4428.52,THB
Jose,Mills,jmillsnv@blogger.com,Poland,Male,Kluki,Digitube,44723.16,PLN
Todd,Hall,thallnw@dell.com,Brazil,Male,Machado,Trudoo,3796.30,BRL
Emily,White,ewhitenx@mozilla.org,Zimbabwe,Female,Lupane,Skimia,77576.39,ZWL
Johnny,Mills,jmillsny@webnode.com,China,Male,Tianyi,Roombo,573.31,CNY
Melissa,Morales,mmoralesnz@wikia.com,Czech Republic,Female,Moravská Nová Ves,Fivespan,11108.20,CZK
Steven,Peterson,spetersono0@dion.ne.jp,Tajikistan,Male,Dŭstí,Rhybox,56506.48,TJS
Patricia,Allen,palleno1@sphinn.com,Ecuador,Female,Montalvo,Twitterbridge,66194.59,USD
George,Edwards,gedwardso2@ning.com,Sweden,Male,Lycksele,Mybuzz,2142.89,SEK
Matthew,Garrett,mgarretto3@indiegogo.com,El Salvador,Male,Delgado,Minyx,,USD
Ruby,Gilbert,rgilberto4@typepad.com,China,Female,Garmo,Oyope,15751.81,CNY
Clarence,George,cgeorgeo5@stanford.edu,Morocco,Male,Bigoudine,Thoughtbridge,11100.39,MAD
Rebecca,Hudson,rhudsono6@opera.com,Mexico,Female,Petrolera,Twiyo,52583.32,MXN
Jane,Banks,jbankso7@desdev.cn,Czech Republic,Female,Drásov,Riffpath,1714.02,CZK
Evelyn,Richardson,erichardsono8@google.co.uk,Philippines,Female,Bula,Trilith,37764.63,PHP
Andrew,James,ajameso9@networksolutions.com,Greece,Male,Arfará,Fivechat,37909.95,EUR
Paul,Perez,pperezoa@newsvine.com,Luxembourg,Male,Hobscheid,Twitterbeat,59851.55,EUR
Bobby,Perez,bperezob@opera.com,Russia,Male,Boguchar,Camimbo,24637.51,RUB
Peter,Morgan,pmorganoc@sbwire.com,China,Male,Anzihao,Zoomlounge,7789.07,CNY
Kathleen,Perez,kperezod@boston.com,Togo,Female,Tsévié,Shuffledrive,19615.42,XOF
Michelle,Jackson,mjacksonoe@spiegel.de,Sweden,Female,Stockholm,Avavee,77282.02,SEK
Alan,Hamilton,ahamiltonof@eepurl.com,China,Male,Puhechang,Twimm,48362.96,CNY
Alan,Hunt,ahuntog@yandex.ru,Brazil,Male,Piritiba,Voonyx,32380.47,BRL
Ruby,Ray,rrayoh@patch.com,Mexico,Female,Reforma,Mymm,41708.06,MXN
Amy,Russell,arusselloi@earthlink.net,Indonesia,Female,Ciherang,Topiczoom,87398.60,IDR
Norma,Webb,nwebboj@yellowbook.com,Sweden,Female,Norrköping,Feedfish,61288.05,SEK
Shirley,Harrison,sharrisonok@google.it,China,Female,Youguzhuang,Feedspan,5895.99,CNY
Evelyn,Snyder,esnyderol@prweb.com,Argentina,Female,Vera,Twinder,54955.62,ARS
William,Matthews,wmatthewsom@techcrunch.com,Poland,Male,Wyszogród,Kaymbo,69948.46,PLN
Lisa,Gilbert,lgilberton@cdbaby.com,Ghana,Female,Mpraeso,Jayo,23527.20,GHS
Ernest,Harrison,eharrisonoo@walmart.com,China,Male,Hayan Hudong,Yakitri,56316.30,CNY
Paula,Duncan,pduncanop@networkadvertising.org,Uganda,Female,Dokolo,Vinte,70369.37,UGX
Phillip,Gordon,pgordonoq@angelfire.com,Uganda,Male,Lwengo,Skiba,77868.88,UGX
Linda,Garcia,lgarciaor@sitemeter.com,Benin,Female,Dogbo,Yotz,8242.86,XOF
Stephen,Dixon,sdixonos@rambler.ru,Venezuela,Male,El Dividive,Realmix,7081.42,VEF
Linda,Hall,lhallot@auda.org.au,Sudan,Female,Al Fūlah,Kimia,12591.15,SDG
Ryan,Watson,rwatsonou@github.com,Morocco,Male,Khenifra,Shuffledrive,86547.18,MAD
Jean,Lopez,jlopezov@irs.gov,Brazil,Female,Conceição do Coité,Feedbug,,BRL
Christopher,Ortiz,cortizow@ovh.net,Mongolia,Male,Ölgiy,Midel,,MNT
William,Nguyen,wnguyenox@google.com.au,Greece,Male,Gómfoi,Trupe,22665.36,EUR
Roy,Johnson,rjohnsonoy@163.com,China,Male,Taibai,Meembee,16223.00,CNY
Andrea,Griffin,agriffinoz@qq.com,Pakistan,Female,Utmānzai,Yodoo,85750.93,PKR
Jessica,Henry,jhenryp0@squidoo.com,Russia,Female,Urshel’skiy,Midel,77620.73,RUB
Virginia,Cunningham,vcunninghamp1@ucoz.ru,Denmark,Female,København,Blogtags,97054.61,DKK
Thomas,Morrison,tmorrisonp2@bloglines.com,Indonesia,Male,Penggakrajeng,Divanoodle,38.17,IDR
Joan,Gonzales,jgonzalesp3@networkadvertising.org,Mauritius,Female,Mahébourg,Meevee,4424.28,MUR
Donna,Reynolds,dreynoldsp4@tmall.com,Russia,Female,Peremyshl’,Tagchat,21162.33,RUB
Martin,Hamilton,mhamiltonp5@wunderground.com,Sweden,Male,Linköping,Zoomdog,25047.29,SEK
Russell,Lewis,rlewisp6@joomla.org,Indonesia,Male,Gatak,Skivee,33279.58,IDR
Philip,Hawkins,phawkinsp7@dmoz.org,China,Male,Wenfu,Mynte,82117.78,CNY
Douglas,Mccoy,dmccoyp8@yale.edu,Sweden,Male,Värnamo,Devify,30744.16,SEK
Mildred,Lane,mlanep9@yale.edu,Indonesia,Female,Rabig,Ozu,56674.15,IDR
Johnny,King,jkingpa@jigsy.com,Sudan,Male,Al Lagowa,Pixoboo,88156.94,SDG
Joan,Armstrong,jarmstrongpb@discovery.com,Russia,Female,Sokolovyy,Blogspan,31792.30,RUB
Wanda,Turner,wturnerpc@youku.com,Russia,Female,Chirkey,Tazzy,44491.02,RUB
Edward,Williams,ewilliamspd@wisc.edu,United States,Male,Fort Wayne,Meeveo,70517.72,USD
Billy,Ray,braype@hexun.com,Russia,Male,Sovetskiy,Buzzdog,29127.87,RUB
Anne,Fernandez,afernandezpf@umn.edu,Brazil,Female,Rio Novo do Sul,Dazzlesphere,15416.77,BRL
Julie,Rice,jricepg@wikispaces.com,Yemen,Female,Al Munīrah,Voolith,72886.65,YER
Johnny,Jacobs,jjacobsph@businesswire.com,Kyrgyzstan,Male,Pokrovka,Mycat,43549.61,KGS
Rachel,Ray,rraypi@hugedomains.com,Colombia,Female,Florencia,Tazz,42787.71,COP
Keith,Ward,kwardpj@mozilla.org,Bulgaria,Male,Pŭrvomaytsi,Mynte,16392.67,BGN
Martha,Washington,mwashingtonpk@narod.ru,China,Female,Dazi,Tagchat,19415.64,CNY
Pamela,Carr,pcarrpl@artisteer.com,Russia,Female,Nytva,Trilith,49911.50,RUB
Stephanie,Wallace,swallacepm@cpanel.net,Comoros,Female,Harembo,Vimbo,43636.29,KMF
Steve,Dean,sdeanpn@sphinn.com,Kenya,Male,Kericho,Quamba,55827.58,KES
Alice,Hicks,ahickspo@creativecommons.org,China,Female,Xiongjia,Oyoloo,77897.76,CNY
Alan,Cruz,acruzpp@scientificamerican.com,Indonesia,Male,Kawalimukti,Rhyzio,70458.37,IDR
Evelyn,Austin,eaustinpq@1688.com,Brazil,Female,Simão Dias,Yotz,5048.83,BRL
Carolyn,Sims,csimspr@illinois.edu,Portugal,Female,Vila Nova de Santo André,Linkbridge,91359.81,EUR
Anthony,Welch,awelchps@businessinsider.com,Malaysia,Male,Putrajaya,Mydeo,,MYR
Lori,Wells,lwellspt@loc.gov,Brazil,Female,Lages,Cogilith,71666.97,BRL
Robert,Coleman,rcolemanpu@goo.gl,Poland,Male,Jadowniki,Skaboo,,PLN
Paul,Stanley,pstanleypv@icio.us,Afghanistan,Male,Dū Qal‘ah,Avamm,36173.92,AFN
Gerald,Weaver,gweaverpw@gnu.org,Sweden,Male,Stockholm,Twimm,34803.48,SEK
Andrew,Hill,ahillpx@sina.com.cn,France,Male,Vaulx-en-Velin,Kaymbo,,EUR
Phillip,Kim,pkimpy@cam.ac.uk,China,Male,Taiba,Zoonoodle,53389.36,CNY
Bruce,Brooks,bbrookspz@army.mil,Sierra Leone,Male,Potoru,Dynazzy,17131.56,SLL
Frances,Tucker,ftuckerq0@nytimes.com,Portugal,Female,Odivelas,Abata,,EUR
Jean,Hernandez,jhernandezq1@howstuffworks.com,France,Female,Strasbourg,Digitube,3063.16,EUR
Steven,White,swhiteq2@imgur.com,Israel,Male,Bu‘eina,Rhycero,,ILS
Lois,Burton,lburtonq3@51.la,China,Female,Longshe,Twitterbeat,32976.56,CNY
Andrew,Robinson,arobinsonq4@vk.com,Russia,Male,Rossosh’,Twimbo,11727.16,RUB
Kimberly,Butler,kbutlerq5@skyrock.com,Japan,Female,Kanazawa-shi,Vinte,74813.81,JPY
Betty,Medina,bmedinaq6@ycombinator.com,Philippines,Female,Daykitin,Eayo,39835.27,PHP
Janet,Little,jlittleq7@naver.com,China,Female,Xincheng,Topiczoom,25868.59,CNY
Frank,Dixon,fdixonq8@mac.com,Syria,Male,Akhtarīn,Oba,72727.33,SYP
Juan,Daniels,jdanielsq9@shinystat.com,Czech Republic,Male,Rtyně v Podkrkonoší,Miboo,30932.30,CZK
Kenneth,Collins,kcollinsqa@php.net,Bulgaria,Male,Lyaskovets,Zoomcast,70934.60,BGN
Laura,Alvarez,lalvarezqb@csmonitor.com,United States,Female,Sacramento,Tagchat,37429.29,USD
Joseph,Garcia,jgarciaqc@about.me,Philippines,Male,Malawa,Brainverse,20987.17,PHP
Howard,Banks,hbanksqd@cnet.com,Colombia,Male,Curití,Aimbo,601.70,COP
Elizabeth,Mccoy,emccoyqe@imageshack.us,Philippines,Female,Cortes,Mudo,38359.21,PHP
Marie,Gardner,mgardnerqf@homestead.com,Honduras,Female,La Guacamaya,Oyoba,66315.69,HNL
Ashley,Lawrence,alawrenceqg@sogou.com,Nigeria,Female,Dikwa,Thoughtstorm,27396.59,NGN
Shawn,Harper,sharperqh@ihg.com,Portugal,Male,Porto Formoso,Photobean,41144.14,EUR
Jose,Holmes,jholmesqi@dion.ne.jp,Philippines,Male,Calamba,Aimbu,39703.22,PHP
Sean,Fisher,sfisherqj@berkeley.edu,Indonesia,Male,Babirik,Myworks,,IDR
Linda,Spencer,lspencerqk@harvard.edu,Indonesia,Female,Tunasbaru,Jabbercube,75272.45,IDR
Keith,Green,kgreenql@thetimes.co.uk,Liberia,Male,Voinjama,Leexo,19943.64,LRD
Diana,Gordon,dgordonqm@usda.gov,China,Female,Zhaocun,Wikido,81662.22,CNY
Alan,Jacobs,ajacobsqn@scientificamerican.com,Indonesia,Male,Nanganumba,Flashdog,93298.26,IDR
Craig,Woods,cwoodsqo@slashdot.org,China,Male,Jinzhou,Skippad,44903.81,CNY
Henry,Schmidt,hschmidtqp@mayoclinic.com,Pakistan,Male,Bhimbar,Youspan,16882.07,PKR
Kathy,Ruiz,kruizqq@etsy.com,Yemen,Female,Al Ḩusayn,Reallinks,55445.45,YER
Jacqueline,Ford,jfordqr@sciencedaily.com,Mexico,Female,La Laguna,Fiveclub,63791.44,MXN
Robin,Young,ryoungqs@google.nl,Philippines,Female,Buliran,Fatz,91146.86,PHP
Virginia,Larson,vlarsonqt@unblog.fr,Indonesia,Female,Samanggen,Youspan,48272.64,IDR
Jesse,Bell,jbellqu@unc.edu,Poland,Male,Rogowo,Camido,,PLN
Rachel,Stewart,rstewartqv@disqus.com,Greece,Female,Neos Voutzás,Feednation,63345.52,EUR
Frances,Edwards,fedwardsqw@oracle.com,Portugal,Female,Flor da Rosa,Tambee,20130.36,EUR
Mildred,Nelson,mnelsonqx@so-net.ne.jp,Canada,Female,Metchosin,Avavee,51493.19,CAD
Brenda,Burton,bburtonqy@tripod.com,Portugal,Female,Rana,Jabbercube,39270.29,EUR
David,Bailey,dbaileyqz@shareasale.com,Russia,Male,Fryanovo,Quinu,65565.03,RUB
Jimmy,Davis,jdavisr0@imdb.com,Sweden,Male,Örebro,Browsedrive,,SEK
Kelly,Kennedy,kkennedyr1@wordpress.org,Indonesia,Female,Weetobula,Meetz,83705.20,IDR
Kathryn,Robinson,krobinsonr2@businessinsider.com,Russia,Female,Yur’yevets,Pixope,3367.39,RUB
Fred,Duncan,fduncanr3@epa.gov,Indonesia,Male,Sumberan,Yacero,46123.64,IDR
Diane,Mccoy,dmccoyr4@ebay.co.uk,China,Female,Hongzhou,Ailane,99450.35,CNY
Terry,Castillo,tcastillor5@edublogs.org,France,Male,Pau,Kaymbo,97243.38,EUR
Joyce,Lopez,jlopezr6@youtube.com,Russia,Female,Lyalichi,Skipstorm,72893.83,RUB
Jane,Howard,jhowardr7@issuu.com,France,Female,Saint-Jean-de-Luz,Agivu,27627.35,EUR
Johnny,Fox,jfoxr8@printfriendly.com,Russia,Male,Borogontsy,Youbridge,34807.45,RUB
Sandra,Gutierrez,sgutierrezr9@ehow.com,Czech Republic,Female,Ořechov,Photolist,33676.94,CZK
Carlos,Romero,cromerora@amazon.com,Philippines,Male,San Lucas,Plambee,15820.36,PHP
Howard,Palmer,hpalmerrb@rakuten.co.jp,Indonesia,Male,Rancasadang,Zoomzone,57556.85,IDR
Sharon,Simpson,ssimpsonrc@gnu.org,France,Female,Paris 08,Photobug,63683.21,EUR
Gregory,Reed,greedrd@fastcompany.com,Portugal,Male,Vale da Bajouca,Tagopia,,EUR
Annie,Lewis,alewisre@xrea.com,Ethiopia,Female,Hāgere Selam,Fatz,7359.23,ETB
Tammy,Ford,tfordrf@abc.net.au,Croatia,Female,Ludbreg,Blogpad,25518.37,HRK
Rose,Hudson,rhudsonrg@yellowbook.com,Nicaragua,Female,La Paz Centro,Lajo,85173.72,NIO
Jonathan,Marshall,jmarshallrh@desdev.cn,Indonesia,Male,Ngancar,Janyx,51620.43,IDR
Henry,Gonzales,hgonzalesri@angelfire.com,Colombia,Male,El Cocuy,Roodel,57136.87,COP
Lawrence,Anderson,landersonrj@is.gd,Indonesia,Male,Semuda,Meemm,81112.01,IDR
Laura,Watkins,lwatkinsrk@state.tx.us,Croatia,Female,Drnje,BlogXS,61088.86,HRK
Donna,Brown,dbrownrl@imdb.com,Indonesia,Female,Rawaapu,Tagchat,,IDR
Jonathan,Perez,jperezrm@bloglovin.com,Portugal,Male,Gaula,Yombu,43083.41,EUR
Chris,Allen,callenrn@sogou.com,Vietnam,Male,Đồi Ngô,Omba,57887.64,VND
Lori,Knight,lknightro@unicef.org,Czech Republic,Female,Kořenov,Realfire,,CZK
Melissa,Alvarez,malvarezrp@t.co,China,Female,Yichun,Skimia,75666.11,CNY
Sarah,Wallace,swallacerq@vinaora.com,Cameroon,Female,Dizangué,Flipbug,,XAF
Jimmy,Ramirez,jramirezrr@huffingtonpost.com,China,Male,Banghai,Twitterworks,,CNY
