Gloria,Sims,gsims0@facebook.com,Indonesia,Female,Cikananga,Skibox,,IDR
Nicholas,Ferguson,nferguson1@springer.com,Belarus,Male,Vidzy,Realbridge,86414.16,BYR
John,Frazier,jfrazier2@huffingtonpost.com,Portugal,Male,Além,Yotz,40193.25,EUR
Douglas,Ross,dross3@hp.com,United Kingdom,Male,Norton,Photobug,5131.80,GBP
Susan,Brown,sbrown4@amazon.co.jp,Malaysia,Female,Pekan,Flipbug,8352.65,MYR
Gregory,Watkins,gwatkins5@cbc.ca,Sweden,Male,Bandhagen,Zooxo,,SEK
Theresa,Perkins,tperkins6@com.com,Brazil,Female,Passa Quatro,Topicstorm,50701.45,BRL
Harold,Davis,hdavis7@apple.com,Argentina,Male,Helvecia,Trunyx,21983.59,ARS
Billy,Cunningham,bcunningham8@utexas.edu,United States,Male,San Antonio,Jamia,89365.95,USD
Henry,Hall,hhall9@bloomberg.com,Albania,Male,Fier-Çifçi,Thoughtstorm,3531.13,ALL
Frances,Lopez,flopeza@mysql.com,Thailand,Female,Bang Sai,Quimm,40583.08,THB
Douglas,Garrett,dgarrettb@free.fr,China,Male,Xiangshan,Yakidoo,31328.00,CNY
Susan,Fields,sfieldsc@example.com,Pakistan,Female,Sann,Fliptune,89214.05,PKR
Theresa,Montgomery,tmontgomeryd@usa.gov,Azerbaijan,Female,Qaraçuxur,Trilith,28227.40,AZN
Mary,Brown,mbrowne@japanpost.jp,Mongolia,Female,Delgermörön,Meejo,93502.18,MNT
Deborah,Cox,dcoxf@stanford.edu,Argentina,Female,Bella Vista,Skyndu,95200.14,ARS
Sandra,Johnston,sjohnstong@statcounter.com,Dominican Republic,Female,Neiba,Kanoodle,31883.60,DOP
Ann,Sullivan,asullivanh@who.int,France,Female,Paris 14,Browsetype,35946.36,EUR
Joan,Ruiz,jruizi@bizjournals.com,Guinea,Female,Youkounkoun,Miboo,35900.06,GNF
Barbara,Sanders,bsandersj@yahoo.com,China,Female,Shiqiao,Janyx,19971.01,CNY
Amanda,Meyer,ameyerk@wix.com,Philippines,Female,Batarasa,Edgeblab,98562.93,PHP
Doris,Hansen,dhansenl@buzzfeed.com,Vietnam,Female,Huế,Midel,74318.00,VND
Russell,Fuller,rfullerm@google.ca,Canada,Male,Saint-Lambert-de-Lauzon,Blognation,19410.46,CAD
Paul,Brown,pbrownn@usnews.com,Canada,Male,Jasper Park Lodge,Browsetype,62288.81,CAD
Tammy,Tucker,ttuckero@ocn.ne.jp,Palestinian Territory,Female,Qaffīn,Yadel,2832.42,ILS
Gloria,Scott,gscottp@samsung.com,Indonesia,Female,Sendangkemulian,Mydo,4335.75,IDR
Antonio,Hayes,ahayesq@skyrock.com,Japan,Male,Kasukabe,Livepath,63054.76,JPY
Juan,Montgomery,jmontgomeryr@taobao.com,Indonesia,Male,Sukaharja,Zoomdog,,IDR
Ashley,Spencer,aspencers@hexun.com,France,Female,Fresnes,Podcat,83385.47,EUR
Kevin,Brooks,kbrookst@loc.gov,Indonesia,Male,Karangkedawung,DabZ,22029.04,IDR
Rose,Richardson,rrichardsonu@army.mil,Malawi,Female,Dedza,Gigaclub,28628.67,MWK
Jane,Brown,jbrownv@xinhuanet.com,Botswana,Female,Metsemotlhaba,Oyope,65339.32,BWP
Gregory,George,ggeorgew@google.com,Peru,Male,Végueta,LiveZ,57073.80,PEN
Rose,Martinez,rmartinezx@sogou.com,Egypt,Female,Al Fashn,Brainlounge,45981.21,EGP
Louis,Willis,lwillisy@sphinn.com,China,Male,Longhe,Realbuzz,,CNY
Bruce,Alexander,balexanderz@biblegateway.com,Brazil,Male,Betim,Quimba,21548.75,BRL
Annie,Stone,astone10@smugmug.com,Italy,Female,Roma,Edgeify,31593.23,EUR
Ruth,Myers,rmyers11@hugedomains.com,Brazil,Female,Ibitinga,Twinte,16131.09,BRL
Edward,Rivera,erivera12@over-blog.com,Kenya,Male,Malindi,Divape,,KES
Lisa,Gomez,lgomez13@google.pl,Portugal,Female,Corredoura,Riffwire,96383.88,EUR
Brandon,West,bwest14@taobao.com,Colombia,Male,Balboa,Trunyx,57801.14,COP
Jesse,Wright,jwright15@pcworld.com,Egypt,Male,‘Izbat al Burj,Gigashots,,EGP
Adam,Nichols,anichols16@fema.gov,France,Male,Domont,Centidel,5367.71,EUR
Richard,Hicks,rhicks17@amazon.co.jp,Indonesia,Male,Kukulu,Buzzster,5330.38,IDR
Victor,Lane,vlane18@netlog.com,Russia,Male,Lyskovo,Quatz,38257.52,RUB
Joshua,Chavez,jchavez19@trellian.com,Cayman Islands,Male,North Side,Zava,92613.54,KYD
Jerry,Gordon,jgordon1a@jigsy.com,Sweden,Male,Staffanstorp,Dynava,86750.72,SEK
Janice,Clark,jclark1b@zimbio.com,Argentina,Female,Villa Ángela,Devpoint,94664.61,ARS
Douglas,Rivera,drivera1c@mozilla.org,Norway,Male,Kristiansund N,Edgeify,63994.60,NOK
Phyllis,Kelley,pkelley1d@examiner.com,Sweden,Female,Västerås,Zoomdog,60471.25,SEK
Doris,Mendoza,dmendoza1e@baidu.com,Philippines,Female,Pandasan,Leexo,18685.63,PHP
Gerald,Austin,gaustin1f@gravatar.com,Sweden,Male,Gävle,Meetz,58170.99,SEK
Jack,Owens,jowens1g@spotify.com,Guatemala,Male,San Andrés Xecul,Quatz,67162.02,GTQ
Aaron,Garcia,agarcia1h@wufoo.com,Poland,Male,Białośliwie,Kaymbo,73588.95,PLN
Andrew,Jordan,ajordan1i@ifeng.com,Russia,Male,Syktyvkar,Oyope,1784.05,RUB
Katherine,Mitchell,kmitchell1j@icio.us,China,Female,Pingpo,Gevee,79057.35,CNY
Sandra,Willis,swillis1k@reference.com,Portugal,Female,Aranhas,Mydo,38600.63,EUR
Christina,Stanley,cstanley1l@amazon.de,France,Female,Saint-Laurent-Blangy,Zoombeat,79538.90,EUR
Jeremy,Austin,jaustin1m@ted.com,Argentina,Male,Goya,Cogilith,28392.48,ARS
Joseph,Carpenter,jcarpenter1n@tinyurl.com,Brazil,Male,Guaporé,Fanoodle,97615.58,BRL
Susan,Walker,swalker1o@usgs.gov,Brazil,Female,São João Nepomuceno,Youspan,82144.25,BRL
Terry,Harvey,tharvey1p@about.me,Thailand,Male,Rattanawapi,Cogilith,59822.20,THB
Louise,Robinson,lrobinson1q@soup.io,Mexico,Female,Santa Maria,Aivee,19603.70,MXN
Michelle,Simmons,msimmons1r@photobucket.com,Philippines,Female,Mailag,Jatri,1164.95,PHP
David,Knight,dknight1s@ted.com,Gambia,Male,Wassu,Tazz,92122.04,GMD
Cheryl,Alvarez,calvarez1t@jiathis.com,China,Female,Sangke,Innojam,41758.93,CNY
Robert,Brooks,rbrooks1u@tmall.com,China,Male,Huaqiao,Devbug,6866.90,CNY
Earl,Bradley,ebradley1v@mapquest.com,Poland,Male,Jaworzynka,Gigaclub,48164.97,PLN
Paul,Hernandez,phernandez1w@flickr.com,Tunisia,Male,Tajerouine,Twinder,34651.62,TND
Walter,Lawrence,wlawrence1x@pinterest.com,Thailand,Male,Bang Krathum,Oba,,THB
Ruby,Schmidt,rschmidt1y@toplist.cz,Indonesia,Female,Luthu,Wikizz,44633.73,IDR
Janice,West,jwest1z@furl.net,Sweden,Female,Stockholm,Jaloo,74477.27,SEK
Aaron,Sanders,asanders20@google.com.br,China,Male,Xike,Zooveo,,CNY
Benjamin,Rivera,brivera21@businessinsider.com,Brazil,Male,Caculé,Gabspot,35664.19,BRL
Peter,Long,plong22@deviantart.com,Norway,Male,Kristiansund N,Quatz,68738.35,NOK
Jane,Reid,jreid23@example.com,Mongolia,Female,Tsagaan-Owoo,Quatz,15001.35,MNT
Nancy,Peters,npeters24@1und1.de,France,Female,Le Mans,Skimia,23855.21,EUR
Joe,Burke,jburke25@archive.org,China,Male,Jinshiqiao,Thoughtbridge,81966.79,CNY
Angela,Bell,abell26@europa.eu,Ecuador,Female,Balzar,Roombo,55455.39,USD
John,Duncan,jduncan27@eepurl.com,China,Male,Wangjiaping,Wikibox,844.38,CNY
Billy,Mcdonald,bmcdonald28@earthlink.net,Honduras,Male,Goascorán,Snaptags,90943.55,HNL
Margaret,Hall,mhall29@miitbeian.gov.cn,United States,Female,Scranton,Jabberbean,23665.82,USD
Douglas,Hawkins,dhawkins2a@senate.gov,United States,Male,Denver,Camimbo,21947.40,USD
Joshua,Lawrence,jlawrence2b@technorati.com,China,Male,Guanshui,Eayo,,CNY
Patricia,Kennedy,pkennedy2c@wordpress.com,Colombia,Female,Pasto,Meetz,10929.51,COP
Rachel,Stanley,rstanley2d@hc360.com,Indonesia,Female,Kadubetara,Oba,,IDR
Virginia,Stone,vstone2e@360.cn,China,Female,Bayan Hure,Feedfire,45324.52,CNY
Ernest,Moreno,emoreno2f@lycos.com,Colombia,Male,Rovira,Quire,39926.05,COP
Samuel,Reyes,sreyes2g@cpanel.net,Russia,Male,Severomorsk,Meemm,60839.85,RUB
Karen,Gibson,kgibson2h@pbs.org,Russia,Female,Rogachëvo,Shuffledrive,81704.26,RUB
Katherine,Lane,klane2i@merriam-webster.com,Burkina Faso,Female,Kongoussi,Omba,59866.81,XOF
Kenneth,Mitchell,kmitchell2j@xrea.com,China,Male,Liqi,Buzzster,,CNY
Jane,Gonzalez,jgonzalez2k@economist.com,Ukraine,Female,Zarichchya,Realcube,91270.03,UAH
Melissa,Watkins,mwatkins2l@gizmodo.com,Indonesia,Female,Sukarara Utara,Kimia,,IDR
Jerry,Ross,jross2m@prweb.com,China,Male,Yongtai,Dabjam,17563.83,CNY
Tina,Hansen,thansen2n@hp.com,United States,Female,Santa Barbara,Quamba,50923.57,USD
Kimberly,Williamson,kwilliamson2o@google.co.jp,Peru,Female,Casma,Cogilith,59037.04,PEN
Scott,Richards,srichards2p@google.ru,China,Male,Zhouzai,Mita,83631.53,CNY
Joan,Castillo,jcastillo2q@multiply.com,Indonesia,Female,Rancamaya,Feednation,21960.10,IDR
Gregory,Willis,gwillis2r@creativecommons.org,Yemen,Male,Sūq al Khamīs,Buzzdog,34804.66,YER
Linda,Ruiz,lruiz2s@npr.org,Indonesia,Female,Pundong,Rhybox,,IDR
Russell,Matthews,rmatthews2t@amazonaws.com,Indonesia,Male,Mbongawani,Yamia,49223.65,IDR
Mark,Peters,mpeters2u@ox.ac.uk,Sweden,Male,Skanör,Skivee,6932.87,SEK
Marilyn,Porter,mporter2v@gmpg.org,Peru,Female,Soras,Browsebug,94859.73,PEN
Katherine,Reed,kreed2w@buzzfeed.com,Philippines,Female,Solana,Brainlounge,54106.01,PHP
Dennis,Mcdonald,dmcdonald2x@ed.gov,Japan,Male,Saku,Edgeblab,46058.75,JPY
Kathryn,Berry,kberry2y@vk.com,Poland,Female,Otwock,Gigazoom,14012.10,PLN
Shirley,Williams,swilliams2z@networksolutions.com,Philippines,Female,Tubigan,Babblestorm,,PHP
Louise,Clark,lclark30@zimbio.com,China,Female,Dianya,Oozz,53253.76,CNY
Louis,Lopez,llopez31@webnode.com,Czech Republic,Male,Višňové,Voomm,27757.19,CZK
Jean,Fuller,jfuller32@people.com.cn,Malaysia,Female,Klang,Jabbertype,57653.24,MYR
Dorothy,Hanson,dhanson33@odnoklassniki.ru,Germany,Female,Lübeck,Skibox,,EUR
Rachel,Mcdonald,rmcdonald34@google.ca,Russia,Female,Borgustanskaya,Fivebridge,52989.79,RUB
Brandon,Daniels,bdaniels35@google.com.au,Philippines,Male,Zamboanga,Avamm,16759.08,PHP
Joyce,Reyes,jreyes36@unblog.fr,Indonesia,Female,Sukamahi Satu,Ntags,,IDR
Andrew,Russell,arussell37@a8.net,Ethiopia,Male,Bako,Jetpulse,72801.44,ETB
Lawrence,Bailey,lbailey38@xrea.com,Denmark,Male,København,Meevee,40348.18,DKK
Shirley,Bradley,sbradley39@sogou.com,Croatia,Female,Bošnjaci,Tagtune,,HRK
Kevin,Morrison,kmorrison3a@ycombinator.com,China,Male,Changchun,Youspan,9201.89,CNY
Theresa,Mills,tmills3b@china.com.cn,Armenia,Female,Kamaris,Feedfish,48672.80,AMD
Sandra,Wood,swood3c@istockphoto.com,Chad,Female,Bardaï,Meevee,38927.13,XAF
Anthony,Smith,asmith3d@google.com.br,Indonesia,Male,Sukadana,Plambee,8709.15,IDR
Steve,Wallace,swallace3e@amazon.com,Guatemala,Male,San Luis,Voonix,9461.27,GTQ
Craig,Payne,cpayne3f@apache.org,Sweden,Male,Oskarshamn,Photobug,28950.61,SEK
Judith,Welch,jwelch3g@elegantthemes.com,Brazil,Female,Pará de Minas,Flashspan,91602.54,BRL
Christina,Fields,cfields3h@example.com,Honduras,Female,Vallecillo,Podcat,1371.48,HNL
Deborah,Lawson,dlawson3i@1688.com,South Africa,Female,Richards Bay,Tagfeed,43698.09,ZAR
Scott,Berry,sberry3j@issuu.com,United States,Male,Los Angeles,Yambee,44130.47,USD
Linda,Baker,lbaker3k@google.it,Mexico,Female,Cuauhtemoc,Demizz,55908.40,MXN
Daniel,Gutierrez,dgutierrez3l@time.com,China,Male,Lin’an,Voomm,29520.32,CNY
Emily,Vasquez,evasquez3m@csmonitor.com,Malaysia,Female,Kota Kinabalu,Voonte,47678.84,MYR
Ann,Weaver,aweaver3n@netvibes.com,Poland,Female,Bielawy,Livepath,77977.67,PLN
Evelyn,Nguyen,enguyen3o@howstuffworks.com,Philippines,Female,Dingle,Mudo,18048.15,PHP
Martin,Chapman,mchapman3p@wunderground.com,China,Male,Qingguang,Livetube,33171.90,CNY
Ryan,Graham,rgraham3q@prlog.org,Colombia,Male,Pupiales,Zoonder,1089.58,COP
Justin,Andrews,jandrews3r@ted.com,Moldova,Male,Basarabeasca,Edgewire,68287.48,MDL
Jonathan,Wagner,jwagner3s@google.com.br,Yemen,Male,Mukayrās,Yodel,85646.84,YER
Sandra,Allen,sallen3t@statcounter.com,Sweden,Female,Köpingsvik,Cogidoo,10664.31,SEK
Susan,Rodriguez,srodriguez3u@bing.com,China,Female,Chenxiang,Feedfire,75771.26,CNY
Steven,Rose,srose3v@hc360.com,Thailand,Male,Bang Bon,Jazzy,29159.12,THB
Charles,Ferguson,cferguson3w@mozilla.com,Australia,Male,Sydney,Photobug,99499.53,AUD
Howard,Gilbert,hgilbert3x@360.cn,Ecuador,Male,Machala,Innotype,59327.72,USD
Juan,Johnson,jjohnson3y@alibaba.com,Philippines,Male,Sibulan,Kwideo,79535.83,PHP
Stephen,Henderson,shenderson3z@guardian.co.uk,China,Male,Huanggang,Youspan,5133.95,CNY
Frances,Ryan,fryan40@bloglovin.com,Ivory Coast,Female,Arrah,Babbleopia,36612.65,XOF
Steve,Murray,smurray41@istockphoto.com,China,Male,Chabu,Pixonyx,,CNY
Timothy,Hughes,thughes42@bbb.org,France,Male,Châlons-en-Champagne,Aimbu,96693.73,EUR
Anthony,Hudson,ahudson43@ucsd.edu,France,Male,Arras,Tagcat,78352.44,EUR
John,Little,jlittle44@etsy.com,Czech Republic,Male,Dvůr Králové nad Labem,Youbridge,5228.17,CZK
Patrick,Gonzales,pgonzales45@cdc.gov,Zimbabwe,Male,Shurugwi,Muxo,74265.68,ZWL
Norma,Gomez,ngomez46@biglobe.ne.jp,Haiti,Female,Thomassique,Viva,52209.66,HTG
Jimmy,Kim,jkim47@fc2.com,Czech Republic,Male,Doloplazy,Shuffletag,60390.84,CZK
Virginia,Reynolds,vreynolds48@springer.com,China,Female,Liuche,Bluezoom,92430.36,CNY
Rose,Andrews,randrews49@nhs.uk,China,Female,Juyuan,Vimbo,84632.01,CNY
Eric,Spencer,espencer4a@telegraph.co.uk,France,Male,Avignon,Dynabox,26587.69,EUR
Lillian,Griffin,lgriffin4b@blinklist.com,China,Female,Lianglin,Katz,41993.94,CNY
Phyllis,Johnson,pjohnson4c@va.gov,Poland,Female,Raczki,Topicblab,73288.26,PLN
Virginia,Medina,vmedina4d@tiny.cc,Russia,Female,Taganrog,Divavu,,RUB
Jeffrey,Warren,jwarren4e@homestead.com,Thailand,Male,Chum Phuang,Skalith,41599.98,THB
Alan,Warren,awarren4f@plala.or.jp,Czech Republic,Male,Kraslice,Gabcube,45448.06,CZK
Bruce,Wright,bwright4g@redcross.org,Russia,Male,Koksovyy,Yodo,34133.46,RUB
Joseph,Torres,jtorres4h@a8.net,Mauritania,Male,Rosso,Linkbuzz,,MRO
Eugene,Dean,edean4i@sphinn.com,Philippines,Male,Panikihan,Dynabox,14478.73,PHP
Chris,Martin,cmartin4j@mtv.com,Indonesia,Male,Bhokadoke,Wordpedia,22890.55,IDR
Christina,Ramirez,cramirez4k@mac.com,Philippines,Female,Burgos,Meedoo,53662.06,PHP
Alan,Gordon,agordon4l@vkontakte.ru,Finland,Male,Kiiminki,Innotype,40814.06,EUR
Robert,Bryant,rbryant4m@senate.gov,China,Male,Lezhu,Fanoodle,77179.30,CNY
Daniel,Harris,dharris4n@quantcast.com,Indonesia,Male,Umbuldamar,Fanoodle,88796.44,IDR
Michael,Morgan,mmorgan4o@sfgate.com,Burkina Faso,Male,Dédougou,Trilith,28833.50,XOF
Joan,Fox,jfox4p@cmu.edu,China,Female,Shiquanhe,Twitterbridge,20435.16,CNY
Tina,Brooks,tbrooks4q@blogtalkradio.com,Honduras,Female,El Triunfo de la Cruz,Avaveo,89675.14,HNL
Sean,Williamson,swilliamson4r@marketwatch.com,China,Male,Dong’an,Fatz,3941.78,CNY
John,Nelson,jnelson4s@nifty.com,Finland,Male,Kuhmoinen,Gabtune,57979.06,EUR
David,Day,dday4t@ftc.gov,China,Male,Gonghe,Bubbletube,75752.45,CNY
Martin,Hanson,mhanson4u@webs.com,Ukraine,Male,Voloka,Omba,31878.39,UAH
Nancy,Evans,nevans4v@aol.com,China,Female,Fanhu,Mydo,73676.35,CNY
Paula,Ryan,pryan4w@wired.com,China,Female,Caikouji,Kayveo,55490.32,CNY
Keith,Wheeler,kwheeler4x@issuu.com,Albania,Male,Grekan,Bluezoom,46351.44,ALL
Carl,Ward,cward4y@fc2.com,China,Male,Shengli,Vidoo,38820.26,CNY
Jane,Hicks,jhicks4z@microsoft.com,Honduras,Female,San Antonio,Janyx,7927.50,HNL
Ralph,Schmidt,rschmidt50@xinhuanet.com,Canada,Male,Lac-Brome,Yambee,20414.18,CAD
Joshua,Black,jblack51@tripod.com,Thailand,Male,Kut Chap,Fadeo,93412.39,THB
Betty,Jones,bjones52@blinklist.com,Philippines,Female,Solana,Oozz,51779.45,PHP
Craig,Cox,ccox53@ca.gov,Indonesia,Male,Kowang Utara,Divanoodle,96800.32,IDR
Ronald,Bryant,rbryant54@thetimes.co.uk,China,Male,Gangbei,Yamia,69347.62,CNY
Teresa,Gilbert,tgilbert55@slate.com,Indonesia,Female,Seoam,Photobug,81154.72,IDR
Linda,Ford,lford56@umn.edu,Indonesia,Female,Benger,Mybuzz,23108.61,IDR
Amy,Powell,apowell57@paginegialle.it,China,Female,Yeyik,Gigabox,91779.26,CNY
Roger,Riley,rriley58@soundcloud.com,China,Male,Kangding,LiveZ,98554.58,CNY
Joe,Torres,jtorres59@myspace.com,China,Male,Nanhu,Photolist,68267.23,CNY
Sharon,Robinson,srobinson5a@joomla.org,China,Female,Zheyuan,Demivee,,CNY
Joyce,Powell,jpowell5b@trellian.com,Japan,Female,Kainan,Jaloo,52738.40,JPY
Amy,Hansen,ahansen5c@arstechnica.com,Thailand,Female,Bueng Khong Long,Nlounge,62468.39,THB
Frank,Fernandez,ffernandez5d@irs.gov,Philippines,Male,Balete,Aibox,17825.08,PHP
Nicholas,Tucker,ntucker5e@vkontakte.ru,Indonesia,Male,Tajan,Tagcat,74962.51,IDR
Jeremy,Hughes,jhughes5f@google.fr,Serbia,Male,Zvezdara,Bluezoom,41814.89,RSD
Stephen,Green,sgreen5g@jalbum.net,Philippines,Male,Sagrada Familia,Jamia,48510.88,PHP
Ruby,Henry,rhenry5h@sphinn.com,Palestinian Territory,Female,Şānūr,Realcube,73516.09,ILS
Judith,Collins,jcollins5i@diigo.com,China,Female,Zhaxirabdain,Meemm,43643.31,CNY
Carolyn,Dean,cdean5j@microsoft.com,Russia,Female,Martyush,Camimbo,44619.78,RUB
Arthur,Willis,awillis5k@vimeo.com,France,Male,Fleury-les-Aubrais,Meejo,,EUR
Sharon,Ross,sross5l@nature.com,China,Female,Jilong,Ozu,38694.88,CNY
Douglas,Young,dyoung5m@cornell.edu,Philippines,Male,Bagroy,Youtags,87321.05,PHP
Barbara,Hamilton,bhamilton5n@indiegogo.com,Nepal,Female,Lahān,Abata,85679.46,NPR
Stephen,Chavez,schavez5o@example.com,Philippines,Male,Bauan,Dynazzy,11539.41,PHP
Mark,Hill,mhill5p@scribd.com,Indonesia,Male,Sumberagung,Fiveclub,6211.38,IDR
Albert,Burton,aburton5q@vistaprint.com,France,Male,Courbevoie,Topicshots,83617.41,EUR
Barbara,Perkins,bperkins5r@latimes.com,Indonesia,Female,Manggu,Trilith,29975.11,IDR
Fred,Marshall,fmarshall5s@edublogs.org,Colombia,Male,Sabaneta,Quinu,70085.13,COP
Anthony,Henderson,ahenderson5t@hatena.ne.jp,Portugal,Male,Vidago,Skipfire,13104.41,EUR
George,Chavez,gchavez5u@upenn.edu,Ethiopia,Male,Turmi,Edgepulse,90066.39,ETB
Stephanie,Torres,storres5v@imdb.com,Finland,Female,Joroinen,Wikibox,60031.98,EUR
Ashley,Knight,aknight5w@live.com,Ukraine,Female,Kozhanka,Skipstorm,70165.77,UAH
Russell,Spencer,rspencer5x@salon.com,Papua New Guinea,Male,Panguna,Yabox,58152.14,PGK
Janet,Gordon,jgordon5y@delicious.com,China,Female,Jiaokou,Kamba,15949.31,CNY
George,Knight,gknight5z@github.com,Indonesia,Male,Bakau,Edgewire,,IDR
Jesse,Hunt,jhunt60@unicef.org,Spain,Male,"Palmas De Gran Canaria, Las",Browsebug,52966.35,EUR
Willie,Chapman,wchapman61@mtv.com,China,Male,Jiangti,Aivee,8095.72,CNY
Kathy,Woods,kwoods62@mashable.com,Ukraine,Female,Komsomolsk,Edgeclub,16671.44,UAH
Margaret,Daniels,mdaniels63@sourceforge.net,Lithuania,Female,Mazeikiai,Skipstorm,59514.13,LTL
Justin,Lopez,jlopez64@businesswire.com,United States,Male,Miami,Jatri,19315.94,USD
Brandon,Kennedy,bkennedy65@usda.gov,Indonesia,Male,Bajomulyo,Jetwire,16630.53,IDR
Jean,Myers,jmyers66@4shared.com,Indonesia,Female,Dalong,Devpoint,88791.19,IDR
Michelle,Nelson,mnelson67@apache.org,China,Female,Hengtang,Fivebridge,16455.64,CNY
Phyllis,Howard,phoward68@delicious.com,Indonesia,Female,Sambong,Jabbertype,80762.24,IDR
Tina,Bryant,tbryant69@wunderground.com,China,Female,Lingyuan,Skilith,,CNY
Emily,Ruiz,eruiz6a@walmart.com,Mozambique,Female,António Enes,Trupe,22160.92,MZN
Patricia,Willis,pwillis6b@t-online.de,Indonesia,Female,Gelang,Blogtags,72154.93,IDR
Anthony,Green,agreen6c@patch.com,Brazil,Male,Iracemápolis,Rooxo,75477.08,BRL
Victor,Daniels,vdaniels6d@soup.io,United States,Male,Cincinnati,Jabberstorm,14295.17,USD
Helen,Edwards,hedwards6e@shop-pro.jp,Nigeria,Female,Makurdi,Agimba,80899.35,NGN
Judith,Greene,jgreene6f@ucla.edu,United States,Female,New York City,Camimbo,94624.95,USD
Craig,White,cwhite6g@dion.ne.jp,China,Male,Yashao,Camido,22260.10,CNY
Rebecca,Porter,rporter6h@wikia.com,Philippines,Female,Maduao,Realfire,43978.28,PHP
Helen,West,hwest6i@mlb.com,Belgium,Female,Gent,Oozz,65705.82,EUR
Jacqueline,Ruiz,jruiz6j@usgs.gov,Mali,Female,Sikasso,Tazzy,55205.15,XOF
Bobby,Torres,btorres6k@reference.com,Argentina,Male,Añatuya,Dynabox,27587.29,ARS
Jacqueline,Campbell,jcampbell6l@irs.gov,Sweden,Female,Uppsala,Snaptags,96657.65,SEK
Alice,Walker,awalker6m@google.co.jp,United States,Female,Denver,Agivu,56459.34,USD
Deborah,Gordon,dgordon6n@jimdo.com,Ukraine,Female,Kirove,Plajo,13520.24,UAH
Linda,Washington,lwashington6o@mediafire.com,China,Female,Suileng,Dabshots,82863.09,CNY
Kathryn,Martinez,kmartinez6p@t.co,Russia,Female,Rudnichnyy,Twiyo,87953.03,RUB
Kimberly,Stone,kstone6q@accuweather.com,Sweden,Female,Uppsala,Roodel,7967.45,SEK
Mark,Ray,mray6r@blogger.com,Indonesia,Male,Titab,Edgewire,,IDR
Jonathan,Gordon,jgordon6s@people.com.cn,Thailand,Male,Ban Fang,Voolith,61246.83,THB
Marie,Gomez,mgomez6t@people.com.cn,Sweden,Female,Domsjö,Zoonder,17317.79,SEK
Alice,Perez,aperez6u@businessinsider.com,China,Female,Waihai,Oyope,10298.65,CNY
Thomas,Butler,tbutler6v@etsy.com,Sweden,Male,Falun,Meevee,16882.36,SEK
Michael,Chavez,mchavez6w@cnet.com,Philippines,Male,Maulawin,Agivu,35290.03,PHP
Joyce,Simmons,jsimmons6x@webeden.co.uk,Madagascar,Female,Fianarantsoa,Gigabox,31616.06,MGA
Jeffrey,Thompson,jthompson6y@businessweek.com,Georgia,Male,Lagodekhi,Skibox,27231.34,GEL
Carol,Armstrong,carmstrong6z@irs.gov,China,Female,Fenghua,Kwinu,8554.71,CNY
Kimberly,Austin,kaustin70@walmart.com,Indonesia,Female,Karangbungur,Meejo,69755.77,IDR
Dennis,Ramos,dramos71@usda.gov,Indonesia,Male,Jampang Tengah,Divanoodle,66945.56,IDR
Clarence,Barnes,cbarnes72@unblog.fr,Indonesia,Male,Ploso Wetan,Mita,5656.99,IDR
Earl,Jackson,ejackson73@last.fm,China,Male,Baqiao,Mynte,14814.57,CNY
Frances,Duncan,fduncan74@behance.net,Russia,Female,Spasskoye-Lutovinovo,Zoomlounge,46530.24,RUB
Jonathan,Harris,jharris75@tinyurl.com,Japan,Male,Ōme,Youspan,99981.41,JPY
Edward,Griffin,egriffin76@newyorker.com,Brazil,Male,Ribeirão Preto,Gigashots,77064.56,BRL
Phyllis,Reynolds,preynolds77@imageshack.us,China,Female,Du’ermenqin,Twitterbridge,79508.77,CNY
Catherine,Phillips,cphillips78@yelp.com,Mexico,Female,Guadalupe,Wordpedia,2072.79,MXN
Pamela,Lane,plane79@bloglovin.com,Russia,Female,Petrovo-Dal’neye,Bluezoom,79654.64,RUB
Timothy,Roberts,troberts7a@amazon.co.jp,China,Male,Jiangya,Topicware,46954.35,CNY
Susan,Nichols,snichols7b@pagesperso-orange.fr,Croatia,Female,Slunj,Rhyzio,7770.96,HRK
Maria,Phillips,mphillips7c@mapy.cz,Portugal,Female,Foros da Catrapona,Livefish,29275.26,EUR
Raymond,Day,rday7d@vistaprint.com,Brazil,Male,Farroupilha,Zazio,2915.99,BRL
Gregory,Stephens,gstephens7e@abc.net.au,Brazil,Male,Caieiras,Tekfly,15026.47,BRL
Janice,Martinez,jmartinez7f@pbs.org,Ethiopia,Female,Guder,Jabbercube,47084.52,ETB
Gerald,Little,glittle7g@hexun.com,France,Male,Le Raincy,Fanoodle,,EUR
Randy,Kelly,rkelly7h@aol.com,China,Male,Yunxi,Thoughtblab,52286.33,CNY
Barbara,Rivera,brivera7i@baidu.com,Nicaragua,Female,Las Sabanas,Gigabox,17036.68,NIO
Ronald,Peterson,rpeterson7j@xing.com,Palestinian Territory,Male,‘Ābūd,Yodo,95213.76,ILS
Judith,Lewis,jlewis7k@vk.com,Canada,Female,Lloydminster,Tazz,78206.19,CAD
Bonnie,Banks,bbanks7l@soup.io,Ukraine,Female,Kirovs’k,InnoZ,57281.64,UAH
Gloria,Stanley,gstanley7m@sbwire.com,Indonesia,Female,Cungking,Camimbo,10783.06,IDR
Terry,Peterson,tpeterson7n@g.co,Indonesia,Male,Somba,Wordtune,43281.00,IDR
Joshua,Mason,jmason7o@yahoo.co.jp,Portugal,Male,Montes,Digitube,86540.06,EUR
Wanda,Duncan,wduncan7p@twitpic.com,Armenia,Female,Dzorastan,Thoughtbridge,42249.18,AMD
Carolyn,Burke,cburke7q@businesswire.com,Indonesia,Female,Medalem,Eayo,41651.99,IDR
Sean,Webb,swebb7r@t-online.de,Comoros,Male,Moroni,Voonyx,,KMF
Harry,Dean,hdean7s@dedecms.com,Czech Republic,Male,Plavy,Skidoo,66522.81,CZK
Carolyn,Lewis,clewis7t@xing.com,Japan,Female,Ishikari,Yodel,70606.81,JPY
Jack,Vasquez,jvasquez7u@360.cn,Peru,Male,Huaylillas,Feednation,11852.18,PEN
Shawn,Payne,spayne7v@illinois.edu,Chad,Male,Doba,Oyondu,,XAF
Benjamin,Watkins,bwatkins7w@histats.com,Indonesia,Male,Kadupayung,Tagfeed,,IDR
Philip,Armstrong,parmstrong7x@upenn.edu,Nicaragua,Male,Matagalpa,Aimbu,39552.53,NIO
Robert,Nguyen,rnguyen7y@time.com,Ireland,Male,Tower,Avamba,26066.39,EUR
Joe,Fisher,jfisher7z@histats.com,Philippines,Male,San Ramon,Zoovu,90897.29,PHP
Helen,Watkins,hwatkins80@spiegel.de,Iran,Female,Kāmyārān,Dynava,14602.50,IRR
Cheryl,Mccoy,cmccoy81@ustream.tv,Sweden,Female,Eskilstuna,Camido,,SEK
Sandra,Ward,sward82@pcworld.com,Vietnam,Female,K Bang,Kazio,96508.18,VND
Jason,Lynch,jlynch83@hugedomains.com,Mexico,Male,Emiliano Zapata,Fanoodle,47708.70,MXN
Carol,Long,clong84@fda.gov,China,Female,Nangang,Avaveo,39415.32,CNY
Gerald,Ward,gward85@europa.eu,Morocco,Male,Sidi Redouane,Gabspot,56222.57,MAD
Pamela,Harper,pharper86@businesswire.com,China,Female,Dongshentou,Snaptags,33240.75,CNY
Jonathan,Roberts,jroberts87@tiny.cc,Argentina,Male,Concordia,Oyonder,24777.25,ARS
Clarence,Riley,criley88@telegraph.co.uk,China,Male,Kaiyuan,Browsetype,75971.86,CNY
Sandra,Palmer,spalmer89@yahoo.com,Poland,Female,Krasiczyn,Avaveo,71168.23,PLN
Carl,Murray,cmurray8a@skyrock.com,China,Male,Xiaohekou,Skyba,84876.72,CNY
Karen,Hudson,khudson8b@youtube.com,Colombia,Female,Concepción,Bubbletube,42585.72,COP
Jane,Ray,jray8c@google.es,Guam,Female,Guam Government House,Riffpedia,31201.09,USD
Robert,Wheeler,rwheeler8d@blogs.com,Indonesia,Male,Gunajaya,Zooxo,14158.14,IDR
Janet,Martin,jmartin8e@privacy.gov.au,Peru,Female,Bajo Naranjillo,Zoombox,,PEN
Amanda,Gomez,agomez8f@usa.gov,China,Female,Changsha,Skyble,95065.67,CNY
Wanda,Carroll,wcarroll8g@jigsy.com,Germany,Female,Nürnberg,Jaxnation,25260.28,EUR
Joseph,Weaver,jweaver8h@umn.edu,China,Male,Jiangkou,Aimbo,64371.49,CNY
Joe,Shaw,jshaw8i@wordpress.com,China,Male,Woken,Jaxworks,48146.85,CNY
Donald,Crawford,dcrawford8j@wikispaces.com,Thailand,Male,Wang Noi,Oyoloo,91422.19,THB
Ralph,West,rwest8k@canalblog.com,Switzerland,Male,Luzern,Jaloo,61453.78,CHF
Kevin,Knight,kknight8l@tuttocitta.it,Puerto Rico,Male,Carolina,Agivu,32700.41,USD
Alan,Young,ayoung8m@home.pl,Iraq,Male,Al ‘Azīzīyah,Abatz,,IQD
Maria,Parker,mparker8n@blogspot.com,Russia,Female,Kabardinka,Voomm,36138.04,RUB
Debra,Andrews,dandrews8o@umn.edu,China,Female,Cuozheqiangma,Feedspan,23284.56,CNY
Bonnie,Perry,bperry8p@hud.gov,Greece,Female,Lamía,Kwinu,41153.59,EUR
Heather,Fisher,hfisher8q@archive.org,Canada,Female,Morden,Jaxworks,72310.54,CAD
Jack,Harper,jharper8r@tamu.edu,Belize,Male,San Ignacio,Gabspot,93323.04,BZD
Debra,Tucker,dtucker8s@nyu.edu,Taiwan,Female,Xinying,Riffpedia,60615.82,TWD
Thomas,Burton,tburton8t@ucoz.com,Norway,Male,Oslo,Tekfly,76942.45,NOK
Jose,Wood,jwood8u@nhs.uk,Sweden,Male,Kumla,Reallinks,82640.32,SEK
Ronald,Snyder,rsnyder8v@ycombinator.com,Russia,Male,Glinka,Plambee,62849.97,RUB
Nicholas,Riley,nriley8w@studiopress.com,China,Male,Rongkou,Leenti,,CNY
Jose,Porter,jporter8x@youtu.be,China,Male,Hadayang,Gabcube,85052.30,CNY
Raymond,Hart,rhart8y@amazon.de,Cyprus,Male,Tála,Flipopia,24547.76,EUR
Wayne,Hudson,whudson8z@virginia.edu,China,Male,Baizhang,Voomm,5962.60,CNY
Lori,Brooks,lbrooks90@amazon.com,China,Female,Qümong,Quaxo,32763.78,CNY
Justin,Martinez,jmartinez91@fc2.com,Russia,Male,Voskresenskoye,Twimm,96371.56,RUB
Andrea,Armstrong,aarmstrong92@npr.org,Poland,Female,Zbytków,Quatz,44674.46,PLN
Eric,Hunter,ehunter93@rambler.ru,South Africa,Male,Mankoeng,Camido,94386.36,ZAR
Dennis,Evans,devans94@dmoz.org,China,Male,Guanshan,Edgeblab,86155.30,CNY
Bobby,Anderson,banderson95@techcrunch.com,Philippines,Male,Carpenter,Jazzy,51524.76,PHP
Ruby,Evans,revans96@cornell.edu,Russia,Female,Kamenka,Leexo,19679.84,RUB
Lillian,Peterson,lpeterson97@addtoany.com,Madagascar,Female,Ambatolampy,Layo,551.12,MGA
Clarence,Jenkins,cjenkins98@indiatimes.com,China,Male,Huangjiazhai,Mynte,45168.28,CNY
Dorothy,Adams,dadams99@yellowbook.com,Argentina,Female,Diamante,Flashset,40284.97,ARS
Nancy,Howard,nhoward9a@msn.com,Portugal,Female,Estrada,Brainlounge,98033.70,EUR
Brandon,Gray,bgray9b@msn.com,Sweden,Male,Skoghall,Yadel,29680.75,SEK
Roger,Ray,rray9c@illinois.edu,Denmark,Male,København,Chatterbridge,63894.90,DKK
Linda,Weaver,lweaver9d@wordpress.org,Sweden,Female,Askersund,Yadel,92100.78,SEK
Nicholas,Harvey,nharvey9e@bing.com,China,Male,Jiaotan,Agivu,87217.08,CNY
Aaron,Sullivan,asullivan9f@dot.gov,China,Male,Yanghu,Muxo,73749.26,CNY
Charles,Martinez,cmartinez9g@google.de,United States,Male,Springfield,Aivee,28115.63,USD
Andrea,Hart,ahart9h@mayoclinic.com,China,Female,Xiangrong,Wordify,28649.32,CNY
Heather,Lee,hlee9i@patch.com,Argentina,Female,Espinillo,Demivee,71457.24,ARS
Sean,Reed,sreed9j@google.es,Ukraine,Male,Железный порт,Bluezoom,45431.41,UAH
Gloria,Boyd,gboyd9k@ed.gov,Russia,Female,Shumikha,Skipstorm,33784.73,RUB
Randy,Hall,rhall9l@artisteer.com,Brazil,Male,Perdões,Realmix,5061.89,BRL
Jacqueline,Castillo,jcastillo9m@marriott.com,Indonesia,Female,Bokong Timur,Lazzy,,IDR
Jesse,Jordan,jjordan9n@sitemeter.com,Japan,Male,Yamada,Realmix,56658.75,JPY
William,Butler,wbutler9o@twitter.com,Poland,Male,Jadów,Jabbertype,98074.91,PLN
Jesse,Nelson,jnelson9p@1und1.de,Russia,Male,Tarasovskiy,Cogilith,79353.77,RUB
Joseph,Bradley,jbradley9q@google.ru,Bulgaria,Male,Chelopech,Babblestorm,9677.38,BGN
Heather,Romero,hromero9r@adobe.com,Russia,Female,Sergeyevka,Devify,48653.30,RUB
Brandon,Day,bday9s@symantec.com,China,Male,Hengjian,Rhycero,,CNY
Judy,Allen,jallen9t@shutterfly.com,France,Female,Créteil,Zoomzone,24937.28,EUR
Jeffrey,Lee,jlee9u@weibo.com,Sweden,Male,Stockholm,Skibox,46570.58,SEK
Larry,Graham,lgraham9v@spotify.com,China,Male,Meilin,Livetube,38056.88,CNY
Wayne,Kim,wkim9w@unc.edu,China,Male,Tongxing,Thoughtstorm,73014.10,CNY
Gloria,Taylor,gtaylor9x@cornell.edu,Brazil,Female,Goiatuba,Realmix,81221.81,BRL
Gary,Ruiz,gruiz9y@flavors.me,China,Male,Yanjiang,Trunyx,52664.90,CNY
Brenda,Phillips,bphillips9z@unesco.org,China,Female,Fujiayan,Ailane,38831.52,CNY
Roy,Hernandez,rhernandeza0@usnews.com,Malaysia,Male,Petaling Jaya,Realpoint,67464.70,MYR
Carolyn,Henry,chenrya1@nydailynews.com,Guinea,Female,Dubréka,Rhyzio,6178.76,GNF
Emily,Wilson,ewilsona2@tmall.com,France,Female,Périgueux,Eayo,18147.81,EUR
Shawn,Freeman,sfreemana3@google.pl,Zambia,Male,Kawambwa,Eidel,51135.80,ZMW
Michael,Collins,mcollinsa4@rambler.ru,Afghanistan,Male,Salām Khēl,Voolia,14840.16,AFN
Rose,Cook,rcooka5@posterous.com,Bolivia,Female,Potolo,Fiveclub,39430.87,BOB
Gloria,Rose,grosea6@imdb.com,France,Female,Lille,Quire,43098.52,EUR
Philip,Burns,pburnsa7@marriott.com,French Guiana,Male,Cayenne,Reallinks,64315.87,EUR
Lawrence,Mason,lmasona8@godaddy.com,Indonesia,Male,Kotabaru,Buzzdog,81400.19,IDR
Debra,Fisher,dfishera9@phoca.cz,Indonesia,Female,Kukuluk,Podcat,,IDR
Nancy,Daniels,ndanielsaa@so-net.ne.jp,Indonesia,Female,Puncaksempur,Cogidoo,,IDR
John,Miller,jmillerab@senate.gov,Brazil,Male,Colombo,Zooxo,92861.73,BRL
Ruby,Alvarez,ralvarezac@xrea.com,Bosnia and Herzegovina,Female,Ostrožac,Skyba,84743.74,BAM
Kimberly,Fuller,kfullerad@google.es,Sweden,Female,Uppsala,Realcube,78088.20,SEK
Brenda,Ruiz,bruizae@discuz.net,Ireland,Female,Fermoy,Quimba,11980.63,EUR
Larry,Pierce,lpierceaf@imgur.com,Indonesia,Male,Cikaso,Flashpoint,81610.50,IDR
Randy,Reyes,rreyesag@yelp.com,Russia,Male,Kurlovo,Fanoodle,1562.32,RUB
Irene,Perez,iperezah@163.com,Lebanon,Female,Baalbek,Tagchat,21742.92,LBP
Jack,Armstrong,jarmstrongai@aol.com,Tanzania,Male,Mbinga,Cogibox,2556.74,TZS
Deborah,Kelley,dkelleyaj@gravatar.com,Indonesia,Female,Sedatigede,Skiptube,47905.93,IDR
Harold,Rodriguez,hrodriguezak@amazon.com,Sweden,Male,Hällefors,Wikibox,62847.07,SEK
Johnny,Wood,jwoodal@engadget.com,New Zealand,Male,Turangi,Wordpedia,13378.31,NZD
Nicholas,Hart,nhartam@usatoday.com,Israel,Male,Haifa,Roomm,17898.25,ILS
Gloria,Simmons,gsimmonsan@wunderground.com,Czech Republic,Female,Dolní Černilov,Thoughtmix,98257.16,CZK
Samuel,Lawson,slawsonao@google.com,Japan,Male,Okaya,Livetube,73529.48,JPY
Norma,Rogers,nrogersap@sohu.com,France,Female,Paris 06,Zoozzy,7392.38,EUR
Sean,Hernandez,shernandezaq@dell.com,Russia,Male,Severnoye,Blognation,52974.61,RUB
Lori,Robinson,lrobinsonar@howstuffworks.com,American Samoa,Female,Fagatogo,Twinder,,USD
Nancy,Freeman,nfreemanas@cyberchimps.com,Russia,Female,Staraya Ladoga,Skalith,99093.29,RUB
Joe,Kim,jkimat@people.com.cn,Guinea,Male,Télimélé,Skyble,38462.49,GNF
Douglas,Rivera,driveraau@amazon.co.uk,Iran,Male,Līkak,Gabtype,,IRR
Andrea,Hansen,ahansenav@angelfire.com,China,Female,Danan,Gabtype,46644.37,CNY
Eric,Mason,emasonaw@list-manage.com,China,Male,Dongguan,Oyondu,85781.54,CNY
Jerry,Hunter,jhunterax@cbc.ca,Palestinian Territory,Male,Al Mughayyir,Midel,41016.68,ILS
Norma,Foster,nfosteray@wordpress.com,Iran,Female,Qorveh,Dazzlesphere,,IRR
Sharon,Wheeler,swheeleraz@odnoklassniki.ru,Czech Republic,Female,Strážnice,Skimia,,CZK
Chris,Holmes,cholmesb0@usnews.com,Finland,Male,Ruokolahti,Zazio,27089.86,EUR
Walter,Ryan,wryanb1@nba.com,Russia,Male,Kantemirovka,Tambee,39035.77,RUB
Theresa,Hall,thallb2@google.de,Portugal,Female,Igreja,Photofeed,31144.06,EUR
Linda,Shaw,lshawb3@mayoclinic.com,Vietnam,Female,Vũ Quang,Yodo,,VND
Melissa,Hayes,mhayesb4@cam.ac.uk,Spain,Female,Teruel,Flipbug,45373.18,EUR
Michelle,Stevens,mstevensb5@sitemeter.com,Indonesia,Female,Kemiri,Bubblemix,,IDR
Terry,Gomez,tgomezb6@live.com,Indonesia,Male,Lembongan Kawan,Quinu,45352.83,IDR
Stephanie,Walker,swalkerb7@yale.edu,Peru,Female,Colca,Browsedrive,55893.42,PEN
Irene,Knight,iknightb8@ovh.net,France,Female,Moissy-Cramayel,Skipstorm,86262.70,EUR
Shawn,Ward,swardb9@fda.gov,Tanzania,Male,Lulindi,Bluezoom,84883.81,TZS
Denise,Morrison,dmorrisonba@flavors.me,Czech Republic,Female,Trmice,Gabtype,61176.38,CZK
Christopher,Bailey,cbaileybb@clickbank.net,Philippines,Male,Guinsang-an,Skippad,7136.14,PHP
Karen,Cruz,kcruzbc@ed.gov,Russia,Female,Aniva,Dynabox,76537.03,RUB
Helen,Boyd,hboydbd@goo.gl,China,Female,Junxi,Einti,46478.80,CNY
Teresa,Grant,tgrantbe@fda.gov,Portugal,Female,Mira,Photolist,47093.52,EUR
Dorothy,Harvey,dharveybf@studiopress.com,United States,Female,Atlanta,Cogilith,,USD
Annie,Kim,akimbg@bloomberg.com,Argentina,Female,Rufino,Browsecat,99894.87,ARS
Robert,Murphy,rmurphybh@cam.ac.uk,Thailand,Male,Phanat Nikhom,Oba,,THB
Nicholas,Long,nlongbi@bizjournals.com,Philippines,Male,Besao,Lazz,36244.73,PHP
Melissa,Ortiz,mortizbj@sciencedaily.com,Brazil,Female,Tambaú,Riffpath,155.09,BRL
Patricia,Wilson,pwilsonbk@qq.com,Peru,Female,Ferreñafe,Dabtype,,PEN
Jean,Payne,jpaynebl@live.com,Indonesia,Female,Pliwetan,Gigabox,,IDR
Bobby,Stone,bstonebm@biglobe.ne.jp,China,Male,Huiyi,Shufflester,97785.44,CNY
Carolyn,Lopez,clopezbn@rakuten.co.jp,China,Female,Guali,Topicware,57204.49,CNY
Tina,Butler,tbutlerbo@alibaba.com,Sweden,Female,Falun,Tagcat,5677.25,SEK
Benjamin,Hill,bhillbp@spotify.com,Afghanistan,Male,Baghlān,Zoomzone,72418.74,AFN
Scott,Cunningham,scunninghambq@irs.gov,China,Male,Daba,Dabvine,53861.78,CNY
Judith,Ellis,jellisbr@slate.com,Indonesia,Female,Kaduela,Twitterlist,93309.70,IDR
Maria,Kelly,mkellybs@nymag.com,Philippines,Female,Agpangi,Miboo,32485.12,PHP
Terry,Greene,tgreenebt@bloomberg.com,China,Male,Dazhigu,Katz,1279.71,CNY
Craig,Weaver,cweaverbu@g.co,Ukraine,Male,Chervone,Edgewire,81111.49,UAH
Stephanie,Olson,solsonbv@1und1.de,China,Female,Yangkou,Trilith,,CNY
Gregory,Harvey,gharveybw@networksolutions.com,Indonesia,Male,Umburarameha,Youfeed,89360.29,IDR
Roger,Stephens,rstephensbx@mac.com,Ukraine,Male,Bilshivtsi,Yata,21869.33,UAH
Thomas,Scott,tscottby@reverbnation.com,Thailand,Male,Ratchaburi,Jaxspan,74338.23,THB
Andrea,Morrison,amorrisonbz@narod.ru,China,Female,Huakoulongtan,Thoughtsphere,891.92,CNY
Teresa,Payne,tpaynec0@msu.edu,Ukraine,Female,Dubno,Zoomdog,80574.25,UAH
Carolyn,Hayes,chayesc1@umn.edu,Latvia,Female,Kandava,Fiveclub,21286.30,EUR
Bobby,Snyder,bsnyderc2@blog.com,Greece,Male,Erétria,Voomm,24131.65,EUR
Teresa,Boyd,tboydc3@privacy.gov.au,Indonesia,Female,Bongbong,Rhynyx,87562.77,IDR
Ralph,Daniels,rdanielsc4@ebay.co.uk,Mexico,Male,Benito Juarez,Browsezoom,97333.16,MXN
Nancy,Martin,nmartinc5@de.vu,Poland,Female,Borowno,Thoughtmix,35528.67,PLN
Betty,Sanders,bsandersc6@yelp.com,Tanzania,Female,Karema,Quimba,65046.14,TZS
Bruce,Riley,brileyc7@intel.com,South Korea,Male,Sindong,Mydeo,30557.76,KRW
Janice,Roberts,jrobertsc8@wisc.edu,Serbia,Female,Turija,Voomm,23235.78,RSD
Jose,Roberts,jrobertsc9@spotify.com,China,Male,Huazhu,Fivebridge,,CNY
Brandon,Boyd,bboydca@photobucket.com,China,Male,Lianfa,Gabtype,38148.52,CNY
Margaret,Black,mblackcb@upenn.edu,Czech Republic,Female,Loučovice,Leexo,25859.99,CZK
Richard,Kelly,rkellycc@hugedomains.com,Colombia,Male,Colosó,Reallinks,80935.31,COP
Katherine,Gordon,kgordoncd@ow.ly,Afghanistan,Female,Deh-e Now,Twitterlist,68366.11,AFN
Charles,Harris,charrisce@economist.com,Vietnam,Male,Đắk Mâm,Skipstorm,30317.12,VND
Ashley,Ramirez,aramirezcf@phpbb.com,Sweden,Female,Sävedalen,Skilith,8541.77,SEK
Larry,Myers,lmyerscg@ask.com,Norway,Male,Oslo,Browsedrive,28562.73,NOK
Theresa,Martinez,tmartinezch@homestead.com,China,Female,Lujing Zhen,Twitternation,47873.18,CNY
Philip,Little,plittleci@instagram.com,Czech Republic,Male,Luhačovice,Photojam,58918.92,CZK
Patricia,Hansen,phansencj@berkeley.edu,Yemen,Female,Lawdar,Thoughtstorm,73128.58,YER
Anthony,Hart,ahartck@sina.com.cn,Brazil,Male,Venâncio Aires,Centizu,68350.68,BRL
Anne,Gonzalez,agonzalezcl@mysql.com,Canada,Female,Summerland,Skiptube,77631.02,CAD
Christopher,Nelson,cnelsoncm@live.com,Norway,Male,Kristiansund N,Cogidoo,,NOK
Irene,Stewart,istewartcn@csmonitor.com,Nigeria,Female,Amaigbo,Thoughtworks,3121.27,NGN
Brandon,Austin,baustinco@china.com.cn,Canada,Male,Morden,Livepath,71179.82,CAD
Wayne,Romero,wromerocp@amazonaws.com,Peru,Male,Chiclayo,Wikido,,PEN
Antonio,Chapman,achapmancq@unicef.org,Brazil,Male,Nortelândia,Linkbridge,,BRL
Roger,Hayes,rhayescr@cnbc.com,Portugal,Male,Bairro dos Marinheiros,Wordpedia,17998.40,EUR
Frank,Rogers,frogerscs@newyorker.com,Bulgaria,Male,Khisarya,Mydeo,42041.52,BGN
Judy,Hart,jhartct@hatena.ne.jp,Russia,Female,Lukhovka,Bluejam,67609.75,RUB
Kathy,Harvey,kharveycu@unesco.org,China,Female,Liangchahe,Topiclounge,3803.74,CNY
Paul,Sanchez,psanchezcv@bluehost.com,United States,Male,Lawrenceville,Digitube,16797.07,USD
Howard,Lynch,hlynchcw@de.vu,Thailand,Male,Ban Ko Lan,Kayveo,12818.39,THB
Scott,Jenkins,sjenkinscx@cbsnews.com,China,Male,Taiyu,Oyonder,84117.39,CNY
Brandon,Ramirez,bramirezcy@last.fm,Canada,Male,Picton,Jayo,,CAD
Daniel,Baker,dbakercz@chicagotribune.com,Nigeria,Male,Idi Iroko,Ntag,31490.75,NGN
Marilyn,Pierce,mpierced0@example.com,Philippines,Female,Banquero,Podcat,24227.93,PHP
Scott,Hawkins,shawkinsd1@economist.com,Macedonia,Male,Veles,Innotype,3403.06,MKD
Paul,Rose,prosed2@weebly.com,Indonesia,Male,Batojaran,Photojam,19435.98,IDR
Brandon,Porter,bporterd3@networkadvertising.org,China,Male,Zhangcaizhuang,Avavee,72440.62,CNY
Steve,Patterson,spattersond4@bigcartel.com,Thailand,Male,Nong Phai,Mynte,,THB
Mildred,Mills,mmillsd5@timesonline.co.uk,China,Female,Xingou,Twimm,10261.21,CNY
Johnny,Johnston,jjohnstond6@cpanel.net,Czech Republic,Male,Chřibská,Gabtune,82671.28,CZK
Johnny,Kim,jkimd7@oaic.gov.au,Brazil,Male,São Francisco do Sul,Realblab,,BRL
Martha,Ryan,mryand8@wix.com,Russia,Female,Vorontsovka,Snaptags,24347.40,RUB
Harold,Daniels,hdanielsd9@youku.com,Indonesia,Male,Tawangsari,Eire,56520.87,IDR
Wayne,Gordon,wgordonda@seesaa.net,Greece,Male,Agía Foteiní,Mynte,45098.83,EUR
Jeffrey,Rivera,jriveradb@smh.com.au,Poland,Male,Wilkowice,Reallinks,54504.16,PLN
Paul,Rose,prosedc@miibeian.gov.cn,Uganda,Male,Luuka Town,Einti,53280.56,UGX
Shawn,Hill,shilldd@friendfeed.com,France,Male,Nancy,Mydeo,32795.38,EUR
Steve,Hughes,shughesde@rediff.com,Russia,Male,Shebalino,Ozu,98690.56,RUB
Adam,White,awhitedf@cyberchimps.com,China,Male,Xuri,Livetube,53915.29,CNY
Norma,Burton,nburtondg@live.com,Brazil,Female,Cruzeiro,Jabberstorm,98900.04,BRL
Jean,Ortiz,jortizdh@g.co,Morocco,Female,Tarsouat,Skimia,10481.17,MAD
Brandon,Kelley,bkelleydi@reuters.com,Japan,Male,Ōmura,Nlounge,34662.73,JPY
Ryan,Welch,rwelchdj@youku.com,Poland,Male,Słupsk,Twitterworks,96600.44,PLN
Cheryl,Hunter,chunterdk@icq.com,Indonesia,Female,Banjar Timbrah,Edgeify,76900.82,IDR
Donald,Franklin,dfranklindl@webmd.com,China,Male,Lantian,Bubblebox,85943.28,CNY
Kathryn,Castillo,kcastillodm@github.io,China,Female,Changshou,Quire,56782.25,CNY
Louis,Watson,lwatsondn@google.com,Czech Republic,Male,Příšovice,Yodoo,47951.26,CZK
Larry,Morris,lmorrisdo@goodreads.com,China,Male,Fenshui,Einti,60858.66,CNY
Shirley,Johnson,sjohnsondp@bigcartel.com,China,Female,Zhougao,Vinte,98482.79,CNY
Keith,Morales,kmoralesdq@businessweek.com,Japan,Male,Muikamachi,Youbridge,12339.08,JPY
Eric,Moore,emooredr@yellowbook.com,Czech Republic,Male,Sedlčany,Meeveo,4855.72,CZK
Earl,Cruz,ecruzds@ca.gov,Brazil,Male,Nerópolis,Skinte,72751.08,BRL
Teresa,Welch,twelchdt@skype.com,Portugal,Female,Vila,Flipbug,67589.20,EUR
Virginia,Morgan,vmorgandu@uiuc.edu,China,Female,Yushan,Kare,58479.12,CNY
Carl,Kelley,ckelleydv@hexun.com,China,Male,Chunyang,Tavu,94124.41,CNY
Pamela,Stevens,pstevensdw@chron.com,Brazil,Female,Guaranésia,Wikizz,3829.16,BRL
Paula,Duncan,pduncandx@adobe.com,Italy,Female,Torino,Topicstorm,24576.67,EUR
Jane,Ellis,jellisdy@mit.edu,China,Female,Pengxing,Flipbug,54935.78,CNY
Diane,Fox,dfoxdz@timesonline.co.uk,Greece,Female,Aryiropoúlion,Mycat,8793.32,EUR
Kenneth,Moreno,kmorenoe0@cornell.edu,China,Male,Laoxialu,Divavu,3973.03,CNY
Andrea,Diaz,adiaze1@ca.gov,Guatemala,Female,Olopa,Chatterbridge,35092.80,GTQ
Doris,Lynch,dlynche2@netvibes.com,Ukraine,Female,Donetsk,Kwideo,41700.35,UAH
Carolyn,Jackson,cjacksone3@barnesandnoble.com,Poland,Female,Janikowo,Livetube,3264.46,PLN
Julie,Simpson,jsimpsone4@archive.org,Indonesia,Female,Kertasari,Meetz,,IDR
Christine,Fernandez,cfernandeze5@rambler.ru,China,Female,Zhuli,Gabtype,58581.61,CNY
Sandra,Bailey,sbaileye6@nsw.gov.au,Japan,Female,Miyoshi,Feedspan,26530.53,JPY
Ralph,Gonzales,rgonzalese7@gmpg.org,China,Male,Chengzhong,Skinte,44286.03,CNY
Rebecca,Bowman,rbowmane8@oaic.gov.au,China,Female,Zhouxi,Eire,67337.97,CNY
Eric,Dixon,edixone9@networksolutions.com,China,Male,Erlangkou,Oyope,34981.50,CNY
Samuel,Bradley,sbradleyea@epa.gov,Russia,Male,Novokuybyshevsk,Meembee,47977.07,RUB
Cynthia,Cruz,ccruzeb@discovery.com,Sudan,Female,Al Qadarif,Divape,28235.80,SDG
Robert,Owens,rowensec@timesonline.co.uk,Vietnam,Male,Quận Phú Nhuận,Skipfire,25841.19,VND
William,King,wkinged@independent.co.uk,Kyrgyzstan,Male,Kara Suu,Demimbu,98956.14,KGS
Denise,Romero,dromeroee@jimdo.com,Canada,Female,Boissevain,Cogibox,97298.90,CAD
Larry,Dunn,ldunnef@shutterfly.com,Philippines,Male,Maria Aurora,Thoughtstorm,,PHP
Susan,Riley,srileyeg@netscape.com,Indonesia,Female,Poli,LiveZ,28804.30,IDR
Adam,Davis,adaviseh@deviantart.com,China,Male,Guoyuan,Babbleblab,80343.75,CNY
Annie,Fox,afoxei@goo.gl,Angola,Female,Benguela,Fadeo,6991.05,AOA
Scott,Payne,spayneej@hubpages.com,Colombia,Male,Palmira,Rhynyx,58090.64,COP
Steve,Daniels,sdanielsek@upenn.edu,China,Male,Huaicheng,Kare,15352.56,CNY
Jessica,Foster,jfosterel@home.pl,Indonesia,Female,Bulakbanjar,Skyba,48259.86,IDR
Terry,Perez,tperezem@bizjournals.com,France,Male,Fleury-les-Aubrais,Mycat,56672.79,EUR
Carlos,Jordan,cjordanen@e-recht24.de,Cuba,Male,Cumanayagua,Gigabox,64645.53,CUP
Kimberly,Kennedy,kkennedyeo@angelfire.com,China,Female,Da’an,Oba,25980.75,CNY
Anthony,Shaw,ashawep@aboutads.info,Portugal,Male,Torre,Eare,,EUR
Diana,Baker,dbakereq@wp.com,China,Female,Guanchi,Feedfire,11189.12,CNY
Lisa,Price,lpriceer@fc2.com,Indonesia,Female,Coratatal,Realpoint,,IDR
Brandon,Sims,bsimses@fda.gov,Poland,Male,Książki,Skibox,9050.88,PLN
Gloria,Fields,gfieldset@timesonline.co.uk,Albania,Female,Gradishtë,Skipfire,93692.86,ALL
Timothy,Olson,tolsoneu@cyberchimps.com,Slovenia,Male,Ravne,Trupe,71683.12,EUR
Judith,Simpson,jsimpsonev@de.vu,Indonesia,Female,Bendungan,Trilith,,IDR
Betty,Dixon,bdixonew@engadget.com,Portugal,Female,Carnaxide,Jabberstorm,4055.84,EUR
Alan,Lynch,alynchex@vinaora.com,Argentina,Male,Tamberías,Vidoo,89771.21,ARS
Joseph,Bishop,jbishopey@timesonline.co.uk,Vietnam,Male,Thị Trấn Ngan Dừa,Skivee,73051.39,VND
Julie,Garcia,jgarciaez@yale.edu,Uruguay,Female,Salto,Midel,23255.63,UYU
Judith,Willis,jwillisf0@dagondesign.com,Indonesia,Female,Keli,Realpoint,29841.03,IDR
Dennis,Martin,dmartinf1@ovh.net,Portugal,Male,Presa,Fivechat,,EUR
Beverly,Castillo,bcastillof2@blogspot.com,Czech Republic,Female,Hukvaldy,Youopia,55859.75,CZK
Jeffrey,Hunt,jhuntf3@cnn.com,Chile,Male,Illapel,Skibox,74060.13,CLP
Edward,Morgan,emorganf4@seattletimes.com,China,Male,Malin,Photobean,46447.97,CNY
Sara,Gilbert,sgilbertf5@wunderground.com,China,Female,Sandaoba,Omba,70626.27,CNY
Timothy,Wilson,twilsonf6@cdbaby.com,France,Male,Évreux,Thoughtworks,58839.13,EUR
Carlos,Ryan,cryanf7@ucoz.ru,Indonesia,Male,Tapakrejo,Nlounge,77991.30,IDR
Martin,Hernandez,mhernandezf8@tumblr.com,China,Male,Jieshou,Browsebug,79284.45,CNY
Diana,Moreno,dmorenof9@fda.gov,Venezuela,Female,La Azulita,Tagchat,31731.21,VEF
Phillip,Harris,pharrisfa@paypal.com,Canada,Male,Ashcroft,Roombo,82586.36,CAD
Eugene,West,ewestfb@fema.gov,China,Male,Xirikxiy,Meembee,54570.88,CNY
Christina,Nelson,cnelsonfc@craigslist.org,Egypt,Female,Hurghada,Tavu,62525.40,EGP
Ann,Sims,asimsfd@usatoday.com,Canada,Female,Moose Jaw,Thoughtworks,84288.97,CAD
Mary,Greene,mgreenefe@businesswire.com,Ukraine,Female,Nemyriv,Jabbertype,59841.22,UAH
Bobby,Roberts,brobertsff@wsj.com,Belarus,Male,Davyd-Haradok,Voonix,66331.94,BYR
Pamela,Jenkins,pjenkinsfg@chronoengine.com,China,Female,Yao’an,Roombo,26873.54,CNY
Kathleen,Carr,kcarrfh@columbia.edu,Sweden,Female,Gävle,Wordify,61924.74,SEK
Robert,Owens,rowensfi@slashdot.org,China,Male,Hutang,Yakidoo,41340.78,CNY
Chris,Garrett,cgarrettfj@plala.or.jp,China,Male,Taipingchuan,Mybuzz,62842.29,CNY
Jeffrey,Woods,jwoodsfk@irs.gov,France,Male,Tarascon,Yodoo,40858.38,EUR
Eugene,Turner,eturnerfl@latimes.com,Bulgaria,Male,Dolna Banya,Jabbersphere,25485.56,BGN
Irene,Sims,isimsfm@people.com.cn,China,Female,Huyang,Thoughtblab,30389.71,CNY
Judith,Martinez,jmartinezfn@ebay.com,Sweden,Female,Göteborg,Flipstorm,26793.71,SEK
William,Howell,whowellfo@com.com,Palestinian Territory,Male,Kafr ad Dīk,Devcast,86809.84,ILS
Howard,Gibson,hgibsonfp@house.gov,Czech Republic,Male,Františkovy Lázně,Thoughtbridge,23892.96,CZK
Jennifer,Rose,jrosefq@abc.net.au,China,Female,Jiapeng,Jaxbean,16164.46,CNY
Mary,Peters,mpetersfr@163.com,Brazil,Female,Guarapari,Eazzy,24495.99,BRL
Julia,Fisher,jfisherfs@tiny.cc,China,Female,Tuojiang,Topiclounge,85472.12,CNY
Phyllis,Castillo,pcastilloft@si.edu,Democratic Republic of the Congo,Female,Lubao,Fivechat,97734.92,CDF
Evelyn,Turner,eturnerfu@ning.com,Brazil,Female,Estância,Skinte,76801.90,BRL
John,Cruz,jcruzfv@washingtonpost.com,United States,Male,Augusta,Podcat,51631.18,USD
Joe,Owens,jowensfw@amazonaws.com,Portugal,Male,Porto Salvo,Demivee,47346.24,EUR
Ashley,Martinez,amartinezfx@china.com.cn,Democratic Republic of the Congo,Female,Mushie,Tagfeed,74351.56,CDF
Barbara,Payne,bpaynefy@lulu.com,Afghanistan,Female,Qala i Naw,Chatterbridge,37835.79,AFN
Angela,Peterson,apetersonfz@deviantart.com,China,Female,Huangxikou,Meezzy,86740.47,CNY
Christina,Carpenter,ccarpenterg0@jimdo.com,Mongolia,Female,Tsalgar,Kwideo,,MNT
Scott,Ray,srayg1@theglobeandmail.com,Indonesia,Male,Cipanggung,Gabvine,,IDR
Russell,Walker,rwalkerg2@nymag.com,Indonesia,Male,Besah,Babbleset,27478.67,IDR
Johnny,Richardson,jrichardsong3@senate.gov,Hungary,Male,Sopron,Leexo,91472.40,HUF
Ashley,Ramos,aramosg4@pagesperso-orange.fr,Austria,Female,Burgkirchen,Dabtype,66781.72,EUR
Jerry,Carroll,jcarrollg5@hp.com,Sierra Leone,Male,Mamboma,Kimia,29168.27,SLL
Lois,Peters,lpetersg6@g.co,Lithuania,Female,Birštonas,Leexo,56412.35,LTL
Donald,Murray,dmurrayg7@clickbank.net,South Africa,Male,Himeville,Photofeed,16729.82,ZAR
Kathryn,James,kjamesg8@wordpress.org,Russia,Female,Lesnoye,Lazzy,16269.82,RUB
Lois,Robertson,lrobertsong9@issuu.com,Indonesia,Female,Mainang,Mydo,11841.44,IDR
Amy,Carr,acarrga@soundcloud.com,Portugal,Female,Matos da Ranha,Zoomdog,82656.56,EUR
Jeremy,Ruiz,jruizgb@virginia.edu,Brazil,Male,Rondonópolis,Tagopia,,BRL
Benjamin,Day,bdaygc@utexas.edu,China,Male,Shishan,Kare,62490.63,CNY
Henry,Simmons,hsimmonsgd@pbs.org,China,Male,Baoji,Kwideo,13657.67,CNY
Kimberly,Garza,kgarzage@tinypic.com,Norway,Female,Oslo,Zazio,,NOK
Sandra,Watson,swatsongf@live.com,China,Female,Yongxing,Blogtag,3308.10,CNY
Theresa,Sanders,tsandersgg@amazon.com,China,Female,Dalianwan,Demivee,83995.10,CNY
Brandon,Nichols,bnicholsgh@upenn.edu,China,Male,Xin’an,Realcube,23440.85,CNY
Alice,Powell,apowellgi@latimes.com,Indonesia,Female,Banjar Tegal Belodan,Yabox,25245.75,IDR
Frank,Schmidt,fschmidtgj@yahoo.com,Sweden,Male,Dalsjöfors,Miboo,14535.21,SEK
Stephen,Bowman,sbowmangk@japanpost.jp,China,Male,Huzhen,Divavu,2418.92,CNY
Benjamin,Stone,bstonegl@nationalgeographic.com,Finland,Male,Kihniö,Kare,83317.33,EUR
Jeffrey,Day,jdaygm@imdb.com,Russia,Male,Kuz’minskiye Otverzhki,Tagopia,17654.05,RUB
Mildred,Rice,mricegn@japanpost.jp,Japan,Female,Tanashichō,JumpXS,89548.48,JPY
Julia,Rodriguez,jrodriguezgo@reference.com,Indonesia,Female,Sukadami,Tagcat,54821.63,IDR
Wanda,Mcdonald,wmcdonaldgp@slideshare.net,Russia,Female,Novyy Urengoy,Shufflebeat,65879.54,RUB
Howard,Mason,hmasongq@answers.com,Russia,Male,Kotel’niki,Photospace,69536.93,RUB
Amanda,Russell,arussellgr@bbc.co.uk,China,Female,Pingyin,Photospace,63940.06,CNY
Andrea,Fowler,afowlergs@usa.gov,Poland,Female,Gromnik,Flashpoint,90596.06,PLN
Samuel,Davis,sdavisgt@blogs.com,Philippines,Male,"Brgy. Nalook, kalibo",Brightbean,50640.54,PHP
Aaron,Wheeler,awheelergu@feedburner.com,China,Male,Qiongshan,Ooba,75956.26,CNY
Brenda,Armstrong,barmstronggv@sogou.com,China,Female,Gaosheng,Zoomdog,59737.92,CNY
Kevin,Williamson,kwilliamsongw@goo.gl,Brazil,Male,Barcarena,Oyonder,61751.17,BRL
Earl,Riley,erileygx@yahoo.com,Kazakhstan,Male,Aksu,Photospace,55896.32,KZT
Carlos,Parker,cparkergy@ebay.co.uk,Russia,Male,Monastyrshchina,Midel,,RUB
Howard,Ward,hwardgz@wufoo.com,France,Male,Nanterre,Eire,30359.90,EUR
John,Moore,jmooreh0@xrea.com,Indonesia,Male,Wakapuken,Devcast,38383.54,IDR
Janice,Moreno,jmorenoh1@google.nl,Indonesia,Female,Cibanten,Zava,87316.52,IDR
Sara,Hughes,shughesh2@scientificamerican.com,Philippines,Female,Carigara,Skalith,26690.03,PHP
Juan,Washington,jwashingtonh3@baidu.com,Myanmar,Male,Bhamo,Dabjam,48707.23,MMK
Amanda,Burke,aburkeh4@histats.com,Philippines,Female,Atok,Divape,,PHP
Joe,Bishop,jbishoph5@acquirethisname.com,Portugal,Male,Valença do Douro,Ntags,61644.04,EUR
Thomas,Castillo,tcastilloh6@vimeo.com,Philippines,Male,Salinas,Abatz,89442.18,PHP
Joseph,Lee,jleeh7@timesonline.co.uk,Philippines,Male,Panadtaban,Brainverse,82004.29,PHP
Sarah,Murphy,smurphyh8@hud.gov,Philippines,Female,Pigcawayan,Mycat,29079.90,PHP
Louis,Lawrence,llawrenceh9@mlb.com,Colombia,Male,Puerto Rico,Roodel,35503.41,COP
Christina,Adams,cadamsha@vinaora.com,Argentina,Female,Guatraché,Blogtag,,ARS
Tina,Hudson,thudsonhb@trellian.com,Sweden,Female,Bromma,Abata,22628.94,SEK
Ashley,Robinson,arobinsonhc@sohu.com,Indonesia,Female,Ayamaru,Ntag,22175.38,IDR
Richard,Hanson,rhansonhd@deviantart.com,Russia,Male,Novaya Lyalya,Zooveo,72953.40,RUB
Robin,Oliver,roliverhe@jalbum.net,United States,Female,Columbus,Wikibox,17778.76,USD
Judy,Coleman,jcolemanhf@harvard.edu,China,Female,Duobagou,Rhybox,47173.87,CNY
George,Ortiz,gortizhg@biglobe.ne.jp,Russia,Male,Belyy Gorodok,Rhyzio,54081.15,RUB
Matthew,Ferguson,mfergusonhh@miitbeian.gov.cn,Sweden,Male,Spånga,LiveZ,26107.66,SEK
Debra,Martin,dmartinhi@ucoz.ru,Philippines,Female,McKinley,Twinder,81833.21,PHP
Jack,Lynch,jlynchhj@marriott.com,Poland,Male,Świecie,Bluezoom,96420.81,PLN
Heather,Boyd,hboydhk@admin.ch,Poland,Female,Ostrów Lubelski,Yakidoo,,PLN
Nancy,Robinson,nrobinsonhl@photobucket.com,Peru,Female,Caja,Twimbo,32137.09,PEN
Doris,Lewis,dlewishm@de.vu,Indonesia,Female,Sumbermanggis,Yadel,36732.80,IDR
Joshua,Harris,jharrishn@1688.com,United States,Male,Fort Worth,Zoovu,26292.85,USD
Dennis,Lynch,dlynchho@soup.io,Sweden,Male,Skövde,Jazzy,25875.17,SEK
Christina,Martinez,cmartinezhp@mozilla.org,China,Female,Zhangjiayuan,Voolia,60913.73,CNY
Jennifer,Black,jblackhq@nhs.uk,Indonesia,Female,Maredakamau,Kazio,61448.00,IDR
Christine,Fernandez,cfernandezhr@storify.com,Indonesia,Female,Setanggor,Twitterwire,98904.03,IDR
Larry,Cox,lcoxhs@buzzfeed.com,Egypt,Male,Manfalūţ,Wordtune,50031.87,EGP
Alan,Wallace,awallaceht@mit.edu,Indonesia,Male,Karangmangu,Linktype,78819.39,IDR
Janice,Brown,jbrownhu@com.com,Canada,Female,White City,Jaxspan,,CAD
Carol,Meyer,cmeyerhv@walmart.com,Brazil,Female,Rio Branco do Sul,Kimia,10782.25,BRL
Maria,Sullivan,msullivanhw@house.gov,United States,Female,Racine,Brightdog,87669.24,USD
Carolyn,George,cgeorgehx@hatena.ne.jp,Russia,Female,Abakan,Blogtag,34943.95,RUB
Judith,Fields,jfieldshy@ning.com,China,Female,Liupai,Voonix,42658.24,CNY
Justin,Flores,jfloreshz@springer.com,Indonesia,Male,Cipari,Thoughtstorm,33193.73,IDR
Robin,Carpenter,rcarpenteri0@adobe.com,Peru,Female,Asia,Vinder,39581.80,PEN
Linda,Patterson,lpattersoni1@yolasite.com,Indonesia,Female,Loangmaka,Wikizz,12473.72,IDR
Amy,Adams,aadamsi2@army.mil,Mauritius,Female,Espérance Trébuchet,Centizu,24711.44,MUR
Kimberly,Shaw,kshawi3@macromedia.com,Philippines,Female,Sabtang,Kimia,25361.00,PHP
Steven,Johnson,sjohnsoni4@intel.com,China,Male,Jiazhuyuan,Skynoodle,12722.07,CNY
Jean,Dunn,jdunni5@bandcamp.com,China,Female,Tanbuqiao,Oyondu,76682.97,CNY
Carl,Fisher,cfisheri6@tuttocitta.it,Indonesia,Male,Keleng,Wordpedia,,IDR
Roger,Robertson,rrobertsoni7@arstechnica.com,France,Male,Marne-la-Vallée,Twitternation,96341.24,EUR
Rose,Garza,rgarzai8@privacy.gov.au,Finland,Female,Iitti,Tagopia,86004.88,EUR
Jimmy,Frazier,jfrazieri9@dmoz.org,Ireland,Male,Ashbourne,Topicstorm,18619.98,EUR
Sarah,Little,slittleia@boston.com,United States,Female,Garden Grove,Devify,56344.99,USD
Carlos,Hunter,chunterib@hao123.com,Brazil,Male,Antonina,Brainbox,22969.14,BRL
Emily,Perkins,eperkinsic@parallels.com,France,Female,La Courneuve,Blognation,59226.77,EUR
Christina,Weaver,cweaverid@ning.com,Philippines,Female,Gumaus,Divavu,40776.68,PHP
Russell,Griffin,rgriffinie@army.mil,Peru,Male,Mache,Twinte,54064.31,PEN
Tina,Washington,twashingtonif@cnet.com,Czech Republic,Female,Poříčí nad Sázavou,Mynte,46786.56,CZK
Dorothy,Jones,djonesig@hostgator.com,Russia,Female,Slobodskoy,Thoughtblab,,RUB
Bobby,Palmer,bpalmerih@google.cn,China,Male,Huyu,Jaxbean,,CNY
Marie,Boyd,mboydii@live.com,Seychelles,Female,Port Glaud,Skidoo,75415.14,SCR
Amanda,Wheeler,awheelerij@ucoz.ru,Tunisia,Female,Nefta,Zoomzone,51357.97,TND
Phyllis,Gardner,pgardnerik@feedburner.com,Canada,Female,Alberton,Lazz,45683.83,CAD
Martin,Kim,mkimil@washingtonpost.com,Costa Rica,Male,San Diego,Babbleopia,,CRC
Ralph,Shaw,rshawim@edublogs.org,Portugal,Male,Morgados,Skiba,85860.74,EUR
Marie,Burns,mburnsin@arstechnica.com,Tunisia,Female,Banī Khaddāsh,Yozio,11095.60,TND
Amanda,Matthews,amatthewsio@addtoany.com,Philippines,Female,Tignapalan,Gigaclub,,PHP
Amy,Willis,awillisip@sphinn.com,Poland,Female,Rozwadza,Trunyx,78976.20,PLN
Joan,Hudson,jhudsoniq@wunderground.com,China,Female,Gaoqiao,Feedfire,94886.18,CNY
Wayne,Riley,wrileyir@pagesperso-orange.fr,Russia,Male,Taganskiy,Cogidoo,72886.48,RUB
Arthur,Armstrong,aarmstrongis@i2i.jp,Dominican Republic,Male,Moca,Flipopia,97724.50,DOP
Deborah,Frazier,dfrazierit@etsy.com,Czech Republic,Female,Stříbro,Zoozzy,57487.40,CZK
Mary,Wells,mwellsiu@ox.ac.uk,Poland,Female,Mniszków,Browsedrive,50390.45,PLN
Jessica,Berry,jberryiv@elegantthemes.com,Brazil,Female,Orleans,Devshare,87709.42,BRL
Mary,Sims,msimsiw@kickstarter.com,Micronesia,Female,Sorol,Bubblemix,,USD
Sarah,Willis,swillisix@sourceforge.net,Palestinian Territory,Female,An Naşşārīyah,Babbleblab,58745.24,ILS
Shirley,Gardner,sgardneriy@phoca.cz,China,Female,Qingqu,Lajo,,CNY
Joshua,Ray,jrayiz@wikipedia.org,Russia,Male,Dukhovshchina,Riffwire,89734.47,RUB
Michelle,Lawson,mlawsonj0@trellian.com,Madagascar,Female,Fort Dauphin,Einti,46709.19,MGA
Kevin,Stewart,kstewartj1@netvibes.com,Colombia,Male,Circasia,Skinix,38249.75,COP
Johnny,Frazier,jfrazierj2@arizona.edu,Finland,Male,Hyrynsalmi,Mydo,59665.18,EUR
Julie,Franklin,jfranklinj3@spiegel.de,China,Female,Qingshu,Demivee,66156.57,CNY
Jerry,James,jjamesj4@ucla.edu,Poland,Male,Pawonków,Thoughtstorm,69119.11,PLN
Gloria,Howard,ghowardj5@163.com,Ukraine,Female,Skole,Zoomzone,4434.65,UAH
Anthony,Johnston,ajohnstonj6@woothemes.com,China,Male,Xinminxiang,Plajo,10409.92,CNY
Shirley,Ortiz,sortizj7@squarespace.com,France,Female,Élancourt,Eazzy,78343.48,EUR
Albert,Carr,acarrj8@army.mil,Myanmar,Male,Taungoo,Blogspan,87700.26,MMK
Eugene,Roberts,erobertsj9@123-reg.co.uk,Azerbaijan,Male,Barda,Riffpedia,64254.17,AZN
Patrick,Fowler,pfowlerja@webnode.com,China,Male,Tiantai Chengguanzhen,Zoonder,72805.74,CNY
Judith,Cox,jcoxjb@cisco.com,Russia,Female,Protvino,Jamia,99538.87,RUB
Patricia,Ward,pwardjc@usatoday.com,Serbia,Female,Bečej,Flashspan,65499.45,RSD
Sara,Williamson,swilliamsonjd@ted.com,Czech Republic,Female,Bukovec,Pixoboo,61241.76,CZK
Deborah,Hall,dhallje@storify.com,Russia,Female,Verkhnyaya Tura,Browsezoom,8193.29,RUB
Amy,Riley,arileyjf@wordpress.org,Yemen,Female,Ḩammām Damt,Devcast,62498.96,YER
Ernest,Vasquez,evasquezjg@princeton.edu,Costa Rica,Male,Mercedes,Kwilith,9422.49,CRC
Jesse,Hughes,jhughesjh@google.com.au,Czech Republic,Male,Klobuky,Devify,37008.88,CZK
Donna,Owens,dowensji@independent.co.uk,Comoros,Female,Ivouani,Bubblebox,,KMF
Teresa,Harvey,tharveyjj@addtoany.com,Philippines,Female,Limon,Bluejam,9073.00,PHP
Ruby,Hall,rhalljk@hc360.com,Egypt,Female,Al Jamālīyah,Quaxo,51091.90,EGP
Donald,Lopez,dlopezjl@feedburner.com,China,Male,Chakou,Leexo,65194.02,CNY
Dorothy,Martin,dmartinjm@trellian.com,France,Female,Cavaillon,Ooba,50314.49,EUR
Sandra,Wallace,swallacejn@tmall.com,Indonesia,Female,Babakan,Feedbug,12094.27,IDR
Ernest,Hernandez,ehernandezjo@unesco.org,Philippines,Male,Maluanluan,Gigabox,29704.64,PHP
Jonathan,Anderson,jandersonjp@altervista.org,Russia,Male,Novokayakent,Bubblebox,81944.13,RUB
Tina,Reynolds,treynoldsjq@webnode.com,Sweden,Female,Järfälla,Twinder,44324.24,SEK
Terry,Peterson,tpetersonjr@squidoo.com,Malaysia,Male,Kota Bharu,Divape,14707.10,MYR
Diana,Lane,dlanejs@tamu.edu,Japan,Female,Takahama,Zoombox,47368.95,JPY
Brandon,Larson,blarsonjt@t.co,China,Male,Shinaihai,Eabox,30068.76,CNY
Michael,Grant,mgrantju@flickr.com,Spain,Male,Leon,Mynte,93449.17,EUR
Theresa,Butler,tbutlerjv@nsw.gov.au,Ukraine,Female,Volnovakha,Dynabox,31743.84,UAH
Patrick,Williams,pwilliamsjw@cmu.edu,China,Male,Tacheng,Flashdog,88128.72,CNY
John,Thompson,jthompsonjx@fema.gov,China,Male,Jingzhou,Twitterwire,51105.77,CNY
Kenneth,Lawson,klawsonjy@salon.com,Kenya,Male,Isiolo,Demizz,98276.46,KES
Teresa,Bailey,tbaileyjz@goo.ne.jp,Indonesia,Female,Rawasan,Zoovu,18680.84,IDR
Cynthia,Ferguson,cfergusonk0@biblegateway.com,China,Female,Yuncheng,Topiclounge,53919.91,CNY
Anne,Medina,amedinak1@npr.org,Czech Republic,Female,Javorník,Photolist,,CZK
Carl,Holmes,cholmesk2@homestead.com,Russia,Male,Pavlogradka,Tambee,52156.65,RUB
Jerry,Duncan,jduncank3@yolasite.com,Venezuela,Male,La Azulita,Brainbox,71056.45,VEF
Catherine,Howell,chowellk4@columbia.edu,Portugal,Female,Além,Demivee,52087.02,EUR
Terry,Sanders,tsandersk5@surveymonkey.com,Portugal,Male,Passos,Voolia,27204.21,EUR
Kimberly,Bennett,kbennettk6@booking.com,Philippines,Female,Kaputian,Meedoo,86961.93,PHP
Angela,Hall,ahallk7@acquirethisname.com,Croatia,Female,Trpinja,Fivebridge,9989.01,HRK
Catherine,Gray,cgrayk8@wsj.com,Zimbabwe,Female,Kadoma,Yata,29688.87,ZWL
Jeremy,Roberts,jrobertsk9@barnesandnoble.com,Finland,Male,Inari,Shufflebeat,19804.99,EUR
Sara,Morgan,smorganka@phoca.cz,Burkina Faso,Female,Ziniaré,Divavu,912.78,XOF
Jason,Hayes,jhayeskb@so-net.ne.jp,Portugal,Male,Madalena do Mar,Riffwire,11935.06,EUR
Steve,Hayes,shayeskc@fda.gov,Greece,Male,Methóni,Tanoodle,58229.50,EUR
Tammy,Allen,tallenkd@youtube.com,Indonesia,Female,Wonopringgo,Aimbu,39781.88,IDR
Nicole,Robinson,nrobinsonke@samsung.com,Zimbabwe,Female,Chipinge,Tagchat,12551.68,ZWL
Steve,Montgomery,smontgomerykf@behance.net,France,Male,Roubaix,Tagchat,8588.71,EUR
Wanda,Burton,wburtonkg@nasa.gov,Sweden,Female,Stockholm,Flipopia,98217.74,SEK
Aaron,Ray,araykh@china.com.cn,Greece,Male,Korisós,Divavu,58191.27,EUR
Julie,Wallace,jwallaceki@redcross.org,Indonesia,Female,Babagan,Photobug,37126.78,IDR
Eric,Cruz,ecruzkj@nationalgeographic.com,Philippines,Male,Caramay,Dynava,,PHP
Donald,Snyder,dsnyderkk@github.io,Madagascar,Male,Betafo,Babbleblab,,MGA
Donna,Burns,dburnskl@feedburner.com,Russia,Female,Ovsyanka,Feedmix,51369.01,RUB
Heather,Franklin,hfranklinkm@imageshack.us,Indonesia,Female,Puteran Kidul,Dablist,36645.96,IDR
Maria,Ray,mraykn@apple.com,South Africa,Female,Worcester,Zoomdog,47285.27,ZAR
Ashley,Stanley,astanleyko@4shared.com,China,Female,Huyang,Ozu,,CNY
Pamela,Young,pyoungkp@theglobeandmail.com,Indonesia,Female,Pamotan,Plajo,22296.25,IDR
Steve,Kelley,skelleykq@google.pl,Germany,Male,Solingen,Photolist,59461.02,EUR
Julie,Burton,jburtonkr@cisco.com,China,Female,Wujiaying,Gabvine,31080.26,CNY
Lillian,Mason,lmasonks@addthis.com,Tanzania,Female,Masumbwe,Wordtune,,TZS
Earl,Ortiz,eortizkt@cocolog-nifty.com,Portugal,Male,Mirandela,Shufflebeat,77873.61,EUR
Laura,Miller,lmillerku@w3.org,Zimbabwe,Female,Mvuma,Yadel,49681.76,ZWL
John,Alvarez,jalvarezkv@wikispaces.com,Ukraine,Male,Koloniya Zastav’ye,Pixope,,UAH
Mary,Cole,mcolekw@zdnet.com,Thailand,Female,Phayao,Rhynoodle,5541.96,THB
Michael,Reynolds,mreynoldskx@vinaora.com,Poland,Male,Stronie,Shufflester,23964.67,PLN
Lisa,Duncan,lduncanky@com.com,Ukraine,Female,Kryvyy Rih,Divavu,,UAH
Martha,Black,mblackkz@twitter.com,Peru,Female,Quiñota,Kwimbee,78859.90,PEN
Ruth,Wheeler,rwheelerl0@cloudflare.com,Finland,Female,Loimaan Kunta,Myworks,2115.18,EUR
Evelyn,Cox,ecoxl1@booking.com,France,Female,Vallauris,Aivee,66822.40,EUR
Jonathan,Lawson,jlawsonl2@nature.com,Ukraine,Male,Aleksandrovka,Photobug,41454.24,UAH
Bonnie,Gutierrez,bgutierrezl3@php.net,Colombia,Female,Cunday,Yoveo,12411.60,COP
Norma,Mitchell,nmitchelll4@si.edu,China,Female,Yushan,Rhynyx,64760.87,CNY
Mark,Medina,mmedinal5@ezinearticles.com,China,Male,Rinbung,Gigabox,39647.35,CNY
Christine,Miller,cmillerl6@apple.com,United States,Female,Sacramento,Kwinu,58401.97,USD
Fred,Howell,fhowelll7@quantcast.com,Mexico,Male,Hidalgo,Youfeed,6095.15,MXN
Alan,Harris,aharrisl8@census.gov,China,Male,Huanggang,Kwideo,64034.18,CNY
Jerry,Williamson,jwilliamsonl9@tiny.cc,China,Male,Xijiadian,Eayo,42633.33,CNY
Eugene,Peters,epetersla@deviantart.com,Poland,Male,Łyse,Myworks,44299.42,PLN
Brian,Franklin,bfranklinlb@usda.gov,Indonesia,Male,Cirahab,Trupe,6786.61,IDR
Julie,Harper,jharperlc@clickbank.net,Indonesia,Female,Waru,Wikizz,,IDR
Patrick,Andrews,pandrewsld@yandex.ru,Indonesia,Male,Tugu,Quaxo,52263.92,IDR
Kimberly,Jacobs,kjacobsle@biglobe.ne.jp,Spain,Female,Cartagena,Meejo,28977.17,EUR
Terry,Welch,twelchlf@parallels.com,Afghanistan,Male,Fayzabad,Meejo,,AFN
Samuel,Grant,sgrantlg@drupal.org,China,Male,Huangchen,Kazio,68525.44,CNY
John,Hunter,jhunterlh@csmonitor.com,Portugal,Male,Pereira,Centizu,64849.76,EUR
Theresa,Williamson,twilliamsonli@facebook.com,Lithuania,Female,Salantai,Kwinu,90745.91,LTL
David,Young,dyounglj@fc2.com,Mongolia,Male,Maanĭt,Realfire,75074.27,MNT
Judith,Lawson,jlawsonlk@eventbrite.com,Colombia,Female,Patía,Meevee,99882.92,COP
Mildred,Jacobs,mjacobsll@kickstarter.com,New Zealand,Female,Kelburn,Dabshots,55479.08,NZD
Carl,Hernandez,chernandezlm@trellian.com,Indonesia,Male,Ngilengan,Voomm,48313.61,IDR
Sarah,Gonzalez,sgonzalezln@who.int,South Korea,Female,Taesal-li,Realbridge,37436.52,KRW
Brenda,Hall,bhalllo@baidu.com,Poland,Female,Białośliwie,Riffpath,55474.67,PLN
Gary,Hunter,ghunterlp@kickstarter.com,Aland Islands,Male,Kökar,Kayveo,77188.80,EUR
Jerry,Dixon,jdixonlq@weibo.com,Portugal,Male,Quebradas,Oyoloo,,EUR
Phillip,Smith,psmithlr@wunderground.com,Bosnia and Herzegovina,Male,Šipovo,Tavu,28252.21,BAM
Howard,Brown,hbrownls@amazonaws.com,Portugal,Male,Santa Bárbara de Padrões,Dabtype,16181.99,EUR
Bonnie,Hansen,bhansenlt@360.cn,Nigeria,Female,Okpoma,Devshare,10441.61,NGN
Brandon,Fisher,bfisherlu@hhs.gov,China,Male,Wufeng,Tagcat,359.86,CNY
Juan,Mills,jmillslv@e-recht24.de,Thailand,Male,Nong Khai,Twitterbridge,17424.42,THB
Andrea,Olson,aolsonlw@virginia.edu,Russia,Female,Saransk,Quire,82312.25,RUB
Anna,Meyer,ameyerlx@samsung.com,Sweden,Female,Sunne,Quamba,50452.20,SEK
Margaret,Rose,mrosely@unblog.fr,China,Female,Wuyang,Realmix,67631.42,CNY
Lisa,Sanders,lsanderslz@unicef.org,Indonesia,Female,Tambangan,Topicblab,77638.31,IDR
Ashley,Carpenter,acarpenterm0@twitter.com,Peru,Female,Guadalupe,Miboo,69166.47,PEN
Jonathan,Little,jlittlem1@github.io,Ukraine,Male,Askaniya Nova,Feedspan,61468.68,UAH
Maria,Stevens,mstevensm2@booking.com,Thailand,Female,Trat,Yamia,60973.22,THB
Scott,Olson,solsonm3@elegantthemes.com,Panama,Male,San Miguelito,Leexo,45326.94,PAB
Billy,Lane,blanem4@acquirethisname.com,Russia,Male,Bogdanovich,Mynte,,RUB
Ernest,Mccoy,emccoym5@weather.com,Portugal,Male,Gaio,Jetwire,45230.49,EUR
Melissa,Reynolds,mreynoldsm6@google.nl,Madagascar,Female,Manjakandriana,Photospace,,MGA
Sarah,Ramos,sramosm7@w3.org,Philippines,Female,Uacon,Mudo,75396.30,PHP
William,Phillips,wphillipsm8@mediafire.com,China,Male,Kuntong,Meemm,63286.54,CNY
Jeremy,Butler,jbutlerm9@twitpic.com,Russia,Male,Zhukovo,Avamba,52876.23,RUB
Phillip,Wright,pwrightma@dion.ne.jp,China,Male,Yongtai,Quimm,71819.51,CNY
Roy,Harrison,rharrisonmb@unblog.fr,Indonesia,Male,Pasonobenu,Dablist,98195.26,IDR
Brenda,Mitchell,bmitchellmc@businesswire.com,Indonesia,Female,Kalembutillu,Meejo,96608.09,IDR
Virginia,Mitchell,vmitchellmd@blogs.com,Indonesia,Female,Sorren Daya,Podcat,55952.93,IDR
Chris,Medina,cmediname@yale.edu,China,Male,Fangxiang,Kwideo,1856.42,CNY
Matthew,Ryan,mryanmf@so-net.ne.jp,China,Male,Yamen,Cogidoo,95821.59,CNY
Andrew,Roberts,arobertsmg@cpanel.net,China,Male,Gexi,Dynabox,43727.17,CNY
Angela,Robinson,arobinsonmh@elpais.com,Indonesia,Female,Jenamas,Flashset,78832.50,IDR
Clarence,Williams,cwilliamsmi@fc2.com,Brazil,Male,São Gabriel,Meeveo,92939.46,BRL
William,Fisher,wfishermj@hubpages.com,Ireland,Male,Piltown,Jabbercube,71415.94,EUR
Carl,Lawson,clawsonmk@washingtonpost.com,China,Male,Zhetang,Voonte,4478.20,CNY
Dorothy,Garcia,dgarciaml@auda.org.au,South Africa,Female,Emnambithi-Ladysmith,Zazio,,ZAR
Andrea,Fernandez,afernandezmm@blogspot.com,Russia,Female,Lugovskoy,Vipe,43903.90,RUB
Jesse,Taylor,jtaylormn@jigsy.com,Thailand,Male,Santi Suk,Kwimbee,84280.70,THB
Robin,Stevens,rstevensmo@gnu.org,Indonesia,Female,Sukowiryo,Yotz,88399.93,IDR
Robert,Ruiz,rruizmp@youtu.be,France,Male,Lyon,Meezzy,9747.98,EUR
Jeremy,Ross,jrossmq@independent.co.uk,Malaysia,Male,Kuching,Quamba,47455.68,MYR
Jane,Marshall,jmarshallmr@bigcartel.com,China,Female,Yongning,Gabcube,9837.81,CNY
Diane,Rodriguez,drodriguezms@tinypic.com,Canada,Female,Maskinongé,Demivee,,CAD
Clarence,Thompson,cthompsonmt@loc.gov,Russia,Male,Darovskoy,Linkbridge,47663.37,RUB
Ruth,Elliott,relliottmu@a8.net,Norway,Female,Bergen,Demimbu,78464.54,NOK
Marilyn,Burns,mburnsmv@acquirethisname.com,China,Female,Shangju,LiveZ,14539.72,CNY
Scott,Harvey,sharveymw@unblog.fr,Japan,Male,Mishima,Dazzlesphere,,JPY
Gloria,Edwards,gedwardsmx@google.com.br,Indonesia,Female,Depapre,Tanoodle,33018.95,IDR
Joshua,Morrison,jmorrisonmy@usnews.com,Honduras,Male,Campamento,Jabberstorm,30739.42,HNL
Sara,Holmes,sholmesmz@amazon.com,Brazil,Female,Barra de São Francisco,BlogXS,68782.56,BRL
Joyce,Allen,jallenn0@boston.com,Malta,Female,Ta’ Xbiex,LiveZ,10370.26,EUR
Henry,Davis,hdavisn1@loc.gov,Portugal,Male,Segodim,Fivebridge,24450.66,EUR
Patrick,Murray,pmurrayn2@myspace.com,Indonesia,Male,Bantilan,Topiclounge,24825.87,IDR
Diana,Burke,dburken3@prnewswire.com,Portugal,Female,Vila do Bispo,Thoughtbeat,28609.72,EUR
Keith,Baker,kbakern4@amazon.com,Nigeria,Male,Wuyo,Eimbee,,NGN
Bruce,Perry,bperryn5@comcast.net,Colombia,Male,Aquitania,Tazzy,,COP
Eric,Wilson,ewilsonn6@bigcartel.com,Russia,Male,Danilov,Nlounge,50943.88,RUB
Joan,Nichols,jnicholsn7@behance.net,Dominican Republic,Female,Fantino,Twitterwire,91752.02,DOP
Roy,Romero,rromeron8@ebay.co.uk,Poland,Male,Dębe Wielkie,BlogXS,3112.10,PLN
Kathryn,Hart,khartn9@themeforest.net,China,Female,Liuzhuang,Tavu,32638.22,CNY
Diane,Austin,daustinna@apple.com,Philippines,Female,Calingcuan,Photofeed,74060.43,PHP
Antonio,Moore,amoorenb@unc.edu,Cuba,Male,Río Guayabal de Yateras,Chatterbridge,9722.83,CUP
Heather,Roberts,hrobertsnc@imageshack.us,China,Female,Huangtugang,Topicware,93322.64,CNY
Douglas,Hernandez,dhernandeznd@uol.com.br,Argentina,Male,Gualeguay,Feedspan,,ARS
Peter,Owens,powensne@tumblr.com,Haiti,Male,Carrefour,Yodel,94334.15,HTG
Arthur,Harper,aharpernf@abc.net.au,China,Male,Jiuhua,Youbridge,20411.67,CNY
Kathryn,Marshall,kmarshallng@businessinsider.com,Philippines,Female,Gutalac,Zoovu,46116.97,PHP
Rose,Diaz,rdiaznh@guardian.co.uk,China,Female,Laojiangjunjie,Yacero,6719.83,CNY
Thomas,Robertson,trobertsonni@imgur.com,Thailand,Male,Samut Sakhon,Twitterlist,26436.70,THB
Christina,Flores,cfloresnj@stanford.edu,Indonesia,Female,Krajan,Avaveo,70787.10,IDR
Frances,Dunn,fdunnnk@samsung.com,Mauritania,Female,Rosso,Tavu,99676.79,MRO
Jesse,Hudson,jhudsonnl@hexun.com,Macedonia,Male,Jankovec,Browsedrive,86811.49,MKD
Robert,Fields,rfieldsnm@nydailynews.com,South Africa,Male,Atlantis,Brainsphere,41894.13,ZAR
Anne,Kim,akimnn@wufoo.com,Ukraine,Female,Rozhniv,Flipopia,65803.34,UAH
George,Miller,gmillerno@sciencedirect.com,Guatemala,Male,San Antonio Aguas Calientes,Innotype,21579.24,GTQ
Frank,Diaz,fdiaznp@booking.com,Croatia,Male,Soljani,Twinte,30306.68,HRK
Adam,Ellis,aellisnq@dion.ne.jp,Denmark,Male,Frederiksberg,Divape,,DKK
Carlos,Baker,cbakernr@gravatar.com,Nigeria,Male,Okpoma,InnoZ,34538.48,NGN
Pamela,Gibson,pgibsonns@surveymonkey.com,Argentina,Female,Valcheta,Zoomcast,,ARS
Heather,Jenkins,hjenkinsnt@bizjournals.com,China,Female,Yangping,Zoonoodle,43340.74,CNY
Harold,Austin,haustinnu@digg.com,Argentina,Male,Chicoana,Skiba,,ARS
Justin,Lane,jlanenv@nature.com,Uruguay,Male,San José de Mayo,Omba,60818.65,UYU
Margaret,Fernandez,mfernandeznw@geocities.com,Poland,Female,Obsza,Flipstorm,80843.80,PLN
Peter,Hill,phillnx@indiatimes.com,Poland,Male,Wilkowice,Flipstorm,14399.13,PLN
Ruby,Ford,rfordny@mail.ru,Finland,Female,Sulkava,Yata,50803.22,EUR
Antonio,Ramos,aramosnz@infoseek.co.jp,Greece,Male,Palaiópyrgos,Jabbersphere,80096.40,EUR
Ralph,Bradley,rbradleyo0@bravesites.com,Pakistan,Male,Hujra,Twimbo,4155.68,PKR
Clarence,Snyder,csnydero1@comcast.net,Vietnam,Male,Chơn Thành,Brainlounge,68178.25,VND
Jeffrey,Mcdonald,jmcdonaldo2@canalblog.com,Indonesia,Male,Salamnunggal,Yabox,42013.37,IDR
Alice,Butler,abutlero3@people.com.cn,China,Female,Yuejin,Voonder,,CNY
Janice,Alvarez,jalvarezo4@t.co,Indonesia,Female,Penitik,Muxo,95238.65,IDR
Wanda,Welch,wwelcho5@liveinternet.ru,Colombia,Female,El Carmen,Trupe,,COP
Debra,Boyd,dboydo6@nifty.com,Brazil,Female,Bandeirantes,Flipstorm,53423.49,BRL
Douglas,Burns,dburnso7@yahoo.com,China,Male,Hengtang,Browsecat,85539.60,CNY
Doris,Gilbert,dgilberto8@marriott.com,Mongolia,Female,Holboo,Feedbug,21490.57,MNT
Robin,Cruz,rcruzo9@unesco.org,Palestinian Territory,Female,Zaytā,Jaxnation,17408.23,ILS
Nicole,Ortiz,nortizoa@huffingtonpost.com,Poland,Female,Regnów,Linkbuzz,23715.01,PLN
Sara,Franklin,sfranklinob@admin.ch,Philippines,Female,Caminauit,Kwideo,31878.29,PHP
Anne,Day,adayoc@wikipedia.org,Indonesia,Female,Cipanjang,Skaboo,24586.69,IDR
Kathy,Moore,kmooreod@theguardian.com,Japan,Female,Nanae,Bubblemix,93389.82,JPY
Brenda,Kim,bkimoe@fastcompany.com,Indonesia,Female,Mandepa Barat,Quire,71806.99,IDR
Lawrence,Wheeler,lwheelerof@bloglines.com,France,Male,Paris 19,Tagpad,33750.05,EUR
Antonio,Kennedy,akennedyog@liveinternet.ru,Argentina,Male,Chimbas,Jatri,11071.24,ARS
Ryan,Fisher,rfisheroh@intel.com,Sweden,Male,Skellefteå,Oyoba,,SEK
Donna,Howell,dhowelloi@purevolume.com,China,Female,Changqiao,Edgeclub,76137.56,CNY
Beverly,Myers,bmyersoj@utexas.edu,Spain,Female,Donostia-San Sebastian,Yodo,81318.12,EUR
Katherine,Jones,kjonesok@cafepress.com,Bulgaria,Female,Ikhtiman,Yodo,,BGN
Kathy,Wallace,kwallaceol@cbc.ca,Argentina,Female,El Cuy,Katz,28802.86,ARS
Ann,Myers,amyersom@wiley.com,Mexico,Female,La Esperanza,Skajo,72579.26,MXN
Christopher,Hall,challon@moonfruit.com,Central African Republic,Male,Batangafo,Quimba,31124.51,XAF
Carol,Cooper,ccooperoo@hc360.com,Philippines,Female,Santiago,Oyoloo,62215.53,PHP
Melissa,Weaver,mweaverop@webs.com,Poland,Female,Gniezno,Fanoodle,4429.80,PLN
John,Bowman,jbowmanoq@google.it,Poland,Male,Kobylin,Livefish,4677.84,PLN
Billy,Martinez,bmartinezor@51.la,Canada,Male,Coaldale,Dynabox,55466.88,CAD
Kathleen,Patterson,kpattersonos@hatena.ne.jp,China,Female,Baiyushan,Pixoboo,70219.01,CNY
Mark,Daniels,mdanielsot@fastcompany.com,Argentina,Male,Chamical,Shufflester,72682.34,ARS
Larry,White,lwhiteou@plala.or.jp,Slovenia,Male,Kranj,Tanoodle,2165.24,EUR
Steve,Roberts,srobertsov@wikispaces.com,Ukraine,Male,Ulichnoye,Photobean,63769.98,UAH
Jason,Shaw,jshawow@cpanel.net,Portugal,Male,Corujeira,Yacero,,EUR
Kenneth,Palmer,kpalmerox@google.co.uk,United States,Male,New Hyde Park,Photobean,46139.30,USD
Harold,George,hgeorgeoy@i2i.jp,Colombia,Male,La Jagua de Ibirico,Skaboo,83757.24,COP
Adam,Hudson,ahudsonoz@angelfire.com,Sweden,Male,Tyresö,Eimbee,87022.45,SEK
William,Jenkins,wjenkinsp0@tiny.cc,China,Male,Sankeyushu,Ainyx,16252.53,CNY
Philip,Fowler,pfowlerp1@homestead.com,Venezuela,Male,El Regalo,Skimia,58501.17,VEF
Andrew,Price,apricep2@ebay.com,Belarus,Male,Kirawsk,Babbleopia,23104.18,BYR
Theresa,Roberts,trobertsp3@mediafire.com,United States,Female,Grand Rapids,Digitube,42998.46,USD
Jeffrey,Hayes,jhayesp4@irs.gov,Indonesia,Male,Rundeng,Tagopia,79039.98,IDR
Marilyn,Morrison,mmorrisonp5@linkedin.com,United States,Female,San Diego,Realcube,35514.52,USD
Nicole,Morris,nmorrisp6@webs.com,Indonesia,Female,Kumanis,Zoombox,61825.56,IDR
Phillip,Harper,pharperp7@rambler.ru,Russia,Male,Vodstroy,Edgeify,69357.93,RUB
Rose,Myers,rmyersp8@ustream.tv,Canada,Female,Midland,Skimia,8851.45,CAD
David,Cooper,dcooperp9@ask.com,Czech Republic,Male,Horní Lideč,Kwilith,49755.22,CZK
Nicholas,Jacobs,njacobspa@wsj.com,China,Male,Jinjiang,Wordtune,58012.52,CNY
Christina,Peterson,cpetersonpb@a8.net,Indonesia,Female,Jatiprahu,Zoomcast,40626.89,IDR
Bonnie,Griffin,bgriffinpc@liveinternet.ru,Honduras,Female,Guacamaya,Tekfly,43999.55,HNL
Roy,Fisher,rfisherpd@sfgate.com,France,Male,Chalon-sur-Saône,Livetube,59379.61,EUR
Carol,Jones,cjonespe@storify.com,China,Female,Daming,Photospace,61903.18,CNY
Karen,Gardner,kgardnerpf@bigcartel.com,Indonesia,Female,Krajan Timur Mlokorejo,Zoombox,87009.75,IDR
Rose,Hudson,rhudsonpg@smugmug.com,Haiti,Female,Mirebalais,Demizz,53496.46,HTG
Donald,West,dwestph@storify.com,France,Male,Bobigny,Meembee,82468.56,EUR
Philip,Johnson,pjohnsonpi@go.com,United Arab Emirates,Male,Sharjah,Quatz,28656.05,AED
Janice,Scott,jscottpj@reverbnation.com,Philippines,Female,Tungao,Jaxnation,99224.19,PHP
Kevin,Ross,krosspk@angelfire.com,Cyprus,Male,Ágios Týchon,Bluejam,26261.12,EUR
Scott,Murray,smurraypl@yale.edu,Panama,Male,La Loma,Tanoodle,,PAB
Aaron,Fernandez,afernandezpm@google.co.uk,United States,Male,Charleston,Feednation,32622.81,USD
Carol,Reid,creidpn@hc360.com,China,Female,Karmai,Bubblemix,31981.54,CNY
Gloria,Cruz,gcruzpo@edublogs.org,China,Female,Sangba,Kwinu,,CNY
Stephanie,Richards,srichardspp@tiny.cc,Canada,Female,Vaudreuil-Dorion,Divanoodle,40666.63,CAD
Steve,Holmes,sholmespq@merriam-webster.com,Morocco,Male,Tazouta,Meembee,93404.49,MAD
Christina,Richards,crichardspr@webmd.com,Czech Republic,Female,Vejprnice,Centimia,14980.13,CZK
Betty,Johnson,bjohnsonps@baidu.com,Brazil,Female,São Marcos,Youspan,52233.97,BRL
Patricia,Russell,prussellpt@quantcast.com,Portugal,Female,Nagosela,Tagopia,88037.69,EUR
Jack,Watson,jwatsonpu@uiuc.edu,Chad,Male,Aozou,Eabox,5632.98,XAF
Cynthia,Crawford,ccrawfordpv@godaddy.com,China,Female,Shidong,Meembee,84224.38,CNY
Helen,Wells,hwellspw@state.gov,Russia,Female,Shakhty,Zoomcast,68630.27,RUB
Jack,Simpson,jsimpsonpx@skyrock.com,Peru,Male,Nanchoc,Oyondu,19761.00,PEN
Richard,Gordon,rgordonpy@webnode.com,Portugal,Male,Pigeiros,Camido,73487.31,EUR
Roy,Andrews,randrewspz@unesco.org,Argentina,Male,El Carmen,Centidel,28490.57,ARS
Paula,Johnson,pjohnsonq0@twitpic.com,South Korea,Female,Hongsung,Fiveclub,94952.89,KRW
Bobby,Ford,bfordq1@amazon.com,Bosnia and Herzegovina,Male,Lamovita,Yakitri,,BAM
Robin,Webb,rwebbq2@home.pl,Finland,Female,Saari,Talane,63577.71,EUR
Joyce,Sanchez,jsanchezq3@angelfire.com,Greece,Female,Spárti,Zooveo,24891.30,EUR
Albert,Sullivan,asullivanq4@mayoclinic.com,Portugal,Male,Parada de Pinhão,Gabtune,99185.74,EUR
Margaret,Murray,mmurrayq5@dagondesign.com,Brazil,Female,São João Nepomuceno,Oyoyo,23592.99,BRL
Jesse,Fields,jfieldsq6@odnoklassniki.ru,Brazil,Male,Soledade,Skidoo,25993.39,BRL
Rachel,Campbell,rcampbellq7@gizmodo.com,Dominican Republic,Female,Ensanche Luperón,Skynoodle,73457.10,DOP
Matthew,Gilbert,mgilbertq8@netscape.com,Azerbaijan,Male,Hacıqabul,Gabtune,10459.38,AZN
Ann,Knight,aknightq9@addtoany.com,Colombia,Female,Acacías,Edgepulse,25170.42,COP
Lisa,King,lkingqa@github.io,Dominican Republic,Female,Quisqueya,Thoughtbridge,34469.97,DOP
Gary,Lane,glaneqb@alexa.com,United States,Male,Denver,Cogibox,51663.84,USD
Annie,Jackson,ajacksonqc@house.gov,Belarus,Female,Vitebsk,Ailane,37311.42,BYR
Paula,Hall,phallqd@w3.org,Indonesia,Female,Pakemitan Dua,Zoomlounge,34615.60,IDR
Denise,Webb,dwebbqe@ft.com,Poland,Female,Augustów,Shufflebeat,82542.38,PLN
Charles,Hawkins,chawkinsqf@harvard.edu,Ukraine,Male,Nuyno,Rhynoodle,60297.81,UAH
Scott,Rogers,srogersqg@bravesites.com,China,Male,Xingtan,JumpXS,88175.38,CNY
Tina,Medina,tmedinaqh@wp.com,China,Female,Suining,Bluejam,11614.95,CNY
Linda,Gardner,lgardnerqi@gravatar.com,Indonesia,Female,Palopo,Skyble,,IDR
Phillip,Miller,pmillerqj@weather.com,Philippines,Male,San Jose,Rhycero,94102.49,PHP
Shawn,Wallace,swallaceqk@skyrock.com,Thailand,Male,Tha Bo,Skilith,59469.24,THB
Jack,Henderson,jhendersonql@163.com,China,Male,Shangsha,Roomm,,CNY
Ronald,Andrews,randrewsqm@t-online.de,China,Male,Pingdu,Mydeo,38317.29,CNY
Shawn,Hill,shillqn@tamu.edu,New Zealand,Male,Takaka,Kimia,83643.24,NZD
Richard,Freeman,rfreemanqo@phoca.cz,Greece,Male,Káto Asítai,Dynabox,,EUR
Lawrence,Jenkins,ljenkinsqp@symantec.com,Malawi,Male,Mzuzu,Quamba,81880.17,MWK
Jerry,Dean,jdeanqq@springer.com,China,Male,Mishixiang,Lajo,59680.80,CNY
Victor,Turner,vturnerqr@google.fr,Russia,Male,Medvedok,Tambee,12618.90,RUB
Teresa,Mccoy,tmccoyqs@ustream.tv,Costa Rica,Female,San Felipe,Ozu,46042.87,CRC
Jesse,Ross,jrossqt@elpais.com,Croatia,Male,Galižana,Blognation,64080.55,HRK
Amanda,Ross,arossqu@ustream.tv,China,Female,Huangge,Avaveo,22766.38,CNY
Cheryl,Campbell,ccampbellqv@adobe.com,China,Female,Niba,Trilith,31242.17,CNY
Antonio,Rivera,ariveraqw@miibeian.gov.cn,Russia,Male,Chernukha,Voolith,82762.09,RUB
Ryan,Scott,rscottqx@businessweek.com,Jordan,Male,Russeifa,Fanoodle,48183.79,JOD
Sarah,Lynch,slynchqy@cyberchimps.com,China,Female,Puyan,Fanoodle,15146.59,CNY
Marilyn,Lawrence,mlawrenceqz@cisco.com,Syria,Female,Nawá,Voonix,86687.00,SYP
Brandon,Hamilton,bhamiltonr0@usa.gov,Philippines,Male,Bual,Dabjam,44.07,PHP
Paula,Arnold,parnoldr1@pagesperso-orange.fr,Canada,Female,St. Thomas,Flashpoint,24538.94,CAD
Joan,Riley,jrileyr2@discovery.com,France,Female,Villeneuve-la-Garenne,Zoomcast,54258.78,EUR
Anthony,Porter,aporterr3@edublogs.org,Russia,Male,Iksha,Skinix,87875.33,RUB
Albert,Morrison,amorrisonr4@wsj.com,Portugal,Male,Estreito Câmara de Lobos,Topdrive,2632.73,EUR
Gary,Clark,gclarkr5@ucoz.ru,France,Male,Alfortville,Skivee,49840.63,EUR
Donna,Carpenter,dcarpenterr6@reddit.com,Indonesia,Female,Wotan,Fanoodle,44194.76,IDR
Louise,Frazier,lfrazierr7@un.org,Indonesia,Female,Cibolek Kidul,Thoughtworks,86818.67,IDR
Matthew,Patterson,mpattersonr8@dmoz.org,Ukraine,Male,Sartana,Zoomdog,56490.69,UAH
Tina,Ferguson,tfergusonr9@themeforest.net,Philippines,Female,Telbang,Jabbersphere,30445.75,PHP
Evelyn,Fernandez,efernandezra@clickbank.net,Philippines,Female,Glamang,Skiba,54297.12,PHP
Bonnie,Chapman,bchapmanrb@list-manage.com,China,Female,Baqiu,Topicstorm,68066.39,CNY
Emily,Russell,erussellrc@facebook.com,South Africa,Female,Komga,Linkbuzz,26182.69,ZAR
Cheryl,Nelson,cnelsonrd@free.fr,Saudi Arabia,Female,Sakākā,Quinu,47794.46,SAR
George,Boyd,gboydre@oracle.com,France,Male,Rumilly,Voomm,,EUR
Shirley,Harper,sharperrf@washingtonpost.com,China,Female,Pingyi,Jabberbean,51158.82,CNY
Michael,Day,mdayrg@tripod.com,Indonesia,Male,Paritaman,Bluezoom,52770.94,IDR
Jimmy,Wilson,jwilsonrh@purevolume.com,Portugal,Male,Nogueira da Regedoura,Quatz,22042.94,EUR
Bruce,Long,blongri@irs.gov,Costa Rica,Male,Paquera,Oozz,68787.21,CRC
Andrew,Lewis,alewisrj@addthis.com,Armenia,Male,Buzhakan,Shuffledrive,92115.65,AMD
Chris,Wallace,cwallacerk@hc360.com,Dominican Republic,Male,Cambita Garabitos,Roomm,14327.46,DOP
Anna,Hernandez,ahernandezrl@mozilla.org,United States,Female,Lansing,Edgewire,11047.44,USD
Bonnie,Fuller,bfullerrm@weebly.com,China,Female,Yinglong,Devpoint,57002.72,CNY
Karen,Lopez,klopezrn@cisco.com,United Arab Emirates,Female,Ras al-Khaimah,Yozio,86034.84,AED
Harry,Sanders,hsandersro@java.com,Brazil,Male,Icó,Tagcat,93760.23,BRL
Scott,Morris,smorrisrp@pagesperso-orange.fr,Poland,Male,Baranowo,Twitternation,74489.16,PLN
Joseph,Walker,jwalkerrq@google.co.uk,Japan,Male,Hino,Jabbersphere,,JPY
Christine,Alexander,calexanderrr@prweb.com,Indonesia,Female,Liliana,Snaptags,82876.23,IDR
