Kimberly,Ruiz,kruiz0@wunderground.com,Poland,Female,Zblewo,Jetwire,68545.87,PLN
William,Moreno,wmoreno1@pbs.org,Slovenia,Male,Rakek,Jaloo,12565.13,EUR
Jessica,Bailey,jbailey2@nasa.gov,Mongolia,Female,Sharga,Einti,24766.39,MNT
Doris,Howell,dhowell3@google.cn,Slovenia,Female,Zasip,Devify,46763.93,EUR
Irene,Butler,ibutler4@oakley.com,Argentina,Female,Alejandro Roca,Skinder,41410.43,ARS
Eugene,Campbell,ecampbell5@biglobe.ne.jp,Saudi Arabia,Male,Sakākā,Jamia,,SAR
Gregory,Alvarez,galvarez6@xrea.com,Japan,Male,Saiki,Camimbo,6142.88,JPY
Tammy,Simmons,tsimmons7@technorati.com,Hungary,Female,Debrecen,Skilith,34383.84,HUF
Janet,Allen,jallen8@nydailynews.com,China,Female,Zhili,Skaboo,92155.36,CNY
Patricia,Fox,pfox9@springer.com,Philippines,Female,Atabayan,Voonte,46321.10,PHP
Beverly,Williamson,bwilliamsona@networkadvertising.org,Russia,Female,Askiz,Vidoo,74745.89,RUB
Wayne,Watkins,wwatkinsb@mysql.com,Brazil,Male,Bom Jesus da Lapa,Thoughtsphere,,BRL
Gregory,Grant,ggrantc@cargocollective.com,Paraguay,Male,Piribebuy,Yakitri,69183.26,PYG
Denise,Dean,ddeand@tuttocitta.it,Philippines,Female,Mailag,JumpXS,87671.30,PHP
Joshua,Lee,jleee@archive.org,China,Male,Huangdi,Zoonoodle,24050.63,CNY
Timothy,Bennett,tbennettf@engadget.com,Somalia,Male,Dhuusamarreeb,Vidoo,20229.58,SOS
Cynthia,Stewart,cstewartg@howstuffworks.com,Indonesia,Female,Pasongsongan,Kazio,99592.01,IDR
Gloria,Griffin,ggriffinh@dmoz.org,Indonesia,Female,Babah Rot,Riffpath,30924.59,IDR
Paul,James,pjamesi@desdev.cn,Australia,Male,Sydney South,Topicstorm,26676.43,AUD
Louis,White,lwhitej@apache.org,Russia,Male,Palkino,Fivebridge,,RUB
Tammy,Fields,tfieldsk@youku.com,South Africa,Female,Taung,Twinder,567.69,ZAR
Jane,Webb,jwebbl@bbb.org,China,Female,Hongkeli,Twitterworks,76331.25,CNY
Bobby,Black,bblackm@wikia.com,China,Male,Chengxiang,Skilith,91892.50,CNY
Sean,Bell,sbelln@bloglovin.com,China,Male,Hecun,Midel,58500.63,CNY
Kelly,Bowman,kbowmano@prlog.org,Sweden,Female,Mölndal,Zoomzone,55329.64,SEK
Kevin,Larson,klarsonp@com.com,Russia,Male,Nyandoma,Quamba,80931.83,RUB
Sarah,Tucker,stuckerq@privacy.gov.au,Spain,Female,Vitoria-Gasteiz,Twitterbridge,23034.13,EUR
Larry,Peters,lpetersr@ycombinator.com,Portugal,Male,Lavandeira,Skyvu,,EUR
Anne,Warren,awarrens@bigcartel.com,Indonesia,Female,Kertapura,Ailane,55585.93,IDR
Joyce,Boyd,jboydt@ifeng.com,Honduras,Female,Yaruchel,Jabbersphere,82374.03,HNL
Michael,Sims,msimsu@mozilla.org,Colombia,Male,Arauquita,Twitternation,29468.22,COP
Ronald,Chavez,rchavezv@360.cn,China,Male,Huangbu,Brainbox,,CNY
Deborah,Welch,dwelchw@usatoday.com,Poland,Female,Janów,Kwilith,22814.79,PLN
Samuel,Shaw,sshawx@addtoany.com,Brazil,Male,Paulista,Zoonder,36230.79,BRL
Ernest,Black,eblacky@printfriendly.com,Netherlands,Male,Terneuzen,Voonix,25591.63,EUR
Denise,Fox,dfoxz@wikipedia.org,Poland,Female,Racławice,Mynte,56056.31,PLN
Christina,Greene,cgreene10@va.gov,Philippines,Female,Giporlos,Divape,12906.05,PHP
Denise,Ellis,dellis11@chron.com,Sweden,Female,Skellefteå,Feedfire,43309.17,SEK
Sandra,Duncan,sduncan12@51.la,Syria,Female,Al Mayādīn,Aibox,42175.19,SYP
Wayne,Riley,wriley13@hp.com,Sweden,Male,Kopparberg,Babbleblab,20959.72,SEK
Chris,Lynch,clynch14@netlog.com,China,Male,Xushuguan,Fivechat,5979.30,CNY
Robin,Crawford,rcrawford15@live.com,Thailand,Female,Chaloem Phra Kiat,Voonder,65374.70,THB
Kathryn,Fernandez,kfernandez16@hubpages.com,Pakistan,Female,Bahāwalpur,Twitterworks,55126.39,PKR
Betty,Gomez,bgomez17@wufoo.com,Estonia,Female,Aseri,Tagpad,64000.18,EUR
Kelly,Gonzales,kgonzales18@europa.eu,China,Female,Zhusha,Yoveo,,CNY
Stephanie,Cox,scox19@goo.ne.jp,Indonesia,Female,Potongan,Twimm,,IDR
Walter,James,wjames1a@si.edu,Indonesia,Male,Sidomulyo,Eazzy,,IDR
Kimberly,Phillips,kphillips1b@ebay.com,China,Female,Xiadingjia,Buzzbean,87987.71,CNY
Elizabeth,Carter,ecarter1c@yahoo.com,China,Female,Nanyulinxi,Realfire,87591.46,CNY
Matthew,Henry,mhenry1d@vinaora.com,Brazil,Male,Rio Largo,Eire,20701.77,BRL
Irene,Cooper,icooper1e@nasa.gov,Papua New Guinea,Female,Panguna,Meetz,87299.97,PGK
Gloria,Roberts,groberts1f@gnu.org,Colombia,Female,Facatativá,Dynabox,71801.48,COP
Wanda,Thompson,wthompson1g@china.com.cn,Brazil,Female,Realeza,Edgeblab,35556.36,BRL
Ronald,Garza,rgarza1h@dyndns.org,Brazil,Male,Nazaré,Jabberstorm,96859.27,BRL
David,Brown,dbrown1i@indiatimes.com,Poland,Male,Zbąszynek,Thoughtsphere,,PLN
Wanda,Reynolds,wreynolds1j@over-blog.com,China,Female,Wujiaying,LiveZ,18991.58,CNY
Heather,Meyer,hmeyer1k@google.co.uk,United Kingdom,Female,Dean,Zoonoodle,22353.75,GBP
Adam,Wells,awells1l@hibu.com,Russia,Male,Kotovsk,Jabbersphere,24227.48,RUB
Nicholas,George,ngeorge1m@youtu.be,France,Male,Arbois,Mudo,92360.34,EUR
Dennis,Hunter,dhunter1n@columbia.edu,Philippines,Male,New Panamao,Vinder,21856.17,PHP
Ruth,Alexander,ralexander1o@ox.ac.uk,Bulgaria,Female,Gŭlŭbovo,Blogpad,2684.57,BGN
Karen,Hayes,khayes1p@tripadvisor.com,Russia,Female,Sokolovyy,Yombu,93606.89,RUB
Andrew,Edwards,aedwards1q@illinois.edu,Vietnam,Male,Thị Trấn Tủa Chùa,Dynava,27814.92,VND
Lisa,Lane,llane1r@mapquest.com,China,Female,Hengjiang,Ntags,96061.90,CNY
Matthew,Elliott,melliott1s@wordpress.com,China,Male,Licheng,Browsecat,51154.30,CNY
Kathy,White,kwhite1t@biglobe.ne.jp,Colombia,Female,El Carmen,Twiyo,61761.22,COP
Harry,Morales,hmorales1u@theguardian.com,China,Male,Chikeng,Camimbo,,CNY
Henry,White,hwhite1v@wix.com,China,Male,Xuebu,Aimbo,1066.67,CNY
Angela,Jordan,ajordan1w@storify.com,United States,Female,New Hyde Park,Dabfeed,65200.39,USD
Willie,Bradley,wbradley1x@fc2.com,Indonesia,Male,Berbek,Skippad,81151.64,IDR
Kimberly,Mcdonald,kmcdonald1y@vk.com,Isle of Man,Female,Port Erin,Gabtune,49989.26,GBP
Jane,Washington,jwashington1z@umich.edu,Thailand,Female,Phra Phrom,Ooba,79541.54,THB
Phyllis,Stevens,pstevens20@un.org,China,Female,Huoshaodian,Pixonyx,65266.86,CNY
Joyce,Evans,jevans21@csmonitor.com,China,Female,Hucheng,Voolith,56181.64,CNY
Louise,Roberts,lroberts22@hud.gov,Brazil,Female,Andradas,Twitterbridge,12929.60,BRL
Jack,Jordan,jjordan23@techcrunch.com,Canada,Male,Kamloops,Kazio,67546.72,CAD
Earl,Turner,eturner24@joomla.org,Saint Lucia,Male,Soufrière,Twitterworks,27351.56,XCD
Craig,Nguyen,cnguyen25@1und1.de,Indonesia,Male,Cigedang,BlogXS,91494.59,IDR
Mark,Taylor,mtaylor26@woothemes.com,Indonesia,Male,Angkahgede,Pixope,82343.60,IDR
David,Smith,dsmith27@ihg.com,Guatemala,Male,San Bartolomé Milpas Altas,Youtags,29487.42,GTQ
Eric,Johnston,ejohnston28@engadget.com,Philippines,Male,Antipolo,Feedmix,62924.69,PHP
Jeffrey,Romero,jromero29@cam.ac.uk,China,Male,Jinan,Gigaclub,5565.94,CNY
Carl,Jenkins,cjenkins2a@mapy.cz,Czech Republic,Male,Radiměř,Wikizz,72997.37,CZK
Jacqueline,Hill,jhill2b@slideshare.net,Mexico,Female,San Jose,Skiptube,96468.25,MXN
Edward,Schmidt,eschmidt2c@twitpic.com,Philippines,Male,Mababanaba,Miboo,,PHP
Bruce,Stone,bstone2d@flickr.com,Portugal,Male,Sande São Martinho,Gigazoom,24381.49,EUR
Joe,Gutierrez,jgutierrez2e@cbsnews.com,Japan,Male,Ichinomiya,Twitterworks,4706.73,JPY
Kevin,Woods,kwoods2f@cbslocal.com,Indonesia,Male,Kesambilerenkrajan,Twimm,83914.78,IDR
Annie,Diaz,adiaz2g@liveinternet.ru,Peru,Female,Curibaya,Skiptube,83229.03,PEN
Annie,Medina,amedina2h@sciencedaily.com,Argentina,Female,El Soberbio,Gigaclub,43505.56,ARS
Shawn,Fox,sfox2i@dailymail.co.uk,Russia,Male,Kommunar,Thoughtblab,3838.84,RUB
Samuel,Riley,sriley2j@deviantart.com,Serbia,Male,Medveđa,Meejo,71453.10,RSD
Gregory,Martinez,gmartinez2k@quantcast.com,Bosnia and Herzegovina,Male,Liješnica,Zoombox,73442.33,BAM
Catherine,Larson,clarson2l@bbc.co.uk,Pakistan,Female,Shāhdādkot,Jabbertype,71441.73,PKR
Steve,Bell,sbell2m@cmu.edu,Sweden,Male,Dalsjöfors,Dablist,54993.82,SEK
Aaron,Ross,aross2n@wsj.com,France,Male,Caen,Zava,23731.84,EUR
Diane,Boyd,dboyd2o@pen.io,Saint Vincent and the Grenadines,Female,Chateaubelair,Rhyzio,24650.19,XCD
Ronald,Fowler,rfowler2p@hibu.com,Portugal,Male,Zambujeira,Meezzy,66304.45,EUR
Terry,Cox,tcox2q@unblog.fr,Greece,Male,Kolchikón,Quaxo,3966.16,EUR
Douglas,Morgan,dmorgan2r@weebly.com,Cuba,Male,Güines,Jaxbean,71892.39,CUP
Terry,James,tjames2s@a8.net,Bolivia,Male,Camiri,Kanoodle,13096.15,BOB
Emily,Campbell,ecampbell2t@furl.net,China,Female,Zaoxi,Minyx,16274.03,CNY
Robert,Banks,rbanks2u@hibu.com,Colombia,Male,Betania,Realfire,32626.99,COP
David,Diaz,ddiaz2v@rakuten.co.jp,Indonesia,Male,Barapas,Livetube,33934.64,IDR
Harry,Allen,hallen2w@nifty.com,Brazil,Male,João Pinheiro,Skajo,,BRL
David,Rivera,drivera2x@ucoz.ru,China,Male,Kaishantun,Tagtune,87621.75,CNY
Heather,Holmes,hholmes2y@goo.ne.jp,Ukraine,Female,Korostyshiv,Skibox,62854.20,UAH
Debra,Coleman,dcoleman2z@boston.com,Thailand,Female,Laem Sing,Skivee,5536.29,THB
Shawn,Campbell,scampbell30@freewebs.com,China,Male,Xinji,Meejo,25455.48,CNY
Timothy,Greene,tgreene31@aol.com,Argentina,Male,General Villegas,Yadel,74833.45,ARS
Jose,Reed,jreed32@hibu.com,Poland,Male,Korczyna,Zoombeat,27837.46,PLN
Brenda,Armstrong,barmstrong33@fc2.com,China,Female,Duru,Mudo,41426.08,CNY
Roger,Davis,rdavis34@studiopress.com,Czech Republic,Male,Nová Cerekev,Trilith,62431.31,CZK
Stephanie,Holmes,sholmes35@abc.net.au,China,Female,Liusi,Jetwire,88178.17,CNY
Bonnie,Bishop,bbishop36@usgs.gov,Indonesia,Female,Buluh Kasap,Oba,7317.84,IDR
William,Perez,wperez37@cnn.com,Indonesia,Male,Tembongraja,Eazzy,,IDR
Phillip,Medina,pmedina38@dyndns.org,Lesotho,Male,Butha-Buthe,Zoonder,93635.14,LSL
Marilyn,Taylor,mtaylor39@china.com.cn,France,Female,Évreux,Snaptags,7078.05,EUR
Paula,Carter,pcarter3a@miitbeian.gov.cn,El Salvador,Female,Quezaltepeque,Kwinu,96459.38,USD
Jose,Cook,jcook3b@harvard.edu,Afghanistan,Male,Chowṉêy,Kanoodle,5155.99,AFN
Rebecca,Day,rday3c@patch.com,Cambodia,Female,Sâmraông,Zoombox,7512.74,KHR
Eugene,Kelley,ekelley3d@storify.com,Democratic Republic of the Congo,Male,Libenge,Cogilith,,CDF
Larry,Daniels,ldaniels3e@businesswire.com,Philippines,Male,Janiuay,Youopia,10514.75,PHP
Katherine,Hill,khill3f@weebly.com,Egypt,Female,Ḩalwān,Youfeed,99916.64,EGP
Anna,Ward,award3g@elpais.com,Vanuatu,Female,Lakatoro,Voomm,86079.01,VUV
Russell,Burton,rburton3h@fastcompany.com,Saudi Arabia,Male,Al ‘Ulá,BlogXS,61402.32,SAR
Louise,Ruiz,lruiz3i@symantec.com,China,Female,Xingtan,Blogpad,18646.08,CNY
Dorothy,Smith,dsmith3j@issuu.com,Canada,Female,Côte-Saint-Luc,Bluejam,40333.22,CAD
Harold,Graham,hgraham3k@prweb.com,Israel,Male,H̱olon,Oozz,84398.03,ILS
Ann,Cox,acox3l@springer.com,Peru,Female,Tambo Grande,Shuffletag,26114.17,PEN
Ann,Dunn,adunn3m@usatoday.com,China,Female,Yaogou,Trilia,96803.51,CNY
Chris,Jordan,cjordan3n@msu.edu,France,Male,Poitiers,Zooveo,90612.67,EUR
Matthew,Thompson,mthompson3o@dmoz.org,Philippines,Male,Bundoc,Skinte,76316.86,PHP
Theresa,Baker,tbaker3p@sina.com.cn,Portugal,Female,Conqueiros,Trudeo,85413.88,EUR
Phyllis,Sanders,psanders3q@fastcompany.com,Netherlands,Female,Venlo,Jayo,93536.40,EUR
Walter,Dean,wdean3r@bing.com,Japan,Male,Iwase,Zoozzy,,JPY
Terry,Jones,tjones3s@vk.com,Finland,Male,Utajärvi,Zoomlounge,45259.71,EUR
Irene,Hansen,ihansen3t@microsoft.com,United States,Female,Rochester,Thoughtstorm,5368.36,USD
Gloria,Johnson,gjohnson3u@rambler.ru,Sweden,Female,Hallstavik,Npath,3969.35,SEK
Sara,James,sjames3v@bloomberg.com,Poland,Female,Niwiska,Chatterbridge,54723.95,PLN
Aaron,Hunter,ahunter3w@taobao.com,Russia,Male,Sim,Eayo,25703.73,RUB
Eugene,Austin,eaustin3x@google.de,Angola,Male,Longonjo,Topdrive,85402.86,AOA
Nicole,Hudson,nhudson3y@mysql.com,Mexico,Female,Luis Donaldo Colosio,Divanoodle,1797.34,MXN
Chris,Henderson,chenderson3z@netscape.com,Indonesia,Male,Bakan,Yakitri,36557.09,IDR
Judith,Grant,jgrant40@typepad.com,Peru,Female,Chimbote,Jaloo,67378.70,PEN
Frances,Bishop,fbishop41@umich.edu,Portugal,Female,Arrifes,Quaxo,44168.63,EUR
Tina,Miller,tmiller42@ed.gov,Indonesia,Female,Sungaikakap,Tavu,55375.53,IDR
Joshua,Lopez,jlopez43@vk.com,Sweden,Male,Stockholm,Twitternation,73758.94,SEK
Alan,Gilbert,agilbert44@arizona.edu,Indonesia,Male,Koba,Devshare,9544.48,IDR
Andrea,Myers,amyers45@tinyurl.com,Macedonia,Female,Forino,Aimbu,,MKD
George,Morrison,gmorrison46@icq.com,China,Male,Geshan,Oba,76839.74,CNY
Ronald,Daniels,rdaniels47@whitehouse.gov,Chile,Male,Río Bueno,Twinder,84979.12,CLP
Phillip,Long,plong48@mapquest.com,China,Male,Liugong,Dynabox,24499.38,CNY
Rose,Garrett,rgarrett49@amazon.de,Portugal,Female,Arcos de Valdevez,Pixope,17770.94,EUR
Stephanie,Young,syoung4a@nps.gov,Morocco,Female,Tiouli,Feedbug,8031.29,MAD
Wayne,Fisher,wfisher4b@usnews.com,Philippines,Male,Garcia Hernandez,Fliptune,41110.95,PHP
Carlos,Garza,cgarza4c@skype.com,China,Male,Licheng,Photobean,77931.54,CNY
Matthew,Willis,mwillis4d@wikia.com,Norway,Male,Oslo,Yata,97410.09,NOK
Julia,Lewis,jlewis4e@netvibes.com,Philippines,Female,Ilangay,Quinu,8036.06,PHP
Jonathan,Payne,jpayne4f@moonfruit.com,France,Male,Saint-Quentin-en-Yvelines,Livefish,87601.31,EUR
Adam,Harper,aharper4g@statcounter.com,Palestinian Territory,Male,‘Ibwayn,Zoozzy,15144.19,ILS
Michael,Clark,mclark4h@vkontakte.ru,China,Male,Baiyin,Ntags,86595.78,CNY
Brandon,Richardson,brichardson4i@cam.ac.uk,Ecuador,Male,Cube,Mydeo,20696.83,USD
Doris,Parker,dparker4j@microsoft.com,Ukraine,Female,Vynohradiv,Yata,42894.66,UAH
Kelly,Spencer,kspencer4k@ocn.ne.jp,Tunisia,Female,Beni Khiar,Oloo,60087.91,TND
Frances,Dunn,fdunn4l@photobucket.com,Palestinian Territory,Female,Qaryūt,Realblab,98043.79,ILS
Andrea,Cox,acox4m@nytimes.com,Serbia,Female,Ruma,Fatz,88692.43,RSD
Janice,Campbell,jcampbell4n@ovh.net,China,Female,Chikan,Skippad,3207.92,CNY
Angela,Castillo,acastillo4o@amazon.de,Indonesia,Female,Siluman,Abatz,47777.10,IDR
Steve,Turner,sturner4p@so-net.ne.jp,China,Male,Chaihu,Shuffledrive,77806.75,CNY
Daniel,Flores,dflores4q@xrea.com,Russia,Male,Sol’tsy,Shufflester,72421.18,RUB
Carolyn,Price,cprice4r@wordpress.com,Brazil,Female,Corumbá,Fivebridge,84754.41,BRL
Julie,Perkins,jperkins4s@dailymotion.com,United States,Female,Iowa City,Mynte,,USD
Evelyn,Morales,emorales4t@cam.ac.uk,Indonesia,Female,Tanjungpecinan Utara,Dablist,19292.05,IDR
Anna,Carpenter,acarpenter4u@mlb.com,Indonesia,Female,Siso,Thoughtsphere,79226.55,IDR
Roger,Kennedy,rkennedy4v@themeforest.net,China,Male,Songlong,Voolith,95966.35,CNY
Kimberly,Coleman,kcoleman4w@1688.com,Spain,Female,Badajoz,Gabspot,55983.83,EUR
Brenda,Graham,bgraham4x@ucla.edu,Nigeria,Female,Pategi,Photobug,38054.96,NGN
Joyce,Dean,jdean4y@amazon.co.uk,Japan,Female,Ashiya,Trilith,842.10,JPY
Frank,Nichols,fnichols4z@php.net,China,Male,Youwei,Youfeed,65413.11,CNY
Sean,Fields,sfields50@so-net.ne.jp,Philippines,Male,Mercedes,Skyndu,57441.48,PHP
Ruby,Washington,rwashington51@flickr.com,Dominican Republic,Female,Santo Domingo,Twitterbridge,72628.32,DOP
Charles,Boyd,cboyd52@cdc.gov,France,Male,Caen,Browseblab,46631.00,EUR
Victor,Mendoza,vmendoza53@macromedia.com,China,Male,Suban,Oyoloo,36775.24,CNY
Roger,Vasquez,rvasquez54@umich.edu,Greece,Male,Géfyra,Yamia,91549.54,EUR
Rose,Day,rday55@drupal.org,France,Female,Annecy,Ainyx,,EUR
Ashley,West,awest56@theatlantic.com,Vietnam,Female,Vĩnh Thuận,Roodel,25178.14,VND
Nancy,Smith,nsmith57@networksolutions.com,Russia,Female,Gramoteino,Quinu,61784.53,RUB
Jean,Rose,jrose58@trellian.com,China,Female,Miaoya,Abatz,29495.89,CNY
Mark,Garcia,mgarcia59@edublogs.org,Slovenia,Male,Kranjska Gora,Buzzbean,76749.69,EUR
Phillip,Diaz,pdiaz5a@hud.gov,Brazil,Male,Boracéia,Buzzster,89714.92,BRL
William,Sanders,wsanders5b@sitemeter.com,United States,Male,Florence,Eire,71824.11,USD
Carl,Hudson,chudson5c@ucla.edu,China,Male,Zhangjiayuan,Yadel,12133.70,CNY
Paula,Thomas,pthomas5d@alibaba.com,China,Female,Zhelin,Feednation,,CNY
Ashley,Welch,awelch5e@examiner.com,Russia,Female,Gorshechnoye,Zoomdog,27345.03,RUB
Charles,Stevens,cstevens5f@hatena.ne.jp,Indonesia,Male,Sorong,Oyope,28534.18,IDR
Ruth,Foster,rfoster5g@delicious.com,China,Female,Huangjing,Skippad,14709.66,CNY
Sandra,Burns,sburns5h@naver.com,France,Female,Compiègne,Yamia,44323.89,EUR
Diana,Dean,ddean5i@miibeian.gov.cn,Croatia,Female,Kruševica,Gabcube,82298.32,HRK
Debra,Williams,dwilliams5j@rakuten.co.jp,Russia,Female,Mayma,Dabfeed,89007.12,RUB
Bonnie,Green,bgreen5k@epa.gov,China,Female,Minle,Avaveo,,CNY
Donald,Ryan,dryan5l@wikipedia.org,Slovenia,Male,Rakek,Yakidoo,38784.20,EUR
Mildred,Andrews,mandrews5m@miibeian.gov.cn,Russia,Female,Nikol’skoye,Yakidoo,68079.46,RUB
Edward,Porter,eporter5n@mashable.com,United States,Male,Milwaukee,Yakidoo,25421.54,USD
Jeffrey,James,jjames5o@purevolume.com,Bosnia and Herzegovina,Male,Solina,DabZ,,BAM
Tammy,Wallace,twallace5p@smh.com.au,South Africa,Female,Knysna,Twitterworks,37807.30,ZAR
Nicholas,Stone,nstone5q@cbslocal.com,Croatia,Male,Osekovo,Skynoodle,76788.87,HRK
Howard,Wood,hwood5r@senate.gov,France,Male,Vannes,Shuffledrive,67533.78,EUR
Clarence,George,cgeorge5s@craigslist.org,Argentina,Male,Brea Pozo,Meedoo,28305.57,ARS
Roy,Little,rlittle5t@booking.com,Croatia,Male,Brnaze,Dynava,43872.53,HRK
Joe,Foster,jfoster5u@marriott.com,Venezuela,Male,San Pablo,Devify,,VEF
Martha,Lawson,mlawson5v@tmall.com,Syria,Female,Mas‘adah,Lajo,83057.05,SYP
Timothy,Harvey,tharvey5w@wix.com,Kiribati,Male,Rawannawi Village,Eabox,12897.10,AUD
Nancy,Patterson,npatterson5x@networkadvertising.org,China,Female,Gaobu,Zoombeat,34330.15,CNY
Joyce,Jenkins,jjenkins5y@clickbank.net,China,Female,Tehetu,Flashspan,84754.54,CNY
Edward,Shaw,eshaw5z@domainmarket.com,Indonesia,Male,Cieurih Satu,Shuffledrive,50881.92,IDR
Jesse,Adams,jadams60@ca.gov,Philippines,Male,Mabayo,Livefish,93339.74,PHP
Alice,Bryant,abryant61@springer.com,Uzbekistan,Female,Qanliko’l,Linktype,54649.09,UZS
Maria,Hill,mhill62@myspace.com,Indonesia,Female,Cigadog Hilir,Wordtune,74250.27,IDR
Frances,Howard,fhoward63@privacy.gov.au,China,Female,Shiqiao,Flipopia,58725.50,CNY
Julia,Garza,jgarza64@360.cn,Portugal,Female,Casal de Cambra,Talane,77425.35,EUR
Wayne,Hall,whall65@simplemachines.org,Indonesia,Male,Sifala,Kwimbee,74719.46,IDR
Victor,Perkins,vperkins66@networksolutions.com,Saudi Arabia,Male,Az Zulfi,Oyoba,73312.45,SAR
Anna,Davis,adavis67@uiuc.edu,France,Female,Villeurbanne,InnoZ,39536.37,EUR
Henry,Wright,hwright68@myspace.com,Philippines,Male,Pambuhan,Jabberbean,86026.22,PHP
Sean,Little,slittle69@fc2.com,China,Male,Changling,Ntag,44878.50,CNY
Jennifer,Rose,jrose6a@samsung.com,United States,Female,Scranton,Twitterbeat,75179.27,USD
George,Garza,ggarza6b@irs.gov,China,Male,Qiubin,Dazzlesphere,21657.10,CNY
Michael,Kennedy,mkennedy6c@storify.com,Poland,Male,Boguszów-Gorce,Meemm,51915.44,PLN
Joan,Fuller,jfuller6d@pen.io,Poland,Female,Ostrowsko,Wordtune,53876.19,PLN
Helen,Franklin,hfranklin6e@imageshack.us,Portugal,Female,Alvaiázere,Realmix,44631.07,EUR
Martha,Wells,mwells6f@soundcloud.com,Israel,Female,Timrat,Rhynyx,93096.22,ILS
Ernest,Mason,emason6g@biblegateway.com,North Korea,Male,Aoji-ri,Skidoo,78399.34,KPW
Andrea,Boyd,aboyd6h@earthlink.net,United Kingdom,Female,Eaton,Dabvine,88926.50,GBP
Evelyn,Adams,eadams6i@upenn.edu,Russia,Female,Semënovskoye,Yadel,43328.87,RUB
Julia,Cooper,jcooper6j@altervista.org,France,Female,Quimper,Buzzdog,28796.88,EUR
Charles,Greene,cgreene6k@prnewswire.com,Kenya,Male,Isiolo,Devpoint,72261.61,KES
Ronald,Barnes,rbarnes6l@sakura.ne.jp,China,Male,Suicheng,Shufflebeat,7568.80,CNY
Philip,Davis,pdavis6m@hud.gov,Vietnam,Male,Bằng Lũng,Zoombeat,17980.82,VND
Willie,Lawrence,wlawrence6n@edublogs.org,Malta,Male,Għaxaq,Mynte,6488.68,EUR
Dorothy,Martinez,dmartinez6o@liveinternet.ru,Indonesia,Female,Wajak,Leenti,66261.09,IDR
Janice,Wheeler,jwheeler6p@yale.edu,Indonesia,Female,Kresek,Thoughtbridge,2067.30,IDR
Roger,Bishop,rbishop6q@mtv.com,Russia,Male,Sal’sk,Voomm,49870.26,RUB
Steven,Holmes,sholmes6r@eventbrite.com,Indonesia,Male,Ciputih,Oyoyo,872.84,IDR
Barbara,Crawford,bcrawford6s@ebay.com,China,Female,Jinhe,Zoozzy,9697.04,CNY
Michael,Garza,mgarza6t@hubpages.com,Bolivia,Male,Mairana,Jaxbean,56638.17,BOB
Daniel,Hughes,dhughes6u@domainmarket.com,Pakistan,Male,Chak,Kayveo,31815.06,PKR
Betty,Oliver,boliver6v@umich.edu,Malaysia,Female,Kuala Terengganu,Shuffletag,14204.93,MYR
Scott,Hicks,shicks6w@independent.co.uk,Macedonia,Male,Gurgurnica,Skinder,80248.25,MKD
Annie,Hall,ahall6x@washington.edu,Russia,Female,Mariinsk,Voonder,68079.85,RUB
Anna,Perez,aperez6y@forbes.com,Serbia,Female,Varna,Izio,41093.73,RSD
Dorothy,Weaver,dweaver6z@technorati.com,China,Female,Wufeng,Skyvu,11357.06,CNY
Marie,Garrett,mgarrett70@meetup.com,Poland,Female,Żabia Wola,Browsezoom,85445.32,PLN
Frank,Stewart,fstewart71@ihg.com,Poland,Male,Ostrów Mazowiecka,Thoughtworks,97092.40,PLN
Marie,Murphy,mmurphy72@google.nl,Canada,Female,Niverville,DabZ,94841.92,CAD
Christine,Mendoza,cmendoza73@cloudflare.com,China,Female,Chenxikou,Browseblab,83930.57,CNY
Kevin,Davis,kdavis74@adobe.com,Bulgaria,Male,Lakatnik,Fatz,,BGN
Keith,Jones,kjones75@about.me,China,Male,Luzhang,Leenti,34186.68,CNY
Philip,Wallace,pwallace76@independent.co.uk,China,Male,Xiaowuzhan,Jayo,30880.88,CNY
Kenneth,Bennett,kbennett77@yellowpages.com,Dominican Republic,Male,Cotuí,Gabtype,54948.25,DOP
Phillip,Ward,pward78@nytimes.com,Iran,Male,Sardasht,Twitterbeat,9908.99,IRR
Justin,Little,jlittle79@wikipedia.org,Colombia,Male,Pinillos,Yadel,,COP
Steven,Lawrence,slawrence7a@disqus.com,Belarus,Male,Baruny,Feedmix,,BYR
Johnny,Jordan,jjordan7b@163.com,Portugal,Male,Escola,Muxo,73854.90,EUR
Cynthia,Rose,crose7c@woothemes.com,Azerbaijan,Female,Pirallahı,Fivechat,62407.03,AZN
Chris,Edwards,cedwards7d@bandcamp.com,China,Male,Bao’an,Youopia,85378.19,CNY
Timothy,Dean,tdean7e@globo.com,Brazil,Male,Vitória de Santo Antão,Gevee,73004.34,BRL
Douglas,Burns,dburns7f@psu.edu,Czech Republic,Male,Loket,Pixonyx,72850.06,CZK
Jacqueline,Richards,jrichards7g@army.mil,Poland,Female,Mazańcowice,Avavee,34219.61,PLN
Henry,Smith,hsmith7h@creativecommons.org,Russia,Male,Sosnovoborsk,Jazzy,7061.46,RUB
Brian,Bell,bbell7i@linkedin.com,Poland,Male,Kolbudy,Zoozzy,65456.09,PLN
Terry,Wells,twells7j@examiner.com,Poland,Male,Nasielsk,Skyble,52765.30,PLN
Lois,Simpson,lsimpson7k@bloglines.com,China,Female,Chengtian,Riffpath,76939.89,CNY
Douglas,Reed,dreed7l@businesswire.com,Russia,Male,Yekaterinovka,Bubblebox,16746.85,RUB
Michelle,Day,mday7m@typepad.com,Indonesia,Female,Babakan,Chatterbridge,58638.11,IDR
Arthur,Green,agreen7n@shutterfly.com,China,Male,Anningqu,Vidoo,96401.00,CNY
Julia,Ellis,jellis7o@trellian.com,Greece,Female,Vília,Eabox,53191.54,EUR
Henry,Reid,hreid7p@paginegialle.it,Indonesia,Male,Oelui,Devcast,40881.91,IDR
Nicholas,Graham,ngraham7q@prlog.org,Portugal,Male,Souto,Topiclounge,5059.34,EUR
Nancy,Jacobs,njacobs7r@usnews.com,Finland,Female,Tampere,Ailane,2382.69,EUR
Theresa,Henderson,thenderson7s@rakuten.co.jp,Portugal,Female,Picoto,Zoomlounge,51614.64,EUR
Linda,Hicks,lhicks7t@youtube.com,Russia,Female,Dmitrov,Brainlounge,46155.13,RUB
Marilyn,Roberts,mroberts7u@jiathis.com,China,Female,Xinhua,Edgeclub,85105.86,CNY
Sara,Jenkins,sjenkins7v@bbc.co.uk,China,Female,Youxikou,Yadel,,CNY
Timothy,Lawrence,tlawrence7w@bizjournals.com,Indonesia,Male,Ubrub,Jazzy,95843.92,IDR
Jack,Watkins,jwatkins7x@reddit.com,China,Male,Taibao,Yodoo,37935.58,CNY
Cheryl,Perez,cperez7y@globo.com,Serbia,Female,Topola,Flashpoint,49069.94,RSD
Kimberly,Nichols,knichols7z@guardian.co.uk,Guatemala,Female,Palestina de los Altos,Trudoo,63904.27,GTQ
Angela,Pierce,apierce80@yellowpages.com,Sweden,Female,Västerås,Twinte,54415.08,SEK
Heather,Burns,hburns81@odnoklassniki.ru,Georgia,Female,Marneuli,Realcube,62466.58,GEL
Andrew,Price,aprice82@storify.com,Nigeria,Male,Kuje,Roomm,89963.79,NGN
Joan,Nguyen,jnguyen83@boston.com,Brazil,Female,Coari,Twimm,40479.10,BRL
Anthony,Jordan,ajordan84@microsoft.com,Indonesia,Male,Prupuh,Voomm,1519.28,IDR
Scott,Kennedy,skennedy85@mapy.cz,Philippines,Male,Cauayan,Yodo,11.62,PHP
Kevin,Edwards,kedwards86@paypal.com,South Korea,Male,Heung-hai,Wikibox,74209.69,KRW
Howard,Alvarez,halvarez87@ezinearticles.com,China,Male,Guanyang,Oyoba,86596.77,CNY
Virginia,Cole,vcole88@home.pl,Indonesia,Female,Sukamahi Satu,Voonder,78521.67,IDR
Wayne,Snyder,wsnyder89@hostgator.com,Sweden,Male,Uppsala,InnoZ,90565.87,SEK
Marilyn,Snyder,msnyder8a@networkadvertising.org,Ivory Coast,Female,Boundiali,Innotype,59524.79,XOF
Jimmy,Jackson,jjackson8b@cdc.gov,China,Male,Dongji,Jetwire,,CNY
Johnny,Austin,jaustin8c@mapy.cz,China,Male,Nanxindian,Tagcat,81328.80,CNY
Ernest,Adams,eadams8d@weebly.com,Nigeria,Male,Onueke,Jamia,53731.80,NGN
Ryan,Morgan,rmorgan8e@w3.org,Indonesia,Male,Margaharja,Cogilith,320.75,IDR
Adam,Larson,alarson8f@163.com,Canada,Male,Bay Roberts,Yata,55782.78,CAD
Jeffrey,Clark,jclark8g@seesaa.net,Nigeria,Male,Rabah,Gevee,75884.92,NGN
Johnny,Fowler,jfowler8h@themeforest.net,Nepal,Male,Lahān,Edgeify,37725.22,NPR
David,Cook,dcook8i@symantec.com,China,Male,Xiasha,Demimbu,283.73,CNY
Jennifer,Robertson,jrobertson8j@booking.com,United States,Female,Mesquite,Omba,81795.93,USD
Adam,Moore,amoore8k@nba.com,United Kingdom,Male,London,Skalith,49520.19,GBP
Carolyn,Smith,csmith8l@123-reg.co.uk,China,Female,Gaocheng,Buzzster,67533.84,CNY
Laura,Carpenter,lcarpenter8m@sphinn.com,China,Female,Shuangtang,Roomm,79813.84,CNY
Robin,Burns,rburns8n@list-manage.com,Portugal,Female,Fornelos,Zoovu,62931.24,EUR
Cheryl,Montgomery,cmontgomery8o@seattletimes.com,China,Female,Jindou,Divape,6712.21,CNY
Samuel,Alexander,salexander8p@indiegogo.com,Mexico,Male,El Calvario,Zooveo,54530.36,MXN
Emily,Larson,elarson8q@wunderground.com,Poland,Female,Trzebunia,Babbleblab,77709.09,PLN
Dorothy,Diaz,ddiaz8r@google.co.uk,Angola,Female,Camacupa,Snaptags,5839.68,AOA
Charles,Chavez,cchavez8s@deliciousdays.com,French Southern Territories,Male,Port-aux-Français,Youspan,60389.70,EUR
Mary,Parker,mparker8t@uiuc.edu,Ethiopia,Female,Addis Ababa,Teklist,24418.14,ETB
Amy,Brooks,abrooks8u@salon.com,Portugal,Female,Várzea,Topicware,9623.50,EUR
Gary,Wallace,gwallace8v@cmu.edu,China,Male,Caopie,Gigazoom,99603.92,CNY
Kimberly,Harris,kharris8w@uiuc.edu,Russia,Female,Bograd,Realmix,22381.66,RUB
Lois,Moreno,lmoreno8x@prnewswire.com,Thailand,Female,Bueng Kum,Vinte,84906.03,THB
Julie,Rose,jrose8y@dot.gov,Argentina,Female,Huillapima,Skyvu,15288.15,ARS
Brian,Fox,bfox8z@meetup.com,Ecuador,Male,Piñas,Skivee,32498.79,USD
Kelly,Myers,kmyers90@eventbrite.com,Palestinian Territory,Female,Jīt,Kare,69346.69,ILS
Rachel,Fox,rfox91@utexas.edu,Macedonia,Female,Извор,Tazzy,,MKD
Janet,Smith,jsmith92@fastcompany.com,Russia,Female,Staroshcherbinovskaya,Twitternation,98724.97,RUB
Roy,Meyer,rmeyer93@fda.gov,South Korea,Male,Pohang,Fiveclub,12106.00,KRW
Thomas,Richards,trichards94@dedecms.com,Peru,Male,Pacucha,Teklist,,PEN
Louise,Cook,lcook95@wunderground.com,Indonesia,Female,Tanjungsari Barat,Edgeclub,18893.70,IDR
Debra,Hunter,dhunter96@dot.gov,Indonesia,Female,Pandaan,Vinte,76069.14,IDR
Rebecca,Roberts,rroberts97@addtoany.com,Russia,Female,Nyurba,Roodel,48656.83,RUB
Timothy,Little,tlittle98@i2i.jp,Nicaragua,Male,Bonanza,Jayo,43363.58,NIO
Scott,Clark,sclark99@infoseek.co.jp,Sweden,Male,Åkersberga,Dablist,39739.31,SEK
Robin,Baker,rbaker9a@stumbleupon.com,Indonesia,Female,Kalidawir,Skyba,35490.55,IDR
Stephen,Hart,shart9b@ox.ac.uk,Philippines,Male,Domampot,Plajo,97890.25,PHP
John,Wright,jwright9c@wordpress.org,Russia,Male,Rossosh’,Photospace,64189.83,RUB
Christina,Fowler,cfowler9d@geocities.com,Morocco,Female,Sidi Smaïl,Brightdog,51097.53,MAD
Marie,Hamilton,mhamilton9e@tripod.com,Indonesia,Female,Tampekan,Yotz,91446.97,IDR
Julia,Cruz,jcruz9f@ox.ac.uk,Indonesia,Female,Krajan Puru,Roombo,74429.67,IDR
Cynthia,Burton,cburton9g@about.me,Falkland Islands,Female,Stanley,Skinte,66075.30,FKP
Jason,Pierce,jpierce9h@mit.edu,Ireland,Male,Fairview,Wikizz,15300.91,EUR
Tammy,Foster,tfoster9i@mashable.com,Sudan,Female,El Matama,Demizz,42069.06,SDG
Willie,White,wwhite9j@uiuc.edu,Russia,Male,Komendantsky aerodrom,Mynte,73865.81,RUB
Donald,Palmer,dpalmer9k@sfgate.com,Brazil,Male,Guarabira,Jayo,17070.62,BRL
Betty,Martinez,bmartinez9l@freewebs.com,Albania,Female,Derjan,Flipstorm,,ALL
Christopher,Wheeler,cwheeler9m@typepad.com,Luxembourg,Male,Eschweiler,JumpXS,98928.32,EUR
Daniel,Ruiz,druiz9n@wordpress.com,Indonesia,Male,Jombang,Gabvine,,IDR
Eric,Evans,eevans9o@europa.eu,China,Male,Sanquan,Jayo,98088.48,CNY
John,Castillo,jcastillo9p@nih.gov,Indonesia,Male,Tebara,Thoughtbridge,77129.69,IDR
Laura,Fernandez,lfernandez9q@reddit.com,China,Female,Guangchen,Jabbersphere,25163.23,CNY
Antonio,Bishop,abishop9r@house.gov,Brazil,Male,São Sebastião do Caí,Edgeclub,16628.83,BRL
Adam,Murphy,amurphy9s@pinterest.com,Greece,Male,Neochórion,Innotype,28374.56,EUR
Heather,Howell,hhowell9t@amazon.com,China,Female,Shangma,Jabbersphere,83516.55,CNY
Thomas,Wright,twright9u@psu.edu,United States,Male,Little Rock,Skibox,67445.44,USD
Jean,Harvey,jharvey9v@tamu.edu,Portugal,Female,Pombal,Meedoo,78120.70,EUR
Kelly,Porter,kporter9w@adobe.com,Pakistan,Female,Tangwāni,Skynoodle,12942.81,PKR
Judy,Hayes,jhayes9x@marketwatch.com,Poland,Female,Rybnik,Oozz,61073.02,PLN
Juan,Ross,jross9y@noaa.gov,Brazil,Male,Queimados,Skipfire,77131.98,BRL
Chris,Morris,cmorris9z@fotki.com,China,Male,Pingshan,Realfire,2875.67,CNY
Joshua,Garza,jgarzaa0@yolasite.com,Colombia,Male,Gachancipá,Rhybox,47852.02,COP
Mary,Berry,mberrya1@g.co,Japan,Female,Gotemba,Leexo,96347.38,JPY
Alan,Reynolds,areynoldsa2@google.ru,China,Male,Xi’an,Camido,15978.66,CNY
Stephanie,Dean,sdeana3@e-recht24.de,Pakistan,Female,Lāchi,Skivee,25168.63,PKR
Patricia,Holmes,pholmesa4@ehow.com,Mexico,Female,Magisterial,Bubbletube,2162.83,MXN
Frances,Snyder,fsnydera5@wikipedia.org,Vietnam,Female,Doug An,Fivechat,760.81,VND
Martha,Johnson,mjohnsona6@upenn.edu,Nepal,Female,Nepalgunj,Ozu,69692.23,NPR
Beverly,Flores,bfloresa7@tamu.edu,Indonesia,Female,Ciudian,Photobean,98737.87,IDR
Andrew,Reid,areida8@taobao.com,Chile,Male,Cabrero,Thoughtbridge,34318.98,CLP
Jose,Daniels,jdanielsa9@multiply.com,Canada,Male,Outlook,Pixoboo,21985.21,CAD
Richard,White,rwhiteaa@uol.com.br,Philippines,Male,Panikihan,Tazz,,PHP
Aaron,Gilbert,agilbertab@pinterest.com,Latvia,Male,Tukums,Minyx,,EUR
Kathleen,Peterson,kpetersonac@usatoday.com,Ukraine,Female,Selydove,Yata,81739.26,UAH
Aaron,Lee,aleead@zimbio.com,China,Male,Jianshe,Wordpedia,76240.40,CNY
Carlos,Boyd,cboydae@ucoz.ru,Nicaragua,Male,El Crucero,Thoughtsphere,86891.54,NIO
Daniel,Schmidt,dschmidtaf@feedburner.com,Slovenia,Male,Rakičan,Lazzy,2255.16,EUR
Kathy,Wallace,kwallaceag@spiegel.de,Indonesia,Female,Randudongkal,Trupe,,IDR
Laura,Miller,lmillerah@domainmarket.com,China,Female,Mamu,Mymm,32988.22,CNY
Judith,Baker,jbakerai@amazon.com,Ireland,Female,Crumlin,Avamm,66735.67,EUR
Lori,Wilson,lwilsonaj@vistaprint.com,Poland,Female,Prostki,Dynabox,10596.97,PLN
Doris,Robinson,drobinsonak@discuz.net,China,Female,Lipu,Jayo,52325.08,CNY
Jane,Wood,jwoodal@stumbleupon.com,Brazil,Female,Itapaci,Jetpulse,804.28,BRL
Jose,Sullivan,jsullivanam@wikipedia.org,Portugal,Male,Real,Vitz,,EUR
Tina,Sanders,tsandersan@cbsnews.com,Poland,Female,Sawin,Buzzshare,98096.28,PLN
Sandra,Ross,srossao@sfgate.com,Czech Republic,Female,Hazlov,Flipopia,54504.52,CZK
Kevin,Ortiz,kortizap@taobao.com,Portugal,Male,Marteleira,Rhyzio,70334.16,EUR
Roger,Oliver,roliveraq@about.com,Honduras,Male,Yarumela,Wikizz,21136.69,HNL
Irene,Peters,ipetersar@samsung.com,Colombia,Female,Pasto,Skinix,56229.53,COP
Steven,Crawford,scrawfordas@amazon.co.jp,Philippines,Male,Mapulo,Youspan,45756.69,PHP
Willie,Patterson,wpattersonat@umn.edu,Bulgaria,Male,Kiten,Roombo,71556.43,BGN
Margaret,Reyes,mreyesau@xrea.com,Marshall Islands,Female,Likiep,Bubblebox,84628.78,USD
Elizabeth,Carroll,ecarrollav@google.fr,Portugal,Female,Penelas,Skyble,10593.53,EUR
Peter,Clark,pclarkaw@weibo.com,Sudan,Male,Abū Zabad,Blognation,61998.81,SDG
Janet,Hudson,jhudsonax@biblegateway.com,Thailand,Female,Phon Charoen,Dazzlesphere,66737.65,THB
Diane,Peterson,dpetersonay@latimes.com,Zambia,Female,Chadiza,Thoughtworks,98381.77,ZMW
Keith,Davis,kdavisaz@hostgator.com,Sweden,Male,Eskilstuna,Katz,16575.21,SEK
Doris,Russell,drussellb0@bloomberg.com,Pakistan,Female,Khānewāl,Mydo,88993.85,PKR
Shirley,Gardner,sgardnerb1@howstuffworks.com,Brazil,Female,Chã Grande,Twinte,21187.58,BRL
Catherine,Hicks,chicksb2@umn.edu,Indonesia,Female,Mancagahar,Trudoo,15390.53,IDR
Benjamin,Elliott,belliottb3@sourceforge.net,China,Male,Heyou,Centizu,81014.15,CNY
Wanda,Sullivan,wsullivanb4@example.com,Philippines,Female,Malusac,Ailane,92693.34,PHP
Eric,Peters,epetersb5@pen.io,China,Male,Huangli,Jabbercube,,CNY
Joe,Jenkins,jjenkinsb6@naver.com,China,Male,Wentai,Jabbersphere,17456.28,CNY
Norma,Richardson,nrichardsonb7@seattletimes.com,Croatia,Female,Bakar,Rhybox,76893.33,HRK
Christina,Kelly,ckellyb8@buzzfeed.com,Brazil,Female,Vespasiano,Kazio,26936.24,BRL
Eugene,Morris,emorrisb9@weebly.com,Poland,Male,Mysiadło,Photolist,52779.00,PLN
Elizabeth,Black,eblackba@delicious.com,Czech Republic,Female,Netvořice,Rhynoodle,9152.60,CZK
Jesse,Banks,jbanksbb@wp.com,Vietnam,Male,Vân Tùng,Yacero,67453.81,VND
Billy,Harper,bharperbc@washingtonpost.com,France,Male,Lyon,Babbleblab,23390.40,EUR
Alice,Knight,aknightbd@boston.com,Indonesia,Female,Cineumbeuy,Snaptags,10570.88,IDR
James,Henderson,jhendersonbe@surveymonkey.com,China,Male,Zongluzui,Photofeed,9779.51,CNY
Philip,Richards,prichardsbf@unicef.org,Philippines,Male,Cambanugoy,Blogpad,69844.11,PHP
Doris,Hernandez,dhernandezbg@jiathis.com,Ecuador,Female,Cayambe,Wikido,,USD
Laura,Green,lgreenbh@redcross.org,Indonesia,Female,Riang Tengah,Trudoo,98611.11,IDR
Annie,Cooper,acooperbi@smh.com.au,Canada,Female,Sechelt,Dabvine,,CAD
Alice,Henderson,ahendersonbj@smugmug.com,United States,Female,Miami,Plajo,68574.39,USD
Russell,Mcdonald,rmcdonaldbk@naver.com,Brazil,Male,Nova Odessa,Meevee,59882.55,BRL
Clarence,Rogers,crogersbl@marketwatch.com,Cape Verde,Male,Pombas,Dabshots,35682.42,CVE
Andrea,Alvarez,aalvarezbm@blogtalkradio.com,France,Female,Domont,Youfeed,60888.03,EUR
Sandra,Larson,slarsonbn@soup.io,Iran,Female,Sari,Kazu,,IRR
Willie,Austin,waustinbo@irs.gov,Poland,Male,Łęknica,Oyonder,21578.93,PLN
Antonio,Ruiz,aruizbp@163.com,Indonesia,Male,Wonokerso,Vinder,27006.82,IDR
Janet,Evans,jevansbq@craigslist.org,China,Female,Liutao,Dabvine,24504.61,CNY
Arthur,Garcia,agarciabr@godaddy.com,Japan,Male,Takatsuki,Photobean,92522.09,JPY
Howard,Hudson,hhudsonbs@digg.com,Brazil,Male,Presidente Médici,Skaboo,14866.50,BRL
Norma,Franklin,nfranklinbt@gmpg.org,Russia,Female,Staryy Cherek,Jazzy,49051.10,RUB
Kevin,Alvarez,kalvarezbu@gmpg.org,China,Male,Shangdundu,Rooxo,38680.62,CNY
Betty,Fuller,bfullerbv@people.com.cn,Singapore,Female,Singapore,Jatri,96822.78,SGD
Jesse,Alvarez,jalvarezbw@surveymonkey.com,Japan,Male,Nakanojōmachi,Buzzbean,48662.29,JPY
Joseph,Cunningham,jcunninghambx@bizjournals.com,China,Male,Huangban,Zoozzy,,CNY
Juan,Henderson,jhendersonby@hc360.com,Portugal,Male,Boucinhas,Blogspan,17677.19,EUR
Billy,Sims,bsimsbz@delicious.com,Norway,Male,Alta,Skajo,68742.78,NOK
Raymond,Bennett,rbennettc0@cisco.com,Argentina,Male,Villa Nueva,Thoughtstorm,45710.03,ARS
Jeffrey,Taylor,jtaylorc1@sciencedirect.com,France,Male,Besançon,Quinu,82006.58,EUR
Kevin,Hawkins,khawkinsc2@dailymail.co.uk,China,Male,Longchi,Quimm,61361.38,CNY
Sara,Little,slittlec3@amazonaws.com,Malaysia,Female,Kuantan,Mynte,71035.88,MYR
Henry,Henderson,hhendersonc4@hubpages.com,Portugal,Male,Aveleda,Quimba,35310.98,EUR
Wanda,Butler,wbutlerc5@opera.com,Canada,Female,North Cowichan,Trupe,28359.81,CAD
Bonnie,Cruz,bcruzc6@free.fr,Serbia,Female,Vrbas,Topicshots,80930.74,RSD
Gregory,James,gjamesc7@trellian.com,Brazil,Male,Iúna,Babbleblab,68878.15,BRL
John,Rose,jrosec8@cbc.ca,Poland,Male,Lachowice,Twinte,56579.51,PLN
Brandon,Patterson,bpattersonc9@mayoclinic.com,Czech Republic,Male,Doubravice nad Svitavou,Browseblab,,CZK
Denise,Rivera,driveraca@addtoany.com,Indonesia,Female,Tambangan,Shuffledrive,58191.37,IDR
Laura,Russell,lrussellcb@soup.io,Russia,Female,Tulyushka,Oyondu,71557.88,RUB
Theresa,Rose,trosecc@flickr.com,Croatia,Female,Špišić-Bukovica,Midel,,HRK
Michael,Bennett,mbennettcd@shareasale.com,China,Male,Cairima,Zoonder,79474.53,CNY
Gary,Bradley,gbradleyce@blogs.com,China,Male,Qili,Dabjam,30227.85,CNY
Norma,Olson,nolsoncf@aol.com,Indonesia,Female,Tanahmerah,Dazzlesphere,48385.74,IDR
Carolyn,Bell,cbellcg@netvibes.com,Portugal,Female,Oliveirinha,Eamia,94746.89,EUR
Donald,Lopez,dlopezch@posterous.com,Brazil,Male,Santaluz,Ainyx,14277.93,BRL
Brenda,Gilbert,bgilbertci@vimeo.com,China,Female,Zougang,Bluezoom,97268.57,CNY
Willie,Baker,wbakercj@google.it,China,Male,Xinjie,Skimia,97540.78,CNY
Lillian,Payne,lpayneck@springer.com,Canada,Female,Chilliwack,Skyble,12566.72,CAD
Carol,Carter,ccartercl@example.com,Argentina,Female,Saladas,Tagfeed,43845.56,ARS
Marie,Howell,mhowellcm@ebay.com,Brazil,Female,Ribeirão Pires,Linkbridge,96922.61,BRL
Judith,Harris,jharriscn@squarespace.com,Indonesia,Female,Ladan,Realblab,58519.05,IDR
Christina,Mccoy,cmccoyco@symantec.com,China,Female,Huzhen,Latz,47433.24,CNY
Lori,Hunt,lhuntcp@wisc.edu,Peru,Female,Juli,Einti,,PEN
Rebecca,Hill,rhillcq@illinois.edu,Indonesia,Female,Klagen,Buzzbean,55657.54,IDR
Joe,Fields,jfieldscr@ihg.com,Greece,Male,Áyios Vasílios,Oloo,30008.43,EUR
Russell,Hamilton,rhamiltoncs@apple.com,South Korea,Male,Ungsang,Trilith,78294.91,KRW
Wanda,Sims,wsimsct@csmonitor.com,Ukraine,Female,Mospyne,Blogpad,22355.69,UAH
Theresa,Lee,tleecu@purevolume.com,Indonesia,Female,Keles Timur,Eidel,50037.61,IDR
Marilyn,Smith,msmithcv@pcworld.com,China,Female,Luxi,Mybuzz,74360.50,CNY
Benjamin,Nichols,bnicholscw@themeforest.net,China,Male,Youlan,Devshare,27935.71,CNY
Clarence,Harvey,charveycx@smugmug.com,China,Male,Zhendong,Zoomlounge,20349.14,CNY
Katherine,Medina,kmedinacy@arizona.edu,Croatia,Female,Pitomača,Yozio,43076.67,HRK
Anna,Payne,apaynecz@icio.us,Slovenia,Female,Kostel,Photobean,67170.93,EUR
Sara,Fields,sfieldsd0@ibm.com,Philippines,Female,Aurora,Centimia,59056.10,PHP
Paul,Johnston,pjohnstond1@moonfruit.com,Philippines,Male,Cabay,Jetwire,55696.19,PHP
Steve,Cox,scoxd2@reverbnation.com,South Africa,Male,Noupoort,Twiyo,45515.40,ZAR
Gary,Hunter,ghunterd3@de.vu,Russia,Male,Verkhneye Kazanishche,Eare,71971.21,RUB
Cynthia,Montgomery,cmontgomeryd4@si.edu,Philippines,Female,Nabunturan,Riffwire,70724.24,PHP
Ryan,Williamson,rwilliamsond5@goo.gl,Nigeria,Male,Gajiram,Wikido,56304.08,NGN
Raymond,Mccoy,rmccoyd6@twitter.com,Brazil,Male,Mata de São João,Twitterwire,1998.87,BRL
Charles,Jackson,cjacksond7@wisc.edu,El Salvador,Male,Cacaopera,Skinder,99564.10,USD
Lillian,Johnston,ljohnstond8@sfgate.com,Pakistan,Female,Panjgūr,Twimbo,,PKR
Alan,Freeman,afreemand9@cpanel.net,China,Male,Nehe,Jazzy,82705.29,CNY
Jimmy,Kelly,jkellyda@hc360.com,Russia,Male,Mortka,Katz,28469.84,RUB
Evelyn,Bowman,ebowmandb@hhs.gov,Afghanistan,Female,Khulm,Roombo,61234.00,AFN
Janet,Hayes,jhayesdc@jalbum.net,Russia,Female,Khadzhalmakhi,Skimia,41307.57,RUB
Melissa,Bailey,mbaileydd@github.com,Argentina,Female,Villa María,Quatz,,ARS
Raymond,Ward,rwardde@wsj.com,China,Male,Zhangdan,Thoughtbeat,35251.11,CNY
Laura,Little,llittledf@harvard.edu,China,Female,Boketu,Youbridge,1002.27,CNY
Betty,Hawkins,bhawkinsdg@engadget.com,Bulgaria,Female,Blagoevgrad,Viva,,BGN
Sarah,Nichols,snicholsdh@archive.org,Moldova,Female,Criuleni,Livepath,52365.10,MDL
Sandra,Elliott,selliottdi@theatlantic.com,Russia,Female,Tambovka,Oba,68484.11,RUB
Ernest,Olson,eolsondj@123-reg.co.uk,China,Male,Jiamiao,Flipstorm,82361.56,CNY
Clarence,James,cjamesdk@amazon.co.jp,Egypt,Male,Al Ibrāhīmīyah,Mymm,57549.60,EGP
Raymond,Williamson,rwilliamsondl@smugmug.com,China,Male,Tuojiang,Twitterlist,14517.78,CNY
Joe,Murphy,jmurphydm@auda.org.au,Indonesia,Male,Mulyorejo,Lazz,68960.21,IDR
Frank,Banks,fbanksdn@cloudflare.com,Paraguay,Male,Colonia Catuete,Topicware,24350.86,PYG
Christine,Fowler,cfowlerdo@microsoft.com,Nigeria,Female,Yamrat,Centimia,84853.49,NGN
Joshua,Cunningham,jcunninghamdp@mtv.com,Sweden,Male,Stockholm,Devcast,3918.56,SEK
Ruby,Morgan,rmorgandq@reddit.com,China,Female,Lingkou,Realbuzz,3259.90,CNY
Carol,Bowman,cbowmandr@nba.com,Syria,Female,Al Quţayfah,Twitterworks,14223.80,SYP
Robin,Hicks,rhicksds@unicef.org,Peru,Female,Chalaco,Edgeblab,6703.43,PEN
Terry,Reid,treiddt@cornell.edu,Turks and Caicos Islands,Male,Cockburn Town,Yakijo,46453.76,USD
Adam,Alvarez,aalvarezdu@networksolutions.com,Russia,Male,Kupavna,Lajo,57606.59,RUB
Pamela,Oliver,poliverdv@dell.com,China,Female,Shancheng,Gigashots,40085.08,CNY
Edward,Martinez,emartinezdw@shop-pro.jp,China,Male,Yongyang,Yombu,8730.27,CNY
Anne,Knight,aknightdx@hud.gov,Thailand,Female,Bang Khon Thi,Fadeo,53535.36,THB
Julie,Gardner,jgardnerdy@umn.edu,China,Female,Huarong Chengguanzhen,Dynabox,87954.52,CNY
Ryan,Peters,rpetersdz@npr.org,Indonesia,Male,Pejek,Yombu,86554.21,IDR
Samuel,Harper,sharpere0@chicagotribune.com,Panama,Male,Tubualá,Quire,62152.07,PAB
Julie,White,jwhitee1@vinaora.com,Indonesia,Female,Pakel,Topicware,9250.28,IDR
Shirley,Montgomery,smontgomerye2@deviantart.com,Venezuela,Female,Los Dos Caminos,Skiptube,75176.42,VEF
Edward,Lane,elanee3@newyorker.com,Poland,Male,Korczyna,Thoughtsphere,71090.52,PLN
Gerald,Bailey,gbaileye4@theglobeandmail.com,Portugal,Male,Goim,Skippad,14129.45,EUR
Ernest,Coleman,ecolemane5@nbcnews.com,Indonesia,Male,Mursaba,Twitterworks,17762.89,IDR
Keith,Fowler,kfowlere6@nsw.gov.au,Finland,Male,Tuusula,Kimia,45388.07,EUR
Jonathan,Nichols,jnicholse7@naver.com,Indonesia,Male,Mangkon Daja,Linkbridge,23733.19,IDR
Jerry,Clark,jclarke8@wikispaces.com,Russia,Male,Romanovskaya,Fadeo,40809.64,RUB
Carlos,Palmer,cpalmere9@sakura.ne.jp,Russia,Male,Tver,Trunyx,78152.69,RUB
Sarah,Rice,sriceea@marriott.com,Zimbabwe,Female,Insiza,Flashset,43082.49,ZWL
Lillian,Wallace,lwallaceeb@loc.gov,China,Female,Muyi,Rooxo,22437.76,CNY
Billy,Wood,bwoodec@plala.or.jp,Japan,Male,Shiraoi,Izio,90860.75,JPY
Jeremy,Reid,jreided@loc.gov,Philippines,Male,San Antonio,Fivechat,25375.37,PHP
George,Harper,gharperee@lulu.com,Poland,Male,Boleszkowice,Geba,60487.06,PLN
David,Watkins,dwatkinsef@ca.gov,Poland,Male,Lachowice,Zooxo,83405.89,PLN
Kathy,Boyd,kboydeg@latimes.com,Chile,Female,Puyehue,Tazz,10049.89,CLP
Melissa,Larson,mlarsoneh@nymag.com,Russia,Female,Sviblovo,Kwimbee,66209.11,RUB
Emily,King,ekingei@tripadvisor.com,Russia,Female,Vol’nyy Aul,Voonte,89713.55,RUB
Jeffrey,Miller,jmillerej@deviantart.com,Brazil,Male,Padre Bernardo,Avavee,22196.61,BRL
Phillip,Fields,pfieldsek@nytimes.com,Brazil,Male,Piquete,Dabvine,51313.94,BRL
Nancy,Gonzalez,ngonzalezel@microsoft.com,Pakistan,Female,Sohbatpur,Meevee,,PKR
Marilyn,Cooper,mcooperem@angelfire.com,France,Female,Creil,Shuffledrive,14427.49,EUR
Robin,Collins,rcollinsen@fotki.com,Indonesia,Female,Kebonagung,Quinu,81477.97,IDR
Antonio,Kim,akimeo@dagondesign.com,Sweden,Male,Stockholm,LiveZ,63727.50,SEK
Brian,Gilbert,bgilbertep@edublogs.org,Indonesia,Male,Panji,Dabtype,36773.47,IDR
Matthew,Fuller,mfullereq@archive.org,China,Male,Mawu,Thoughtblab,40401.04,CNY
Patrick,West,pwester@arizona.edu,United States,Male,Little Rock,Flashset,22579.09,USD
Catherine,Webb,cwebbes@nhs.uk,Brazil,Female,Araras,Zoonoodle,99410.54,BRL
Amanda,Castillo,acastilloet@intel.com,China,Female,Lianrao,Leenti,71260.78,CNY
Jonathan,Rice,jriceeu@webeden.co.uk,China,Male,Lintingkou,Feedmix,63410.09,CNY
Scott,Garrett,sgarrettev@hubpages.com,United States,Male,Pasadena,Edgepulse,47310.29,USD
Deborah,Ford,dfordew@hao123.com,Japan,Female,Kanzaki,Ailane,35021.12,JPY
John,Bell,jbellex@patch.com,China,Male,Xambabazar,Layo,77761.88,CNY
Linda,Alvarez,lalvarezey@springer.com,Paraguay,Female,Santiago,Meejo,90131.99,PYG
Ann,Kennedy,akennedyez@zimbio.com,Czech Republic,Female,Větřní,Fiveclub,75445.27,CZK
Edward,Johnson,ejohnsonf0@engadget.com,Poland,Male,Ujsoły,Jabbertype,45939.74,PLN
Helen,Gibson,hgibsonf1@qq.com,South Sudan,Female,Kajok,Trilith,62774.36,SSP
Carl,Bailey,cbaileyf2@vkontakte.ru,Tunisia,Male,Jilma,Quatz,78612.20,TND
Fred,Jacobs,fjacobsf3@ed.gov,Philippines,Male,Albuera,Zooxo,,PHP
Donald,Flores,dfloresf4@unesco.org,Malaysia,Male,Nusajaya,Meevee,75670.84,MYR
Martha,Long,mlongf5@disqus.com,Peru,Female,Velille,Chatterpoint,93278.21,PEN
Thomas,Hall,thallf6@stanford.edu,China,Male,Heka,Meejo,,CNY
Phillip,Cruz,pcruzf7@simplemachines.org,China,Male,Meilin,Blogtag,71089.97,CNY
Brenda,Weaver,bweaverf8@ask.com,Brazil,Female,Santo Antônio do Amparo,Thoughtworks,32296.41,BRL
Jeremy,Berry,jberryf9@facebook.com,France,Male,Vesoul,Twitterworks,71442.66,EUR
Brian,Hansen,bhansenfa@cnbc.com,Czech Republic,Male,Žiželice,Jaxspan,41715.49,CZK
Terry,Chavez,tchavezfb@ning.com,Barbados,Male,Welchman Hall,Demivee,,BBD
Gerald,Griffin,ggriffinfc@geocities.jp,China,Male,Caobi,Abata,35810.97,CNY
Kathryn,Price,kpricefd@ifeng.com,Yemen,Female,Raydah,Jabbertype,60099.97,YER
Steven,Coleman,scolemanfe@dailymotion.com,Philippines,Male,Tindog,Wordtune,77143.55,PHP
Susan,Greene,sgreeneff@mtv.com,Indonesia,Female,Bungkulan,Katz,36456.85,IDR
Stephen,Reed,sreedfg@sohu.com,Ukraine,Male,Olyka,Yabox,71390.55,UAH
Frances,Alvarez,falvarezfh@amazon.co.uk,Mongolia,Female,Altanbulag,Zoonder,24179.87,MNT
Martha,Ward,mwardfi@examiner.com,Russia,Female,Orekhovo-Borisovo Severnoye,Voolia,98967.62,RUB
Gregory,Rivera,griverafj@rambler.ru,China,Male,Erfangping,Fadeo,,CNY
Jeffrey,Flores,jfloresfk@cisco.com,New Zealand,Male,Moerewa,Topicblab,83823.38,NZD
Helen,Hudson,hhudsonfl@japanpost.jp,Egypt,Female,Kafr Şaqr,Tavu,,EGP
Jeffrey,Collins,jcollinsfm@mac.com,Indonesia,Male,Tenjolaya,Dabvine,68614.97,IDR
Jennifer,Kim,jkimfn@npr.org,France,Female,Bourgoin-Jallieu,Browseblab,,EUR
Patrick,Harris,pharrisfo@google.es,Ukraine,Male,Bila Krynytsya,Aibox,55168.41,UAH
Nicole,Hall,nhallfp@hao123.com,Croatia,Female,Podhum,Skinder,,HRK
Annie,Medina,amedinafq@abc.net.au,Portugal,Female,Paço,Dynava,89935.02,EUR
Phyllis,Miller,pmillerfr@qq.com,Mexico,Female,Arroyo Seco,Topicblab,9993.02,MXN
Ernest,Grant,egrantfs@sina.com.cn,Pakistan,Male,Kandhkot,Livefish,13288.59,PKR
Donald,Walker,dwalkerft@jugem.jp,Philippines,Male,Kauit,Kazio,,PHP
Carol,Spencer,cspencerfu@chicagotribune.com,United States,Female,Lincoln,Teklist,,USD
Douglas,Reid,dreidfv@etsy.com,South Africa,Male,Prince Albert,Divanoodle,23791.17,ZAR
Gloria,Morgan,gmorganfw@cyberchimps.com,Indonesia,Female,Dalam,Tagpad,80402.02,IDR
Justin,Burns,jburnsfx@wufoo.com,Indonesia,Male,Banjar Dauhpura,Dynabox,25758.18,IDR
Harold,Green,hgreenfy@ocn.ne.jp,Nepal,Male,Khāndbāri,Trudoo,97193.16,NPR
Ann,Dean,adeanfz@pbs.org,Japan,Female,Kaizuka,Realfire,22520.17,JPY
Sean,Martinez,smartinezg0@google.co.uk,Ireland,Male,Kilcullen,Skidoo,75822.39,EUR
Jose,Ortiz,jortizg1@washington.edu,China,Male,Shalang,Voonyx,18000.80,CNY
Judy,King,jkingg2@dailymail.co.uk,Nicaragua,Female,San Jorge,DabZ,50446.74,NIO
Kenneth,Washington,kwashingtong3@guardian.co.uk,China,Male,Xinghai,Feedfish,,CNY
Kimberly,Franklin,kfrankling4@imgur.com,Brazil,Female,Brodósqui,Podcat,77195.87,BRL
Brandon,Olson,bolsong5@nba.com,Ireland,Male,Muff,Leexo,,EUR
Thomas,Olson,tolsong6@go.com,Bosnia and Herzegovina,Male,Liješnica,InnoZ,64363.55,BAM
Martin,Griffin,mgriffing7@china.com.cn,China,Male,Zhouwang,Jetwire,,CNY
Jesse,Greene,jgreeneg8@indiegogo.com,China,Male,Libu,Oyoyo,30403.16,CNY
Theresa,Gilbert,tgilbertg9@bloglovin.com,Indonesia,Female,Cipatat,Realcube,44034.02,IDR
Joshua,Hansen,jhansenga@sciencedaily.com,Democratic Republic of the Congo,Male,Kananga,Gabvine,,CDF
Brenda,Morris,bmorrisgb@newyorker.com,Liberia,Female,Buchanan,Eayo,26897.80,LRD
Julia,Moreno,jmorenogc@engadget.com,France,Female,Rennes,Thoughtbeat,70070.67,EUR
Eugene,Reynolds,ereynoldsgd@rediff.com,Indonesia,Male,Krajan,Zazio,48263.65,IDR
Howard,Grant,hgrantge@gmpg.org,Ivory Coast,Male,Béoumi,Rooxo,41537.78,XOF
Gerald,Williamson,gwilliamsongf@webs.com,Indonesia,Male,Sukomulyo,Wordify,37148.06,IDR
Kimberly,Morales,kmoralesgg@jalbum.net,Portugal,Female,Ferreira,Trupe,48898.53,EUR
Richard,Robinson,rrobinsongh@privacy.gov.au,Poland,Male,Dobre Miasto,Mydo,,PLN
Virginia,Henry,vhenrygi@taobao.com,Poland,Female,Promna,Yadel,54050.75,PLN
Richard,Smith,rsmithgj@nationalgeographic.com,China,Male,Jiacun,Devshare,25600.17,CNY
Aaron,Jenkins,ajenkinsgk@naver.com,Russia,Male,Svetlyy,Skynoodle,84073.42,RUB
Janice,Gray,jgraygl@dailymotion.com,France,Female,Cergy-Pontoise,Meembee,74745.23,EUR
Anthony,Diaz,adiazgm@indiegogo.com,Greece,Male,Papágou,Mudo,21763.68,EUR
Ruth,Nelson,rnelsongn@huffingtonpost.com,Ukraine,Female,Tatariv,Quimm,,UAH
Amy,Hawkins,ahawkinsgo@wix.com,France,Female,Périgny,Zava,41685.90,EUR
Jimmy,Lewis,jlewisgp@wikimedia.org,China,Male,Gaowu,Zoombeat,,CNY
Todd,Lee,tleegq@zimbio.com,Philippines,Male,Enrile,Browsezoom,99399.19,PHP
Donna,White,dwhitegr@unicef.org,Russia,Female,Rudnichnyy,Oba,,RUB
Benjamin,Fields,bfieldsgs@macromedia.com,Ghana,Male,Obuasi,InnoZ,48293.44,GHS
Anne,Martin,amartingt@issuu.com,Spain,Female,Zaragoza,Browsecat,35545.84,EUR
Paula,Foster,pfostergu@moonfruit.com,Sweden,Female,Stockholm,BlogXS,,SEK
Ruby,Chapman,rchapmangv@de.vu,Portugal,Female,Lamoso,Meevee,36582.19,EUR
Benjamin,Little,blittlegw@csmonitor.com,Russia,Male,Muromtsevo,Zooxo,9354.34,RUB
Donald,Carpenter,dcarpentergx@meetup.com,Uzbekistan,Male,To’rtko’l Shahri,Flipbug,73037.42,UZS
Keith,Webb,kwebbgy@marriott.com,Mexico,Male,Emiliano Zapata,Photobean,79391.43,MXN
Jennifer,Perry,jperrygz@lycos.com,Norway,Female,Porsgrunn,Reallinks,23307.04,NOK
Jessica,Sims,jsimsh0@ftc.gov,Poland,Female,Grabica,Kazio,,PLN
Adam,Andrews,aandrewsh1@altervista.org,Lithuania,Male,Neringa,Topicware,73464.10,LTL
Richard,Garrett,rgarretth2@hud.gov,China,Male,Xiongzhou,Thoughtworks,20231.32,CNY
Roy,Henderson,rhendersonh3@mlb.com,Tanzania,Male,Magole,Trilith,29228.67,TZS
Christopher,Ray,crayh4@reference.com,China,Male,Nanzhang Chengguanzhen,Tagfeed,,CNY
Richard,Ross,rrossh5@symantec.com,Brazil,Male,Santa Quitéria,Zoombeat,12404.61,BRL
Gerald,Dixon,gdixonh6@mozilla.org,Indonesia,Male,Tibakisa,Omba,83123.21,IDR
Martin,Day,mdayh7@ameblo.jp,Taiwan,Male,Hualian,Fivespan,38326.95,TWD
Matthew,Reid,mreidh8@indiegogo.com,Brazil,Male,Três Rios,Blogpad,18482.89,BRL
Susan,Castillo,scastilloh9@nps.gov,Poland,Female,Koźle,Thoughtmix,18180.59,PLN
Kimberly,Morgan,kmorganha@gravatar.com,Mexico,Female,Vicente Guerrero,Tagcat,74126.15,MXN
Irene,Burke,iburkehb@artisteer.com,Chile,Female,Purranque,Rooxo,364.34,CLP
Julia,Marshall,jmarshallhc@parallels.com,Brazil,Female,Boquira,Dablist,64135.91,BRL
Sharon,Lawrence,slawrencehd@google.com.br,China,Female,Jinjiahe,Pixonyx,24119.39,CNY
Roy,Freeman,rfreemanhe@bluehost.com,Russia,Male,Suvorov,Edgetag,80624.98,RUB
Christine,Howell,chowellhf@bloglines.com,Philippines,Female,Maguyam,Gigashots,67969.63,PHP
Harold,Brown,hbrownhg@tripod.com,Spain,Male,Tarragona,Thoughtbeat,18493.85,EUR
Dennis,Mason,dmasonhh@fotki.com,China,Male,Wugong,Centimia,36028.11,CNY
Kevin,Roberts,krobertshi@live.com,China,Male,Changfeng,Meeveo,75803.41,CNY
Timothy,Jordan,tjordanhj@whitehouse.gov,Russia,Male,Baykit,Aibox,,RUB
Joe,Kelly,jkellyhk@spiegel.de,Morocco,Male,Jerada,Avamm,73914.73,MAD
Paul,Cox,pcoxhl@vimeo.com,Mongolia,Male,Tsagaannuur,Dynabox,15019.10,MNT
Sean,Banks,sbankshm@economist.com,Namibia,Male,Outapi,Bluezoom,,NAD
Jesse,Ferguson,jfergusonhn@bluehost.com,Slovenia,Male,Notranje Gorice,Topiczoom,13266.18,EUR
Michael,Armstrong,marmstrongho@cocolog-nifty.com,Portugal,Male,Eido,Geba,56865.92,EUR
Charles,Payne,cpaynehp@narod.ru,China,Male,Guanzhou,Teklist,30835.36,CNY
Martha,Kim,mkimhq@skyrock.com,Russia,Female,Belyye Berega,Leexo,20310.50,RUB
Craig,Evans,cevanshr@sohu.com,Colombia,Male,Chía,Ntag,51017.22,COP
Richard,Smith,rsmithhs@dion.ne.jp,Portugal,Male,Boavista,Yambee,21289.54,EUR
Kathryn,Marshall,kmarshallht@google.com.br,Croatia,Female,Lopar,Voomm,7701.66,HRK
Cheryl,Cruz,ccruzhu@aboutads.info,Russia,Female,Trudovoye,Dynava,85644.04,RUB
Janet,Crawford,jcrawfordhv@smugmug.com,Mauritius,Female,Ebene,Shuffletag,6223.77,MUR
Victor,Price,vpricehw@tiny.cc,China,Male,Dashuipo,Gigashots,73461.57,CNY
Theresa,Hughes,thugheshx@t-online.de,China,Female,Chabu,Mynte,87434.30,CNY
Bobby,Green,bgreenhy@godaddy.com,Canada,Male,Sainte-Agathe-des-Monts,Thoughtstorm,48516.36,CAD
Jeffrey,Black,jblackhz@printfriendly.com,China,Male,Dongfanghong,Skivee,94478.97,CNY
Melissa,Morgan,mmorgani0@creativecommons.org,Brazil,Female,Franca,Tazzy,91471.80,BRL
Antonio,Washington,awashingtoni1@rediff.com,Peru,Male,Catache,Tagcat,27452.59,PEN
Bonnie,Hawkins,bhawkinsi2@ftc.gov,Philippines,Female,Dassun,Dabjam,65459.18,PHP
Anthony,Hanson,ahansoni3@g.co,Indonesia,Male,Jetis,Skajo,30776.35,IDR
Sarah,Fields,sfieldsi4@reddit.com,Indonesia,Female,Ladan,Livefish,64007.95,IDR
Joyce,Hughes,jhughesi5@oakley.com,United Kingdom,Female,Church End,Riffwire,53927.50,GBP
Julia,Meyer,jmeyeri6@apache.org,China,Female,Panshan,Yakidoo,90790.57,CNY
Gloria,Little,glittlei7@blog.com,China,Female,Xinglong,Gabvine,78750.88,CNY
Antonio,Anderson,aandersoni8@blogspot.com,Indonesia,Male,Sumurgeneng,Wikizz,,IDR
Patricia,Hunt,phunti9@pagesperso-orange.fr,Portugal,Female,Fonte Boa da Brincosa,Wikizz,,EUR
Phyllis,Rodriguez,prodriguezia@google.co.jp,France,Female,Besançon,Trunyx,20794.21,EUR
Aaron,Riley,arileyib@fda.gov,Philippines,Male,Odiong,Cogidoo,64900.16,PHP
Eric,Boyd,eboydic@berkeley.edu,Germany,Male,Hamburg,Photofeed,35613.94,EUR
Rebecca,Harris,rharrisid@geocities.jp,Poland,Female,Nieszawa,Ailane,24961.60,PLN
Christina,Wagner,cwagnerie@technorati.com,China,Female,Wangcungang,Aimbu,35126.80,CNY
Andrea,Lee,aleeif@gmpg.org,Morocco,Female,Boulaouane,Skajo,,MAD
Anthony,Collins,acollinsig@w3.org,Portugal,Male,Marisol,Pixope,42992.90,EUR
Susan,Brown,sbrownih@arizona.edu,Portugal,Female,Belos Ares,Rhyzio,72947.66,EUR
Jason,Reed,jreedii@mit.edu,Philippines,Male,Maslog,Buzzshare,88826.03,PHP
Sandra,Riley,srileyij@hubpages.com,Uganda,Female,Napak,Tambee,,UGX
Katherine,Reid,kreidik@photobucket.com,Philippines,Female,Bacnotan,Skaboo,46202.97,PHP
Earl,Oliver,eoliveril@pbs.org,Indonesia,Male,Cibaregbeg,Innotype,11791.99,IDR
Jacqueline,Edwards,jedwardsim@webnode.com,Somalia,Female,Baidoa,Oyoba,20002.98,SOS
Lisa,Ellis,lellisin@woothemes.com,France,Female,Créteil,Yotz,22124.97,EUR
Joe,Scott,jscottio@issuu.com,China,Male,Gucheng,Dabtype,7683.04,CNY
Steve,Lawrence,slawrenceip@wufoo.com,China,Male,Huangdimiao,Oyonder,174.72,CNY
Deborah,Jenkins,djenkinsiq@odnoklassniki.ru,Indonesia,Female,Sindangsari,Jabberbean,32445.76,IDR
Johnny,Cunningham,jcunninghamir@irs.gov,Indonesia,Male,Talok,Twimm,27478.99,IDR
Wanda,Austin,waustinis@ted.com,Russia,Female,Yasnyy,Plajo,3104.41,RUB
Fred,Reid,freidit@webeden.co.uk,Turkmenistan,Male,Gowurdak,Thoughtbridge,2229.17,TMT
Robert,Gutierrez,rgutierreziu@home.pl,Norway,Male,Kristiansand S,Talane,21293.03,NOK
James,Gardner,jgardneriv@bbb.org,China,Male,Tangquan,Ozu,69078.79,CNY
Judy,Bishop,jbishopiw@exblog.jp,China,Female,Tuoshi,Blognation,72458.76,CNY
Andrea,Adams,aadamsix@ustream.tv,Canada,Female,Selkirk,Wordpedia,96737.93,CAD
Albert,Anderson,aandersoniy@goo.ne.jp,Greece,Male,Flórina,Edgepulse,26806.61,EUR
Deborah,Greene,dgreeneiz@princeton.edu,Poland,Female,Czarnocin,Thoughtworks,65910.02,PLN
Angela,Ross,arossj0@deviantart.com,Serbia,Female,Bečej,Vidoo,61458.38,RSD
Julia,Edwards,jedwardsj1@uol.com.br,France,Female,Arras,Edgetag,76609.75,EUR
Denise,Oliver,doliverj2@bravesites.com,Philippines,Female,Rizal,Oodoo,72174.24,PHP
Gary,Andrews,gandrewsj3@blog.com,Laos,Male,Lamam,Photolist,9166.54,LAK
Jimmy,Fowler,jfowlerj4@blogtalkradio.com,Panama,Male,El Cortezo,Devpulse,56125.11,PAB
Patrick,Rivera,priveraj5@cdbaby.com,Brazil,Male,Pentecoste,Feedfish,74967.53,BRL
Louis,Harrison,lharrisonj6@digg.com,Croatia,Male,Rijeka,Brightbean,80875.18,HRK
Linda,Daniels,ldanielsj7@businessweek.com,China,Female,Yanjiang,Gigazoom,87482.41,CNY
Lois,Mills,lmillsj8@wiley.com,China,Female,Chenji,Jabberstorm,66836.74,CNY
Carl,Morgan,cmorganj9@free.fr,Poland,Male,Boguchwała,Gabvine,92468.56,PLN
Kathy,Fox,kfoxja@issuu.com,Indonesia,Female,Plalar,Centimia,38887.75,IDR
Lisa,Davis,ldavisjb@state.tx.us,Switzerland,Female,Chur,Abata,62194.17,CHF
Norma,Price,npricejc@livejournal.com,Russia,Female,Sivaki,Flashset,56379.77,RUB
Roy,Richardson,rrichardsonjd@cbslocal.com,Russia,Male,Krasnoye,Avamba,73976.71,RUB
Christina,Graham,cgrahamje@psu.edu,China,Female,Zhongba,Cogidoo,78141.49,CNY
Justin,Hamilton,jhamiltonjf@clickbank.net,China,Male,Pingdong,Quatz,49160.70,CNY
Denise,Perez,dperezjg@chron.com,Philippines,Female,Upper San Mateo,Skippad,,PHP
Ernest,Rivera,eriverajh@free.fr,Poland,Male,Osielsko,Oyondu,69269.78,PLN
Ronald,Burton,rburtonji@addthis.com,Brazil,Male,Itapipoca,Wikizz,57734.02,BRL
Theresa,Gonzalez,tgonzalezjj@trellian.com,Colombia,Female,Arjona,Gabvine,984.97,COP
Philip,Walker,pwalkerjk@php.net,Philippines,Male,Maagnas,Quinu,85484.41,PHP
Evelyn,Fox,efoxjl@state.tx.us,China,Female,Shixian,Topicstorm,27788.26,CNY
Jeffrey,Bell,jbelljm@newsvine.com,Latvia,Male,Viļaka,Lajo,65752.82,EUR
Sean,Wilson,swilsonjn@ocn.ne.jp,Japan,Male,Ōtsu-shi,Zoomdog,30988.08,JPY
Phyllis,Willis,pwillisjo@narod.ru,Afghanistan,Female,Farah,Twiyo,77526.36,AFN
Dorothy,Freeman,dfreemanjp@tripod.com,Indonesia,Female,Cihurip Satu,Buzzster,35426.32,IDR
Willie,Webb,wwebbjq@quantcast.com,France,Male,Cergy-Pontoise,Voonte,69742.82,EUR
Juan,Frazier,jfrazierjr@psu.edu,France,Male,Labège,Youfeed,80454.83,EUR
Louise,Turner,lturnerjs@engadget.com,Indonesia,Female,Sekolan,Zoonder,8385.11,IDR
Mary,Gardner,mgardnerjt@mozilla.com,Indonesia,Female,Sidomulyo,Riffpedia,14405.48,IDR
Aaron,Lane,alaneju@wp.com,Russia,Male,Dmitriyevskaya,Chatterpoint,61942.85,RUB
Frances,Gutierrez,fgutierrezjv@amazon.de,Morocco,Female,Skhirat,Eamia,54267.83,MAD
Craig,Richards,crichardsjw@booking.com,Portugal,Male,Loureiro,Voolia,80091.07,EUR
Victor,Bishop,vbishopjx@hao123.com,Italy,Male,Trieste,Tavu,2616.86,EUR
Rose,Vasquez,rvasquezjy@nifty.com,France,Female,Paris 07,Yodel,46736.17,EUR
Carl,Bradley,cbradleyjz@bluehost.com,China,Male,Dahedian,Jabberbean,75921.27,CNY
Lori,Schmidt,lschmidtk0@google.co.jp,Philippines,Female,San Roque,Shufflester,79979.64,PHP
Jacqueline,Mitchell,jmitchellk1@purevolume.com,Ivory Coast,Female,Aboisso,Divanoodle,65291.91,XOF
Diane,Rodriguez,drodriguezk2@virginia.edu,Afghanistan,Female,Markaz-e Woluswalī-ye Āchīn,Jabbersphere,71256.36,AFN
Daniel,Fowler,dfowlerk3@jimdo.com,South Korea,Male,Gwangjeok,Mynte,12853.88,KRW
Mary,Turner,mturnerk4@ft.com,United States,Female,Greeley,Thoughtstorm,67563.24,USD
Diane,Jenkins,djenkinsk5@histats.com,Russia,Female,Nelidovo,Skyba,56729.36,RUB
Julie,Anderson,jandersonk6@phoca.cz,South Africa,Female,Calvinia,Brainlounge,62038.47,ZAR
Marie,Richardson,mrichardsonk7@oaic.gov.au,Serbia,Female,Aradac,Thoughtstorm,92596.68,RSD
Diana,Hart,dhartk8@t.co,China,Female,Shiqiaotou,Snaptags,64764.06,CNY
Amanda,Arnold,aarnoldk9@bbb.org,China,Female,Goujie,Zoozzy,3066.48,CNY
Ann,Arnold,aarnoldka@msu.edu,Indonesia,Female,Dorupare,Shufflester,55057.01,IDR
Emily,Hayes,ehayeskb@bigcartel.com,Russia,Female,Trubchevsk,Skimia,14890.41,RUB
Helen,Black,hblackkc@amazonaws.com,Russia,Female,Sedkyrkeshch,Skilith,67790.18,RUB
Louis,Clark,lclarkkd@creativecommons.org,Cuba,Male,Camagüey,Edgetag,82051.66,CUP
Gregory,Scott,gscottke@shinystat.com,Philippines,Male,Malhiao,Thoughtstorm,94902.32,PHP
Rose,Fields,rfieldskf@cmu.edu,Indonesia,Female,Longkali,Zooxo,40587.36,IDR
Sean,Rogers,srogerskg@hud.gov,Bahamas,Male,Masons Bay,Devshare,72127.77,BSD
Anna,Long,alongkh@php.net,Greece,Female,Kérkyra,Divanoodle,54011.55,EUR
Benjamin,Carr,bcarrki@china.com.cn,France,Male,Agen,Gigazoom,77250.60,EUR
Ernest,Ramos,eramoskj@google.com.hk,China,Male,Samajie Ewenkeminzu,Divavu,,CNY
Juan,Gordon,jgordonkk@gravatar.com,France,Male,Aubenas,Meeveo,43307.49,EUR
Heather,Carroll,hcarrollkl@census.gov,Poland,Female,Trzcianka,Katz,58104.88,PLN
Craig,Ramos,cramoskm@howstuffworks.com,Mongolia,Male,Jargalant,Zoonoodle,,MNT
Ruby,White,rwhitekn@dailymotion.com,Sweden,Female,Stockholm,Edgetag,64344.20,SEK
Anne,Garza,agarzako@msu.edu,Chad,Female,Massakory,Oba,53611.10,XAF
Jose,Fernandez,jfernandezkp@vkontakte.ru,Yemen,Male,Al Qurayshīyah,Quinu,12954.30,YER
Aaron,Hunter,ahunterkq@prnewswire.com,Russia,Male,Staraya Kulatka,Aibox,14101.03,RUB
Marie,Rose,mrosekr@foxnews.com,Tokelau,Female,Atafu Village,Rooxo,29963.37,NZD
Susan,Adams,sadamsks@bloglines.com,Iraq,Female,Balad,Yombu,23025.82,IQD
Ryan,Webb,rwebbkt@ucoz.ru,Nigeria,Male,Kazaure,Cogibox,1364.09,NGN
Daniel,Bowman,dbowmanku@bbb.org,Indonesia,Male,Garahaji,Feedfish,,IDR
Kathleen,Austin,kaustinkv@tamu.edu,Russia,Female,Gorskaya,Gigaclub,77211.92,RUB
Earl,Bradley,ebradleykw@weebly.com,Philippines,Male,Bulacan,Zoozzy,40937.07,PHP
Roger,Schmidt,rschmidtkx@so-net.ne.jp,China,Male,Shache,Roombo,59450.52,CNY
Jason,Collins,jcollinsky@ed.gov,Portugal,Male,Torre do Pinhão,Avavee,62498.64,EUR
Donald,Hanson,dhansonkz@cisco.com,China,Male,Sangke,Yakidoo,82210.64,CNY
William,Hunt,whuntl0@freewebs.com,Pakistan,Male,Pīr jo Goth,Avamba,33995.92,PKR
Kimberly,Olson,kolsonl1@hubpages.com,Indonesia,Female,Lembursawah,Gabvine,77047.18,IDR
Mary,Nelson,mnelsonl2@google.com.br,Sweden,Female,Rimbo,Blogspan,96509.62,SEK
Ashley,Rodriguez,arodriguezl3@dmoz.org,Mexico,Female,El Refugio,Janyx,32834.49,MXN
James,Morrison,jmorrisonl4@angelfire.com,Indonesia,Male,Lanpelan,Brainsphere,4228.36,IDR
Lawrence,Hicks,lhicksl5@geocities.com,China,Male,Huomachong,Rooxo,85680.38,CNY
Cynthia,Miller,cmillerl6@github.com,Kazakhstan,Female,Kokterek,Voonte,,KZT
Katherine,Duncan,kduncanl7@unicef.org,Kazakhstan,Female,Ordzhonikidze,Youopia,91205.82,KZT
Anthony,Cook,acookl8@geocities.com,Indonesia,Male,Tegalwero,Blogpad,83565.67,IDR
Catherine,Chapman,cchapmanl9@oaic.gov.au,France,Female,Alençon,Skinder,51712.84,EUR
Sarah,Castillo,scastillola@sakura.ne.jp,United States,Female,Pasadena,Zoomzone,,USD
Rebecca,Garrett,rgarrettlb@technorati.com,Uzbekistan,Female,Gagarin,Fatz,23605.52,UZS
Jose,Wilson,jwilsonlc@aboutads.info,Indonesia,Male,Riung,Vitz,61754.24,IDR
Cynthia,Wagner,cwagnerld@canalblog.com,Belarus,Female,Pruzhany,Innojam,,BYR
Carlos,Crawford,ccrawfordle@indiatimes.com,United States,Male,Kansas City,Skinder,72802.47,USD
Timothy,Ross,trosslf@macromedia.com,Brazil,Male,Itajaí,Jazzy,10198.36,BRL
David,Jones,djoneslg@soup.io,Portugal,Male,Tocha,Eayo,20832.51,EUR
Daniel,James,djameslh@istockphoto.com,Indonesia,Male,Dinjo,Avamm,88883.14,IDR
Kathy,Gutierrez,kgutierrezli@unesco.org,Malaysia,Female,Melaka,Gigaclub,68050.26,MYR
Joe,Miller,jmillerlj@typepad.com,Ivory Coast,Male,Mankono,Yambee,7573.59,XOF
Robin,Fuller,rfullerlk@feedburner.com,Brazil,Female,Saubara,Skajo,65438.98,BRL
Robert,Fox,rfoxll@buzzfeed.com,China,Male,Gongming,Fivechat,27482.39,CNY
Beverly,Webb,bwebblm@princeton.edu,Guatemala,Female,San José Acatempa,Fliptune,23738.90,GTQ
Linda,Romero,lromeroln@blogs.com,Colombia,Female,Coyaima,Reallinks,84260.40,COP
Ashley,Roberts,arobertslo@gravatar.com,China,Female,Lincuo,Youtags,42727.27,CNY
Marie,Hill,mhilllp@reddit.com,Portugal,Female,Antanhol,Myworks,96279.85,EUR
Barbara,Rodriguez,brodriguezlq@tripadvisor.com,China,Female,Chenqing,Blogpad,52208.25,CNY
Mark,Cole,mcolelr@php.net,Indonesia,Male,Pasir,Dabjam,79926.36,IDR
Diane,Murray,dmurrayls@wisc.edu,France,Female,Saint-Leu-la-Forêt,Voolith,17934.16,EUR
Patrick,Mccoy,pmccoylt@goo.gl,Sweden,Male,Göteborg,Oyoyo,89861.46,SEK
Helen,Scott,hscottlu@admin.ch,China,Female,Taojiahe,Riffpath,80732.16,CNY
Randy,Kelley,rkelleylv@uol.com.br,Montenegro,Male,Žabljak,Innojam,59911.65,EUR
Doris,Shaw,dshawlw@taobao.com,Portugal,Female,Aldeia,Mycat,69902.69,EUR
Nicholas,Bell,nbelllx@sfgate.com,Poland,Male,Nowe Miasto,Skyvu,,PLN
Ralph,Stevens,rstevensly@ustream.tv,Poland,Male,Buk,Fatz,8226.10,PLN
Paula,Cook,pcooklz@wordpress.org,Tunisia,Female,Houmt Souk,Zooxo,24784.21,TND
Edward,Kennedy,ekennedym0@netscape.com,China,Male,Sanhe,Roodel,31409.81,CNY
Steven,Lewis,slewism1@state.tx.us,Argentina,Male,Ushuaia,Topicware,31365.12,ARS
Nicholas,Flores,nfloresm2@patch.com,Finland,Male,Varkaus,Fadeo,55634.88,EUR
Jeffrey,Day,jdaym3@npr.org,Thailand,Male,Udon Thani,Trudeo,85337.25,THB
Ernest,Perez,eperezm4@google.com,China,Male,Huyuan,Shufflebeat,54113.36,CNY
Howard,Payne,hpaynem5@dailymotion.com,Indonesia,Male,Winong,Quinu,55660.62,IDR
Lois,Walker,lwalkerm6@yelp.com,Thailand,Female,Taphan Hin,Jabbercube,66592.21,THB
Janice,Martin,jmartinm7@meetup.com,Philippines,Female,Maramag,Layo,35560.54,PHP
Louis,Arnold,larnoldm8@cdbaby.com,Venezuela,Male,Sabaneta,Tambee,89613.61,VEF
Kelly,Johnston,kjohnstonm9@nasa.gov,Azerbaijan,Female,Qaxbaş,Oyondu,15563.51,AZN
Tammy,Rice,tricema@istockphoto.com,Brazil,Female,Osvaldo Cruz,Chatterpoint,61225.17,BRL
Craig,Chapman,cchapmanmb@bizjournals.com,Spain,Male,Vigo,Voonte,40602.20,EUR
Justin,Vasquez,jvasquezmc@zimbio.com,Indonesia,Male,Tanjungluar,Vitz,60940.17,IDR
George,Mccoy,gmccoymd@woothemes.com,Mozambique,Male,Inhambane,Thoughtmix,42059.10,MZN
Willie,Cox,wcoxme@freewebs.com,Indonesia,Male,Kopen,Vinder,17969.74,IDR
Gary,Wood,gwoodmf@cyberchimps.com,China,Male,Xinglong,Skynoodle,84306.24,CNY
Nicholas,Diaz,ndiazmg@google.cn,Canada,Male,Okotoks,Skimia,,CAD
Judith,Gordon,jgordonmh@nhs.uk,Brazil,Female,Serra Talhada,Rhybox,77445.77,BRL
Jennifer,White,jwhitemi@salon.com,North Korea,Female,T’ongch’ŏn-ŭp,Quatz,54975.34,KPW
Kenneth,Russell,krussellmj@dedecms.com,China,Male,Ketian,Wordware,67665.11,CNY
Teresa,Ramos,tramosmk@mozilla.com,Greece,Female,Polykárpi,Thoughtbridge,41904.12,EUR
Jessica,Bell,jbellml@miitbeian.gov.cn,Croatia,Female,Žrnovo,Trilia,7718.47,HRK
Maria,Rogers,mrogersmm@ameblo.jp,Aruba,Female,Oranjestad,Zoomlounge,34539.89,AWG
Heather,Campbell,hcampbellmn@shutterfly.com,Brazil,Female,Rancharia,Tagopia,54834.34,BRL
Craig,Arnold,carnoldmo@google.com.au,United States,Male,Fort Smith,Muxo,83512.28,USD
Gary,Price,gpricemp@qq.com,Sri Lanka,Male,Katunayaka,Tagfeed,45353.88,LKR
Kathleen,Bennett,kbennettmq@house.gov,United Kingdom,Female,Wirral,Eare,18154.91,GBP
Howard,Hernandez,hhernandezmr@is.gd,China,Male,Beidaihehaibin,Oyoloo,64612.90,CNY
Alice,Owens,aowensms@drupal.org,France,Female,Romans-sur-Isère,Tazzy,38444.06,EUR
Karen,Kennedy,kkennedymt@google.ca,Slovenia,Female,Ormož,Cogilith,37926.19,EUR
Timothy,Price,tpricemu@reference.com,South Africa,Male,Margate,Twinte,94670.91,ZAR
Martha,Castillo,mcastillomv@wikispaces.com,Argentina,Female,Alta Gracia,Skajo,,ARS
Diana,Ray,draymw@sogou.com,Portugal,Female,São Pedro do Estoril,Eazzy,40201.65,EUR
Andrew,Rodriguez,arodriguezmx@europa.eu,Mexico,Male,San Antonio,Layo,27890.42,MXN
Marilyn,Mills,mmillsmy@archive.org,China,Female,Lian,Lazzy,69169.15,CNY
Bonnie,Ford,bfordmz@comsenz.com,Philippines,Female,Culasian,Twitterbeat,,PHP
Jessica,Gomez,jgomezn0@usnews.com,China,Female,Dongshui,Minyx,37456.63,CNY
Marie,Powell,mpowelln1@prweb.com,Japan,Female,Tsu-shi,Skynoodle,19487.39,JPY
Heather,Myers,hmyersn2@squidoo.com,Russia,Female,Pechersk,Thoughtbeat,74524.35,RUB
Patrick,Butler,pbutlern3@businessweek.com,China,Male,Liuxiang,Talane,95570.87,CNY
Emily,Stevens,estevensn4@mit.edu,United States,Female,Colorado Springs,Tambee,47111.44,USD
Diana,Sims,dsimsn5@gravatar.com,Indonesia,Female,Tegalbuleud,Trudeo,2657.12,IDR
Louise,Bennett,lbennettn6@gov.uk,China,Female,Yanjiatai,Skalith,13547.29,CNY
Beverly,Hansen,bhansenn7@amazonaws.com,China,Female,Louta,Wikizz,44525.52,CNY
Bruce,Gardner,bgardnern8@unicef.org,Iran,Male,Qal‘eh-ye Khvājeh,Zooxo,70833.11,IRR
Nancy,Wilson,nwilsonn9@amazon.co.uk,Philippines,Female,Balatero,Geba,33202.68,PHP
Jane,Mccoy,jmccoyna@phpbb.com,Tanzania,Female,Bukonyo,Avamm,58415.24,TZS
Benjamin,Myers,bmyersnb@kickstarter.com,Vietnam,Male,Hoàn Kiếm,Brightdog,14742.75,VND
Susan,Matthews,smatthewsnc@techcrunch.com,Cuba,Female,Palma Soriano,Dynabox,1874.67,CUP
Lori,Kelly,lkellynd@woothemes.com,Indonesia,Female,Cungkal,Flashset,84010.32,IDR
Sara,Wagner,swagnerne@1und1.de,China,Female,Baisha,Yombu,62879.19,CNY
Jerry,Wood,jwoodnf@csmonitor.com,United States,Male,Scottsdale,Trunyx,89302.04,USD
Phyllis,Wells,pwellsng@imgur.com,Indonesia,Female,Lewo,Bluejam,32971.39,IDR
Johnny,Harrison,jharrisonnh@pinterest.com,Russia,Male,Selizharovo,Skippad,3213.74,RUB
Thomas,Woods,twoodsni@amazon.co.uk,Palestinian Territory,Male,‘Ūrīf,Thoughtstorm,3314.03,ILS
Adam,Schmidt,aschmidtnj@chron.com,China,Male,Leping,Centizu,79451.00,CNY
Thomas,Nguyen,tnguyennk@icio.us,Indonesia,Male,Rado,Wikizz,,IDR
Frank,Knight,fknightnl@ow.ly,China,Male,Xiaozhoushan,Vidoo,47407.74,CNY
George,Hayes,ghayesnm@bloomberg.com,Portugal,Male,Requião,Fivespan,,EUR
Kathy,Lane,klanenn@theguardian.com,China,Female,Zhenqiao,Rhycero,82925.01,CNY
Joe,Parker,jparkerno@tumblr.com,Poland,Male,Fordon,Edgetag,2002.50,PLN
Judy,Payne,jpaynenp@uol.com.br,Nigeria,Female,Oju,Thoughtstorm,90895.20,NGN
Jason,Frazier,jfraziernq@myspace.com,Russia,Male,Verkhnyaya Khava,Gigabox,2114.58,RUB
John,Arnold,jarnoldnr@altervista.org,Uzbekistan,Male,Nurota Shahri,Edgeclub,62774.65,UZS
Eric,Dunn,edunnns@slate.com,China,Male,Xiaozhoushan,Buzzdog,,CNY
Angela,Lee,aleent@freewebs.com,Indonesia,Female,Pariti,Omba,47394.66,IDR
Scott,Moreno,smorenonu@google.ca,China,Male,Huangbei,Browseblab,17513.45,CNY
Heather,Peterson,hpetersonnv@cnbc.com,Philippines,Female,Pulo,Skyba,10782.63,PHP
Judy,Jones,jjonesnw@netvibes.com,Poland,Female,Wielbark,Kwinu,8686.09,PLN
Rebecca,Clark,rclarknx@dot.gov,Canada,Female,Rosthern,Jabberbean,63900.06,CAD
Fred,Marshall,fmarshallny@wiley.com,Albania,Male,Bubullimë,Zoomlounge,87978.78,ALL
Christopher,Ryan,cryannz@delicious.com,Kosovo,Male,Pejë,Brainsphere,5251.85,EUR
Jean,Fisher,jfishero0@epa.gov,Brazil,Female,Altamira,Eare,33090.69,BRL
Joan,Flores,jfloreso1@ow.ly,Malaysia,Female,Seremban,Meevee,48756.13,MYR
Debra,Hughes,dhugheso2@wisc.edu,China,Female,Shangcunba,Yotz,55179.87,CNY
Elizabeth,Fuller,efullero3@loc.gov,Vietnam,Female,Quận Sáu,Realfire,,VND
Benjamin,Kelly,bkellyo4@zimbio.com,Philippines,Male,Sibulan,Edgepulse,8642.93,PHP
Theresa,Mills,tmillso5@last.fm,Saudi Arabia,Female,Tanūmah,Skyndu,,SAR
Marie,Lawrence,mlawrenceo6@mail.ru,Philippines,Female,Digdig,Zoombeat,33718.08,PHP
Amy,Chapman,achapmano7@paypal.com,Indonesia,Female,Cimara,Thoughtstorm,64492.78,IDR
Jose,Kennedy,jkennedyo8@goo.gl,China,Male,Luoyang,Flashdog,85200.44,CNY
Justin,Day,jdayo9@statcounter.com,Moldova,Male,Bilicenii Vechi,Gabtype,45695.91,MDL
Harry,Howell,hhowelloa@com.com,Indonesia,Male,Mangaran,Realfire,,IDR
Jose,Berry,jberryob@nationalgeographic.com,Portugal,Male,Vagos,Zoomcast,,EUR
Ruby,Hansen,rhansenoc@dyndns.org,Poland,Female,Klimontów,Realfire,59940.58,PLN
Ryan,Wheeler,rwheelerod@epa.gov,Peru,Male,Aco,Eadel,55170.54,PEN
Donna,Kennedy,dkennedyoe@webnode.com,Thailand,Female,Wang Sai Phun,Avamm,,THB
Dorothy,Ward,dwardof@newsvine.com,Indonesia,Female,Krojo,Browsezoom,71051.15,IDR
Frances,Webb,fwebbog@icio.us,Guatemala,Female,Cuilco,Thoughtstorm,88037.36,GTQ
Sharon,Hughes,shughesoh@mozilla.com,Azerbaijan,Female,Baş Göynük,Avamba,,AZN
David,Morales,dmoralesoi@bbb.org,Latvia,Male,Jaunpiebalga,Photobean,41912.73,EUR
Jennifer,Holmes,jholmesoj@tinypic.com,Vietnam,Female,Phu Loc,Fivebridge,19117.81,VND
David,Howell,dhowellok@prlog.org,Thailand,Male,Taphan Hin,Yata,11179.02,THB
Deborah,Harper,dharperol@4shared.com,Indonesia,Female,Bulupayung,Quimba,99918.11,IDR
Tammy,Thomas,tthomasom@phpbb.com,China,Female,Hekou,Podcat,70639.88,CNY
Charles,Rivera,criveraon@upenn.edu,Russia,Male,Voloshka,Browsebug,89055.01,RUB
Earl,Myers,emyersoo@yellowbook.com,Russia,Male,Staraya Kulatka,Podcat,69588.82,RUB
Jennifer,Bailey,jbaileyop@ca.gov,Honduras,Female,El Agua Dulcita,Muxo,23823.66,HNL
Jane,Jacobs,jjacobsoq@pinterest.com,Afghanistan,Female,Nāṟay,Gabtune,99883.58,AFN
Carl,Davis,cdavisor@msn.com,France,Male,Pamiers,Flipopia,48322.70,EUR
Arthur,Gomez,agomezos@instagram.com,China,Male,Changping,Lazz,33678.79,CNY
Brian,Sanders,bsandersot@mail.ru,China,Male,Jiaodai,Buzzdog,38322.23,CNY
Donald,Bryant,dbryantou@w3.org,China,Male,Jianshe,Photobug,75751.86,CNY
Keith,Payne,kpayneov@zimbio.com,Philippines,Male,Patao,Brainsphere,1981.73,PHP
Daniel,Adams,dadamsow@vkontakte.ru,France,Male,Neuilly-sur-Marne,Zooveo,20741.07,EUR
Andrew,Vasquez,avasquezox@purevolume.com,Russia,Male,Maloye Verevo,Babbleset,,RUB
Norma,Marshall,nmarshalloy@tripadvisor.com,China,Female,Wangyi Zhendian,Skalith,56153.23,CNY
Annie,Richardson,arichardsonoz@icq.com,Sweden,Female,Munkfors,Divavu,91986.84,SEK
Terry,Hamilton,thamiltonp0@php.net,Afghanistan,Male,Āsmār,Brainverse,55646.37,AFN
Ashley,Johnston,ajohnstonp1@over-blog.com,Malaysia,Female,Pulau Pinang,Gevee,53410.51,MYR
Jane,Richards,jrichardsp2@mapy.cz,Malaysia,Female,Johor Bahru,Mymm,61745.24,MYR
Barbara,Graham,bgrahamp3@imageshack.us,Argentina,Female,Los Juríes,Trupe,92548.10,ARS
Diana,Hughes,dhughesp4@opera.com,China,Female,Tangtou,Dynava,96232.50,CNY
Lori,Ramirez,lramirezp5@smugmug.com,Philippines,Female,Biao,Tagcat,76688.40,PHP
Mary,Black,mblackp6@tripadvisor.com,Greece,Female,Kanália,Skivee,44913.22,EUR
Ashley,Richardson,arichardsonp7@qq.com,Russia,Female,Kuloy,Yotz,10961.22,RUB
Eugene,Cunningham,ecunninghamp8@thetimes.co.uk,Thailand,Male,Nong Hi,Viva,98073.22,THB
Judy,Fowler,jfowlerp9@goo.ne.jp,Slovenia,Female,Dobje pri Planini,Chatterbridge,69672.47,EUR
Jason,Ward,jwardpa@last.fm,Sweden,Male,Göteborg,Zoomcast,25935.13,SEK
Scott,Alvarez,salvarezpb@latimes.com,China,Male,Zhaolingpu,Jamia,34419.58,CNY
Daniel,Peters,dpeterspc@hud.gov,China,Male,Sanbaishan,Teklist,91125.61,CNY
John,Greene,jgreenepd@comsenz.com,China,Male,Yuejin,Kanoodle,19993.38,CNY
Margaret,Rice,mricepe@newsvine.com,Egypt,Female,Sumusţā as Sulţānī,Vinder,99777.41,EGP
Amy,Lawson,alawsonpf@nationalgeographic.com,Ukraine,Female,Skhodnitsa,Divavu,72109.68,UAH
Steven,Simpson,ssimpsonpg@jigsy.com,China,Male,Fenglu,Blogspan,,CNY
Lisa,Brooks,lbrooksph@hao123.com,Philippines,Female,Mapalad,Dabvine,,PHP
Anne,Berry,aberrypi@bravesites.com,Canada,Female,Saint-Constant,Zoomdog,59582.12,CAD
Michelle,Harris,mharrispj@nydailynews.com,Argentina,Female,Bahía Blanca,Edgeclub,14080.23,ARS
Anne,Barnes,abarnespk@tuttocitta.it,Burundi,Female,Cankuzo,Flashpoint,53490.01,BIF
Robin,Hanson,rhansonpl@a8.net,Indonesia,Female,Darmasari,Ailane,23629.71,IDR
Carl,Banks,cbankspm@icio.us,Indonesia,Male,Sendung,Lazz,16110.11,IDR
Sean,Holmes,sholmespn@cmu.edu,Brazil,Male,Artur Nogueira,Skajo,37127.15,BRL
Jimmy,Brown,jbrownpo@geocities.jp,Indonesia,Male,Holoriang,Wikibox,,IDR
Fred,Dean,fdeanpp@photobucket.com,China,Male,Shuangtang,Kwideo,9232.84,CNY
Keith,Vasquez,kvasquezpq@salon.com,Egypt,Male,Kawm Umbū,Babbleopia,19941.75,EGP
Alice,Williams,awilliamspr@diigo.com,Greece,Female,Rizári,Thoughtsphere,63025.10,EUR
Ashley,Palmer,apalmerps@google.es,Indonesia,Female,Kore,Devshare,35319.39,IDR
Gary,Rogers,grogerspt@jigsy.com,China,Male,Nanqiu,Realfire,86851.59,CNY
Eric,Palmer,epalmerpu@loc.gov,China,Male,Caozhen,Nlounge,63475.60,CNY
Sandra,Perez,sperezpv@blogspot.com,Indonesia,Female,Sindangrasa,Vinte,11666.62,IDR
Beverly,Owens,bowenspw@bloglovin.com,Brazil,Female,Barra de São Francisco,Jaxnation,,BRL
Martin,James,mjamespx@istockphoto.com,Pakistan,Male,Naudero,Katz,89333.06,PKR
Alan,Burton,aburtonpy@hatena.ne.jp,Indonesia,Male,Genengan Kulon,Gabtype,25668.45,IDR
Louis,Coleman,lcolemanpz@springer.com,China,Male,Nanxi,Oozz,36659.58,CNY
Evelyn,Brown,ebrownq0@angelfire.com,China,Female,Linghu,Livetube,,CNY
Heather,Williams,hwilliamsq1@cisco.com,Latvia,Female,Valdemārpils,Janyx,38094.42,EUR
Terry,Richards,trichardsq2@marketwatch.com,Russia,Male,Tayzhina,Zoomcast,67035.65,RUB
Annie,Rose,aroseq3@de.vu,Indonesia,Female,Suwaru,Topicstorm,96444.82,IDR
Craig,Wood,cwoodq4@psu.edu,Indonesia,Male,Jatimulyo,Linktype,91804.37,IDR
Jimmy,Thompson,jthompsonq5@reference.com,Ukraine,Male,Kryvyy Rih,Innojam,96478.93,UAH
Todd,Harris,tharrisq6@nps.gov,Peru,Male,Tayabamba,Demizz,36062.65,PEN
Jeffrey,Pierce,jpierceq7@irs.gov,Sweden,Male,Luleå,Camimbo,9670.48,SEK
Terry,Griffin,tgriffinq8@livejournal.com,Austria,Male,St. Anton an der Jeßnitz,Oodoo,40709.38,EUR
Wanda,Snyder,wsnyderq9@va.gov,Philippines,Female,Santo Domingo,Tazz,22238.39,PHP
Stephen,Torres,storresqa@dailymotion.com,Dominican Republic,Male,Villa Bisonó,Kazu,49804.26,DOP
Jason,Woods,jwoodsqb@merriam-webster.com,Indonesia,Male,Krajan Timur Mlokorejo,Rhybox,,IDR
Barbara,Carr,bcarrqc@flickr.com,Indonesia,Female,Mulandoro,Flashset,75758.30,IDR
Nicholas,Ray,nrayqd@ameblo.jp,Spain,Male,Cadiz,Wikizz,16368.72,EUR
Michelle,Hayes,mhayesqe@cbc.ca,Brazil,Female,Rio Claro,Tagtune,28898.42,BRL
Steve,Turner,sturnerqf@japanpost.jp,Russia,Male,Omutninsk,Edgewire,88107.14,RUB
Robert,Burton,rburtonqg@hatena.ne.jp,Thailand,Male,San Kamphaeng,Thoughtbridge,38748.54,THB
Roger,Carter,rcarterqh@reference.com,Armenia,Male,Aygavan,Eabox,51315.10,AMD
Russell,Welch,rwelchqi@nbcnews.com,Russia,Male,Chishmy,Brainsphere,43671.55,RUB
Carlos,Davis,cdavisqj@uol.com.br,Canada,Male,Barrhead,Realbridge,51107.56,CAD
Marilyn,Boyd,mboydqk@ed.gov,Saint Kitts and Nevis,Female,Cotton Ground,Rooxo,4057.56,XCD
David,Brown,dbrownql@diigo.com,Poland,Male,Wohyń,Buzzbean,97409.47,PLN
Jimmy,Edwards,jedwardsqm@domainmarket.com,Poland,Male,Lwówek Śląski,Tanoodle,,PLN
Bobby,Wright,bwrightqn@kickstarter.com,Mexico,Male,Los Pinos,Agimba,,MXN
Susan,Shaw,sshawqo@netscape.com,Mexico,Female,San Antonio,Brainsphere,98868.47,MXN
Jacqueline,Peters,jpetersqp@yale.edu,Indonesia,Female,Padaimut,Bubblebox,67646.40,IDR
Michael,Andrews,mandrewsqq@skype.com,Kazakhstan,Male,Ülken,Skinder,71935.83,KZT
Terry,Cunningham,tcunninghamqr@squarespace.com,Vietnam,Male,Tân Hiệp,Trudoo,86952.82,VND
Janice,Johnston,jjohnstonqs@reddit.com,Argentina,Female,Albardón,Topicware,77922.83,ARS
Kathryn,Ross,krossqt@gmpg.org,Mexico,Female,Francisco Villa,Blognation,43354.41,MXN
Margaret,Black,mblackqu@diigo.com,China,Female,Qingyang,Topiclounge,56074.33,CNY
Henry,Fox,hfoxqv@biglobe.ne.jp,Ukraine,Male,Staryy Dobrotvir,Yacero,19857.78,UAH
Scott,Cox,scoxqw@who.int,Mongolia,Male,Uliastay,Skibox,96829.43,MNT
Eugene,Kelly,ekellyqx@yolasite.com,Portugal,Male,Rio de Moinhos,Skiptube,45804.88,EUR
Steven,Cole,scoleqy@taobao.com,Canada,Male,Sylvan Lake,Skippad,42217.36,CAD
Fred,Fowler,ffowlerqz@free.fr,Philippines,Male,Maao,Jaxbean,,PHP
Sarah,Hawkins,shawkinsr0@fema.gov,China,Female,Tanlin,Demivee,62432.50,CNY
Jerry,Lopez,jlopezr1@joomla.org,Mozambique,Male,Macia,Jabbercube,97712.42,MZN
David,Burton,dburtonr2@stumbleupon.com,China,Male,Wuci,Dabvine,10621.60,CNY
Arthur,Butler,abutlerr3@archive.org,Indonesia,Male,Suwaduk,Wikizz,95941.08,IDR
Mark,Martin,mmartinr4@geocities.jp,Finland,Male,Koski Tl,Skipfire,22929.20,EUR
Thomas,Dixon,tdixonr5@usa.gov,France,Male,Massy,Eare,6260.49,EUR
Joseph,Lawson,jlawsonr6@npr.org,Cuba,Male,San Cristobal,Yambee,77761.83,CUP
Brian,Adams,badamsr7@wordpress.org,France,Male,Bourg-en-Bresse,Feedspan,5084.93,EUR
Jane,Cook,jcookr8@smugmug.com,Colombia,Female,Pailitas,Zoomdog,,COP
Jesse,Hunt,jhuntr9@deliciousdays.com,Argentina,Male,Tilcara,Dazzlesphere,35604.02,ARS
Jose,Mendoza,jmendozara@oakley.com,South Africa,Male,Sundumbili,Topicstorm,71000.41,ZAR
Matthew,Hill,mhillrb@purevolume.com,Cameroon,Male,Tibati,Jabbertype,77466.74,XAF
Maria,Bishop,mbishoprc@wikipedia.org,Lithuania,Female,Jonava,Yakidoo,42014.06,LTL
Philip,Stanley,pstanleyrd@yahoo.com,Portugal,Male,Avelinha,Vinder,65321.82,EUR
Julia,Peterson,jpetersonre@si.edu,Sri Lanka,Female,Unawatuna,Devshare,23972.25,LKR
Paula,Austin,paustinrf@stumbleupon.com,South Korea,Female,Jinan-gun,Einti,17502.07,KRW
Phillip,Morris,pmorrisrg@senate.gov,Mauritius,Male,Fond du Sac,Dynazzy,22273.98,MUR
Daniel,Washington,dwashingtonrh@nba.com,Croatia,Male,Bjelovar,Brainlounge,75076.49,HRK
Alan,Ward,awardri@uol.com.br,Russia,Male,Zubtsov,Ooba,92214.50,RUB
Gary,Oliver,goliverrj@newyorker.com,Bhutan,Male,Mongar,Edgeblab,38892.93,BTN
Rachel,Robertson,rrobertsonrk@about.me,Philippines,Female,Patpata Segundo,Trilith,72926.11,PHP
Samuel,Murphy,smurphyrl@vk.com,Sierra Leone,Male,Mobai,Browsedrive,92737.48,SLL
Bobby,Berry,bberryrm@seattletimes.com,China,Male,Changhua,Avaveo,90926.62,CNY
Gerald,Reed,greedrn@yelp.com,Nigeria,Male,Yanda Bayo,Eayo,78548.54,NGN
Deborah,Castillo,dcastilloro@reference.com,Poland,Female,Pszczew,Flashdog,1983.88,PLN
Roy,Romero,rromerorp@slashdot.org,France,Male,Tarbes,Rooxo,50089.05,EUR
Joan,Hernandez,jhernandezrq@craigslist.org,Nicaragua,Female,Nandaime,Jabberstorm,83500.84,NIO
Jeremy,Perez,jperezrr@taobao.com,Sri Lanka,Male,Monaragala,DabZ,10870.91,LKR
