Shirley,Sullivan,ssullivan0@cocolog-nifty.com,China,Female,Hengli,Jaxworks,37385.50,CNY
Linda,Kelley,lkelley1@seattletimes.com,Mexico,Female,Miguel Aleman,Twitterworks,58857.05,MXN
Ruth,Lewis,rlewis2@businessinsider.com,Ukraine,Female,Shostka,Dabshots,62174.31,UAH
Nicholas,Hayes,nhayes3@google.nl,Russia,Male,Novyy Uoyan,Digitube,4596.95,RUB
Julia,Fox,jfox4@cnet.com,Indonesia,Female,Kembangan,Leenti,,IDR
Carl,Bailey,cbailey5@163.com,China,Male,Guiping,Thoughtbridge,38854.74,CNY
Dennis,Powell,dpowell6@simplemachines.org,France,Male,Cestas,Buzzdog,55067.40,EUR
Marilyn,Vasquez,mvasquez7@tinyurl.com,Mali,Female,Tessalit,Buzzster,19693.04,XOF
Dorothy,Alexander,dalexander8@zdnet.com,Gabon,Female,Port-Gentil,Skyble,,XAF
Irene,Sanders,isanders9@ibm.com,Japan,Female,Miyoshi,Topicstorm,15656.17,JPY
Mildred,Ferguson,mfergusona@usa.gov,Azerbaijan,Female,Digah,Ailane,77380.62,AZN
Tina,Boyd,tboydb@sogou.com,Indonesia,Female,Semiring,Brainbox,14129.55,IDR
Timothy,Miller,tmillerc@tmall.com,Thailand,Male,Bang Rakam,Nlounge,20061.62,THB
Julia,Garcia,jgarciad@bloglines.com,Botswana,Female,Thamaga,Demizz,93173.43,BWP
Fred,Bryant,fbryante@github.io,Portugal,Male,Várzea,Voonder,43917.17,EUR
Tina,Hanson,thansonf@woothemes.com,China,Female,Hengtanggang,Oodoo,55572.41,CNY
Louis,Willis,lwillisg@mediafire.com,China,Male,Xiage,Mydeo,16555.92,CNY
Terry,Hill,thillh@ifeng.com,Russia,Male,Uchaly,Skaboo,67370.41,RUB
Samuel,Hamilton,shamiltoni@ocn.ne.jp,Indonesia,Male,Cibolek Kidul,Eare,,IDR
Jennifer,Burns,jburnsj@cyberchimps.com,Peru,Female,Uchiza,Aimbu,85454.16,PEN
Gary,Stephens,gstephensk@jimdo.com,Poland,Male,Malczyce,Livetube,34033.35,PLN
Anna,Howard,ahowardl@about.com,United Arab Emirates,Female,Al Fujayrah,Yoveo,16435.71,AED
Denise,Hernandez,dhernandezm@uol.com.br,United States,Female,Tulsa,Brightdog,48378.08,USD
Paula,Wells,pwellsn@mediafire.com,Brazil,Female,Guapimirim,Midel,67340.49,BRL
Jessica,Carroll,jcarrollo@tripadvisor.com,Czech Republic,Female,Těšany,Jaxworks,59993.86,CZK
Barbara,Jordan,bjordanp@newyorker.com,Czech Republic,Female,Bohdalov,Geba,90619.11,CZK
Angela,Stephens,astephensq@blinklist.com,Thailand,Female,Khon Kaen,Devpulse,92904.15,THB
Stephanie,Bradley,sbradleyr@abc.net.au,Poland,Female,Chyżne,Skippad,49259.54,PLN
Christina,Stone,cstones@who.int,Colombia,Female,Funes,Jaxbean,42153.91,COP
Earl,Thompson,ethompsont@comsenz.com,Russia,Male,Tuchkovo,Yata,24607.02,RUB
Jack,Washington,jwashingtonu@pcworld.com,New Zealand,Male,Waitangi,Jatri,29458.43,NZD
Todd,Holmes,tholmesv@is.gd,Mexico,Male,La Esperanza,Eabox,47171.92,MXN
Tina,Garcia,tgarciaw@seattletimes.com,Indonesia,Female,Praimarada,Youspan,66056.33,IDR
Carolyn,Lee,cleex@scribd.com,Egypt,Female,Al Ḩawāmidīyah,Skyvu,74713.55,EGP
Phyllis,Harvey,pharveyy@uiuc.edu,Poland,Female,Mrzeżyno,Yabox,96737.37,PLN
Harry,Rivera,hriveraz@istockphoto.com,China,Male,Moba,Twitterworks,89726.84,CNY
Kelly,Sims,ksims10@t.co,Bulgaria,Female,Burgas,Skajo,79057.66,BGN
Donna,Burton,dburton11@cocolog-nifty.com,Portugal,Female,Paços,Vipe,13244.96,EUR
Evelyn,Thomas,ethomas12@mayoclinic.com,Mongolia,Female,Manhan,Vitz,87239.93,MNT
Juan,Brown,jbrown13@blogger.com,Germany,Male,Wuppertal,Meemm,58525.01,EUR
Roger,Mason,rmason14@omniture.com,Azerbaijan,Male,Arıqıran,Meezzy,73776.66,AZN
Benjamin,Murray,bmurray15@aol.com,Bulgaria,Male,Dulovo,Ooba,44389.01,BGN
Ruby,Peterson,rpeterson16@wired.com,Finland,Female,Kuhmalahti,Shuffledrive,79029.09,EUR
Samuel,Morris,smorris17@baidu.com,Kenya,Male,Karuri,Thoughtbeat,91540.31,KES
Jeremy,Garza,jgarza18@ed.gov,Argentina,Male,Tío Pujio,Fivespan,,ARS
Maria,Ross,mross19@acquirethisname.com,Afghanistan,Female,Paghmān,Ntag,,AFN
Joan,Lopez,jlopez1a@vk.com,United States,Female,Portland,Gabtune,56950.29,USD
Martin,Knight,mknight1b@washington.edu,China,Male,Jiulong,Twiyo,,CNY
Beverly,Wallace,bwallace1c@biglobe.ne.jp,France,Female,Bordeaux,Kimia,49956.68,EUR
Beverly,Butler,bbutler1d@unicef.org,Denmark,Female,København,Izio,86947.10,DKK
George,Frazier,gfrazier1e@example.com,Germany,Male,Witzenhausen,Divape,71961.67,EUR
Kelly,Boyd,kboyd1f@pagesperso-orange.fr,Philippines,Female,San Roque,Babblestorm,65290.56,PHP
Harold,Murray,hmurray1g@tumblr.com,Poland,Male,Żabieniec,Wikido,42699.85,PLN
Adam,Bishop,abishop1h@usgs.gov,Argentina,Male,Famaillá,Jetwire,84657.73,ARS
Jeffrey,Watkins,jwatkins1i@cnbc.com,Hungary,Male,Szeged,Oyonder,9692.30,HUF
Daniel,Snyder,dsnyder1j@springer.com,China,Male,Niandou,Dabshots,80671.92,CNY
Gloria,Mason,gmason1k@about.com,Ghana,Female,Dome,Livetube,16179.21,GHS
William,Griffin,wgriffin1l@usgs.gov,France,Male,Angers,Teklist,14423.54,EUR
Jason,Carter,jcarter1m@shareasale.com,United States,Male,Los Angeles,Demizz,63614.21,USD
Fred,Chapman,fchapman1n@pinterest.com,Peru,Male,Chinchaypujio,Photobean,82345.03,PEN
Phillip,Hughes,phughes1o@oakley.com,Portugal,Male,Arganil,Ooba,52801.57,EUR
Ernest,Riley,eriley1p@canalblog.com,Colombia,Male,Aguachica,Kwideo,30105.33,COP
Kathleen,Warren,kwarren1q@sfgate.com,Serbia,Female,Banatsko Karađorđevo,Minyx,7433.29,RSD
Billy,Gonzalez,bgonzalez1r@cocolog-nifty.com,Paraguay,Male,Naranjal,Jetpulse,66434.09,PYG
Pamela,Black,pblack1s@umn.edu,Czech Republic,Female,Řehlovice,Dabshots,97243.58,CZK
Jacqueline,Hayes,jhayes1t@barnesandnoble.com,Paraguay,Female,Las Palomas,Oyoyo,43607.86,PYG
Chris,Cruz,ccruz1u@usatoday.com,Poland,Male,Nowy Staw,Topicblab,69078.57,PLN
Judy,Duncan,jduncan1v@typepad.com,Brazil,Female,Planaltina,Mydo,79841.14,BRL
Charles,Banks,cbanks1w@goo.ne.jp,Indonesia,Male,Dahu,Riffpedia,68182.98,IDR
Ryan,Garza,rgarza1x@exblog.jp,Poland,Male,Kolsko,Tagcat,15647.60,PLN
Janet,Daniels,jdaniels1y@amazonaws.com,Nigeria,Female,Ake-Eze,Dabjam,86246.95,NGN
Steven,Fernandez,sfernandez1z@miitbeian.gov.cn,Greece,Male,Vrýses,Roodel,19383.45,EUR
Julie,Ross,jross20@miitbeian.gov.cn,United States,Female,San Jose,Blogtag,5228.73,USD
Christine,Diaz,cdiaz21@usa.gov,China,Female,Jiling,Shuffletag,95338.65,CNY
Lori,King,lking22@so-net.ne.jp,Portugal,Female,Barqueiro,Twimm,15620.91,EUR
Matthew,Butler,mbutler23@studiopress.com,Argentina,Male,Bernardo de Irigoyen,Meevee,32724.22,ARS
Theresa,Rose,trose24@people.com.cn,China,Female,Dongyuan,Browsezoom,11449.00,CNY
Melissa,Carroll,mcarroll25@ow.ly,Poland,Female,Subkowy,Meetz,7598.32,PLN
Patrick,Fernandez,pfernandez26@cmu.edu,China,Male,Malianchuan,Tagpad,87726.32,CNY
Carolyn,Morrison,cmorrison27@symantec.com,China,Female,Kaiyun,Gigashots,29548.87,CNY
Douglas,Oliver,doliver28@adobe.com,Indonesia,Male,Lolak,Oozz,54058.34,IDR
Carlos,Hicks,chicks29@bandcamp.com,United States,Male,Dallas,Einti,30039.43,USD
Stephanie,Fox,sfox2a@symantec.com,Japan,Female,Goshogawara,Centizu,79957.79,JPY
Betty,Griffin,bgriffin2b@marketwatch.com,Liberia,Female,Harper,Skynoodle,94195.49,LRD
James,Riley,jriley2c@t-online.de,China,Male,Dayan,Yombu,10487.58,CNY
Kimberly,Wood,kwood2d@hibu.com,Portugal,Female,Santa Marta de Penaguião,Abata,72130.57,EUR
Edward,Miller,emiller2e@cocolog-nifty.com,Finland,Male,Sumiainen,Teklist,82178.16,EUR
Andrew,Frazier,afrazier2f@jimdo.com,France,Male,Clamart,Skynoodle,51751.73,EUR
Dennis,Coleman,dcoleman2g@bandcamp.com,China,Male,Heicheng,Lazzy,24106.63,CNY
Richard,Mendoza,rmendoza2h@nyu.edu,Indonesia,Male,Praingkareha,Voonix,38804.32,IDR
Judith,Welch,jwelch2i@ftc.gov,Greece,Female,Ágios Pétros,Lazzy,88210.01,EUR
Howard,Henderson,hhenderson2j@bloglovin.com,Philippines,Male,Ilaya,Trudeo,62542.41,PHP
Irene,Cruz,icruz2k@acquirethisname.com,Philippines,Female,San Pedro,Bubblemix,89696.07,PHP
Margaret,Bowman,mbowman2l@ucoz.com,Russia,Female,Berëzovyy,Vipe,99662.19,RUB
Susan,Morales,smorales2m@whitehouse.gov,Costa Rica,Female,Salitrillos,Topicstorm,,CRC
Kathleen,Patterson,kpatterson2n@prweb.com,Indonesia,Female,Gesikan,Yodel,73835.91,IDR
Eric,Baker,ebaker2o@tiny.cc,France,Male,La Ferté-Bernard,Edgewire,91071.43,EUR
Ruby,Green,rgreen2p@purevolume.com,China,Female,Huyu,Meejo,55350.06,CNY
Susan,Burns,sburns2q@smugmug.com,Greece,Female,Kokkónion,Wordware,74115.55,EUR
Rachel,Nichols,rnichols2r@mayoclinic.com,Indonesia,Female,Sangiang,Shuffledrive,33557.48,IDR
Sean,Hughes,shughes2s@nature.com,Sweden,Male,Stockholm,Brainbox,58230.40,SEK
Norma,Hunter,nhunter2t@eventbrite.com,China,Female,Huya,Yakidoo,,CNY
Katherine,Andrews,kandrews2u@mapquest.com,France,Female,Neuilly-sur-Marne,Edgeblab,98472.68,EUR
Howard,Gardner,hgardner2v@google.it,Papua New Guinea,Male,Lae,Yodel,97642.93,PGK
Charles,George,cgeorge2w@vistaprint.com,Thailand,Male,Lop Buri,Thoughtworks,61065.70,THB
Eric,Rose,erose2x@webnode.com,Portugal,Male,Antas,Tagopia,42413.39,EUR
Harold,Tucker,htucker2y@netlog.com,Tajikistan,Male,Orzu,Skimia,87289.70,TJS
Heather,Turner,hturner2z@bloglovin.com,China,Female,Tadianjie,Shufflebeat,74519.19,CNY
Joan,Alexander,jalexander30@shareasale.com,Vietnam,Female,Long Xuyên,Viva,9086.70,VND
Sean,Chavez,schavez31@irs.gov,Brazil,Male,Januária,Geba,77379.17,BRL
Rose,Davis,rdavis32@barnesandnoble.com,Canada,Female,Estevan,Topicware,50915.76,CAD
Lillian,Walker,lwalker33@list-manage.com,France,Female,Sarlat-la-Canéda,Bubblemix,11051.32,EUR
Benjamin,Sanders,bsanders34@joomla.org,Sri Lanka,Male,Polonnaruwa,Feedspan,48033.15,LKR
Lawrence,Cruz,lcruz35@homestead.com,Brazil,Male,Anguera,Leexo,,BRL
Harry,Wagner,hwagner36@forbes.com,Cambodia,Male,Phumĭ Véal Srê,Realmix,72900.61,KHR
Christine,Dunn,cdunn37@theglobeandmail.com,China,Female,Quxi,Oba,16266.80,CNY
Diana,Howell,dhowell38@shareasale.com,Finland,Female,Urjala,Livepath,20603.85,EUR
Roger,James,rjames39@devhub.com,Malawi,Male,Machinga,Twitterwire,87611.04,MWK
Gregory,Marshall,gmarshall3a@sohu.com,China,Male,Chongkan,Youbridge,88999.23,CNY
Adam,Welch,awelch3b@ox.ac.uk,Tunisia,Male,Ghār al Milḩ,Gabvine,27354.78,TND
Margaret,Marshall,mmarshall3c@ocn.ne.jp,Venezuela,Female,Güiria,Myworks,17039.81,VEF
Virginia,Castillo,vcastillo3d@shareasale.com,Tanzania,Female,Magole,Shufflebeat,49306.58,TZS
Ashley,Williamson,awilliamson3e@bizjournals.com,Indonesia,Female,Sorodot,Brainverse,75414.11,IDR
Susan,Scott,sscott3f@google.com.au,Poland,Female,Wyszki,Skilith,13003.62,PLN
Phillip,Burton,pburton3g@multiply.com,China,Male,Mengdadazhuang,Tavu,37414.77,CNY
Frank,Rodriguez,frodriguez3h@prnewswire.com,Armenia,Male,Aygeshat,Eimbee,,AMD
Carol,Webb,cwebb3i@oracle.com,Philippines,Female,Lalagsan,Zoombox,62471.78,PHP
Shawn,Jenkins,sjenkins3j@tinyurl.com,Armenia,Male,Shahumyan,Skivee,55875.34,AMD
Sean,Elliott,selliott3k@bigcartel.com,Philippines,Male,Bulalacao,Brainlounge,53146.39,PHP
Ernest,Hall,ehall3l@list-manage.com,Haiti,Male,Gros Morne,Topiczoom,66882.95,HTG
Brian,Romero,bromero3m@mtv.com,Brazil,Male,Boracéia,Linktype,21156.10,BRL
Jennifer,Smith,jsmith3n@ed.gov,Portugal,Female,Soutocico,Oodoo,16695.34,EUR
Kevin,Williamson,kwilliamson3o@comcast.net,Russia,Male,Udachny,Plajo,,RUB
Lawrence,Knight,lknight3p@vimeo.com,Macedonia,Male,Pirok,Wordify,19611.30,MKD
Willie,Jordan,wjordan3q@twitpic.com,Indonesia,Male,Boncong,Brightdog,45390.60,IDR
Susan,Kennedy,skennedy3r@sohu.com,United States,Female,Washington,Divanoodle,72189.27,USD
Louis,Hill,lhill3s@irs.gov,Guatemala,Male,Morales,Gabvine,28701.18,GTQ
Jose,Johnson,jjohnson3t@theglobeandmail.com,Morocco,Male,Tétouan,Thoughtstorm,4949.18,MAD
Joyce,Wallace,jwallace3u@bloglovin.com,China,Female,Wubao,Yakijo,99351.25,CNY
George,Grant,ggrant3v@reference.com,China,Male,Chagou,Twitterlist,8696.80,CNY
Elizabeth,Nguyen,enguyen3w@google.com,China,Female,Nangang,Centidel,6872.72,CNY
Harry,Gray,hgray3x@nba.com,Russia,Male,Smolensk,Demivee,56657.24,RUB
David,Ramirez,dramirez3y@i2i.jp,United States,Male,Austin,Muxo,22779.14,USD
Maria,Allen,mallen3z@uiuc.edu,Brazil,Female,Feira de Santana,Twitternation,12917.83,BRL
Mary,Webb,mwebb40@newsvine.com,China,Female,Shanghang,DabZ,63149.80,CNY
Sarah,Fox,sfox41@quantcast.com,Nepal,Female,Pātan,Brainlounge,48433.15,NPR
Jack,Wright,jwright42@tripod.com,Panama,Male,Capellanía,Kare,41757.22,PAB
Mildred,Elliott,melliott43@parallels.com,China,Female,Jincheng,Avaveo,7371.50,CNY
Chris,Hill,chill44@godaddy.com,Sweden,Male,Sundsvall,Gabspot,14294.66,SEK
Jimmy,Coleman,jcoleman45@rakuten.co.jp,Ethiopia,Male,Gorē,Cogidoo,56757.22,ETB
Jonathan,Stevens,jstevens46@yelp.com,Colombia,Male,Guayabal,Topiclounge,21024.76,COP
Amanda,Gomez,agomez47@typepad.com,Greece,Female,Vári,Aibox,97546.88,EUR
Michael,Perkins,mperkins48@friendfeed.com,Iraq,Male,Ad Dīwānīyah,Demizz,2146.83,IQD
Wayne,Russell,wrussell49@mit.edu,China,Male,Sanjia,Voolith,7571.82,CNY
Eugene,Jacobs,ejacobs4a@msn.com,Mexico,Male,Emiliano Zapata,Buzzshare,80533.58,MXN
Marie,Johnson,mjohnson4b@yellowpages.com,Indonesia,Female,Watoona,Jaloo,92443.88,IDR
Sara,Welch,swelch4c@icq.com,Finland,Female,Hyrynsalmi,Gabspot,70146.90,EUR
Diana,Fernandez,dfernandez4d@cafepress.com,Indonesia,Female,Cikaras,Mydo,87319.18,IDR
Heather,Rose,hrose4e@phpbb.com,Peru,Female,Laramate,JumpXS,66650.33,PEN
Martha,Greene,mgreene4f@symantec.com,Dominican Republic,Female,Guayabo Dulce,Tagtune,86088.55,DOP
Maria,Henderson,mhenderson4g@rakuten.co.jp,Canada,Female,Innisfil,Skaboo,90106.04,CAD
Lois,Little,llittle4h@nps.gov,Russia,Female,Pristen’,Twinder,62568.59,RUB
Andrew,Fowler,afowler4i@sciencedirect.com,Indonesia,Male,Peranap,Linkbuzz,30915.93,IDR
Frank,Ramos,framos4j@omniture.com,United States,Male,San Diego,Twimbo,,USD
Lisa,Reyes,lreyes4k@addthis.com,Bulgaria,Female,Plovdiv,Skilith,95792.16,BGN
Kenneth,Dean,kdean4l@accuweather.com,South Korea,Male,Namyangju,Youbridge,76457.20,KRW
Angela,Washington,awashington4m@sciencedaily.com,Iran,Female,Behābād,Eazzy,,IRR
Ronald,Webb,rwebb4n@dropbox.com,Kenya,Male,Kitale,Livetube,61741.87,KES
Janet,Cunningham,jcunningham4o@over-blog.com,Poland,Female,Suchedniów,Katz,97405.51,PLN
Jimmy,Fisher,jfisher4p@ocn.ne.jp,Indonesia,Male,Mulawato,Vimbo,85167.33,IDR
Joyce,Chapman,jchapman4q@yandex.ru,Myanmar,Female,Kanbe,Babbleset,71467.42,MMK
David,Myers,dmyers4r@theatlantic.com,Sweden,Male,Uppsala,Gigashots,91279.83,SEK
Peter,Stewart,pstewart4s@nature.com,Russia,Male,Znamenskoye,Jaxnation,33613.03,RUB
Willie,Bowman,wbowman4t@elpais.com,Syria,Male,‘Irbīn,Thoughtbeat,,SYP
Walter,Austin,waustin4u@over-blog.com,Yemen,Male,Najd al Jumā‘ī,Realbridge,,YER
Ashley,Payne,apayne4v@qq.com,Mexico,Female,Francisco I Madero,Feedspan,,MXN
Amy,Jackson,ajackson4w@sakura.ne.jp,Spain,Female,Sevilla,Roombo,71715.37,EUR
Carol,Larson,clarson4x@shop-pro.jp,Czech Republic,Female,Přimda,Browsezoom,84388.42,CZK
Jeremy,Wood,jwood4y@github.com,Portugal,Male,Vila Nova,Linktype,48312.34,EUR
Carol,Davis,cdavis4z@pbs.org,Portugal,Female,Tojal,Oozz,931.17,EUR
Ashley,Knight,aknight50@scribd.com,China,Female,Shilong,Trudeo,,CNY
Carl,Ramirez,cramirez51@macromedia.com,Indonesia,Male,Glugur Krajan,Photofeed,39369.70,IDR
Linda,Price,lprice52@shinystat.com,Macedonia,Female,Старо Нагоричане,Realfire,61114.73,MKD
Harold,Ray,hray53@joomla.org,Sweden,Male,Hässelby,Jaloo,,SEK
Deborah,Reed,dreed54@taobao.com,Indonesia,Female,Bunirasa,Feedspan,77472.43,IDR
Charles,Patterson,cpatterson55@wisc.edu,Pakistan,Male,Ghāro,Devbug,17736.51,PKR
Jacqueline,Garza,jgarza56@europa.eu,China,Female,Dayu,Eayo,35944.03,CNY
Adam,Nelson,anelson57@mapquest.com,Portugal,Male,Vale de Figueira,LiveZ,33377.50,EUR
Roger,Young,ryoung58@shinystat.com,Norway,Male,Oslo,Browseblab,72075.18,NOK
Adam,Larson,alarson59@canalblog.com,China,Male,Xinminxiang,Skyvu,8006.21,CNY
Sandra,Sanders,ssanders5a@liveinternet.ru,Honduras,Female,San José,Gabtune,52896.47,HNL
Daniel,Green,dgreen5b@skyrock.com,Sweden,Male,Borlänge,Centimia,7726.55,SEK
Ruby,Cruz,rcruz5c@engadget.com,Russia,Female,Segezha,Babbleopia,86256.11,RUB
Sarah,Gonzales,sgonzales5d@dailymail.co.uk,China,Female,Xin’an,Yamia,50478.21,CNY
Phillip,Edwards,pedwards5e@rakuten.co.jp,Indonesia,Male,Pulaukijang,Latz,14049.62,IDR
Christopher,Mendoza,cmendoza5f@hhs.gov,Tajikistan,Male,Qŭrghonteppa,Centidel,63256.49,TJS
Amy,Stephens,astephens5g@drupal.org,Indonesia,Female,Darungan,JumpXS,15306.10,IDR
Sandra,Gutierrez,sgutierrez5h@free.fr,China,Female,Shicheng,Edgeclub,9952.41,CNY
Lois,Bryant,lbryant5i@bloomberg.com,Mauritius,Female,Olivia,Trupe,75699.17,MUR
Rachel,Bailey,rbailey5j@smugmug.com,Philippines,Female,Tanjay,Kayveo,92686.88,PHP
Judy,Davis,jdavis5k@imdb.com,China,Female,Nanjiao,Meejo,77018.31,CNY
Doris,Ross,dross5l@blogs.com,Thailand,Female,Sa Bot,Twiyo,57115.99,THB
David,Jacobs,djacobs5m@jimdo.com,Russia,Male,Chernoyerkovskaya,Rhynoodle,,RUB
Elizabeth,Harrison,eharrison5n@forbes.com,China,Female,Yangzhen,Flipbug,43159.00,CNY
Katherine,Hansen,khansen5o@answers.com,Russia,Female,Gudermes,Eabox,42757.16,RUB
Nancy,Larson,nlarson5p@simplemachines.org,Indonesia,Female,Bokor,Edgeify,93727.79,IDR
Edward,Peterson,epeterson5q@tiny.cc,Armenia,Male,Sevan,Jaxspan,1107.82,AMD
Stephen,Roberts,sroberts5r@printfriendly.com,Morocco,Male,Adar,Youspan,36695.00,MAD
Bobby,Stanley,bstanley5s@irs.gov,United States,Male,Clearwater,Kwideo,63895.78,USD
Carolyn,Gutierrez,cgutierrez5t@wikia.com,Indonesia,Female,Wlingi,Demimbu,39506.54,IDR
Eric,Ruiz,eruiz5u@symantec.com,Peru,Male,San Jerónimo,Skyba,95948.53,PEN
Craig,Jordan,cjordan5v@newsvine.com,China,Male,Miaoling,Realmix,72078.28,CNY
Bobby,Kelly,bkelly5w@desdev.cn,Greece,Male,Ágios Vasíleios,Fatz,49844.03,EUR
Julia,Carr,jcarr5x@sfgate.com,Colombia,Female,Íquira,Thoughtblab,20915.22,COP
Irene,Cooper,icooper5y@ustream.tv,France,Female,Auxerre,Jaloo,,EUR
Brian,Robertson,brobertson5z@wisc.edu,Russia,Male,Serdobsk,Avamba,,RUB
Sharon,Shaw,sshaw60@pagesperso-orange.fr,China,Female,Bajiazi,Rhyzio,20059.77,CNY
Joseph,Mcdonald,jmcdonald61@whitehouse.gov,China,Male,Huanggangshan,Topicware,,CNY
Aaron,Black,ablack62@ask.com,China,Male,Shetangpo,Quimba,1993.74,CNY
Cynthia,Oliver,coliver63@zimbio.com,Yemen,Female,Majzar,Yata,5972.84,YER
Catherine,Nguyen,cnguyen64@cmu.edu,Greece,Female,Ágios Athanásios,Einti,35841.88,EUR
Randy,Mendoza,rmendoza65@cdbaby.com,China,Male,Yu’erhong,Yakijo,,CNY
Timothy,Chavez,tchavez66@cloudflare.com,Bolivia,Male,Sotomayor,Oba,57336.37,BOB
Michelle,Long,mlong67@earthlink.net,Armenia,Female,Lanjaghbyur,Kazu,24308.68,AMD
Teresa,Bishop,tbishop68@nih.gov,Czech Republic,Female,Ústí nad Orlicí,Jabbersphere,49623.56,CZK
Anthony,Kelley,akelley69@cornell.edu,China,Male,Tuohua,Edgeclub,99385.84,CNY
Anna,Hill,ahill6a@about.me,Tonga,Female,Nuku‘alofa,Brainsphere,27961.69,TOP
Victor,Medina,vmedina6b@google.co.jp,Peru,Male,Cocachacra,Fivebridge,71594.55,PEN
Sharon,Moore,smoore6c@fda.gov,China,Female,Hongwansi,Feedfish,60901.43,CNY
Lori,Watson,lwatson6d@ucla.edu,Thailand,Female,Ban Phue,Zoomlounge,10088.07,THB
Andrea,Carroll,acarroll6e@chron.com,Brazil,Female,Pacatuba,Edgeify,83976.17,BRL
Carlos,Myers,cmyers6f@dropbox.com,Canada,Male,Outlook,Meemm,43449.47,CAD
Kathryn,Garcia,kgarcia6g@tmall.com,Armenia,Female,Geghanist,Meevee,93068.95,AMD
Raymond,Meyer,rmeyer6h@chicagotribune.com,Russia,Male,Imeni Babushkina,Realcube,46570.80,RUB
Jean,Fields,jfields6i@google.fr,China,Female,Jiguan,Plajo,,CNY
Jesse,Morris,jmorris6j@smh.com.au,Mexico,Male,Lazaro Cardenas,Jabberbean,10424.29,MXN
Steven,Knight,sknight6k@flickr.com,Indonesia,Male,Bendo,Topdrive,21939.17,IDR
Kelly,Burton,kburton6l@google.com.hk,Portugal,Female,Figueira dos Cavaleiros,Babbleblab,27845.70,EUR
Earl,Warren,ewarren6m@adobe.com,Russia,Male,Nizhnyaya Tavda,Gabcube,,RUB
Irene,Bowman,ibowman6n@usgs.gov,Azerbaijan,Female,Mardakyany,Jabbercube,,AZN
Donna,Parker,dparker6o@purevolume.com,Ukraine,Female,Viline,Youspan,34081.12,UAH
Gloria,Myers,gmyers6p@csmonitor.com,China,Female,Banqiao,Voonyx,40186.47,CNY
Lawrence,Watson,lwatson6q@about.me,China,Male,Zhangping,Twitterbeat,48290.82,CNY
Terry,Jenkins,tjenkins6r@usa.gov,South Africa,Male,Ixopo,Linkbridge,28931.27,ZAR
Lawrence,Gordon,lgordon6s@wikipedia.org,Portugal,Male,Seara,Linktype,21856.98,EUR
Fred,Howard,fhoward6t@csmonitor.com,China,Male,Luniao,Browseblab,70822.05,CNY
Bonnie,Arnold,barnold6u@lulu.com,Germany,Female,Berlin,Jaxworks,,EUR
Adam,Garcia,agarcia6v@hibu.com,Russia,Male,Prokhladnyy,Wikivu,52054.99,RUB
Marie,Young,myoung6w@army.mil,China,Female,Jingtailu,Vinder,26180.32,CNY
Annie,Hunter,ahunter6x@w3.org,China,Female,Kangding,Flashdog,46698.66,CNY
Johnny,Mcdonald,jmcdonald6y@slashdot.org,China,Male,Kanbula,Centidel,58562.01,CNY
Maria,Richards,mrichards6z@samsung.com,Brazil,Female,Pinhais,Yozio,96439.62,BRL
Eugene,Richardson,erichardson70@mozilla.org,Bulgaria,Male,Peshtera,Zoovu,19620.76,BGN
Susan,White,swhite71@symantec.com,Peru,Female,Ica,Zoovu,7981.84,PEN
Mark,Medina,mmedina72@auda.org.au,China,Male,Yonggu,Skinder,70892.26,CNY
Rebecca,Greene,rgreene73@angelfire.com,Iran,Female,Shādegān,Gigaclub,86026.45,IRR
Julie,Bailey,jbailey74@google.nl,France,Female,Saint-Fargeau-Ponthierry,Oyoba,67143.70,EUR
Scott,Medina,smedina75@amazon.de,Japan,Male,Wakkanai,Twimm,93204.82,JPY
Beverly,Long,blong76@aboutads.info,Indonesia,Female,Nurabelen,Gevee,59011.09,IDR
Louis,Cruz,lcruz77@ihg.com,Indonesia,Male,Lailunggi,Roombo,50294.35,IDR
Jeremy,Pierce,jpierce78@yale.edu,Niger,Male,Dogondoutchi,Eimbee,89781.63,XOF
Martin,Anderson,manderson79@reverbnation.com,China,Male,Xin’an,Avavee,7989.67,CNY
Russell,Morris,rmorris7a@jimdo.com,Brazil,Male,Presidente Dutra,Demizz,27296.27,BRL
Douglas,Marshall,dmarshall7b@ycombinator.com,Brazil,Male,Quatro Barras,Oozz,14234.06,BRL
Margaret,Evans,mevans7c@linkedin.com,France,Female,Balma,Thoughtsphere,58084.22,EUR
Julia,Carr,jcarr7d@xing.com,Russia,Female,Taganskiy,Meeveo,48567.76,RUB
Elizabeth,Chavez,echavez7e@dailymotion.com,Indonesia,Female,Cigadog,Katz,66223.53,IDR
Keith,Bowman,kbowman7f@epa.gov,Namibia,Male,Lüderitz,Dynazzy,43239.55,NAD
Kelly,Fisher,kfisher7g@java.com,Greece,Female,Periyiáli,Wordware,85703.45,EUR
Katherine,Ross,kross7h@t.co,Argentina,Female,Veinticinco de Mayo,Zoombox,44002.86,ARS
Phillip,Montgomery,pmontgomery7i@ow.ly,Belize,Male,Belmopan,Lazzy,40293.75,BZD
Evelyn,Rodriguez,erodriguez7j@comcast.net,Brazil,Female,Santa Cruz do Rio Pardo,Roomm,99541.61,BRL
Harry,Henderson,hhenderson7k@cafepress.com,China,Male,Huidong,Livetube,56073.98,CNY
Aaron,Ross,aross7l@posterous.com,Sweden,Male,Stockholm,Flipbug,52755.66,SEK
George,Woods,gwoods7m@nba.com,Kazakhstan,Male,Arkalyk,Avavee,4547.83,KZT
Angela,Boyd,aboyd7n@skyrock.com,China,Female,Yujin,Avavee,67309.27,CNY
Mary,Larson,mlarson7o@discuz.net,Russia,Female,Safakulevo,Topdrive,88371.89,RUB
Gerald,Butler,gbutler7p@cocolog-nifty.com,China,Male,Sanxi,Aivee,6977.54,CNY
Sharon,Turner,sturner7q@smh.com.au,Canada,Female,Cache Creek,Fivespan,49558.15,CAD
Christopher,Scott,cscott7r@barnesandnoble.com,China,Male,Licun,Gabcube,25453.87,CNY
Cheryl,Hunter,chunter7s@sciencedirect.com,Bolivia,Female,Tarata,Cogibox,58771.08,BOB
Jean,Holmes,jholmes7t@1und1.de,Russia,Female,Lyubim,Brainbox,73476.26,RUB
Wanda,Stevens,wstevens7u@chron.com,Indonesia,Female,Mantar,Skipfire,22133.20,IDR
Frances,Little,flittle7v@privacy.gov.au,Poland,Female,Ręczno,Brainbox,97044.93,PLN
Judith,Payne,jpayne7w@myspace.com,China,Female,Yangcun,Yakidoo,2748.70,CNY
Norma,Hunter,nhunter7x@123-reg.co.uk,Poland,Female,Ciechanowiec,Roomm,93543.61,PLN
Henry,Frazier,hfrazier7y@netscape.com,Indonesia,Male,Sindangsari,Buzzshare,,IDR
Frank,Daniels,fdaniels7z@seattletimes.com,Saudi Arabia,Male,Khamis Mushait,Tavu,50869.72,SAR
Henry,Clark,hclark80@techcrunch.com,Libya,Male,Awjilah,Babblestorm,3760.02,LYD
Carolyn,Bryant,cbryant81@usda.gov,Czech Republic,Female,Habry,InnoZ,59327.79,CZK
Robin,Williamson,rwilliamson82@imageshack.us,Indonesia,Female,Karangturi,Jaxbean,94255.95,IDR
Nancy,Baker,nbaker83@gov.uk,China,Female,Zhaowanzhuang,Yozio,37623.48,CNY
Steve,James,sjames84@t-online.de,Russia,Male,Pospelikha,Wordify,95994.90,RUB
Charles,Harrison,charrison85@is.gd,Ukraine,Male,Dnipryany,Kwilith,73832.49,UAH
Janet,Hansen,jhansen86@theglobeandmail.com,Indonesia,Female,Kadubetara,Trilith,73467.72,IDR
Carolyn,Morris,cmorris87@yellowpages.com,China,Female,Songqiao,Voonix,96178.88,CNY
Nicholas,Welch,nwelch88@yandex.ru,Brazil,Male,Olinda,Browsebug,,BRL
Thomas,Schmidt,tschmidt89@simplemachines.org,China,Male,Hecheng,Realcube,,CNY
Stephen,Day,sday8a@nytimes.com,China,Male,Longjing,Voonyx,10240.10,CNY
Daniel,Hudson,dhudson8b@paginegialle.it,Russia,Male,Novyy Urengoy,Realblab,56436.83,RUB
Marie,Robertson,mrobertson8c@theglobeandmail.com,Germany,Female,Düsseldorf,Thoughtstorm,42438.80,EUR
Diana,Foster,dfoster8d@indiatimes.com,China,Female,Mengdong,Fivechat,95228.08,CNY
Richard,Roberts,rroberts8e@over-blog.com,China,Male,Nancheng,Wikizz,81624.30,CNY
Fred,Peterson,fpeterson8f@nymag.com,China,Male,Sanjiangkou,Jamia,,CNY
Phyllis,Stone,pstone8g@google.com,China,Female,Dongming,Chatterbridge,47515.68,CNY
Rose,Hawkins,rhawkins8h@examiner.com,Cameroon,Female,Bangangté,Flashset,97399.82,XAF
Sharon,Price,sprice8i@china.com.cn,Indonesia,Female,Bancak Wetan,Zoombox,87079.70,IDR
Andrew,Richards,arichards8j@slideshare.net,Panama,Male,Los Lotes,Zava,5137.08,PAB
Chris,Day,cday8k@arizona.edu,Greece,Male,Néo Psychikó,Bluezoom,7383.33,EUR
Kathryn,Frazier,kfrazier8l@japanpost.jp,Indonesia,Female,Nifuboko,Youspan,,IDR
Brenda,Fernandez,bfernandez8m@t-online.de,China,Female,Cairima,Meevee,11956.89,CNY
Willie,Cooper,wcooper8n@unc.edu,Brazil,Male,Cruzília,Jaxspan,36402.30,BRL
Kathryn,Ray,kray8o@wix.com,Indonesia,Female,Wanareja,Fiveclub,49315.12,IDR
Scott,Lee,slee8p@gravatar.com,China,Male,Taizi,Realbridge,32000.32,CNY
Ronald,Rose,rrose8q@wisc.edu,Canada,Male,Beaconsfield,Trunyx,18263.51,CAD
Cheryl,Price,cprice8r@twitpic.com,Thailand,Female,Phanom Phrai,Browsedrive,92933.72,THB
Arthur,Carpenter,acarpenter8s@123-reg.co.uk,Kosovo,Male,Gjinoc,Fanoodle,4174.73,EUR
Marie,Kelly,mkelly8t@state.tx.us,United States,Female,Washington,Blogspan,5081.88,USD
Donald,Smith,dsmith8u@last.fm,China,Male,Yancheng,Yata,81441.96,CNY
Deborah,Hudson,dhudson8v@slate.com,Russia,Female,Verkh-Usugli,Dabfeed,60524.11,RUB
Chris,Stanley,cstanley8w@friendfeed.com,China,Male,Baikouquan,Jayo,,CNY
Pamela,Bishop,pbishop8x@adobe.com,Colombia,Female,Belén de Umbría,Voonix,9626.78,COP
Rebecca,Hanson,rhanson8y@walmart.com,China,Female,Jingkou,Myworks,20348.42,CNY
Billy,Nelson,bnelson8z@opera.com,China,Male,Kunheda Woerzu Manzu,Agivu,38006.31,CNY
Gerald,Jenkins,gjenkins90@telegraph.co.uk,China,Male,Chengyang,Ozu,,CNY
Ann,Lynch,alynch91@ycombinator.com,Indonesia,Female,Mlawat,Photolist,40352.59,IDR
Craig,Owens,cowens92@aboutads.info,Ethiopia,Male,Dodola,Mita,5143.35,ETB
Benjamin,Hicks,bhicks93@freewebs.com,Greece,Male,Agios Dimitrios,Tagfeed,87134.00,EUR
Mildred,Romero,mromero94@printfriendly.com,China,Female,Fanzhuang,Riffpath,93304.71,CNY
Aaron,Cox,acox95@cbslocal.com,Faroe Islands,Male,Tvøroyri,Skidoo,19713.76,DKK
Patricia,Wright,pwright96@loc.gov,Sweden,Female,Köping,Trupe,10016.13,SEK
Dorothy,Powell,dpowell97@tuttocitta.it,Indonesia,Female,Ngarus,Zoomdog,83732.05,IDR
Carlos,Arnold,carnold98@upenn.edu,South Africa,Male,Nkandla,Photolist,52506.35,ZAR
Karen,Sims,ksims99@indiatimes.com,Kazakhstan,Female,Rudnyy,Shufflebeat,34881.78,KZT
Martin,Montgomery,mmontgomery9a@usgs.gov,Portugal,Male,Penamacor,Miboo,92178.47,EUR
Steve,Cox,scox9b@hugedomains.com,China,Male,Hualingang,Livepath,18442.89,CNY
Michelle,Wheeler,mwheeler9c@engadget.com,France,Female,Pont-à-Mousson,Tagchat,75000.72,EUR
Billy,Simmons,bsimmons9d@bluehost.com,Indonesia,Male,Mandapajaya,Quatz,81718.22,IDR
Eric,Washington,ewashington9e@cloudflare.com,Brazil,Male,Padre Bernardo,Zoonder,46301.32,BRL
Matthew,Turner,mturner9f@tinypic.com,Czech Republic,Male,Mnichovo Hradiště,Thoughtblab,18573.42,CZK
Martha,Gardner,mgardner9g@unblog.fr,Portugal,Female,Vale da Serra,Zoomcast,54275.31,EUR
Barbara,Armstrong,barmstrong9h@yelp.com,Russia,Female,Sovetskoye,Mita,,RUB
Jennifer,George,jgeorge9i@sohu.com,Yemen,Female,Al Qurḩ,Jatri,84314.20,YER
Betty,Bennett,bbennett9j@merriam-webster.com,Russia,Female,Bessonovka,Dabshots,5604.81,RUB
Jonathan,Morris,jmorris9k@archive.org,Vietnam,Male,Kinh Môn,Aimbo,,VND
Betty,Howell,bhowell9l@bloglines.com,China,Female,Weihai,Twinte,97628.36,CNY
Lois,Ryan,lryan9m@irs.gov,Syria,Female,As Sukhnah,Skyvu,88537.84,SYP
Lisa,Webb,lwebb9n@ucoz.ru,Russia,Female,Khasavyurt,Geba,,RUB
Lillian,Harris,lharris9o@myspace.com,China,Female,Zhaozhen,Bubblemix,60597.15,CNY
Karen,Jones,kjones9p@berkeley.edu,China,Female,Tianxin,Devpoint,66821.78,CNY
Martin,Burns,mburns9q@cnet.com,Portugal,Male,Carnaxide,Realcube,11808.66,EUR
Douglas,Burton,dburton9r@illinois.edu,China,Male,Huangdi,Topicware,94589.76,CNY
Peter,Adams,padams9s@slate.com,Greece,Male,Asímion,Wordpedia,23881.32,EUR
Frances,Phillips,fphillips9t@wordpress.com,Russia,Female,Vladikavkaz,Blogpad,1747.61,RUB
Marie,Lopez,mlopez9u@ftc.gov,Colombia,Female,Chinú,Livetube,48624.68,COP
Elizabeth,Richards,erichards9v@reverbnation.com,Germany,Female,Berlin,Voomm,68958.07,EUR
Phyllis,Hansen,phansen9w@google.ru,Indonesia,Female,Gampang,Roombo,,IDR
Lisa,Day,lday9x@java.com,Peru,Female,Acobamba,Yakidoo,,PEN
Albert,Mccoy,amccoy9y@parallels.com,Luxembourg,Male,Dalheim,Brainlounge,89372.68,EUR
Sarah,Lane,slane9z@addthis.com,China,Female,Lukou,Flashset,93570.11,CNY
Billy,Watson,bwatsona0@jalbum.net,Peru,Male,Pacaycasa,Tanoodle,46178.35,PEN
Anna,Scott,ascotta1@ustream.tv,Sweden,Female,Täby,Cogidoo,80763.26,SEK
Marie,Smith,msmitha2@baidu.com,China,Female,Nanzhihui,Geba,92039.20,CNY
Earl,Butler,ebutlera3@yandex.ru,Indonesia,Male,Banjar Dharmasemedi,Skyndu,50926.74,IDR
Patrick,Hernandez,phernandeza4@biglobe.ne.jp,China,Male,Tangnanzhen,Realbridge,80908.77,CNY
Terry,Adams,tadamsa5@huffingtonpost.com,Nigeria,Male,Wuyo,Riffpedia,,NGN
Mildred,Johnston,mjohnstona6@delicious.com,United States,Female,Anchorage,Jabbersphere,22391.01,USD
Paul,Henry,phenrya7@multiply.com,Malaysia,Male,Kuala Lumpur,Kaymbo,78649.81,MYR
Gloria,Cunningham,gcunninghama8@princeton.edu,China,Female,Hangou,Thoughtstorm,10955.81,CNY
Janet,Weaver,jweavera9@wikimedia.org,Finland,Female,Kemijärvi,Yamia,20652.92,EUR
Harold,White,hwhiteaa@intel.com,Brazil,Male,Custódia,Avamm,92501.66,BRL
Andrew,Turner,aturnerab@dailymotion.com,South Korea,Male,Eisen,Quatz,6301.75,KRW
Carlos,Johnson,cjohnsonac@youku.com,Russia,Male,Leninskiy,Kanoodle,33025.68,RUB
Chris,Lane,clanead@nytimes.com,Guinea,Male,Youkounkoun,Brainbox,87703.92,GNF
Jose,Crawford,jcrawfordae@goodreads.com,China,Male,Badaogu,Centimia,31224.52,CNY
Walter,Hart,whartaf@flickr.com,Brazil,Male,Loanda,Brainlounge,99039.34,BRL
John,Schmidt,jschmidtag@ocn.ne.jp,Argentina,Male,Quilino,Demivee,36175.79,ARS
Sandra,Peters,spetersah@example.com,Brazil,Female,Porangaba,Tagchat,99677.56,BRL
Nicole,Kennedy,nkennedyai@wikipedia.org,Uzbekistan,Female,Mang’it Shahri,Dynazzy,48639.62,UZS
Robin,Davis,rdavisaj@goo.gl,Portugal,Female,Mouquim,Vinder,31926.10,EUR
Marilyn,Berry,mberryak@ustream.tv,China,Female,Liji,Meetz,11253.37,CNY
Harry,Hall,hhallal@deviantart.com,Indonesia,Male,Feondari,Feedfire,,IDR
Ann,Foster,afosteram@amazon.de,Sweden,Female,Örnsköldsvik,Skiba,,SEK
Clarence,Hart,chartan@ed.gov,Brazil,Male,Taquara,Flashdog,39016.25,BRL
Antonio,Gibson,agibsonao@ebay.com,Philippines,Male,Guinoaliuan,Shufflebeat,19534.55,PHP
Carolyn,Barnes,cbarnesap@networksolutions.com,France,Female,Wintzenheim,Zooxo,6587.80,EUR
Russell,Nguyen,rnguyenaq@home.pl,Canada,Male,Barrie,Yata,85640.75,CAD
James,Wallace,jwallacear@unc.edu,Mexico,Male,Guadalupe,Gabtune,33732.83,MXN
Gregory,Powell,gpowellas@admin.ch,France,Male,Montélimar,Brightbean,86433.54,EUR
Julie,Elliott,jelliottat@cnn.com,Bulgaria,Female,Dobrich,Shufflester,93608.56,BGN
Jacqueline,Dean,jdeanau@myspace.com,China,Female,Xiangyangpu,Yodoo,5465.14,CNY
Theresa,Hughes,thughesav@nature.com,Pakistan,Female,Shāhdādkot,Plajo,39192.53,PKR
Deborah,Chavez,dchavezaw@forbes.com,Indonesia,Female,Cikaras,Thoughtstorm,71350.72,IDR
Victor,Snyder,vsnyderax@imdb.com,China,Male,Caozhen,Thoughtstorm,68568.62,CNY
Roy,Reid,rreiday@netlog.com,Gambia,Male,Gunjur Kuta,Buzzster,45003.53,GMD
Louise,Walker,lwalkeraz@dell.com,China,Female,Chengxiang,Topdrive,9845.90,CNY
Diana,Lee,dleeb0@columbia.edu,Indonesia,Female,Jiworejo,Zoozzy,,IDR
Joan,Mason,jmasonb1@mapquest.com,Vietnam,Female,Quốc Oai,Twitterworks,17052.93,VND
Victor,Watson,vwatsonb2@goodreads.com,Russia,Male,Vereya,Jabbersphere,84539.56,RUB
Steven,Harvey,sharveyb3@yahoo.co.jp,Brazil,Male,Jaru,Photobug,,BRL
Mildred,Little,mlittleb4@wsj.com,China,Female,Gouqi,Jabberbean,35401.22,CNY
Andrea,Barnes,abarnesb5@marriott.com,Sweden,Female,Gävle,Dynava,64070.01,SEK
Andrea,Wagner,awagnerb6@people.com.cn,China,Female,Puning,Tazz,76187.56,CNY
Gerald,Reid,greidb7@unesco.org,Micronesia,Male,Unanu,Izio,15626.34,USD
Bruce,Sanders,bsandersb8@livejournal.com,Pakistan,Male,Alīābad,Meedoo,33478.86,PKR
Roy,Bailey,rbaileyb9@tmall.com,Indonesia,Male,Cinunjang,Izio,92583.17,IDR
Antonio,Lopez,alopezba@narod.ru,Japan,Male,Katsuura,Mybuzz,98692.22,JPY
Kevin,Porter,kporterbb@pbs.org,Honduras,Male,Protección,Vinte,12421.50,HNL
Karen,James,kjamesbc@biblegateway.com,Papua New Guinea,Female,Kerema,Skidoo,42638.85,PGK
Amy,Smith,asmithbd@bbc.co.uk,China,Female,Huyuan,Babbleset,44713.62,CNY
Jacqueline,Alexander,jalexanderbe@un.org,Ireland,Female,Castleblayney,Jabbersphere,,EUR
Michael,Lee,mleebf@jigsy.com,Burundi,Male,Ruyigi,Dabvine,71762.67,BIF
Doris,Gordon,dgordonbg@parallels.com,Japan,Female,Kaseda-shirakame,Centizu,58827.64,JPY
Gerald,Jones,gjonesbh@spiegel.de,Brazil,Male,Navegantes,Thoughtsphere,36102.64,BRL
Stephanie,Kelly,skellybi@sciencedirect.com,Argentina,Female,Sunchales,Shufflebeat,97728.23,ARS
David,Carter,dcarterbj@geocities.com,China,Male,Wutong,Skipstorm,48920.27,CNY
Thomas,Powell,tpowellbk@unc.edu,Libya,Male,Al Jadīd,Einti,97533.95,LYD
Julie,Garza,jgarzabl@dagondesign.com,Russia,Female,Zelenodolsk,Yakijo,24218.81,RUB
Ruth,Holmes,rholmesbm@deliciousdays.com,Chile,Female,La Unión,Browsezoom,4579.24,CLP
Emily,Gomez,egomezbn@statcounter.com,China,Female,Zhanggongmiao,Oba,59875.21,CNY
Eric,Ford,efordbo@de.vu,Comoros,Male,Koni-Djodjo,Zooveo,43005.29,KMF
Marie,West,mwestbp@jigsy.com,Thailand,Female,Ban Phue,Divanoodle,37654.76,THB
Bobby,Olson,bolsonbq@altervista.org,China,Male,Huogezhuang,Wikizz,18935.55,CNY
Ashley,Arnold,aarnoldbr@last.fm,China,Female,Canggou,Zoovu,35646.45,CNY
Craig,Schmidt,cschmidtbs@gmpg.org,China,Male,Huayan,Dabjam,74274.71,CNY
Daniel,Berry,dberrybt@nba.com,Indonesia,Male,Pamungguan,Photobean,61952.30,IDR
Steve,Campbell,scampbellbu@arstechnica.com,Sweden,Male,Jönköping,Jabbersphere,60020.48,SEK
Chris,Garcia,cgarciabv@washingtonpost.com,United States,Male,Cleveland,Camimbo,75891.39,USD
Chris,Austin,caustinbw@google.co.uk,China,Male,Weiyuankou,Jaxspan,61917.35,CNY
Jack,Thomas,jthomasbx@baidu.com,Brazil,Male,Conceição da Feira,Skidoo,,BRL
Virginia,Barnes,vbarnesby@shutterfly.com,Azerbaijan,Female,Dondar Quşçu,Browsecat,66399.66,AZN
Irene,Adams,iadamsbz@businesswire.com,Peru,Female,Las Palmas,Yakijo,40738.40,PEN
Laura,Vasquez,lvasquezc0@phpbb.com,China,Female,Shilong,Rhynyx,86570.09,CNY
Juan,Morgan,jmorganc1@over-blog.com,Czech Republic,Male,Doudleby nad Orlicí,Aivee,,CZK
Irene,Rose,irosec2@bizjournals.com,China,Female,Laotai,Photobug,,CNY
Ruth,Morales,rmoralesc3@goo.gl,Argentina,Female,Alta Gracia,Brightdog,73475.42,ARS
Theresa,Hill,thillc4@networksolutions.com,China,Female,Taohuajiang,Brainsphere,34466.41,CNY
Willie,Long,wlongc5@tmall.com,China,Male,Hushan,Jaxworks,64757.83,CNY
Samuel,Weaver,sweaverc6@rambler.ru,Philippines,Male,Nugas,Minyx,,PHP
Tammy,King,tkingc7@mac.com,Armenia,Female,Horrom,Dynazzy,73976.00,AMD
Betty,Fuller,bfullerc8@constantcontact.com,Panama,Female,San Vicente de Bique,Jaxbean,6404.89,PAB
Dennis,Nichols,dnicholsc9@xing.com,Czech Republic,Male,Zruč nad Sázavou,Demivee,50869.52,CZK
Dennis,Payne,dpayneca@who.int,Ireland,Male,Bundoran,Yacero,42880.15,EUR
Joyce,Williamson,jwilliamsoncb@google.it,China,Female,Xiangshi,Zoomcast,79209.82,CNY
Elizabeth,Perkins,eperkinscc@naver.com,China,Female,Songying,Feedmix,54970.51,CNY
Gloria,Walker,gwalkercd@webmd.com,Nigeria,Female,Madala,Dynava,52987.84,NGN
Patrick,Perkins,pperkinsce@ovh.net,Canada,Male,Amos,Mydo,25707.76,CAD
Ryan,Hall,rhallcf@ebay.com,China,Male,Yitang,Avamm,44952.93,CNY
Carlos,Cunningham,ccunninghamcg@wufoo.com,Indonesia,Male,Natu,Voomm,94405.00,IDR
Sean,Hudson,shudsonch@arstechnica.com,Kazakhstan,Male,Balpyk Bī,Feedmix,38543.71,KZT
Christopher,Reynolds,creynoldsci@example.com,Czech Republic,Male,Hevlín,Jetwire,,CZK
Christine,Ortiz,cortizcj@vistaprint.com,Philippines,Female,Suso,Feedspan,80320.08,PHP
Rose,Harvey,rharveyck@uiuc.edu,Portugal,Female,Mira,Pixonyx,,EUR
Charles,Kim,ckimcl@wsj.com,China,Male,Henggouqiao,Voomm,33109.14,CNY
Craig,Grant,cgrantcm@google.com.au,Indonesia,Male,Bantarmangu,Geba,1380.98,IDR
Chris,Meyer,cmeyercn@amazon.co.uk,Indonesia,Male,Wonokromo,Zoomlounge,41638.88,IDR
Helen,Hicks,hhicksco@livejournal.com,Brazil,Female,Oliveira,Zooveo,71192.41,BRL
Kathryn,Harris,kharriscp@illinois.edu,China,Female,Luqiao,Kwinu,89560.00,CNY
Catherine,Freeman,cfreemancq@ameblo.jp,Peru,Female,Cotabambas,Meevee,15763.20,PEN
Wanda,Martin,wmartincr@alibaba.com,China,Female,Yag La,Centimia,28388.23,CNY
Rose,Roberts,rrobertscs@illinois.edu,Poland,Female,Przybiernów,Babblestorm,65978.26,PLN
George,Warren,gwarrenct@imageshack.us,Morocco,Male,Sidi Yahia el Gharb,Zoonder,40784.15,MAD
Sandra,Kennedy,skennedycu@stanford.edu,China,Female,Caozhen,Skalith,22113.62,CNY
Matthew,Phillips,mphillipscv@bloglovin.com,United States,Male,Newark,Eayo,66351.77,USD
Chris,Mcdonald,cmcdonaldcw@businessinsider.com,France,Male,Bordeaux,Rooxo,5096.96,EUR
Carl,Mitchell,cmitchellcx@thetimes.co.uk,Ukraine,Male,Hubynykha,Vipe,64872.59,UAH
Dorothy,Reynolds,dreynoldscy@t.co,Croatia,Female,Suhopolje,Edgepulse,79916.93,HRK
Brandon,Edwards,bedwardscz@reverbnation.com,Sweden,Male,Filipstad,Realbridge,21077.43,SEK
Scott,Fox,sfoxd0@eventbrite.com,Hungary,Male,Budapest,Mudo,,HUF
Janice,Mcdonald,jmcdonaldd1@woothemes.com,France,Female,Châteauroux,Skyble,62946.60,EUR
Rachel,Price,rpriced2@barnesandnoble.com,Mongolia,Female,Nuga,Vidoo,66380.85,MNT
Randy,Anderson,randersond3@stumbleupon.com,Russia,Male,Rudnichnyy,Snaptags,96486.02,RUB
Billy,Taylor,btaylord4@usatoday.com,Marshall Islands,Male,Enewetak,Brightdog,94321.68,USD
Shawn,Walker,swalkerd5@woothemes.com,China,Male,Haodian,Wikizz,67817.92,CNY
Antonio,Bailey,abaileyd6@ucoz.com,Portugal,Male,Mealhada,Thoughtsphere,90200.72,EUR
Douglas,Barnes,dbarnesd7@technorati.com,China,Male,Jiangjing,Quimm,96285.68,CNY
Janet,Robinson,jrobinsond8@cdbaby.com,Thailand,Female,Chaiyo,Skalith,,THB
Walter,Lawrence,wlawrenced9@admin.ch,Guatemala,Male,San Juan Sacatepéquez,Trilith,9308.32,GTQ
Clarence,Stevens,cstevensda@ezinearticles.com,Algeria,Male,Ait Ali,Voomm,44619.79,DZD
Steve,Medina,smedinadb@cbslocal.com,Thailand,Male,Somdet,Jayo,75623.85,THB
Gloria,Thomas,gthomasdc@time.com,Malta,Female,Imtarfa,Aimbu,61075.50,EUR
Anne,Scott,ascottdd@samsung.com,China,Female,Yangzi Jianglu,Jabbertype,,CNY
Russell,Chapman,rchapmande@edublogs.org,Indonesia,Male,Pesek,Blognation,67849.83,IDR
Paula,Gilbert,pgilbertdf@globo.com,Nigeria,Female,Katsina,Skipstorm,76869.06,NGN
Jason,Jackson,jjacksondg@jalbum.net,Russia,Male,Kastornoye,Flashpoint,44953.28,RUB
Margaret,Ray,mraydh@newsvine.com,Russia,Female,Shedok,Quaxo,78111.79,RUB
Sara,Collins,scollinsdi@hubpages.com,Philippines,Female,Balut,Dynava,39623.71,PHP
Sharon,Hayes,shayesdj@opera.com,Sweden,Female,Bromma,Zoozzy,,SEK
Benjamin,Lynch,blynchdk@edublogs.org,Luxembourg,Male,Bergem,Wordware,,EUR
Angela,Smith,asmithdl@msn.com,Greece,Female,Palaiópyrgos,Twitterworks,10464.36,EUR
Harold,Johnson,hjohnsondm@mapy.cz,Brazil,Male,Três Rios,Yombu,,BRL
Lillian,Welch,lwelchdn@nyu.edu,China,Female,Guanshui,Brainsphere,2945.34,CNY
Terry,Wallace,twallacedo@google.co.jp,China,Male,Jiangtun,Yakidoo,20060.92,CNY
Keith,Brooks,kbrooksdp@blogger.com,Russia,Male,Krasnolesnyy,Lazz,43816.83,RUB
Barbara,Mcdonald,bmcdonalddq@prweb.com,Brazil,Female,Estreito,Youspan,42495.02,BRL
Peter,Martin,pmartindr@w3.org,Iran,Male,Kaleybar,Brightbean,19059.99,IRR
John,Davis,jdavisds@ask.com,China,Male,Hengqu,Zazio,,CNY
Theresa,Peters,tpetersdt@geocities.jp,Egypt,Female,Ash Shuhadā’,Wordify,59357.11,EGP
Barbara,Anderson,bandersondu@prweb.com,Democratic Republic of the Congo,Female,Lubao,Flipstorm,69698.27,CDF
Joan,Rodriguez,jrodriguezdv@friendfeed.com,Belarus,Female,Vidzy,Tagchat,774.54,BYR
Julie,Romero,jromerodw@ifeng.com,Poland,Female,Krzczonów,Flashset,5871.28,PLN
Wayne,Lee,wleedx@pagesperso-orange.fr,United States,Male,Saint Louis,Jabberbean,74619.89,USD
Rose,Welch,rwelchdy@mac.com,France,Female,Bollène,Jabbercube,52255.80,EUR
Roger,Smith,rsmithdz@de.vu,Nigeria,Male,Mahuta,Zoomcast,73901.59,NGN
Paula,Flores,pflorese0@ovh.net,Indonesia,Female,Ndano,Snaptags,71446.32,IDR
Mildred,Harper,mharpere1@addtoany.com,Honduras,Female,La Labor,Skilith,93727.73,HNL
Maria,Hamilton,mhamiltone2@ucla.edu,Indonesia,Female,Batulawang,Snaptags,36021.18,IDR
Douglas,Kim,dkime3@amazonaws.com,United States,Male,Lakeland,Yadel,48277.32,USD
Kevin,Wright,kwrighte4@wix.com,Indonesia,Male,Prantaan,Kwideo,9914.20,IDR
Donna,Medina,dmedinae5@mozilla.org,Canada,Female,Merritt,Viva,62049.51,CAD
Eric,Bennett,ebennette6@nationalgeographic.com,Egypt,Male,Fuwah,Devbug,49559.99,EGP
Matthew,Reid,mreide7@xinhuanet.com,Poland,Male,Reda,Yozio,19556.32,PLN
Deborah,Wheeler,dwheelere8@scientificamerican.com,Poland,Female,Jabłonowo Pomorskie,Pixoboo,85746.24,PLN
Julia,Bell,jbelle9@ca.gov,Greece,Female,Peristerá,Yodo,21061.75,EUR
Sarah,Myers,smyersea@flavors.me,Indonesia,Female,Ngreco,Chatterpoint,63183.02,IDR
Edward,Burton,eburtoneb@printfriendly.com,France,Male,Perpignan,Blognation,51800.63,EUR
Kevin,Peterson,kpetersonec@cnbc.com,Poland,Male,Sławoborze,Zooveo,10458.97,PLN
Martha,Harrison,mharrisoned@dot.gov,Monaco,Female,Moneghetti,Skajo,,EUR
Roger,Fernandez,rfernandezee@linkedin.com,Sri Lanka,Male,Wattegama,Trupe,38638.86,LKR
Kevin,Hughes,khughesef@intel.com,Guatemala,Male,Senahú,Thoughtworks,36035.19,GTQ
Matthew,Watkins,mwatkinseg@imdb.com,Indonesia,Male,Sorinomo,Dablist,75472.66,IDR
Sean,Palmer,spalmereh@sfgate.com,China,Male,Xinglong,Twinte,94608.08,CNY
Frank,Williams,fwilliamsei@foxnews.com,Kyrgyzstan,Male,Pokrovka,Zava,40650.19,KGS
Randy,Hanson,rhansonej@drupal.org,Malaysia,Male,Petaling Jaya,Npath,18172.65,MYR
Susan,Mitchell,smitchellek@addthis.com,Pakistan,Female,Badīn,Vipe,28834.07,PKR
Dennis,Carpenter,dcarpenterel@apache.org,Finland,Male,Rautalampi,Skinder,7657.66,EUR
Angela,Wheeler,awheelerem@redcross.org,Philippines,Female,Tagasilay,Skibox,58534.35,PHP
Emily,Griffin,egriffinen@360.cn,Venezuela,Female,Las Vegas,Roomm,26967.33,VEF
Julie,Clark,jclarkeo@gov.uk,Czech Republic,Female,Libušín,Dynazzy,63679.13,CZK
Tina,Russell,trussellep@dot.gov,Venezuela,Female,Irapa,Eare,77998.44,VEF
Helen,Gonzales,hgonzaleseq@meetup.com,Indonesia,Female,Lembur Tengah,Mybuzz,59771.86,IDR
Willie,Richardson,wrichardsoner@bluehost.com,Sierra Leone,Male,Lunsar,Aibox,6699.62,SLL
Jeremy,Bryant,jbryantes@soup.io,Ivory Coast,Male,Bangolo,Wikizz,61178.61,XOF
Louis,Hernandez,lhernandezet@issuu.com,Pakistan,Male,Bhopālwāla,Realcube,50870.49,PKR
Ronald,Ray,rrayeu@home.pl,China,Male,Rongcheng,Teklist,42731.60,CNY
William,Fox,wfoxev@de.vu,Kazakhstan,Male,Taldykorgan,Dynabox,90413.69,KZT
Julia,Cox,jcoxew@paginegialle.it,Brazil,Female,Serra Negra,Oyondu,75959.36,BRL
Julia,Ellis,jellisex@google.co.uk,Greece,Female,Aravissós,Latz,33457.21,EUR
Sharon,Kelly,skellyey@buzzfeed.com,China,Female,Shuntian,Kwilith,,CNY
Larry,Lopez,llopezez@dropbox.com,France,Male,Évry,Demizz,81079.01,EUR
Alan,Lawson,alawsonf0@simplemachines.org,Cuba,Male,Río Guayabal de Yateras,Zoozzy,26279.04,CUP
Nicholas,Morris,nmorrisf1@elegantthemes.com,Argentina,Male,Santiago del Estero,Realpoint,46676.73,ARS
Heather,Bradley,hbradleyf2@tiny.cc,Uganda,Female,Kaberamaido,Cogilith,60144.01,UGX
Sean,Johnson,sjohnsonf3@sohu.com,Russia,Male,Krasnogorskoye,Dabtype,31116.02,RUB
Kimberly,Watkins,kwatkinsf4@ow.ly,Indonesia,Female,Pabean,Muxo,7551.87,IDR
Dorothy,Payne,dpaynef5@amazon.de,Pakistan,Female,Khairpur,Voomm,26603.88,PKR
Frank,Wagner,fwagnerf6@adobe.com,China,Male,Wangyi Zhendian,Eare,43616.34,CNY
Donna,Olson,dolsonf7@businesswire.com,Russia,Female,Solikamsk,Eire,76658.84,RUB
Amanda,Garcia,agarciaf8@creativecommons.org,Haiti,Female,Dame-Marie,Jetpulse,55222.64,HTG
Sarah,Richardson,srichardsonf9@state.tx.us,Indonesia,Female,Medang,Trunyx,81361.79,IDR
Kenneth,Peters,kpetersfa@amazon.de,China,Male,Liujiachang,Youspan,42645.62,CNY
Earl,Fernandez,efernandezfb@hostgator.com,China,Male,Chenchang,Skinix,,CNY
Philip,Stevens,pstevensfc@mit.edu,Serbia,Male,Kragujevac,Jabbersphere,,RSD
Denise,Bradley,dbradleyfd@goo.gl,Ecuador,Female,Velasco Ibarra,Kimia,47321.52,USD
Beverly,Carpenter,bcarpenterfe@altervista.org,Brazil,Female,Castanhal,Browsezoom,54690.67,BRL
Julie,Moore,jmooreff@123-reg.co.uk,France,Female,Le Mans,Livepath,85905.75,EUR
Shirley,Morris,smorrisfg@bluehost.com,Paraguay,Female,Itaquyry,Photofeed,40684.09,PYG
Steve,Warren,swarrenfh@g.co,China,Male,Fuhai,Jabbercube,69501.82,CNY
Victor,Ward,vwardfi@harvard.edu,Indonesia,Male,Sambiyan,Rhybox,35818.05,IDR
Jennifer,Bailey,jbaileyfj@squidoo.com,Poland,Female,Racławice,Youspan,18605.16,PLN
Carlos,Young,cyoungfk@technorati.com,Belarus,Male,Hrodna,Buzzshare,80510.76,BYR
David,Owens,dowensfl@bigcartel.com,China,Male,Baojiadian,Dabjam,58279.80,CNY
Irene,Stone,istonefm@buzzfeed.com,Bosnia and Herzegovina,Female,Brčko,Zoomdog,81001.10,BAM
Shirley,Lawson,slawsonfn@twitter.com,France,Female,Valence,Yombu,63005.94,EUR
Benjamin,Fowler,bfowlerfo@usnews.com,France,Male,Le Mans,Wordware,31156.58,EUR
Joshua,Burns,jburnsfp@tinypic.com,China,Male,Pukou,Mynte,17893.14,CNY
Walter,Olson,wolsonfq@nih.gov,Indonesia,Male,Cimanglid,Midel,95547.05,IDR
Cheryl,Gonzales,cgonzalesfr@mayoclinic.com,Thailand,Female,Phayao,Photobug,28009.60,THB
Anne,Welch,awelchfs@java.com,Colombia,Female,Riosucio,Twitterlist,84598.08,COP
Gregory,Reyes,greyesft@theatlantic.com,Poland,Male,Szczawnica,Mita,49801.91,PLN
Samuel,Johnston,sjohnstonfu@state.tx.us,Indonesia,Male,Tamianglayang,Mybuzz,,IDR
Karen,Carter,kcarterfv@buzzfeed.com,Bulgaria,Female,Dobrich,Innotype,8013.79,BGN
Andrea,Burton,aburtonfw@cbslocal.com,China,Female,Gaogu,Jatri,95949.07,CNY
Earl,Ellis,eellisfx@squidoo.com,Indonesia,Male,Patrol,Thoughtstorm,42325.85,IDR
Wanda,Flores,wfloresfy@wikia.com,Iran,Female,Zābolī,Skipstorm,43670.56,IRR
Russell,Ellis,rellisfz@facebook.com,Philippines,Male,Joroan,Roodel,11828.79,PHP
Norma,Williams,nwilliamsg0@php.net,China,Female,Qiaotou,Meembee,21065.56,CNY
Jacqueline,Bryant,jbryantg1@state.gov,Panama,Female,Chame,Kazu,5525.66,PAB
Bonnie,Wells,bwellsg2@artisteer.com,Philippines,Female,Santa Cruz,Realbuzz,78946.68,PHP
Maria,Bennett,mbennettg3@bing.com,Portugal,Female,Sernancelhe,Feedbug,54083.79,EUR
Harold,Olson,holsong4@bloglines.com,Ukraine,Male,Novoselitsa,Quatz,86443.72,UAH
Steven,Cunningham,scunninghamg5@dagondesign.com,Ukraine,Male,Kodyma,Yabox,25861.18,UAH
Martha,Jordan,mjordang6@diigo.com,Guadeloupe,Female,Pointe-à-Pitre,Twitternation,,EUR
Andrew,Gilbert,agilbertg7@dell.com,Peru,Male,Simbal,Avavee,62500.11,PEN
Judith,Moore,jmooreg8@jiathis.com,Poland,Female,Regimin,Dabjam,2878.78,PLN
Alan,Sims,asimsg9@blogspot.com,China,Male,Ulashan,Realfire,59020.86,CNY
Henry,Stevens,hstevensga@blinklist.com,Peru,Male,Huancapallac,Brightbean,49734.45,PEN
Jeremy,Simmons,jsimmonsgb@vkontakte.ru,New Zealand,Male,Turangi,Browsetype,48137.99,NZD
Sarah,Gutierrez,sgutierrezgc@ucsd.edu,China,Female,Boluo,Brightdog,8994.47,CNY
Roger,Hernandez,rhernandezgd@blogspot.com,Indonesia,Male,Prengtale,Lajo,6336.80,IDR
Ernest,Flores,efloresge@discuz.net,Argentina,Male,San Lorenzo,Twinte,13234.58,ARS
Virginia,Moreno,vmorenogf@dion.ne.jp,Colombia,Female,Sucre,Abata,42612.08,COP
Kevin,Alexander,kalexandergg@nsw.gov.au,Netherlands,Male,Woerden,Dabtype,62819.95,EUR
William,Myers,wmyersgh@lulu.com,Philippines,Male,Maigo,Bluezoom,86392.91,PHP
Patrick,Young,pyounggi@hc360.com,Chile,Male,Putre,Skibox,51526.90,CLP
Walter,Rose,wrosegj@ustream.tv,Russia,Male,Sysert’,Voonyx,1311.53,RUB
Ronald,Clark,rclarkgk@sohu.com,Sweden,Male,Filipstad,Yambee,96213.82,SEK
Maria,Long,mlonggl@squarespace.com,Burundi,Female,Ruyigi,Fivespan,71247.31,BIF
Edward,Crawford,ecrawfordgm@google.ru,Colombia,Male,Pueblo Nuevo,Feedbug,33263.73,COP
Bruce,Oliver,bolivergn@deliciousdays.com,Finland,Male,Uusikaupunki,Skiptube,96800.69,EUR
Rebecca,Barnes,rbarnesgo@1688.com,China,Female,Weiyuankou,Realbridge,87031.34,CNY
Phillip,Murray,pmurraygp@weibo.com,Chad,Male,Mao,Meembee,90584.85,XAF
Emily,Medina,emedinagq@nih.gov,Sweden,Female,Bjuv,Feedfire,,SEK
Fred,Mendoza,fmendozagr@berkeley.edu,China,Male,Luoqiao,Snaptags,5475.48,CNY
Elizabeth,Berry,eberrygs@last.fm,Portugal,Female,Veiros,Youfeed,21129.34,EUR
Jimmy,Anderson,jandersongt@xinhuanet.com,Finland,Male,Orimattila,Feedspan,67472.14,EUR
Jane,Simpson,jsimpsongu@globo.com,China,Female,Gangshangji,Meeveo,64961.19,CNY
Alice,Bailey,abaileygv@twitpic.com,Cameroon,Female,Bali,Skyndu,10972.20,XAF
Peter,Andrews,pandrewsgw@google.co.uk,Indonesia,Male,Tais,Feedfire,98944.74,IDR
Sarah,Hill,shillgx@dagondesign.com,China,Female,Huze,Abatz,,CNY
Ruby,Holmes,rholmesgy@examiner.com,Finland,Female,Himanka,Thoughtbridge,64841.55,EUR
Beverly,Black,bblackgz@so-net.ne.jp,Colombia,Female,El Cerrito,Zoonoodle,9952.85,COP
Howard,Smith,hsmithh0@hostgator.com,China,Male,Yicheng,Yotz,7076.81,CNY
Debra,Hudson,dhudsonh1@geocities.com,Mauritius,Female,Chamouny,Quimm,37374.91,MUR
Betty,Lawson,blawsonh2@marriott.com,Russia,Female,Romanovskaya,Ainyx,78067.68,RUB
Kathy,Riley,krileyh3@youku.com,Peru,Female,Tambo Grande,Gabspot,61839.71,PEN
Rebecca,Johnson,rjohnsonh4@amazon.co.uk,China,Female,Xiaojing,Twitterlist,39179.57,CNY
Theresa,Mills,tmillsh5@hubpages.com,Brazil,Female,Espera Feliz,Oyondu,83311.85,BRL
Ruby,Mason,rmasonh6@census.gov,El Salvador,Female,Santiago de María,Thoughtblab,35368.92,USD
Bonnie,Montgomery,bmontgomeryh7@domainmarket.com,Poland,Female,Lutomiersk,Skyble,46553.19,PLN
Donald,Bradley,dbradleyh8@economist.com,Czech Republic,Male,Hrušovany u Brna,Dabfeed,35731.34,CZK
Ruth,Phillips,rphillipsh9@yahoo.com,China,Female,Kax,Izio,64795.02,CNY
Sean,Howard,showardha@pbs.org,Russia,Male,Nezlobnaya,Yambee,24248.35,RUB
Kathy,Chapman,kchapmanhb@ucoz.com,Vietnam,Female,Thành Phố Nam Định,Gabtype,71138.21,VND
Virginia,Garrett,vgarretthc@alibaba.com,China,Female,Jindu,Gigashots,24228.10,CNY
Donna,Little,dlittlehd@salon.com,Greece,Female,Kallithéa,Brainlounge,5256.96,EUR
Philip,Morales,pmoraleshe@msn.com,Dominican Republic,Male,Sabana Grande de Boyá,Youopia,72892.18,DOP
Willie,Cunningham,wcunninghamhf@nationalgeographic.com,Indonesia,Male,Cisadap,Skyble,72239.92,IDR
Charles,Hunter,chunterhg@nature.com,Russia,Male,Talitsy,Livepath,17365.76,RUB
Jimmy,Baker,jbakerhh@devhub.com,China,Male,Wuyang,Dynazzy,88784.58,CNY
Harry,Williamson,hwilliamsonhi@senate.gov,Myanmar,Male,Chauk,Jaxspan,29503.73,MMK
Rebecca,Morrison,rmorrisonhj@moonfruit.com,Brazil,Female,Carmo do Paranaíba,Agivu,56854.63,BRL
Scott,Meyer,smeyerhk@jimdo.com,China,Male,Turgun,Edgeclub,47567.71,CNY
Donald,Bell,dbellhl@abc.net.au,Poland,Male,Wesoła,Tanoodle,20944.84,PLN
Kevin,Burke,kburkehm@t.co,Iran,Male,Tehrān,Chatterpoint,61935.91,IRR
George,George,ggeorgehn@arizona.edu,Philippines,Male,Tomado,Kazio,72525.66,PHP
Joseph,Stevens,jstevensho@123-reg.co.uk,Brazil,Male,Barbacena,Brainbox,89040.53,BRL
Rebecca,Scott,rscotthp@unicef.org,Sweden,Female,Täby,Flashdog,48559.12,SEK
Pamela,Murray,pmurrayhq@indiegogo.com,China,Female,Huji,Voomm,38317.05,CNY
Craig,Elliott,celliotthr@e-recht24.de,Malaysia,Male,Putrajaya,Blogpad,20199.61,MYR
Jennifer,Richards,jrichardshs@privacy.gov.au,Canada,Female,Lewisporte,Dynazzy,82890.06,CAD
Harry,Porter,hporterht@typepad.com,Sweden,Male,Vallentuna,Feedmix,77990.45,SEK
Elizabeth,Austin,eaustinhu@ustream.tv,China,Female,Hufeng,Feedmix,4322.08,CNY
Brian,Martinez,bmartinezhv@livejournal.com,China,Male,Xin’an,Photojam,12123.14,CNY
Melissa,Diaz,mdiazhw@pbs.org,Portugal,Female,Recarei,Rhycero,92847.18,EUR
Doris,Pierce,dpiercehx@vk.com,Indonesia,Female,Kaliuda,Realpoint,32601.28,IDR
Cheryl,Watkins,cwatkinshy@washingtonpost.com,Argentina,Female,Chepes,Youspan,75271.40,ARS
Debra,Vasquez,dvasquezhz@columbia.edu,Mexico,Female,Pemex,Dynabox,41678.86,MXN
Judy,Coleman,jcolemani0@drupal.org,Mauritius,Female,Dubreuil,Mydeo,30773.72,MUR
Fred,Washington,fwashingtoni1@cam.ac.uk,Sweden,Male,Södertälje,Cogidoo,26746.72,SEK
Tina,Campbell,tcampbelli2@a8.net,Azerbaijan,Female,Buzovna,Yodoo,20743.63,AZN
Carlos,Wells,cwellsi3@seattletimes.com,Saudi Arabia,Male,Al Qārah,Avavee,51473.38,SAR
Amanda,Wells,awellsi4@mayoclinic.com,Ireland,Female,Granard,Eidel,40527.16,EUR
Joshua,Hill,jhilli5@shutterfly.com,Madagascar,Male,Amboasary,Skynoodle,14293.35,MGA
Kimberly,Hanson,khansoni6@phoca.cz,Indonesia,Female,Rukem,Zoombeat,,IDR
Robert,Simmons,rsimmonsi7@flickr.com,Philippines,Male,Claver,Wikivu,61372.81,PHP
Anthony,Kennedy,akennedyi8@alexa.com,Russia,Male,Zhigulevsk,Trudoo,35141.45,RUB
Christopher,Reid,creidi9@zdnet.com,Russia,Male,Shali,Meezzy,15089.24,RUB
Kevin,Perry,kperryia@google.com.br,United States,Male,Pittsburgh,Kamba,85309.65,USD
Dorothy,Barnes,dbarnesib@washingtonpost.com,Russia,Female,Krasnokumskoye,Chatterbridge,76740.41,RUB
Janet,Gilbert,jgilbertic@redcross.org,France,Female,Bondoufle,Brightbean,83124.14,EUR
Earl,Hicks,ehicksid@twitter.com,Indonesia,Male,Lambangan Kulon,Roomm,916.66,IDR
Laura,Hernandez,lhernandezie@intel.com,Mexico,Female,Los Pinos,Youbridge,,MXN
Brenda,Sullivan,bsullivanif@google.co.uk,Syria,Female,Şabbūrah,Aimbo,12617.20,SYP
Sarah,Mendoza,smendozaig@multiply.com,Poland,Female,Raszczyce,Gigaclub,22449.12,PLN
Rebecca,Reyes,rreyesih@dot.gov,China,Female,Changping,Topicshots,67364.96,CNY
Kathy,Johnson,kjohnsonii@biglobe.ne.jp,Russia,Female,Ordzhonikidzevskiy,Yakidoo,,RUB
Harold,Collins,hcollinsij@skyrock.com,China,Male,Xijiang,Mynte,35559.31,CNY
Timothy,Lee,tleeik@ucoz.com,Nicaragua,Male,Bonanza,Thoughtworks,67798.63,NIO
Betty,Brown,bbrownil@instagram.com,Sweden,Female,Uppsala,Twitternation,,SEK
Frank,Lopez,flopezim@microsoft.com,South Africa,Male,Mpophomeni,Katz,40607.94,ZAR
Dennis,Martin,dmartinin@github.io,China,Male,Ya’erya,Trilia,,CNY
Johnny,Harper,jharperio@twitter.com,Argentina,Male,Rinconada,Nlounge,,ARS
Stephanie,Woods,swoodsip@seesaa.net,Russia,Female,Medvezh’yegorsk,Gabtune,58451.26,RUB
Eric,Bell,ebelliq@admin.ch,Russia,Male,Krasnorechenskiy,Wordtune,82881.12,RUB
Joseph,Gomez,jgomezir@tiny.cc,Nepal,Male,Janakpur,Devify,517.84,NPR
Mark,Fowler,mfowleris@i2i.jp,Slovenia,Male,Slovenska Bistrica,Wikido,,EUR
Samuel,Chapman,schapmanit@issuu.com,Greece,Male,Néa Flogitá,Twinder,866.64,EUR
Jonathan,Kim,jkimiu@unesco.org,China,Male,Jiangkou,Plajo,88587.18,CNY
Laura,Kennedy,lkennedyiv@icq.com,Finland,Female,Hyrynsalmi,Ooba,31430.41,EUR
Randy,Kim,rkimiw@auda.org.au,Yemen,Male,Al Ḩarajah,Flipopia,4109.10,YER
Frances,Collins,fcollinsix@mayoclinic.com,Indonesia,Female,Siumate,Demivee,38724.61,IDR
Jennifer,Parker,jparkeriy@hostgator.com,Oman,Female,Bidbid,Eabox,72127.49,OMR
Ruth,Greene,rgreeneiz@privacy.gov.au,Canada,Female,Owen Sound,Youspan,47747.02,CAD
Donna,Kelley,dkelleyj0@ucoz.com,China,Female,Xichangmen,Yacero,5091.58,CNY
Lisa,Morgan,lmorganj1@spotify.com,United States,Female,Chicago,Leenti,,USD
Doris,Lawrence,dlawrencej2@mit.edu,Portugal,Female,Oliveira do Conde,Plajo,48854.87,EUR
Christina,Parker,cparkerj3@posterous.com,Somalia,Female,Dhuusamarreeb,Layo,,SOS
Mark,Mcdonald,mmcdonaldj4@odnoklassniki.ru,China,Male,Sanrao,Fiveclub,94460.57,CNY
Eugene,Franklin,efranklinj5@xing.com,Sweden,Male,Helsingborg,Realcube,65467.75,SEK
Irene,Webb,iwebbj6@shutterfly.com,China,Female,Jiusi,Devify,87388.77,CNY
Jerry,Brown,jbrownj7@senate.gov,Cyprus,Male,Xylotymbou,Jabbersphere,7555.17,EUR
Kathryn,Hall,khallj8@twitpic.com,Indonesia,Female,Kampunglistrik,Demizz,28155.54,IDR
Mark,Hawkins,mhawkinsj9@ucoz.ru,Japan,Male,Iwaki,Yadel,28069.49,JPY
Martha,Daniels,mdanielsja@shop-pro.jp,Philippines,Female,Ubay,Meetz,68627.04,PHP
Kathleen,Schmidt,kschmidtjb@gizmodo.com,Afghanistan,Female,Āsmār,Npath,,AFN
Janet,Hunter,jhunterjc@chron.com,Tunisia,Female,Qaşr Hallāl,Skivee,93758.48,TND
Barbara,Mills,bmillsjd@sun.com,Indonesia,Female,Kampungbaru,Tagchat,,IDR
Harry,Moore,hmooreje@fc2.com,China,Male,Daguo,Yotz,,CNY
Phyllis,Stanley,pstanleyjf@paginegialle.it,Lithuania,Female,Veisiejai,Photobug,63367.62,LTL
Maria,Crawford,mcrawfordjg@state.gov,Russia,Female,Peredovaya,Zazio,54521.16,RUB
James,Mills,jmillsjh@wix.com,Syria,Male,Arwād,Ailane,20203.71,SYP
Ruth,Clark,rclarkji@imgur.com,China,Female,Houjiachuan,Demimbu,71327.27,CNY
Christopher,Hawkins,chawkinsjj@sphinn.com,Indonesia,Male,Kotabaru,Quimm,87875.31,IDR
Joyce,Ramos,jramosjk@simplemachines.org,Ukraine,Female,Lazi,Jaxworks,28619.05,UAH
Howard,Phillips,hphillipsjl@fc2.com,Indonesia,Male,Mafa,Camido,8233.78,IDR
Henry,West,hwestjm@elpais.com,South Africa,Male,Paarl,Aibox,65501.87,ZAR
Christina,Peters,cpetersjn@51.la,Indonesia,Female,Klatakan,Plajo,11991.13,IDR
Brandon,Carter,bcarterjo@clickbank.net,Portugal,Male,Carvalhal,Twimm,74799.77,EUR
Lois,Graham,lgrahamjp@pinterest.com,China,Female,Shuangzhong,Twitterbridge,27582.03,CNY
Timothy,Burton,tburtonjq@globo.com,Ukraine,Male,Markivka,Jabbersphere,,UAH
Brenda,Anderson,bandersonjr@rediff.com,United States,Female,Toledo,Flashspan,87492.39,USD
Victor,Mitchell,vmitchelljs@printfriendly.com,Poland,Male,Dębno,Browsebug,94493.43,PLN
Katherine,Kelly,kkellyjt@printfriendly.com,Poland,Female,Łaziska Górne,Wordtune,90387.50,PLN
Adam,Schmidt,aschmidtju@reference.com,Iran,Male,Kaleybar,Gabtune,7776.78,IRR
Douglas,Fisher,dfisherjv@aboutads.info,China,Male,Qingshui,Meevee,66164.31,CNY
Cynthia,Snyder,csnyderjw@wisc.edu,Greece,Female,Patrída,Demimbu,31683.66,EUR
Sharon,Shaw,sshawjx@ehow.com,Russia,Female,Saskylakh,JumpXS,70086.64,RUB
Kelly,Harris,kharrisjy@shutterfly.com,Japan,Female,Hiroshima-shi,Fliptune,60387.41,JPY
Philip,Holmes,pholmesjz@stumbleupon.com,Poland,Male,Kawęczyn,Quimba,60224.36,PLN
Gregory,Ferguson,gfergusonk0@dot.gov,Indonesia,Male,Krajan,Feedfish,38599.32,IDR
Sarah,Johnson,sjohnsonk1@reverbnation.com,Philippines,Female,Dueñas,Topdrive,,PHP
Phyllis,Hill,phillk2@facebook.com,Bulgaria,Female,Petrich,Blogtags,,BGN
Raymond,Mason,rmasonk3@time.com,Kenya,Male,Keruguya,Yadel,79127.29,KES
Billy,Hughes,bhughesk4@latimes.com,Venezuela,Male,Tacarigua,Miboo,76219.32,VEF
Patricia,Collins,pcollinsk5@a8.net,Indonesia,Female,Padangpanjang,Photobean,77409.38,IDR
Michael,Bishop,mbishopk6@mlb.com,Finland,Male,Kiikala,Blogspan,,EUR
Annie,Graham,agrahamk7@marriott.com,Libya,Female,Tobruk,Fadeo,19275.41,LYD
Betty,Spencer,bspencerk8@smugmug.com,Ukraine,Female,Rudky,Demimbu,22051.86,UAH
Samuel,Hayes,shayesk9@hp.com,Malaysia,Male,Kuala Lumpur,Zooxo,,MYR
Julia,Morrison,jmorrisonka@mozilla.com,Russia,Female,Tsotsin-Yurt,Rooxo,97526.38,RUB
Douglas,Martin,dmartinkb@biblegateway.com,Russia,Male,Uva,Oozz,88068.86,RUB
Kathleen,Reyes,kreyeskc@china.com.cn,China,Female,Sandaotong,Kwimbee,86761.23,CNY
Anthony,Powell,apowellkd@joomla.org,Ukraine,Male,Lazurne,Twiyo,64719.70,UAH
Annie,Reid,areidke@friendfeed.com,Bosnia and Herzegovina,Female,Ugljevik,Skilith,26900.23,BAM
Phillip,Carpenter,pcarpenterkf@wikimedia.org,Russia,Male,Medveditskiy,Skimia,4973.14,RUB
Jonathan,Oliver,joliverkg@blogger.com,Indonesia,Male,Jawatiwa,Voonix,93207.71,IDR
Louis,Peters,lpeterskh@bbc.co.uk,Switzerland,Male,Genève,Skaboo,56137.08,CHF
Peter,Mendoza,pmendozaki@storify.com,China,Male,Shanting,Topicware,9411.97,CNY
Fred,Jones,fjoneskj@nps.gov,France,Male,Longvic,Roombo,55295.65,EUR
Sara,Adams,sadamskk@opensource.org,Faroe Islands,Female,Vestmanna,Eidel,28795.54,DKK
Kathleen,King,kkingkl@posterous.com,Peru,Female,Lima Pampa,Realpoint,11874.69,PEN
Edward,Stewart,estewartkm@vimeo.com,Indonesia,Male,Sukajadi,Jetwire,50271.54,IDR
Gregory,Spencer,gspencerkn@networksolutions.com,Belarus,Male,Slawharad,Twinte,41850.70,BYR
Beverly,Marshall,bmarshallko@bigcartel.com,China,Female,Shaliu,Youspan,19173.87,CNY
Robin,Kelley,rkelleykp@drupal.org,Guatemala,Female,Pastores,Skiptube,89119.68,GTQ
Clarence,Hunt,chuntkq@posterous.com,Czech Republic,Male,Doksy,Zoovu,11619.59,CZK
Brandon,Robinson,brobinsonkr@usnews.com,Hungary,Male,Ózd,Jabbercube,30635.76,HUF
Phillip,Gibson,pgibsonks@cargocollective.com,China,Male,Chenggang,Riffpath,,CNY
James,Cook,jcookkt@acquirethisname.com,Sweden,Male,Stockholm,Livetube,15797.01,SEK
Jeremy,Hart,jhartku@indiegogo.com,Greece,Male,Galátsi,Avavee,57901.05,EUR
Frances,Gray,fgraykv@bravesites.com,Ecuador,Female,Otavalo,Buzzdog,54756.11,USD
Martha,Perez,mperezkw@ocn.ne.jp,Czech Republic,Female,Černilov,Leexo,16360.57,CZK
Nicholas,Woods,nwoodskx@com.com,Bangladesh,Male,Baniachang,Brainlounge,29100.41,BDT
Cheryl,Baker,cbakerky@paypal.com,China,Female,Chenzhou,Oodoo,97971.46,CNY
Sarah,Palmer,spalmerkz@plala.or.jp,China,Female,Xiaoshi,Linkbridge,58185.51,CNY
Melissa,Stone,mstonel0@google.com.hk,Portugal,Female,Valtelheiro,Oyonder,242.35,EUR
Ann,Stephens,astephensl1@dailymail.co.uk,Colombia,Female,Tame,Nlounge,56944.86,COP
Kevin,Wilson,kwilsonl2@usnews.com,Colombia,Male,El Guamo,Yotz,11842.17,COP
Antonio,Arnold,aarnoldl3@hatena.ne.jp,Indonesia,Male,Tugu,Zava,36380.39,IDR
Tina,Murphy,tmurphyl4@pen.io,Israel,Female,Beit Jann,Twitterwire,54254.00,ILS
Patricia,Gomez,pgomezl5@arstechnica.com,China,Female,Guangping,Cogibox,8871.84,CNY
Rose,Diaz,rdiazl6@yale.edu,China,Female,Xiamao,Quinu,23950.55,CNY
Stephanie,Nguyen,snguyenl7@arstechnica.com,Sri Lanka,Female,Vavuniya,Agivu,15566.89,LKR
Lillian,Carpenter,lcarpenterl8@nbcnews.com,Brazil,Female,Neópolis,Realbuzz,,BRL
Tammy,Cunningham,tcunninghaml9@cam.ac.uk,Bulgaria,Female,Novo Selo,Tagcat,95324.88,BGN
Fred,Campbell,fcampbellla@goo.gl,Serbia,Male,Gornji Milanovac,Minyx,8968.64,RSD
Joseph,Mccoy,jmccoylb@narod.ru,Indonesia,Male,Kalde Panga,Bubblebox,80766.75,IDR
Albert,Bennett,abennettlc@hatena.ne.jp,Philippines,Male,Balucawi,Kazu,19818.82,PHP
Jennifer,Wilson,jwilsonld@w3.org,Czech Republic,Female,Studénka,Oozz,42138.14,CZK
Phyllis,Anderson,pandersonle@multiply.com,Sweden,Female,Linköping,LiveZ,81750.35,SEK
Robin,King,rkinglf@amazon.co.uk,Poland,Female,Osieck,Kamba,66329.49,PLN
Louise,Garza,lgarzalg@1und1.de,China,Female,Zibu,Zooxo,,CNY
Howard,Williams,hwilliamslh@networkadvertising.org,Israel,Male,Hod HaSharon,Youspan,65567.01,ILS
Jane,Castillo,jcastilloli@upenn.edu,Indonesia,Female,Gayamsari,Jazzy,57741.93,IDR
Michael,Williams,mwilliamslj@google.cn,Russia,Male,Zheleznogorsk-Ilimskiy,Dynabox,56727.51,RUB
Martin,Fernandez,mfernandezlk@sun.com,Lithuania,Male,Jieznas,Blognation,12341.04,LTL
Jack,Foster,jfosterll@mediafire.com,Dominican Republic,Male,Hato Mayor del Rey,Skalith,86997.85,DOP
Martha,Phillips,mphillipslm@linkedin.com,Indonesia,Female,Cipari,Skimia,2606.30,IDR
Ann,Harvey,aharveyln@domainmarket.com,Mexico,Female,San Diego,Digitube,86240.14,MXN
Stephen,Simmons,ssimmonslo@chron.com,Poland,Male,Rybarzowice,Gabtype,12230.50,PLN
Stephanie,Matthews,smatthewslp@reverbnation.com,France,Female,Gap,Livetube,,EUR
Aaron,Tucker,atuckerlq@photobucket.com,Sweden,Male,Mora,Mita,12478.16,SEK
Melissa,Wagner,mwagnerlr@infoseek.co.jp,Indonesia,Female,Selasari,Zoomdog,10095.02,IDR
Mildred,Hill,mhillls@disqus.com,China,Female,Chengguan,Eimbee,43509.68,CNY
Angela,Wood,awoodlt@auda.org.au,Morocco,Female,Tmourghout,Yodel,19045.35,MAD
Joyce,Nichols,jnicholslu@bravesites.com,Japan,Female,Himi,Trilith,26808.82,JPY
Ashley,Harrison,aharrisonlv@istockphoto.com,Russia,Female,Bichura,Blogspan,29754.17,RUB
Gerald,Mendoza,gmendozalw@seesaa.net,France,Male,Puteaux,Teklist,92966.74,EUR
Mildred,Rivera,mriveralx@unesco.org,China,Female,Yanghou,Twitterbeat,50520.28,CNY
Bruce,Snyder,bsnyderly@zdnet.com,China,Male,Datian,Thoughtstorm,17482.46,CNY
Maria,Lewis,mlewislz@paginegialle.it,Ireland,Female,Castleknock,Photojam,65159.28,EUR
Matthew,Perez,mperezm0@uiuc.edu,United States,Male,New Orleans,Kimia,34132.08,USD
Peter,Campbell,pcampbellm1@engadget.com,Colombia,Male,San Gil,Feedfire,7817.80,COP
Robin,Hudson,rhudsonm2@state.tx.us,Costa Rica,Female,Quesada,Photojam,72921.84,CRC
Betty,Hamilton,bhamiltonm3@hhs.gov,Indonesia,Female,Gludug,Zoomdog,41722.95,IDR
David,Dunn,ddunnm4@shutterfly.com,South Africa,Male,Burgersdorp,Gabspot,14404.57,ZAR
Clarence,Cruz,ccruzm5@studiopress.com,China,Male,Chencai,Voolith,57331.31,CNY
Sean,Murphy,smurphym6@discuz.net,China,Male,Daixi,Aimbu,95139.47,CNY
Nicholas,Jacobs,njacobsm7@cafepress.com,Philippines,Male,Banocboc,Realcube,,PHP
Nancy,Burton,nburtonm8@gmpg.org,Indonesia,Female,Masape,Feedfish,13000.87,IDR
Kimberly,Chavez,kchavezm9@imgur.com,Indonesia,Female,Pondokrejo Wetan,Oyonder,67887.66,IDR
Beverly,Wagner,bwagnerma@google.ca,Haiti,Female,Cornillon,Gabtune,82839.23,HTG
Billy,Boyd,bboydmb@tmall.com,France,Male,Saint-Fargeau-Ponthierry,Gabcube,51891.85,EUR
Harold,Howell,hhowellmc@people.com.cn,China,Male,Shuitianzhuang,Edgeblab,41149.58,CNY
Carlos,Gardner,cgardnermd@timesonline.co.uk,Poland,Male,Łomża,Quatz,86536.59,PLN
Johnny,Sullivan,jsullivanme@1688.com,Indonesia,Male,Bokor,Zoombeat,41257.38,IDR
Jesse,Sullivan,jsullivanmf@symantec.com,Colombia,Male,Maceo,Trunyx,96511.44,COP
Antonio,Perkins,aperkinsmg@wunderground.com,China,Male,Eman,Mynte,,CNY
Jonathan,Hall,jhallmh@photobucket.com,Thailand,Male,Bo Phloi,Linklinks,70431.76,THB
Daniel,Morales,dmoralesmi@godaddy.com,Peru,Male,Laraos,Kimia,9840.08,PEN
Bruce,Green,bgreenmj@theglobeandmail.com,Dominican Republic,Male,Cotuí,Pixope,37496.18,DOP
Bobby,Parker,bparkermk@springer.com,China,Male,Shaxi,Jabbersphere,46438.55,CNY
Fred,Carter,fcarterml@g.co,Indonesia,Male,Oesao,Fadeo,,IDR
Benjamin,Carr,bcarrmm@wiley.com,Honduras,Male,Ciudad Choluteca,Kwinu,4971.86,HNL
Martin,Greene,mgreenemn@who.int,United States,Male,Miami Beach,Dabvine,80098.82,USD
Jeffrey,Ramos,jramosmo@infoseek.co.jp,Indonesia,Male,Bungereng,Flashspan,8077.49,IDR
Todd,Rivera,triveramp@ocn.ne.jp,United States,Male,El Paso,Linklinks,84334.93,USD
Henry,Fernandez,hfernandezmq@epa.gov,Sweden,Male,Örebro,Fanoodle,11007.01,SEK
Scott,Lynch,slynchmr@wikispaces.com,Russia,Male,Seredka,Skimia,92987.59,RUB
Martin,Green,mgreenms@accuweather.com,Haiti,Male,Corail,Youspan,95169.14,HTG
Bobby,Nelson,bnelsonmt@yahoo.com,Cambodia,Male,Ta Khmau,Babbleblab,89001.58,KHR
Jacqueline,Lawrence,jlawrencemu@yahoo.co.jp,Sweden,Female,Täby,Zoomcast,60114.72,SEK
Kevin,Ruiz,kruizmv@icq.com,Bahrain,Male,Madīnat ‘Īsá,Devshare,49342.20,BHD
Patricia,Watkins,pwatkinsmw@tumblr.com,Indonesia,Female,Mlawe,Tazz,2593.84,IDR
Frank,Collins,fcollinsmx@usnews.com,China,Male,Laocheng,Oyope,16245.66,CNY
Shirley,Scott,sscottmy@yahoo.co.jp,Russia,Female,Ust’-Ilimsk,Twinte,1919.47,RUB
Patricia,Alvarez,palvarezmz@toplist.cz,Belarus,Female,Lyeskawka,Quimba,,BYR
Edward,Fox,efoxn0@archive.org,Pakistan,Male,Sanjwāl,Shuffletag,27602.88,PKR
Frank,Davis,fdavisn1@spiegel.de,Portugal,Male,Mina de São Domingos,Gabvine,56889.40,EUR
Jane,Mason,jmasonn2@phpbb.com,Indonesia,Female,Masaran,Wordpedia,,IDR
Dennis,Hayes,dhayesn3@wordpress.org,Indonesia,Male,Ploso Wetan,Gabtune,58468.52,IDR
Terry,Porter,tportern4@webnode.com,China,Male,Zhongshu,Agimba,22751.55,CNY
Tammy,Gonzalez,tgonzalezn5@mozilla.com,Philippines,Female,Quibal,Kaymbo,23421.42,PHP
Ernest,Meyer,emeyern6@icq.com,Bosnia and Herzegovina,Male,Stanari,Quaxo,725.67,BAM
Nancy,Butler,nbutlern7@yale.edu,Morocco,Female,Tadrart,Tagfeed,88806.57,MAD
Martha,Rogers,mrogersn8@huffingtonpost.com,China,Female,Xinshao,Pixope,24925.09,CNY
Doris,Lewis,dlewisn9@acquirethisname.com,Russia,Female,Ukhta,Quatz,63357.56,RUB
Antonio,Berry,aberryna@linkedin.com,Sweden,Male,Kalmar,Skyba,93535.37,SEK
Samuel,Baker,sbakernb@ifeng.com,China,Male,Souziqiu,Brainsphere,17684.27,CNY
Charles,Wright,cwrightnc@mtv.com,Nigeria,Male,Gakem,Rhynyx,2529.37,NGN
Karen,Carter,kcarternd@guardian.co.uk,Indonesia,Female,Nenotes,Meeveo,60162.43,IDR
Sean,Mccoy,smccoyne@dyndns.org,Croatia,Male,Turanj,Flashspan,,HRK
Carl,Brown,cbrownnf@drupal.org,Guatemala,Male,Oratorio,Quire,92756.50,GTQ
Lawrence,Little,llittleng@cnbc.com,Portugal,Male,Goim,Quatz,41512.68,EUR
Dorothy,Brown,dbrownnh@usgs.gov,Czech Republic,Female,Pyšely,Divanoodle,82009.30,CZK
Teresa,Kim,tkimni@cpanel.net,China,Female,Tierimu,Dynabox,45328.13,CNY
Henry,Stewart,hstewartnj@mozilla.com,Mexico,Male,Morelos,Realbridge,59540.08,MXN
Lawrence,Hansen,lhansennk@goo.gl,China,Male,Hepu,Twiyo,,CNY
Melissa,Hill,mhillnl@skype.com,Indonesia,Female,Detik Satu,Ntag,94002.35,IDR
Earl,Alexander,ealexandernm@wikipedia.org,Bulgaria,Male,Ruen,Zava,95487.20,BGN
Christine,Sims,csimsnn@a8.net,France,Female,Toulouse,Leenti,52495.74,EUR
Carl,Ramos,cramosno@yellowpages.com,Philippines,Male,La Fortuna,Camimbo,65697.59,PHP
Jeffrey,Johnston,jjohnstonnp@nymag.com,Russia,Male,Sibay,Skimia,5649.71,RUB
Donna,Riley,drileynq@pen.io,Afghanistan,Female,Chisht-e Sharīf,Skilith,,AFN
Benjamin,Bailey,bbaileynr@businessweek.com,Czech Republic,Male,Žandov,Browseblab,44769.37,CZK
Karen,Palmer,kpalmerns@aboutads.info,Peru,Female,Santiago de Chuco,Flashpoint,52233.53,PEN
Dennis,Henderson,dhendersonnt@harvard.edu,Poland,Male,Kaliska,Twitterbridge,27536.85,PLN
Louise,Burton,lburtonnu@upenn.edu,Egypt,Female,Kafr ad Dawwār,Jabbertype,59739.90,EGP
Ruby,Ross,rrossnv@latimes.com,Peru,Female,Huertas,Mynte,67334.56,PEN
Amanda,Wilson,awilsonnw@reference.com,Philippines,Female,San Sebastian,Skyba,47632.71,PHP
Paula,Campbell,pcampbellnx@php.net,Canada,Female,Maple Ridge,Feedfire,2605.10,CAD
Judy,Robertson,jrobertsonny@homestead.com,China,Female,Dunhou,Wikido,75547.15,CNY
Eugene,Simmons,esimmonsnz@lulu.com,Indonesia,Male,Kuaro,Voonix,45256.70,IDR
Fred,Berry,fberryo0@state.gov,Ethiopia,Male,Shakīso,Layo,37934.62,ETB
Lisa,Allen,lalleno1@craigslist.org,Canada,Female,Midland,Yacero,37030.90,CAD
Rachel,Hicks,rhickso2@hostgator.com,Malaysia,Female,Kota Kinabalu,Demimbu,10151.88,MYR
Eugene,Owens,eowenso3@msu.edu,Indonesia,Male,Wringinsari,Fadeo,81031.92,IDR
Jose,Johnston,jjohnstono4@usda.gov,Sri Lanka,Male,Maharagama,Trunyx,23186.34,LKR
Joyce,Little,jlittleo5@uol.com.br,Panama,Female,Río Alejandro,Realcube,98019.23,PAB
Fred,Nichols,fnicholso6@hhs.gov,Philippines,Male,Baylo,Livetube,94709.99,PHP
Ernest,Cruz,ecruzo7@technorati.com,China,Male,Yanshang,Quinu,27285.05,CNY
Maria,Willis,mwilliso8@tripod.com,United States,Female,Huntington Beach,Kimia,27926.26,USD
Jeremy,Richardson,jrichardsono9@a8.net,China,Male,Fangshan,Layo,98335.84,CNY
Pamela,Collins,pcollinsoa@vkontakte.ru,China,Female,Xiangyang,Meezzy,71926.89,CNY
Edward,Woods,ewoodsob@google.es,Germany,Male,Frankfurt am Main,Jabbersphere,35921.01,EUR
Frank,Hudson,fhudsonoc@msu.edu,China,Male,Baizhong,Npath,34423.29,CNY
Carol,Martinez,cmartinezod@tumblr.com,Nigeria,Female,Ngala,Latz,,NGN
Jeremy,Flores,jfloresoe@bandcamp.com,Indonesia,Male,Pandansari,Yakijo,40903.88,IDR
Eugene,Fisher,efisherof@xing.com,Ukraine,Male,Velyka Mykhaylivka,JumpXS,,UAH
Jacqueline,Griffin,jgriffinog@engadget.com,Ireland,Female,Tower,Rhycero,48496.87,EUR
Teresa,Hughes,thughesoh@phpbb.com,China,Female,Hongmei,Topiczoom,65957.75,CNY
Aaron,Mccoy,amccoyoi@abc.net.au,Indonesia,Male,Pasirlaja,Viva,89025.83,IDR
Annie,Daniels,adanielsoj@hhs.gov,Russia,Female,Kastornoye,Devpoint,37165.01,RUB
Alice,Bell,abellok@shinystat.com,Indonesia,Female,Ngembo,Cogilith,11652.97,IDR
Johnny,Gardner,jgardnerol@wordpress.com,Tanzania,Male,Usa River,Linkbuzz,25557.81,TZS
Melissa,Powell,mpowellom@photobucket.com,Indonesia,Female,Carodok,Topiclounge,71446.10,IDR
Donna,Gonzalez,dgonzalezon@pagesperso-orange.fr,Portugal,Female,Arcena,Yotz,32192.13,EUR
Wanda,Miller,wmilleroo@meetup.com,Philippines,Female,Manolo Fortich,Zoonder,14766.92,PHP
Sharon,Hayes,shayesop@wordpress.com,Indonesia,Female,Imaan,Devbug,5378.37,IDR
Roger,Hansen,rhansenoq@berkeley.edu,China,Male,Huzhuang,Skinte,10313.64,CNY
Alice,Carr,acarror@msu.edu,Nigeria,Female,Ode,Meembee,87198.61,NGN
Stephen,Mason,smasonos@mit.edu,France,Male,Châtillon,Twinder,,EUR
Martin,Howell,mhowellot@toplist.cz,Estonia,Male,Sauga,Youopia,83485.26,EUR
Jimmy,Fisher,jfisherou@networksolutions.com,Greece,Male,Varnávas,Photobean,89240.25,EUR
Aaron,Miller,amillerov@bigcartel.com,Ecuador,Male,Calceta,Kwimbee,55181.73,USD
Kathleen,Moreno,kmorenoow@marketwatch.com,Nicaragua,Female,Rivas,Brightdog,49506.73,NIO
Jean,Gonzales,jgonzalesox@redcross.org,Poland,Female,Biecz,Blogpad,76691.82,PLN
Julia,Jordan,jjordanoy@spotify.com,Sweden,Female,Kungsbacka,Tagcat,1707.31,SEK
Diane,Alexander,dalexanderoz@wired.com,Portugal,Female,Santo André,Zoozzy,41810.96,EUR
Jose,Harrison,jharrisonp0@slate.com,Brazil,Male,Ibotirama,Tagfeed,73073.23,BRL
Barbara,Mitchell,bmitchellp1@yolasite.com,China,Female,Xiniqi,Tazz,,CNY
Stephanie,Wilson,swilsonp2@friendfeed.com,China,Female,Qinxi,Twitterlist,11373.61,CNY
Samuel,West,swestp3@bandcamp.com,Russia,Male,Kurchatov,Riffpath,50875.47,RUB
Stephen,Dixon,sdixonp4@theatlantic.com,France,Male,Noisy-le-Grand,Edgetag,26073.97,EUR
Michael,Wells,mwellsp5@earthlink.net,China,Male,Haiyan,Feedfire,57438.44,CNY
Roger,Ray,rrayp6@dmoz.org,Morocco,Male,Sefrou,Dazzlesphere,,MAD
Benjamin,Hudson,bhudsonp7@parallels.com,China,Male,Yaqian,Thoughtbeat,79321.94,CNY
Roger,Spencer,rspencerp8@netlog.com,Portugal,Male,Seixo de Manhoses,Feedfire,16153.83,EUR
Sarah,Wagner,swagnerp9@friendfeed.com,United States,Female,Van Nuys,Skalith,22024.57,USD
Ruth,Richards,rrichardspa@merriam-webster.com,Montenegro,Female,Stari Bar,Meembee,15894.00,EUR
Beverly,Burns,bburnspb@comsenz.com,Peru,Female,Sorochuco,Zoovu,78879.36,PEN
Katherine,Reyes,kreyespc@toplist.cz,Yemen,Female,Al Bāţinah,Jabberbean,28369.17,YER
Daniel,Hayes,dhayespd@nba.com,Philippines,Male,Aanislag,Talane,97327.31,PHP
Nicole,Taylor,ntaylorpe@jigsy.com,Nigeria,Female,Kagoro,Nlounge,,NGN
Russell,Phillips,rphillipspf@netvibes.com,Argentina,Male,Villa Ángela,Babbleset,55161.20,ARS
Rose,Spencer,rspencerpg@upenn.edu,Thailand,Female,Bang Nam Priao,Zoonder,,THB
Jean,Cruz,jcruzph@simplemachines.org,Indonesia,Female,Sinarjaya,Voomm,72010.61,IDR
Alan,Brooks,abrookspi@ihg.com,Philippines,Male,De la Paz,Voonyx,18015.09,PHP
Christopher,Dixon,cdixonpj@hugedomains.com,Brazil,Male,Vargem Grande,Oloo,24059.45,BRL
Elizabeth,Garrett,egarrettpk@nih.gov,Portugal,Female,Feitoria,Eamia,64420.46,EUR
Carolyn,Porter,cporterpl@chronoengine.com,Mexico,Female,San Antonio,Devify,28756.69,MXN
Lillian,Alvarez,lalvarezpm@tripod.com,Bosnia and Herzegovina,Female,Cazin,Quinu,90062.44,BAM
Benjamin,Williams,bwilliamspn@go.com,Indonesia,Male,Jambu,Jetwire,,IDR
Phillip,Lynch,plynchpo@jigsy.com,Indonesia,Male,Sukadana,Gigabox,38812.43,IDR
Ralph,Greene,rgreenepp@blogtalkradio.com,South Africa,Male,Retreat,Fivebridge,,ZAR
Paula,Daniels,pdanielspq@yelp.com,Spain,Female,Malaga,Zava,3322.71,EUR
Joseph,Long,jlongpr@howstuffworks.com,Pakistan,Male,Tāndo Mittha Khān,Podcat,99769.61,PKR
Gloria,Rose,groseps@addthis.com,Indonesia,Female,Banjar Mambalkajanan,Topicware,84127.88,IDR
Jacqueline,Baker,jbakerpt@constantcontact.com,Russia,Female,Sovetskiy,Eayo,55453.05,RUB
Patrick,Ortiz,portizpu@dmoz.org,Indonesia,Male,Kabor,Edgeclub,10354.53,IDR
Earl,Lynch,elynchpv@jigsy.com,Colombia,Male,Palmar de Varela,Topicblab,73971.04,COP
Roger,Murray,rmurraypw@google.nl,Philippines,Male,Dolores,Thoughtbridge,49629.16,PHP
Billy,Little,blittlepx@wisc.edu,Portugal,Male,Monte da Boavista,Meembee,59752.90,EUR
Tammy,Bishop,tbishoppy@hibu.com,China,Female,Daping,Babbleopia,97111.20,CNY
Tina,Burns,tburnspz@instagram.com,Brazil,Female,Palotina,Devbug,70179.19,BRL
Margaret,Martinez,mmartinezq0@lycos.com,China,Female,Chenjiaba,Skynoodle,22371.88,CNY
Catherine,Austin,caustinq1@miitbeian.gov.cn,China,Female,Panzhuang,Skimia,69522.59,CNY
Phyllis,Evans,pevansq2@cnet.com,China,Female,Dashiren,Mybuzz,47095.19,CNY
Martin,Wilson,mwilsonq3@blinklist.com,Russia,Male,Khiv,Yodo,11465.06,RUB
Heather,Lewis,hlewisq4@google.com.au,Sweden,Female,Trollhättan,Wordify,48274.41,SEK
Earl,Ellis,eellisq5@uiuc.edu,Indonesia,Male,Mandepa Barat,Twitterworks,64284.79,IDR
David,Ortiz,dortizq6@bloomberg.com,Russia,Male,Kyshtym,Linklinks,60684.19,RUB
Robin,Wilson,rwilsonq7@cdc.gov,Andorra,Female,Ordino,Youtags,70807.80,EUR
Nicholas,Howell,nhowellq8@sogou.com,Portugal,Male,Casal,Realcube,,EUR
Beverly,Dunn,bdunnq9@xinhuanet.com,Italy,Female,Roma,Zoomlounge,95186.61,EUR
Nancy,Evans,nevansqa@yale.edu,Russia,Female,Solnechnyy,Wordware,,RUB
Theresa,Ford,tfordqb@statcounter.com,China,Female,Xiaozhen,Eayo,61699.50,CNY
Sara,Peterson,spetersonqc@irs.gov,China,Female,Yangdi,Dabtype,57734.01,CNY
Lisa,Anderson,landersonqd@discovery.com,Armenia,Female,Nizami,Gigazoom,51163.42,AMD
Joan,Stewart,jstewartqe@histats.com,Indonesia,Female,Blimbing,Kwimbee,93688.09,IDR
Lawrence,Johnson,ljohnsonqf@123-reg.co.uk,Peru,Male,Nicasio,Meetz,65396.55,PEN
Wanda,Greene,wgreeneqg@dot.gov,Ireland,Female,Blessington,Gigazoom,87393.06,EUR
Rebecca,Weaver,rweaverqh@marriott.com,China,Female,Zhongcheng,Pixonyx,20695.20,CNY
Gloria,Vasquez,gvasquezqi@ovh.net,Philippines,Female,Lawa-an,Kamba,87513.96,PHP
Julie,Robinson,jrobinsonqj@list-manage.com,Brazil,Female,Itapetinga,Yoveo,84994.00,BRL
Evelyn,Richardson,erichardsonqk@ning.com,Venezuela,Female,Obispos,Agivu,27254.17,VEF
David,Wallace,dwallaceql@51.la,Philippines,Male,New Leyte,Flipopia,95828.40,PHP
Larry,Jacobs,ljacobsqm@tripadvisor.com,Guatemala,Male,San Pedro Sacatepéquez,Brainbox,75351.82,GTQ
Donna,Adams,dadamsqn@china.com.cn,Philippines,Female,San Francisco,Fliptune,94412.29,PHP
Rose,Lane,rlaneqo@sciencedaily.com,Indonesia,Female,Setono,Yakidoo,34774.92,IDR
Russell,Hunter,rhunterqp@newyorker.com,China,Male,Tianya,Trunyx,27204.09,CNY
Denise,Cooper,dcooperqq@ihg.com,China,Female,Wuchagou,Yodel,45399.42,CNY
Carlos,Freeman,cfreemanqr@hugedomains.com,China,Male,Zhen’an,Browsetype,79101.22,CNY
Randy,Morrison,rmorrisonqs@vinaora.com,China,Male,Tulihe,Edgetag,66290.58,CNY
Wayne,Cruz,wcruzqt@reverbnation.com,Indonesia,Male,Putat Lor,Quinu,17285.75,IDR
Rebecca,Carroll,rcarrollqu@angelfire.com,Ecuador,Female,Pujilí,Oodoo,81621.05,USD
Jeremy,Carter,jcarterqv@sohu.com,Brazil,Male,Lagarto,Bubblemix,30851.28,BRL
Lori,Sanders,lsandersqw@list-manage.com,Japan,Female,Murakami,Kare,,JPY
Joyce,Taylor,jtaylorqx@php.net,Venezuela,Female,Maturín,Devcast,12958.57,VEF
Walter,Hernandez,whernandezqy@biglobe.ne.jp,Liechtenstein,Male,Planken,Yamia,57853.78,CHF
Elizabeth,Edwards,eedwardsqz@ca.gov,Croatia,Female,Rezovac,Fliptune,12569.23,HRK
Jonathan,Medina,jmedinar0@taobao.com,China,Male,Aotou,Miboo,89885.47,CNY
William,Patterson,wpattersonr1@wordpress.org,Indonesia,Male,Cigaluh,Tavu,79308.90,IDR
Amy,Lane,alaner2@noaa.gov,Indonesia,Female,Bancak Wetan,Twinder,33809.32,IDR
Jennifer,Jenkins,jjenkinsr3@quantcast.com,Armenia,Female,Vardenik,Blogtag,25990.05,AMD
Norma,Jackson,njacksonr4@ifeng.com,China,Female,Sunbu,Zoozzy,41606.73,CNY
Daniel,Wright,dwrightr5@go.com,Syria,Male,Tall Ḩamīs,Blogtags,,SYP
Brenda,James,bjamesr6@accuweather.com,Kenya,Female,Keruguya,Oyope,1723.87,KES
Joseph,Knight,jknightr7@imdb.com,France,Male,Rodez,Oyoloo,,EUR
John,Armstrong,jarmstrongr8@domainmarket.com,Portugal,Male,Sarrazola,Leenti,,EUR
Scott,Bowman,sbowmanr9@mozilla.org,Russia,Male,Porkhov,Mydeo,9010.92,RUB
Samuel,Hughes,shughesra@cocolog-nifty.com,Brazil,Male,Coxim,Demivee,48365.28,BRL
Carl,Little,clittlerb@macromedia.com,Brazil,Male,Pancas,Cogilith,91520.54,BRL
Joyce,Frazier,jfrazierrc@shop-pro.jp,France,Female,La Tour-du-Pin,Buzzshare,2538.42,EUR
Louis,Russell,lrussellrd@google.es,United States,Male,Tulsa,Omba,6880.73,USD
Lisa,Davis,ldavisre@friendfeed.com,China,Female,Baitang,Babbleblab,90429.39,CNY
Juan,Dunn,jdunnrf@list-manage.com,South Africa,Male,Whittlesea,BlogXS,84675.12,ZAR
Gerald,Kelley,gkelleyrg@tamu.edu,Yemen,Male,Şuwayr,Brainbox,42735.03,YER
Alice,Reed,areedrh@virginia.edu,Greece,Female,Zipárion,Realbuzz,,EUR
Brandon,Chavez,bchavezri@wikipedia.org,Japan,Male,Nishinoomote,Yoveo,8275.68,JPY
Phillip,Oliver,poliverrj@slate.com,China,Male,Banpu,Yabox,23700.14,CNY
Lillian,Gardner,lgardnerrk@newsvine.com,France,Female,Woippy,Mynte,64408.97,EUR
Ruby,Romero,rromerorl@theatlantic.com,Sweden,Female,Linköping,Feedspan,,SEK
Scott,Daniels,sdanielsrm@surveymonkey.com,France,Male,Angoulême,Skimia,8523.79,EUR
Ruth,Matthews,rmatthewsrn@ed.gov,China,Female,Aizhai,Skaboo,72547.91,CNY
Ryan,Schmidt,rschmidtro@japanpost.jp,Vietnam,Male,Tân Trụ,Quire,83868.46,VND
Nicole,Garza,ngarzarp@creativecommons.org,France,Female,Sannois,Demimbu,51769.58,EUR
Mary,Howell,mhowellrq@gizmodo.com,Thailand,Female,Wang Muang,Gabspot,85579.46,THB
Kathleen,Dunn,kdunnrr@jalbum.net,China,Female,Chuntai,Browsetype,88261.91,CNY
