Carolyn,Kennedy,ckennedy0@smh.com.au,Afghanistan,Female,Khafizan,Yakitri,1809.44,AFN
Roy,Porter,rporter1@amazon.com,Venezuela,Male,Bailadores,Vipe,,VEF
Rose,Ferguson,rferguson2@house.gov,United States,Female,Asheville,Babblestorm,76405.94,USD
Stephanie,Harper,sharper3@linkedin.com,Iran,Female,Bābol,Yabox,20764.02,IRR
Barbara,Boyd,bboyd4@photobucket.com,Argentina,Female,Fray Luis A. Beltrán,Shufflebeat,,ARS
Juan,Weaver,jweaver5@geocities.com,China,Male,Liangzeng,Edgepulse,32339.66,CNY
Ernest,Jenkins,ejenkins6@adobe.com,Russia,Male,Zuyevka,Edgeclub,12229.69,RUB
Patrick,Stevens,pstevens7@reddit.com,Belarus,Male,Lyntupy,Mudo,71975.11,BYR
Antonio,Shaw,ashaw8@woothemes.com,Brazil,Male,Itapaci,Twiyo,66183.33,BRL
Roy,Franklin,rfranklin9@artisteer.com,Czech Republic,Male,Velké Svatoňovice,Wikizz,42154.41,CZK
Mildred,Hicks,mhicksa@hubpages.com,Brazil,Female,Lençóis Paulista,Vitz,,BRL
Andrea,Peters,apetersb@latimes.com,Pakistan,Female,Barishāl,Youspan,59627.41,PKR
Harry,Thomas,hthomasc@stumbleupon.com,Indonesia,Male,Weetombo,Skimia,14323.17,IDR
Scott,Garza,sgarzad@prweb.com,Portugal,Male,Custóias,Vipe,72707.57,EUR
Victor,Hamilton,vhamiltone@jugem.jp,China,Male,Hexi,Skinder,19336.41,CNY
Bobby,Fernandez,bfernandezf@printfriendly.com,Argentina,Male,Coronel Suárez,Flipstorm,34853.89,ARS
Tammy,Hansen,thanseng@disqus.com,France,Female,Angers,Yodo,28888.84,EUR
Cynthia,Owens,cowensh@mashable.com,China,Female,Beigao,LiveZ,95104.43,CNY
Jean,Fields,jfieldsi@tmall.com,China,Female,Huashan,Devbug,20812.83,CNY
Lillian,Howell,lhowellj@umn.edu,China,Female,Gouping,Eire,93941.76,CNY
Alan,Fernandez,afernandezk@vkontakte.ru,Yemen,Male,Al Tuḩaytā’,Mynte,45030.23,YER
Robin,Sullivan,rsullivanl@eepurl.com,United States,Female,Tucson,Meevee,5719.89,USD
Annie,Meyer,ameyerm@php.net,Sweden,Female,Nybro,Skinix,54860.35,SEK
Julia,Oliver,jolivern@privacy.gov.au,China,Female,Dali,Mita,3849.12,CNY
Larry,Evans,levanso@ox.ac.uk,France,Male,Futuroscope,Gigazoom,,EUR
Jennifer,Kelly,jkellyp@guardian.co.uk,Mexico,Female,La Esperanza,Meejo,2755.13,MXN
Clarence,Marshall,cmarshallq@ucla.edu,France,Male,Brétigny-sur-Orge,Topiclounge,92427.19,EUR
Margaret,Garcia,mgarciar@wordpress.org,Philippines,Female,Rimus,Fadeo,30136.18,PHP
Sandra,Brooks,sbrookss@google.cn,Czech Republic,Female,Valdice,Browsebug,95459.79,CZK
Sara,Cox,scoxt@sina.com.cn,Japan,Female,Tochigi,Edgewire,55629.51,JPY
Todd,Hill,thillu@yellowbook.com,Japan,Male,Ojiya,Buzzbean,84971.62,JPY
Walter,Watson,wwatsonv@cornell.edu,Indonesia,Male,Darmasari,Zoombeat,58892.29,IDR
Patrick,Kennedy,pkennedyw@paypal.com,China,Male,Jiangfeng,Fiveclub,,CNY
Kimberly,Watkins,kwatkinsx@umich.edu,Malaysia,Female,Seremban,Wordpedia,13412.55,MYR
Joyce,Lee,jleey@epa.gov,United States,Female,Boise,Dabvine,96590.72,USD
Catherine,Lee,cleez@kickstarter.com,Azerbaijan,Female,Aghsu,Wordtune,71997.93,AZN
Victor,Holmes,vholmes10@liveinternet.ru,Ukraine,Male,Kornyn,Babbleset,12937.26,UAH
Aaron,Warren,awarren11@cloudflare.com,Albania,Male,Kushovë,Kare,20572.70,ALL
William,Chavez,wchavez12@weather.com,Panama,Male,Los Santos,Jaxnation,40042.36,PAB
Wanda,Price,wprice13@google.com.au,Thailand,Female,Hua Sai,Tanoodle,27752.59,THB
Karen,Ford,kford14@usda.gov,Brazil,Female,Rio Formoso,Youspan,4550.03,BRL
Terry,Sanchez,tsanchez15@1688.com,Syria,Male,Az Zarbah,Quatz,,SYP
Diane,Reid,dreid16@kickstarter.com,Indonesia,Female,Laau,Chatterbridge,63636.82,IDR
Joyce,Gilbert,jgilbert17@bloglovin.com,China,Female,Boshan,Kaymbo,53928.51,CNY
Craig,Garcia,cgarcia18@phpbb.com,Tonga,Male,Haveluloto,Tanoodle,80939.23,TOP
Earl,Moreno,emoreno19@tamu.edu,Indonesia,Male,Bunigeulis,Skinte,57054.27,IDR
Brandon,Lopez,blopez1a@usnews.com,Poland,Male,Zaklików,Shufflebeat,69453.42,PLN
Kathleen,Peterson,kpeterson1b@pbs.org,Russia,Female,Novokhovrino,Mudo,40544.42,RUB
Joshua,Stephens,jstephens1c@joomla.org,China,Male,Shaoyang,Roodel,26990.99,CNY
George,Matthews,gmatthews1d@taobao.com,United States,Male,New Orleans,Fatz,6066.51,USD
Joshua,Garza,jgarza1e@nps.gov,Czech Republic,Male,Vacenovice,Demizz,30794.55,CZK
Henry,Perry,hperry1f@facebook.com,Indonesia,Male,Krajan Gajahmati,Eayo,70757.70,IDR
Virginia,Evans,vevans1g@ed.gov,Brazil,Female,Itapira,Topicware,,BRL
Julia,Nelson,jnelson1h@oakley.com,Finland,Female,Ylöjärvi,Kaymbo,,EUR
Brian,Banks,bbanks1i@tripod.com,Slovenia,Male,Pesnica pri Mariboru,Zooxo,19285.00,EUR
Pamela,Ross,pross1j@businesswire.com,Indonesia,Female,Pakel,Gabspot,69209.06,IDR
Joe,Gutierrez,jgutierrez1k@example.com,China,Male,Duli,Topiczoom,65422.32,CNY
Tina,Meyer,tmeyer1l@amazon.de,Indonesia,Female,Tanahedang,Ooba,90764.89,IDR
Jesse,Shaw,jshaw1m@yahoo.co.jp,China,Male,Panjing,Cogidoo,28443.97,CNY
Charles,Sanchez,csanchez1n@nytimes.com,Palestinian Territory,Male,Sīrīs,Voonix,25350.26,ILS
Ronald,Robertson,rrobertson1o@hatena.ne.jp,China,Male,Shifo,Mydo,82768.59,CNY
Christopher,Austin,caustin1p@exblog.jp,Morocco,Male,Kasba Tadla,Yabox,53255.18,MAD
Alan,Collins,acollins1q@google.nl,Indonesia,Male,Kotingnatagete,Jazzy,32808.94,IDR
Gloria,Cooper,gcooper1r@un.org,Costa Rica,Female,Guadalupe,Linkbuzz,68887.22,CRC
Stephanie,Watkins,swatkins1s@dmoz.org,Sweden,Female,Stockholm,Abatz,21401.35,SEK
Antonio,Jordan,ajordan1t@eventbrite.com,Indonesia,Male,Bangilan,Abatz,96409.35,IDR
Anne,Richardson,arichardson1u@vkontakte.ru,China,Female,Fujia,Layo,6297.78,CNY
Debra,Wallace,dwallace1v@bloomberg.com,China,Female,Nianqiao,Skimia,48637.35,CNY
Deborah,Grant,dgrant1w@domainmarket.com,Indonesia,Female,Tanahwurung,Brainbox,68182.37,IDR
Gary,Parker,gparker1x@ocn.ne.jp,China,Male,Tangkeng,Demimbu,56190.76,CNY
Katherine,Freeman,kfreeman1y@phpbb.com,China,Female,Jundian,Vinte,70843.79,CNY
Lori,Harvey,lharvey1z@multiply.com,China,Female,Runsonglaozhai,Voonix,1014.45,CNY
Judith,Fox,jfox20@devhub.com,Sweden,Female,Ludvika,Muxo,91090.70,SEK
Robert,Morrison,rmorrison21@telegraph.co.uk,Philippines,Male,Tran,Zoomdog,4130.25,PHP
Douglas,Andrews,dandrews22@ustream.tv,China,Male,Buliu,Browsedrive,59398.63,CNY
Walter,Sanders,wsanders23@pagesperso-orange.fr,Croatia,Male,Makarska,Tagpad,,HRK
Alice,Ross,aross24@furl.net,Luxembourg,Female,Berdorf,Jayo,28859.74,EUR
Adam,Lawrence,alawrence25@sfgate.com,United States,Male,Grand Forks,Quatz,53464.02,USD
Bobby,Gray,bgray26@odnoklassniki.ru,Thailand,Male,Ban Phan Don,InnoZ,7909.69,THB
Mary,Crawford,mcrawford27@opera.com,Czech Republic,Female,Moravský Písek,Meetz,87445.01,CZK
Sharon,Cooper,scooper28@disqus.com,China,Female,Hongtang,Avaveo,7222.42,CNY
Kathryn,Gardner,kgardner29@abc.net.au,China,Female,Jianjiang,InnoZ,,CNY
Kenneth,Stanley,kstanley2a@earthlink.net,China,Male,Shaba,Voomm,97638.92,CNY
Louise,Morrison,lmorrison2b@nature.com,Russia,Female,Pervomayskoye,Thoughtbeat,87053.03,RUB
Michael,Stewart,mstewart2c@wiley.com,Russia,Male,Kipen’,Fivebridge,90341.70,RUB
Daniel,Ferguson,dferguson2d@fema.gov,Brazil,Male,Cabrobó,Linklinks,13539.09,BRL
Ruth,Greene,rgreene2e@va.gov,China,Female,Huaniao,Quimm,27735.66,CNY
Johnny,Henderson,jhenderson2f@mail.ru,Philippines,Male,Cervantes,Wikizz,26580.69,PHP
Heather,Watkins,hwatkins2g@stumbleupon.com,Ethiopia,Female,Metu,Yakijo,27203.75,ETB
Benjamin,Cox,bcox2h@ucla.edu,Poland,Male,Przytyk,Youfeed,45608.18,PLN
Barbara,Stewart,bstewart2i@pinterest.com,Indonesia,Female,Nagrog,Topiczoom,974.77,IDR
Jeffrey,Flores,jflores2j@plala.or.jp,Iraq,Male,Ad Dujayl,Riffpath,,IQD
Johnny,Morales,jmorales2k@npr.org,Russia,Male,Yasnogorsk,Wikido,95411.03,RUB
Gloria,Rose,grose2l@bbb.org,Egypt,Female,Al Fashn,Buzzshare,52118.04,EGP
Charles,Gonzalez,cgonzalez2m@statcounter.com,Russia,Male,Kikerino,Youspan,46945.29,RUB
Joseph,Hill,jhill2n@cafepress.com,Papua New Guinea,Male,Kavieng,Camimbo,98047.44,PGK
Richard,Olson,rolson2o@moonfruit.com,Latvia,Male,Naukšēni,Zoomlounge,6742.53,EUR
Carol,Howard,choward2p@ifeng.com,China,Female,Shatoujiao,Dazzlesphere,,CNY
Earl,Scott,escott2q@furl.net,Croatia,Male,Slunj,Agivu,82273.38,HRK
Henry,Fields,hfields2r@tumblr.com,Indonesia,Male,Karangtengah,Latz,93009.58,IDR
Peter,Cole,pcole2s@php.net,Bulgaria,Male,Cherven Bryag,Skaboo,40924.11,BGN
Denise,Morris,dmorris2t@webeden.co.uk,France,Female,Bobigny,Voonte,78494.91,EUR
Beverly,Riley,briley2u@vinaora.com,China,Female,Dazhongzhuang,Skivee,79644.32,CNY
Benjamin,Morris,bmorris2v@alexa.com,Russia,Male,Podgorenskiy,Aimbo,2996.77,RUB
Walter,Ellis,wellis2w@hc360.com,China,Male,Tangzang,Fanoodle,12344.90,CNY
Cheryl,Lawson,clawson2x@amazon.de,United States,Female,Santa Barbara,Quatz,47834.90,USD
Todd,Watson,twatson2y@jimdo.com,Indonesia,Male,Tuwa,Zazio,82351.69,IDR
Dennis,Ward,dward2z@deliciousdays.com,Greece,Male,Lefkímmi,Yambee,57155.88,EUR
Barbara,Gutierrez,bgutierrez30@gov.uk,Peru,Female,Socos,Skyvu,87261.35,PEN
Annie,Kennedy,akennedy31@example.com,France,Female,Rodez,Innojam,,EUR
Michael,Day,mday32@furl.net,Argentina,Male,Diamante,Yambee,69258.84,ARS
Angela,Stone,astone33@livejournal.com,Czech Republic,Female,Poříčany,Aimbu,71600.22,CZK
Lawrence,Marshall,lmarshall34@timesonline.co.uk,United States,Male,Harrisburg,Quinu,15921.21,USD
Brandon,Diaz,bdiaz35@dailymotion.com,China,Male,Liuzhi,Fliptune,64752.47,CNY
Kathy,Anderson,kanderson36@mlb.com,France,Female,La Rochelle,Dabfeed,,EUR
Juan,Hudson,jhudson37@npr.org,United States,Male,Santa Cruz,Dynabox,76493.99,USD
Stephen,Ruiz,sruiz38@usatoday.com,China,Male,Zhengyangshan,Meevee,95922.90,CNY
Phyllis,Hunter,phunter39@china.com.cn,Portugal,Female,Guia,Tazzy,83448.43,EUR
Henry,Long,hlong3a@wunderground.com,Philippines,Male,Ibaan,Gabvine,97086.24,PHP
Emily,Banks,ebanks3b@biglobe.ne.jp,Panama,Female,Potrerillos Arriba,Fanoodle,83452.75,PAB
Angela,Reynolds,areynolds3c@intel.com,Indonesia,Female,Cipaku,Trunyx,9937.14,IDR
Howard,Mcdonald,hmcdonald3d@posterous.com,Russia,Male,Nema,Babbleopia,76743.45,RUB
Marilyn,Thomas,mthomas3e@msn.com,Poland,Female,Prostki,Kanoodle,,PLN
Lawrence,Martinez,lmartinez3f@telegraph.co.uk,Canada,Male,Kingston,Dabshots,,CAD
Cheryl,Tucker,ctucker3g@nymag.com,Argentina,Female,Hermoso Campo,Flipopia,20599.89,ARS
Joyce,Andrews,jandrews3h@economist.com,Portugal,Female,Azurva,Youtags,27410.14,EUR
Bobby,Rice,brice3i@fotki.com,China,Male,Lab,Geba,98931.36,CNY
Teresa,Simmons,tsimmons3j@kickstarter.com,China,Female,Yangba,Cogibox,46309.11,CNY
Elizabeth,Mills,emills3k@parallels.com,Philippines,Female,Balangkayan,Ntag,45298.35,PHP
Sara,Griffin,sgriffin3l@psu.edu,China,Female,Changmaoling,Tagopia,70291.36,CNY
Charles,Garza,cgarza3m@princeton.edu,Croatia,Male,Lučko,Wordtune,55974.02,HRK
Justin,Lawrence,jlawrence3n@upenn.edu,Thailand,Male,Tak Bai,Topiczoom,,THB
Shawn,Porter,sporter3o@slideshare.net,China,Male,Yangxu,Browsebug,4572.99,CNY
Christine,Castillo,ccastillo3p@arizona.edu,Peru,Female,Macari,Jabbersphere,8825.06,PEN
Bonnie,Ramirez,bramirez3q@dmoz.org,Sweden,Female,Sollebrunn,Trilith,17074.73,SEK
Harold,Garcia,hgarcia3r@vkontakte.ru,Laos,Male,Ban Nahin,Aibox,98707.38,LAK
Norma,Griffin,ngriffin3s@latimes.com,Russia,Female,Ilek,Bubblemix,,RUB
John,Richardson,jrichardson3t@addthis.com,Argentina,Male,Crespo,Rhybox,38636.93,ARS
Lori,Wagner,lwagner3u@topsy.com,Ukraine,Female,Ovruch,Buzzdog,24632.88,UAH
Carolyn,Green,cgreen3v@sourceforge.net,South Africa,Female,Phuthaditjhaba,Viva,,ZAR
Ashley,Brown,abrown3w@yelp.com,Indonesia,Female,Krajan Selatan,Oloo,96034.94,IDR
Ann,Romero,aromero3x@techcrunch.com,China,Female,Heishui,Jazzy,60422.03,CNY
Norma,Lawrence,nlawrence3y@vkontakte.ru,Mozambique,Female,Manhiça,Geba,31986.09,MZN
Lori,Reed,lreed3z@ow.ly,Indonesia,Female,Sukadana Selatan,Dynazzy,81904.91,IDR
Tina,Sanders,tsanders40@mapy.cz,Indonesia,Female,Kebon,Devpulse,26133.66,IDR
Jesse,Rodriguez,jrodriguez41@miitbeian.gov.cn,France,Male,Colmar,Kwilith,,EUR
Sarah,Coleman,scoleman42@comsenz.com,Philippines,Female,Bakulong,Plambee,67353.37,PHP
Janice,Ryan,jryan43@creativecommons.org,China,Female,Banzhong,Skipfire,15986.91,CNY
Mildred,Hall,mhall44@wikipedia.org,Russia,Female,Novokayakent,Photobug,63165.48,RUB
Phillip,Black,pblack45@boston.com,China,Male,Nanzhihui,Gigaclub,97997.04,CNY
Virginia,Green,vgreen46@adobe.com,Philippines,Female,Pancol,Realblab,16621.07,PHP
Kelly,Jordan,kjordan47@cbsnews.com,China,Female,Hayan Hudong,Browseblab,8123.45,CNY
Raymond,Richards,rrichards48@prlog.org,Latvia,Male,Limbaži,Jamia,21051.46,EUR
Ronald,Moore,rmoore49@deviantart.com,China,Male,Dashahe,Aimbo,58643.74,CNY
Scott,Lane,slane4a@wisc.edu,Greece,Male,Palaiópyrgos,Photospace,49538.88,EUR
Barbara,Brown,bbrown4b@intel.com,China,Female,Chenzhuang,Demizz,83954.56,CNY
Diane,Wilson,dwilson4c@narod.ru,Brazil,Female,Bagé,BlogXS,4816.22,BRL
George,Foster,gfoster4d@acquirethisname.com,Philippines,Male,Urdaneta,Edgeclub,95818.74,PHP
Roy,Lane,rlane4e@rambler.ru,Indonesia,Male,Asan Kumbang,Thoughtbridge,21122.77,IDR
Tina,Lynch,tlynch4f@engadget.com,Indonesia,Female,Gayam,Gabvine,,IDR
James,Chavez,jchavez4g@usda.gov,Malta,Male,Mqabba,Myworks,21625.26,EUR
Ruby,Anderson,randerson4h@dagondesign.com,Nicaragua,Female,San José de los Remates,Aimbu,48470.95,NIO
Phyllis,Lewis,plewis4i@creativecommons.org,Japan,Female,Kitaibaraki,Tagfeed,,JPY
Jose,Richardson,jrichardson4j@springer.com,China,Male,Yebaishou,Youspan,38007.98,CNY
Shirley,Ramirez,sramirez4k@rediff.com,China,Female,Shangzhuang,Dabfeed,87707.26,CNY
Kathleen,Armstrong,karmstrong4l@ox.ac.uk,Brazil,Female,Gurupi,Thoughtmix,63145.41,BRL
Janice,Smith,jsmith4m@psu.edu,Indonesia,Female,Kembangkerang Lauk Timur,Yata,13761.05,IDR
Jimmy,Mendoza,jmendoza4n@ameblo.jp,China,Male,Zhangbei,Kazio,86097.22,CNY
Gregory,Cox,gcox4o@opera.com,Portugal,Male,Gaula,Edgeblab,46165.21,EUR
Carol,Mitchell,cmitchell4p@delicious.com,China,Female,Gangtun,Bubblebox,46820.83,CNY
Steve,Russell,srussell4q@nydailynews.com,Sweden,Male,Helsingborg,Thoughtblab,91234.82,SEK
Evelyn,Moore,emoore4r@toplist.cz,Armenia,Female,Saratak,Babbleset,17457.08,AMD
Laura,George,lgeorge4s@bing.com,Portugal,Female,Alfeizerão,Photobean,45040.98,EUR
Gregory,Fisher,gfisher4t@apple.com,China,Male,Hetou,Janyx,59230.99,CNY
Donna,Adams,dadams4u@usda.gov,United States,Female,Dallas,JumpXS,,USD
Helen,Coleman,hcoleman4v@disqus.com,Ecuador,Female,Otavalo,Devcast,68273.27,USD
Carolyn,James,cjames4w@washington.edu,Dominican Republic,Female,Pedro García,Lajo,64627.57,DOP
Annie,Carroll,acarroll4x@discovery.com,Palestinian Territory,Female,Al Lubban al Gharbī,Aivee,83278.10,ILS
Bonnie,Black,bblack4y@blog.com,United States,Female,Springfield,Wordtune,55358.41,USD
Benjamin,Diaz,bdiaz4z@mozilla.com,Indonesia,Male,Dinjo,Skilith,80081.67,IDR
John,Wallace,jwallace50@cbslocal.com,Norway,Male,Oslo,Oozz,19109.04,NOK
Jonathan,Willis,jwillis51@theatlantic.com,New Zealand,Male,Ngunguru,Mymm,11354.05,NZD
Arthur,Richardson,arichardson52@163.com,China,Male,Xiying,Tazzy,34970.52,CNY
Helen,Green,hgreen53@usa.gov,Costa Rica,Female,Matina,Skyble,89600.94,CRC
Lisa,Armstrong,larmstrong54@loc.gov,Vietnam,Female,Thành Phố Thái Bình,Photobean,26314.95,VND
Jose,Fernandez,jfernandez55@shop-pro.jp,Japan,Male,Shiogama,Mita,75412.57,JPY
Shirley,Dixon,sdixon56@ycombinator.com,Russia,Female,Solnechnyy,Innotype,,RUB
Andrew,Weaver,aweaver57@independent.co.uk,China,Male,Alakak,Zoomcast,99324.57,CNY
Joan,Davis,jdavis58@amazon.de,Honduras,Female,El Progreso,Skilith,61515.73,HNL
Terry,Campbell,tcampbell59@unesco.org,Myanmar,Male,Shwebo,Livetube,81137.30,MMK
Eric,Stephens,estephens5a@eepurl.com,China,Male,Ping’an,Ozu,16518.27,CNY
Jerry,Wagner,jwagner5b@icq.com,China,Male,Xianghu,Mudo,89879.85,CNY
Russell,Kelly,rkelly5c@cafepress.com,Armenia,Male,Ararat,Dablist,,AMD
Craig,Young,cyoung5d@spotify.com,China,Male,Chengtang,Zoomdog,32126.73,CNY
Teresa,Flores,tflores5e@discuz.net,Russia,Female,Surazh,Yakitri,98679.32,RUB
Cynthia,Fox,cfox5f@cnbc.com,Libya,Female,Waddān,Gevee,,LYD
Bonnie,Welch,bwelch5g@opensource.org,Philippines,Female,Gines-Patay,Skiptube,80338.41,PHP
Carl,Jordan,cjordan5h@themeforest.net,Russia,Male,Cheremshan,Meevee,2963.18,RUB
Annie,Fernandez,afernandez5i@w3.org,Philippines,Female,Prado Siongco,Kimia,88156.42,PHP
Billy,Owens,bowens5j@zdnet.com,China,Male,Dongdai,Tazzy,78615.32,CNY
Evelyn,Barnes,ebarnes5k@google.cn,Panama,Female,Aguadulce,Eazzy,36171.34,PAB
Beverly,Rogers,brogers5l@networksolutions.com,Brazil,Female,Brumado,Voonyx,,BRL
Sarah,Kelly,skelly5m@globo.com,Morocco,Female,Telouet,Twitterbridge,70704.14,MAD
Carolyn,Murphy,cmurphy5n@naver.com,Mali,Female,Yélimané,Jabbercube,44683.08,XOF
Benjamin,Meyer,bmeyer5o@paginegialle.it,Indonesia,Male,Tenjolaya,Twitterbeat,30575.97,IDR
Lawrence,Welch,lwelch5p@irs.gov,Brazil,Male,Iturama,Blogtags,14781.28,BRL
Arthur,Romero,aromero5q@sfgate.com,Indonesia,Male,Bulupayung,Aimbo,6279.00,IDR
Maria,Sanders,msanders5r@google.fr,Colombia,Female,Paipa,Skipfire,36710.93,COP
Douglas,Ruiz,druiz5s@ebay.co.uk,Indonesia,Male,Karangkancana,Eadel,60739.69,IDR
Sandra,Robertson,srobertson5t@miibeian.gov.cn,Indonesia,Female,Pante Raja,Mynte,35254.60,IDR
Clarence,Allen,callen5u@histats.com,Malaysia,Male,Putrajaya,Photobean,76196.95,MYR
Mildred,Boyd,mboyd5v@odnoklassniki.ru,France,Female,Clermont-Ferrand,Topicware,67614.25,EUR
Shawn,Wagner,swagner5w@wix.com,Indonesia,Male,Busalangga,Jatri,23756.88,IDR
Adam,Williamson,awilliamson5x@tinypic.com,China,Male,Yanglang,Realbuzz,,CNY
Martha,Mitchell,mmitchell5y@webeden.co.uk,Libya,Female,Zalţan,Tazzy,,LYD
Aaron,Andrews,aandrews5z@noaa.gov,China,Male,Caqu,Midel,28974.53,CNY
Todd,Murphy,tmurphy60@tinypic.com,Russia,Male,Dzhebariki-Khaya,Youopia,77415.68,RUB
Brian,Bennett,bbennett61@addthis.com,Indonesia,Male,Sukacai Tengah,Skimia,82579.23,IDR
Phyllis,Fuller,pfuller62@exblog.jp,Indonesia,Female,Mangge,Jaloo,94939.90,IDR
Jason,Chavez,jchavez63@imdb.com,Malaysia,Male,Putrajaya,Demimbu,,MYR
Judy,Crawford,jcrawford64@npr.org,Indonesia,Female,Lengkongsari,Centimia,29045.51,IDR
Roger,Watkins,rwatkins65@moonfruit.com,Ukraine,Male,Serednye Vodyane,Rhybox,77650.92,UAH
Roy,Mendoza,rmendoza66@foxnews.com,Guatemala,Male,Ostuncalco,Yakitri,68053.25,GTQ
Jack,Burton,jburton67@chron.com,Argentina,Male,Carhué,Thoughtsphere,7686.71,ARS
Ralph,Romero,rromero68@bbb.org,Philippines,Male,Saaban,Eazzy,53779.79,PHP
Sarah,Nichols,snichols69@mysql.com,Honduras,Female,Copán,Fatz,7353.86,HNL
Rebecca,Scott,rscott6a@pcworld.com,Palestinian Territory,Female,Şānūr,Oyondu,27327.53,ILS
Mary,Marshall,mmarshall6b@ft.com,Indonesia,Female,Cimaung Kidul,Yodo,48958.37,IDR
Antonio,Collins,acollins6c@ocn.ne.jp,China,Male,Dahe,Jabberbean,22485.82,CNY
Karen,Howell,khowell6d@businessweek.com,China,Female,Anren,Yakitri,57896.61,CNY
Christopher,Hill,chill6e@blogs.com,Indonesia,Male,Karipidita,Skimia,46537.98,IDR
Beverly,Cook,bcook6f@wikipedia.org,Greece,Female,Néa Éfesos,Fivespan,61562.07,EUR
Raymond,Mccoy,rmccoy6g@wix.com,Japan,Male,Kashihara,Zoombox,18658.36,JPY
Bonnie,Flores,bflores6h@indiatimes.com,Indonesia,Female,Jatisari,Pixope,,IDR
Craig,Mitchell,cmitchell6i@walmart.com,China,Male,Fengmu,Yozio,53406.17,CNY
Aaron,Gomez,agomez6j@cbslocal.com,Philippines,Male,Malitubog,Mycat,36681.05,PHP
Ashley,Payne,apayne6k@drupal.org,Indonesia,Female,Banyubang,Chatterbridge,17794.88,IDR
Betty,Garrett,bgarrett6l@photobucket.com,Costa Rica,Female,Guápiles,Brainsphere,10480.48,CRC
Stephen,Wood,swood6m@is.gd,Japan,Male,Yoshii,Shufflester,,JPY
Betty,Burke,bburke6n@purevolume.com,Russia,Female,Sosnovoborsk,Twimm,13562.20,RUB
Johnny,Cooper,jcooper6o@un.org,China,Male,Xiushi,Twimm,96540.62,CNY
Bobby,Murphy,bmurphy6p@epa.gov,Tanzania,Male,Mahuta,Viva,17413.69,TZS
Jack,Stevens,jstevens6q@edublogs.org,China,Male,Bao’an,Avavee,34771.50,CNY
Stephen,Watkins,swatkins6r@bing.com,Philippines,Male,Guisijan,Skyble,94363.81,PHP
Stephanie,Warren,swarren6s@senate.gov,Peru,Female,Chocope,Riffwire,23044.65,PEN
William,Garza,wgarza6t@java.com,Philippines,Male,Solana,Oloo,85662.77,PHP
Scott,Fox,sfox6u@state.tx.us,Albania,Male,Çepan,Trilith,94594.41,ALL
Donald,Hill,dhill6v@ft.com,Uganda,Male,Gombe,Devbug,35133.29,UGX
Adam,Martinez,amartinez6w@over-blog.com,China,Male,Liangzeng,Thoughtstorm,34111.55,CNY
Betty,Simpson,bsimpson6x@cmu.edu,Japan,Female,Yōkaichiba,Divavu,2028.13,JPY
Louis,Rivera,lrivera6y@cmu.edu,Burkina Faso,Male,Sindou,Tagfeed,73405.84,XOF
Virginia,Miller,vmiller6z@last.fm,Nigeria,Female,Igboho,Skimia,56961.67,NGN
Kevin,Carpenter,kcarpenter70@cbc.ca,Canada,Male,Lavaltrie,Voonix,27914.94,CAD
Margaret,Murray,mmurray71@economist.com,Kazakhstan,Female,Oral,Eimbee,,KZT
John,Bailey,jbailey72@hostgator.com,Indonesia,Male,Cibungur,Flashset,,IDR
Joe,Bowman,jbowman73@hao123.com,South Africa,Male,Prince Albert,Demizz,8695.22,ZAR
Fred,Stone,fstone74@patch.com,Israel,Male,Qesarya,Youtags,48091.37,ILS
Norma,Medina,nmedina75@dedecms.com,Poland,Female,Gozdowo,Linklinks,86783.34,PLN
Justin,Clark,jclark76@surveymonkey.com,Ukraine,Male,Zolochiv,Brainbox,94468.60,UAH
Diane,Tucker,dtucker77@answers.com,Czech Republic,Female,Žitenice,Yakidoo,,CZK
Catherine,Ramirez,cramirez78@time.com,Canada,Female,Moose Jaw,Tagchat,48513.39,CAD
Kathryn,Bell,kbell79@domainmarket.com,China,Female,Jinan,Skinix,56573.70,CNY
Louis,Gilbert,lgilbert7a@issuu.com,China,Male,Ya’erya,Realpoint,12158.08,CNY
Henry,Hicks,hhicks7b@disqus.com,Vietnam,Male,Bù Đốp,Minyx,75046.40,VND
Cheryl,Burton,cburton7c@spotify.com,Tajikistan,Female,Adrasmon,Quatz,43199.24,TJS
Beverly,Torres,btorres7d@imageshack.us,Portugal,Female,Guifões,Oyoba,67207.64,EUR
Lisa,Hunter,lhunter7e@mashable.com,Philippines,Female,Tanjay,Izio,93945.68,PHP
Louis,Palmer,lpalmer7f@nhs.uk,China,Male,Hetoudian,Tagfeed,20309.04,CNY
Mildred,Brooks,mbrooks7g@canalblog.com,Argentina,Female,Santiago del Estero,Wikivu,65772.30,ARS
Terry,Parker,tparker7h@flavors.me,Philippines,Male,Nambalan,Photobug,1325.86,PHP
Gloria,Brown,gbrown7i@vistaprint.com,France,Female,Arras,Eidel,87089.06,EUR
Dennis,Lee,dlee7j@ed.gov,France,Male,Marmande,Oloo,,EUR
Craig,Spencer,cspencer7k@symantec.com,Russia,Male,Klyuchevsk,Twinder,57561.87,RUB
Ruth,Sims,rsims7l@dailymotion.com,Brazil,Female,Tietê,Muxo,26120.44,BRL
Wanda,Armstrong,warmstrong7m@reference.com,Indonesia,Female,Cemplang,Skipstorm,70424.77,IDR
Ruby,Oliver,roliver7n@purevolume.com,Russia,Female,Kamensk-Shakhtinskiy,Quimm,41327.07,RUB
Steve,Stone,sstone7o@usda.gov,Ukraine,Male,Vyzhnytsya,Leenti,6436.51,UAH
Lillian,Griffin,lgriffin7p@economist.com,Indonesia,Female,Ngampon,Trunyx,82295.54,IDR
Amanda,Thomas,athomas7q@51.la,Honduras,Female,Nombre de Jesús,Skyble,82612.00,HNL
Todd,Sullivan,tsullivan7r@wordpress.org,Brazil,Male,Caxambu,Cogibox,47497.53,BRL
Adam,Ross,aross7s@dropbox.com,China,Male,Caohezhang,Brainbox,60604.29,CNY
Doris,Lawrence,dlawrence7t@home.pl,China,Female,Nanyang,Vipe,99684.12,CNY
Jimmy,Burns,jburns7u@ox.ac.uk,Brazil,Male,Floriano,Avavee,,BRL
Daniel,Martinez,dmartinez7v@goo.ne.jp,Portugal,Male,Horta,Flashset,91254.28,EUR
Jean,Collins,jcollins7w@irs.gov,Poland,Female,Koło,Kwimbee,39860.41,PLN
Peter,Andrews,pandrews7x@comsenz.com,China,Male,Chikan,Kazu,,CNY
David,Patterson,dpatterson7y@ocn.ne.jp,Ukraine,Male,Krasyliv,Flipstorm,58423.29,UAH
Timothy,Lawrence,tlawrence7z@homestead.com,Nigeria,Male,Malummaduri,Fivebridge,69326.14,NGN
Anne,Collins,acollins80@simplemachines.org,Palestinian Territory,Female,Quşrah,Gabcube,96648.14,ILS
Wayne,Hernandez,whernandez81@who.int,Philippines,Male,Makiwalo,Brainbox,5378.55,PHP
Louis,Kelly,lkelly82@people.com.cn,France,Male,Golbey,Cogidoo,37108.31,EUR
Shirley,Rogers,srogers83@dagondesign.com,Canada,Female,Bedford,Jetwire,39975.48,CAD
Jane,Henry,jhenry84@nature.com,Portugal,Female,Sebadelhe,Midel,,EUR
John,Davis,jdavis85@issuu.com,China,Male,Xinning,Wikivu,9831.93,CNY
Kimberly,Patterson,kpatterson86@studiopress.com,Brazil,Female,Sarzedo,Tanoodle,97231.53,BRL
Shirley,Hansen,shansen87@hexun.com,Finland,Female,Nickby,Voonix,33749.04,EUR
Billy,Harris,bharris88@unc.edu,Indonesia,Male,Kalapagenep,Rhyzio,84507.52,IDR
Betty,Gilbert,bgilbert89@123-reg.co.uk,United States,Female,Santa Barbara,Plajo,49041.77,USD
Fred,Gomez,fgomez8a@360.cn,Russia,Male,Myski,Kwilith,,RUB
Maria,Harvey,mharvey8b@paginegialle.it,Indonesia,Female,Cikarang,Plajo,56030.59,IDR
Kevin,Hamilton,khamilton8c@weibo.com,Thailand,Male,Rat Burana,Edgeblab,36550.02,THB
Paula,Allen,pallen8d@ifeng.com,Czech Republic,Female,Rosice,Jaxbean,23284.93,CZK
Michael,Morris,mmorris8e@joomla.org,Portugal,Male,Agodim,Thoughtbeat,61091.89,EUR
Christine,Bell,cbell8f@mashable.com,China,Female,Tuqiao,Izio,17894.72,CNY
Gary,Dunn,gdunn8g@barnesandnoble.com,Somalia,Male,Lughaye,Browseblab,45966.12,SOS
Steven,Reid,sreid8h@mail.ru,Philippines,Male,Nato,Agivu,4242.63,PHP
Peter,Larson,plarson8i@github.io,Netherlands,Male,Haarlem,Gabspot,48177.60,EUR
Jessica,Cox,jcox8j@harvard.edu,France,Female,Bourges,Yata,81335.51,EUR
Richard,Palmer,rpalmer8k@bbc.co.uk,Brazil,Male,Aragarças,Wordtune,27341.10,BRL
Teresa,Armstrong,tarmstrong8l@amazon.co.jp,Mexico,Female,San Sebastian,Yodo,88858.73,MXN
Margaret,Hansen,mhansen8m@ebay.com,Angola,Female,Benguela,Buzzshare,26201.49,AOA
Christina,Vasquez,cvasquez8n@scribd.com,Portugal,Female,Casais de Revelhos,Divape,90811.55,EUR
Teresa,Harris,tharris8o@nsw.gov.au,Norway,Female,Sarpsborg,Photobean,15116.97,NOK
Angela,Carter,acarter8p@smh.com.au,Russia,Female,Topchikha,Npath,22720.43,RUB
Kimberly,Stewart,kstewart8q@blogtalkradio.com,Poland,Female,Malanów,Flashspan,27860.23,PLN
Harry,Kennedy,hkennedy8r@forbes.com,Netherlands,Male,Oss,Kwilith,53573.31,EUR
Sandra,Wilson,swilson8s@digg.com,China,Female,Hou’an,Livetube,23554.82,CNY
Frank,Greene,fgreene8t@bravesites.com,Thailand,Male,Mae Chan,Quatz,36667.77,THB
Jose,Gibson,jgibson8u@biblegateway.com,Thailand,Male,Wang Chan,Dabjam,,THB
Andrew,Hall,ahall8v@youtu.be,Greece,Male,Kostakioí,Skyble,17609.07,EUR
Jerry,Woods,jwoods8w@google.pl,Palestinian Territory,Male,Zubūbah,Voonte,9266.32,ILS
Billy,Fisher,bfisher8x@opera.com,Indonesia,Male,Baturaden,Kaymbo,15814.68,IDR
James,Gomez,jgomez8y@infoseek.co.jp,Indonesia,Male,Tinabogan,Yadel,40790.84,IDR
Sharon,Henderson,shenderson8z@devhub.com,China,Female,Shangchewan,Tagopia,14651.59,CNY
Russell,Moreno,rmoreno90@addtoany.com,Philippines,Male,Nampicuan,Tagopia,,PHP
Kathleen,Martin,kmartin91@tinypic.com,Indonesia,Female,Bantawora,Voonyx,47144.58,IDR
Juan,Allen,jallen92@omniture.com,Canada,Male,Cookshire-Eaton,Gigashots,49700.72,CAD
Alan,Montgomery,amontgomery93@livejournal.com,Kazakhstan,Male,Taranovskoye,Buzzshare,61614.59,KZT
Jessica,Riley,jriley94@hibu.com,Honduras,Female,Zamora,Plajo,32523.45,HNL
Walter,Washington,wwashington95@disqus.com,Russia,Male,Lesnoy,Flashset,59716.73,RUB
Dennis,Stewart,dstewart96@ibm.com,United States,Male,Wilmington,Feedspan,43536.03,USD
Steve,Wagner,swagner97@thetimes.co.uk,Philippines,Male,Molave,Skyble,94466.84,PHP
Gregory,Gutierrez,ggutierrez98@ftc.gov,Indonesia,Male,Sumbergedong,Ainyx,90016.60,IDR
Roy,Sanders,rsanders99@taobao.com,Albania,Male,Ujmisht,Skiba,67027.69,ALL
Lisa,Grant,lgrant9a@printfriendly.com,Peru,Female,Végueta,Brainlounge,67454.55,PEN
Robin,Berry,rberry9b@omniture.com,China,Female,Yanglin,Skinte,89422.30,CNY
Craig,Cox,ccox9c@scribd.com,Czech Republic,Male,Vroutek,Dynabox,35902.87,CZK
Jimmy,Hart,jhart9d@unicef.org,Western Sahara,Male,Smara,Edgepulse,77743.99,MAD
Martha,Barnes,mbarnes9e@trellian.com,Portugal,Female,Olhos de Água,Ainyx,64889.79,EUR
Phillip,Cox,pcox9f@cisco.com,Indonesia,Male,Pantenan,Jabbertype,64218.93,IDR
Jose,Lane,jlane9g@ox.ac.uk,Nicaragua,Male,El Almendro,Wikivu,46177.27,NIO
Tammy,Jones,tjones9h@youtube.com,France,Female,Perpignan,Eayo,72878.60,EUR
Terry,Green,tgreen9i@163.com,Tunisia,Male,Banbalah,Shuffledrive,98086.70,TND
Robin,Austin,raustin9j@ezinearticles.com,Indonesia,Female,Wolowona,Zoomzone,46471.75,IDR
Angela,Simpson,asimpson9k@cnbc.com,Togo,Female,Atakpamé,Kwilith,97209.07,XOF
Karen,Sullivan,ksullivan9l@va.gov,Thailand,Female,Mae Sot,Oyoyo,8192.80,THB
John,Cruz,jcruz9m@hp.com,Vietnam,Male,Chợ Chu,Camido,79830.51,VND
Cheryl,Black,cblack9n@1und1.de,Kazakhstan,Female,Kokterek,Photofeed,6296.11,KZT
Beverly,Stewart,bstewart9o@quantcast.com,South Africa,Female,Sundumbili,Abatz,65608.05,ZAR
James,Mills,jmills9p@tinyurl.com,Thailand,Male,Phu Kradueng,Skalith,77591.19,THB
Rebecca,Franklin,rfranklin9q@stumbleupon.com,Nigeria,Female,Yashikera,Einti,10208.45,NGN
Joshua,Ward,jward9r@nba.com,Philippines,Male,Cawayan Bugtong,Zoombeat,13017.55,PHP
Brenda,Bishop,bbishop9s@howstuffworks.com,Mauritius,Female,Dubreuil,Bluejam,,MUR
Jessica,Hernandez,jhernandez9t@usatoday.com,Philippines,Female,Balungao,Jaxworks,81614.51,PHP
Louise,Johnston,ljohnston9u@japanpost.jp,China,Female,Xuebu,Linkbuzz,42251.99,CNY
Martha,Miller,mmiller9v@google.es,Afghanistan,Female,Qarqīn,Einti,,AFN
Judith,Bryant,jbryant9w@dedecms.com,Czech Republic,Female,Benešov,Agivu,57582.35,CZK
Steve,Patterson,spatterson9x@bbb.org,Brazil,Male,São Roque,Voomm,45819.98,BRL
Denise,Grant,dgrant9y@weather.com,Peru,Female,Ñuñoa,Rhyloo,97259.55,PEN
Beverly,Dixon,bdixon9z@ifeng.com,China,Female,Shangyu,Agivu,68036.14,CNY
Lisa,Hawkins,lhawkinsa0@odnoklassniki.ru,Russia,Female,Kratovo,Pixoboo,71140.67,RUB
Jerry,Tucker,jtuckera1@reverbnation.com,Philippines,Male,Santa Fe,Npath,79488.06,PHP
Kelly,Flores,kfloresa2@phoca.cz,Ireland,Female,Cobh,Meembee,19525.04,EUR
Harold,Gray,hgraya3@sphinn.com,Poland,Male,Żywiec,Wordpedia,93206.12,PLN
Cheryl,Simmons,csimmonsa4@biblegateway.com,Ukraine,Female,Shepetivka,Meevee,99275.13,UAH
Todd,Sullivan,tsullivana5@acquirethisname.com,Philippines,Male,Esperanza,Yakitri,75709.95,PHP
Gerald,Rose,grosea6@bbc.co.uk,China,Male,Gaobeijie,Topicstorm,83693.02,CNY
Earl,Vasquez,evasqueza7@tuttocitta.it,Albania,Male,Armen,Eadel,51840.97,ALL
Jason,Adams,jadamsa8@gravatar.com,Kenya,Male,Maralal,Twimm,56043.00,KES
Edward,Garrett,egarretta9@nih.gov,Philippines,Male,Capalonga,Lazzy,30495.69,PHP
Marie,Gardner,mgardneraa@deviantart.com,China,Female,Daying,Riffpath,85840.83,CNY
Douglas,Ortiz,dortizab@craigslist.org,Honduras,Male,Cane,Shufflester,6135.45,HNL
Philip,Austin,paustinac@cbslocal.com,Tanzania,Male,Magole,Pixonyx,,TZS
Albert,Black,ablackad@pinterest.com,China,Male,Wenping,Realblab,4456.17,CNY
Jean,Hunt,jhuntae@ucla.edu,Netherlands,Female,Terneuzen,Rhycero,51528.03,EUR
Matthew,Gray,mgrayaf@angelfire.com,Czech Republic,Male,Mohelnice,Skyba,45593.01,CZK
Mary,Baker,mbakerag@squarespace.com,Indonesia,Female,Cibatuireng,Lazzy,,IDR
Louise,Daniels,ldanielsah@apache.org,Mongolia,Female,Bulgan,Devbug,22492.53,MNT
Julie,Mcdonald,jmcdonaldai@yelp.com,France,Female,Roissy Charles-de-Gaulle,Quatz,84600.60,EUR
Kathy,Hawkins,khawkinsaj@walmart.com,Japan,Female,Yugawara,Meeveo,33246.68,JPY
Carl,Ray,crayak@un.org,Kazakhstan,Male,Kokterek,Edgepulse,87021.30,KZT
Jeremy,Robertson,jrobertsonal@sfgate.com,Panama,Male,Sioguí Abajo,Quinu,85517.20,PAB
Wanda,Collins,wcollinsam@aboutads.info,China,Female,Longhua,Edgeify,,CNY
Norma,Alexander,nalexanderan@infoseek.co.jp,Afghanistan,Female,Qal‘ah-ye Na‘īm,Leenti,81949.12,AFN
Melissa,Owens,mowensao@ebay.co.uk,Norway,Female,Bodø,Leenti,20480.47,NOK
Johnny,Turner,jturnerap@economist.com,China,Male,Shatian,Avaveo,,CNY
Helen,Nguyen,hnguyenaq@unesco.org,China,Female,Hefu,Skiba,86083.94,CNY
Julia,Wells,jwellsar@paypal.com,Finland,Female,Kangaslampi,Shufflester,81433.29,EUR
Mildred,White,mwhiteas@sogou.com,Paraguay,Female,Colonia Neuland,Kaymbo,57429.59,PYG
Bruce,Butler,bbutlerat@tinypic.com,Costa Rica,Male,San Rafael,Gabtune,,CRC
Kathryn,Wood,kwoodau@independent.co.uk,Japan,Female,Iida,Ntag,25209.42,JPY
Jerry,Henderson,jhendersonav@zimbio.com,Philippines,Male,San Celestio,Meeveo,62428.90,PHP
Gregory,Wright,gwrightaw@ted.com,Czech Republic,Male,Újezd,Babbleopia,29578.62,CZK
Fred,Warren,fwarrenax@xing.com,China,Male,Shuishi,Skaboo,67990.81,CNY
Mark,Johnston,mjohnstonay@microsoft.com,China,Male,Piancheng,Brainverse,66233.02,CNY
Anthony,Patterson,apattersonaz@blog.com,Peru,Male,Canta,Jetpulse,84822.00,PEN
Janice,Armstrong,jarmstrongb0@gmpg.org,Indonesia,Female,Werang,Twimm,62223.82,IDR
Lillian,Reynolds,lreynoldsb1@telegraph.co.uk,Greece,Female,Ilioúpoli,Agimba,38235.12,EUR
Alan,Ramos,aramosb2@guardian.co.uk,Argentina,Male,Santiago del Estero,Kimia,34402.09,ARS
Jessica,Bowman,jbowmanb3@wikispaces.com,Croatia,Female,Karlobag,Youopia,41376.57,HRK
Jeremy,Olson,jolsonb4@zimbio.com,Uzbekistan,Male,Manghit,Flipopia,4067.16,UZS
Henry,Anderson,handersonb5@nps.gov,Greece,Male,Skiáthos,Tazz,67674.75,EUR
Russell,Cruz,rcruzb6@miibeian.gov.cn,France,Male,Arles,Fatz,91429.82,EUR
Douglas,Allen,dallenb7@wikia.com,Poland,Male,Augustów,Gabvine,64091.82,PLN
Ruth,Burke,rburkeb8@biglobe.ne.jp,Iraq,Female,Zākhū,Meejo,17723.33,IQD
Julia,Reyes,jreyesb9@squidoo.com,Russia,Female,Chashnikovo,Fivechat,24572.21,RUB
Antonio,Crawford,acrawfordba@de.vu,China,Male,Xianyan,Wikibox,60865.69,CNY
John,Meyer,jmeyerbb@samsung.com,France,Male,Tarbes,Eimbee,46019.48,EUR
Ruby,Tucker,rtuckerbc@naver.com,Peru,Female,Yamango,Devify,50361.43,PEN
Kathleen,Owens,kowensbd@merriam-webster.com,Ireland,Female,Dungloe,Pixope,69761.20,EUR
Sarah,Lane,slanebe@java.com,China,Female,Dangchang Chengguanzhen,Jaxbean,2056.91,CNY
Teresa,Pierce,tpiercebf@hp.com,Indonesia,Female,Lewotola,Rooxo,56983.98,IDR
Brian,Reynolds,breynoldsbg@nymag.com,China,Male,Longquan,Pixoboo,96414.21,CNY
Brenda,Shaw,bshawbh@ed.gov,Germany,Female,Ludwigshafen am Rhein,Meeveo,83029.01,EUR
Evelyn,James,ejamesbi@princeton.edu,China,Female,Caomiao,Mita,27951.64,CNY
Teresa,Morales,tmoralesbj@si.edu,Ireland,Female,Askeaton,Thoughtstorm,55537.69,EUR
Johnny,Morris,jmorrisbk@hatena.ne.jp,Colombia,Male,Manizales,Myworks,18213.40,COP
Rose,Ruiz,rruizbl@cpanel.net,Philippines,Female,Legaspi,Talane,93879.18,PHP
Janice,Mills,jmillsbm@cornell.edu,Mexico,Female,La Palma,Jaxnation,41273.28,MXN
Ronald,Ramirez,rramirezbn@bing.com,Myanmar,Male,Kyaukse,Dynazzy,97235.18,MMK
Sarah,Garza,sgarzabo@pagesperso-orange.fr,Sweden,Female,Linköping,Jabbersphere,82069.17,SEK
Juan,Ross,jrossbp@woothemes.com,Ukraine,Male,Rozivka,Ozu,16113.59,UAH
Betty,Castillo,bcastillobq@ca.gov,Israel,Female,Jerusalem,Brightbean,,ILS
Todd,Spencer,tspencerbr@usatoday.com,Chile,Male,Taltal,Yodel,,CLP
Gloria,Hamilton,ghamiltonbs@rambler.ru,Peru,Female,Huicungo,Aivee,34435.74,PEN
Amy,Rice,aricebt@soup.io,China,Female,Lubei,Divanoodle,46512.43,CNY
Margaret,Meyer,mmeyerbu@shareasale.com,Indonesia,Female,Triwil,Katz,44502.62,IDR
Joseph,Olson,jolsonbv@elegantthemes.com,Portugal,Male,Mem Martins,Zoonoodle,559.79,EUR
Ruth,Murphy,rmurphybw@go.com,Indonesia,Female,Cibalung,Dynabox,47571.28,IDR
Mary,Ross,mrossbx@oakley.com,Philippines,Female,Quinipot,Gabcube,50879.90,PHP
Benjamin,Fisher,bfisherby@joomla.org,China,Male,Lijia,Avavee,5377.95,CNY
Anna,Chavez,achavezbz@prnewswire.com,Japan,Female,Obihiro,Youspan,71860.07,JPY
Sandra,Snyder,ssnyderc0@yellowbook.com,Indonesia,Female,Kudang,Jabberbean,,IDR
Michael,Burke,mburkec1@twitter.com,Honduras,Male,Agalteca,Yakidoo,76122.14,HNL
Martha,Carpenter,mcarpenterc2@icq.com,Poland,Female,Kęty,Jamia,95827.33,PLN
Lori,Lopez,llopezc3@com.com,Indonesia,Female,Kendayakan,Kanoodle,17979.72,IDR
Paula,Lane,planec4@baidu.com,Canada,Female,Powassan,Twimm,1617.07,CAD
Christopher,Marshall,cmarshallc5@rambler.ru,Philippines,Male,Namboongan,Agimba,25389.59,PHP
Andrew,Ray,arayc6@senate.gov,Netherlands,Male,Enschede,Skyble,16702.83,EUR
Debra,Barnes,dbarnesc7@opensource.org,Japan,Female,Sakado,Quaxo,65431.57,JPY
Bobby,Mendoza,bmendozac8@soundcloud.com,China,Male,Xiangdong,Omba,85496.79,CNY
Joyce,Boyd,jboydc9@nymag.com,Philippines,Female,Jagupit,Katz,8955.47,PHP
Jane,Schmidt,jschmidtca@vinaora.com,Japan,Female,Abashiri,Mydo,50767.86,JPY
Lawrence,Sanchez,lsanchezcb@redcross.org,Greece,Male,Palaiomonástiron,Rhyloo,59876.48,EUR
Lori,Cook,lcookcc@networkadvertising.org,Argentina,Female,Embarcación,Twitterworks,8914.47,ARS
Patrick,Lee,pleecd@vinaora.com,China,Male,Litian,Kazu,33171.02,CNY
Jason,Hicks,jhicksce@nps.gov,United States,Male,Los Angeles,Nlounge,,USD
Jimmy,Medina,jmedinacf@yahoo.com,China,Male,Liuji,Yabox,47188.19,CNY
Amy,Jacobs,ajacobscg@github.io,Canada,Female,Stonewall,Yodel,75094.71,CAD
Louis,Martinez,lmartinezch@constantcontact.com,Brazil,Male,Peabiru,Yodel,68943.10,BRL
Amanda,Young,ayoungci@squidoo.com,Poland,Female,Płoniawy-Bramura,Realcube,62913.76,PLN
Randy,Holmes,rholmescj@dropbox.com,Poland,Male,Sokołów Podlaski,Eare,38225.15,PLN
Mildred,Romero,mromerock@sphinn.com,Yemen,Female,Bāqim as Sūq,Ainyx,92427.90,YER
Rebecca,Gibson,rgibsoncl@stanford.edu,Guatemala,Female,Santa Cruz Muluá,Tagopia,89470.69,GTQ
Amy,Reyes,areyescm@opera.com,Portugal,Female,Paraíso,Eazzy,81529.75,EUR
Frank,Cole,fcolecn@geocities.jp,Indonesia,Male,Besah,Twiyo,59619.68,IDR
Evelyn,Patterson,epattersonco@mozilla.com,China,Female,Hongjiang,Kayveo,42724.76,CNY
Alice,Nichols,anicholscp@jigsy.com,Malawi,Female,Chipoka,Zoonder,75678.06,MWK
Dennis,Dixon,ddixoncq@ucsd.edu,France,Male,Châlons-en-Champagne,Quire,68141.15,EUR
Sharon,Carroll,scarrollcr@webs.com,Portugal,Female,Vila Flor,Buzzbean,74700.85,EUR
Emily,Porter,eportercs@diigo.com,Kosovo,Female,Pagaruša,Flashpoint,50392.13,EUR
Gloria,Cox,gcoxct@ft.com,Tanzania,Female,Mwembe,Feedmix,88759.08,TZS
Joe,Mccoy,jmccoycu@ucsd.edu,Russia,Male,Semikarakorsk,Divanoodle,,RUB
Fred,Wheeler,fwheelercv@oracle.com,Indonesia,Male,Poteran,Camimbo,62462.66,IDR
Fred,Gardner,fgardnercw@amazon.co.uk,Poland,Male,Rudka,Ozu,18120.79,PLN
Brenda,Lewis,blewiscx@t.co,Brazil,Female,Rio de Janeiro,Aimbu,46077.98,BRL
Eugene,Bowman,ebowmancy@canalblog.com,Philippines,Male,Carmen,Browsecat,95228.50,PHP
Steven,Phillips,sphillipscz@aol.com,Argentina,Male,Bonpland,Thoughtbridge,5343.79,ARS
Ronald,Hunt,rhuntd0@seesaa.net,Mongolia,Male,Bayshint,Realcube,3679.38,MNT
Jason,Henderson,jhendersond1@hao123.com,China,Male,Houmen,Riffpedia,5721.73,CNY
Eric,Brown,ebrownd2@sourceforge.net,Bulgaria,Male,Gorichevo,Riffpath,73125.08,BGN
Scott,Mccoy,smccoyd3@creativecommons.org,Norway,Male,Askim,Dynava,87066.34,NOK
Judy,Mendoza,jmendozad4@rambler.ru,Canada,Female,Lacolle,Yambee,16712.33,CAD
David,Lawson,dlawsond5@zdnet.com,Portugal,Male,Vila Chã do Monte,Yakitri,92344.45,EUR
Angela,Boyd,aboydd6@t-online.de,Poland,Female,Krzeszów,Myworks,23188.31,PLN
Kenneth,Alexander,kalexanderd7@fda.gov,Kazakhstan,Male,Lisakovsk,Avaveo,84547.53,KZT
Diane,Robertson,drobertsond8@pagesperso-orange.fr,China,Female,Nanjing,Einti,61957.16,CNY
Judy,Patterson,jpattersond9@google.nl,France,Female,Lyon,Browsetype,78943.41,EUR
Nancy,Johnson,njohnsonda@jugem.jp,Philippines,Female,Santo Niño,Ntag,3773.38,PHP
Gloria,Jordan,gjordandb@examiner.com,Czech Republic,Female,Mostek,Voomm,,CZK
Terry,Edwards,tedwardsdc@google.com,New Zealand,Male,Papatowai,Avavee,59409.47,NZD
Larry,Griffin,lgriffindd@usda.gov,Poland,Male,Waśniów,Feedbug,60213.88,PLN
Timothy,Gordon,tgordonde@telegraph.co.uk,Colombia,Male,Corozal,Flipopia,68447.97,COP
Donald,Edwards,dedwardsdf@tumblr.com,Russia,Male,Sigayevo,Wordtune,88173.51,RUB
Kenneth,Holmes,kholmesdg@ftc.gov,Thailand,Male,Betong,Devpulse,51006.33,THB
Ronald,Watson,rwatsondh@microsoft.com,Russia,Male,Fryazino,Pixoboo,,RUB
Andrew,Little,alittledi@opensource.org,Brazil,Male,Penalva,Babbleopia,68176.26,BRL
Antonio,Olson,aolsondj@technorati.com,China,Male,Honglin,Dabjam,72240.00,CNY
Lori,Hughes,lhughesdk@wikispaces.com,Indonesia,Female,Sindangjati,Tazzy,31396.27,IDR
Jason,Harvey,jharveydl@quantcast.com,Georgia,Male,Tsinandali,Quinu,9520.72,GEL
Roger,Hudson,rhudsondm@sciencedaily.com,France,Male,Colmar,Latz,5298.92,EUR
Benjamin,Romero,bromerodn@google.fr,France,Male,Tarascon,Skyndu,96507.40,EUR
James,Porter,jporterdo@vkontakte.ru,China,Male,Yaqian,Ainyx,96777.76,CNY
Andrea,Porter,aporterdp@yellowbook.com,Senegal,Female,Nguékhokh,Zoonder,29531.14,XOF
Jose,Scott,jscottdq@slashdot.org,France,Male,Bonneuil-sur-Marne,Skyvu,92221.38,EUR
Robin,Gomez,rgomezdr@ask.com,Colombia,Female,Bello,Zoovu,68014.57,COP
Roy,Powell,rpowellds@nba.com,China,Male,Huaibei,Skilith,55039.16,CNY
Janice,Johnson,jjohnsondt@bing.com,Egypt,Female,Isnā,Meembee,97234.40,EGP
Andrea,Moreno,amorenodu@barnesandnoble.com,Ireland,Female,Ratoath,Devpoint,82055.67,EUR
Phillip,Austin,paustindv@yandex.ru,South Korea,Male,Gwangtan,Divanoodle,,KRW
Teresa,Stewart,tstewartdw@guardian.co.uk,Japan,Female,Ōfunato,Feedfire,13911.52,JPY
Ruth,Harvey,rharveydx@addtoany.com,China,Female,Hongqi,Tagfeed,77009.74,CNY
Teresa,Warren,twarrendy@wikia.com,Slovenia,Female,Morje,Tagtune,38363.37,EUR
Nicholas,Meyer,nmeyerdz@biglobe.ne.jp,Russia,Male,Konstantinovsk,Eimbee,40537.60,RUB
Jane,Stanley,jstanleye0@ow.ly,Peru,Female,Accha,Edgeify,7258.26,PEN
Andrew,Baker,abakere1@google.fr,Indonesia,Male,Telgawah,Vidoo,45821.03,IDR
Donald,Marshall,dmarshalle2@usa.gov,Indonesia,Male,Krajanjugosari,DabZ,84763.65,IDR
Nicholas,Ford,nforde3@printfriendly.com,Czech Republic,Male,Šestajovice,Yodoo,67826.10,CZK
Julia,Bryant,jbryante4@networksolutions.com,China,Female,Long’anqiao,Trilia,62945.10,CNY
Arthur,Ross,arosse5@discuz.net,South Africa,Male,Somerset East,Jetwire,,ZAR
Janet,Gonzalez,jgonzaleze6@phpbb.com,China,Female,Yingchun,Muxo,46851.54,CNY
Bonnie,Morgan,bmorgane7@businesswire.com,Pakistan,Female,Lārkāna,Topicshots,67584.02,PKR
Margaret,Cox,mcoxe8@hubpages.com,United States,Female,Garden Grove,Zoozzy,,USD
Carlos,Lane,clanee9@wikimedia.org,Saudi Arabia,Male,Tārūt,Ainyx,74554.07,SAR
Chris,Stephens,cstephensea@sun.com,China,Male,Fengli,Zoovu,20426.07,CNY
Kimberly,Willis,kwilliseb@mit.edu,Norway,Female,Trondheim,Tavu,15529.99,NOK
Judith,Greene,jgreeneec@berkeley.edu,Costa Rica,Female,Patarrá,Cogidoo,,CRC
Nancy,Baker,nbakered@ask.com,Greece,Female,Vanáton,Buzzshare,14254.88,EUR
Justin,Williamson,jwilliamsonee@ca.gov,Ukraine,Male,Voloka,Topicware,1368.29,UAH
Barbara,Sims,bsimsef@timesonline.co.uk,United States,Female,Allentown,Meevee,12362.23,USD
Charles,Oliver,colivereg@edublogs.org,Poland,Male,Włoszakowice,Zoombox,485.45,PLN
Mark,Lawson,mlawsoneh@prnewswire.com,Nepal,Male,Dharān Bāzār,Gevee,44556.81,NPR
Debra,Garrett,dgarrettei@flickr.com,China,Female,Shangju,Feedspan,49101.53,CNY
Eric,Jackson,ejacksonej@economist.com,China,Male,Xianglan,Yambee,81882.00,CNY
Joyce,Meyer,jmeyerek@cbc.ca,Sweden,Female,Nybro,Oba,4860.86,SEK
Lawrence,Wilson,lwilsonel@deliciousdays.com,Brazil,Male,Goianira,Twimm,73114.33,BRL
Alice,Andrews,aandrewsem@usda.gov,Philippines,Female,San Ramon,Kwideo,18831.65,PHP
Kathryn,Scott,kscotten@livejournal.com,Ghana,Female,Mampong,Divape,91536.11,GHS
Fred,Lewis,flewiseo@nps.gov,Ukraine,Male,Korostyshiv,Browsetype,774.64,UAH
Craig,Tucker,ctuckerep@dot.gov,Czech Republic,Male,Loučovice,Thoughtbridge,28765.49,CZK
Joyce,Lopez,jlopezeq@flavors.me,Poland,Female,Kolbudy,Youspan,59027.05,PLN
Brandon,Henderson,bhendersoner@discuz.net,Philippines,Male,Loreto,Feednation,86566.83,PHP
Carl,Robinson,crobinsones@naver.com,Portugal,Male,Cimo de Vila,Kwilith,,EUR
Martin,Sims,msimset@unesco.org,China,Male,Sishan,Tagchat,81409.17,CNY
Lisa,Matthews,lmatthewseu@shutterfly.com,Armenia,Female,Karanlukh,Youopia,9108.68,AMD
Amanda,Ramirez,aramirezev@aboutads.info,China,Female,Weixin,Skiptube,60297.18,CNY
Samuel,Gonzales,sgonzalesew@nydailynews.com,Vietnam,Male,Cao Thượng,Brainverse,,VND
Stephanie,Holmes,sholmesex@liveinternet.ru,China,Female,Heba,Skimia,3670.48,CNY
Andrea,Ward,awardey@va.gov,United States,Female,Palatine,Lazz,,USD
Sarah,Pierce,spierceez@engadget.com,Ukraine,Female,Marshintsy,Chatterpoint,80848.74,UAH
Joan,Mitchell,jmitchellf0@admin.ch,Philippines,Female,Simunul,Meeveo,76777.11,PHP
Johnny,Fernandez,jfernandezf1@cdbaby.com,Indonesia,Male,Ciburial,Eare,9887.54,IDR
Ralph,Reid,rreidf2@mozilla.org,China,Male,Huifa,Oozz,11748.32,CNY
Donald,Moreno,dmorenof3@fema.gov,Portugal,Male,Vila Nova,Gabvine,11996.29,EUR
Debra,Schmidt,dschmidtf4@rediff.com,China,Female,Chaihe,Blogtags,40219.12,CNY
Gloria,Kennedy,gkennedyf5@ehow.com,United States,Female,Irving,Kare,6264.52,USD
Jerry,Meyer,jmeyerf6@earthlink.net,China,Male,Aimin,Shuffledrive,84563.11,CNY
Paula,Martinez,pmartinezf7@wisc.edu,South Africa,Female,Retreat,Dynava,20262.59,ZAR
Melissa,Harvey,mharveyf8@google.co.uk,South Africa,Female,Bultfontein,Devcast,,ZAR
Kathleen,Hayes,khayesf9@ucsd.edu,Indonesia,Female,Waru,Babbleblab,90819.07,IDR
Johnny,Rice,jricefa@wikimedia.org,Russia,Male,Chemal,Lajo,24498.55,RUB
Paula,Perkins,pperkinsfb@opera.com,Chad,Female,Biltine,Kimia,65505.98,XAF
Bonnie,Russell,brussellfc@ning.com,Indonesia,Female,Paobokol,Bubblemix,30180.95,IDR
Joshua,Chapman,jchapmanfd@discovery.com,Portugal,Male,Cortinhas,Thoughtbridge,43461.53,EUR
Harry,Ford,hfordfe@github.io,Madagascar,Male,Ambarakaraka,Youspan,93123.69,MGA
Christina,Simpson,csimpsonff@g.co,Botswana,Female,Mogapinyana,Leexo,51248.67,BWP
Juan,Wells,jwellsfg@wired.com,Pakistan,Male,Shujāābād,Tambee,21380.92,PKR
Douglas,Murray,dmurrayfh@gnu.org,Sweden,Male,Västerås,Wikibox,13643.40,SEK
Catherine,Mccoy,cmccoyfi@howstuffworks.com,Poland,Female,Markowa,Wikido,51659.48,PLN
Raymond,Woods,rwoodsfj@cdc.gov,Indonesia,Male,Tetandara,Riffwire,55150.44,IDR
Heather,Howell,hhowellfk@stumbleupon.com,China,Female,Bangxi,Dabshots,22515.38,CNY
Gregory,Rivera,griverafl@netscape.com,France,Male,Paris 17,Meevee,85608.96,EUR
Cynthia,Burton,cburtonfm@lulu.com,Namibia,Female,Keetmanshoop,Oba,19684.07,NAD
Craig,Johnston,cjohnstonfn@cbc.ca,Indonesia,Male,Krajan Demit,Photospace,19975.99,IDR
Andrea,Elliott,aelliottfo@cornell.edu,Peru,Female,Pomahuaca,Browsebug,,PEN
Jimmy,Hughes,jhughesfp@lulu.com,China,Male,Hengshi,Topiclounge,4812.79,CNY
Matthew,Lewis,mlewisfq@gizmodo.com,Brazil,Male,Paulínia,Kwimbee,58258.94,BRL
Jennifer,Wheeler,jwheelerfr@redcross.org,Indonesia,Female,Gesikan,Wordware,79211.39,IDR
Alan,Robertson,arobertsonfs@si.edu,China,Male,Longcang,Dynava,90766.24,CNY
Jessica,Berry,jberryft@economist.com,Poland,Female,Wilamowice,Eamia,16699.74,PLN
Sandra,Bailey,sbaileyfu@w3.org,Gambia,Female,Sabi,Quire,13351.82,GMD
Kenneth,Perez,kperezfv@independent.co.uk,United States,Male,Erie,Brainlounge,17126.86,USD
Ralph,Duncan,rduncanfw@yolasite.com,Sweden,Male,Söderhamn,Blogspan,,SEK
Julia,Clark,jclarkfx@flickr.com,Brazil,Female,Peruíbe,Flipstorm,38953.65,BRL
Theresa,Fowler,tfowlerfy@chicagotribune.com,Mexico,Female,Primero de Mayo,Kimia,28326.52,MXN
Kevin,Gutierrez,kgutierrezfz@wikispaces.com,Philippines,Male,Lagasit,Wordware,,PHP
Brandon,Reynolds,breynoldsg0@mapy.cz,China,Male,Weitang,Topicshots,76856.63,CNY
Jose,Moore,jmooreg1@bing.com,Indonesia,Male,Klapagada,Brightbean,37562.27,IDR
Nancy,Sanders,nsandersg2@cnbc.com,France,Female,Blois,Tagchat,29519.26,EUR
Kevin,Holmes,kholmesg3@netlog.com,Poland,Male,Stryków,Quinu,29433.56,PLN
Betty,Watson,bwatsong4@nhs.uk,France,Female,Dijon,Youfeed,19750.90,EUR
Kathleen,Evans,kevansg5@archive.org,China,Female,Taoyuan,Shuffledrive,55671.68,CNY
Andrea,Patterson,apattersong6@sciencedaily.com,China,Female,Lianpeng,Thoughtstorm,18983.38,CNY
Samuel,Reid,sreidg7@rediff.com,Russia,Male,Kazanskoye,Dabtype,7938.93,RUB
Brian,Mccoy,bmccoyg8@imdb.com,Poland,Male,Spytkowice,Devbug,18322.75,PLN
Shirley,Ferguson,sfergusong9@yolasite.com,Japan,Female,Ono,Vimbo,69566.87,JPY
Cheryl,Garza,cgarzaga@privacy.gov.au,Brazil,Female,Cabedelo,Ntag,21859.09,BRL
Johnny,Meyer,jmeyergb@quantcast.com,Russia,Male,Shemursha,Oloo,58390.47,RUB
Nicholas,Stevens,nstevensgc@prlog.org,Russia,Male,Novovoronezh,Dynabox,5891.41,RUB
Carol,Washington,cwashingtongd@howstuffworks.com,France,Female,Le Perreux-sur-Marne,Fliptune,3602.73,EUR
Betty,Watkins,bwatkinsge@php.net,Ireland,Female,Cherryville,Eamia,41919.75,EUR
Robert,Bowman,rbowmangf@twitter.com,Yemen,Male,As Saddah,Mymm,60519.54,YER
Tammy,Bennett,tbennettgg@people.com.cn,Panama,Female,Cartí Suitupo,Devcast,8930.92,PAB
Ashley,Garrett,agarrettgh@1688.com,Serbia,Female,Novi Slankamen,Mudo,2393.55,RSD
Jeremy,Garza,jgarzagi@yellowpages.com,Indonesia,Male,Bentar,Dabfeed,97051.71,IDR
Stephen,Bryant,sbryantgj@qq.com,Russia,Male,Volokolamsk,Thoughtblab,81410.59,RUB
Randy,Riley,rrileygk@comsenz.com,Nepal,Male,Dhankutā,Abatz,69255.74,NPR
Phyllis,James,pjamesgl@springer.com,Portugal,Female,Carromeu,Jazzy,35202.71,EUR
Kathy,Watson,kwatsongm@stanford.edu,Sweden,Female,Hässleholm,Yombu,8648.71,SEK
Ashley,Williamson,awilliamsongn@house.gov,Portugal,Female,Salvador,Topicblab,62791.10,EUR
Terry,Fuller,tfullergo@pagesperso-orange.fr,Czech Republic,Male,Chropyně,Chatterbridge,84776.72,CZK
Victor,Allen,vallengp@gizmodo.com,Hungary,Male,Kecskemét,Talane,50196.96,HUF
Cynthia,Turner,cturnergq@cmu.edu,China,Female,Tongqian,Ooba,7778.10,CNY
Irene,Chavez,ichavezgr@reuters.com,Mexico,Female,Antonio Toledo Corro,Topicstorm,90447.82,MXN
Jonathan,Black,jblackgs@economist.com,Palestinian Territory,Male,Shūkat aş Şūfī,Centizu,,ILS
Johnny,Gonzales,jgonzalesgt@pbs.org,China,Male,Shanshi,Eayo,51878.77,CNY
Paula,Fox,pfoxgu@apple.com,China,Female,Altunemil,LiveZ,28784.14,CNY
Judy,Crawford,jcrawfordgv@cargocollective.com,China,Female,Jangdam,Yakidoo,33352.44,CNY
Bruce,Burton,bburtongw@wikia.com,China,Male,Yuwan,Katz,56803.72,CNY
Sarah,Young,syounggx@goodreads.com,Portugal,Female,Carapelhos,Fadeo,42919.00,EUR
Alice,Gutierrez,agutierrezgy@gnu.org,Poland,Female,Szynwałd,Tagtune,43365.72,PLN
Earl,Freeman,efreemangz@reverbnation.com,Russia,Male,Teykovo,Kwilith,67225.54,RUB
Jose,Palmer,jpalmerh0@sciencedirect.com,Central African Republic,Male,Rafaï,DabZ,19355.12,XAF
Steven,Phillips,sphillipsh1@comsenz.com,China,Male,Yuanzhou,Eimbee,2159.63,CNY
Joshua,Anderson,jandersonh2@dmoz.org,Russia,Male,Luga,Jaxbean,90470.75,RUB
Lois,Reed,lreedh3@xrea.com,Croatia,Female,Ivanec,Meetz,37673.12,HRK
Richard,Payne,rpayneh4@joomla.org,Portugal,Male,Castelo,Meejo,80896.87,EUR
Adam,Cole,acoleh5@howstuffworks.com,Peru,Male,Pacapausa,Divape,60515.59,PEN
Barbara,Gutierrez,bgutierrezh6@cpanel.net,Indonesia,Female,Tegalrejo,Chatterpoint,38613.32,IDR
Margaret,Reed,mreedh7@dyndns.org,Germany,Female,Berlin,Kayveo,52709.11,EUR
Ernest,Armstrong,earmstrongh8@craigslist.org,Micronesia,Male,Polowat,Edgeblab,18337.02,USD
Jeffrey,Davis,jdavish9@mediafire.com,Colombia,Male,Cartagena,Edgewire,34032.75,COP
Judith,Turner,jturnerha@comsenz.com,Japan,Female,Hakodate,Kayveo,65108.07,JPY
Kathy,Wilson,kwilsonhb@bloomberg.com,Indonesia,Female,Kutapanjang,Demizz,46439.15,IDR
Bobby,Reyes,breyeshc@salon.com,China,Male,Jinping,Wikibox,11425.41,CNY
Elizabeth,Miller,emillerhd@nydailynews.com,China,Female,Chengji,Meemm,67352.70,CNY
Bruce,Ortiz,bortizhe@flickr.com,China,Male,Muli,Gigaclub,6321.76,CNY
Kenneth,Chapman,kchapmanhf@mtv.com,Anguilla,Male,Stoney Ground,Wordpedia,19764.20,XCD
Walter,Simmons,wsimmonshg@mapy.cz,China,Male,Shewopo,Skiba,93817.76,CNY
Tammy,Washington,twashingtonhh@nasa.gov,Indonesia,Female,Gandu,Oyonder,52469.66,IDR
Catherine,Green,cgreenhi@51.la,Vietnam,Female,Bến Tre,Buzzster,31175.42,VND
Joe,Holmes,jholmeshj@miibeian.gov.cn,Macedonia,Male,Veles,Youfeed,11774.88,MKD
Margaret,Banks,mbankshk@usa.gov,Japan,Female,Takatsuki,Eimbee,70574.69,JPY
Annie,Allen,aallenhl@livejournal.com,China,Female,Baiyang,Linktype,67645.98,CNY
Melissa,Harvey,mharveyhm@census.gov,Brazil,Female,Aripuanã,Riffpedia,47703.69,BRL
Stephen,Berry,sberryhn@com.com,South Africa,Male,Bela-Bela,Fivespan,42545.82,ZAR
Eric,Bennett,ebennettho@w3.org,Russia,Male,Svetlyy,Ozu,86893.71,RUB
Henry,Moore,hmoorehp@lulu.com,Macedonia,Male,Крива Паланка,Thoughtmix,39893.03,MKD
Mark,Fowler,mfowlerhq@plala.or.jp,China,Male,Liutao,Devcast,20474.46,CNY
Diana,Moreno,dmorenohr@vistaprint.com,Cuba,Female,Boyeros,Mynte,18784.64,CUP
Annie,Dixon,adixonhs@free.fr,Pakistan,Female,Utmānzai,Oba,40394.18,PKR
Tammy,Carter,tcarterht@ted.com,China,Female,Fulong,Mita,55967.70,CNY
Joseph,Frazier,jfrazierhu@nih.gov,Indonesia,Male,Magok,Zoombeat,50033.31,IDR
Kenneth,Ward,kwardhv@cornell.edu,United States,Male,Marietta,Gabspot,49384.75,USD
Louise,Kelly,lkellyhw@creativecommons.org,Maldives,Female,Manadhoo,Skyble,,MVR
Raymond,Willis,rwillishx@princeton.edu,South Korea,Male,Pubal,Dynazzy,4190.92,KRW
Theresa,Kelly,tkellyhy@symantec.com,China,Female,Dongqiao,Oba,92286.54,CNY
Melissa,Lawrence,mlawrencehz@washington.edu,Indonesia,Female,Krajan Suko Kidul,Blogtags,75014.34,IDR
Larry,Turner,lturneri0@themeforest.net,Indonesia,Male,Nglojo,Edgetag,69199.28,IDR
Bonnie,Reed,breedi1@examiner.com,Chile,Female,Purranque,Rhybox,5417.35,CLP
Michael,Bradley,mbradleyi2@google.com,China,Male,Duru,Mydeo,26148.08,CNY
Nicholas,Schmidt,nschmidti3@cafepress.com,Indonesia,Male,Bebekan,Riffwire,9373.94,IDR
Melissa,Hansen,mhanseni4@alibaba.com,China,Female,Jiuquan,Devpoint,59647.50,CNY
Christina,Lane,clanei5@rakuten.co.jp,South Africa,Female,Middelburg,Linkbuzz,50330.23,ZAR
Andrew,Stanley,astanleyi6@slideshare.net,Brazil,Male,Ourinhos,Blogtag,37001.31,BRL
Jacqueline,Wells,jwellsi7@wp.com,Pakistan,Female,Shabqadar,Avamm,26464.24,PKR
Carolyn,Hughes,chughesi8@ca.gov,Nigeria,Female,Opi,Camimbo,57278.99,NGN
Carlos,Davis,cdavisi9@flickr.com,Brazil,Male,Igaraçu do Tietê,Blogspan,8800.53,BRL
Phyllis,Young,pyoungia@shop-pro.jp,China,Female,Kongjiafang,Gigabox,40511.51,CNY
Scott,Thomas,sthomasib@livejournal.com,Indonesia,Male,Toupopu,JumpXS,69485.29,IDR
Patricia,Stanley,pstanleyic@skyrock.com,Czech Republic,Female,Hulín,Zoovu,89123.17,CZK
Stephanie,Lewis,slewisid@seesaa.net,Afghanistan,Female,Asadābād,Demivee,78099.25,AFN
Todd,Green,tgreenie@sakura.ne.jp,Russia,Male,Yemva,Topicblab,26707.25,RUB
Martha,Johnston,mjohnstonif@diigo.com,Spain,Female,Vigo,Zooveo,66354.12,EUR
George,Fowler,gfowlerig@networksolutions.com,Russia,Male,Pravda,Blogpad,62944.50,RUB
Norma,Rice,nriceih@people.com.cn,Brazil,Female,João Pessoa,Yamia,,BRL
Kenneth,Matthews,kmatthewsii@weebly.com,China,Male,Bandong,Devify,33026.54,CNY
Bobby,Murphy,bmurphyij@hibu.com,Greece,Male,Néa Karváli,Oodoo,,EUR
Patricia,Sullivan,psullivanik@blogspot.com,Ukraine,Female,Shakhtars’k,Fatz,48403.90,UAH
Jason,Young,jyoungil@ted.com,Tanzania,Male,Geita,Voolia,44381.87,TZS
Martha,Campbell,mcampbellim@jiathis.com,Russia,Female,Trudobelikovskiy,Vinder,94477.45,RUB
Robin,Schmidt,rschmidtin@guardian.co.uk,China,Female,Majin,Yakijo,36572.09,CNY
Fred,Bradley,fbradleyio@hibu.com,Greece,Male,Neochóri,Rhynoodle,63659.44,EUR
Sara,Tucker,stuckerip@hud.gov,Mexico,Female,Benito Juarez,Skibox,34572.81,MXN
Ryan,Matthews,rmatthewsiq@google.cn,China,Male,Yangchun,Tambee,67262.88,CNY
Amanda,Holmes,aholmesir@senate.gov,Indonesia,Female,Gapluk,Eare,10513.78,IDR
Kimberly,Sanchez,ksanchezis@unicef.org,Iran,Female,Bandar-e Lengeh,Wikizz,,IRR
Sean,Lynch,slynchit@tumblr.com,Chile,Male,Futaleufú,Vinder,57944.98,CLP
Samuel,Griffin,sgriffiniu@wikipedia.org,United States,Male,Trenton,Topiczoom,71813.49,USD
Frank,Lawson,flawsoniv@quantcast.com,Brazil,Male,Três Corações,Skyvu,37848.26,BRL
Karen,Henderson,khendersoniw@wired.com,Malaysia,Female,Kuala Lumpur,Zoozzy,46943.32,MYR
Katherine,Anderson,kandersonix@buzzfeed.com,China,Female,Zhaobei,Edgepulse,80343.71,CNY
Billy,Morrison,bmorrisoniy@java.com,China,Male,Qiancheng,Shuffledrive,20498.92,CNY
Stephanie,Johnson,sjohnsoniz@51.la,Brazil,Female,Ipojuca,Jabbersphere,83063.78,BRL
Russell,Patterson,rpattersonj0@tripadvisor.com,Indonesia,Male,Bebedahan,Miboo,9478.55,IDR
Billy,Stevens,bstevensj1@behance.net,Madagascar,Male,Toliara,Cogibox,71321.13,MGA
Benjamin,Webb,bwebbj2@salon.com,China,Male,Shijing,Zooxo,72941.78,CNY
Jacqueline,Torres,jtorresj3@geocities.com,Philippines,Female,Unidos,Tagtune,64268.52,PHP
Cheryl,Harvey,charveyj4@soundcloud.com,Panama,Female,El Coco,Livefish,31284.25,PAB
Jerry,Day,jdayj5@sourceforge.net,Ukraine,Male,Balaklava,Jaxbean,34021.05,UAH
Rebecca,Hudson,rhudsonj6@bravesites.com,China,Female,Donggou,Yoveo,,CNY
Justin,Wagner,jwagnerj7@statcounter.com,Thailand,Male,Tha Maka,Centidel,6533.24,THB
Ann,Patterson,apattersonj8@ocn.ne.jp,Canada,Female,Walnut Grove,Ntag,26079.36,CAD
Ashley,Hughes,ahughesj9@a8.net,Czech Republic,Female,Zdice,Skidoo,78576.41,CZK
Ralph,Wood,rwoodja@prnewswire.com,China,Male,Daixi,Babbleopia,43066.59,CNY
Tina,Palmer,tpalmerjb@sun.com,Mexico,Female,Obrera,Shufflebeat,47158.15,MXN
Angela,Morales,amoralesjc@altervista.org,Philippines,Female,Bolo,Shufflester,57586.93,PHP
Adam,Martin,amartinjd@parallels.com,Netherlands,Male,Delft,Feedfish,33916.56,EUR
James,Myers,jmyersje@gravatar.com,China,Male,Youxikou,Brainbox,31236.79,CNY
Wanda,Rose,wrosejf@e-recht24.de,Colombia,Female,Guamal,Katz,10278.45,COP
Roy,Howell,rhowelljg@t-online.de,Philippines,Male,Bakung,Skaboo,35285.48,PHP
Sarah,Jones,sjonesjh@alibaba.com,United States,Female,Jackson,Buzzster,42988.52,USD
Mark,Nelson,mnelsonji@buzzfeed.com,Indonesia,Male,Pasrukrajan Satu,Bubblebox,47932.82,IDR
Antonio,Wood,awoodjj@dedecms.com,Serbia,Male,Beška,Muxo,37148.17,RSD
Kevin,Reid,kreidjk@ox.ac.uk,Colombia,Male,Chiscas,Dabvine,9973.00,COP
Phyllis,Berry,pberryjl@umn.edu,China,Female,Shengli,Eadel,,CNY
Donna,Stone,dstonejm@marketwatch.com,Thailand,Female,Sam Phran,Blogtags,43471.10,THB
Donald,Burns,dburnsjn@woothemes.com,Indonesia,Male,Riit,Quamba,98858.02,IDR
Ryan,Jacobs,rjacobsjo@drupal.org,Philippines,Male,Caba,Fivechat,32756.10,PHP
Rachel,Taylor,rtaylorjp@blogtalkradio.com,Russia,Female,Onega,Jaxspan,,RUB
Michelle,Gonzalez,mgonzalezjq@toplist.cz,Brazil,Female,Timbó,Quamba,96205.43,BRL
Jean,Jacobs,jjacobsjr@msn.com,China,Female,Xiamao,Yodoo,37875.15,CNY
Kenneth,Scott,kscottjs@wikimedia.org,Portugal,Male,Pavia,Babblestorm,,EUR
Martha,Richardson,mrichardsonjt@google.com.br,Uganda,Female,Bududa,Brainlounge,95076.39,UGX
Billy,Bailey,bbaileyju@dagondesign.com,Haiti,Male,Mirebalais,Thoughtstorm,57955.45,HTG
Elizabeth,Kim,ekimjv@google.nl,Honduras,Female,Cerro Blanco,Geba,49132.94,HNL
Charles,Knight,cknightjw@marketwatch.com,China,Male,Gaoming,Jabbersphere,10703.22,CNY
Robin,Fox,rfoxjx@live.com,Poland,Female,Gościeradów,Linktype,53034.58,PLN
Rose,Williamson,rwilliamsonjy@diigo.com,China,Female,Chuanxi,Leenti,78262.32,CNY
Andrew,Ford,afordjz@elpais.com,Iran,Male,Hashtgerd,Mita,80036.03,IRR
Judy,Carroll,jcarrollk0@mozilla.com,Equatorial Guinea,Female,Luba,Kaymbo,63123.25,XAF
Rose,Gutierrez,rgutierrezk1@mayoclinic.com,Uzbekistan,Female,Qŭrghontepa,Blogspan,69546.32,UZS
Jimmy,Edwards,jedwardsk2@google.de,China,Male,Daduchuan,Jayo,6628.07,CNY
Anna,Hill,ahillk3@example.com,China,Female,Fengyuan,Bubbletube,,CNY
Denise,Clark,dclarkk4@umich.edu,Switzerland,Female,Thun,Flipopia,40883.20,CHF
Mark,Perkins,mperkinsk5@nytimes.com,China,Male,Guanlu,Jabberstorm,54979.61,CNY
Jessica,Morales,jmoralesk6@live.com,Philippines,Female,Alibunan,Thoughtbeat,44367.17,PHP
Judy,Wagner,jwagnerk7@symantec.com,Brazil,Female,Paripiranga,Midel,79632.86,BRL
Andrea,Fernandez,afernandezk8@huffingtonpost.com,Russia,Female,Lobanovo,JumpXS,1638.01,RUB
Richard,Lane,rlanek9@house.gov,Finland,Male,Jurva,Bluejam,2224.75,EUR
Joshua,Fields,jfieldska@oracle.com,China,Male,Gusong,Twinte,78954.45,CNY
Matthew,Ray,mraykb@un.org,Serbia,Male,Margita,Kwimbee,92389.71,RSD
Charles,Hudson,chudsonkc@histats.com,Greece,Male,Diavatós,Shufflebeat,71885.90,EUR
Jimmy,Burton,jburtonkd@github.com,Swaziland,Male,Siteki,Skipfire,47699.20,SZL
Roy,Berry,rberryke@sciencedaily.com,Turkmenistan,Male,Balkanabat,Browsecat,6323.31,TMT
Anne,Stewart,astewartkf@businessinsider.com,United States,Female,Indianapolis,Ooba,31446.39,USD
Jack,Andrews,jandrewskg@hostgator.com,Finland,Male,Bennäs,Janyx,74684.50,EUR
Victor,Wright,vwrightkh@tripod.com,Philippines,Male,Pajo,Skipfire,51141.87,PHP
Teresa,Spencer,tspencerki@squarespace.com,Brazil,Female,Itabaianinha,Zoomcast,87362.91,BRL
Jason,Schmidt,jschmidtkj@slashdot.org,China,Male,Sandaoba,Zooveo,51604.02,CNY
Anthony,Smith,asmithkk@google.pl,Namibia,Male,Otjiwarongo,Viva,,NAD
John,Ray,jraykl@guardian.co.uk,Bolivia,Male,Warnes,Skimia,61513.45,BOB
Patrick,Gonzales,pgonzaleskm@seattletimes.com,China,Male,Biqiao,Twinder,74174.17,CNY
Debra,Fields,dfieldskn@boston.com,Japan,Female,Kawaguchi,Nlounge,16956.44,JPY
Linda,Green,lgreenko@vinaora.com,China,Female,Gaoshi,Brainverse,13585.38,CNY
Marilyn,Fowler,mfowlerkp@t-online.de,Pakistan,Female,Kabīrwāla,Bluezoom,61114.38,PKR
Michael,Perry,mperrykq@rambler.ru,Czech Republic,Male,Černovice,Skiptube,32157.79,CZK
Tina,Myers,tmyerskr@hibu.com,Norway,Female,Arendal,Demizz,14788.96,NOK
Paula,Willis,pwillisks@uiuc.edu,France,Female,Champagnole,Thoughtblab,53348.27,EUR
Carolyn,Simpson,csimpsonkt@alibaba.com,Panama,Female,Tonosí,Innojam,21574.49,PAB
Gregory,Long,glongku@privacy.gov.au,Russia,Male,Chemodanovka,Meevee,62330.87,RUB
Margaret,Holmes,mholmeskv@telegraph.co.uk,Indonesia,Female,Demuk,Jabberbean,97522.51,IDR
Teresa,Banks,tbankskw@weibo.com,Thailand,Female,Pak Chom,Buzzshare,,THB
Richard,West,rwestkx@gravatar.com,United States,Male,Philadelphia,Camimbo,57687.85,USD
Sarah,Jenkins,sjenkinsky@phpbb.com,China,Female,Liangli,Centizu,55804.14,CNY
Henry,Howell,hhowellkz@wikia.com,France,Male,Créteil,Jabbercube,68433.53,EUR
Earl,Cruz,ecruzl0@japanpost.jp,Armenia,Male,Marmashen,Dablist,80908.21,AMD
Andrea,Reed,areedl1@icq.com,United States,Female,New Orleans,Gabcube,244.74,USD
Arthur,Bennett,abennettl2@simplemachines.org,China,Male,Huo’erqi,Brainverse,,CNY
Carolyn,Franklin,cfranklinl3@businesswire.com,Cuba,Female,Bauta,Agivu,84627.86,CUP
John,Peters,jpetersl4@jimdo.com,France,Male,Saint-Étienne,Meezzy,96381.32,EUR
Matthew,Fowler,mfowlerl5@nasa.gov,Yemen,Male,Jiḩānah,Riffpedia,30679.12,YER
Tammy,Gutierrez,tgutierrezl6@auda.org.au,Nigeria,Female,Lokoja,Wikibox,69894.44,NGN
Diane,Dunn,ddunnl7@patch.com,Germany,Female,Reutlingen,Yoveo,12409.73,EUR
Mildred,Wright,mwrightl8@census.gov,Philippines,Female,Lupao,Skaboo,18320.62,PHP
Johnny,Mccoy,jmccoyl9@loc.gov,Mexico,Male,Amado Nervo,Centizu,14638.51,MXN
Eugene,Dunn,edunnla@virginia.edu,China,Male,Rawa,Agivu,912.14,CNY
Juan,Hunter,jhunterlb@walmart.com,China,Male,Yulin,Centizu,27578.37,CNY
Frank,Hunt,fhuntlc@acquirethisname.com,Palestinian Territory,Male,Qaffīn,Yakitri,69886.34,ILS
Christopher,Olson,colsonld@chron.com,France,Male,Sarlat-la-Canéda,Fivespan,47508.23,EUR
Jose,Kelly,jkellyle@com.com,South Africa,Male,Piketberg,Izio,3521.72,ZAR
Douglas,Payne,dpaynelf@storify.com,Albania,Male,Mollas,Oozz,13688.03,ALL
Antonio,Banks,abankslg@odnoklassniki.ru,Indonesia,Male,Kebon,Youopia,68265.36,IDR
Carl,Kelley,ckelleylh@boston.com,France,Male,Loudun,Reallinks,,EUR
Emily,Dunn,edunnli@webs.com,Vietnam,Female,Thanh Ba,Roombo,27741.70,VND
Sarah,Ford,sfordlj@xing.com,China,Female,Nanyang,Livepath,94133.54,CNY
Janice,Harris,jharrislk@free.fr,Poland,Female,Mogilany,Fivebridge,34252.64,PLN
Kimberly,Bowman,kbowmanll@amazon.co.uk,Indonesia,Female,Purorejo,Skyvu,68532.32,IDR
Cynthia,Woods,cwoodslm@yahoo.com,China,Female,Dapeng,Vitz,15816.88,CNY
Bruce,Webb,bwebbln@epa.gov,Thailand,Male,Nakhon Si Thammarat,Mydo,59155.20,THB
Denise,George,dgeorgelo@cnbc.com,Philippines,Female,Alacaygan,Thoughtworks,8009.78,PHP
Joan,Stephens,jstephenslp@icio.us,Yemen,Female,Ar Rawnah,Thoughtstorm,84939.60,YER
Adam,Russell,arusselllq@seattletimes.com,Ireland,Male,Greystones,Oyonder,55845.79,EUR
Frank,Robinson,frobinsonlr@unc.edu,Sweden,Male,Enköping,Innojam,19086.38,SEK
Roy,Collins,rcollinsls@un.org,China,Male,Changpu,Ozu,11379.77,CNY
Martha,Grant,mgrantlt@wufoo.com,Russia,Female,Shipunovo,Linkbuzz,66844.12,RUB
Juan,Stewart,jstewartlu@ning.com,China,Male,Heshi,Divavu,19805.46,CNY
Donald,Black,dblacklv@feedburner.com,Greece,Male,Fotolívos,Abata,,EUR
Clarence,Flores,cfloreslw@reddit.com,Russia,Male,Likhoy,Ntags,74894.83,RUB
Louis,Miller,lmillerlx@bbc.co.uk,France,Male,Montbéliard,Skiba,,EUR
Bruce,Jacobs,bjacobsly@plala.or.jp,Indonesia,Male,Wotan,Photofeed,84437.32,IDR
Marie,Oliver,moliverlz@infoseek.co.jp,Poland,Female,Bełchatów,Bubblemix,55949.09,PLN
Julie,Walker,jwalkerm0@youtube.com,Ireland,Female,Cobh,Trudeo,,EUR
Jesse,White,jwhitem1@aol.com,Philippines,Male,Basey,Aibox,24485.70,PHP
Henry,Sanchez,hsanchezm2@uiuc.edu,Brazil,Male,Gravataí,Brightbean,28053.84,BRL
Jane,Richards,jrichardsm3@over-blog.com,Poland,Female,Ostrowsko,Izio,49122.73,PLN
Donna,Cook,dcookm4@nih.gov,Nauru,Female,Anibare,Leexo,54760.02,AUD
Nicole,Knight,nknightm5@msu.edu,China,Female,Xihongmen,Bubbletube,79329.80,CNY
Kevin,Lawrence,klawrencem6@princeton.edu,France,Male,Nîmes,Edgepulse,7399.59,EUR
Louis,Grant,lgrantm7@squarespace.com,France,Male,Marignane,Gabcube,17203.85,EUR
Ernest,Reyes,ereyesm8@dyndns.org,France,Male,Cannes,Voomm,68419.72,EUR
Keith,Bennett,kbennettm9@linkedin.com,China,Male,Changfu,Devify,52171.33,CNY
Amanda,Johnston,ajohnstonma@yale.edu,Indonesia,Female,Sukahening,Blogtags,,IDR
Walter,Medina,wmedinamb@about.com,Indonesia,Male,Asempapan,Chatterpoint,,IDR
Diana,Brooks,dbrooksmc@unesco.org,China,Female,Baqiao,Topicblab,33966.44,CNY
Aaron,Harrison,aharrisonmd@amazon.de,China,Male,Serh,Feedspan,63908.10,CNY
Cynthia,Graham,cgrahamme@ihg.com,Indonesia,Female,Gareba,Jabbersphere,27233.52,IDR
Ruby,Wagner,rwagnermf@photobucket.com,Indonesia,Female,Baturaden,Yodel,,IDR
Lois,Hunter,lhuntermg@dyndns.org,Indonesia,Female,Banjar Pangkungkarung Kangin,Quimm,67787.37,IDR
Kathy,Black,kblackmh@cargocollective.com,Thailand,Female,Bang Pa-in,Rhybox,90009.84,THB
Annie,Spencer,aspencermi@google.com.hk,Sweden,Female,Boden,Jabbersphere,43417.70,SEK
Debra,Roberts,drobertsmj@flavors.me,Argentina,Female,La Punta,Voomm,88420.46,ARS
Tina,Gardner,tgardnermk@bandcamp.com,Montenegro,Female,Cetinje,Vimbo,78898.90,EUR
Shirley,Price,spriceml@angelfire.com,United States,Female,Los Angeles,Eabox,66069.76,USD
Russell,Chavez,rchavezmm@irs.gov,Yemen,Male,Al Miftāḩ,Fivechat,,YER
Alan,Gardner,agardnermn@uiuc.edu,Dominican Republic,Male,Cotuí,Quimba,89847.97,DOP
Frank,Perry,fperrymo@vkontakte.ru,Iran,Male,Mahābād,Shuffledrive,10406.83,IRR
Carolyn,Murphy,cmurphymp@yolasite.com,Mali,Female,Araouane,Kimia,,XOF
Joe,Sanders,jsandersmq@sfgate.com,France,Male,Montpellier,Feedmix,75766.10,EUR
Raymond,Graham,rgrahammr@reverbnation.com,Yemen,Male,Al Madīd,Blogtags,52760.48,YER
Ruby,Reynolds,rreynoldsms@ow.ly,Switzerland,Female,Thun,Skimia,85722.78,CHF
George,Garcia,ggarciamt@weather.com,Brazil,Male,Santa Cruz,Skaboo,28720.49,BRL
Mary,Stewart,mstewartmu@mail.ru,Poland,Female,Kołczygłowy,Shufflester,25810.61,PLN
Jessica,Fernandez,jfernandezmv@uiuc.edu,Sweden,Female,Stockholm,Yombu,52513.88,SEK
Jean,Kelly,jkellymw@noaa.gov,Norway,Female,Haugesund,Bluezoom,44234.71,NOK
Joshua,Chavez,jchavezmx@github.io,Sweden,Male,Robertsfors,Zoombox,69505.67,SEK
Jerry,Jackson,jjacksonmy@prlog.org,Philippines,Male,Bongao,Devcast,1863.48,PHP
Timothy,Hudson,thudsonmz@hp.com,Indonesia,Male,Jandir,Wikizz,4834.84,IDR
Paul,Bailey,pbaileyn0@skype.com,Czech Republic,Male,Smečno,Gigabox,35692.70,CZK
Kathy,Lee,kleen1@google.com,Afghanistan,Female,Salām Khēl,Livetube,70106.42,AFN
Beverly,Pierce,bpiercen2@storify.com,Russia,Female,Rybnoye,Jaxspan,90681.52,RUB
Henry,Carter,hcartern3@state.tx.us,Mexico,Male,La Guadalupe,Chatterpoint,36368.62,MXN
Donna,Nichols,dnicholsn4@discovery.com,Argentina,Female,La Calera,Voonte,23563.23,ARS
Jacqueline,Price,jpricen5@arstechnica.com,Malaysia,Female,Kuantan,Bluezoom,42430.50,MYR
Roger,Harris,rharrisn6@harvard.edu,Indonesia,Male,Kasiyan,Skinder,6167.65,IDR
Denise,Campbell,dcampbelln7@washingtonpost.com,United States,Female,Louisville,Zoonder,16007.24,USD
Ruby,Romero,rromeron8@vimeo.com,Philippines,Female,Bacnar,Trudeo,66419.63,PHP
Annie,Cox,acoxn9@soundcloud.com,Sweden,Female,Alingsås,JumpXS,,SEK
Albert,Ross,arossna@hostgator.com,Poland,Male,Przecław,Eabox,82754.84,PLN
Deborah,Armstrong,darmstrongnb@tmall.com,Philippines,Female,Capandanan,Wordtune,47156.04,PHP
Harold,Sims,hsimsnc@dailymotion.com,Spain,Male,Madrid,Miboo,13854.08,EUR
Diane,Mason,dmasonnd@geocities.jp,Indonesia,Female,Cikalaces,Photofeed,41515.89,IDR
Keith,Green,kgreenne@netscape.com,Russia,Male,Nartkala,Devpulse,,RUB
Andrea,Simmons,asimmonsnf@mozilla.org,Indonesia,Female,Koten,Realcube,,IDR
Harold,Montgomery,hmontgomeryng@biblegateway.com,China,Male,Puning,Leexo,53370.54,CNY
Craig,Lopez,clopeznh@mysql.com,China,Male,Luoping,Jaloo,25972.33,CNY
Carl,Ward,cwardni@themeforest.net,Albania,Male,Kolç,Tagfeed,56553.95,ALL
Kathleen,Spencer,kspencernj@1und1.de,Argentina,Female,Rufino,Avaveo,52911.65,ARS
Shawn,Cook,scooknk@nhs.uk,Cuba,Male,Holguín,Dazzlesphere,91691.43,CUP
Linda,Dean,ldeannl@booking.com,Indonesia,Female,Cikuray,Divavu,94963.58,IDR
Jessica,Rice,jricenm@mtv.com,Armenia,Female,Meghrashen,Oodoo,81958.06,AMD
Robin,Burke,rburkenn@thetimes.co.uk,Madagascar,Female,Sahavato,Voonder,26060.87,MGA
Melissa,Gutierrez,mgutierrezno@xing.com,Colombia,Female,Nariño,Linkbuzz,44812.02,COP
Russell,Baker,rbakernp@biblegateway.com,China,Male,Jimsar,Twimm,17579.40,CNY
Tina,Murray,tmurraynq@dmoz.org,Mexico,Female,San Antonio,Centimia,54357.10,MXN
Paul,Brooks,pbrooksnr@flickr.com,China,Male,Luobuqiongzi,Buzzshare,48212.32,CNY
Christina,Simpson,csimpsonns@posterous.com,Czech Republic,Female,Grygov,Kanoodle,53531.90,CZK
Phyllis,Smith,psmithnt@yellowpages.com,Indonesia,Female,Muarabadak,Mydeo,70308.87,IDR
Adam,Hall,ahallnu@diigo.com,China,Male,Anle,Realmix,74056.55,CNY
Johnny,Patterson,jpattersonnv@sogou.com,China,Male,Fengshan,Oloo,88476.70,CNY
Samuel,Duncan,sduncannw@europa.eu,China,Male,Jianshe,Avaveo,60722.80,CNY
Matthew,Sanders,msandersnx@smh.com.au,China,Male,Sigeng,Layo,28307.72,CNY
Jason,Cox,jcoxny@dion.ne.jp,Indonesia,Male,Huineno,Zooveo,94686.58,IDR
Julie,Harrison,jharrisonnz@uol.com.br,China,Female,Qilong,Camido,79857.26,CNY
Lori,Patterson,lpattersono0@indiegogo.com,Indonesia,Female,Cipicung,Aimbu,40906.43,IDR
Paul,Mason,pmasono1@mysql.com,China,Male,Huangyuan Chengguanzhen,Mita,44591.19,CNY
Ashley,Bowman,abowmano2@house.gov,China,Female,Maodian,Bluejam,41594.92,CNY
Michael,Rogers,mrogerso3@mashable.com,Chad,Male,Laï,Buzzster,69631.52,XAF
Juan,Brown,jbrowno4@desdev.cn,Sudan,Male,Ad Dabbah,Dynabox,68521.10,SDG
Harry,Stevens,hstevenso5@flickr.com,Peru,Male,Iparia,Tagpad,25093.12,PEN
Eric,Simpson,esimpsono6@princeton.edu,France,Male,Mont-de-Marsan,Omba,25592.09,EUR
Lawrence,George,lgeorgeo7@loc.gov,Philippines,Male,Patique,Fivechat,74646.88,PHP
Louise,Lynch,llyncho8@4shared.com,China,Female,Zhugentan,Oloo,41433.79,CNY
Jimmy,Martinez,jmartinezo9@simplemachines.org,Russia,Male,Argayash,Oba,30799.35,RUB
Richard,Ramirez,rramirezoa@t.co,Sweden,Male,Lycksele,Brightdog,774.76,SEK
Roy,Andrews,randrewsob@huffingtonpost.com,Czech Republic,Male,Horní Čermná,Katz,33648.91,CZK
Chris,Jones,cjonesoc@slideshare.net,China,Male,Meitang,Jaloo,21323.05,CNY
Wayne,Vasquez,wvasquezod@tamu.edu,China,Male,Ningyuan,Babbleset,6643.32,CNY
Paul,Wheeler,pwheeleroe@pbs.org,China,Male,Nanhai,Skyble,6513.71,CNY
Andrea,Brown,abrownof@google.com.hk,Brazil,Female,Juru,Jaxworks,,BRL
Keith,Tucker,ktuckerog@macromedia.com,China,Male,Shuangxi,Voomm,8031.21,CNY
Carolyn,Berry,cberryoh@example.com,Indonesia,Female,Bendosewu,Feedbug,30480.70,IDR
Terry,Jenkins,tjenkinsoi@de.vu,Azerbaijan,Male,Yevlakh,Myworks,82439.46,AZN
Pamela,Washington,pwashingtonoj@ameblo.jp,Honduras,Female,Cololaca,Kaymbo,93362.31,HNL
Rachel,Sanders,rsandersok@mashable.com,Sweden,Female,Sundsvall,Tavu,14796.76,SEK
William,Alvarez,walvarezol@nasa.gov,Indonesia,Male,Sangkalputung,Flipbug,24105.30,IDR
Beverly,Perry,bperryom@irs.gov,Nigeria,Female,Ake-Eze,Wikibox,29363.20,NGN
Lillian,Andrews,landrewson@latimes.com,China,Female,Liutao,Mybuzz,67073.58,CNY
Doris,Lee,dleeoo@wix.com,China,Female,Jiangzhou,DabZ,80931.36,CNY
Matthew,Morales,mmoralesop@studiopress.com,Ukraine,Male,Tsyurupyns’k,Rooxo,25322.35,UAH
Carl,Knight,cknightoq@spiegel.de,Tunisia,Male,Kebili,Bluejam,,TND
Todd,Hernandez,thernandezor@chicagotribune.com,Portugal,Male,Santa Cruz,Cogilith,93435.79,EUR
Ashley,Patterson,apattersonos@linkedin.com,Luxembourg,Female,Bech,Tagtune,2878.58,EUR
George,Henderson,ghendersonot@amazon.co.uk,Netherlands,Male,Arnhem,Wikibox,36584.14,EUR
Charles,Coleman,ccolemanou@bing.com,Trinidad and Tobago,Male,Siparia,Gabcube,33334.60,TTD
Brandon,Evans,bevansov@e-recht24.de,France,Male,Saumur,Katz,15370.84,EUR
Katherine,Rogers,krogersow@nationalgeographic.com,Malaysia,Female,Putrajaya,Skinix,1573.06,MYR
David,Russell,drussellox@mit.edu,South Africa,Male,Ixopo,Jabbersphere,45016.03,ZAR
Janet,Dean,jdeanoy@surveymonkey.com,Poland,Female,Łubniany,Avaveo,24222.37,PLN
Brian,Washington,bwashingtonoz@arstechnica.com,Thailand,Male,Thung Yang Daeng,Skyvu,67735.41,THB
Andrea,Peterson,apetersonp0@163.com,Russia,Female,Borovoy,Jetwire,46321.01,RUB
Willie,Jones,wjonesp1@naver.com,China,Male,Songshan,Tavu,54525.03,CNY
Dennis,Hamilton,dhamiltonp2@scribd.com,Russia,Male,Lesozavodsk,Gigazoom,25124.33,RUB
Judy,Grant,jgrantp3@cbsnews.com,Paraguay,Female,Itapé,Realpoint,4404.59,PYG
Russell,Little,rlittlep4@creativecommons.org,Honduras,Male,La Libertad,Flipopia,4088.67,HNL
Eugene,Brooks,ebrooksp5@artisteer.com,Greece,Male,Melíti,Fliptune,69859.61,EUR
Jeremy,Day,jdayp6@bloomberg.com,Portugal,Male,Dafundo,Browsecat,65640.32,EUR
Phillip,Woods,pwoodsp7@berkeley.edu,Poland,Male,Przybiernów,Divape,40785.64,PLN
Paula,Jones,pjonesp8@gravatar.com,Philippines,Female,Dao,Kamba,,PHP
Lawrence,Warren,lwarrenp9@businessweek.com,Philippines,Male,Aanislag,Quire,68809.31,PHP
Robin,Woods,rwoodspa@purevolume.com,Afghanistan,Female,Babasakhib,Voomm,37333.01,AFN
Laura,Watson,lwatsonpb@e-recht24.de,Cuba,Female,Cerro,Eire,96638.20,CUP
Jonathan,Sanchez,jsanchezpc@imdb.com,Sweden,Male,Nacka,Buzzshare,86435.60,SEK
Janet,Duncan,jduncanpd@indiatimes.com,France,Female,Lorient,Meembee,27636.35,EUR
Amy,Davis,adavispe@opera.com,Portugal,Female,Monte da Boavista,Shufflebeat,89648.43,EUR
Sarah,Roberts,srobertspf@sakura.ne.jp,France,Female,Domont,Jabberbean,47708.46,EUR
Mark,Meyer,mmeyerpg@skyrock.com,Czech Republic,Male,Velké Svatoňovice,Browsecat,26107.12,CZK
Barbara,Lane,blaneph@istockphoto.com,Brazil,Female,Orleans,Wikibox,,BRL
Emily,Robertson,erobertsonpi@wiley.com,Russia,Female,Ivanteyevka,Skivee,19122.86,RUB
Kenneth,Garza,kgarzapj@newyorker.com,Ghana,Male,Dome,Zooxo,29309.42,GHS
Phillip,Black,pblackpk@indiegogo.com,France,Male,Saint-Dizier,Dynava,,EUR
Alan,Black,ablackpl@spiegel.de,Finland,Male,Muurla,Edgeclub,,EUR
Debra,Harrison,dharrisonpm@merriam-webster.com,Nigeria,Female,Katagum,Avaveo,21359.74,NGN
Patrick,Arnold,parnoldpn@seesaa.net,China,Male,Qabqir,Twitterlist,,CNY
Ernest,Green,egreenpo@techcrunch.com,China,Male,Tanxi,Roombo,45350.92,CNY
Timothy,Davis,tdavispp@theatlantic.com,Samoa,Male,Gataivai,Pixonyx,14698.58,WST
Barbara,Hill,bhillpq@amazon.com,El Salvador,Female,San Marcos,Muxo,71133.46,USD
Gary,Alvarez,galvarezpr@exblog.jp,China,Male,Sangzhou,Chatterbridge,67621.18,CNY
Victor,Oliver,voliverps@creativecommons.org,Iraq,Male,Ramadi,Eayo,75001.20,IQD
Evelyn,Barnes,ebarnespt@qq.com,Indonesia,Female,Modis,Gabspot,38315.69,IDR
Paul,Perry,pperrypu@theguardian.com,Portugal,Male,Galveias,Katz,8309.78,EUR
Joseph,Lawrence,jlawrencepv@nhs.uk,Colombia,Male,Sabanalarga,Blognation,5117.13,COP
Andrea,Washington,awashingtonpw@pbs.org,Chile,Female,La Serena,Skynoodle,,CLP
Wayne,Black,wblackpx@mozilla.com,Peru,Male,Macari,Edgetag,71092.41,PEN
Susan,Reid,sreidpy@prweb.com,Finland,Female,Hyrynsalmi,Pixoboo,72295.44,EUR
Denise,King,dkingpz@vkontakte.ru,China,Female,Mawu,Twitternation,,CNY
Diana,Lane,dlaneq0@1und1.de,Honduras,Female,San Vicente Centenario,Yata,85618.76,HNL
Margaret,Crawford,mcrawfordq1@cnbc.com,Netherlands,Female,Rotterdam postbusnummers,Gabspot,,EUR
Paul,Frazier,pfrazierq2@biglobe.ne.jp,Portugal,Male,Boavista,Dynabox,26904.66,EUR
Ashley,Schmidt,aschmidtq3@hc360.com,Albania,Female,Remas,Youbridge,7484.85,ALL
Steven,Mccoy,smccoyq4@cargocollective.com,Indonesia,Male,Potulando,Gevee,30277.35,IDR
Shawn,Clark,sclarkq5@foxnews.com,Indonesia,Male,Sukadana,Trupe,23638.90,IDR
Catherine,Matthews,cmatthewsq6@oakley.com,Colombia,Female,Belalcazar,Zoomzone,41719.61,COP
Nicole,Garrett,ngarrettq7@netlog.com,France,Female,Villejuif,Fatz,23171.33,EUR
Anthony,George,ageorgeq8@cloudflare.com,Czech Republic,Male,Horní Jelení,Minyx,12090.00,CZK
Shirley,Reynolds,sreynoldsq9@unblog.fr,Turkmenistan,Female,Yolöten,Kare,41744.54,TMT
Louise,Richardson,lrichardsonqa@yandex.ru,Poland,Female,Ostrowite,Fivebridge,35871.85,PLN
Antonio,Lynch,alynchqb@is.gd,China,Male,Gaoqiu,Photobug,42739.40,CNY
Joseph,Garza,jgarzaqc@cbc.ca,Russia,Male,Sokolovyy,Wikido,9481.57,RUB
Craig,Morales,cmoralesqd@ning.com,Lebanon,Male,Zahlé,Gabvine,62943.20,LBP
Julie,Larson,jlarsonqe@skype.com,China,Female,Wolongquan,Dabfeed,27848.56,CNY
Angela,Shaw,ashawqf@cdbaby.com,Sweden,Female,Höganäs,Voonyx,86034.05,SEK
Robin,Washington,rwashingtonqg@mysql.com,Slovenia,Female,Zgornje Gorje,Myworks,43910.19,EUR
Raymond,Day,rdayqh@woothemes.com,Vietnam,Male,Thị Trấn Nghèn,Vimbo,30048.86,VND
Brandon,Price,bpriceqi@msn.com,Lebanon,Male,Bhamdoûn el Mhatta,Buzzshare,55165.58,LBP
Theresa,Lawrence,tlawrenceqj@oracle.com,Nigeria,Female,Lokoja,Dynabox,68270.82,NGN
Julie,Stephens,jstephensqk@ocn.ne.jp,Philippines,Female,Opol,Bubblebox,80779.08,PHP
Andrew,Powell,apowellql@mtv.com,Thailand,Male,Bueng Sam Phan,Innotype,48878.21,THB
Ryan,Hanson,rhansonqm@ucoz.com,Japan,Male,Matsutō,Npath,57345.07,JPY
Michael,Bryant,mbryantqn@facebook.com,Israel,Male,‘Akko,Topicstorm,,ILS
Ashley,Lane,alaneqo@va.gov,Russia,Female,Staryy Urukh,Jabbercube,2356.20,RUB
Jennifer,Hall,jhallqp@craigslist.org,Germany,Female,Wetzlar,Mycat,53335.97,EUR
Joyce,Flores,jfloresqq@oakley.com,China,Female,Huashu,Trunyx,74912.14,CNY
Benjamin,Arnold,barnoldqr@freewebs.com,China,Male,Erjia,Edgewire,58017.72,CNY
Mary,Payne,mpayneqs@cloudflare.com,China,Female,Fangtang,Dynabox,38240.99,CNY
Anthony,Warren,awarrenqt@opera.com,Brazil,Male,Leme,Feednation,,BRL
Raymond,Collins,rcollinsqu@mit.edu,Nigeria,Male,Pategi,Realbridge,58000.22,NGN
Jennifer,Price,jpriceqv@google.co.uk,Indonesia,Female,Jedung,Topicblab,23207.36,IDR
Heather,Burns,hburnsqw@gmpg.org,Canada,Female,Claresholm,Kanoodle,5882.23,CAD
Anna,Daniels,adanielsqx@1und1.de,Colombia,Female,Cantagallo,Skyble,31951.20,COP
Frank,Andrews,fandrewsqy@google.com,Vietnam,Male,Uyen Hung,Quaxo,782.76,VND
Kenneth,Morrison,kmorrisonqz@wikipedia.org,Colombia,Male,Duitama,Jayo,98168.50,COP
Charles,Edwards,cedwardsr0@geocities.jp,China,Male,Tanlin,Gabtype,79206.82,CNY
Melissa,Carroll,mcarrollr1@networksolutions.com,China,Female,Wujiayao,Wordtune,,CNY
Craig,Alexander,calexanderr2@biglobe.ne.jp,Indonesia,Male,Nginokrajan,Devify,,IDR
Evelyn,James,ejamesr3@google.fr,Poland,Female,Ursus,Leenti,1566.09,PLN
Thomas,Shaw,tshawr4@irs.gov,Bahamas,Male,Nassau,Janyx,6850.06,BSD
Laura,Wagner,lwagnerr5@cbslocal.com,Colombia,Female,San Gil,Jamia,,COP
Randy,Sullivan,rsullivanr6@tumblr.com,China,Male,Huangwan,Linkbuzz,83735.07,CNY
Janet,Miller,jmillerr7@amazon.de,China,Female,Ulashan,Kwinu,,CNY
Jason,Carr,jcarrr8@sakura.ne.jp,Palestinian Territory,Male,Za‘tarah,Shufflester,9988.30,ILS
Irene,Torres,itorresr9@ox.ac.uk,Jordan,Female,Ar Ramthā,Meedoo,47880.78,JOD
Ernest,Henry,ehenryra@dyndns.org,Ireland,Male,Tower,Zazio,83618.87,EUR
Keith,Hart,khartrb@google.it,Philippines,Male,Basey,Teklist,48855.13,PHP
Kimberly,Welch,kwelchrc@nyu.edu,China,Female,Xindu,Abata,48085.59,CNY
Kathy,Peters,kpetersrd@php.net,Cambodia,Female,Pursat,Twiyo,,KHR
Virginia,Turner,vturnerre@list-manage.com,France,Female,Puget-sur-Argens,Rhyloo,86804.38,EUR
Patrick,Murphy,pmurphyrf@cbsnews.com,Belarus,Male,Narach,Divape,64019.72,BYR
Johnny,Meyer,jmeyerrg@nyu.edu,Philippines,Male,San Eugenio,Miboo,73673.09,PHP
Brandon,Rogers,brogersrh@eepurl.com,Poland,Male,Gorzów Śląski,Skipstorm,43413.49,PLN
Margaret,Ross,mrossri@gov.uk,Indonesia,Female,Singojuruh,Eire,69389.02,IDR
Martin,White,mwhiterj@wikia.com,Philippines,Male,Timpas,Twitternation,89728.08,PHP
Ryan,Johnson,rjohnsonrk@un.org,Indonesia,Male,Welibo,Devpulse,75521.59,IDR
Rachel,Reid,rreidrl@printfriendly.com,Czech Republic,Female,Dřiteň,Tavu,23255.94,CZK
Bobby,Bryant,bbryantrm@wisc.edu,Armenia,Male,Arevik,Tagpad,1356.04,AMD
Frances,Alvarez,falvarezrn@webnode.com,Argentina,Female,Capitán Bermúdez,Tagfeed,60414.92,ARS
Anna,Cook,acookro@purevolume.com,South Africa,Female,Springbok,Latz,16062.37,ZAR
Howard,Ray,hrayrp@163.com,Malaysia,Male,Petaling Jaya,Jayo,96939.15,MYR
Cynthia,Martin,cmartinrq@google.cn,Brazil,Female,Ouro Branco,Snaptags,16363.00,BRL
Sean,Phillips,sphillipsrr@slideshare.net,Netherlands,Male,Roermond,Jamia,27450.23,EUR
