Paul,Nichols,pnichols0@harvard.edu,China,Male,Puyuan,Podcat,,CNY
Jose,Murray,jmurray1@slashdot.org,Jamaica,Male,Linstead,Ozu,,JMD
Brandon,Alvarez,balvarez2@mayoclinic.com,Sweden,Male,Halmstad,Oyoba,55868.69,SEK
Jean,Foster,jfoster3@google.it,Thailand,Female,Non Narai,Skibox,95517.94,THB
Heather,Fowler,hfowler4@cargocollective.com,China,Female,Chagang,Twinder,,CNY
Carl,Wilson,cwilson5@slideshare.net,Russia,Male,Teykovo,Chatterbridge,20988.00,RUB
Kathleen,Romero,kromero6@berkeley.edu,China,Female,Chaihe,Jabbersphere,95763.54,CNY
Stephanie,Evans,sevans7@boston.com,Mali,Female,Douentza,Tagfeed,68054.93,XOF
Howard,Dean,hdean8@theglobeandmail.com,China,Male,Zhouji,Twitternation,92907.72,CNY
Jose,Harvey,jharvey9@icio.us,Russia,Male,Zelenoborskiy,Livetube,60115.08,RUB
Patricia,Mcdonald,pmcdonalda@blogtalkradio.com,Greece,Female,Cholargós,Twitterbeat,65699.41,EUR
Matthew,Dean,mdeanb@howstuffworks.com,Thailand,Male,Mueang Suang,Pixonyx,8922.55,THB
Sara,Ramirez,sramirezc@geocities.jp,China,Female,Pumaqangtang,Gabtype,83206.29,CNY
Christopher,Evans,cevansd@free.fr,Indonesia,Male,Bibis,Zoombeat,45343.79,IDR
Lisa,Tucker,ltuckere@mtv.com,Portugal,Female,Tamel,Oyoloo,85085.70,EUR
Melissa,Walker,mwalkerf@cnet.com,Czech Republic,Female,Zlaté Hory,Realblab,41029.84,CZK
Frances,Kim,fkimg@free.fr,South Africa,Female,Koffiefontein,Yoveo,85918.85,ZAR
Sarah,Snyder,ssnyderh@sakura.ne.jp,Philippines,Female,Babug,Zazio,13628.30,PHP
Nicholas,Harper,nharperi@wiley.com,Philippines,Male,Dungon,Talane,69430.42,PHP
Justin,Harvey,jharveyj@ovh.net,Canada,Male,Maple Ridge,Myworks,,CAD
Jennifer,Mason,jmasonk@google.com.hk,Norway,Female,Tønsberg,Voonyx,99452.38,NOK
Sean,Graham,sgrahaml@dedecms.com,Portugal,Male,Monte da Boavista,JumpXS,34435.10,EUR
Terry,Crawford,tcrawfordm@bigcartel.com,France,Male,Berck,Brightbean,86778.04,EUR
Shawn,Frazier,sfraziern@dagondesign.com,Russia,Male,Troitskoye,Voonix,17071.93,RUB
Brandon,Wallace,bwallaceo@webeden.co.uk,China,Male,Lijiaping,Chatterpoint,47736.78,CNY
Norma,Webb,nwebbp@csmonitor.com,Latvia,Female,Smārde,Pixope,45007.60,EUR
Eugene,Crawford,ecrawfordq@forbes.com,Russia,Male,Vodnyy,Demivee,59708.50,RUB
Phyllis,King,pkingr@dion.ne.jp,China,Female,Jialu,Kazio,96677.50,CNY
Pamela,Powell,ppowells@unicef.org,China,Female,Shuitianzhuang,Jaloo,60788.60,CNY
Daniel,Watkins,dwatkinst@cocolog-nifty.com,Latvia,Male,Ape,Divape,24870.57,EUR
Kathy,Freeman,kfreemanu@ed.gov,Peru,Female,Huamachuco,Ntag,65916.17,PEN
Jeffrey,Harrison,jharrisonv@smh.com.au,Japan,Male,Kashiwazaki,Jabberbean,2226.89,JPY
Judy,Lawrence,jlawrencew@usa.gov,Vietnam,Female,Hội An,Shuffletag,57096.61,VND
Keith,Gray,kgrayx@microsoft.com,Portugal,Male,Martinlongo,Dabfeed,83367.53,EUR
Lisa,Pierce,lpiercey@nydailynews.com,Russia,Female,Kropachëvo,Riffpedia,,RUB
Alice,Phillips,aphillipsz@washington.edu,Croatia,Female,Štitar,Ainyx,46241.67,HRK
Ashley,Reynolds,areynolds10@sina.com.cn,China,Female,Yunxian Chengguanzhen,DabZ,99708.15,CNY
Steve,Garcia,sgarcia11@arstechnica.com,Japan,Male,Hirado,Oyondu,26874.19,JPY
Kathryn,Carr,kcarr12@cafepress.com,China,Female,Shayuan,Demizz,,CNY
Stephen,Garrett,sgarrett13@google.com.hk,Philippines,Male,Cabitan,Blogtags,5265.73,PHP
Michael,Torres,mtorres14@fc2.com,Chile,Male,El Tabo,Wordware,22126.22,CLP
Sandra,Johnson,sjohnson15@macromedia.com,Czech Republic,Female,Luhačovice,Meeveo,42883.59,CZK
Elizabeth,Stanley,estanley16@vinaora.com,China,Female,Nanzamu,Ailane,25347.05,CNY
Patricia,Lee,plee17@unblog.fr,Indonesia,Female,Npongge,Meezzy,,IDR
Ernest,Bryant,ebryant18@wikimedia.org,Brazil,Male,Jardim,Quimba,77113.75,BRL
Phyllis,Cruz,pcruz19@indiatimes.com,Nigeria,Female,Bama,Tambee,78858.69,NGN
Chris,Patterson,cpatterson1a@google.pl,Brazil,Male,Jacarezinho,Leenti,39813.09,BRL
William,Robinson,wrobinson1b@phoca.cz,Yemen,Male,Raydah,Vipe,2984.23,YER
Laura,Freeman,lfreeman1c@pcworld.com,Germany,Female,Berlin,Oyondu,98306.19,EUR
Chris,Shaw,cshaw1d@toplist.cz,Iran,Male,Alīgūdarz,Jetwire,63116.93,IRR
Catherine,Robertson,crobertson1e@cam.ac.uk,Russia,Female,Lokosovo,Tazzy,43262.69,RUB
Lois,Anderson,landerson1f@prnewswire.com,Japan,Female,Ōami,Skimia,10503.12,JPY
Steve,West,swest1g@mail.ru,China,Male,Luoshan,Demizz,6692.73,CNY
Jack,Payne,jpayne1h@comcast.net,Indonesia,Male,Japerejo,Zoonoodle,88121.23,IDR
Donald,Warren,dwarren1i@paginegialle.it,Ecuador,Male,Riobamba,Bluezoom,34483.35,USD
Gary,Frazier,gfrazier1j@blog.com,Peru,Male,Huicungo,Photospace,40449.72,PEN
Gregory,Stephens,gstephens1k@bandcamp.com,Vietnam,Male,Thới Bình,Fadeo,75095.81,VND
Tina,Burke,tburke1l@apache.org,Ivory Coast,Female,Zuénoula,Yodoo,44234.02,XOF
Louis,Martinez,lmartinez1m@arstechnica.com,Iran,Male,Mollās̄ānī,Skynoodle,99774.12,IRR
Gary,Perry,gperry1n@alibaba.com,Philippines,Male,Cantilan,Nlounge,,PHP
Dennis,Hart,dhart1o@blogs.com,Guatemala,Male,Chicacao,Gabvine,,GTQ
Janice,Allen,jallen1p@digg.com,Japan,Female,Ōkawa,Meejo,51692.14,JPY
Shirley,Robinson,srobinson1q@xinhuanet.com,Albania,Female,Lunik,Skinder,64039.76,ALL
Jeremy,Edwards,jedwards1r@yellowbook.com,Russia,Male,Orekhovo-Zuyevo,Latz,8583.74,RUB
Benjamin,Chapman,bchapman1s@sina.com.cn,Czech Republic,Male,Milovice,Babbleblab,32436.13,CZK
Kathleen,Payne,kpayne1t@about.me,Russia,Female,Volkhov,Yadel,48358.28,RUB
Kathleen,Little,klittle1u@nytimes.com,France,Female,Carcassonne,Skimia,5092.98,EUR
Stephanie,Schmidt,sschmidt1v@ibm.com,Luxembourg,Female,Stadtbredimus,Vinder,80252.43,EUR
Lisa,Hansen,lhansen1w@example.com,Madagascar,Female,Belo sur Tsiribihina,Talane,29190.83,MGA
Emily,Brooks,ebrooks1x@noaa.gov,Indonesia,Female,Daleman,Npath,69149.22,IDR
Victor,Morrison,vmorrison1y@mysql.com,Peru,Male,Santa Cruz,Dynava,53500.37,PEN
Jacqueline,Cruz,jcruz1z@rediff.com,Indonesia,Female,Timon,Realfire,30333.40,IDR
Joshua,Ramos,jramos20@cocolog-nifty.com,China,Male,Jingtan,Avamm,26454.67,CNY
Karen,Duncan,kduncan21@squarespace.com,France,Female,Périgueux,Pixope,54972.70,EUR
Deborah,Schmidt,dschmidt22@ustream.tv,Brazil,Female,Osvaldo Cruz,Mynte,433.39,BRL
Albert,Bishop,abishop23@businessweek.com,Sweden,Male,Gävle,Jabbersphere,43928.37,SEK
Bonnie,Welch,bwelch24@europa.eu,United States,Female,Seattle,Camimbo,41338.61,USD
John,Bowman,jbowman25@hao123.com,Ethiopia,Male,Yabēlo,Midel,,ETB
Douglas,Knight,dknight26@tuttocitta.it,Thailand,Male,Kao Liao,Yotz,70742.58,THB
Pamela,Harris,pharris27@yahoo.com,United States,Female,Evansville,Flashspan,56974.09,USD
Martin,Moreno,mmoreno28@europa.eu,Nigeria,Male,Kajuru,Fanoodle,2811.75,NGN
Theresa,Stephens,tstephens29@wisc.edu,Qatar,Female,Az̧ Z̧a‘āyin,Pixonyx,7839.66,QAR
Edward,Myers,emyers2a@squarespace.com,Russia,Male,Vypolzovo,Realcube,91196.71,RUB
Jack,Rose,jrose2b@usa.gov,Albania,Male,Krahës,Kanoodle,84464.59,ALL
Gerald,Hunter,ghunter2c@behance.net,Macedonia,Male,Радовиш,Skiba,43596.81,MKD
Linda,Hunter,lhunter2d@netvibes.com,Russia,Female,Podkumskiy,Zava,73451.40,RUB
Paul,Porter,pporter2e@yahoo.co.jp,Indonesia,Male,Krajan,Trilia,62868.79,IDR
Kathy,Burns,kburns2f@zdnet.com,Croatia,Female,Buzet,Roomm,51134.04,HRK
Doris,Welch,dwelch2g@google.ru,Ukraine,Female,Krasnoarmiys’k,Ntags,83438.24,UAH
Benjamin,Kim,bkim2h@freewebs.com,Nepal,Male,Gulariyā,Browsecat,82660.02,NPR
Kathryn,Perkins,kperkins2i@parallels.com,France,Female,Chantilly,Blogtag,78576.26,EUR
Jacqueline,Snyder,jsnyder2j@cdbaby.com,Thailand,Female,Khu Khan,Dynabox,84499.46,THB
Shirley,Woods,swoods2k@soundcloud.com,Portugal,Female,Ribafria,Thoughtbridge,18228.18,EUR
Paul,Wilson,pwilson2l@ed.gov,Indonesia,Male,Selajambe Satu,Realcube,56005.55,IDR
Nicole,Larson,nlarson2m@state.tx.us,Mongolia,Female,Bodĭ,Gabtype,53195.72,MNT
Richard,Hall,rhall2n@usda.gov,Philippines,Male,Boñgalon,Jaxnation,94332.54,PHP
Frances,Clark,fclark2o@jalbum.net,China,Female,Yangsha,Jaxnation,43193.62,CNY
Kimberly,Jackson,kjackson2p@google.it,Brazil,Female,Maricá,Youtags,21285.84,BRL
Richard,Hayes,rhayes2q@diigo.com,Indonesia,Male,Cipadung,Snaptags,1435.03,IDR
Charles,Dean,cdean2r@va.gov,Portugal,Male,Camarate,Youopia,8199.19,EUR
Marie,Simmons,msimmons2s@microsoft.com,Thailand,Female,Khao Kho,Cogidoo,94957.33,THB
Catherine,Daniels,cdaniels2t@yahoo.co.jp,Brazil,Female,Carandaí,Flipopia,,BRL
Jessica,Gonzales,jgonzales2u@lycos.com,Portugal,Female,Couço,Babbleblab,11441.52,EUR
Margaret,Diaz,mdiaz2v@sun.com,Germany,Female,Leipzig,Skynoodle,40701.46,EUR
Martha,Harris,mharris2w@businessweek.com,China,Female,Xidoupu,Wikido,35841.12,CNY
Tina,Reyes,treyes2x@flavors.me,Mozambique,Female,Nacala,Twinte,14471.32,MZN
Bruce,Edwards,bedwards2y@a8.net,Honduras,Male,Nombre de Jesús,Livepath,87671.44,HNL
Paul,Adams,padams2z@blinklist.com,Argentina,Male,Charras,Zoomcast,98933.33,ARS
Margaret,Campbell,mcampbell30@home.pl,Russia,Female,Voznesenskoye,Yombu,94760.01,RUB
Alice,Rogers,arogers31@hhs.gov,Portugal,Female,Vila Viçosa,Lazzy,21904.95,EUR
Randy,Hunt,rhunt32@netscape.com,Iran,Male,Shiraz,Youopia,,IRR
Nancy,Ramos,nramos33@sogou.com,Venezuela,Female,San Simón,Rooxo,23478.00,VEF
Jeremy,Richardson,jrichardson34@marriott.com,Peru,Male,Chapimarca,Realcube,44189.53,PEN
Emily,Payne,epayne35@myspace.com,China,Female,Jinhe,Kaymbo,30241.88,CNY
Rose,Rice,rrice36@ow.ly,Nicaragua,Female,El Sauce,Midel,32674.74,NIO
Debra,Grant,dgrant37@homestead.com,China,Female,Dongfeng,Kwimbee,58429.26,CNY
Craig,Taylor,ctaylor38@tamu.edu,Yemen,Male,Ḩabūr,Rhyloo,85059.33,YER
Sarah,Edwards,sedwards39@soundcloud.com,Bhutan,Female,Trashigang,Gabcube,17826.38,BTN
Matthew,Kennedy,mkennedy3a@e-recht24.de,Indonesia,Male,Pinara,DabZ,85740.83,IDR
Christine,Lynch,clynch3b@upenn.edu,Thailand,Female,Yasothon,Avamba,31401.62,THB
Jacqueline,Howell,jhowell3c@census.gov,Russia,Female,Blagoveshchenka,Wordware,56950.90,RUB
Beverly,Alexander,balexander3d@cam.ac.uk,China,Female,Xieshui,Tekfly,98313.70,CNY
Teresa,Garza,tgarza3e@example.com,Argentina,Female,San Rafael,Agivu,84182.60,ARS
Phyllis,Hunter,phunter3f@opensource.org,Czech Republic,Female,Zaječí,Skinte,85417.33,CZK
Lawrence,Williams,lwilliams3g@wufoo.com,Czech Republic,Male,Tečovice,Photofeed,34952.60,CZK
Julie,Hawkins,jhawkins3h@icio.us,Russia,Female,Tambov,Livepath,55523.22,RUB
Paula,Morrison,pmorrison3i@pcworld.com,Russia,Female,Medvedevo,Layo,25995.67,RUB
Janet,Lee,jlee3j@istockphoto.com,China,Female,Caoyan,Blogpad,41485.39,CNY
Lisa,Sullivan,lsullivan3k@gov.uk,China,Female,Baoji,Zoomlounge,3684.75,CNY
Lori,Meyer,lmeyer3l@walmart.com,United States,Female,Annapolis,Mynte,99313.97,USD
Joseph,Stone,jstone3m@java.com,Argentina,Male,Bandera,Rhycero,71135.69,ARS
Susan,Kim,skim3n@com.com,Kenya,Female,Kericho,Gabvine,82557.42,KES
Janice,Morales,jmorales3o@biblegateway.com,Philippines,Female,Bakulong,Npath,71631.10,PHP
John,Morales,jmorales3p@fda.gov,Indonesia,Male,Pantenan,Dynabox,31313.22,IDR
Rebecca,Green,rgreen3q@scientificamerican.com,Ukraine,Female,Molodizhne,Topdrive,98342.25,UAH
Barbara,Marshall,bmarshall3r@weibo.com,Serbia,Female,Tomaševac,Yodo,,RSD
Brandon,Price,bprice3s@nymag.com,China,Male,Sai’erlong Xiang,Tazzy,76455.56,CNY
Andrew,Reynolds,areynolds3t@etsy.com,Philippines,Male,Jaro,Edgetag,49046.56,PHP
Frances,Arnold,farnold3u@va.gov,China,Female,Hengxianhe,Meevee,54564.92,CNY
Thomas,Bennett,tbennett3v@51.la,South Africa,Male,Marquard,Skimia,15816.03,ZAR
Margaret,Franklin,mfranklin3w@imgur.com,Cuba,Female,Rodas,Midel,33180.07,CUP
Clarence,Alvarez,calvarez3x@fotki.com,France,Male,Lagny-sur-Marne,Wikibox,,EUR
Frank,Jacobs,fjacobs3y@buzzfeed.com,China,Male,Chigang,Zoomlounge,31349.78,CNY
Juan,Rose,jrose3z@cloudflare.com,Philippines,Male,Tayasan,Voonyx,56962.15,PHP
Raymond,Jacobs,rjacobs40@mozilla.com,Russia,Male,Konobeyevo,Digitube,83041.08,RUB
Randy,Reid,rreid41@jimdo.com,Kazakhstan,Male,Ush-Tyube,Riffpedia,87628.91,KZT
Ryan,Stone,rstone42@auda.org.au,Poland,Male,Wojciechów,Snaptags,85499.14,PLN
Gary,Richards,grichards43@ed.gov,Venezuela,Male,Los Dos Caminos,Dynazzy,36576.11,VEF
Mary,Knight,mknight44@amazon.co.jp,Malaysia,Female,Kota Kinabalu,Agimba,,MYR
Emily,Harris,eharris45@ihg.com,Sweden,Female,Sundbyberg,Pixonyx,3350.10,SEK
Jessica,Rogers,jrogers46@shutterfly.com,Argentina,Female,Las Breñas,Jabbersphere,1908.54,ARS
Carl,Garza,cgarza47@goodreads.com,Russia,Male,Dzhalka,Mybuzz,,RUB
Kevin,Mcdonald,kmcdonald48@scribd.com,China,Male,Daixi,Realmix,9434.24,CNY
Benjamin,Little,blittle49@google.pl,Japan,Male,Maizuru,Fliptune,95685.64,JPY
Diana,Porter,dporter4a@hubpages.com,France,Female,Paris 10,Gabtype,79067.80,EUR
Pamela,Arnold,parnold4b@craigslist.org,Canada,Female,North Saanich,Bubblebox,37585.72,CAD
Thomas,Henry,thenry4c@ibm.com,Pakistan,Male,Malakand,Chatterpoint,2559.88,PKR
Irene,Lynch,ilynch4d@buzzfeed.com,Russia,Female,Kamyzyak,Rhybox,78234.88,RUB
Ryan,Knight,rknight4e@weibo.com,Peru,Male,Mollepampa,Bubblebox,97904.51,PEN
Scott,Webb,swebb4f@google.com,Ukraine,Male,Melioratyvne,Gabspot,69795.27,UAH
Todd,Powell,tpowell4g@nba.com,Japan,Male,Funehikimachi-funehiki,Flashset,84119.83,JPY
Linda,Stephens,lstephens4h@latimes.com,Indonesia,Female,Blendis,Tagcat,79372.85,IDR
Martin,Smith,msmith4i@sun.com,Brazil,Male,Morro Agudo,Zoomdog,54646.07,BRL
Kathy,Hernandez,khernandez4j@histats.com,Poland,Female,Lubowidz,Twitterworks,63726.68,PLN
Philip,Morales,pmorales4k@unesco.org,Tanzania,Male,Mingoyo,Kanoodle,7842.96,TZS
Catherine,Ellis,cellis4l@e-recht24.de,Oman,Female,Al Qābil,Dynazzy,56305.41,OMR
Roy,Romero,rromero4m@exblog.jp,China,Male,Hexi,Flipbug,52453.30,CNY
Barbara,Evans,bevans4n@ucla.edu,Indonesia,Female,Semarapura,Oyope,2985.40,IDR
Kathleen,Nguyen,knguyen4o@123-reg.co.uk,Czech Republic,Female,Kryry,Rhynyx,24229.40,CZK
Bonnie,Grant,bgrant4p@dedecms.com,United States,Female,Norfolk,Eayo,,USD
Kathleen,Hart,khart4q@rambler.ru,Greece,Female,Néos Skopós,Photolist,77760.72,EUR
Bruce,Davis,bdavis4r@jalbum.net,Iceland,Male,Laugar,Trilia,21836.82,ISK
Virginia,Roberts,vroberts4s@artisteer.com,Greece,Female,Kýthnos,Linkbridge,97288.42,EUR
Christina,Medina,cmedina4t@sogou.com,Ukraine,Female,Navariya,Quinu,59338.40,UAH
Alice,Richards,arichards4u@biblegateway.com,Brazil,Female,Porto Velho,Feedmix,15714.62,BRL
Aaron,Carr,acarr4v@1und1.de,China,Male,Jianshe,Divape,96071.48,CNY
Brandon,Vasquez,bvasquez4w@youtube.com,Philippines,Male,Matungao,LiveZ,9073.56,PHP
Antonio,Brown,abrown4x@clickbank.net,France,Male,Saint-Quentin-en-Yvelines,Lajo,20296.15,EUR
Antonio,Scott,ascott4y@npr.org,Czech Republic,Male,Velké Hoštice,Izio,,CZK
Martha,Elliott,melliott4z@latimes.com,Zimbabwe,Female,Dete,Yata,93396.79,ZWL
Laura,Brooks,lbrooks50@ehow.com,Guatemala,Female,San Cristóbal Totonicapán,Jabbercube,26819.97,GTQ
Richard,Mccoy,rmccoy51@telegraph.co.uk,Indonesia,Male,Rembes,Roomm,11085.52,IDR
Denise,Weaver,dweaver52@wp.com,Czech Republic,Female,Tlučná,Topicware,76312.29,CZK
Katherine,Crawford,kcrawford53@yandex.ru,China,Female,Bashan,Tagtune,92581.02,CNY
Philip,Rose,prose54@mlb.com,Peru,Male,Quichuay,Ooba,33148.18,PEN
Diana,Rivera,drivera55@shareasale.com,Ecuador,Female,Manta,Agivu,57477.89,USD
Carl,Banks,cbanks56@discuz.net,Belarus,Male,Kastsyukovichy,Skyndu,,BYR
Joseph,Fields,jfields57@last.fm,Indonesia,Male,Sumberbakti,Skimia,91425.97,IDR
Karen,Griffin,kgriffin58@vk.com,Greece,Female,Géfyra,Twitternation,66039.26,EUR
Anthony,Foster,afoster59@hhs.gov,Finland,Male,Karkkila,Chatterpoint,21345.98,EUR
Keith,Reed,kreed5a@myspace.com,China,Male,Shuanglu,Skajo,67522.11,CNY
Ralph,Cunningham,rcunningham5b@theatlantic.com,Democratic Republic of the Congo,Male,Kolwezi,Meevee,82460.11,CDF
Anna,Harrison,aharrison5c@scientificamerican.com,Bangladesh,Female,Pār Naogaon,Gabtune,55436.20,BDT
Brenda,Williams,bwilliams5d@aboutads.info,Czech Republic,Female,Ráječko,Centimia,60652.97,CZK
Tina,Harris,tharris5e@apache.org,Benin,Female,Ouidah,Fadeo,,XOF
Annie,Torres,atorres5f@nsw.gov.au,France,Female,Frontignan,Ailane,97941.36,EUR
Robin,Rice,rrice5g@fastcompany.com,Brazil,Female,Piracaia,Yata,16052.17,BRL
Wayne,Meyer,wmeyer5h@unc.edu,Portugal,Male,Pedro Miguel,Rhyloo,31461.79,EUR
Gregory,Stone,gstone5i@angelfire.com,Macedonia,Male,Karbinci,Bubbletube,78967.59,MKD
Frances,Olson,folson5j@senate.gov,Brazil,Female,Farroupilha,Babblestorm,75688.34,BRL
Gloria,Gordon,ggordon5k@de.vu,Philippines,Female,Santiago,Lazzy,55304.74,PHP
Peter,Jackson,pjackson5l@hp.com,Peru,Male,Campoverde,Jetpulse,14016.35,PEN
Benjamin,Shaw,bshaw5m@wunderground.com,Japan,Male,Hikone,Vinte,69458.15,JPY
Donald,Hansen,dhansen5n@bbc.co.uk,France,Male,Chantilly,Thoughtbeat,49211.39,EUR
Philip,Rodriguez,prodriguez5o@miibeian.gov.cn,France,Male,Laon,Photolist,57911.01,EUR
Maria,Willis,mwillis5p@mlb.com,Netherlands,Female,Alphen aan den Rijn,Skivee,,EUR
Benjamin,Stevens,bstevens5q@cocolog-nifty.com,Poland,Male,Twardawa,Latz,70042.70,PLN
Jimmy,Hunter,jhunter5r@youtu.be,China,Male,Shantoudian,Edgeclub,89318.62,CNY
Louise,Bennett,lbennett5s@amazon.co.uk,China,Female,Bao’an,Blogpad,93070.61,CNY
Patrick,Torres,ptorres5t@symantec.com,Uganda,Male,Kyankwanzi,Dynazzy,,UGX
Gary,Carr,gcarr5u@nifty.com,China,Male,Chengzhong,Tazzy,11594.21,CNY
Lawrence,Morgan,lmorgan5v@wikia.com,Peru,Male,Pacapausa,Twitterbridge,29510.55,PEN
Elizabeth,Watkins,ewatkins5w@youtube.com,Colombia,Female,Belén de los Andaquíes,Jabberbean,9131.45,COP
Gary,Pierce,gpierce5x@multiply.com,Philippines,Male,Nagbukel,Eayo,22647.36,PHP
Anna,Ruiz,aruiz5y@dion.ne.jp,Afghanistan,Female,Jawand,Centidel,80979.44,AFN
Kimberly,Lewis,klewis5z@tuttocitta.it,Indonesia,Female,Bentar,Yabox,39026.62,IDR
Marie,Lopez,mlopez60@php.net,Indonesia,Female,Deranitan,Snaptags,24152.69,IDR
Michael,Olson,molson61@miibeian.gov.cn,China,Male,Dongfanghong,Zooxo,57036.04,CNY
Robin,Sanchez,rsanchez62@arizona.edu,Costa Rica,Female,Ciudad Cortés,Topicstorm,90847.21,CRC
Jean,Hart,jhart63@answers.com,Vietnam,Female,Minh Long,Zoonder,59985.87,VND
Irene,Brooks,ibrooks64@mozilla.org,Indonesia,Female,Koten,Twinte,10255.98,IDR
Brenda,Vasquez,bvasquez65@yale.edu,Russia,Female,Pokachi,Voolia,66024.71,RUB
Linda,Holmes,lholmes66@drupal.org,Indonesia,Female,Mataraben,Demizz,33952.26,IDR
Jonathan,Mendoza,jmendoza67@comcast.net,Netherlands,Male,Ridderkerk,Aibox,34391.86,EUR
Gregory,Hawkins,ghawkins68@quantcast.com,China,Male,Fengjia,Brightbean,91135.76,CNY
Sean,Rice,srice69@cnbc.com,Philippines,Male,Kolape,Eamia,,PHP
Douglas,Bowman,dbowman6a@disqus.com,Greece,Male,Kýthnos,Abata,29154.64,EUR
Anne,Cook,acook6b@typepad.com,Germany,Female,Magdeburg,Fliptune,55436.90,EUR
Brandon,Graham,bgraham6c@clickbank.net,Bulgaria,Male,Borovo,Rhyloo,27286.56,BGN
Beverly,Stanley,bstanley6d@friendfeed.com,Sweden,Female,Umeå,Feedspan,72542.33,SEK
Julie,Chapman,jchapman6e@live.com,Philippines,Female,Dalupaon,Kwimbee,,PHP
Cynthia,Vasquez,cvasquez6f@japanpost.jp,Japan,Female,Kameoka,Twitterbeat,28028.81,JPY
Carol,Wilson,cwilson6g@dot.gov,Croatia,Female,Belišće,Yakitri,84785.82,HRK
Kelly,Flores,kflores6h@bigcartel.com,Canada,Female,Ormstown,Brainlounge,46509.02,CAD
Kimberly,Bishop,kbishop6i@e-recht24.de,Nigeria,Female,Ozubulu,Innotype,52190.70,NGN
Virginia,Gonzalez,vgonzalez6j@dedecms.com,Thailand,Female,Surat Thani,Jaxnation,37616.38,THB
Amy,Vasquez,avasquez6k@pen.io,Philippines,Female,Tabio,Trilith,41489.79,PHP
Michael,Clark,mclark6l@cbslocal.com,Serbia,Male,Čortanovci,Rhyzio,87393.12,RSD
Jeffrey,Torres,jtorres6m@yahoo.co.jp,China,Male,Xiyuan,Zooveo,348.25,CNY
Irene,Brooks,ibrooks6n@yellowpages.com,Canada,Female,Moose Jaw,Livepath,53325.12,CAD
Harold,Perkins,hperkins6o@house.gov,Indonesia,Male,Gawul,Edgewire,,IDR
Christina,Meyer,cmeyer6p@nasa.gov,China,Female,Shajing,Npath,20223.92,CNY
Nicholas,Montgomery,nmontgomery6q@dyndns.org,China,Male,Wangdian,Ozu,,CNY
Nancy,Rice,nrice6r@amazonaws.com,Nigeria,Female,New Shagunnu,BlogXS,,NGN
Kelly,Elliott,kelliott6s@biglobe.ne.jp,Nigeria,Female,Buni Yadi,Photospace,,NGN
Albert,Dunn,adunn6t@independent.co.uk,Argentina,Male,El Galpón,Feedfish,16026.93,ARS
Karen,Sullivan,ksullivan6u@go.com,Indonesia,Female,Wanareja,Youbridge,19546.75,IDR
Cheryl,Hanson,chanson6v@buzzfeed.com,Brazil,Female,Bandeirantes,Zoovu,74506.37,BRL
Barbara,Anderson,banderson6w@indiatimes.com,France,Female,Dunkerque,Livefish,62400.98,EUR
Randy,Reid,rreid6x@google.co.jp,Russia,Male,Kstovo,Reallinks,48626.92,RUB
Henry,Simpson,hsimpson6y@de.vu,Brazil,Male,São Félix do Xingu,Blogtags,33405.11,BRL
John,Meyer,jmeyer6z@mediafire.com,Portugal,Male,Pousada,Digitube,38805.26,EUR
Katherine,Ford,kford70@ft.com,Norway,Female,Bergen,JumpXS,41702.59,NOK
Shirley,Evans,sevans71@gravatar.com,Dominican Republic,Female,Santa Cruz de El Seibo,Buzzbean,98087.79,DOP
Emily,Perry,eperry72@whitehouse.gov,Greece,Female,Perivóli,Trupe,56645.02,EUR
Jessica,Morgan,jmorgan73@eepurl.com,Democratic Republic of the Congo,Female,Ilebo,Edgeblab,38828.23,CDF
Harold,Ryan,hryan74@dell.com,Mozambique,Male,Chibuto,Vinte,,MZN
Frances,Walker,fwalker75@addtoany.com,Russia,Female,Lyudinovo,Quire,83310.62,RUB
Kathy,Bailey,kbailey76@shop-pro.jp,Brazil,Female,Extrema,Yotz,38424.34,BRL
Raymond,Rivera,rrivera77@europa.eu,Poland,Male,Rokietnica,Pixoboo,,PLN
Christine,Sims,csims78@addtoany.com,Poland,Female,Konin,Photojam,86499.67,PLN
John,Perez,jperez79@umich.edu,Iran,Male,Ḩājjīābād,Browsebug,88200.50,IRR
Edward,Gomez,egomez7a@qq.com,China,Male,Pozhang,Jaxnation,35994.49,CNY
Brenda,Tucker,btucker7b@state.gov,Czech Republic,Female,Pardubice,Kazio,33888.35,CZK
Dorothy,Garcia,dgarcia7c@europa.eu,Cambodia,Female,Kampong Speu,Vidoo,3951.49,KHR
Howard,Hamilton,hhamilton7d@apache.org,Cyprus,Male,Tála,Edgeify,14848.15,EUR
Amanda,Palmer,apalmer7e@deviantart.com,Mexico,Female,El Calvario,Bluezoom,85436.38,MXN
Judy,Lopez,jlopez7f@washington.edu,China,Female,Lianzhou,Meejo,,CNY
Emily,George,egeorge7g@loc.gov,China,Female,Guangang,Oyoyo,11774.77,CNY
Mary,Young,myoung7h@springer.com,Libya,Female,Ghāt,Eazzy,25416.40,LYD
Ashley,Young,ayoung7i@indiegogo.com,Indonesia,Female,Ombul Barat,Edgetag,91749.32,IDR
Lillian,Gibson,lgibson7j@ow.ly,Tanzania,Female,Usa River,Babblestorm,6129.20,TZS
Bobby,Evans,bevans7k@blogs.com,Slovenia,Male,Trnovlje pri Celju,Omba,8548.88,EUR
Joyce,Bishop,jbishop7l@google.es,China,Female,Mazongshan,Tagpad,55842.93,CNY
Peter,Carroll,pcarroll7m@boston.com,Australia,Male,Sydney,Twitterbridge,96889.92,AUD
Julie,Crawford,jcrawford7n@yahoo.co.jp,China,Female,Mengxingzhuang,Yodo,57049.52,CNY
Jeffrey,Cooper,jcooper7o@webnode.com,El Salvador,Male,Victoria,Gabvine,51100.49,USD
Philip,Foster,pfoster7p@prnewswire.com,Indonesia,Male,Trenggulunan,Youopia,37213.37,IDR
Kevin,Reid,kreid7q@i2i.jp,China,Male,Weiyanggong,Tekfly,23767.25,CNY
Heather,Fuller,hfuller7r@bigcartel.com,Argentina,Female,Zapala,Divavu,23453.95,ARS
Wayne,Black,wblack7s@fda.gov,Mongolia,Male,Uliastay,Devcast,46383.87,MNT
Andrea,Gonzales,agonzales7t@google.cn,Ecuador,Female,Catamayo,Skinte,56568.45,USD
Rose,Harrison,rharrison7u@hao123.com,Indonesia,Female,Maumere,Tagcat,99504.37,IDR
Adam,Henderson,ahenderson7v@deliciousdays.com,Peru,Male,Chillia,Brightdog,26715.87,PEN
Nicole,Gonzalez,ngonzalez7w@dion.ne.jp,Russia,Female,Muromtsevo,Oyope,50212.04,RUB
Antonio,Weaver,aweaver7x@indiegogo.com,Philippines,Male,Ilagan,Skalith,18358.40,PHP
Henry,Oliver,holiver7y@marriott.com,China,Male,Huzhen,Youspan,,CNY
Karen,Washington,kwashington7z@vinaora.com,Canada,Female,Saint-Joseph-de-Coleraine,Yakidoo,48623.30,CAD
Gregory,Cook,gcook80@bloglovin.com,Indonesia,Male,Baki,Skinte,56239.89,IDR
Earl,Patterson,epatterson81@theguardian.com,Iran,Male,Zanjān,Twitternation,61746.76,IRR
Russell,George,rgeorge82@squidoo.com,Nigeria,Male,Idi Iroko,Fiveclub,99416.25,NGN
Ashley,Sims,asims83@dropbox.com,Tajikistan,Female,Khodzha-Maston,Twinte,84377.23,TJS
Christine,Myers,cmyers84@about.me,Czech Republic,Female,Jablonné nad Orlicí,Eimbee,52554.27,CZK
Eugene,Simpson,esimpson85@ebay.com,Brazil,Male,Benjamin Constant,Jayo,56452.71,BRL
Kevin,Fuller,kfuller86@networksolutions.com,Egypt,Male,Al Ibrāhīmīyah,Podcat,82594.92,EGP
Bonnie,Parker,bparker87@so-net.ne.jp,Gambia,Female,Baro Kunda,Bubbletube,18372.38,GMD
Tammy,Mitchell,tmitchell88@nytimes.com,Russia,Female,Tyarlevo,Mynte,,RUB
Phillip,Spencer,pspencer89@miibeian.gov.cn,Indonesia,Male,Pengulu,Aibox,67283.55,IDR
Deborah,Willis,dwillis8a@opensource.org,Honduras,Female,Las Vegas,Kazu,10735.09,HNL
Maria,Robinson,mrobinson8b@goo.ne.jp,Honduras,Female,Azacualpa,Zooxo,7464.49,HNL
Rose,Jackson,rjackson8c@scientificamerican.com,Ukraine,Female,Zaporizhzhya,Devcast,24376.16,UAH
Debra,Hall,dhall8d@edublogs.org,Indonesia,Female,Sidoger Lebak,Devcast,15337.74,IDR
Linda,Ramos,lramos8e@chron.com,Pakistan,Female,Pindi Bhattiān,Gabtype,53095.88,PKR
Kenneth,Crawford,kcrawford8f@arstechnica.com,Indonesia,Male,Jatipamor,Wikizz,37025.40,IDR
Scott,Hughes,shughes8g@miibeian.gov.cn,Nigeria,Male,Kuje,Jayo,5957.49,NGN
Todd,George,tgeorge8h@newsvine.com,Morocco,Male,Amizmiz,Blogpad,9712.27,MAD
Paula,Arnold,parnold8i@blogspot.com,Peru,Female,Ajoyani,Kanoodle,78734.23,PEN
Eric,Dean,edean8j@state.tx.us,Russia,Male,Malaya Dubna,Thoughtstorm,62281.31,RUB
Kathy,Ford,kford8k@mozilla.org,Peru,Female,Quinuabamba,Camido,57117.44,PEN
Heather,Mills,hmills8l@tuttocitta.it,Sweden,Female,Öjebyn,Tazz,61503.76,SEK
Roger,Murphy,rmurphy8m@chron.com,Argentina,Male,Las Varas,Ntag,78076.77,ARS
Andrea,Black,ablack8n@narod.ru,Australia,Female,Eastern Suburbs Mc,Viva,61550.24,AUD
Rose,Rogers,rrogers8o@meetup.com,Thailand,Female,Maha Sarakham,Oyonder,83683.59,THB
Philip,Brooks,pbrooks8p@sciencedaily.com,United States,Male,Valdosta,Dabvine,40767.44,USD
Justin,Rogers,jrogers8q@twitter.com,Indonesia,Male,Ngawen,Devpoint,34952.72,IDR
Timothy,Burns,tburns8r@oracle.com,Indonesia,Male,Punsu,Avamba,50054.16,IDR
Stephanie,George,sgeorge8s@canalblog.com,China,Female,Hongzhou,Trunyx,21484.21,CNY
Raymond,Oliver,roliver8t@state.tx.us,China,Male,Changzheng,Tazzy,72511.88,CNY
Wayne,King,wking8u@imgur.com,Sweden,Male,Eskilstuna,Eayo,75644.13,SEK
Edward,Lopez,elopez8v@google.ru,United States,Male,Austin,Youopia,93109.96,USD
Michael,Robinson,mrobinson8w@wufoo.com,Comoros,Male,Moya,Quinu,23769.91,KMF
Chris,Day,cday8x@flickr.com,France,Male,Poitiers,Blogspan,57974.37,EUR
Jack,Ward,jward8y@istockphoto.com,Indonesia,Male,Kebon,Photospace,,IDR
Roy,Montgomery,rmontgomery8z@addtoany.com,Vietnam,Male,Phong Điền,Tagpad,72872.72,VND
Linda,Jones,ljones90@typepad.com,Mexico,Female,Lindavista,Zoombeat,86396.85,MXN
Ernest,Hicks,ehicks91@github.io,Russia,Male,Plavsk,Photolist,52098.21,RUB
Frank,Miller,fmiller92@tumblr.com,Ukraine,Male,Kostyantynivka,Dablist,5054.72,UAH
Irene,Gonzales,igonzales93@usnews.com,Cyprus,Female,Ágios Týchon,InnoZ,76490.79,EUR
Harold,Wheeler,hwheeler94@hibu.com,Russia,Male,Stanovoye,Brainverse,167.68,RUB
Harry,Stone,hstone95@goo.ne.jp,Afghanistan,Male,Chakaray,Jayo,88251.43,AFN
Paula,Phillips,pphillips96@chronoengine.com,Colombia,Female,Viterbo,Tagopia,71364.70,COP
Ruby,Gomez,rgomez97@shareasale.com,Czech Republic,Female,Habartov,Zoomzone,35218.47,CZK
Louis,Harris,lharris98@bandcamp.com,Poland,Male,Biecz,Kwilith,56806.07,PLN
Lori,Ford,lford99@mediafire.com,Philippines,Female,Mapalad,Roodel,21138.85,PHP
Brenda,Duncan,bduncan9a@usnews.com,Portugal,Female,Manique de Baixo,Buzzshare,16140.81,EUR
Dorothy,Phillips,dphillips9b@godaddy.com,Czech Republic,Female,Nasavrky,InnoZ,52138.50,CZK
Fred,Owens,fowens9c@wix.com,Indonesia,Male,Banjar Anyar,Eire,26702.24,IDR
Judy,Griffin,jgriffin9d@thetimes.co.uk,Ukraine,Female,Perechyn,Zoomlounge,42442.53,UAH
David,Lopez,dlopez9e@webs.com,China,Male,Hancheng,Flipstorm,76213.72,CNY
Nicholas,Hamilton,nhamilton9f@ycombinator.com,Czech Republic,Male,Jaroměřice nad Rokytnou,Skipstorm,22990.04,CZK
Richard,Burton,rburton9g@list-manage.com,Indonesia,Male,Parang,Oyondu,88525.22,IDR
Alice,Mendoza,amendoza9h@networkadvertising.org,Argentina,Female,Brinkmann,Skibox,77178.30,ARS
Emily,King,eking9i@trellian.com,Hungary,Female,Budapest,Dynava,37764.62,HUF
Deborah,Cook,dcook9j@umn.edu,South Africa,Female,Mokopane,Jabberbean,2640.11,ZAR
Janice,Lawrence,jlawrence9k@hubpages.com,China,Female,Lubu,Tagtune,17658.22,CNY
Julie,Stephens,jstephens9l@hubpages.com,Portugal,Female,Eixo,Meezzy,39234.20,EUR
Joshua,Little,jlittle9m@tmall.com,Poland,Male,Świdwin,Rhyloo,30064.90,PLN
Chris,Arnold,carnold9n@instagram.com,Japan,Male,Kamiichi,Jamia,19591.10,JPY
Richard,Carter,rcarter9o@nature.com,Czech Republic,Male,Karolinka,Bluezoom,65973.42,CZK
Richard,Nichols,rnichols9p@purevolume.com,Argentina,Male,Villa María,Mita,114.90,ARS
Nicholas,West,nwest9q@tmall.com,Croatia,Male,Lovran,Divavu,33920.62,HRK
Earl,Bailey,ebailey9r@de.vu,Greece,Male,Eláteia,Zoombox,25187.07,EUR
Carolyn,Russell,crussell9s@intel.com,United States,Female,Brooklyn,Feedfire,,USD
Joseph,Lee,jlee9t@elpais.com,Philippines,Male,Kibonsod,Zoomcast,44940.86,PHP
Kathleen,Gordon,kgordon9u@who.int,Greece,Female,Vareiá,Thoughtsphere,31716.57,EUR
Philip,Grant,pgrant9v@ucoz.com,Russia,Male,Rakhmanovo,Jatri,61763.19,RUB
Phillip,Frazier,pfrazier9w@home.pl,Venezuela,Male,El Pao,Quamba,72429.23,VEF
Phyllis,Nelson,pnelson9x@dedecms.com,Portugal,Female,Estoi,Shufflester,94365.11,EUR
Rebecca,Duncan,rduncan9y@sphinn.com,Indonesia,Female,Timur,Browsedrive,59054.55,IDR
Kenneth,Johnston,kjohnston9z@github.io,Japan,Male,Toki,Zazio,82074.96,JPY
Harold,Lawrence,hlawrencea0@cisco.com,Sweden,Male,Rättvik,Rhynyx,54775.69,SEK
Sarah,Lawson,slawsona1@addtoany.com,Japan,Female,Takanosu,Linkbridge,18184.41,JPY
Jeffrey,Diaz,jdiaza2@usnews.com,South Korea,Male,Tangjin,Jaxnation,77492.18,KRW
Christopher,Henderson,chendersona3@istockphoto.com,Portugal,Male,Real,Trilith,2017.23,EUR
Juan,Peters,jpetersa4@indiatimes.com,China,Male,Xinjiezi,Voolith,4221.30,CNY
Jeremy,Gordon,jgordona5@time.com,Guatemala,Male,San Manuel Chaparrón,Trudoo,59540.87,GTQ
Cheryl,Griffin,cgriffina6@springer.com,Madagascar,Female,Ambarakaraka,Bubbletube,45491.96,MGA
Billy,Franklin,bfranklina7@time.com,Croatia,Male,Jelsa,Avamm,,HRK
Rebecca,Webb,rwebba8@wikispaces.com,Vietnam,Female,Thị Trấn Thuận Châu,Rhyloo,,VND
Andrew,Palmer,apalmera9@com.com,Slovenia,Male,Videm pri Ptuju,Ooba,39966.05,EUR
Roger,Lopez,rlopezaa@salon.com,Philippines,Male,Bantuanon,Zoomdog,32607.25,PHP
Dennis,Campbell,dcampbellab@godaddy.com,China,Male,Daohe,Plajo,34015.57,CNY
Johnny,Green,jgreenac@elpais.com,Saint Lucia,Male,Soufrière,Zooxo,,XCD
Jimmy,Peters,jpetersad@artisteer.com,Lithuania,Male,Veisiejai,Vidoo,17914.07,LTL
Julia,Kelley,jkelleyae@irs.gov,Russia,Female,Rodionovo-Nesvetaiskoye,Divanoodle,48230.06,RUB
Linda,Ford,lfordaf@msn.com,Russia,Female,Valuyki,Yombu,26179.72,RUB
Ralph,Wright,rwrightag@noaa.gov,Slovenia,Male,Kranjska Gora,Thoughtblab,93599.07,EUR
Jonathan,Hunt,jhuntah@forbes.com,France,Male,Montesson,Cogilith,97287.67,EUR
Barbara,Duncan,bduncanai@sourceforge.net,Poland,Female,Paprotnia,Zoomzone,91576.91,PLN
Gerald,Sims,gsimsaj@latimes.com,Portugal,Male,Sabugo,Janyx,71626.87,EUR
Ralph,Lane,rlaneak@geocities.com,China,Male,Renhe,Lazzy,33402.61,CNY
Harold,Fisher,hfisheral@myspace.com,Vietnam,Male,Nam Sách,Miboo,9827.41,VND
Brenda,Harvey,bharveyam@jalbum.net,China,Female,Tuopu Luke,Yombu,55619.37,CNY
Louis,Ellis,lellisan@berkeley.edu,Brazil,Male,Nortelândia,Wordware,6031.59,BRL
Ralph,Murray,rmurrayao@odnoklassniki.ru,Czech Republic,Male,Žandov,Bubblebox,66687.45,CZK
Tammy,Little,tlittleap@addtoany.com,Japan,Female,Togitsu,Tagopia,3445.20,JPY
Walter,Hamilton,whamiltonaq@guardian.co.uk,Czech Republic,Male,Vnorovy,Twitterbridge,29722.46,CZK
Clarence,Lopez,clopezar@tamu.edu,China,Male,Liangwangzhuang,Divape,21088.59,CNY
Nicholas,Phillips,nphillipsas@wikia.com,Philippines,Male,Marantao,Cogidoo,,PHP
Christine,Morgan,cmorganat@paginegialle.it,China,Female,Jiufeng,Feedspan,640.58,CNY
Fred,Nguyen,fnguyenau@joomla.org,Slovenia,Male,Hrušica,Jaxbean,38421.01,EUR
Jean,Porter,jporterav@google.ru,China,Female,Sangesi,Chatterbridge,6300.98,CNY
Joshua,Wallace,jwallaceaw@jiathis.com,Philippines,Male,Lambayong,Realcube,35857.48,PHP
Karen,Crawford,kcrawfordax@example.com,Indonesia,Female,Sumberagung,Rhynoodle,67379.10,IDR
Anthony,Kelly,akellyay@toplist.cz,United States,Male,Kansas City,Livetube,14140.46,USD
Rachel,Alexander,ralexanderaz@1und1.de,China,Female,Xinchong,Zoomdog,78133.28,CNY
Adam,Williamson,awilliamsonb0@mtv.com,Philippines,Male,Fuerte,Fiveclub,5175.00,PHP
Ralph,Fuller,rfullerb1@dedecms.com,Philippines,Male,Camiling,Jamia,85325.51,PHP
Lois,Chavez,lchavezb2@github.com,Philippines,Female,Quipot,Jayo,80437.94,PHP
Shawn,Garcia,sgarciab3@harvard.edu,China,Male,Liyang,Voonder,14961.05,CNY
Pamela,Jenkins,pjenkinsb4@fotki.com,Zimbabwe,Female,Bindura,Livetube,99243.99,ZWL
Martha,Perry,mperryb5@discuz.net,China,Female,Hairag,Realpoint,70219.09,CNY
Mark,Mccoy,mmccoyb6@flickr.com,Malaysia,Male,Kota Kinabalu,Thoughtblab,,MYR
Donald,Bailey,dbaileyb7@newsvine.com,Russia,Male,Sinegorskiy,Edgeclub,83781.50,RUB
Cynthia,Henderson,chendersonb8@flavors.me,Portugal,Female,Guia,Fadeo,75268.85,EUR
Billy,Willis,bwillisb9@themeforest.net,China,Male,Liutang,Plambee,25334.89,CNY
Helen,Chavez,hchavezba@amazon.co.jp,Brazil,Female,Araçatuba,Brightdog,18704.49,BRL
Sean,Gibson,sgibsonbb@de.vu,China,Male,Quanling,Skiptube,77129.91,CNY
Linda,Ruiz,lruizbc@comcast.net,Indonesia,Female,Uluale,Oloo,37819.70,IDR
Robert,Reid,rreidbd@irs.gov,Tanzania,Male,Kabanga,Omba,32764.24,TZS
William,Berry,wberrybe@prweb.com,Philippines,Male,San Miguel,Skimia,52287.10,PHP
Rachel,Palmer,rpalmerbf@scribd.com,Albania,Female,Gostimë,Fanoodle,49294.74,ALL
Christine,Alexander,calexanderbg@seattletimes.com,Malaysia,Female,Kangar,Thoughtstorm,37263.34,MYR
Richard,Schmidt,rschmidtbh@people.com.cn,Thailand,Male,Manorom,Devcast,61068.02,THB
Johnny,Carpenter,jcarpenterbi@fastcompany.com,Greece,Male,Týrnavos,Fadeo,18821.27,EUR
Jacqueline,Rodriguez,jrodriguezbj@tinypic.com,Czech Republic,Female,Zbiroh,Twiyo,48084.26,CZK
Philip,Perez,pperezbk@scribd.com,Morocco,Male,Tan-Tan,Brainlounge,9400.51,MAD
Joan,Burns,jburnsbl@disqus.com,China,Female,Zhongzuiling,Meezzy,12397.46,CNY
Diana,Murray,dmurraybm@time.com,Argentina,Female,La Eduvigis,Minyx,70611.41,ARS
Christopher,Harrison,charrisonbn@ebay.co.uk,Finland,Male,Punkaharju,Zoombox,49432.10,EUR
Annie,Wagner,awagnerbo@cmu.edu,Norway,Female,Tromsø,Edgewire,60739.92,NOK
Brandon,Howell,bhowellbp@soundcloud.com,Indonesia,Male,Simpang,Quinu,29357.04,IDR
Stephanie,Welch,swelchbq@google.com.br,China,Female,Sanquan,Fliptune,1785.20,CNY
Russell,Meyer,rmeyerbr@miitbeian.gov.cn,China,Male,Guyang,Realbridge,95854.24,CNY
Catherine,Gutierrez,cgutierrezbs@java.com,Guatemala,Female,San Miguel Ixtahuacán,Roombo,7827.71,GTQ
Todd,Matthews,tmatthewsbt@cbsnews.com,Russia,Male,Khadyzhensk,Photospace,63398.72,RUB
Carlos,Hughes,chughesbu@mac.com,Philippines,Male,Cabog,Tagpad,20002.34,PHP
Thomas,Reid,treidbv@blinklist.com,Philippines,Male,Guiuan,Plajo,88262.47,PHP
Debra,Gilbert,dgilbertbw@netscape.com,China,Female,Jingshan,Dynabox,84698.08,CNY
Chris,Perez,cperezbx@engadget.com,France,Male,Laval,Eire,44089.25,EUR
Katherine,Carter,kcarterby@java.com,Croatia,Female,Kruševo,Rhynyx,52610.64,HRK
Phillip,Webb,pwebbbz@reddit.com,Indonesia,Male,Cikupa,Skilith,14490.17,IDR
Sandra,Tucker,stuckerc0@boston.com,North Korea,Female,Kyŏngsŏng,Ooba,48645.87,KPW
Shirley,Coleman,scolemanc1@cbslocal.com,Afghanistan,Female,Markaz-e Woluswalī-ye Āchīn,Dablist,52826.03,AFN
Beverly,King,bkingc2@a8.net,Indonesia,Female,Ramaram,Jabbersphere,,IDR
Alan,Rice,aricec3@va.gov,Philippines,Male,Matalam,Babbleset,19162.53,PHP
Pamela,Walker,pwalkerc4@ed.gov,Norway,Female,Oslo,Avamba,35904.15,NOK
Jesse,Williams,jwilliamsc5@unicef.org,Thailand,Male,Prakhon Chai,Oloo,37930.47,THB
Patrick,Coleman,pcolemanc6@nifty.com,Russia,Male,Suponevo,Rhybox,,RUB
Cheryl,Roberts,crobertsc7@devhub.com,Philippines,Female,Rizal,Rooxo,26008.57,PHP
Justin,Payne,jpaynec8@cnn.com,Poland,Male,Nasielsk,Skinte,16312.27,PLN
Clarence,Garza,cgarzac9@lycos.com,Croatia,Male,Belišće,Gigabox,31595.60,HRK
Brenda,Mitchell,bmitchellca@comsenz.com,Haiti,Female,Pétionville,Mita,43757.89,HTG
Andrea,Rivera,ariveracb@yandex.ru,Kazakhstan,Female,Kyzylorda,Edgepulse,93796.30,KZT
John,Daniels,jdanielscc@studiopress.com,Finland,Male,Kuusjoki,Trudoo,57367.73,EUR
Ralph,Walker,rwalkercd@comcast.net,China,Male,Zhaobei,Brainlounge,63824.43,CNY
Jesse,Sanders,jsandersce@liveinternet.ru,Indonesia,Male,Tanjung,Thoughtstorm,73355.67,IDR
Rose,Johnston,rjohnstoncf@prnewswire.com,Sweden,Female,Söderhamn,Topdrive,9948.67,SEK
Barbara,Boyd,bboydcg@mac.com,China,Female,Zhuangta,Trudeo,51301.00,CNY
Wanda,Wilson,wwilsonch@nsw.gov.au,China,Female,Zhuoshui,Browsetype,,CNY
Christine,Carroll,ccarrollci@booking.com,China,Female,Longquan,Devpoint,32640.85,CNY
Walter,Armstrong,warmstrongcj@thetimes.co.uk,Indonesia,Male,Nanganumba,Oyope,70789.93,IDR
Roy,Hill,rhillck@ow.ly,China,Male,Tacheng,Skajo,30238.45,CNY
Shawn,Sims,ssimscl@yahoo.co.jp,China,Male,Yong’an,Devcast,32395.67,CNY
Annie,Kennedy,akennedycm@unc.edu,Philippines,Female,Bagulin,Trupe,73665.12,PHP
Rachel,Bishop,rbishopcn@wisc.edu,Madagascar,Female,Moramanga,BlogXS,,MGA
Betty,Taylor,btaylorco@histats.com,Guatemala,Female,San Luis Jilotepeque,Twiyo,56438.64,GTQ
Randy,Moreno,rmorenocp@ca.gov,China,Male,Mingshan,Vimbo,14814.94,CNY
Anna,Ferguson,afergusoncq@topsy.com,Syria,Female,Dhībīn,Yakitri,72786.33,SYP
Dorothy,Bryant,dbryantcr@illinois.edu,China,Female,Caqu,Nlounge,75389.34,CNY
Joe,Webb,jwebbcs@stanford.edu,China,Male,Yongheshi,Twitterbeat,24205.32,CNY
Virginia,Clark,vclarkct@moonfruit.com,Indonesia,Female,Tambakrejo,Oyoyo,,IDR
Laura,Fuller,lfullercu@seesaa.net,Russia,Female,Kamyshin,Twinder,39040.33,RUB
Louise,Dixon,ldixoncv@arizona.edu,Czech Republic,Female,Nový Knín,Skyba,75410.29,CZK
Anna,Willis,awilliscw@webmd.com,Greece,Female,Náousa,Fiveclub,80201.25,EUR
Louis,Johnston,ljohnstoncx@deliciousdays.com,Canada,Male,Athabasca,Talane,10595.52,CAD
Norma,Montgomery,nmontgomerycy@state.gov,Russia,Female,Kyshtym,Dynabox,92616.71,RUB
Victor,Rivera,vriveracz@mac.com,China,Male,Xinchang,Gabcube,85094.61,CNY
Christopher,Murray,cmurrayd0@independent.co.uk,China,Male,Dawusu,Oyope,57207.89,CNY
Anthony,Day,adayd1@ca.gov,Panama,Male,El Coco,Viva,59603.36,PAB
Janet,Franklin,jfranklind2@360.cn,Croatia,Female,Lovran,Einti,,HRK
Marilyn,Green,mgreend3@bloglines.com,Maldives,Female,Fuvahmulah,Snaptags,16855.49,MVR
Angela,Peters,apetersd4@about.me,Libya,Female,Qasr Abu Hadi,Wikibox,99436.77,LYD
Albert,Arnold,aarnoldd5@pagesperso-orange.fr,Sweden,Male,Avesta,Trudeo,14378.87,SEK
Kimberly,Baker,kbakerd6@oaic.gov.au,Brazil,Female,Lago dos Rodrigues,Zoomzone,6476.00,BRL
Denise,Davis,ddavisd7@sohu.com,Philippines,Female,Magtangol,Kimia,52722.41,PHP
Christina,Welch,cwelchd8@disqus.com,Panama,Female,Ustupo,Eamia,4716.71,PAB
Keith,Matthews,kmatthewsd9@weebly.com,Indonesia,Male,Kertosari,Tazz,36798.01,IDR
Elizabeth,Ward,ewardda@drupal.org,Indonesia,Female,Kliteh,Wikivu,73656.38,IDR
Juan,Williams,jwilliamsdb@ask.com,Brazil,Male,Araçatuba,Eazzy,76060.09,BRL
Frank,Larson,flarsondc@chicagotribune.com,Indonesia,Male,Wolonio,Meetz,89115.59,IDR
Beverly,Gordon,bgordondd@scientificamerican.com,China,Female,Xiaji,BlogXS,79364.39,CNY
Emily,Larson,elarsonde@mashable.com,Finland,Female,Hankasalmi,Kaymbo,71951.98,EUR
Robin,Bennett,rbennettdf@ftc.gov,Vietnam,Female,Cái Dầu,Kazio,89706.05,VND
Anna,Tucker,atuckerdg@microsoft.com,Argentina,Female,General Roca,Babbleblab,16133.66,ARS
Denise,Gibson,dgibsondh@earthlink.net,Peru,Female,Potoni,Talane,79639.17,PEN
Terry,Dixon,tdixondi@senate.gov,Philippines,Male,Lagangilang,Digitube,42636.23,PHP
Samuel,Williamson,swilliamsondj@ebay.com,Poland,Male,Piotrków Trybunalski,Twitterwire,,PLN
Craig,Carr,ccarrdk@yellowbook.com,Netherlands,Male,Rosmalen,Wordify,72346.91,EUR
Amy,Bryant,abryantdl@github.io,Mexico,Female,San Sebastian,Yata,8822.99,MXN
Sean,Wood,swooddm@sakura.ne.jp,China,Male,Dianzi,Fadeo,29345.99,CNY
Wanda,Hernandez,whernandezdn@latimes.com,Ukraine,Female,Biryukove,Skipstorm,72503.33,UAH
Antonio,Hall,ahalldo@answers.com,China,Male,Shixi,Dynabox,10553.83,CNY
Lois,Hawkins,lhawkinsdp@mayoclinic.com,Ukraine,Female,Luhans’ke,Zoomlounge,23270.28,UAH
Lawrence,Kelley,lkelleydq@nsw.gov.au,Syria,Male,Jāsim,InnoZ,,SYP
Chris,Baker,cbakerdr@ted.com,Indonesia,Male,Krajan,Thoughtblab,36511.72,IDR
Gerald,Andrews,gandrewsds@unblog.fr,Sweden,Male,Linköping,Zoomdog,77488.88,SEK
Eric,Castillo,ecastillodt@cdc.gov,Brazil,Male,Itanhandu,Flashspan,2121.57,BRL
Johnny,Chapman,jchapmandu@blogs.com,Brazil,Male,Farroupilha,Dablist,6234.46,BRL
Joan,Long,jlongdv@nsw.gov.au,Costa Rica,Female,Ángeles,Babblestorm,25402.82,CRC
Willie,Roberts,wrobertsdw@51.la,China,Male,Huolongmen,Skibox,29303.67,CNY
Jean,Robinson,jrobinsondx@ca.gov,Argentina,Female,Libertador General San Martín,LiveZ,61490.12,ARS
Janet,Johnston,jjohnstondy@uol.com.br,Indonesia,Female,Palla,Trudeo,30045.45,IDR
Martin,Hunter,mhunterdz@webmd.com,Sweden,Male,Uppsala,Trilia,70689.22,SEK
Carlos,Ortiz,cortize0@wix.com,Brazil,Male,Taubaté,Flashdog,65530.14,BRL
Ashley,Ferguson,afergusone1@tiny.cc,Russia,Female,Rybnoye,Zoonder,52388.35,RUB
Lois,Henderson,lhendersone2@oaic.gov.au,Vietnam,Female,Bằng Lũng,Zoombox,18776.53,VND
Phyllis,Dixon,pdixone3@acquirethisname.com,Ireland,Female,Cashel,Livetube,54657.39,EUR
Gloria,Reynolds,greynoldse4@weather.com,China,Female,Qingshi,Twitterlist,1592.08,CNY
Cheryl,Thomas,cthomase5@amazon.co.uk,China,Female,Songzhuang,Trilia,37818.55,CNY
Louise,Hamilton,lhamiltone6@nymag.com,China,Female,Luzhi,Trunyx,88176.07,CNY
Jennifer,Barnes,jbarnese7@fema.gov,Swaziland,Female,Mhlume,Wikibox,42640.53,SZL
Martin,Elliott,melliotte8@unc.edu,Kenya,Male,Isiolo,Skibox,9816.60,KES
Brenda,Smith,bsmithe9@vkontakte.ru,Indonesia,Female,Mojokerto,Topicstorm,77337.75,IDR
Jerry,Murphy,jmurphyea@51.la,China,Male,Zongjia,Cogilith,28934.71,CNY
Tammy,Ramos,tramoseb@imgur.com,Brazil,Female,Colombo,Youspan,55855.06,BRL
Adam,Crawford,acrawfordec@mac.com,Philippines,Male,Gocoton,Quatz,1204.82,PHP
Rose,Sullivan,rsullivaned@ameblo.jp,Japan,Female,Fujinomiya,Realbridge,82851.01,JPY
Joyce,Henderson,jhendersonee@amazon.co.jp,Brazil,Female,São Gonçalo do Sapucaí,Livepath,99868.99,BRL
Mildred,Gutierrez,mgutierrezef@go.com,Brazil,Female,Xanxerê,Jabbertype,83118.31,BRL
Ralph,Mitchell,rmitchelleg@biglobe.ne.jp,Portugal,Male,Cernache do Bonjardim,Topicshots,64631.35,EUR
Roy,Gutierrez,rgutierrezeh@moonfruit.com,Philippines,Male,Alibago,Livetube,,PHP
Ruby,Ward,rwardei@goodreads.com,Thailand,Female,Ban Phue,Eidel,64366.83,THB
Stephanie,Armstrong,sarmstrongej@webmd.com,Japan,Female,Kaizuka,Thoughtbeat,60533.09,JPY
Andrew,Harris,aharrisek@squidoo.com,Iceland,Male,Stykkishólmur,Mita,19120.51,ISK
Douglas,Walker,dwalkerel@hao123.com,Macedonia,Male,Gevgelija,Tekfly,,MKD
Roger,Montgomery,rmontgomeryem@infoseek.co.jp,United States,Male,Knoxville,Agivu,6685.74,USD
Sean,Fernandez,sfernandezen@issuu.com,China,Male,Hengshitang,Zoombeat,,CNY
Janice,Watkins,jwatkinseo@archive.org,Philippines,Female,Calabaca,Vidoo,40339.01,PHP
Katherine,Riley,krileyep@who.int,Indonesia,Female,Kaum Kaler,Twimm,27963.43,IDR
Timothy,Ray,trayeq@sciencedirect.com,Czech Republic,Male,Varnsdorf,Jaxworks,47253.42,CZK
David,Miller,dmillerer@simplemachines.org,Brazil,Male,Soure,Oyope,55156.89,BRL
Jonathan,Phillips,jphillipses@taobao.com,Thailand,Male,Satun,Thoughtstorm,49760.02,THB
Brenda,Butler,bbutleret@domainmarket.com,Indonesia,Female,Titiakar,Vitz,74598.75,IDR
Joshua,Bradley,jbradleyeu@wikia.com,Mexico,Male,Lazaro Cardenas,Devify,2853.69,MXN
Robin,Brown,rbrownev@bizjournals.com,Colombia,Female,Murindó,Jaxnation,91312.99,COP
Albert,Armstrong,aarmstrongew@noaa.gov,Greece,Male,Nerokoúros,Edgeclub,23303.25,EUR
Bruce,Armstrong,barmstrongex@mediafire.com,South Africa,Male,Whittlesea,Zooveo,,ZAR
Evelyn,Day,edayey@studiopress.com,Tanzania,Female,Hedaru,Devbug,12014.48,TZS
Theresa,Johnston,tjohnstonez@smh.com.au,Denmark,Female,København,Riffpath,45076.56,DKK
Teresa,Arnold,tarnoldf0@pcworld.com,China,Female,Lingdangge,Gabtype,71144.34,CNY
Maria,Stanley,mstanleyf1@amazon.com,Ireland,Female,Aughrim,Jabbercube,22495.89,EUR
Lois,Adams,ladamsf2@cocolog-nifty.com,Madagascar,Female,Ambatolampy,Cogibox,74905.39,MGA
Brandon,Hall,bhallf3@dailymotion.com,Tunisia,Male,Gabès,Abata,51845.85,TND
Aaron,Snyder,asnyderf4@scientificamerican.com,Indonesia,Male,Jampang Tengah,Abatz,39821.80,IDR
Carol,Warren,cwarrenf5@gravatar.com,South Sudan,Female,Rumbek,Yodel,66742.36,SSP
Ralph,Harrison,rharrisonf6@merriam-webster.com,Indonesia,Male,Sumbersari Wetan,Fiveclub,83312.72,IDR
Brian,Brooks,bbrooksf7@miibeian.gov.cn,Uzbekistan,Male,Kyzyldzhar,Eidel,78829.70,UZS
Steve,Campbell,scampbellf8@networkadvertising.org,Egypt,Male,Madīnat Sittah Uktūbar,Katz,66159.54,EGP
Keith,Rivera,kriveraf9@upenn.edu,Portugal,Male,Moreira de Geraz do Lima,Shuffledrive,7018.93,EUR
Peter,Reed,preedfa@loc.gov,Kazakhstan,Male,Sarykemer,Feedbug,,KZT
Gary,Harper,gharperfb@flavors.me,Russia,Male,Korobitsyno,Gabvine,86167.32,RUB
Deborah,Hunt,dhuntfc@ow.ly,Egypt,Female,Sohag,Skipfire,2810.12,EGP
Katherine,Torres,ktorresfd@nature.com,Brazil,Female,Japeri,Zooxo,17712.82,BRL
Theresa,Mcdonald,tmcdonaldfe@irs.gov,Portugal,Female,Santa Cruz,Oyoyo,45862.83,EUR
Christina,Thomas,cthomasff@fotki.com,China,Female,Shayuan,Brightdog,47888.07,CNY
Kenneth,Stevens,kstevensfg@harvard.edu,China,Male,Chuangwang,Trunyx,65794.58,CNY
Randy,Harris,rharrisfh@wired.com,Philippines,Male,Santo Niño,Yadel,50619.04,PHP
Nicole,Larson,nlarsonfi@livejournal.com,Russia,Female,Klyuchi,Oyonder,17984.78,RUB
Irene,Morrison,imorrisonfj@lulu.com,China,Female,Xiaochuan,Jabberbean,88081.48,CNY
Judith,Pierce,jpiercefk@yale.edu,Colombia,Female,Facatativá,Tagfeed,66956.48,COP
Clarence,Johnson,cjohnsonfl@wp.com,United States,Male,Murfreesboro,Shuffledrive,40126.45,USD
Daniel,Brooks,dbrooksfm@163.com,Equatorial Guinea,Male,Machinda,Tagopia,10917.18,XAF
Ernest,Dean,edeanfn@histats.com,China,Male,Zhendu,Wikizz,29091.28,CNY
Judy,Marshall,jmarshallfo@wordpress.com,Colombia,Female,Villa del Rosario,Trupe,90035.33,COP
Wanda,Wright,wwrightfp@phpbb.com,China,Female,Hailin,Riffwire,46851.75,CNY
Rachel,Frazier,rfrazierfq@jimdo.com,Indonesia,Female,Pabuaran,Wikivu,90629.02,IDR
Helen,Foster,hfosterfr@hubpages.com,China,Female,Nankang,Mynte,53311.86,CNY
Sara,Burns,sburnsfs@edublogs.org,Ukraine,Female,Mykolayiv,Mycat,93306.95,UAH
Rachel,Henderson,rhendersonft@uol.com.br,China,Female,Chenzui,Topiczoom,24627.22,CNY
Amy,Oliver,aoliverfu@webs.com,Tuvalu,Female,Funafuti,Photofeed,35705.01,AUD
Edward,Payne,epaynefv@independent.co.uk,Brazil,Male,Viamão,Skidoo,63662.52,BRL
Sharon,Burton,sburtonfw@hibu.com,Indonesia,Female,Nobinobi,Teklist,73605.11,IDR
Henry,Stephens,hstephensfx@com.com,China,Male,Xiting,Topicstorm,10982.78,CNY
Phyllis,Sanchez,psanchezfy@merriam-webster.com,Japan,Female,Takatsuki,Digitube,,JPY
Julia,Matthews,jmatthewsfz@google.pl,Moldova,Female,Comrat,Jazzy,68845.57,MDL
Jimmy,Rogers,jrogersg0@nhs.uk,Greece,Male,Spétses,Devbug,97892.04,EUR
Annie,Richards,arichardsg1@google.com.hk,Malaysia,Female,Kuala Lumpur,Feedmix,26644.19,MYR
Harry,Ford,hfordg2@cornell.edu,Uganda,Male,Buikwe,Vipe,93455.15,UGX
John,Walker,jwalkerg3@mtv.com,Canada,Male,Grand Bank,Feedbug,,CAD
Chris,Dean,cdeang4@livejournal.com,Ukraine,Male,Bilopillya,Gabcube,89077.53,UAH
Sandra,Day,sdayg5@furl.net,Italy,Female,Roma,Katz,58660.42,EUR
Pamela,Hamilton,phamiltong6@ucsd.edu,Sri Lanka,Female,Hikkaduwa,Dynabox,54642.23,LKR
Norma,George,ngeorgeg7@pcworld.com,Myanmar,Female,Kyaukse,Omba,52387.63,MMK
George,Peterson,gpetersong8@bandcamp.com,Brazil,Male,Lorena,Lazz,51749.55,BRL
Denise,Black,dblackg9@hexun.com,Cuba,Female,Guisa,Quire,23391.54,CUP
Judy,Webb,jwebbga@who.int,China,Female,Hejiaping,Zoomdog,38154.33,CNY
Eugene,Alexander,ealexandergb@opensource.org,Philippines,Male,Santa Teresa,Voonte,30372.92,PHP
Jacqueline,Harris,jharrisgc@timesonline.co.uk,Benin,Female,Kétou,Flashdog,23967.95,XOF
Anna,Reyes,areyesgd@gravatar.com,Peru,Female,La Esperanza,Fliptune,29796.40,PEN
Eugene,Greene,egreenege@mapquest.com,Iran,Male,Bandar-e Māhshahr,Topiclounge,,IRR
Jeffrey,Johnson,jjohnsongf@sun.com,Belarus,Male,Orsha,Cogidoo,79534.71,BYR
Chris,Graham,cgrahamgg@ucoz.ru,Bosnia and Herzegovina,Male,Stanari,Wordtune,78780.62,BAM
Margaret,Boyd,mboydgh@vkontakte.ru,France,Female,Valence,Shufflester,70850.66,EUR
Melissa,Freeman,mfreemangi@youtube.com,Swaziland,Female,Bulembu,Yotz,68782.38,SZL
Samuel,Myers,smyersgj@opensource.org,Yemen,Male,Maqbanah,Youopia,95698.41,YER
Howard,Ford,hfordgk@gnu.org,Nigeria,Male,Onueke,Jatri,41454.11,NGN
Billy,Harrison,bharrisongl@jugem.jp,Martinique,Male,Fort-de-France,Zooxo,,EUR
Ruth,Kelley,rkelleygm@friendfeed.com,China,Female,Cishangang,Linktype,29087.65,CNY
Earl,Andrews,eandrewsgn@economist.com,Argentina,Male,San José de Feliciano,Trilia,14700.96,ARS
Tammy,Morales,tmoralesgo@omniture.com,Poland,Female,Ożarowice,Tazzy,29160.06,PLN
Nicole,Kennedy,nkennedygp@goo.ne.jp,Portugal,Female,Bouça,Zooveo,36718.81,EUR
Wayne,Watson,wwatsongq@hostgator.com,Ireland,Male,Blarney,Ailane,28150.81,EUR
Pamela,Rose,prosegr@toplist.cz,United States,Female,Fort Worth,Flipbug,26093.81,USD
Sean,Kennedy,skennedygs@dell.com,Portugal,Male,Lagoa de Albufeira,Oyoba,6771.75,EUR
Victor,Fox,vfoxgt@acquirethisname.com,Indonesia,Male,Kebonsari Kidul,Gabcube,48744.42,IDR
Frances,Mendoza,fmendozagu@smh.com.au,Russia,Female,Orichi,Skalith,66802.83,RUB
Earl,Lee,eleegv@usgs.gov,China,Male,Jiancheng,Skaboo,11955.77,CNY
Beverly,Foster,bfostergw@nih.gov,China,Female,Xishaqiao,Kamba,89445.11,CNY
Anthony,Daniels,adanielsgx@independent.co.uk,Philippines,Male,Guruyan,Browseblab,48455.77,PHP
Timothy,Ortiz,tortizgy@vk.com,Netherlands,Male,Eindhoven,Brainbox,77981.23,EUR
Andrew,Wells,awellsgz@booking.com,Russia,Male,Votkinsk,Zoomlounge,88284.76,RUB
Katherine,Parker,kparkerh0@microsoft.com,China,Female,Xinlong,Buzzshare,82564.83,CNY
Andrea,Martinez,amartinezh1@technorati.com,France,Female,Dijon,Oyope,93906.62,EUR
Annie,Ryan,aryanh2@scribd.com,Philippines,Female,San Vicente,Feedbug,84770.44,PHP
Victor,Williams,vwilliamsh3@mozilla.org,Sweden,Male,Göteborg,Browsebug,60161.31,SEK
Shirley,Holmes,sholmesh4@noaa.gov,Nigeria,Female,Batsari,Jayo,76294.60,NGN
Gregory,Martin,gmartinh5@google.com,Netherlands,Male,Enschede,Devcast,72865.97,EUR
Ruth,Riley,rrileyh6@mozilla.com,Kazakhstan,Female,Burunday,Babbleopia,45381.64,KZT
Kimberly,Carr,kcarrh7@vinaora.com,Indonesia,Female,Dukuhtengah,Browsebug,19039.08,IDR
Jacqueline,Green,jgreenh8@walmart.com,Portugal,Female,Cascais,Youspan,8973.80,EUR
Howard,Walker,hwalkerh9@uiuc.edu,Nigeria,Male,Ifon,Gigashots,5508.40,NGN
John,Fernandez,jfernandezha@usnews.com,Indonesia,Male,Sumbersari Wetan,Lazz,96559.74,IDR
Howard,Hansen,hhansenhb@accuweather.com,Cambodia,Male,Pursat,Vinte,28181.52,KHR
Michelle,Larson,mlarsonhc@cnet.com,China,Female,Wanquan,Leexo,44945.97,CNY
Charles,Ray,crayhd@ebay.co.uk,Brazil,Male,Aparecida de Goiânia,Katz,39842.14,BRL
Peter,Grant,pgranthe@livejournal.com,Argentina,Male,Federal,Feedfire,52006.84,ARS
Joyce,Evans,jevanshf@amazon.de,Serbia,Female,Sakule,Tambee,75181.36,RSD
Amanda,Peterson,apetersonhg@mozilla.org,South Africa,Female,Adelaide,Jetwire,62622.38,ZAR
Deborah,Rice,dricehh@springer.com,Russia,Female,Talitsy,Eabox,5283.90,RUB
William,Hill,whillhi@devhub.com,Philippines,Male,Castañas,Demizz,,PHP
Gregory,Reed,greedhj@wiley.com,China,Male,Yangfeng,Voolith,46577.04,CNY
Norma,Castillo,ncastillohk@goo.gl,Sweden,Female,Lilla Edet,Innotype,59879.79,SEK
Joseph,Long,jlonghl@google.co.uk,Syria,Male,Yabrūd,Twinder,33993.92,SYP
Tammy,Hicks,thickshm@paginegialle.it,Colombia,Female,Palestina,Flashspan,51651.68,COP
Joan,Torres,jtorreshn@nydailynews.com,Philippines,Female,Talabaan,Skippad,61051.30,PHP
Randy,King,rkingho@example.com,Mozambique,Male,Maxixe,Jayo,5625.96,MZN
Robert,Dean,rdeanhp@alibaba.com,Peru,Male,Mariposa,Camido,99337.92,PEN
Steve,Peters,spetershq@themeforest.net,Russia,Male,Yartsevo,Aimbo,95765.75,RUB
Harold,Gilbert,hgilberthr@1688.com,Luxembourg,Male,Béreldange,Gabcube,19591.57,EUR
Martin,Matthews,mmatthewshs@yellowpages.com,Brazil,Male,Formosa do Rio Preto,Yabox,,BRL
Donna,Barnes,dbarnesht@a8.net,France,Female,Paris La Défense,Topicstorm,23288.46,EUR
Marilyn,Ward,mwardhu@technorati.com,Bosnia and Herzegovina,Female,Janja,Rhycero,18953.17,BAM
Antonio,Marshall,amarshallhv@plala.or.jp,Malaysia,Male,Putrajaya,Brightbean,27016.75,MYR
Joshua,Cook,jcookhw@wunderground.com,China,Male,Yanshang,Oodoo,86945.90,CNY
Brian,Gibson,bgibsonhx@unc.edu,Thailand,Male,Dusit,Yoveo,23493.46,THB
James,Daniels,jdanielshy@privacy.gov.au,Bolivia,Male,Mizque,Layo,72064.62,BOB
Harold,Moreno,hmorenohz@multiply.com,Poland,Male,Krotoszyn,Tazzy,67190.84,PLN
Norma,Reynolds,nreynoldsi0@va.gov,Indonesia,Female,Dalududalu,Quamba,,IDR
Jimmy,Nguyen,jnguyeni1@cnet.com,France,Male,Perpignan,Dabjam,34217.71,EUR
Nancy,Fuller,nfulleri2@columbia.edu,China,Female,Nancheng,Gigabox,65327.98,CNY
Anne,Chavez,achavezi3@com.com,China,Female,Qimeng,Kwimbee,28584.67,CNY
Barbara,Sullivan,bsullivani4@yellowpages.com,Poland,Female,Trojanów,Trudoo,39192.30,PLN
Dorothy,Marshall,dmarshalli5@tripod.com,United States,Female,Topeka,Trilia,46406.43,USD
Carolyn,Griffin,cgriffini6@sohu.com,Poland,Female,Ostrowite,Snaptags,,PLN
Gerald,Wright,gwrighti7@dmoz.org,Indonesia,Male,Dami,BlogXS,57191.35,IDR
Matthew,Morgan,mmorgani8@sourceforge.net,China,Male,Zhayang,Topdrive,1966.54,CNY
Alan,Martin,amartini9@homestead.com,China,Male,Shangdongjie,Tanoodle,58177.73,CNY
Mildred,Fox,mfoxia@hibu.com,China,Female,Hongshan,Babbleset,27168.02,CNY
Debra,Harrison,dharrisonib@mail.ru,China,Female,Tianning,Realmix,22665.23,CNY
Phyllis,Fernandez,pfernandezic@moonfruit.com,Brazil,Female,Itu,Twiyo,44649.82,BRL
Justin,Moreno,jmorenoid@taobao.com,China,Male,Jinxiu,Fivespan,,CNY
Douglas,Ramirez,dramirezie@multiply.com,Philippines,Male,Mainit,Jaloo,6220.75,PHP
Carl,Willis,cwillisif@washingtonpost.com,China,Male,Dazhongzhuang,Quatz,96446.33,CNY
Carl,Robinson,crobinsonig@paginegialle.it,United States,Male,Mesquite,Yacero,89557.07,USD
Jimmy,Howell,jhowellih@auda.org.au,Brazil,Male,Indaial,Dabjam,45432.27,BRL
Adam,Franklin,afranklinii@issuu.com,China,Male,Sankui,Eayo,64933.98,CNY
Jack,Roberts,jrobertsij@illinois.edu,Tanzania,Male,Tunduma,Meevee,55461.80,TZS
Jesse,Ellis,jellisik@comcast.net,South Africa,Male,Himeville,Skyble,36191.44,ZAR
Andrew,Reed,areedil@weebly.com,Poland,Male,Chwałowice,Realbuzz,49836.02,PLN
Sharon,Lewis,slewisim@fastcompany.com,Finland,Female,Äänekoski,Gabcube,,EUR
Lawrence,Lane,llanein@networksolutions.com,Philippines,Male,Balugo,Feedbug,94508.11,PHP
Mary,Lopez,mlopezio@mapquest.com,China,Female,Chixi,Wordify,90894.73,CNY
Judy,Ramirez,jramirezip@weather.com,Indonesia,Female,Lakateng,Devshare,84579.43,IDR
Jennifer,Ramirez,jramireziq@jugem.jp,China,Female,Gutang,Edgeclub,34532.08,CNY
Jonathan,Jones,jjonesir@yale.edu,Bangladesh,Male,Ishurdi,Lajo,62809.92,BDT
Helen,Little,hlittleis@oakley.com,Netherlands,Female,Hoorn,Centizu,17042.67,EUR
Roy,Gonzalez,rgonzalezit@printfriendly.com,Portugal,Male,Bodiosa a Velha,Podcat,32129.11,EUR
Harry,Carr,hcarriu@senate.gov,China,Male,Lian,Tagfeed,66951.49,CNY
Helen,Andrews,handrewsiv@timesonline.co.uk,Brazil,Female,Caieiras,Fivebridge,58902.72,BRL
Kelly,Peters,kpetersiw@google.co.uk,Sri Lanka,Female,Kuliyapitiya,Izio,47503.02,LKR
Robin,Hernandez,rhernandezix@bandcamp.com,Indonesia,Female,Piru,InnoZ,74299.27,IDR
Willie,Morales,wmoralesiy@naver.com,Kazakhstan,Male,Aqsay,Skipstorm,,KZT
Angela,Smith,asmithiz@newsvine.com,China,Female,Haoguantun,Realmix,66759.82,CNY
Cheryl,Baker,cbakerj0@huffingtonpost.com,China,Female,Pu’er,Bluezoom,26348.44,CNY
Paul,Gutierrez,pgutierrezj1@shutterfly.com,Luxembourg,Male,Hesperange,Trilia,89720.17,EUR
Lillian,Owens,lowensj2@amazon.co.uk,China,Female,Ganhe,Mudo,43412.73,CNY
Jeffrey,Austin,jaustinj3@lulu.com,Thailand,Male,Chumphon Buri,Shufflester,,THB
Earl,Meyer,emeyerj4@hc360.com,Bulgaria,Male,Sapareva Banya,Gigashots,31310.41,BGN
Louis,Franklin,lfranklinj5@china.com.cn,Ukraine,Male,Krasne,Brainlounge,66947.29,UAH
David,Watson,dwatsonj6@washingtonpost.com,China,Male,Longshan,Skyndu,,CNY
Ernest,Martinez,emartinezj7@cafepress.com,Mozambique,Male,Inhambane,Youbridge,66023.55,MZN
Melissa,Phillips,mphillipsj8@thetimes.co.uk,Greece,Female,Pórto Chéli,Divanoodle,96683.59,EUR
Kathryn,Evans,kevansj9@google.es,Haiti,Female,Cornillon,Ailane,55969.29,HTG
Stephen,Morgan,smorganja@chronoengine.com,China,Male,Kan,Jamia,7696.88,CNY
Jack,Nichols,jnicholsjb@github.com,China,Male,Weiqi,Dynava,58512.86,CNY
Joyce,Berry,jberryjc@xrea.com,China,Female,Tuanlin,Dabtype,36908.00,CNY
Aaron,Sullivan,asullivanjd@miitbeian.gov.cn,Poland,Male,Raczki,Photobug,85086.18,PLN
Catherine,Ramirez,cramirezje@adobe.com,Indonesia,Female,Matur,Rhyloo,58492.90,IDR
Beverly,Lane,blanejf@drupal.org,Portugal,Female,Santo Amaro,Eire,,EUR
Wayne,Kennedy,wkennedyjg@cam.ac.uk,Germany,Male,Herne,Riffwire,43382.29,EUR
Robin,Gibson,rgibsonjh@jimdo.com,Venezuela,Female,Cúa,Dabfeed,31166.56,VEF
Mary,Long,mlongji@amazon.co.jp,Indonesia,Female,Krajan Dua Dawuan Wetan,Jayo,30221.93,IDR
Jeremy,Nelson,jnelsonjj@usatoday.com,China,Male,Xiapu,Dabtype,39670.67,CNY
Russell,Chapman,rchapmanjk@accuweather.com,Indonesia,Male,Picungbera,Mymm,25855.81,IDR
Scott,Burns,sburnsjl@narod.ru,Thailand,Male,Nong Bua,Blogtags,92315.62,THB
George,Duncan,gduncanjm@t.co,United States,Male,Reno,Linkbridge,22768.59,USD
Virginia,Fox,vfoxjn@oaic.gov.au,China,Female,Daxi,Leexo,33702.89,CNY
Walter,Gomez,wgomezjo@livejournal.com,France,Male,Tarbes,Flipbug,80862.21,EUR
Keith,Wallace,kwallacejp@nhs.uk,Kazakhstan,Male,Kapshagay,Dabfeed,98159.66,KZT
Todd,Black,tblackjq@plala.or.jp,France,Male,Rouen,Dynava,30144.89,EUR
Carol,Russell,crusselljr@narod.ru,Brazil,Female,Jaguariaíva,Yodoo,,BRL
Jean,Adams,jadamsjs@usda.gov,Indonesia,Female,Wongka,Demivee,67025.99,IDR
Annie,Alvarez,aalvarezjt@google.com.au,Indonesia,Female,Tempeh Tengah,Ntag,53135.24,IDR
Frances,Shaw,fshawju@earthlink.net,Norway,Female,Trondheim,Bluezoom,13322.17,NOK
Juan,Carter,jcarterjv@nbcnews.com,Tanzania,Male,Malya,Quimba,65032.80,TZS
Mildred,Sanders,msandersjw@cbc.ca,Indonesia,Female,Tawangrejo,Fivespan,80292.12,IDR
Joshua,Stephens,jstephensjx@unesco.org,Poland,Male,Narew,Quinu,6315.31,PLN
Ernest,Lawson,elawsonjy@google.nl,Cuba,Male,Habana del Este,Devify,,CUP
Scott,Carter,scarterjz@apple.com,Brazil,Male,São Miguel do Iguaçu,Devcast,33178.34,BRL
Louise,Sullivan,lsullivank0@theglobeandmail.com,Indonesia,Female,Krajan,Realcube,48631.86,IDR
Randy,Diaz,rdiazk1@time.com,Ukraine,Male,Kostopil’,Edgetag,29384.27,UAH
Christine,Morales,cmoralesk2@i2i.jp,Portugal,Female,Portela,Wikizz,81598.15,EUR
Eric,Reynolds,ereynoldsk3@sbwire.com,Rwanda,Male,Musanze,Flipstorm,5555.15,RWF
Michael,Williamson,mwilliamsonk4@histats.com,Azerbaijan,Male,Shamkhor,Blogspan,90629.99,AZN
Paula,Stewart,pstewartk5@posterous.com,Philippines,Female,Gatbo,Fiveclub,62315.56,PHP
Julie,Fuller,jfullerk6@theglobeandmail.com,Russia,Female,Yelat’ma,Quinu,963.45,RUB
Ann,Hamilton,ahamiltonk7@plala.or.jp,China,Female,Ningmute,Skidoo,69336.14,CNY
Mary,Lynch,mlynchk8@bravesites.com,Canada,Female,Melville,Gigaclub,36090.86,CAD
Jeremy,West,jwestk9@fastcompany.com,Brazil,Male,Itamaraju,Ntag,81674.14,BRL
Joshua,Diaz,jdiazka@bravesites.com,Panama,Male,Llano de Piedra,Kwimbee,17844.29,PAB
Joe,Woods,jwoodskb@dropbox.com,New Zealand,Male,Riverton,Voonyx,35054.22,NZD
Lori,Lynch,llynchkc@statcounter.com,Syria,Female,Sarmīn,Trupe,46261.55,SYP
Sandra,Flores,sfloreskd@purevolume.com,France,Female,Marne-la-Vallée,Agimba,41086.48,EUR
Joyce,Taylor,jtaylorke@free.fr,United States,Female,Nashville,Gabcube,98257.58,USD
Joe,Vasquez,jvasquezkf@mlb.com,Indonesia,Male,Buka,Muxo,91659.58,IDR
Walter,Turner,wturnerkg@jigsy.com,Nigeria,Male,Mayo Belwa,Latz,,NGN
Alice,Harrison,aharrisonkh@patch.com,Guatemala,Female,Colotenango,BlogXS,,GTQ
Nicholas,Fuller,nfullerki@live.com,Indonesia,Male,Padasono,Vitz,30942.94,IDR
Jeffrey,Martinez,jmartinezkj@nydailynews.com,China,Male,Shuangfeng,Twitternation,,CNY
Louis,Stevens,lstevenskk@qq.com,South Korea,Male,Hwaseong-si,Zoomdog,8692.36,KRW
Matthew,Murphy,mmurphykl@sitemeter.com,China,Male,Hezheng Chengguanzhen,Tagfeed,60006.64,CNY
Diane,Young,dyoungkm@chron.com,Japan,Female,Yamazakichō-nakabirose,Bubblemix,64023.52,JPY
Doris,Lynch,dlynchkn@geocities.jp,Ukraine,Female,Vashkivtsi,Skaboo,35287.86,UAH
Kevin,Perkins,kperkinsko@homestead.com,Thailand,Male,Phu Kradueng,Mybuzz,27343.51,THB
Joyce,Andrews,jandrewskp@google.ca,Philippines,Female,Koronadal,Trudoo,63429.01,PHP
Joe,Johnson,jjohnsonkq@joomla.org,Japan,Male,Iida,Brightbean,743.42,JPY
Jane,Thomas,jthomaskr@cmu.edu,China,Female,Shicheng,Yozio,39060.19,CNY
Jesse,Mccoy,jmccoyks@mtv.com,Indonesia,Male,Darmasari,Topicshots,51816.89,IDR
Doris,Peters,dpeterskt@hp.com,China,Female,Xinghe Chengguanzhen,Divanoodle,48485.31,CNY
John,Edwards,jedwardsku@samsung.com,China,Male,Sanshandao,Minyx,67524.80,CNY
Kevin,Willis,kwilliskv@infoseek.co.jp,Russia,Male,Sudogda,Eayo,88759.86,RUB
Mary,Ellis,melliskw@irs.gov,Japan,Female,Kushikino,Trudoo,78301.82,JPY
Denise,Hawkins,dhawkinskx@ox.ac.uk,Indonesia,Female,Kotaagung,Aivee,,IDR
Diana,Nichols,dnicholsky@moonfruit.com,Croatia,Female,Vidovci,Twitterworks,27390.71,HRK
Catherine,Howell,chowellkz@utexas.edu,Indonesia,Female,Sukasenang,Gabtype,13308.49,IDR
Victor,Freeman,vfreemanl0@redcross.org,China,Male,Xincheng,Devpoint,85584.45,CNY
Frances,Day,fdayl1@indiegogo.com,Sweden,Female,Staffanstorp,Topiclounge,70286.63,SEK
Peter,Ross,prossl2@drupal.org,Czech Republic,Male,Ptení,Zoomzone,23957.70,CZK
Andrew,Ross,arossl3@ovh.net,China,Male,Zhangjiaji,Jaxnation,,CNY
Albert,Mason,amasonl4@acquirethisname.com,Tanzania,Male,Kibondo,Realmix,26996.98,TZS
Sean,Jackson,sjacksonl5@xing.com,Tanzania,Male,Malya,Trilith,79800.82,TZS
Stephen,Simmons,ssimmonsl6@geocities.com,Indonesia,Male,Kedungsinggil,Npath,9954.76,IDR
Judith,Nelson,jnelsonl7@dailymotion.com,China,Female,Luyang,Midel,7182.68,CNY
Martha,Larson,mlarsonl8@ycombinator.com,Indonesia,Female,Cilebang Satu,Leenti,98237.49,IDR
Dennis,Edwards,dedwardsl9@amazon.co.jp,China,Male,Longwantun,Vimbo,37559.84,CNY
Shawn,Torres,storresla@un.org,Malaysia,Male,Kota Kinabalu,Skiptube,40858.99,MYR
Wanda,Garrett,wgarrettlb@amazon.co.jp,Colombia,Female,La Unión,Kwideo,28355.18,COP
Martin,Watkins,mwatkinslc@twitpic.com,Brazil,Male,Araçoiaba da Serra,Bubblemix,73538.69,BRL
Todd,Richardson,trichardsonld@comcast.net,Portugal,Male,Bárrio,Dynabox,46111.06,EUR
Fred,Cooper,fcooperle@chicagotribune.com,Poland,Male,Bełchatów,Thoughtsphere,82592.63,PLN
Sean,Wright,swrightlf@forbes.com,Russia,Male,Novomyshastovskaya,Twitterbridge,75768.30,RUB
Juan,Lopez,jlopezlg@macromedia.com,China,Male,Longtou,Jabbersphere,28668.48,CNY
Eric,Romero,eromerolh@imageshack.us,Indonesia,Male,Sukamanah,Realbridge,48608.30,IDR
Anthony,Nichols,anicholsli@biglobe.ne.jp,Indonesia,Male,Gumawang,Wordpedia,90849.61,IDR
Justin,Duncan,jduncanlj@census.gov,Russia,Male,Grazhdanskoye,Centizu,65692.03,RUB
Thomas,Kelly,tkellylk@ihg.com,Philippines,Male,San Francisco,Npath,5379.29,PHP
Melissa,Dunn,mdunnll@admin.ch,Tunisia,Female,Al Wardānīn,Quinu,,TND
Jean,Fields,jfieldslm@gnu.org,Poland,Female,Kęty,Demimbu,23911.54,PLN
Ruth,Wheeler,rwheelerln@cpanel.net,Russia,Female,Shirochanka,Meedoo,52514.54,RUB
Walter,Cox,wcoxlo@hexun.com,Marshall Islands,Male,Likiep,Yabox,25372.77,USD
Andrew,Gray,agraylp@w3.org,South Africa,Male,Berea,Tavu,71195.05,ZAR
Howard,Perkins,hperkinslq@furl.net,Czech Republic,Male,Hevlín,Oodoo,54809.89,CZK
Helen,Foster,hfosterlr@twitpic.com,Nigeria,Female,Iwo,Quatz,81561.38,NGN
Dorothy,Foster,dfosterls@independent.co.uk,China,Female,Xilin,Mita,64888.56,CNY
Helen,Vasquez,hvasquezlt@cocolog-nifty.com,El Salvador,Female,Olocuilta,Jaxnation,58454.46,USD
Helen,Washington,hwashingtonlu@delicious.com,Tajikistan,Female,Neftobod,Browseblab,44990.07,TJS
Joshua,Thomas,jthomaslv@jiathis.com,Poland,Male,Skaryszew,Topicshots,38973.66,PLN
Christopher,Scott,cscottlw@vistaprint.com,Sweden,Male,Kävlinge,Zoomzone,95778.39,SEK
Lillian,Wilson,lwilsonlx@livejournal.com,Poland,Female,Małkinia Górna,Wikizz,61124.63,PLN
Victor,Myers,vmyersly@harvard.edu,China,Male,Tangnanzhen,Flipstorm,13260.67,CNY
Frances,Shaw,fshawlz@taobao.com,Russia,Female,Kizema,Youopia,81398.96,RUB
Richard,Nichols,rnicholsm0@nymag.com,Brazil,Male,Arauá,Eimbee,39130.18,BRL
Dorothy,Stewart,dstewartm1@ovh.net,Bulgaria,Female,Asen,Skibox,21042.04,BGN
Jane,King,jkingm2@sohu.com,Czech Republic,Female,Velká Bíteš,Blogpad,75137.17,CZK
Stephanie,Harris,sharrism3@netscape.com,Ecuador,Female,Machala,Minyx,84510.59,USD
Daniel,Snyder,dsnyderm4@networkadvertising.org,Indonesia,Male,Waru,Oyondu,42889.91,IDR
Ronald,Burton,rburtonm5@cisco.com,Russia,Male,Novotitarovskaya,Twiyo,54861.12,RUB
Joan,Hicks,jhicksm6@admin.ch,China,Female,Aykol,Quatz,98946.93,CNY
Timothy,Rose,trosem7@360.cn,Indonesia,Male,Bintang,Wordtune,42871.28,IDR
Robert,Johnson,rjohnsonm8@usgs.gov,Argentina,Male,Comallo,Miboo,10416.12,ARS
Robert,Carr,rcarrm9@dot.gov,France,Male,Strasbourg,Jetwire,38664.66,EUR
Steven,Harvey,sharveyma@wikispaces.com,China,Male,Qianwei,Skiba,57067.18,CNY
Donna,Lee,dleemb@webmd.com,Portugal,Female,São Bento,Devcast,96048.13,EUR
Kenneth,West,kwestmc@4shared.com,China,Male,Yanmenguan,Trilith,59162.60,CNY
Cheryl,Elliott,celliottmd@nydailynews.com,Sri Lanka,Female,Hikkaduwa,Lazzy,61488.97,LKR
Sharon,Barnes,sbarnesme@ovh.net,Portugal,Female,Venda Nova,Oozz,24394.72,EUR
Heather,Crawford,hcrawfordmf@wikispaces.com,China,Female,Chigan,Kayveo,97391.04,CNY
Harold,Turner,hturnermg@homestead.com,China,Male,Shiziling,Browsezoom,,CNY
Adam,Marshall,amarshallmh@hc360.com,China,Male,Meiyuan Xincun,Divanoodle,32938.79,CNY
Carolyn,Black,cblackmi@abc.net.au,Indonesia,Female,Carenang Lor,Thoughtworks,46561.84,IDR
Steven,Stone,sstonemj@reddit.com,China,Male,Zhaogezhuang,Mybuzz,52859.53,CNY
Eugene,Day,edaymk@ovh.net,China,Male,Sanjiang,Trilia,87155.80,CNY
Matthew,Hughes,mhughesml@house.gov,Sweden,Male,Stockholm,Zoonoodle,74047.16,SEK
Ruth,Parker,rparkermm@domainmarket.com,Indonesia,Female,Ransiki,Lazzy,31278.64,IDR
Larry,Fernandez,lfernandezmn@flickr.com,Austria,Male,Graz,Eabox,36265.02,EUR
Harry,King,hkingmo@wikia.com,Brazil,Male,São Gabriel da Cachoeira,Minyx,9400.59,BRL
Lisa,Richards,lrichardsmp@theglobeandmail.com,Egypt,Female,Samannūd,Chatterbridge,13125.37,EGP
Pamela,Austin,paustinmq@ebay.com,China,Female,Gushui,Skyvu,,CNY
John,Austin,jaustinmr@last.fm,China,Male,Dahao,Meejo,39021.28,CNY
Shirley,Owens,sowensms@discuz.net,Uganda,Female,Katakwi,Jabbersphere,3730.47,UGX
Catherine,Banks,cbanksmt@livejournal.com,Somalia,Female,Laascaanood,Flipbug,66976.18,SOS
Anna,Fields,afieldsmu@squarespace.com,Seychelles,Female,Port Glaud,Twitterworks,,SCR
Katherine,Moore,kmooremv@cornell.edu,China,Female,Lingqian,Yakidoo,36480.24,CNY
Betty,Mills,bmillsmw@vk.com,Greece,Female,Nestório,Eimbee,81932.96,EUR
Jonathan,Thompson,jthompsonmx@japanpost.jp,Indonesia,Male,Cibojong,Kwilith,59155.14,IDR
Roy,Jackson,rjacksonmy@examiner.com,South Korea,Male,Kosong,Cogidoo,11090.13,KRW
Judith,Fernandez,jfernandezmz@icq.com,China,Female,Yongfeng,Gabtype,,CNY
Sharon,Nguyen,snguyenn0@marriott.com,Philippines,Female,Bateria,Devshare,56344.68,PHP
Judith,Brown,jbrownn1@netscape.com,Indonesia,Female,Bhokadoke,Reallinks,69174.51,IDR
Timothy,Sanders,tsandersn2@homestead.com,Nigeria,Male,Dadiya,Zoonder,34513.49,NGN
Jean,Peterson,jpetersonn3@zimbio.com,Russia,Female,Lokosovo,Tagtune,,RUB
Linda,Carroll,lcarrolln4@g.co,China,Female,Xingou,Youbridge,44327.11,CNY
Ryan,Ferguson,rfergusonn5@vistaprint.com,Russia,Male,Rzhev,Zava,92927.59,RUB
Jimmy,Taylor,jtaylorn6@zdnet.com,Philippines,Male,Sapang Buho,Lazz,63300.48,PHP
Christopher,Franklin,cfranklinn7@pbs.org,Sweden,Male,Bengtsfors,Mymm,90529.85,SEK
Sean,Sullivan,ssullivann8@unesco.org,Russia,Male,Rodionovo-Nesvetaiskoye,Blogtag,1057.87,RUB
Richard,Cruz,rcruzn9@ameblo.jp,Nicaragua,Male,Jiquilillo,Skimia,43818.77,NIO
Edward,Carpenter,ecarpenterna@discuz.net,China,Male,Datan,Meejo,36199.19,CNY
Karen,Mccoy,kmccoynb@webmd.com,Lithuania,Female,Priekulė,Dazzlesphere,58015.71,LTL
George,Nichols,gnicholsnc@google.co.uk,Switzerland,Male,Chur,Edgepulse,7527.28,CHF
Christine,Moreno,cmorenond@ucoz.ru,Brazil,Female,Caçapava do Sul,Divape,11184.46,BRL
Earl,Riley,erileyne@spiegel.de,South Africa,Male,Libode,Blogspan,,ZAR
Rebecca,Rose,rrosenf@stumbleupon.com,Philippines,Female,Buruanga,Feednation,55344.61,PHP
Justin,Brown,jbrownng@bbc.co.uk,China,Male,Saxin,Jetwire,6540.58,CNY
Kelly,Watkins,kwatkinsnh@google.nl,China,Female,Chengzi,Vidoo,29432.82,CNY
Billy,Evans,bevansni@digg.com,Indonesia,Male,Karanggintung,Brightdog,97680.60,IDR
Willie,Powell,wpowellnj@sohu.com,China,Male,Shengli,Quire,66116.94,CNY
Carol,Willis,cwillisnk@squarespace.com,South Africa,Female,Jansenville,Eazzy,72193.23,ZAR
Larry,Smith,lsmithnl@qq.com,Philippines,Male,Kalibo (poblacion),Meetz,29592.13,PHP
Elizabeth,Wright,ewrightnm@flavors.me,Sweden,Female,Bandhagen,Aivee,7025.93,SEK
Joyce,Morris,jmorrisnn@theatlantic.com,Brazil,Female,Itabira,Realcube,80835.46,BRL
Walter,Wheeler,wwheelerno@berkeley.edu,Russia,Male,Boguchar,Aibox,40875.68,RUB
Antonio,Snyder,asnydernp@cdbaby.com,Colombia,Male,Viterbo,Dynazzy,26965.03,COP
Philip,Shaw,pshawnq@boston.com,Indonesia,Male,Kembang,Realfire,37544.20,IDR
Peter,Bryant,pbryantnr@blog.com,Indonesia,Male,Bendilmuning,Tagpad,39673.49,IDR
Lisa,Hicks,lhicksns@i2i.jp,Philippines,Female,Bato,Fivechat,12992.07,PHP
Bobby,Sanders,bsandersnt@php.net,Sweden,Male,Göteborg,Fivechat,85841.00,SEK
Timothy,Rodriguez,trodrigueznu@rambler.ru,China,Male,Fuxi,Dynazzy,8829.58,CNY
Margaret,Black,mblacknv@merriam-webster.com,Indonesia,Female,Krebetkrajan,Edgewire,47424.50,IDR
Roy,Montgomery,rmontgomerynw@topsy.com,United Kingdom,Male,Manchester,Tazzy,52592.02,GBP
Phyllis,Ward,pwardnx@twitter.com,United States,Female,San Diego,Yata,3108.35,USD
Peter,Williams,pwilliamsny@bigcartel.com,China,Male,Shangyi,Photojam,28053.55,CNY
Mark,Schmidt,mschmidtnz@blogger.com,China,Male,Gangba,Thoughtsphere,89239.67,CNY
Scott,Walker,swalkero0@vkontakte.ru,Brazil,Male,São Sebastião do Paraíso,Brightbean,39874.05,BRL
David,Lee,dleeo1@so-net.ne.jp,Thailand,Male,Phitsanulok,Divanoodle,90586.90,THB
Patricia,Harrison,pharrisono2@foxnews.com,Philippines,Female,Kauswagan,Blognation,80139.74,PHP
Eugene,Jacobs,ejacobso3@ustream.tv,China,Male,Duobao,Zooveo,59236.11,CNY
Christine,James,cjameso4@netlog.com,Indonesia,Female,Bentar,Jabberbean,73353.13,IDR
Randy,Miller,rmillero5@cnn.com,Greece,Male,Río,InnoZ,90113.22,EUR
Heather,Hill,hhillo6@1688.com,Angola,Female,N’dalatando,Topicshots,,AOA
Julie,Ross,jrosso7@theatlantic.com,Poland,Female,Subkowy,Kayveo,71304.39,PLN
Charles,Fernandez,cfernandezo8@sciencedaily.com,Russia,Male,Satis,Shuffledrive,86822.71,RUB
Dorothy,Carter,dcartero9@msn.com,Brazil,Female,Santo Ângelo,Digitube,61563.91,BRL
Roger,Stephens,rstephensoa@columbia.edu,Indonesia,Male,Karangampel,Tagpad,21307.07,IDR
Louis,Morris,lmorrisob@utexas.edu,Kenya,Male,Molo,Brainbox,1423.93,KES
Diane,Cooper,dcooperoc@phoca.cz,Malaysia,Female,Kota Kinabalu,Eamia,55225.42,MYR
Linda,Stephens,lstephensod@google.es,Egypt,Female,Qinā,Wikibox,49391.89,EGP
Jimmy,Howell,jhowelloe@europa.eu,Norway,Male,Kristiansand S,Roombo,11493.54,NOK
Cynthia,Rice,criceof@yahoo.com,Japan,Female,Ujiie,Katz,25676.20,JPY
Steve,Mason,smasonog@cbc.ca,Central African Republic,Male,Kembé,Skiba,28141.91,XAF
Sara,Clark,sclarkoh@acquirethisname.com,Japan,Female,Ueno,Camimbo,69041.33,JPY
Ronald,West,rwestoi@csmonitor.com,United States,Male,Durham,Skimia,52153.24,USD
Stephen,Coleman,scolemanoj@shareasale.com,United States,Male,San Antonio,Podcat,2091.24,USD
Amy,Fernandez,afernandezok@dmoz.org,Philippines,Female,Taclobo,Twitterwire,39094.73,PHP
Rebecca,Fox,rfoxol@soundcloud.com,Yemen,Female,Qaryat al Qābil,Aimbu,40276.98,YER
Juan,Hughes,jhughesom@topsy.com,Philippines,Male,Salaza,Myworks,20901.36,PHP
Aaron,Hanson,ahansonon@elpais.com,China,Male,Erba,Yata,7274.93,CNY
Philip,Gonzales,pgonzalesoo@yolasite.com,Croatia,Male,Ferdinandovac,LiveZ,59122.57,HRK
Irene,Mills,imillsop@dailymail.co.uk,France,Female,Vagney,Omba,75260.51,EUR
Katherine,Dean,kdeanoq@fastcompany.com,Japan,Female,Nishishinminato,Meejo,59784.11,JPY
Gerald,Fields,gfieldsor@macromedia.com,Thailand,Male,Phu Luang,Dabtype,,THB
Lori,Diaz,ldiazos@de.vu,China,Female,Pipa,Pixoboo,60773.18,CNY
Aaron,Duncan,aduncanot@amazon.com,Dominican Republic,Male,Baitoa,Geba,33954.17,DOP
Marie,Mcdonald,mmcdonaldou@blogtalkradio.com,Portugal,Female,São Mamede de Infesta,Oyondu,77805.84,EUR
Kimberly,Ramos,kramosov@illinois.edu,Poland,Female,Lutomiersk,Feedfish,21428.14,PLN
Bobby,Andrews,bandrewsow@merriam-webster.com,China,Male,Xinglong,Cogidoo,67081.13,CNY
Shirley,Dunn,sdunnox@ycombinator.com,China,Female,Baishuitan,Jabbersphere,38123.88,CNY
Norma,Hall,nhalloy@comsenz.com,Argentina,Female,Quitilipi,Thoughtbeat,89207.95,ARS
Charles,Lee,cleeoz@squidoo.com,China,Male,Ehen Hudag,Oyondu,76181.42,CNY
Phillip,Holmes,pholmesp0@ehow.com,Philippines,Male,Lunao,Vimbo,20667.16,PHP
Theresa,Vasquez,tvasquezp1@edublogs.org,China,Female,Longquan,Roomm,66040.66,CNY
Denise,Larson,dlarsonp2@cloudflare.com,Philippines,Female,San Luis,Avaveo,42326.63,PHP
Roger,Nichols,rnicholsp3@aol.com,Philippines,Male,Calumpit,Browseblab,47293.30,PHP
Jacqueline,Larson,jlarsonp4@wikispaces.com,Poland,Female,Bystra,Miboo,42886.34,PLN
Jacqueline,Fox,jfoxp5@wsj.com,Indonesia,Female,Jembayan Hitam,Topdrive,88528.30,IDR
Kathy,Bowman,kbowmanp6@nsw.gov.au,Philippines,Female,Masipi West,Voomm,14476.83,PHP
Nicholas,Day,ndayp7@domainmarket.com,China,Male,Yimamu,Devpoint,76811.61,CNY
Roger,Ross,rrossp8@booking.com,Philippines,Male,Jalaud,Browseblab,64849.42,PHP
Russell,Harvey,rharveyp9@flavors.me,Zimbabwe,Male,Chitungwiza,Feedspan,68891.40,ZWL
Michael,Banks,mbankspa@phoca.cz,France,Male,Brive-la-Gaillarde,Buzzbean,81394.01,EUR
Daniel,Lynch,dlynchpb@sina.com.cn,China,Male,Wuning,Dynava,46011.32,CNY
Patrick,Morris,pmorrispc@census.gov,China,Male,Lianyi,Oyondu,,CNY
Timothy,Hansen,thansenpd@cnn.com,China,Male,Jiangkou,Brainbox,,CNY
Steven,Williams,swilliamspe@bloglovin.com,Comoros,Male,Moutsamoudou,Oyonder,65368.15,KMF
Cheryl,Payne,cpaynepf@list-manage.com,China,Female,Huaguoshan,Oyonder,71710.18,CNY
Jerry,Rose,jrosepg@privacy.gov.au,Brazil,Male,Satuba,Blogpad,29954.12,BRL
Jack,Anderson,jandersonph@apple.com,China,Male,Xiyuan,Mynte,80741.56,CNY
Martin,Freeman,mfreemanpi@umich.edu,Greece,Male,Arísvi,Flashspan,18032.85,EUR
Jeremy,Boyd,jboydpj@deliciousdays.com,Philippines,Male,Banag,Quire,49040.78,PHP
Jose,Reynolds,jreynoldspk@deviantart.com,Iran,Male,Shāhīn Shahr,Oyoba,65210.50,IRR
Walter,Hughes,whughespl@intel.com,China,Male,Jishi,Twitterbridge,30605.91,CNY
Anna,Warren,awarrenpm@gmpg.org,Ireland,Female,Mullagh,Realbridge,57787.96,EUR
Walter,Turner,wturnerpn@prlog.org,China,Male,Xuezhen,Devbug,44193.77,CNY
Maria,Freeman,mfreemanpo@eepurl.com,Russia,Female,Ivot,Photobean,50963.16,RUB
Beverly,Cunningham,bcunninghampp@boston.com,Indonesia,Female,Koten,Twimbo,75410.32,IDR
Larry,Bradley,lbradleypq@tiny.cc,Portugal,Male,Granja,Feedfire,35126.33,EUR
Irene,Greene,igreenepr@flickr.com,Ukraine,Female,Bila Krynytsya,Tazz,2870.90,UAH
Antonio,Lawrence,alawrenceps@cpanel.net,United States,Male,Las Vegas,Browsetype,39624.30,USD
Kenneth,Anderson,kandersonpt@fastcompany.com,Ethiopia,Male,Shambu,Devcast,,ETB
Emily,Oliver,eoliverpu@amazon.de,Malaysia,Female,Seremban,Tagopia,77277.25,MYR
Ralph,Carter,rcarterpv@webeden.co.uk,China,Male,Minshan,Blogspan,77091.43,CNY
John,Cunningham,jcunninghampw@1688.com,Panama,Male,Guabito,Skibox,12678.14,PAB
Robert,Mendoza,rmendozapx@hao123.com,Indonesia,Male,Cisalakdesa,Devpulse,91241.24,IDR
Louis,Brown,lbrownpy@cornell.edu,Indonesia,Male,Kema,Tazzy,,IDR
Jason,Perez,jperezpz@hc360.com,Russia,Male,Marfino,Eadel,77715.78,RUB
Eric,Knight,eknightq0@goo.ne.jp,Bolivia,Male,Sipe Sipe,Plajo,59586.54,BOB
Michelle,Griffin,mgriffinq1@latimes.com,China,Female,Dongjie,Zoovu,68888.75,CNY
Janet,Ruiz,jruizq2@deviantart.com,France,Female,Lyon,Podcat,12487.93,EUR
Henry,Williamson,hwilliamsonq3@shutterfly.com,Greece,Male,Áno Kómi,Jaloo,42200.49,EUR
Gerald,Graham,ggrahamq4@addthis.com,Jamaica,Male,Duncans,Livetube,86612.95,JMD
Albert,Riley,arileyq5@qq.com,Iran,Male,Shaft,Tagtune,97669.68,IRR
Donna,Ross,drossq6@upenn.edu,China,Female,Xiaomiaozi,Voonte,32147.17,CNY
Katherine,Adams,kadamsq7@mashable.com,Bulgaria,Female,Berkovitsa,Twimm,73672.92,BGN
Marilyn,Howard,mhowardq8@behance.net,Philippines,Female,Maonon,Latz,65424.20,PHP
Harry,Russell,hrussellq9@imgur.com,France,Male,Cagnes-sur-Mer,Photolist,,EUR
Rebecca,Moore,rmooreqa@hibu.com,Philippines,Female,Indang,Zava,31611.82,PHP
Timothy,Webb,twebbqb@noaa.gov,Colombia,Male,Pizarro,Flipopia,2855.74,COP
Roy,Thompson,rthompsonqc@artisteer.com,China,Male,Maodao,Skyndu,52191.63,CNY
Alan,Sanchez,asanchezqd@time.com,Colombia,Male,Chiscas,Kanoodle,79492.07,COP
Virginia,Gordon,vgordonqe@dyndns.org,China,Female,Huyang,Divape,61352.25,CNY
Willie,Howell,whowellqf@goodreads.com,Russia,Male,Kantyshevo,Yata,24977.66,RUB
Beverly,Gordon,bgordonqg@loc.gov,France,Female,Clermont-Ferrand,Yakitri,45560.38,EUR
Lawrence,Lee,lleeqh@abc.net.au,Afghanistan,Male,Gardēz,Riffpath,4241.46,AFN
Cynthia,Baker,cbakerqi@usa.gov,Portugal,Female,Torre do Pinhão,Tagfeed,,EUR
Julia,Green,jgreenqj@comsenz.com,Poland,Female,Biały Bór,Realblab,4387.35,PLN
Sean,Wheeler,swheelerqk@arstechnica.com,Canada,Male,Willowdale,Buzzshare,96242.81,CAD
Willie,Myers,wmyersql@plala.or.jp,Indonesia,Male,Neglasari,Latz,35572.16,IDR
Heather,Fields,hfieldsqm@accuweather.com,Greece,Female,Lakkíon,Quire,37277.05,EUR
Randy,Mason,rmasonqn@com.com,Indonesia,Male,Birsa,Feedfire,43442.71,IDR
Deborah,Ramirez,dramirezqo@github.io,Russia,Female,Sychëvo,Yamia,95944.04,RUB
Ryan,Snyder,rsnyderqp@ucoz.ru,China,Male,Yuncheng,Eadel,4572.39,CNY
Helen,Hansen,hhansenqq@vinaora.com,China,Female,Shanhe,Youbridge,97336.21,CNY
Heather,Hamilton,hhamiltonqr@people.com.cn,Philippines,Female,Looc,Edgeblab,63127.15,PHP
Irene,Mendoza,imendozaqs@miibeian.gov.cn,Russia,Female,Sasovo,Devify,9199.63,RUB
Gerald,Fuller,gfullerqt@ameblo.jp,Argentina,Male,General Martín Miguel de Güemes,Youtags,63191.80,ARS
Janice,Evans,jevansqu@cam.ac.uk,Peru,Female,Chiguirip,Vinder,89501.79,PEN
Marie,Fuller,mfullerqv@geocities.com,Indonesia,Female,Tondano,Tagfeed,12441.85,IDR
Lori,Rose,lroseqw@about.com,China,Female,Wuqiao,Brainlounge,25738.58,CNY
Janet,Washington,jwashingtonqx@spiegel.de,Portugal,Female,Palhais,Lazz,17217.79,EUR
Melissa,Owens,mowensqy@ca.gov,Thailand,Female,Sukhothai,Latz,13617.14,THB
Benjamin,Mills,bmillsqz@soundcloud.com,Brazil,Male,Mogi das Cruzes,Photobug,79683.30,BRL
Antonio,Moreno,amorenor0@51.la,France,Male,Chantilly,Leenti,17080.10,EUR
Jason,Graham,jgrahamr1@comcast.net,Russia,Male,Gorbatov,Eadel,8340.23,RUB
Beverly,Boyd,bboydr2@archive.org,China,Female,Beitan,Plambee,11716.16,CNY
Harold,Morris,hmorrisr3@cargocollective.com,Syria,Male,Al Ghandūrah,Myworks,2824.66,SYP
Pamela,Schmidt,pschmidtr4@sogou.com,Cyprus,Female,Pégeia,Linkbridge,23381.92,EUR
Dorothy,Crawford,dcrawfordr5@nymag.com,Indonesia,Female,Ombarade,Eazzy,565.44,IDR
Martin,Rogers,mrogersr6@plala.or.jp,China,Male,Daping,Trupe,32676.71,CNY
Stephen,Spencer,sspencerr7@mysql.com,Indonesia,Male,Panguruan,Thoughtworks,42012.94,IDR
Todd,Peters,tpetersr8@weebly.com,Indonesia,Male,Bago,Jaloo,58161.84,IDR
Edward,Parker,eparkerr9@nytimes.com,Peru,Male,Taquile,Npath,93809.69,PEN
Kevin,Hughes,khughesra@blogspot.com,South Africa,Male,Thulamahashi,Lazzy,55183.35,ZAR
Ruby,Nelson,rnelsonrb@issuu.com,China,Female,Yixing,Zoovu,,CNY
Wanda,Richardson,wrichardsonrc@blogs.com,Russia,Female,Podporozh’ye,Shufflester,23146.21,RUB
Marilyn,Ryan,mryanrd@surveymonkey.com,United States,Female,Fresno,Quaxo,46917.93,USD
Ernest,Walker,ewalkerre@edublogs.org,China,Male,Gangkoujie,Lazzy,37986.21,CNY
Philip,Riley,prileyrf@eepurl.com,China,Male,Zhangdun,Voonder,92007.34,CNY
Douglas,Clark,dclarkrg@gravatar.com,Brazil,Male,Vargem Grande,Katz,71443.94,BRL
Harry,Perry,hperryrh@ox.ac.uk,China,Male,Sunzhen,Gabtype,53277.47,CNY
Juan,Murphy,jmurphyri@oracle.com,Brazil,Male,Aparecida de Goiânia,Leexo,5924.90,BRL
Laura,Gardner,lgardnerrj@go.com,Peru,Female,Urcos,Einti,79450.74,PEN
Jeffrey,Mitchell,jmitchellrk@engadget.com,Georgia,Male,Sokhumi,Jaloo,16559.37,GEL
Antonio,Lewis,alewisrl@smh.com.au,Argentina,Male,Plottier,Kwilith,,ARS
Ernest,Simmons,esimmonsrm@yolasite.com,Kyrgyzstan,Male,Cholpon-Ata,Quinu,32407.11,KGS
Jesse,Taylor,jtaylorrn@netscape.com,Brazil,Male,Tonantins,Brainverse,43030.62,BRL
Susan,Murray,smurrayro@netlog.com,United States,Female,Whittier,Trunyx,73124.80,USD
Jessica,Williamson,jwilliamsonrp@alibaba.com,Colombia,Female,Los Córdobas,Jayo,14599.90,COP
Christine,Payne,cpaynerq@hubpages.com,Philippines,Female,Indang,Browsetype,39582.99,PHP
Phillip,Rice,pricerr@ovh.net,Russia,Male,Novozavidovskiy,Yakitri,7682.43,RUB
