Alice,Garcia,agarcia0@plala.or.jp,Philippines,Female,Salimbalan,Fiveclub,41107.22,PHP
Christopher,Lee,clee1@cargocollective.com,China,Male,Xiasi,Tavu,33726.43,CNY
Catherine,Nichols,cnichols2@soundcloud.com,Moldova,Female,Chişinău,Muxo,96253.83,MDL
Judy,Harrison,jharrison3@webnode.com,Costa Rica,Female,Limón,Latz,75248.39,CRC
Julia,Lynch,jlynch4@nyu.edu,Germany,Female,Köln,Blognation,83498.76,EUR
Anne,Dixon,adixon5@dot.gov,Russia,Female,Shalushka,Quimba,5421.89,RUB
Lisa,Rose,lrose6@exblog.jp,Russia,Female,Zharkovskiy,Skibox,97981.76,RUB
Carolyn,Johnston,cjohnston7@paypal.com,Philippines,Female,Odiong,Riffpedia,50259.46,PHP
Diana,Nichols,dnichols8@whitehouse.gov,Thailand,Female,Kut Chap,Cogilith,3295.41,THB
Jean,Griffin,jgriffin9@1688.com,China,Female,Yeping,Tazz,,CNY
Marie,Kelley,mkelleya@hao123.com,Thailand,Female,Chaem Luang,Kanoodle,9343.31,THB
Anna,Gonzales,agonzalesb@sbwire.com,Malaysia,Female,Nusajaya,Avaveo,96146.98,MYR
Joseph,Martinez,jmartinezc@abc.net.au,Vietnam,Male,Hà Tiên,Jaxworks,15942.37,VND
Dorothy,Shaw,dshawd@youku.com,Russia,Female,Slobodka,Mita,11265.98,RUB
Walter,Perkins,wperkinse@newyorker.com,Brazil,Male,Ouro Preto,Avamm,27135.53,BRL
Michael,Richards,mrichardsf@jugem.jp,France,Male,La Rochelle,Wikizz,34106.10,EUR
Donna,Reyes,dreyesg@jugem.jp,China,Female,Pingpo,Dynazzy,45807.05,CNY
Kevin,Hunt,khunth@engadget.com,Albania,Male,Divjakë,Chatterbridge,,ALL
Philip,Burton,pburtoni@nhs.uk,Indonesia,Male,Timahankrajan,Kwilith,1296.80,IDR
Mildred,Shaw,mshawj@biblegateway.com,Japan,Female,Sakaiminato,Aimbu,21806.86,JPY
Kathryn,Knight,kknightk@slashdot.org,Sweden,Female,Boden,Jaloo,30293.58,SEK
Harry,Gordon,hgordonl@fotki.com,Sweden,Male,Västra Frölunda,Realmix,53992.29,SEK
Lawrence,Harrison,lharrisonm@storify.com,China,Male,Gaopai,Feedfire,95640.69,CNY
Ryan,Watkins,rwatkinsn@oakley.com,China,Male,Yidu,Vinder,7257.49,CNY
Ryan,Hunt,rhunto@microsoft.com,Ukraine,Male,Karapyshi,Yombu,16934.73,UAH
Rose,Wagner,rwagnerp@studiopress.com,Slovenia,Female,Železniki,Riffpedia,81031.89,EUR
Barbara,Riley,brileyq@spotify.com,France,Female,Rueil-Malmaison,Myworks,52553.68,EUR
Philip,Fowler,pfowlerr@acquirethisname.com,Ukraine,Male,Aleksandrovka,Meeveo,28620.66,UAH
Todd,Carpenter,tcarpenters@jalbum.net,Portugal,Male,Cavadas,Yoveo,29798.39,EUR
Peter,Flores,pflorest@huffingtonpost.com,Macedonia,Male,Dobri Dol,Eire,23723.03,MKD
Howard,Lee,hleeu@google.co.jp,Peru,Male,Lampa,Demimbu,93250.41,PEN
Dorothy,Palmer,dpalmerv@shinystat.com,Russia,Female,Tarko-Sale,Photobug,14847.73,RUB
Patricia,Kelly,pkellyw@princeton.edu,China,Female,Boyu,Topicblab,63417.02,CNY
Robert,Garza,rgarzax@paypal.com,Pakistan,Male,Haveliān,Yacero,,PKR
Susan,Baker,sbakery@angelfire.com,Portugal,Female,Picoto,Skivee,7729.65,EUR
Earl,Richardson,erichardsonz@earthlink.net,Nigeria,Male,Ode,Vidoo,88167.61,NGN
Benjamin,Williams,bwilliams10@answers.com,China,Male,Huangdu,Zava,61933.06,CNY
Jerry,Fowler,jfowler11@edublogs.org,Indonesia,Male,Plataran,Gigaclub,1344.24,IDR
Sarah,Hansen,shansen12@wordpress.org,Japan,Female,Yuza,Chatterpoint,,JPY
Fred,Kelley,fkelley13@w3.org,Colombia,Male,La Cruz,Zoomlounge,47848.39,COP
Nancy,James,njames14@harvard.edu,Japan,Female,Mihara,Demivee,4712.31,JPY
James,Nelson,jnelson15@ifeng.com,Norway,Male,Tromsø,Bubblebox,,NOK
Arthur,Owens,aowens16@loc.gov,China,Male,Bayan Gol,Centidel,32561.20,CNY
Janet,Weaver,jweaver17@forbes.com,China,Female,Chengnan,Yadel,43733.60,CNY
Rebecca,Welch,rwelch18@artisteer.com,Colombia,Female,Riosucio,Trudeo,,COP
Andrea,Parker,aparker19@bluehost.com,United States,Female,Newton,Jazzy,,USD
Daniel,Oliver,doliver1a@businessweek.com,Russia,Male,Nachalovo,Katz,15367.36,RUB
Stephen,Stone,sstone1b@printfriendly.com,Russia,Male,Tonshayevo,Twiyo,74663.53,RUB
Lillian,Porter,lporter1c@whitehouse.gov,Ukraine,Female,Nova Kakhovka,Rhyzio,79268.25,UAH
Phillip,Knight,pknight1d@about.com,Serbia,Male,Šabac,Skaboo,18135.32,RSD
Howard,Hall,hhall1e@google.com.br,Czech Republic,Male,Znojmo,Twitterlist,63595.31,CZK
Kevin,Hayes,khayes1f@reddit.com,Colombia,Male,San Juan del Cesar,Quimba,27098.41,COP
Helen,Wells,hwells1g@com.com,China,Female,Huangchen,Buzzshare,20469.45,CNY
Steven,Washington,swashington1h@blinklist.com,Indonesia,Male,Langnga,Skipstorm,78174.46,IDR
Joyce,Watson,jwatson1i@booking.com,China,Female,Wentugaole,Buzzdog,99024.60,CNY
Peter,Cole,pcole1j@foxnews.com,Indonesia,Male,Bulakgebang,Ntag,81016.98,IDR
Bruce,Hunter,bhunter1k@arizona.edu,Russia,Male,Vostryakovo,Roodel,16885.47,RUB
Carlos,Rivera,crivera1l@globo.com,Chile,Male,Lebu,Photobean,20313.34,CLP
Julie,Stephens,jstephens1m@webs.com,Vietnam,Female,Bến Tre,Centimia,85465.42,VND
Ryan,Montgomery,rmontgomery1n@nydailynews.com,Indonesia,Male,Potlot,Layo,48362.81,IDR
Jean,Matthews,jmatthews1o@goodreads.com,Venezuela,Female,Catia La Mar,Rhybox,38252.15,VEF
Matthew,Collins,mcollins1p@mayoclinic.com,Brunei,Male,Seria,Thoughtworks,47698.63,BND
Paul,King,pking1q@wufoo.com,Yemen,Male,Al Bāţinah,Feednation,63003.21,YER
Fred,Clark,fclark1r@miibeian.gov.cn,Russia,Male,Gastello,Flashdog,79777.96,RUB
Jeremy,Morales,jmorales1s@reverbnation.com,Afghanistan,Male,Alah Sāy,Pixoboo,63171.92,AFN
Jennifer,Hunter,jhunter1t@epa.gov,Greece,Female,Athens,Meevee,21782.03,EUR
Mark,Nelson,mnelson1u@wikimedia.org,Portugal,Male,Fornos,Npath,5932.86,EUR
Sarah,Matthews,smatthews1v@google.cn,China,Female,Fengcheng,Meevee,18498.58,CNY
Louis,Long,llong1w@so-net.ne.jp,Honduras,Male,Omoa,Livepath,66014.35,HNL
Robin,Hart,rhart1x@alexa.com,Philippines,Female,Kaligutan,Wikido,12762.60,PHP
Peter,Hudson,phudson1y@imdb.com,China,Male,Hongcao,Vimbo,19481.36,CNY
Mildred,Johnson,mjohnson1z@dmoz.org,Ukraine,Female,Kivsharivka,Flipbug,77194.90,UAH
Michelle,Griffin,mgriffin20@barnesandnoble.com,China,Female,Nanbin,Bubblemix,49591.26,CNY
Johnny,Cunningham,jcunningham21@facebook.com,Venezuela,Male,Ocumare del Tuy,Topicshots,81392.76,VEF
Susan,Black,sblack22@liveinternet.ru,Uruguay,Female,San Javier,Eamia,95168.18,UYU
Amanda,Torres,atorres23@nasa.gov,Philippines,Female,Maigo,Meezzy,,PHP
Keith,Allen,kallen24@google.de,China,Male,Dagang,Brainverse,86781.46,CNY
William,Dixon,wdixon25@qq.com,Reunion,Male,Saint-Denis,Ozu,36230.16,EUR
Anthony,Weaver,aweaver26@wikia.com,Thailand,Male,Pak Phli,Pixoboo,69484.38,THB
Emily,Stevens,estevens27@artisteer.com,Indonesia,Female,Cikajang,Fivespan,98407.90,IDR
Jonathan,Turner,jturner28@instagram.com,Poland,Male,Józefów,Yodoo,1609.66,PLN
Carlos,Dunn,cdunn29@studiopress.com,China,Male,Sanyantang,Skiba,73824.27,CNY
Joyce,Dixon,jdixon2a@usda.gov,Philippines,Female,Tiblawan,Camimbo,92980.76,PHP
Wanda,Kennedy,wkennedy2b@noaa.gov,Saudi Arabia,Female,Tabālah,Dabjam,32165.48,SAR
Jerry,Hayes,jhayes2c@slate.com,China,Male,Sanchahe,Kazu,76703.60,CNY
Deborah,Wells,dwells2d@surveymonkey.com,Indonesia,Female,Sukamaju,Avamba,32892.44,IDR
Ernest,Coleman,ecoleman2e@ucoz.com,Turkmenistan,Male,Serhetabat,Bubblemix,73599.43,TMT
Terry,Tucker,ttucker2f@statcounter.com,China,Male,Zhufo,Feedfish,73914.68,CNY
Willie,Larson,wlarson2g@merriam-webster.com,China,Male,Batou,Devify,28587.06,CNY
Lisa,Baker,lbaker2h@hao123.com,China,Female,Qindu,Linkbuzz,,CNY
Gary,Gomez,ggomez2i@phoca.cz,China,Male,Zengjia,Dynava,8714.90,CNY
Donna,Cunningham,dcunningham2j@is.gd,Sweden,Female,Vänersborg,Dazzlesphere,33694.09,SEK
Marilyn,Harris,mharris2k@pagesperso-orange.fr,Sweden,Female,Norrtälje,Lazzy,70055.05,SEK
Stephanie,Collins,scollins2l@nbcnews.com,Jordan,Female,Ar Ramthā,Linktype,39354.96,JOD
William,Bell,wbell2m@baidu.com,Philippines,Male,Mapalad,Bubblemix,46304.33,PHP
Nicole,Howard,nhoward2n@parallels.com,Philippines,Female,Llorente,Oodoo,28861.02,PHP
Keith,Carter,kcarter2o@nytimes.com,Uganda,Male,Kaabong,Jaloo,26177.16,UGX
Evelyn,Smith,esmith2p@smh.com.au,Peru,Female,Marcabal,Dablist,8055.70,PEN
Shawn,Wood,swood2q@yellowpages.com,Brazil,Male,Morro do Chapéu,Dynabox,59238.26,BRL
Catherine,Moore,cmoore2r@shinystat.com,Canada,Female,Blainville,Chatterbridge,56333.05,CAD
Clarence,Ramos,cramos2s@paypal.com,Russia,Male,Rayevskaya,Oodoo,44658.92,RUB
Joe,Wells,jwells2t@photobucket.com,United States,Male,Topeka,Teklist,44668.91,USD
Sara,Rodriguez,srodriguez2u@cnet.com,Poland,Female,Spytkowice,Thoughtblab,47772.54,PLN
Justin,Perez,jperez2v@blog.com,Russia,Male,Sovetsk,Wikido,16650.71,RUB
Carol,Watson,cwatson2w@java.com,France,Female,Fresnes,Skipstorm,31389.27,EUR
Tina,Wallace,twallace2x@blog.com,China,Female,Baitu,Gigaclub,4908.39,CNY
Eric,Hughes,ehughes2y@qq.com,Egypt,Male,Farshūţ,Edgewire,67091.51,EGP
Carolyn,Harper,charper2z@odnoklassniki.ru,Russia,Female,Borodinskiy,Leexo,2416.28,RUB
Ruby,Murray,rmurray30@dmoz.org,Portugal,Female,Calhetas,Oyope,57927.70,EUR
Jose,Webb,jwebb31@dailymotion.com,Honduras,Male,Gracias,Omba,71412.45,HNL
Russell,Hill,rhill32@google.cn,Canada,Male,Little Current,Linkbridge,51429.47,CAD
Howard,Medina,hmedina33@skyrock.com,Russia,Male,Il’inskiy Pogost,Buzzshare,3662.37,RUB
Craig,Brooks,cbrooks34@redcross.org,China,Male,Yishi,Thoughtbeat,24603.22,CNY
Roger,Howard,rhoward35@pinterest.com,Portugal,Male,Arcos,Muxo,31376.35,EUR
Roy,Brown,rbrown36@nbcnews.com,Philippines,Male,Maninihon,Dynava,30462.68,PHP
Maria,Ray,mray37@microsoft.com,Bulgaria,Female,Rila,Skajo,44731.16,BGN
Elizabeth,Lewis,elewis38@biblegateway.com,Serbia,Female,Novi Itebej,Chatterbridge,77395.18,RSD
Sean,Medina,smedina39@youtu.be,Poland,Male,Kłoczew,Tagcat,,PLN
Sharon,Lynch,slynch3a@washingtonpost.com,Indonesia,Female,Matango,Buzzshare,38559.55,IDR
Carol,Wilson,cwilson3b@intel.com,Egypt,Female,Fāqūs,Roomm,24128.68,EGP
Benjamin,Hunt,bhunt3c@netlog.com,Indonesia,Male,Mauloo,Zoomcast,43070.27,IDR
Matthew,Russell,mrussell3d@plala.or.jp,Japan,Male,Mooka,Eazzy,85455.73,JPY
Charles,West,cwest3e@naver.com,France,Male,La Ferté-Bernard,BlogXS,39475.34,EUR
Brenda,Carter,bcarter3f@ca.gov,Japan,Female,Wako,Wordify,98269.05,JPY
Robin,Harper,rharper3g@arizona.edu,Canada,Female,Greater Napanee,Realcube,5485.15,CAD
Judy,Bennett,jbennett3h@yahoo.com,Czech Republic,Female,Bohumín,Edgewire,,CZK
Carlos,Stevens,cstevens3i@soundcloud.com,Russia,Male,Gorskaya,Einti,,RUB
George,Spencer,gspencer3j@biglobe.ne.jp,France,Male,Châtillon,Devify,60275.26,EUR
Gerald,Peters,gpeters3k@smugmug.com,Indonesia,Male,Krajan Suko Kidul,Digitube,69121.47,IDR
Benjamin,Anderson,banderson3l@fema.gov,Portugal,Male,Vale Boeiro,Zoonoodle,62893.28,EUR
Martin,Bell,mbell3m@goo.ne.jp,Russia,Male,Prokhladnyy,Photobean,1124.51,RUB
Raymond,Ray,rray3n@ucsd.edu,Ukraine,Male,Dovhe,Vidoo,72038.00,UAH
Alan,Hicks,ahicks3o@unc.edu,China,Male,Hongqi,Buzzdog,19594.20,CNY
Eugene,Rose,erose3p@godaddy.com,Poland,Male,Kołczygłowy,BlogXS,24849.93,PLN
Raymond,Matthews,rmatthews3q@soup.io,China,Male,Shanxiahu,Meezzy,93768.30,CNY
Walter,Burns,wburns3r@is.gd,Colombia,Male,La Plata,Voolith,84735.79,COP
Arthur,Riley,ariley3s@nationalgeographic.com,Nigeria,Male,Zalanga,Roodel,70572.08,NGN
Mary,Hughes,mhughes3t@soup.io,China,Female,Wentang,Shufflester,7209.32,CNY
Lawrence,Bennett,lbennett3u@nih.gov,Japan,Male,Tateyama,Livetube,52757.33,JPY
Clarence,Henry,chenry3v@dagondesign.com,Lithuania,Male,Birštonas,Jayo,53882.46,LTL
Deborah,Mason,dmason3w@ovh.net,Russia,Female,Smolenskaya,Rhybox,1314.14,RUB
Joshua,Ford,jford3x@hibu.com,Sweden,Male,Moholm,Skalith,64653.52,SEK
Billy,Snyder,bsnyder3y@foxnews.com,Cuba,Male,Madruga,Linklinks,74329.64,CUP
Heather,Edwards,hedwards3z@vistaprint.com,China,Female,Xinglongquan,Yotz,87069.43,CNY
Linda,Sullivan,lsullivan40@scientificamerican.com,China,Female,Dagkar,Realbridge,8487.78,CNY
Teresa,Alvarez,talvarez41@elegantthemes.com,Germany,Female,Kiel,Jazzy,25339.54,EUR
Patrick,Meyer,pmeyer42@microsoft.com,China,Male,Weitian,Yodo,8475.58,CNY
Keith,Marshall,kmarshall43@blogs.com,Greece,Male,Néos Skopós,Vinte,76759.88,EUR
Howard,Russell,hrussell44@mozilla.org,Chad,Male,N'Djamena,Camido,59755.07,XAF
Shawn,Jordan,sjordan45@ycombinator.com,Indonesia,Male,Gapuk,Mycat,63423.91,IDR
Gerald,Willis,gwillis46@altervista.org,Brazil,Male,Atins,Layo,91452.78,BRL
Maria,Matthews,mmatthews47@topsy.com,Ukraine,Female,Lopatyn,Voomm,16197.50,UAH
Amy,Bailey,abailey48@google.ca,Yemen,Female,Sāqayn,Bubblemix,65750.30,YER
Irene,Hicks,ihicks49@aol.com,Indonesia,Female,Persen,Chatterpoint,55430.44,IDR
Beverly,Willis,bwillis4a@wp.com,Uganda,Female,Pallisa,Thoughtbridge,52072.66,UGX
Julia,Price,jprice4b@xinhuanet.com,Indonesia,Female,Sarae,Dabshots,17132.93,IDR
Ronald,Ruiz,rruiz4c@blog.com,Curacao,Male,Newport,Divanoodle,65047.49,ANG
John,James,jjames4d@dropbox.com,Mongolia,Male,Bayan,Yotz,9742.86,MNT
Bonnie,Robertson,brobertson4e@businessweek.com,China,Female,Wangba,Dabvine,47642.08,CNY
Amanda,Moreno,amoreno4f@webs.com,China,Female,Tumba,Rhybox,24192.79,CNY
Beverly,Collins,bcollins4g@sbwire.com,Indonesia,Female,Ladoang,Lajo,46884.55,IDR
Jonathan,Phillips,jphillips4h@webmd.com,Brazil,Male,Santos,Photobug,96643.02,BRL
Juan,Jones,jjones4i@themeforest.net,Albania,Male,Blerim,Flipbug,11405.20,ALL
Brenda,Gray,bgray4j@t.co,Morocco,Female,Ouaoula,Browsebug,49677.33,MAD
Brian,Perkins,bperkins4k@paginegialle.it,Indonesia,Male,Palla,Gabspot,32605.93,IDR
Amanda,Nelson,anelson4l@typepad.com,Croatia,Female,Vis,Realmix,97947.75,HRK
Rebecca,Martin,rmartin4m@sitemeter.com,Canada,Female,Magrath,Kwilith,12143.41,CAD
Andrew,Little,alittle4n@nps.gov,Poland,Male,Sułkowice,Ailane,2511.01,PLN
Nicole,Fernandez,nfernandez4o@unicef.org,Portugal,Female,Aveiras de Cima,Divavu,316.90,EUR
Phillip,Barnes,pbarnes4p@blog.com,Kyrgyzstan,Male,Bishkek,Quimm,74487.82,KGS
Harold,Anderson,handerson4q@mozilla.com,China,Male,Yingyang,Yadel,80898.43,CNY
Beverly,Henry,bhenry4r@wufoo.com,Netherlands,Female,Tilburg,Gevee,73350.45,EUR
Donald,Jones,djones4s@icq.com,China,Male,Youzha,Kazu,66277.16,CNY
Teresa,Weaver,tweaver4t@guardian.co.uk,China,Female,Fanzhuang,BlogXS,,CNY
Andrea,Shaw,ashaw4u@mac.com,Cameroon,Female,Guider,Mydeo,97438.79,XAF
Jacqueline,Harvey,jharvey4v@constantcontact.com,Indonesia,Female,Sumberbening,Devbug,4770.53,IDR
Howard,Franklin,hfranklin4w@goodreads.com,Greece,Male,Souflí,Mydeo,1182.20,EUR
Ryan,Green,rgreen4x@goo.ne.jp,Argentina,Male,Libertador General San Martín,Reallinks,51560.61,ARS
Jimmy,Hanson,jhanson4y@reuters.com,Philippines,Male,Toledo,Wikibox,99606.54,PHP
Linda,Hill,lhill4z@google.com.br,Malawi,Female,Salima,Realcube,98932.01,MWK
Harold,Kennedy,hkennedy50@redcross.org,China,Male,Anrong,Flashset,33407.63,CNY
Paula,Phillips,pphillips51@mysql.com,Slovenia,Female,Videm pri Ptuju,Pixope,22900.60,EUR
Beverly,Lane,blane52@imgur.com,United States,Female,Pensacola,Rhynyx,35719.12,USD
Rose,Martin,rmartin53@nytimes.com,Indonesia,Female,Ciseureuheun,Fivespan,5830.95,IDR
Annie,Snyder,asnyder54@blog.com,Indonesia,Female,Terbangan,Yotz,16315.49,IDR
Daniel,Shaw,dshaw55@wisc.edu,Finland,Male,Himanka,Vitz,66845.19,EUR
Edward,Hicks,ehicks56@4shared.com,Portugal,Male,Ramalhal,Devpulse,45559.88,EUR
Marilyn,Mendoza,mmendoza57@merriam-webster.com,China,Female,Wan’an,Vimbo,13636.89,CNY
Ruth,Jackson,rjackson58@hibu.com,South Africa,Female,Barberton,Dynazzy,79893.88,ZAR
Sarah,Franklin,sfranklin59@vkontakte.ru,China,Female,Shangshaleng,Demivee,9035.06,CNY
Anna,Berry,aberry5a@jiathis.com,Japan,Female,Kariya,Zoonoodle,57927.93,JPY
Julia,Powell,jpowell5b@tripod.com,Thailand,Female,Ban Huai Thalaeng,Skyvu,13959.73,THB
Robin,Alvarez,ralvarez5c@desdev.cn,Russia,Female,Novoul’yanovsk,Photospace,49497.19,RUB
Kimberly,Parker,kparker5d@bloomberg.com,Russia,Female,Vychegodskiy,Leexo,96464.35,RUB
Charles,Cook,ccook5e@ucoz.com,Russia,Male,Khilok,Divavu,,RUB
Ryan,Fowler,rfowler5f@last.fm,Philippines,Male,San Jacinto,Gigabox,41531.76,PHP
Alan,Henderson,ahenderson5g@blogtalkradio.com,Thailand,Male,Wang Noi,Jayo,39628.17,THB
Marie,Wheeler,mwheeler5h@example.com,Indonesia,Female,Jeleuk,Plambee,10928.48,IDR
Craig,West,cwest5i@themeforest.net,Uruguay,Male,La Floresta,Skippad,64651.28,UYU
John,Schmidt,jschmidt5j@google.de,Argentina,Male,Morrison,Riffpedia,56042.77,ARS
Paul,Franklin,pfranklin5k@hao123.com,China,Male,Changping,Flipbug,,CNY
Janet,Price,jprice5l@163.com,Peru,Female,San Jerónimo,Omba,31631.47,PEN
Victor,Lopez,vlopez5m@engadget.com,Portugal,Male,Vila Verde,Viva,22519.71,EUR
Amy,White,awhite5n@vinaora.com,Philippines,Female,Ramain,Gigashots,32476.58,PHP
Jeremy,Jacobs,jjacobs5o@wired.com,France,Male,Dijon,Jaxnation,85380.48,EUR
Joshua,Kelly,jkelly5p@hubpages.com,Russia,Male,Malaya Dubna,Zoonoodle,,RUB
Christina,Powell,cpowell5q@dailymail.co.uk,Czech Republic,Female,Vrbovec,Jabbersphere,74682.90,CZK
Jesse,Welch,jwelch5r@privacy.gov.au,Thailand,Male,Non Narai,Livetube,46201.03,THB
Louise,Jacobs,ljacobs5s@dropbox.com,Latvia,Female,Jūrmala,Kwimbee,24664.23,EUR
Peter,Daniels,pdaniels5t@prnewswire.com,Sweden,Male,Grängesberg,Feedspan,75905.41,SEK
Amy,Gordon,agordon5u@nytimes.com,Malaysia,Female,Kuala Lumpur,Jaloo,25131.78,MYR
Judy,Fuller,jfuller5v@blogs.com,France,Female,Meaux,Topicware,13403.14,EUR
Janet,Cruz,jcruz5w@tinypic.com,France,Female,Chaumont,Skimia,22520.26,EUR
Bruce,Gonzalez,bgonzalez5x@over-blog.com,El Salvador,Male,Ciudad Arce,Demivee,97265.36,USD
Martin,Wagner,mwagner5y@pen.io,China,Male,Changgucheng,Oyondu,44640.14,CNY
Kimberly,Young,kyoung5z@businesswire.com,Syria,Female,Tall Tamr,JumpXS,5531.00,SYP
Johnny,Anderson,janderson60@craigslist.org,China,Male,Luozhuang,Twimm,3539.29,CNY
Donna,Mills,dmills61@sphinn.com,Sweden,Female,Boxholm,Tambee,72728.24,SEK
Deborah,Castillo,dcastillo62@blogspot.com,Poland,Female,Mieścisko,Devpulse,14005.89,PLN
Frank,Carpenter,fcarpenter63@ifeng.com,Peru,Male,Cotaparaco,Eadel,805.15,PEN
Billy,Young,byoung64@elpais.com,Slovenia,Male,Šoštanj,Kare,6568.24,EUR
Norma,Fernandez,nfernandez65@naver.com,Germany,Female,Berlin,Chatterpoint,94834.13,EUR
Ronald,Ward,rward66@psu.edu,Brazil,Male,Iúna,Flipopia,51105.80,BRL
Ernest,Romero,eromero67@senate.gov,Venezuela,Male,Caucaguita,Voonte,45584.65,VEF
Louise,Ford,lford68@rediff.com,China,Female,Liucheng,Yambee,,CNY
Albert,Olson,aolson69@newyorker.com,China,Male,Tiebukenwusan,Trilia,32834.05,CNY
Kenneth,Fox,kfox6a@gizmodo.com,Russia,Male,Novaya Tavolzhanka,Midel,84145.05,RUB
William,Matthews,wmatthews6b@over-blog.com,China,Male,Zhangcun,Jaxbean,24432.00,CNY
Walter,James,wjames6c@jigsy.com,Iran,Male,Khalīlābād,Demizz,21601.67,IRR
Terry,Ross,tross6d@nationalgeographic.com,China,Male,Buchou,Youspan,24261.18,CNY
Jack,Owens,jowens6e@dmoz.org,China,Male,Wuqishan,Babblestorm,22966.17,CNY
Shawn,Ford,sford6f@cloudflare.com,Malaysia,Male,Pulau Pinang,Demimbu,45575.00,MYR
Emily,Woods,ewoods6g@youku.com,Brazil,Female,Aracaju,Dabshots,31819.94,BRL
Amanda,Brooks,abrooks6h@theglobeandmail.com,Tunisia,Female,Zouila,Meemm,37915.33,TND
Peter,Sullivan,psullivan6i@blinklist.com,China,Male,Suozhen,Thoughtbridge,69181.87,CNY
Joseph,Day,jday6j@epa.gov,Uzbekistan,Male,Qo’ng’irot Shahri,Kwideo,10990.39,UZS
Julia,Parker,jparker6k@usda.gov,China,Female,Yintang,Realmix,11141.99,CNY
Stephen,Owens,sowens6l@opera.com,Gambia,Male,Sun Kunda,Mita,80450.62,GMD
Virginia,Duncan,vduncan6m@ow.ly,Russia,Female,Vyksa,Shufflebeat,49940.58,RUB
Douglas,Ross,dross6n@woothemes.com,Russia,Male,Chernomorskiy,Blogtags,60292.92,RUB
Norma,Snyder,nsnyder6o@blinklist.com,Russia,Female,Verkhniy Lomov,Mynte,13072.13,RUB
Carol,Palmer,cpalmer6p@merriam-webster.com,Japan,Female,Ube,Buzzdog,12513.93,JPY
Anthony,Wallace,awallace6q@parallels.com,Brazil,Male,Itapecuru Mirim,Twimm,28127.77,BRL
Ashley,Kelly,akelly6r@smugmug.com,Tanzania,Female,Bagamoyo,Podcat,79283.34,TZS
Alan,Evans,aevans6s@sina.com.cn,China,Male,Dongyong,Skyvu,41985.64,CNY
Andrew,Payne,apayne6t@google.com.au,Ukraine,Male,Ivano-Frankove,Fatz,34307.20,UAH
Jerry,Dixon,jdixon6u@behance.net,Myanmar,Male,Hakha,Oyoba,32318.60,MMK
Douglas,Bell,dbell6v@hibu.com,China,Male,Yuejin,Buzzdog,3585.35,CNY
Billy,Patterson,bpatterson6w@msu.edu,Philippines,Male,Balbalan,BlogXS,44335.52,PHP
Charles,Owens,cowens6x@economist.com,Venezuela,Male,El Valle del Espíritu Santo,Yamia,,VEF
Samuel,Nguyen,snguyen6y@infoseek.co.jp,Tunisia,Male,Carthage,Fiveclub,80140.50,TND
Benjamin,Collins,bcollins6z@pcworld.com,China,Male,Xuhui,Feedfish,,CNY
Bonnie,Ortiz,bortiz70@un.org,Egypt,Female,Aswan,Centimia,75500.28,EGP
Anne,Mills,amills71@amazonaws.com,France,Female,Croix,Jabberbean,41285.61,EUR
Ernest,Butler,ebutler72@hugedomains.com,Gabon,Male,Port-Gentil,Realcube,82008.14,XAF
Jack,Hernandez,jhernandez73@boston.com,Japan,Male,Sapporo,Flipopia,53070.42,JPY
Mark,Lane,mlane74@fotki.com,Sweden,Male,Stockholm,Camido,68720.30,SEK
Roger,Oliver,roliver75@cnbc.com,Uruguay,Male,Salto,Fatz,95075.40,UYU
Gloria,Allen,gallen76@de.vu,Ireland,Female,Drumcondra,Feedspan,14427.90,EUR
Ryan,Holmes,rholmes77@arstechnica.com,Curacao,Male,Newport,Tanoodle,71980.11,ANG
Lois,Ramos,lramos78@constantcontact.com,Comoros,Female,Mirontsi,Babbleset,3581.94,KMF
Gary,Peterson,gpeterson79@jalbum.net,China,Male,Jieting,Tagfeed,43550.41,CNY
Albert,Hunter,ahunter7a@arizona.edu,Russia,Male,Toguchin,Janyx,78654.97,RUB
Nicholas,Montgomery,nmontgomery7b@51.la,Albania,Male,Bulqizë,Livefish,61711.81,ALL
Andrea,Roberts,aroberts7c@twitpic.com,Sierra Leone,Female,Kailahun,Photofeed,,SLL
Brenda,Hunt,bhunt7d@state.gov,Philippines,Female,Dingle,Riffpedia,48712.04,PHP
Julie,Porter,jporter7e@istockphoto.com,China,Female,Qianyou,Avaveo,33725.88,CNY
Marie,Murray,mmurray7f@infoseek.co.jp,Portugal,Female,Cambas,Aibox,98630.27,EUR
Bruce,Watson,bwatson7g@rambler.ru,Philippines,Male,Caluya,Jabbersphere,,PHP
Sharon,Watkins,swatkins7h@reference.com,Portugal,Female,Albarraque,Trudoo,77966.18,EUR
Peter,James,pjames7i@bravesites.com,Canada,Male,Midland,Gevee,96914.66,CAD
Rachel,Harrison,rharrison7j@chron.com,Russia,Female,Novotroitsk,Linkbuzz,96922.55,RUB
Charles,Mason,cmason7k@ustream.tv,Thailand,Male,Si Mahosot,Tazz,82555.19,THB
Matthew,Marshall,mmarshall7l@hexun.com,Bolivia,Male,San Juan del Surutú,Abata,94245.43,BOB
Keith,Alexander,kalexander7m@ihg.com,Chile,Male,Parral,Tagfeed,40607.83,CLP
Billy,Kelley,bkelley7n@fotki.com,Philippines,Male,Napnapan,Youspan,62254.18,PHP
Jesse,Coleman,jcoleman7o@so-net.ne.jp,United States,Male,Pittsburgh,Zoomdog,32768.49,USD
Gregory,Roberts,groberts7p@bbc.co.uk,Indonesia,Male,Dalong,Wordtune,56973.90,IDR
Douglas,Wright,dwright7q@example.com,China,Male,Manjiang,Flipstorm,86516.57,CNY
Nicholas,Torres,ntorres7r@state.tx.us,Brazil,Male,Itatuba,Katz,82044.56,BRL
Jacqueline,Brown,jbrown7s@prlog.org,Poland,Female,Trzemeszno,Eidel,66161.64,PLN
Ernest,Thomas,ethomas7t@sina.com.cn,United States,Male,San Diego,Realmix,44799.91,USD
Jason,Lopez,jlopez7u@miitbeian.gov.cn,Peru,Male,Ilo,Talane,43842.31,PEN
Kenneth,Bryant,kbryant7v@devhub.com,South Africa,Male,Port Saint John’s,Realmix,74739.63,ZAR
Dorothy,Ray,dray7w@themeforest.net,Palestinian Territory,Female,Dayr Sāmit,Voolia,6471.14,ILS
Heather,Marshall,hmarshall7x@diigo.com,China,Female,Longxi,Wikivu,60520.88,CNY
Roy,Mendoza,rmendoza7y@nhs.uk,United States,Male,Dallas,Vidoo,66120.41,USD
Melissa,Diaz,mdiaz7z@sciencedirect.com,Indonesia,Female,Growong Kidul,Twiyo,86061.49,IDR
Sean,Dunn,sdunn80@bigcartel.com,China,Male,Yinla,Kwinu,9567.96,CNY
Clarence,Green,cgreen81@sbwire.com,Netherlands,Male,Schiedam postbusnummers,Izio,43210.92,EUR
Thomas,Stanley,tstanley82@psu.edu,Kenya,Male,Kilifi,Agivu,28198.30,KES
Antonio,Duncan,aduncan83@scientificamerican.com,Philippines,Male,Tiniguiban,Myworks,92984.69,PHP
Joyce,Black,jblack84@yahoo.com,Colombia,Female,Candelaria,Jabbersphere,88745.42,COP
Scott,Butler,sbutler85@microsoft.com,Brazil,Male,Rubiataba,Kamba,88460.58,BRL
Nicholas,Romero,nromero86@sciencedaily.com,China,Male,Huangni,Gabtune,34673.25,CNY
Harold,Martin,hmartin87@gravatar.com,Philippines,Male,Malway,InnoZ,70132.16,PHP
Gloria,Palmer,gpalmer88@cornell.edu,Japan,Female,Sakai,Voolith,68314.70,JPY
Lawrence,Jordan,ljordan89@berkeley.edu,Czech Republic,Male,Horka nad Moravou,Zoovu,95800.86,CZK
Kenneth,Richardson,krichardson8a@buzzfeed.com,Mexico,Male,San Francisco,Browsebug,75431.46,MXN
Jessica,Johnston,jjohnston8b@patch.com,Thailand,Female,Thoen,Zoombox,52176.97,THB
Keith,Walker,kwalker8c@cocolog-nifty.com,China,Male,Shaxi,Gabvine,,CNY
Phillip,Stewart,pstewart8d@ask.com,Georgia,Male,Kharagauli,Voomm,71294.54,GEL
Jennifer,Daniels,jdaniels8e@example.com,China,Female,Daijiaba,Twiyo,6608.50,CNY
Wayne,Reed,wreed8f@ovh.net,Argentina,Male,Castelli,Jabbertype,73823.78,ARS
Ann,Johnson,ajohnson8g@un.org,France,Female,Paris 15,Eadel,51703.98,EUR
Fred,Alexander,falexander8h@123-reg.co.uk,Dominican Republic,Male,Río Grande,Jabberstorm,88348.08,DOP
Irene,Wagner,iwagner8i@aol.com,Tunisia,Female,Al Matlīn,Roombo,88168.56,TND
Shirley,James,sjames8j@1688.com,Croatia,Female,Jezerce,Yata,,HRK
Albert,Thompson,athompson8k@google.com.hk,China,Male,Bazha,Fadeo,33791.05,CNY
Beverly,Grant,bgrant8l@mayoclinic.com,Philippines,Female,Quezon,Buzzster,9525.17,PHP
Bobby,Castillo,bcastillo8m@wordpress.com,United States,Male,El Paso,Devpoint,33485.90,USD
Angela,Thomas,athomas8n@omniture.com,Brazil,Female,Sobral,Realmix,65923.02,BRL
Victor,Hansen,vhansen8o@mediafire.com,Mali,Male,Ténenkou,Youtags,71978.29,XOF
Margaret,Murphy,mmurphy8p@ibm.com,China,Female,Zhifang,Wikido,47104.08,CNY
Joshua,Burton,jburton8q@utexas.edu,Peru,Male,Urasqui,Devcast,21497.46,PEN
Laura,Hayes,lhayes8r@nymag.com,Japan,Female,Matsumoto,Trunyx,15181.22,JPY
David,Hamilton,dhamilton8s@howstuffworks.com,Panama,Male,Pacora,Skipstorm,33467.87,PAB
Annie,Andrews,aandrews8t@cargocollective.com,Netherlands,Female,Breda,Tagpad,41290.79,EUR
Teresa,Riley,triley8u@youku.com,Portugal,Female,Parreira,Thoughtsphere,15082.79,EUR
Roger,Hayes,rhayes8v@tripadvisor.com,Philippines,Male,Alibunan,Talane,36062.16,PHP
Mildred,Weaver,mweaver8w@tinypic.com,Niger,Female,Matamey,Jabbersphere,95306.08,XOF
Linda,Larson,llarson8x@dailymotion.com,China,Female,Songhu,Fatz,,CNY
Todd,Lawson,tlawson8y@ebay.com,Macedonia,Male,Lukovo,Rooxo,34037.19,MKD
Alice,Ray,aray8z@t-online.de,Vietnam,Female,Thị Trấn Phù Yên,Voonder,28814.26,VND
Ernest,Austin,eaustin90@51.la,Honduras,Male,Camasca,Eazzy,55954.13,HNL
Michelle,Porter,mporter91@youtube.com,Albania,Female,Manzë,Nlounge,32187.81,ALL
Doris,Martin,dmartin92@cnbc.com,China,Female,Taoyuan,Roombo,29811.40,CNY
Dennis,Robertson,drobertson93@dropbox.com,China,Male,Chenxikou,Jabberstorm,9314.17,CNY
Marilyn,Stevens,mstevens94@netscape.com,China,Female,Liqiao,Meemm,15014.78,CNY
Louise,Hayes,lhayes95@prnewswire.com,China,Female,Heshengbao,Latz,98837.68,CNY
Richard,Richardson,rrichardson96@berkeley.edu,Indonesia,Male,Krajan,Skimia,81326.74,IDR
Joshua,Hernandez,jhernandez97@umich.edu,China,Male,Gengqing,Edgeify,71846.44,CNY
Roy,Ortiz,rortiz98@issuu.com,Russia,Male,Staroyur’yevo,Browsezoom,48000.17,RUB
Julia,Scott,jscott99@soup.io,Thailand,Female,Sadao,Realpoint,39174.08,THB
Daniel,Burton,dburton9a@vistaprint.com,Argentina,Male,San Lorenzo,Blognation,33527.67,ARS
Jessica,Owens,jowens9b@sitemeter.com,Ukraine,Female,Konotop,Centidel,65047.04,UAH
Kimberly,Gutierrez,kgutierrez9c@cam.ac.uk,France,Female,Rouen,Realcube,58444.04,EUR
Terry,Lopez,tlopez9d@disqus.com,Colombia,Male,Mutatá,Oyoba,88533.76,COP
Martin,Fisher,mfisher9e@chron.com,Japan,Male,Sugito,Dabvine,97341.56,JPY
Todd,Cruz,tcruz9f@yellowbook.com,Brazil,Male,Buriti Bravo,Trunyx,,BRL
Cheryl,Garcia,cgarcia9g@blogspot.com,Brazil,Female,Cunha,Twimm,56630.89,BRL
Chris,Dean,cdean9h@amazon.com,China,Male,Luocheng,Brightdog,,CNY
Julie,Wheeler,jwheeler9i@prlog.org,Austria,Female,Großklein,Zazio,50001.93,EUR
Mary,Brown,mbrown9j@disqus.com,Venezuela,Female,Ciudad Guayana,Kwinu,32608.05,VEF
Ronald,Johnston,rjohnston9k@gnu.org,China,Male,Shuiche,Janyx,12863.90,CNY
Alan,Dixon,adixon9l@deliciousdays.com,China,Male,Yiyang,Jabbersphere,64399.42,CNY
Kathleen,Hart,khart9m@slideshare.net,Indonesia,Female,Tais,Zazio,63816.74,IDR
Jean,Bennett,jbennett9n@tuttocitta.it,France,Female,Paris 16,Zava,8278.27,EUR
Teresa,Garrett,tgarrett9o@youtube.com,Burkina Faso,Female,Kaya,Kamba,43971.88,XOF
Ronald,Lee,rlee9p@google.de,Portugal,Male,Mourelos,Topiclounge,79352.06,EUR
Catherine,Wheeler,cwheeler9q@berkeley.edu,Curacao,Female,Newport,Dablist,15528.95,ANG
Todd,Andrews,tandrews9r@europa.eu,Portugal,Male,Santa Cruz,Oyoba,77429.29,EUR
Sharon,Reyes,sreyes9s@51.la,Russia,Female,Srednebelaya,Aimbu,79294.76,RUB
Diane,Henry,dhenry9t@vistaprint.com,Russia,Female,Sarmanovo,Tanoodle,,RUB
Ernest,Rodriguez,erodriguez9u@bandcamp.com,Cayman Islands,Male,East End,Kwimbee,86210.45,KYD
Eugene,Oliver,eoliver9v@shinystat.com,Russia,Male,Novyy Urengoy,Kazio,79092.01,RUB
Andrew,Ramirez,aramirez9w@imgur.com,China,Male,Hongwei,Pixope,23111.29,CNY
Justin,Stephens,jstephens9x@ebay.com,China,Male,Donghuang,Mybuzz,37367.16,CNY
John,Phillips,jphillips9y@wufoo.com,Serbia,Male,Stanišić,Pixoboo,96745.01,RSD
Gloria,Ramos,gramos9z@hhs.gov,Brazil,Female,Niquelândia,Janyx,92088.92,BRL
Jeffrey,Mendoza,jmendozaa0@chronoengine.com,Portugal,Male,Caldelas,Centimia,67764.54,EUR
Bonnie,Welch,bwelcha1@mit.edu,Poland,Female,Czarna,Topicshots,3566.39,PLN
Roy,Allen,rallena2@shutterfly.com,Finland,Male,Lapinjärvi,Miboo,,EUR
Anna,Ray,araya3@techcrunch.com,Philippines,Female,Polo,Blogtag,11071.91,PHP
Judy,Wallace,jwallacea4@dot.gov,Philippines,Female,Malasin,Wordtune,43500.56,PHP
Ashley,Fernandez,afernandeza5@elpais.com,Peru,Female,Uticyacu,Jabberstorm,26584.45,PEN
Alan,Wagner,awagnera6@smugmug.com,Saint Vincent and the Grenadines,Male,Chateaubelair,Rooxo,,XCD
Melissa,Lynch,mlyncha7@mail.ru,Brazil,Female,Mucuri,Twinder,43684.61,BRL
Rebecca,Campbell,rcampbella8@blogger.com,Indonesia,Female,Gilin,Twinte,76936.71,IDR
Charles,George,cgeorgea9@amazon.co.uk,French Polynesia,Male,Papetoai,Jabbersphere,18684.60,XPF
Brandon,Gilbert,bgilbertaa@nbcnews.com,Russia,Male,Tbilisskaya,Quaxo,12907.45,RUB
Jesse,Riley,jrileyab@cbslocal.com,Indonesia,Male,Winong,Devpulse,75321.68,IDR
Arthur,Hunt,ahuntac@parallels.com,Dominican Republic,Male,Santo Domingo Este,Flashset,24751.88,DOP
Terry,Arnold,tarnoldad@miibeian.gov.cn,Sri Lanka,Male,Nuwara Eliya,Realpoint,86693.31,LKR
Sara,Burke,sburkeae@blog.com,Indonesia,Female,Wates,Jaxspan,36054.09,IDR
Julia,Clark,jclarkaf@microsoft.com,China,Female,Lianhe,Trudeo,52157.88,CNY
Marilyn,Gonzales,mgonzalesag@google.ru,China,Female,Lainqu,Dynava,33400.86,CNY
Anthony,Evans,aevansah@marketwatch.com,China,Male,Baiguo,Gabcube,29331.77,CNY
Tina,Austin,taustinai@sun.com,Russia,Female,Yessentuki,Plambee,31438.23,RUB
Kathryn,Pierce,kpierceaj@fastcompany.com,Russia,Female,Nal’chik,Tagtune,97249.55,RUB
Marie,Bailey,mbaileyak@sogou.com,Indonesia,Female,Krajan Tengah,Brainverse,59168.67,IDR
Patrick,Crawford,pcrawfordal@whitehouse.gov,Russia,Male,Kamenka,Twitternation,55940.45,RUB
Albert,Woods,awoodsam@hexun.com,France,Male,Tarbes,Meejo,52252.48,EUR
Phillip,Reyes,preyesan@twitter.com,Finland,Male,Urjala,Quatz,92922.95,EUR
Linda,Stewart,lstewartao@time.com,China,Female,Longping,Youspan,14038.19,CNY
Todd,Gardner,tgardnerap@deviantart.com,Croatia,Male,Labin,Blogtags,,HRK
Jason,Grant,jgrantaq@live.com,Chile,Male,"Villa Presidente Frei, Ñuñoa, Santiago, Chile",Thoughtstorm,94509.47,CLP
Susan,Martinez,smartinezar@eventbrite.com,Russia,Female,Poddor’ye,Roomm,27084.64,RUB
Brian,Butler,bbutleras@pcworld.com,Mozambique,Male,Dondo,Rhyzio,33934.70,MZN
Andrew,Freeman,afreemanat@skype.com,United States,Male,Fort Pierce,Zava,13470.81,USD
Michael,Hunt,mhuntau@exblog.jp,Philippines,Male,Kinamayan,Fatz,14503.93,PHP
Rose,Howard,rhowardav@sitemeter.com,China,Female,Jiazi,Rhyloo,13582.54,CNY
Bruce,Rose,broseaw@thetimes.co.uk,Portugal,Male,São Mamede,Yodel,611.32,EUR
Deborah,Lee,dleeax@zdnet.com,Russia,Female,Levoberezhnaya,Skilith,86249.69,RUB
Stephen,Vasquez,svasquezay@telegraph.co.uk,United States,Male,Roanoke,Jabbertype,70656.62,USD
Ashley,Carr,acarraz@fema.gov,Trinidad and Tobago,Female,Couva,Talane,79595.68,TTD
Tammy,Wilson,twilsonb0@godaddy.com,Japan,Female,Shisui,Ailane,61677.99,JPY
Judith,Carr,jcarrb1@jalbum.net,China,Female,Junxi,Fivespan,95156.67,CNY
Janet,Hernandez,jhernandezb2@phpbb.com,Colombia,Female,La Cumbre,Plambee,88064.53,COP
Andrew,Ramirez,aramirezb3@icq.com,Russia,Male,Staryy Oskol,Blogspan,68018.61,RUB
Randy,Elliott,relliottb4@miibeian.gov.cn,Indonesia,Male,Cimuncang,Trupe,5923.52,IDR
Mildred,Parker,mparkerb5@de.vu,Russia,Female,Vasyl'evsky Ostrov,Riffpath,,RUB
Sara,James,sjamesb6@senate.gov,Portugal,Female,Grijó,Zoonoodle,31516.54,EUR
Christopher,Payne,cpayneb7@vk.com,Czech Republic,Male,Poděbrady,Topiclounge,74233.89,CZK
Earl,Price,epriceb8@dagondesign.com,Guatemala,Male,Atescatempa,Tanoodle,54111.58,GTQ
Edward,Stewart,estewartb9@blogs.com,Brazil,Male,Simão Dias,Minyx,79735.28,BRL
Marilyn,Allen,mallenba@accuweather.com,Indonesia,Female,Sokarame,Skyble,8557.67,IDR
Louis,Hayes,lhayesbb@1und1.de,Botswana,Male,Ramotswa,Tagfeed,13207.91,BWP
Pamela,Martin,pmartinbc@washingtonpost.com,Dominican Republic,Female,Sabana Iglesia,Babbleset,67558.75,DOP
Kathy,Welch,kwelchbd@un.org,Philippines,Female,Dapdapan,Wordware,,PHP
Carlos,Martinez,cmartinezbe@archive.org,Indonesia,Male,Sruki,Zoomzone,52927.68,IDR
Shawn,Lane,slanebf@dropbox.com,China,Male,Daluo,Youtags,78176.88,CNY
Jerry,Smith,jsmithbg@hao123.com,Indonesia,Male,Pakel,Eadel,59252.25,IDR
Martha,Roberts,mrobertsbh@zdnet.com,Chile,Female,Río Bueno,Jabbertype,56403.83,CLP
Wayne,Payne,wpaynebi@soundcloud.com,Portugal,Male,Santiago de Subrrifana,Blognation,47539.29,EUR
Larry,Ellis,lellisbj@mediafire.com,Lithuania,Male,Varniai,Tagcat,83913.38,LTL
Amanda,James,ajamesbk@hao123.com,Czech Republic,Female,Opatov,Quatz,21205.55,CZK
Jacqueline,Cook,jcookbl@instagram.com,Tunisia,Female,Sbikha,Skaboo,95690.78,TND
Joyce,Gonzalez,jgonzalezbm@parallels.com,Iran,Female,Langarūd,Browsezoom,,IRR
Christopher,Banks,cbanksbn@sogou.com,Philippines,Male,Biao,Gigaclub,30346.72,PHP
Antonio,Dunn,adunnbo@opensource.org,Taiwan,Male,Yilan,Quinu,46604.75,TWD
Patricia,Martin,pmartinbp@senate.gov,Tajikistan,Female,Dushanbe,Eimbee,96101.50,TJS
Anthony,Coleman,acolemanbq@intel.com,Philippines,Male,Biga,Linklinks,66464.84,PHP
Laura,Chapman,lchapmanbr@wufoo.com,Brazil,Female,Rio Novo do Sul,Gigaclub,7144.16,BRL
Nancy,Ramos,nramosbs@freewebs.com,Greece,Female,Marmárion,Linklinks,81909.65,EUR
Norma,Gonzales,ngonzalesbt@free.fr,Philippines,Female,Magdalena,Jayo,26508.39,PHP
Steve,Barnes,sbarnesbu@mapquest.com,Brazil,Male,Petrópolis,Pixoboo,88285.81,BRL
Arthur,Johnston,ajohnstonbv@state.tx.us,Indonesia,Male,Kutasari,Feednation,69413.80,IDR
Patricia,Snyder,psnyderbw@so-net.ne.jp,Israel,Female,Sakhnīn,Skimia,518.33,ILS
Daniel,Wilson,dwilsonbx@typepad.com,Bangladesh,Male,Khagrachhari,Eayo,69574.31,BDT
Howard,Rodriguez,hrodriguezby@edublogs.org,Brazil,Male,Envira,Voolia,5171.14,BRL
Gloria,Stewart,gstewartbz@cdbaby.com,France,Female,Courtaboeuf,Zoombox,93349.10,EUR
Lori,Snyder,lsnyderc0@sakura.ne.jp,Indonesia,Female,Sukowidodo Barat,JumpXS,64500.43,IDR
Louise,Reynolds,lreynoldsc1@plala.or.jp,Czech Republic,Female,Chabařovice,Tagopia,40412.56,CZK
Denise,Johnston,djohnstonc2@ft.com,Thailand,Female,Huai Mek,Yata,42391.39,THB
Jonathan,Kennedy,jkennedyc3@ask.com,Ukraine,Male,Fastiv,Zoomcast,74973.32,UAH
Albert,Jones,ajonesc4@soup.io,Russia,Male,Khvalynsk,Thoughtbeat,,RUB
Harry,Parker,hparkerc5@tmall.com,China,Male,Hongguang,Yata,30935.22,CNY
Jerry,Campbell,jcampbellc6@fastcompany.com,Indonesia,Male,Jaga,Vidoo,77550.20,IDR
Timothy,Gordon,tgordonc7@bbc.co.uk,Brazil,Male,Capivari,Eamia,,BRL
Jose,Webb,jwebbc8@dropbox.com,China,Male,Huangrangping,Camimbo,80626.62,CNY
Ruth,Banks,rbanksc9@vkontakte.ru,Gambia,Female,Sami,Twitterbeat,94598.78,GMD
Ashley,Anderson,aandersonca@un.org,China,Female,Bishan,Skaboo,76765.60,CNY
Brenda,Elliott,belliottcb@hostgator.com,Philippines,Female,Tanza,Edgetag,29654.25,PHP
Aaron,Lynch,alynchcc@craigslist.org,Sierra Leone,Male,Peyima,Aivee,21840.70,SLL
Sara,Perry,sperrycd@cisco.com,Portugal,Female,Santo André,Trilia,,EUR
Edward,Webb,ewebbce@surveymonkey.com,Finland,Male,Kempele,Topicstorm,63422.78,EUR
Anthony,Alexander,aalexandercf@tinyurl.com,Peru,Male,Pucara,Abata,6935.03,PEN
Christopher,Martinez,cmartinezcg@360.cn,China,Male,Jishan,Centimia,47075.78,CNY
Joyce,Griffin,jgriffinch@google.com.au,Vietnam,Female,A Yun Pa,Edgewire,21698.32,VND
Shirley,Phillips,sphillipsci@disqus.com,France,Female,Tournon-sur-Rhône,Demimbu,67839.37,EUR
Wanda,Oliver,wolivercj@cnet.com,Costa Rica,Female,Bejuco,Mynte,92823.58,CRC
Terry,Myers,tmyersck@fc2.com,Bulgaria,Male,Chirpan,Twitternation,81799.46,BGN
Matthew,Clark,mclarkcl@google.com.au,China,Male,Huarong Chengguanzhen,Tazzy,81539.27,CNY
Rachel,Morgan,rmorgancm@etsy.com,China,Female,Gouping,Rhynyx,34638.32,CNY
Lawrence,Gonzalez,lgonzalezcn@google.de,Sweden,Male,Sundbyberg,Feedbug,,SEK
Michael,Martinez,mmartinezco@twitpic.com,Uganda,Male,Njeru,Shuffletag,49110.89,UGX
Rachel,Shaw,rshawcp@bigcartel.com,Libya,Female,Tripoli,Eayo,,LYD
Norma,Sanders,nsanderscq@ovh.net,China,Female,Xinmen,Livetube,49197.65,CNY
James,Fernandez,jfernandezcr@sakura.ne.jp,Sudan,Male,Geneina,Gabtype,,SDG
Carolyn,Thomas,cthomascs@miitbeian.gov.cn,Venezuela,Female,Capatárida,Wikido,89460.40,VEF
Heather,Stanley,hstanleyct@nifty.com,Russia,Female,Vodnyy,Meezzy,86809.89,RUB
Mildred,Grant,mgrantcu@house.gov,Thailand,Female,Mae Sot,Camimbo,36727.99,THB
Daniel,Reid,dreidcv@over-blog.com,Indonesia,Male,Jelbuk,Photobug,33906.04,IDR
Roger,Garcia,rgarciacw@indiegogo.com,Russia,Male,Anzhero-Sudzhensk,Skiptube,,RUB
Sharon,Kelley,skelleycx@51.la,Philippines,Female,Lusacan,Bluejam,27085.18,PHP
Adam,Stewart,astewartcy@ask.com,Philippines,Male,Kambing,Realcube,66714.92,PHP
Diane,Perez,dperezcz@engadget.com,Russia,Female,Timiryazevskoye,Cogilith,28521.37,RUB
Keith,Harvey,kharveyd0@independent.co.uk,Iran,Male,Sūrān,Oyonder,84465.23,IRR
Louis,Smith,lsmithd1@moonfruit.com,Indonesia,Male,Pakalongan,Babbleset,48046.64,IDR
Howard,Moreno,hmorenod2@dailymail.co.uk,China,Male,Shishan,Cogibox,84976.11,CNY
Christina,Knight,cknightd3@hatena.ne.jp,Thailand,Female,Chumphon,Topiclounge,,THB
Justin,Morgan,jmorgand4@paypal.com,Thailand,Male,Chanuman,Jaxspan,78346.66,THB
Anne,Peters,apetersd5@pinterest.com,Pakistan,Female,Mehrābpur,Zoonoodle,27355.80,PKR
Sara,Hayes,shayesd6@seattletimes.com,Brazil,Female,Nazaré,Skipfire,38829.04,BRL
Ryan,Kim,rkimd7@about.me,United States,Male,Newton,Linklinks,34878.61,USD
Shirley,Dixon,sdixond8@qq.com,Philippines,Female,Can-asujan,Flashset,94166.76,PHP
Kathryn,Hill,khilld9@over-blog.com,United States,Female,Phoenix,Realpoint,45265.22,USD
Kathleen,Bennett,kbennettda@stumbleupon.com,Malta,Female,Sliema,Linkbridge,11311.89,EUR
Rebecca,Washington,rwashingtondb@e-recht24.de,Jamaica,Female,Old Harbour Bay,Jabberbean,75185.48,JMD
Brian,Richardson,brichardsondc@cloudflare.com,Indonesia,Male,Lampa,Dynava,17937.36,IDR
Debra,Lynch,dlynchdd@elegantthemes.com,Ukraine,Female,Zarya,Meevee,30548.63,UAH
Joyce,Taylor,jtaylorde@mozilla.com,Spain,Female,Albacete,Quatz,30163.29,EUR
Gerald,Miller,gmillerdf@fema.gov,South Korea,Male,Songhae,Rhycero,31916.97,KRW
Ruth,Larson,rlarsondg@wufoo.com,Pakistan,Female,Thatta,InnoZ,44230.66,PKR
Jimmy,Peterson,jpetersondh@github.io,Indonesia,Male,Fatubia,Skaboo,72673.57,IDR
Robin,Anderson,randersondi@google.it,China,Female,Cola,Voonder,88941.55,CNY
Ruth,Gordon,rgordondj@moonfruit.com,Denmark,Female,København,Flashset,46686.74,DKK
Janet,Fox,jfoxdk@amazonaws.com,United States,Female,Peoria,Abatz,71886.38,USD
Frances,Robertson,frobertsondl@blogger.com,China,Female,Xiangshui,Wordify,63958.81,CNY
Mildred,Wagner,mwagnerdm@google.de,Indonesia,Female,Singkup,Quatz,70511.30,IDR
Nicholas,Stephens,nstephensdn@cafepress.com,Portugal,Male,Lobão,Ntag,37702.30,EUR
Anna,Wheeler,awheelerdo@mtv.com,Kiribati,Female,Banana Village,Ozu,12103.98,AUD
Donna,Smith,dsmithdp@google.ca,Indonesia,Female,Urung,Flipstorm,39457.41,IDR
Benjamin,Nichols,bnicholsdq@state.gov,Azerbaijan,Male,Bakıxanov,Meezzy,82910.40,AZN
Brian,Miller,bmillerdr@hud.gov,Cuba,Male,Centro Habana,Photobug,27850.54,CUP
Gary,Ellis,gellisds@jigsy.com,Bosnia and Herzegovina,Male,Vitez,Fliptune,95840.91,BAM
Eugene,White,ewhitedt@wsj.com,Vietnam,Male,Plei Kần,Meevee,56721.91,VND
Paul,Griffin,pgriffindu@vistaprint.com,Philippines,Male,Bingawan,Eabox,84547.28,PHP
Ruth,Young,ryoungdv@dmoz.org,Portugal,Female,Viso,Ooba,56643.78,EUR
David,Lopez,dlopezdw@hostgator.com,Indonesia,Male,Kasonawejo,Kayveo,34058.57,IDR
Jerry,Holmes,jholmesdx@tamu.edu,Australia,Male,Hobart,Gabtype,83782.56,AUD
Mary,Bradley,mbradleydy@exblog.jp,Burundi,Female,Rutana,Einti,19034.09,BIF
Debra,Burke,dburkedz@clickbank.net,Dominican Republic,Female,Puerto Plata,Janyx,14251.29,DOP
Karen,Duncan,kduncane0@nih.gov,Poland,Female,Zambrów,Jaxbean,93603.40,PLN
Louise,Brown,lbrowne1@symantec.com,Morocco,Female,Mechrá Belqsiri,Trudeo,72988.77,MAD
Henry,Alvarez,halvareze2@hao123.com,Malaysia,Male,Putrajaya,Oloo,66463.88,MYR
Craig,Lee,cleee3@thetimes.co.uk,China,Male,Changning,Divape,14454.71,CNY
Jennifer,Gomez,jgomeze4@i2i.jp,China,Female,Daxi,Browseblab,154.06,CNY
Debra,Berry,dberrye5@slate.com,China,Female,Qinglung,Voolia,35325.75,CNY
Sandra,Powell,spowelle6@123-reg.co.uk,Indonesia,Female,Walakeri,Jetwire,14627.44,IDR
Sandra,Moreno,smorenoe7@youtu.be,Poland,Female,Dąbrowice,Yodo,87886.01,PLN
Richard,Moreno,rmorenoe8@harvard.edu,Indonesia,Male,Balai,Feedfire,95154.83,IDR
Rose,Moreno,rmorenoe9@blogspot.com,Indonesia,Female,Lajarik,Edgewire,81219.78,IDR
Eric,Fuller,efullerea@goodreads.com,Pakistan,Male,Uthal,Reallinks,10993.27,PKR
Emily,Cox,ecoxeb@edublogs.org,Peru,Female,Pitumarca,Miboo,,PEN
Paula,Campbell,pcampbellec@epa.gov,Vietnam,Female,Bằng Lũng,Jetpulse,3051.28,VND
Christina,Burke,cburkeed@odnoklassniki.ru,Indonesia,Female,Pakisrejo,Meevee,93832.26,IDR
Roy,Larson,rlarsonee@va.gov,China,Male,Lishui,Zava,,CNY
Albert,Clark,aclarkef@ibm.com,Pitcairn,Male,Adamstown,Bluejam,63514.61,NZD
Lawrence,Robinson,lrobinsoneg@forbes.com,Russia,Male,Yessentuki,Kamba,,RUB
Robin,Parker,rparkereh@whitehouse.gov,Brazil,Female,Prudentópolis,Skinte,73090.99,BRL
Justin,Stone,jstoneei@spotify.com,France,Male,Tours,Demivee,22156.63,EUR
Judy,Evans,jevansej@scribd.com,Philippines,Female,Bascaron,Kazu,57166.54,PHP
Arthur,Dean,adeanek@is.gd,China,Male,Haixing,Tavu,16616.57,CNY
Judith,Hughes,jhughesel@stumbleupon.com,United States,Female,Hollywood,Quimba,26081.85,USD
Matthew,Stewart,mstewartem@accuweather.com,Macedonia,Male,Марино,Voomm,41000.57,MKD
Laura,Weaver,lweaveren@yahoo.com,Brazil,Female,São Borja,Photobug,91027.83,BRL
Ralph,Dean,rdeaneo@shop-pro.jp,Peru,Male,Mosoc Llacta,Divanoodle,,PEN
Henry,Scott,hscottep@yellowbook.com,Philippines,Male,Becerril,Devcast,25615.38,PHP
Frank,Alexander,falexandereq@jigsy.com,South Africa,Male,Mooirivier,Photospace,45557.12,ZAR
Earl,Kennedy,ekennedyer@tamu.edu,Finland,Male,Karis,Babblestorm,73829.53,EUR
John,Cooper,jcooperes@cafepress.com,United States,Male,Phoenix,Skalith,12771.48,USD
Sarah,Stone,sstoneet@edublogs.org,China,Female,Jianshe,Mymm,54835.87,CNY
Ruby,Scott,rscotteu@mapy.cz,China,Female,Xinmin,Voonyx,2759.31,CNY
Angela,Jenkins,ajenkinsev@gravatar.com,Chile,Female,Talagante,DabZ,59358.71,CLP
Russell,Bishop,rbishopew@pagesperso-orange.fr,Japan,Male,Saitama,Jabberbean,54421.94,JPY
Jose,Ramirez,jramirezex@nhs.uk,Philippines,Male,Caramay,Feednation,85488.52,PHP
Diane,Hunt,dhuntey@noaa.gov,Indonesia,Female,Nanger,Voonyx,62366.96,IDR
Linda,Allen,lallenez@biblegateway.com,South Africa,Female,East London,Blogpad,20156.63,ZAR
Edward,Ortiz,eortizf0@disqus.com,Japan,Male,Kuroiso,Twimbo,85374.44,JPY
Joseph,Bell,jbellf1@mashable.com,China,Male,Dangchang Chengguanzhen,Meemm,64481.28,CNY
Angela,Kennedy,akennedyf2@seesaa.net,Morocco,Female,Zerkten,Avamm,,MAD
Sharon,Lynch,slynchf3@comsenz.com,China,Female,Shangbahe,Wordify,3558.54,CNY
Benjamin,Henry,bhenryf4@wix.com,Japan,Male,Nemuro,Brightbean,56930.68,JPY
Frank,Hayes,fhayesf5@privacy.gov.au,China,Male,Oymak,Realpoint,37381.53,CNY
John,Peters,jpetersf6@domainmarket.com,Canada,Male,Burgeo,Twitterbridge,88401.83,CAD
Carl,West,cwestf7@wufoo.com,China,Male,Nancaicun,Cogidoo,7986.81,CNY
George,Coleman,gcolemanf8@patch.com,Colombia,Male,Aguadas,Realbuzz,92252.28,COP
Melissa,Cox,mcoxf9@ucoz.ru,China,Female,Huangqi,Zazio,37723.07,CNY
Eugene,Carr,ecarrfa@last.fm,Indonesia,Male,Cisalakdesa,Janyx,83157.81,IDR
Jesse,Garrett,jgarrettfb@cyberchimps.com,Indonesia,Male,Isak,Yakidoo,1641.75,IDR
Joyce,Cox,jcoxfc@exblog.jp,Indonesia,Female,Jembangan,Rhynyx,12367.29,IDR
Lois,Davis,ldavisfd@census.gov,Portugal,Female,Estrada,Yakidoo,18966.00,EUR
Philip,Carter,pcarterfe@desdev.cn,United States,Male,Phoenix,Browsecat,24446.91,USD
Harry,Palmer,hpalmerff@ebay.com,China,Male,Yousheng,Skimia,,CNY
Antonio,White,awhitefg@shinystat.com,Indonesia,Male,Lohong,Meemm,52090.82,IDR
Ernest,Frazier,efrazierfh@hhs.gov,China,Male,Shazi,Oyope,,CNY
Martha,Nichols,mnicholsfi@microsoft.com,Russia,Female,Turgenevo,Oyondu,68915.58,RUB
Jeremy,Lawson,jlawsonfj@dailymail.co.uk,Tunisia,Male,La Mohammedia,Skajo,61417.90,TND
Kenneth,Ruiz,kruizfk@photobucket.com,Portugal,Male,Bicesse,Jabbersphere,57803.66,EUR
Judy,Gomez,jgomezfl@bloglines.com,Sweden,Female,Vällingby,Izio,61368.17,SEK
Arthur,Collins,acollinsfm@ucoz.com,Colombia,Male,Buenavista,Rhynoodle,13626.15,COP
Edward,Owens,eowensfn@cam.ac.uk,China,Male,Xichang,Dabjam,32808.86,CNY
Stephen,Ortiz,sortizfo@examiner.com,Indonesia,Male,Roioen,Dynava,56244.56,IDR
Joan,Gomez,jgomezfp@sina.com.cn,Indonesia,Female,Kali,Feedspan,22817.33,IDR
Deborah,Rice,dricefq@github.io,Russia,Female,Nachalovo,Jetpulse,57278.24,RUB
Joan,George,jgeorgefr@barnesandnoble.com,Serbia,Female,Bašaid,Dynabox,86893.13,RSD
Ralph,Elliott,relliottfs@yellowpages.com,Canada,Male,Aylmer,Skinix,63852.70,CAD
John,Wood,jwoodft@over-blog.com,Tunisia,Male,Banī Khaddāsh,Jaxnation,98852.00,TND
Sandra,Ryan,sryanfu@constantcontact.com,Philippines,Female,Causip,Blognation,35215.73,PHP
Henry,Pierce,hpiercefv@tripod.com,China,Male,Zhuangtou,Avaveo,21829.97,CNY
Laura,Martinez,lmartinezfw@alibaba.com,Ivory Coast,Female,Toumodi,Agimba,7446.52,XOF
Judith,Burton,jburtonfx@unc.edu,Venezuela,Female,Tinaco,Tazz,11252.97,VEF
Craig,Williams,cwilliamsfy@devhub.com,Brazil,Male,Pedra Azul,Brainverse,61293.81,BRL
Thomas,Walker,twalkerfz@ning.com,Ethiopia,Male,Debre Mark’os,Dynabox,27525.22,ETB
William,Nichols,wnicholsg0@exblog.jp,Philippines,Male,Salvacion,Edgeclub,30971.70,PHP
Bobby,Kennedy,bkennedyg1@wunderground.com,Indonesia,Male,Tongkiling,Brightbean,72260.41,IDR
Eric,Elliott,eelliottg2@howstuffworks.com,Belarus,Male,Pruzhany,Rhyzio,6834.62,BYR
Wanda,Campbell,wcampbellg3@weebly.com,Chile,Female,Puyehue,Wordpedia,17075.68,CLP
Mildred,Mason,mmasong4@google.cn,Nepal,Female,Jomsom,Cogilith,76735.91,NPR
Diane,Chapman,dchapmang5@delicious.com,Brazil,Female,Iguape,Chatterpoint,61866.70,BRL
Denise,Holmes,dholmesg6@furl.net,Peru,Female,Chaviña,Flipbug,17980.93,PEN
Kelly,Garza,kgarzag7@mayoclinic.com,Portugal,Female,Quintas,Meemm,16432.62,EUR
Lisa,Sanchez,lsanchezg8@163.com,Sweden,Female,Arvika,Tavu,64199.37,SEK
Jessica,Mills,jmillsg9@linkedin.com,China,Female,Taiqing,Miboo,74846.07,CNY
Raymond,Wallace,rwallacega@independent.co.uk,Indonesia,Male,Krajan Gebangan,Voomm,86924.19,IDR
Martin,Perry,mperrygb@umich.edu,France,Male,La Motte-Servolex,Twinte,50226.45,EUR
Russell,Bell,rbellgc@amazon.com,Poland,Male,Milicz,Skalith,23270.51,PLN
Kathleen,Bryant,kbryantgd@php.net,Indonesia,Female,Riangblolong,Dynabox,37380.47,IDR
Marilyn,Morris,mmorrisge@cyberchimps.com,Brazil,Female,Astorga,Thoughtstorm,30863.90,BRL
Theresa,Fox,tfoxgf@goodreads.com,Indonesia,Female,Ngujung,Latz,92295.98,IDR
Robert,Berry,rberrygg@marketwatch.com,China,Male,Huazhai,Divanoodle,56478.00,CNY
Eugene,Stone,estonegh@devhub.com,Mongolia,Male,Зуунмод,Pixonyx,27718.15,MNT
Sara,Garcia,sgarciagi@is.gd,Sweden,Female,Ystad,DabZ,91547.60,SEK
Gary,Hanson,ghansongj@webeden.co.uk,Iraq,Male,Zākhū,Npath,56463.84,IQD
Robin,Coleman,rcolemangk@nationalgeographic.com,Netherlands,Female,Almere Haven,Wikizz,54176.87,EUR
Maria,Morgan,mmorgangl@illinois.edu,Sweden,Female,Nyköping,Meembee,80516.05,SEK
Teresa,Kennedy,tkennedygm@deliciousdays.com,Brazil,Female,Botucatu,InnoZ,,BRL
Diane,Robertson,drobertsongn@sourceforge.net,Portugal,Female,Gandra,Edgetag,24544.60,EUR
Brandon,Baker,bbakergo@uol.com.br,Vietnam,Male,Nghi Xuân,Yoveo,97638.37,VND
Helen,Fisher,hfishergp@gov.uk,Russia,Female,Manzherok,Edgetag,51377.56,RUB
Randy,Garrett,rgarrettgq@intel.com,Lesotho,Male,Butha-Buthe,Skidoo,67236.22,LSL
Gary,Gilbert,ggilbertgr@harvard.edu,China,Male,Changning,Tazzy,74751.74,CNY
Paul,Stephens,pstephensgs@si.edu,Indonesia,Male,Tanahmerah,Npath,23211.55,IDR
Keith,Patterson,kpattersongt@aol.com,Greece,Male,Periyiáli,LiveZ,32061.49,EUR
Christopher,Banks,cbanksgu@army.mil,China,Male,Haokou,Vinte,82734.11,CNY
Diane,Dunn,ddunngv@opensource.org,France,Female,Castres,Oozz,76831.87,EUR
Maria,Ray,mraygw@scientificamerican.com,Russia,Female,Lyudinovo,Tagchat,76731.38,RUB
Sara,Holmes,sholmesgx@live.com,Greece,Female,Arísvi,Blogspan,,EUR
Karen,Alexander,kalexandergy@boston.com,China,Female,Kuanping,Jabberstorm,7607.92,CNY
Donald,Bowman,dbowmangz@auda.org.au,Peru,Male,Campoverde,Buzzster,30981.89,PEN
Evelyn,Kennedy,ekennedyh0@php.net,Chile,Female,Peñaflor,Divanoodle,68366.90,CLP
Elizabeth,Henry,ehenryh1@nationalgeographic.com,Thailand,Female,Saba Yoi,Zoombox,15081.66,THB
John,Bennett,jbennetth2@topsy.com,Indonesia,Male,Mehona,Camimbo,15008.19,IDR
Phillip,Ferguson,pfergusonh3@wikia.com,Sweden,Male,Borås,Janyx,27702.62,SEK
Brian,Morales,bmoralesh4@shutterfly.com,China,Male,Xindu,Trilia,57775.32,CNY
Richard,Carpenter,rcarpenterh5@mapy.cz,Indonesia,Male,Ciputih,Zoovu,79103.89,IDR
Sarah,Gonzales,sgonzalesh6@1688.com,Cyprus,Female,Perivólia,Flipopia,,EUR
Helen,Boyd,hboydh7@wufoo.com,Azerbaijan,Female,Dondar Quşçu,Fivebridge,31452.34,AZN
Frank,Hanson,fhansonh8@xrea.com,Portugal,Male,Vinha,Demizz,87771.67,EUR
Michael,Marshall,mmarshallh9@adobe.com,China,Male,Yangmadao,Wikizz,33441.63,CNY
Linda,Clark,lclarkha@netvibes.com,China,Female,Mengyin,Buzzshare,50240.41,CNY
Marilyn,Meyer,mmeyerhb@mlb.com,Brazil,Female,Campos do Jordão,Twitterwire,91441.31,BRL
Benjamin,Bennett,bbennetthc@xing.com,Tajikistan,Male,Obikiik,Zava,50211.23,TJS
Philip,Moore,pmoorehd@sakura.ne.jp,Philippines,Male,Manacsac,Brainverse,38953.03,PHP
Arthur,Ortiz,aortizhe@engadget.com,China,Male,Lukou,Zoomzone,24030.00,CNY
Patricia,Spencer,pspencerhf@ox.ac.uk,Lebanon,Female,Tripoli,Edgeclub,81199.68,LBP
Joan,Robertson,jrobertsonhg@dropbox.com,Indonesia,Female,Sukakerta,Avavee,17097.82,IDR
Peter,Medina,pmedinahh@people.com.cn,Russia,Male,Manzurka,Midel,,RUB
Kenneth,Cole,kcolehi@vkontakte.ru,China,Male,Heting,Ainyx,94490.46,CNY
Stephanie,Murphy,smurphyhj@sina.com.cn,Russia,Female,Bor,Kayveo,22568.16,RUB
Carol,Stanley,cstanleyhk@bbb.org,Malaysia,Female,Kangar,Feedmix,66183.87,MYR
Arthur,Harvey,aharveyhl@usda.gov,Philippines,Male,Ilaya,Zava,,PHP
Louise,Dixon,ldixonhm@guardian.co.uk,United States,Female,Muskegon,Zooveo,,USD
Patricia,Graham,pgrahamhn@github.com,China,Female,Yuping,Gabtune,35941.28,CNY
Edward,Carpenter,ecarpenterho@gravatar.com,Honduras,Male,Lucerna,Omba,11619.31,HNL
Martin,Price,mpricehp@sphinn.com,Greece,Male,Galatás,Twitterwire,16388.82,EUR
Jeffrey,Bennett,jbennetthq@tamu.edu,Indonesia,Male,Kadujangkung,Twiyo,962.90,IDR
Susan,Hill,shillhr@ask.com,United States,Female,Oklahoma City,Voomm,46541.27,USD
Alan,Pierce,apiercehs@fotki.com,China,Male,Yishui,Livefish,21784.90,CNY
Amy,Murray,amurrayht@smugmug.com,Japan,Female,Wakimachi,Skipfire,86540.00,JPY
Lisa,Gilbert,lgilberthu@tmall.com,Russia,Female,Shchelkovo,Tazzy,27652.25,RUB
Janice,Fowler,jfowlerhv@posterous.com,Mexico,Female,Guadalupe,Skiptube,8585.34,MXN
Harry,Ramos,hramoshw@fotki.com,Sweden,Male,Tranås,Zoovu,47420.55,SEK
Janet,Morrison,jmorrisonhx@rambler.ru,Indonesia,Female,Halimaung Jaya (F-3),Babbleopia,14083.93,IDR
Antonio,Woods,awoodshy@yellowpages.com,China,Male,Raoyang,Babbleopia,91093.50,CNY
Jacqueline,Burke,jburkehz@chronoengine.com,Russia,Female,Yumaguzino,Photofeed,,RUB
Elizabeth,Stewart,estewarti0@lycos.com,Indonesia,Female,Margasana,Vitz,,IDR
Ashley,Black,ablacki1@paginegialle.it,France,Female,Rouen,Thoughtstorm,80533.29,EUR
Lisa,Hill,lhilli2@buzzfeed.com,France,Female,Paris La Défense,Kwinu,90628.00,EUR
Justin,Garcia,jgarciai3@ycombinator.com,Croatia,Male,Brinje,Omba,38011.89,HRK
Roger,Bryant,rbryanti4@elpais.com,Russia,Male,Tsimlyansk,Wikizz,63641.72,RUB
Jesse,Garza,jgarzai5@hubpages.com,Guatemala,Male,San Lorenzo,Trudoo,69864.70,GTQ
Andrea,Young,ayoungi6@businesswire.com,China,Female,Mushu,Photospace,94463.49,CNY
Amy,Moreno,amorenoi7@typepad.com,Panama,Female,Río Alejandro,Twiyo,53826.40,PAB
Brandon,Long,blongi8@jimdo.com,Indonesia,Male,Cipatujah,Thoughtstorm,,IDR
Christopher,Owens,cowensi9@digg.com,Brazil,Male,Itaúna,Rhynoodle,38228.84,BRL
Juan,Elliott,jelliottia@ezinearticles.com,France,Male,Marseille,Ntags,16053.37,EUR
Ronald,Wallace,rwallaceib@sogou.com,Czech Republic,Male,Žabčice,Jayo,72290.56,CZK
Joyce,Palmer,jpalmeric@ezinearticles.com,Iceland,Female,Eskifjörður,Centimia,68138.41,ISK
Steve,Gomez,sgomezid@nytimes.com,Russia,Male,Kratovo,Zoomcast,71777.63,RUB
Sandra,Gonzales,sgonzalesie@free.fr,Guinea-Bissau,Female,Bissau,Divanoodle,,XOF
Wanda,Gonzalez,wgonzalezif@smugmug.com,United States,Female,Los Angeles,Thoughtmix,97358.70,USD
Eugene,Pierce,epierceig@tiny.cc,Thailand,Male,Don Mueang,Rhyloo,46749.79,THB
Lawrence,Robinson,lrobinsonih@google.it,Indonesia,Male,Krajan,Chatterpoint,26118.70,IDR
Joyce,Bishop,jbishopii@indiegogo.com,Indonesia,Female,Mauloo,Fanoodle,82801.51,IDR
John,Bailey,jbaileyij@cam.ac.uk,France,Male,Bry-sur-Marne,Quatz,97386.52,EUR
Gary,Nguyen,gnguyenik@time.com,China,Male,Baiyin,Feedfish,29157.71,CNY
Timothy,Warren,twarrenil@boston.com,Indonesia,Male,Pendolo,Topiclounge,24281.24,IDR
Ann,Richardson,arichardsonim@google.ru,North Korea,Female,Sil-li,Oyoloo,46784.91,KPW
Wanda,Woods,wwoodsin@nyu.edu,Ukraine,Female,Korostyshiv,Zoonoodle,21812.04,UAH
Philip,Kelly,pkellyio@telegraph.co.uk,Russia,Male,Yelizavetinskaya,Oloo,55024.05,RUB
Wanda,Stephens,wstephensip@nhs.uk,Poland,Female,Krzemienica,Realmix,12139.74,PLN
Lawrence,Young,lyoungiq@sphinn.com,Vietnam,Male,Giồng Riềng,Dablist,39003.37,VND
Willie,Cruz,wcruzir@umich.edu,Colombia,Male,Ortega,Roomm,49583.35,COP
Antonio,Ellis,aellisis@twitter.com,Argentina,Male,Macachín,Wordware,,ARS
Adam,Morrison,amorrisonit@newsvine.com,Greece,Male,Loukísia,Aivee,73851.82,EUR
Albert,Robertson,arobertsoniu@reddit.com,China,Male,Longtou,Yotz,52352.72,CNY
Nicholas,Matthews,nmatthewsiv@elegantthemes.com,Indonesia,Male,Luti,Roodel,93446.51,IDR
Russell,Adams,radamsiw@wufoo.com,Luxembourg,Male,Bech,Aimbu,54264.05,EUR
Sara,Owens,sowensix@sina.com.cn,Bosnia and Herzegovina,Female,Čapljina,Twimbo,60875.58,BAM
Cynthia,Hudson,chudsoniy@mysql.com,Brazil,Female,Nova Cruz,Edgeblab,45569.30,BRL
Frances,Nelson,fnelsoniz@t.co,Belize,Female,San Pedro,Lazz,48548.62,BZD
Mildred,Harrison,mharrisonj0@meetup.com,Kazakhstan,Female,Lenger,Dabfeed,7489.18,KZT
Janet,Watkins,jwatkinsj1@squarespace.com,China,Female,Anren,Geba,52441.66,CNY
John,Sanchez,jsanchezj2@blog.com,Malaysia,Male,Kota Kinabalu,Flashpoint,,MYR
Fred,Jackson,fjacksonj3@uiuc.edu,Sweden,Male,Uddevalla,Voonix,44651.39,SEK
Jacqueline,Tucker,jtuckerj4@ca.gov,Russia,Female,Verkhnevilyuysk,Skiba,,RUB
Eugene,Ellis,eellisj5@artisteer.com,Macedonia,Male,Selce,Kwilith,,MKD
Thomas,Burke,tburkej6@typepad.com,Indonesia,Male,Talu,Topicstorm,52616.89,IDR
Martin,Hudson,mhudsonj7@yahoo.co.jp,Colombia,Male,Aipe,Kimia,44147.63,COP
Jonathan,Nichols,jnicholsj8@privacy.gov.au,Ukraine,Male,Novoselitsa,Twitterwire,,UAH
Lawrence,Duncan,lduncanj9@quantcast.com,Peru,Male,Leticia,Quatz,38898.15,PEN
Alice,Burns,aburnsja@sitemeter.com,Poland,Female,Szczerców,Ozu,1737.17,PLN
Aaron,Lane,alanejb@nhs.uk,China,Male,Duofudu,Voomm,74923.60,CNY
Susan,Ray,srayjc@about.me,China,Female,Heyou,Mydo,41602.29,CNY
Elizabeth,Schmidt,eschmidtjd@desdev.cn,Luxembourg,Female,Bergem,Kayveo,20569.72,EUR
Gloria,Ortiz,gortizje@addtoany.com,Philippines,Female,Tambalisa,Meedoo,54558.33,PHP
Joyce,Lynch,jlynchjf@marketwatch.com,Canada,Female,Midland,Blognation,82344.77,CAD
Betty,Spencer,bspencerjg@ovh.net,Macedonia,Female,Centar Župa,Thoughtsphere,14384.18,MKD
Donald,Gonzales,dgonzalesjh@jimdo.com,Kazakhstan,Male,Aqsay,Rhycero,3907.30,KZT
Amy,Schmidt,aschmidtji@chronoengine.com,Cuba,Female,Chambas,Yata,33309.63,CUP
Howard,Parker,hparkerjj@nasa.gov,Afghanistan,Male,Tsapêraī,Meetz,51234.58,AFN
Judith,Mills,jmillsjk@bravesites.com,China,Female,Yuetang,Thoughtstorm,86473.88,CNY
Joyce,Woods,jwoodsjl@ask.com,Portugal,Female,Freiria,Dynazzy,,EUR
Scott,Palmer,spalmerjm@skyrock.com,Marshall Islands,Male,Loen,Thoughtstorm,60513.64,USD
Kelly,Larson,klarsonjn@godaddy.com,France,Female,Saint-Avold,Wikizz,85458.28,EUR
Jimmy,Harrison,jharrisonjo@shop-pro.jp,Portugal,Male,Arcos,Eazzy,24748.98,EUR
Kimberly,Chapman,kchapmanjp@ebay.co.uk,Venezuela,Female,Los Guayos,Feedfish,,VEF
Nancy,Cruz,ncruzjq@oaic.gov.au,Afghanistan,Female,Anār Darah,Cogibox,,AFN
Anne,Tucker,atuckerjr@edublogs.org,Cambodia,Female,Tbêng Méanchey,Viva,80846.35,KHR
Wanda,Romero,wromerojs@lycos.com,China,Female,Qingshan,Browsezoom,71926.55,CNY
Joshua,Daniels,jdanielsjt@cafepress.com,Russia,Male,Teeli,Browsetype,61290.56,RUB
Scott,Black,sblackju@newsvine.com,Russia,Male,Priyutovo,Flipstorm,85110.59,RUB
Karen,Edwards,kedwardsjv@microsoft.com,Serbia,Female,Bojnik,Buzzster,86352.25,RSD
Betty,Alvarez,balvarezjw@rakuten.co.jp,Indonesia,Female,Sindangheula,Tazzy,43190.73,IDR
Marie,Diaz,mdiazjx@infoseek.co.jp,Indonesia,Female,Karanggeneng,Fanoodle,,IDR
Cheryl,Hawkins,chawkinsjy@umich.edu,China,Female,Duanjia,Voonyx,82908.08,CNY
Scott,Henderson,shendersonjz@aol.com,Denmark,Male,København,Oyope,27734.00,DKK
Catherine,Rodriguez,crodriguezk0@devhub.com,China,Female,Gangkoujie,Riffpedia,3960.97,CNY
Aaron,Montgomery,amontgomeryk1@wisc.edu,Peru,Male,Huallanca,Jamia,74152.97,PEN
Jesse,Young,jyoungk2@csmonitor.com,Philippines,Male,Tabalong,Photobean,43677.71,PHP
Joshua,Olson,jolsonk3@flickr.com,France,Male,Toulouse,Eare,89466.59,EUR
Alice,Taylor,ataylork4@dailymail.co.uk,Nepal,Female,Kathmandu,Photojam,35069.21,NPR
Jonathan,Morrison,jmorrisonk5@xing.com,Nigeria,Male,Tambawel,Rhynoodle,14162.64,NGN
Louis,Graham,lgrahamk6@disqus.com,Brazil,Male,Bagé,Meemm,85134.88,BRL
Amanda,Richardson,arichardsonk7@bandcamp.com,Russia,Female,Ryazan’,Wikivu,40042.07,RUB
Jean,Stevens,jstevensk8@umich.edu,Sweden,Female,Solna,Divape,,SEK
Debra,Garrett,dgarrettk9@example.com,Brazil,Female,Santa Isabel,Kare,12988.72,BRL
Fred,Myers,fmyerska@disqus.com,Indonesia,Male,Ciudian,Photofeed,91407.67,IDR
Ernest,Richards,erichardskb@blog.com,Japan,Male,Sukumo,Zoonoodle,55651.49,JPY
Patrick,Peters,ppeterskc@nbcnews.com,Indonesia,Male,Goge,Tanoodle,,IDR
Eric,Weaver,eweaverkd@networksolutions.com,Philippines,Male,Bombon,Linktype,48.21,PHP
Adam,Schmidt,aschmidtke@cmu.edu,Poland,Male,Barwałd Górny,Zoomzone,86808.91,PLN
Janet,Banks,jbankskf@latimes.com,Indonesia,Female,Paupanda Bawah,Oyope,,IDR
Johnny,Jacobs,jjacobskg@oakley.com,Uzbekistan,Male,Tirmiz,Demizz,40622.04,UZS
Scott,Foster,sfosterkh@uol.com.br,Indonesia,Male,Karangsari,Skipfire,18927.20,IDR
Jason,Evans,jevanski@cbslocal.com,France,Male,Le Mans,Pixonyx,50186.62,EUR
Anthony,Harvey,aharveykj@wikipedia.org,Venezuela,Male,Las Vegas,Devbug,78716.99,VEF
Marilyn,Peterson,mpetersonkk@is.gd,Central African Republic,Female,Obo,Skilith,94685.62,XAF
Sean,Marshall,smarshallkl@icio.us,Indonesia,Male,Pasrukrajan Satu,Devcast,74028.94,IDR
Kevin,Lawson,klawsonkm@skype.com,Portugal,Male,São Silvestre,Ozu,,EUR
Raymond,Willis,rwilliskn@goodreads.com,Brazil,Male,Monte Azul Paulista,Yodo,50582.95,BRL
Sara,Stone,sstoneko@omniture.com,Thailand,Female,Chiang Khan,Topicware,33473.36,THB
Michelle,Harper,mharperkp@desdev.cn,Sweden,Female,Norrköping,Eabox,3644.05,SEK
Jacqueline,Evans,jevanskq@fastcompany.com,China,Female,Tangchi,Skilith,95968.99,CNY
Louis,Hicks,lhickskr@over-blog.com,China,Male,Chuntai,Skinder,22801.03,CNY
Katherine,Robertson,krobertsonks@live.com,Peru,Female,Marcabamba,Kanoodle,20797.80,PEN
Julie,Sanchez,jsanchezkt@google.com.br,Indonesia,Female,Krajan Dua Sumbersari,Kaymbo,47555.02,IDR
Jennifer,Thomas,jthomasku@disqus.com,Sweden,Female,Hammarö,Vinder,,SEK
Harry,Evans,hevanskv@google.pl,Uganda,Male,Kyenjojo,Riffwire,68768.29,UGX
Lois,Fox,lfoxkw@ihg.com,Indonesia,Female,Pangkalan,Zoomdog,,IDR
Steven,Allen,sallenkx@ehow.com,China,Male,Longtan,Jabberstorm,,CNY
Nancy,Hicks,nhicksky@about.com,Indonesia,Female,Ciklapa,Dabshots,84530.00,IDR
Terry,Bell,tbellkz@google.nl,United States,Male,Muskegon,Tazzy,17165.57,USD
Brian,Johnson,bjohnsonl0@ftc.gov,Uruguay,Male,Palmitas,Skipfire,,UYU
Louise,Gordon,lgordonl1@vkontakte.ru,Costa Rica,Female,Pejibaye,Innojam,12966.11,CRC
Harold,Robinson,hrobinsonl2@indiegogo.com,Mexico,Male,Benito Juarez,Buzzster,97443.29,MXN
Willie,Meyer,wmeyerl3@cornell.edu,Finland,Male,Pyhäranta,Aimbo,23640.41,EUR
Jack,Greene,jgreenel4@amazon.co.uk,Russia,Male,Timashëvsk,Reallinks,78104.92,RUB
Clarence,Alexander,calexanderl5@nifty.com,France,Male,Valence,Fatz,35085.73,EUR
David,Martinez,dmartinezl6@berkeley.edu,Uruguay,Male,Soriano,Topicware,77800.14,UYU
Shawn,Brown,sbrownl7@wufoo.com,New Zealand,Male,Ngunguru,Podcat,,NZD
Jacqueline,Hughes,jhughesl8@booking.com,Mexico,Female,Melchor Ocampo,Buzzster,,MXN
Albert,Thomas,athomasl9@yahoo.com,Nigeria,Male,Okpo,Thoughtsphere,40646.55,NGN
Jonathan,Fuller,jfullerla@vkontakte.ru,France,Male,Paris 01,Twitternation,55139.89,EUR
Albert,Jordan,ajordanlb@nifty.com,China,Male,Fanhu,Buzzster,23297.81,CNY
Virginia,Hunt,vhuntlc@themeforest.net,Philippines,Female,Beberon,Fiveclub,66741.45,PHP
Eugene,Peterson,epetersonld@blogspot.com,China,Male,Liuji,Tanoodle,25748.17,CNY
Jennifer,Black,jblackle@ezinearticles.com,Germany,Female,Dresden,Jabbertype,33394.64,EUR
Susan,Shaw,sshawlf@utexas.edu,Kyrgyzstan,Female,At-Bashi,Trudoo,47260.16,KGS
Mildred,Young,myounglg@yale.edu,Indonesia,Female,Parigi,Kanoodle,75454.26,IDR
Michelle,Castillo,mcastillolh@nifty.com,Ethiopia,Female,Werota,Livetube,,ETB
Nicholas,Cox,ncoxli@ucoz.com,New Caledonia,Male,Tadine,Zoomdog,8104.26,XPF
Barbara,Lee,bleelj@squarespace.com,Poland,Female,Przywidz,Buzzster,,PLN
Martha,Hill,mhilllk@ycombinator.com,France,Female,Vittel,Gigazoom,47663.29,EUR
Martha,Lee,mleell@examiner.com,Portugal,Female,Caridade,Innotype,84935.02,EUR
Terry,Hicks,thickslm@photobucket.com,Iran,Male,Fāmenīn,Skinix,9655.23,IRR
Linda,Gomez,lgomezln@nydailynews.com,Greece,Female,Mílos,Skinder,86154.92,EUR
Keith,Romero,kromerolo@kickstarter.com,Palestinian Territory,Male,Mardā,BlogXS,31513.89,ILS
Emily,Mcdonald,emcdonaldlp@godaddy.com,Cuba,Female,Alquízar,Blogpad,21661.23,CUP
Phillip,Collins,pcollinslq@mit.edu,Sweden,Male,Göteborg,Lazzy,82492.31,SEK
Donald,Harper,dharperlr@si.edu,Indonesia,Male,Gayam,Realblab,82979.33,IDR
Margaret,Garcia,mgarcials@answers.com,Indonesia,Female,Warungtanjung,Zooxo,32547.55,IDR
Walter,Mendoza,wmendozalt@bloomberg.com,Thailand,Male,Phrae,Fivechat,68151.09,THB
Shirley,Day,sdaylu@wix.com,Indonesia,Female,Rancakole,Geba,57460.12,IDR
Johnny,Perry,jperrylv@ox.ac.uk,Czech Republic,Male,Borek,Eimbee,33825.30,CZK
Matthew,Ruiz,mruizlw@google.it,Ireland,Male,Enniskerry,Realbridge,81020.68,EUR
Amanda,Rogers,arogerslx@salon.com,Russia,Female,Kinel’-Cherkassy,Skidoo,21245.40,RUB
David,Peterson,dpetersonly@ftc.gov,Uzbekistan,Male,Qo‘qon,Devshare,71797.29,UZS
Anne,Snyder,asnyderlz@bbc.co.uk,Macedonia,Female,Крива Паланка,Jabbertype,49859.77,MKD
Matthew,Hunt,mhuntm0@about.com,Sweden,Male,Bollnäs,Yata,21940.38,SEK
George,Peterson,gpetersonm1@moonfruit.com,Colombia,Male,Leticia,Topicware,93524.54,COP
Pamela,Simpson,psimpsonm2@over-blog.com,Peru,Female,Pilluana,Linklinks,71694.50,PEN
Joyce,Fuller,jfullerm3@ucsd.edu,Ukraine,Female,Konotop,Fanoodle,68650.30,UAH
Joyce,Medina,jmedinam4@typepad.com,Philippines,Female,Gibgos,Yabox,53571.08,PHP
Kathryn,Rogers,krogersm5@drupal.org,China,Female,Sanjiang,Devify,39089.39,CNY
Timothy,Payne,tpaynem6@yale.edu,Pakistan,Male,Wārāh,Eabox,14733.61,PKR
Beverly,King,bkingm7@sbwire.com,Colombia,Female,Líbano,Avaveo,,COP
Frank,Fields,ffieldsm8@furl.net,Japan,Male,Shin’ichi,Centizu,88012.59,JPY
Marie,Fernandez,mfernandezm9@technorati.com,Switzerland,Female,Bern,Voomm,,CHF
Judith,Riley,jrileyma@technorati.com,China,Female,Guli,Innojam,15414.13,CNY
Sandra,Cox,scoxmb@indiegogo.com,China,Female,Shenzhong,Voomm,97807.37,CNY
Evelyn,White,ewhitemc@rediff.com,Mali,Female,Kolondiéba,Skivee,65735.08,XOF
Carlos,Kennedy,ckennedymd@webeden.co.uk,Philippines,Male,Quilo-quilo,Roodel,53085.27,PHP
Tammy,Walker,twalkerme@discovery.com,Malaysia,Female,Petaling Jaya,Gabvine,4807.40,MYR
Ashley,Carr,acarrmf@arstechnica.com,China,Female,Donglinxi,Thoughtbridge,78296.40,CNY
Jean,Martin,jmartinmg@cam.ac.uk,China,Female,Qianshan,Youspan,95273.33,CNY
Carlos,Reyes,creyesmh@hud.gov,Croatia,Male,Šibenik,Browsetype,90051.24,HRK
Louise,Carroll,lcarrollmi@phpbb.com,Russia,Female,Teeli,Dynabox,34241.73,RUB
Jack,Butler,jbutlermj@rakuten.co.jp,Armenia,Male,Artashat,Twitterlist,48351.06,AMD
Juan,Cole,jcolemk@dmoz.org,Canada,Male,Maple Creek,Rhycero,85335.01,CAD
Jerry,Cruz,jcruzml@answers.com,Peru,Male,Cajamarca,Centidel,41790.38,PEN
Sara,Owens,sowensmm@unc.edu,Poland,Female,Rokitno,Minyx,1870.80,PLN
Rachel,Barnes,rbarnesmn@patch.com,China,Female,Tunguang,Tavu,51646.99,CNY
David,Turner,dturnermo@creativecommons.org,Thailand,Male,Chum Phae,Demizz,85385.99,THB
Randy,Diaz,rdiazmp@cloudflare.com,United States,Male,Tulsa,Realfire,32039.53,USD
Karen,Myers,kmyersmq@technorati.com,United States,Female,Hagerstown,Izio,58678.07,USD
Ernest,Hall,ehallmr@jalbum.net,Peru,Male,Huancapi,Dynabox,65295.92,PEN
Joseph,Shaw,jshawms@cbsnews.com,Poland,Male,Nekla,Fatz,34361.91,PLN
Rose,Kim,rkimmt@g.co,Brazil,Female,Ladário,Eimbee,98265.95,BRL
Clarence,White,cwhitemu@prweb.com,Indonesia,Male,Seputih,Photolist,21071.37,IDR
Jane,Smith,jsmithmv@china.com.cn,China,Female,Zaoshi,Zoombeat,41091.09,CNY
Russell,Chapman,rchapmanmw@domainmarket.com,Brazil,Male,Schroeder,Zoomlounge,21615.49,BRL
Norma,Kennedy,nkennedymx@devhub.com,Sweden,Female,Göteborg,Abata,,SEK
Pamela,Harris,pharrismy@pinterest.com,Brazil,Female,Botucatu,Realcube,7138.28,BRL
Adam,Henry,ahenrymz@nasa.gov,China,Male,Jiangpan,Katz,98225.76,CNY
Elizabeth,King,ekingn0@epa.gov,China,Female,Hekou,Fivespan,40191.51,CNY
Diana,Stephens,dstephensn1@about.com,Uganda,Female,Masindi,Topicware,,UGX
Lori,Howell,lhowelln2@phpbb.com,Cook Islands,Female,Avarua,Photobug,60822.27,NZD
Frances,Graham,fgrahamn3@earthlink.net,China,Female,Jinfeng,Brainbox,,CNY
Maria,Howard,mhowardn4@xrea.com,Vietnam,Female,Thị Trấn Quán Lào,Twinte,,VND
Elizabeth,Kim,ekimn5@tripod.com,Philippines,Female,Pansoy,Bubblemix,44896.69,PHP
Jimmy,Hayes,jhayesn6@nih.gov,China,Male,Jinshandian,Twitternation,73677.26,CNY
Ronald,Mason,rmasonn7@scribd.com,Sweden,Male,Ängelholm,Photobean,27408.52,SEK
Carol,Fowler,cfowlern8@networkadvertising.org,China,Female,Hengshan,Agimba,21129.90,CNY
Philip,Tucker,ptuckern9@twitter.com,Czech Republic,Male,Rudolfov,Trunyx,78417.19,CZK
Judith,Weaver,jweaverna@guardian.co.uk,Syria,Female,Medaya,Fliptune,43946.83,SYP
Carol,Dunn,cdunnnb@rambler.ru,Indonesia,Female,Wringinputih,Skinder,41563.17,IDR
Andrew,Reid,areidnc@reverbnation.com,Portugal,Male,Sande São Lourenço,Fliptune,83720.13,EUR
Ralph,Stanley,rstanleynd@furl.net,Czech Republic,Male,Václavovice,Skiptube,6102.32,CZK
Jason,Hughes,jhughesne@paginegialle.it,China,Male,Xiwu,Dynabox,79376.41,CNY
John,Rivera,jriveranf@forbes.com,China,Male,Heping,Geba,80633.27,CNY
Clarence,Flores,cfloresng@yolasite.com,Indonesia,Male,Cikondang,Rhycero,63823.56,IDR
Eugene,Kim,ekimnh@dedecms.com,China,Male,Mingshui,Voonder,39916.95,CNY
Wayne,White,wwhiteni@fema.gov,Iran,Male,Bāgh-e Malek,Zoombeat,86758.63,IRR
Timothy,Taylor,ttaylornj@cyberchimps.com,France,Male,Ivry-sur-Seine,Yakidoo,,EUR
Ralph,Stevens,rstevensnk@ox.ac.uk,China,Male,Jinan,Reallinks,,CNY
Annie,Lawrence,alawrencenl@people.com.cn,Russia,Female,Serebryanyye Prudy,Devpulse,66728.36,RUB
Lillian,Young,lyoungnm@acquirethisname.com,Russia,Female,Pristen’,Flashdog,87119.16,RUB
Adam,Fuller,afullernn@google.ca,France,Male,Châlons-en-Champagne,Divavu,14326.68,EUR
Rebecca,Perkins,rperkinsno@csmonitor.com,British Virgin Islands,Female,Road Town,Skipfire,35887.55,USD
Alan,Collins,acollinsnp@behance.net,Czech Republic,Male,Petrovice u Karviné,Realmix,78290.03,CZK
Alan,Gardner,agardnernq@netlog.com,Indonesia,Male,Timba Timuk,Kwinu,51428.86,IDR
Ann,Vasquez,avasqueznr@freewebs.com,Germany,Female,Reutlingen,Roombo,98098.10,EUR
Roy,Gonzales,rgonzalesns@accuweather.com,Sweden,Male,Örnsköldsvik,Pixoboo,24696.10,SEK
Jerry,Dixon,jdixonnt@trellian.com,Indonesia,Male,Hewa,Kwilith,34935.54,IDR
Janet,Kim,jkimnu@prlog.org,Ukraine,Female,Pustomyty,Dynabox,46686.21,UAH
Denise,Romero,dromeronv@parallels.com,Ukraine,Female,Velikiye Borki,Browsedrive,83356.67,UAH
Helen,Evans,hevansnw@archive.org,China,Female,Danchang,Aivee,41093.12,CNY
Louis,Lynch,llynchnx@yolasite.com,Philippines,Male,Granada,Voonder,58034.31,PHP
Frank,Russell,frussellny@ifeng.com,Russia,Male,Verkhniye Osel’ki,Meedoo,69927.17,RUB
Ann,Rodriguez,arodrigueznz@princeton.edu,Czech Republic,Female,Moravská Nová Ves,Tagopia,31722.55,CZK
Jason,Anderson,jandersono0@dedecms.com,Russia,Male,Palana,Agivu,77640.73,RUB
Phyllis,Hart,pharto1@usatoday.com,China,Female,Qincheng,Wikibox,49264.92,CNY
Jesse,Ward,jwardo2@mapy.cz,France,Male,Hagondange,Abatz,51731.91,EUR
Larry,Romero,lromeroo3@weather.com,Brazil,Male,Vigia,Devpoint,79597.07,BRL
Linda,Bell,lbello4@symantec.com,China,Female,Tungdor,Voonder,1700.86,CNY
Victor,Gutierrez,vgutierrezo5@desdev.cn,Indonesia,Male,Banyumas,Jaloo,58364.41,IDR
Roger,Foster,rfostero6@tumblr.com,Brazil,Male,Nova Viçosa,Rhybox,68800.27,BRL
Donald,Wilson,dwilsono7@bloglovin.com,Poland,Male,Opoczno,Trilith,17143.43,PLN
Harry,Cox,hcoxo8@nymag.com,Martinique,Male,Fort-de-France,BlogXS,39130.08,EUR
Jean,Ruiz,jruizo9@infoseek.co.jp,Japan,Female,Miyako,Zoomlounge,74153.79,JPY
Juan,Hernandez,jhernandezoa@xinhuanet.com,China,Male,Bajia,Trilith,8821.53,CNY
Joyce,Knight,jknightob@geocities.jp,Sweden,Female,Alingsås,Meejo,39190.07,SEK
Janet,Cox,jcoxoc@craigslist.org,Argentina,Female,Vera,Ozu,64622.85,ARS
Bruce,Butler,bbutlerod@ox.ac.uk,Poland,Male,Strzelin,Snaptags,6151.84,PLN
David,Diaz,ddiazoe@ustream.tv,Peru,Male,Tembladera,Divape,93618.64,PEN
Ernest,Berry,eberryof@nhs.uk,Haiti,Male,Ennery,Photolist,33455.82,HTG
Jesse,Long,jlongog@twitter.com,Indonesia,Male,Pariaman,Avaveo,36040.64,IDR
Evelyn,Bell,ebelloh@ted.com,Russia,Female,Glinka,Demimbu,12738.43,RUB
Jose,Scott,jscottoi@discovery.com,Brazil,Male,Cachoeira do Sul,Thoughtsphere,35073.66,BRL
Kimberly,Holmes,kholmesoj@theglobeandmail.com,France,Female,Montbrison,Eire,68966.84,EUR
Christopher,Collins,ccollinsok@qq.com,Philippines,Male,Limanancong,Devpoint,4394.09,PHP
Russell,Bryant,rbryantol@qq.com,Djibouti,Male,Djibouti,Meedoo,,DJF
Mark,Gonzales,mgonzalesom@economist.com,Indonesia,Male,Klapagada,Gabtype,22105.94,IDR
Catherine,Bryant,cbryanton@hugedomains.com,China,Female,Beiyuan,Skalith,55687.02,CNY
Mark,Jones,mjonesoo@pen.io,Czech Republic,Male,Zdiby,Talane,47325.34,CZK
Virginia,Simmons,vsimmonsop@omniture.com,Egypt,Female,Fāraskūr,Meevee,60083.06,EGP
Beverly,Garcia,bgarciaoq@merriam-webster.com,Yemen,Female,Ḩarīb,Abata,26583.17,YER
Mildred,Reynolds,mreynoldsor@cam.ac.uk,Indonesia,Female,Wadusari,Leexo,,IDR
Andrew,Turner,aturneros@dropbox.com,Portugal,Male,Albufeira,Kayveo,4908.13,EUR
David,Watson,dwatsonot@slashdot.org,China,Male,Gongdao,Skilith,37856.72,CNY
Larry,Moreno,lmorenoou@alibaba.com,China,Male,Herong,Babbleopia,13901.40,CNY
Robert,Thompson,rthompsonov@xrea.com,Germany,Male,Hamburg,Centimia,68653.15,EUR
Shawn,Morales,smoralesow@netvibes.com,Sudan,Male,Al Hilāliyya,Zoovu,67438.27,SDG
Lawrence,Bailey,lbaileyox@last.fm,Slovenia,Male,Laško,Meembee,90344.66,EUR
Anne,Garcia,agarciaoy@hc360.com,Kazakhstan,Female,Mayqayyng,Dynazzy,87408.12,KZT
Maria,Lopez,mlopezoz@is.gd,China,Female,Tong’an,Fadeo,18106.92,CNY
Joan,Grant,jgrantp0@purevolume.com,Saudi Arabia,Female,Al Jubayl,Roodel,45202.96,SAR
Eugene,Elliott,eelliottp1@cnbc.com,Japan,Male,Kusatsu,Zava,21190.82,JPY
Joe,Payne,jpaynep2@mozilla.org,Russia,Male,Sevsk,Youspan,97871.64,RUB
Helen,Kennedy,hkennedyp3@diigo.com,China,Female,Mali,Vidoo,92843.96,CNY
Nancy,Jackson,njacksonp4@unesco.org,Russia,Female,Gribanovskiy,Vinte,99120.56,RUB
Jessica,Meyer,jmeyerp5@wired.com,Sweden,Female,Oxelösund,Kazu,57091.72,SEK
Lillian,Reyes,lreyesp6@go.com,Trinidad and Tobago,Female,Laventille,Omba,12312.58,TTD
Kathryn,Weaver,kweaverp7@timesonline.co.uk,China,Female,Dongzaogang,Centizu,,CNY
Ashley,Carroll,acarrollp8@shutterfly.com,Thailand,Female,Mukdahan,Avavee,79276.24,THB
Lori,Ellis,lellisp9@meetup.com,Croatia,Female,Vinež,Centizu,40305.63,HRK
Janice,Ellis,jellispa@tumblr.com,China,Female,Gongrong,Wordware,48005.37,CNY
Melissa,Schmidt,mschmidtpb@free.fr,China,Female,Pingshanhu,Wikibox,,CNY
Sandra,Oliver,soliverpc@tripadvisor.com,Kenya,Female,Bungoma,Browsedrive,74166.38,KES
Kathleen,Greene,kgreenepd@paypal.com,Portugal,Female,Castelo,Roomm,61521.10,EUR
Howard,Mills,hmillspe@yale.edu,Indonesia,Male,Cikaung,Dabshots,39467.59,IDR
Mildred,Walker,mwalkerpf@narod.ru,China,Female,Jinshi,Tagcat,84890.38,CNY
Jimmy,Stewart,jstewartpg@wiley.com,Colombia,Male,Risaralda,Jabberbean,5921.65,COP
Judith,Ryan,jryanph@shop-pro.jp,Madagascar,Female,Fenoarivo Be,Browsezoom,32295.86,MGA
Judith,Murphy,jmurphypi@naver.com,China,Female,Kezilei,Twinder,37509.81,CNY
Charles,Morales,cmoralespj@spotify.com,China,Male,Yonglong,Izio,22154.86,CNY
Stephen,Campbell,scampbellpk@wordpress.com,Philippines,Male,Santa Justina,Zoombeat,75242.84,PHP
Jennifer,Carr,jcarrpl@usgs.gov,Nigeria,Female,Kumo,Jazzy,,NGN
Mark,Hansen,mhansenpm@army.mil,China,Male,Gaoyu,Demimbu,76466.08,CNY
Alice,Snyder,asnyderpn@domainmarket.com,United States,Female,Youngstown,Vitz,94839.66,USD
Patricia,West,pwestpo@shutterfly.com,China,Female,Wangge’ertang,Gabspot,70945.61,CNY
Rebecca,Cruz,rcruzpp@umich.edu,China,Female,Qijiazuo,Skipfire,53326.79,CNY
Shawn,Nguyen,snguyenpq@howstuffworks.com,Russia,Male,Shlissel’burg,Bubblebox,73991.36,RUB
Gregory,Torres,gtorrespr@google.ca,Albania,Male,Orikum,Zoovu,93439.33,ALL
Emily,West,ewestps@51.la,Iran,Female,Fareydūnshahr,Realcube,13810.88,IRR
Pamela,Schmidt,pschmidtpt@msn.com,China,Female,Zengjia,Fanoodle,92018.10,CNY
Lillian,Rose,lrosepu@yellowbook.com,Cameroon,Female,Kribi,Linktype,53452.91,XAF
Thomas,Castillo,tcastillopv@bizjournals.com,Indonesia,Male,Lajarik,Zooveo,51065.11,IDR
Jennifer,Fisher,jfisherpw@dyndns.org,Russia,Female,Ozerki,Brainbox,43173.08,RUB
Kenneth,Collins,kcollinspx@archive.org,Ukraine,Male,Pidhaytsi,Jabbertype,42391.20,UAH
Kathy,Campbell,kcampbellpy@jimdo.com,Colombia,Female,Yopal,Ntag,33487.05,COP
Jason,Olson,jolsonpz@ow.ly,Argentina,Male,Retiro,Shufflester,,ARS
Louis,Harris,lharrisq0@soup.io,Thailand,Male,Kathu,Oyoyo,,THB
Michelle,Andrews,mandrewsq1@123-reg.co.uk,Philippines,Female,Manaloal,Dynabox,87842.51,PHP
Rachel,Peters,rpetersq2@virginia.edu,United States,Female,Milwaukee,Gigashots,26672.56,USD
Scott,Crawford,scrawfordq3@ocn.ne.jp,United States,Male,Newport Beach,Zoomdog,16911.66,USD
Christopher,Snyder,csnyderq4@rediff.com,Philippines,Male,Liwan,Yata,23464.16,PHP
Sandra,Campbell,scampbellq5@opensource.org,Denmark,Female,København,Meetz,92597.96,DKK
Willie,Griffin,wgriffinq6@instagram.com,Ireland,Male,Moycullen,Quaxo,58394.51,EUR
Bonnie,Watkins,bwatkinsq7@issuu.com,China,Female,Fuhe,Aivee,22537.30,CNY
Gloria,Reynolds,greynoldsq8@tamu.edu,Mongolia,Female,Holboo,Quatz,32952.97,MNT
Brenda,Harris,bharrisq9@ifeng.com,Russia,Female,Gremyachinsk,Mydo,4321.75,RUB
Edward,Carpenter,ecarpenterqa@goodreads.com,China,Male,Hongxi,Realblab,42893.42,CNY
Doris,Franklin,dfranklinqb@aboutads.info,France,Female,Rouen,Agivu,53775.62,EUR
Donald,Moreno,dmorenoqc@berkeley.edu,Indonesia,Male,Wonocoyo Utara,Topdrive,63129.32,IDR
Joshua,Williams,jwilliamsqd@woothemes.com,China,Male,Gongrong,Talane,,CNY
Carl,Ferguson,cfergusonqe@blinklist.com,Bulgaria,Male,Lyubimets,Youbridge,24813.77,BGN
Ruth,Ross,rrossqf@gnu.org,South Africa,Female,Richmond,Kimia,16468.29,ZAR
William,Young,wyoungqg@wordpress.org,Russia,Male,Solotcha,Oyoyo,27414.19,RUB
William,Davis,wdavisqh@squidoo.com,China,Male,Longquan,Feedfire,68363.38,CNY
Christina,Marshall,cmarshallqi@squarespace.com,Honduras,Female,Los Tangos,Divavu,67541.81,HNL
Marilyn,Powell,mpowellqj@flavors.me,Netherlands,Female,Tilburg,Browseblab,58995.77,EUR
Rose,Gonzalez,rgonzalezqk@privacy.gov.au,China,Female,Dayan,Yoveo,16445.51,CNY
Dorothy,Henry,dhenryql@alexa.com,United States,Female,Canton,Yabox,39624.82,USD
Donald,Moore,dmooreqm@flavors.me,Canada,Male,Espanola,Voonte,67044.48,CAD
Patrick,Little,plittleqn@eventbrite.com,Poland,Male,Nowa Sól,Fatz,,PLN
Alice,Willis,awillisqo@acquirethisname.com,Portugal,Female,Almalaguês,Lazzy,57303.30,EUR
Joseph,Lewis,jlewisqp@rediff.com,China,Male,Gongfang,Digitube,71286.08,CNY
Tina,Hernandez,thernandezqq@netscape.com,Poland,Female,Osiek nad Notecią,Blogtags,15161.81,PLN
Antonio,Kim,akimqr@oaic.gov.au,China,Male,Huyang,Twinte,25735.04,CNY
Eugene,Hart,ehartqs@skyrock.com,Brazil,Male,Gandu,Dabtype,14220.54,BRL
Russell,Webb,rwebbqt@imgur.com,Indonesia,Male,Sukarara Utara,Eabox,69804.66,IDR
Robin,Lynch,rlynchqu@de.vu,Brazil,Female,Jaru,Fiveclub,42652.14,BRL
Sarah,Reed,sreedqv@live.com,Democratic Republic of the Congo,Female,Masina,Fivechat,59369.78,CDF
Richard,Moore,rmooreqw@yellowbook.com,Bolivia,Male,Camargo,Fatz,91431.45,BOB
Jonathan,Hunt,jhuntqx@state.gov,Spain,Male,Valladolid,Jetpulse,78568.98,EUR
Ryan,Sanders,rsandersqy@mashable.com,France,Male,Paris 02,Tagfeed,81725.33,EUR
Brenda,Simmons,bsimmonsqz@cbc.ca,Poland,Female,Złotniki Kujawskie,Bubblemix,74793.82,PLN
Donna,Reed,dreedr0@merriam-webster.com,Indonesia,Female,Kertayuga,Twimbo,60098.09,IDR
Carl,Hamilton,chamiltonr1@narod.ru,Philippines,Male,Calaoagan,Vipe,26298.49,PHP
Beverly,King,bkingr2@telegraph.co.uk,Ukraine,Female,Vyshhorod,Topicblab,85404.32,UAH
Mildred,James,mjamesr3@tripadvisor.com,Bosnia and Herzegovina,Female,Balatun,Voonte,42004.18,BAM
Alice,Spencer,aspencerr4@hp.com,Greece,Female,Portariá,Voolith,78482.96,EUR
William,Ray,wrayr5@economist.com,Tajikistan,Male,Khŭjand,Feedmix,394.17,TJS
Betty,Martin,bmartinr6@hatena.ne.jp,Portugal,Female,Barreiro,Topiczoom,26850.73,EUR
Jack,Davis,jdavisr7@mtv.com,Cuba,Male,Bahía Honda,Quaxo,85978.80,CUP
Barbara,Long,blongr8@paypal.com,Ukraine,Female,Berezanka,Pixope,70293.02,UAH
Harold,Montgomery,hmontgomeryr9@php.net,France,Male,Évreux,Cogilith,1061.76,EUR
Ann,Fields,afieldsra@webeden.co.uk,Greece,Female,Próchoma,Babbleset,52386.41,EUR
Harold,Robertson,hrobertsonrb@tiny.cc,Australia,Male,Sydney,Devpoint,64154.50,AUD
Philip,Duncan,pduncanrc@is.gd,Portugal,Male,Sete Cidades,Cogilith,11570.97,EUR
Brandon,Watson,bwatsonrd@merriam-webster.com,Russia,Male,Vichuga,Rhybox,18379.05,RUB
Alice,Hart,ahartre@cnet.com,Nigeria,Female,Ikang,Bubbletube,4423.95,NGN
Albert,Watkins,awatkinsrf@theguardian.com,Malawi,Male,Nkhotakota,DabZ,46676.45,MWK
Christina,Martin,cmartinrg@wikispaces.com,Hungary,Female,Szeged,Linkbridge,23649.87,HUF
Joyce,Martinez,jmartinezrh@prnewswire.com,Finland,Female,Viitasaari,Gigabox,55867.92,EUR
Kimberly,Cox,kcoxri@toplist.cz,Honduras,Female,Erandique,Topicshots,53742.29,HNL
Sharon,Stephens,sstephensrj@go.com,Indonesia,Female,Sumberwaru,Youtags,26020.82,IDR
Susan,Howell,showellrk@google.com.au,Tonga,Female,Pangai,Skyvu,58811.89,TOP
Kathleen,Day,kdayrl@a8.net,Greece,Female,Ellinikó,Vitz,75935.24,EUR
Bonnie,Spencer,bspencerrm@engadget.com,United States,Female,Seattle,Browseblab,46082.54,USD
Dennis,Kennedy,dkennedyrn@geocities.com,Uruguay,Male,Santiago Vázquez,Jayo,85096.08,UYU
Debra,Chapman,dchapmanro@parallels.com,China,Female,Beipai,Realblab,97514.80,CNY
Norma,Patterson,npattersonrp@forbes.com,Poland,Female,Pruszków,Jazzy,,PLN
Stephen,Williams,swilliamsrq@cdbaby.com,Portugal,Male,São João das Lampas,Jaxworks,66136.87,EUR
Ruth,Gilbert,rgilbertrr@youku.com,Russia,Female,Nizhnedevitsk,Linkbuzz,38252.28,RUB
