Gloria,Alexander,galexander0@toplist.cz,Canada,Female,Invermere,Yakitri,97642.24,CAD
Justin,Lawson,jlawson1@pinterest.com,Greece,Male,Néa Palátia,Realblab,68438.43,EUR
Dennis,Kim,dkim2@goo.ne.jp,China,Male,Wutumeiren,Yambee,13241.46,CNY
Theresa,Harris,tharris3@devhub.com,France,Female,Parthenay,Fivespan,3056.66,EUR
Lillian,Bell,lbell4@telegraph.co.uk,Sweden,Female,Enköping,Shufflebeat,,SEK
Paula,Mitchell,pmitchell5@si.edu,Sweden,Female,Bjuv,Topicshots,89444.70,SEK
Kathryn,Mitchell,kmitchell6@oakley.com,France,Female,Aubenas,Eire,70735.35,EUR
Albert,Daniels,adaniels7@163.com,Argentina,Male,El Calafate,Quinu,,ARS
Virginia,Evans,vevans8@soup.io,Canada,Female,Stratford,Camido,18331.67,CAD
Ashley,Hughes,ahughes9@cyberchimps.com,Indonesia,Female,Bukitkemuning,Devpulse,,IDR
Lillian,Gilbert,lgilberta@blogs.com,China,Female,Taibai,Voolith,25860.41,CNY
Kelly,Dean,kdeanb@mapquest.com,China,Female,Dartang,Buzzster,3246.04,CNY
Jason,Hawkins,jhawkinsc@ihg.com,China,Male,Dubu,Jamia,72483.32,CNY
Craig,Ellis,cellisd@wisc.edu,Russia,Male,Torzhok,Jabberstorm,71329.09,RUB
Anthony,Morales,amoralese@japanpost.jp,China,Male,Tanzhesi,Skimia,80501.21,CNY
Amanda,Cunningham,acunninghamf@jiathis.com,Indonesia,Female,Telengsari,Jazzy,96599.06,IDR
Sean,Little,slittleg@people.com.cn,Albania,Male,Miras,Roomm,97829.12,ALL
Diane,Jenkins,djenkinsh@dmoz.org,Israel,Female,Ḥurfeish,Yakidoo,,ILS
Harry,Burton,hburtoni@exblog.jp,Portugal,Male,Souto do Meio,Oozz,67799.94,EUR
Ronald,Henderson,rhendersonj@nydailynews.com,Indonesia,Male,Neundeut,Mydo,9246.29,IDR
Catherine,Daniels,cdanielsk@smugmug.com,Venezuela,Female,Tucaní,Eidel,90287.91,VEF
Carlos,Snyder,csnyderl@dyndns.org,Brazil,Male,Amaraji,Yambee,,BRL
Ann,Harvey,aharveym@cornell.edu,Indonesia,Female,Sendangagung,Wikibox,9745.93,IDR
Heather,Webb,hwebbn@washington.edu,Indonesia,Female,Riangblolong,Skinder,56330.83,IDR
Amy,King,akingo@alexa.com,Russia,Female,Yanino Vtoroye,Dazzlesphere,35698.49,RUB
Sara,Dean,sdeanp@squidoo.com,Japan,Female,Hisai,Jayo,73760.30,JPY
Edward,Henderson,ehendersonq@free.fr,China,Male,Anshun,Browsebug,15886.55,CNY
Nancy,Powell,npowellr@google.nl,China,Female,Guohuan,Eamia,32875.35,CNY
Louis,Gibson,lgibsons@wiley.com,China,Male,Qingxi,Trudoo,43514.53,CNY
Susan,Porter,sportert@ihg.com,Brazil,Female,Santa Rita do Sapucaí,Skimia,53331.80,BRL
Daniel,Myers,dmyersu@rambler.ru,Russia,Male,Shilovo,Babblestorm,56200.68,RUB
Mark,Duncan,mduncanv@sohu.com,Russia,Male,Tugulym,Twinder,83564.27,RUB
Phyllis,Black,pblackw@wikispaces.com,Brazil,Female,Cachoeira,Jayo,54131.27,BRL
Gregory,Bailey,gbaileyx@eepurl.com,China,Male,Kax,Buzzbean,11508.31,CNY
Robert,Hernandez,rhernandezy@nature.com,Indonesia,Male,Oro Timur,Twinte,43697.77,IDR
Juan,Evans,jevansz@omniture.com,Albania,Male,Gurra e Vogël,Kaymbo,67228.61,ALL
Gary,Johnston,gjohnston10@e-recht24.de,Peru,Male,Achoma,Oyoba,93164.93,PEN
Kathleen,Gomez,kgomez11@foxnews.com,Armenia,Female,Dalar,Muxo,49583.94,AMD
Donna,Shaw,dshaw12@businessweek.com,Indonesia,Female,Karangasem Laok,Agivu,88197.11,IDR
Jennifer,Ryan,jryan13@globo.com,Peru,Female,San Pedro de Lloc,Fiveclub,,PEN
Amy,Cunningham,acunningham14@cnbc.com,Indonesia,Female,Kukulu,Youopia,,IDR
Ernest,Murray,emurray15@desdev.cn,Indonesia,Male,Tetebatu,Ntags,85688.43,IDR
Henry,Cook,hcook16@independent.co.uk,Indonesia,Male,Sawo,Layo,31529.86,IDR
Lisa,Brooks,lbrooks17@netlog.com,Nepal,Female,Hitura,Tagfeed,44638.76,NPR
Jack,Romero,jromero18@marketwatch.com,Netherlands,Male,Lelystad,Quimba,42625.20,EUR
Christine,Hamilton,chamilton19@amazon.de,Thailand,Female,Wang Muang,Yadel,95798.07,THB
Rachel,Mcdonald,rmcdonald1a@blog.com,China,Female,Cuihuangkou,Yodel,60852.16,CNY
Steven,Wright,swright1b@ask.com,Uzbekistan,Male,Qorao’zak,Bluejam,74072.06,UZS
Denise,Stevens,dstevens1c@disqus.com,Slovenia,Female,Senovo,Dynabox,90457.73,EUR
Eugene,Hudson,ehudson1d@latimes.com,Japan,Male,Mukō,Tekfly,3816.71,JPY
Beverly,Howell,bhowell1e@slashdot.org,Thailand,Female,Phra Phrom,Linktype,56425.90,THB
Frank,Hudson,fhudson1f@tmall.com,Bosnia and Herzegovina,Male,Potoci,Fadeo,12928.68,BAM
Jessica,Ramos,jramos1g@sfgate.com,Poland,Female,Zebrzydowice,Devcast,74674.08,PLN
Roger,Ray,rray1h@admin.ch,United Kingdom,Male,Swindon,Kwimbee,4283.03,GBP
Douglas,Robertson,drobertson1i@webmd.com,Russia,Male,Pestovo,Riffwire,36471.75,RUB
Johnny,Medina,jmedina1j@toplist.cz,Nigeria,Male,Ozubulu,Vinder,69987.73,NGN
Deborah,Owens,dowens1k@moonfruit.com,Serbia,Female,Pavliš,Edgewire,65027.99,RSD
Rose,Collins,rcollins1l@comsenz.com,Canada,Female,Vanderhoof,Mita,27058.49,CAD
Joe,Allen,jallen1m@wordpress.com,Lithuania,Male,Dūkštas,Teklist,8961.30,LTL
Daniel,Hart,dhart1n@sfgate.com,China,Male,Huaibei,Plajo,68482.05,CNY
Edward,Hamilton,ehamilton1o@google.es,Colombia,Male,La Tebaida,Twitterbridge,,COP
Julie,Weaver,jweaver1p@trellian.com,Russia,Female,Akademicheskoe,Voonix,453.57,RUB
Walter,Rice,wrice1q@auda.org.au,China,Male,Ma’an,Viva,44485.52,CNY
Frances,Harris,fharris1r@blinklist.com,China,Female,Gelin,Divavu,58798.24,CNY
Joshua,White,jwhite1s@usgs.gov,Russia,Male,Peredovaya,Yata,89552.18,RUB
Carolyn,Tucker,ctucker1t@tripod.com,Russia,Female,Polovinnoye,Jetpulse,98801.33,RUB
Andrew,Ward,award1u@xrea.com,Indonesia,Male,Ciemas,Flashspan,62872.13,IDR
Stephen,Mason,smason1v@ca.gov,Sweden,Male,Motala,Jaxnation,90534.25,SEK
Dennis,Ford,dford1w@goodreads.com,Albania,Male,Lushnjë,Gevee,93861.32,ALL
Adam,Williams,awilliams1x@hud.gov,China,Male,Wufeng,Realmix,14095.01,CNY
Karen,Fields,kfields1y@google.co.uk,China,Female,Jiangnan,Zazio,87639.23,CNY
Sharon,Bradley,sbradley1z@tinyurl.com,Indonesia,Female,Rainis,Zoovu,50891.60,IDR
William,Shaw,wshaw20@histats.com,Portugal,Male,Vila Franca da Beira,Yozio,36766.93,EUR
Angela,Black,ablack21@alexa.com,Indonesia,Female,Banjarsari,Linktype,83406.39,IDR
Mark,Foster,mfoster22@rakuten.co.jp,France,Male,Colombes,Roombo,30029.40,EUR
Cynthia,Elliott,celliott23@cdc.gov,China,Female,Wenquan,Trilith,,CNY
Michelle,Ellis,mellis24@buzzfeed.com,China,Female,Huangtugang,Meeveo,47918.43,CNY
Annie,Richardson,arichardson25@yandex.ru,China,Female,Lianghu,Skaboo,59841.71,CNY
Joan,Cole,jcole26@joomla.org,Chile,Female,Coihaique,Feedmix,97999.13,CLP
Roger,Cruz,rcruz27@flavors.me,China,Male,Huatai,Oodoo,64537.06,CNY
Carolyn,Garcia,cgarcia28@live.com,China,Female,Jieheshi,Divape,,CNY
Frank,Arnold,farnold29@wufoo.com,Japan,Male,Kamifukuoka,Photobug,18303.36,JPY
Deborah,Riley,driley2a@mail.ru,Uzbekistan,Female,Kosonsoy,Yakijo,72878.74,UZS
Bruce,Bradley,bbradley2b@indiatimes.com,China,Male,Erdaobaihe,Tanoodle,73687.50,CNY
Bonnie,Morris,bmorris2c@livejournal.com,Brazil,Female,Nova Russas,Zoomlounge,57738.09,BRL
Joseph,Sims,jsims2d@prlog.org,China,Male,Rinang,Browsezoom,20096.67,CNY
Cheryl,Larson,clarson2e@hc360.com,Mexico,Female,Guadalupe,Brainbox,60959.07,MXN
Bobby,Miller,bmiller2f@angelfire.com,China,Male,Taipingxi,Oba,,CNY
Robert,Franklin,rfranklin2g@desdev.cn,China,Male,Nianqiao,Devpoint,,CNY
Dennis,Russell,drussell2h@sourceforge.net,China,Male,Fengshuling,Kare,44832.27,CNY
Carol,Ruiz,cruiz2i@boston.com,Mexico,Female,Emiliano Zapata,Jabbersphere,34574.22,MXN
Robin,Green,rgreen2j@cafepress.com,Poland,Female,Bobowa,Lazzy,14627.85,PLN
Ann,Ortiz,aortiz2k@issuu.com,Australia,Female,Eastern Suburbs Mc,Browseblab,24131.59,AUD
Alan,Simmons,asimmons2l@gravatar.com,Philippines,Male,Del Monte,Abata,37536.68,PHP
Richard,Thompson,rthompson2m@diigo.com,Philippines,Male,Nabunturan,Linkbridge,97024.61,PHP
Billy,Payne,bpayne2n@tinyurl.com,Sweden,Male,Trelleborg,Mynte,,SEK
Rachel,Freeman,rfreeman2o@fema.gov,China,Female,Pingshan,Buzzster,72253.06,CNY
Samuel,Davis,sdavis2p@plala.or.jp,Mexico,Male,Santa Rita,Ailane,,MXN
Russell,Henderson,rhenderson2q@bbc.co.uk,Japan,Male,Yōkaichiba,Flashdog,53519.93,JPY
Thomas,Lopez,tlopez2r@stumbleupon.com,China,Male,Erdaohe,Realpoint,65584.83,CNY
Louis,Reid,lreid2s@sohu.com,United States,Male,Springfield,Skidoo,34540.28,USD
Donna,Dixon,ddixon2t@smugmug.com,Latvia,Female,Salacgrīva,Voolia,28958.71,EUR
Denise,Elliott,delliott2u@icio.us,Indonesia,Female,Gingsir,Thoughtbeat,25364.39,IDR
Wanda,Gray,wgray2v@odnoklassniki.ru,China,Female,Chengbei,Kwimbee,36102.63,CNY
Nicole,Gilbert,ngilbert2w@wsj.com,China,Female,Hongxi,Youopia,24851.91,CNY
Juan,Hunter,jhunter2x@ocn.ne.jp,Indonesia,Male,Kimakamak,Minyx,,IDR
Annie,Harrison,aharrison2y@nbcnews.com,Russia,Female,Ikey,Yoveo,98649.93,RUB
Jonathan,Oliver,joliver2z@bloglovin.com,China,Male,Guandi,Eare,16806.31,CNY
Scott,Castillo,scastillo30@rediff.com,Russia,Male,Torzhok,Eadel,31517.10,RUB
Marilyn,King,mking31@buzzfeed.com,Lithuania,Female,Birštonas,Thoughtbeat,,LTL
Stephen,Ford,sford32@icio.us,Indonesia,Male,Walahir,Katz,89027.72,IDR
Annie,Marshall,amarshall33@vinaora.com,Indonesia,Female,Sobontoro,Tambee,43124.78,IDR
Amy,Olson,aolson34@unc.edu,Poland,Female,Szelków,Wikizz,16353.76,PLN
Alan,Richards,arichards35@tripod.com,Swaziland,Male,Kwaluseni,Photolist,66408.98,SZL
Julie,Washington,jwashington36@homestead.com,China,Female,Baimangpu,Npath,15737.68,CNY
Michelle,Bell,mbell37@myspace.com,China,Female,Huhe,Plajo,83851.07,CNY
Scott,Brown,sbrown38@patch.com,China,Male,Shuangxing,Browsedrive,94817.50,CNY
Heather,Owens,howens39@blogger.com,Portugal,Female,Bemposta,Zooveo,20992.15,EUR
Douglas,Sullivan,dsullivan3a@fotki.com,Philippines,Male,Namboongan,Vinder,74668.24,PHP
Earl,Hall,ehall3b@pagesperso-orange.fr,China,Male,Yujia,Kwinu,84190.22,CNY
Jane,King,jking3c@is.gd,Spain,Female,Santiago De Compostela,Zoombeat,66383.60,EUR
Denise,Foster,dfoster3d@nationalgeographic.com,Philippines,Female,Naguilian,Skyvu,7721.35,PHP
Virginia,Diaz,vdiaz3e@irs.gov,Czech Republic,Female,Velké Opatovice,Tagopia,68873.06,CZK
Douglas,Dean,ddean3f@ifeng.com,France,Male,Chambéry,Brainsphere,2623.83,EUR
Alice,Webb,awebb3g@dion.ne.jp,Portugal,Female,Olival Basto,Tambee,37389.52,EUR
Willie,Foster,wfoster3h@cpanel.net,Philippines,Male,Wañgan,Livefish,41595.07,PHP
Anne,Roberts,aroberts3i@usatoday.com,China,Female,Zibo,Topicblab,35880.42,CNY
Tammy,Wright,twright3j@xinhuanet.com,Japan,Female,Nichinan,Eimbee,,JPY
Shawn,Kelly,skelly3k@naver.com,Poland,Male,Ruda Śląska,Myworks,25146.13,PLN
Deborah,Lawson,dlawson3l@addtoany.com,Indonesia,Female,Rahayu,Gigazoom,93956.89,IDR
Margaret,Miller,mmiller3m@opensource.org,Ukraine,Female,Novomoskovs’k,Kamba,34261.76,UAH
Julie,Griffin,jgriffin3n@intel.com,Tanzania,Female,Maswa,Trupe,15561.44,TZS
Mark,Reid,mreid3o@yolasite.com,Japan,Male,Ikeda,Tambee,90268.85,JPY
Albert,Morales,amorales3p@independent.co.uk,Vietnam,Male,Phước An,Yoveo,67628.19,VND
Susan,Montgomery,smontgomery3q@arstechnica.com,Philippines,Female,Ramain,Wikivu,59937.97,PHP
Margaret,Owens,mowens3r@booking.com,China,Female,Jiantian,Innotype,9254.17,CNY
Elizabeth,Green,egreen3s@shinystat.com,Tajikistan,Female,Isfara,Meemm,27440.55,TJS
Wayne,Crawford,wcrawford3t@state.tx.us,Indonesia,Male,Pangkalan,Trupe,14482.94,IDR
Ruth,Mills,rmills3u@chronoengine.com,Poland,Female,Mniszków,Eazzy,28246.56,PLN
Juan,Garrett,jgarrett3v@about.com,Burundi,Male,Ngozi,Gabvine,47013.00,BIF
Sean,Shaw,sshaw3w@yandex.ru,Indonesia,Male,Cibolek Kidul,Vitz,98595.86,IDR
Gloria,Greene,ggreene3x@chronoengine.com,China,Female,Liushun,Fivebridge,33644.69,CNY
Rose,Ryan,rryan3y@soup.io,Russia,Female,Goyty,Bluejam,43882.47,RUB
Kimberly,Edwards,kedwards3z@github.io,Philippines,Female,Mapalacsiao,Pixope,94388.71,PHP
James,Gordon,jgordon40@slideshare.net,Croatia,Male,Prelog,Mynte,94782.75,HRK
Judy,Wheeler,jwheeler41@1688.com,Portugal,Female,Cortinhas,Yakijo,31944.26,EUR
Thomas,Rodriguez,trodriguez42@theguardian.com,China,Male,Gushui,Kazio,82962.56,CNY
Gregory,Wells,gwells43@cdbaby.com,Haiti,Male,Saint-Louis du Nord,Wordtune,55208.58,HTG
Gerald,Rogers,grogers44@cnet.com,Philippines,Male,Damayan,Meemm,,PHP
Christopher,White,cwhite45@51.la,Poland,Male,Januszkowice,Podcat,5316.93,PLN
Julie,Walker,jwalker46@livejournal.com,Brazil,Female,Pinheiros,Blogpad,,BRL
Laura,Lynch,llynch47@wired.com,Russia,Female,Davydovo,Tanoodle,66406.41,RUB
Benjamin,Morgan,bmorgan48@pinterest.com,Finland,Male,Suodenniemi,Eare,55933.66,EUR
Steven,Peters,speters49@ihg.com,Colombia,Male,Valledupar,Topiczoom,11556.12,COP
Cynthia,Webb,cwebb4a@ihg.com,Portugal,Female,Cabeça Gorda,Livetube,19717.90,EUR
Lawrence,Pierce,lpierce4b@unblog.fr,Philippines,Male,Camp Flora,Kaymbo,70157.96,PHP
Howard,Montgomery,hmontgomery4c@ow.ly,China,Male,Longsheng,Divavu,89596.73,CNY
Billy,Williamson,bwilliamson4d@salon.com,Poland,Male,Czarne,Quatz,89123.54,PLN
Gloria,Reyes,greyes4e@icq.com,Brazil,Female,Piritiba,Brainbox,66433.52,BRL
Betty,Hamilton,bhamilton4f@state.tx.us,Indonesia,Female,Plataran,Fadeo,23230.73,IDR
Todd,Holmes,tholmes4g@tuttocitta.it,Poland,Male,Sarnów,Livetube,33827.14,PLN
Nicole,Anderson,nanderson4h@symantec.com,Russia,Female,Slobodskoy,Kwinu,35408.39,RUB
Todd,Harvey,tharvey4i@google.pl,Poland,Male,Waśniów,Jabbersphere,69618.00,PLN
James,Reed,jreed4j@smh.com.au,Philippines,Male,Tambo,Brainverse,66117.74,PHP
Carol,Simmons,csimmons4k@goodreads.com,Indonesia,Female,Warungpeuteuy,Jatri,,IDR
Cynthia,Payne,cpayne4l@behance.net,China,Female,Yishui,Skidoo,83015.52,CNY
Johnny,Armstrong,jarmstrong4m@exblog.jp,Philippines,Male,Butigui,Kimia,34123.16,PHP
Steven,Diaz,sdiaz4n@diigo.com,Russia,Male,Trudobelikovskiy,Muxo,72071.63,RUB
Karen,Anderson,kanderson4o@nbcnews.com,Guatemala,Female,San Andrés Villa Seca,Tagcat,63167.84,GTQ
Nicole,Jackson,njackson4p@sfgate.com,Ukraine,Female,Mukacheve,Feedspan,90122.30,UAH
Barbara,Wright,bwright4q@pcworld.com,China,Female,Dong’ao,Feedfire,64191.20,CNY
Stephen,Robertson,srobertson4r@phoca.cz,China,Male,Heping,Agivu,80592.67,CNY
Andrea,Ruiz,aruiz4s@nbcnews.com,Canada,Female,Nanton,Divape,31038.35,CAD
Nicole,Adams,nadams4t@reference.com,Indonesia,Female,Dukuhsia,Quamba,60870.46,IDR
Gerald,Graham,ggraham4u@boston.com,China,Male,Lingkou,DabZ,85107.12,CNY
Martin,Parker,mparker4v@example.com,United States,Male,Sacramento,Myworks,40369.11,USD
Gerald,Howell,ghowell4w@netscape.com,Liberia,Male,Buutuo,Tavu,79385.22,LRD
Judith,Flores,jflores4x@home.pl,Russia,Female,Spassk,Browsebug,42378.98,RUB
William,Mcdonald,wmcdonald4y@wikipedia.org,China,Male,Shatian,Brightbean,,CNY
Craig,Barnes,cbarnes4z@skype.com,Indonesia,Male,Sinjai,Eabox,96870.41,IDR
Julia,Bishop,jbishop50@miitbeian.gov.cn,China,Female,Chengxiang,Jaxspan,76519.60,CNY
Martin,Barnes,mbarnes51@house.gov,China,Male,Honglong,Youbridge,63936.19,CNY
Henry,Hicks,hhicks52@yahoo.co.jp,Morocco,Male,El Aïoun,Chatterbridge,47585.06,MAD
Nicholas,Carpenter,ncarpenter53@umn.edu,Ukraine,Male,Torez,Jabberstorm,58675.32,UAH
Phyllis,Snyder,psnyder54@amazonaws.com,Mauritius,Female,Roche Terre,Devify,42298.67,MUR
Wayne,Griffin,wgriffin55@rediff.com,Greece,Male,Kallíthiron,Divape,56828.20,EUR
Katherine,Bishop,kbishop56@cyberchimps.com,Argentina,Female,Esquina,Mydeo,,ARS
Betty,Mitchell,bmitchell57@sciencedaily.com,Indonesia,Female,Waingapu,Vinder,21004.91,IDR
Jeremy,Woods,jwoods58@smugmug.com,Saudi Arabia,Male,Al Wajh,Gigazoom,8516.44,SAR
Edward,Cox,ecox59@example.com,China,Male,Shuinan,Centidel,13304.03,CNY
Patrick,Carr,pcarr5a@sphinn.com,Philippines,Male,San Marcelino,Buzzshare,60629.56,PHP
Sara,Wheeler,swheeler5b@indiatimes.com,Egypt,Female,Sumusţā as Sulţānī,Rhynoodle,24730.95,EGP
Carlos,Watson,cwatson5c@cyberchimps.com,China,Male,Yuanzhou,Browsetype,71337.42,CNY
Rose,Porter,rporter5d@wired.com,Russia,Female,Muromtsevo,Wikibox,77043.43,RUB
Edward,Harvey,eharvey5e@so-net.ne.jp,Poland,Male,Siemkowice,Oodoo,18553.51,PLN
Roy,Hanson,rhanson5f@netscape.com,Burkina Faso,Male,Bobo-Dioulasso,Topiclounge,67364.50,XOF
Jonathan,Rice,jrice5g@youku.com,Costa Rica,Male,Sámara,Skiba,83010.58,CRC
Julie,Hart,jhart5h@sphinn.com,Panama,Female,Cusapín,Dynabox,,PAB
Billy,Scott,bscott5i@ezinearticles.com,Russia,Male,Starodub,Aimbu,38871.72,RUB
Bruce,Hughes,bhughes5j@businessweek.com,China,Male,Dainan,Youfeed,,CNY
Jonathan,Peterson,jpeterson5k@devhub.com,Greece,Male,Polýkastro,Browsetype,38599.74,EUR
Louise,Anderson,landerson5l@miitbeian.gov.cn,Chile,Female,Puente Alto,Yacero,66155.75,CLP
Kelly,Matthews,kmatthews5m@netscape.com,Portugal,Female,Bicas,Linkbridge,98745.63,EUR
Irene,Montgomery,imontgomery5n@weibo.com,Oman,Female,Shināş,Devpulse,18482.66,OMR
Harold,Washington,hwashington5o@arizona.edu,Ukraine,Male,Dmytrivka,Cogibox,48616.98,UAH
Joseph,Myers,jmyers5p@i2i.jp,Canada,Male,Albanel,Yakitri,93935.44,CAD
Diana,Stevens,dstevens5q@ted.com,China,Female,Hengdaohezi,Twinte,,CNY
Emily,Brown,ebrown5r@upenn.edu,Yemen,Female,Al Mukallā,Skaboo,22092.76,YER
Walter,Sullivan,wsullivan5s@wikia.com,Benin,Male,Bembèrèkè,Ntags,96721.32,XOF
Marilyn,Cruz,mcruz5t@altervista.org,Serbia,Female,Aleksinac,Quinu,54460.31,RSD
Robert,Little,rlittle5u@merriam-webster.com,Philippines,Male,Lawa-an,Agimba,27494.12,PHP
Alice,Garrett,agarrett5v@exblog.jp,Thailand,Female,Phimai,Zoonoodle,86573.17,THB
Roger,Gray,rgray5w@themeforest.net,Russia,Male,Troitsk,Eayo,38206.12,RUB
Willie,Welch,wwelch5x@1und1.de,Peru,Male,Canis,Linklinks,76540.99,PEN
Mary,Watson,mwatson5y@va.gov,France,Female,Caluire-et-Cuire,Zoomcast,91262.04,EUR
Ralph,Romero,rromero5z@sitemeter.com,China,Male,Xuguang,Aimbu,67649.62,CNY
Doris,Baker,dbaker60@w3.org,Greece,Female,Efkarpía,Izio,81180.28,EUR
Stephen,Cruz,scruz61@phoca.cz,Poland,Male,Włoszczowa,Edgeify,2145.68,PLN
Walter,Harper,wharper62@mac.com,Peru,Male,Mochumí,Thoughtstorm,61719.63,PEN
Evelyn,Harris,eharris63@flickr.com,China,Female,Nanshi,Voonder,10883.81,CNY
Ruby,Cunningham,rcunningham64@youtube.com,Tanzania,Female,Masuguru,Zazio,82401.41,TZS
Jean,Nichols,jnichols65@pinterest.com,Kenya,Female,Moyale,Eidel,19917.04,KES
Cheryl,Black,cblack66@ocn.ne.jp,Japan,Female,Yuzawa,Youspan,48798.53,JPY
Betty,Clark,bclark67@mayoclinic.com,Syria,Female,Tall Salḩab,Dynava,,SYP
Amy,Snyder,asnyder68@live.com,China,Female,Shanmu,Blogpad,18430.39,CNY
Jimmy,Phillips,jphillips69@oakley.com,Ireland,Male,Oughterard,Yata,,EUR
Shirley,Hall,shall6a@ft.com,Philippines,Female,Libas,Devify,18828.21,PHP
Jeffrey,Howard,jhoward6b@plala.or.jp,Guatemala,Male,Pueblo Nuevo Viñas,Jayo,57909.46,GTQ
Edward,Bailey,ebailey6c@prnewswire.com,Uruguay,Male,La Paz,Reallinks,20261.56,UYU
Ernest,Dunn,edunn6d@cdbaby.com,China,Male,Xubao,Linklinks,56680.32,CNY
Dennis,Meyer,dmeyer6e@github.io,Liberia,Male,Buutuo,Mynte,29261.28,LRD
Margaret,Diaz,mdiaz6f@google.cn,Philippines,Female,Bulalacao,Feedmix,19071.67,PHP
Margaret,George,mgeorge6g@disqus.com,China,Female,Xuebu,Dabtype,38856.74,CNY
Willie,Powell,wpowell6h@drupal.org,Brazil,Male,Mogi Guaçu,Oba,40994.63,BRL
Ruth,Moore,rmoore6i@admin.ch,Indonesia,Female,Campaka,Quinu,,IDR
Sara,Schmidt,sschmidt6j@ow.ly,United States,Female,Huntsville,Meejo,49752.54,USD
Mark,Morrison,mmorrison6k@soundcloud.com,China,Male,Golug,Yakitri,21390.13,CNY
Juan,Matthews,jmatthews6l@1688.com,Indonesia,Male,Riangbaring,Kimia,20690.84,IDR
George,Mendoza,gmendoza6m@home.pl,Kyrgyzstan,Male,Karakol,Topicblab,94811.41,KGS
John,Little,jlittle6n@marketwatch.com,Philippines,Male,Sarrat,Aibox,18431.48,PHP
Bonnie,Turner,bturner6o@tripod.com,South Africa,Female,Izingolweni,Flashdog,36400.06,ZAR
Gary,Gomez,ggomez6p@multiply.com,China,Male,Shadili,Yacero,84235.65,CNY
Dennis,Marshall,dmarshall6q@infoseek.co.jp,Vietnam,Male,Đoan Hùng,Wordpedia,68966.44,VND
Ann,Young,ayoung6r@blogs.com,China,Female,Wushi,Quinu,44184.99,CNY
Brandon,Lawson,blawson6s@google.de,Russia,Male,Petropavlovskaya,Edgepulse,1553.81,RUB
Julia,Burns,jburns6t@nih.gov,China,Female,Tangxi,Meevee,,CNY
Willie,Carr,wcarr6u@addthis.com,Colombia,Male,Villamaría,Topicstorm,67123.32,COP
Elizabeth,Berry,eberry6v@blog.com,Argentina,Female,Corral de Bustos,Ailane,9564.98,ARS
Debra,Harris,dharris6w@youku.com,China,Female,Laojunpo,JumpXS,15344.46,CNY
Raymond,Owens,rowens6x@de.vu,China,Male,Jingtan,Lazz,94364.23,CNY
Walter,Kelley,wkelley6y@geocities.jp,Syria,Male,Şabbūrah,Youspan,10909.97,SYP
Jessica,Armstrong,jarmstrong6z@sbwire.com,Croatia,Female,Štitar,Rhynyx,49932.94,HRK
Benjamin,Miller,bmiller70@cisco.com,Jordan,Male,Aqaba,Divanoodle,73129.73,JOD
Sarah,Little,slittle71@usda.gov,China,Female,Huacheng,Einti,47951.17,CNY
Arthur,Smith,asmith72@geocities.jp,China,Male,Weiguo,Jabbersphere,19642.00,CNY
Robin,Ruiz,rruiz73@reuters.com,United States,Female,Pittsburgh,Roombo,82846.54,USD
Lois,Phillips,lphillips74@irs.gov,South Korea,Female,Songwon,Youfeed,49369.64,KRW
Edward,Peterson,epeterson75@amazon.de,Albania,Male,Trebisht-Muçinë,Jabbercube,89555.41,ALL
Paula,Castillo,pcastillo76@nps.gov,Kazakhstan,Female,Balqash,Shufflester,80393.31,KZT
Heather,Bishop,hbishop77@google.fr,Russia,Female,Uglovoye,Avavee,83600.58,RUB
Robert,Moreno,rmoreno78@cornell.edu,Peru,Male,San Miguel,Quatz,24099.50,PEN
Stephen,Lee,slee79@about.com,Russia,Male,Vilya,Yakidoo,14280.49,RUB
Maria,Olson,molson7a@marketwatch.com,France,Female,Charenton-le-Pont,Minyx,17919.06,EUR
Gerald,Crawford,gcrawford7b@ameblo.jp,Nigeria,Male,Ikang,Plambee,5237.58,NGN
Joshua,Jackson,jjackson7c@mayoclinic.com,Indonesia,Male,Jatake,Jaloo,97381.04,IDR
Lori,Simmons,lsimmons7d@simplemachines.org,Indonesia,Female,Tebon,Yacero,10983.13,IDR
Amy,Price,aprice7e@hibu.com,China,Female,Shuangyang,Dynabox,84313.14,CNY
Carlos,Cruz,ccruz7f@ow.ly,Philippines,Male,Kabac,Skalith,48616.75,PHP
Marilyn,Turner,mturner7g@pcworld.com,Poland,Female,Kuczbork-Osada,Shuffletag,55712.64,PLN
Russell,Ramirez,rramirez7h@goo.ne.jp,Ukraine,Male,Kolochava,Npath,80811.71,UAH
Edward,Johnson,ejohnson7i@psu.edu,China,Male,Zhongguan,Gevee,5121.96,CNY
Steve,Kelly,skelly7j@cbc.ca,Russia,Male,Kamenka,Twitternation,29300.34,RUB
Ryan,Meyer,rmeyer7k@princeton.edu,Russia,Male,Kantemirovka,Innotype,6430.80,RUB
Julie,Flores,jflores7l@berkeley.edu,United States,Female,Austin,Babbleblab,99004.46,USD
Kathy,Hunt,khunt7m@sogou.com,Tajikistan,Female,Orzu,Shuffletag,25957.55,TJS
Jane,Snyder,jsnyder7n@noaa.gov,China,Female,Sangongqiao,Jatri,36275.24,CNY
Irene,Perez,iperez7o@utexas.edu,Japan,Female,Shiraoka,Divape,48987.00,JPY
Dorothy,Berry,dberry7p@myspace.com,Colombia,Female,Armenia,Gigaclub,10468.25,COP
Donald,Mason,dmason7q@discovery.com,China,Male,Balbagay,Skajo,42293.43,CNY
Diana,Payne,dpayne7r@buzzfeed.com,Malta,Female,Attard,InnoZ,99716.33,EUR
Timothy,Dean,tdean7s@woothemes.com,Australia,Male,Sydney,Rhynoodle,62300.10,AUD
Joe,Armstrong,jarmstrong7t@google.nl,Mongolia,Male,Tsengel,Pixonyx,83425.87,MNT
Lisa,Bryant,lbryant7u@vistaprint.com,Indonesia,Female,Blimbing,Livefish,66429.27,IDR
Mary,Snyder,msnyder7v@ed.gov,Mexico,Female,Alameda,Aimbu,,MXN
Kevin,Bowman,kbowman7w@skype.com,United States,Male,Greensboro,Trupe,25534.72,USD
Harold,Morrison,hmorrison7x@csmonitor.com,China,Male,Dalong,Wordware,73608.61,CNY
Craig,Hernandez,chernandez7y@si.edu,Brazil,Male,Ubatã,Centimia,2812.02,BRL
Judith,Hall,jhall7z@dell.com,Vietnam,Female,Cao Thượng,Buzzbean,58841.67,VND
Aaron,Fox,afox80@google.nl,Indonesia,Male,Kebonbencoy,Wordify,,IDR
Richard,Gilbert,rgilbert81@alexa.com,Nigeria,Male,Kamba,Demimbu,75340.30,NGN
Pamela,Hamilton,phamilton82@yelp.com,Philippines,Female,Napoles,Dynazzy,,PHP
Anne,Garza,agarza83@amazon.com,China,Female,Haikou,Thoughtbeat,38057.40,CNY
Todd,Webb,twebb84@eventbrite.com,Philippines,Male,Cabatuan,Babbleopia,34180.61,PHP
Ernest,Martin,emartin85@google.com.br,Ireland,Male,Bearna,Quimm,14488.01,EUR
Mildred,Sanders,msanders86@xinhuanet.com,Russia,Female,Stavropol’,Edgeclub,56458.75,RUB
Kathryn,Ellis,kellis87@linkedin.com,Indonesia,Female,Gogosuket,Teklist,31821.88,IDR
Paul,Cook,pcook88@irs.gov,Vietnam,Male,Côn Sơn,Voolith,6516.60,VND
Kenneth,Dean,kdean89@meetup.com,Chad,Male,Goundi,Fiveclub,35746.35,XAF
Christopher,Green,cgreen8a@pen.io,Poland,Male,Trzcianka,Flashset,64301.93,PLN
Frank,Riley,friley8b@thetimes.co.uk,China,Male,Xinji,Avavee,71376.25,CNY
Carol,Elliott,celliott8c@vimeo.com,Brazil,Female,Baixo Guandu,Livepath,,BRL
Rose,Murray,rmurray8d@smh.com.au,Brazil,Female,Envira,Zooveo,96534.14,BRL
Kimberly,Hansen,khansen8e@wikispaces.com,Serbia,Female,Klenak,Roodel,6256.48,RSD
Christina,Ward,cward8f@utexas.edu,China,Female,Canghou,Tagpad,23444.50,CNY
Virginia,Cooper,vcooper8g@netscape.com,Bulgaria,Female,Berkovitsa,Youopia,86804.10,BGN
Johnny,Mccoy,jmccoy8h@uol.com.br,Peru,Male,Canchayllo,Browseblab,12732.91,PEN
Emily,Morris,emorris8i@mysql.com,Laos,Female,Ban Houayxay,Tagpad,72050.64,LAK
Gregory,Berry,gberry8j@privacy.gov.au,China,Male,Jiangna,Bubblemix,28181.03,CNY
Robin,Dunn,rdunn8k@sitemeter.com,Argentina,Female,Jesús María,Wikido,33140.78,ARS
Joan,Hernandez,jhernandez8l@deviantart.com,China,Female,Guangchen,Browsecat,50992.54,CNY
Judith,Coleman,jcoleman8m@tamu.edu,China,Female,Shanghu,Thoughtblab,58524.01,CNY
Helen,Robinson,hrobinson8n@1und1.de,Indonesia,Female,Jambuir Timur,Browsezoom,29799.88,IDR
Richard,Fernandez,rfernandez8o@photobucket.com,Pakistan,Male,Faisalābād,Zoozzy,69372.23,PKR
Robin,Cruz,rcruz8p@google.com,Greece,Female,Sofádes,Topicshots,12585.56,EUR
Richard,Hanson,rhanson8q@desdev.cn,Sweden,Male,Borås,Jayo,69325.18,SEK
Michelle,Brooks,mbrooks8r@godaddy.com,Cameroon,Female,Garoua Boulaï,Omba,54785.08,XAF
Helen,Adams,hadams8s@angelfire.com,Philippines,Female,Cambarus,Lajo,65168.30,PHP
William,Rivera,wrivera8t@psu.edu,Czech Republic,Male,Miřetice,Skyvu,51602.97,CZK
Jimmy,Fuller,jfuller8u@google.co.uk,Russia,Male,Tyazhinskiy,Minyx,20256.98,RUB
Cheryl,Elliott,celliott8v@sciencedirect.com,China,Female,Changbai,Fivechat,17825.70,CNY
Billy,Sanders,bsanders8w@indiegogo.com,Bosnia and Herzegovina,Male,Živinice,Katz,8206.81,BAM
Julia,Lopez,jlopez8x@examiner.com,Uzbekistan,Female,Toshbuloq,Buzzbean,67367.50,UZS
Frank,Welch,fwelch8y@go.com,China,Male,Taha Man Zu,Yata,83863.12,CNY
Thomas,Hill,thill8z@statcounter.com,Egypt,Male,Ziftá,Skibox,21087.59,EGP
Rose,Mcdonald,rmcdonald90@globo.com,Nigeria,Female,Bauchi,Voolia,96070.82,NGN
Keith,Hart,khart91@infoseek.co.jp,Russia,Male,Vyksa,Dabvine,58069.00,RUB
Jimmy,Jenkins,jjenkins92@mysql.com,Greece,Male,Maroúsi,Mycat,83918.39,EUR
Ryan,Duncan,rduncan93@nps.gov,Portugal,Male,Boticas,Topicware,77367.47,EUR
Amanda,Perkins,aperkins94@yahoo.com,Indonesia,Female,Kutamangu,Yakidoo,53581.66,IDR
Cheryl,Carroll,ccarroll95@pcworld.com,Colombia,Female,Curumaní,Edgetag,,COP
Henry,Howard,hhoward96@bandcamp.com,Portugal,Male,Pinheiral,Devify,8531.69,EUR
Karen,Johnston,kjohnston97@bing.com,Indonesia,Female,Keli,Pixoboo,58371.91,IDR
Rose,Campbell,rcampbell98@bizjournals.com,Portugal,Female,Estombar,Camimbo,45935.02,EUR
Billy,Barnes,bbarnes99@arizona.edu,China,Male,Yanggu’ao,Edgeclub,52017.79,CNY
Larry,Andrews,landrews9a@thetimes.co.uk,Thailand,Male,Tha Maka,Digitube,91813.49,THB
Justin,Mccoy,jmccoy9b@chronoengine.com,China,Male,Zijin,Twinte,23685.62,CNY
Rose,Knight,rknight9c@globo.com,Indonesia,Female,Suwangi Utara,Rooxo,94716.91,IDR
Maria,Baker,mbaker9d@yolasite.com,Indonesia,Female,Masu,Feedmix,21415.46,IDR
Louise,Reid,lreid9e@list-manage.com,Serbia,Female,Palilula,Voolith,91251.56,RSD
Jean,Morgan,jmorgan9f@globo.com,Uruguay,Female,Salto,Oyoyo,62470.70,UYU
Ryan,Simmons,rsimmons9g@house.gov,Mongolia,Male,Hatavch,Tagchat,98757.77,MNT
Jason,Gonzales,jgonzales9h@netscape.com,Indonesia,Male,Dajalorong,Miboo,31748.76,IDR
Anthony,Kelly,akelly9i@barnesandnoble.com,Colombia,Male,Campamento,Buzzster,45419.33,COP
Cynthia,Hunter,chunter9j@ycombinator.com,China,Female,Linjiang,Divavu,27356.73,CNY
Karen,Baker,kbaker9k@wordpress.com,Poland,Female,Krzemienica,Innotype,314.86,PLN
Jean,Stephens,jstephens9l@t-online.de,Indonesia,Female,Sukasirna,Oodoo,,IDR
Kelly,Rogers,krogers9m@vk.com,Indonesia,Female,Kemendung,Devbug,,IDR
Ryan,Austin,raustin9n@noaa.gov,France,Male,Millau,Edgepulse,,EUR
Wayne,Robertson,wrobertson9o@ovh.net,China,Male,Luzhang,Skyvu,1672.78,CNY
Howard,Greene,hgreene9p@godaddy.com,Mexico,Male,San Antonio,Mymm,11603.15,MXN
Melissa,Kelly,mkelly9q@admin.ch,Macedonia,Female,Теарце,Zoonoodle,76591.47,MKD
Sandra,Garcia,sgarcia9r@opensource.org,Canada,Female,Bay Roberts,Meedoo,48988.63,CAD
Carol,Mills,cmills9s@jigsy.com,Estonia,Female,Laagri,Zoombeat,9606.61,EUR
Justin,Little,jlittle9t@reverbnation.com,Philippines,Male,Cabuyao,Divape,94867.81,PHP
Nicholas,Morales,nmorales9u@fotki.com,Indonesia,Male,Balungkopi,Thoughtblab,45763.64,IDR
Randy,Payne,rpayne9v@goo.gl,China,Male,Mingyihe,Kwilith,18706.25,CNY
Jeffrey,Larson,jlarson9w@nyu.edu,Indonesia,Male,Lanci Satu,Shufflester,70685.08,IDR
Irene,Nguyen,inguyen9x@creativecommons.org,Indonesia,Female,Jetis,Abata,,IDR
Ann,Turner,aturner9y@ox.ac.uk,Greece,Female,Río,Browsetype,58836.36,EUR
Charles,Garza,cgarza9z@taobao.com,Azerbaijan,Male,Khodzhi-Gasan,Viva,71903.74,AZN
Helen,Garcia,hgarciaa0@globo.com,Indonesia,Female,Banjar Gunungpande,Jaxbean,31069.04,IDR
Walter,Hunter,whuntera1@foxnews.com,Philippines,Male,Bukid,Camimbo,86365.00,PHP
Mark,Wagner,mwagnera2@mlb.com,Indonesia,Male,Tanenofunan,Tagtune,19275.37,IDR
Nicole,Reynolds,nreynoldsa3@aol.com,China,Female,Malichang,Yodel,95924.97,CNY
Timothy,Chavez,tchaveza4@prnewswire.com,Russia,Male,Pokrov,Lajo,29259.21,RUB
Willie,White,wwhitea5@hhs.gov,Ukraine,Male,Sivers’k,Kayveo,81496.82,UAH
Eugene,Ruiz,eruiza6@google.it,Ireland,Male,Greenhills,Riffpath,54788.38,EUR
Richard,Dunn,rdunna7@springer.com,China,Male,Hongshan,Skimia,68258.47,CNY
Susan,Nichols,snicholsa8@hibu.com,France,Female,Niort,Jetwire,64587.14,EUR
Harry,Hansen,hhansena9@imdb.com,Bhutan,Male,Daga,Realbridge,15901.30,BTN
Kimberly,Alexander,kalexanderaa@sun.com,Sweden,Female,Skellefteå,LiveZ,,SEK
Robin,Hart,rhartab@netlog.com,Brazil,Female,Caieiras,Topiclounge,,BRL
Roy,Patterson,rpattersonac@wikia.com,Brazil,Male,Novo Hamburgo,Zoozzy,32687.93,BRL
Eric,Hansen,ehansenad@time.com,Philippines,Male,Villaviciosa,Youspan,,PHP
Roy,Ruiz,rruizae@blog.com,Armenia,Male,Abovyan,Divape,1353.92,AMD
Tina,Snyder,tsnyderaf@auda.org.au,Greece,Female,Graikochóri,Buzzdog,25069.61,EUR
Jerry,Thompson,jthompsonag@dion.ne.jp,Ivory Coast,Male,Agboville,Plajo,71107.41,XOF
Judith,Cooper,jcooperah@umn.edu,France,Female,Claye-Souilly,Leenti,40347.66,EUR
Timothy,Lopez,tlopezai@homestead.com,Philippines,Male,Bairan,Gigaclub,55134.69,PHP
Susan,Palmer,spalmeraj@tmall.com,China,Female,Meishan,Cogibox,65595.69,CNY
Jesse,Morales,jmoralesak@jalbum.net,China,Male,Kongwan,Skiba,,CNY
Samuel,Gutierrez,sgutierrezal@mapquest.com,Kazakhstan,Male,Talghar,Nlounge,23746.16,KZT
George,West,gwestam@miibeian.gov.cn,Philippines,Male,Paitan,Eadel,72388.35,PHP
Annie,Wheeler,awheeleran@tiny.cc,Indonesia,Female,Bungur,Leexo,3435.62,IDR
Maria,Payne,mpayneao@goo.gl,Portugal,Female,Dois Portos,Zoomdog,35776.52,EUR
Deborah,White,dwhiteap@prweb.com,Norway,Female,Tromsø,Skiba,84898.59,NOK
Betty,Austin,baustinaq@statcounter.com,Greece,Female,Kárystos,Fivechat,82808.29,EUR
Jeffrey,Lee,jleear@wikimedia.org,Mexico,Male,Alvaro Obregon,Zoomdog,28675.42,MXN
Amy,Matthews,amatthewsas@unicef.org,China,Female,Xianghu,Photospace,16318.44,CNY
Gregory,Ryan,gryanat@reference.com,Ethiopia,Male,Korem,Topicstorm,,ETB
Julie,Hamilton,jhamiltonau@answers.com,China,Female,Yaodu,Linkbuzz,14139.94,CNY
Jessica,Garrett,jgarrettav@addthis.com,Russia,Female,Kolodeznyy,Blogtags,3391.38,RUB
Donald,Carpenter,dcarpenteraw@trellian.com,South Korea,Male,Namyangju,Edgepulse,57830.47,KRW
Pamela,Cole,pcoleax@a8.net,Ukraine,Female,Komsomolsk,Yodo,18349.43,UAH
Russell,Banks,rbanksay@oracle.com,Russia,Male,Udobnaya,Linkbridge,2492.68,RUB
Catherine,Cook,ccookaz@woothemes.com,Portugal,Female,Figueira,Meevee,71532.54,EUR
Richard,Fernandez,rfernandezb0@edublogs.org,Czech Republic,Male,Hostomice,Dabshots,12225.34,CZK
Philip,Hayes,phayesb1@ucla.edu,China,Male,Lutian,Gigabox,678.98,CNY
Beverly,Moreno,bmorenob2@addtoany.com,United States,Female,Dallas,Voomm,,USD
Eugene,Kelly,ekellyb3@microsoft.com,Algeria,Male,Ait Ali,Zoozzy,30811.04,DZD
Billy,Kelley,bkelleyb4@google.cn,Indonesia,Male,Bandung,Voonix,65051.25,IDR
Robin,Perry,rperryb5@geocities.com,Philippines,Female,Caba,Tanoodle,91454.09,PHP
Bobby,Arnold,barnoldb6@yale.edu,Philippines,Male,Paldit,Meetz,45322.81,PHP
Fred,Hicks,fhicksb7@homestead.com,China,Male,Beigao,Voonte,37187.86,CNY
Phyllis,Jenkins,pjenkinsb8@cafepress.com,Egypt,Female,Quwaysinā,Mydeo,99982.01,EGP
Walter,Hunter,whunterb9@fda.gov,Colombia,Male,Baranoa,Geba,33384.52,COP
Jonathan,Baker,jbakerba@nba.com,Canada,Male,Meadow Lake,Kwilith,66969.22,CAD
Shirley,West,swestbb@java.com,China,Female,Dawangzhuang,Vinte,98901.66,CNY
Stephen,Warren,swarrenbc@paypal.com,China,Male,Linxi,Twimm,3995.17,CNY
Thomas,Cole,tcolebd@booking.com,Indonesia,Male,Sindangraja,Jaxworks,78029.93,IDR
Carol,Mendoza,cmendozabe@go.com,Philippines,Female,Tarangnan,Eimbee,72842.90,PHP
Ann,Rice,aricebf@ameblo.jp,Mayotte,Female,Sada,Chatterpoint,23255.02,EUR
Anthony,Olson,aolsonbg@ask.com,Japan,Male,Mobara,Kwinu,98818.06,JPY
Diane,Fisher,dfisherbh@dailymail.co.uk,Thailand,Female,Sida,Skivee,43289.51,THB
Barbara,Hunt,bhuntbi@usgs.gov,China,Female,Haixing,Aimbo,54937.18,CNY
Barbara,Harvey,bharveybj@imdb.com,China,Female,Hongqi,Thoughtworks,46286.79,CNY
Jennifer,Snyder,jsnyderbk@apple.com,France,Female,Orléans,Edgeify,49351.17,EUR
Karen,George,kgeorgebl@weather.com,Philippines,Female,Talisay,Browsebug,7621.19,PHP
Kathy,Meyer,kmeyerbm@freewebs.com,Venezuela,Female,Santa Cruz,Meevee,83369.77,VEF
Paul,White,pwhitebn@china.com.cn,Japan,Male,Saiki,Topicblab,17999.46,JPY
Catherine,Payne,cpaynebo@yellowpages.com,Greece,Female,Smínthi,Topiczoom,61981.18,EUR
Harold,Fernandez,hfernandezbp@angelfire.com,Iran,Male,Torbat-e Jām,Ainyx,8975.35,IRR
Joe,Reyes,jreyesbq@mysql.com,Portugal,Male,Portalegre,Mydo,73077.43,EUR
Frances,Castillo,fcastillobr@sciencedaily.com,Cape Verde,Female,Cidade Velha,Voolith,56088.71,CVE
Janice,Williamson,jwilliamsonbs@house.gov,Portugal,Female,Rio,Jabberbean,95087.33,EUR
Robin,Payne,rpaynebt@biglobe.ne.jp,Kazakhstan,Female,Ust-Kamenogorsk,Eadel,64529.47,KZT
Jason,Thompson,jthompsonbu@independent.co.uk,France,Male,Lille,Buzzdog,62072.29,EUR
Thomas,Webb,twebbbv@nydailynews.com,Pakistan,Male,Islāmkot,Lazzy,13818.66,PKR
Victor,Price,vpricebw@ocn.ne.jp,Indonesia,Male,Mmaaf,Devpoint,25793.61,IDR
Alice,Wallace,awallacebx@slate.com,Venezuela,Female,Caramuca,Tagopia,94957.28,VEF
Cynthia,Harrison,charrisonby@constantcontact.com,China,Female,Jindong,Meedoo,42609.70,CNY
Carlos,Gonzalez,cgonzalezbz@guardian.co.uk,China,Male,Dupi,Skipfire,11359.31,CNY
Joan,Ellis,jellisc0@nifty.com,Philippines,Female,Bagacay,Youbridge,11220.99,PHP
Theresa,Washington,twashingtonc1@webeden.co.uk,Brazil,Female,Sena Madureira,Devpulse,,BRL
Arthur,Day,adayc2@google.co.jp,Portugal,Male,Freiria,Feednation,77573.67,EUR
Jeremy,Patterson,jpattersonc3@jigsy.com,United States,Male,Asheville,Youspan,9801.42,USD
Nancy,Simpson,nsimpsonc4@yandex.ru,Portugal,Female,Parada de Todeia,Abata,,EUR
Patrick,Wagner,pwagnerc5@disqus.com,Mexico,Male,Las Palmas,Divavu,74812.62,MXN
James,Hudson,jhudsonc6@deviantart.com,Bulgaria,Male,Chernomorets,Zoomcast,44404.56,BGN
Carol,Bryant,cbryantc7@nps.gov,Palestinian Territory,Female,Rammūn,Photojam,75392.79,ILS
Keith,Howard,khowardc8@tumblr.com,Estonia,Male,Järvakandi,Mynte,29898.18,EUR
Margaret,Coleman,mcolemanc9@wikipedia.org,Brazil,Female,Benjamin Constant,Feedfish,23332.45,BRL
Billy,Powell,bpowellca@ucsd.edu,Philippines,Male,Gumaus,Einti,9529.42,PHP
Janice,Black,jblackcb@house.gov,Russia,Female,Konstantinovskoye,Omba,42338.38,RUB
Lawrence,Wood,lwoodcc@squidoo.com,Russia,Male,Teberda,Zooveo,82091.28,RUB
Bonnie,Hunt,bhuntcd@altervista.org,Serbia,Female,Lebane,Flipstorm,60668.94,RSD
Lois,Young,lyoungce@yale.edu,Indonesia,Female,Terawas,Bluezoom,73218.35,IDR
Roy,Ramirez,rramirezcf@marketwatch.com,Colombia,Male,Chivor,Brainlounge,,COP
Thomas,Riley,trileycg@example.com,Sweden,Male,Borlänge,Shufflebeat,68678.05,SEK
Ashley,Palmer,apalmerch@army.mil,Greece,Female,Papágou,Wordpedia,58255.16,EUR
Christina,Henderson,chendersonci@amazon.de,China,Female,Qiaosi,Eare,51125.31,CNY
Keith,Moreno,kmorenocj@washingtonpost.com,Indonesia,Male,Tuwiri Wetan,Youtags,42133.99,IDR
Debra,Grant,dgrantck@theatlantic.com,Poland,Female,Roczyny,Buzzshare,19984.03,PLN
Patrick,Fields,pfieldscl@cbsnews.com,China,Male,Huangcaotuo,Livepath,14728.39,CNY
Amanda,Simpson,asimpsoncm@theatlantic.com,China,Female,Yushanpu,Rooxo,5607.74,CNY
Bruce,Gilbert,bgilbertcn@google.es,Ukraine,Male,Sheshory,Wordtune,80841.34,UAH
Brenda,Henderson,bhendersonco@vistaprint.com,Cameroon,Female,Ambam,Rhycero,,XAF
Terry,Gibson,tgibsoncp@cyberchimps.com,Peru,Male,Paucarbamba,Avamba,,PEN
Jennifer,Bowman,jbowmancq@networksolutions.com,China,Female,Xicun,Fivechat,69689.29,CNY
Christopher,Ross,crosscr@engadget.com,Sri Lanka,Male,Homagama,Pixope,5940.45,LKR
Steven,Cooper,scoopercs@newyorker.com,Japan,Male,Suita,Katz,91092.35,JPY
Annie,Smith,asmithct@shop-pro.jp,Indonesia,Female,Krajan Curahcotok,Vidoo,4002.69,IDR
Joshua,Gomez,jgomezcu@apple.com,Brazil,Male,Breves,BlogXS,45470.02,BRL
Catherine,Kelly,ckellycv@qq.com,Ukraine,Female,Turbiv,Skipstorm,75439.83,UAH
Charles,Schmidt,cschmidtcw@angelfire.com,Indonesia,Male,Maumere,Babblestorm,45402.51,IDR
Phyllis,Stevens,pstevenscx@springer.com,China,Female,Binhe,Blogtag,77682.94,CNY
Charles,Freeman,cfreemancy@biglobe.ne.jp,Philippines,Male,Ilangay,Yakitri,95080.83,PHP
Jason,Crawford,jcrawfordcz@hp.com,Poland,Male,Stryszawa,Zoonder,72427.94,PLN
Jonathan,Pierce,jpierced0@mail.ru,China,Male,Qianjin,Plajo,96203.19,CNY
Kevin,Shaw,kshawd1@zdnet.com,Philippines,Male,Sapol,Yodel,94498.43,PHP
Carlos,Stevens,cstevensd2@cafepress.com,East Timor,Male,Venilale,Kwinu,77244.92,USD
Shawn,Hansen,shansend3@ask.com,Russia,Male,Vychegodskiy,Trilia,43863.91,RUB
Keith,Ford,kfordd4@webs.com,Peru,Male,Congas,Mynte,12642.32,PEN
Jason,Myers,jmyersd5@wisc.edu,Poland,Male,Sokolniki,Edgetag,44817.35,PLN
Joyce,Stone,jstoned6@ft.com,Argentina,Female,General Galarza,Realcube,74961.34,ARS
Jessica,Brooks,jbrooksd7@nhs.uk,Indonesia,Female,Karangnongko,Janyx,32866.08,IDR
Barbara,Cox,bcoxd8@fda.gov,Ukraine,Female,Volodars’k-Volyns’kyy,Babblestorm,,UAH
Diana,Coleman,dcolemand9@xing.com,Indonesia,Female,Pejek,Voonte,99139.44,IDR
Doris,Young,dyoungda@webs.com,Poland,Female,Drohiczyn,Vinder,29389.43,PLN
Gary,Campbell,gcampbelldb@eventbrite.com,Indonesia,Male,Sekongkang Bawah,Dabvine,77220.62,IDR
Gary,Romero,gromerodc@facebook.com,Indonesia,Male,Plumbangan,Gabspot,79370.21,IDR
Patricia,Peterson,ppetersondd@cam.ac.uk,Indonesia,Female,Babakan,Eimbee,33716.64,IDR
Patrick,Snyder,psnyderde@github.io,Philippines,Male,Monkayo,Gigabox,52020.04,PHP
Lillian,Bailey,lbaileydf@4shared.com,Honduras,Female,Jocón,Skimia,87081.72,HNL
Sarah,Robertson,srobertsondg@dagondesign.com,Russia,Female,Shikhazany,Innojam,7836.33,RUB
Willie,Lawson,wlawsondh@google.co.jp,China,Male,Huanren,Skilith,20617.09,CNY
Christopher,Garrett,cgarrettdi@amazonaws.com,China,Male,Nanxi,Agivu,74654.16,CNY
Wanda,Stone,wstonedj@webmd.com,Japan,Female,Chatan,Skinte,4697.10,JPY
Juan,Harris,jharrisdk@weather.com,Czech Republic,Male,Žďár nad Sázavou,InnoZ,41065.19,CZK
Michael,Gibson,mgibsondl@macromedia.com,Thailand,Male,Nong Bua Lamphu,Voonyx,50353.44,THB
Norma,Armstrong,narmstrongdm@cdbaby.com,Nigeria,Female,Suya,JumpXS,86980.41,NGN
Roger,Stanley,rstanleydn@dmoz.org,Portugal,Male,Banzão,Thoughtsphere,,EUR
Christine,Weaver,cweaverdo@joomla.org,China,Female,Laohekou,Eabox,23230.65,CNY
Eric,Diaz,ediazdp@usatoday.com,Indonesia,Male,Gayam,Blognation,,IDR
Kevin,Williamson,kwilliamsondq@amazon.de,China,Male,Nangang,Ailane,78735.74,CNY
Daniel,Wallace,dwallacedr@so-net.ne.jp,Central African Republic,Male,Bambari,Kayveo,18143.24,XAF
Denise,Fisher,dfisherds@seesaa.net,Ukraine,Female,Ukrainka,Mynte,63514.34,UAH
Lillian,Sanders,lsandersdt@gov.uk,Peru,Female,Las Palmas,Meejo,6695.49,PEN
Judith,Robinson,jrobinsondu@mapquest.com,China,Female,Jianghai,Edgewire,66288.52,CNY
Jeffrey,Cook,jcookdv@deliciousdays.com,Colombia,Male,Ríohacha,Browseblab,40163.41,COP
Louise,Foster,lfosterdw@about.com,Brazil,Female,Açucena,Dynabox,59390.16,BRL
Philip,Garza,pgarzadx@walmart.com,Vietnam,Male,Đoan Hùng,Pixonyx,,VND
Jason,Carter,jcarterdy@uol.com.br,China,Male,Xinjian,Jabberbean,8917.76,CNY
Tina,Rodriguez,trodriguezdz@cbsnews.com,Philippines,Female,San Miguel,Ozu,,PHP
Nicole,Hamilton,nhamiltone0@pagesperso-orange.fr,Russia,Female,Zhirnovsk,Leenti,64614.32,RUB
Christina,Stephens,cstephense1@tmall.com,Belarus,Female,Novosel’ye,Feednation,71195.94,BYR
Craig,Martinez,cmartineze2@rambler.ru,Portugal,Male,Póvoa,Zooveo,23943.82,EUR
Laura,Mills,lmillse3@wisc.edu,Portugal,Female,Charneca,Centizu,34914.57,EUR
Amy,Moore,amooree4@squidoo.com,Guam,Female,Sinajana Village,Dablist,37184.53,USD
Irene,Ryan,iryane5@csmonitor.com,Peru,Female,Colquemarca,Youspan,83984.46,PEN
Nicholas,Jackson,njacksone6@indiegogo.com,Sweden,Male,Hässelby,Tagchat,55638.26,SEK
Lillian,Phillips,lphillipse7@nydailynews.com,Philippines,Female,San Jacinto,Zoomdog,6235.30,PHP
Bonnie,Murphy,bmurphye8@e-recht24.de,Portugal,Female,Picassinos,Fliptune,14473.87,EUR
Julia,Porter,jportere9@about.com,Cameroon,Female,Ambam,Ntag,60616.24,XAF
Wanda,Fuller,wfullerea@java.com,Malaysia,Female,Nusajaya,Brightbean,91660.30,MYR
Bonnie,Snyder,bsnydereb@discovery.com,Indonesia,Female,Pagedangan,Dynazzy,77303.20,IDR
Jack,Henderson,jhendersonec@istockphoto.com,Kazakhstan,Male,Zhangaqorghan,Brainlounge,65985.91,KZT
Russell,Austin,raustined@xrea.com,United States,Male,Washington,Mudo,14231.48,USD
Mildred,Davis,mdavisee@blinklist.com,Haiti,Female,Torbeck,Ozu,87820.53,HTG
Roy,Lawrence,rlawrenceef@rediff.com,Brazil,Male,Duque de Caxias,Bluezoom,50331.24,BRL
Henry,Hill,hhilleg@ucla.edu,Indonesia,Male,Culeng,Dazzlesphere,16352.34,IDR
Stephen,Spencer,sspencereh@netlog.com,Mongolia,Male,Bayshint,Yata,94549.53,MNT
Janice,Henderson,jhendersonei@ftc.gov,Portugal,Female,Monte da Pedra,Skaboo,54257.54,EUR
Donna,Lopez,dlopezej@tinyurl.com,Russia,Female,Levashi,Yakijo,64185.34,RUB
Christopher,Murray,cmurrayek@histats.com,Maldives,Male,Vilufushi,Kwilith,,MVR
Sarah,Kelley,skelleyel@soundcloud.com,Indonesia,Female,Limbangan,Kaymbo,38273.62,IDR
George,Martinez,gmartinezem@wikispaces.com,United States,Male,Durham,Dynazzy,37111.91,USD
Jean,Castillo,jcastilloen@usda.gov,Nigeria,Female,Gwadabawa,Abatz,97159.69,NGN
Earl,Collins,ecollinseo@elegantthemes.com,Portugal,Male,Carreira,Skyvu,,EUR
Arthur,Kim,akimep@bizjournals.com,China,Male,Hangji,Skilith,26897.73,CNY
Christine,Nelson,cnelsoneq@reference.com,Cuba,Female,Bahía Honda,Quinu,12534.15,CUP
Sandra,Bowman,sbowmaner@oracle.com,Indonesia,Female,Sedati,Buzzshare,23563.25,IDR
Heather,Mcdonald,hmcdonaldes@zimbio.com,China,Female,Jianshe,Tagtune,20538.61,CNY
Jessica,Cole,jcoleet@webs.com,Russia,Female,Vyritsa,Talane,,RUB
Nicholas,Garza,ngarzaeu@furl.net,New Zealand,Male,Tauranga,Skiptube,76254.39,NZD
Jennifer,Ruiz,jruizev@linkedin.com,Indonesia,Female,Sukaraja,Mycat,63126.88,IDR
Lillian,Brooks,lbrooksew@si.edu,China,Female,Jiangpu,Youspan,75898.82,CNY
Bruce,Perry,bperryex@geocities.com,China,Male,Zhaitou,Yabox,18079.59,CNY
Alan,Harper,aharperey@wp.com,Philippines,Male,Bautista,Dynabox,,PHP
Carl,Black,cblackez@amazon.de,Sweden,Male,Klippan,Aivee,58475.70,SEK
Julie,Henderson,jhendersonf0@mediafire.com,United States,Female,Birmingham,Linkbuzz,89120.31,USD
Justin,Arnold,jarnoldf1@biglobe.ne.jp,Philippines,Male,Irirum,Mybuzz,10784.41,PHP
Earl,Carroll,ecarrollf2@quantcast.com,New Zealand,Male,New Plymouth,Mydeo,,NZD
Deborah,Howell,dhowellf3@cnbc.com,China,Female,Hualong,Kamba,50402.55,CNY
Sarah,Allen,sallenf4@google.ca,Ukraine,Female,Iza,Izio,34808.68,UAH
Patricia,Payne,ppaynef5@xrea.com,Ukraine,Female,Lanchyn,Shufflebeat,,UAH
Arthur,Davis,adavisf6@g.co,Japan,Male,Tawaramoto,Voonix,81797.51,JPY
Elizabeth,Morgan,emorganf7@1688.com,Ukraine,Female,Batiovo,Vidoo,74342.85,UAH
Shirley,Wells,swellsf8@rambler.ru,Poland,Female,Podgórzyn,Myworks,57800.73,PLN
Joe,Payne,jpaynef9@columbia.edu,Russia,Male,Muromtsevo,Oloo,35867.16,RUB
Randy,Armstrong,rarmstrongfa@wsj.com,Slovenia,Male,Zgornje Pirniče,Geba,79990.17,EUR
Carol,Wilson,cwilsonfb@nifty.com,Czech Republic,Female,Údlice,Oodoo,52389.96,CZK
Helen,Wood,hwoodfc@nih.gov,Estonia,Female,Narva-Jõesuu,Meedoo,91631.96,EUR
Douglas,Perry,dperryfd@wp.com,China,Male,Huangwan,Flipbug,82581.33,CNY
Anna,Fernandez,afernandezfe@berkeley.edu,China,Female,Zhangjiaji,Yata,88715.33,CNY
Jimmy,Long,jlongff@bing.com,Poland,Male,Wolanów,Camido,18674.90,PLN
Judith,Russell,jrussellfg@businessinsider.com,Nigeria,Female,Bin Yauri,Devbug,58110.67,NGN
John,Castillo,jcastillofh@sfgate.com,Turkey,Male,Yeniköy,Photofeed,2050.31,TRY
Tammy,Lawson,tlawsonfi@tumblr.com,China,Female,Chang’an,Digitube,13647.97,CNY
Phillip,Austin,paustinfj@wisc.edu,Philippines,Male,Ilagan,Feedspan,46030.13,PHP
Kenneth,Long,klongfk@theguardian.com,China,Male,Xiawa,Gigazoom,79736.61,CNY
Teresa,Wilson,twilsonfl@creativecommons.org,Tanzania,Female,Nyangao,Zoombeat,73473.31,TZS
Virginia,Alvarez,valvarezfm@slate.com,Ukraine,Female,Strabychovo,Tavu,,UAH
Joyce,Henderson,jhendersonfn@xing.com,Indonesia,Female,Pajung,Flashpoint,58452.60,IDR
Carlos,Brooks,cbrooksfo@example.com,France,Male,Nantes,Gigazoom,41704.63,EUR
Richard,Weaver,rweaverfp@arizona.edu,Argentina,Male,La Rioja,Skyndu,5269.76,ARS
Ruth,Armstrong,rarmstrongfq@kickstarter.com,Brazil,Female,Iporá,Devshare,77729.63,BRL
Kevin,Bowman,kbowmanfr@whitehouse.gov,Portugal,Male,Quinta,Jazzy,,EUR
Janice,Butler,jbutlerfs@apple.com,China,Female,Laolong,Youfeed,17902.13,CNY
Kathryn,Carpenter,kcarpenterft@de.vu,France,Female,Pau,Zoombeat,,EUR
Annie,Sanders,asandersfu@com.com,Sweden,Female,Järfälla,Zoovu,58509.33,SEK
Julie,Black,jblackfv@unicef.org,Nigeria,Female,Madara,Avaveo,44057.43,NGN
Kathy,Brown,kbrownfw@blogspot.com,Brazil,Female,Campina Grande,Edgetag,48049.58,BRL
Christina,Phillips,cphillipsfx@cam.ac.uk,Indonesia,Female,Ketara,Thoughtstorm,24449.20,IDR
Lillian,Nichols,lnicholsfy@over-blog.com,Russia,Female,Falënki,Oba,33239.15,RUB
Alice,Palmer,apalmerfz@jiathis.com,Poland,Female,Kluczbork,Voolia,41825.20,PLN
Scott,Nelson,snelsong0@last.fm,Poland,Male,Wieniawa,Lazz,,PLN
Ruby,Alvarez,ralvarezg1@japanpost.jp,United States,Female,Minneapolis,Oyondu,20980.41,USD
Julie,Howard,jhowardg2@list-manage.com,Indonesia,Female,Kabar Utara,Meevee,25937.46,IDR
Joan,Jones,jjonesg3@cnn.com,China,Female,Yanzhou,Jaxnation,34581.62,CNY
Kevin,Kelly,kkellyg4@ted.com,Canada,Male,Varennes,Gabtune,59504.17,CAD
Antonio,Fields,afieldsg5@elegantthemes.com,Greece,Male,Agrínio,Oyoloo,74342.53,EUR
Judith,Dixon,jdixong6@constantcontact.com,Indonesia,Female,Penisihan,Devify,95000.17,IDR
Charles,Watson,cwatsong7@drupal.org,Philippines,Male,Cuevas,Zoomcast,62362.58,PHP
George,Washington,gwashingtong8@mediafire.com,Ukraine,Male,Brusyliv,Blogspan,92735.74,UAH
Ruth,Williamson,rwilliamsong9@sfgate.com,China,Female,Qinnan,Dynazzy,8563.16,CNY
Diane,Stanley,dstanleyga@nature.com,Vietnam,Female,Vũ Quang,Camido,45737.22,VND
Patricia,Carpenter,pcarpentergb@amazon.de,Colombia,Female,La Ceja,Rhynyx,42088.43,COP
Stephanie,Carter,scartergc@netlog.com,Czech Republic,Female,Vrané nad Vltavou,Flashset,39095.90,CZK
Jason,Griffin,jgriffingd@ameblo.jp,China,Male,Yashan,Oba,55051.22,CNY
Victor,Freeman,vfreemange@adobe.com,Greece,Male,Erétria,Katz,7284.71,EUR
Joyce,Russell,jrussellgf@ustream.tv,Indonesia,Female,Jungkat Selatan,Twitterwire,36329.38,IDR
Walter,Parker,wparkergg@house.gov,Slovenia,Male,Vrtojba,Twimbo,19027.23,EUR
Mildred,Robertson,mrobertsongh@gov.uk,Ivory Coast,Female,Abobo,Shufflebeat,87699.55,XOF
Amanda,Watkins,awatkinsgi@skype.com,South Korea,Female,Hongch’ŏn,Roomm,87475.35,KRW
Carolyn,Sullivan,csullivangj@time.com,Greece,Female,Tríkala,Skinder,72450.89,EUR
Samuel,Wright,swrightgk@meetup.com,Indonesia,Male,Karanganyar,Kwilith,,IDR
Annie,Vasquez,avasquezgl@rakuten.co.jp,China,Female,Wanjiazhuang,Meezzy,,CNY
James,West,jwestgm@twitter.com,China,Male,Sanguansi,LiveZ,86292.67,CNY
Donna,Hanson,dhansongn@soup.io,Argentina,Female,Almafuerte,Rhybox,87743.13,ARS
Betty,Carter,bcartergo@multiply.com,Sweden,Female,Nacka,Twitterbeat,99620.58,SEK
Robert,Wood,rwoodgp@ted.com,China,Male,Chenfangji,Eimbee,40962.24,CNY
Billy,Moore,bmooregq@cocolog-nifty.com,Norway,Male,Moss,Eamia,31982.12,NOK
Todd,Porter,tportergr@ocn.ne.jp,Pakistan,Male,Bulri,Fadeo,96281.33,PKR
Andrew,Lane,alanegs@nature.com,China,Male,Shengao,Fanoodle,33337.63,CNY
Shawn,Jordan,sjordangt@icio.us,Uganda,Male,Katakwi,Zoombeat,34505.48,UGX
Carol,Tucker,ctuckergu@amazon.co.uk,Greece,Female,Koufália,Topiczoom,27560.81,EUR
Paula,Rodriguez,prodriguezgv@etsy.com,China,Female,Shangsha,Realpoint,6401.95,CNY
Patrick,Martin,pmartingw@springer.com,China,Male,Yanglinqiao,Browseblab,35966.16,CNY
Gary,Larson,glarsongx@cisco.com,Indonesia,Male,Sumbawa Besar,Roombo,11565.50,IDR
Steve,Gray,sgraygy@mysql.com,Philippines,Male,"Brgy. Nalook, kalibo",Tavu,23255.53,PHP
Ashley,James,ajamesgz@nationalgeographic.com,United States,Female,Charlotte,Mybuzz,64883.84,USD
Harry,Lynch,hlynchh0@pbs.org,Brazil,Male,Arari,Flipopia,17857.06,BRL
Anthony,Robinson,arobinsonh1@paginegialle.it,Central African Republic,Male,Kabo,Kaymbo,46599.84,XAF
Ruby,Lewis,rlewish2@feedburner.com,Argentina,Female,Quitilipi,Buzzdog,4830.38,ARS
Judy,Day,jdayh3@tinyurl.com,Brazil,Female,Conde,Oyonder,7703.05,BRL
Kenneth,Harrison,kharrisonh4@oracle.com,Germany,Male,Halle,Jatri,,EUR
Annie,Howell,ahowellh5@stanford.edu,Ethiopia,Female,Finote Selam,Yodel,91693.34,ETB
Aaron,Ferguson,afergusonh6@360.cn,Philippines,Male,Lennec,Tambee,36036.53,PHP
Tammy,Wheeler,twheelerh7@wikipedia.org,Canada,Female,Oxford,Tanoodle,56518.54,CAD
Irene,Harvey,iharveyh8@google.es,Ukraine,Female,Yasinya,Brainbox,,UAH
Cheryl,Kim,ckimh9@cargocollective.com,Russia,Female,Seredeyskiy,Trilith,49974.66,RUB
Ruby,Hughes,rhughesha@wiley.com,Indonesia,Female,Sumberpinang Satu,Katz,98859.84,IDR
Stephen,Johnson,sjohnsonhb@zdnet.com,Brazil,Male,Jaciara,Feedmix,73003.32,BRL
Daniel,Peterson,dpetersonhc@theatlantic.com,Indonesia,Male,Cipatujah,Dablist,,IDR
Jesse,White,jwhitehd@reddit.com,Finland,Male,Taavetti,Yakidoo,17839.05,EUR
Jennifer,Harrison,jharrisonhe@uol.com.br,Poland,Female,Rudka,Demivee,,PLN
Raymond,Williamson,rwilliamsonhf@w3.org,Philippines,Male,Bagumbayan,Topdrive,58059.22,PHP
Ryan,Garza,rgarzahg@hostgator.com,Indonesia,Male,Pasarbaru,Skiba,37815.48,IDR
Katherine,Wilson,kwilsonhh@cocolog-nifty.com,Brazil,Female,Abreu e Lima,Devpulse,3364.80,BRL
Annie,Johnston,ajohnstonhi@sciencedaily.com,France,Female,Montluçon,Plajo,52943.67,EUR
Todd,Nguyen,tnguyenhj@cnbc.com,China,Male,Zuitou,Photospace,78245.77,CNY
Dennis,Robinson,drobinsonhk@washington.edu,Russia,Male,Seredka,Dabvine,70368.46,RUB
Thomas,Richards,trichardshl@istockphoto.com,Nigeria,Male,Jega,Tagpad,50898.38,NGN
Harold,Weaver,hweaverhm@digg.com,Indonesia,Male,Panunggangan,Voomm,,IDR
Donna,Nichols,dnicholshn@pcworld.com,Macedonia,Female,Čair,Oodoo,88382.27,MKD
Joyce,Ward,jwardho@amazon.co.jp,Uruguay,Female,Treinta y Tres,Twitterbridge,38252.94,UYU
Paula,Russell,prussellhp@netvibes.com,Russia,Female,Temizhbekskaya,Leexo,16281.01,RUB
Christopher,Henry,chenryhq@un.org,Russia,Male,Ikey,Twinte,7961.05,RUB
Charles,Morales,cmoraleshr@auda.org.au,Thailand,Male,Pakham,Yacero,,THB
Stephanie,Welch,swelchhs@bbb.org,Russia,Female,Yaroslavskaya,Centizu,44079.97,RUB
Ernest,Edwards,eedwardsht@parallels.com,Armenia,Male,Darpas,Feedmix,25677.60,AMD
Annie,Franklin,afranklinhu@alexa.com,Philippines,Female,San Nicolas,Wikizz,29510.81,PHP
Frank,Ramos,framoshv@icq.com,Czech Republic,Male,Nezvěstice,Eare,,CZK
William,Walker,wwalkerhw@drupal.org,France,Male,Beauvais,Skinix,19672.18,EUR
Ernest,Peters,epetershx@auda.org.au,Djibouti,Male,Ḏânan,Edgetag,,DJF
Carol,Warren,cwarrenhy@forbes.com,Indonesia,Female,Sulengwaseng,Voonix,27199.38,IDR
Catherine,Jenkins,cjenkinshz@list-manage.com,Brazil,Female,Balsas,Feedfish,29567.65,BRL
Rebecca,Hawkins,rhawkinsi0@bluehost.com,China,Female,Tangyin,Feedmix,99381.80,CNY
Kathy,Roberts,krobertsi1@stanford.edu,China,Female,Jiasi,Pixope,,CNY
Sharon,Payne,spaynei2@hubpages.com,Czech Republic,Female,Černá Hora,Fanoodle,84814.96,CZK
Richard,Davis,rdavisi3@elegantthemes.com,China,Male,Gaotian,Edgewire,90671.14,CNY
Carl,Frazier,cfrazieri4@timesonline.co.uk,Greece,Male,Kolympári,Browsecat,33554.67,EUR
Rebecca,Carroll,rcarrolli5@cornell.edu,China,Female,Yuzhai,Oyoyo,50614.21,CNY
Lisa,Reyes,lreyesi6@samsung.com,Philippines,Female,Calauan,Demimbu,,PHP
Alan,Cunningham,acunninghami7@chronoengine.com,Angola,Male,Saurimo,Lazz,,AOA
Antonio,Stone,astonei8@marriott.com,Poland,Male,Raszczyce,Jabbersphere,55471.85,PLN
Fred,Baker,fbakeri9@apache.org,Indonesia,Male,Kalangbret,Mydo,43664.99,IDR
Teresa,Jones,tjonesia@zimbio.com,Sweden,Female,Piteå,Skilith,47405.70,SEK
Jesse,Stone,jstoneib@comsenz.com,Russia,Male,Syrskoye,Pixope,92670.90,RUB
Marie,Scott,mscottic@amazon.co.jp,Portugal,Female,Santana,Skibox,33086.50,EUR
Melissa,Allen,mallenid@miitbeian.gov.cn,Indonesia,Female,Tanahbeureum,Tazzy,87891.36,IDR
Gerald,Riley,grileyie@networkadvertising.org,China,Male,Qujing,Roodel,48609.55,CNY
Irene,Clark,iclarkif@tripadvisor.com,China,Female,Lümeng,Fanoodle,9556.85,CNY
Johnny,Flores,jfloresig@github.io,Malaysia,Male,Putrajaya,Centizu,95100.38,MYR
Kathy,Harper,kharperih@bluehost.com,China,Female,Shangkuli,Buzzbean,1493.15,CNY
Teresa,Alexander,talexanderii@hud.gov,Russia,Female,Buzdyak,Feedspan,42320.29,RUB
Nicholas,Garcia,ngarciaij@businesswire.com,Ukraine,Male,Horodok,Cogilith,86326.87,UAH
Patrick,Watkins,pwatkinsik@sina.com.cn,Bosnia and Herzegovina,Male,Petkovci,Photobean,17753.41,BAM
Mildred,Ferguson,mfergusonil@imdb.com,France,Female,Bourges,Geba,73535.69,EUR
Eugene,Fowler,efowlerim@amazon.co.jp,China,Male,Caoxi,Quinu,2573.36,CNY
Kelly,Rose,krosein@theatlantic.com,Poland,Female,Bralin,Realcube,4269.18,PLN
Douglas,Edwards,dedwardsio@columbia.edu,Russia,Male,Zaokskiy,Skinder,40237.77,RUB
Tina,Ortiz,tortizip@friendfeed.com,China,Female,Chengbei,Quimm,1764.81,CNY
Paula,Shaw,pshawiq@w3.org,Russia,Female,Staroutkinsk,Browseblab,66359.65,RUB
Theresa,Carter,tcarterir@arstechnica.com,Ukraine,Female,Melioratyvne,Thoughtworks,,UAH
Eric,Larson,elarsonis@netvibes.com,Armenia,Male,Arrap’i,Meedoo,14663.85,AMD
Eric,Stevens,estevensit@oakley.com,Russia,Male,Kraskino,Photospace,65685.03,RUB
Lawrence,Taylor,ltayloriu@miibeian.gov.cn,France,Male,Paris La Défense,Dabshots,72294.66,EUR
Jacqueline,Moreno,jmorenoiv@mapy.cz,China,Female,Xiyang,Zoovu,92272.31,CNY
Irene,Lane,ilaneiw@springer.com,Philippines,Female,Balungao,Gigazoom,92167.07,PHP
Linda,Tucker,ltuckerix@soundcloud.com,Thailand,Female,Phu Luang,Meezzy,37345.48,THB
Margaret,Bradley,mbradleyiy@tmall.com,Slovenia,Female,Tišina,Trilith,38794.79,EUR
Irene,Gonzales,igonzalesiz@sakura.ne.jp,France,Female,Amboise,Flashspan,99054.41,EUR
Louis,Graham,lgrahamj0@about.com,Estonia,Male,Narva-Jõesuu,Rhybox,70739.12,EUR
Julia,Bishop,jbishopj1@freewebs.com,Cuba,Female,Cumanayagua,Trudoo,36287.57,CUP
Ronald,Clark,rclarkj2@abc.net.au,Indonesia,Male,Pasirtujuhpuluh,Realfire,88209.57,IDR
Kathy,Lawrence,klawrencej3@tripadvisor.com,China,Female,Longcheng,Agimba,84015.43,CNY
Joan,Collins,jcollinsj4@reddit.com,Jamaica,Female,Hayes,Yombu,43983.73,JMD
Anne,Davis,adavisj5@foxnews.com,Bhutan,Female,Trongsa,Yombu,54456.50,BTN
Victor,Thomas,vthomasj6@taobao.com,Brazil,Male,São Mateus do Sul,Riffwire,93556.19,BRL
William,Andrews,wandrewsj7@ucsd.edu,Indonesia,Male,Koroyo,Skyba,71899.05,IDR
Wanda,Murray,wmurrayj8@elpais.com,Philippines,Female,Gambalidio,Vimbo,1881.20,PHP
Julie,Walker,jwalkerj9@rambler.ru,China,Female,Gunan,Twimbo,31638.15,CNY
Nicholas,Lewis,nlewisja@engadget.com,Indonesia,Male,Gludug,Gigaclub,42222.94,IDR
Joseph,Rice,jricejb@buzzfeed.com,Sweden,Male,Gislaved,Zoomzone,84806.83,SEK
Jimmy,Bowman,jbowmanjc@wix.com,China,Male,Wuyang,Quinu,8076.32,CNY
Angela,Andrews,aandrewsjd@techcrunch.com,Iraq,Female,Ad Dujayl,Dabvine,65102.58,IQD
Joseph,Arnold,jarnoldje@ezinearticles.com,Indonesia,Male,Krajan,Geba,60291.87,IDR
Christina,Morrison,cmorrisonjf@amazon.com,United Kingdom,Female,Wootton,Meemm,,GBP
Ronald,Butler,rbutlerjg@mediafire.com,China,Male,Kunshan,Youspan,98957.21,CNY
Martha,Kelly,mkellyjh@e-recht24.de,Japan,Female,Ōmagari,Kanoodle,11554.59,JPY
Evelyn,Garza,egarzaji@nymag.com,Japan,Female,Fukuechō,Jaxnation,53321.26,JPY
Tammy,Griffin,tgriffinjj@theglobeandmail.com,Poland,Female,Sulmierzyce,Aibox,47959.90,PLN
Nancy,Patterson,npattersonjk@guardian.co.uk,Indonesia,Female,Ciomas,Tagchat,31287.74,IDR
Earl,Barnes,ebarnesjl@fda.gov,Colombia,Male,El Espino,Photospace,10966.15,COP
Cynthia,Austin,caustinjm@arstechnica.com,Bolivia,Female,Camatindi,Meedoo,37426.43,BOB
Ernest,Payne,epaynejn@nps.gov,Thailand,Male,Phayao,Skynoodle,21428.66,THB
Martha,Johnston,mjohnstonjo@jalbum.net,Honduras,Female,Guanaja,Tagchat,6067.90,HNL
Jimmy,Gilbert,jgilbertjp@nhs.uk,Portugal,Male,Vila Nova,Oozz,,EUR
Alice,Hart,ahartjq@forbes.com,Syria,Female,Kafr Zaytā,Quaxo,8869.67,SYP
Jean,Shaw,jshawjr@storify.com,Syria,Female,Hīsh,Jazzy,27211.72,SYP
Randy,Hunter,rhunterjs@washington.edu,Russia,Male,Ufa,Meejo,72652.83,RUB
Dorothy,Miller,dmillerjt@feedburner.com,Mexico,Female,Chapultepec,Skalith,,MXN
Stephanie,Walker,swalkerju@addthis.com,Brazil,Female,Campo Formoso,Blognation,85335.02,BRL
Linda,Mccoy,lmccoyjv@quantcast.com,France,Female,La Ravoire,Teklist,7397.81,EUR
Ralph,James,rjamesjw@usa.gov,China,Male,Dejilin,Browsetype,53664.26,CNY
Fred,Pierce,fpiercejx@guardian.co.uk,Malta,Male,Senglea,Zoomdog,33302.84,EUR
Phyllis,Andrews,pandrewsjy@tumblr.com,Indonesia,Female,Hepang,Babbleopia,42039.57,IDR
Andrew,Hudson,ahudsonjz@rambler.ru,Norway,Male,Oslo,Zazio,78733.31,NOK
Nicholas,Stewart,nstewartk0@pagesperso-orange.fr,Norway,Male,Larvik,Meedoo,50186.61,NOK
Fred,Ortiz,fortizk1@economist.com,Sweden,Male,Perstorp,Feedspan,83256.82,SEK
Charles,Gilbert,cgilbertk2@cnet.com,Brazil,Male,Jaguariaíva,Wordpedia,77753.00,BRL
Paula,Gonzalez,pgonzalezk3@ca.gov,Portugal,Female,Terra Chã,Topicstorm,55717.59,EUR
Arthur,Walker,awalkerk4@amazonaws.com,Colombia,Male,Vegachí,Skippad,17738.78,COP
Wayne,Henry,whenryk5@un.org,Philippines,Male,Tubod,Yakijo,61731.60,PHP
Debra,Morrison,dmorrisonk6@friendfeed.com,United States,Female,Tyler,Katz,62408.38,USD
Antonio,Elliott,aelliottk7@examiner.com,China,Male,Luofang,Eabox,9149.29,CNY
Frances,Stevens,fstevensk8@psu.edu,Nigeria,Female,Potiskum,Flipstorm,73549.39,NGN
Christine,Henry,chenryk9@1und1.de,Malaysia,Female,Kota Kinabalu,Abatz,35771.56,MYR
Walter,Wagner,wwagnerka@jiathis.com,Sweden,Male,Härnösand,Zoombox,11391.89,SEK
Carolyn,Peters,cpeterskb@gov.uk,Indonesia,Female,Ili,Yata,9273.69,IDR
Shawn,Spencer,sspencerkc@businessinsider.com,Serbia,Male,Ljukovo,Youspan,,RSD
Andrea,Little,alittlekd@baidu.com,Bolivia,Female,Limoncito,Topicshots,17935.39,BOB
Susan,Russell,srussellke@businesswire.com,Canada,Female,Lumby,Quinu,82008.07,CAD
Louis,Wilson,lwilsonkf@washingtonpost.com,Colombia,Male,Guapi,Gabspot,67089.66,COP
Jane,Nguyen,jnguyenkg@dion.ne.jp,France,Female,Lyon,Kimia,72535.76,EUR
Eugene,Frazier,efrazierkh@flavors.me,Indonesia,Male,Sipoholon,Photobug,57965.23,IDR
Irene,Collins,icollinski@deliciousdays.com,Benin,Female,Bassila,Vinte,37991.82,XOF
Ralph,Fields,rfieldskj@blinklist.com,Russia,Male,Tayzhina,Youspan,24472.49,RUB
Jacqueline,Jenkins,jjenkinskk@msu.edu,Mexico,Female,Guadalupe,Flashpoint,24496.77,MXN
Kenneth,Thomas,kthomaskl@mapy.cz,Philippines,Male,Binguang,Twitterworks,85786.57,PHP
Carolyn,Clark,cclarkkm@macromedia.com,Sweden,Female,Mölndal,Linklinks,50556.71,SEK
Kimberly,Weaver,kweaverkn@jugem.jp,Sweden,Female,Skärholmen,Rhyzio,90492.25,SEK
Bruce,Garcia,bgarciako@ning.com,Cambodia,Male,Sihanoukville,Yambee,51093.56,KHR
Jonathan,Marshall,jmarshallkp@desdev.cn,Peru,Male,Honoria,Oba,92844.02,PEN
Susan,Myers,smyerskq@ucoz.com,Kenya,Female,Kajiado,Izio,98592.39,KES
Alan,Palmer,apalmerkr@about.me,China,Male,Huozhuangzi,Linklinks,98994.32,CNY
Amy,Perry,aperryks@usgs.gov,Kenya,Female,Ol Kalou,Feedspan,37495.28,KES
Kathleen,Ford,kfordkt@go.com,Peru,Female,Succha,Tanoodle,16846.18,PEN
Martha,Vasquez,mvasquezku@histats.com,Mongolia,Female,Harhorin,Youspan,74223.08,MNT
Brenda,Edwards,bedwardskv@tripod.com,Russia,Female,Nagornyy,Yoveo,43644.95,RUB
Lisa,Hamilton,lhamiltonkw@uiuc.edu,Swaziland,Female,Mhlume,Mynte,31106.13,SZL
Paul,Ramirez,pramirezkx@irs.gov,Canada,Male,Flin Flon,Buzzdog,91226.30,CAD
Justin,Welch,jwelchky@jigsy.com,Syria,Male,Sirghāyā,Wordify,54341.92,SYP
Shawn,Bradley,sbradleykz@noaa.gov,China,Male,Bei’an,Devpoint,93330.29,CNY
Angela,Long,alongl0@e-recht24.de,Philippines,Female,Mahaba,Twinte,78438.65,PHP
Kevin,Fields,kfieldsl1@ameblo.jp,Belarus,Male,Chervyen’,Photofeed,7933.53,BYR
Douglas,Perkins,dperkinsl2@google.ca,Czech Republic,Male,Vidče,Kanoodle,78339.75,CZK
Jane,Sullivan,jsullivanl3@altervista.org,Guinea,Female,Koubia,Tagchat,15060.58,GNF
Jesse,Wallace,jwallacel4@china.com.cn,Russia,Male,Issad,Quinu,,RUB
Gerald,Olson,golsonl5@zimbio.com,Brazil,Male,Congonhas,Jaxbean,25233.55,BRL
Randy,Watson,rwatsonl6@yellowpages.com,Poland,Male,Trzciana,Browsebug,77593.03,PLN
Alan,Dean,adeanl7@prweb.com,Slovenia,Male,Razvanje,Wikido,35243.67,EUR
Willie,Jones,wjonesl8@naver.com,Indonesia,Male,Banjar Penyalin,Realbridge,,IDR
Margaret,Payne,mpaynel9@feedburner.com,Bulgaria,Female,Anton,Tazzy,98747.56,BGN
Roger,Cooper,rcooperla@hao123.com,China,Male,Yongjiahe,Divape,,CNY
Janet,Rogers,jrogerslb@cnet.com,Dominican Republic,Female,Sabana Grande de Palenque,Realblab,61706.64,DOP
Kathy,Jones,kjoneslc@instagram.com,Nigeria,Female,Shinkafe,Photolist,83021.52,NGN
Janet,Hanson,jhansonld@ovh.net,Japan,Female,Nakamura,Aimbo,72215.27,JPY
Lori,Larson,llarsonle@scientificamerican.com,Indonesia,Female,Hauhena,Skinix,56155.89,IDR
Chris,Young,cyounglf@jalbum.net,Colombia,Male,Cunday,Centidel,21441.25,COP
Julie,Castillo,jcastillolg@mit.edu,Croatia,Female,Vođinci,Wikizz,80928.50,HRK
Ashley,Jordan,ajordanlh@ucoz.ru,Brazil,Female,Fonte Boa,Einti,34324.34,BRL
Benjamin,Tucker,btuckerli@jalbum.net,Indonesia,Male,Nggambel,Shufflebeat,6423.65,IDR
Lois,Hernandez,lhernandezlj@pbs.org,Greece,Female,Kítsi,Feedfire,80002.06,EUR
Carlos,Barnes,cbarneslk@cnbc.com,South Africa,Male,Randfontein,Roombo,92994.96,ZAR
Ryan,Fox,rfoxll@foxnews.com,France,Male,Martigues,Eidel,20898.95,EUR
Nicholas,Ellis,nellislm@angelfire.com,Albania,Male,Kryevidh,Fivebridge,11800.09,ALL
Larry,Stanley,lstanleyln@amazon.co.uk,Indonesia,Male,Rukem,Skiba,82342.48,IDR
Emily,Reid,ereidlo@wisc.edu,China,Female,Donglu,Edgewire,96769.09,CNY
Bonnie,Welch,bwelchlp@indiegogo.com,Sweden,Female,Stockholm,Lazzy,86200.62,SEK
Linda,Ramirez,lramirezlq@virginia.edu,China,Female,Huaping,Meedoo,20344.08,CNY
Nancy,Mcdonald,nmcdonaldlr@acquirethisname.com,Denmark,Female,København,Tagpad,66496.08,DKK
Doris,Hughes,dhughesls@salon.com,Bulgaria,Female,Dimitrovgrad,Photojam,59860.27,BGN
Sara,Lewis,slewislt@eepurl.com,Russia,Female,Khrenovoye,Yakijo,952.47,RUB
Brenda,Black,bblacklu@vk.com,China,Female,Datong,Gigazoom,59585.12,CNY
Jennifer,Welch,jwelchlv@hud.gov,Argentina,Female,Capitán Bermúdez,Zava,77269.43,ARS
Ashley,Sims,asimslw@bing.com,China,Female,Boji,Avaveo,,CNY
Kathleen,Morgan,kmorganlx@meetup.com,Colombia,Female,Riofrío,Flashdog,10275.14,COP
Walter,Burton,wburtonly@intel.com,Indonesia,Male,Warungbanten,Skinte,78707.45,IDR
Russell,Jenkins,rjenkinslz@hibu.com,France,Male,Cergy-Pontoise,Oyoba,66341.86,EUR
Judith,Richardson,jrichardsonm0@cocolog-nifty.com,Philippines,Female,Blinsung,Wikido,8993.33,PHP
Julie,Fields,jfieldsm1@symantec.com,Russia,Female,Bokhan,Topicstorm,57063.77,RUB
Randy,Long,rlongm2@psu.edu,Indonesia,Male,Pengulu,Topicshots,65581.10,IDR
Johnny,Snyder,jsnyderm3@privacy.gov.au,Brazil,Male,Valença,Jatri,12088.17,BRL
Jeremy,Frazier,jfrazierm4@de.vu,France,Male,Marseille,Agivu,851.07,EUR
Ashley,Gonzalez,agonzalezm5@mail.ru,Philippines,Female,Calibutbut,Skimia,29674.54,PHP
Philip,Robinson,probinsonm6@japanpost.jp,Pakistan,Male,Kabīrwāla,Mydo,87048.67,PKR
Bruce,Ross,brossm7@scribd.com,Mexico,Male,El Refugio,Browseblab,31129.99,MXN
Diane,Williams,dwilliamsm8@360.cn,Malta,Female,Senglea,Oyoloo,65852.33,EUR
Timothy,Miller,tmillerm9@liveinternet.ru,Poland,Male,Korczyna,Jayo,,PLN
Arthur,Evans,aevansma@friendfeed.com,Mexico,Male,La Loma,Centimia,98644.63,MXN
Ralph,Edwards,redwardsmb@infoseek.co.jp,China,Male,Chengdong,Jabbertype,80846.15,CNY
Paul,Watkins,pwatkinsmc@netlog.com,China,Male,Xinhua,Miboo,89397.92,CNY
Bonnie,Bryant,bbryantmd@liveinternet.ru,United States,Female,Fullerton,Trunyx,23097.06,USD
Janice,Crawford,jcrawfordme@newsvine.com,Indonesia,Female,Cikandang,Edgeify,56985.91,IDR
Chris,Kelly,ckellymf@mayoclinic.com,Indonesia,Male,Gandu,Eimbee,63113.00,IDR
Benjamin,Elliott,belliottmg@yellowbook.com,Philippines,Male,Balas,Vinte,33266.19,PHP
Kathy,Reed,kreedmh@wsj.com,Israel,Female,Kfar NaOranim,Jatri,,ILS
Jose,Burton,jburtonmi@tinypic.com,France,Male,Bry-sur-Marne,Zoomzone,67844.90,EUR
Joseph,Reyes,jreyesmj@jigsy.com,Colombia,Male,Alcalá,Muxo,,COP
Jack,Wilson,jwilsonmk@tumblr.com,China,Male,Suqiaoxiang,Tagcat,19536.20,CNY
Mark,Owens,mowensml@apache.org,Indonesia,Male,Garawati,Babblestorm,42051.85,IDR
Joseph,Ortiz,jortizmm@cafepress.com,Indonesia,Male,Gapluk,Topdrive,11695.29,IDR
Roger,Gardner,rgardnermn@lulu.com,Sierra Leone,Male,Kambia,Skyba,51223.88,SLL
Fred,Cox,fcoxmo@admin.ch,Ivory Coast,Male,Toumodi,Pixope,18648.29,XOF
Tina,Andrews,tandrewsmp@biglobe.ne.jp,China,Female,Duru,Agimba,36768.43,CNY
Charles,Montgomery,cmontgomerymq@google.it,Philippines,Male,Pidigan,Oyondu,74693.24,PHP
Dorothy,Myers,dmyersmr@digg.com,Russia,Female,Sinegorskiy,Yotz,16533.20,RUB
Mary,Dixon,mdixonms@posterous.com,Portugal,Female,Azurva,Pixoboo,80907.67,EUR
Beverly,Martin,bmartinmt@tripadvisor.com,Indonesia,Female,Panggungwinong,Skinder,66033.31,IDR
Louise,Lynch,llynchmu@free.fr,Thailand,Female,Lao Suea Kok,Tambee,72336.21,THB
Dennis,Howard,dhowardmv@abc.net.au,Madagascar,Male,Ambohitseheno,Zoonder,,MGA
Joshua,Anderson,jandersonmw@cyberchimps.com,China,Male,Xiongji,Quire,63315.68,CNY
Todd,Dixon,tdixonmx@amazonaws.com,China,Male,Shufeng,Devify,26988.69,CNY
Robert,Clark,rclarkmy@shop-pro.jp,Georgia,Male,Gori,Tagfeed,14332.45,GEL
Dorothy,Riley,drileymz@blogspot.com,Japan,Female,Buzen,Skinder,6702.00,JPY
John,Jordan,jjordann0@japanpost.jp,Indonesia,Male,Kalate,Oloo,,IDR
Joyce,Ruiz,jruizn1@photobucket.com,Albania,Female,Lukovë,Jabbersphere,12164.07,ALL
Betty,Garza,bgarzan2@hao123.com,Armenia,Female,Malishka,Skyndu,16071.15,AMD
Michael,James,mjamesn3@theguardian.com,Albania,Male,Kukur,Zoomdog,45329.08,ALL
Kenneth,Watson,kwatsonn4@oaic.gov.au,Ethiopia,Male,Gambēla,Demivee,86149.75,ETB
Edward,Wagner,ewagnern5@twitpic.com,Finland,Male,Lieksa,Trudeo,88405.96,EUR
Wanda,Day,wdayn6@last.fm,Philippines,Female,Sabang,Livefish,29213.77,PHP
Annie,Stewart,astewartn7@chicagotribune.com,Argentina,Female,Embajador Martini,Wikizz,95487.46,ARS
Laura,Bishop,lbishopn8@wp.com,Germany,Female,Köln,Devify,,EUR
Evelyn,Hansen,ehansenn9@japanpost.jp,Palestinian Territory,Female,Bayt ‘Awwā,Mynte,40788.28,ILS
Lois,Nelson,lnelsonna@biblegateway.com,China,Female,Huangshanguan,Thoughtblab,,CNY
Steven,Rivera,sriveranb@army.mil,Indonesia,Male,Paleran,Yakijo,86200.05,IDR
Lisa,Lawrence,llawrencenc@mail.ru,China,Female,Yuxi,Yodel,40802.37,CNY
Albert,Murphy,amurphynd@bloglines.com,China,Male,Shanmu,Yabox,94670.51,CNY
Judith,Clark,jclarkne@usgs.gov,Yemen,Female,Jawf al Maqbābah,Midel,76288.85,YER
Michelle,Ryan,mryannf@cmu.edu,Niger,Female,Tchintabaraden,Meevee,34150.58,XOF
Jose,Fowler,jfowlerng@stumbleupon.com,Philippines,Male,Alegria,Linkbuzz,,PHP
Jacqueline,Kim,jkimnh@xrea.com,Indonesia,Female,Lantera,Vipe,7111.21,IDR
Julia,Wallace,jwallaceni@bandcamp.com,Tanzania,Female,Makungu,Fivebridge,81917.66,TZS
Dennis,Greene,dgreenenj@surveymonkey.com,Russia,Male,Baryshevo,Realcube,3718.61,RUB
Doris,Foster,dfosternk@dell.com,Iran,Female,Bāfq,Edgewire,,IRR
Steven,Marshall,smarshallnl@elpais.com,Vietnam,Male,Buôn Ma Thuột,Twitterlist,,VND
Bruce,Foster,bfosternm@netvibes.com,United States,Male,Denver,Livefish,23455.02,USD
Kevin,Hudson,khudsonnn@cafepress.com,China,Male,Tianmuhu,Browseblab,52972.33,CNY
Rose,Reynolds,rreynoldsno@shareasale.com,Czech Republic,Female,Bílovec,Twitterbridge,16209.77,CZK
Paul,Robertson,probertsonnp@desdev.cn,Russia,Male,Muranovo,Zazio,22818.65,RUB
Louis,Arnold,larnoldnq@geocities.jp,China,Male,Xiaoxi,Yodo,17415.66,CNY
Diane,Cruz,dcruznr@deliciousdays.com,France,Female,Paris 09,Blognation,60184.62,EUR
Lori,Hamilton,lhamiltonns@shutterfly.com,China,Female,Mao’ershan,Rhycero,83581.16,CNY
Mary,Ramos,mramosnt@timesonline.co.uk,France,Female,Thionville,Flashset,23838.49,EUR
Jennifer,Mason,jmasonnu@fastcompany.com,Philippines,Female,Estefania,Jabbertype,84719.73,PHP
Billy,Cooper,bcoopernv@sakura.ne.jp,Nepal,Male,Dārchulā,Geba,,NPR
Shawn,Schmidt,sschmidtnw@indiatimes.com,Poland,Male,Opoczno,Twitterlist,84226.31,PLN
David,Hicks,dhicksnx@wikimedia.org,Sweden,Male,Trollhättan,Jayo,25877.24,SEK
Ruth,Woods,rwoodsny@moonfruit.com,Bhutan,Female,Trashigang,Youfeed,74322.38,BTN
Mary,Porter,mporternz@amazon.co.uk,Russia,Female,Pravdinsk,Aivee,61279.51,RUB
Michael,Simmons,msimmonso0@printfriendly.com,China,Male,Shanhaiguan,Jaxbean,99922.09,CNY
Nancy,Jordan,njordano1@pen.io,China,Female,Sunduan,Voonte,,CNY
Randy,Ellis,relliso2@blog.com,Ukraine,Male,Velyka Pysarivka,Skilith,84871.18,UAH
Marilyn,West,mwesto3@techcrunch.com,China,Female,Beijiang,Oyoba,75990.71,CNY
Roy,Perkins,rperkinso4@gizmodo.com,Japan,Male,Shimoda,Livepath,70274.73,JPY
Carol,Ferguson,cfergusono5@acquirethisname.com,Colombia,Female,Cachipay,Zoozzy,80966.28,COP
Jimmy,Little,jlittleo6@google.es,Brazil,Male,Seabra,Blogpad,81082.39,BRL
Jean,Long,jlongo7@flavors.me,Brazil,Female,Osasco,Eire,54731.76,BRL
Mark,Berry,mberryo8@oakley.com,Portugal,Male,Ribeiro,Feedmix,27901.13,EUR
Jane,Wagner,jwagnero9@baidu.com,Nigeria,Female,Zuru,Youtags,58450.90,NGN
Craig,Johnson,cjohnsonoa@networksolutions.com,Brazil,Male,Poá,Trilith,,BRL
Frank,Ruiz,fruizob@fc2.com,Russia,Male,Manturovo,Yambee,24287.25,RUB
Jose,Flores,jfloresoc@lulu.com,Ukraine,Male,Zarichchya,Realcube,633.56,UAH
Henry,West,hwestod@yelp.com,Tunisia,Male,Al Baqāliţah,Tagfeed,15150.21,TND
Nicholas,Butler,nbutleroe@telegraph.co.uk,Japan,Male,Aso,Reallinks,13202.95,JPY
Dorothy,Harrison,dharrisonof@salon.com,Indonesia,Female,Ambon,Demimbu,9784.62,IDR
Jack,Lewis,jlewisog@technorati.com,China,Male,Xinwu,Eayo,38665.50,CNY
Irene,Bowman,ibowmanoh@nba.com,France,Female,Blois,Shufflebeat,1414.54,EUR
Jonathan,Mendoza,jmendozaoi@seesaa.net,Syria,Male,Ḩarastā,Tazzy,95757.91,SYP
Joshua,Spencer,jspenceroj@tripod.com,Cuba,Male,Amancio,Skajo,71148.15,CUP
Samuel,Turner,sturnerok@pbs.org,Serbia,Male,Bor,Yodel,94163.83,RSD
Elizabeth,Brooks,ebrooksol@wsj.com,China,Female,Kuiyong,Trilia,62223.90,CNY
Douglas,Frazier,dfrazierom@nps.gov,Russia,Male,Protvino,Cogidoo,97145.37,RUB
Todd,Larson,tlarsonon@tmall.com,Russia,Male,Kotovsk,Linkbuzz,12645.49,RUB
Diane,Perry,dperryoo@businessweek.com,Indonesia,Female,Gunungmanik,Linklinks,43672.55,IDR
Martin,Martin,mmartinop@artisteer.com,Bangladesh,Male,Nowlamary,Avamba,75247.50,BDT
Anne,Sullivan,asullivanoq@cnbc.com,Russia,Female,Lorino,Yadel,49728.37,RUB
Rebecca,Baker,rbakeror@facebook.com,Sweden,Female,Örebro,Leexo,44801.51,SEK
Kelly,Kennedy,kkennedyos@msn.com,Philippines,Female,San Fernando,Skippad,15971.73,PHP
Carlos,Rivera,criveraot@mozilla.com,Indonesia,Male,Igir-igir,Jaxnation,39419.93,IDR
Todd,Harvey,tharveyou@cbc.ca,Poland,Male,Białośliwie,Brightdog,69526.26,PLN
Bruce,Meyer,bmeyerov@desdev.cn,Philippines,Male,Tiwi,Plambee,96597.72,PHP
Jeffrey,Rodriguez,jrodriguezow@nydailynews.com,Japan,Male,Sunagawa,Brightdog,234.22,JPY
Denise,Alvarez,dalvarezox@wufoo.com,China,Female,Dongsheng,Oyoloo,41510.50,CNY
Carlos,Jordan,cjordanoy@vkontakte.ru,Armenia,Male,Aghavnatun,Skaboo,85612.84,AMD
Stephen,Frazier,sfrazieroz@etsy.com,Italy,Male,Firenze,Skippad,78727.71,EUR
Kathleen,Schmidt,kschmidtp0@vistaprint.com,Vietnam,Female,Thị Trấn Phong Thổ,Jetwire,21865.04,VND
Frank,Martin,fmartinp1@google.es,Indonesia,Male,Padasono,Flipopia,66476.17,IDR
Donald,Green,dgreenp2@washington.edu,France,Male,Le Mans,Babbleset,23735.75,EUR
Jason,Mitchell,jmitchellp3@issuu.com,Sweden,Male,Vilhelmina,Einti,70930.87,SEK
Ernest,Chapman,echapmanp4@phoca.cz,Peru,Male,Ihuari,Blogpad,4419.03,PEN
Annie,Ferguson,afergusonp5@yellowpages.com,Tanzania,Female,Usa River,Bubblemix,58540.17,TZS
Diana,Carr,dcarrp6@mail.ru,Pakistan,Female,Pahārpur,Rhyloo,18623.78,PKR
Susan,Lewis,slewisp7@twitter.com,Brazil,Female,Visconde do Rio Branco,Yozio,,BRL
Louis,Stanley,lstanleyp8@bluehost.com,Portugal,Male,Corvite,Meetz,,EUR
Roy,Hernandez,rhernandezp9@nba.com,China,Male,Hepo,Ooba,59913.84,CNY
William,Mendoza,wmendozapa@cargocollective.com,Poland,Male,Krzeczów,Avamba,59125.20,PLN
Cynthia,Dean,cdeanpb@php.net,Philippines,Female,Calamba,Jetpulse,67184.82,PHP
Brenda,Marshall,bmarshallpc@youtu.be,Canada,Female,Coaldale,Shuffledrive,95398.14,CAD
Adam,Mendoza,amendozapd@ucsd.edu,Sweden,Male,Lilla Edet,Dablist,28172.98,SEK
Janice,Reynolds,jreynoldspe@springer.com,Armenia,Female,Shnogh,Centimia,32610.55,AMD
Betty,Schmidt,bschmidtpf@e-recht24.de,Oman,Female,Al Qābil,Twimbo,,OMR
Edward,Wright,ewrightpg@globo.com,Brazil,Male,Pirassununga,Rhynyx,44086.18,BRL
Emily,Lewis,elewisph@blogs.com,Greece,Female,Filiatrá,Eire,39070.83,EUR
Betty,Cooper,bcooperpi@mapy.cz,Armenia,Female,Aghavnatun,Voolia,24618.55,AMD
Catherine,Perkins,cperkinspj@ocn.ne.jp,Nicaragua,Female,Diriamba,Realpoint,,NIO
Keith,Howard,khowardpk@springer.com,Republic of the Congo,Male,Madingou,Photofeed,14182.12,XAF
Earl,Mccoy,emccoypl@github.com,Indonesia,Male,Ciwidara,Voonyx,89585.84,IDR
Lori,Campbell,lcampbellpm@tiny.cc,China,Female,Changfeng,Twitterlist,47396.05,CNY
Sarah,Ellis,sellispn@europa.eu,Philippines,Female,Digkilaan,Realcube,92100.04,PHP
Joyce,King,jkingpo@fotki.com,Russia,Female,Zaprudnya,Blogtag,80264.92,RUB
Mark,Stone,mstonepp@moonfruit.com,Ecuador,Male,Salinas,Mybuzz,95149.24,USD
Albert,Perry,aperrypq@huffingtonpost.com,Portugal,Male,Alvito,Edgeify,46077.79,EUR
Bruce,Miller,bmillerpr@pcworld.com,Indonesia,Male,Waru,Tekfly,15093.95,IDR
Billy,Collins,bcollinsps@webnode.com,Russia,Male,Mamedkala,Yamia,71429.78,RUB
Julie,Gonzalez,jgonzalezpt@lulu.com,Indonesia,Female,Balong,Meevee,78033.71,IDR
Todd,Ferguson,tfergusonpu@seesaa.net,Portugal,Male,Casais de Vera Cruz,Meevee,28119.35,EUR
Louis,Diaz,ldiazpv@surveymonkey.com,Cameroon,Male,Garoua,Katz,80462.37,XAF
Sandra,Snyder,ssnyderpw@sciencedirect.com,Russia,Female,Divnomorskoye,Devbug,61118.29,RUB
Kathy,Evans,kevanspx@samsung.com,Sweden,Female,Umeå,Aimbu,15538.90,SEK
Angela,Hansen,ahansenpy@gizmodo.com,China,Female,Shenjing,Muxo,44133.42,CNY
Frank,Carpenter,fcarpenterpz@harvard.edu,Indonesia,Male,Kondangrege,Gabcube,9726.21,IDR
Jimmy,Hall,jhallq0@mysql.com,Indonesia,Male,Ntobo,Kwideo,2693.87,IDR
Aaron,Fox,afoxq1@princeton.edu,China,Male,Jiangkou,Devpoint,12901.58,CNY
Christina,Ford,cfordq2@ameblo.jp,Indonesia,Female,Kuanheum,Meevee,55641.86,IDR
Margaret,Young,myoungq3@4shared.com,Micronesia,Female,Polowat,Oyoba,55841.02,USD
Ronald,Lynch,rlynchq4@answers.com,Poland,Male,Kobylin,Innotype,63573.31,PLN
Craig,Burns,cburnsq5@illinois.edu,Philippines,Male,Mantampay,Devbug,97376.98,PHP
Julie,Knight,jknightq6@hhs.gov,Syria,Female,Ma‘dān,Skinix,12102.34,SYP
Helen,Hart,hhartq7@bbb.org,Indonesia,Female,Gandusari,Mynte,45830.12,IDR
Marie,Price,mpriceq8@ehow.com,Colombia,Female,Potosí,Fivespan,49500.87,COP
Benjamin,Hayes,bhayesq9@phpbb.com,China,Male,Jiukeng,Ailane,71864.35,CNY
Evelyn,Turner,eturnerqa@netscape.com,Russia,Female,Staraya Russa,Oodoo,58308.02,RUB
Cheryl,Kim,ckimqb@deviantart.com,Netherlands,Female,Heemskerk,Skyvu,56465.00,EUR
Roy,Dunn,rdunnqc@ycombinator.com,United States,Male,Vancouver,Zoomcast,33193.40,USD
Nancy,Ward,nwardqd@edublogs.org,Tanzania,Female,Mhango,Skipfire,33568.44,TZS
Ronald,Hernandez,rhernandezqe@issuu.com,New Zealand,Male,Nelson,Skiba,84127.04,NZD
Kelly,Mills,kmillsqf@wikia.com,Italy,Female,Bergamo,Eazzy,45322.24,EUR
Ryan,Cox,rcoxqg@example.com,Indonesia,Male,Plaju,Blogpad,30779.96,IDR
Steve,Wood,swoodqh@google.cn,Iran,Male,Jūybār,Thoughtstorm,,IRR
Emily,Bailey,ebaileyqi@elpais.com,Indonesia,Female,Tebanah,Vimbo,62343.44,IDR
Christine,Anderson,candersonqj@qq.com,Belarus,Female,Baranovichi,Jabbertype,93614.57,BYR
Bonnie,Carroll,bcarrollqk@prlog.org,Vietnam,Female,Thành phố Bạc Liêu,Skinder,57181.31,VND
Carlos,Bailey,cbaileyql@opensource.org,Argentina,Male,Arroyito,Demimbu,,ARS
Martin,Foster,mfosterqm@homestead.com,China,Male,Youzha,Lazz,41677.09,CNY
Benjamin,Campbell,bcampbellqn@mapquest.com,Ukraine,Male,Shums’k,Linkbuzz,79282.11,UAH
Chris,Jordan,cjordanqo@geocities.jp,Spain,Male,Granada,Brightdog,,EUR
Jacqueline,Alexander,jalexanderqp@hao123.com,China,Female,Kangping,Skyble,60929.91,CNY
Ralph,Hanson,rhansonqq@mapquest.com,Indonesia,Male,Mangulewa,Voolith,14036.08,IDR
Virginia,Little,vlittleqr@wix.com,Colombia,Female,Morales,Oyonder,88983.46,COP
Sharon,Mccoy,smccoyqs@odnoklassniki.ru,Indonesia,Female,Gombong,Flashset,73383.22,IDR
Larry,Lee,lleeqt@shareasale.com,Ireland,Male,Confey,Yakijo,7718.50,EUR
Pamela,Cunningham,pcunninghamqu@pagesperso-orange.fr,Russia,Female,Cherskiy,Skyba,96170.83,RUB
Brenda,Harris,bharrisqv@qq.com,Indonesia,Female,Nangkasari,Ntag,43619.59,IDR
Peter,Mason,pmasonqw@boston.com,Russia,Male,Ust’ye,Yotz,,RUB
Julie,Crawford,jcrawfordqx@google.com,Vietnam,Female,Đắk Glei,Yodo,23101.00,VND
Kimberly,Robinson,krobinsonqy@youtu.be,Canada,Female,Burnaby,Trudoo,4819.01,CAD
Adam,Henderson,ahendersonqz@hugedomains.com,Brazil,Male,Vargem Grande Paulista,Topdrive,20910.53,BRL
Ralph,Morgan,rmorganr0@github.io,Kazakhstan,Male,Tobol,Wordpedia,59976.75,KZT
Joseph,Harper,jharperr1@ezinearticles.com,China,Male,Dananshan,Lazzy,77738.27,CNY
Dorothy,Black,dblackr2@cmu.edu,Brazil,Female,Duque de Caxias,Blogtag,91847.31,BRL
Carlos,Hill,chillr3@house.gov,Ukraine,Male,Berestechko,Eayo,32819.58,UAH
Peter,Meyer,pmeyerr4@yale.edu,China,Male,Guhua,Vinte,66168.14,CNY
Chris,Bishop,cbishopr5@123-reg.co.uk,Philippines,Male,Andalan,Feedmix,95223.02,PHP
Phillip,Price,ppricer6@imgur.com,China,Male,Shapa,Bubbletube,49337.47,CNY
Stephen,Richardson,srichardsonr7@nymag.com,Philippines,Male,Kalian,Fliptune,34069.92,PHP
Julia,Stewart,jstewartr8@ask.com,China,Female,Baishan,Oyoloo,88939.37,CNY
Paul,Gonzales,pgonzalesr9@vkontakte.ru,Sudan,Male,El Bauga,Roomm,34288.00,SDG
Stephanie,Moreno,smorenora@e-recht24.de,China,Female,Jiantou,Mynte,20495.87,CNY
Mark,Washington,mwashingtonrb@prnewswire.com,Brazil,Male,Otacílio Costa,Voomm,68014.16,BRL
Ralph,Lopez,rlopezrc@hexun.com,Portugal,Male,Pereiro,Pixonyx,94782.60,EUR
David,Powell,dpowellrd@yolasite.com,Sweden,Male,Skellefteå,Trudeo,52869.42,SEK
Sara,Anderson,sandersonre@fda.gov,Czech Republic,Female,Rajhradice,Yodo,,CZK
Marie,Perez,mperezrf@infoseek.co.jp,China,Female,Guluoshan,Topicshots,18386.18,CNY
Donald,White,dwhiterg@usatoday.com,Philippines,Male,Batarasa,Skipfire,18801.14,PHP
Stephen,Howell,showellrh@skyrock.com,Russia,Male,Trudobelikovskiy,Meeveo,,RUB
Samuel,Palmer,spalmerri@nba.com,Indonesia,Male,Sale,Flashset,14860.43,IDR
Carolyn,Ray,crayrj@bloglines.com,Venezuela,Female,Rubio,Youspan,87818.43,VEF
Christina,Ford,cfordrk@slideshare.net,Denmark,Female,København,Zava,88399.71,DKK
Terry,Brown,tbrownrl@yolasite.com,Philippines,Male,Odiong,Skidoo,96211.41,PHP
Andrea,Jenkins,ajenkinsrm@miitbeian.gov.cn,China,Female,Mishan,Fiveclub,83127.43,CNY
Dennis,Smith,dsmithrn@elpais.com,Russia,Male,Boguchar,Yacero,98864.53,RUB
Louise,Dixon,ldixonro@deliciousdays.com,China,Female,Donglu,Skippad,8584.90,CNY
Mark,Watson,mwatsonrp@infoseek.co.jp,Indonesia,Male,Tambakromo,Ooba,61348.37,IDR
Kevin,Mccoy,kmccoyrq@hatena.ne.jp,Greece,Male,Rizómilos,Wikido,67656.47,EUR
Lawrence,Harris,lharrisrr@cornell.edu,France,Male,Saint-Dié-des-Vosges,Eazzy,42607.66,EUR
