Donna,Black,dblack0@netscape.com,Poland,Female,Sławatycze,Abatz,4657.09,PLN
Patrick,Patterson,ppatterson1@ifeng.com,Indonesia,Male,Cilaja,Trupe,52453.31,IDR
Patricia,Gordon,pgordon2@lulu.com,Ghana,Female,Wa,Rhynyx,18355.58,GHS
Tammy,Sullivan,tsullivan3@tiny.cc,Philippines,Female,Sampao,Jaxspan,32021.59,PHP
Louise,Graham,lgraham4@hc360.com,Azerbaijan,Female,Saray,Youopia,,AZN
Mildred,Ferguson,mferguson5@theatlantic.com,China,Female,Dadukou,Gigashots,8980.45,CNY
Arthur,Perry,aperry6@wikispaces.com,Brazil,Male,Vera Cruz,Twitterlist,36529.72,BRL
Gregory,Hart,ghart7@time.com,Turkmenistan,Male,Gazojak,Feednation,71501.87,TMT
Sean,Chapman,schapman8@dell.com,Philippines,Male,Pio Duran,Demivee,25512.65,PHP
Elizabeth,Medina,emedina9@opera.com,Philippines,Female,San Jacinto,Tagchat,46793.50,PHP
Walter,Jordan,wjordana@yandex.ru,Indonesia,Male,Doom,Thoughtbridge,30671.87,IDR
Irene,Larson,ilarsonb@spiegel.de,China,Female,Xinli,Feedbug,9721.94,CNY
Margaret,Hunter,mhunterc@xinhuanet.com,Indonesia,Female,Woro,Brainlounge,20037.90,IDR
Charles,Henderson,chendersond@irs.gov,Angola,Male,N’dalatando,Realblab,,AOA
Andrea,Gibson,agibsone@nhs.uk,Philippines,Female,Prinza,Oozz,,PHP
Carol,Miller,cmillerf@booking.com,Indonesia,Female,Cungking,Skiptube,56423.64,IDR
Janet,Cox,jcoxg@bandcamp.com,Qatar,Female,Al Jumaylīyah,Ailane,40042.35,QAR
Bruce,Richardson,brichardsonh@sphinn.com,Indonesia,Male,Panggunguni,Jabbersphere,85727.17,IDR
Joyce,Hanson,jhansoni@hao123.com,Poland,Female,Zbytków,Skiba,70127.00,PLN
Joan,Ryan,jryanj@dot.gov,Indonesia,Female,Gawul,Mybuzz,52693.20,IDR
Phillip,Simmons,psimmonsk@bloomberg.com,Italy,Male,Milano,Photobug,92658.11,EUR
Christine,Gardner,cgardnerl@live.com,Indonesia,Female,Wunat,Twitterwire,24105.78,IDR
Russell,Hughes,rhughesm@godaddy.com,Libya,Male,Gialo,Flashdog,648.77,LYD
Beverly,Watson,bwatsonn@odnoklassniki.ru,China,Female,Zhangxi,Bluejam,40758.36,CNY
Ann,Armstrong,aarmstrongo@booking.com,Vietnam,Female,Mường Nhé,Browsetype,18105.57,VND
Arthur,Watson,awatsonp@ask.com,Bulgaria,Male,Kaynardzha,Yamia,86645.24,BGN
Lillian,Kelley,lkelleyq@yolasite.com,Indonesia,Female,Cibiru,Realbuzz,79575.05,IDR
Lawrence,Shaw,lshawr@engadget.com,China,Male,Poxin,Ainyx,77681.73,CNY
Matthew,Nichols,mnicholss@constantcontact.com,Greece,Male,Tríkeri,Twitterwire,,EUR
Julie,Young,jyoungt@cbsnews.com,Canada,Female,Richmond,Yakidoo,,CAD
Dennis,Vasquez,dvasquezu@jimdo.com,Croatia,Male,Rijeka,Kazu,97684.42,HRK
Denise,Hill,dhillv@house.gov,Indonesia,Female,Kiarajangkung,Oozz,,IDR
Eric,Rivera,eriveraw@bloglines.com,Cameroon,Male,Kaélé,Wikivu,86113.62,XAF
Doris,Elliott,delliottx@behance.net,Brazil,Female,Barreiro do Jaíba,Eayo,61349.35,BRL
Mary,Alvarez,malvarezy@columbia.edu,France,Female,Étampes,Browsedrive,,EUR
Julie,Adams,jadamsz@gravatar.com,Portugal,Female,Além,Cogibox,56961.73,EUR
Cynthia,Knight,cknight10@mail.ru,China,Female,Hongchang,Twitterwire,52172.11,CNY
John,Romero,jromero11@instagram.com,Finland,Male,Joutsa,Babblestorm,38366.06,EUR
Kelly,Myers,kmyers12@ca.gov,China,Female,Shilong,Rhyloo,15386.75,CNY
Carl,Mills,cmills13@pbs.org,Armenia,Male,Bagratashen,Innotype,38658.12,AMD
Christina,Watson,cwatson14@pinterest.com,China,Female,Pingdu,Shufflester,90015.25,CNY
Carolyn,Stanley,cstanley15@g.co,Poland,Female,Mierzęcice,Kamba,30255.01,PLN
Anne,White,awhite16@google.fr,Nicaragua,Female,Rivas,Oozz,45391.09,NIO
Deborah,Martin,dmartin17@answers.com,Slovenia,Female,Pameče,Camimbo,39753.27,EUR
Joshua,Foster,jfoster18@google.com,Poland,Male,Trojanów,Blognation,9010.10,PLN
Antonio,Harris,aharris19@cargocollective.com,China,Male,Wulan,Skipfire,77981.44,CNY
Alice,Cole,acole1a@nytimes.com,Indonesia,Female,Krajan,Rhyloo,77077.76,IDR
Kathleen,Sanders,ksanders1b@myspace.com,Palestinian Territory,Female,Ţūlkarm,Skimia,73360.05,ILS
Deborah,Wilson,dwilson1c@photobucket.com,Philippines,Female,Libertad,Brightbean,97174.81,PHP
Adam,Brooks,abrooks1d@hibu.com,Portugal,Male,Venda do Alcaide,LiveZ,86706.82,EUR
Marie,Johnston,mjohnston1e@macromedia.com,Oman,Female,Nizwá,Livetube,24004.73,OMR
Sarah,Marshall,smarshall1f@last.fm,Indonesia,Female,Waipukang,Voomm,45591.52,IDR
Charles,Day,cday1g@sciencedaily.com,Latvia,Male,Engure,Lajo,50730.71,EUR
Howard,Day,hday1h@geocities.jp,China,Male,Dalan,Tagpad,,CNY
Samuel,Rice,srice1i@biblegateway.com,China,Male,Wutumeiren,Skynoodle,69336.41,CNY
Pamela,Hamilton,phamilton1j@chron.com,France,Female,Grenoble,Pixoboo,65834.52,EUR
Henry,Foster,hfoster1k@cisco.com,Madagascar,Male,Andoany,JumpXS,25262.36,MGA
Michael,White,mwhite1l@reference.com,Brazil,Male,Itupiranga,Bubblemix,12776.67,BRL
Mark,Jenkins,mjenkins1m@businesswire.com,Colombia,Male,La Unión,Realfire,,COP
William,Green,wgreen1n@ustream.tv,Ethiopia,Male,K’olīto,Myworks,51424.42,ETB
Carlos,Holmes,cholmes1o@mit.edu,France,Male,Noyelles-sous-Lens,Buzzster,46647.25,EUR
Karen,Hill,khill1p@google.fr,China,Female,Xiadu,Latz,57761.91,CNY
Jennifer,Ferguson,jferguson1q@ask.com,China,Female,Liangchahe,Ailane,35055.37,CNY
Evelyn,Turner,eturner1r@mapquest.com,Sudan,Female,Kināna,Reallinks,8436.12,SDG
Frances,Miller,fmiller1s@barnesandnoble.com,Nepal,Female,Bīrganj,Quinu,44837.21,NPR
Brian,Perkins,bperkins1t@msu.edu,Norway,Male,Skien,Wordtune,,NOK
Randy,Fisher,rfisher1u@oracle.com,Bahrain,Male,Jidd Ḩafş,Fivespan,85174.39,BHD
Heather,Moore,hmoore1v@java.com,Marshall Islands,Female,Enewetak,Yombu,23090.13,USD
Harry,Austin,haustin1w@nasa.gov,Peru,Male,Canta,Flashdog,16163.85,PEN
Earl,Shaw,eshaw1x@google.co.jp,Morocco,Male,El Aïoun,Edgewire,23261.33,MAD
Cynthia,Lee,clee1y@baidu.com,Portugal,Female,Loivos,Bluejam,84001.25,EUR
William,Simmons,wsimmons1z@wp.com,China,Male,Majiang,Brainverse,22334.20,CNY
Shirley,Burns,sburns20@drupal.org,China,Female,Canmang,Reallinks,7189.78,CNY
Willie,Watkins,wwatkins21@who.int,Finland,Male,Kirkkonummi,Zooxo,88733.61,EUR
Jennifer,Edwards,jedwards22@tamu.edu,Sri Lanka,Female,Katunayaka,Zoomcast,71876.55,LKR
Rose,Black,rblack23@microsoft.com,Indonesia,Female,Matangpayang,DabZ,25234.42,IDR
Sharon,Harrison,sharrison24@live.com,Kenya,Female,Meru,Mymm,19945.15,KES
Ann,Cox,acox25@hc360.com,Pakistan,Female,Muzaffargarh,Lajo,1517.33,PKR
Christina,Schmidt,cschmidt26@fotki.com,Indonesia,Female,Totok,Dabjam,87311.69,IDR
Keith,Fields,kfields27@nps.gov,Greece,Male,Síkinos,Babbleopia,4321.98,EUR
Rose,Alvarez,ralvarez28@about.me,Malaysia,Female,Kangar,Gigashots,,MYR
Craig,Perkins,cperkins29@seesaa.net,Egypt,Male,Ashmūn,Buzzshare,12422.14,EGP
Louise,Oliver,loliver2a@tripadvisor.com,United States,Female,El Paso,Mydo,32054.44,USD
Henry,Hanson,hhanson2b@mac.com,Armenia,Male,Angeghakot’,Jabbersphere,44222.04,AMD
Aaron,Thompson,athompson2c@cocolog-nifty.com,Indonesia,Male,Krajan,Shuffledrive,88413.57,IDR
Margaret,Snyder,msnyder2d@miitbeian.gov.cn,Netherlands,Female,Amsterdam Nieuw West,Kazio,9630.33,EUR
Paula,Ward,pward2e@dailymotion.com,Greece,Female,Makrochóri,Jetpulse,71028.56,EUR
Harold,Morales,hmorales2f@nyu.edu,France,Male,Poitiers,Quatz,54097.04,EUR
Howard,Payne,hpayne2g@dot.gov,China,Male,Gansa,Kaymbo,65295.78,CNY
Carol,Richards,crichards2h@nymag.com,France,Female,Nîmes,Flashdog,74780.15,EUR
Matthew,Ruiz,mruiz2i@intel.com,Dominican Republic,Male,Pedro García,Brightbean,60689.62,DOP
Kelly,Watkins,kwatkins2j@slashdot.org,Mongolia,Female,Chandmanĭ,Meevee,61215.91,MNT
Wayne,King,wking2k@xrea.com,Haiti,Male,Saint-Louis du Nord,Centidel,17010.69,HTG
Willie,Richards,wrichards2l@skype.com,Mongolia,Male,Saynshand,Dynabox,99184.97,MNT
Marilyn,Rivera,mrivera2m@examiner.com,Thailand,Female,Nong Yai,Tazzy,38055.07,THB
Terry,Hernandez,thernandez2n@techcrunch.com,China,Male,Mozhong,Latz,88701.51,CNY
Victor,Coleman,vcoleman2o@networkadvertising.org,China,Male,Qiucun,Yamia,41837.89,CNY
Phyllis,Porter,pporter2p@exblog.jp,China,Female,Jidong,Brightbean,41595.89,CNY
Harry,Gonzales,hgonzales2q@newsvine.com,Ireland,Male,Eadestown,Jazzy,94960.15,EUR
Irene,Sanders,isanders2r@statcounter.com,Portugal,Female,Eido,Rhyloo,4301.77,EUR
Patrick,Harvey,pharvey2s@networkadvertising.org,Philippines,Male,Cabittaogan,Gigashots,52699.71,PHP
Kathryn,Rose,krose2t@rediff.com,Brazil,Female,Miguel Calmon,Skajo,75788.16,BRL
Anne,Patterson,apatterson2u@nydailynews.com,China,Female,Huayuan,Mudo,41298.12,CNY
Diane,Rose,drose2v@washingtonpost.com,Poland,Female,Siemkowice,Mynte,65569.46,PLN
Karen,Brown,kbrown2w@usatoday.com,United States,Female,Oakland,Yodo,85442.59,USD
Peter,Robertson,probertson2x@joomla.org,Colombia,Male,Morales,JumpXS,10587.24,COP
Linda,Reid,lreid2y@tiny.cc,France,Female,Lille,Mydo,97340.10,EUR
Wayne,Campbell,wcampbell2z@chronoengine.com,Indonesia,Male,Cikawung,Skivee,11957.97,IDR
Nicholas,Crawford,ncrawford30@salon.com,Serbia,Male,Sremčica,Feedspan,74156.05,RSD
Louise,Hall,lhall31@geocities.jp,Palestinian Territory,Female,‘Aşīrah al Qiblīyah,Skynoodle,94009.28,ILS
Sarah,Gardner,sgardner32@bloomberg.com,Philippines,Female,Gandara,Skipfire,57118.96,PHP
Steve,Campbell,scampbell33@nymag.com,Czech Republic,Male,Ledeč nad Sázavou,Skaboo,1282.71,CZK
Helen,Russell,hrussell34@exblog.jp,Japan,Female,Ōnojō,Gigaclub,88553.44,JPY
Sharon,Vasquez,svasquez35@csmonitor.com,Colombia,Female,Baraya,Realcube,64802.29,COP
Laura,Burke,lburke36@lulu.com,China,Female,Guxi,Meejo,54769.09,CNY
Sarah,Wheeler,swheeler37@hud.gov,Netherlands,Female,'s-Hertogenbosch,Reallinks,48605.08,EUR
Thomas,Rivera,trivera38@ovh.net,Mali,Male,Bamako,Divavu,58044.81,XOF
Dennis,Wagner,dwagner39@biblegateway.com,Cameroon,Male,Mutengene,Edgewire,71304.07,XAF
Paula,Snyder,psnyder3a@canalblog.com,Norway,Female,Trondheim,Cogibox,58387.09,NOK
Scott,Bradley,sbradley3b@hugedomains.com,Indonesia,Male,Romba,Pixoboo,24713.48,IDR
Evelyn,Hayes,ehayes3c@bravesites.com,Pakistan,Female,Jhang Sadr,JumpXS,87329.69,PKR
Ruby,Reed,rreed3d@sciencedirect.com,Azerbaijan,Female,Zabrat,Devbug,10991.23,AZN
Andrea,Stewart,astewart3e@un.org,China,Female,Pumaqangtang,Skyvu,2397.31,CNY
Randy,Gonzales,rgonzales3f@census.gov,Argentina,Male,Las Heras,Devshare,85010.57,ARS
Margaret,Rodriguez,mrodriguez3g@admin.ch,Sweden,Female,Vimmerby,Tekfly,67967.52,SEK
Irene,Garcia,igarcia3h@sitemeter.com,New Zealand,Female,Pukekohe East,Skynoodle,41127.40,NZD
Deborah,Lawson,dlawson3i@answers.com,Malaysia,Female,Kuala Terengganu,Youopia,25302.07,MYR
Clarence,King,cking3j@hud.gov,Mexico,Male,San Cristobal,Skinte,86306.63,MXN
Alan,Dunn,adunn3k@artisteer.com,China,Male,Jianmin,Bubblemix,1327.24,CNY
Irene,Martinez,imartinez3l@barnesandnoble.com,Kazakhstan,Female,Bayanaūyl,Oodoo,60536.14,KZT
James,Rivera,jrivera3m@wunderground.com,Russia,Male,Novyy Oskol,Quinu,2153.98,RUB
Todd,Garrett,tgarrett3n@marketwatch.com,Thailand,Male,Thoen,Dabjam,96279.10,THB
Annie,Rodriguez,arodriguez3o@slate.com,Sri Lanka,Female,Pita Kotte,Oba,57867.01,LKR
Susan,Rice,srice3p@pagesperso-orange.fr,Bulgaria,Female,Ardino,Quamba,33441.50,BGN
Daniel,Clark,dclark3q@gnu.org,China,Male,Shuanglong,Trudeo,75055.09,CNY
Ralph,Griffin,rgriffin3r@free.fr,Thailand,Male,Wang Sam Mo,Fatz,87556.71,THB
Fred,Jackson,fjackson3s@soup.io,Japan,Male,Isesaki,Gabspot,77086.71,JPY
Mark,Rice,mrice3t@weather.com,Indonesia,Male,Baratleke,Oozz,98154.12,IDR
Patrick,Weaver,pweaver3u@wikispaces.com,Niger,Male,Zinder,Yabox,53234.70,XOF
Frank,Harvey,fharvey3v@freewebs.com,South Africa,Male,Ventersdorp,Fadeo,7153.75,ZAR
Russell,Hughes,rhughes3w@smh.com.au,Afghanistan,Male,Ārt Khwājah,Bluejam,48372.10,AFN
Robin,Knight,rknight3x@is.gd,China,Female,Linshui,Eimbee,38706.58,CNY
Cheryl,Ruiz,cruiz3y@tiny.cc,Palestinian Territory,Female,Nūbā,Blogspan,6310.10,ILS
Norma,Walker,nwalker3z@vimeo.com,China,Female,Luobei,Oloo,82400.81,CNY
Sharon,Webb,swebb40@privacy.gov.au,Philippines,Female,Sabang,Skivee,91498.98,PHP
Louis,Brown,lbrown41@t.co,Russia,Male,Lechinkay,Babbleset,40105.16,RUB
Frances,Romero,fromero42@tripod.com,Indonesia,Female,Gandapura,Twimm,96739.66,IDR
Kelly,Price,kprice43@guardian.co.uk,Thailand,Female,Sida,Yambee,40598.09,THB
Richard,Lawrence,rlawrence44@vistaprint.com,Tunisia,Male,Medenine,Eabox,6699.48,TND
Kathleen,Marshall,kmarshall45@gov.uk,Colombia,Female,Montería,Dabfeed,55375.49,COP
Nancy,Ross,nross46@reuters.com,Nicaragua,Female,Nueva Guinea,Devbug,888.90,NIO
Christopher,Austin,caustin47@google.es,Indonesia,Male,Ungaran,Dynabox,81608.27,IDR
Keith,Hudson,khudson48@flavors.me,Ukraine,Male,Ukrainka,Thoughtstorm,26022.30,UAH
Jonathan,Gordon,jgordon49@tinyurl.com,Pakistan,Male,Choa Saidān Shāh,Riffpath,1771.56,PKR
Julia,Grant,jgrant4a@china.com.cn,Ukraine,Female,Oleksandrivka,Feedspan,79068.39,UAH
Shawn,Murray,smurray4b@fastcompany.com,Portugal,Male,Telhado,Wordify,54918.72,EUR
Henry,Carroll,hcarroll4c@youtu.be,Madagascar,Male,Sambava,Skajo,36862.81,MGA
Debra,Brown,dbrown4d@twitpic.com,China,Female,Yuhuangding,Blogspan,,CNY
Ann,Knight,aknight4e@wordpress.org,Philippines,Female,Bolinao,Photobug,76807.54,PHP
Eugene,Jacobs,ejacobs4f@ihg.com,Ukraine,Male,Valky,Meezzy,85546.76,UAH
Gary,Hughes,ghughes4g@pen.io,Czech Republic,Male,Brněnec,Meeveo,83771.09,CZK
Howard,Riley,hriley4h@dion.ne.jp,Portugal,Male,Eiriz,Avamba,21754.20,EUR
Melissa,Gilbert,mgilbert4i@cornell.edu,Morocco,Female,Sidi Lamine,Eimbee,91934.42,MAD
Tina,Snyder,tsnyder4j@hexun.com,Indonesia,Female,Jajar,Skyba,,IDR
Brenda,Lynch,blynch4k@wordpress.org,China,Female,Baolong,Rhyzio,16296.96,CNY
Juan,Henry,jhenry4l@ibm.com,China,Male,Liquan Chengguanzhen,Podcat,39693.79,CNY
Matthew,Palmer,mpalmer4m@instagram.com,Pakistan,Male,Nasīrābād,Meemm,391.05,PKR
Beverly,Fowler,bfowler4n@myspace.com,El Salvador,Female,San Marcos,Divanoodle,54505.44,USD
Thomas,Burns,tburns4o@nhs.uk,China,Male,Zhongchuan,Tagpad,75086.16,CNY
Daniel,Hall,dhall4p@gnu.org,China,Male,Ankou,Npath,56489.40,CNY
Diana,Welch,dwelch4q@craigslist.org,China,Female,HanHuang,Devpulse,56966.74,CNY
Judith,Shaw,jshaw4r@taobao.com,Russia,Female,Chernigovka,Thoughtstorm,,RUB
Chris,Long,clong4s@cbc.ca,Turkmenistan,Male,Gowurdak,Camimbo,46909.90,TMT
Carlos,Carpenter,ccarpenter4t@delicious.com,China,Male,Shanshi,Browseblab,29124.80,CNY
Alice,Miller,amiller4u@soup.io,Japan,Female,Ami,Meejo,63770.82,JPY
Dorothy,Wagner,dwagner4v@paginegialle.it,China,Female,Shigou,Oloo,62794.37,CNY
Ruby,Parker,rparker4w@guardian.co.uk,France,Female,Metz,LiveZ,14111.52,EUR
Cheryl,Barnes,cbarnes4x@engadget.com,Croatia,Female,Pag,Dabjam,17514.70,HRK
Anna,King,aking4y@theatlantic.com,Portugal,Female,Lavradio,Zoomzone,21969.25,EUR
Frank,Kim,fkim4z@imdb.com,France,Male,Paris 12,Dazzlesphere,64623.77,EUR
Brenda,Ruiz,bruiz50@va.gov,United States,Female,Garden Grove,Thoughtstorm,,USD
Billy,Morrison,bmorrison51@omniture.com,Honduras,Male,San Francisco de Coray,Voolia,15091.51,HNL
Joyce,Gonzales,jgonzales52@a8.net,China,Female,Erqu,Meezzy,75429.47,CNY
Carolyn,Reyes,creyes53@ebay.co.uk,Russia,Female,Synya,Kwideo,30324.09,RUB
Jean,Wright,jwright54@ftc.gov,Indonesia,Female,Woja,Einti,24500.60,IDR
Karen,Ruiz,kruiz55@shutterfly.com,Indonesia,Female,Pasirbatang,Devcast,54941.21,IDR
Anna,Simmons,asimmons56@tripod.com,Morocco,Female,Taouloukoult,Zoovu,3154.27,MAD
Kathryn,Brown,kbrown57@yandex.ru,United States,Female,West Palm Beach,Riffpath,59774.85,USD
Dorothy,Diaz,ddiaz58@myspace.com,Indonesia,Female,Karangtawar,Gabspot,,IDR
Elizabeth,Mills,emills59@princeton.edu,Indonesia,Female,Bukabu,Camimbo,,IDR
Joseph,Lewis,jlewis5a@wunderground.com,Indonesia,Male,Darungan,Fiveclub,134.68,IDR
Jesse,Thomas,jthomas5b@123-reg.co.uk,Indonesia,Male,Tukbur,Teklist,12917.09,IDR
Paul,Carter,pcarter5c@ft.com,Japan,Male,Tomioka,Jaxspan,52098.69,JPY
Robert,White,rwhite5d@army.mil,Indonesia,Male,Gogosuket,Gevee,43067.64,IDR
Anthony,Adams,aadams5e@scribd.com,China,Male,Yingpu,Roodel,75511.84,CNY
Steve,Perry,sperry5f@mayoclinic.com,North Korea,Male,Ongjin,Zooxo,55519.20,KPW
Rachel,Hughes,rhughes5g@mail.ru,Russia,Female,Shal’skiy,Avamba,57192.28,RUB
Emily,Gray,egray5h@thetimes.co.uk,Indonesia,Female,Tambaksari,Tagtune,88467.45,IDR
Kelly,Marshall,kmarshall5i@feedburner.com,Tanzania,Female,Namalenga,Skinix,25725.31,TZS
Kenneth,Martin,kmartin5j@photobucket.com,Ukraine,Male,Toshkivka,Gabvine,70387.97,UAH
Marilyn,Wagner,mwagner5k@webnode.com,China,Female,Shuihu,Avamba,52000.54,CNY
Fred,Torres,ftorres5l@cbslocal.com,France,Male,La Courneuve,Yakitri,40810.20,EUR
Marilyn,Ramirez,mramirez5m@seattletimes.com,Indonesia,Female,Banjarbaru,Photolist,99896.58,IDR
Shirley,Davis,sdavis5n@cisco.com,Thailand,Female,Ubonratana,Vitz,78054.08,THB
Jimmy,Thompson,jthompson5o@sphinn.com,Indonesia,Male,Semiring,Zooxo,57228.79,IDR
Brian,Jenkins,bjenkins5p@webnode.com,Croatia,Male,Pag,Voomm,3935.36,HRK
Heather,Gomez,hgomez5q@opera.com,Poland,Female,Rybnik,Plajo,43988.97,PLN
Chris,Weaver,cweaver5r@purevolume.com,Portugal,Male,Quinta,Avamba,38984.17,EUR
Debra,Martinez,dmartinez5s@vkontakte.ru,Cuba,Female,Caibarién,Topicware,,CUP
Pamela,Holmes,pholmes5t@digg.com,Democratic Republic of the Congo,Female,Basoko,Zoombox,26976.89,CDF
Denise,Peters,dpeters5u@narod.ru,China,Female,Guanlu,Skiptube,10564.16,CNY
Gerald,Nelson,gnelson5v@amazon.com,Indonesia,Male,Potlot,Babbleblab,6823.44,IDR
William,Kennedy,wkennedy5w@creativecommons.org,Brazil,Male,Jandira,Npath,61699.17,BRL
Joyce,Coleman,jcoleman5x@list-manage.com,Sudan,Female,Talodi,Jetwire,81633.47,SDG
Kathryn,Harper,kharper5y@paginegialle.it,Poland,Female,Stryków,Quimm,60256.13,PLN
Cheryl,Hunter,chunter5z@msu.edu,Indonesia,Female,Sukamaju,Gigabox,33221.62,IDR
Cynthia,Morgan,cmorgan60@marketwatch.com,China,Female,Cengjia,Dynabox,,CNY
Jason,Meyer,jmeyer61@angelfire.com,China,Male,Aba,Linkbridge,78785.17,CNY
Keith,Gonzalez,kgonzalez62@sphinn.com,Canada,Male,Swift Current,Zooxo,77930.43,CAD
Carl,Rivera,crivera63@paginegialle.it,Norway,Male,Oslo,Mybuzz,52022.59,NOK
Richard,Lopez,rlopez64@elpais.com,Russia,Male,Rassvet,Tazzy,71662.23,RUB
Robin,Young,ryoung65@timesonline.co.uk,Serbia,Female,Jevremovac,Kanoodle,57200.04,RSD
Dennis,Collins,dcollins66@cocolog-nifty.com,Brazil,Male,Vitória do Mearim,Omba,42826.62,BRL
Ruby,Schmidt,rschmidt67@rambler.ru,Brazil,Female,Marapanim,Skinte,95700.90,BRL
Alan,Johnson,ajohnson68@reddit.com,Indonesia,Male,Pangkungparuk,Eire,96499.89,IDR
Sharon,Willis,swillis69@businessinsider.com,China,Female,Hulitu,Rhynyx,,CNY
Donna,Porter,dporter6a@trellian.com,Namibia,Female,Okakarara,Oyope,39203.05,NAD
Cheryl,Hamilton,chamilton6b@hugedomains.com,Iran,Female,Kīsh,Meembee,22876.02,IRR
Bobby,Baker,bbaker6c@prnewswire.com,Poland,Male,Lubień,Yakijo,95095.58,PLN
Phyllis,Murray,pmurray6d@webeden.co.uk,Russia,Female,Tomilino,Vinte,41576.63,RUB
Eric,Arnold,earnold6e@zdnet.com,Kazakhstan,Male,Ilyich,Tagopia,,KZT
Harry,Diaz,hdiaz6f@163.com,Indonesia,Male,Cibaregbeg,Ntag,2388.26,IDR
Mildred,Bennett,mbennett6g@webnode.com,Albania,Female,Burrel,Bubbletube,14292.45,ALL
Irene,Bailey,ibailey6h@japanpost.jp,Brazil,Female,Serrinha,Eamia,91352.59,BRL
Cheryl,Smith,csmith6i@microsoft.com,Croatia,Female,Njivice,Abata,63982.44,HRK
Shawn,Robertson,srobertson6j@webs.com,Germany,Male,Frankfurt am Main,Babbleblab,19433.31,EUR
Mary,Holmes,mholmes6k@ed.gov,Poland,Female,Głuchów,Cogidoo,59106.97,PLN
Harold,Perkins,hperkins6l@nytimes.com,Indonesia,Male,Bukabu,Yakijo,6600.81,IDR
Heather,Rose,hrose6m@unicef.org,Indonesia,Female,Nagarakembang,Blogtags,5450.37,IDR
Sharon,Spencer,sspencer6n@nyu.edu,Serbia,Female,Sonta,Gabtune,88314.14,RSD
Randy,Olson,rolson6o@cisco.com,Peru,Male,Olmos,Topiczoom,,PEN
Jimmy,Collins,jcollins6p@addtoany.com,Mongolia,Male,Haylaastay,Babbleblab,61302.52,MNT
Robin,Gilbert,rgilbert6q@is.gd,China,Female,Shaliu,Gigashots,,CNY
Billy,Woods,bwoods6r@washingtonpost.com,Russia,Male,Taksimo,Thoughtworks,67538.41,RUB
Louise,Gordon,lgordon6s@last.fm,China,Female,Gangkoujie,Mybuzz,90620.80,CNY
Mary,Dean,mdean6t@irs.gov,Russia,Female,Babushkin,BlogXS,,RUB
Laura,Hanson,lhanson6u@meetup.com,Russia,Female,Mugi,Jaloo,,RUB
Adam,Stanley,astanley6v@yahoo.com,Philippines,Male,Tapel,Tambee,91045.81,PHP
Teresa,Cooper,tcooper6w@blogger.com,Russia,Female,Vatutino,Feedmix,38855.73,RUB
Eric,Sims,esims6x@dedecms.com,Colombia,Male,Río de Oro,Dynazzy,38804.85,COP
Heather,Williamson,hwilliamson6y@irs.gov,China,Female,Yuncheng,Wordtune,40997.85,CNY
Ernest,Kim,ekim6z@japanpost.jp,Bulgaria,Male,Smolyan,Mita,74098.04,BGN
Eric,Reid,ereid70@deliciousdays.com,Colombia,Male,Zarzal,Meevee,2534.01,COP
Ralph,Ellis,rellis71@hatena.ne.jp,Belarus,Male,Yubilyeyny,Buzzshare,87678.09,BYR
Antonio,Watkins,awatkins72@i2i.jp,Czech Republic,Male,Hazlov,Brainlounge,57542.17,CZK
Norma,Peterson,npeterson73@networksolutions.com,Russia,Female,Yessentukskaya,Wordify,78347.88,RUB
George,Burton,gburton74@macromedia.com,Colombia,Male,Acevedo,Realfire,48285.01,COP
Carolyn,King,cking75@arstechnica.com,Morocco,Female,Tabant,Digitube,64092.60,MAD
Michael,Perkins,mperkins76@csmonitor.com,Comoros,Male,Ntsoudjini,Topdrive,98508.22,KMF
Anthony,Foster,afoster77@ucoz.ru,China,Male,Chayuan,Avamba,80875.07,CNY
Jeffrey,Warren,jwarren78@bbc.co.uk,China,Male,Mafeng,Cogibox,78827.91,CNY
Gerald,Ward,gward79@posterous.com,Poland,Male,Skrwilno,Fatz,65747.36,PLN
Bobby,Myers,bmyers7a@arizona.edu,Portugal,Male,Venda,Ailane,79132.90,EUR
Arthur,Cruz,acruz7b@flickr.com,Japan,Male,Seto,Livefish,71799.36,JPY
Lisa,Baker,lbaker7c@msu.edu,China,Female,Daban,Pixonyx,22589.17,CNY
Heather,Stanley,hstanley7d@wufoo.com,Philippines,Female,Bitaogan,Muxo,,PHP
Gloria,Austin,gaustin7e@sina.com.cn,Guinea-Bissau,Female,Quebo,Aibox,,XOF
Ronald,Fields,rfields7f@amazon.co.uk,Mali,Male,Nioro,Layo,3416.42,XOF
Nicholas,Hernandez,nhernandez7g@liveinternet.ru,Peru,Male,Cahuanuyo,Wikibox,,PEN
Clarence,Stewart,cstewart7h@usda.gov,Thailand,Male,Khon San,Kazu,89004.07,THB
Joe,Clark,jclark7i@patch.com,Iran,Male,‘Alīābād-e Katūl,Voomm,74809.49,IRR
Lillian,Chavez,lchavez7j@princeton.edu,Belarus,Female,Lyuban’,Realblab,59002.23,BYR
Charles,Allen,callen7k@msu.edu,Philippines,Male,Magallanes,Feedfish,33725.11,PHP
Carlos,Nelson,cnelson7l@github.io,China,Male,Heshui,Rooxo,39033.74,CNY
Edward,Collins,ecollins7m@loc.gov,Libya,Male,Awjilah,Photojam,75470.13,LYD
Raymond,Duncan,rduncan7n@gizmodo.com,South Korea,Male,Kunsan,Centizu,80402.51,KRW
Bobby,Burke,bburke7o@posterous.com,Philippines,Male,Agusan,BlogXS,,PHP
Robert,Fowler,rfowler7p@europa.eu,Madagascar,Male,Maroantsetra,Oodoo,,MGA
Ashley,Stewart,astewart7q@noaa.gov,United States,Female,Odessa,Npath,36766.05,USD
Gerald,Green,ggreen7r@mac.com,Yemen,Male,Jiḩānah,Mycat,50020.80,YER
Margaret,Reyes,mreyes7s@loc.gov,Japan,Female,Fukura,Abata,,JPY
Wayne,Morgan,wmorgan7t@sakura.ne.jp,Japan,Male,Nakatsu,Linkbuzz,2100.60,JPY
Cheryl,Woods,cwoods7u@so-net.ne.jp,Nigeria,Female,Jalingo,Voonix,31671.77,NGN
Walter,Bell,wbell7v@etsy.com,Ukraine,Male,Koreiz,Blogtag,67881.61,UAH
Diane,Cooper,dcooper7w@furl.net,Philippines,Female,Enrile,Jaxbean,57878.10,PHP
Nancy,Russell,nrussell7x@mashable.com,China,Female,Yangshuo,Browsetype,,CNY
Charles,Allen,callen7y@usgs.gov,Libya,Male,Tobruk,Roodel,55108.18,LYD
Kathleen,Fowler,kfowler7z@shop-pro.jp,Brazil,Female,Jacaraú,Thoughtstorm,39711.85,BRL
Peter,Murray,pmurray80@tinyurl.com,Portugal,Male,Fradelos,Muxo,81420.64,EUR
Benjamin,Morales,bmorales81@oracle.com,Mexico,Male,Luis Donaldo Colosio,Yotz,28792.80,MXN
Sarah,Ross,sross82@indiatimes.com,Morocco,Female,Taouima,Skiba,51405.70,MAD
Kelly,Perkins,kperkins83@networksolutions.com,Croatia,Female,Zagreb,Brightdog,65756.26,HRK
Jerry,Carroll,jcarroll84@drupal.org,China,Male,Tianchi,Zoomdog,65853.12,CNY
Lori,Alvarez,lalvarez85@jugem.jp,Uruguay,Female,Belén,Realpoint,14005.98,UYU
Theresa,Dean,tdean86@apple.com,Poland,Female,Wąsosz,Trilith,92036.60,PLN
Sean,Riley,sriley87@eepurl.com,Faroe Islands,Male,Argir,Thoughtbeat,,DKK
Norma,Russell,nrussell88@exblog.jp,China,Female,Qingduizi,Blogtag,88677.15,CNY
Jacqueline,Carter,jcarter89@ucsd.edu,China,Female,Qijiang,Twitterbeat,45273.99,CNY
Louis,Andrews,landrews8a@hc360.com,Portugal,Male,Chafé,Plambee,80636.04,EUR
Karen,Bailey,kbailey8b@sfgate.com,Mexico,Female,El Potrero,Mita,,MXN
Joe,Gomez,jgomez8c@list-manage.com,China,Male,Oroin Xibe,Youtags,96650.83,CNY
Eric,Wagner,ewagner8d@indiegogo.com,Brazil,Male,São João da Barra,Voomm,15665.46,BRL
Phyllis,Henderson,phenderson8e@aboutads.info,Thailand,Female,Nong Bua Daeng,Avavee,4476.65,THB
Anne,Harvey,aharvey8f@constantcontact.com,Denmark,Female,København,Blogpad,,DKK
Carol,Nelson,cnelson8g@merriam-webster.com,Greece,Female,Asprángeloi,Quamba,33758.58,EUR
Judy,Kennedy,jkennedy8h@smh.com.au,Ukraine,Female,Richky,Eabox,54578.87,UAH
Donald,Russell,drussell8i@bluehost.com,Mexico,Male,Vicente Guerrero,Realbridge,69438.14,MXN
Lawrence,Stanley,lstanley8j@comsenz.com,Slovenia,Male,Komenda,Vipe,35231.38,EUR
Christina,Warren,cwarren8k@forbes.com,Bulgaria,Female,Mŭglizh,Cogilith,71828.84,BGN
Jimmy,Morrison,jmorrison8l@a8.net,Indonesia,Male,Lubuk Sikaping,Gabcube,68160.55,IDR
Walter,Cox,wcox8m@biblegateway.com,Finland,Male,Imatra,Nlounge,82240.41,EUR
Keith,Barnes,kbarnes8n@cyberchimps.com,China,Male,Huacheng,Skiptube,26760.52,CNY
Ronald,Meyer,rmeyer8o@omniture.com,Philippines,Male,Balinad,Camido,10481.29,PHP
Elizabeth,Berry,eberry8p@nih.gov,Philippines,Female,Atimonan,Gabcube,98215.24,PHP
Todd,Bailey,tbailey8q@ning.com,China,Male,Qinjia,Talane,77666.80,CNY
Irene,Roberts,iroberts8r@vimeo.com,Japan,Female,Nichinan,Edgepulse,14809.91,JPY
Gloria,Hunter,ghunter8s@geocities.com,Angola,Female,Namibe,Divavu,9248.97,AOA
Catherine,Barnes,cbarnes8t@si.edu,Poland,Female,Czerniewice,Reallinks,19772.40,PLN
Ashley,Lawrence,alawrence8u@wsj.com,Ukraine,Female,Topory,Skajo,80296.56,UAH
Ronald,Robinson,rrobinson8v@mapquest.com,Czech Republic,Male,Rýmařov,Aimbo,11870.20,CZK
Barbara,Ryan,bryan8w@mac.com,Russia,Female,Medvezh’yegorsk,Kwilith,7716.49,RUB
Paula,Jones,pjones8x@cisco.com,Portugal,Female,Valeirinha,Edgeblab,32276.09,EUR
Brandon,Lewis,blewis8y@seattletimes.com,Finland,Male,Koski Tl,Abata,77134.18,EUR
Joe,Brown,jbrown8z@oaic.gov.au,Mongolia,Male,Duut,Devbug,36914.49,MNT
Ernest,Smith,esmith90@youtube.com,Japan,Male,Komatsushimachō,Shuffletag,47677.41,JPY
William,Hayes,whayes91@howstuffworks.com,China,Male,Zhayang,Jazzy,31956.06,CNY
Tina,Lawson,tlawson92@hhs.gov,Venezuela,Female,Capacho Nuevo,Photobug,21721.52,VEF
Theresa,Flores,tflores93@time.com,Ukraine,Female,Pomichna,Zoombeat,15925.57,UAH
Ruth,Garrett,rgarrett94@techcrunch.com,Venezuela,Female,Anaco,Tazzy,7838.77,VEF
Christine,Ray,cray95@dell.com,Sweden,Female,Hässleholm,Meeveo,2127.46,SEK
Henry,Carr,hcarr96@seattletimes.com,Vietnam,Male,Thị Trấn Lâm,Demizz,86319.50,VND
Gloria,Ellis,gellis97@webeden.co.uk,Vietnam,Female,Kiên Lương,Tavu,93805.81,VND
Paula,Simmons,psimmons98@booking.com,Morocco,Female,Kariat Arkmane,Skyba,69173.33,MAD
Theresa,Garza,tgarza99@umich.edu,China,Female,Cishangang,Mynte,,CNY
Brenda,Graham,bgraham9a@wikipedia.org,Indonesia,Female,Lamawalang,Aibox,3199.80,IDR
Gregory,Kelly,gkelly9b@gmpg.org,Chile,Male,Purranque,Edgewire,64483.77,CLP
John,Bryant,jbryant9c@redcross.org,Uganda,Male,Katakwi,Zazio,67524.18,UGX
Diana,Oliver,doliver9d@imgur.com,China,Female,Gongli,Yabox,8765.86,CNY
Victor,Meyer,vmeyer9e@va.gov,Morocco,Male,Jerada,Fivechat,22119.30,MAD
Keith,Williams,kwilliams9f@msu.edu,Ireland,Male,Beaumont,Eare,9941.58,EUR
Ann,Campbell,acampbell9g@smugmug.com,Croatia,Female,Turanj,Kimia,83923.27,HRK
Thomas,Gutierrez,tgutierrez9h@liveinternet.ru,Afghanistan,Male,Amānzī,Jaxspan,40916.57,AFN
Eric,Wilson,ewilson9i@xrea.com,Russia,Male,Maromitsa,InnoZ,13637.99,RUB
Cheryl,Gutierrez,cgutierrez9j@naver.com,Nepal,Female,Rājbirāj,Abatz,43888.63,NPR
Terry,Owens,towens9k@hao123.com,Russia,Male,Barnaul,Skyba,53326.71,RUB
Helen,Lane,hlane9l@github.com,Indonesia,Female,Kotes,Wikizz,42408.78,IDR
Frank,Butler,fbutler9m@themeforest.net,Brazil,Male,Erechim,Voonyx,25846.80,BRL
Ruby,Foster,rfoster9n@vinaora.com,Jamaica,Female,Linstead,Twinte,10654.36,JMD
Jimmy,Scott,jscott9o@ustream.tv,China,Male,Xishui,Zoozzy,81971.53,CNY
Jeremy,Hart,jhart9p@weather.com,China,Male,Huangshui,Eazzy,30801.25,CNY
Rebecca,Simpson,rsimpson9q@ocn.ne.jp,Thailand,Female,Soeng Sang,Edgeclub,94718.76,THB
Mildred,Carr,mcarr9r@bloglines.com,Brazil,Female,Uarini,Kimia,46519.38,BRL
Carl,Pierce,cpierce9s@theatlantic.com,Zambia,Male,Mpongwe,Skaboo,65754.02,ZMW
Todd,Fuller,tfuller9t@xrea.com,Portugal,Male,Lavradio,Tanoodle,59256.77,EUR
Steven,Hart,shart9u@irs.gov,Philippines,Male,Loacan,Gigazoom,49871.20,PHP
Barbara,Bennett,bbennett9v@google.ru,Thailand,Female,Kaeng Khro,Camido,62641.44,THB
Elizabeth,Duncan,eduncan9w@reverbnation.com,Kuwait,Female,Al Funayţīs,Quinu,28516.40,KWD
Joshua,Wallace,jwallace9x@netvibes.com,Palestinian Territory,Male,Khān Yūnis,Quimm,,ILS
Bonnie,Howell,bhowell9y@ocn.ne.jp,Indonesia,Female,Sarangmeduro,Aimbu,78682.08,IDR
Harry,Stewart,hstewart9z@ow.ly,Mexico,Male,Independencia,Livefish,82012.45,MXN
Louis,Gonzales,lgonzalesa0@unesco.org,Poland,Male,Szczerbice,Riffpath,29914.90,PLN
Steve,Henderson,shendersona1@businesswire.com,Czech Republic,Male,Mladá Boleslav,Bluejam,37476.89,CZK
Gary,Jenkins,gjenkinsa2@theglobeandmail.com,China,Male,Lincuo,Vitz,,CNY
Andrew,Flores,afloresa3@psu.edu,Malaysia,Male,Petaling Jaya,Reallinks,65248.34,MYR
Emily,Clark,eclarka4@phoca.cz,Afghanistan,Female,Charikar,Edgetag,89363.56,AFN
Lori,Johnston,ljohnstona5@bluehost.com,China,Female,Tanghu,Skinder,5510.18,CNY
Gerald,Lawrence,glawrencea6@amazon.de,Honduras,Male,Toyós,Mymm,39035.73,HNL
Donald,Tucker,dtuckera7@redcross.org,Indonesia,Male,Banjar Jambe Baleran,Photolist,62292.54,IDR
Frank,Scott,fscotta8@php.net,China,Male,Shangjing,Zoombeat,1919.07,CNY
Andrew,Scott,ascotta9@github.io,Portugal,Male,Igreja,Riffwire,14960.30,EUR
Evelyn,Stewart,estewartaa@hexun.com,Egypt,Female,Damanhūr,Gigazoom,51515.10,EGP
Terry,Kennedy,tkennedyab@skyrock.com,Iraq,Male,Baghdad,Einti,,IQD
Paula,Welch,pwelchac@theglobeandmail.com,Indonesia,Female,Sangari,Edgeify,55694.37,IDR
Donald,Palmer,dpalmerad@eventbrite.com,Greece,Male,Nidri,Dazzlesphere,,EUR
Harold,Parker,hparkerae@salon.com,Philippines,Male,Tamisan,Eamia,,PHP
Steve,Harrison,sharrisonaf@addtoany.com,Papua New Guinea,Male,Ambunti,Katz,50754.24,PGK
Deborah,Ramos,dramosag@phpbb.com,Philippines,Female,Pinaring,Skiba,,PHP
Walter,Murphy,wmurphyah@apple.com,Nicaragua,Male,Jiquilillo,Quimm,31945.32,NIO
Scott,Kelly,skellyai@google.com.au,China,Male,Jincheng,Fadeo,44889.10,CNY
Frank,Bradley,fbradleyaj@4shared.com,China,Male,Pujiang,Blogtag,18854.87,CNY
Louise,Olson,lolsonak@eepurl.com,Argentina,Female,San Isidro,Kazio,65990.96,ARS
Craig,Young,cyoungal@yale.edu,Russia,Male,Bamut,Ozu,42238.84,RUB
Aaron,Williams,awilliamsam@dion.ne.jp,Laos,Male,Xaysetha,Skivee,65264.53,LAK
Gerald,Morgan,gmorganan@google.com.br,Tanzania,Male,Bungu,Edgepulse,44352.81,TZS
Ryan,Carpenter,rcarpenterao@google.com.hk,Indonesia,Male,Bangkal,Snaptags,41333.26,IDR
Helen,Kelley,hkelleyap@dailymotion.com,China,Female,Qimeng,Feedfish,71965.62,CNY
Gary,Wilson,gwilsonaq@storify.com,China,Male,Huifa,Roomm,4325.44,CNY
Alice,Perry,aperryar@nymag.com,China,Female,Xiong’erzhai,Quire,39540.13,CNY
Timothy,Dixon,tdixonas@t-online.de,Indonesia,Male,Cigarogol,Flashset,46238.01,IDR
Gary,Russell,grussellat@istockphoto.com,Indonesia,Male,Lojejerkrajan,Edgetag,79480.98,IDR
Nicole,Kennedy,nkennedyau@over-blog.com,Sweden,Female,Bromma,Yozio,98147.85,SEK
Margaret,Harvey,mharveyav@mayoclinic.com,Indonesia,Female,Petong,Zoonoodle,9786.26,IDR
Gerald,Rogers,grogersaw@sitemeter.com,Canada,Male,Sylvan Lake,Gigashots,51209.82,CAD
Robin,Baker,rbakerax@homestead.com,Ukraine,Female,Strabychovo,Eabox,14890.76,UAH
Richard,Dixon,rdixonay@ftc.gov,United States,Male,Boise,Topiclounge,12711.18,USD
Kelly,Rice,kriceaz@uiuc.edu,Philippines,Female,San Julian,Tekfly,76547.48,PHP
Harry,Woods,hwoodsb0@shareasale.com,Palestinian Territory,Male,Jammā‘īn,Realcube,18706.23,ILS
Ryan,Mitchell,rmitchellb1@live.com,Russia,Male,Kondrovo,Zoovu,31153.64,RUB
Robin,Mccoy,rmccoyb2@psu.edu,China,Female,Songjianghe,Flashset,65177.14,CNY
Norma,Davis,ndavisb3@google.it,Sweden,Female,Robertsfors,Kare,13832.88,SEK
Joan,Lane,jlaneb4@whitehouse.gov,Slovenia,Female,Pameče,Geba,45263.60,EUR
Rose,Henderson,rhendersonb5@wordpress.com,South Africa,Female,Utrecht,Wikizz,46319.47,ZAR
Howard,Foster,hfosterb6@howstuffworks.com,China,Male,Shanglaxiu,Livepath,43256.21,CNY
Gerald,Elliott,gelliottb7@discovery.com,Bangladesh,Male,Teknāf,Talane,70162.31,BDT
Walter,Gray,wgrayb8@scientificamerican.com,Russia,Male,Galitsy,Kamba,10146.31,RUB
Donald,Franklin,dfranklinb9@t.co,Indonesia,Male,Serang,Jaxbean,,IDR
Jennifer,Harper,jharperba@cbslocal.com,France,Female,Avignon,Quatz,54025.45,EUR
Lois,Kim,lkimbb@loc.gov,China,Female,Hebi,Fiveclub,96434.51,CNY
Douglas,Freeman,dfreemanbc@soup.io,Philippines,Male,New Panamao,Skyndu,4043.08,PHP
Elizabeth,Parker,eparkerbd@purevolume.com,China,Female,Song’ao,Devshare,85819.38,CNY
Robin,Parker,rparkerbe@cyberchimps.com,China,Female,Qiling,Devpulse,92957.05,CNY
Bonnie,Stevens,bstevensbf@linkedin.com,Russia,Female,Kaa-Khem,Youspan,88056.81,RUB
Amanda,Coleman,acolemanbg@google.ru,Swaziland,Female,Tshaneni,Edgeblab,43836.26,SZL
Ruby,Moreno,rmorenobh@microsoft.com,Cambodia,Female,Lumphăt,Tagfeed,94736.90,KHR
Lois,Chapman,lchapmanbi@phoca.cz,United States,Female,West Palm Beach,Oba,24607.49,USD
Christine,Robertson,crobertsonbj@reference.com,Brazil,Female,Nobres,Kanoodle,46402.39,BRL
Jane,Hanson,jhansonbk@blogs.com,United States,Female,Lees Summit,Realcube,36700.35,USD
Ruth,Burke,rburkebl@reverbnation.com,Russia,Female,Abaza,Thoughtbeat,20710.80,RUB
Christopher,Wilson,cwilsonbm@pbs.org,China,Male,Xazgat,Buzzdog,3678.60,CNY
Jessica,Morgan,jmorganbn@tamu.edu,Czech Republic,Female,Vřesina,Skajo,5327.04,CZK
Brandon,Dixon,bdixonbo@flickr.com,Armenia,Male,Hrazdan,Wordpedia,96254.24,AMD
Anthony,Gomez,agomezbp@bizjournals.com,China,Male,Lishui,Skippad,63982.38,CNY
John,Hall,jhallbq@infoseek.co.jp,Philippines,Male,Nagpandayan,Yodel,22130.99,PHP
Cheryl,Hill,chillbr@theglobeandmail.com,France,Female,Paris 05,Photolist,,EUR
Billy,Cole,bcolebs@typepad.com,Kyrgyzstan,Male,Kara Suu,Voonix,43969.19,KGS
Sandra,Duncan,sduncanbt@gnu.org,China,Female,Zongzhai,Youspan,,CNY
Paul,Gardner,pgardnerbu@taobao.com,Russia,Male,Spokoynaya,Rhyzio,97990.80,RUB
Victor,Webb,vwebbbv@geocities.jp,Sweden,Male,Gävle,Zoovu,89708.74,SEK
Wanda,Boyd,wboydbw@slashdot.org,Thailand,Female,Nakhon Ratchasima,Einti,82536.24,THB
David,Jones,djonesbx@comcast.net,China,Male,Shangxing,Oyoba,67407.44,CNY
Wanda,Adams,wadamsby@histats.com,China,Female,Dongcun,Jaloo,95073.71,CNY
Ruby,Adams,radamsbz@miibeian.gov.cn,Afghanistan,Female,Balkh,Photolist,46985.58,AFN
Heather,Thomas,hthomasc0@360.cn,Morocco,Female,Fès,Skimia,35047.81,MAD
Amanda,Cruz,acruzc1@china.com.cn,United States,Female,El Paso,Gigazoom,33151.75,USD
Betty,Garcia,bgarciac2@addthis.com,Poland,Female,Szubin,Zooveo,45370.15,PLN
Jacqueline,Morrison,jmorrisonc3@uol.com.br,Laos,Female,Xiang Ngeun,Mydo,70622.19,LAK
Amanda,Foster,afosterc4@sciencedirect.com,Indonesia,Female,Tiyingtali Kelod,Feedmix,53549.19,IDR
Robin,Wood,rwoodc5@cdc.gov,Greece,Female,Svorónos,Flashpoint,,EUR
Brandon,Ellis,bellisc6@sun.com,Mayotte,Male,Koungou,Yodel,27992.87,EUR
Justin,Knight,jknightc7@newyorker.com,Argentina,Male,Santiago del Estero,Einti,13814.45,ARS
Ruth,Spencer,rspencerc8@epa.gov,China,Female,Yedun,Jaloo,59336.65,CNY
Albert,Watkins,awatkinsc9@wordpress.com,China,Male,Shuanghe,Minyx,23098.59,CNY
Arthur,Stewart,astewartca@google.com.au,China,Male,Kouqian,Yamia,34386.75,CNY
Brian,Larson,blarsoncb@ameblo.jp,Panama,Male,Jaqué,Fatz,39789.67,PAB
Julie,Flores,jflorescc@noaa.gov,Poland,Female,Pszczyna,Skippad,86608.19,PLN
Eugene,Harris,eharriscd@accuweather.com,Brazil,Male,Pinheiro,Eamia,27830.50,BRL
Jose,Carr,jcarrce@uol.com.br,Uganda,Male,Kanoni,Katz,41505.08,UGX
Peter,Fisher,pfishercf@ed.gov,Greece,Male,Skoútari,Zoombeat,56545.90,EUR
Amanda,Stephens,astephenscg@odnoklassniki.ru,Mongolia,Female,Öldziyt,InnoZ,37945.24,MNT
Martha,Martin,mmartinch@engadget.com,Mongolia,Female,Shiree,Tazzy,8310.75,MNT
Nicholas,Fox,nfoxci@csmonitor.com,Russia,Male,Drakino,Mycat,97371.99,RUB
David,Carroll,dcarrollcj@bloglines.com,Argentina,Male,Neuquén,Tazzy,47669.49,ARS
Victor,Perkins,vperkinsck@bloglines.com,Indonesia,Male,Bogorejo,Jabbertype,11425.82,IDR
Kathryn,Hansen,khansencl@themeforest.net,France,Female,Avignon,Skajo,54258.23,EUR
Carl,Burns,cburnscm@behance.net,Philippines,Male,Naguilian,Ailane,9519.76,PHP
Lillian,Ray,lraycn@usda.gov,Cameroon,Female,Tiko,Cogilith,22881.89,XAF
Robert,Richards,rrichardsco@so-net.ne.jp,Colombia,Male,Puerto Asís,Centimia,71879.49,COP
Chris,Perez,cperezcp@privacy.gov.au,Ukraine,Male,Chervonohryhorivka,Flashpoint,75720.18,UAH
Marie,Elliott,melliottcq@elegantthemes.com,Japan,Female,Tomioka,Rhyzio,72236.05,JPY
Virginia,Campbell,vcampbellcr@gnu.org,Poland,Female,Chojna,Zazio,26553.44,PLN
Adam,Simpson,asimpsoncs@archive.org,China,Male,Mingshui,Skidoo,53287.48,CNY
Richard,Sanchez,rsanchezct@nsw.gov.au,Saudi Arabia,Male,Şabyā,Tagtune,66536.93,SAR
Henry,Hall,hhallcu@xing.com,Russia,Male,Seshcha,Camido,43184.27,RUB
Kevin,Burton,kburtoncv@yellowpages.com,Portugal,Male,Quintão,Omba,90471.19,EUR
Cynthia,Wells,cwellscw@moonfruit.com,China,Female,Xichehe,Twinte,97661.32,CNY
Susan,Edwards,sedwardscx@hatena.ne.jp,Ukraine,Female,Shklo,Voomm,12504.55,UAH
Donna,Stanley,dstanleycy@si.edu,Philippines,Female,Banag,Brainlounge,45725.90,PHP
Paula,Medina,pmedinacz@yahoo.co.jp,French Polynesia,Female,Taunoa,Skyble,92790.20,XPF
Eric,Bryant,ebryantd0@elegantthemes.com,Burkina Faso,Male,Sapouy,Ntag,5069.85,XOF
Susan,Medina,smedinad1@ucla.edu,Indonesia,Female,Jembayan Hitam,Gabspot,50377.40,IDR
Nancy,Ryan,nryand2@oakley.com,France,Female,Levallois-Perret,Jayo,46440.56,EUR
Samuel,Willis,swillisd3@surveymonkey.com,Saudi Arabia,Male,Qal‘at Bīshah,Fivechat,35583.37,SAR
Randy,Taylor,rtaylord4@dyndns.org,Indonesia,Male,Neglasari,Zoomzone,18893.45,IDR
Christine,Crawford,ccrawfordd5@google.cn,China,Female,Yongfeng,Yoveo,84865.96,CNY
Bonnie,Perry,bperryd6@abc.net.au,Indonesia,Female,Sukoreno,Dazzlesphere,3275.79,IDR
Jesse,Mendoza,jmendozad7@wordpress.org,Canada,Male,Carbonear,Fliptune,28092.71,CAD
Aaron,Moore,amoored8@who.int,Cuba,Male,Camagüey,Yombu,53668.06,CUP
Maria,Hughes,mhughesd9@bravesites.com,Serbia,Female,Čačak,Jabbersphere,7213.88,RSD
Nicholas,Carroll,ncarrollda@loc.gov,Indonesia,Male,Weetobula,Feedspan,23460.24,IDR
Russell,Henry,rhenrydb@sciencedirect.com,Philippines,Male,Caigangan,Babblestorm,8824.27,PHP
Rebecca,Lane,rlanedc@creativecommons.org,Portugal,Female,Arcossó,Aimbu,51107.60,EUR
Randy,Fowler,rfowlerdd@theglobeandmail.com,China,Male,Huadian,Oyoloo,94334.40,CNY
Lawrence,Jackson,ljacksonde@rediff.com,Finland,Male,Piippola,Oyondu,31245.63,EUR
Karen,Hunt,khuntdf@edublogs.org,China,Female,Hetang,Thoughtstorm,63362.20,CNY
Diane,Dixon,ddixondg@dedecms.com,Afghanistan,Female,Wuṯahpūr,Demimbu,26846.92,AFN
Albert,Baker,abakerdh@tuttocitta.it,Estonia,Male,Saue,Twinder,49743.59,EUR
Karen,Burton,kburtondi@rakuten.co.jp,Indonesia,Female,Dalam,Wordtune,47156.25,IDR
Jacqueline,Nichols,jnicholsdj@archive.org,China,Female,Dongsheng,Kimia,30589.64,CNY
Louis,Simpson,lsimpsondk@google.de,Poland,Male,Jeżów,Edgewire,66212.29,PLN
Peter,Russell,prusselldl@linkedin.com,Russia,Male,Zhukovka,Wikizz,38564.95,RUB
Eric,Andrews,eandrewsdm@networksolutions.com,Philippines,Male,Tabunok,Yadel,2587.71,PHP
Roy,Stewart,rstewartdn@theguardian.com,Latvia,Male,Valka,Browsetype,20088.30,EUR
Alan,Graham,agrahamdo@nymag.com,Belarus,Male,Zaslawye,Mycat,30339.93,BYR
Eric,Hanson,ehansondp@walmart.com,Brazil,Male,Itajubá,Skimia,23896.75,BRL
Mildred,Fowler,mfowlerdq@yahoo.com,Poland,Female,Mielec,Gigazoom,22080.31,PLN
Harold,Washington,hwashingtondr@ucoz.ru,Fiji,Male,Levuka,Flipopia,61079.39,FJD
Timothy,Lynch,tlynchds@wisc.edu,China,Male,Xinan,Browsebug,,CNY
Roy,Burke,rburkedt@example.com,Indonesia,Male,Sidomulyo,Janyx,30701.09,IDR
Bobby,Young,byoungdu@facebook.com,China,Male,Kupu,Thoughtstorm,20087.69,CNY
Dorothy,Reid,dreiddv@qq.com,China,Female,Golug,Buzzbean,47916.04,CNY
Pamela,Howard,phowarddw@wix.com,China,Female,Huocheng,Yakijo,95764.05,CNY
Brandon,Ortiz,bortizdx@blogger.com,China,Male,Maogang,LiveZ,60215.83,CNY
Andrew,Roberts,arobertsdy@home.pl,Ukraine,Male,Zboriv,Zoomzone,29341.67,UAH
Carol,Roberts,crobertsdz@ning.com,Brazil,Female,Rio das Ostras,Oyope,51183.55,BRL
Julie,Patterson,jpattersone0@webs.com,Poland,Female,Sępólno Krajeńskie,Flashspan,90074.91,PLN
Joseph,Mason,jmasone1@skyrock.com,China,Male,Xinzheng,Wikivu,63860.62,CNY
Lori,King,lkinge2@hao123.com,Serbia,Female,Niška Banja,Devshare,49071.61,RSD
Mildred,Duncan,mduncane3@ovh.net,Peru,Female,Chosica,Thoughtblab,28946.61,PEN
Andrew,Garrett,agarrette4@narod.ru,Finland,Male,Suodenniemi,Mycat,79224.80,EUR
Sarah,Dunn,sdunne5@google.com,Mexico,Female,Santa Rosa,Devpulse,36526.93,MXN
Carlos,Jenkins,cjenkinse6@wikia.com,Philippines,Male,Burgos,Feedfish,18839.18,PHP
Diane,Perez,dpereze7@washington.edu,China,Female,Taipingzhuang,Jetpulse,77941.15,CNY
Jacqueline,Diaz,jdiaze8@photobucket.com,Albania,Female,Labinot-Mal,Talane,37514.07,ALL
Henry,Ellis,hellise9@epa.gov,Vietnam,Male,Phù Mỹ,Jabberstorm,47786.96,VND
Elizabeth,Bradley,ebradleyea@wp.com,Russia,Female,Mugi,Realbridge,92594.71,RUB
Douglas,Moreno,dmorenoeb@abc.net.au,North Korea,Male,Aoji-ri,Jaxworks,29970.24,KPW
Steve,Olson,solsonec@eepurl.com,Russia,Male,Leninskiy,Mynte,31817.92,RUB
Donald,Green,dgreened@umich.edu,China,Male,Zhen’an,Zoozzy,75416.37,CNY
Michelle,Little,mlittleee@merriam-webster.com,China,Female,Jinhe,Jatri,76009.90,CNY
Helen,Dunn,hdunnef@deliciousdays.com,Russia,Female,Votkinsk,Devbug,72341.93,RUB
Martha,White,mwhiteeg@github.com,Poland,Female,Kraków,Edgeblab,96043.91,PLN
Ronald,Berry,rberryeh@apple.com,South Korea,Male,Gyeongsan-si,Skiptube,87775.77,KRW
Jeremy,Cook,jcookei@discovery.com,Philippines,Male,San Fernando,Yodel,22930.94,PHP
Willie,Wright,wwrightej@sbwire.com,Indonesia,Male,Meringkik,Bubbletube,23227.39,IDR
Thomas,Gonzalez,tgonzalezek@cyberchimps.com,Ukraine,Male,Kostyantynivka,Zoomdog,11313.88,UAH
Ryan,Powell,rpowellel@posterous.com,Philippines,Male,Biasong,Trunyx,31270.86,PHP
Christopher,Bradley,cbradleyem@creativecommons.org,Dominican Republic,Male,Moca,Kayveo,34537.96,DOP
Kimberly,Thompson,kthompsonen@sina.com.cn,South Africa,Female,Garies,Feedbug,53161.58,ZAR
Lori,Burke,lburkeeo@ucsd.edu,Luxembourg,Female,Septfontaines,Ozu,57345.22,EUR
Laura,Gordon,lgordonep@etsy.com,Philippines,Female,Marogong,Edgeblab,72783.14,PHP
Stephen,Henry,shenryeq@indiatimes.com,Russia,Male,Nurlat,Aimbo,89552.50,RUB
Linda,Gonzales,lgonzaleser@printfriendly.com,Cuba,Female,Habana del Este,Meemm,58515.48,CUP
Sara,Hansen,shansenes@cyberchimps.com,Mexico,Female,Niños Heroes,Thoughtstorm,,MXN
Jimmy,Elliott,jelliottet@elpais.com,Portugal,Male,Vila Real de Santo António,Realbuzz,71665.34,EUR
Betty,Stewart,bstewarteu@indiatimes.com,Portugal,Female,Morgados,Skippad,67479.28,EUR
Terry,Wells,twellsev@privacy.gov.au,Ukraine,Male,Netishyn,Wikizz,19504.50,UAH
Melissa,Butler,mbutlerew@unesco.org,China,Female,Nancheng,Camido,32334.30,CNY
John,Nelson,jnelsonex@technorati.com,Slovenia,Male,Tišina,Aibox,9706.04,EUR
Charles,Alvarez,calvarezey@yahoo.co.jp,Uruguay,Male,Vichadero,Snaptags,73651.22,UYU
Joseph,Ramos,jramosez@opensource.org,Serbia,Male,Rumenka,Wordify,22959.50,RSD
Karen,Wheeler,kwheelerf0@statcounter.com,Russia,Female,Pregradnaya,Cogibox,68104.95,RUB
Joe,Richardson,jrichardsonf1@imdb.com,China,Male,Hexi,Leenti,72783.02,CNY
Craig,Woods,cwoodsf2@dell.com,Canada,Male,Weyburn,Kare,2224.21,CAD
Richard,Lawrence,rlawrencef3@unesco.org,Argentina,Male,Neuquén,Linktype,26788.69,ARS
Jacqueline,Berry,jberryf4@360.cn,Portugal,Female,Roliça,Voolia,80389.41,EUR
Roger,Richardson,rrichardsonf5@umn.edu,Russia,Male,Kultayevo,Skidoo,9327.17,RUB
Maria,Warren,mwarrenf6@geocities.com,Philippines,Female,Tambac,Babblestorm,79862.53,PHP
Jack,Andrews,jandrewsf7@boston.com,Philippines,Male,Balibagan Oeste,Linkbuzz,,PHP
Alice,Ruiz,aruizf8@theglobeandmail.com,Indonesia,Female,Tunggaoen Timur,Mita,18205.84,IDR
Tina,Hayes,thayesf9@google.com.br,China,Female,Longxi,Yodel,16783.52,CNY
Jessica,Lee,jleefa@webnode.com,Indonesia,Female,Sukawening,Meeveo,19237.01,IDR
Wayne,Berry,wberryfb@cmu.edu,China,Male,Hutang,Aimbo,72256.79,CNY
Beverly,Brown,bbrownfc@bloglines.com,Indonesia,Female,Cipari,Chatterpoint,54989.53,IDR
Ruth,Hansen,rhansenfd@hp.com,Russia,Female,Lobanovo,Gigaclub,61378.00,RUB
Earl,Black,eblackfe@vinaora.com,Poland,Male,Pasłęk,Jaxworks,77159.70,PLN
Joshua,Coleman,jcolemanff@kickstarter.com,China,Male,Linjiang,Thoughtstorm,51558.18,CNY
Cynthia,Holmes,cholmesfg@indiegogo.com,Indonesia,Female,Tobelo,Yata,81696.76,IDR
Ruby,Ross,rrossfh@merriam-webster.com,Indonesia,Female,Cungapmimbo,Edgepulse,89570.97,IDR
Ruby,Gutierrez,rgutierrezfi@globo.com,Belarus,Female,Karelichy,Buzzbean,49866.17,BYR
Patricia,Boyd,pboydfj@fc2.com,Indonesia,Female,Cikendi,Pixonyx,92824.35,IDR
Carol,Watkins,cwatkinsfk@aol.com,Czech Republic,Female,Červené Pečky,Dabtype,28613.59,CZK
Douglas,Perry,dperryfl@cmu.edu,China,Male,Guxi,Skynoodle,9255.67,CNY
Dennis,Morris,dmorrisfm@gizmodo.com,Vietnam,Male,Bác Ái,Demimbu,,VND
Bonnie,Scott,bscottfn@si.edu,Hungary,Female,Budapest,Photofeed,86857.96,HUF
Brandon,Bryant,bbryantfo@google.cn,Philippines,Male,Limon,Twitterlist,41843.14,PHP
Phyllis,Ward,pwardfp@state.tx.us,Norway,Female,Steinkjer,Yamia,90180.60,NOK
Harry,Sims,hsimsfq@typepad.com,Ukraine,Male,Verenchanka,Flashpoint,99721.92,UAH
Tina,Watkins,twatkinsfr@usnews.com,Brazil,Female,Barueri,Photobean,19030.99,BRL
Jesse,Boyd,jboydfs@tripadvisor.com,Finland,Male,Kuivaniemi,Voomm,37290.41,EUR
Jason,Olson,jolsonft@patch.com,China,Male,Longsha,Devify,79675.84,CNY
Jennifer,Simmons,jsimmonsfu@europa.eu,Indonesia,Female,Tetandara,Dynazzy,80837.70,IDR
Patrick,Davis,pdavisfv@usa.gov,South Korea,Male,Sogcho,Wikizz,8200.08,KRW
Ashley,Wheeler,awheelerfw@amazon.co.uk,Philippines,Female,Bacag,Meetz,99816.00,PHP
Lori,Murray,lmurrayfx@1und1.de,China,Female,Xinpu,Oyoyo,,CNY
Benjamin,Kim,bkimfy@epa.gov,Portugal,Male,Pedroso,Leenti,41212.20,EUR
Antonio,Fowler,afowlerfz@comsenz.com,Nigeria,Male,Ila Orangun,Demizz,19102.83,NGN
Timothy,Elliott,telliottg0@ning.com,China,Male,Xinan,Zoovu,45380.68,CNY
Harry,Mccoy,hmccoyg1@imageshack.us,Pakistan,Male,Malakand,Ooba,93577.51,PKR
Shawn,Crawford,scrawfordg2@cafepress.com,Argentina,Male,Bernardo de Irigoyen,Zoovu,77718.91,ARS
Frank,Miller,fmillerg3@bloglines.com,Portugal,Male,Montalvão,Linktype,77267.38,EUR
Bobby,Robinson,brobinsong4@delicious.com,Indonesia,Male,Sapat,Skajo,,IDR
Albert,Stephens,astephensg5@cnbc.com,Poland,Male,Górki Wielkie,Plambee,62718.86,PLN
Jean,Gonzalez,jgonzalezg6@jiathis.com,China,Female,Xinbao,Dabtype,,CNY
William,Robinson,wrobinsong7@shutterfly.com,Indonesia,Male,Tanjungrejo Lor,Skyble,29169.46,IDR
Lillian,Bradley,lbradleyg8@google.co.jp,Ukraine,Female,Strohonivka,Chatterbridge,3698.14,UAH
Judy,Snyder,jsnyderg9@newsvine.com,Japan,Female,Ueda,Myworks,73837.32,JPY
Aaron,Wells,awellsga@uol.com.br,Peru,Male,Bajo Pichanaqui,Mybuzz,62512.78,PEN
Sharon,Fowler,sfowlergb@yelp.com,China,Female,Jiufang,Eadel,55097.57,CNY
Emily,Brooks,ebrooksgc@slideshare.net,Italy,Female,Salerno,Oodoo,,EUR
Samuel,Dunn,sdunngd@mlb.com,China,Male,Haizhouwobao,Voolith,,CNY
Jacqueline,Walker,jwalkerge@nyu.edu,Portugal,Female,Calhetas,Divanoodle,95834.32,EUR
Dorothy,Spencer,dspencergf@hugedomains.com,Portugal,Female,Devesa,Reallinks,25632.50,EUR
David,Fowler,dfowlergg@theatlantic.com,Peru,Male,Tocota,Topicshots,23914.04,PEN
Angela,Olson,aolsongh@soup.io,Russia,Female,Tirlyanskiy,Meejo,49905.70,RUB
Frank,Henry,fhenrygi@latimes.com,Cameroon,Male,Ambam,Edgeclub,52091.59,XAF
Margaret,Gibson,mgibsongj@noaa.gov,Indonesia,Female,Gajrug,DabZ,40437.87,IDR
Diana,Mendoza,dmendozagk@biblegateway.com,Peru,Female,Chaviña,Browsezoom,11923.85,PEN
Benjamin,James,bjamesgl@creativecommons.org,Indonesia,Male,Lamalera,Meezzy,4892.27,IDR
Steve,Montgomery,smontgomerygm@patch.com,Japan,Male,Saitama,Kwinu,63300.39,JPY
Kimberly,Chavez,kchavezgn@is.gd,United States,Female,Whittier,Dabjam,74810.66,USD
Virginia,Fields,vfieldsgo@ezinearticles.com,Russia,Female,Miskindzha,Centimia,98954.57,RUB
Walter,Little,wlittlegp@joomla.org,Czech Republic,Male,Miřetice,Tambee,54306.29,CZK
Tina,Davis,tdavisgq@blogger.com,Indonesia,Female,Sintung Timur,Twiyo,,IDR
Diane,Anderson,dandersongr@whitehouse.gov,Poland,Female,Góra,Dabtype,,PLN
Debra,Freeman,dfreemangs@naver.com,South Korea,Female,Puan,Lazz,51210.61,KRW
Marilyn,Hayes,mhayesgt@domainmarket.com,Brazil,Female,Jaciara,Oba,35179.60,BRL
Janice,Palmer,jpalmergu@techcrunch.com,Russia,Female,Koz’modem’yansk,Fivespan,4086.72,RUB
Gary,Wright,gwrightgv@scribd.com,Sudan,Male,Geneina,Feedfish,87540.70,SDG
Kathleen,Lewis,klewisgw@yahoo.co.jp,Ukraine,Female,Viline,Realblab,26562.53,UAH
Philip,Henry,phenrygx@ning.com,Russia,Male,Tsivil’sk,Jabbercube,23463.33,RUB
Patrick,Brown,pbrowngy@nydailynews.com,Russia,Male,Korobitsyno,Dynabox,59171.98,RUB
Brian,Parker,bparkergz@wufoo.com,Brazil,Male,Ibirité,Thoughtsphere,24021.63,BRL
Douglas,Carpenter,dcarpenterh0@aboutads.info,China,Male,Macun,Feedfish,27989.82,CNY
Lois,Stewart,lstewarth1@msu.edu,China,Female,Xinzhuang,Jamia,28475.47,CNY
Betty,Sims,bsimsh2@ucsd.edu,Brazil,Female,Piripiri,Jayo,94268.29,BRL
Peter,Jenkins,pjenkinsh3@princeton.edu,Thailand,Male,Bang Rakam,Browsetype,61748.52,THB
Paul,Kelly,pkellyh4@wiley.com,Indonesia,Male,Halimaung Jaya (F-3),Thoughtsphere,72964.64,IDR
Juan,Robinson,jrobinsonh5@tmall.com,Indonesia,Male,Wonocolo,Tazz,23948.92,IDR
Eugene,Nichols,enicholsh6@wordpress.com,South Africa,Male,Modimolle,Digitube,13878.69,ZAR
Sara,Brooks,sbrooksh7@google.com.br,China,Female,Pailou,Yadel,53277.77,CNY
Fred,Price,fpriceh8@t.co,Japan,Male,Fukuma,Feedspan,,JPY
Russell,Lawrence,rlawrenceh9@illinois.edu,Vietnam,Male,Quảng Ngãi,Livetube,1746.57,VND
Ann,Russell,arussellha@reference.com,China,Female,Heping,Realbridge,,CNY
Janet,Martinez,jmartinezhb@redcross.org,Vietnam,Female,Thị Trấn Cao Lộc,Gigashots,29136.75,VND
Deborah,Fernandez,dfernandezhc@linkedin.com,Japan,Female,Gose,Blogtags,60335.50,JPY
Jason,Jackson,jjacksonhd@geocities.jp,Czech Republic,Male,Kvasiny,Thoughtsphere,39174.61,CZK
Angela,Hamilton,ahamiltonhe@samsung.com,Myanmar,Female,Pyin Oo Lwin,Mydo,,MMK
Walter,Howard,whowardhf@barnesandnoble.com,Brazil,Male,São Luís,Jazzy,67515.27,BRL
Kathryn,Hicks,khickshg@ucsd.edu,Armenia,Female,Shnogh,Ntags,,AMD
Alice,Mills,amillshh@ftc.gov,Russia,Female,Lianozovo,Eamia,58139.86,RUB
Ralph,Austin,raustinhi@squarespace.com,Colombia,Male,Río de Oro,Skiptube,32685.86,COP
Louis,Walker,lwalkerhj@wsj.com,Guatemala,Male,Cabañas,Kamba,58582.47,GTQ
Jesse,Ortiz,jortizhk@dyndns.org,Indonesia,Male,Kiarajangkung,Jaxspan,44013.76,IDR
Janice,Richards,jrichardshl@europa.eu,Poland,Female,Tuchola,Agivu,,PLN
Sean,Evans,sevanshm@blog.com,Spain,Male,Alicante/Alacant,Pixoboo,81002.03,EUR
Maria,Willis,mwillishn@jugem.jp,Russia,Female,Novosil’,Shufflester,6640.10,RUB
Walter,Gibson,wgibsonho@meetup.com,Russia,Male,Kortkeros,Meedoo,58810.69,RUB
Eric,Schmidt,eschmidthp@hibu.com,Afghanistan,Male,Muḩammad Āghah Wuluswālī,Jaxbean,42428.95,AFN
Cheryl,Burton,cburtonhq@rediff.com,Philippines,Female,Dulag,Livetube,5729.88,PHP
Judy,Stevens,jstevenshr@pbs.org,China,Female,Qincheng,Jaxbean,80019.57,CNY
Jennifer,Bailey,jbaileyhs@printfriendly.com,United States,Female,Louisville,Feednation,40528.95,USD
Sean,Price,spriceht@xrea.com,Brazil,Male,Navegantes,Kayveo,78920.53,BRL
Anthony,Hall,ahallhu@jalbum.net,Czech Republic,Male,Starý Bohumín,Meemm,86622.71,CZK
Carol,Duncan,cduncanhv@hc360.com,China,Female,Nanshi,Buzzdog,22907.87,CNY
Henry,Morris,hmorrishw@nps.gov,Portugal,Male,Vila Franca,Quimm,3434.14,EUR
Cheryl,Bradley,cbradleyhx@cyberchimps.com,China,Female,Tianxingchang,Vinte,35857.52,CNY
Joe,Brown,jbrownhy@tiny.cc,Gabon,Male,Omboué,Quamba,22850.60,XAF
Raymond,Burke,rburkehz@washington.edu,China,Male,Shenji,Gabtune,87081.20,CNY
Fred,Franklin,ffranklini0@time.com,Belarus,Male,Tsimkavichy,Abatz,59372.63,BYR
Todd,Lawrence,tlawrencei1@cam.ac.uk,Ukraine,Male,Khust,Dabtype,83362.54,UAH
Charles,Fernandez,cfernandezi2@1und1.de,Indonesia,Male,Bantarpanjang,Aimbo,23536.63,IDR
Evelyn,Lopez,elopezi3@godaddy.com,Sweden,Female,Edsbyn,Trilith,55651.31,SEK
Jacqueline,Cruz,jcruzi4@mozilla.com,Philippines,Female,Siruma,Dabfeed,28657.03,PHP
Jesse,Nichols,jnicholsi5@wp.com,Brazil,Male,Lapa,Yakitri,91165.29,BRL
Todd,Henderson,thendersoni6@sbwire.com,Panama,Male,Almirante,Skinix,34680.16,PAB
Michael,Wilson,mwilsoni7@vk.com,Honduras,Male,El Escanito,Flipbug,39871.04,HNL
Jimmy,Stone,jstonei8@twitpic.com,France,Male,Avranches,Topdrive,88894.76,EUR
Bonnie,Willis,bwillisi9@mashable.com,Honduras,Female,Guacamaya,Skimia,52880.60,HNL
Frank,Elliott,felliottia@samsung.com,Costa Rica,Male,Paraíso,DabZ,50605.18,CRC
Ann,Mason,amasonib@so-net.ne.jp,Indonesia,Female,Lundo,Blogtag,29153.32,IDR
Carol,Clark,cclarkic@arizona.edu,Russia,Female,Boksitogorsk,Realbuzz,,RUB
Amy,Bryant,abryantid@apache.org,Brazil,Female,Caruaru,Eadel,29339.37,BRL
Stephanie,Burton,sburtonie@microsoft.com,Russia,Female,Sheregesh,Skaboo,94882.81,RUB
Raymond,Morales,rmoralesif@time.com,Chile,Male,Остров Пасхи,Kazio,93196.53,CLP
Louis,Montgomery,lmontgomeryig@cmu.edu,China,Male,Huatanshan,Dabvine,97238.23,CNY
Andrea,Phillips,aphillipsih@technorati.com,Argentina,Female,Villa Paula de Sarmiento,Twitterlist,33389.86,ARS
Dennis,Thomas,dthomasii@home.pl,Mexico,Male,Las Palmas,Kwideo,91267.89,MXN
Harold,Gray,hgrayij@ask.com,Malaysia,Male,Kota Kinabalu,Babblestorm,48397.73,MYR
Elizabeth,Jordan,ejordanik@nature.com,China,Female,Hexi,Innojam,97733.85,CNY
Jason,Duncan,jduncanil@businesswire.com,Indonesia,Male,Ambarita,Zava,76783.46,IDR
Nicholas,Hayes,nhayesim@csmonitor.com,Malaysia,Male,Bandar Pusat Jengka,Youtags,30066.50,MYR
Carol,Carpenter,ccarpenterin@acquirethisname.com,Russia,Female,Lyalichi,Realblab,80503.75,RUB
Jennifer,Kelley,jkelleyio@technorati.com,Russia,Female,Zavitinsk,Twitterlist,61984.05,RUB
Rachel,Long,rlongip@yelp.com,Czech Republic,Female,Horní Suchá,Gigabox,98803.33,CZK
Christine,West,cwestiq@purevolume.com,Indonesia,Female,Kebon Tengah,Edgewire,8817.44,IDR
Michelle,Gibson,mgibsonir@constantcontact.com,Poland,Female,Chlewiska,Wordware,64337.31,PLN
Tina,Ramirez,tramirezis@stanford.edu,Serbia,Female,Koceljeva,Vipe,55432.64,RSD
Jason,Coleman,jcolemanit@answers.com,Slovenia,Male,Gotovlje,Lajo,96557.62,EUR
Frances,Bell,fbelliu@google.de,Poland,Female,Szczurowa,Browsecat,8895.86,PLN
Terry,Watson,twatsoniv@nih.gov,Philippines,Male,Manquiring,Eidel,30324.76,PHP
Sandra,Baker,sbakeriw@princeton.edu,Colombia,Female,Campoalegre,Feedfire,48426.04,COP
Andrew,Lee,aleeix@bing.com,Poland,Male,Lutomiersk,Katz,30491.90,PLN
Steven,Hall,shalliy@gravatar.com,Jordan,Male,‘Izrā,Quimm,99151.28,JOD
Sara,Dean,sdeaniz@purevolume.com,Philippines,Female,Baro,Katz,39827.74,PHP
Sara,Jackson,sjacksonj0@360.cn,Philippines,Female,Aga,Oyoloo,26050.96,PHP
Amy,Cruz,acruzj1@clickbank.net,Poland,Female,Stąporków,Realblab,,PLN
Janice,Medina,jmedinaj2@mysql.com,China,Female,Shanghu,Topicshots,89649.45,CNY
Ronald,Grant,rgrantj3@ehow.com,Senegal,Male,Ndibène Dahra,Realcube,44846.28,XOF
Kathryn,Allen,kallenj4@cdc.gov,Czech Republic,Female,Fryčovice,Aivee,,CZK
Teresa,Harris,tharrisj5@cornell.edu,Indonesia,Female,Mojorembun,Realbridge,38340.25,IDR
Evelyn,Austin,eaustinj6@ehow.com,Falkland Islands,Female,Stanley,Rooxo,,FKP
Janet,Ross,jrossj7@virginia.edu,Greece,Female,Fálanna,Tagchat,79887.67,EUR
Sara,Lawrence,slawrencej8@t-online.de,China,Female,Jincheng,Voomm,66786.29,CNY
Jason,Anderson,jandersonj9@csmonitor.com,Nigeria,Male,Gembu,Youfeed,65992.99,NGN
Heather,Barnes,hbarnesja@china.com.cn,Norway,Female,Oslo,Rhycero,,NOK
Carolyn,Mason,cmasonjb@reverbnation.com,Ukraine,Female,Voyutychi,Rhyzio,,UAH
Jonathan,Reynolds,jreynoldsjc@redcross.org,Philippines,Male,Capissayan Sur,Youtags,,PHP
Alice,Mcdonald,amcdonaldjd@qq.com,China,Female,Duma,Zoombox,5410.98,CNY
Stephen,Chavez,schavezje@taobao.com,Saint Vincent and the Grenadines,Male,Port Elizabeth,Kare,94102.76,XCD
Annie,Howard,ahowardjf@skyrock.com,Czech Republic,Female,Klášterec nad Ohří,Roomm,81460.86,CZK
Catherine,Wells,cwellsjg@technorati.com,Philippines,Female,Bairan,Topicshots,18727.28,PHP
Judith,Spencer,jspencerjh@theglobeandmail.com,Vietnam,Female,Ngã Bảy,Flashspan,61781.06,VND
Victor,Reed,vreedji@bing.com,Portugal,Male,Fanzeres,Shuffletag,19111.16,EUR
Larry,Young,lyoungjj@google.it,United States,Male,Las Vegas,Mudo,,USD
Andrew,Alvarez,aalvarezjk@liveinternet.ru,Mauritius,Male,Arsenal,Demizz,97417.53,MUR
Bobby,Mcdonald,bmcdonaldjl@army.mil,Indonesia,Male,Singajaya,Teklist,41683.99,IDR
Chris,Morales,cmoralesjm@prlog.org,Canada,Male,West Kelowna,Mynte,74196.04,CAD
Ruby,Carroll,rcarrolljn@feedburner.com,Afghanistan,Female,Markaz-e Woluswalī-ye Āchīn,Teklist,55026.78,AFN
Patrick,Williamson,pwilliamsonjo@barnesandnoble.com,Madagascar,Male,Ambovombe,Gabspot,11758.14,MGA
Gloria,Welch,gwelchjp@nba.com,Russia,Female,Novosheshminsk,Yamia,,RUB
Howard,Porter,hporterjq@wp.com,Sweden,Male,Täby,Centimia,11094.40,SEK
Theresa,Tucker,ttuckerjr@businessinsider.com,China,Female,Daoqiao,Blogtag,3706.61,CNY
Jerry,Murray,jmurrayjs@sun.com,Indonesia,Male,Panglanjan,Eidel,7428.23,IDR
Matthew,Marshall,mmarshalljt@jimdo.com,China,Male,Luofang,Devpulse,18854.63,CNY
Norma,Nichols,nnicholsju@bluehost.com,Ukraine,Female,Mizoch,Livetube,,UAH
Bruce,Brown,bbrownjv@cdbaby.com,Brazil,Male,Cravinhos,Twinder,43774.90,BRL
David,Hill,dhilljw@bravesites.com,Sri Lanka,Male,Sri Jayewardenepura Kotte,Yadel,79190.21,LKR
Anne,Pierce,apiercejx@nsw.gov.au,Philippines,Female,Maslog,Demimbu,50891.52,PHP
Cheryl,Hayes,chayesjy@pbs.org,Spain,Female,Badajoz,Oyoloo,43004.29,EUR
Joan,Lopez,jlopezjz@reuters.com,Poland,Female,Drezdenko,Dablist,6971.40,PLN
Shirley,Matthews,smatthewsk0@tmall.com,Uganda,Female,Sembabule,Dazzlesphere,76912.45,UGX
Harry,Thompson,hthompsonk1@webmd.com,Brazil,Male,Panorama,Dabjam,74131.44,BRL
Patricia,Garza,pgarzak2@un.org,Russia,Female,Gon’ba,Youspan,66314.13,RUB
Earl,Porter,eporterk3@ehow.com,Czech Republic,Male,Jaroměřice,Feedspan,60443.08,CZK
Shirley,Bryant,sbryantk4@marriott.com,Canada,Female,Maple Creek,Gigaclub,21026.42,CAD
Larry,Moreno,lmorenok5@mayoclinic.com,Indonesia,Male,Buriwutung,Photojam,88870.31,IDR
Linda,Baker,lbakerk6@cbc.ca,China,Female,Lubao,Kare,61526.74,CNY
Sandra,Carpenter,scarpenterk7@pen.io,China,Female,Huang’ao,Mynte,74795.27,CNY
Joe,Greene,jgreenek8@artisteer.com,China,Male,Kalaxilike,Voonder,63388.24,CNY
Kathy,Franklin,kfranklink9@list-manage.com,United States,Female,London,Flipbug,36274.28,USD
Paula,Larson,plarsonka@t-online.de,Portugal,Female,Carrascal,Shufflebeat,69981.86,EUR
Jack,Perry,jperrykb@wunderground.com,Indonesia,Male,Klutuk,Browsezoom,56286.09,IDR
Virginia,Hayes,vhayeskc@house.gov,China,Female,Shalizhai,Ntags,56997.85,CNY
Sean,Kennedy,skennedykd@canalblog.com,China,Male,Gensi,Leexo,51377.39,CNY
Brian,Murray,bmurrayke@slashdot.org,Vietnam,Male,Cà Mau,Jatri,22387.39,VND
Sharon,Richardson,srichardsonkf@alexa.com,Russia,Female,Zelenograd,Eadel,,RUB
Marie,Torres,mtorreskg@about.me,France,Female,Tournan-en-Brie,Rhycero,,EUR
Emily,Fernandez,efernandezkh@msn.com,Oman,Female,Ādam,Quatz,93628.50,OMR
Louis,Morgan,lmorganki@mysql.com,Canada,Male,St. Catharines,Tekfly,58991.49,CAD
Gerald,Bailey,gbaileykj@google.fr,Afghanistan,Male,Baghlān,Riffwire,26098.39,AFN
John,Roberts,jrobertskk@prlog.org,Guadeloupe,Male,Jarry,Jaxspan,34400.68,EUR
Edward,Robinson,erobinsonkl@google.nl,Morocco,Male,Moulay Bouchta,Meezzy,32891.33,MAD
Judith,Ruiz,jruizkm@cisco.com,Argentina,Female,Elena,Kwideo,49109.91,ARS
Edward,Torres,etorreskn@salon.com,Philippines,Male,Lurugan,Kazu,16505.05,PHP
Charles,Armstrong,carmstrongko@msn.com,Russia,Male,Skovorodino,Mydo,76495.08,RUB
Harry,Gibson,hgibsonkp@ow.ly,Nigeria,Male,Jos,Dynazzy,51288.10,NGN
Harold,Bell,hbellkq@tripod.com,Philippines,Male,Tayug,Pixonyx,38605.21,PHP
George,Wagner,gwagnerkr@cpanel.net,Philippines,Male,Uacon,Tekfly,92157.73,PHP
Alan,Andrews,aandrewsks@cornell.edu,Vietnam,Male,Tân Trụ,Yabox,52948.52,VND
Patricia,Meyer,pmeyerkt@sitemeter.com,Philippines,Female,Botigues,Zoomzone,56213.51,PHP
Dennis,Montgomery,dmontgomeryku@ucoz.ru,Bosnia and Herzegovina,Male,Čajniče,Aivee,78224.32,BAM
Carl,Bailey,cbaileykv@mapy.cz,Indonesia,Male,Nonggunong,Eayo,59008.49,IDR
Karen,Green,kgreenkw@aol.com,Chile,Female,San Javier,Quimm,72440.48,CLP
Sharon,Morgan,smorgankx@google.com.br,Argentina,Female,Palpalá,Aimbu,31625.59,ARS
Angela,Jacobs,ajacobsky@geocities.jp,Syria,Female,Aş Şanamayn,Mycat,598.17,SYP
Carol,Fields,cfieldskz@rambler.ru,China,Female,Gaozhou,Cogilith,95884.14,CNY
Phillip,Montgomery,pmontgomeryl0@sun.com,Philippines,Male,Talayan,Feedfish,62627.60,PHP
Philip,Castillo,pcastillol1@geocities.jp,Ukraine,Male,Bayrachky,Skimia,66979.34,UAH
Alan,Richards,arichardsl2@1688.com,Sweden,Male,Osby,Abatz,,SEK
Cynthia,Green,cgreenl3@sogou.com,Canada,Female,Abbotsford,Chatterpoint,74630.68,CAD
Ruth,Jacobs,rjacobsl4@amazonaws.com,Kenya,Female,Migori,Edgepulse,48105.67,KES
Gloria,Mills,gmillsl5@accuweather.com,Russia,Female,Zernograd,Agivu,67438.80,RUB
Diana,Hawkins,dhawkinsl6@businessinsider.com,Uzbekistan,Female,Gurlan,Latz,31969.06,UZS
Henry,Perkins,hperkinsl7@yolasite.com,Philippines,Male,Cabangan,Mydeo,78418.61,PHP
Jose,Nichols,jnicholsl8@va.gov,Somalia,Male,Jilib,Oyoyo,81193.08,SOS
Betty,Butler,bbutlerl9@nytimes.com,Azerbaijan,Female,Yuxarı Aran,Trilia,48915.52,AZN
Lisa,Harper,lharperla@cornell.edu,Croatia,Female,Cernik,Quaxo,95961.58,HRK
Clarence,Carpenter,ccarpenterlb@indiatimes.com,China,Male,Mahekou,Realcube,73137.71,CNY
Andrew,James,ajameslc@msn.com,Sweden,Male,Eslöv,Skynoodle,12106.06,SEK
Janet,Day,jdayld@nydailynews.com,Indonesia,Female,Bagiktinggang,Jabbersphere,84788.02,IDR
Russell,Arnold,rarnoldle@issuu.com,Russia,Male,Nizhniy Novgorod,Linklinks,83477.84,RUB
Jimmy,Ward,jwardlf@sciencedirect.com,China,Male,Wuluo,Eimbee,66967.09,CNY
William,Flores,wfloreslg@myspace.com,Russia,Male,Derbent,Topdrive,92383.25,RUB
Kimberly,Fisher,kfisherlh@dagondesign.com,Indonesia,Female,Krajan Tanjungrejo,Innojam,,IDR
James,Cole,jcoleli@paginegialle.it,Philippines,Male,Abuyog,Jamia,78625.41,PHP
Michelle,Martin,mmartinlj@utexas.edu,Russia,Female,Shadrinsk,Devbug,86363.74,RUB
Alan,Hall,ahalllk@shutterfly.com,Vanuatu,Male,Lakatoro,Oloo,97688.60,VUV
Victor,Fernandez,vfernandezll@nifty.com,Afghanistan,Male,Khayr Kōṯ,Skinder,70280.00,AFN
Ernest,Armstrong,earmstronglm@4shared.com,Dominican Republic,Male,Mao,Photobug,66421.78,DOP
Doris,Gardner,dgardnerln@bloglines.com,Pakistan,Female,Pahārpur,Devcast,,PKR
Raymond,Chavez,rchavezlo@instagram.com,Indonesia,Male,Kambatatamakawu,Oyonder,86417.57,IDR
Shirley,Wright,swrightlp@bravesites.com,Portugal,Female,Carvalhal,Brainverse,51828.65,EUR
Raymond,Frazier,rfrazierlq@hubpages.com,Philippines,Male,Imus,Eidel,89855.91,PHP
Johnny,Franklin,jfranklinlr@sogou.com,Philippines,Male,Maño,Myworks,20393.49,PHP
Jane,Lawson,jlawsonls@sphinn.com,Honduras,Female,Monjarás,Brightdog,,HNL
Douglas,Jenkins,djenkinslt@biblegateway.com,China,Male,Xialaxiu,Twinder,71208.51,CNY
Keith,Bailey,kbaileylu@cbc.ca,Russia,Male,Zhiryatino,Edgeclub,48796.78,RUB
Denise,Harper,dharperlv@washington.edu,Indonesia,Female,Sulengwaseng,Buzzshare,1637.10,IDR
Susan,Hill,shilllw@blog.com,Bosnia and Herzegovina,Female,Brčko,Wordware,25148.93,BAM
Elizabeth,Morales,emoraleslx@twitpic.com,Colombia,Female,Aracataca,Photolist,63891.23,COP
Phillip,Taylor,ptaylorly@desdev.cn,Argentina,Male,La Paz,Camimbo,52449.31,ARS
Scott,Ray,sraylz@mayoclinic.com,Micronesia,Male,Pulap,Voonder,41070.30,USD
Jeremy,Crawford,jcrawfordm0@youtu.be,China,Male,Xinshidu,Eayo,92594.27,CNY
Cynthia,Gonzalez,cgonzalezm1@paypal.com,Brazil,Female,Estância Velha,Twimm,96092.33,BRL
Paula,Patterson,ppattersonm2@fda.gov,Indonesia,Female,Sidaurip,Leenti,4778.93,IDR
Patrick,Meyer,pmeyerm3@epa.gov,China,Male,Yanguan,Browsebug,24077.86,CNY
Amanda,Howard,ahowardm4@wiley.com,Egypt,Female,Jirjā,Thoughtstorm,,EGP
Jeremy,Matthews,jmatthewsm5@vkontakte.ru,Peru,Male,Llipa,Voomm,53477.42,PEN
Rose,West,rwestm6@washington.edu,Slovenia,Female,Lenart v Slov. Goricah,Buzzbean,2814.04,EUR
Kelly,Mcdonald,kmcdonaldm7@nydailynews.com,United States,Female,El Paso,Katz,13460.45,USD
Jonathan,Fowler,jfowlerm8@dion.ne.jp,China,Male,Liangyaping,Geba,24850.29,CNY
Christine,Weaver,cweaverm9@mac.com,China,Female,Timeng,Thoughtstorm,23897.62,CNY
Sandra,Ford,sfordma@wordpress.com,Indonesia,Female,Cibunar,Tagfeed,,IDR
Benjamin,Watson,bwatsonmb@oracle.com,China,Male,Miliangju,Feedfire,50654.38,CNY
Todd,Ryan,tryanmc@storify.com,Croatia,Male,Srinjine,Twinte,,HRK
Tina,Vasquez,tvasquezmd@drupal.org,Poland,Female,Knurów,Roomm,74331.05,PLN
Laura,Bishop,lbishopme@studiopress.com,Philippines,Female,Jolo,Flashspan,19964.20,PHP
Julie,Welch,jwelchmf@sina.com.cn,Indonesia,Female,Babakandesa,Jetpulse,32061.71,IDR
Debra,Lewis,dlewismg@printfriendly.com,Poland,Female,Sokółka,Blogtags,45307.77,PLN
Aaron,Carter,acartermh@google.cn,Colombia,Male,Armenia,Trunyx,18774.95,COP
Joan,Myers,jmyersmi@aboutads.info,Brazil,Female,Guaíba,Teklist,35325.57,BRL
Jessica,Nichols,jnicholsmj@fc2.com,China,Female,Malian,Centizu,50370.13,CNY
Carl,Owens,cowensmk@zdnet.com,Vietnam,Male,Long Hồ,Jabbersphere,80082.02,VND
Patrick,Reynolds,preynoldsml@instagram.com,Czech Republic,Male,Jindřichův Hradec,Tagtune,,CZK
Joshua,Rivera,jriveramm@webeden.co.uk,Indonesia,Male,Caringin,Pixonyx,,IDR
Ernest,Tucker,etuckermn@blogtalkradio.com,Russia,Male,Maykopskoye,Rhybox,42902.61,RUB
Patricia,Cox,pcoxmo@forbes.com,China,Female,Renyi,Zoomzone,15760.22,CNY
Russell,Elliott,relliottmp@mayoclinic.com,China,Male,Zhenjiang,Roomm,92182.05,CNY
Rachel,Black,rblackmq@histats.com,Armenia,Female,Gyumri,Tavu,40614.55,AMD
Linda,Arnold,larnoldmr@wikimedia.org,Ukraine,Female,Karlivka,Flashpoint,28377.31,UAH
Mary,Palmer,mpalmerms@usa.gov,Serbia,Female,Banatsko Karađorđevo,Thoughtbeat,,RSD
Sara,Ryan,sryanmt@over-blog.com,Russia,Female,Tyoply Stan,Pixoboo,72110.59,RUB
Rebecca,Smith,rsmithmu@dell.com,Peru,Female,Jivia,Vitz,,PEN
William,Wallace,wwallacemv@purevolume.com,Poland,Male,Kraczkowa,Babbleset,78990.66,PLN
Marie,Snyder,msnydermw@dailymail.co.uk,China,Female,Enhe Hada,Flashset,70005.16,CNY
Linda,Welch,lwelchmx@histats.com,Estonia,Female,Viljandi,Twitternation,80366.32,EUR
Emily,Peterson,epetersonmy@w3.org,Ethiopia,Female,Ginir,Quatz,66050.25,ETB
Randy,Ramirez,rramirezmz@house.gov,China,Male,Shuanghe,Meevee,19089.35,CNY
Aaron,Marshall,amarshalln0@woothemes.com,France,Male,Longjumeau,Aivee,69074.12,EUR
Joe,Grant,jgrantn1@chron.com,South Korea,Male,Hanam,Trunyx,69631.42,KRW
Steve,Burton,sburtonn2@simplemachines.org,Portugal,Male,Tercena,Innotype,18964.37,EUR
Marie,Austin,maustinn3@deviantart.com,United States,Female,Shreveport,Nlounge,68869.75,USD
Angela,Fisher,afishern4@so-net.ne.jp,Iran,Female,Rāmhormoz,Yakijo,,IRR
Tammy,Gray,tgrayn5@friendfeed.com,Poland,Female,Kosów Lacki,Ainyx,92819.34,PLN
Charles,Brooks,cbrooksn6@exblog.jp,Argentina,Male,Bella Vista,Pixonyx,55704.23,ARS
Daniel,Garza,dgarzan7@oaic.gov.au,Thailand,Male,Sida,Zoomlounge,1940.71,THB
Jessica,Riley,jrileyn8@wikipedia.org,Venezuela,Female,La Asunción,Rhynoodle,75671.47,VEF
Stephen,Graham,sgrahamn9@yandex.ru,Russia,Male,Tambov,Topicstorm,79317.92,RUB
Joshua,Lee,jleena@go.com,Russia,Male,Lakkha Nëvre,Kaymbo,64052.58,RUB
Barbara,White,bwhitenb@time.com,China,Female,Huangchen,Quatz,48768.89,CNY
Kimberly,Ferguson,kfergusonnc@pen.io,Japan,Female,Nihommatsu,Katz,11508.58,JPY
Amanda,Turner,aturnernd@devhub.com,Guyana,Female,Mahdia,Brightdog,28861.29,GYD
Walter,Hanson,whansonne@chronoengine.com,China,Male,Fanrong,Fivebridge,31724.35,CNY
Anne,Reyes,areyesnf@irs.gov,Czech Republic,Female,Buštěhrad,Trilia,74556.60,CZK
Jean,Berry,jberryng@1und1.de,Greece,Female,Alíartos,Linkbuzz,7424.78,EUR
Patricia,Gonzales,pgonzalesnh@europa.eu,Indonesia,Female,Krajan Tekung,Yabox,35780.31,IDR
Larry,Snyder,lsnyderni@4shared.com,Zambia,Male,Nakonde,Avaveo,58064.35,ZMW
Christina,Alexander,calexandernj@japanpost.jp,United States,Female,Boston,Realbridge,28282.26,USD
Tina,Reed,treednk@bing.com,Honduras,Female,Oropéndolas,Skiba,66984.07,HNL
Carolyn,Boyd,cboydnl@seattletimes.com,China,Female,Tianzhu,Trudoo,33717.84,CNY
Philip,Sanders,psandersnm@slate.com,South Africa,Male,Roodepoort,Devify,12363.76,ZAR
Laura,Sanders,lsandersnn@livejournal.com,Indonesia,Female,Cidikit Girang,Avavee,33294.74,IDR
Timothy,Fowler,tfowlerno@cdc.gov,Philippines,Male,Claver,Skinder,35272.74,PHP
Deborah,Ross,drossnp@house.gov,Bolivia,Female,Mairana,Eamia,50969.94,BOB
Tammy,Jackson,tjacksonnq@youku.com,Colombia,Female,El Carmen,Trilith,93042.37,COP
Marie,Sullivan,msullivannr@dyndns.org,Canada,Female,Concord,Skinte,91820.34,CAD
Theresa,Lopez,tlopezns@apple.com,Montenegro,Female,Pljevlja,Youfeed,14966.33,EUR
Julia,Thomas,jthomasnt@cornell.edu,Portugal,Female,Ponta Delgada,Flipbug,60021.69,EUR
Nicholas,Richards,nrichardsnu@vinaora.com,China,Male,Shuiquan,Feednation,89607.92,CNY
Betty,Young,byoungnv@aol.com,China,Female,Tomorlog,Dazzlesphere,93205.35,CNY
Cheryl,Riley,crileynw@google.es,Palestinian Territory,Female,Faḩmah,Wikizz,31637.51,ILS
Fred,Willis,fwillisnx@wisc.edu,Russia,Male,Yazykovo,Jabbersphere,37603.73,RUB
Louise,Garrett,lgarrettny@go.com,Peru,Female,San Marcos,Dabvine,43788.32,PEN
Heather,Cook,hcooknz@wisc.edu,Poland,Female,Wierzchowo,Babbleset,46865.22,PLN
Lawrence,Perez,lperezo0@apache.org,China,Male,Changting,Dynabox,79921.43,CNY
Annie,Adams,aadamso1@indiegogo.com,Cambodia,Female,Paôy Pêt,Wikido,452.19,KHR
Elizabeth,Perkins,eperkinso2@netlog.com,Panama,Female,Chepo,Dynava,39190.41,PAB
William,Hunt,whunto3@omniture.com,China,Male,Shangju,Npath,39643.08,CNY
Cynthia,Medina,cmedinao4@sbwire.com,Indonesia,Female,Galtek,Minyx,56511.45,IDR
Jerry,Franklin,jfranklino5@t.co,Ukraine,Male,Kamennyye Potoki,Skynoodle,814.05,UAH
Christopher,Young,cyoungo6@elegantthemes.com,Bolivia,Male,San Julian,Skipfire,7910.25,BOB
Lori,Mcdonald,lmcdonaldo7@clickbank.net,Iran,Female,Varāmīn,Jatri,88031.84,IRR
Donna,Foster,dfostero8@earthlink.net,China,Female,Maoqitun,Pixonyx,37356.74,CNY
Judy,Dixon,jdixono9@linkedin.com,Greece,Female,Melissochóri,Kare,6345.00,EUR
Nicole,Elliott,nelliottoa@seesaa.net,United Kingdom,Female,Twyford,Skilith,81675.04,GBP
Russell,Young,ryoungob@discovery.com,China,Male,Sijiu,Skibox,35345.65,CNY
Patricia,Hall,phalloc@netlog.com,Poland,Female,Krzeszów,Dabjam,13882.13,PLN
Jeffrey,Cook,jcookod@devhub.com,China,Male,Yanglin,Zoombox,,CNY
Harold,Reed,hreedoe@msu.edu,China,Male,Gaojia,Ntag,60334.83,CNY
Irene,Adams,iadamsof@auda.org.au,China,Female,Hongqi,Aivee,11089.59,CNY
Anne,Perry,aperryog@wikia.com,Czech Republic,Female,Potštát,Jetpulse,95827.55,CZK
Larry,Mcdonald,lmcdonaldoh@newyorker.com,North Korea,Male,Hŭngju-dong,Avamba,20759.69,KPW
Jerry,Nelson,jnelsonoi@typepad.com,Sweden,Male,Kristinehamn,Demivee,93458.50,SEK
Billy,Ross,brossoj@wired.com,China,Male,Xuanhuadian,Youfeed,41106.30,CNY
Anna,Patterson,apattersonok@redcross.org,Brazil,Female,Marau,Mynte,44126.36,BRL
Sandra,Hughes,shughesol@archive.org,United States,Female,Fort Worth,Avamba,35708.50,USD
Robin,Flores,rfloresom@usa.gov,China,Female,Yangqing,Buzzdog,,CNY
Bruce,Clark,bclarkon@pbs.org,Russia,Male,Svirsk,Livepath,32358.67,RUB
Peter,Snyder,psnyderoo@deviantart.com,Canada,Male,Lac-Mégantic,Yabox,66129.31,CAD
Albert,Johnston,ajohnstonop@fc2.com,Indonesia,Male,Genyem,Rooxo,93785.16,IDR
Sean,Russell,srusselloq@comsenz.com,United States,Male,Madison,Divape,50486.91,USD
Rebecca,Olson,rolsonor@economist.com,Indonesia,Female,Ambon,Lazzy,99721.85,IDR
Linda,Carroll,lcarrollos@wp.com,Indonesia,Female,Pasirhuni,Wikido,4144.60,IDR
Christina,Burke,cburkeot@qq.com,Finland,Female,Kronoby,Fadeo,77005.06,EUR
Nancy,Alexander,nalexanderou@mozilla.org,Germany,Female,Stuttgart Stuttgart-Mitte,Realblab,97690.13,EUR
Martha,Perry,mperryov@theguardian.com,Poland,Female,Regimin,Miboo,875.41,PLN
Ann,Cunningham,acunninghamow@blinklist.com,France,Female,Caen,Youopia,38819.89,EUR
Denise,Bell,dbellox@creativecommons.org,Philippines,Female,Agdangan,Bubbletube,47157.73,PHP
Judith,Ramos,jramosoy@seattletimes.com,Indonesia,Female,Sriwing,Skalith,85818.90,IDR
Peter,Chapman,pchapmanoz@ftc.gov,Portugal,Male,São Julião do Tojal,Vitz,19875.67,EUR
Phillip,Owens,powensp0@themeforest.net,China,Male,Zhangjiaji,Shufflester,88922.77,CNY
Irene,Miller,imillerp1@usatoday.com,Russia,Female,Poddor’ye,Tanoodle,29471.34,RUB
Sharon,Dean,sdeanp2@ed.gov,Italy,Female,Roma,Geba,22190.16,EUR
Joe,Cox,jcoxp3@yelp.com,China,Male,Wenfang,Fanoodle,69984.86,CNY
Walter,Bishop,wbishopp4@fastcompany.com,Czech Republic,Male,Milovice,Edgeblab,9466.63,CZK
Rachel,Chavez,rchavezp5@cpanel.net,Canada,Female,Stony Plain,Quinu,80858.62,CAD
Nancy,Simmons,nsimmonsp6@prlog.org,Mexico,Female,Emiliano Zapata,Plambee,75949.55,MXN
Frances,Olson,folsonp7@phpbb.com,China,Female,Shuishaping,Roombo,94451.40,CNY
Gregory,Lawrence,glawrencep8@comcast.net,Philippines,Male,San Antonio,Realblab,91758.58,PHP
Joshua,Medina,jmedinap9@google.com.au,France,Male,Bastia,Kaymbo,82233.56,EUR
Gregory,Cook,gcookpa@amazon.com,Russia,Male,Koshki,Zoombeat,38487.49,RUB
Michael,Miller,mmillerpb@etsy.com,China,Male,Yilongyong,Buzzshare,29069.24,CNY
Julie,Jacobs,jjacobspc@uiuc.edu,Brazil,Female,Mata Grande,Photobug,29299.27,BRL
Terry,Stevens,tstevenspd@baidu.com,Serbia,Male,Kučevo,Bluejam,42144.08,RSD
Martha,Rodriguez,mrodriguezpe@pbs.org,Mexico,Female,Isidro Fabela,Roodel,,MXN
Philip,Wells,pwellspf@blog.com,Indonesia,Male,Campaka,Yakijo,79394.71,IDR
Wanda,Fields,wfieldspg@digg.com,Brazil,Female,Nortelândia,Topicware,87084.14,BRL
Peter,Berry,pberryph@adobe.com,Libya,Male,Ghāt,Mudo,72812.70,LYD
Lisa,Fowler,lfowlerpi@themeforest.net,Russia,Female,Gurbuki,Wikivu,3532.06,RUB
Lois,Campbell,lcampbellpj@facebook.com,Indonesia,Female,Citangtu Kaler,Livetube,60715.97,IDR
Harold,George,hgeorgepk@1und1.de,Philippines,Male,Kagawasan,Rhycero,3543.99,PHP
Doris,Torres,dtorrespl@theatlantic.com,France,Female,Cahors,Youfeed,69600.47,EUR
Annie,West,awestpm@paypal.com,Yemen,Female,Sūq al Khamīs,Twitterworks,8082.38,YER
Randy,Alexander,ralexanderpn@last.fm,Sweden,Male,Helsingborg,Jatri,,SEK
Nicholas,Nichols,nnicholspo@mediafire.com,Bulgaria,Male,Asenovgrad,Riffpath,34162.20,BGN
Walter,Bowman,wbowmanpp@unesco.org,China,Male,Shalizhai,Chatterbridge,41804.38,CNY
Andrea,Smith,asmithpq@home.pl,Ukraine,Female,Stepove,Flipbug,32990.07,UAH
Carolyn,Nguyen,cnguyenpr@amazon.co.uk,Germany,Female,Hamburg,Kwideo,32351.85,EUR
Randy,Watson,rwatsonps@timesonline.co.uk,Czech Republic,Male,Nový Malín,Wordify,78121.09,CZK
Jane,Cox,jcoxpt@amazon.co.uk,Nigeria,Female,Giade,Eazzy,91339.30,NGN
Irene,Fuller,ifullerpu@w3.org,France,Female,Montpellier,Pixope,,EUR
Annie,Cunningham,acunninghampv@over-blog.com,Ukraine,Female,Yarmolyntsi,Avamm,83226.06,UAH
Craig,Edwards,cedwardspw@mapquest.com,Colombia,Male,Caucasia,Skaboo,39252.35,COP
Louise,Butler,lbutlerpx@fema.gov,Honduras,Female,Quebrada Larga,Meevee,68942.41,HNL
Antonio,Gordon,agordonpy@skyrock.com,Indonesia,Male,Ciangir,Eire,40148.07,IDR
Joshua,Howard,jhowardpz@netlog.com,Greece,Male,Irákleion,Feedbug,6967.54,EUR
Joyce,Long,jlongq0@pcworld.com,China,Female,Lingdong,Skidoo,64288.01,CNY
Jose,Green,jgreenq1@howstuffworks.com,Russia,Male,Argayash,Mycat,21408.49,RUB
Stephen,Kelley,skelleyq2@census.gov,Belarus,Male,Mosar,Jabbertype,92648.44,BYR
Russell,Matthews,rmatthewsq3@timesonline.co.uk,Indonesia,Male,Kiaranonggeng,Jabberbean,85385.16,IDR
Jason,Hansen,jhansenq4@uol.com.br,Portugal,Male,Tijão,Pixope,19794.88,EUR
Anna,Chavez,achavezq5@amazonaws.com,Poland,Female,Bolesławiec,Devshare,9879.21,PLN
Johnny,Wright,jwrightq6@independent.co.uk,Russia,Male,Chupa,Centimia,28309.73,RUB
Bobby,Mendoza,bmendozaq7@furl.net,Poland,Male,Kraśnik,Edgeclub,34661.66,PLN
Janice,Fields,jfieldsq8@merriam-webster.com,Colombia,Female,Alcalá,Dabtype,,COP
Joshua,Wheeler,jwheelerq9@samsung.com,Poland,Male,Domaniewice,Agimba,23483.79,PLN
James,Grant,jgrantqa@washingtonpost.com,Ireland,Male,Skerries,Gigazoom,69697.61,EUR
Janice,Robinson,jrobinsonqb@live.com,Brazil,Female,Tanguá,Realcube,31388.98,BRL
Jennifer,Grant,jgrantqc@unicef.org,China,Female,Dayingjie,Wikibox,43371.62,CNY
George,Clark,gclarkqd@hp.com,Indonesia,Male,Banjar Kampungbugis,Jabbertype,71279.72,IDR
Amy,Gonzalez,agonzalezqe@csmonitor.com,Niger,Female,Tchintabaraden,Vitz,60293.67,XOF
Diana,Olson,dolsonqf@google.com.hk,Luxembourg,Female,Ettelbruck,Tazzy,45104.43,EUR
Antonio,Fuller,afullerqg@sina.com.cn,Japan,Male,Maki,Trudeo,52567.74,JPY
Ruth,Hawkins,rhawkinsqh@artisteer.com,Tanzania,Female,Mtwara,Meevee,56837.12,TZS
Emily,Allen,eallenqi@paypal.com,Poland,Female,Lewin Kłodzki,Rhyzio,93468.25,PLN
Patricia,Hansen,phansenqj@boston.com,Russia,Female,Yayva,Riffwire,13722.57,RUB
Martin,Cox,mcoxqk@free.fr,Fiji,Male,Lautoka,Katz,92553.07,FJD
Johnny,Jordan,jjordanql@simplemachines.org,Indonesia,Male,Rowokangkung,Meembee,,IDR
Roy,Ramirez,rramirezqm@histats.com,Germany,Male,Essen,Voonte,51292.10,EUR
Karen,Patterson,kpattersonqn@thetimes.co.uk,Sweden,Female,Uppsala,Photofeed,95195.98,SEK
Daniel,Tucker,dtuckerqo@unesco.org,Ukraine,Male,Semenivka,Skajo,61689.40,UAH
Lois,Hunt,lhuntqp@yandex.ru,Mauritania,Female,Aleg,Jabberbean,21428.02,MRO
Kevin,Ford,kfordqq@china.com.cn,China,Male,Haizhouwobao,Fatz,74836.91,CNY
Richard,Castillo,rcastilloqr@1und1.de,Costa Rica,Male,San Juan,Jayo,29184.23,CRC
Sean,Fernandez,sfernandezqs@youtu.be,Greece,Male,Íos,Tazzy,16375.99,EUR
Timothy,Larson,tlarsonqt@va.gov,Zambia,Male,Kitwe,Jaloo,37322.46,ZMW
Ashley,Matthews,amatthewsqu@etsy.com,China,Female,Hadayang,Fivespan,72404.30,CNY
Judy,Cruz,jcruzqv@imageshack.us,Brazil,Female,Barreiras,Livetube,78780.51,BRL
Amy,Parker,aparkerqw@businessinsider.com,China,Female,Xinfeng,Jabbersphere,27836.92,CNY
Amy,Peters,apetersqx@cmu.edu,France,Female,Salon-de-Provence,Fivebridge,,EUR
Wayne,Franklin,wfranklinqy@pagesperso-orange.fr,Poland,Male,Maszewo Duże,Eadel,62255.70,PLN
Billy,Nguyen,bnguyenqz@hubpages.com,Russia,Male,Yoshkar-Ola,Pixope,65931.39,RUB
Mark,Gonzales,mgonzalesr0@linkedin.com,Indonesia,Male,Tanjung,Bubblemix,58863.88,IDR
Beverly,Stone,bstoner1@dion.ne.jp,Albania,Female,Vlorë,Dabshots,62890.29,ALL
Larry,Phillips,lphillipsr2@zimbio.com,Indonesia,Male,Binangun,Twitterlist,66854.76,IDR
Judith,Young,jyoungr3@yahoo.com,China,Female,Donggong,Buzzbean,59497.66,CNY
Donna,Cook,dcookr4@nifty.com,France,Female,Mazamet,Brightbean,41904.54,EUR
Roy,Campbell,rcampbellr5@slideshare.net,Bangladesh,Male,Mymensingh,Dazzlesphere,15444.67,BDT
Jennifer,Simpson,jsimpsonr6@pcworld.com,Poland,Female,Chojnice,Skyndu,79728.25,PLN
Daniel,Warren,dwarrenr7@usa.gov,France,Male,Golbey,Realblab,64399.23,EUR
Joe,Morris,jmorrisr8@tinypic.com,Libya,Male,Az Zintān,Mydo,51808.85,LYD
Jacqueline,Taylor,jtaylorr9@slashdot.org,China,Female,Jindui,Wordtune,91814.78,CNY
Emily,Boyd,eboydra@sakura.ne.jp,Brazil,Female,Navegantes,Yata,76584.35,BRL
Dorothy,Davis,ddavisrb@twitter.com,Ukraine,Female,Shyroke,Zazio,34660.26,UAH
James,Wallace,jwallacerc@drupal.org,United States,Male,Austin,Youspan,20775.88,USD
Lawrence,Ramirez,lramirezrd@ovh.net,Serbia,Male,Hrtkovci,Eare,,RSD
Willie,Young,wyoungre@networksolutions.com,Poland,Male,Białołeka,Youspan,38706.12,PLN
Ruth,Woods,rwoodsrf@paypal.com,Serbia,Female,Knjazevac,Photofeed,39322.28,RSD
Stephanie,Fernandez,sfernandezrg@usgs.gov,Indonesia,Female,Purwosari,Einti,3758.81,IDR
Heather,Rice,hricerh@vk.com,Kuwait,Female,Bayān,Youbridge,10601.32,KWD
Brenda,Carroll,bcarrollri@oaic.gov.au,China,Female,Zhaoxian,Kwilith,168.89,CNY
Jesse,Frazier,jfrazierrj@ed.gov,China,Male,Hexi,Oyoyo,52201.60,CNY
Mary,Brown,mbrownrk@pinterest.com,Hungary,Female,Kecskemét,Topicblab,58441.45,HUF
Barbara,Crawford,bcrawfordrl@elpais.com,Indonesia,Female,Mbongawani,Eazzy,44667.92,IDR
Lillian,Scott,lscottrm@statcounter.com,Thailand,Female,Kathu,Skibox,74446.40,THB
Benjamin,Evans,bevansrn@washingtonpost.com,Thailand,Male,Amphawa,Zooveo,36949.54,THB
Kathy,Ford,kfordro@fastcompany.com,Malaysia,Female,Kuching,Linkbridge,9702.07,MYR
Beverly,Ford,bfordrp@google.com.au,Indonesia,Female,Leuwihalang,Zoozzy,9196.01,IDR
Bonnie,Cook,bcookrq@sogou.com,China,Female,Sanchahe,Meedoo,,CNY
Douglas,Day,ddayrr@storify.com,Japan,Male,Kōnosu,Avamba,50246.51,JPY
