Anna,Palmer,apalmer0@wikia.com,Indonesia,Female,Picungbera,Quimba,51664.72,IDR
Maria,Gonzales,mgonzales1@bbb.org,France,Female,Nîmes,Jaxnation,1779.74,EUR
Teresa,West,twest2@themeforest.net,China,Female,Dalianhe,Devshare,,CNY
Kathryn,Sanders,ksanders3@auda.org.au,Portugal,Female,Ortiga,Jatri,,EUR
Jason,Arnold,jarnold4@cisco.com,Central African Republic,Male,Mbaïki,Jayo,30502.62,XAF
Craig,Perry,cperry5@weebly.com,Peru,Male,Quinuabamba,Devbug,59490.29,PEN
Phyllis,Burns,pburns6@simplemachines.org,Indonesia,Female,Tegalgunung,Ooba,72426.90,IDR
Amanda,Gardner,agardner7@friendfeed.com,Sweden,Female,Göteborg,Einti,19040.29,SEK
Amy,Perkins,aperkins8@baidu.com,Kosovo,Female,Zubin Potok,Trupe,42019.52,EUR
Jesse,Johnson,jjohnson9@scribd.com,China,Male,Juexi,Edgewire,45073.58,CNY
Lori,Howell,lhowella@loc.gov,Colombia,Female,Barranquilla,Pixope,20567.29,COP
Stephen,Murray,smurrayb@about.me,Indonesia,Male,Pulaupinang,Topicstorm,89070.54,IDR
William,Powell,wpowellc@forbes.com,Brazil,Male,Maracaju,Wikido,16127.15,BRL
Michelle,Wagner,mwagnerd@zimbio.com,China,Female,Xiuying,Tambee,35862.33,CNY
Margaret,Hicks,mhickse@msn.com,Netherlands,Female,'s-Hertogenbosch,Browseblab,98253.57,EUR
Ruby,Montgomery,rmontgomeryf@nhs.uk,Brazil,Female,Itapeva,Fivechat,5794.46,BRL
Lawrence,Hamilton,lhamiltong@ask.com,Indonesia,Male,Losari,Topicblab,46717.09,IDR
Joan,Sullivan,jsullivanh@time.com,Guatemala,Female,Zunilito,Brainverse,22995.96,GTQ
Frances,Fields,ffieldsi@smugmug.com,Indonesia,Female,Tanjungpati,Voonte,42700.60,IDR
Virginia,Bryant,vbryantj@mozilla.org,China,Female,Daqiao,Dablist,30345.09,CNY
Carolyn,Coleman,ccolemank@infoseek.co.jp,Ukraine,Female,Nyzhni Sirohozy,Thoughtbeat,80282.59,UAH
Louise,Rice,lricel@yale.edu,Russia,Female,Ochër,Yotz,58473.36,RUB
Andrea,Gray,agraym@unblog.fr,China,Female,Yingwusitang,Zoomdog,24087.04,CNY
Nicole,Franklin,nfranklinn@cafepress.com,France,Female,Sartrouville,Rhyloo,,EUR
Harry,Rose,hroseo@si.edu,Philippines,Male,Aras-asan,Aivee,36740.38,PHP
Janet,Bryant,jbryantp@wikipedia.org,China,Female,Baojia,Fadeo,26394.97,CNY
Martha,Barnes,mbarnesq@webnode.com,Philippines,Female,San Vicente,Buzzbean,46722.40,PHP
Carlos,Morales,cmoralesr@princeton.edu,Indonesia,Male,Maurisu,Thoughtsphere,10729.07,IDR
Julia,Hicks,jhickss@theguardian.com,China,Female,Shijing,Wikibox,85627.92,CNY
Daniel,Boyd,dboydt@list-manage.com,Serbia,Male,Pančevo,Meetz,62559.69,RSD
Kathryn,Chapman,kchapmanu@vimeo.com,Argentina,Female,Rafaela,Izio,27539.19,ARS
Deborah,Carroll,dcarrollv@webnode.com,Indonesia,Female,Kampungraja,Jaxnation,53562.43,IDR
Lisa,Sims,lsimsw@marketwatch.com,Austria,Female,Zwettl,Centimia,63785.71,EUR
Jessica,Ellis,jellisx@baidu.com,China,Female,Majia,Lajo,27823.19,CNY
James,Reynolds,jreynoldsy@aboutads.info,Indonesia,Male,Gombong,Reallinks,72843.04,IDR
Steven,Fowler,sfowlerz@accuweather.com,China,Male,Wanshan,Yakitri,36465.83,CNY
Stephanie,Thomas,sthomas10@phoca.cz,China,Female,Xishan,Agimba,25104.14,CNY
Craig,Wagner,cwagner11@time.com,Indonesia,Male,Waimangura,Trilith,16521.82,IDR
Stephen,Hawkins,shawkins12@accuweather.com,Sweden,Male,Strängnäs,Gabtune,61617.50,SEK
Christine,Carr,ccarr13@archive.org,China,Female,Dingshu,Eadel,75301.24,CNY
Laura,Ramirez,lramirez14@barnesandnoble.com,Russia,Female,Kukoboy,Aibox,79798.99,RUB
Richard,Knight,rknight15@diigo.com,Indonesia,Male,Riangblolong,Edgepulse,662.59,IDR
Joe,Andrews,jandrews16@hhs.gov,Afghanistan,Male,Mardīān,Jaloo,,AFN
Barbara,Miller,bmiller17@cam.ac.uk,China,Female,Yijing,Twitterbridge,5114.37,CNY
Ernest,Wilson,ewilson18@blinklist.com,Thailand,Male,Bang Na,Babbleopia,52329.13,THB
Jose,Robinson,jrobinson19@who.int,China,Male,Simapu,Twinte,13173.60,CNY
Evelyn,Andrews,eandrews1a@admin.ch,Croatia,Female,Kruševica,Voonte,93074.02,HRK
Katherine,Phillips,kphillips1b@army.mil,Czech Republic,Female,Terezín,Browsetype,25847.71,CZK
David,Perkins,dperkins1c@blogger.com,Ukraine,Male,Dokuchayevs’k,Tazz,33362.43,UAH
Jacqueline,Cole,jcole1d@ask.com,Indonesia,Female,Lokolande,Zoomdog,50397.13,IDR
Julia,Boyd,jboyd1e@wisc.edu,Ukraine,Female,Lityn,Yata,42126.17,UAH
Jason,Kelly,jkelly1f@rakuten.co.jp,Afghanistan,Male,Chowṉêy,Meedoo,80985.43,AFN
Phillip,Walker,pwalker1g@howstuffworks.com,Indonesia,Male,Oeba,Riffpedia,12586.12,IDR
Joe,Cole,jcole1h@blinklist.com,Macedonia,Male,Чучер - Сандево,Mymm,86501.19,MKD
Diana,Murphy,dmurphy1i@bloglines.com,China,Female,Songjiang,Innotype,75677.15,CNY
William,Rose,wrose1j@irs.gov,Philippines,Male,Marantao,Youspan,67226.70,PHP
Joe,Hayes,jhayes1k@mapy.cz,Argentina,Male,San Jorge,Eayo,10598.55,ARS
Martin,Shaw,mshaw1l@altervista.org,Indonesia,Male,Cibeunying,Browseblab,20876.01,IDR
Donald,Vasquez,dvasquez1m@reddit.com,Indonesia,Male,Salegading,Topdrive,32386.35,IDR
Brandon,Morris,bmorris1n@desdev.cn,China,Male,Taiyu,Yabox,95687.48,CNY
Douglas,Hicks,dhicks1o@plala.or.jp,Russia,Male,Mundybash,Dablist,41340.44,RUB
Pamela,Burke,pburke1p@xing.com,Indonesia,Female,Sungai Raya,Viva,31711.00,IDR
Brandon,Gonzalez,bgonzalez1q@myspace.com,Bulgaria,Male,Kilifarevo,Skivee,17295.93,BGN
Victor,Russell,vrussell1r@wiley.com,China,Male,Jiazi,Kimia,42441.58,CNY
Harry,Fisher,hfisher1s@live.com,Philippines,Male,Salvacion,Gevee,73927.48,PHP
Willie,Ellis,wellis1t@ucoz.ru,Brazil,Male,Mogi Guaçu,Jabbersphere,95149.10,BRL
Deborah,Fuller,dfuller1u@fotki.com,Colombia,Female,El Espino,Meevee,77684.44,COP
Rachel,James,rjames1v@nih.gov,Indonesia,Female,Batambak,Trudeo,,IDR
Angela,Lawrence,alawrence1w@github.com,Russia,Female,Ostankinskiy,Wikizz,82096.59,RUB
Terry,Murray,tmurray1x@engadget.com,Libya,Male,Yafran,Vinte,10136.39,LYD
Richard,Payne,rpayne1y@i2i.jp,China,Male,Lanxi,Blogtags,93534.57,CNY
Todd,Lynch,tlynch1z@economist.com,China,Male,Hengxianhe,Feedmix,83884.94,CNY
Kathy,Ellis,kellis20@ucsd.edu,United States,Female,Camden,Eare,81961.54,USD
Todd,Lawson,tlawson21@disqus.com,Serbia,Male,Novi Bečej,Meembee,89269.39,RSD
Tina,Harris,tharris22@goo.gl,Argentina,Female,General Alvear,Feedfish,28631.12,ARS
Anna,Jones,ajones23@thetimes.co.uk,Azerbaijan,Female,Xankandi,Jayo,35494.25,AZN
Patrick,Sullivan,psullivan24@huffingtonpost.com,Lebanon,Male,Batroûn,Eayo,94334.59,LBP
Carol,Elliott,celliott25@wikia.com,Brazil,Female,Cajamar,Skaboo,10342.49,BRL
Dennis,Hanson,dhanson26@so-net.ne.jp,Poland,Male,Chodzież,Realcube,,PLN
Wayne,Peters,wpeters27@springer.com,Paraguay,Male,Yuty,Wordware,32498.28,PYG
Kenneth,Mason,kmason28@nationalgeographic.com,Brazil,Male,Pilar do Sul,Meevee,85082.73,BRL
Harry,Henry,hhenry29@google.com,United Kingdom,Male,Sheffield,Eadel,38785.45,GBP
David,Washington,dwashington2a@mapy.cz,Indonesia,Male,Manggissari,Mycat,25855.16,IDR
Shawn,Stevens,sstevens2b@skyrock.com,Indonesia,Male,Banjar Geriana Kangin,Bluejam,75051.40,IDR
Andrew,Wright,awright2c@psu.edu,Indonesia,Male,Leles,Ooba,39911.42,IDR
Annie,Patterson,apatterson2d@ted.com,Russia,Female,Suvorov,Twimm,48019.25,RUB
Aaron,Bell,abell2e@who.int,Turkey,Male,Yeniköy,Twinder,40548.05,TRY
Carl,Ellis,cellis2f@surveymonkey.com,Indonesia,Male,Kawahmanuk,Linktype,85700.65,IDR
Lawrence,Burns,lburns2g@vimeo.com,Latvia,Male,Ragana,Zoomdog,11249.70,EUR
Alan,Ray,aray2h@vkontakte.ru,Indonesia,Male,Mulyosari,Quire,46706.15,IDR
Thomas,Boyd,tboyd2i@clickbank.net,Portugal,Male,Louriceira,Tagopia,48235.48,EUR
Justin,Oliver,joliver2j@twitter.com,Brazil,Male,Itaporanga,Zoovu,33213.97,BRL
Amy,Anderson,aanderson2k@cbslocal.com,Indonesia,Female,Karafao,Meejo,,IDR
Cynthia,Jordan,cjordan2l@homestead.com,Albania,Female,Skore,Bubbletube,53824.02,ALL
Victor,Holmes,vholmes2m@cmu.edu,Colombia,Male,Sabanalarga,Meetz,70913.34,COP
Emily,Little,elittle2n@go.com,Vietnam,Female,Tây Hồ,Browsebug,85579.43,VND
Eric,Wheeler,ewheeler2o@hhs.gov,Italy,Male,Milano,Fivebridge,,EUR
Todd,Fisher,tfisher2p@hatena.ne.jp,Russia,Male,Saryg-Sep,Edgeify,65365.88,RUB
Joshua,King,jking2q@accuweather.com,Japan,Male,Sunagawa,Oyoloo,37950.14,JPY
Samuel,Alvarez,salvarez2r@wp.com,Costa Rica,Male,Liberia,Plajo,25964.94,CRC
Virginia,Miller,vmiller2s@qq.com,Portugal,Female,Carrasqueira,Browsezoom,88204.67,EUR
Charles,Fox,cfox2t@apache.org,China,Male,Zhentou,Tagopia,65330.50,CNY
Walter,Ward,wward2u@trellian.com,Iran,Male,Bandar-e Torkaman,Wordify,26012.79,IRR
Gerald,Butler,gbutler2v@icq.com,Greece,Male,Graikochóri,Wikivu,1979.18,EUR
Earl,Robertson,erobertson2w@aol.com,China,Male,Tengqiao,Zoomcast,38672.74,CNY
Helen,Cooper,hcooper2x@sohu.com,Philippines,Female,San Antonio,Rhynyx,,PHP
Kevin,Garcia,kgarcia2y@wikispaces.com,Indonesia,Male,Tual,Abatz,21085.07,IDR
Jason,Stone,jstone2z@google.com.hk,Vietnam,Male,Tầm Vu,Avaveo,,VND
Michael,Ramos,mramos30@parallels.com,United States,Male,Detroit,Twimbo,60178.28,USD
Kathryn,Sanders,ksanders31@cnn.com,Poland,Female,Ozorków,Voolith,1164.81,PLN
George,Bishop,gbishop32@symantec.com,Indonesia,Male,Bakunase,Trunyx,81198.70,IDR
Barbara,Kim,bkim33@phpbb.com,Egypt,Female,El Gouna,Wikibox,3425.91,EGP
Edward,Wood,ewood34@fc2.com,Canada,Male,Saint-Jérôme,Jetwire,55809.13,CAD
Norma,Ruiz,nruiz35@alibaba.com,China,Female,Xinhua,Skinte,72573.84,CNY
Dennis,Day,dday36@businesswire.com,Brazil,Male,Bambuí,Vidoo,,BRL
Wayne,Vasquez,wvasquez37@acquirethisname.com,China,Male,Shuinan,Geba,5279.40,CNY
Alan,Gordon,agordon38@storify.com,China,Male,Yangji,Pixonyx,48283.33,CNY
Janet,Hunt,jhunt39@addtoany.com,Czech Republic,Female,Zásmuky,Latz,31014.01,CZK
Russell,Ellis,rellis3a@businessweek.com,Philippines,Male,Cawayan,Snaptags,62099.80,PHP
Edward,Clark,eclark3b@netscape.com,Indonesia,Male,Pajak,Skinix,84991.97,IDR
Roger,Gomez,rgomez3c@ibm.com,Philippines,Male,Tipaz,Eire,15757.78,PHP
Gloria,Thomas,gthomas3d@washingtonpost.com,China,Female,Dinghuo,Twitterbeat,22758.30,CNY
David,Marshall,dmarshall3e@fda.gov,China,Male,Darenzhuang,Oyoloo,62970.48,CNY
Ernest,Hernandez,ehernandez3f@creativecommons.org,Palestinian Territory,Male,Far‘ūn,Eare,90320.60,ILS
Virginia,Butler,vbutler3g@alibaba.com,China,Female,Shangjiangxu,Jaxworks,79445.31,CNY
Sarah,Morgan,smorgan3h@si.edu,Venezuela,Female,Santa Elena de Uairén,Twimbo,5088.26,VEF
Arthur,Medina,amedina3i@liveinternet.ru,Malaysia,Male,Kota Bharu,Kazio,85998.84,MYR
Eric,Webb,ewebb3j@ustream.tv,Cocos Islands,Male,West Island,Kanoodle,,AUD
Amy,Campbell,acampbell3k@auda.org.au,Poland,Female,Bystrzyca,Zoomlounge,84644.84,PLN
Shirley,Black,sblack3l@instagram.com,China,Female,Haolaishan,Gigashots,89103.55,CNY
Wayne,Murray,wmurray3m@constantcontact.com,China,Male,Laozhuang,Meevee,52404.29,CNY
Harold,Simpson,hsimpson3n@netscape.com,China,Male,Lintan Chengguanzhen,Rhycero,60672.71,CNY
Gary,Elliott,gelliott3o@etsy.com,Russia,Male,Spas-Zaulok,Oyoloo,78119.94,RUB
Fred,Woods,fwoods3p@dyndns.org,Albania,Male,Karbunara e Vogël,Kazu,82225.99,ALL
Steven,Young,syoung3q@fastcompany.com,Serbia,Male,Varna,Mita,2312.50,RSD
William,Bailey,wbailey3r@liveinternet.ru,China,Male,Shisandaogou,Skinder,,CNY
William,Montgomery,wmontgomery3s@google.com,China,Male,Caihe,Bubblebox,63130.88,CNY
Marie,Peters,mpeters3t@sfgate.com,France,Female,Rennes,Roomm,61814.11,EUR
Anna,Ramos,aramos3u@ted.com,Russia,Female,Bogolyubovo,Abata,,RUB
Wayne,Stone,wstone3v@theatlantic.com,Indonesia,Male,Sarangmeduro,Zoovu,87963.92,IDR
Kevin,Andrews,kandrews3w@gov.uk,China,Male,Layu,Yambee,75966.51,CNY
Eugene,Henderson,ehenderson3x@google.com.hk,Czech Republic,Male,Hostomice,Jabbersphere,80326.08,CZK
Helen,Brown,hbrown3y@goodreads.com,Brazil,Female,Bom Jesus dos Perdões,Tazzy,31468.46,BRL
Rebecca,Barnes,rbarnes3z@nymag.com,Russia,Female,Togur,Podcat,75485.42,RUB
Chris,Shaw,cshaw40@engadget.com,France,Male,Dammarie-les-Lys,Janyx,,EUR
Anne,Sanchez,asanchez41@apache.org,Portugal,Female,Souto do Meio,Shufflebeat,,EUR
Helen,Nichols,hnichols42@vinaora.com,Turkmenistan,Female,Farap,Youspan,77879.40,TMT
Dennis,Flores,dflores43@wisc.edu,Poland,Male,Świebodzice,Quamba,82572.68,PLN
Fred,Martin,fmartin44@fema.gov,Portugal,Male,Casa Nova,Fiveclub,8263.32,EUR
Justin,Gilbert,jgilbert45@economist.com,Greece,Male,Stalís,Eadel,77669.63,EUR
Bonnie,Gutierrez,bgutierrez46@paypal.com,Sweden,Female,Edsbyn,Blogpad,52201.90,SEK
Paula,Boyd,pboyd47@nsw.gov.au,China,Female,Shuanggang,Divape,37458.84,CNY
Doris,Graham,dgraham48@admin.ch,Slovenia,Female,Slovenski Javornik,Twinte,77640.49,EUR
Jose,Cunningham,jcunningham49@springer.com,China,Male,Zhangcun,Livefish,27751.52,CNY
Judy,Clark,jclark4a@rakuten.co.jp,Indonesia,Female,Sindangkopo,Edgeblab,84292.95,IDR
Donna,Sanders,dsanders4b@altervista.org,Czech Republic,Female,Železná Ruda,Browsezoom,67556.66,CZK
Robin,Hamilton,rhamilton4c@ebay.com,Cameroon,Female,Bangangté,Kwinu,2652.07,XAF
Jimmy,Elliott,jelliott4d@dmoz.org,Indonesia,Male,Caringin Lor,Eayo,86149.54,IDR
Steve,Price,sprice4e@godaddy.com,Indonesia,Male,Cintawana,Voomm,84589.45,IDR
Susan,Fields,sfields4f@dmoz.org,Indonesia,Female,Wangunjaya,Trilith,76803.34,IDR
Bruce,Boyd,bboyd4g@epa.gov,Denmark,Male,København,Mybuzz,23117.48,DKK
Beverly,Rodriguez,brodriguez4h@wix.com,Palestinian Territory,Female,Ya‘bad,Browsebug,47170.64,ILS
Ashley,Powell,apowell4i@salon.com,Poland,Female,Łeba,Mudo,38076.00,PLN
Billy,Murray,bmurray4j@google.ru,Russia,Male,Shebekino,Blogspan,39500.50,RUB
Randy,Bennett,rbennett4k@huffingtonpost.com,Mexico,Male,Los Pinos,Midel,93845.88,MXN
Sean,Cox,scox4l@nymag.com,Bangladesh,Male,Tāngāil,Trupe,7571.38,BDT
Carl,Johnson,cjohnson4m@noaa.gov,Mexico,Male,San Antonio,Layo,,MXN
Harold,Patterson,hpatterson4n@infoseek.co.jp,Japan,Male,Ōmachi,Tazzy,20917.14,JPY
Evelyn,Hughes,ehughes4o@kickstarter.com,France,Female,La Roche-sur-Yon,Snaptags,70660.43,EUR
Amy,Oliver,aoliver4p@issuu.com,Tajikistan,Female,Abdurahmoni Jomí,Topiczoom,90969.22,TJS
Timothy,Banks,tbanks4q@bbb.org,Greece,Male,Eleftheroúpolis,Plambee,55145.67,EUR
William,Simmons,wsimmons4r@wordpress.org,China,Male,Jincheng,Babblestorm,27524.65,CNY
Anthony,Taylor,ataylor4s@ning.com,Mongolia,Male,Dzüünbulag,Quamba,86563.94,MNT
Irene,Lopez,ilopez4t@mozilla.com,Brazil,Female,Barrinha,Edgeblab,12591.47,BRL
Lisa,Watkins,lwatkins4u@cam.ac.uk,Slovenia,Female,Dragomer,Roombo,33924.02,EUR
Judith,Anderson,janderson4v@craigslist.org,France,Female,Longwy,Zoomcast,53482.68,EUR
Timothy,Warren,twarren4w@dyndns.org,France,Male,Rumilly,Linkbuzz,65063.81,EUR
Bruce,Payne,bpayne4x@mayoclinic.com,Philippines,Male,Topdac,Roodel,24229.74,PHP
Earl,Rivera,erivera4y@dmoz.org,Russia,Male,Barnaul,InnoZ,94432.41,RUB
Barbara,Wright,bwright4z@ox.ac.uk,Russia,Female,Rezh,Twitterworks,82019.10,RUB
Kathleen,Wood,kwood50@gmpg.org,Sweden,Female,Göteborg,Voomm,79243.55,SEK
Timothy,Wilson,twilson51@tuttocitta.it,Malaysia,Male,Kuala Lumpur,Yodel,28672.74,MYR
Billy,King,bking52@geocities.jp,Colombia,Male,Buenaventura,Avavee,10874.25,COP
Teresa,Garrett,tgarrett53@hostgator.com,Poland,Female,Poręba Spytkowska,Jabbersphere,72677.90,PLN
Philip,Ruiz,pruiz54@blog.com,Czech Republic,Male,Holice,Nlounge,64896.74,CZK
Amanda,Carpenter,acarpenter55@google.ca,Indonesia,Female,Pucangkrajan,Katz,24439.77,IDR
Janice,Kim,jkim56@xinhuanet.com,South Africa,Female,Ixopo,Quinu,56863.85,ZAR
Jean,Stanley,jstanley57@apple.com,Nigeria,Female,Igarra,Jabbersphere,80118.96,NGN
David,Hernandez,dhernandez58@xrea.com,France,Male,Montrouge,Bubblebox,74137.82,EUR
Mary,Wallace,mwallace59@cnn.com,Indonesia,Female,Santong,Lazz,,IDR
John,Webb,jwebb5a@hostgator.com,Philippines,Male,Maloco,Voonyx,44160.47,PHP
Debra,Adams,dadams5b@tripod.com,Egypt,Female,Al Bājūr,Jetwire,,EGP
Richard,Olson,rolson5c@dot.gov,Indonesia,Male,Wringinsari,Tambee,91020.42,IDR
Clarence,Griffin,cgriffin5d@dion.ne.jp,Brazil,Male,Guaíra,Ntag,69139.56,BRL
Andrea,Robinson,arobinson5e@umich.edu,Russia,Female,Voskresenskoye,Demizz,63747.63,RUB
Samuel,Henderson,shenderson5f@mysql.com,Panama,Male,El Espino,Eamia,4499.48,PAB
Patrick,Day,pday5g@tinypic.com,Indonesia,Male,Langsepan,Eidel,60273.73,IDR
Fred,Knight,fknight5h@pagesperso-orange.fr,Mexico,Male,San Isidro,Tagopia,47110.81,MXN
Jeremy,Nguyen,jnguyen5i@smh.com.au,China,Male,Xiying,Blogtags,,CNY
Eugene,Arnold,earnold5j@surveymonkey.com,Indonesia,Male,Kebonkaret,Skibox,95672.56,IDR
Cynthia,Banks,cbanks5k@imgur.com,United States,Female,Jacksonville,Avaveo,67154.72,USD
Marilyn,Lawrence,mlawrence5l@godaddy.com,Argentina,Female,Las Toscas,Eire,42253.71,ARS
Angela,Hernandez,ahernandez5m@bbb.org,Philippines,Female,Irirum,Meembee,72617.47,PHP
Jeremy,Hayes,jhayes5n@seattletimes.com,Canada,Male,Petrolia,Twitterbridge,67285.02,CAD
Betty,Davis,bdavis5o@china.com.cn,United States,Female,Beaumont,Zoonoodle,62449.37,USD
Pamela,Jenkins,pjenkins5p@elegantthemes.com,China,Female,Laocheng,Quinu,44088.19,CNY
Joyce,Palmer,jpalmer5q@canalblog.com,Saudi Arabia,Female,Ash Shafā,Tagpad,4912.33,SAR
Barbara,Weaver,bweaver5r@chronoengine.com,Philippines,Female,Banaba,Leexo,92841.31,PHP
Susan,Long,slong5s@icio.us,Vietnam,Female,Quận Tân Phú,Camido,44754.17,VND
Patricia,Ryan,pryan5t@google.co.uk,Indonesia,Female,Masaran,Trilia,13181.00,IDR
Janet,Edwards,jedwards5u@mediafire.com,Ivory Coast,Female,Abengourou,Rhyloo,18977.70,XOF
Donald,Bradley,dbradley5v@blogs.com,Philippines,Male,Del Monte,Brightbean,90194.76,PHP
Chris,Hart,chart5w@purevolume.com,Brazil,Male,Schroeder,Wikizz,92356.71,BRL
Jeffrey,Schmidt,jschmidt5x@senate.gov,China,Male,Gaoqiao,Bluezoom,30552.54,CNY
Aaron,Marshall,amarshall5y@creativecommons.org,China,Male,Chang’an,Jabberstorm,74988.32,CNY
Rose,Griffin,rgriffin5z@sina.com.cn,Russia,Female,Katav-Ivanovsk,Photospace,27759.19,RUB
Howard,White,hwhite60@jugem.jp,United States,Male,Seattle,Oba,4092.01,USD
Joyce,Gilbert,jgilbert61@washington.edu,Indonesia,Female,Singgit,Devshare,45254.07,IDR
Alice,Ross,aross62@jigsy.com,Russia,Female,Solnechnyy,Miboo,46181.05,RUB
Janet,Payne,jpayne63@theguardian.com,China,Female,Yilongyong,Babbleblab,80190.77,CNY
Judith,Scott,jscott64@ask.com,Czech Republic,Female,Brloh,Eabox,77564.66,CZK
Brian,Hughes,bhughes65@kickstarter.com,France,Male,Orléans,Blogtag,46388.45,EUR
Roger,Kennedy,rkennedy66@tumblr.com,Greece,Male,Elefsína,Skiptube,91853.46,EUR
Betty,Harrison,bharrison67@xing.com,United States,Female,Pittsburgh,Bluejam,17829.83,USD
Janet,Gonzalez,jgonzalez68@is.gd,Portugal,Female,Quarteira,Edgeclub,25574.52,EUR
Angela,Roberts,aroberts69@bloomberg.com,Vietnam,Female,Haiphong,Yacero,2900.37,VND
Craig,Arnold,carnold6a@usda.gov,Ecuador,Male,Macas,Janyx,33625.82,USD
Jessica,Gilbert,jgilbert6b@surveymonkey.com,United States,Female,Asheville,Edgepulse,59362.13,USD
Christina,Arnold,carnold6c@hibu.com,Russia,Female,Serov,Voonix,37811.32,RUB
Jennifer,Ramirez,jramirez6d@mozilla.org,Indonesia,Female,Bengga,Wikivu,83588.11,IDR
George,Alvarez,galvarez6e@slashdot.org,Sweden,Male,Huskvarna,Browsetype,46764.76,SEK
Karen,Henderson,khenderson6f@weather.com,China,Female,Yuncheng,Oozz,89578.53,CNY
Nancy,Dean,ndean6g@sina.com.cn,Argentina,Female,Aviá Terai,Talane,,ARS
Edward,Greene,egreene6h@paginegialle.it,Philippines,Male,Tungawan,Agivu,98225.61,PHP
Christine,Warren,cwarren6i@seattletimes.com,Iceland,Female,Grindavík,Flipbug,5585.47,ISK
Kathryn,Wallace,kwallace6j@com.com,Philippines,Female,Aras-asan,Kanoodle,,PHP
Theresa,Fuller,tfuller6k@bloglines.com,Sweden,Female,Lysekil,DabZ,92730.33,SEK
Rose,Rice,rrice6l@wufoo.com,China,Female,Liangzeng,Centidel,64715.40,CNY
Scott,Anderson,sanderson6m@baidu.com,Poland,Male,Słońsk,Quire,50691.75,PLN
Ernest,Rogers,erogers6n@nifty.com,Indonesia,Male,Babakanloa,Linktype,25757.64,IDR
Anna,Davis,adavis6o@senate.gov,Czech Republic,Female,Popovice,Divape,20709.20,CZK
Heather,Cox,hcox6p@sciencedaily.com,France,Female,Évry,Flashdog,36624.38,EUR
Nancy,Ramirez,nramirez6q@google.de,Canada,Female,North York,Zooveo,12792.04,CAD
Willie,Gray,wgray6r@google.ca,Cyprus,Male,Pégeia,Photobean,,EUR
Jeffrey,Scott,jscott6s@yelp.com,Indonesia,Male,Kepoh,Thoughtworks,,IDR
Jose,Little,jlittle6t@etsy.com,France,Male,Frontignan,Kamba,63324.87,EUR
Alice,Hamilton,ahamilton6u@cbslocal.com,Malaysia,Female,Melaka,Quinu,92109.19,MYR
Joshua,Allen,jallen6v@hexun.com,Indonesia,Male,Sampangan,Skinte,1032.86,IDR
Ralph,Hawkins,rhawkins6w@imageshack.us,Poland,Male,Ciepielów,Chatterpoint,30350.05,PLN
Joshua,Kim,jkim6x@xrea.com,Argentina,Male,Merlo,Yakidoo,17439.75,ARS
Howard,Perkins,hperkins6y@usda.gov,Russia,Male,Moscow,Kwilith,43064.64,RUB
Joyce,Gutierrez,jgutierrez6z@plala.or.jp,Colombia,Female,Mariquita,Cogidoo,,COP
Kimberly,Berry,kberry70@com.com,Brazil,Female,Nova Venécia,Tazzy,88088.73,BRL
Anna,Olson,aolson71@addtoany.com,Indonesia,Female,Sengeti,Avamba,96004.10,IDR
Gerald,Tucker,gtucker72@hexun.com,Mozambique,Male,Manjacaze,Zoomlounge,95123.38,MZN
John,Hicks,jhicks73@ustream.tv,Dominican Republic,Male,Neiba,Plajo,,DOP
Clarence,Diaz,cdiaz74@bbc.co.uk,Sweden,Male,Umeå,Yadel,64387.20,SEK
Judith,Gray,jgray75@msu.edu,Democratic Republic of the Congo,Female,Aketi,Browsetype,20568.87,CDF
Larry,Day,lday76@blogtalkradio.com,Democratic Republic of the Congo,Male,Kabare,Oyoloo,28533.84,CDF
Judy,Graham,jgraham77@github.io,Greece,Female,Alistráti,Demivee,19351.36,EUR
Charles,Hayes,chayes78@plala.or.jp,Peru,Male,La Molina,Flipopia,20455.49,PEN
Jack,Gonzalez,jgonzalez79@ning.com,Japan,Male,Tomigusuku,Skyvu,,JPY
Wayne,Russell,wrussell7a@aboutads.info,Vietnam,Male,Bảo Lộc,Demizz,5964.09,VND
Gregory,Andrews,gandrews7b@posterous.com,China,Male,Zhongzhai,Jazzy,55844.50,CNY
Lois,Day,lday7c@nhs.uk,Colombia,Female,Andalucía,Ozu,4887.48,COP
Susan,Ellis,sellis7d@godaddy.com,Ukraine,Female,Pryazovs’ke,Skippad,49650.40,UAH
Angela,James,ajames7e@princeton.edu,Poland,Female,Pisz,Blogspan,72914.30,PLN
Janice,Long,jlong7f@nytimes.com,Czech Republic,Female,Bavorov,Zoonoodle,,CZK
Helen,Fisher,hfisher7g@fema.gov,Poland,Female,Kargowa,Thoughtbeat,2892.73,PLN
Ernest,Williams,ewilliams7h@istockphoto.com,Tunisia,Male,Ben Arous,Photojam,50853.61,TND
Sara,Weaver,sweaver7i@technorati.com,United States,Female,Dallas,Jaxbean,78156.18,USD
Philip,James,pjames7j@guardian.co.uk,Poland,Male,Ełk,Eabox,60072.38,PLN
Jennifer,Elliott,jelliott7k@boston.com,Portugal,Female,Figueira Castelo Rodrigo,Shuffletag,14343.95,EUR
Doris,Ross,dross7l@bloomberg.com,Mexico,Female,Benito Juarez,JumpXS,75283.39,MXN
Phillip,Kennedy,pkennedy7m@mail.ru,Nicaragua,Male,Santa Teresa,Quatz,73699.17,NIO
Chris,Carr,ccarr7n@patch.com,China,Male,Lijiang,Muxo,72708.41,CNY
Walter,Gordon,wgordon7o@wikipedia.org,Poland,Male,Żarnów,Devbug,42594.32,PLN
Roger,Mitchell,rmitchell7p@vimeo.com,Spain,Male,Ourense,Meedoo,4426.35,EUR
Joyce,Perry,jperry7q@howstuffworks.com,Indonesia,Female,Belanting,Browsecat,65897.95,IDR
Roy,Holmes,rholmes7r@arstechnica.com,Indonesia,Male,Sidamukti,Snaptags,57387.77,IDR
Shawn,Kelly,skelly7s@blog.com,Cameroon,Male,Fundong,Rhynoodle,42439.41,XAF
Carlos,Clark,cclark7t@mtv.com,Burundi,Male,Makamba,Bubblemix,,BIF
Louise,Arnold,larnold7u@delicious.com,Colombia,Female,Puente Nacional,Topiclounge,38406.61,COP
Mary,Mccoy,mmccoy7v@barnesandnoble.com,China,Female,Guanting,Blogspan,314.29,CNY
Paul,Russell,prussell7w@google.it,Indonesia,Male,Palla,Skimia,94033.00,IDR
Diana,Howell,dhowell7x@paginegialle.it,China,Female,Xinpeicun,Wikido,30649.52,CNY
Kenneth,Cooper,kcooper7y@smh.com.au,Philippines,Male,Communal,Yadel,50129.76,PHP
Tammy,Garza,tgarza7z@jimdo.com,Albania,Female,Sevaster,Riffpedia,24185.19,ALL
Shirley,Frazier,sfrazier80@disqus.com,Panama,Female,Sioguí Abajo,Jaxbean,70695.31,PAB
Judith,Lewis,jlewis81@storify.com,Senegal,Female,Tiadiaye,Buzzshare,,XOF
Steven,Hawkins,shawkins82@tinypic.com,Mexico,Male,Buenos Aires,Wikido,51312.29,MXN
Katherine,Campbell,kcampbell83@gmpg.org,China,Female,Yengimahalla,Rooxo,20733.17,CNY
Karen,Hansen,khansen84@google.it,Philippines,Female,Garcia Hernandez,Divanoodle,1702.41,PHP
Louis,Price,lprice85@washingtonpost.com,Russia,Male,Nazyvayevsk,Topicshots,7975.15,RUB
Jeremy,Diaz,jdiaz86@nymag.com,Indonesia,Male,Garawati,Yodo,68013.34,IDR
Irene,Richards,irichards87@twitpic.com,Indonesia,Female,Cibungur,Brainsphere,70138.27,IDR
Susan,Gardner,sgardner88@tmall.com,French Polynesia,Female,Rikitea,Oozz,3868.31,XPF
Lisa,Gonzalez,lgonzalez89@techcrunch.com,Georgia,Female,Akhaltsikhe,Realfire,67411.72,GEL
Willie,Grant,wgrant8a@adobe.com,Czech Republic,Male,Rajhrad,Divanoodle,28133.49,CZK
Joe,Harrison,jharrison8b@hatena.ne.jp,China,Male,Wantou,Vipe,50855.48,CNY
Annie,Hart,ahart8c@hibu.com,Czech Republic,Female,Hodkovice nad Mohelkou,Tanoodle,29396.25,CZK
Lillian,Bishop,lbishop8d@dropbox.com,Indonesia,Female,Krajan,Skinix,20867.37,IDR
Benjamin,Chavez,bchavez8e@goo.ne.jp,Brazil,Male,Caçapava do Sul,InnoZ,63617.57,BRL
Steve,Jackson,sjackson8f@slideshare.net,Indonesia,Male,Haruman,Yabox,64305.09,IDR
Beverly,Hughes,bhughes8g@gizmodo.com,Argentina,Female,Leleque,Rhybox,,ARS
Louis,Henry,lhenry8h@spiegel.de,Afghanistan,Male,Alah Sāy,Wordify,7272.85,AFN
Patrick,Daniels,pdaniels8i@slashdot.org,Ukraine,Male,Lysyanka,Oyondu,75291.85,UAH
Jeffrey,Burns,jburns8j@ucoz.ru,Czech Republic,Male,Měcholupy,Skimia,24268.16,CZK
Carlos,Wilson,cwilson8k@sitemeter.com,China,Male,Bailiang,DabZ,65643.07,CNY
Virginia,Wells,vwells8l@cnet.com,Croatia,Female,Jagodnjak,Photolist,66408.94,HRK
Stephen,Lynch,slynch8m@springer.com,Sweden,Male,Sundsvall,Babbleopia,48976.67,SEK
Margaret,Larson,mlarson8n@thetimes.co.uk,Greece,Female,Argostólion,Gabtune,3053.25,EUR
George,George,ggeorge8o@godaddy.com,Syria,Male,Khanāşir,Meevee,51776.66,SYP
Donald,Fuller,dfuller8p@cdbaby.com,Russia,Male,Semënovskoye,Rhyzio,42886.61,RUB
Sharon,Moreno,smoreno8q@free.fr,Philippines,Female,Wao,Tagfeed,,PHP
Carl,Chavez,cchavez8r@go.com,Qatar,Male,Umm Şalāl ‘Alī,Mycat,35942.74,QAR
Howard,Wagner,hwagner8s@home.pl,China,Male,Macha,Brightbean,51631.38,CNY
Jonathan,Banks,jbanks8t@examiner.com,Tunisia,Male,Jendouba,Feednation,53652.37,TND
Kenneth,Meyer,kmeyer8u@gravatar.com,Slovenia,Male,Dobje pri Planini,Linkbuzz,23501.94,EUR
Jesse,Flores,jflores8v@shutterfly.com,China,Male,Zhongshan Donglu,Vinder,69595.08,CNY
Eugene,Alexander,ealexander8w@woothemes.com,United States,Male,Sacramento,Janyx,,USD
Alice,Bailey,abailey8x@walmart.com,China,Female,Xiangrong,Kamba,5399.68,CNY
Philip,Ramos,pramos8y@smugmug.com,Burkina Faso,Male,Sapouy,Skippad,91058.71,XOF
Kathleen,Campbell,kcampbell8z@meetup.com,Syria,Female,‘Arīqah,Skimia,34401.90,SYP
Julia,Alvarez,jalvarez90@nyu.edu,Philippines,Female,Panalanoy,Tagchat,8153.13,PHP
Matthew,Martinez,mmartinez91@sfgate.com,Libya,Male,Şurmān,Minyx,9684.56,LYD
Donald,Garza,dgarza92@dagondesign.com,Belarus,Male,Yubilyeyny,Trudeo,,BYR
Anthony,Bishop,abishop93@arizona.edu,Indonesia,Male,Semampirbarat,Plajo,11462.92,IDR
Jerry,Dean,jdean94@cpanel.net,Albania,Male,Brataj,Photojam,15314.37,ALL
Jimmy,Richards,jrichards95@phoca.cz,Indonesia,Male,Rangmanten,Zava,,IDR
Martha,Freeman,mfreeman96@mapy.cz,Ukraine,Female,Budy,Babbleopia,50260.48,UAH
Lawrence,Schmidt,lschmidt97@si.edu,Yemen,Male,Jawl al Majma‘,Katz,37737.15,YER
Timothy,Rivera,trivera98@hostgator.com,Ukraine,Male,Banyliv,Quatz,,UAH
Heather,Howell,hhowell99@youku.com,Ukraine,Female,Voronkov,Brightbean,1663.05,UAH
Jeffrey,Duncan,jduncan9a@princeton.edu,Russia,Male,Topol’noye,Thoughtstorm,,RUB
Adam,Austin,aaustin9b@umn.edu,China,Male,Beijie,Yabox,33221.16,CNY
Jason,Payne,jpayne9c@mayoclinic.com,United States,Male,Durham,Voomm,21303.88,USD
Kevin,Bryant,kbryant9d@fastcompany.com,Ukraine,Male,Korop,Wordware,72467.28,UAH
Philip,Jones,pjones9e@nba.com,Philippines,Male,Maño,Aimbu,33223.11,PHP
William,Wagner,wwagner9f@bloglines.com,Belarus,Male,Khal’ch,Rhyzio,27872.74,BYR
Samuel,Lee,slee9g@blogspot.com,Russia,Male,Kiritsy,Izio,35349.15,RUB
Beverly,Henderson,bhenderson9h@weibo.com,Portugal,Female,Vila Verde,Chatterbridge,36464.19,EUR
Alice,Lynch,alynch9i@engadget.com,Russia,Female,Bizhbulyak,Yambee,99214.92,RUB
Nancy,Peterson,npeterson9j@forbes.com,Mexico,Female,Las Palmas,Fadeo,58952.59,MXN
Louis,Bishop,lbishop9k@walmart.com,China,Male,Caotang,Twimbo,46718.51,CNY
Carlos,Bryant,cbryant9l@yelp.com,Russia,Male,Otradnoye,Topiczoom,54420.31,RUB
Ryan,Vasquez,rvasquez9m@ycombinator.com,Guam,Male,Sinajana Village,Leenti,67169.01,USD
Randy,Kelley,rkelley9n@miibeian.gov.cn,Indonesia,Male,Bantarsari Kulon,Yozio,30314.99,IDR
Eugene,Bishop,ebishop9o@rediff.com,Argentina,Male,General Galarza,Twitterwire,15702.17,ARS
Bonnie,Ferguson,bferguson9p@deviantart.com,Greece,Female,Géfyra,Buzzster,,EUR
Denise,Ward,dward9q@irs.gov,China,Female,Dongxin,Zoombeat,66234.08,CNY
Janet,Moore,jmoore9r@nbcnews.com,Sweden,Female,Tierp,Topicblab,47207.87,SEK
Steven,Hicks,shicks9s@bizjournals.com,Poland,Male,Wydminy,Skivee,73438.78,PLN
Karen,Hernandez,khernandez9t@thetimes.co.uk,Indonesia,Female,Oehala,Wikido,66565.38,IDR
Christina,Romero,cromero9u@blogger.com,Ireland,Female,Boyle,Abatz,77319.25,EUR
Emily,Burns,eburns9v@networkadvertising.org,China,Female,Jiangduo,Jabberbean,81470.62,CNY
Gloria,Smith,gsmith9w@instagram.com,China,Female,Zhujiaqiao,Skimia,,CNY
Pamela,Rogers,progers9x@china.com.cn,Paraguay,Female,Tobatí,Yakijo,21123.41,PYG
Lawrence,Gilbert,lgilbert9y@dedecms.com,Iran,Male,Bandar-e ‘Asalūyeh,Babbleblab,46493.41,IRR
Wanda,Davis,wdavis9z@chicagotribune.com,Haiti,Female,Port-au-Prince,Voonder,94216.13,HTG
Annie,Austin,aaustina0@wsj.com,Poland,Female,Humniska,Browseblab,35531.21,PLN
Eugene,Turner,eturnera1@shinystat.com,Cambodia,Male,Svay Rieng,Teklist,52815.30,KHR
Joyce,Mendoza,jmendozaa2@businessweek.com,Sweden,Female,Umeå,Blogspan,54871.62,SEK
Margaret,Garrett,mgarretta3@icio.us,Bulgaria,Female,Chernomorets,Vinder,10897.13,BGN
Lillian,Hayes,lhayesa4@addtoany.com,France,Female,Mâcon,Babblestorm,57662.40,EUR
Aaron,Reid,areida5@chicagotribune.com,Indonesia,Male,Binangun,Eimbee,63123.86,IDR
Jennifer,Snyder,jsnydera6@guardian.co.uk,Philippines,Female,Limbaan,Oyoyo,12877.06,PHP
Phillip,Henderson,phendersona7@economist.com,Brazil,Male,Custódia,Skyba,97197.19,BRL
Barbara,Simmons,bsimmonsa8@forbes.com,Argentina,Female,Junín,Meevee,39950.81,ARS
Angela,Bell,abella9@ameblo.jp,Slovakia,Female,Bratislava,Meetz,36361.53,EUR
Joe,Howard,jhowardaa@123-reg.co.uk,Mauritius,Male,Notre Dame,Skiba,,MUR
Gerald,Hall,ghallab@ucoz.ru,Tunisia,Male,Tunis,Wordify,46206.12,TND
Gerald,Stanley,gstanleyac@github.io,Brazil,Male,Itaqui,Gigabox,40369.92,BRL
Martin,Fowler,mfowlerad@google.com.hk,Indonesia,Male,Cinyawang,Skajo,,IDR
Albert,Collins,acollinsae@time.com,Kazakhstan,Male,Stepnogorsk,Blogtags,,KZT
Kimberly,Reid,kreidaf@eventbrite.com,China,Female,Huazhuang,Yabox,24902.36,CNY
Theresa,Matthews,tmatthewsag@mit.edu,Indonesia,Female,Selopuro,Brainlounge,7197.88,IDR
Russell,Dean,rdeanah@artisteer.com,Poland,Male,Kościerzyna,Muxo,95282.24,PLN
Sean,Carter,scarterai@yellowbook.com,Thailand,Male,Kantharalak,Wikibox,58564.80,THB
Mildred,Kelly,mkellyaj@bloglines.com,Indonesia,Female,Karanganyar,Zoomcast,74833.31,IDR
Paula,Patterson,ppattersonak@phoca.cz,Russia,Female,Zhukovka,Jaxspan,60773.77,RUB
Kevin,Stevens,kstevensal@typepad.com,Brazil,Male,Riachão das Neves,Jabbercube,64399.99,BRL
Jack,Thomas,jthomasam@people.com.cn,Ukraine,Male,Dashev,Kare,85678.56,UAH
Rachel,Tucker,rtuckeran@clickbank.net,China,Female,Pinghu,Skyndu,85614.88,CNY
Roger,Hunt,rhuntao@tiny.cc,Czech Republic,Male,Otrokovice,Lazzy,93571.90,CZK
Patrick,Stanley,pstanleyap@symantec.com,Greece,Male,Fotolívos,Skalith,47172.40,EUR
Anthony,Jackson,ajacksonaq@auda.org.au,Colombia,Male,Concepción,Nlounge,30115.79,COP
Howard,Price,hpricear@arstechnica.com,China,Male,Kezileboyi,Quire,14463.22,CNY
Rebecca,Lane,rlaneas@mac.com,Croatia,Female,Lužani,Realcube,54737.84,HRK
Gregory,Perez,gperezat@oracle.com,China,Male,Dagang,Tekfly,91298.57,CNY
Alan,Gomez,agomezau@narod.ru,United States,Male,Flushing,Realpoint,79115.05,USD
Joyce,Stone,jstoneav@naver.com,China,Female,Nanjiao,Shuffletag,79403.02,CNY
Richard,Stone,rstoneaw@dell.com,Pakistan,Male,Rustam jo Goth,Oozz,97093.34,PKR
Bonnie,Brown,bbrownax@cisco.com,Portugal,Female,Quintãs,Meetz,19749.03,EUR
Steven,Hughes,shughesay@comsenz.com,Nigeria,Male,Gumel,Jabberbean,,NGN
Christopher,Fox,cfoxaz@berkeley.edu,Portugal,Male,Mundão,Dabshots,50834.50,EUR
Ruth,Robertson,rrobertsonb0@dot.gov,Indonesia,Female,Pasanggrahan,Photojam,41051.87,IDR
Donald,Garcia,dgarciab1@mapquest.com,Palestinian Territory,Male,Yāsūf,Zoomzone,59019.32,ILS
Clarence,Richards,crichardsb2@feedburner.com,China,Male,Zhuzuo,Youtags,36197.12,CNY
Doris,Howard,dhowardb3@fda.gov,Indonesia,Female,Karangkancana,Buzzshare,,IDR
Thomas,Weaver,tweaverb4@w3.org,South Africa,Male,Brandfort,Devshare,64301.69,ZAR
Eugene,Alvarez,ealvarezb5@typepad.com,Poland,Male,Sietesz,Plajo,87160.52,PLN
Christopher,Henry,chenryb6@bloomberg.com,Pakistan,Male,Badīn,Dabtype,51875.83,PKR
Ann,Ford,afordb7@joomla.org,Indonesia,Female,Ciawi,Dynava,,IDR
Earl,Ryan,eryanb8@about.me,China,Male,Huaihua,Rhycero,47237.39,CNY
Stephanie,Schmidt,sschmidtb9@newyorker.com,Portugal,Female,Chavães,Zazio,72768.79,EUR
Phyllis,Sanders,psandersba@newsvine.com,China,Female,Paizhou,Jabbercube,,CNY
Diane,Frazier,dfrazierbb@arstechnica.com,Madagascar,Female,Mananjary,Zazio,38376.66,MGA
Heather,Lopez,hlopezbc@ca.gov,Russia,Female,Polyarnyy,Quimm,31749.17,RUB
Anthony,Cunningham,acunninghambd@cpanel.net,Portugal,Male,Carreira,Thoughtsphere,89412.70,EUR
Kathryn,Clark,kclarkbe@xing.com,Brazil,Female,Igarapé Miri,Skilith,83761.60,BRL
Dorothy,Jacobs,djacobsbf@webnode.com,Jordan,Female,Ash Shajarah,Trudeo,90580.09,JOD
Phillip,Smith,psmithbg@engadget.com,Colombia,Male,Sabaneta,Minyx,24263.92,COP
Mildred,Murray,mmurraybh@tumblr.com,Libya,Female,Şurmān,Topiczoom,40824.80,LYD
Teresa,Mcdonald,tmcdonaldbi@illinois.edu,Syria,Female,Tallkalakh,Katz,75782.41,SYP
Carlos,Harvey,charveybj@sciencedaily.com,Finland,Male,Sibbo,Avamba,,EUR
Annie,Hansen,ahansenbk@360.cn,China,Female,Longmen,Oloo,42424.10,CNY
Anna,Baker,abakerbl@home.pl,Indonesia,Female,Sendung,Babbleset,84131.59,IDR
Julie,Holmes,jholmesbm@people.com.cn,Nigeria,Female,Buni Yadi,Realfire,,NGN
Beverly,Brown,bbrownbn@army.mil,Cyprus,Female,Dhromolaxia,Chatterbridge,21648.53,EUR
David,Reynolds,dreynoldsbo@bluehost.com,France,Male,Carcassonne,Skynoodle,34156.91,EUR
Donald,Bryant,dbryantbp@51.la,Mexico,Male,Santa Maria,Wikivu,7636.71,MXN
Judy,Stanley,jstanleybq@marketwatch.com,Brazil,Female,Timbó,Flashset,28823.96,BRL
Frank,Daniels,fdanielsbr@mail.ru,China,Male,Nanqiao,Youfeed,83521.52,CNY
David,Matthews,dmatthewsbs@spiegel.de,Spain,Male,Gijon,Quatz,,EUR
Christopher,Stevens,cstevensbt@oracle.com,Indonesia,Male,Sumberagung,Eamia,14709.88,IDR
Jean,Mills,jmillsbu@sciencedaily.com,Serbia,Female,Banatski Dvor,Browsezoom,8976.57,RSD
Paul,Green,pgreenbv@bloomberg.com,France,Male,Montpellier,BlogXS,12501.52,EUR
Ruby,Lewis,rlewisbw@addthis.com,Indonesia,Female,Bente,Kwinu,26544.89,IDR
Judy,Coleman,jcolemanbx@yellowbook.com,China,Female,Dazhongzhuang,Bluezoom,,CNY
Julie,Murray,jmurrayby@utexas.edu,Greece,Female,Pýrgos,Vitz,39067.84,EUR
Karen,Sims,ksimsbz@joomla.org,Equatorial Guinea,Female,Ncue,Photobean,2203.55,XAF
Frank,Collins,fcollinsc0@yolasite.com,Portugal,Male,Casal de Cambra,Jaxnation,90733.38,EUR
Sarah,Burke,sburkec1@alexa.com,Brazil,Female,João Câmara,Vitz,,BRL
Ashley,Dean,adeanc2@google.com.hk,Indonesia,Female,Sekongkang Bawah,Wikizz,85422.68,IDR
Betty,Alvarez,balvarezc3@npr.org,South Sudan,Female,Leer,Quimm,2895.53,SSP
Brandon,Bailey,bbaileyc4@booking.com,Japan,Male,Naha-shi,Abatz,13505.96,JPY
Jason,Coleman,jcolemanc5@diigo.com,Ireland,Male,Valleymount,Jazzy,82580.63,EUR
Marilyn,Hawkins,mhawkinsc6@clickbank.net,Philippines,Female,Inicbulan,Buzzshare,79473.97,PHP
Shawn,Ross,srossc7@acquirethisname.com,Belarus,Male,Ivanava,Topicshots,72094.82,BYR
Adam,Willis,awillisc8@apple.com,France,Male,Nîmes,Browseblab,27634.51,EUR
Daniel,Black,dblackc9@craigslist.org,Peru,Male,Sitabamba,Babblestorm,62096.67,PEN
Jeremy,Ortiz,jortizca@rambler.ru,Philippines,Male,Isabela,Camido,29178.06,PHP
Christina,Myers,cmyerscb@technorati.com,Ukraine,Female,Kulykiv,Rhyzio,78481.14,UAH
Michael,Reyes,mreyescc@joomla.org,France,Male,Rennes,Linkbridge,97369.88,EUR
Keith,Sims,ksimscd@seattletimes.com,Portugal,Male,Estoi,Brainverse,4433.82,EUR
Evelyn,Rivera,eriverace@theatlantic.com,Brazil,Female,Itaituba,Jayo,3281.45,BRL
Richard,Marshall,rmarshallcf@dedecms.com,Germany,Male,Dillenburg,Mydo,89093.25,EUR
Brian,Brooks,bbrookscg@mapy.cz,Greece,Male,Karpokhórion,Skipfire,22060.26,EUR
Lisa,Howell,lhowellch@4shared.com,China,Female,Dingjia,Bluezoom,31795.39,CNY
Sean,Perkins,sperkinsci@merriam-webster.com,China,Male,Hexi,Skyvu,72118.54,CNY
Arthur,Fields,afieldscj@google.com.au,Ukraine,Male,Dmytrivka,Shuffledrive,85154.73,UAH
Walter,Ferguson,wfergusonck@nature.com,Poland,Male,Chyżne,Gigashots,,PLN
Shawn,Hamilton,shamiltoncl@lulu.com,Indonesia,Male,Karangpeton,Kimia,16146.52,IDR
Gerald,Adams,gadamscm@hao123.com,China,Male,Dugu,Pixoboo,66380.28,CNY
Janice,Johnston,jjohnstoncn@g.co,Colombia,Female,Río Viejo,Meevee,54990.97,COP
Shawn,Berry,sberryco@vimeo.com,Pakistan,Male,Shāhpur Chākar,Kazu,75468.40,PKR
Sara,Henry,shenrycp@geocities.com,China,Female,Hanghuadian,Avamm,69926.33,CNY
Samuel,Reynolds,sreynoldscq@blog.com,Thailand,Male,Ang Thong,Youfeed,20021.26,THB
David,Freeman,dfreemancr@webeden.co.uk,France,Male,Nancy,Zoomcast,66282.52,EUR
Susan,Lewis,slewiscs@hatena.ne.jp,Czech Republic,Female,Ořechov,Jabbercube,10149.05,CZK
Kenneth,Cruz,kcruzct@altervista.org,Czech Republic,Male,Vlachovice,Skajo,23349.96,CZK
Deborah,Morris,dmorriscu@columbia.edu,Indonesia,Female,Armopa,DabZ,47010.74,IDR
Ernest,Phillips,ephillipscv@opera.com,France,Male,Lyon,Eamia,74444.92,EUR
Rose,Richards,rrichardscw@imageshack.us,United States,Female,Rockford,Kazu,96675.52,USD
Laura,Reyes,lreyescx@tinyurl.com,Honduras,Female,Omoa,Myworks,6814.49,HNL
Willie,Tucker,wtuckercy@networkadvertising.org,Belarus,Male,Svislach,Babbleset,8194.03,BYR
Karen,Hart,khartcz@cbsnews.com,Honduras,Female,Araulí,Twimbo,56247.30,HNL
Jane,Lawrence,jlawrenced0@theguardian.com,Brazil,Female,Correia Pinto,Tagtune,59223.06,BRL
Anne,Holmes,aholmesd1@usnews.com,Zambia,Female,Chibombo,Innotype,25386.94,ZMW
Samuel,Stevens,sstevensd2@deliciousdays.com,Nigeria,Male,Maiduguri,Kare,69795.27,NGN
Brenda,Graham,bgrahamd3@yolasite.com,China,Female,Xingzi,Pixoboo,89050.49,CNY
Betty,Clark,bclarkd4@freewebs.com,China,Female,Suidong,Topiclounge,95606.17,CNY
Jessica,Henderson,jhendersond5@usnews.com,Brazil,Female,Dois Córregos,Jabbertype,75514.72,BRL
Tina,Martinez,tmartinezd6@newsvine.com,China,Female,Dengfeng,Feedfire,78038.18,CNY
Sara,Stewart,sstewartd7@gmpg.org,Czech Republic,Female,Mirovice,Skaboo,8276.49,CZK
Amy,Andrews,aandrewsd8@tinypic.com,China,Female,Longwantun,BlogXS,52881.75,CNY
Richard,Nguyen,rnguyend9@smh.com.au,Liberia,Male,Voinjama,Ailane,66503.34,LRD
Emily,Garrett,egarrettda@dedecms.com,Bosnia and Herzegovina,Female,Banja Luka,Centizu,60857.32,BAM
Jimmy,Morris,jmorrisdb@themeforest.net,Malaysia,Male,Petaling Jaya,Skimia,11165.24,MYR
Margaret,Jones,mjonesdc@woothemes.com,Norway,Female,Oslo,Blogtag,71564.22,NOK
Sharon,Marshall,smarshalldd@telegraph.co.uk,China,Female,Mengzhai,Brainbox,26759.41,CNY
Tina,Carter,tcarterde@theatlantic.com,Germany,Female,Hamburg Sankt Pauli,Voomm,80457.86,EUR
Clarence,Jordan,cjordandf@skype.com,France,Male,Sélestat,Janyx,87124.53,EUR
Gerald,Stewart,gstewartdg@netlog.com,Indonesia,Male,Ciengang,Dablist,96498.20,IDR
Walter,Medina,wmedinadh@sitemeter.com,France,Male,Massy,Lazz,,EUR
Barbara,Weaver,bweaverdi@cdc.gov,Bulgaria,Female,Dulovo,Feedbug,,BGN
Jeremy,Reyes,jreyesdj@senate.gov,Albania,Male,Papër,Tavu,96525.66,ALL
Billy,Porter,bporterdk@hatena.ne.jp,Brazil,Male,Antonina,Jetwire,28588.59,BRL
Christopher,Matthews,cmatthewsdl@taobao.com,China,Male,Maogou,Photobug,22706.61,CNY
Evelyn,Jordan,ejordandm@webs.com,France,Female,Brest,Jabberbean,4137.37,EUR
Richard,Kennedy,rkennedydn@studiopress.com,Brazil,Male,Fernando de Noronha (Distrito Estadual),Tambee,74029.75,BRL
Norma,Lewis,nlewisdo@feedburner.com,Indonesia,Female,Geneng,Devbug,98473.46,IDR
Norma,Duncan,nduncandp@livejournal.com,Indonesia,Female,Ombarade,Dabvine,65639.65,IDR
Ronald,Price,rpricedq@whitehouse.gov,China,Male,Zigong,Flashpoint,33497.61,CNY
Susan,Morales,smoralesdr@uol.com.br,Philippines,Female,Malamig,Tagtune,80175.33,PHP
Debra,Parker,dparkerds@xrea.com,Indonesia,Female,Pangkalan,Ozu,4292.13,IDR
William,Hansen,whansendt@printfriendly.com,Brazil,Male,Extrema,Zoombox,69282.21,BRL
Charles,Morales,cmoralesdu@blinklist.com,United States,Male,Milwaukee,Aimbo,42942.20,USD
Jack,Holmes,jholmesdv@bravesites.com,Czech Republic,Male,Příšovice,Zava,32501.67,CZK
Randy,Moore,rmooredw@sohu.com,Russia,Male,Unecha,Kwideo,,RUB
Nicole,Watson,nwatsondx@cafepress.com,China,Female,Honglin,Jabbersphere,27438.52,CNY
Bruce,Dean,bdeandy@ucoz.ru,Indonesia,Male,Polos,Wordware,,IDR
Michael,Lynch,mlynchdz@google.ru,China,Male,Pingshi,Kwinu,90989.28,CNY
Keith,Lane,klanee0@bloomberg.com,Brazil,Male,Itabirito,Brainsphere,20611.55,BRL
Alan,Nelson,anelsone1@miitbeian.gov.cn,China,Male,Hongdun,Tagtune,66654.99,CNY
Arthur,Dunn,adunne2@nasa.gov,Japan,Male,Hino,Brightdog,82577.91,JPY
Shirley,Anderson,sandersone3@cbsnews.com,Indonesia,Female,Cikaso,Avamm,,IDR
Paul,Russell,prusselle4@businesswire.com,Poland,Male,Bejsce,Abatz,14741.64,PLN
Diane,Stanley,dstanleye5@reverbnation.com,Australia,Female,Eastern Suburbs Mc,LiveZ,67628.85,AUD
Donald,Carpenter,dcarpentere6@netscape.com,China,Male,Shanghudi,Eazzy,30254.10,CNY
Alice,Butler,abutlere7@smugmug.com,Israel,Female,Qiryat Shemona,Meevee,72304.86,ILS
Kevin,Hamilton,khamiltone8@hc360.com,Indonesia,Male,Gunungputri,Ainyx,29479.20,IDR
Joan,Wilson,jwilsone9@prlog.org,Philippines,Female,Tigpalay,Ooba,33891.85,PHP
Christine,Johnston,cjohnstonea@salon.com,Jamaica,Female,Manchioneal,Skinix,78972.76,JMD
Gregory,Bowman,gbowmaneb@geocities.jp,Croatia,Male,Primošten,Rhynyx,95810.56,HRK
Andrea,Hughes,ahughesec@imageshack.us,Portugal,Female,Mós,Chatterpoint,38585.79,EUR
Louis,Wilson,lwilsoned@reverbnation.com,China,Male,Tangjian,Cogilith,,CNY
Helen,Williams,hwilliamsee@deliciousdays.com,Philippines,Female,Maribong,Blogtag,71239.63,PHP
Doris,Jenkins,djenkinsef@discovery.com,China,Female,Xinfa,Realcube,52049.90,CNY
Dennis,Webb,dwebbeg@princeton.edu,Canada,Male,Oxbow,Tavu,4457.70,CAD
Rose,Duncan,rduncaneh@xing.com,Poland,Female,Brochów,Thoughtstorm,,PLN
Walter,Collins,wcollinsei@usatoday.com,Indonesia,Male,Kembang,Tagtune,13551.04,IDR
Susan,Wagner,swagnerej@hugedomains.com,Iran,Female,Kelīshād va Sūdarjān,Mymm,,IRR
Roger,Hall,rhallek@sina.com.cn,Poland,Male,Udanin,Gigashots,69399.72,PLN
Debra,Russell,drussellel@ehow.com,Sweden,Female,Västervik,Divanoodle,7143.43,SEK
Patricia,Woods,pwoodsem@squarespace.com,China,Female,Weiyuan,Yoveo,47880.94,CNY
Robin,Andrews,randrewsen@scribd.com,Bolivia,Female,Vallegrande,Zoomcast,,BOB
Jimmy,Hernandez,jhernandezeo@engadget.com,Portugal,Male,Serrinha,Jayo,,EUR
Janice,Stewart,jstewartep@guardian.co.uk,Ukraine,Female,Tymoshivka,Pixoboo,18590.70,UAH
Laura,Armstrong,larmstrongeq@redcross.org,Indonesia,Female,Bandungan Timur,Teklist,17633.02,IDR
Ruth,Green,rgreener@list-manage.com,China,Female,Xinxing,Tekfly,77541.92,CNY
Judith,Sims,jsimses@4shared.com,Greece,Female,Xilópolis,Riffpedia,12797.19,EUR
William,Moreno,wmorenoet@nydailynews.com,China,Male,Guantouzui,Jetwire,2634.31,CNY
Jeremy,Freeman,jfreemaneu@ft.com,Greece,Male,Melíki,Eidel,4697.87,EUR
Deborah,Armstrong,darmstrongev@baidu.com,Sweden,Female,Åkersberga,Eamia,,SEK
Louis,Ross,lrossew@mail.ru,China,Male,Baizhang,Browsedrive,29587.96,CNY
Kathy,Arnold,karnoldex@pagesperso-orange.fr,Philippines,Female,Loacan,Livepath,88162.04,PHP
Emily,Baker,ebakerey@sakura.ne.jp,China,Female,Daluo,Realbuzz,85075.53,CNY
Arthur,Oliver,aoliverez@mayoclinic.com,Malaysia,Male,Johor Bahru,Dabjam,33299.99,MYR
Amanda,Mccoy,amccoyf0@dot.gov,Nigeria,Female,Gusau,Aimbo,43176.05,NGN
Juan,Bailey,jbaileyf1@pbs.org,Ecuador,Male,Huaquillas,Mycat,72434.63,USD
Evelyn,Daniels,edanielsf2@google.fr,Russia,Female,Romanovskaya,Skibox,,RUB
Adam,Evans,aevansf3@nyu.edu,China,Male,Taozhuang,Photofeed,4914.75,CNY
Ann,Hansen,ahansenf4@economist.com,Indonesia,Female,Lajaluhur,Tagcat,8867.30,IDR
Timothy,Williams,twilliamsf5@vistaprint.com,China,Male,Jiangwan,Devcast,94138.31,CNY
Adam,Diaz,adiazf6@cnet.com,Poland,Male,Promna,Oyoloo,71706.91,PLN
Craig,Warren,cwarrenf7@foxnews.com,Belarus,Male,Vidzy,Yodel,,BYR
Maria,Kim,mkimf8@si.edu,United States,Female,Baltimore,Skipstorm,12117.82,USD
Louis,Morrison,lmorrisonf9@smh.com.au,Netherlands,Male,Kerkrade,Fivechat,6020.13,EUR
Carol,Holmes,cholmesfa@bravesites.com,Peru,Female,Corani,Gigazoom,50603.51,PEN
Ruby,Weaver,rweaverfb@netscape.com,Iceland,Female,Borgarnes,Oyoyo,84374.93,ISK
Ann,Taylor,ataylorfc@hexun.com,Tunisia,Female,Sidi Bouzid,Yombu,38841.75,TND
Sarah,Mcdonald,smcdonaldfd@trellian.com,Indonesia,Female,Kauhan,Trunyx,117.81,IDR
Juan,Mcdonald,jmcdonaldfe@unblog.fr,Russia,Male,Rasshevatskaya,Ailane,53626.97,RUB
George,Howard,ghowardff@dot.gov,Haiti,Male,Belle-Anse,Thoughtstorm,83471.11,HTG
Betty,Franklin,bfranklinfg@hp.com,Russia,Female,Yoshkar-Ola,Yambee,75109.87,RUB
Arthur,Austin,aaustinfh@php.net,Chile,Male,Puerto Cisnes,Skiptube,70589.71,CLP
Judy,Cunningham,jcunninghamfi@sogou.com,China,Female,Qukuhu,Babbleset,95470.59,CNY
Laura,Watkins,lwatkinsfj@theatlantic.com,Sweden,Female,Sundsvall,Tavu,,SEK
Victor,Gibson,vgibsonfk@patch.com,Czech Republic,Male,Velké Opatovice,Kayveo,31099.27,CZK
Sharon,Hart,shartfl@wisc.edu,China,Female,Pingtang,Innojam,90510.70,CNY
Pamela,Nichols,pnicholsfm@businessinsider.com,United States,Female,Savannah,Quinu,11881.95,USD
Amy,Hawkins,ahawkinsfn@nasa.gov,Morocco,Female,Tan-Tan,Youfeed,88261.27,MAD
Anna,Mcdonald,amcdonaldfo@com.com,Czech Republic,Female,Vilémov,Midel,82709.31,CZK
Earl,Ford,efordfp@archive.org,China,Male,Dongzhaogezhuang,Twitterbridge,93851.29,CNY
Kevin,Evans,kevansfq@globo.com,Guatemala,Male,Santa Catarina Barahona,Tagtune,58307.65,GTQ
Norma,Medina,nmedinafr@arstechnica.com,Czech Republic,Female,Hostomice,Meejo,31797.38,CZK
Virginia,Garrett,vgarrettfs@xing.com,Nigeria,Female,Gujba,Feedmix,14564.53,NGN
Paul,Cox,pcoxft@cargocollective.com,Indonesia,Male,Babakanjaya,Oyondu,60775.93,IDR
Heather,Howell,hhowellfu@shop-pro.jp,China,Female,Huangcun,Twitternation,14080.90,CNY
Harold,Greene,hgreenefv@yellowbook.com,Indonesia,Male,Singosari,Zooxo,42798.53,IDR
Barbara,Brooks,bbrooksfw@networksolutions.com,China,Female,Wangjiaping,Mybuzz,36586.79,CNY
Joan,Sanchez,jsanchezfx@etsy.com,Philippines,Female,Catanauan,Linkbuzz,24238.22,PHP
Sharon,Griffin,sgriffinfy@ca.gov,Philippines,Female,Paitan,Browsezoom,92269.92,PHP
Sandra,Ryan,sryanfz@merriam-webster.com,Thailand,Female,Ubon Ratchathani,Trudeo,92198.21,THB
Ernest,Rogers,erogersg0@youtube.com,Botswana,Male,Khakhea,Trudoo,,BWP
Margaret,Garrett,mgarrettg1@utexas.edu,China,Female,Zhuzuo,Centidel,39885.91,CNY
Brenda,Elliott,belliottg2@telegraph.co.uk,Philippines,Female,San Jose,Riffpedia,19634.66,PHP
Samuel,Fuller,sfullerg3@tripadvisor.com,Peru,Male,Quinjalca,Oyondu,74430.14,PEN
Pamela,Henderson,phendersong4@sphinn.com,Ukraine,Female,Neresnytsya,Shufflebeat,27089.95,UAH
Jessica,Daniels,jdanielsg5@squarespace.com,Australia,Female,Sydney,Jabberstorm,24326.72,AUD
Anna,Harrison,aharrisong6@goo.ne.jp,Indonesia,Female,Mandesan,Realcube,62002.76,IDR
Willie,Lawrence,wlawrenceg7@usnews.com,Indonesia,Male,Salawu,Livepath,80931.45,IDR
Adam,Bishop,abishopg8@skyrock.com,Indonesia,Male,Karangnunggal,Jayo,,IDR
Janice,Jones,jjonesg9@businessinsider.com,Philippines,Female,Babatngon,Photobug,3814.73,PHP
Joshua,Frazier,jfrazierga@studiopress.com,China,Male,Maodian,Meejo,67328.58,CNY
Matthew,Harris,mharrisgb@mediafire.com,Mongolia,Male,Erdenet,Roombo,13791.93,MNT
Julia,Turner,jturnergc@sohu.com,Poland,Female,Dębe Wielkie,Katz,,PLN
Edward,Franklin,efranklingd@sfgate.com,Brazil,Male,Rio Preto da Eva,Rooxo,25334.62,BRL
Norma,Jordan,njordange@miibeian.gov.cn,Indonesia,Female,Babakandesa,Zava,55263.81,IDR
Jack,Johnston,jjohnstongf@ifeng.com,Indonesia,Male,Tamansari,Devify,93804.85,IDR
Frances,Burns,fburnsgg@mlb.com,China,Female,Wangqu,Aivee,20397.73,CNY
Laura,Ramirez,lramirezgh@yahoo.com,Indonesia,Female,Tenjolaya,Yodel,59579.89,IDR
Terry,Powell,tpowellgi@addtoany.com,China,Male,Sigaozhuang,Quaxo,42331.71,CNY
Laura,Hall,lhallgj@google.nl,China,Female,Zhaojia,Podcat,40040.28,CNY
Jack,Rogers,jrogersgk@dmoz.org,Chad,Male,Massenya,Mynte,25506.80,XAF
Russell,Reyes,rreyesgl@cdc.gov,United States,Male,Toledo,Oyoyo,11693.14,USD
Gary,Burton,gburtongm@deviantart.com,Brazil,Male,Planaltina,Thoughtblab,79303.29,BRL
Kathy,Powell,kpowellgn@spiegel.de,United States,Female,Austin,Zoomlounge,9173.22,USD
Diana,Castillo,dcastillogo@reuters.com,Czech Republic,Female,Kněžpole,Skipfire,29796.53,CZK
Matthew,Hansen,mhansengp@oakley.com,Guatemala,Male,Oratorio,Zazio,96575.83,GTQ
Lisa,Hawkins,lhawkinsgq@nature.com,Indonesia,Female,Kawungsari,Vitz,20584.94,IDR
Kimberly,Harris,kharrisgr@51.la,Afghanistan,Female,Faīẕābād,Rooxo,4782.00,AFN
Jennifer,Tucker,jtuckergs@addtoany.com,China,Female,Yongtai,Vidoo,,CNY
Harry,Alexander,halexandergt@creativecommons.org,Greece,Male,Amfíkleia,Buzzster,37660.86,EUR
Cynthia,Rogers,crogersgu@jugem.jp,Thailand,Female,Khlung,Yozio,65331.88,THB
Phyllis,Harrison,pharrisongv@unblog.fr,Mongolia,Female,Telmin Suma,Ainyx,53656.93,MNT
Theresa,Lee,tleegw@dot.gov,China,Female,Guanyinge,Edgeify,10569.25,CNY
Linda,Gibson,lgibsongx@adobe.com,United States,Female,Baton Rouge,Avaveo,83706.10,USD
Jennifer,Rose,jrosegy@hatena.ne.jp,China,Female,Diwopu,Linkbuzz,19960.50,CNY
Mildred,Richardson,mrichardsongz@typepad.com,Indonesia,Female,Banjar Wates Tengah,Lazz,99713.57,IDR
Jack,Ramos,jramosh0@123-reg.co.uk,Ireland,Male,Ballina,Realcube,,EUR
David,Mitchell,dmitchellh1@ow.ly,Guatemala,Male,San Cristóbal Totonicapán,Oyoba,24622.24,GTQ
Pamela,Morgan,pmorganh2@dropbox.com,Brazil,Female,Ribas do Rio Pardo,Jabbertype,27610.94,BRL
Marilyn,Gordon,mgordonh3@multiply.com,China,Female,Zhulan,Fiveclub,93817.35,CNY
Kathryn,James,kjamesh4@surveymonkey.com,Indonesia,Female,Tetandara,Zooveo,66616.23,IDR
Joshua,Russell,jrussellh5@jalbum.net,Sudan,Male,Um Jar Al Gharbiyya,Yakijo,31915.65,SDG
Craig,Bell,cbellh6@printfriendly.com,China,Male,Dongxi,Thoughtmix,7942.55,CNY
Charles,Diaz,cdiazh7@tinyurl.com,Croatia,Male,Imotski,Zoomzone,75004.83,HRK
Justin,Garcia,jgarciah8@gravatar.com,Finland,Male,Muhos,Oozz,29755.97,EUR
Emily,Cole,ecoleh9@aol.com,Portugal,Female,Vila Nova,Riffpath,19483.41,EUR
Jennifer,Spencer,jspencerha@ebay.co.uk,Mexico,Female,Hidalgo,Eire,62343.24,MXN
Robert,Gilbert,rgilberthb@time.com,China,Male,Wan’an,Quire,56376.27,CNY
Wanda,Ryan,wryanhc@cyberchimps.com,Czech Republic,Female,Záhorovice,Eimbee,,CZK
Russell,Wilson,rwilsonhd@marriott.com,China,Male,Hukou,Thoughtbeat,58675.08,CNY
Brenda,Ruiz,bruizhe@yahoo.co.jp,China,Female,Situ,Mycat,99907.88,CNY
Brenda,Hudson,bhudsonhf@mozilla.com,Chad,Female,Mao,Kwilith,98544.30,XAF
Russell,Gonzales,rgonzaleshg@latimes.com,Nigeria,Male,Ogoja,Linktype,68184.33,NGN
Judy,Thomas,jthomashh@sun.com,Thailand,Female,Photharam,Plajo,62927.09,THB
Gary,Kelly,gkellyhi@github.com,China,Male,Yuanyang Zhen,Tagopia,57077.95,CNY
Joe,Bryant,jbryanthj@google.com.br,Brazil,Male,Fartura,Mudo,,BRL
Harold,Williamson,hwilliamsonhk@blogger.com,China,Male,Shanshi,Lazz,53950.01,CNY
Larry,Weaver,lweaverhl@t-online.de,Peru,Male,Huachos,Feedfire,,PEN
Debra,Ryan,dryanhm@abc.net.au,China,Female,Da’an,Topicware,857.37,CNY
Michelle,Ramirez,mramirezhn@answers.com,French Guiana,Female,Kourou,Jayo,77966.52,EUR
Evelyn,Cunningham,ecunninghamho@com.com,Sweden,Female,Saltsjö-Boo,Trudeo,60536.58,SEK
Timothy,Chavez,tchavezhp@economist.com,Poland,Male,Rachanie,Feedspan,9431.11,PLN
Louise,Woods,lwoodshq@oaic.gov.au,Reunion,Female,Saint-Denis,Quire,,EUR
Jesse,Fuller,jfullerhr@technorati.com,Luxembourg,Male,Boevange-sur-Attert,Digitube,65476.86,EUR
Patrick,Butler,pbutlerhs@blogs.com,Brazil,Male,Ponte Nova,Teklist,86185.08,BRL
Thomas,Morrison,tmorrisonht@statcounter.com,Sweden,Male,Tibro,Bubblemix,23552.15,SEK
Gloria,Carroll,gcarrollhu@1688.com,Ukraine,Female,Semypolky,Zoozzy,90614.78,UAH
Scott,Owens,sowenshv@bluehost.com,Madagascar,Male,Antsirabe,Divanoodle,88542.94,MGA
Brian,Alexander,balexanderhw@storify.com,China,Male,Kuanchuan,Edgewire,22882.16,CNY
Jack,Dean,jdeanhx@about.com,Russia,Male,Leshukonskoye,Jayo,70566.90,RUB
George,Reyes,greyeshy@china.com.cn,Indonesia,Male,Awilega,Wordtune,34710.35,IDR
Scott,Kelly,skellyhz@omniture.com,China,Male,Chengfeng,Brightbean,62175.35,CNY
William,Dean,wdeani0@tinypic.com,Indonesia,Male,Krajan Gajihan,Divanoodle,14600.58,IDR
Marie,Austin,maustini1@google.co.jp,China,Female,Huangqu,Realcube,72150.42,CNY
Ruby,Murphy,rmurphyi2@discuz.net,China,Female,Sujiazhuang,Youspan,89014.09,CNY
Richard,Ray,rrayi3@uiuc.edu,Sweden,Male,Torsås,Skyndu,58585.91,SEK
Jessica,Martinez,jmartinezi4@google.com.br,France,Female,Wintzenheim,Photofeed,82410.33,EUR
Cheryl,White,cwhitei5@youtu.be,China,Female,Litian,Layo,32760.28,CNY
Christina,Mitchell,cmitchelli6@hhs.gov,Russia,Female,Krasnokholm,Kare,70245.90,RUB
Paula,Romero,promeroi7@wired.com,China,Female,Gouyan,Photobug,61975.33,CNY
Eric,Evans,eevansi8@time.com,Poland,Male,Kobylanka,Voonder,99141.40,PLN
Louis,Gordon,lgordoni9@g.co,China,Male,Muqi,Oyoba,59590.56,CNY
Lisa,White,lwhiteia@loc.gov,Philippines,Female,San Agustin,Cogidoo,24102.67,PHP
Fred,Morales,fmoralesib@github.io,China,Male,Furong,Quamba,50192.33,CNY
George,Ross,grossic@independent.co.uk,Panama,Male,Los Lotes,Riffpath,55553.45,PAB
Sara,Jacobs,sjacobsid@deliciousdays.com,Brazil,Female,São Cristóvão,Pixonyx,61398.32,BRL
Frank,Ryan,fryanie@state.gov,Ethiopia,Male,Nazrēt,Bubblemix,,ETB
Russell,Roberts,rrobertsif@fastcompany.com,Mexico,Male,20 de Noviembre,Yadel,95017.79,MXN
Willie,Bryant,wbryantig@flickr.com,Costa Rica,Male,Siquirres,Wordify,83981.61,CRC
James,Diaz,jdiazih@t-online.de,Indonesia,Male,Kembangarum,Bluejam,32096.42,IDR
Rose,Robertson,rrobertsonii@theguardian.com,Malaysia,Female,Kota Kinabalu,Riffwire,19290.61,MYR
Kelly,Greene,kgreeneij@cpanel.net,Jamaica,Female,Seaforth,Eadel,,JMD
Todd,Williams,twilliamsik@smh.com.au,Indonesia,Male,Pakuwon,Riffpath,31816.06,IDR
Charles,Carr,ccarril@spiegel.de,Australia,Male,Sydney,Plambee,93143.56,AUD
Steven,Garza,sgarzaim@elpais.com,Portugal,Male,Bairro,Fadeo,23294.32,EUR
Carlos,Fox,cfoxin@t-online.de,Yemen,Male,Al Jamīmah,Latz,81289.13,YER
Carlos,Hudson,chudsonio@biblegateway.com,China,Male,Yongjiang,Viva,45623.86,CNY
Nicholas,Chapman,nchapmanip@rakuten.co.jp,China,Male,Jieshou,Dazzlesphere,23424.48,CNY
Martin,Richards,mrichardsiq@wordpress.org,Ukraine,Male,Yabluniv,Cogidoo,95101.04,UAH
Larry,Mcdonald,lmcdonaldir@salon.com,Poland,Male,Belsk Duży,Mymm,52143.16,PLN
Lori,Berry,lberryis@vkontakte.ru,China,Female,Hongyuan,Brightdog,,CNY
Janice,Gibson,jgibsonit@furl.net,Canada,Female,North Vancouver,Eadel,71101.28,CAD
Jonathan,Cunningham,jcunninghamiu@1und1.de,Sweden,Male,Stockholm,Voonix,21234.44,SEK
Brenda,Simmons,bsimmonsiv@columbia.edu,Uzbekistan,Female,Koson Shahri,Thoughtworks,19748.83,UZS
Robin,Carr,rcarriw@foxnews.com,China,Female,Wushi,Leenti,37461.76,CNY
Christina,Johnson,cjohnsonix@plala.or.jp,China,Female,Jagdaqi,Kare,,CNY
Denise,Fowler,dfowleriy@goodreads.com,China,Female,Dingshan,Livetube,75195.56,CNY
Deborah,Ruiz,druiziz@admin.ch,Brazil,Female,Coruripe,Latz,24172.72,BRL
Martin,Howell,mhowellj0@uol.com.br,China,Male,Leping,Jabberbean,96892.73,CNY
Jean,Wilson,jwilsonj1@altervista.org,Vietnam,Female,Nha Trang,Izio,56220.22,VND
William,Carter,wcarterj2@craigslist.org,China,Male,Xuexi,Jatri,78374.83,CNY
Andrea,Knight,aknightj3@si.edu,Japan,Female,Nagasaki-shi,Flipbug,31021.23,JPY
Dorothy,Alvarez,dalvarezj4@1und1.de,China,Female,Houyu,Rhybox,18597.01,CNY
Samuel,Morris,smorrisj5@t-online.de,Bulgaria,Male,Byala Slatina,Voolith,48798.67,BGN
Maria,James,mjamesj6@usda.gov,Norway,Female,Oslo,Feedfish,10940.30,NOK
Sara,Dixon,sdixonj7@nytimes.com,Ecuador,Female,Riobamba,Gigashots,90052.19,USD
Matthew,Alexander,malexanderj8@1und1.de,Portugal,Male,Beijós,Realpoint,34668.82,EUR
Justin,Morris,jmorrisj9@businessinsider.com,Syria,Male,Ash Shajarah,Shufflebeat,28989.22,SYP
Susan,Fernandez,sfernandezja@dropbox.com,Philippines,Female,Little Baguio,Blogtags,82916.02,PHP
Shirley,Williamson,swilliamsonjb@spiegel.de,Argentina,Female,Guatimozín,Mydo,70223.49,ARS
Laura,Garrett,lgarrettjc@go.com,Tanzania,Female,Izazi,Realmix,6939.14,TZS
Debra,Garza,dgarzajd@engadget.com,South Africa,Female,Hermanus,Youfeed,48500.60,ZAR
Clarence,Myers,cmyersje@domainmarket.com,China,Male,Lantian,Miboo,61708.30,CNY
Annie,Butler,abutlerjf@amazon.de,Indonesia,Female,Perbaungan,Wordtune,32536.20,IDR
Diana,Sanders,dsandersjg@mtv.com,Ukraine,Female,Komsomolsk,Vidoo,90508.07,UAH
James,Ramos,jramosjh@cbsnews.com,Thailand,Male,Phan Thong,Gabtype,83588.82,THB
Jason,Simmons,jsimmonsji@mlb.com,China,Male,Alakak,Izio,33310.14,CNY
Norma,Arnold,narnoldjj@google.es,Indonesia,Female,Mandikbatu,Abatz,63480.39,IDR
Martha,Walker,mwalkerjk@deviantart.com,Peru,Female,Namora,Dabshots,76773.91,PEN
Victor,Gilbert,vgilbertjl@moonfruit.com,Philippines,Male,Andres Bonifacio,Leenti,,PHP
Ruby,Mcdonald,rmcdonaldjm@nydailynews.com,Anguilla,Female,Stoney Ground,Dabtype,68374.84,XCD
Joan,Washington,jwashingtonjn@topsy.com,Uganda,Female,Katakwi,Kayveo,22986.48,UGX
Angela,Duncan,aduncanjo@telegraph.co.uk,Philippines,Female,Nailong,Kwilith,44499.24,PHP
Craig,Brooks,cbrooksjp@msn.com,Croatia,Male,Nijemci,Avamba,60701.55,HRK
Janet,Williams,jwilliamsjq@networkadvertising.org,Japan,Female,Ōkuchi,Thoughtstorm,29093.53,JPY
Lillian,Butler,lbutlerjr@yelp.com,Paraguay,Female,Isla Pucú,Divape,1637.61,PYG
Lillian,Dixon,ldixonjs@elegantthemes.com,Czech Republic,Female,Dolní Dunajovice,Aimbu,9127.26,CZK
Russell,Shaw,rshawjt@free.fr,China,Male,Nantang,Tagcat,67673.95,CNY
Shirley,Tucker,stuckerju@privacy.gov.au,Argentina,Female,General Conesa,Blogtags,,ARS
Alice,Grant,agrantjv@merriam-webster.com,Thailand,Female,Lue Amnat,Camido,64708.19,THB
Joe,Gibson,jgibsonjw@discovery.com,United States,Male,Beaverton,Cogilith,1553.23,USD
Amy,Campbell,acampbelljx@freewebs.com,Mexico,Female,El Mirador,Roodel,63842.72,MXN
Bruce,Carr,bcarrjy@aboutads.info,Greece,Male,Kavallári,Skynoodle,,EUR
Mary,Ross,mrossjz@mozilla.org,Indonesia,Female,Wates,Thoughtstorm,40259.55,IDR
Randy,Graham,rgrahamk0@bing.com,Macedonia,Male,Kochani,Feedfire,89585.66,MKD
Ernest,Bryant,ebryantk1@photobucket.com,France,Male,Béziers,Tazzy,17631.02,EUR
Craig,Rice,cricek2@tinyurl.com,Central African Republic,Male,Kabo,Fatz,2126.71,XAF
Wanda,Oliver,woliverk3@spiegel.de,France,Female,Yvetot,Skipfire,21700.79,EUR
Bruce,Garza,bgarzak4@deviantart.com,Philippines,Male,Capissayan Sur,Jamia,29555.80,PHP
Cynthia,Johnson,cjohnsonk5@house.gov,Indonesia,Female,Blangpulo,Yabox,39568.45,IDR
Marilyn,Reynolds,mreynoldsk6@com.com,Philippines,Female,Guinobatan,Centimia,22625.00,PHP
Maria,Harvey,mharveyk7@purevolume.com,Indonesia,Female,Pengulu,Yata,82360.14,IDR
Lillian,Peterson,lpetersonk8@ucoz.com,United Kingdom,Female,Dean,Camido,1310.23,GBP
Mark,Garza,mgarzak9@yale.edu,China,Male,Maoyang,Realpoint,4067.75,CNY
Elizabeth,Alvarez,ealvarezka@economist.com,Bosnia and Herzegovina,Female,Blatnica,Meevee,38226.66,BAM
Justin,Watson,jwatsonkb@tinyurl.com,Indonesia,Male,Kalibaru,Livetube,,IDR
Louis,Thompson,lthompsonkc@php.net,Russia,Male,Trubchevsk,Dazzlesphere,41223.45,RUB
Steve,Hicks,shickskd@addtoany.com,United States,Male,Albany,Quimba,15731.76,USD
Gary,West,gwestke@ibm.com,China,Male,Zhaoyuan,Jatri,,CNY
Judy,Cunningham,jcunninghamkf@soup.io,Armenia,Female,Mrganush,Thoughtbeat,53013.33,AMD
Timothy,Elliott,telliottkg@prnewswire.com,France,Male,Paris 13,Linkbridge,25666.69,EUR
Donna,Perkins,dperkinskh@lycos.com,Philippines,Female,Cagmanaba,Mudo,30792.50,PHP
Michael,Holmes,mholmeski@marketwatch.com,Jordan,Male,Wādī as Sīr,Twimbo,44550.21,JOD
Edward,Mcdonald,emcdonaldkj@china.com.cn,Brazil,Male,Mafra,Dabshots,41575.23,BRL
Scott,Chapman,schapmankk@apache.org,China,Male,Changjiang,Topiclounge,44778.15,CNY
Keith,Wilson,kwilsonkl@time.com,Russia,Male,Neftekamsk,Voolia,68974.06,RUB
Brenda,Payne,bpaynekm@irs.gov,China,Female,Chuoyuan,Buzzdog,13753.70,CNY
Jennifer,Coleman,jcolemankn@prnewswire.com,Philippines,Female,Lagayan,Oyoyo,6727.16,PHP
Gary,Gordon,ggordonko@scientificamerican.com,Madagascar,Male,Andilamena,Kwideo,68033.23,MGA
William,Richardson,wrichardsonkp@huffingtonpost.com,Greece,Male,Ágios Spyrídon,Shufflester,80480.90,EUR
Robert,Morris,rmorriskq@wunderground.com,Poland,Male,Iwierzyce,Lajo,4837.96,PLN
Andrea,Fox,afoxkr@cpanel.net,China,Female,Dolati,Youbridge,56209.29,CNY
Christine,Owens,cowensks@chicagotribune.com,China,Female,Songmuping,Layo,,CNY
Jennifer,Ray,jraykt@pbs.org,Ukraine,Female,Uman’,Youfeed,51959.39,UAH
Jack,Fowler,jfowlerku@i2i.jp,Philippines,Male,Ampatuan,Dazzlesphere,69325.58,PHP
Eric,Gray,egraykv@ebay.com,France,Male,Vanves,Photobug,6932.60,EUR
Frank,Jenkins,fjenkinskw@mozilla.org,Indonesia,Male,Krajan Menggare,Quimba,56481.48,IDR
Beverly,Cox,bcoxkx@linkedin.com,Russia,Female,Kayasula,Pixope,70785.00,RUB
Jane,Alexander,jalexanderky@nature.com,China,Female,Dicun,Centimia,22538.61,CNY
Cynthia,Castillo,ccastillokz@squidoo.com,Russia,Female,Tver,Twitterbeat,99685.94,RUB
Roger,Fields,rfieldsl0@army.mil,United States,Male,Jacksonville,Yakijo,97204.68,USD
Matthew,Woods,mwoodsl1@microsoft.com,China,Male,Tanghu,Kwinu,13887.64,CNY
Philip,Howell,phowelll2@w3.org,China,Male,Luo’ao,Meezzy,96442.35,CNY
Carlos,Martin,cmartinl3@simplemachines.org,China,Male,Dayuan,Skaboo,72314.87,CNY
Gary,Mendoza,gmendozal4@paginegialle.it,Poland,Male,Żarki,Roombo,94704.18,PLN
Kimberly,Garcia,kgarcial5@meetup.com,Poland,Female,Borowno,Meemm,,PLN
Tammy,Harvey,tharveyl6@omniture.com,Portugal,Female,Fornos,Feednation,63924.02,EUR
Kathleen,Harper,kharperl7@independent.co.uk,Norway,Female,Molde,Linkbridge,56807.08,NOK
Sandra,Williamson,swilliamsonl8@sakura.ne.jp,Myanmar,Female,Mudon,Dabtype,18266.74,MMK
Eugene,Spencer,espencerl9@mozilla.org,Czech Republic,Male,Velká Bíteš,Zoomdog,96323.94,CZK
Joshua,Richards,jrichardsla@smugmug.com,China,Male,Guankou,Tagopia,38259.72,CNY
Barbara,Perkins,bperkinslb@webs.com,Russia,Female,Rybinsk,Youspan,91935.22,RUB
Peter,Fowler,pfowlerlc@sciencedaily.com,Venezuela,Male,Valencia,Snaptags,1702.97,VEF
Paula,Rice,priceld@ihg.com,Indonesia,Female,Pandanrejokrajan,Oodoo,13486.43,IDR
Ruth,Lawrence,rlawrencele@who.int,Philippines,Female,Santa Maria,Tavu,19951.04,PHP
Frances,Bradley,fbradleylf@oaic.gov.au,China,Female,Damai,Bubblebox,60422.21,CNY
Craig,Ford,cfordlg@wunderground.com,Ukraine,Male,Tymoshivka,Photobug,80306.40,UAH
Timothy,Jackson,tjacksonlh@hhs.gov,China,Male,Jiangnan,Abata,40015.25,CNY
Douglas,Lee,dleeli@gravatar.com,China,Male,Ningdun,Skinix,,CNY
Mark,West,mwestlj@msn.com,Guatemala,Male,Jerez,Jetwire,89833.45,GTQ
Rebecca,Day,rdaylk@is.gd,Philippines,Female,Lalig,Snaptags,27703.75,PHP
Mildred,Richardson,mrichardsonll@howstuffworks.com,China,Female,Hushi,Kanoodle,85610.61,CNY
Tammy,Walker,twalkerlm@ft.com,Indonesia,Female,Karangsari,Realcube,5016.76,IDR
Jean,Lopez,jlopezln@topsy.com,New Zealand,Female,Lower Hutt,DabZ,,NZD
Maria,Ferguson,mfergusonlo@vimeo.com,Ecuador,Female,Babahoyo,Mydeo,3441.36,USD
Lori,Elliott,lelliottlp@a8.net,Portugal,Female,Rana,Flipopia,97958.62,EUR
Billy,Wallace,bwallacelq@example.com,Vietnam,Male,Giemdiem,Jamia,62843.89,VND
Janet,Wright,jwrightlr@barnesandnoble.com,Indonesia,Female,Pule,LiveZ,98539.45,IDR
Juan,Lewis,jlewisls@irs.gov,China,Male,Ma’an,Cogibox,79616.18,CNY
Jesse,Armstrong,jarmstronglt@cafepress.com,Indonesia,Male,Cibaregbeg,Fivespan,14224.85,IDR
Evelyn,Rivera,eriveralu@merriam-webster.com,China,Female,Chengfeng,Wordpedia,189.77,CNY
Randy,Lewis,rlewislv@abc.net.au,Portugal,Male,Vila Franca de Xira,Trunyx,11775.79,EUR
Kenneth,Payne,kpaynelw@printfriendly.com,Philippines,Male,Ferrol,Vinte,34626.86,PHP
Bruce,Vasquez,bvasquezlx@free.fr,Madagascar,Male,Ambohitseheno,DabZ,34030.01,MGA
Joyce,Rice,jricely@booking.com,China,Female,Nanhe,Skyvu,,CNY
Anna,Richardson,arichardsonlz@dyndns.org,Bangladesh,Female,Sylhet,Blogtag,78488.65,BDT
Lawrence,Hudson,lhudsonm0@nyu.edu,Russia,Male,Vazhiny,Youspan,83333.72,RUB
Dorothy,Wells,dwellsm1@cocolog-nifty.com,Portugal,Female,Carvalho,Twitterbeat,67187.35,EUR
Larry,Bradley,lbradleym2@woothemes.com,Greece,Male,Kalývia,Gabcube,87218.19,EUR
Tina,Collins,tcollinsm3@cnet.com,Finland,Female,Muhos,Youspan,9930.15,EUR
Lisa,Morrison,lmorrisonm4@prweb.com,China,Female,Benzilan,Flipstorm,30364.46,CNY
Jason,Dunn,jdunnm5@arstechnica.com,Indonesia,Male,Cibenda,Mydo,57248.04,IDR
Eugene,Oliver,eoliverm6@delicious.com,Spain,Male,Vitoria-Gasteiz,Vitz,69723.54,EUR
Jerry,Hunter,jhunterm7@wufoo.com,China,Male,Xike,Tavu,90837.98,CNY
Dorothy,Little,dlittlem8@cnet.com,Estonia,Female,Tabivere,Skyble,93429.99,EUR
Fred,White,fwhitem9@arstechnica.com,Sweden,Male,Norsborg,Thoughtblab,96324.81,SEK
Jose,Bryant,jbryantma@chron.com,Colombia,Male,Garagoa,Twinder,47454.18,COP
Howard,Carter,hcartermb@phoca.cz,Philippines,Male,Alae,Lazzy,48189.63,PHP
Cheryl,Hart,chartmc@nih.gov,Armenia,Female,Drakhtik,Yotz,46024.16,AMD
Rose,West,rwestmd@china.com.cn,Russia,Female,Islamey,Oloo,22148.48,RUB
Lillian,James,ljamesme@tumblr.com,Czech Republic,Female,Kněžpole,Twitterbridge,20431.33,CZK
Anna,Cunningham,acunninghammf@blogtalkradio.com,Thailand,Female,Mae Sai,Browseblab,25703.76,THB
Lisa,Stewart,lstewartmg@elpais.com,Indonesia,Female,Cikandang,Dabfeed,46948.90,IDR
Jimmy,Hunter,jhuntermh@yale.edu,China,Male,Qukou,Zoombeat,,CNY
Nicholas,Williams,nwilliamsmi@nymag.com,Poland,Male,Kaczory,Skipfire,16699.51,PLN
Lois,Turner,lturnermj@state.tx.us,China,Female,Haodi,Avaveo,380.25,CNY
Pamela,Stanley,pstanleymk@ebay.co.uk,Armenia,Female,Artsvaberd,Yakijo,,AMD
Stephen,Watkins,swatkinsml@thetimes.co.uk,Ireland,Male,Muff,Eidel,,EUR
Jerry,Washington,jwashingtonmm@cdbaby.com,Zambia,Male,Luangwa,Eayo,28536.33,ZMW
Louise,Stephens,lstephensmn@wsj.com,Belarus,Female,Slutsk,Zoomlounge,72312.11,BYR
Terry,Banks,tbanksmo@geocities.jp,Russia,Male,Mel’nikovo,Meemm,62247.35,RUB
Nicole,Stewart,nstewartmp@arizona.edu,France,Female,Nancy,Meezzy,93149.32,EUR
Janice,Webb,jwebbmq@businesswire.com,Brazil,Female,Bela Vista,Babblestorm,27549.33,BRL
Michelle,Harvey,mharveymr@seesaa.net,Bolivia,Female,Huatajata,Realcube,75794.15,BOB
Doris,Gilbert,dgilbertms@yolasite.com,Albania,Female,Çlirim,Yombu,70169.80,ALL
Nicole,King,nkingmt@artisteer.com,Japan,Female,Yashio-shi,Meembee,23213.30,JPY
Ronald,Little,rlittlemu@accuweather.com,Philippines,Male,Dumlan,Meezzy,42463.18,PHP
Phyllis,Sims,psimsmv@tumblr.com,Nigeria,Female,Monguno,Zooveo,89736.53,NGN
Raymond,Boyd,rboydmw@slashdot.org,Russia,Male,Novouzensk,Skinte,69325.01,RUB
Evelyn,Mills,emillsmx@freewebs.com,Portugal,Female,Quinta,Dabshots,36172.85,EUR
Margaret,Ross,mrossmy@yellowbook.com,United States,Female,Washington,Ailane,,USD
Anthony,Rose,arosemz@businessinsider.com,Peru,Male,Marcabamba,Zooveo,4426.01,PEN
Judith,Price,jpricen0@topsy.com,China,Female,Dehang,Twitternation,16946.35,CNY
Roy,Bryant,rbryantn1@macromedia.com,Serbia,Male,Kulpin,Kazu,32146.61,RSD
Louis,Bradley,lbradleyn2@ucsd.edu,Russia,Male,Borisovka,Topiczoom,59436.61,RUB
Keith,Castillo,kcastillon3@tinyurl.com,Sweden,Male,Örebro,Youspan,97481.76,SEK
Benjamin,Carroll,bcarrolln4@altervista.org,Indonesia,Male,Romba,Tagpad,44725.72,IDR
Walter,Palmer,wpalmern5@cbslocal.com,China,Male,Jiaotan,Feednation,36149.14,CNY
Brian,Alexander,balexandern6@people.com.cn,Djibouti,Male,Djibouti,Wikizz,,DJF
Kathryn,Carter,kcartern7@yellowpages.com,Poland,Female,Pierzchnica,Flashdog,34184.88,PLN
Arthur,Simmons,asimmonsn8@bloglines.com,Poland,Male,Łubnice,Agivu,32030.53,PLN
Virginia,Hanson,vhansonn9@myspace.com,Marshall Islands,Female,Likiep,Gigabox,88368.08,USD
Nicole,Gonzales,ngonzalesna@google.nl,Brazil,Female,Sobradinho,Vipe,61461.97,BRL
Steven,Meyer,smeyernb@dailymail.co.uk,China,Male,Henglishan,Skidoo,45286.88,CNY
Jeremy,Elliott,jelliottnc@engadget.com,China,Male,Jinhe,Voonder,39544.01,CNY
Deborah,Bennett,dbennettnd@bigcartel.com,Indonesia,Female,Pedamaran,Skiba,19965.93,IDR
Sandra,Stone,sstonene@sphinn.com,Brazil,Female,Piracicaba,Skimia,86884.29,BRL
George,Phillips,gphillipsnf@chicagotribune.com,Philippines,Male,Pangal Sur,Youspan,92179.37,PHP
George,Wells,gwellsng@wix.com,China,Male,Daxi,Cogilith,,CNY
Susan,Martinez,smartineznh@sciencedirect.com,Poland,Female,Warsaw,Vidoo,10266.16,PLN
Doris,Olson,dolsonni@google.cn,Uganda,Female,Jinja,Dabshots,93020.49,UGX
Ernest,Meyer,emeyernj@imageshack.us,Indonesia,Male,Loangmaka,Dabtype,90133.91,IDR
Wayne,Graham,wgrahamnk@over-blog.com,Czech Republic,Male,Uherské Hradiště,Zooxo,43861.90,CZK
Angela,Marshall,amarshallnl@gnu.org,France,Female,Dijon,Omba,1541.43,EUR
Kevin,Garza,kgarzanm@earthlink.net,Indonesia,Male,Cabean,Oodoo,,IDR
Brian,Daniels,bdanielsnn@mit.edu,Philippines,Male,Dulangan,Gigashots,48206.78,PHP
Craig,Stewart,cstewartno@census.gov,Tunisia,Male,Jammāl,Oodoo,,TND
George,Greene,ggreenenp@macromedia.com,China,Male,Jincun,Innojam,34191.30,CNY
Wayne,Hudson,whudsonnq@com.com,Poland,Male,Stare Miasto,Riffpedia,44761.54,PLN
Benjamin,Scott,bscottnr@uol.com.br,Zambia,Male,Nchelenge,Einti,77080.05,ZMW
Norma,Richardson,nrichardsonns@oakley.com,Indonesia,Female,Margasari,Geba,21669.92,IDR
Rose,Mendoza,rmendozant@google.it,Sweden,Female,Luleå,Twiyo,46927.29,SEK
Helen,Harrison,hharrisonnu@4shared.com,China,Female,Yanghou,Photospace,,CNY
Teresa,Castillo,tcastillonv@1und1.de,Brazil,Female,Nerópolis,Mydeo,50193.87,BRL
Brenda,Mitchell,bmitchellnw@smugmug.com,El Salvador,Female,Victoria,Skimia,,USD
Irene,Perez,ipereznx@webeden.co.uk,Russia,Female,Tavricheskoye,Innojam,86674.19,RUB
Kathy,Turner,kturnerny@comcast.net,Indonesia,Female,Sindangsari,Skilith,29959.82,IDR
Sandra,Jacobs,sjacobsnz@smh.com.au,Peru,Female,Vilque Chico,Buzzbean,,PEN
Julia,Hudson,jhudsono0@dot.gov,Sweden,Female,Årsta,Skipstorm,32403.48,SEK
Carol,Roberts,crobertso1@eventbrite.com,Indonesia,Female,Godong,Youfeed,86917.25,IDR
Douglas,Lawson,dlawsono2@plala.or.jp,China,Male,Huangjiazhai,Tagopia,67622.28,CNY
Rebecca,Stephens,rstephenso3@yellowbook.com,Czech Republic,Female,Bechlín,Fivechat,97288.85,CZK
Norma,Wright,nwrighto4@house.gov,Indonesia,Female,Singojuruh,Wikivu,5778.52,IDR
Marie,Gordon,mgordono5@alexa.com,Sweden,Female,Stockholm,Gigaclub,91196.72,SEK
Irene,Lynch,ilyncho6@ucsd.edu,Cameroon,Female,Lagdo,Tazzy,,XAF
Thomas,Ross,trosso7@si.edu,Russia,Male,Dvurechensk,Mydo,19441.29,RUB
Edward,Miller,emillero8@npr.org,Croatia,Male,Jakšić,Skyndu,31060.41,HRK
Russell,Fields,rfieldso9@addthis.com,China,Male,Yunlu,Twimbo,,CNY
Martin,Kim,mkimoa@baidu.com,Portugal,Male,Mundão,Oba,31770.52,EUR
David,Thompson,dthompsonob@webnode.com,Canada,Male,Windsor,Buzzdog,33950.63,CAD
Helen,Young,hyoungoc@china.com.cn,Philippines,Female,Luzon,Skippad,,PHP
Antonio,Mendoza,amendozaod@vistaprint.com,Indonesia,Male,Marabahan,Vidoo,73759.44,IDR
Marilyn,Thompson,mthompsonoe@163.com,Russia,Female,Zyablikovo,Divavu,31925.87,RUB
Antonio,Perkins,aperkinsof@virginia.edu,China,Male,Lijia,Wordpedia,17257.65,CNY
Marie,Lane,mlaneog@example.com,Russia,Female,Shchelkovo,Vidoo,86342.62,RUB
Robert,Webb,rwebboh@over-blog.com,Indonesia,Male,Dukuhmencek Lor,Tazzy,50440.66,IDR
Fred,Ramirez,framirezoi@foxnews.com,Zambia,Male,Mufumbwe,JumpXS,21168.04,ZMW
Joyce,Arnold,jarnoldoj@utexas.edu,Kazakhstan,Female,Kyzylzhar,Dabshots,13260.19,KZT
Elizabeth,Torres,etorresok@economist.com,China,Female,Hoxtolgay,Voonyx,41195.92,CNY
Anna,James,ajamesol@bandcamp.com,Japan,Female,Kanie,Riffpedia,,JPY
Alice,Payne,apayneom@phpbb.com,Croatia,Female,Smokvica,Lazzy,13304.97,HRK
Ashley,Brooks,abrookson@networksolutions.com,United Kingdom,Female,Kinloch,Zazio,19887.31,GBP
Louise,Gonzalez,lgonzalezoo@photobucket.com,Sweden,Female,Linköping,Eimbee,,SEK
Paula,Henderson,phendersonop@rediff.com,Indonesia,Female,Batibati,Thoughtstorm,79662.46,IDR
Melissa,Gordon,mgordonoq@123-reg.co.uk,Argentina,Female,General Cabrera,Eamia,71075.09,ARS
Kathy,Mccoy,kmccoyor@barnesandnoble.com,Indonesia,Female,Balun,Vinder,73921.27,IDR
Terry,Parker,tparkeros@unc.edu,Philippines,Male,Sagbayan,Zoomzone,,PHP
Jean,West,jwestot@opera.com,Thailand,Female,Chaiyaphum,Innojam,,THB
Jessica,Bishop,jbishopou@nih.gov,China,Female,Hexi,Demimbu,4178.42,CNY
Kevin,Sanders,ksandersov@bigcartel.com,Indonesia,Male,Sipoholon,Realpoint,70953.10,IDR
Donald,Warren,dwarrenow@microsoft.com,Switzerland,Male,Basel,Brainverse,64083.45,CHF
William,Dunn,wdunnox@mozilla.com,Indonesia,Male,Jetak Kulon,Zava,83602.13,IDR
Heather,Moreno,hmorenooy@ftc.gov,Colombia,Female,Colosó,Zooxo,,COP
Pamela,Fisher,pfisheroz@infoseek.co.jp,China,Female,Baiguan,Ozu,35534.29,CNY
Pamela,Cooper,pcooperp0@ehow.com,Indonesia,Female,Ciseda,Jabbertype,19675.72,IDR
Jesse,Wright,jwrightp1@bloglines.com,Sweden,Male,Oskarshamn,Shuffletag,39980.57,SEK
Albert,Crawford,acrawfordp2@usnews.com,Guatemala,Male,Chicacao,Browsecat,60788.70,GTQ
Deborah,Duncan,dduncanp3@who.int,Latvia,Female,Ainaži,Plajo,,EUR
Annie,Torres,atorresp4@ihg.com,Japan,Female,Arai,Aibox,,JPY
Michael,Martinez,mmartinezp5@github.io,Russia,Male,Ryazanskiy,Divavu,,RUB
Michael,Flores,mfloresp6@printfriendly.com,Poland,Male,Fordon,Trilia,67435.34,PLN
Katherine,Duncan,kduncanp7@discuz.net,China,Female,Tianxin,Omba,46840.54,CNY
Kathleen,Burke,kburkep8@bluehost.com,France,Female,Auch,Kazu,31054.41,EUR
Daniel,Harvey,dharveyp9@hexun.com,United States,Male,Conroe,Jetwire,7427.80,USD
Louis,Oliver,loliverpa@jiathis.com,Russia,Male,Labytnangi,Zoombox,90698.72,RUB
Stephen,Mason,smasonpb@xinhuanet.com,Ukraine,Male,Nyzhnya Krynka,Gabtune,571.35,UAH
Jimmy,Knight,jknightpc@php.net,Poland,Male,Niedzica,Oyope,19041.77,PLN
Charles,Thomas,cthomaspd@printfriendly.com,Iran,Male,Khorramābād,Flipbug,26457.98,IRR
Fred,Sanders,fsanderspe@hp.com,Indonesia,Male,Ngondokandawu,Tagtune,,IDR
Terry,Henry,thenrypf@seattletimes.com,France,Male,La Seyne-sur-Mer,Divape,22983.85,EUR
Douglas,Hall,dhallpg@tamu.edu,China,Male,Henglin,Browsezoom,77287.34,CNY
Dennis,Carroll,dcarrollph@paginegialle.it,Japan,Male,Tsuruoka,Skilith,531.57,JPY
Nancy,Edwards,nedwardspi@si.edu,Tanzania,Female,Makungu,Photobug,69544.54,TZS
David,Fox,dfoxpj@wunderground.com,Serbia,Male,Trstenik,Brightbean,,RSD
Victor,Berry,vberrypk@mail.ru,United States,Male,Chicago,Tavu,47018.41,USD
Jack,Kelly,jkellypl@myspace.com,Finland,Male,Nastola,Photojam,93251.16,EUR
Jennifer,Flores,jflorespm@dropbox.com,United States,Female,Honolulu,Aimbo,45384.27,USD
Gary,Martinez,gmartinezpn@abc.net.au,China,Male,Rizhao,Browsecat,28849.05,CNY
Ruby,Oliver,roliverpo@intel.com,China,Female,Da’an,Twitterworks,,CNY
Douglas,Harris,dharrispp@parallels.com,Chile,Male,Chile Chico,Yabox,69253.43,CLP
Alice,Davis,adavispq@github.com,Indonesia,Female,Jeruk,Skajo,69122.18,IDR
Amy,Stone,astonepr@comsenz.com,Czech Republic,Female,Dolní Cerekev,Brainsphere,30075.09,CZK
Marilyn,Washington,mwashingtonps@auda.org.au,Liberia,Female,Buchanan,Browsecat,32638.58,LRD
Craig,Webb,cwebbpt@umich.edu,American Samoa,Male,Ta`ū,Realcube,71499.46,USD
Frances,Simpson,fsimpsonpu@discuz.net,China,Female,Dawu,Quimba,26804.74,CNY
Karen,Ramirez,kramirezpv@edublogs.org,Portugal,Female,Santa Cruz,Vinte,70817.51,EUR
Janet,Williamson,jwilliamsonpw@answers.com,Greece,Female,Áyioi Apóstoloi,Kwilith,65222.39,EUR
Nicole,Fernandez,nfernandezpx@facebook.com,Indonesia,Female,Kuripan,Yamia,86470.57,IDR
Mary,Stevens,mstevenspy@salon.com,China,Female,Erenhot,Nlounge,98023.70,CNY
Christine,Cox,ccoxpz@cpanel.net,China,Female,Tongyangdao,Pixoboo,36709.25,CNY
Jose,Riley,jrileyq0@tripadvisor.com,Czech Republic,Male,Žirovnice,Vitz,74154.37,CZK
Carl,Reyes,creyesq1@hhs.gov,China,Male,Tange Zhen,Realpoint,34290.94,CNY
Tammy,Bennett,tbennettq2@is.gd,Colombia,Female,Tumaco,Browsebug,51531.86,COP
Joshua,Wallace,jwallaceq3@wunderground.com,Poland,Male,Sulmierzyce,Eimbee,30910.52,PLN
Wanda,Fuller,wfullerq4@rediff.com,Indonesia,Female,Sumberpandan,Zoomcast,80303.74,IDR
Louis,Green,lgreenq5@edublogs.org,Yemen,Male,Al Mukallā,Innojam,91319.46,YER
Amy,Torres,atorresq6@a8.net,China,Female,Xincheng Chengguanzhen,Tazz,37036.85,CNY
John,Arnold,jarnoldq7@hostgator.com,Portugal,Male,Vila Moreira,Quinu,3972.61,EUR
Jack,Gilbert,jgilbertq8@issuu.com,Philippines,Male,Mat-i,Oloo,35308.40,PHP
Linda,Phillips,lphillipsq9@photobucket.com,Russia,Female,Belgorod,Gigaclub,8757.76,RUB
Jean,Cook,jcookqa@lycos.com,Indonesia,Female,Waturoka,Realcube,20224.34,IDR
Walter,Harvey,wharveyqb@ucsd.edu,Netherlands,Male,Amsterdam Oud Zuid en Rivierenbuurt,BlogXS,15576.12,EUR
Ryan,Owens,rowensqc@psu.edu,Russia,Male,Ivanteyevka,Eimbee,69786.56,RUB
Annie,Hamilton,ahamiltonqd@studiopress.com,Indonesia,Female,Gombong,Trudeo,41942.81,IDR
Howard,Grant,hgrantqe@columbia.edu,Argentina,Male,San Rafael,Fivechat,43038.11,ARS
Bobby,Nguyen,bnguyenqf@163.com,China,Male,Fangxian,Yodel,97074.70,CNY
Gary,White,gwhiteqg@imageshack.us,Indonesia,Male,Golopau,Muxo,3242.41,IDR
Jennifer,Lane,jlaneqh@sakura.ne.jp,Brazil,Female,Frei Paulo,Mydo,83285.06,BRL
Angela,Rice,ariceqi@aol.com,Poland,Female,Nowy Dwór Gdański,Kanoodle,58373.23,PLN
Kevin,Oliver,koliverqj@nsw.gov.au,Ukraine,Male,Kostryzhivka,Vinder,47084.74,UAH
Daniel,Ruiz,druizqk@amazon.co.uk,Thailand,Male,Bang Pahan,Quatz,75348.47,THB
Raymond,Dixon,rdixonql@networkadvertising.org,Russia,Male,Listvyanka,Tazz,33263.25,RUB
Kathryn,Cox,kcoxqm@youtu.be,Brazil,Female,Pitangui,Wikizz,33988.24,BRL
Stephen,Adams,sadamsqn@mediafire.com,Argentina,Male,San Francisco,Fliptune,99841.52,ARS
Peter,Austin,paustinqo@t.co,China,Male,Guangming,Kwinu,54443.95,CNY
Carl,Hayes,chayesqp@cdbaby.com,France,Male,Orange,Ozu,33456.79,EUR
Brandon,Adams,badamsqq@shinystat.com,Panama,Male,Nuevo Arraiján,Topiczoom,31901.72,PAB
Harry,Wright,hwrightqr@sakura.ne.jp,Poland,Male,Mrzezino,Cogilith,6248.17,PLN
Matthew,Ferguson,mfergusonqs@answers.com,France,Male,Lisieux,Dazzlesphere,,EUR
Amanda,Ruiz,aruizqt@phoca.cz,American Samoa,Female,Tāfuna,Babbleopia,17120.23,USD
Aaron,Garrett,agarrettqu@free.fr,Venezuela,Male,Acarigua,Youbridge,9378.26,VEF
Marilyn,Wallace,mwallaceqv@cdbaby.com,Japan,Female,Yūki,Brainverse,39436.27,JPY
Sandra,Morris,smorrisqw@gmpg.org,Sweden,Female,Göteborg,Rhybox,,SEK
Steven,Murphy,smurphyqx@upenn.edu,Cuba,Male,Encrucijada,Zooxo,27139.69,CUP
Elizabeth,Lewis,elewisqy@furl.net,Chile,Female,Panguipulli,Tagopia,80214.36,CLP
Ralph,Nguyen,rnguyenqz@livejournal.com,United States,Male,Stockton,Quatz,33165.28,USD
Juan,Sanders,jsandersr0@boston.com,Mongolia,Male,Mayhan,Brainbox,50256.01,MNT
Margaret,Stanley,mstanleyr1@ask.com,Sweden,Female,Järna,Thoughtstorm,85983.75,SEK
Lori,Hayes,lhayesr2@so-net.ne.jp,Serbia,Female,Majur,Mita,11769.59,RSD
Craig,Gonzales,cgonzalesr3@google.cn,Palestinian Territory,Male,‘Ūrīf,Trupe,59632.53,ILS
Thomas,Hawkins,thawkinsr4@exblog.jp,Venezuela,Male,Seboruco,Youtags,65337.27,VEF
Randy,Mason,rmasonr5@illinois.edu,Nigeria,Male,Pankshin,Kazio,2399.29,NGN
Katherine,Dean,kdeanr6@stumbleupon.com,Pakistan,Female,Daulatpur,Browseblab,25059.11,PKR
Edward,Banks,ebanksr7@google.com.br,Canada,Male,Amherst,Innotype,65632.91,CAD
Sara,Vasquez,svasquezr8@webeden.co.uk,China,Female,Kaji,Quatz,60096.69,CNY
Shirley,Kim,skimr9@freewebs.com,Thailand,Female,Si Racha,Wikibox,31430.72,THB
Tina,Diaz,tdiazra@cnn.com,Albania,Female,Kastrat,Gabtune,92105.70,ALL
Catherine,Willis,cwillisrb@hatena.ne.jp,Russia,Female,Georgiyevsk,Mydo,66160.80,RUB
Rachel,Berry,rberryrc@howstuffworks.com,Indonesia,Female,Watunggong,Youspan,30241.21,IDR
Jessica,Williams,jwilliamsrd@qq.com,Pakistan,Female,Landi Kotal,Oyoba,95670.47,PKR
Judith,Johnston,jjohnstonre@salon.com,Thailand,Female,Khlong Khuean,Voomm,61383.43,THB
Harold,Morales,hmoralesrf@ycombinator.com,Indonesia,Male,Banjarbaru,Topicshots,61564.16,IDR
Bobby,Medina,bmedinarg@freewebs.com,China,Male,Erdu,Agivu,25893.14,CNY
Albert,Gomez,agomezrh@upenn.edu,Madagascar,Male,Antsohihy,Zoonder,21113.16,MGA
Judy,Nichols,jnicholsri@weather.com,Portugal,Female,Chãos,Babbleopia,56746.95,EUR
Theresa,Ray,trayrj@skype.com,Portugal,Female,Cuba,Twinder,91254.04,EUR
Kenneth,West,kwestrk@scribd.com,Malawi,Male,Mzimba,Yacero,84740.88,MWK
Charles,Hughes,chughesrl@apache.org,Haiti,Male,Port-à-Piment,Thoughtworks,69131.43,HTG
Brandon,Hughes,bhughesrm@jalbum.net,Philippines,Male,Upper San Mateo,Zoomcast,93001.30,PHP
Eugene,Gordon,egordonrn@xing.com,Philippines,Male,Ibung,Roomm,89525.30,PHP
Richard,Kelley,rkelleyro@answers.com,Guatemala,Male,Pochuta,Trilia,32442.50,GTQ
Nicholas,Harrison,nharrisonrp@1und1.de,Armenia,Male,Parravak’ar,Yombu,5014.33,AMD
Jonathan,Hill,jhillrq@blogtalkradio.com,Albania,Male,Xarrë,Dabtype,34968.41,ALL
Cynthia,Larson,clarsonrr@paypal.com,Indonesia,Female,Aegela,Feedbug,34217.49,IDR
