Randy,Austin,raustin0@jugem.jp,Poland,Male,Bukowina Tatrzańska,Devpoint,16525.13,PLN
Judith,Miller,jmiller1@ucoz.ru,China,Female,Xikou,Voomm,3060.90,CNY
Teresa,Brooks,tbrooks2@goodreads.com,Japan,Female,Tokorozawa,Eire,74624.95,JPY
Irene,Johnston,ijohnston3@salon.com,China,Female,Nancheng,Babblestorm,65077.12,CNY
Robin,Parker,rparker4@google.nl,China,Female,Kandun,Linklinks,8741.31,CNY
Carolyn,Richardson,crichardson5@wiley.com,Bulgaria,Female,Vratsa,Fivechat,52869.87,BGN
Ralph,Clark,rclark6@omniture.com,Ukraine,Male,Kyrylivka,Avaveo,97454.00,UAH
Maria,Moreno,mmoreno7@jalbum.net,Bahrain,Female,Sitrah,Yakijo,,BHD
Laura,Mcdonald,lmcdonald8@geocities.com,Sweden,Female,Umeå,Twitterworks,46718.94,SEK
Mark,Payne,mpayne9@godaddy.com,Poland,Male,Świecie nad Osą,Voomm,8678.39,PLN
Patricia,Reed,preeda@bizjournals.com,Canada,Female,Warwick,Meevee,86434.66,CAD
Ann,Cox,acoxb@whitehouse.gov,Czech Republic,Female,Býšť,Abata,28356.00,CZK
Jimmy,Johnson,jjohnsonc@arizona.edu,Brazil,Male,Feira de Santana,Kayveo,94012.02,BRL
Jonathan,Morales,jmoralesd@cnn.com,Pakistan,Male,Amangarh,Feedfire,11427.62,PKR
Doris,Gutierrez,dgutierreze@yahoo.com,Czech Republic,Female,Moravský Krumlov,Jamia,65372.66,CZK
Robert,Edwards,redwardsf@apache.org,Finland,Male,Nurmo,Reallinks,16905.01,EUR
Betty,Wallace,bwallaceg@behance.net,Burkina Faso,Female,Diapaga,Dabtype,69528.49,XOF
Patrick,Gilbert,pgilberth@tripod.com,Croatia,Male,Galižana,Wikivu,66715.66,HRK
Anna,Stephens,astephensi@jiathis.com,Peru,Female,Independencia,Meeveo,39782.12,PEN
Evelyn,Lee,eleej@facebook.com,Venezuela,Female,Ciudad Bolivia,Mudo,75049.90,VEF
Billy,Tucker,btuckerk@va.gov,China,Male,Tuanshansi,Mudo,81665.38,CNY
Larry,Garza,lgarzal@springer.com,Colombia,Male,Guamal,Flipopia,89316.51,COP
Samuel,Price,spricem@shareasale.com,Indonesia,Male,Kemil,Izio,30216.84,IDR
Sara,Marshall,smarshalln@squidoo.com,Peru,Female,Conchopata,Blogspan,42614.45,PEN
Jean,Gray,jgrayo@whitehouse.gov,United States,Female,Detroit,Wordware,30575.11,USD
Brandon,Collins,bcollinsp@hugedomains.com,China,Male,Fengping,Shuffletag,,CNY
Louise,Cook,lcookq@mail.ru,Sweden,Female,Edsbyn,Skibox,9319.88,SEK
Daniel,Franklin,dfranklinr@phoca.cz,Poland,Male,Laliki,Quinu,7734.66,PLN
Donna,Mason,dmasons@howstuffworks.com,Philippines,Female,Gocoton,Chatterpoint,50956.19,PHP
Alice,Simmons,asimmonst@shinystat.com,Sweden,Female,Karlstad,Jetpulse,38065.82,SEK
Kimberly,Diaz,kdiazu@imdb.com,Afghanistan,Female,Dū Laīnah,Mudo,,AFN
Amy,Mason,amasonv@friendfeed.com,South Africa,Female,Louis Trichardt,Tazz,,ZAR
Walter,Ward,wwardw@cnn.com,Russia,Male,Yessentuki,Trilith,74770.89,RUB
Catherine,Torres,ctorresx@seesaa.net,Finland,Female,Hausjärvi,Skibox,90430.61,EUR
Christopher,Turner,cturnery@paginegialle.it,Palestinian Territory,Male,Idhnā,Omba,95250.01,ILS
Walter,Flores,wfloresz@mapy.cz,China,Male,Jianshan,Gabcube,50705.86,CNY
Teresa,Price,tprice10@prnewswire.com,China,Female,Dongxi,Tekfly,77117.47,CNY
Craig,Cole,ccole11@dailymotion.com,Philippines,Male,Makilala,Centimia,36391.77,PHP
Christopher,Warren,cwarren12@hugedomains.com,Indonesia,Male,Tondano,LiveZ,4768.58,IDR
Harry,Bradley,hbradley13@amazon.com,Netherlands,Male,Houten,Youspan,70241.33,EUR
Shawn,Warren,swarren14@intel.com,Slovenia,Male,Koroška Bela,Lazzy,53039.65,EUR
Phyllis,Lewis,plewis15@mac.com,Philippines,Female,Palauig,Skimia,,PHP
Joe,Woods,jwoods16@wix.com,Papua New Guinea,Male,Wau,Reallinks,97032.31,PGK
Mark,Owens,mowens17@barnesandnoble.com,Philippines,Male,Panikian,Brightbean,24913.01,PHP
Ruby,Brooks,rbrooks18@php.net,Philippines,Female,Culubasa,Demivee,87272.66,PHP
Diane,Wells,dwells19@nature.com,Indonesia,Female,Bungur,Tavu,6412.42,IDR
Robert,Perez,rperez1a@homestead.com,Albania,Male,Zall-Herr,Quire,63177.10,ALL
Jason,Russell,jrussell1b@sakura.ne.jp,Russia,Male,Orekhovo-Zuyevo,Feedfish,,RUB
Juan,Lewis,jlewis1c@e-recht24.de,China,Male,Xiyang,Devcast,66757.77,CNY
Elizabeth,Kennedy,ekennedy1d@360.cn,Myanmar,Female,Minbu,Lajo,,MMK
Denise,Powell,dpowell1e@dmoz.org,South Africa,Female,Siyabuswa,Devshare,63383.47,ZAR
Shirley,Cook,scook1f@marriott.com,El Salvador,Female,Santa Ana,Edgeclub,33454.16,USD
Mildred,Carpenter,mcarpenter1g@fastcompany.com,Sweden,Female,Ystad,Zooxo,25576.51,SEK
Evelyn,Fowler,efowler1h@admin.ch,Slovenia,Female,Kobilje,Dynazzy,15438.56,EUR
Alice,Welch,awelch1i@stanford.edu,Sweden,Female,Järfälla,Skinix,,SEK
Ronald,Taylor,rtaylor1j@ocn.ne.jp,Brazil,Male,Belém,Oyonder,52890.91,BRL
Karen,Mccoy,kmccoy1k@google.fr,Poland,Female,Sypniewo,Kwinu,,PLN
Christine,James,cjames1l@ocn.ne.jp,China,Female,Nanzhen,Bubblemix,,CNY
Antonio,Reynolds,areynolds1m@meetup.com,Argentina,Male,Del Campillo,Quimba,23116.64,ARS
Matthew,Shaw,mshaw1n@admin.ch,Brazil,Male,Lajeado,Kwilith,60060.63,BRL
Donna,Carroll,dcarroll1o@house.gov,France,Female,Mende,Yakidoo,41507.34,EUR
Martha,Sanders,msanders1p@ycombinator.com,Dominican Republic,Female,Constanza,Geba,70571.54,DOP
Julia,James,jjames1q@opensource.org,China,Female,Yanglang,Tazz,51082.67,CNY
Keith,Gutierrez,kgutierrez1r@hc360.com,Brazil,Male,Gravatá,Ntag,,BRL
Randy,Henry,rhenry1s@angelfire.com,Brazil,Male,Divinópolis,Feedbug,16434.04,BRL
Patrick,Montgomery,pmontgomery1t@imgur.com,France,Male,Rennes,Dabvine,32696.82,EUR
Scott,Mccoy,smccoy1u@fda.gov,United States,Male,Dallas,Oyope,925.32,USD
Jerry,Garza,jgarza1v@wix.com,Peru,Male,Río Grande,Tazz,95341.98,PEN
Jason,Berry,jberry1w@answers.com,Mongolia,Male,Altay sumu,Blogtags,83974.91,MNT
Beverly,Day,bday1x@opensource.org,Canada,Female,Oxbow,Tavu,57768.41,CAD
Marie,Little,mlittle1y@artisteer.com,Russia,Female,Olonets,Twimm,92255.61,RUB
Andrea,Marshall,amarshall1z@wix.com,China,Female,Tuguan,Devify,29222.70,CNY
Ruth,Cunningham,rcunningham20@dyndns.org,Palau,Female,Ngetkib,Wikivu,13634.45,USD
Douglas,Sanders,dsanders21@geocities.com,Czech Republic,Male,Ostrožská Nová Ves,Riffpedia,52993.03,CZK
Diane,Welch,dwelch22@hubpages.com,Brazil,Female,Delmiro Gouveia,Roomm,94312.94,BRL
Joe,Johnson,jjohnson23@geocities.jp,Russia,Male,Komsomol’skiy,Abata,93790.80,RUB
Douglas,Sims,dsims24@yahoo.com,Ghana,Male,Winneba,Camimbo,93687.95,GHS
Jeremy,Mcdonald,jmcdonald25@weebly.com,Russia,Male,Kagal’nitskaya,Eare,70552.73,RUB
Heather,Young,hyoung26@goo.ne.jp,Indonesia,Female,Kaduranca,Fanoodle,27945.79,IDR
Earl,Patterson,epatterson27@netlog.com,Philippines,Male,Camangcamang,Cogilith,16519.45,PHP
Keith,Howell,khowell28@google.com.au,Serbia,Male,Koceljeva,Jetwire,10395.09,RSD
Martha,Rivera,mrivera29@vk.com,Portugal,Female,Sentieiras,Vinte,71858.86,EUR
Diana,Jacobs,djacobs2a@unicef.org,United States,Female,Orlando,Edgetag,22470.56,USD
Linda,Peterson,lpeterson2b@domainmarket.com,Philippines,Female,San Isidro,Livetube,57583.71,PHP
Steve,Burns,sburns2c@independent.co.uk,Russia,Male,Omutninsk,Jetpulse,79871.92,RUB
Marilyn,Perez,mperez2d@boston.com,Spain,Female,Santiago De Compostela,Flashpoint,8457.53,EUR
Juan,Weaver,jweaver2e@xrea.com,Paraguay,Male,Guayaybi,Jabberstorm,79146.50,PYG
Heather,Nichols,hnichols2f@livejournal.com,Philippines,Female,San Vicente,Dablist,26531.05,PHP
Helen,Jacobs,hjacobs2g@webs.com,Vietnam,Female,Lương Bằng,Skalith,,VND
Tina,Young,tyoung2h@scribd.com,Palestinian Territory,Female,Jalqamūs,Quimm,95356.89,ILS
Chris,Willis,cwillis2i@opensource.org,Chile,Male,Talca,Avamm,71711.38,CLP
Denise,Romero,dromero2j@time.com,France,Female,Nice,Bubblebox,58773.88,EUR
Jose,Wagner,jwagner2k@nationalgeographic.com,Indonesia,Male,Bangbayang,Voonder,,IDR
Angela,Flores,aflores2l@engadget.com,Russia,Female,Dukhovnitskoye,Einti,67169.58,RUB
Rachel,Ortiz,rortiz2m@chronoengine.com,Afghanistan,Female,Paghmān,LiveZ,28594.89,AFN
Bobby,Gordon,bgordon2n@washingtonpost.com,Indonesia,Male,Sarangmeduro,Avamm,62719.70,IDR
Mary,Bryant,mbryant2o@bloomberg.com,Libya,Female,Gialo,Thoughtmix,24056.15,LYD
Benjamin,Elliott,belliott2p@constantcontact.com,France,Male,Colmar,Oyope,9503.97,EUR
Paul,Scott,pscott2q@huffingtonpost.com,Libya,Male,Awjilah,Skimia,94746.18,LYD
Antonio,Butler,abutler2r@dropbox.com,South Africa,Male,Vryburg,Cogilith,31202.16,ZAR
Joseph,Moore,jmoore2s@chronoengine.com,Philippines,Male,Mancilang,Skivee,88008.81,PHP
Nicholas,Johnson,njohnson2t@google.nl,Honduras,Male,Ojos de Agua,InnoZ,86025.98,HNL
Andrew,Alvarez,aalvarez2u@google.fr,Lebanon,Male,Baabda,Divanoodle,80564.22,LBP
Craig,Rodriguez,crodriguez2v@infoseek.co.jp,Serbia,Male,Sremska Mitrovica,Oloo,50719.12,RSD
Lois,Chavez,lchavez2w@google.cn,Sweden,Female,Norrahammar,Shuffledrive,6034.14,SEK
Martin,Robertson,mrobertson2x@yahoo.co.jp,China,Male,Huangzhan,Miboo,59795.52,CNY
Ruby,Andrews,randrews2y@nih.gov,Indonesia,Female,Panenjoan,Skyba,86475.27,IDR
Marilyn,Jones,mjones2z@ucoz.com,Portugal,Female,Carregueira,Quinu,31823.89,EUR
Steven,Nelson,snelson30@cam.ac.uk,Nigeria,Male,Gwandu,Voonix,,NGN
Richard,Sanders,rsanders31@shareasale.com,Uganda,Male,Namayingo,Tagpad,76919.35,UGX
Joan,George,jgeorge32@wikimedia.org,Finland,Female,Elimäki,Topicstorm,56302.03,EUR
Harry,Rodriguez,hrodriguez33@godaddy.com,Tanzania,Male,Mahuta,Meevee,70708.57,TZS
Jean,Wagner,jwagner34@weather.com,Russia,Female,Ilovlya,Feedbug,79673.73,RUB
Justin,Ferguson,jferguson35@dropbox.com,Croatia,Male,Kastav,Kanoodle,88706.60,HRK
Mary,Mitchell,mmitchell36@epa.gov,Brazil,Female,Itajubá,Centidel,47192.85,BRL
Helen,Duncan,hduncan37@kickstarter.com,China,Female,Miliangju,Zoombeat,,CNY
Susan,Fields,sfields38@a8.net,Indonesia,Female,Leran Kulon,Rhybox,24891.06,IDR
Adam,Lawson,alawson39@icq.com,Poland,Male,Dąbie,Photobug,10466.71,PLN
Susan,Mitchell,smitchell3a@sun.com,Philippines,Female,Janiuay,Einti,43293.07,PHP
Fred,Hawkins,fhawkins3b@unc.edu,Indonesia,Male,Wonokerto,Vinte,95410.77,IDR
Ernest,Rogers,erogers3c@usa.gov,China,Male,Shezhu,Skalith,97908.43,CNY
Gregory,Phillips,gphillips3d@wikimedia.org,Mongolia,Male,Huurch,Livepath,81717.13,MNT
Betty,Reyes,breyes3e@techcrunch.com,Russia,Female,Pervoural’sk,Topdrive,80068.67,RUB
Robert,Miller,rmiller3f@nps.gov,Kazakhstan,Male,Shu,Dynazzy,81092.91,KZT
Donna,Daniels,ddaniels3g@cocolog-nifty.com,Sweden,Female,Borlänge,Podcat,11971.11,SEK
Nicole,Clark,nclark3h@senate.gov,Sri Lanka,Female,Panadura,Ozu,16027.98,LKR
Diana,Mills,dmills3i@foxnews.com,Brazil,Female,Pirajuí,Zoomcast,,BRL
Deborah,Graham,dgraham3j@dagondesign.com,Philippines,Female,Tongouson,Devpoint,70944.18,PHP
Carlos,Bishop,cbishop3k@meetup.com,Brazil,Male,João Câmara,Gigashots,24943.37,BRL
Robert,Wood,rwood3l@aboutads.info,Colombia,Male,Baranoa,Jazzy,43544.67,COP
Catherine,Webb,cwebb3m@merriam-webster.com,China,Female,Qiaotou,Babbleopia,62856.83,CNY
Kimberly,Perry,kperry3n@state.tx.us,Ukraine,Female,Kopayhorod,Minyx,76533.82,UAH
Martin,Walker,mwalker3o@nymag.com,Portugal,Male,Tocha,Avaveo,87008.79,EUR
Karen,Johnston,kjohnston3p@goo.ne.jp,China,Female,Hongchun,BlogXS,90311.76,CNY
Joshua,Carroll,jcarroll3q@wikipedia.org,France,Male,Dunkerque,Roombo,50925.30,EUR
Shawn,Long,slong3r@salon.com,Philippines,Male,Estaca,Yotz,57454.75,PHP
Julie,Lane,jlane3s@wikimedia.org,Czech Republic,Female,Bechyně,Skyndu,61016.58,CZK
Christine,Ruiz,cruiz3t@dion.ne.jp,Indonesia,Female,Kalilu,Dynava,27151.07,IDR
Mary,Richardson,mrichardson3u@google.com.br,Norway,Female,Oslo,Quamba,,NOK
Ann,Austin,aaustin3v@t.co,Philippines,Female,Naagas,Browsezoom,7617.46,PHP
Carol,Gonzalez,cgonzalez3w@amazon.de,Spain,Female,Madrid,Camimbo,21643.46,EUR
Evelyn,Butler,ebutler3x@ca.gov,Honduras,Female,Santa Lucía,Thoughtstorm,68759.24,HNL
Sarah,Bishop,sbishop3y@narod.ru,Russia,Female,Saint Petersburg,Skaboo,27665.34,RUB
Jean,Hunter,jhunter3z@printfriendly.com,Indonesia,Female,Ciloa,Photobug,64116.34,IDR
Rose,Hudson,rhudson40@usa.gov,Indonesia,Female,Kalisabuk,Zoomzone,36025.90,IDR
Kenneth,Burns,kburns41@unesco.org,Pakistan,Male,Kālābāgh,Topicstorm,59658.16,PKR
Doris,Taylor,dtaylor42@angelfire.com,Brazil,Female,Baixo Guandu,Brainsphere,78256.70,BRL
Patrick,Hunter,phunter43@4shared.com,Czech Republic,Male,Klášter,Livetube,93400.28,CZK
Adam,Carroll,acarroll44@go.com,Indonesia,Male,Oepula,Jaxbean,68842.41,IDR
Matthew,Andrews,mandrews45@miibeian.gov.cn,China,Male,Shangping,Aimbu,61805.15,CNY
Louis,Harris,lharris46@ucsd.edu,Paraguay,Male,Colonia Yguazú,Livepath,99354.49,PYG
Randy,Bell,rbell47@archive.org,Czech Republic,Male,Velký Újezd,Bubbletube,45418.96,CZK
Beverly,Sullivan,bsullivan48@bloglovin.com,Portugal,Female,Ladoeiro,Mynte,13065.14,EUR
Christopher,Patterson,cpatterson49@homestead.com,Ukraine,Male,Pokotylivka,Trilia,89364.71,UAH
Karen,Riley,kriley4a@tripod.com,Indonesia,Female,Mliwang,Cogidoo,32814.11,IDR
Rachel,Vasquez,rvasquez4b@studiopress.com,China,Female,Huangben,Kazio,94887.13,CNY
Anthony,Diaz,adiaz4c@about.com,China,Male,Dongying,Yakitri,2207.91,CNY
Angela,Richards,arichards4d@ox.ac.uk,Indonesia,Female,Fatubia,Jatri,23837.60,IDR
Raymond,Carroll,rcarroll4e@nbcnews.com,Niger,Male,Gaya,Skipfire,6353.17,XOF
Patricia,Fox,pfox4f@privacy.gov.au,China,Female,Chaodi,Oyoloo,19311.49,CNY
Adam,Griffin,agriffin4g@i2i.jp,Estonia,Male,Orissaare,Lazzy,,EUR
Tina,Moore,tmoore4h@techcrunch.com,Philippines,Female,Naili,Dablist,89179.00,PHP
Judith,Smith,jsmith4i@skyrock.com,Indonesia,Female,Cinangka,Skinix,,IDR
Jimmy,Bryant,jbryant4j@zimbio.com,Argentina,Male,Guatimozín,Skilith,90071.96,ARS
Mark,Payne,mpayne4k@acquirethisname.com,China,Male,Nanshi,Meembee,6897.17,CNY
Wanda,Wright,wwright4l@dot.gov,Ukraine,Female,Tyvriv,Demimbu,62515.47,UAH
Scott,Powell,spowell4m@yale.edu,China,Male,Donghui,Midel,48230.52,CNY
Anne,Cole,acole4n@bbb.org,South Korea,Female,Taesal-li,Bluezoom,64584.68,KRW
Patricia,Shaw,pshaw4o@oaic.gov.au,Japan,Female,Takeo,Dabjam,58896.80,JPY
Amy,Romero,aromero4p@usatoday.com,China,Female,Fengli,Tagchat,81621.68,CNY
Jacqueline,Lane,jlane4q@wordpress.com,China,Female,Jixing,Reallinks,66260.60,CNY
George,Wilson,gwilson4r@latimes.com,China,Male,Baitashan,Yacero,45224.13,CNY
Tammy,Martinez,tmartinez4s@imdb.com,Portugal,Female,Oeiras,Innojam,95606.38,EUR
Shawn,Garcia,sgarcia4t@engadget.com,China,Male,Doujia,Yoveo,64816.38,CNY
Thomas,Cruz,tcruz4u@cam.ac.uk,Panama,Male,San Miguelito,Twiyo,42325.69,PAB
Kevin,Kim,kkim4v@tripadvisor.com,Kosovo,Male,Gllogjan,Skyble,1318.14,EUR
William,Williams,wwilliams4w@businessweek.com,Poland,Male,Radziszów,Cogilith,92146.79,PLN
Anne,Vasquez,avasquez4x@indiegogo.com,Philippines,Female,Paraiso,Kimia,70716.98,PHP
Anthony,Dixon,adixon4y@wordpress.com,France,Male,Orléans,Mymm,,EUR
Gary,Bowman,gbowman4z@zdnet.com,Portugal,Male,Barrunchal,Bluezoom,27873.62,EUR
Kathy,Holmes,kholmes50@engadget.com,Russia,Female,Khuzhir,Edgetag,31834.47,RUB
Rose,West,rwest51@nps.gov,Peru,Female,Socota,Dabtype,45066.58,PEN
Amy,Moreno,amoreno52@youku.com,Indonesia,Female,Oenunu,Tanoodle,44133.67,IDR
Judith,Price,jprice53@simplemachines.org,China,Female,Jincheng,Demimbu,42653.94,CNY
Aaron,Garcia,agarcia54@paypal.com,Guatemala,Male,Jutiapa,Skimia,65060.82,GTQ
Terry,Fox,tfox55@cocolog-nifty.com,China,Male,Gaojian,Flashpoint,223.27,CNY
Mark,Richardson,mrichardson56@wired.com,Mexico,Male,Ojo de Agua,Izio,92402.10,MXN
Sean,Phillips,sphillips57@rambler.ru,United States,Male,New York City,Zoovu,31226.65,USD
Timothy,Torres,ttorres58@t.co,Canada,Male,Viking,Riffpath,45471.90,CAD
Carl,Fuller,cfuller59@yelp.com,China,Male,Shache,Oloo,73347.22,CNY
Tammy,Berry,tberry5a@macromedia.com,Yemen,Female,Aş Şalw,Izio,56473.05,YER
Andrew,Flores,aflores5b@amazon.com,Pakistan,Male,Dhanot,Dynava,40850.98,PKR
Antonio,Ray,aray5c@virginia.edu,Czech Republic,Male,Vsetín,Rooxo,49459.85,CZK
Clarence,Sullivan,csullivan5d@theguardian.com,Indonesia,Male,Rancabuaya,Youfeed,42600.99,IDR
Ruth,Hayes,rhayes5e@house.gov,Brazil,Female,Cabedelo,Bubblemix,19018.37,BRL
Philip,Frazier,pfrazier5f@is.gd,Honduras,Male,Santa Cruz de Yojoa,Yata,16217.14,HNL
Theresa,Fowler,tfowler5g@nytimes.com,Peru,Female,San Felipe,Geba,27495.24,PEN
Diana,Davis,ddavis5h@about.com,Finland,Female,Tampere,Aibox,79887.92,EUR
Kenneth,Fox,kfox5i@microsoft.com,Japan,Male,Kitakyūshū,Rhynyx,,JPY
Shawn,Parker,sparker5j@tinyurl.com,Thailand,Male,Khu Khan,LiveZ,20081.83,THB
Adam,Wright,awright5k@ft.com,Uzbekistan,Male,Kattaqo’rg’on,Realblab,15043.94,UZS
Jessica,Larson,jlarson5l@opera.com,Serbia,Female,Draginje,Topicblab,1238.39,RSD
Kenneth,Morrison,kmorrison5m@slashdot.org,Pakistan,Male,Lāliān,Reallinks,1078.30,PKR
Ruth,Castillo,rcastillo5n@cbsnews.com,Ukraine,Female,Torkanivka,Demivee,67068.05,UAH
Ruby,Mitchell,rmitchell5o@globo.com,Philippines,Female,Salogon,Youspan,7835.26,PHP
Beverly,Wheeler,bwheeler5p@zimbio.com,China,Female,Dana,Ooba,86821.32,CNY
Daniel,Johnson,djohnson5q@stumbleupon.com,Nigeria,Male,Ogwashi-Uku,Realcube,89127.77,NGN
Eugene,Wood,ewood5r@rakuten.co.jp,Russia,Male,Malakhovka,Zoombox,8728.25,RUB
Jimmy,Alvarez,jalvarez5s@hostgator.com,Brazil,Male,Coronel Vivida,Youtags,1448.51,BRL
Rachel,Brooks,rbrooks5t@ft.com,China,Female,Babao,DabZ,,CNY
Steven,King,sking5u@time.com,Indonesia,Male,Kokembang,Vimbo,2576.52,IDR
Linda,Wilson,lwilson5v@auda.org.au,Ukraine,Female,Staryy Saltiv,Kazio,47396.67,UAH
Joyce,Knight,jknight5w@nasa.gov,Saudi Arabia,Female,Najrān,Trilith,81095.76,SAR
Gregory,Richards,grichards5x@creativecommons.org,Brazil,Male,Padre Paraíso,Tavu,76227.86,BRL
Peter,Castillo,pcastillo5y@forbes.com,Martinique,Male,Fort-de-France,Riffpedia,78935.94,EUR
Sharon,Larson,slarson5z@dailymotion.com,Dominican Republic,Female,Dajabón,Jaloo,84809.63,DOP
Stephanie,Russell,srussell60@google.pl,Indonesia,Female,Bancar,Zazio,91162.45,IDR
Ronald,Ellis,rellis61@wikimedia.org,Greece,Male,Pentaplátano,Brightbean,66271.87,EUR
Mark,Perry,mperry62@adobe.com,Mexico,Male,San Agustin,Fliptune,24619.19,MXN
Phillip,Mendoza,pmendoza63@addtoany.com,Argentina,Male,General Lavalle,Dynabox,77478.53,ARS
Tina,Peters,tpeters64@disqus.com,Cameroon,Female,Foumban,Quimba,57328.30,XAF
Philip,Ferguson,pferguson65@cisco.com,Philippines,Male,Mananum,Camido,39858.79,PHP
Gerald,Chavez,gchavez66@bbc.co.uk,Japan,Male,Kasamatsuchō,Eazzy,73784.42,JPY
Brandon,Williams,bwilliams67@altervista.org,China,Male,Daying,Skyba,51962.30,CNY
Jack,Berry,jberry68@cdc.gov,Mexico,Male,Independencia,Twitterlist,49873.52,MXN
Anna,Hill,ahill69@tuttocitta.it,Philippines,Female,Gocoton,Buzzshare,38696.51,PHP
Rose,Simmons,rsimmons6a@alibaba.com,France,Female,Cognac,Snaptags,94529.59,EUR
Janice,Sims,jsims6b@last.fm,Poland,Female,Cieplice Śląskie Zdrój,Riffwire,1311.90,PLN
Roy,Stanley,rstanley6c@altervista.org,Afghanistan,Male,Jabal os Saraj,Photojam,36411.50,AFN
Jose,Bennett,jbennett6d@mashable.com,China,Male,Wuluo,Zava,62707.95,CNY
Sharon,Hansen,shansen6e@chronoengine.com,Poland,Female,Twardawa,Wikizz,57271.25,PLN
Martha,Perkins,mperkins6f@behance.net,United States,Female,Honolulu,Zoomdog,47421.14,USD
Tina,Coleman,tcoleman6g@home.pl,Jordan,Female,Kafr Sawm,Voonyx,33513.65,JOD
Diana,Thomas,dthomas6h@networksolutions.com,Iceland,Female,Sandgerði,Lazzy,57815.21,ISK
Mildred,Thompson,mthompson6i@wsj.com,Yemen,Female,Ar Rawḑah,Quatz,,YER
Michelle,Lee,mlee6j@alibaba.com,China,Female,Dongjiao,Edgeblab,39221.52,CNY
Victor,Stephens,vstephens6k@yolasite.com,Israel,Male,Yeroẖam,Twitterbeat,29080.33,ILS
Clarence,Watson,cwatson6l@i2i.jp,Hungary,Male,Kecskemét,Skippad,,HUF
Virginia,Greene,vgreene6m@reuters.com,Argentina,Female,San Roque,Flipopia,49158.49,ARS
Willie,Franklin,wfranklin6n@mashable.com,Brazil,Male,Itaboraí,Centimia,6217.07,BRL
Kenneth,Romero,kromero6o@de.vu,China,Male,Yongxing Chengguanzhen,Zoombeat,32263.78,CNY
Larry,Morrison,lmorrison6p@ebay.com,Indonesia,Male,Leramatang,Talane,76892.15,IDR
Teresa,Day,tday6q@cbsnews.com,Portugal,Female,Baganha,Twitterwire,49327.52,EUR
Sarah,Allen,sallen6r@goodreads.com,Brazil,Female,Barra Mansa,Snaptags,93042.87,BRL
Jacqueline,Morrison,jmorrison6s@usgs.gov,Thailand,Female,Pak Thong Chai,Trupe,35719.32,THB
Louis,Reyes,lreyes6t@hubpages.com,Poland,Male,Borowno,Dynabox,95345.98,PLN
Chris,Hicks,chicks6u@theatlantic.com,Russia,Male,Shar’ya,Lazzy,84160.77,RUB
Annie,Williams,awilliams6v@apache.org,Czech Republic,Female,Příbram,Quatz,36316.78,CZK
Ruth,Jacobs,rjacobs6w@ebay.com,Sweden,Female,Gävle,Babbleblab,67977.37,SEK
Chris,Richardson,crichardson6x@hhs.gov,Republic of the Congo,Male,Pointe-Noire,Fivechat,85462.45,XAF
Amy,Little,alittle6y@mtv.com,Estonia,Female,Tabivere,Eare,55287.29,EUR
Ruth,Warren,rwarren6z@mac.com,Nigeria,Female,Port Harcourt,Tanoodle,19547.52,NGN
Lisa,Mitchell,lmitchell70@opera.com,Poland,Female,Dobra,Ntags,56820.99,PLN
Brandon,Howell,bhowell71@unc.edu,China,Male,Baqiao,Rhybox,20511.44,CNY
Ernest,Boyd,eboyd72@yale.edu,Ukraine,Male,Energodar,Flipbug,22742.30,UAH
Karen,Young,kyoung73@typepad.com,Mali,Female,Youwarou,Flipstorm,29042.82,XOF
Phyllis,Bowman,pbowman74@bloglovin.com,Indonesia,Female,Situsari,Realpoint,53908.39,IDR
Katherine,Cole,kcole75@so-net.ne.jp,China,Female,Baizhu,Viva,,CNY
Mark,Day,mday76@github.io,Tanzania,Male,Geita,Realbridge,27072.72,TZS
Rachel,Fields,rfields77@stumbleupon.com,United States,Female,Albuquerque,Twitterwire,93502.77,USD
Christine,Phillips,cphillips78@opera.com,Peru,Female,Shamboyacu,Riffpath,73800.00,PEN
Keith,Lawson,klawson79@skype.com,Ethiopia,Male,Sebeta,Skalith,58499.50,ETB
Richard,Gray,rgray7a@eepurl.com,China,Male,Caijiazha,Gabcube,47017.53,CNY
Johnny,Hudson,jhudson7b@google.pl,China,Male,Jinpanling,Abatz,45282.87,CNY
Andrea,Smith,asmith7c@dot.gov,Brazil,Female,Pereira Barreto,Feednation,3809.83,BRL
Harold,Gutierrez,hgutierrez7d@vinaora.com,China,Male,Pingli,Brainlounge,95995.72,CNY
Wanda,Peterson,wpeterson7e@linkedin.com,Peru,Female,Cauday,Twiyo,40218.99,PEN
Stephen,Powell,spowell7f@jimdo.com,China,Male,Taihe,Flashset,89282.82,CNY
Thomas,Ward,tward7g@oakley.com,Malaysia,Male,Pekan,Buzzbean,,MYR
Michelle,Garcia,mgarcia7h@ustream.tv,China,Female,Zuitou,Realfire,22804.74,CNY
Amanda,Gilbert,agilbert7i@google.nl,Russia,Female,Klyuchi,Tambee,88977.23,RUB
Elizabeth,Banks,ebanks7j@latimes.com,Ukraine,Female,Makariv,Zazio,25426.42,UAH
Kimberly,Wheeler,kwheeler7k@domainmarket.com,China,Female,Shangkuli,Thoughtbridge,34519.99,CNY
Michelle,Graham,mgraham7l@illinois.edu,Thailand,Female,Bo Kluea,Ozu,65530.35,THB
Lawrence,Stone,lstone7m@phoca.cz,Benin,Male,Parakou,Eabox,75912.63,XOF
Eugene,Kelly,ekelly7n@acquirethisname.com,Philippines,Male,Besao,Yadel,38629.68,PHP
Mark,Rose,mrose7o@usnews.com,Russia,Male,Nakhabino,Mynte,60433.93,RUB
Keith,Gray,kgray7p@nydailynews.com,Uzbekistan,Male,Quva,Fliptune,80393.53,UZS
Elizabeth,Robertson,erobertson7q@macromedia.com,China,Female,Xuanhua,Brainbox,78186.04,CNY
Jason,Henry,jhenry7r@symantec.com,Brazil,Male,Boa Esperança,Photolist,1382.19,BRL
Harry,Diaz,hdiaz7s@cyberchimps.com,Indonesia,Male,Panayagan,Ntags,,IDR
Craig,Mendoza,cmendoza7t@ted.com,China,Male,Bayan Tuohai,Vinder,21993.24,CNY
Richard,Martin,rmartin7u@ask.com,Palestinian Territory,Male,‘Attīl,Jazzy,2590.91,ILS
Peter,Willis,pwillis7v@hugedomains.com,Portugal,Male,Santa Cruz da Graciosa,Twitterbridge,89288.63,EUR
Roger,Carpenter,rcarpenter7w@ezinearticles.com,Poland,Male,Racławice,Avamba,40826.45,PLN
Alice,Kim,akim7x@illinois.edu,Peru,Female,Quinjalca,Eimbee,96593.45,PEN
Frances,Allen,fallen7y@networksolutions.com,Indonesia,Female,Ngilengan,Babbleset,29451.18,IDR
Samuel,Pierce,spierce7z@mysql.com,Portugal,Male,Arcena Pequena,Feedmix,31754.74,EUR
Theresa,Gardner,tgardner80@mac.com,Iran,Female,Bābol,Browsezoom,40057.59,IRR
Carol,Harrison,charrison81@barnesandnoble.com,Russia,Female,Nizhniy Dzhengutay,Buzzdog,,RUB
Emily,Foster,efoster82@1688.com,Poland,Female,Rędziny,Bluejam,6232.78,PLN
Russell,Ramirez,rramirez83@homestead.com,Poland,Male,Wołomin,Voolith,4303.90,PLN
Carolyn,Schmidt,cschmidt84@scientificamerican.com,China,Female,Xiongji,Eadel,25131.29,CNY
Cheryl,Jordan,cjordan85@histats.com,Indonesia,Female,Klutuk,Buzzshare,75491.03,IDR
Shawn,Pierce,spierce86@slideshare.net,China,Male,Longkou,Eimbee,2002.26,CNY
Ashley,Hernandez,ahernandez87@linkedin.com,Argentina,Female,Jesús María,Rhycero,82391.66,ARS
Eugene,Burke,eburke88@addtoany.com,Portugal,Male,Rio de Moinhos,Abata,51151.34,EUR
Joshua,Green,jgreen89@cornell.edu,Poland,Male,Darłowo,Yata,10050.10,PLN
Christina,Warren,cwarren8a@tamu.edu,Russia,Female,Petrovsk,Topiclounge,16593.02,RUB
Judy,King,jking8b@pinterest.com,New Zealand,Female,Riverton,Gabspot,27620.60,NZD
Kathryn,Stewart,kstewart8c@wix.com,Niue,Female,Alofi,Riffpedia,22804.29,NZD
Gerald,Carr,gcarr8d@mac.com,Pakistan,Male,Hāfizābād,Dabfeed,39742.13,PKR
Paul,Hernandez,phernandez8e@odnoklassniki.ru,Madagascar,Male,Ambovombe,Skidoo,9343.18,MGA
Jean,Gutierrez,jgutierrez8f@soundcloud.com,Philippines,Female,Basak,Rhynyx,780.26,PHP
Brenda,Gray,bgray8g@blogspot.com,Indonesia,Female,Paobokol,Edgeify,59597.47,IDR
Annie,White,awhite8h@meetup.com,Colombia,Female,Sabaneta,Eimbee,95833.37,COP
Kathleen,Weaver,kweaver8i@guardian.co.uk,Philippines,Female,Liwan,Gigashots,47542.29,PHP
Carolyn,Kennedy,ckennedy8j@npr.org,Portugal,Female,Aldeia de Além,Blogpad,7509.20,EUR
Johnny,Marshall,jmarshall8k@ycombinator.com,China,Male,Zhongpai,Browsetype,96330.68,CNY
Robin,Stevens,rstevens8l@phpbb.com,Iran,Female,Khvānsār,Twitterworks,69062.20,IRR
Dennis,Daniels,ddaniels8m@xinhuanet.com,Brazil,Male,Uberaba,Centidel,,BRL
James,Lee,jlee8n@webnode.com,China,Male,Chonghe,Yakitri,99890.55,CNY
Alan,Cunningham,acunningham8o@quantcast.com,Yemen,Male,Al Matūn,Wikizz,,YER
Anne,Ryan,aryan8p@4shared.com,Indonesia,Female,Ciwaru,Edgewire,5373.92,IDR
William,Campbell,wcampbell8q@phpbb.com,France,Male,Paris 08,Geba,,EUR
Annie,Myers,amyers8r@weather.com,China,Female,Lushikeng,Oozz,66978.62,CNY
Sarah,Davis,sdavis8s@ask.com,China,Female,Jiujiang,Jaxnation,32985.28,CNY
Carolyn,Howell,chowell8t@hatena.ne.jp,Czech Republic,Female,Dalovice,Fivespan,68340.37,CZK
Jane,Holmes,jholmes8u@walmart.com,Indonesia,Female,Paledang,Kamba,41512.22,IDR
Maria,Hamilton,mhamilton8v@reverbnation.com,Philippines,Female,Prinza,Muxo,64099.62,PHP
Lori,Shaw,lshaw8w@wix.com,Chile,Female,Valdivia,Quatz,,CLP
Beverly,Carr,bcarr8x@linkedin.com,France,Female,Laxou,Browsezoom,98281.71,EUR
Christopher,Watson,cwatson8y@list-manage.com,Swaziland,Male,Darkton,Kazio,26782.72,SZL
Sarah,Duncan,sduncan8z@nasa.gov,Czech Republic,Female,Ostrožská Nová Ves,Browsedrive,59515.61,CZK
Frank,Fernandez,ffernandez90@craigslist.org,China,Male,Baohe,Thoughtsphere,18613.44,CNY
Melissa,Watson,mwatson91@guardian.co.uk,Croatia,Female,Karlobag,Wikido,97582.15,HRK
Amanda,Burke,aburke92@taobao.com,Reunion,Female,Saint-Paul,Quatz,25833.57,EUR
Adam,Nguyen,anguyen93@dot.gov,China,Male,Qingshandi,Buzzshare,12470.86,CNY
Ruby,Shaw,rshaw94@de.vu,Sudan,Female,Tandaltī,Trupe,12779.79,SDG
Philip,Lee,plee95@vinaora.com,China,Male,Cheqiao,Tagcat,75849.41,CNY
Shirley,Baker,sbaker96@aol.com,Ethiopia,Female,Jīma,Eayo,14367.14,ETB
Arthur,Reid,areid97@sourceforge.net,China,Male,Lukou,BlogXS,82654.73,CNY
Lawrence,Schmidt,lschmidt98@webmd.com,Argentina,Male,La Falda,Skyvu,785.75,ARS
Harold,Stone,hstone99@wikipedia.org,China,Male,Caiyuan,Jabbercube,22214.68,CNY
Nancy,Fox,nfox9a@dmoz.org,Honduras,Female,Cololaca,Mydo,5032.93,HNL
Janice,Scott,jscott9b@miitbeian.gov.cn,China,Female,Baisha,Zoonoodle,65286.92,CNY
Ruby,Medina,rmedina9c@google.es,Indonesia,Female,Tinabogan,LiveZ,31475.69,IDR
Mildred,Vasquez,mvasquez9d@sogou.com,Portugal,Female,Carcavelos,Snaptags,,EUR
Alan,Kennedy,akennedy9e@yahoo.com,Dominican Republic,Male,Gaspar Hernández,Dynabox,,DOP
Barbara,Harper,bharper9f@timesonline.co.uk,Portugal,Female,Vilarinho,Fatz,87630.77,EUR
Carol,Williams,cwilliams9g@163.com,Portugal,Female,Palmeiros,Edgeify,46828.89,EUR
Judy,Griffin,jgriffin9h@home.pl,Greece,Female,Palaiochóri,Rhynoodle,85772.66,EUR
Jesse,Hansen,jhansen9i@mac.com,Russia,Male,Kotlovka,Lazzy,51897.13,RUB
Virginia,Garcia,vgarcia9j@europa.eu,Portugal,Female,Casal da Anja,Avaveo,34368.79,EUR
Jeremy,Hughes,jhughes9k@japanpost.jp,France,Male,Roubaix,Divanoodle,83059.32,EUR
Paula,Larson,plarson9l@hp.com,Canada,Female,Sutton,Divanoodle,52452.35,CAD
Marie,Ryan,mryan9m@deviantart.com,United States,Female,Dulles,Yodel,37102.65,USD
Patrick,George,pgeorge9n@feedburner.com,Japan,Male,Kamirenjaku,Plambee,17687.27,JPY
Heather,Weaver,hweaver9o@jugem.jp,Uganda,Female,Ntoroko,Pixope,36016.49,UGX
Lisa,Peterson,lpeterson9p@themeforest.net,Indonesia,Female,Tasikmalaya,Mymm,44587.91,IDR
Christina,Olson,colson9q@mit.edu,Brazil,Female,Rio Negro,Jamia,,BRL
James,Wagner,jwagner9r@people.com.cn,Philippines,Male,Pan-an,Livetube,83275.94,PHP
Jose,Fernandez,jfernandez9s@php.net,Aland Islands,Male,Eckerö,Gigashots,84449.43,EUR
Chris,Reid,creid9t@ebay.co.uk,Russia,Male,Lechinkay,Meeveo,50363.14,RUB
Arthur,Lawson,alawson9u@squidoo.com,China,Male,Biancheng,Topicstorm,,CNY
Ernest,Washington,ewashington9v@vinaora.com,Portugal,Male,Vila Franca da Beira,Kamba,26758.94,EUR
Anne,Spencer,aspencer9w@state.gov,Panama,Female,Panamá,Dynazzy,62369.57,PAB
Roger,Gibson,rgibson9x@ox.ac.uk,Indonesia,Male,Darunban,Eimbee,,IDR
Cynthia,Morales,cmorales9y@businessinsider.com,Sweden,Female,Löddeköpinge,Geba,,SEK
Julie,Hamilton,jhamilton9z@merriam-webster.com,Brazil,Female,Francisco Morato,Trudeo,85591.76,BRL
Teresa,Hudson,thudsona0@digg.com,Haiti,Female,Torbeck,Meembee,43407.46,HTG
Pamela,Lopez,plopeza1@opera.com,Belarus,Female,Horad Krychaw,Topicblab,36041.66,BYR
Donald,Howard,dhowarda2@ocn.ne.jp,Mexico,Male,San Miguel,Tagchat,25594.09,MXN
Kelly,Ross,krossa3@hubpages.com,Egypt,Female,Al Quşayr,Youspan,34609.59,EGP
Louis,Ross,lrossa4@unesco.org,Poland,Male,Czchów,Bubbletube,36091.15,PLN
Benjamin,Hawkins,bhawkinsa5@state.gov,Indonesia,Male,Langkaplancar,Dabshots,84606.93,IDR
Clarence,Wheeler,cwheelera6@wikispaces.com,Indonesia,Male,Cikananga,Twimbo,44551.86,IDR
Janice,Hart,jharta7@dell.com,Bosnia and Herzegovina,Female,Čelinac,Pixoboo,45537.55,BAM
Ann,Myers,amyersa8@indiatimes.com,China,Female,Gaoqiao,Zoonder,57713.35,CNY
Jerry,Dixon,jdixona9@shinystat.com,Ukraine,Male,Chabany,Twinder,54451.66,UAH
Terry,Stephens,tstephensaa@cnet.com,Indonesia,Male,Nampera,Buzzshare,45071.88,IDR
Lori,Ferguson,lfergusonab@goodreads.com,Indonesia,Female,Carenang Lor,Gigaclub,,IDR
Helen,Freeman,hfreemanac@ebay.com,Sri Lanka,Female,Jaffna,Katz,91814.26,LKR
Paula,Snyder,psnyderad@scribd.com,Brazil,Female,Campo Formoso,Aivee,,BRL
Nicole,Fuller,nfullerae@mlb.com,Albania,Female,Lis,Trupe,24639.46,ALL
Benjamin,Rice,briceaf@addthis.com,China,Male,Yanglinqiao,Topiclounge,,CNY
Raymond,Hamilton,rhamiltonag@discovery.com,Albania,Male,Fier-Çifçi,Linkbuzz,12510.23,ALL
Edward,Elliott,eelliottah@house.gov,China,Male,Labrang,LiveZ,98626.16,CNY
Tina,Lawson,tlawsonai@si.edu,Iran,Female,Namīn,Dabshots,,IRR
Amy,Morrison,amorrisonaj@engadget.com,Peru,Female,Curpahuasi,Gabtune,62449.21,PEN
Judy,Taylor,jtaylorak@deliciousdays.com,Japan,Female,Chichibu,Jaxspan,55795.56,JPY
Teresa,Jackson,tjacksonal@geocities.jp,China,Female,Shiyuetian,Voomm,71316.37,CNY
Lisa,Thomas,lthomasam@comsenz.com,Democratic Republic of the Congo,Female,Bolobo,Plambee,92712.71,CDF
Howard,Myers,hmyersan@pcworld.com,Philippines,Male,Biga,Oyondu,12143.40,PHP
Benjamin,Hicks,bhicksao@economist.com,Iran,Male,Kabūdarāhang,Tagtune,,IRR
Randy,Hamilton,rhamiltonap@businessweek.com,Yemen,Male,Dār an Naşr,Digitube,23805.69,YER
Matthew,Long,mlongaq@odnoklassniki.ru,Bangladesh,Male,Pālang,Skippad,13404.41,BDT
Kathy,Rodriguez,krodriguezar@washingtonpost.com,Colombia,Female,Montería,Kwilith,89909.33,COP
Kathleen,Anderson,kandersonas@ovh.net,Brazil,Female,Natal,Nlounge,25748.88,BRL
Janice,Webb,jwebbat@gnu.org,Russia,Female,Kotlovka,Realcube,54295.55,RUB
Evelyn,Fernandez,efernandezau@umich.edu,Haiti,Female,Thomazeau,Skyvu,46577.43,HTG
Patricia,Arnold,parnoldav@ameblo.jp,Indonesia,Female,Tuwa,Quimm,16313.91,IDR
Adam,Garza,agarzaaw@cafepress.com,Indonesia,Male,Mautapaga Bawah,Layo,89855.95,IDR
Sean,Mcdonald,smcdonaldax@berkeley.edu,Poland,Male,Rogóźno,Aibox,,PLN
Russell,Johnson,rjohnsonay@opera.com,Indonesia,Male,Cidamar,Bubbletube,55144.48,IDR
Scott,Russell,srussellaz@multiply.com,United States,Male,Los Angeles,Cogilith,,USD
Joan,Grant,jgrantb0@hugedomains.com,Greece,Female,Pylaía,Thoughtmix,45482.82,EUR
Justin,Wagner,jwagnerb1@myspace.com,France,Male,Le Mans,Edgetag,79687.51,EUR
Debra,Lee,dleeb2@bbc.co.uk,Philippines,Female,New Sibonga,Tagchat,28440.41,PHP
Angela,Franklin,afranklinb3@ovh.net,Norway,Female,Porsgrunn,Rhybox,35197.49,NOK
Jason,Collins,jcollinsb4@pen.io,Indonesia,Male,Karara,Youfeed,80324.37,IDR
Jimmy,Wagner,jwagnerb5@google.de,Mexico,Male,Venustiano Carranza,Buzzshare,25117.85,MXN
Teresa,Shaw,tshawb6@jimdo.com,Nigeria,Female,Warri,Skinte,31328.17,NGN
Catherine,Gilbert,cgilbertb7@seesaa.net,Philippines,Female,Lumatil,Camimbo,,PHP
Steve,Hicks,shicksb8@freewebs.com,Mexico,Male,Rancho Nuevo,Skajo,66598.30,MXN
Norma,Holmes,nholmesb9@technorati.com,Mexico,Female,Benito Juarez,Centimia,27898.93,MXN
Christina,Bailey,cbaileyba@ocn.ne.jp,Hungary,Female,Zselickislak,Roomm,2142.36,HUF
Shirley,Richards,srichardsbb@mapquest.com,Chile,Female,Las Animas,Zoovu,33392.01,CLP
Michael,King,mkingbc@scribd.com,Czech Republic,Male,Brandýs nad Labem-Stará Boleslav,Brainsphere,61171.21,CZK
Antonio,Wagner,awagnerbd@prweb.com,United States,Male,Atlanta,Wikido,69415.41,USD
Billy,Gordon,bgordonbe@nature.com,Kazakhstan,Male,Būrabay,Dablist,20667.74,KZT
Phyllis,Gordon,pgordonbf@dailymotion.com,Thailand,Female,Wang Nam Yen,Youopia,73510.21,THB
Henry,Carpenter,hcarpenterbg@ifeng.com,Portugal,Male,Carvalhos,Twimbo,11923.95,EUR
Daniel,Johnston,djohnstonbh@meetup.com,Pakistan,Male,Baddomalhi,Dabfeed,18319.90,PKR
Sandra,Hughes,shughesbi@fc2.com,France,Female,Lunéville,InnoZ,45375.37,EUR
Juan,Barnes,jbarnesbj@google.co.uk,Brazil,Male,Pedra Branca,Avamba,49816.32,BRL
Doris,Lewis,dlewisbk@youtube.com,Ireland,Female,Leixlip,Topicblab,46865.52,EUR
Billy,Williamson,bwilliamsonbl@mediafire.com,Philippines,Male,Pangascasan,Yodel,18293.60,PHP
Todd,Andrews,tandrewsbm@house.gov,Honduras,Male,"Las Vegas, Santa Barbara",Browsetype,3907.84,HNL
Roy,Elliott,relliottbn@pcworld.com,Honduras,Male,San Nicolás,Flashpoint,45001.40,HNL
Denise,Snyder,dsnyderbo@nytimes.com,Russia,Female,Nadezhda,Flipopia,8952.87,RUB
Jimmy,Griffin,jgriffinbp@vimeo.com,China,Male,Jingzhou,Shuffledrive,,CNY
Andrea,Simmons,asimmonsbq@trellian.com,Panama,Female,Panamá,Aimbu,73569.15,PAB
Edward,Cook,ecookbr@hc360.com,Democratic Republic of the Congo,Male,Bongandanga,Shufflester,24726.60,CDF
Deborah,Garza,dgarzabs@wikispaces.com,Colombia,Female,Andalucía,Plambee,89531.88,COP
Steven,Morgan,smorganbt@desdev.cn,China,Male,Xinpu,Izio,8669.46,CNY
Virginia,Allen,vallenbu@sun.com,Philippines,Female,San Sebastian,Meezzy,22950.33,PHP
Heather,Butler,hbutlerbv@xrea.com,China,Female,Xinpu,Twiyo,60541.29,CNY
Janice,Moore,jmoorebw@miibeian.gov.cn,China,Female,Piaocao,Ainyx,58663.21,CNY
Paul,Walker,pwalkerbx@dagondesign.com,Peru,Male,Jeberos,Trudoo,,PEN
Kenneth,Hudson,khudsonby@blogtalkradio.com,New Zealand,Male,North Shore,Skivee,58442.59,NZD
Catherine,Cox,ccoxbz@mail.ru,Russia,Female,Staroshcherbinovskaya,Yodoo,79658.25,RUB
Ann,Reynolds,areynoldsc0@ebay.co.uk,Philippines,Female,Caridad,Realfire,45207.71,PHP
Lillian,Peterson,lpetersonc1@devhub.com,Japan,Female,Minami-rinkan,Photojam,99664.97,JPY
Tammy,Garza,tgarzac2@google.fr,Indonesia,Female,Kool Tengah,Linktype,90512.07,IDR
Catherine,Shaw,cshawc3@imgur.com,Indonesia,Female,Genyem,Yozio,66791.80,IDR
Bruce,Evans,bevansc4@miitbeian.gov.cn,Japan,Male,Nishio,Zoombeat,76968.31,JPY
Shawn,Rice,sricec5@mediafire.com,Venezuela,Male,La Asunción,Gigashots,41719.59,VEF
Earl,Lee,eleec6@issuu.com,China,Male,Dengfang,Brainsphere,88945.73,CNY
Cheryl,Austin,caustinc7@google.pl,New Zealand,Female,Moerewa,Gabspot,66801.16,NZD
Andrew,Mcdonald,amcdonaldc8@oracle.com,Peru,Male,El Parco District,Oyoloo,79762.06,PEN
Kathryn,Patterson,kpattersonc9@cnet.com,Russia,Female,Gastello,Wikizz,67379.21,RUB
Janet,Price,jpriceca@scientificamerican.com,China,Female,Daxin,Zoomlounge,55238.97,CNY
Justin,Barnes,jbarnescb@geocities.com,South Africa,Male,Potchefstroom,Thoughtblab,9125.44,ZAR
John,Williams,jwilliamscc@umich.edu,Ukraine,Male,Perehonivka,Tagfeed,81698.80,UAH
Edward,White,ewhitecd@4shared.com,China,Male,Huangsha,Jabbersphere,,CNY
Ernest,Howell,ehowellce@live.com,Russia,Male,Kamyshevatskaya,Jetpulse,65374.98,RUB
Gary,Turner,gturnercf@blogspot.com,Russia,Male,Sudogda,Vipe,4290.87,RUB
Cheryl,Reed,creedcg@phoca.cz,Canada,Female,Québec,Topicblab,12780.65,CAD
Patricia,Wright,pwrightch@woothemes.com,Indonesia,Female,Lubukalung,Rhynyx,3594.33,IDR
Lisa,Mills,lmillsci@ucla.edu,China,Female,Huangbei,Eamia,96683.68,CNY
Tina,Vasquez,tvasquezcj@i2i.jp,Indonesia,Female,Tapan,Pixonyx,26141.98,IDR
Donald,Hayes,dhayesck@cdbaby.com,South Korea,Male,Gwangju,Realcube,75126.04,KRW
Carolyn,Reyes,creyescl@taobao.com,Mongolia,Female,Tsagaan-Ovoo,Bluejam,81715.30,MNT
Teresa,Lewis,tlewiscm@discuz.net,Anguilla,Female,George Hill,Vinder,,XCD
Denise,Johnson,djohnsoncn@sakura.ne.jp,Philippines,Female,Pulo,Rhyzio,22496.84,PHP
Susan,Payne,spayneco@marriott.com,Philippines,Female,Boliney,Feedbug,94734.15,PHP
Ernest,Henderson,ehendersoncp@weather.com,China,Male,Jiuhua,Edgetag,78926.97,CNY
Theresa,Mccoy,tmccoycq@tripadvisor.com,Armenia,Female,Aygestan,Linkbridge,78951.38,AMD
Amy,Kim,akimcr@geocities.jp,China,Female,Quma,Snaptags,8305.82,CNY
Karen,Mccoy,kmccoycs@harvard.edu,Russia,Female,Roshchino,Fadeo,48460.29,RUB
Sara,Spencer,sspencerct@naver.com,China,Female,Mazongling,Cogilith,26617.72,CNY
Willie,Dean,wdeancu@washingtonpost.com,China,Male,Koramlik,Omba,27457.65,CNY
Jonathan,Walker,jwalkercv@pcworld.com,Indonesia,Male,Krian,Meezzy,46462.10,IDR
Jeffrey,Burns,jburnscw@sciencedirect.com,Croatia,Male,Trilj,Realcube,75736.74,HRK
Lois,Fields,lfieldscx@google.fr,Bulgaria,Female,Rila,Dynazzy,73617.83,BGN
Catherine,Cole,ccolecy@tiny.cc,Philippines,Female,Pinaring,Oyoloo,3265.76,PHP
Scott,Owens,sowenscz@cornell.edu,China,Male,Liuqu,Babblestorm,33328.07,CNY
Ashley,Burton,aburtond0@cloudflare.com,Mexico,Female,Hidalgo,Fanoodle,4803.05,MXN
Tammy,Rogers,trogersd1@wix.com,Philippines,Female,Bacuyangan,Twinder,17172.33,PHP
Justin,Spencer,jspencerd2@unicef.org,Philippines,Male,Mexico,Lajo,6987.79,PHP
Kevin,Reed,kreedd3@cam.ac.uk,Russia,Male,Ostrov,Demizz,74597.85,RUB
Patrick,King,pkingd4@bloglovin.com,Brazil,Male,Novo Cruzeiro,Meemm,,BRL
Annie,Riley,arileyd5@slashdot.org,South Africa,Female,Burgersdorp,Voomm,32677.94,ZAR
Patrick,Patterson,ppattersond6@woothemes.com,Indonesia,Male,Gayabaru,Gabtype,,IDR
Billy,Gardner,bgardnerd7@about.me,Thailand,Male,Ban Fang,Kwideo,18598.21,THB
Christine,Berry,cberryd8@live.com,Guatemala,Female,Pajapita,Skipstorm,,GTQ
George,Peters,gpetersd9@livejournal.com,China,Male,Xidianzi,Yadel,32509.87,CNY
Annie,Long,alongda@opensource.org,Russia,Female,Lesnikovo,Geba,5815.44,RUB
Earl,Crawford,ecrawforddb@spiegel.de,Philippines,Male,San Bernardo,Kwimbee,60946.20,PHP
Justin,Perry,jperrydc@who.int,France,Male,Sens,Kwilith,82045.84,EUR
Evelyn,Lee,eleedd@sciencedaily.com,Indonesia,Female,Telengsari,Linktype,65587.37,IDR
Billy,Lee,bleede@drupal.org,Russia,Male,Donetsk,Wordware,48412.27,RUB
Kathy,Grant,kgrantdf@berkeley.edu,Canada,Female,Lévis,Geba,61158.03,CAD
Michael,Torres,mtorresdg@list-manage.com,Brazil,Male,Barra dos Coqueiros,Oyoyo,79587.13,BRL
Pamela,Hicks,phicksdh@prnewswire.com,Thailand,Female,Bang Pakong,Yotz,12024.43,THB
Frances,Warren,fwarrendi@ameblo.jp,Indonesia,Female,Karangwaru,Shuffledrive,90326.82,IDR
Thomas,Willis,twillisdj@slideshare.net,Philippines,Male,Bagahanlad,Riffpedia,13987.67,PHP
Michael,Ramos,mramosdk@microsoft.com,Colombia,Male,Puerto Colombia,Wikizz,98634.34,COP
Bonnie,Stewart,bstewartdl@bloglines.com,Greece,Female,Korydallós,Skyndu,52121.04,EUR
Russell,Jenkins,rjenkinsdm@php.net,Russia,Male,Urukh,Skipfire,49759.18,RUB
Ann,Butler,abutlerdn@newsvine.com,Indonesia,Female,Andongrejo,Thoughtmix,12168.23,IDR
Edward,White,ewhitedo@independent.co.uk,Sweden,Male,Stockholm,Eimbee,88266.35,SEK
Sean,Carter,scarterdp@so-net.ne.jp,China,Male,Cicheng,Dazzlesphere,24994.34,CNY
Justin,Graham,jgrahamdq@technorati.com,Portugal,Male,Arcos de Valdevez,Jabbertype,56427.16,EUR
Andrew,Graham,agrahamdr@linkedin.com,Canada,Male,Sherwood Park,Quinu,10451.96,CAD
Joe,Garcia,jgarciads@livejournal.com,Sweden,Male,Stockholm,Rhycero,60261.75,SEK
Philip,Reid,preiddt@google.co.jp,Sweden,Male,Solna,Cogidoo,65665.61,SEK
William,Edwards,wedwardsdu@fda.gov,Laos,Male,Savannakhét,Viva,62939.21,LAK
Amanda,Nelson,anelsondv@netvibes.com,United States,Female,Rochester,Skalith,,USD
Christina,Hunter,chunterdw@gnu.org,Austria,Female,Salzburg,Meezzy,72478.93,EUR
Chris,Price,cpricedx@addthis.com,China,Male,Fengjiang,Blognation,72130.55,CNY
Annie,Hawkins,ahawkinsdy@admin.ch,Russia,Female,Svetlyy,Rhyloo,,RUB
Dorothy,Oliver,doliverdz@rambler.ru,North Korea,Female,Anju,Gabtune,59540.73,KPW
Cheryl,Reid,creide0@google.com.br,Chile,Female,Lampa,Jabberstorm,39194.58,CLP
Shirley,Daniels,sdanielse1@nydailynews.com,Myanmar,Female,Paungde,Feedfire,70713.97,MMK
Louis,Henderson,lhendersone2@4shared.com,Russia,Male,Mel’nikovo,Wikizz,59759.59,RUB
Jeffrey,Crawford,jcrawforde3@cnn.com,Serbia,Male,Turija,Jayo,2097.22,RSD
John,Payne,jpaynee4@nsw.gov.au,El Salvador,Male,Antiguo Cuscatlán,Cogidoo,9626.67,USD
Richard,Sims,rsimse5@tiny.cc,Portugal,Male,Calvão,Browsecat,74405.91,EUR
Shirley,Ryan,sryane6@facebook.com,Ukraine,Female,Kompaniyivka,Leexo,21806.21,UAH
Ashley,Burke,aburkee7@comcast.net,Portugal,Female,Porto Salvo,Yotz,89752.20,EUR
Sarah,Rivera,sriverae8@ezinearticles.com,Armenia,Female,Gandzak,Devify,6504.78,AMD
Joshua,Clark,jclarke9@moonfruit.com,China,Male,Zhangyelu,Topicware,33967.22,CNY
Ryan,Morrison,rmorrisonea@tumblr.com,China,Male,Baiguan,Jabberstorm,24433.19,CNY
Lori,Long,llongeb@about.com,United States,Female,Nashville,Katz,77761.32,USD
Joseph,Cooper,jcooperec@ocn.ne.jp,Morocco,Male,Telouet,Devpoint,,MAD
Michelle,Harper,mharpered@canalblog.com,Indonesia,Female,Bojonghaur,Gigashots,59247.92,IDR
Joe,Hamilton,jhamiltonee@earthlink.net,Croatia,Male,Runović,Jetpulse,58590.41,HRK
Philip,Smith,psmithef@flavors.me,Sri Lanka,Male,Horana South,Trunyx,58524.20,LKR
Betty,Warren,bwarreneg@chicagotribune.com,Indonesia,Female,Cinagrog Girang,Einti,91933.91,IDR
Jimmy,Henry,jhenryeh@com.com,Poland,Male,Niechanowo,Thoughtworks,58359.48,PLN
Thomas,Henderson,thendersonei@shinystat.com,Peru,Male,Urcos,Wordware,82180.37,PEN
Brenda,Stevens,bstevensej@linkedin.com,Indonesia,Female,Haridimun,Jabberstorm,25443.10,IDR
Joan,Walker,jwalkerek@kickstarter.com,Sweden,Female,Skelleftehamn,Skyba,89085.04,SEK
Jennifer,Oliver,joliverel@prweb.com,Philippines,Female,Suklayin,Jaloo,45937.55,PHP
Todd,Little,tlittleem@dailymail.co.uk,Mexico,Male,San Francisco,Snaptags,23773.58,MXN
Shirley,Stephens,sstephensen@sourceforge.net,Colombia,Female,Santa Rosa de Cabal,Vipe,50085.11,COP
Sara,Gonzales,sgonzaleseo@blinklist.com,China,Female,Jiudian,JumpXS,84188.91,CNY
Jeffrey,Johnston,jjohnstonep@webeden.co.uk,Vietnam,Male,Chợ Gạo,Zoomlounge,42853.37,VND
Gloria,Foster,gfostereq@unicef.org,Russia,Female,Nachalovo,Yakijo,81725.41,RUB
Barbara,Burton,bburtoner@bloomberg.com,China,Female,Ningxin,Brightbean,,CNY
Eugene,Collins,ecollinses@hubpages.com,Portugal,Male,Porto Formoso,Brainverse,50341.63,EUR
Craig,Marshall,cmarshallet@blogspot.com,Japan,Male,Setaka,Meejo,56721.48,JPY
Debra,Robinson,drobinsoneu@1688.com,China,Female,Yiqi,Eabox,15828.24,CNY
Jonathan,Hanson,jhansonev@hexun.com,Kazakhstan,Male,Būlaevo,Photojam,86468.72,KZT
Melissa,Burton,mburtonew@smh.com.au,Egypt,Female,Minyat an Naşr,Innojam,,EGP
Timothy,Bell,tbellex@prlog.org,Luxembourg,Male,Reckange-sur-Mess,Skipfire,,EUR
Patrick,Kennedy,pkennedyey@biglobe.ne.jp,Philippines,Male,Guinabsan,Aimbu,16916.45,PHP
Nicholas,Arnold,narnoldez@bloomberg.com,Indonesia,Male,Karangwungu Lor,Quimba,63462.46,IDR
Daniel,Hayes,dhayesf0@jugem.jp,Russia,Male,Ilanskiy,Wikibox,93091.12,RUB
Jesse,Carpenter,jcarpenterf1@geocities.com,Sweden,Male,Stockholm,Vimbo,10413.39,SEK
Jacqueline,Turner,jturnerf2@nytimes.com,Republic of the Congo,Female,Kinkala,Fanoodle,23569.27,XAF
John,Baker,jbakerf3@businessinsider.com,Argentina,Male,Alejandro Roca,Brightbean,62112.56,ARS
Anne,Roberts,arobertsf4@statcounter.com,Russia,Female,Teykovo,Skilith,40479.95,RUB
Ryan,Rivera,rriveraf5@phoca.cz,China,Male,Guangang,Feedfish,47780.50,CNY
Antonio,Ramos,aramosf6@instagram.com,Mexico,Male,Benito Juarez,Geba,39245.94,MXN
Scott,Young,syoungf7@twitpic.com,Brazil,Male,Morro do Chapéu,Fivechat,48971.52,BRL
Ronald,Marshall,rmarshallf8@bloglovin.com,Indonesia,Male,Nangewer,Kare,80713.87,IDR
Eric,Flores,efloresf9@macromedia.com,Czech Republic,Male,Krmelín,Youspan,58663.83,CZK
Eric,Rogers,erogersfa@photobucket.com,Russia,Male,Urkarakh,Flashpoint,25556.24,RUB
Lawrence,Turner,lturnerfb@tumblr.com,China,Male,Liangli,Lazz,,CNY
Carlos,Hunt,chuntfc@google.fr,Iran,Male,Fāryāb,Gigashots,4509.96,IRR
Jose,Ford,jfordfd@over-blog.com,Colombia,Male,Mutatá,Centimia,,COP
Sean,Bryant,sbryantfe@wikispaces.com,China,Male,Wuqishan,Abata,53944.59,CNY
Jason,Hudson,jhudsonff@ucla.edu,China,Male,Baitu,Cogilith,2263.93,CNY
Dennis,Russell,drussellfg@state.gov,Portugal,Male,Cortinhas,Eimbee,37623.58,EUR
Phyllis,Carroll,pcarrollfh@slashdot.org,Poland,Female,Babice,Topicblab,38746.25,PLN
Philip,Collins,pcollinsfi@apple.com,Peru,Male,Jivia,Vimbo,53178.33,PEN
Kevin,Richards,krichardsfj@facebook.com,China,Male,Haihui,Yakijo,11561.43,CNY
Mildred,Reyes,mreyesfk@umn.edu,Brazil,Female,Uberaba,Zoomcast,17706.46,BRL
Donald,Ward,dwardfl@seesaa.net,Bulgaria,Male,Radomir,Meevee,74179.19,BGN
Aaron,Bishop,abishopfm@sbwire.com,United States,Male,Stockton,Zoombox,,USD
Walter,Ferguson,wfergusonfn@google.co.uk,Honduras,Male,San Jerónimo,Zoomdog,85869.40,HNL
Louis,Hunter,lhunterfo@thetimes.co.uk,United States,Male,Peoria,Wordtune,1161.32,USD
Melissa,Gutierrez,mgutierrezfp@g.co,Iran,Female,Māmūnīyeh,Thoughtstorm,10676.64,IRR
Brian,Warren,bwarrenfq@java.com,Ukraine,Male,Balakliya,Trilia,,UAH
Russell,Black,rblackfr@thetimes.co.uk,South Korea,Male,Uijeongbu-si,Brainverse,13180.19,KRW
Martin,Ford,mfordfs@indiegogo.com,Portugal,Male,Casais de Vera Cruz,Chatterbridge,10040.75,EUR
Craig,Wright,cwrightft@myspace.com,Angola,Male,Mbanza Congo,Jabbersphere,43023.36,AOA
Carol,Cook,ccookfu@wufoo.com,Russia,Female,Manas,Zoombox,66834.41,RUB
Jessica,Allen,jallenfv@bluehost.com,Poland,Female,Zakliczyn,Skyvu,72037.04,PLN
Paul,Carroll,pcarrollfw@hao123.com,Kuwait,Male,Az Zawr,Youfeed,43458.61,KWD
Joe,Medina,jmedinafx@unc.edu,Nigeria,Male,Soba,Zoomdog,36359.57,NGN
Maria,Warren,mwarrenfy@blog.com,Poland,Female,Rajsko,Izio,40994.81,PLN
Adam,Crawford,acrawfordfz@pcworld.com,Benin,Male,Natitingou,Photofeed,98533.11,XOF
Lois,Gibson,lgibsong0@japanpost.jp,Nigeria,Female,Eha Amufu,Edgewire,84684.28,NGN
Joshua,Harper,jharperg1@cdbaby.com,Argentina,Male,Guernica,Youspan,76130.87,ARS
Jennifer,Porter,jporterg2@myspace.com,Macedonia,Female,Марино,Divavu,87498.52,MKD
Louis,Graham,lgrahamg3@istockphoto.com,Japan,Male,Koshigaya,Fivechat,35470.92,JPY
Margaret,George,mgeorgeg4@scribd.com,Honduras,Female,Talanga,Quire,73655.43,HNL
Lisa,Castillo,lcastillog5@exblog.jp,Vietnam,Female,Thị Trấn Tân Yên,Livetube,50523.35,VND
Eugene,Medina,emedinag6@newsvine.com,United States,Male,New York City,Abata,,USD
Dennis,Burke,dburkeg7@nps.gov,Gambia,Male,Sutukung,Fivespan,23072.52,GMD
Jerry,Ryan,jryang8@dailymail.co.uk,Brazil,Male,Marco,Talane,37175.01,BRL
Kimberly,Adams,kadamsg9@sbwire.com,Sri Lanka,Female,Battaramulla South,Aibox,15537.35,LKR
Carol,Gray,cgrayga@omniture.com,South Africa,Female,Tembisa,Quatz,94248.17,ZAR
Douglas,Sullivan,dsullivangb@elpais.com,Portugal,Male,Laveiras,Jabberbean,58193.31,EUR
Heather,Hill,hhillgc@123-reg.co.uk,Indonesia,Female,Sumberejo,Innotype,5824.87,IDR
Lillian,Sullivan,lsullivangd@loc.gov,Bosnia and Herzegovina,Female,Pale,Topdrive,24.53,BAM
Diana,Cooper,dcooperge@irs.gov,Brazil,Female,Cafarnaum,Photobean,56798.17,BRL
Donald,Hudson,dhudsongf@reuters.com,China,Male,Codoi,Twimm,13686.33,CNY
Stephen,Davis,sdavisgg@usa.gov,France,Male,Villeurbanne,Voonder,68023.49,EUR
Dennis,Harris,dharrisgh@nasa.gov,Syria,Male,Sahnaiya,Mymm,,SYP
Andrew,Lewis,alewisgi@sfgate.com,Greece,Male,Mesopotamía,Feednation,,EUR
Sarah,Ford,sfordgj@mapquest.com,Chad,Female,Laï,Ooba,19198.39,XAF
Ryan,Kim,rkimgk@berkeley.edu,China,Male,Xinzhuang,Divanoodle,67708.06,CNY
Kathleen,White,kwhitegl@epa.gov,Portugal,Female,Póvoa do Valado,Skyba,22952.62,EUR
Michael,Parker,mparkergm@networkadvertising.org,China,Male,Chang’an,InnoZ,,CNY
Keith,Perry,kperrygn@scientificamerican.com,Portugal,Male,Praia de Mira,Zooxo,34556.29,EUR
Phyllis,Diaz,pdiazgo@tumblr.com,Ukraine,Female,Shchastya,Tagcat,9509.22,UAH
Thomas,Mccoy,tmccoygp@nydailynews.com,China,Male,Wu’an,Meejo,92637.50,CNY
Patrick,Kelley,pkelleygq@reference.com,China,Male,Hongshan,Avavee,49546.90,CNY
Edward,Reynolds,ereynoldsgr@digg.com,Tunisia,Male,La Mohammedia,Mynte,70580.44,TND
David,Hunt,dhuntgs@theguardian.com,Russia,Male,Voskresenskoye,Oozz,73523.34,RUB
Fred,Fields,ffieldsgt@ebay.com,Philippines,Male,Quilo-quilo,Blogtag,7765.38,PHP
Jeffrey,Howard,jhowardgu@gizmodo.com,Poland,Male,Cielądz,Fatz,31343.11,PLN
Amy,Fernandez,afernandezgv@feedburner.com,Japan,Female,Tomobe,Jaxworks,29570.81,JPY
Kathy,Gutierrez,kgutierrezgw@bluehost.com,Thailand,Female,Ratchasan,Flipstorm,,THB
Ronald,Sullivan,rsullivangx@bbc.co.uk,United Arab Emirates,Male,Abu Dhabi,Npath,21032.25,AED
Ruth,Stephens,rstephensgy@forbes.com,China,Female,Longquan,Skipstorm,3196.97,CNY
Eugene,Mccoy,emccoygz@devhub.com,Russia,Male,Maloarkhangel’sk,Oyope,26282.84,RUB
Randy,Bryant,rbryanth0@multiply.com,Georgia,Male,Marneuli,Gabtype,16777.37,GEL
Eugene,Moreno,emorenoh1@flavors.me,Brazil,Male,Limoeiro de Anadia,Mynte,14086.25,BRL
Bonnie,Wallace,bwallaceh2@joomla.org,Philippines,Female,San Roque,Kwilith,44915.12,PHP
Christopher,Hall,challh3@cloudflare.com,Netherlands,Male,Middelburg,Browsebug,17185.52,EUR
Adam,Meyer,ameyerh4@ft.com,Argentina,Male,Las Parejas,Fivechat,34770.62,ARS
Lori,Sanchez,lsanchezh5@foxnews.com,Serbia,Female,Majur,Yodo,,RSD
Harry,West,hwesth6@alexa.com,China,Male,Tuanlin,Rhybox,29737.26,CNY
Jeremy,George,jgeorgeh7@oakley.com,Russia,Male,Sosnovo-Ozerskoye,Jayo,25677.39,RUB
Theresa,Crawford,tcrawfordh8@samsung.com,Peru,Female,Pampas,Vimbo,93913.01,PEN
Antonio,Hansen,ahansenh9@comcast.net,Indonesia,Male,Cilentung,Miboo,15102.86,IDR
Irene,Wells,iwellsha@360.cn,France,Female,Vannes,Fadeo,61295.01,EUR
Cynthia,Diaz,cdiazhb@time.com,Albania,Female,Finiq,Meembee,91645.28,ALL
Louise,Harrison,lharrisonhc@blogspot.com,France,Female,Toulouse,Muxo,,EUR
Lori,Robertson,lrobertsonhd@salon.com,Italy,Female,Pescara,Photolist,,EUR
Emily,Watson,ewatsonhe@myspace.com,Indonesia,Female,Puncaktugu,Skaboo,40100.53,IDR
Tina,Gomez,tgomezhf@cam.ac.uk,Canada,Female,Espanola,Voolia,,CAD
Sharon,Welch,swelchhg@dailymotion.com,Japan,Female,Nobeoka,Podcat,89090.62,JPY
Alan,Cole,acolehh@google.de,China,Male,Fuzhou,Zava,29586.57,CNY
Shirley,James,sjameshi@go.com,Nigeria,Female,Moriki,Eamia,16096.69,NGN
Kathryn,Perry,kperryhj@imdb.com,Philippines,Female,San Mariano,Buzzster,54144.89,PHP
Martha,Shaw,mshawhk@de.vu,Russia,Female,Pristen’,Dabshots,,RUB
Carlos,Black,cblackhl@dagondesign.com,China,Male,Hengjiang,Meeveo,52604.68,CNY
Denise,Bennett,dbennetthm@alibaba.com,Russia,Female,Itum-Kali,Jaxspan,49305.30,RUB
Ashley,Frazier,afrazierhn@list-manage.com,Indonesia,Female,Kudang,Viva,35601.70,IDR
Dorothy,Reynolds,dreynoldsho@arizona.edu,China,Female,Huangyuan Chengguanzhen,Blogspan,29230.82,CNY
Frances,Payne,fpaynehp@who.int,Netherlands,Female,Almere Haven,Devpoint,95673.09,EUR
Kathleen,Clark,kclarkhq@samsung.com,Indonesia,Female,Segong,Browsetype,34780.00,IDR
Todd,Stanley,tstanleyhr@bigcartel.com,Brazil,Male,Belém,Meejo,92660.31,BRL
Peter,Stanley,pstanleyhs@gnu.org,Philippines,Male,Santo Tomas,Snaptags,,PHP
Shawn,Matthews,smatthewsht@unesco.org,Madagascar,Male,Antsirabe,Voomm,22905.04,MGA
Paul,Burke,pburkehu@sciencedirect.com,Indonesia,Male,Cipinang,Divape,52481.43,IDR
Christina,Andrews,candrewshv@abc.net.au,Brazil,Female,Ituiutaba,Ailane,66560.98,BRL
George,George,ggeorgehw@admin.ch,Haiti,Male,Port-de-Paix,Zoombox,93757.50,HTG
Ruth,Jackson,rjacksonhx@bandcamp.com,China,Female,Shuangshan,Livetube,1492.83,CNY
Dorothy,Moore,dmoorehy@geocities.com,Malaysia,Female,Kuala Lumpur,Meevee,52274.26,MYR
John,Garcia,jgarciahz@pen.io,Malaysia,Male,Melaka,Quinu,58317.06,MYR
Howard,Stevens,hstevensi0@ustream.tv,Russia,Male,Kharlu,Photobug,66547.42,RUB
Kathryn,Burke,kburkei1@mozilla.com,Portugal,Female,Alcanhões,Innotype,93180.30,EUR
Ruth,Ramirez,rramirezi2@privacy.gov.au,Brazil,Female,Manhumirim,InnoZ,,BRL
Todd,Hunter,thunteri3@fema.gov,China,Male,Shuangxi,Skipstorm,,CNY
Paul,Hansen,phanseni4@google.it,United States,Male,Kansas City,Photolist,46789.81,USD
Andrew,Richards,arichardsi5@yolasite.com,Brazil,Male,Camaquã,Aibox,81984.13,BRL
Linda,Hawkins,lhawkinsi6@odnoklassniki.ru,Philippines,Female,Pangantocan,Thoughtbeat,,PHP
George,Flores,gfloresi7@nyu.edu,Slovenia,Male,Polzela,Thoughtworks,,EUR
Jose,Hayes,jhayesi8@opensource.org,China,Male,Zhuozishan,Brainverse,,CNY
Jeremy,Barnes,jbarnesi9@fda.gov,Zambia,Male,Mpongwe,Skibox,,ZMW
Helen,Mitchell,hmitchellia@chronoengine.com,Albania,Female,Ersekë,Riffpath,6400.79,ALL
Gloria,Gilbert,ggilbertib@baidu.com,Italy,Female,Mestre,Ailane,32332.65,EUR
Kelly,Jackson,kjacksonic@digg.com,Philippines,Female,Dawa-Dawa,Rhyloo,36982.68,PHP
Deborah,Hall,dhallid@bizjournals.com,China,Female,Baizhang,Eadel,86403.76,CNY
Juan,Williams,jwilliamsie@ucoz.ru,Sweden,Male,Klippan,Topicware,23876.27,SEK
Cheryl,Simpson,csimpsonif@craigslist.org,Bangladesh,Female,Mathba,Zazio,63557.80,BDT
Robert,Franklin,rfranklinig@bluehost.com,China,Male,Xianlong,Browsebug,12839.04,CNY
Chris,Cox,ccoxih@eepurl.com,Indonesia,Male,Gempol,Dablist,13954.23,IDR
Shirley,Cole,scoleii@exblog.jp,China,Female,Yeping,Topiclounge,81703.23,CNY
Scott,Owens,sowensij@altervista.org,Brazil,Male,Mairinque,Twitterbeat,42133.19,BRL
Donna,Elliott,delliottik@storify.com,Uganda,Female,Kotido,Mymm,57606.96,UGX
Robert,Jacobs,rjacobsil@senate.gov,Denmark,Male,Frederiksberg,Eamia,9874.74,DKK
Andrew,Peterson,apetersonim@cnet.com,Israel,Male,Naḥf,Kamba,89913.87,ILS
Frances,Williamson,fwilliamsonin@noaa.gov,Peru,Female,Molinos,Eire,71097.83,PEN
Kathryn,Ramos,kramosio@home.pl,Portugal,Female,Santo André,DabZ,42770.14,EUR
Stephen,Davis,sdavisip@discuz.net,China,Male,Zaoxi,Abatz,77672.89,CNY
Joseph,Payne,jpayneiq@google.fr,Peru,Male,Nueva Cajamarca,Centidel,31194.58,PEN
James,Scott,jscottir@sciencedirect.com,Philippines,Male,Tumcon Ilawod,Babbleblab,42074.19,PHP
Samuel,Kelley,skelleyis@disqus.com,China,Male,Huangjiazhai,Yodoo,69627.75,CNY
Peter,Hughes,phughesit@netscape.com,Portugal,Male,Companhia de Baixo,Aivee,13794.93,EUR
Janet,Morgan,jmorganiu@zimbio.com,China,Female,Sucun,Shufflebeat,77157.00,CNY
Harold,Murray,hmurrayiv@house.gov,Indonesia,Male,Raci Kulon,Meedoo,,IDR
Steven,Castillo,scastilloiw@msn.com,China,Male,Zhanghua,Babbleblab,27896.57,CNY
Jeffrey,Simmons,jsimmonsix@wikia.com,Poland,Male,Gilowice,Cogibox,6798.41,PLN
Ralph,Gray,rgrayiy@facebook.com,Kyrgyzstan,Male,Bazar-Korgon,Leexo,57066.64,KGS
Jack,Larson,jlarsoniz@bloglovin.com,Russia,Male,Ozëry,Thoughtbeat,52653.63,RUB
Albert,Ortiz,aortizj0@illinois.edu,Sierra Leone,Male,Bumbuna,Gabvine,31663.21,SLL
Judy,Henderson,jhendersonj1@webnode.com,Russia,Female,Staryy Oskol,Eare,14224.24,RUB
Harold,Knight,hknightj2@ifeng.com,China,Male,Puyang,Gabvine,40264.41,CNY
Linda,Johnston,ljohnstonj3@simplemachines.org,Ecuador,Female,Boca Suno,Rooxo,56540.90,USD
Heather,Reed,hreedj4@360.cn,China,Female,Huozhuangzi,Jatri,26250.69,CNY
Daniel,Burke,dburkej5@prlog.org,Canada,Male,Daveluyville,Cogidoo,82395.16,CAD
Melissa,Stephens,mstephensj6@europa.eu,United States,Female,Salinas,Pixonyx,951.99,USD
Ryan,Stanley,rstanleyj7@sphinn.com,China,Male,Xilu,Vipe,94943.69,CNY
Jason,Reynolds,jreynoldsj8@ask.com,Peru,Male,Buenos Aires,Quatz,3653.61,PEN
Kathy,Rogers,krogersj9@geocities.jp,Portugal,Female,Armamar,Topicware,,EUR
Susan,Fuller,sfullerja@imageshack.us,China,Female,Guixi,Meembee,2592.10,CNY
Jimmy,James,jjamesjb@npr.org,Poland,Male,Stara Błotnica,Buzzdog,,PLN
Adam,Jones,ajonesjc@is.gd,Ethiopia,Male,Huruta,Wordware,,ETB
Jose,Wilson,jwilsonjd@fda.gov,New Zealand,Male,Richmond,Photospace,99732.69,NZD
George,Dixon,gdixonje@craigslist.org,Indonesia,Male,Bunga Mas,Oyonder,51779.12,IDR
Carolyn,Fuller,cfullerjf@samsung.com,Brazil,Female,Pilar do Sul,Trudeo,6300.89,BRL
Janice,Hansen,jhansenjg@cmu.edu,Indonesia,Female,Lebak,Devcast,16256.43,IDR
Susan,Sanders,ssandersjh@ifeng.com,France,Female,Paris 15,Browsebug,3435.75,EUR
Angela,Knight,aknightji@google.co.uk,Indonesia,Female,Ebak,Demimbu,44374.59,IDR
Todd,Willis,twillisjj@feedburner.com,China,Male,Maxu,Avamm,20260.41,CNY
Lisa,Meyer,lmeyerjk@google.ca,Poland,Female,Jonkowo,Browsebug,34909.91,PLN
Edward,Harper,eharperjl@va.gov,France,Male,Rennes,Dablist,39900.87,EUR
Christopher,Rivera,criverajm@unicef.org,Vietnam,Male,Ma Đa Gui,Jazzy,76934.93,VND
Anthony,Bowman,abowmanjn@ted.com,France,Male,Toulouse,Dabjam,60190.50,EUR
Jimmy,Nguyen,jnguyenjo@businessweek.com,Czech Republic,Male,Vacov,Jabberstorm,87152.20,CZK
Judith,Knight,jknightjp@sina.com.cn,Bolivia,Female,Portachuelo,Omba,59104.39,BOB
Christine,Lynch,clynchjq@buzzfeed.com,Chad,Female,Aozou,Voonder,13775.77,XAF
Anna,Rogers,arogersjr@rediff.com,Brazil,Female,Cruzeiro do Sul,Abatz,36302.15,BRL
Arthur,Campbell,acampbelljs@bing.com,Brazil,Male,Igarapé Açu,Dabjam,15222.31,BRL
Ruby,Wallace,rwallacejt@4shared.com,Portugal,Female,Amor,Skipfire,88509.59,EUR
Joshua,Romero,jromeroju@who.int,Colombia,Male,Zarzal,Photobug,54030.25,COP
Martha,Nelson,mnelsonjv@biglobe.ne.jp,Morocco,Female,Taouloukoult,Thoughtstorm,68389.14,MAD
Johnny,Bryant,jbryantjw@ocn.ne.jp,Philippines,Male,Concepcion,Skinte,68943.81,PHP
Gerald,Cunningham,gcunninghamjx@slashdot.org,Norway,Male,Oslo,Yombu,64566.00,NOK
Helen,Kelly,hkellyjy@scientificamerican.com,France,Female,Nantes,Centimia,,EUR
Lillian,Palmer,lpalmerjz@nytimes.com,Syria,Female,Duwayr Raslān,Twinte,83441.18,SYP
Shirley,Black,sblackk0@dedecms.com,Thailand,Female,Kap Choeng,Vidoo,72847.84,THB
Wanda,Matthews,wmatthewsk1@homestead.com,Brazil,Female,Bragança Paulista,Demivee,87941.83,BRL
Jason,Bell,jbellk2@ebay.co.uk,Russia,Male,Voznesenskoye,Voonte,92988.02,RUB
Aaron,Garza,agarzak3@t-online.de,Brazil,Male,Água Preta,Tagchat,57214.41,BRL
Sean,Matthews,smatthewsk4@typepad.com,Canada,Male,Oakville,Yotz,78604.00,CAD
Sean,Andrews,sandrewsk5@skype.com,Iran,Male,Sari,Meeveo,13488.23,IRR
Kathryn,Taylor,ktaylork6@army.mil,El Salvador,Female,Victoria,Skipstorm,90310.31,USD
Nicholas,Dixon,ndixonk7@stanford.edu,Brazil,Male,São Paulo de Olivença,Brainbox,81594.82,BRL
Martin,Robinson,mrobinsonk8@state.gov,Panama,Male,Chame,Feedfire,83532.21,PAB
Scott,Hughes,shughesk9@redcross.org,Argentina,Male,Villa Mercedes,Realfire,22594.91,ARS
Sara,Sullivan,ssullivanka@youku.com,Indonesia,Female,Pameungpeuk,Mybuzz,26718.55,IDR
Earl,Bell,ebellkb@ox.ac.uk,China,Male,Sunzhuang,Zava,3276.15,CNY
Lisa,King,lkingkc@facebook.com,Pakistan,Female,Parachinar,Buzzshare,29424.40,PKR
Carl,Freeman,cfreemankd@squarespace.com,Colombia,Male,El Águila,Tekfly,95065.73,COP
Irene,Spencer,ispencerke@mtv.com,Mongolia,Female,Bayshint,Eire,14200.26,MNT
Eric,Cole,ecolekf@over-blog.com,Indonesia,Male,Patrang,Oloo,63460.67,IDR
Donna,Rice,dricekg@ovh.net,Angola,Female,Longonjo,Plambee,75000.56,AOA
Phyllis,Porter,pporterkh@blogs.com,Russia,Female,Yelets,Blogpad,65618.91,RUB
Marie,Austin,maustinki@globo.com,China,Female,Yongning,Kwinu,213.82,CNY
Sharon,Phillips,sphillipskj@dot.gov,Indonesia,Female,Goge,Trunyx,49046.05,IDR
Thomas,Griffin,tgriffinkk@sina.com.cn,Portugal,Male,Vendas de Galizes,Fadeo,86012.08,EUR
Kathy,Mendoza,kmendozakl@aol.com,Philippines,Female,Isugod,Zooveo,64546.51,PHP
Alice,Cruz,acruzkm@godaddy.com,Russia,Female,Nikol’skoye,Yozio,16486.09,RUB
Tammy,Collins,tcollinskn@dailymail.co.uk,Peru,Female,San Carlos,Thoughtsphere,92028.40,PEN
Kevin,Carter,kcarterko@kickstarter.com,France,Male,Rumilly,Mymm,11335.69,EUR
Christopher,Mccoy,cmccoykp@people.com.cn,France,Male,Pau,Tagchat,14600.16,EUR
Julie,Hernandez,jhernandezkq@pinterest.com,Indonesia,Female,Pasirnangka,Realfire,4642.26,IDR
Carol,Flores,cfloreskr@wiley.com,Moldova,Female,Soroca,Livepath,26561.04,MDL
Joshua,Wallace,jwallaceks@ibm.com,Egypt,Male,Al Minyā,Roodel,38565.51,EGP
Terry,Schmidt,tschmidtkt@imdb.com,Ecuador,Male,San Gabriel,Oozz,899.66,USD
Earl,Sanchez,esanchezku@angelfire.com,Indonesia,Male,Krajan,Tekfly,8382.64,IDR
Harold,Henderson,hhendersonkv@etsy.com,Poland,Male,Kleszczów,Skivee,24140.81,PLN
Susan,Ellis,selliskw@ucoz.com,Indonesia,Female,Raci Kulon,Buzzshare,51142.59,IDR
Jesse,Flores,jfloreskx@typepad.com,China,Male,Lirang,Avamm,,CNY
Karen,Harper,kharperky@webs.com,Indonesia,Female,Longkali,Ainyx,,IDR
Billy,Dixon,bdixonkz@harvard.edu,Indonesia,Male,Banyuurip,Gigabox,43692.44,IDR
Paula,Mason,pmasonl0@epa.gov,Netherlands,Female,Lelystad,Yamia,18446.66,EUR
Andrew,Ray,arayl1@github.com,Colombia,Male,Villanueva,Cogidoo,66346.58,COP
Norma,Larson,nlarsonl2@google.cn,Nigeria,Female,Abonnema,Fadeo,27175.13,NGN
Deborah,Dunn,ddunnl3@zdnet.com,Indonesia,Female,Sangiang,Dabvine,65316.15,IDR
Ruby,Larson,rlarsonl4@nifty.com,Pakistan,Female,Chowki Jamali,Rhyloo,58204.60,PKR
Angela,Knight,aknightl5@blinklist.com,Afghanistan,Female,Kishk-e Nakhūd,Lazzy,77014.02,AFN
Mark,Green,mgreenl6@marketwatch.com,Portugal,Male,Albufeira,Agimba,67193.22,EUR
Susan,Bishop,sbishopl7@japanpost.jp,China,Female,Xiancun,Camido,27675.94,CNY
Jessica,Gardner,jgardnerl8@china.com.cn,France,Female,Paris 12,Skinix,,EUR
Julia,Rice,jricel9@noaa.gov,Russia,Female,Novo-Peredelkino,Viva,37289.08,RUB
Rachel,Bennett,rbennettla@vk.com,United States,Female,Los Angeles,Oyoloo,53497.59,USD
Bobby,Dean,bdeanlb@dropbox.com,China,Male,Gonghe,Twitterlist,6826.53,CNY
Phillip,Daniels,pdanielslc@yale.edu,China,Male,Choujiang,Zoovu,,CNY
Amy,Griffin,agriffinld@dyndns.org,Peru,Female,Choros,Dazzlesphere,453.38,PEN
Daniel,Gordon,dgordonle@t-online.de,Ukraine,Male,Kalanchak,Snaptags,50452.88,UAH
Angela,Perry,aperrylf@japanpost.jp,Japan,Female,Kajiki,Meejo,,JPY
George,Reyes,greyeslg@usgs.gov,China,Male,Sanxing,Minyx,35769.04,CNY
Ronald,Allen,rallenlh@cocolog-nifty.com,China,Male,Xiejiatan,Tagfeed,220.38,CNY
Kathy,Anderson,kandersonli@msn.com,China,Female,Jiaoqiao,Tagpad,14114.67,CNY
Alice,Myers,amyerslj@exblog.jp,Ukraine,Female,Bilyayivka,Kazio,62950.95,UAH
Gerald,Gray,ggraylk@printfriendly.com,Burundi,Male,Cankuzo,Twitterworks,97838.19,BIF
Adam,Griffin,agriffinll@google.com,Nigeria,Male,Anchau,Reallinks,48084.80,NGN
Ronald,Kim,rkimlm@sogou.com,China,Male,Ducheng,Yakidoo,92519.42,CNY
Robert,Gonzalez,rgonzalezln@pinterest.com,Brazil,Male,Recife,Gigabox,,BRL
Rebecca,Robinson,rrobinsonlo@cisco.com,Colombia,Female,Rionegro,Latz,91821.45,COP
Bobby,Burton,bburtonlp@blogs.com,Kyrgyzstan,Male,Kara Suu,Shufflebeat,44085.27,KGS
Deborah,Peters,dpeterslq@examiner.com,France,Female,Beaune,Fiveclub,55577.85,EUR
Dennis,Green,dgreenlr@indiatimes.com,Indonesia,Male,Jatiwangi,Livetube,35591.64,IDR
Carolyn,Cooper,ccooperls@bloglovin.com,Denmark,Female,København,Thoughtstorm,35368.36,DKK
Barbara,Marshall,bmarshalllt@moonfruit.com,Brazil,Female,Abreu e Lima,Janyx,91798.33,BRL
Michelle,Barnes,mbarneslu@etsy.com,France,Female,La Gacilly,Jazzy,3084.40,EUR
Carl,Fields,cfieldslv@addtoany.com,Brazil,Male,Itajaí,Aivee,45931.51,BRL
Fred,Barnes,fbarneslw@privacy.gov.au,China,Male,Nanjing,Thoughtstorm,41750.11,CNY
Shawn,Williamson,swilliamsonlx@moonfruit.com,Russia,Male,Chaltyr,Quamba,13227.31,RUB
Marie,Wright,mwrightly@soundcloud.com,China,Female,Beichan,Devshare,47507.28,CNY
John,Mccoy,jmccoylz@nba.com,Philippines,Male,Causip,Camimbo,37564.21,PHP
Howard,Jenkins,hjenkinsm0@dmoz.org,Sweden,Male,Örnsköldsvik,Mynte,16580.56,SEK
Sean,Weaver,sweaverm1@hugedomains.com,United States,Male,Saint Augustine,Rhynoodle,23832.79,USD
Carol,Woods,cwoodsm2@w3.org,Sweden,Female,Hässelby,Eidel,,SEK
Lillian,Williams,lwilliamsm3@google.ru,Netherlands,Female,Hengelo,Rhyzio,87609.64,EUR
Keith,Cole,kcolem4@jalbum.net,China,Male,Hefei,Topiczoom,52657.11,CNY
Shawn,Franklin,sfranklinm5@cdbaby.com,Ukraine,Male,Vyshhorod,Yakidoo,,UAH
Rachel,Harper,rharperm6@furl.net,Sweden,Female,Säffle,Voonte,22085.04,SEK
Carlos,West,cwestm7@cargocollective.com,Benin,Male,Dogbo,Gabspot,87331.46,XOF
Benjamin,Reed,breedm8@lycos.com,Indonesia,Male,Sindangjati,Skalith,80468.19,IDR
Samuel,Allen,sallenm9@php.net,Greece,Male,Evxinoúpolis,Plambee,64299.98,EUR
Sara,Castillo,scastilloma@example.com,Russia,Female,Sudislavl’,Blogpad,67770.76,RUB
Gloria,Alvarez,galvarezmb@wunderground.com,Peru,Female,Colcabamba,Skaboo,,PEN
Diana,Fuller,dfullermc@wordpress.com,Armenia,Female,Armavir,Dabfeed,91362.25,AMD
Jane,Ryan,jryanmd@china.com.cn,Russia,Female,Preobrazheniye,Eire,92856.95,RUB
Carlos,Fernandez,cfernandezme@phoca.cz,Indonesia,Male,Tamanan,Mydo,87660.19,IDR
Emily,Sanders,esandersmf@hatena.ne.jp,China,Female,Linjiang,Janyx,77168.33,CNY
Ronald,Marshall,rmarshallmg@bbc.co.uk,China,Male,Hongshi,Youtags,44281.66,CNY
Albert,Mcdonald,amcdonaldmh@godaddy.com,Brazil,Male,Araras,Zoomzone,77335.75,BRL
Joyce,Cook,jcookmi@istockphoto.com,Iran,Female,Fūman,Tagchat,35706.78,IRR
Mary,Rose,mrosemj@wsj.com,Indonesia,Female,Ntobo,Mynte,,IDR
Jennifer,Kim,jkimmk@barnesandnoble.com,Canada,Female,Nanaimo,Skipstorm,42463.10,CAD
Catherine,Hansen,chansenml@about.com,Madagascar,Female,Vavatenina,Tagopia,1938.62,MGA
Tammy,Phillips,tphillipsmm@biblegateway.com,China,Female,Baojia,Snaptags,35379.70,CNY
Patrick,Harrison,pharrisonmn@samsung.com,China,Male,Laocheng,Oyoba,5265.67,CNY
Emily,Matthews,ematthewsmo@about.com,Indonesia,Female,Sempu,Yakitri,,IDR
Rose,Morgan,rmorganmp@boston.com,Greece,Female,Oropós,Topicblab,177.74,EUR
Katherine,Price,kpricemq@pinterest.com,South Africa,Female,Bethal,Yakijo,34171.52,ZAR
Deborah,Tucker,dtuckermr@nydailynews.com,Argentina,Female,Neuquén,Realbuzz,78268.38,ARS
Kathy,Warren,kwarrenms@oakley.com,China,Female,Qizhen,Voomm,17256.10,CNY
Julia,Flores,jfloresmt@soup.io,Portugal,Female,Ribeiro,Topicware,,EUR
Randy,Martinez,rmartinezmu@youtube.com,Indonesia,Male,Sukadana Selatan,Teklist,57134.42,IDR
Tammy,Torres,ttorresmv@sciencedaily.com,Portugal,Female,Roliça,Flashpoint,41315.34,EUR
Jeffrey,Gardner,jgardnermw@hostgator.com,Czech Republic,Male,Velké Meziříčí,Brainbox,,CZK
Tammy,Stewart,tstewartmx@ca.gov,Thailand,Female,Sa Kaeo,Quaxo,97394.54,THB
Sandra,Wallace,swallacemy@blogtalkradio.com,United Kingdom,Female,Bristol,Meejo,88822.63,GBP
Ryan,Fuller,rfullermz@marketwatch.com,Bahamas,Male,Masons Bay,Zoomlounge,92179.23,BSD
Alan,Hernandez,ahernandezn0@guardian.co.uk,Russia,Male,Berezniki,Snaptags,87586.62,RUB
Scott,Fuller,sfullern1@issuu.com,Philippines,Male,Comillas Norte,Tagopia,9459.02,PHP
Juan,Moore,jmooren2@jigsy.com,Portugal,Male,Pedro Miguel,Jazzy,9425.55,EUR
Christine,Hunt,chuntn3@soundcloud.com,Philippines,Female,San Fernando,Wordware,22871.42,PHP
Louis,Johnston,ljohnstonn4@europa.eu,Tuvalu,Male,Tanrake Village,Jaxspan,95856.60,AUD
Angela,Fox,afoxn5@psu.edu,China,Female,Xinkai,Blogspan,74988.50,CNY
Susan,Reed,sreedn6@bloglines.com,China,Female,Cuozheqiangma,Voonix,48340.87,CNY
Juan,Bishop,jbishopn7@java.com,Portugal,Male,Limeiras,Ainyx,22450.49,EUR
Kathleen,Henry,khenryn8@diigo.com,Indonesia,Female,Sidem,Janyx,36118.19,IDR
Harold,Holmes,hholmesn9@delicious.com,China,Male,Baoxu,Yakitri,91589.07,CNY
Debra,Foster,dfosterna@taobao.com,Poland,Female,Myślenice,Lazzy,58747.20,PLN
Eugene,Hicks,ehicksnb@shutterfly.com,Macedonia,Male,Крива Паланка,Zoomzone,75151.45,MKD
Benjamin,Reed,breednc@seattletimes.com,China,Male,Gaotian,Bubblemix,30304.97,CNY
Keith,Lawson,klawsonnd@etsy.com,Japan,Male,Fujinomiya,Thoughtworks,5366.96,JPY
Janet,Harper,jharperne@paginegialle.it,Mozambique,Female,Beira,Innotype,50644.40,MZN
Rose,Davis,rdavisnf@github.io,Russia,Female,Mamonovo,Tagfeed,56165.57,RUB
Jonathan,Ellis,jellisng@mediafire.com,China,Male,Heishan,Edgetag,16646.09,CNY
Juan,Kim,jkimnh@yellowbook.com,China,Male,Zhaike,Thoughtworks,93466.18,CNY
Edward,Edwards,eedwardsni@infoseek.co.jp,Togo,Male,Bassar,Layo,5683.43,XOF
George,Walker,gwalkernj@kickstarter.com,China,Male,Leigu,Trilith,29563.52,CNY
Nancy,Stanley,nstanleynk@usgs.gov,China,Female,Jiaozuo,Realcube,41868.26,CNY
Rachel,Mason,rmasonnl@geocities.com,Cameroon,Female,Loum,Npath,20208.76,XAF
Phillip,Robinson,probinsonnm@desdev.cn,China,Male,Weitian,Quamba,5353.45,CNY
Gregory,Hicks,ghicksnn@hibu.com,Brazil,Male,Elias Fausto,Avaveo,1266.35,BRL
Gerald,Lopez,glopezno@ustream.tv,Colombia,Male,Nariño,Rhynoodle,75476.56,COP
Rose,Kennedy,rkennedynp@google.com.au,Indonesia,Female,Puger,Brightdog,24496.02,IDR
Judith,Reid,jreidnq@mail.ru,United States,Female,Baton Rouge,Buzzbean,74608.13,USD
Eric,Hall,ehallnr@geocities.jp,Brazil,Male,Pederneiras,Katz,98006.77,BRL
Katherine,Owens,kowensns@istockphoto.com,Colombia,Female,Momil,Realblab,42657.31,COP
Christopher,Brown,cbrownnt@prlog.org,China,Male,Tianyuan,Linkbuzz,78334.08,CNY
Sharon,Allen,sallennu@skyrock.com,Lithuania,Female,Kudirkos Naumiestis,Zoonoodle,60961.85,LTL
William,Nguyen,wnguyennv@weibo.com,Italy,Male,Bologna,Zoonder,98183.62,EUR
Carl,Bishop,cbishopnw@psu.edu,China,Male,Jincheng,Minyx,,CNY
Stephen,White,swhitenx@example.com,Martinique,Male,Fort-de-France,Skyvu,83319.78,EUR
Nicole,Welch,nwelchny@ihg.com,China,Female,Zhoutian,Browsecat,54977.13,CNY
Marilyn,Peters,mpetersnz@github.com,Indonesia,Female,Sukadana,Trilith,62604.81,IDR
Edward,Myers,emyerso0@merriam-webster.com,El Salvador,Male,Tenancingo,Teklist,72175.34,USD
Marie,Fowler,mfowlero1@yahoo.co.jp,Angola,Female,Nzeto,Voomm,64850.14,AOA
Evelyn,Ward,ewardo2@hugedomains.com,Portugal,Female,Ourentã,Oozz,69409.62,EUR
Earl,Lane,elaneo3@posterous.com,Ivory Coast,Male,Béoumi,Dabvine,39763.00,XOF
Douglas,Ruiz,druizo4@salon.com,Russia,Male,Shikhany,Photofeed,33855.46,RUB
Harry,Willis,hwilliso5@wisc.edu,Brazil,Male,Itaporanga,Trilith,45453.18,BRL
Marie,Johnston,mjohnstono6@virginia.edu,Iceland,Female,Álftanes,Edgeclub,88169.66,ISK
Janice,Morgan,jmorgano7@sfgate.com,Chile,Female,Rancagua,Zooveo,44609.24,CLP
Russell,Kennedy,rkennedyo8@google.co.jp,Indonesia,Male,Talawi,Bubblebox,88795.08,IDR
Elizabeth,Jordan,ejordano9@weather.com,Italy,Female,Catania,Dazzlesphere,1436.54,EUR
Charles,Watkins,cwatkinsoa@purevolume.com,Poland,Male,Frydek,Devpulse,71671.53,PLN
Alan,Cunningham,acunninghamob@rakuten.co.jp,Thailand,Male,Ratchasan,Rhybox,8359.61,THB
Charles,Hamilton,chamiltonoc@dell.com,Poland,Male,Rychtal,Kanoodle,,PLN
Jeffrey,Ramirez,jramirezod@seattletimes.com,Peru,Male,Quinuabamba,Ozu,41315.48,PEN
Patrick,West,pwestoe@samsung.com,Russia,Male,Leshukonskoye,Skinix,22972.75,RUB
Kevin,Fields,kfieldsof@usatoday.com,Japan,Male,Akashi,Myworks,61173.22,JPY
Samuel,Miller,smillerog@nationalgeographic.com,Indonesia,Male,Poncokusumo,Flashpoint,72170.10,IDR
Carlos,Murphy,cmurphyoh@businessweek.com,United States,Male,Waterbury,Podcat,43476.20,USD
Johnny,Wood,jwoodoi@geocities.jp,Poland,Male,Sadkowice,Twinder,31420.36,PLN
Kathleen,Murphy,kmurphyoj@cdc.gov,France,Female,Caluire-et-Cuire,Fanoodle,24999.92,EUR
Christopher,Marshall,cmarshallok@prnewswire.com,France,Male,Sannois,Voomm,4686.03,EUR
David,Simmons,dsimmonsol@xrea.com,Colombia,Male,Remolino,Realpoint,,COP
Bobby,Johnson,bjohnsonom@ibm.com,Poland,Male,Broniszewice,Kaymbo,68917.77,PLN
Susan,Hawkins,shawkinson@hugedomains.com,Venezuela,Female,Encontrados,Twinte,55333.35,VEF
Douglas,Price,dpriceoo@goo.gl,China,Male,Xufu,Photospace,39428.73,CNY
Victor,Butler,vbutlerop@vimeo.com,Russia,Male,Semikarakorsk,Tagpad,58312.77,RUB
Sean,Gonzalez,sgonzalezoq@state.tx.us,China,Male,Yangxipu,Meezzy,88553.25,CNY
David,Carter,dcarteror@behance.net,Canada,Male,Sarnia,Roombo,75438.12,CAD
Matthew,Thompson,mthompsonos@friendfeed.com,Azerbaijan,Male,Kyurdarmir,Browsezoom,21193.75,AZN
Donald,Moreno,dmorenoot@mtv.com,Sweden,Male,Tyresö,Meejo,69850.21,SEK
Randy,Hernandez,rhernandezou@wisc.edu,Benin,Male,Porto-Novo,Ooba,82207.83,XOF
Clarence,Rose,croseov@goo.ne.jp,Australia,Male,Sydney,Roomm,62086.97,AUD
Dennis,Wheeler,dwheelerow@marketwatch.com,Morocco,Male,Arbaoua,Demizz,12612.40,MAD
Juan,Ramos,jramosox@arstechnica.com,Poland,Male,Kępie Żaleszańskie,Buzzster,81201.89,PLN
Sara,Phillips,sphillipsoy@google.de,Indonesia,Female,Barusuda,Oyoloo,84749.38,IDR
Sandra,Fisher,sfisheroz@dion.ne.jp,Honduras,Female,San Francisco de la Paz,Jaxbean,22636.67,HNL
Debra,White,dwhitep0@blinklist.com,Armenia,Female,Mayisyan,Wikibox,81038.94,AMD
Linda,Butler,lbutlerp1@freewebs.com,Honduras,Female,Reitoca,Divanoodle,,HNL
Cynthia,Baker,cbakerp2@hud.gov,Philippines,Female,Caburan,Gabvine,41938.23,PHP
Raymond,Gibson,rgibsonp3@paypal.com,Iran,Male,Omīdcheh,Livepath,61112.08,IRR
Chris,White,cwhitep4@google.com,Ireland,Male,Swinford,Browsezoom,66044.32,EUR
Lori,Alvarez,lalvarezp5@miitbeian.gov.cn,China,Female,Dazhipo,Jabbercube,71676.99,CNY
Jeremy,Watson,jwatsonp6@cnet.com,Indonesia,Male,Karangtawar,Plajo,60862.27,IDR
Jennifer,Arnold,jarnoldp7@imdb.com,Palestinian Territory,Female,Kufayrit,Browsebug,33509.76,ILS
Diana,Payne,dpaynep8@paginegialle.it,Botswana,Female,Letlhakeng,Kanoodle,85167.72,BWP
Jeremy,Alvarez,jalvarezp9@chicagotribune.com,Ireland,Male,Caherconlish,Topicblab,,EUR
Jean,Lawrence,jlawrencepa@joomla.org,China,Female,Baizhu,Lazzy,56473.82,CNY
Walter,Sullivan,wsullivanpb@businessweek.com,China,Male,Fankeng,Voolith,24896.48,CNY
Fred,Robinson,frobinsonpc@multiply.com,Brazil,Male,Itapipoca,Shufflester,53116.19,BRL
Harold,Cole,hcolepd@google.fr,Dominica,Male,Pont Cassé,Bubbletube,,XCD
Gerald,Daniels,gdanielspe@ucoz.ru,China,Male,Jiangyi,Thoughtblab,8857.52,CNY
Chris,Jenkins,cjenkinspf@omniture.com,China,Male,Beiling,Riffwire,83595.17,CNY
Laura,Griffin,lgriffinpg@printfriendly.com,Russia,Female,Rakhmanovo,Digitube,76944.71,RUB
Frances,Hart,fhartph@scientificamerican.com,Bangladesh,Female,Pābna,Plambee,48311.31,BDT
Norma,Edwards,nedwardspi@ucoz.com,Greece,Female,Vília,Blogtag,86117.58,EUR
Charles,Shaw,cshawpj@addtoany.com,Poland,Male,Drogomyśl,Kazio,45538.86,PLN
Justin,Torres,jtorrespk@123-reg.co.uk,Canada,Male,Prince Rupert,Thoughtbeat,69826.61,CAD
Steve,Mccoy,smccoypl@dion.ne.jp,United States,Male,Wichita,Yodel,96382.26,USD
Michael,Cruz,mcruzpm@hc360.com,Brazil,Male,Bom Despacho,Realblab,55466.30,BRL
Nancy,Roberts,nrobertspn@wsj.com,China,Female,Shaping,Browsecat,5672.59,CNY
Timothy,Gray,tgraypo@pen.io,France,Male,Mont-de-Marsan,Talane,46862.34,EUR
Lillian,Watson,lwatsonpp@cnbc.com,Philippines,Female,Nangka,Leenti,30829.93,PHP
Kathryn,Miller,kmillerpq@sohu.com,Brazil,Female,Ibirataia,Mynte,53757.39,BRL
Daniel,Garza,dgarzapr@cdc.gov,Peru,Male,Nueva Arica,Twimbo,93976.46,PEN
Lori,Fields,lfieldsps@fotki.com,Indonesia,Female,Sikka,Yombu,42966.01,IDR
Kevin,Wells,kwellspt@example.com,Greenland,Male,Nuuk,Gigaclub,64800.87,DKK
Wayne,Howard,whowardpu@rambler.ru,Italy,Male,Torino,Omba,71590.20,EUR
Peter,Fields,pfieldspv@shutterfly.com,Samoa,Male,Safotulafai,Kayveo,41227.10,WST
Ruby,Jacobs,rjacobspw@cyberchimps.com,Palau,Female,Sonsorol Village,Cogibox,39486.05,USD
Justin,Andrews,jandrewspx@telegraph.co.uk,China,Male,Xiaoling,Shufflebeat,17889.61,CNY
Henry,Hanson,hhansonpy@squarespace.com,Russia,Male,Ozërsk,Quinu,18638.37,RUB
Scott,Phillips,sphillipspz@washingtonpost.com,Portugal,Male,Torrão,Skippad,84615.79,EUR
Debra,Young,dyoungq0@xrea.com,Indonesia,Female,Garahan,Meevee,28835.35,IDR
Deborah,Richards,drichardsq1@comcast.net,North Korea,Female,Haeju,Livetube,3025.48,KPW
Lois,Oliver,loliverq2@joomla.org,Brazil,Female,Pitangui,Mydeo,71658.36,BRL
Justin,Stanley,jstanleyq3@bloglovin.com,China,Male,Zhenlong,Dabtype,36399.88,CNY
Catherine,Rogers,crogersq4@google.fr,United States,Female,Florence,LiveZ,93870.41,USD
Margaret,Moreno,mmorenoq5@msu.edu,Czech Republic,Female,Líbeznice,InnoZ,89519.84,CZK
Mary,James,mjamesq6@forbes.com,China,Female,Dongying,Pixope,39499.02,CNY
Ralph,Ray,rrayq7@zimbio.com,Australia,Male,Sydney,DabZ,65752.45,AUD
Harry,Patterson,hpattersonq8@etsy.com,Mauritius,Male,Pailles,Edgeblab,7429.67,MUR
Margaret,Harris,mharrisq9@techcrunch.com,Czech Republic,Female,Olbramovice,Feedfish,53106.68,CZK
Denise,Fox,dfoxqa@blinklist.com,Russia,Female,Pravdinsk,Browseblab,72786.87,RUB
Jane,George,jgeorgeqb@blinklist.com,Iran,Female,Langarūd,Yambee,,IRR
Stephen,Freeman,sfreemanqc@ucoz.ru,Russia,Male,Kromy,Jabbersphere,44067.32,RUB
Sean,Cunningham,scunninghamqd@wisc.edu,Benin,Male,Abomey-Calavi,Skidoo,,XOF
Jeffrey,Medina,jmedinaqe@narod.ru,Indonesia,Male,Mekarsari,Digitube,6955.67,IDR
Denise,Lopez,dlopezqf@youku.com,Russia,Female,Dubki,Meejo,,RUB
Debra,Rivera,driveraqg@blogger.com,China,Female,Dongxi,Trilith,75300.57,CNY
Patricia,Pierce,ppierceqh@angelfire.com,Kosovo,Female,Pristina,Devpoint,99648.61,EUR
Janice,Garza,jgarzaqi@ucoz.ru,Azerbaijan,Female,Bilajari,Twitternation,56705.63,AZN
Frank,Stevens,fstevensqj@chronoengine.com,France,Male,Boé,Thoughtstorm,93187.76,EUR
Billy,Gibson,bgibsonqk@theatlantic.com,Madagascar,Male,Antanifotsy,Tagcat,48126.42,MGA
Evelyn,Rodriguez,erodriguezql@vimeo.com,Indonesia,Female,Tanjungbatu,Camimbo,25607.41,IDR
Julia,Harper,jharperqm@mapquest.com,Russia,Female,Sandovo,Jatri,43319.06,RUB
Earl,Marshall,emarshallqn@feedburner.com,Portugal,Male,Mosteiros,Skipstorm,50890.90,EUR
Lisa,Gardner,lgardnerqo@mlb.com,Indonesia,Female,Guwoterus,Oyoba,49369.36,IDR
Emily,Lane,elaneqp@issuu.com,Indonesia,Female,Padurung,Zoonoodle,25940.38,IDR
Bonnie,Lee,bleeqq@un.org,Albania,Female,Iballë,Centidel,22426.39,ALL
Tina,Frazier,tfrazierqr@nbcnews.com,Indonesia,Female,Pulorejo,Roodel,54186.91,IDR
Peter,Bradley,pbradleyqs@behance.net,Ireland,Male,Cabinteely,Kazu,93218.52,EUR
Julia,Richards,jrichardsqt@reuters.com,Russia,Female,Palkino,Teklist,42147.70,RUB
Eric,Barnes,ebarnesqu@a8.net,Colombia,Male,Pijao,Oyondu,86794.71,COP
Sandra,Larson,slarsonqv@simplemachines.org,Philippines,Female,Bauang,Skipstorm,55196.54,PHP
Christopher,Edwards,cedwardsqw@va.gov,China,Male,Huangben,Demizz,32507.90,CNY
Antonio,Berry,aberryqx@nih.gov,Ukraine,Male,Lypova Dolyna,Wikido,,UAH
Jason,Adams,jadamsqy@amazon.co.jp,Honduras,Male,Duyure,Centidel,93255.86,HNL
Ryan,Hayes,rhayesqz@edublogs.org,Armenia,Male,Balahovit,Feedspan,64960.15,AMD
Marilyn,Griffin,mgriffinr0@meetup.com,Kazakhstan,Female,Sarkand,Chatterbridge,62123.60,KZT
Barbara,Larson,blarsonr1@booking.com,France,Female,Paris 16,Wikivu,41286.98,EUR
Billy,Mills,bmillsr2@bandcamp.com,Sweden,Male,Kumla,Edgewire,16257.09,SEK
Laura,Alexander,lalexanderr3@stanford.edu,Panama,Female,Potrero Grande,Gevee,62291.01,PAB
Anne,Long,alongr4@bing.com,Russia,Female,Aksarka,Rooxo,22116.02,RUB
Lillian,Gardner,lgardnerr5@cnet.com,Brazil,Female,Piraju,Cogilith,11672.51,BRL
Martin,Cole,mcoler6@cnbc.com,Portugal,Male,Bairro de Santo António,Skinder,43798.18,EUR
Karen,White,kwhiter7@netscape.com,China,Female,Micheng,Tagopia,2316.99,CNY
Jesse,West,jwestr8@japanpost.jp,China,Male,Nixi,Jetwire,,CNY
Robin,Jacobs,rjacobsr9@jalbum.net,Vietnam,Female,Phú Lộc,Zooveo,8000.62,VND
Willie,Walker,wwalkerra@ifeng.com,Swaziland,Male,Kwaluseni,Thoughtbeat,61359.49,SZL
Gerald,Andrews,gandrewsrb@exblog.jp,Indonesia,Male,Asempapan,Mybuzz,19309.27,IDR
Jesse,Hall,jhallrc@youtube.com,Israel,Male,Qiryat Motzkin,Kwideo,71026.62,ILS
Ronald,Clark,rclarkrd@nymag.com,Indonesia,Male,Fatumnasi,Zoombeat,28545.15,IDR
Pamela,Ryan,pryanre@gravatar.com,Indonesia,Female,Dalong,Feednation,92472.21,IDR
Lawrence,Perez,lperezrf@creativecommons.org,France,Male,Salon-de-Provence,Zoonoodle,85041.45,EUR
Patrick,Mccoy,pmccoyrg@wufoo.com,Russia,Male,Sosnovyy Bor,Twitterlist,37958.53,RUB
Beverly,Simmons,bsimmonsrh@sfgate.com,Estonia,Female,Pärnu-Jaagupi,Skimia,42663.70,EUR
Matthew,Reyes,mreyesri@dot.gov,Czech Republic,Male,Bukovany,Skyble,33009.66,CZK
Robin,Gray,rgrayrj@ameblo.jp,China,Female,Shangwuzhuang,Skiba,94061.11,CNY
Janice,Kim,jkimrk@sun.com,Japan,Female,Fukushima-shi,Rhycero,23968.26,JPY
Helen,Morgan,hmorganrl@hud.gov,Philippines,Female,Santol,Geba,53999.16,PHP
Anthony,Willis,awillisrm@youtube.com,France,Male,Clermont-Ferrand,Blogtag,76886.88,EUR
Evelyn,Ward,ewardrn@bing.com,Philippines,Female,Kalawit,Yodoo,66645.16,PHP
Kevin,Harper,kharperro@google.com,Philippines,Male,Manay,Buzzbean,312.08,PHP
Terry,Thomas,tthomasrp@ft.com,Indonesia,Male,Gadon,Realpoint,33821.00,IDR
Carolyn,Cox,ccoxrq@slideshare.net,Portugal,Female,Quinta,Tazz,,EUR
Christopher,Mcdonald,cmcdonaldrr@patch.com,Vietnam,Male,Khe Tre,Voonix,73078.35,VND
