Joyce,Peterson,jpeterson0@51.la,China,Female,Yaojiagou,Gabtype,139.73,CNY
Bobby,Campbell,bcampbell1@nsw.gov.au,Germany,Male,München,Jabberbean,18036.58,EUR
Wayne,Ross,wross2@last.fm,China,Male,Yangjiao,Thoughtstorm,11576.46,CNY
Jimmy,Wright,jwright3@mediafire.com,Thailand,Male,Phunphin,Blognation,60209.32,THB
Julia,James,jjames4@ehow.com,Indonesia,Female,Jalupang Dua,Ailane,,IDR
Sharon,Armstrong,sarmstrong5@amazon.de,Indonesia,Female,Kadupayung,Pixoboo,60592.60,IDR
Amanda,Torres,atorres6@gnu.org,Sierra Leone,Female,Freetown,Yacero,,SLL
Katherine,Pierce,kpierce7@pagesperso-orange.fr,Gambia,Female,Daru Rilwan,Eabox,65005.80,GMD
Phillip,Oliver,poliver8@infoseek.co.jp,China,Male,Fengmu,Snaptags,39210.97,CNY
Maria,Moore,mmoore9@issuu.com,Gabon,Female,Ndjolé,Kwinu,,XAF
Michelle,Medina,mmedinaa@wp.com,China,Female,Chengdong,Edgeclub,,CNY
Jeffrey,Murphy,jmurphyb@wp.com,China,Male,Duowa,Skiba,22415.86,CNY
Charles,Rogers,crogersc@army.mil,Poland,Male,Brzeźnica,Gabvine,64783.19,PLN
Howard,Hunter,hhunterd@mtv.com,Latvia,Male,Aloja,Ntag,67289.23,EUR
Roger,Cook,rcooke@ed.gov,Japan,Male,Taketoyo,Rhyzio,18622.83,JPY
Mary,Woods,mwoodsf@creativecommons.org,Poland,Female,Konstantynów,Edgewire,45441.17,PLN
Albert,Black,ablackg@weebly.com,Thailand,Male,Surat Thani,Brainsphere,,THB
Douglas,King,dkingh@jalbum.net,Kazakhstan,Male,Belköl,Chatterbridge,52779.98,KZT
Samuel,Hudson,shudsoni@biblegateway.com,Denmark,Male,Frederiksberg,Oloo,95519.76,DKK
Donna,Perez,dperezj@jiathis.com,Indonesia,Female,Dajanrurung,Voolia,4203.44,IDR
Shirley,Duncan,sduncank@fc2.com,China,Female,Gushan,Browsezoom,5810.86,CNY
Juan,Baker,jbakerl@sakura.ne.jp,Palestinian Territory,Male,Kafr al Labad,Divavu,77071.05,ILS
Christine,Stewart,cstewartm@cnbc.com,Portugal,Female,Peras Ruivas,Flipopia,46422.94,EUR
Jerry,Willis,jwillisn@census.gov,Brazil,Male,Timon,Twitterbridge,90761.91,BRL
Norma,Dunn,ndunno@jalbum.net,Peru,Female,Vilque,Livetube,28153.56,PEN
Jeremy,Jordan,jjordanp@topsy.com,Guatemala,Male,San Jerónimo,Agivu,68812.04,GTQ
Harold,Kim,hkimq@cpanel.net,Norway,Male,Oslo,Flashspan,6700.13,NOK
Randy,Lewis,rlewisr@privacy.gov.au,Iraq,Male,Erbil,Feednation,17637.62,IQD
Kevin,Chavez,kchavezs@arizona.edu,Gabon,Male,Ndjolé,Lazz,65174.98,XAF
Susan,Scott,sscottt@shop-pro.jp,Central African Republic,Female,Ouadda,Eidel,19307.20,XAF
Mark,Hamilton,mhamiltonu@scientificamerican.com,China,Male,Sandaohezi,Janyx,38934.47,CNY
Marilyn,Stanley,mstanleyv@plala.or.jp,Bulgaria,Female,Sŭedinenie,Thoughtblab,14347.51,BGN
Virginia,Schmidt,vschmidtw@addthis.com,Israel,Female,Mevo horon,Realcube,71091.89,ILS
Dorothy,Rodriguez,drodriguezx@samsung.com,Libya,Female,Benghazi,Skimia,36689.18,LYD
Phyllis,Martin,pmartiny@freewebs.com,Philippines,Female,Lilio,Centimia,73675.34,PHP
Stephanie,Long,slongz@macromedia.com,Philippines,Female,Tacurong,Aivee,46602.29,PHP
Frances,Flores,fflores10@netvibes.com,China,Female,Shuangmiaojie,Muxo,,CNY
Elizabeth,Owens,eowens11@utexas.edu,Russia,Female,Klimovsk,Brainsphere,96304.78,RUB
Christine,Sanchez,csanchez12@seesaa.net,China,Female,Chixi,Pixope,,CNY
Roy,Sanchez,rsanchez13@who.int,Egypt,Male,Ţalkhā,Katz,65057.72,EGP
Justin,Nelson,jnelson14@businessinsider.com,Japan,Male,Yanai,Rhyloo,80846.65,JPY
David,Mason,dmason15@goodreads.com,Netherlands,Male,Rotterdam postbusnummers,Divape,,EUR
Todd,Hughes,thughes16@addtoany.com,China,Male,Xinbu,Vipe,62777.59,CNY
Antonio,Dean,adean17@google.ru,Croatia,Male,Kastav,Kwinu,,HRK
Katherine,Nelson,knelson18@nasa.gov,Norway,Female,Oslo,Layo,81166.35,NOK
Sean,Williamson,swilliamson19@vinaora.com,Vietnam,Male,Thị Trấn Ngải Giao,Bubblebox,71394.99,VND
Gary,Garrett,ggarrett1a@imageshack.us,Colombia,Male,Firavitoba,Innotype,9074.03,COP
Kenneth,Henderson,khenderson1b@twitpic.com,Indonesia,Male,Jembatandua,Cogilith,,IDR
Judy,Mills,jmills1c@ehow.com,Sweden,Female,Osby,Podcat,97939.00,SEK
Harry,Garcia,hgarcia1d@engadget.com,China,Male,Guanzhuang,Devify,67712.47,CNY
Lillian,Clark,lclark1e@mediafire.com,Japan,Female,Susaki,Yakijo,65410.05,JPY
Benjamin,Gray,bgray1f@prweb.com,Thailand,Male,Wang Thonglang,Trupe,,THB
Robin,Hall,rhall1g@aboutads.info,China,Female,Shangxing,Ainyx,66296.07,CNY
Deborah,Griffin,dgriffin1h@addtoany.com,Madagascar,Female,Maevatanana,Voonyx,3845.85,MGA
Tammy,Hart,thart1i@rediff.com,United States,Female,Newark,Dabvine,61456.19,USD
Lillian,Campbell,lcampbell1j@oaic.gov.au,Indonesia,Female,Setro,Cogidoo,70923.07,IDR
Keith,Myers,kmyers1k@netscape.com,Ecuador,Male,Catamayo,Photojam,26811.09,USD
Brandon,Thomas,bthomas1l@ehow.com,Sweden,Male,Karlshamn,Riffpedia,52026.40,SEK
Tammy,Webb,twebb1m@chicagotribune.com,Poland,Female,Niechanowo,JumpXS,47871.19,PLN
Andrew,Olson,aolson1n@chron.com,Philippines,Male,Aguisan,Dabvine,96810.00,PHP
Justin,Ortiz,jortiz1o@yahoo.com,Portugal,Male,Quinta de Valadares,Quimm,20091.18,EUR
Brandon,Payne,bpayne1p@java.com,Czech Republic,Male,Zbýšov,Zoombeat,69610.04,CZK
Adam,Payne,apayne1q@unesco.org,China,Male,Zhutuo,Realbridge,38223.89,CNY
Jacqueline,Webb,jwebb1r@addtoany.com,China,Female,Xinzheng,Talane,65761.21,CNY
Cynthia,Harvey,charvey1s@blogtalkradio.com,China,Female,Guluoshan,Aimbo,7161.92,CNY
Carolyn,Allen,callen1t@eepurl.com,Indonesia,Female,Bantarmangu,Rhybox,90877.66,IDR
Carl,Henry,chenry1u@nhs.uk,Vietnam,Male,Đưc Trọng,Browseblab,94352.63,VND
Bruce,Hughes,bhughes1v@ning.com,Iran,Male,Nīshābūr,Wordtune,95234.43,IRR
Julia,Morales,jmorales1w@cisco.com,China,Female,Tumu’ertai,Rhyzio,89643.63,CNY
Julia,Stone,jstone1x@lycos.com,France,Female,Rungis,Rhynyx,27739.27,EUR
Joyce,Nelson,jnelson1y@uiuc.edu,Poland,Female,Błażowa,Edgeblab,38898.70,PLN
Benjamin,Richardson,brichardson1z@uiuc.edu,Indonesia,Male,Osapsio,Quatz,,IDR
Bonnie,Arnold,barnold20@gnu.org,Poland,Female,Udanin,Zooxo,82853.34,PLN
Scott,Russell,srussell21@mayoclinic.com,Poland,Male,Lipce Reymontowskie,JumpXS,11508.47,PLN
Amanda,Chapman,achapman22@theguardian.com,Brazil,Female,Ituberá,Topiclounge,,BRL
Jose,Rodriguez,jrodriguez23@icq.com,Sri Lanka,Male,Mulleriyawa,Centizu,71474.98,LKR
Sandra,Clark,sclark24@nytimes.com,Malawi,Female,Chikwawa,Leexo,498.56,MWK
Kathryn,Washington,kwashington25@newyorker.com,Indonesia,Female,Kabongan Kidul,Wikibox,80224.54,IDR
Victor,Gomez,vgomez26@tmall.com,Portugal,Male,Cortiços,Topdrive,12911.71,EUR
Eugene,Howard,ehoward27@slideshare.net,Poland,Male,Besko,Babbleblab,,PLN
Timothy,Cruz,tcruz28@diigo.com,Bahrain,Male,Jidd Ḩafş,Edgewire,30102.51,BHD
Doris,Scott,dscott29@bbb.org,Portugal,Female,Vila Nova,Zoombeat,46277.70,EUR
Patrick,Larson,plarson2a@goo.ne.jp,China,Male,Fucheng,Centimia,52983.52,CNY
Jeffrey,Gilbert,jgilbert2b@examiner.com,Mexico,Male,La Gloria,Twitterwire,39560.98,MXN
Todd,Warren,twarren2c@eventbrite.com,Russia,Male,Vakhrushi,Zoozzy,29900.50,RUB
Paula,Ford,pford2d@ustream.tv,Indonesia,Female,Penaraga,Quinu,82057.08,IDR
Ernest,Cole,ecole2e@mit.edu,Russia,Male,Mulino,Thoughtstorm,17728.70,RUB
Linda,Riley,lriley2f@ovh.net,Russia,Female,Novomoskovsk,Plajo,53216.47,RUB
Adam,Gomez,agomez2g@squidoo.com,Honduras,Male,Santa Rosa de Aguán,Pixope,61291.11,HNL
Billy,Johnson,bjohnson2h@dion.ne.jp,Zambia,Male,Isoka,Realblab,92912.75,ZMW
Ruth,Simmons,rsimmons2i@pbs.org,France,Female,Guérande,Babbleblab,,EUR
Edward,Myers,emyers2j@answers.com,China,Male,Gaoleshan,Plambee,75652.44,CNY
Marie,Owens,mowens2k@skype.com,Czech Republic,Female,Červené Pečky,Voonyx,51108.01,CZK
Brenda,Vasquez,bvasquez2l@indiegogo.com,Philippines,Female,Atimonan,Thoughtsphere,37616.34,PHP
Marilyn,Graham,mgraham2m@princeton.edu,Belarus,Female,Nyakhachava,Quimm,83109.77,BYR
Keith,Frazier,kfrazier2n@amazon.de,Portugal,Male,Lameiras,Twitterworks,53254.42,EUR
Pamela,Adams,padams2o@deviantart.com,Portugal,Female,Lages,Skalith,79096.69,EUR
Martha,White,mwhite2p@mashable.com,Thailand,Female,That Phanom,Divape,11187.60,THB
Shirley,Carr,scarr2q@fc2.com,Nigeria,Female,Lapai,Jabberbean,58084.91,NGN
Amanda,Perry,aperry2r@linkedin.com,Chile,Female,San Javier,Camimbo,62869.21,CLP
Todd,Edwards,tedwards2s@examiner.com,Philippines,Male,Balingoan,Twinte,32829.14,PHP
Mark,Perez,mperez2t@hao123.com,Indonesia,Male,Andongrejo,Tekfly,37825.82,IDR
Christina,Rodriguez,crodriguez2u@dot.gov,China,Female,Luwan,Fivechat,66299.05,CNY
Jacqueline,Howell,jhowell2v@si.edu,Portugal,Female,Agra,Mynte,75222.78,EUR
Bonnie,Watson,bwatson2w@craigslist.org,Venezuela,Female,Maroa,Yakitri,57246.83,VEF
Judith,Murray,jmurray2x@artisteer.com,Philippines,Female,Langtad,Gabvine,83270.74,PHP
Mildred,Richardson,mrichardson2y@china.com.cn,Albania,Female,Patos Fshat,Meevee,67325.75,ALL
Jason,Holmes,jholmes2z@paypal.com,Colombia,Male,Palermo,Twimbo,25691.36,COP
Ruth,Gonzalez,rgonzalez30@upenn.edu,Thailand,Female,Kaeng Khro,Muxo,44531.33,THB
Carl,Meyer,cmeyer31@usatoday.com,Indonesia,Male,Pangkalan,Topicblab,75817.28,IDR
Ernest,Cox,ecox32@slate.com,Poland,Male,Krasnystaw,Edgeify,30150.74,PLN
Michelle,Anderson,manderson33@buzzfeed.com,Philippines,Female,Casuguran,Twinte,76019.37,PHP
Antonio,Allen,aallen34@github.io,China,Male,Guangfu,Dazzlesphere,99002.76,CNY
George,Gray,ggray35@telegraph.co.uk,Finland,Male,Liljendal,Photolist,70769.42,EUR
Ernest,Burns,eburns36@pbs.org,China,Male,Tuanjie,Livetube,11967.05,CNY
Ronald,Butler,rbutler37@cdbaby.com,Bangladesh,Male,Mehendiganj,Camido,35435.72,BDT
Joseph,Gonzalez,jgonzalez38@yandex.ru,Thailand,Male,Chok Chai,Realcube,17244.83,THB
Patrick,Perez,pperez39@w3.org,Georgia,Male,Sokhumi,Rhycero,83528.69,GEL
Julie,Stevens,jstevens3a@histats.com,Syria,Female,Nubl,Realbuzz,88269.21,SYP
Andrew,Mason,amason3b@twitter.com,China,Male,Shanlian,Topiclounge,89774.58,CNY
Phillip,Pierce,ppierce3c@feedburner.com,Nigeria,Male,Panyam,Demizz,32530.99,NGN
Shirley,Peterson,speterson3d@telegraph.co.uk,Indonesia,Female,Suci Kaler,Yakidoo,63680.18,IDR
Walter,West,wwest3e@t-online.de,Colombia,Male,La Unión,Riffpedia,45402.45,COP
Mary,Morgan,mmorgan3f@netscape.com,Indonesia,Female,Warungsugan,Feedfish,4460.78,IDR
Mildred,Berry,mberry3g@salon.com,Brazil,Female,Araguari,Feedspan,33688.33,BRL
Benjamin,Dunn,bdunn3h@bloglovin.com,Dominican Republic,Male,Sabana Grande de Boyá,Viva,87198.15,DOP
Keith,Franklin,kfranklin3i@utexas.edu,Russia,Male,Staropyshminsk,Oyope,59589.30,RUB
Clarence,Meyer,cmeyer3j@nps.gov,Poland,Male,Opatówek,Buzzbean,83783.41,PLN
Earl,Stephens,estephens3k@mozilla.org,China,Male,Shuangxiqiao,Livetube,79634.83,CNY
Timothy,Taylor,ttaylor3l@examiner.com,Canada,Male,Langenburg,Thoughtblab,28205.30,CAD
Ashley,Owens,aowens3m@e-recht24.de,Greece,Female,Kalamáta,Skynoodle,49414.55,EUR
Carolyn,Griffin,cgriffin3n@aol.com,New Zealand,Female,Wellington,Topiclounge,,NZD
Martha,Freeman,mfreeman3o@ehow.com,Czech Republic,Female,Hudlice,Twitterbridge,86371.97,CZK
Martin,Ramos,mramos3p@weebly.com,China,Male,Dahuangwei,Twiyo,62153.34,CNY
Wayne,Banks,wbanks3q@columbia.edu,Czech Republic,Male,Telč,Babbleblab,,CZK
Patrick,Hughes,phughes3r@cafepress.com,Brazil,Male,Bento Gonçalves,Kanoodle,18991.43,BRL
Norma,Torres,ntorres3s@livejournal.com,Indonesia,Female,Kotabumi,Zoomcast,6179.03,IDR
Christine,Burton,cburton3t@cisco.com,Indonesia,Female,Ciusul,Jayo,37942.41,IDR
Deborah,Williamson,dwilliamson3u@answers.com,China,Female,Huwan,Lazz,29615.97,CNY
Kathryn,Mason,kmason3v@plala.or.jp,Czech Republic,Female,Odolena Voda,Yodoo,95522.32,CZK
Kimberly,Long,klong3w@ocn.ne.jp,Philippines,Female,Balas,Yakitri,33899.74,PHP
Matthew,White,mwhite3x@marriott.com,Indonesia,Male,Sruni,Skyvu,68879.03,IDR
Jack,Cook,jcook3y@csmonitor.com,Brazil,Male,Tabira,Fivebridge,33031.95,BRL
Henry,Black,hblack3z@networksolutions.com,Mexico,Male,Emiliano Zapata,Tekfly,9575.75,MXN
Kelly,Reyes,kreyes40@opera.com,Poland,Female,Mierzęcice,Browsetype,45142.02,PLN
Russell,Medina,rmedina41@ucla.edu,Indonesia,Male,Sleman,Thoughtworks,48979.61,IDR
Andrea,Collins,acollins42@list-manage.com,China,Female,Xincun,Skinte,71231.80,CNY
Sarah,Harper,sharper43@hao123.com,Philippines,Female,Herrera,Jaxbean,88903.06,PHP
Richard,Gardner,rgardner44@deliciousdays.com,Russia,Male,Budagovo,Roombo,67748.26,RUB
Billy,Perkins,bperkins45@scribd.com,China,Male,Antou,Flashspan,91161.05,CNY
Cynthia,White,cwhite46@ftc.gov,Poland,Female,Pasłęk,Livefish,12113.93,PLN
Rose,Dunn,rdunn47@miibeian.gov.cn,Peru,Female,Estique,Livetube,51318.28,PEN
Kathryn,Bryant,kbryant48@alexa.com,Panama,Female,Cusapín,Topiclounge,41892.17,PAB
George,Edwards,gedwards49@networkadvertising.org,Brazil,Male,João Pinheiro,Dynazzy,34495.58,BRL
Donald,Riley,driley4a@abc.net.au,Kazakhstan,Male,Tekeli,Jazzy,87005.82,KZT
Linda,Peters,lpeters4b@stumbleupon.com,Canada,Female,East Angus,Mymm,3549.63,CAD
Jesse,Hudson,jhudson4c@cbslocal.com,Malawi,Male,Mangochi,Photobug,85678.96,MWK
Donna,Burton,dburton4d@tuttocitta.it,Kuwait,Female,Al Jahrā’,Bubblebox,88827.62,KWD
Roger,Palmer,rpalmer4e@nbcnews.com,China,Male,Buyun,Eabox,95332.30,CNY
Alice,Bowman,abowman4f@unc.edu,Indonesia,Female,Banjar Laing,Devpoint,20586.13,IDR
Joyce,Fields,jfields4g@java.com,Croatia,Female,Buzet,Jetwire,93551.57,HRK
Jennifer,Fowler,jfowler4h@biglobe.ne.jp,Indonesia,Female,Jami,Jaxbean,29461.24,IDR
Joan,Jacobs,jjacobs4i@ucoz.ru,Mauritius,Female,Centre de Flacq,Livefish,20253.68,MUR
Steven,Washington,swashington4j@mtv.com,China,Male,Huaniao,Wikizz,19529.11,CNY
Mary,Mcdonald,mmcdonald4k@businesswire.com,Indonesia,Female,Rawaglagah,Roomm,54393.80,IDR
Frank,King,fking4l@arizona.edu,China,Male,Dongqianhu,Kazu,1318.85,CNY
Gloria,Hunter,ghunter4m@opera.com,Honduras,Female,Chotepe,Mynte,66164.06,HNL
Linda,Clark,lclark4n@fda.gov,China,Female,Xiaogang,Skippad,20637.67,CNY
Laura,Gonzales,lgonzales4o@thetimes.co.uk,Russia,Female,Engel’s,Digitube,,RUB
Todd,Ryan,tryan4p@cafepress.com,Indonesia,Male,Hamonggolele,Jazzy,97830.93,IDR
Diane,Roberts,droberts4q@elpais.com,Myanmar,Female,Letpandan,Thoughtbridge,48178.91,MMK
Martin,Garza,mgarza4r@walmart.com,Russia,Male,Lyubokhna,Rhyzio,91459.81,RUB
Deborah,Murphy,dmurphy4s@blogs.com,China,Female,Samdo,Yoveo,,CNY
Marilyn,Alexander,malexander4t@cdc.gov,Russia,Female,Rasskazovo,Topiclounge,23656.66,RUB
Tina,Williamson,twilliamson4u@sphinn.com,Peru,Female,Pujocucho,Gabtype,87164.49,PEN
Christina,Day,cday4v@blinklist.com,Indonesia,Female,Kamal,Mydo,18519.18,IDR
Lori,Tucker,ltucker4w@soup.io,Indonesia,Female,Patimuan,Topiclounge,12366.52,IDR
Wayne,Kelly,wkelly4x@mozilla.com,China,Male,Shangyi,BlogXS,81060.71,CNY
Aaron,Jenkins,ajenkins4y@indiegogo.com,Chile,Male,Quillota,Twitterlist,,CLP
Chris,Baker,cbaker4z@xrea.com,Brazil,Male,Várzea Grande,Realmix,21231.59,BRL
Jessica,Jones,jjones50@berkeley.edu,Thailand,Female,Sawang Daen Din,Fivechat,10680.20,THB
Jane,Robinson,jrobinson51@skyrock.com,Ecuador,Female,Machala,Twitterlist,33866.72,USD
Earl,Stephens,estephens52@booking.com,Japan,Male,Ryūō,Brightdog,81714.13,JPY
Larry,Smith,lsmith53@google.ca,Indonesia,Male,Sawo,Rhynyx,98987.10,IDR
Irene,Scott,iscott54@spotify.com,Spain,Female,Badajoz,Fadeo,90107.97,EUR
William,Wagner,wwagner55@blogger.com,China,Male,Xigangzi,Gabcube,5103.05,CNY
Adam,Alvarez,aalvarez56@aol.com,Indonesia,Male,Mataraben,Oodoo,,IDR
Jacqueline,Baker,jbaker57@blogtalkradio.com,Ukraine,Female,Myhove,Voonyx,53544.49,UAH
Frances,Woods,fwoods58@hexun.com,Palestinian Territory,Female,Jayyūs,Flipbug,60981.93,ILS
Ralph,Harris,rharris59@nymag.com,Philippines,Male,Paitan,Rhycero,,PHP
Irene,Cunningham,icunningham5a@dmoz.org,Thailand,Female,Si Wilai,Rhyzio,49077.09,THB
Edward,Lopez,elopez5b@ebay.com,Ecuador,Male,Puyo,Gigabox,72559.80,USD
Justin,Ruiz,jruiz5c@symantec.com,Mauritius,Male,Triolet,Browsedrive,24631.36,MUR
Wayne,Tucker,wtucker5d@nps.gov,Peru,Male,Taquile,Roombo,38757.35,PEN
Victor,Patterson,vpatterson5e@netlog.com,Ivory Coast,Male,Tanda,Dabfeed,,XOF
Alan,Peters,apeters5f@sina.com.cn,Mongolia,Male,Javhlant,Topiclounge,51060.17,MNT
Julia,Burke,jburke5g@economist.com,China,Female,Huangbizhuang,Photobean,46835.06,CNY
Angela,Wilson,awilson5h@barnesandnoble.com,Colombia,Female,Ríohacha,Quire,89788.34,COP
Jonathan,Edwards,jedwards5i@whitehouse.gov,Czech Republic,Male,Rokytnice nad Jizerou,Buzzbean,28694.43,CZK
Kevin,Welch,kwelch5j@earthlink.net,Peru,Male,Chucatamani,Buzzdog,71756.51,PEN
Angela,Wallace,awallace5k@webs.com,Palestinian Territory,Female,Al Jīb,Realbridge,77958.69,ILS
Andrew,Harrison,aharrison5l@npr.org,Saudi Arabia,Male,Al Jumūm,Lajo,70081.07,SAR
Aaron,Mccoy,amccoy5m@spotify.com,Russia,Male,Svetlogorsk,InnoZ,88801.48,RUB
Nicholas,Marshall,nmarshall5n@g.co,Philippines,Male,Kambing,Mudo,25276.42,PHP
Chris,Stone,cstone5o@salon.com,Indonesia,Male,Cimonyong,Brightdog,1079.19,IDR
Doris,Moore,dmoore5p@discuz.net,Vietnam,Female,Trà My,Centimia,,VND
Julie,Larson,jlarson5q@mit.edu,China,Female,Wulin,Eabox,41726.59,CNY
Nicole,Young,nyoung5r@senate.gov,Vietnam,Female,Giồng Trôm,Wordtune,55548.32,VND
Larry,Ward,lward5s@hao123.com,Czech Republic,Male,Dambořice,Tazz,55190.46,CZK
Phyllis,Mitchell,pmitchell5t@businesswire.com,United States,Female,Durham,Skiptube,70755.74,USD
Melissa,Wagner,mwagner5u@time.com,Guinea,Female,Tokonou,Eimbee,23648.20,GNF
Charles,Roberts,croberts5v@mtv.com,Brazil,Male,Bela Vista,Brightbean,30656.96,BRL
Carolyn,Daniels,cdaniels5w@networksolutions.com,United States,Female,Los Angeles,Eire,65363.86,USD
Pamela,Harper,pharper5x@census.gov,Russia,Female,Chadan,Dabshots,60554.32,RUB
Janet,Frazier,jfrazier5y@google.nl,Denmark,Female,København,Buzzbean,33053.73,DKK
William,Stephens,wstephens5z@biglobe.ne.jp,Russia,Male,Shar’ya,Viva,61979.62,RUB
Peter,Henderson,phenderson60@github.io,France,Male,Suresnes,Thoughtworks,54874.75,EUR
Lawrence,Cook,lcook61@house.gov,Armenia,Male,Tandzut,Feedmix,92167.16,AMD
Brenda,Morris,bmorris62@g.co,France,Female,Carrières-sur-Seine,Midel,,EUR
Louise,Marshall,lmarshall63@ebay.com,Russia,Female,Podsineye,Quinu,93240.15,RUB
Stephen,Woods,swoods64@adobe.com,Sweden,Male,Göteborg,Centimia,89464.64,SEK
Jessica,Black,jblack65@aol.com,Poland,Female,Izbicko,Talane,20134.98,PLN
Betty,Torres,btorres66@cbsnews.com,Gambia,Female,Kunting,Twitterbridge,21144.06,GMD
Teresa,Fisher,tfisher67@ustream.tv,Germany,Female,Würzburg,Quatz,,EUR
Joseph,Thomas,jthomas68@unesco.org,Indonesia,Male,Tumpukrenteng,Rhynyx,73980.26,IDR
Pamela,Bowman,pbowman69@liveinternet.ru,Morocco,Female,Ouaoula,Demivee,,MAD
Helen,Diaz,hdiaz6a@pen.io,South Africa,Female,Adelaide,Roombo,52204.54,ZAR
Bonnie,Rose,brose6b@ed.gov,Brazil,Female,Lauro de Freitas,Thoughtblab,38691.38,BRL
Martin,Lane,mlane6c@amazon.co.uk,Russia,Male,Muravlenko,Voonder,62821.42,RUB
Debra,Spencer,dspencer6d@about.me,Venezuela,Female,El Cafetal,Linkbuzz,,VEF
Lawrence,Kelly,lkelly6e@bloglines.com,China,Male,Hepingjie,Dynabox,13303.80,CNY
Stephanie,Reyes,sreyes6f@istockphoto.com,Mexico,Female,San Agustin,Innotype,44001.78,MXN
Phyllis,Powell,ppowell6g@cloudflare.com,Philippines,Female,Santa Barbara,Dablist,8341.31,PHP
Catherine,Elliott,celliott6h@phoca.cz,Afghanistan,Female,Mūsá Qal‘ah,Devpoint,17285.75,AFN
Kelly,Austin,kaustin6i@naver.com,Russia,Female,Kargasok,Fanoodle,61042.72,RUB
Chris,Carter,ccarter6j@ted.com,China,Male,Nanyang,Tagtune,22062.29,CNY
Harold,Hicks,hhicks6k@marketwatch.com,China,Male,Tuanfeng,Youopia,75823.22,CNY
Louise,Little,llittle6l@printfriendly.com,Ukraine,Female,Torkanivka,Latz,13689.50,UAH
Billy,Washington,bwashington6m@sphinn.com,Sweden,Male,Sollebrunn,Livetube,73043.54,SEK
Daniel,Walker,dwalker6n@reddit.com,Honduras,Male,Agualote,Riffpedia,39505.50,HNL
Adam,Hunt,ahunt6o@amazonaws.com,Serbia,Male,Debeljača,Youbridge,42466.77,RSD
Denise,Kelly,dkelly6p@nyu.edu,Bahrain,Female,Madīnat Ḩamad,Janyx,72112.67,BHD
Theresa,Stanley,tstanley6q@netlog.com,Philippines,Female,Bauang,Quimm,25752.85,PHP
Lillian,Powell,lpowell6r@youtu.be,Poland,Female,Łobodno,Katz,64649.93,PLN
Joan,Armstrong,jarmstrong6s@bravesites.com,Indonesia,Female,Mander,LiveZ,82483.61,IDR
Scott,Hanson,shanson6t@mozilla.com,Portugal,Male,Caxarias,Topicstorm,19278.24,EUR
Christopher,Wheeler,cwheeler6u@nba.com,China,Male,Mawu,BlogXS,5987.13,CNY
Michelle,Woods,mwoods6v@netvibes.com,Sri Lanka,Female,Kadugannawa,Katz,63400.90,LKR
Evelyn,Bell,ebell6w@dyndns.org,China,Female,Qunsheng,Blogtag,63817.44,CNY
John,Elliott,jelliott6x@fda.gov,Philippines,Male,Libas,Quimm,51745.84,PHP
Adam,Butler,abutler6y@gnu.org,France,Male,Marly,Voonte,55364.69,EUR
Eugene,Campbell,ecampbell6z@vkontakte.ru,Indonesia,Male,Manganitu,Skyndu,59112.33,IDR
Kenneth,Chapman,kchapman70@wordpress.org,Poland,Male,Kościerzyna,Youtags,90683.32,PLN
Kathleen,Harrison,kharrison71@studiopress.com,Indonesia,Female,Muruni,Pixonyx,59534.39,IDR
Heather,Lawson,hlawson72@trellian.com,Indonesia,Female,Oetua,Edgepulse,60708.42,IDR
George,Porter,gporter73@taobao.com,Vietnam,Male,Giemdiem,Minyx,61203.25,VND
Jerry,Gibson,jgibson74@digg.com,Ukraine,Male,Semenivka,Oozz,,UAH
Eric,Owens,eowens75@joomla.org,Uzbekistan,Male,Yangiqo‘rg‘on,Kare,42796.13,UZS
Justin,Bennett,jbennett76@apple.com,Brazil,Male,Freguesia do Ribeirao da Ilha,Thoughtmix,86332.26,BRL
Brandon,Hicks,bhicks77@sitemeter.com,Dominican Republic,Male,Gonzalo,Shufflester,31790.98,DOP
Howard,Lewis,hlewis78@indiegogo.com,Brazil,Male,Tamandaré,Meevee,9052.58,BRL
Martin,Diaz,mdiaz79@hhs.gov,China,Male,Chenxikou,Trunyx,9621.23,CNY
Christina,Jordan,cjordan7a@csmonitor.com,Pakistan,Female,Jahāniān Shāh,Livefish,95920.44,PKR
Wayne,Bryant,wbryant7b@dion.ne.jp,China,Male,Baizhang,Skipfire,59279.60,CNY
Amanda,Johnston,ajohnston7c@nba.com,Moldova,Female,Căuşeni,Fivebridge,8938.48,MDL
Evelyn,Hayes,ehayes7d@wufoo.com,Myanmar,Female,Myanaung,Yodoo,16701.27,MMK
Barbara,Nelson,bnelson7e@spiegel.de,China,Female,Xiaoshun,Thoughtstorm,45589.35,CNY
Douglas,Schmidt,dschmidt7f@blogs.com,Kazakhstan,Male,Zhangaqorghan,Skinder,,KZT
Willie,Fuller,wfuller7g@icio.us,Indonesia,Male,Krajansumbermujur,Jaxbean,9769.92,IDR
Russell,Perez,rperez7h@ucoz.ru,Vietnam,Male,Gio Linh,Tagpad,,VND
Shirley,Larson,slarson7i@goo.gl,Ireland,Female,Cabinteely,Browsedrive,4753.53,EUR
Robin,Austin,raustin7j@answers.com,Indonesia,Female,Kabongan Kidul,Vitz,38255.87,IDR
Peter,Montgomery,pmontgomery7k@thetimes.co.uk,Kyrgyzstan,Male,Iradan,Dazzlesphere,47866.13,KGS
Jimmy,King,jking7l@wikimedia.org,Liechtenstein,Male,Schaan,Meevee,,CHF
Alan,Dixon,adixon7m@ning.com,Mongolia,Male,Bayanhoshuu,Gabspot,83810.50,MNT
Judith,Moreno,jmoreno7n@lulu.com,Cameroon,Female,Obala,Feednation,65965.29,XAF
Jason,Payne,jpayne7o@vk.com,China,Male,Shanghu,Thoughtsphere,10614.39,CNY
Victor,Henderson,vhenderson7p@google.de,France,Male,Saint-Ouen,Bluejam,50083.43,EUR
Bruce,Tucker,btucker7q@yolasite.com,Tanzania,Male,Mgandu,Skaboo,47870.63,TZS
Mildred,Cooper,mcooper7r@smh.com.au,China,Female,Hepingyizu,Oyonder,4042.99,CNY
Wayne,Payne,wpayne7s@yellowbook.com,France,Male,Roscoff,Wikizz,30643.50,EUR
Joshua,Ortiz,jortiz7t@craigslist.org,Indonesia,Male,Kalate,Buzzbean,29823.02,IDR
Elizabeth,Lawrence,elawrence7u@accuweather.com,Malta,Female,Victoria,Trudoo,11491.37,EUR
Victor,Bell,vbell7v@smugmug.com,Honduras,Male,Agalteca,Myworks,,HNL
Mary,Powell,mpowell7w@marriott.com,Peru,Female,Chinchero,Reallinks,6205.82,PEN
Louise,Mitchell,lmitchell7x@smugmug.com,China,Female,Liuhou,Eabox,,CNY
Fred,Cox,fcox7y@netlog.com,Indonesia,Male,Anyar,Zooveo,77119.09,IDR
Pamela,Kennedy,pkennedy7z@yellowpages.com,China,Female,Shimen,Kazu,81472.86,CNY
Lawrence,Perez,lperez80@jimdo.com,Armenia,Male,Yeghegnut,Chatterbridge,65654.36,AMD
Charles,Lawson,clawson81@webnode.com,Netherlands,Male,Heerlen,Tagchat,59808.65,EUR
Annie,King,aking82@phoca.cz,Greece,Female,Melíti,Blogpad,73299.69,EUR
Katherine,Nelson,knelson83@yale.edu,Indonesia,Female,Banjar Kawan,Devpulse,85951.59,IDR
Sarah,Moreno,smoreno84@cisco.com,Uganda,Female,Kyegegwa,Livetube,29103.33,UGX
Ruby,Jacobs,rjacobs85@reference.com,United States,Female,Lawrenceville,Youopia,52566.57,USD
Russell,Stanley,rstanley86@mapy.cz,Poland,Male,Jabłonowo Pomorskie,Fatz,24804.89,PLN
Larry,Ross,lross87@hao123.com,Russia,Male,Sergeyevka,Meezzy,73809.34,RUB
Julia,Gonzales,jgonzales88@stanford.edu,Syria,Female,Bulbul,Geba,,SYP
Paula,Graham,pgraham89@europa.eu,Brazil,Female,Jaboticabal,Feedfire,,BRL
Patricia,Evans,pevans8a@senate.gov,Pakistan,Female,Jāmpur,Livefish,65780.08,PKR
Kimberly,Long,klong8b@liveinternet.ru,Czech Republic,Female,Louka,Dabtype,2755.71,CZK
Angela,Mitchell,amitchell8c@aol.com,Indonesia,Female,Kaca,Topicstorm,76311.75,IDR
Deborah,Freeman,dfreeman8d@un.org,Portugal,Female,Ourozinho,Roombo,58979.69,EUR
Robin,Howell,rhowell8e@godaddy.com,Indonesia,Female,Kajanan,Browsezoom,9869.29,IDR
Timothy,Ward,tward8f@people.com.cn,Philippines,Male,Bunog,Browsezoom,66211.40,PHP
Wanda,Kelly,wkelly8g@walmart.com,Indonesia,Female,Tampekan,Yodo,45872.63,IDR
Phillip,Daniels,pdaniels8h@bloglovin.com,Indonesia,Male,Manukaka,Agimba,68351.62,IDR
Brian,Wheeler,bwheeler8i@zimbio.com,Vietnam,Male,Quận Sáu,Fivebridge,83482.50,VND
Louise,Boyd,lboyd8j@ihg.com,China,Female,Qufu,Gigazoom,36070.37,CNY
Justin,Ford,jford8k@buzzfeed.com,Colombia,Male,Floresta,Bluezoom,50111.07,COP
Gloria,Collins,gcollins8l@oracle.com,China,Female,Beiling,Dabjam,69542.04,CNY
Charles,Perkins,cperkins8m@naver.com,Ukraine,Male,Uyutne,Oyondu,55688.79,UAH
Juan,Simmons,jsimmons8n@google.com.hk,Mongolia,Male,Öndörhoshuu,Devpulse,41931.58,MNT
Clarence,Hart,chart8o@loc.gov,Argentina,Male,Catriló,Babblestorm,81261.31,ARS
Edward,Daniels,edaniels8p@edublogs.org,Indonesia,Male,Imaan,Ntags,21050.03,IDR
Jerry,Hamilton,jhamilton8q@google.com.au,Russia,Male,Znamenskoye,Voonte,80562.65,RUB
Barbara,Flores,bflores8r@columbia.edu,Ukraine,Female,Lysyanka,Thoughtstorm,68712.04,UAH
Jose,Ortiz,jortiz8s@yolasite.com,Sweden,Male,Borlänge,Dabshots,93590.46,SEK
Lisa,Ross,lross8t@vk.com,China,Female,Zhu’ao,Voonte,56668.58,CNY
Catherine,Allen,callen8u@technorati.com,China,Female,Dongbian,Kazio,47040.10,CNY
Harry,Lopez,hlopez8v@shop-pro.jp,Malaysia,Male,Kuala Terengganu,Gigaclub,8506.75,MYR
Carolyn,Watson,cwatson8w@sciencedaily.com,Jamaica,Female,Ulster Spring,Browsezoom,56980.03,JMD
Norma,Perez,nperez8x@nationalgeographic.com,Tonga,Female,Haveluloto,Cogilith,61628.28,TOP
Harold,Dixon,hdixon8y@4shared.com,Sweden,Male,Båstad,Mynte,55584.81,SEK
Katherine,Morris,kmorris8z@slashdot.org,Iran,Female,Jongīyeh,Blogpad,30117.96,IRR
Paula,Davis,pdavis90@cnbc.com,Indonesia,Female,Liliba,Katz,39794.56,IDR
John,Cunningham,jcunningham91@sohu.com,Ukraine,Male,Nikopol’,Zoovu,89179.92,UAH
Diane,Gibson,dgibson92@irs.gov,China,Female,Longping,Jabbersphere,59025.75,CNY
Rose,Allen,rallen93@angelfire.com,Portugal,Female,Luz de Tavira,Realfire,3070.86,EUR
Bruce,Henderson,bhenderson94@plala.or.jp,Sweden,Male,Huddinge,Zooveo,,SEK
Harold,Morgan,hmorgan95@seesaa.net,Brazil,Male,Petrópolis,Rhyzio,54006.30,BRL
Angela,Hudson,ahudson96@etsy.com,France,Female,Marseille,Livefish,22761.58,EUR
Sean,Hawkins,shawkins97@cisco.com,Trinidad and Tobago,Male,Paradise,Reallinks,10320.53,TTD
Kathy,Owens,kowens98@ihg.com,Brazil,Female,Serra Negra,Quimm,14058.06,BRL
Ernest,Cunningham,ecunningham99@usatoday.com,Nigeria,Male,Ogoja,Quimm,20835.41,NGN
Susan,Bowman,sbowman9a@aol.com,Brazil,Female,Chapadinha,Gigaclub,12058.95,BRL
Russell,Murphy,rmurphy9b@businessinsider.com,Afghanistan,Male,Farah,Riffwire,96245.17,AFN
Julie,Armstrong,jarmstrong9c@utexas.edu,Philippines,Female,Calamba,Meedoo,3572.48,PHP
Margaret,Bradley,mbradley9d@ifeng.com,Brazil,Female,Fonte Boa,Wikivu,,BRL
Dorothy,Boyd,dboyd9e@barnesandnoble.com,Malaysia,Female,Kuching,Voonder,,MYR
Matthew,Murray,mmurray9f@multiply.com,Brazil,Male,Campos Belos,Izio,31837.52,BRL
Albert,Austin,aaustin9g@theglobeandmail.com,Russia,Male,Lakha Nëvre,Eadel,30837.03,RUB
Thomas,Edwards,tedwards9h@hexun.com,Uruguay,Male,Paso de Carrasco,Twitternation,95650.72,UYU
Aaron,Roberts,aroberts9i@nationalgeographic.com,Russia,Male,Urshel’skiy,Tagopia,91279.91,RUB
Stephen,Armstrong,sarmstrong9j@4shared.com,Russia,Male,Satis,Yoveo,32553.08,RUB
Andrea,Dixon,adixon9k@dagondesign.com,Dominican Republic,Female,Ensanche Luperón,Lazz,38279.03,DOP
Andrea,Fisher,afisher9l@salon.com,Nicaragua,Female,Granada,Demizz,95437.89,NIO
Paula,Wallace,pwallace9m@si.edu,Indonesia,Female,Banjar Yehsatang,Quimm,47440.07,IDR
Patricia,Snyder,psnyder9n@unicef.org,Cuba,Female,Regla,Kanoodle,18996.32,CUP
Lori,Harvey,lharvey9o@tumblr.com,Albania,Female,Fier,Voonix,94391.68,ALL
Beverly,Gordon,bgordon9p@4shared.com,Peru,Female,Muquiyauyo,Twinte,22490.24,PEN
Bobby,Kelley,bkelley9q@buzzfeed.com,Portugal,Male,São Paio de Seide,Bluejam,41916.36,EUR
Maria,Burton,mburton9r@abc.net.au,Russia,Female,Tankhoy,Meevee,,RUB
Lori,Baker,lbaker9s@skype.com,Greece,Female,Mesopotamía,Photojam,64998.24,EUR
Shirley,Hawkins,shawkins9t@un.org,Indonesia,Female,Golek,Skaboo,78943.86,IDR
Helen,Powell,hpowell9u@php.net,Azerbaijan,Female,Kyurdarmir,Blogpad,53722.84,AZN
Albert,Kim,akim9v@google.com.br,China,Male,Cangshan,Livefish,93094.40,CNY
Kevin,Little,klittle9w@linkedin.com,Colombia,Male,Guamo,Linklinks,40644.28,COP
Sharon,Mendoza,smendoza9x@goo.ne.jp,Namibia,Female,Tsumeb,Leenti,55766.91,NAD
Mildred,Moore,mmoore9y@google.cn,Albania,Female,Luftinjë,Meevee,13168.64,ALL
Gary,Garcia,ggarcia9z@so-net.ne.jp,Pakistan,Male,Kālābāgh,Yotz,45377.14,PKR
Benjamin,West,bwesta0@yale.edu,China,Male,Honglu,Fivespan,42839.50,CNY
Janet,Williams,jwilliamsa1@seesaa.net,Russia,Female,Shirokaya Rechka,Voomm,42106.37,RUB
Andrew,Moreno,amorenoa2@sbwire.com,Peru,Male,Huallanca,Edgeclub,61852.38,PEN
Emily,Garrett,egarretta3@pbs.org,Canada,Female,Willowdale,Quinu,48925.88,CAD
Samuel,Johnson,sjohnsona4@w3.org,Honduras,Male,Jiquinlaca,Vidoo,20827.07,HNL
Willie,Ramirez,wramireza5@ftc.gov,China,Male,Fangyan,Myworks,,CNY
Wanda,Morgan,wmorgana6@google.it,China,Female,Hanting,Fadeo,12667.18,CNY
Betty,Henderson,bhendersona7@angelfire.com,United States,Female,Reston,Oba,28941.76,USD
Shirley,Holmes,sholmesa8@ucsd.edu,Czech Republic,Female,Kout na Šumavě,Youopia,39927.57,CZK
Juan,Reed,jreeda9@ycombinator.com,China,Male,Fengcheng,Livepath,,CNY
Laura,Mendoza,lmendozaaa@free.fr,Brazil,Female,Itaúna,Thoughtbridge,95078.46,BRL
Bonnie,Oliver,boliverab@eepurl.com,China,Female,Caigongzhuang,Yambee,58052.91,CNY
Kevin,Hall,khallac@columbia.edu,China,Male,Pingshui,Wikivu,15045.64,CNY
Arthur,Wilson,awilsonad@china.com.cn,China,Male,Jizhou,Yamia,73218.07,CNY
Helen,Morris,hmorrisae@goodreads.com,Indonesia,Female,Krajan,Tekfly,64364.03,IDR
Andrea,Cooper,acooperaf@msu.edu,Brazil,Female,Areado,Lazz,,BRL
Wayne,Russell,wrussellag@bbc.co.uk,Argentina,Male,Capitán Bermúdez,Lajo,31766.59,ARS
Billy,Day,bdayah@huffingtonpost.com,Ukraine,Male,Stepanivka,Quatz,11454.73,UAH
George,Banks,gbanksai@vk.com,Mexico,Male,Los Fresnos,Bubbletube,87466.93,MXN
Rebecca,Johnston,rjohnstonaj@ted.com,China,Female,Chumen,Trunyx,45522.81,CNY
Jack,Howell,jhowellak@soup.io,Brazil,Male,Balsas,Youfeed,29012.23,BRL
Terry,Black,tblackal@mapy.cz,Poland,Male,Wojsławice,Mydo,92933.64,PLN
Ann,Nichols,anicholsam@bbb.org,Philippines,Female,Manaoag,Brainsphere,66612.73,PHP
Jane,Gordon,jgordonan@tiny.cc,Portugal,Female,Estrada,Youspan,95867.62,EUR
Anne,Bryant,abryantao@shareasale.com,Mexico,Female,San Isidro,Tazz,10550.80,MXN
Paul,Bowman,pbowmanap@yahoo.com,Sweden,Male,Sölvesborg,Gevee,15580.54,SEK
Ashley,Lane,alaneaq@xrea.com,Russia,Female,Gaptsakh,Jabbertype,76706.11,RUB
Joshua,Jacobs,jjacobsar@seattletimes.com,Indonesia,Male,Tanjung Pandan,Buzzbean,98342.35,IDR
Lillian,Davis,ldavisas@slideshare.net,Norway,Female,Ålesund,Kayveo,96390.03,NOK
Michelle,Willis,mwillisat@imdb.com,Colombia,Female,Lérida,Quatz,26650.80,COP
Rebecca,Mendoza,rmendozaau@mtv.com,Germany,Female,München,Eare,79225.78,EUR
Louis,Perkins,lperkinsav@theatlantic.com,China,Male,Xigangzi,Aivee,58861.08,CNY
Martin,Campbell,mcampbellaw@google.com,Portugal,Male,Paço de Arcos,Agivu,30766.45,EUR
Heather,Williamson,hwilliamsonax@barnesandnoble.com,Colombia,Female,Anolaima,Voolia,20733.23,COP
Todd,George,tgeorgeay@hp.com,China,Male,Wenquan,Quire,78772.86,CNY
Julie,Graham,jgrahamaz@altervista.org,Cameroon,Female,Mbalmayo,Jabbersphere,53623.50,XAF
Phillip,Coleman,pcolemanb0@taobao.com,China,Male,Lingxi,Yadel,49127.09,CNY
Justin,Cooper,jcooperb1@flickr.com,Brazil,Male,Santarém,Photolist,77589.38,BRL
William,Riley,wrileyb2@youtu.be,China,Male,Shunling,Skinix,52215.94,CNY
Sandra,Edwards,sedwardsb3@examiner.com,Sweden,Female,Sollefteå,Wikibox,50539.38,SEK
James,Martinez,jmartinezb4@npr.org,Philippines,Male,Kotkot,Zoozzy,,PHP
Joan,Rivera,jriverab5@csmonitor.com,Ukraine,Female,Bibrka,Eabox,,UAH
Raymond,Kennedy,rkennedyb6@icq.com,Indonesia,Male,Krajan Srigonco,Yakijo,29962.54,IDR
Gloria,Hayes,ghayesb7@nasa.gov,France,Female,Orléans,Edgepulse,7003.81,EUR
John,Davis,jdavisb8@geocities.com,Tanzania,Male,Tabora,Linklinks,82287.18,TZS
Andrea,Gonzales,agonzalesb9@technorati.com,Poland,Female,Karsin,Brightdog,,PLN
Mark,Chavez,mchavezba@illinois.edu,Albania,Male,Bulqizë,Brainlounge,73074.24,ALL
Bruce,Hayes,bhayesbb@ftc.gov,Indonesia,Male,Kampungmasjid,Blogpad,63165.57,IDR
George,Diaz,gdiazbc@tamu.edu,Vietnam,Male,Núi Sập,Minyx,44301.40,VND
Christopher,Gonzalez,cgonzalezbd@foxnews.com,Sweden,Male,Ånge,Thoughtblab,,SEK
Ruby,Bowman,rbowmanbe@prnewswire.com,Japan,Female,Akune,Gigabox,19061.26,JPY
Kathy,Elliott,kelliottbf@people.com.cn,Honduras,Female,Monterrey,Wikizz,39148.92,HNL
Christine,Willis,cwillisbg@elpais.com,Nigeria,Female,Gwadabawa,Geba,,NGN
Paul,Fernandez,pfernandezbh@hibu.com,Philippines,Male,Kauran,Yodo,98486.05,PHP
Janice,Fuller,jfullerbi@google.fr,Morocco,Female,Telouet,Jabbercube,73105.59,MAD
Henry,Lawson,hlawsonbj@army.mil,China,Male,Huilong,Kwideo,72769.38,CNY
Jimmy,Rose,jrosebk@reference.com,Japan,Male,Mitsukaidō,Jazzy,9168.80,JPY
Kevin,Murray,kmurraybl@gnu.org,Kosovo,Male,Suva Reka,Flipbug,64382.90,EUR
Wayne,Fowler,wfowlerbm@odnoklassniki.ru,Japan,Male,Nemuro,Wikibox,17349.17,JPY
William,Lane,wlanebn@google.co.uk,China,Male,Erba,Blogpad,58140.86,CNY
Gloria,Roberts,grobertsbo@apple.com,Indonesia,Female,Kalapagenep,Livetube,12205.88,IDR
Linda,Rice,lricebp@epa.gov,Russia,Female,Gribanovskiy,Pixoboo,7873.76,RUB
Billy,Morales,bmoralesbq@cbsnews.com,Thailand,Male,Pho Si Suwan,Edgewire,65975.72,THB
Donna,Cole,dcolebr@1688.com,Brazil,Female,Jaguarão,Flashset,32322.04,BRL
Norma,Dunn,ndunnbs@bloomberg.com,Poland,Female,Milanówek,Topiclounge,66868.25,PLN
Evelyn,Jordan,ejordanbt@bizjournals.com,Morocco,Female,Tarfaya,Dabfeed,75146.16,MAD
Anna,Thomas,athomasbu@ow.ly,China,Female,Jiazhuyuan,Rhyzio,31879.48,CNY
Jack,Ellis,jellisbv@google.es,Indonesia,Male,Tapan,Divavu,10326.61,IDR
Gerald,Williams,gwilliamsbw@fda.gov,Croatia,Male,Vrsi,Skaboo,11350.90,HRK
Paul,Evans,pevansbx@indiatimes.com,Philippines,Male,Solana,Ntags,,PHP
Tammy,Carpenter,tcarpenterby@ucla.edu,Brazil,Female,Auriflama,Voomm,43479.31,BRL
Phyllis,Hart,phartbz@webmd.com,China,Female,Pingshanhu,Lazzy,50981.28,CNY
Frances,Wagner,fwagnerc0@domainmarket.com,Greece,Female,Diónysos,Topicstorm,26820.34,EUR
Cheryl,Little,clittlec1@ustream.tv,China,Female,Zhangxiong,Fiveclub,,CNY
Amanda,Carroll,acarrollc2@ask.com,China,Female,Taoyang,Lazzy,,CNY
Christopher,Bishop,cbishopc3@usgs.gov,Russia,Male,Asino,Trunyx,55471.75,RUB
Shawn,Peters,spetersc4@php.net,China,Male,Yancheng,Edgeify,29145.95,CNY
Carl,Larson,clarsonc5@amazon.de,Philippines,Male,Boñgalon,Photojam,22995.38,PHP
Tina,Richardson,trichardsonc6@shutterfly.com,Brazil,Female,Santa Helena,Ntag,17259.92,BRL
Justin,Phillips,jphillipsc7@gravatar.com,Mauritius,Male,Laventure,Tagpad,,MUR
Barbara,Baker,bbakerc8@shareasale.com,Indonesia,Female,Krajan Selatan,Fivespan,2415.52,IDR
Jimmy,Chapman,jchapmanc9@adobe.com,Indonesia,Male,Banjar Peguyangan,Skibox,55558.92,IDR
Fred,Wheeler,fwheelerca@wp.com,United States,Male,Saint Paul,Pixoboo,95383.40,USD
Chris,Phillips,cphillipscb@weibo.com,Russia,Male,Medvedevo,Gevee,93686.82,RUB
David,Thomas,dthomascc@cisco.com,Philippines,Male,Maanas,Riffpedia,96394.04,PHP
Susan,Johnson,sjohnsoncd@oaic.gov.au,Thailand,Female,Nong Bua Daeng,Fivechat,18750.66,THB
Lillian,Mills,lmillsce@indiegogo.com,China,Female,Fanzhen,Twitterwire,20096.19,CNY
Ralph,Martinez,rmartinezcf@ovh.net,Portugal,Male,Aveiras de Cima,Topicshots,83336.26,EUR
Evelyn,Oliver,eolivercg@plala.or.jp,China,Female,Xinbu,Buzzster,,CNY
Larry,Murphy,lmurphych@thetimes.co.uk,Poland,Male,Klonowa,Layo,8693.68,PLN
Diana,Shaw,dshawci@storify.com,Russia,Female,Pryazha,Topicstorm,51715.80,RUB
Lawrence,Roberts,lrobertscj@virginia.edu,Indonesia,Male,Taen Tengah,Photospace,69357.21,IDR
Jonathan,Collins,jcollinsck@biblegateway.com,Philippines,Male,Tarlac City,Ntag,,PHP
Antonio,Dunn,adunncl@blogs.com,China,Male,Lingbeizhou,Youspan,58600.55,CNY
Andrew,Wheeler,awheelercm@arizona.edu,Brazil,Male,Criciúma,Gigashots,55324.14,BRL
David,Austin,daustincn@shutterfly.com,Indonesia,Male,Semongkat,Skipfire,21610.44,IDR
Eric,Gray,egrayco@senate.gov,China,Male,Huagu,BlogXS,68038.24,CNY
Nicole,George,ngeorgecp@naver.com,Russia,Female,Vyborg,Rhynyx,87399.73,RUB
Robin,Reed,rreedcq@facebook.com,China,Female,Dongjiao,Kwimbee,69541.27,CNY
Brandon,Vasquez,bvasquezcr@hp.com,United States,Male,Detroit,Jaxspan,,USD
Mildred,Hayes,mhayescs@phoca.cz,China,Female,Wuhe Chengguanzhen,Avamba,69371.03,CNY
Lori,Stone,lstonect@reverbnation.com,Mexico,Female,Santa Cruz,Blogtag,24373.30,MXN
Ann,Jenkins,ajenkinscu@businesswire.com,Canada,Female,Bowen Island,Topiczoom,96496.14,CAD
Clarence,Wilson,cwilsoncv@wikispaces.com,China,Male,Jingzhu,Yoveo,21454.31,CNY
Linda,Williams,lwilliamscw@shutterfly.com,Vietnam,Female,Côn Sơn,Skibox,81548.76,VND
Margaret,Hawkins,mhawkinscx@multiply.com,Portugal,Female,Calvão,Wikibox,34406.75,EUR
Mary,Chavez,mchavezcy@dailymail.co.uk,Yemen,Female,Al Munīrah,Skajo,,YER
Margaret,Matthews,mmatthewscz@hubpages.com,United States,Female,Boston,Photobug,29935.93,USD
Brandon,Powell,bpowelld0@auda.org.au,Dominican Republic,Male,Comendador,Eabox,49245.08,DOP
Anna,Nelson,anelsond1@cdbaby.com,Brazil,Female,Matias Olímpio,Jaloo,31613.52,BRL
Charles,Richardson,crichardsond2@studiopress.com,Russia,Male,Ryazan’,Skidoo,69581.59,RUB
Gregory,Lane,glaned3@sciencedirect.com,China,Male,Jiguan,Kare,36674.92,CNY
Laura,Stewart,lstewartd4@squarespace.com,Portugal,Female,Seixo da Beira,Omba,60549.19,EUR
Janice,Hall,jhalld5@constantcontact.com,Albania,Female,Shezë,Realfire,71697.92,ALL
Roy,Duncan,rduncand6@youku.com,China,Male,Dianzi,Demivee,41028.94,CNY
Frances,Pierce,fpierced7@mapquest.com,Argentina,Female,Ingenio La Esperanza,Cogidoo,23493.84,ARS
James,Schmidt,jschmidtd8@google.de,Brunei,Male,Tutong,Babbleopia,68182.52,BND
Stephen,Moore,smoored9@domainmarket.com,Nepal,Male,Janakpur,Livefish,14515.56,NPR
Fred,Bowman,fbowmanda@auda.org.au,Canada,Male,Anmore,Photobug,82246.50,CAD
Lawrence,Bennett,lbennettdb@sciencedirect.com,Poland,Male,Borek,Teklist,83445.50,PLN
Philip,Olson,polsondc@unblog.fr,Vietnam,Male,Bộc Bố,Wordify,86612.92,VND
Adam,Stone,astonedd@europa.eu,France,Male,Limoges,Mita,67137.29,EUR
Emily,Hicks,ehicksde@blog.com,Angola,Female,Cuito,Fiveclub,90095.84,AOA
Steve,Morales,smoralesdf@cbsnews.com,Syria,Male,Tadmur,Flashpoint,33313.80,SYP
Jonathan,Rose,jrosedg@vinaora.com,Indonesia,Male,Roioen,Quaxo,83643.57,IDR
Clarence,Sanders,csandersdh@discuz.net,Guyana,Male,Skeldon,Meezzy,32364.67,GYD
Phillip,Long,plongdi@un.org,Peru,Male,Haquira,Avamm,72216.81,PEN
Tina,Johnston,tjohnstondj@gov.uk,Bermuda,Female,Hamilton,Realpoint,,BMD
Clarence,Gordon,cgordondk@hao123.com,Sweden,Male,Valbo,Mybuzz,81349.19,SEK
Ronald,Taylor,rtaylordl@ovh.net,China,Male,Yangxiang,Aimbu,,CNY
Stephanie,Rivera,sriveradm@macromedia.com,Portugal,Female,Memória,Fivechat,39744.99,EUR
Ryan,White,rwhitedn@addtoany.com,Poland,Male,Grabica,Youfeed,81924.48,PLN
Thomas,Richards,trichardsdo@nyu.edu,Portugal,Male,Monte de Fralães,Devshare,96185.30,EUR
Craig,Armstrong,carmstrongdp@sciencedaily.com,Japan,Male,Ōiso,Jetwire,68402.06,JPY
Michael,Austin,maustindq@free.fr,South Korea,Male,Yangp'yŏng,Dabvine,98793.20,KRW
Shawn,Gonzalez,sgonzalezdr@marketwatch.com,Philippines,Male,Boñgalon,Aimbu,10570.25,PHP
Mark,Arnold,marnoldds@nsw.gov.au,Philippines,Male,Bungsuan,Roomm,89533.04,PHP
Ralph,Bryant,rbryantdt@yellowpages.com,Russia,Male,Kosino,Eimbee,43428.09,RUB
Annie,Reynolds,areynoldsdu@engadget.com,Czech Republic,Female,Sepekov,Trilith,26919.27,CZK
Michelle,Crawford,mcrawforddv@mlb.com,Peru,Female,Ancahuasi,Twiyo,14015.01,PEN
Bobby,Fuller,bfullerdw@amazon.com,Guatemala,Male,Guazacapán,Edgewire,16034.78,GTQ
Edward,Watkins,ewatkinsdx@baidu.com,Indonesia,Male,Siumate,Oyope,16602.08,IDR
Judy,Hanson,jhansondy@state.tx.us,Japan,Female,Mino,Lajo,49522.22,JPY
Earl,Payne,epaynedz@twitpic.com,Philippines,Male,Halayhayin,Voonyx,71127.49,PHP
Heather,Gilbert,hgilberte0@bing.com,China,Female,Jixing,Fatz,7827.41,CNY
Jacqueline,Bell,jbelle1@zdnet.com,Philippines,Female,Pandan,Omba,83748.19,PHP
Timothy,Reyes,treyese2@trellian.com,Russia,Male,Omsukchan,Tambee,15020.91,RUB
Ruby,Daniels,rdanielse3@blogger.com,Finland,Female,Outokumpu,Youspan,,EUR
Mary,Gordon,mgordone4@technorati.com,Sweden,Female,Gamleby,Rhynoodle,19091.85,SEK
Albert,Perkins,aperkinse5@hp.com,Russia,Male,Grecheskoye,Layo,21491.47,RUB
Paul,Lane,planee6@posterous.com,Philippines,Male,Union,Riffpath,96124.98,PHP
Frances,Harris,fharrise7@istockphoto.com,Portugal,Female,Mértola,Flashdog,44231.29,EUR
Randy,Butler,rbutlere8@theguardian.com,Argentina,Male,Yerba Buena,Mydeo,7340.58,ARS
Dorothy,Hart,dharte9@e-recht24.de,Indonesia,Female,Rukunlima Bawah,Vidoo,2916.57,IDR
Juan,Kelley,jkelleyea@abc.net.au,Ethiopia,Male,Metahāra,Jabbersphere,46964.16,ETB
Jane,Ryan,jryaneb@epa.gov,Portugal,Female,Portelinha,Devpulse,81656.14,EUR
Harry,Mills,hmillsec@nba.com,Peru,Male,Pocsi,Gabtype,64315.10,PEN
Diane,Hanson,dhansoned@tinyurl.com,Mongolia,Female,Tsagaan-Owoo,Realbridge,80751.24,MNT
Wanda,Freeman,wfreemanee@elpais.com,Brazil,Female,Osasco,Tavu,70294.65,BRL
Susan,Murray,smurrayef@nsw.gov.au,Indonesia,Female,Tawangsari,Skalith,13642.86,IDR
Mark,Harris,mharriseg@globo.com,Burundi,Male,Bubanza,Katz,19266.93,BIF
Walter,Carter,wcartereh@biblegateway.com,Georgia,Male,Zhinvali,Yombu,91381.98,GEL
Kimberly,Martin,kmartinei@narod.ru,China,Female,Hekou,Jabbertype,52565.48,CNY
Randy,White,rwhiteej@columbia.edu,China,Male,Yingchun,Livetube,72799.93,CNY
Amanda,Wheeler,awheelerek@plala.or.jp,Norway,Female,Harstad,Zoomdog,30795.43,NOK
Louis,Lynch,llynchel@businessinsider.com,France,Male,Lille,Dynabox,88831.88,EUR
Lori,Gonzales,lgonzalesem@g.co,Indonesia,Female,Sindang,Abatz,13962.66,IDR
Rebecca,Henderson,rhendersonen@goodreads.com,China,Female,Fengzhou,Omba,81754.18,CNY
Michael,Hanson,mhansoneo@csmonitor.com,Morocco,Male,Sidi Smaïl,Minyx,18629.64,MAD
Elizabeth,Burns,eburnsep@whitehouse.gov,China,Female,Jindou,Dabtype,49593.74,CNY
Juan,Duncan,jduncaneq@a8.net,Portugal,Male,Venda do Valador,Thoughtbridge,58565.61,EUR
Sara,Anderson,sandersoner@vkontakte.ru,Nigeria,Female,Kano,Linktype,39141.29,NGN
Judith,James,jjameses@desdev.cn,South Africa,Female,Cala,Tanoodle,7153.31,ZAR
Todd,Ford,tfordet@latimes.com,Indonesia,Male,Sukahening,Latz,49311.31,IDR
Gloria,Stephens,gstephenseu@si.edu,Malawi,Female,Blantyre,Gevee,,MWK
Shawn,Rodriguez,srodriguezev@histats.com,Indonesia,Male,Seputih,Roodel,72833.36,IDR
Sharon,Jones,sjonesew@imgur.com,Thailand,Female,Sakon Nakhon,Gigabox,54078.95,THB
Sean,Garrett,sgarrettex@last.fm,Indonesia,Male,Banjar Ponggang,Topicshots,,IDR
Craig,Morales,cmoralesey@home.pl,Vietnam,Male,Thị Trấn Tủa Chùa,Meembee,21676.59,VND
Catherine,Simpson,csimpsonez@comsenz.com,Colombia,Female,Puerto Boyacá,Shufflebeat,7812.08,COP
William,Fernandez,wfernandezf0@ucsd.edu,China,Male,Dongyangzhen,Abata,,CNY
Christopher,Wheeler,cwheelerf1@bloglovin.com,Portugal,Male,Igreja,Divanoodle,79616.92,EUR
Juan,Morgan,jmorganf2@privacy.gov.au,Kazakhstan,Male,Oral,Gabcube,69651.78,KZT
Gregory,Murphy,gmurphyf3@list-manage.com,Tanzania,Male,Butiama,Skajo,21856.60,TZS
Diane,Carter,dcarterf4@cargocollective.com,Philippines,Female,Mambago,Abata,38494.79,PHP
Christina,Anderson,candersonf5@shinystat.com,Indonesia,Female,Tonggakjati,Demivee,,IDR
Ann,Arnold,aarnoldf6@ucoz.ru,Russia,Female,Dubinino,Chatterpoint,58291.09,RUB
Mary,Hayes,mhayesf7@marketwatch.com,Croatia,Female,Markušica,Yombu,55764.78,HRK
John,Morrison,jmorrisonf8@deviantart.com,Portugal,Male,Carpalho,Yakitri,61915.00,EUR
Ashley,Wood,awoodf9@gizmodo.com,China,Female,Heling,Fanoodle,602.23,CNY
Adam,Chapman,achapmanfa@mysql.com,Armenia,Male,Kotayk’,Fivespan,79550.08,AMD
Robin,Henderson,rhendersonfb@chron.com,Philippines,Female,Calumpang,Kaymbo,58005.65,PHP
Donna,Fisher,dfisherfc@oaic.gov.au,Luxembourg,Female,Schengen,Vinder,,EUR
Emily,Russell,erussellfd@youku.com,Indonesia,Female,Padaan,Meemm,78633.85,IDR
Bruce,Harvey,bharveyfe@miitbeian.gov.cn,South Africa,Male,Dewetsdorp,Jaxspan,86368.56,ZAR
William,Bell,wbellff@wikispaces.com,Colombia,Male,Apartadó,Nlounge,77139.19,COP
Theresa,Stanley,tstanleyfg@mit.edu,Norway,Female,Oslo,Mynte,95534.44,NOK
Carolyn,Perez,cperezfh@163.com,Poland,Female,Chełm,Devbug,97403.57,PLN
Wayne,Henderson,whendersonfi@wired.com,Panama,Male,El Espino,Fadeo,75082.37,PAB
Kevin,Hernandez,khernandezfj@furl.net,Philippines,Male,Bolo,Linklinks,13366.49,PHP
Samuel,Fuller,sfullerfk@cdbaby.com,China,Male,Nangxian,Dazzlesphere,46433.97,CNY
Judith,Allen,jallenfl@hatena.ne.jp,Sweden,Female,Vellinge,Roodel,42994.40,SEK
David,Porter,dporterfm@github.io,Philippines,Male,Isulan,Buzzshare,66223.98,PHP
Janice,Wagner,jwagnerfn@instagram.com,Indonesia,Female,Tampekan,Zoomzone,54004.30,IDR
Michelle,Fox,mfoxfo@livejournal.com,Paraguay,Female,Itauguá,Yakijo,34303.22,PYG
Brandon,Watson,bwatsonfp@purevolume.com,Indonesia,Male,Sruki,Riffpedia,80704.20,IDR
Lisa,Bowman,lbowmanfq@edublogs.org,Brazil,Female,Brasília,Tagchat,29460.41,BRL
Richard,Thompson,rthompsonfr@squarespace.com,Poland,Male,Trzcińsko Zdrój,Centidel,59877.10,PLN
Dennis,Robertson,drobertsonfs@cbsnews.com,Kyrgyzstan,Male,Kyzyl-Kyya,Buzzbean,59164.76,KGS
Ruby,Marshall,rmarshallft@bizjournals.com,Ethiopia,Female,Harar,Aimbo,41645.93,ETB
Annie,Austin,aaustinfu@hostgator.com,Indonesia,Female,Kebonan,Dynava,78590.42,IDR
Ruth,Hayes,rhayesfv@cdbaby.com,Malawi,Female,Salima,Trunyx,57027.23,MWK
Shawn,Jones,sjonesfw@simplemachines.org,Philippines,Male,Cervantes,Thoughtblab,30738.89,PHP
Donald,Stewart,dstewartfx@tmall.com,China,Male,Ning’er,Realbuzz,15460.10,CNY
Ashley,Bishop,abishopfy@oracle.com,Indonesia,Female,Banjar Yehsatang,Skipstorm,81526.07,IDR
Edward,Dixon,edixonfz@blinklist.com,Brazil,Male,Monte Carmelo,Jaxspan,27140.95,BRL
Frank,Graham,fgrahamg0@blogger.com,China,Male,Wuma,Pixoboo,46345.35,CNY
Todd,Mason,tmasong1@ifeng.com,Serbia,Male,Sremska Mitrovica,Feedfire,984.81,RSD
Thomas,Ortiz,tortizg2@creativecommons.org,Philippines,Male,Bitin,Yambee,25267.08,PHP
Janice,Mendoza,jmendozag3@sourceforge.net,Philippines,Female,Cortez,Brainbox,,PHP
Jean,Reid,jreidg4@craigslist.org,Peru,Female,Ricardo Palma,Jaxnation,2233.11,PEN
Elizabeth,Woods,ewoodsg5@tripod.com,Serbia,Female,Kučevo,Roombo,96627.16,RSD
Mildred,Medina,mmedinag6@yolasite.com,Philippines,Female,Buldon,Yakijo,11278.38,PHP
Willie,Larson,wlarsong7@taobao.com,Brazil,Male,Trindade,Voomm,,BRL
Mildred,Wagner,mwagnerg8@jigsy.com,Portugal,Female,Quinta do Anjo,Rhyloo,2124.03,EUR
Brandon,Cooper,bcooperg9@de.vu,Brazil,Male,Posse,Vinte,87477.30,BRL
Raymond,Sanders,rsandersga@jimdo.com,Afghanistan,Male,Bāgh-e Maīdān,Devbug,50456.44,AFN
Walter,Hanson,whansongb@behance.net,Argentina,Male,Carcarañá,Miboo,,ARS
Roy,Mccoy,rmccoygc@desdev.cn,Poland,Male,Skórcz,Kwilith,89498.25,PLN
Debra,Fernandez,dfernandezgd@google.fr,Brazil,Female,Franco da Rocha,Skilith,22296.85,BRL
John,Rice,jricege@hexun.com,Malaysia,Male,Kota Kinabalu,Zoomcast,20819.02,MYR
Matthew,Gibson,mgibsongf@engadget.com,Bolivia,Male,Camargo,Npath,41085.75,BOB
Jack,Garcia,jgarciagg@mysql.com,Thailand,Male,Soi Dao,Devpoint,56606.58,THB
Karen,Scott,kscottgh@cornell.edu,Croatia,Female,Zadvorsko,Jamia,71465.34,HRK
Kenneth,Fisher,kfishergi@histats.com,Indonesia,Male,Lanos,Photospace,89285.78,IDR
Sarah,Peters,spetersgj@umn.edu,Russia,Female,Alpatovo,Camimbo,527.92,RUB
Wayne,Ford,wfordgk@webmd.com,Japan,Male,Nanto-shi,Twitterbridge,64634.37,JPY
Rose,Powell,rpowellgl@state.tx.us,Christmas Island,Female,Flying Fish Cove,Wikido,,AUD
Juan,Elliott,jelliottgm@deliciousdays.com,Ukraine,Male,Gradizhsk,Realblab,50877.34,UAH
Anthony,Burke,aburkegn@yahoo.co.jp,Ivory Coast,Male,Akoupé,Twitterwire,65710.85,XOF
Angela,Hamilton,ahamiltongo@domainmarket.com,Uganda,Female,Ntungamo,Fiveclub,,UGX
Jerry,Moore,jmooregp@elegantthemes.com,Thailand,Male,Nong Muang,Eidel,46077.68,THB
Stephanie,Cunningham,scunninghamgq@zdnet.com,Poland,Female,Tarnowskie Góry,Twitterbridge,,PLN
Jacqueline,Day,jdaygr@prlog.org,Sweden,Female,Herrljunga,Edgeclub,18649.21,SEK
Theresa,Robertson,trobertsongs@guardian.co.uk,Russia,Female,Kabakovo,Twiyo,90834.93,RUB
Mildred,Andrews,mandrewsgt@gizmodo.com,Russia,Female,Idritsa,Quatz,98937.31,RUB
Jessica,Stewart,jstewartgu@adobe.com,Sweden,Female,Johanneshov,Chatterbridge,,SEK
Beverly,Green,bgreengv@webeden.co.uk,South Korea,Female,Neietsu,Kwinu,99527.43,KRW
Ruth,Lane,rlanegw@irs.gov,Argentina,Female,San Antonio,Feedfish,67727.75,ARS
Chris,Wright,cwrightgx@elegantthemes.com,Liechtenstein,Male,Planken,Bubblebox,62224.57,CHF
Emily,Marshall,emarshallgy@jalbum.net,Luxembourg,Female,Lenningen,Jetpulse,26883.56,EUR
Sean,Black,sblackgz@theguardian.com,Russia,Male,Gastello,Quaxo,99857.15,RUB
Steven,Kennedy,skennedyh0@yellowbook.com,China,Male,Daba,Yakidoo,91016.21,CNY
Robert,Sims,rsimsh1@un.org,Indonesia,Male,Bantul,Zoovu,67117.09,IDR
Gerald,Franklin,gfranklinh2@fda.gov,China,Male,Nangang,Skidoo,73995.74,CNY
Christopher,Harvey,charveyh3@gov.uk,Thailand,Male,Selaphum,Zooxo,99851.07,THB
Martha,Fields,mfieldsh4@ucsd.edu,Denmark,Female,København,Brainlounge,27934.61,DKK
Linda,Arnold,larnoldh5@umn.edu,Belarus,Female,Lyuban’,Demizz,79084.62,BYR
Victor,Young,vyoungh6@myspace.com,Poland,Male,Malczyce,Kimia,38291.51,PLN
Ronald,Cole,rcoleh7@prweb.com,Yemen,Male,Sūq Şirwāḩ,Twinder,72405.93,YER
Harry,Andrews,handrewsh8@opensource.org,United States,Male,Boise,Jayo,,USD
Catherine,Gibson,cgibsonh9@ed.gov,Indonesia,Female,Karangranjong,Meemm,77938.24,IDR
Maria,Hernandez,mhernandezha@yolasite.com,Indonesia,Female,Kepoh,Roodel,81128.51,IDR
Kimberly,Boyd,kboydhb@china.com.cn,Yemen,Female,Matnah,Edgeclub,28910.45,YER
Thomas,Butler,tbutlerhc@wired.com,Colombia,Male,Chachagüí,Avamm,75295.33,COP
Christopher,Edwards,cedwardshd@altervista.org,Ukraine,Male,Ivanivka,Skivee,71811.55,UAH
Lori,Reed,lreedhe@odnoklassniki.ru,Brazil,Female,Ubatuba,Livepath,,BRL
Gary,Lynch,glynchhf@twitter.com,China,Male,Dongkan,Browsebug,82875.54,CNY
Steven,Nichols,snicholshg@sbwire.com,Mexico,Male,San Jose,Livetube,92047.58,MXN
Brenda,Bailey,bbaileyhh@apache.org,Indonesia,Female,Jeding,Twiyo,10088.89,IDR
Mildred,Wright,mwrighthi@technorati.com,Colombia,Female,Turbaco,Jaxspan,26635.17,COP
Ashley,Gonzales,agonzaleshj@yahoo.com,France,Female,Carcassonne,Yodoo,,EUR
Joan,Barnes,jbarneshk@storify.com,Brazil,Female,Cabrobó,Yombu,99530.18,BRL
Janice,Murray,jmurrayhl@geocities.com,Indonesia,Female,Pekuncen,Jayo,46677.57,IDR
Billy,Perez,bperezhm@bloglovin.com,Uganda,Male,Sembabule,Jaxspan,19827.46,UGX
Philip,Cooper,pcooperhn@eventbrite.com,China,Male,Huangcaotuo,Thoughtsphere,10620.45,CNY
Todd,Chapman,tchapmanho@netscape.com,Thailand,Male,Laem Sing,Roodel,6093.77,THB
Earl,King,ekinghp@people.com.cn,Portugal,Male,Barra Cheia,Yakitri,,EUR
Brian,Kelley,bkelleyhq@eventbrite.com,Cyprus,Male,Peristerona,JumpXS,89978.94,EUR
Willie,Ford,wfordhr@pbs.org,China,Male,Gucun,Meemm,46213.72,CNY
Marilyn,Price,mpricehs@berkeley.edu,China,Female,Gucheng,Flipbug,96743.42,CNY
Steven,Young,syounght@tripadvisor.com,China,Male,Neiguan,Jabberstorm,82187.95,CNY
Clarence,Perkins,cperkinshu@simplemachines.org,China,Male,Maoshan,Voonder,74406.76,CNY
Susan,Thomas,sthomashv@bravesites.com,Portugal,Female,Quintã,Jaloo,61298.66,EUR
Jerry,Fernandez,jfernandezhw@umich.edu,Iran,Male,Hendījān,Aimbu,40206.64,IRR
Anne,Bradley,abradleyhx@chronoengine.com,Brazil,Female,Pedra Branca,Kaymbo,93440.78,BRL
Melissa,Clark,mclarkhy@dyndns.org,United Arab Emirates,Female,Dibba Al-Fujairah,Browsezoom,90996.45,AED
Arthur,Parker,aparkerhz@hostgator.com,Guatemala,Male,San José El Ídolo,Eare,99292.04,GTQ
Joshua,Ramirez,jramirezi0@ucsd.edu,Indonesia,Male,Kuncen,Zoombox,75159.71,IDR
Joshua,Schmidt,jschmidti1@mozilla.org,Ukraine,Male,Sambir,Pixope,70982.22,UAH
Robert,Romero,rromeroi2@alexa.com,Liberia,Male,Greenville,Flipstorm,42917.31,LRD
Louise,Sanders,lsandersi3@pagesperso-orange.fr,United States,Female,Albany,Dablist,,USD
Theresa,Bowman,tbowmani4@google.pl,China,Female,Xiting,Blogtag,398.60,CNY
Sandra,Robinson,srobinsoni5@vkontakte.ru,Norway,Female,Hamar,Yombu,6040.30,NOK
Amanda,Alvarez,aalvarezi6@stanford.edu,Kenya,Female,Maralal,Quatz,,KES
Debra,Tucker,dtuckeri7@webeden.co.uk,China,Female,Rizhao,Eire,43196.13,CNY
Jose,Ross,jrossi8@biglobe.ne.jp,Serbia,Male,Buđanovci,Agimba,58346.69,RSD
Larry,Mccoy,lmccoyi9@nih.gov,Mexico,Male,Guadalupe,Linkbridge,14972.25,MXN
Stephanie,Olson,solsonia@irs.gov,Sweden,Female,Linköping,Jaxspan,21436.88,SEK
Donna,West,dwestib@cornell.edu,Greece,Female,Áyios Yeóryios,Vitz,49436.05,EUR
Martha,Hall,mhallic@netscape.com,China,Female,Zhaobaoshan,Realblab,9122.89,CNY
Jesse,Evans,jevansid@eventbrite.com,Poland,Male,Niedzica,Rhynoodle,86707.68,PLN
Craig,Harris,charrisie@vinaora.com,Indonesia,Male,Pandat,Brainverse,29460.89,IDR
Matthew,Gordon,mgordonif@rambler.ru,France,Male,Nîmes,Fivechat,46604.45,EUR
Karen,Ross,krossig@behance.net,Russia,Female,Volgograd,Oyope,231.87,RUB
Sandra,Hall,shallih@cocolog-nifty.com,Philippines,Female,Aglipay,Aivee,18104.30,PHP
Nicole,Carpenter,ncarpenterii@csmonitor.com,Russia,Female,Ikey,Gigabox,8473.28,RUB
Alice,Black,ablackij@deliciousdays.com,United States,Female,Columbus,Quatz,62325.75,USD
Denise,Dixon,ddixonik@opensource.org,Philippines,Female,Dahay,Skynoodle,,PHP
Craig,Diaz,cdiazil@phpbb.com,Indonesia,Male,Kacangan Lor,Devpulse,14673.29,IDR
Mark,Ray,mrayim@noaa.gov,Vietnam,Male,Long Thành,Zoomlounge,96977.66,VND
Marie,Matthews,mmatthewsin@scientificamerican.com,France,Female,Cergy-Pontoise,Feedspan,20660.87,EUR
Wayne,Carr,wcarrio@nhs.uk,Canada,Male,Pickering,Twitterbeat,46546.89,CAD
Joshua,Cunningham,jcunninghamip@wikispaces.com,Pakistan,Male,Khadan Khāk,Zoonoodle,63754.74,PKR
Elizabeth,Garcia,egarciaiq@webmd.com,Hungary,Female,Pécs,Ooba,62932.17,HUF
Linda,Kelly,lkellyir@behance.net,China,Female,Suozhen,Kwinu,3732.14,CNY
Raymond,Freeman,rfreemanis@nsw.gov.au,Nigeria,Male,Danja,Rhybox,63125.31,NGN
Dennis,Collins,dcollinsit@epa.gov,Portugal,Male,Vilarinho da Castanheira,Chatterbridge,84543.40,EUR
Melissa,Fisher,mfisheriu@cnbc.com,Poland,Female,Regimin,Gabvine,,PLN
Jennifer,Harper,jharperiv@google.pl,Argentina,Female,Carlos Tejedor,Vimbo,15480.56,ARS
Bobby,Bishop,bbishopiw@boston.com,Indonesia,Male,Rato,Camido,73734.21,IDR
Sara,Hayes,shayesix@linkedin.com,Palestinian Territory,Female,Ash Shuyūkh,Photojam,86737.50,ILS
Julia,Gonzales,jgonzalesiy@hao123.com,China,Female,Xingfu,Realmix,19780.93,CNY
Antonio,Hughes,ahughesiz@paypal.com,Serbia,Male,Riđica,Zoozzy,,RSD
Rose,Fernandez,rfernandezj0@nymag.com,China,Female,Dongpu,Livepath,33904.48,CNY
Louise,Mcdonald,lmcdonaldj1@nydailynews.com,Portugal,Female,Arrepiado,Meemm,54408.58,EUR
Rachel,Fields,rfieldsj2@weebly.com,Panama,Female,La Mesa,Fadeo,29234.64,PAB
Ruth,Porter,rporterj3@usatoday.com,United States,Female,Newark,Dabvine,48251.95,USD
Helen,Payne,hpaynej4@unblog.fr,Russia,Female,Kubanskiy,DabZ,31832.08,RUB
Justin,Howard,jhowardj5@slate.com,Philippines,Male,San Miguel,Ntags,22344.63,PHP
Karen,Gardner,kgardnerj6@eepurl.com,Czech Republic,Female,Tvrdonice,Kwideo,51016.42,CZK
Jennifer,Freeman,jfreemanj7@163.com,Peru,Female,Totoral,Browsecat,89825.53,PEN
Helen,James,hjamesj8@free.fr,Japan,Female,Anjō,Layo,25947.95,JPY
Joseph,Frazier,jfrazierj9@odnoklassniki.ru,Ukraine,Male,Baturyn,Skalith,50344.48,UAH
Edward,Fowler,efowlerja@usa.gov,Brazil,Male,Pilar,Babbleopia,66364.92,BRL
Russell,Jenkins,rjenkinsjb@simplemachines.org,Russia,Male,Ishim,Babbleset,40863.31,RUB
Sandra,Bailey,sbaileyjc@wordpress.com,Papua New Guinea,Female,Tari,Skinix,49072.32,PGK
Kenneth,Bennett,kbennettjd@irs.gov,Japan,Male,Yashio-shi,Trunyx,,JPY
Joyce,Marshall,jmarshallje@google.ru,United States,Female,Fargo,Shuffledrive,32779.78,USD
Beverly,Garcia,bgarciajf@arstechnica.com,Argentina,Female,Libertador General San Martín,Trilith,11128.98,ARS
Kelly,Hunt,khuntjg@google.it,China,Female,Houping,Twitterwire,48033.37,CNY
Jonathan,Payne,jpaynejh@cyberchimps.com,France,Male,Langres,Thoughtworks,41956.76,EUR
Brian,Webb,bwebbji@google.pl,Poland,Male,Białobrzegi,Yadel,36994.98,PLN
Todd,Thompson,tthompsonjj@theglobeandmail.com,Chile,Male,Putre,Edgewire,33871.05,CLP
Thomas,Sanders,tsandersjk@goodreads.com,Argentina,Male,Crespo,Jaloo,64978.83,ARS
Christina,Williamson,cwilliamsonjl@soup.io,Armenia,Female,Ddmashen,Centimia,14799.23,AMD
Wanda,Cunningham,wcunninghamjm@unblog.fr,Guam,Female,Asan-Maina Village,Voonix,87398.79,USD
Lisa,Thomas,lthomasjn@dailymail.co.uk,China,Female,Gaotian,Brainbox,26661.70,CNY
Kelly,Moreno,kmorenojo@flavors.me,Argentina,Female,Veinticinco de Mayo,Skyvu,97043.62,ARS
Deborah,Torres,dtorresjp@jiathis.com,China,Female,Chishan,Zooxo,8881.48,CNY
Sara,Cooper,scooperjq@usda.gov,China,Female,Baisha,Quimba,42685.32,CNY
Ruby,Elliott,relliottjr@nsw.gov.au,Russia,Female,Pil’na,Rhybox,5154.93,RUB
Ernest,Hanson,ehansonjs@hp.com,South Korea,Male,Pubal,Shuffledrive,,KRW
Albert,Arnold,aarnoldjt@reverbnation.com,China,Male,Qiakeri,Skilith,98256.04,CNY
Teresa,Bryant,tbryantju@newyorker.com,China,Female,Huyu,Youopia,24465.83,CNY
Paula,Young,pyoungjv@disqus.com,Palestinian Territory,Female,Qalandiyā,Quimm,90500.03,ILS
Phyllis,Snyder,psnyderjw@1688.com,China,Female,Jinta,Pixoboo,,CNY
Ruth,Graham,rgrahamjx@github.com,Philippines,Female,Calsib,Twinder,,PHP
Earl,Thompson,ethompsonjy@dion.ne.jp,Portugal,Male,Póvoa,Skivee,86500.87,EUR
Randy,Walker,rwalkerjz@wired.com,France,Male,Briey,Yabox,75105.10,EUR
Mark,Thompson,mthompsonk0@independent.co.uk,Serbia,Male,Boka,Dablist,92900.24,RSD
Pamela,Lawrence,plawrencek1@nymag.com,Palau,Female,Ngetkib,Divanoodle,59836.90,USD
Evelyn,Perez,eperezk2@bloomberg.com,Indonesia,Female,Tumpakkepuh,Meedoo,13292.47,IDR
Justin,Stephens,jstephensk3@reuters.com,Czech Republic,Male,Ždánice,Twitterworks,71940.64,CZK
Nicholas,Harper,nharperk4@princeton.edu,North Korea,Male,Sunan,InnoZ,,KPW
Rebecca,Brooks,rbrooksk5@bandcamp.com,China,Female,Qianwei,Divanoodle,67666.16,CNY
Tammy,Crawford,tcrawfordk6@army.mil,Colombia,Female,Moñitos,Oba,79772.94,COP
Arthur,Stewart,astewartk7@oracle.com,Honduras,Male,San Diego,Zooveo,48054.82,HNL
Lois,Thomas,lthomask8@com.com,Portugal,Female,Gondifelos,Flashspan,18402.72,EUR
Gary,Hamilton,ghamiltonk9@mapy.cz,Argentina,Male,Corralito,Thoughtmix,72931.39,ARS
Martha,Cox,mcoxka@ebay.com,Russia,Female,Tayginka,Zoomlounge,82437.66,RUB
Michael,Perez,mperezkb@yellowbook.com,Somalia,Male,Bosaso,Mita,80243.32,SOS
Victor,Spencer,vspencerkc@unicef.org,Bhutan,Male,Sarpang,Blogtags,37726.94,BTN
Kathy,Russell,krussellkd@dot.gov,Canada,Female,Amherst,Tavu,85705.60,CAD
Jose,Knight,jknightke@newyorker.com,Portugal,Male,Rosais,Bluejam,55291.11,EUR
Susan,Pierce,spiercekf@parallels.com,Indonesia,Female,Karangbayat,Yodo,11548.92,IDR
Stephen,Jordan,sjordankg@tiny.cc,Brazil,Male,Suzano,Eayo,39127.97,BRL
Raymond,Murphy,rmurphykh@princeton.edu,Malaysia,Male,Alor Setar,Skyba,51244.23,MYR
Rose,Gomez,rgomezki@cornell.edu,Greece,Female,Kými,Flashset,95144.68,EUR
Stephen,Smith,ssmithkj@biglobe.ne.jp,Peru,Male,Jivia,Kayveo,24323.01,PEN
Rose,Mcdonald,rmcdonaldkk@jiathis.com,China,Female,Lianhua,Twinder,46782.59,CNY
Gerald,Willis,gwilliskl@buzzfeed.com,Angola,Male,Catumbela,Avamm,78866.77,AOA
Jonathan,Roberts,jrobertskm@abc.net.au,Cambodia,Male,Pailin,Tagtune,31083.03,KHR
Julia,White,jwhitekn@w3.org,Philippines,Female,San Vicente,Brainlounge,78466.80,PHP
Earl,Dixon,edixonko@tripadvisor.com,Czech Republic,Male,Holýšov,Eidel,,CZK
Ralph,Ellis,relliskp@earthlink.net,Trinidad and Tobago,Male,Paradise,Trudoo,21348.29,TTD
Katherine,Williams,kwilliamskq@twitter.com,Indonesia,Female,Sukamaju,Rhyzio,32076.16,IDR
Melissa,Sullivan,msullivankr@joomla.org,China,Female,Laiwu,Jazzy,54335.68,CNY
Anne,Evans,aevansks@tumblr.com,Poland,Female,Pisarzowice,Zazio,27663.75,PLN
Roy,Vasquez,rvasquezkt@irs.gov,Poland,Male,Stegna,Skynoodle,,PLN
Randy,Russell,rrussellku@t.co,Thailand,Male,Pathum Thani,Photobean,,THB
Gregory,Gonzalez,ggonzalezkv@earthlink.net,Philippines,Male,Pigcawayan,Shuffledrive,36853.74,PHP
Brenda,Gonzales,bgonzaleskw@whitehouse.gov,Suriname,Female,Moengo,Topicware,53021.96,SRD
Louise,Day,ldaykx@mac.com,Somalia,Female,Jilib,Twiyo,25747.30,SOS
Tammy,Payne,tpayneky@ox.ac.uk,Indonesia,Female,Kadugadung,LiveZ,53194.79,IDR
David,Hughes,dhugheskz@spiegel.de,New Zealand,Male,Rakaia,Ntags,17400.56,NZD
Roy,Foster,rfosterl0@domainmarket.com,Japan,Male,Kakamigahara,Babbleopia,52892.78,JPY
Larry,Fowler,lfowlerl1@eepurl.com,Grenada,Male,Saint George's,Kimia,64092.70,XCD
Carol,Wilson,cwilsonl2@hhs.gov,Indonesia,Female,Gunungkendeng,Yakidoo,90252.46,IDR
Mildred,Ramirez,mramirezl3@stanford.edu,Indonesia,Female,Sukowono,Dabfeed,36159.61,IDR
Shawn,Mccoy,smccoyl4@google.co.uk,United States,Male,Elmira,Mybuzz,,USD
Nicholas,Perez,nperezl5@flickr.com,Brazil,Male,São Luís de Montes Belos,Yozio,96477.20,BRL
Johnny,Stewart,jstewartl6@google.it,Peru,Male,San Miguel,Brainbox,71330.35,PEN
Annie,Reynolds,areynoldsl7@icq.com,Poland,Female,Wiązownica,Skimia,45565.12,PLN
Jerry,Wright,jwrightl8@latimes.com,Slovenia,Male,Šoštanj,Rhynoodle,580.88,EUR
Billy,Fowler,bfowlerl9@msn.com,Russia,Male,Smolyaninovo,Tavu,85754.39,RUB
Heather,Russell,hrussellla@meetup.com,Sweden,Female,Kristianstad,Eadel,,SEK
Arthur,Stanley,astanleylb@fotki.com,China,Male,Songjiang,Meejo,68101.78,CNY
Joyce,Grant,jgrantlc@blinklist.com,Vietnam,Female,Gò Dầu,Riffwire,8568.24,VND
Wanda,Bryant,wbryantld@addthis.com,China,Female,Tangping,Youtags,11295.54,CNY
Jeffrey,Webb,jwebble@bluehost.com,Guatemala,Male,San Antonio Huista,Blognation,13631.84,GTQ
Irene,Owens,iowenslf@seesaa.net,Germany,Female,Wetzlar,Podcat,32103.15,EUR
Raymond,Lawrence,rlawrencelg@ning.com,Sweden,Male,Sölvesborg,Twitterlist,49224.93,SEK
Janet,Green,jgreenlh@fc2.com,Portugal,Female,Seixal,Zooveo,,EUR
Nicholas,Perry,nperryli@homestead.com,France,Male,Caen,Oyonder,48745.62,EUR
Charles,Berry,cberrylj@liveinternet.ru,Greece,Male,Néa Smýrni,Brightdog,98635.77,EUR
James,Patterson,jpattersonlk@blogger.com,Iran,Male,Gonbad-e Kāvūs,Devbug,31871.18,IRR
Samuel,Bishop,sbishopll@mozilla.org,China,Male,Linchen,Thoughtbeat,42290.36,CNY
Steve,Sullivan,ssullivanlm@imageshack.us,United States,Male,Huntington,Skiba,8667.77,USD
Jason,Wagner,jwagnerln@mapquest.com,Bolivia,Male,Roboré,Realpoint,34.26,BOB
Jose,Ellis,jellislo@livejournal.com,Portugal,Male,Lobão,Kaymbo,29942.14,EUR
Catherine,Snyder,csnyderlp@fc2.com,Philippines,Female,Calinaoan Malasin,Roodel,82829.94,PHP
Alice,Alvarez,aalvarezlq@deliciousdays.com,Poland,Female,Żółkiewka,JumpXS,34940.61,PLN
Anna,Welch,awelchlr@multiply.com,China,Female,Chuandao,Pixonyx,34829.03,CNY
Benjamin,Lopez,blopezls@ox.ac.uk,China,Male,Yangcun,Omba,39149.07,CNY
Harry,Gomez,hgomezlt@indiegogo.com,Brazil,Male,Pombal,Zoovu,,BRL
Phyllis,Rogers,progerslu@cnn.com,Greece,Female,Oropós,JumpXS,19567.06,EUR
Carl,Nichols,cnicholslv@wikimedia.org,Indonesia,Male,Wonosari,Wordware,77150.51,IDR
Justin,Webb,jwebblw@google.fr,Indonesia,Male,Ngujuran,Zoomzone,31377.51,IDR
Evelyn,Frazier,efrazierlx@ebay.com,China,Female,Meiyao,Babbleset,64769.87,CNY
Steve,Henderson,shendersonly@wiley.com,Indonesia,Male,Gumuk Tengah,Meetz,60068.96,IDR
Gloria,Jackson,gjacksonlz@paginegialle.it,Philippines,Female,Cut-cut Primero,Skinix,80666.96,PHP
Billy,Dean,bdeanm0@plala.or.jp,Philippines,Male,Naagas,Demizz,94657.90,PHP
Sharon,West,swestm1@comsenz.com,Philippines,Female,Daykitin,Ainyx,87424.43,PHP
Louise,Wheeler,lwheelerm2@nba.com,Indonesia,Female,Cibitung,Skiptube,81775.96,IDR
Paula,Robinson,probinsonm3@constantcontact.com,Indonesia,Female,Paseh,Zoonder,,IDR
Christopher,Wagner,cwagnerm4@soup.io,South Korea,Male,Munsan,Brainbox,55195.35,KRW
Joyce,Richards,jrichardsm5@chicagotribune.com,China,Female,Muleng,Dablist,44575.96,CNY
Christine,Montgomery,cmontgomerym6@sitemeter.com,Indonesia,Female,Pasrukrajan Satu,Lazz,38685.96,IDR
Kathleen,Spencer,kspencerm7@tinypic.com,Peru,Female,Turpay,Yakitri,29215.50,PEN
Alice,Henry,ahenrym8@mapquest.com,China,Female,Qinxi,Skyba,30335.09,CNY
Denise,Stewart,dstewartm9@rambler.ru,Brazil,Female,Passos,Lajo,61909.14,BRL
Jimmy,Ross,jrossma@homestead.com,Ukraine,Male,Zboriv,Latz,50745.15,UAH
Teresa,Armstrong,tarmstrongmb@diigo.com,Japan,Female,Shizunai-furukawachō,Voolia,,JPY
Annie,Duncan,aduncanmc@yandex.ru,China,Female,Heshui,Dynava,76391.40,CNY
Roger,Bishop,rbishopmd@joomla.org,Greece,Male,Palaífyto,Meembee,,EUR
Ernest,Lee,eleeme@home.pl,Brazil,Male,Indaial,Jabbercube,78584.80,BRL
Arthur,Bennett,abennettmf@hc360.com,China,Male,Sandaowan,Skiba,60941.26,CNY
Henry,Roberts,hrobertsmg@shop-pro.jp,Bangladesh,Male,Bherāmāra,Photobug,65093.76,BDT
Jose,Nguyen,jnguyenmh@howstuffworks.com,Poland,Male,Barwałd Górny,Voonder,,PLN
Marilyn,Mason,mmasonmi@disqus.com,Luxembourg,Female,Ettelbruck,Flashspan,63236.59,EUR
Craig,Dixon,cdixonmj@tinypic.com,Bolivia,Male,Villazón,Tavu,47786.74,BOB
Shirley,Fox,sfoxmk@cmu.edu,Philippines,Female,Kiangan,Dynabox,56595.22,PHP
Alice,Arnold,aarnoldml@instagram.com,Spain,Female,Lleida,Skinte,69507.27,EUR
Sharon,Simmons,ssimmonsmm@youku.com,Russia,Female,Penza,Quinu,48776.33,RUB
Theresa,Williamson,twilliamsonmn@sfgate.com,China,Female,Hexi,Wikizz,35208.87,CNY
Paul,Elliott,pelliottmo@nymag.com,Russia,Male,Priozërsk,Feedfish,31943.28,RUB
Walter,Crawford,wcrawfordmp@simplemachines.org,Indonesia,Male,Cigalontang,Brightbean,10704.43,IDR
Billy,Martinez,bmartinezmq@huffingtonpost.com,Mexico,Male,Morelos,Gigazoom,86187.96,MXN
Douglas,Martinez,dmartinezmr@squarespace.com,Philippines,Male,Cortes,Fivechat,43752.00,PHP
George,Ford,gfordms@bigcartel.com,New Zealand,Male,Taipa,Gabtype,76298.51,NZD
Ruby,Simmons,rsimmonsmt@jugem.jp,Slovenia,Female,Lokavec,Yacero,40741.82,EUR
Melissa,Parker,mparkermu@tmall.com,China,Female,Shetan,Eire,74277.90,CNY
Rose,Garrett,rgarrettmv@jigsy.com,Chile,Female,Viña del Mar,Zoomdog,68602.74,CLP
Johnny,Harris,jharrismw@harvard.edu,China,Male,Yixi,Oyondu,97624.81,CNY
Ronald,Martin,rmartinmx@msn.com,Indonesia,Male,Pariti,Topicware,6981.74,IDR
Sean,Coleman,scolemanmy@yahoo.co.jp,Portugal,Male,Ribas,Topdrive,74487.21,EUR
Wanda,Ford,wfordmz@nbcnews.com,China,Female,Jinlong,Realbuzz,60524.48,CNY
Jose,Ford,jfordn0@ucsd.edu,Cape Verde,Male,Pombas,Oozz,40200.61,CVE
Robin,Simpson,rsimpsonn1@csmonitor.com,China,Female,Xinxing,Agimba,2995.41,CNY
Larry,Harrison,lharrisonn2@utexas.edu,Portugal,Male,Oliveira do Conde,Photospace,66040.06,EUR
Craig,Peterson,cpetersonn3@guardian.co.uk,Indonesia,Male,Lodoyo,Agimba,76900.62,IDR
Dorothy,Crawford,dcrawfordn4@alexa.com,Japan,Female,Maki,Shufflebeat,40301.34,JPY
Bonnie,Nichols,bnicholsn5@usatoday.com,Indonesia,Female,Tanjungjaya,Meejo,97763.54,IDR
Kelly,Barnes,kbarnesn6@livejournal.com,Philippines,Female,Torrijos,Edgeblab,20754.74,PHP
Nancy,Watson,nwatsonn7@prlog.org,Sweden,Female,Falköping,Twitterlist,87625.84,SEK
Anthony,Myers,amyersn8@123-reg.co.uk,Nigeria,Male,Buni Yadi,Skyble,56252.11,NGN
Marilyn,Mccoy,mmccoyn9@istockphoto.com,Serbia,Female,Stara Pazova,Topiczoom,27395.59,RSD
Marie,Lawson,mlawsonna@typepad.com,Mexico,Female,Hidalgo,Mynte,50563.46,MXN
Kelly,Gilbert,kgilbertnb@hao123.com,Russia,Female,Zyablikovo,Browsecat,76576.89,RUB
Elizabeth,Sims,esimsnc@fda.gov,Peru,Female,Yunga,Babbleblab,45199.60,PEN
Norma,White,nwhitend@comsenz.com,Japan,Female,Tagawa,Wordify,74302.45,JPY
Debra,Mcdonald,dmcdonaldne@de.vu,Cambodia,Female,Prey Veng,Leexo,956.28,KHR
Diana,Bell,dbellnf@tinyurl.com,Mongolia,Female,Murun-kuren,Lazz,,MNT
Mark,Price,mpriceng@pcworld.com,Indonesia,Male,Guradog,Teklist,30.80,IDR
Anne,Torres,atorresnh@w3.org,China,Female,Luohe,Bubblemix,97019.96,CNY
Cheryl,Bryant,cbryantni@privacy.gov.au,China,Female,Jingzhou,Fatz,,CNY
Raymond,Robinson,rrobinsonnj@baidu.com,Ghana,Male,Dome,Mynte,72196.01,GHS
Jose,Kelley,jkelleynk@washingtonpost.com,China,Male,Quanshang,Plambee,,CNY
Kathryn,Hawkins,khawkinsnl@woothemes.com,Venezuela,Female,Altagracia de Orituco,Tanoodle,81409.84,VEF
Richard,Stephens,rstephensnm@exblog.jp,Russia,Male,Svobody,Eabox,4160.95,RUB
Raymond,Gilbert,rgilbertnn@privacy.gov.au,Poland,Male,Miejsce Piastowe,Mydeo,,PLN
Benjamin,Henderson,bhendersonno@ifeng.com,China,Male,Tangwang,Zooxo,65322.49,CNY
Barbara,Cunningham,bcunninghamnp@who.int,China,Female,Bayan Qagan,Jamia,54806.35,CNY
David,Washington,dwashingtonnq@java.com,Sweden,Male,Stockholm,Twinte,51612.00,SEK
Earl,Knight,eknightnr@deviantart.com,Thailand,Male,Thawat Buri,Skimia,21632.33,THB
Joseph,Simpson,jsimpsonns@odnoklassniki.ru,Russia,Male,Kotel’niki,Feedfish,73572.62,RUB
Wayne,Thompson,wthompsonnt@w3.org,United States,Male,Detroit,Kazio,66188.94,USD
Martin,Tucker,mtuckernu@wunderground.com,Philippines,Male,Bayawan,Nlounge,72179.69,PHP
Steve,Greene,sgreenenv@parallels.com,Serbia,Male,Kovilj,Mudo,84102.25,RSD
Philip,Myers,pmyersnw@i2i.jp,Uzbekistan,Male,Qorao’zak,Mybuzz,87755.11,UZS
Anne,Fields,afieldsnx@elpais.com,Georgia,Female,Oni,Meezzy,21230.32,GEL
Keith,Schmidt,kschmidtny@aboutads.info,China,Male,Guantian,Gigazoom,55399.79,CNY
Walter,Washington,wwashingtonnz@gmpg.org,China,Male,Dahongmen,Centidel,83517.71,CNY
Joshua,Jenkins,jjenkinso0@senate.gov,Colombia,Male,Sampués,Topiczoom,85646.62,COP
Doris,Hudson,dhudsono1@nyu.edu,France,Female,La Chapelle-sur-Erdre,Yodoo,37350.42,EUR
Steve,Fox,sfoxo2@over-blog.com,China,Male,Tianzhu,Pixonyx,83115.52,CNY
Christine,Rivera,criverao3@biglobe.ne.jp,China,Female,Jiamachi,Quire,98240.85,CNY
Cheryl,Kelley,ckelleyo4@google.ru,South Africa,Female,Villiers,Gigaclub,85637.11,ZAR
Alice,Gordon,agordono5@theatlantic.com,China,Female,Huaihua,Avavee,24993.35,CNY
Jesse,Webb,jwebbo6@scribd.com,Indonesia,Male,Kedungbacin,Flipbug,46014.75,IDR
Nancy,Oliver,nolivero7@photobucket.com,Canada,Female,North York,Wikivu,,CAD
Dorothy,Sanders,dsanderso8@yale.edu,Portugal,Female,Quinta da Queimada,Babbleset,34659.62,EUR
Walter,Anderson,wandersono9@salon.com,Indonesia,Male,Majennang,Tagchat,62171.71,IDR
Phillip,Spencer,pspenceroa@youku.com,Philippines,Male,Jarigue,Blogtag,29947.29,PHP
Alan,Hayes,ahayesob@wikispaces.com,Indonesia,Male,Lurut,Mynte,103.33,IDR
Teresa,Sanchez,tsanchezoc@1und1.de,China,Female,Jiaotang,Yodo,69420.12,CNY
Sharon,Kennedy,skennedyod@cargocollective.com,Honduras,Female,Santa Cruz de Yojoa,Devshare,38897.80,HNL
Barbara,Lane,blaneoe@artisteer.com,China,Female,Xiping,Zava,89963.10,CNY
Gregory,Gardner,ggardnerof@theatlantic.com,Ethiopia,Male,Lobuni,Myworks,94476.10,ETB
Tammy,Bennett,tbennettog@weather.com,Chile,Female,Talagante,Lajo,42877.23,CLP
Frances,Henry,fhenryoh@nba.com,Greece,Female,Páchni,Tavu,54639.14,EUR
Craig,Alvarez,calvarezoi@360.cn,Guadeloupe,Male,Pointe-à-Pitre,Yata,41457.56,EUR
Cheryl,Fox,cfoxoj@gizmodo.com,Aruba,Female,Arasji,Voonder,,AWG
Kathleen,Garza,kgarzaok@ezinearticles.com,France,Female,Saint-Laurent-Blangy,Omba,42187.54,EUR
Diana,Stevens,dstevensol@pinterest.com,Russia,Female,Cherga,Brainbox,82511.96,RUB
Kenneth,Flores,kfloresom@cam.ac.uk,France,Male,Carcassonne,Midel,89364.13,EUR
Clarence,Simpson,csimpsonon@weibo.com,China,Male,Longtou,Yakidoo,,CNY
Arthur,Franklin,afranklinoo@theatlantic.com,France,Male,Amiens,Zoomzone,84592.85,EUR
Albert,Burns,aburnsop@theglobeandmail.com,China,Male,Zhanghekou,Realcube,85452.59,CNY
Alice,Little,alittleoq@flavors.me,Bosnia and Herzegovina,Female,Hiseti,Oodoo,19616.51,BAM
Carol,Boyd,cboydor@photobucket.com,Lithuania,Female,Silute,Oba,27008.28,LTL
Amy,Fernandez,afernandezos@phoca.cz,Japan,Female,Obama,Tagopia,57125.32,JPY
Jose,Ross,jrossot@npr.org,China,Male,Huayuan,Wikido,65394.87,CNY
Cynthia,Alexander,calexanderou@jugem.jp,Indonesia,Female,Sumberagung,Aimbo,58287.94,IDR
Christine,Daniels,cdanielsov@si.edu,Brazil,Female,Conceição do Coité,Wordify,2080.62,BRL
Linda,Palmer,lpalmerow@stanford.edu,Philippines,Female,Tinambac,Kazu,19352.21,PHP
Janice,Fuller,jfullerox@java.com,Poland,Female,Okocim,Eabox,20191.49,PLN
Jean,Gomez,jgomezoy@ucsd.edu,Mexico,Female,Loma Bonita,Wikizz,,MXN
Thomas,Rose,troseoz@skyrock.com,Poland,Male,Płock,Yodo,87864.92,PLN
Teresa,Stanley,tstanleyp0@storify.com,China,Female,Huanggangshan,Skyba,97350.47,CNY
George,Myers,gmyersp1@irs.gov,Portugal,Male,Camarate,Gigaclub,16468.65,EUR
James,Torres,jtorresp2@desdev.cn,Madagascar,Male,Ifanadiana,Tagtune,39605.08,MGA
Joseph,Gomez,jgomezp3@blogspot.com,Botswana,Male,Gaborone,Tagpad,7945.07,BWP
Lawrence,Flores,lfloresp4@seattletimes.com,China,Male,Datong,Realfire,71172.22,CNY
Cheryl,Campbell,ccampbellp5@goo.gl,Russia,Female,Topchikha,Voolia,8725.34,RUB
Diana,Frazier,dfrazierp6@amazon.com,France,Female,Tours,Buzzster,8269.08,EUR
Donna,Hansen,dhansenp7@bbb.org,United States,Female,Baltimore,Devcast,99643.92,USD
Juan,Lynch,jlynchp8@merriam-webster.com,Portugal,Male,Bombarral,Flashdog,1527.63,EUR
Wayne,Miller,wmillerp9@elegantthemes.com,Czech Republic,Male,Sudoměřice,Gigabox,94352.71,CZK
Frank,Bishop,fbishoppa@skype.com,South Korea,Male,Chinju,Topiczoom,71434.71,KRW
Benjamin,Franklin,bfranklinpb@gmpg.org,China,Male,Caotan,Flashspan,90878.00,CNY
Peter,Phillips,pphillipspc@xinhuanet.com,Portugal,Male,Sabóia,Realblab,20277.70,EUR
Philip,Tucker,ptuckerpd@cdbaby.com,Brazil,Male,Caeté,Photobean,63700.46,BRL
Cynthia,Flores,cflorespe@angelfire.com,Canada,Female,Smoky Lake,Innotype,42031.26,CAD
Carol,Ryan,cryanpf@umich.edu,Saudi Arabia,Female,Hayil,Shufflebeat,29331.44,SAR
Heather,Sanders,hsanderspg@webeden.co.uk,Ukraine,Female,Fastiv,Vinte,31814.06,UAH
Ruth,Cook,rcookph@booking.com,Russia,Female,Novaya Tavolzhanka,Meedoo,15737.21,RUB
Shawn,Bennett,sbennettpi@exblog.jp,Philippines,Male,Tubajon,Vimbo,65690.36,PHP
Shawn,Schmidt,sschmidtpj@themeforest.net,China,Male,Guali,Flashdog,62750.80,CNY
Jesse,Ford,jfordpk@tinyurl.com,Russia,Male,Nizhniy Tagil,Yakidoo,28863.52,RUB
Christina,Cunningham,ccunninghampl@hao123.com,China,Female,Changtang,Einti,75044.36,CNY
Russell,Banks,rbankspm@mail.ru,Brazil,Male,Garibaldi,Twiyo,19989.38,BRL
Amanda,Carter,acarterpn@macromedia.com,Japan,Female,Kajiki,Devshare,61853.84,JPY
Harry,Wagner,hwagnerpo@psu.edu,Gambia,Male,Gunjur Kuta,Thoughtblab,4988.53,GMD
Johnny,Diaz,jdiazpp@cpanel.net,United States,Male,Los Angeles,Eayo,17410.88,USD
Christopher,Ruiz,cruizpq@washington.edu,Azerbaijan,Male,Ramana,Trudoo,,AZN
Harold,Richardson,hrichardsonpr@globo.com,Peru,Male,Cabanilla,Eamia,32132.89,PEN
Anthony,Torres,atorresps@amazon.com,China,Male,Xilanqi,Oba,15899.96,CNY
Fred,Coleman,fcolemanpt@addtoany.com,China,Male,Sancha,Reallinks,99626.88,CNY
Frances,Gilbert,fgilbertpu@cam.ac.uk,Indonesia,Female,Padabeunghar,Avavee,29083.18,IDR
Jonathan,Barnes,jbarnespv@github.com,Colombia,Male,La Tebaida,Mycat,63153.14,COP
Kathy,Ross,krosspw@devhub.com,France,Female,Billère,Skimia,96478.86,EUR
Debra,Fowler,dfowlerpx@51.la,China,Female,Wuhe Chengguanzhen,Yacero,3866.62,CNY
Jeffrey,Scott,jscottpy@usnews.com,Bangladesh,Male,Sandwīp,Fatz,74139.57,BDT
Howard,Watson,hwatsonpz@amazon.com,Russia,Male,Il’skiy,Realbridge,40585.68,RUB
Elizabeth,Rose,eroseq0@miibeian.gov.cn,Mongolia,Female,Hatavch,Dynabox,31814.84,MNT
Philip,Garrett,pgarrettq1@hud.gov,Thailand,Male,Uttaradit,Gabvine,,THB
Jeremy,Collins,jcollinsq2@technorati.com,Australia,Male,Adelaide Mail Centre,Zooxo,,AUD
Russell,Castillo,rcastilloq3@creativecommons.org,Russia,Male,Leskolovo,Thoughtsphere,2614.29,RUB
Andrew,Patterson,apattersonq4@google.it,Panama,Male,Río Sereno,Skipfire,83033.50,PAB
Nicole,Rodriguez,nrodriguezq5@webs.com,Germany,Female,München,InnoZ,,EUR
Janet,Howell,jhowellq6@bloglovin.com,Brazil,Female,Belford Roxo,Fivespan,45320.60,BRL
Terry,Burke,tburkeq7@ehow.com,Russia,Male,Orsha,Jayo,5392.14,RUB
Catherine,Murphy,cmurphyq8@freewebs.com,China,Female,Gongming,Yodo,59596.94,CNY
Cheryl,Black,cblackq9@list-manage.com,Portugal,Female,Bicas,Oyonder,24212.24,EUR
Denise,Kennedy,dkennedyqa@pagesperso-orange.fr,Brazil,Female,Itaberaí,Centimia,600.29,BRL
Carlos,Parker,cparkerqb@nytimes.com,Russia,Male,Novocherkassk,Meevee,,RUB
Linda,Hunter,lhunterqc@moonfruit.com,Portugal,Female,Outeiro,Wikibox,37910.91,EUR
Gloria,Berry,gberryqd@theglobeandmail.com,Bosnia and Herzegovina,Female,Ljubuški,InnoZ,61805.24,BAM
Amy,Lopez,alopezqe@hibu.com,Poland,Female,Januszkowice,Ooba,71642.76,PLN
George,Richardson,grichardsonqf@boston.com,Colombia,Male,Honda,Jayo,9501.64,COP
Joe,Grant,jgrantqg@dmoz.org,Mali,Male,Diré,Livetube,,XOF
Martha,Duncan,mduncanqh@fastcompany.com,Cuba,Female,Cueto,Fliptune,31405.14,CUP
Paula,Shaw,pshawqi@mozilla.com,Indonesia,Female,Sikka,Vidoo,53707.05,IDR
Rachel,Johnston,rjohnstonqj@nature.com,Russia,Female,Lyalichi,Skiptube,38645.84,RUB
Irene,Smith,ismithqk@nps.gov,Czech Republic,Female,Opatovice nad Labem,Kwilith,75766.74,CZK
Jimmy,Johnson,jjohnsonql@naver.com,Canada,Male,Athabasca,Tagcat,82828.09,CAD
Jennifer,Berry,jberryqm@goo.ne.jp,Mozambique,Female,Mocímboa,Quimm,46514.54,MZN
Gerald,Lee,gleeqn@imdb.com,Portugal,Male,Fazenda de Santa Cruz,Yacero,,EUR
Steve,Baker,sbakerqo@umn.edu,Czech Republic,Male,Kamenický Šenov,Gabtune,25947.58,CZK
Joe,Brown,jbrownqp@newyorker.com,Democratic Republic of the Congo,Male,Mushie,Centimia,52805.53,CDF
Deborah,Wright,dwrightqq@google.it,China,Female,Qingxi,Voomm,52909.32,CNY
Alan,Hughes,ahughesqr@businessinsider.com,Portugal,Male,Monte Redondo,Bluezoom,65135.29,EUR
Harold,Howell,hhowellqs@mtv.com,Malaysia,Male,Kota Kinabalu,Mita,95772.67,MYR
Paula,Perez,pperezqt@booking.com,Cape Verde,Female,Vila Nova Sintra,Blogspan,5931.05,CVE
Paul,Wright,pwrightqu@buzzfeed.com,Indonesia,Male,Banjar Kampungbugis,Brainverse,16209.66,IDR
Stephen,Little,slittleqv@jigsy.com,Philippines,Male,Siruma,Pixope,34729.51,PHP
Martha,Morris,mmorrisqw@t.co,Kosovo,Female,Obiliq,Yakitri,51963.97,EUR
Gregory,Simmons,gsimmonsqx@ifeng.com,China,Male,Jianfeng,Skyba,83592.15,CNY
Patricia,Boyd,pboydqy@cyberchimps.com,China,Female,Yunhe,Devify,66857.56,CNY
Katherine,Hernandez,khernandezqz@zimbio.com,Indonesia,Female,Pamarayan,Twinte,49507.83,IDR
Ralph,Jones,rjonesr0@gov.uk,Sweden,Male,Västervik,Skippad,9336.86,SEK
Gerald,Murray,gmurrayr1@admin.ch,China,Male,Wanfu,Meevee,81877.15,CNY
Timothy,Burns,tburnsr2@yahoo.co.jp,Afghanistan,Male,Mehtar Lām,Eimbee,69931.22,AFN
Ronald,Ferguson,rfergusonr3@4shared.com,China,Male,Duma,Realcube,18261.79,CNY
Donald,Shaw,dshawr4@rambler.ru,Brazil,Male,Vacaria,Yoveo,43273.21,BRL
Paula,James,pjamesr5@aboutads.info,China,Female,Daoxu,Vinder,28307.13,CNY
Jeremy,Holmes,jholmesr6@netvibes.com,Greece,Male,Néa Ionía,Devpoint,58724.02,EUR
Deborah,Hicks,dhicksr7@uol.com.br,Russia,Female,Shirochanka,Gabvine,53652.35,RUB
Jason,Campbell,jcampbellr8@dmoz.org,China,Male,Meishan,Mymm,28933.98,CNY
David,Larson,dlarsonr9@aboutads.info,Egypt,Male,Farshūţ,Ainyx,36056.27,EGP
Henry,Johnson,hjohnsonra@artisteer.com,Indonesia,Male,Warungbuah,Skinte,59684.26,IDR
Michael,Woods,mwoodsrb@psu.edu,Colombia,Male,Buga,Oba,48842.25,COP
Douglas,Bishop,dbishoprc@cam.ac.uk,China,Male,Nanshui,Jazzy,72330.47,CNY
Carlos,Murray,cmurrayrd@wiley.com,Sri Lanka,Male,Monaragala,Babbleset,,LKR
Rachel,Arnold,rarnoldre@usatoday.com,Morocco,Female,Sidi Yahia el Gharb,Gevee,304.05,MAD
Jeffrey,Austin,jaustinrf@edublogs.org,Czech Republic,Male,Chvaletice,Gabspot,2500.16,CZK
Theresa,Daniels,tdanielsrg@fema.gov,Japan,Female,Moriguchi,Gabspot,76313.92,JPY
Phillip,Allen,pallenrh@pcworld.com,China,Male,Zhenghu,Brainverse,54964.39,CNY
Phyllis,Cooper,pcooperri@canalblog.com,China,Female,Hutou,Topiczoom,23928.54,CNY
Kevin,Wallace,kwallacerj@cargocollective.com,Georgia,Male,Didi Lilo,Aimbu,66066.69,GEL
Michael,Gray,mgrayrk@aol.com,Czech Republic,Male,Katovice,Katz,79414.07,CZK
Sean,Stewart,sstewartrl@tamu.edu,Philippines,Male,Palanas,Lazzy,14104.26,PHP
Brandon,Phillips,bphillipsrm@cdbaby.com,China,Male,Fasi,Mynte,97825.79,CNY
Antonio,Wagner,awagnerrn@aol.com,China,Male,Dajianchang,Janyx,23975.85,CNY
Kathryn,Elliott,kelliottro@github.io,Mexico,Female,La Cruz,Dabtype,9497.59,MXN
Cynthia,Ellis,cellisrp@usnews.com,China,Female,Liyuan,Yoveo,48185.03,CNY
Anthony,Ruiz,aruizrq@eventbrite.com,Indonesia,Male,Krajan,Browsebug,,IDR
Kathleen,Patterson,kpattersonrr@gravatar.com,Cuba,Female,Viñales,Photobean,88069.52,CUP
