Albert,Gilbert,agilbert0@washington.edu,France,Male,Méru,Meemm,21700.12,EUR
Judith,Gonzalez,jgonzalez1@china.com.cn,Russia,Female,Pushkin,Skipstorm,79778.39,RUB
Maria,Mcdonald,mmcdonald2@oracle.com,United States,Female,Pittsburgh,Zoozzy,1739.88,USD
Bobby,Hunter,bhunter3@usgs.gov,Czech Republic,Male,Jeseník,Yambee,59511.60,CZK
Gerald,Gomez,ggomez4@skyrock.com,Sweden,Male,Solna,Jamia,95987.75,SEK
Philip,Woods,pwoods5@usda.gov,Cuba,Male,San Antonio de los Baños,Twitterworks,55631.99,CUP
Heather,Palmer,hpalmer6@mozilla.org,Norway,Female,Trondheim,Topicstorm,91272.48,NOK
Bruce,White,bwhite7@so-net.ne.jp,Indonesia,Male,Cipesing,Skilith,3934.55,IDR
Gregory,Webb,gwebb8@house.gov,Finland,Male,Lestijärvi,Rhynoodle,47974.93,EUR
Charles,Gonzales,cgonzales9@theguardian.com,France,Male,Le Mans,Oyoba,58112.06,EUR
Louis,Nichols,lnicholsa@paginegialle.it,France,Male,Charenton-le-Pont,Quimba,37548.85,EUR
Rachel,Freeman,rfreemanb@go.com,China,Female,Wangshi,Skipstorm,,CNY
Mildred,Reid,mreidc@weebly.com,Indonesia,Female,Perbaungan,Gabtune,,IDR
Bruce,Chavez,bchavezd@vkontakte.ru,China,Male,Hejia,Devpoint,76904.01,CNY
Chris,Garrett,cgarrette@netscape.com,Indonesia,Male,Waekolong,Blogtag,50397.75,IDR
Joshua,Price,jpricef@canalblog.com,China,Male,Linjiang,Brainverse,67980.48,CNY
Betty,Bryant,bbryantg@example.com,China,Female,Ligang,Blogtag,31900.62,CNY
Julie,Garrett,jgarretth@phpbb.com,Indonesia,Female,Maumbawa,Demizz,2161.63,IDR
Peter,Gordon,pgordoni@infoseek.co.jp,Indonesia,Male,Fuan,Riffpath,28056.15,IDR
Sarah,Long,slongj@twitter.com,Iran,Female,Borāzjān,Livepath,14112.94,IRR
Louis,Hill,lhillk@weather.com,Sweden,Male,Stockholm,Roomm,4995.21,SEK
Victor,Gray,vgrayl@com.com,Nigeria,Male,Gaya,Pixonyx,89868.67,NGN
Stephanie,Morgan,smorganm@discovery.com,Philippines,Female,Sagasa,Realpoint,1957.66,PHP
Norma,Henry,nhenryn@blogger.com,Indonesia,Female,Sukawening,Voolith,22832.09,IDR
Fred,Hall,fhallo@nationalgeographic.com,Russia,Male,Vyatskiye Polyany,Trupe,57463.71,RUB
Peter,Fuller,pfullerp@dailymotion.com,Lesotho,Male,Qacha’s Nek,Jabberbean,60192.60,LSL
Roger,Stephens,rstephensq@craigslist.org,Norway,Male,Bergen,Trilia,,NOK
Roger,Harrison,rharrisonr@histats.com,Philippines,Male,Tumcon Ilawod,Livepath,11624.79,PHP
Donald,Schmidt,dschmidts@myspace.com,Ukraine,Male,Bytkiv,Kazu,39709.87,UAH
Matthew,Hill,mhillt@icio.us,Ukraine,Male,Lebedyn,Zava,42092.30,UAH
Cheryl,Gardner,cgardneru@domainmarket.com,Indonesia,Female,Kota Trieng,Einti,50549.00,IDR
Scott,Graham,sgrahamv@ovh.net,Thailand,Male,Sam Khok,Mycat,37941.05,THB
Nancy,Wright,nwrightw@lulu.com,Peru,Female,Shatoja,Cogibox,75312.92,PEN
Doris,Johnson,djohnsonx@usgs.gov,Vietnam,Female,Mỏ Cày,Aivee,33639.50,VND
Jack,Brooks,jbrooksy@multiply.com,China,Male,Xinhe,Eayo,82509.78,CNY
Bobby,Johnston,bjohnstonz@rediff.com,United States,Male,Flushing,Vimbo,47666.65,USD
Adam,Wood,awood10@cafepress.com,Ecuador,Male,Loja,Rooxo,2368.18,USD
Timothy,Rivera,trivera11@zdnet.com,Philippines,Male,Palanit,Brainverse,29247.82,PHP
Louis,Lawrence,llawrence12@samsung.com,China,Male,Pipa,Kazu,74041.96,CNY
Douglas,Banks,dbanks13@bbc.co.uk,South Africa,Male,Laingsburg,Mycat,99411.75,ZAR
Amanda,Cook,acook14@tinypic.com,Bahamas,Female,Abraham’s Bay,Zooxo,70607.83,BSD
Christine,Hawkins,chawkins15@tumblr.com,Indonesia,Female,Jamban,Eare,70379.92,IDR
Kenneth,Patterson,kpatterson16@clickbank.net,Indonesia,Male,Wakduwa’ Barat,Tekfly,88632.91,IDR
Edward,Day,eday17@shutterfly.com,Brazil,Male,Cachoeiras de Macacu,Wordtune,42852.64,BRL
Willie,Riley,wriley18@dagondesign.com,Portugal,Male,Pereira,Shufflester,67186.07,EUR
Helen,Jones,hjones19@va.gov,Greece,Female,Vamvakoú,Wikizz,77040.65,EUR
Laura,Welch,lwelch1a@g.co,China,Female,Xinghe Chengguanzhen,Gabtype,,CNY
Joseph,Campbell,jcampbell1b@geocities.com,Philippines,Male,Bautista,Linktype,39420.34,PHP
Brenda,Burns,bburns1c@icq.com,Indonesia,Female,Oenaik,Dabvine,67686.62,IDR
Ann,Bryant,abryant1d@hhs.gov,Vietnam,Female,Tân Châu,Dynava,62263.82,VND
Daniel,Cox,dcox1e@accuweather.com,Portugal,Male,Ribeirão,Gabvine,86469.13,EUR
Evelyn,Sanchez,esanchez1f@ehow.com,China,Female,Huangliang,Tanoodle,21768.73,CNY
Gary,Wallace,gwallace1g@utexas.edu,China,Male,Jiangqiao,Devify,68355.98,CNY
Johnny,Harris,jharris1h@photobucket.com,Thailand,Male,Rattanawapi,Mudo,35082.01,THB
Daniel,Kennedy,dkennedy1i@4shared.com,China,Male,Cangshi,Eamia,,CNY
Adam,Simpson,asimpson1j@amazonaws.com,Guyana,Male,Skeldon,Rooxo,,GYD
Jane,Wilson,jwilson1k@indiatimes.com,Russia,Female,Kugesi,Janyx,15004.73,RUB
Jose,Griffin,jgriffin1l@yolasite.com,Zambia,Male,Luwingu,Livetube,58349.32,ZMW
Sharon,Lee,slee1m@mysql.com,China,Female,Chengdu,Zoonoodle,76609.26,CNY
Alice,Mills,amills1n@mail.ru,Philippines,Female,Cansolungon,Skynoodle,90505.69,PHP
Jerry,Black,jblack1o@webnode.com,Indonesia,Male,Jembayan Hitam,Gigashots,32900.81,IDR
Roy,Ferguson,rferguson1p@berkeley.edu,Vietnam,Male,Thành Phố Ninh Bình,Quaxo,15687.98,VND
Dennis,Barnes,dbarnes1q@aboutads.info,Madagascar,Male,Ikongo,Jaloo,50868.49,MGA
Chris,Burns,cburns1r@cnbc.com,China,Male,Zhougao,Zava,42545.81,CNY
Marilyn,Elliott,melliott1s@fotki.com,Colombia,Female,Pamplona,Dabjam,26678.64,COP
Andrew,Ryan,aryan1t@oakley.com,Bolivia,Male,Mojocoya,Nlounge,75316.02,BOB
Jimmy,West,jwest1u@google.pl,Argentina,Male,Río Segundo,Devpulse,26669.36,ARS
Raymond,Foster,rfoster1v@soup.io,Pakistan,Male,Athmuqam,Bluejam,17120.89,PKR
Sara,Tucker,stucker1w@mediafire.com,Portugal,Female,Antas,Tagchat,93672.85,EUR
Larry,Duncan,lduncan1x@amazon.com,China,Male,Banqiao,Brainverse,17086.87,CNY
Jack,Wheeler,jwheeler1y@acquirethisname.com,Czech Republic,Male,Žamberk,Abata,44867.60,CZK
Anne,Rogers,arogers1z@issuu.com,Serbia,Female,Dobrica,Yamia,93083.03,RSD
Johnny,Gonzales,jgonzales20@shareasale.com,China,Male,Xinglin,Wordware,2671.48,CNY
Jose,Flores,jflores21@blogtalkradio.com,Republic of the Congo,Male,Pointe-Noire,Dazzlesphere,87038.17,XAF
Frances,Turner,fturner22@google.ru,Thailand,Female,Uttaradit,Skyble,93881.97,THB
Rachel,Mcdonald,rmcdonald23@nbcnews.com,Philippines,Female,Kumalarang,Yadel,45798.74,PHP
Sean,Vasquez,svasquez24@tinypic.com,Kuwait,Male,Al Jahrā’,Innojam,73015.34,KWD
Sandra,Cole,scole25@elpais.com,Israel,Female,Shibli,Fivebridge,67090.24,ILS
John,Hanson,jhanson26@google.fr,Ukraine,Male,Yizhivtsi,Oyoba,432.95,UAH
Walter,Robinson,wrobinson27@vinaora.com,Argentina,Male,Loreto,Gabcube,62702.48,ARS
Stephen,Porter,sporter28@homestead.com,United States,Male,Nashville,Jatri,43419.62,USD
Terry,Rose,trose29@ucsd.edu,Russia,Male,Yasenskaya,Meejo,15395.58,RUB
Bonnie,Montgomery,bmontgomery2a@issuu.com,Indonesia,Female,Nangerang,Quinu,11808.21,IDR
Sharon,Harper,sharper2b@nymag.com,Sweden,Female,Torsås,Jaloo,5958.01,SEK
Roger,Davis,rdavis2c@de.vu,China,Male,Moganshan,Jabbersphere,72540.79,CNY
Eric,Thomas,ethomas2d@mtv.com,Bolivia,Male,Las Carreras,Fliptune,,BOB
Amy,King,aking2e@exblog.jp,Sweden,Female,Luleå,Oyondu,,SEK
Keith,Brown,kbrown2f@storify.com,Philippines,Male,Buluangan,Plajo,85189.63,PHP
Brian,Williams,bwilliams2g@japanpost.jp,Greece,Male,Erétria,Skipfire,58266.57,EUR
Jane,Montgomery,jmontgomery2h@unesco.org,Sudan,Female,El Fasher,Agivu,,SDG
Steven,Sims,ssims2i@archive.org,China,Male,Hechuan,Zooveo,90626.82,CNY
Julie,Chapman,jchapman2j@liveinternet.ru,Indonesia,Female,Sumberrojokrajan,Viva,39974.27,IDR
James,Lynch,jlynch2k@ycombinator.com,Philippines,Male,Andres Bonifacio,Linkbuzz,26976.62,PHP
Frank,Dunn,fdunn2l@icio.us,Finland,Male,Rautalampi,Thoughtbeat,95106.51,EUR
Thomas,Jenkins,tjenkins2m@fotki.com,China,Male,Hongshi,Chatterpoint,19427.01,CNY
Theresa,Gibson,tgibson2n@nbcnews.com,Philippines,Female,Villa Verde,Wordify,81516.94,PHP
Catherine,Grant,cgrant2o@paginegialle.it,China,Female,Hongjiazui,Fliptune,96689.73,CNY
Cynthia,Walker,cwalker2p@live.com,Sweden,Female,Eslöv,Rhycero,22865.42,SEK
Marilyn,Stewart,mstewart2q@cbc.ca,Indonesia,Female,Jalupang Dua,Zoombox,80529.56,IDR
Raymond,Mills,rmills2r@ox.ac.uk,Argentina,Male,Laguna Paiva,Blognation,34189.44,ARS
Billy,Wood,bwood2s@pbs.org,China,Male,Xiyang,Trilia,63546.82,CNY
Lisa,Romero,lromero2t@usatoday.com,Haiti,Female,Cabaret,Latz,45599.83,HTG
Mark,Green,mgreen2u@jalbum.net,Comoros,Male,Mkiriwadjumoi,JumpXS,81067.04,KMF
Todd,Sullivan,tsullivan2v@github.io,China,Male,Xicheng,Ainyx,24214.64,CNY
Eric,Freeman,efreeman2w@businessweek.com,Brazil,Male,São José do Rio Pardo,Tagpad,23997.60,BRL
Russell,Reynolds,rreynolds2x@t-online.de,Czech Republic,Male,Žitenice,Yozio,77422.80,CZK
Eugene,Thompson,ethompson2y@independent.co.uk,Philippines,Male,Kolambugan,Ntag,36458.28,PHP
Jack,Gomez,jgomez2z@apache.org,France,Male,Montesson,Demivee,61953.91,EUR
Dennis,Matthews,dmatthews30@nyu.edu,Ukraine,Male,Horodok,Avamm,47556.70,UAH
Lillian,Gibson,lgibson31@timesonline.co.uk,United States,Female,Minneapolis,Tekfly,24581.07,USD
Martin,Wagner,mwagner32@adobe.com,Kazakhstan,Male,Tekeli,Voonyx,33582.13,KZT
Jean,Schmidt,jschmidt33@bizjournals.com,Russia,Female,Salavat,Wordtune,91598.74,RUB
Shawn,Reed,sreed34@upenn.edu,Colombia,Male,Los Andes,Edgeclub,68477.10,COP
Judy,Stewart,jstewart35@last.fm,Indonesia,Female,Pasiraman,Topicware,1400.44,IDR
Judy,Brooks,jbrooks36@reverbnation.com,Latvia,Female,Skrunda,Jazzy,57228.89,EUR
Nancy,Lee,nlee37@google.ca,China,Female,Zhangbei,Eabox,16608.24,CNY
Phillip,Gardner,pgardner38@hibu.com,China,Male,Caoxi,Voonte,75803.27,CNY
Jane,Lane,jlane39@nifty.com,Philippines,Female,San Miguel,Fatz,,PHP
Christina,Richards,crichards3a@census.gov,China,Female,Bayang,Kazu,23900.15,CNY
Rose,Freeman,rfreeman3b@squidoo.com,China,Female,Sijihong,Twitterwire,,CNY
Evelyn,Gonzalez,egonzalez3c@dot.gov,Ireland,Female,Ardee,Jetwire,89887.32,EUR
Katherine,Martinez,kmartinez3d@yale.edu,Indonesia,Female,Habingkloang,Vipe,29215.15,IDR
Catherine,Hudson,chudson3e@sun.com,China,Female,Dong Liang’erzhuang,Zava,83423.11,CNY
Ryan,Franklin,rfranklin3f@networksolutions.com,Indonesia,Male,Bintang,Gigazoom,,IDR
Donna,Powell,dpowell3g@storify.com,Brazil,Female,Ribeirão Preto,Flipstorm,90533.21,BRL
Todd,Harris,tharris3h@gov.uk,China,Male,Hugang,Edgeblab,55073.30,CNY
Tammy,Grant,tgrant3i@pbs.org,Norway,Female,Oslo,Twinte,70268.34,NOK
Russell,Hudson,rhudson3j@chronoengine.com,Russia,Male,Ust’-Labinsk,Browsedrive,,RUB
Anne,Banks,abanks3k@howstuffworks.com,Indonesia,Female,Citeureup,Zoomlounge,7318.07,IDR
Maria,Owens,mowens3l@seattletimes.com,Russia,Female,Krasnovishersk,Realfire,97813.31,RUB
Frances,Franklin,ffranklin3m@cornell.edu,Serbia,Female,Šabac,Dabshots,83754.51,RSD
Justin,Nelson,jnelson3n@livejournal.com,China,Male,Nanbin,Zoomdog,34300.03,CNY
Joyce,Perez,jperez3o@psu.edu,Indonesia,Female,Cilolongokan,Oloo,28610.10,IDR
Howard,Hunter,hhunter3p@networkadvertising.org,Iran,Male,Bābolsar,Mydeo,42862.90,IRR
Diane,Allen,dallen3q@smh.com.au,Portugal,Female,Benavila,Omba,47461.69,EUR
Joseph,Long,jlong3r@ow.ly,Greece,Male,Selínia,Rhyloo,47626.80,EUR
Alan,Rodriguez,arodriguez3s@webs.com,Colombia,Male,Puerto Colombia,Tazzy,17261.09,COP
Martin,Jenkins,mjenkins3t@shinystat.com,Czech Republic,Male,Horka nad Moravou,Thoughtsphere,41887.55,CZK
Barbara,Hernandez,bhernandez3u@upenn.edu,Russia,Female,Smolyaninovo,Vimbo,54825.91,RUB
Jeremy,Sullivan,jsullivan3v@cnbc.com,China,Male,Taihe Chengguanzhen,Edgetag,83800.29,CNY
Patricia,Peters,ppeters3w@booking.com,Czech Republic,Female,Lípa,Dazzlesphere,38958.84,CZK
Eugene,Walker,ewalker3x@zimbio.com,Japan,Male,Takeo,Feedfish,59363.00,JPY
Betty,Shaw,bshaw3y@illinois.edu,France,Female,Thiais,Yotz,82953.76,EUR
Edward,Elliott,eelliott3z@craigslist.org,Lithuania,Male,Salantai,Demizz,54289.94,LTL
Ralph,Rice,rrice40@example.com,China,Male,Dongping,Livetube,99392.74,CNY
Kenneth,Williamson,kwilliamson41@foxnews.com,Egypt,Male,Abū Sunbul,Skyvu,12536.45,EGP
Steven,Howell,showell42@nih.gov,Brazil,Male,Rio Novo do Sul,Meevee,82057.99,BRL
Dorothy,Stevens,dstevens43@businessweek.com,Italy,Female,Messina,Kare,42308.40,EUR
David,Rose,drose44@whitehouse.gov,Ukraine,Male,Znomenka,Pixope,68271.94,UAH
Joan,Lawrence,jlawrence45@e-recht24.de,Mexico,Female,La Palma,Dynava,74078.66,MXN
Keith,Watson,kwatson46@desdev.cn,France,Male,La Chapelle-sur-Erdre,Aimbo,5088.32,EUR
Roger,Frazier,rfrazier47@dot.gov,Poland,Male,Stare Miasto,Gabtune,77416.72,PLN
Antonio,Hudson,ahudson48@bravesites.com,Japan,Male,Fukumitsu,Skimia,65430.41,JPY
Linda,Knight,lknight49@eventbrite.com,China,Female,Wenping,Voolith,,CNY
Lisa,Black,lblack4a@yellowpages.com,Philippines,Female,Atimonan,Skiptube,81396.29,PHP
Laura,Rose,lrose4b@opera.com,Indonesia,Female,Awilega,Skippad,58486.90,IDR
Alice,Carter,acarter4c@shutterfly.com,China,Female,Erfangping,Tavu,43776.68,CNY
Debra,Johnston,djohnston4d@phpbb.com,Monaco,Female,Fontvieille,Vimbo,85592.59,EUR
Rachel,Robinson,rrobinson4e@ameblo.jp,Malaysia,Female,Kuala Lumpur,Reallinks,84612.54,MYR
Mary,Walker,mwalker4f@usatoday.com,China,Female,Qijing,Eidel,86321.56,CNY
Raymond,Collins,rcollins4g@cocolog-nifty.com,Indonesia,Male,Kopang Satu,Riffwire,,IDR
Tina,Rodriguez,trodriguez4h@blogtalkradio.com,Bulgaria,Female,Kostinbrod,Zoomcast,4146.29,BGN
Carol,Ruiz,cruiz4i@umich.edu,Bosnia and Herzegovina,Female,Janja,Topiczoom,94900.58,BAM
Mark,Hill,mhill4j@unblog.fr,United States,Male,Lakeland,Realcube,57145.83,USD
Donna,Fowler,dfowler4k@yellowpages.com,Uganda,Female,Namasuba,Devify,81462.02,UGX
Jason,Romero,jromero4l@plala.or.jp,Colombia,Male,Bello,Wordpedia,93763.51,COP
Sharon,Alexander,salexander4m@acquirethisname.com,Brazil,Female,Itaúna,Minyx,21205.47,BRL
Carl,Cook,ccook4n@google.com,Indonesia,Male,Kabongan Kidul,Camido,41300.41,IDR
Anna,Bryant,abryant4o@narod.ru,Portugal,Female,Corroios,Topiczoom,90123.42,EUR
Patrick,Porter,pporter4p@themeforest.net,China,Male,Tongzi,Topdrive,,CNY
Peter,Hughes,phughes4q@ifeng.com,Russia,Male,Sakharovo,Babbleset,42327.98,RUB
Jimmy,Fuller,jfuller4r@ucoz.ru,Indonesia,Male,Pulautemiang,Babbleopia,38634.33,IDR
Kevin,Morales,kmorales4s@unc.edu,Mexico,Male,Obrera,Edgeify,55639.98,MXN
Janet,Hart,jhart4t@umn.edu,China,Female,Heyin,Trupe,31762.99,CNY
Kathy,Hanson,khanson4u@marketwatch.com,Indonesia,Female,Rejanegara,Yakidoo,59449.96,IDR
Evelyn,Lee,elee4v@geocities.com,France,Female,Perpignan,Layo,91841.18,EUR
Laura,Williamson,lwilliamson4w@over-blog.com,Myanmar,Female,Kanbe,Yamia,20768.05,MMK
Gloria,Bowman,gbowman4x@google.com,Tajikistan,Female,Khovaling,Oyoba,24660.90,TJS
Wanda,Scott,wscott4y@tripadvisor.com,Brazil,Female,Santa Maria,Roombo,64561.53,BRL
Philip,Gonzales,pgonzales4z@yolasite.com,China,Male,Yinxi,Tagcat,,CNY
Steve,Lane,slane50@opera.com,Nepal,Male,Pokhara,Quimm,,NPR
Juan,Reynolds,jreynolds51@spotify.com,Albania,Male,Fushë-Muhurr,Quamba,53726.54,ALL
Angela,Robertson,arobertson52@rambler.ru,Russia,Female,Mulino,Pixoboo,,RUB
Tina,Hart,thart53@typepad.com,Greece,Female,Néa Sánta,Meezzy,9154.60,EUR
Terry,Washington,twashington54@geocities.jp,Sweden,Male,Fagersta,Zoovu,77844.89,SEK
Ashley,Watson,awatson55@mtv.com,Canada,Female,Asbestos,Pixonyx,,CAD
Carolyn,Carroll,ccarroll56@quantcast.com,Kazakhstan,Female,Aqsū,Thoughtsphere,12743.98,KZT
Ronald,Mills,rmills57@multiply.com,Burkina Faso,Male,Sebba,Yambee,,XOF
Justin,Roberts,jroberts58@arizona.edu,China,Male,Qingshui,Yodo,38196.36,CNY
Jeremy,Adams,jadams59@google.it,Greece,Male,Nigríta,Rhynoodle,74308.33,EUR
Jerry,Foster,jfoster5a@topsy.com,Palestinian Territory,Male,Ḩalḩūl,BlogXS,70850.78,ILS
Gregory,Clark,gclark5b@elegantthemes.com,Ukraine,Male,Broshniv-Osada,Trudeo,50551.36,UAH
Christina,Mason,cmason5c@soup.io,Bangladesh,Female,Rāipur,Demimbu,48064.94,BDT
Eugene,Lee,elee5d@shinystat.com,Morocco,Male,Tifni,Edgeclub,3579.22,MAD
Anne,Cooper,acooper5e@redcross.org,Malaysia,Female,Kuala Terengganu,Bubblebox,,MYR
Julie,Burke,jburke5f@hhs.gov,Cameroon,Female,Douala,Ailane,75429.66,XAF
Christina,Alexander,calexander5g@comcast.net,France,Female,Cluses,Quamba,33614.82,EUR
Helen,Morales,hmorales5h@ow.ly,Japan,Female,Kuragaki-kosugi,Flashset,24408.74,JPY
George,Russell,grussell5i@ebay.com,Indonesia,Male,Kabare,Skimia,30776.93,IDR
Cynthia,Ellis,cellis5j@biblegateway.com,Czech Republic,Female,Smiřice,Yotz,25469.49,CZK
Paul,Fisher,pfisher5k@people.com.cn,Greece,Male,Ampelákia,Feedfish,96817.74,EUR
Marie,Lopez,mlopez5l@ed.gov,Bulgaria,Female,Lyaskovets,Shuffletag,26675.12,BGN
Frances,Hicks,fhicks5m@thetimes.co.uk,China,Female,Linglong,Twitterbridge,74680.87,CNY
Thomas,Martinez,tmartinez5n@webnode.com,China,Male,Aykol,Linklinks,52847.59,CNY
Antonio,Reed,areed5o@free.fr,France,Male,Paris 17,Yakijo,4183.63,EUR
Catherine,Myers,cmyers5p@state.gov,Nigeria,Female,Zalanga,Roodel,11513.83,NGN
Anne,Dean,adean5q@google.it,Ukraine,Female,Staryy Merchyk,Youbridge,67554.33,UAH
Phillip,Adams,padams5r@intel.com,China,Male,Huangjin,Wordtune,41541.21,CNY
Albert,Ward,award5s@loc.gov,China,Male,Wenfu,Wikizz,69432.93,CNY
Donald,Allen,dallen5t@de.vu,Indonesia,Male,Ciheras,Skilith,28757.24,IDR
Roger,Morales,rmorales5u@flavors.me,Ukraine,Male,Lyubashivka,Twitterbeat,32527.32,UAH
Juan,Jackson,jjackson5v@mysql.com,Thailand,Male,Ban Mai,Quatz,67572.73,THB
Philip,Owens,powens5w@weebly.com,Russia,Male,Revda,Edgetag,75650.72,RUB
Jason,Black,jblack5x@vistaprint.com,Poland,Male,Jutrosin,Zooveo,17462.83,PLN
Barbara,Stewart,bstewart5y@guardian.co.uk,Portugal,Female,Riachos,InnoZ,3213.67,EUR
Ernest,Ramirez,eramirez5z@myspace.com,Philippines,Male,San Joaquin,Yoveo,24351.69,PHP
Frank,Kennedy,fkennedy60@nps.gov,Moldova,Male,Ialoveni,Skiptube,56490.47,MDL
Jeremy,Harvey,jharvey61@msu.edu,Russia,Male,Kunashak,Agivu,55223.69,RUB
Frank,Simmons,fsimmons62@netlog.com,Portugal,Male,Alminhas,Yodoo,1319.24,EUR
Jean,Schmidt,jschmidt63@army.mil,China,Female,Haixing,Thoughtstorm,88401.62,CNY
Jason,Willis,jwillis64@ox.ac.uk,Philippines,Male,Rizal,Ozu,93364.50,PHP
Maria,Mcdonald,mmcdonald65@tuttocitta.it,Latvia,Female,Viļāni,Npath,93173.13,EUR
Johnny,Armstrong,jarmstrong66@virginia.edu,Philippines,Male,Tigbinan,Meetz,66205.97,PHP
Sarah,Henry,shenry67@uiuc.edu,Russia,Female,Perm,Skimia,59743.94,RUB
George,Phillips,gphillips68@godaddy.com,South Africa,Male,Cala,Feedspan,805.85,ZAR
Anne,Reynolds,areynolds69@deliciousdays.com,China,Female,Binglincha,Skinte,,CNY
Melissa,Henderson,mhenderson6a@cbc.ca,Czech Republic,Female,Dambořice,Thoughtblab,47038.40,CZK
Mildred,Ross,mross6b@constantcontact.com,South Africa,Female,Paulpietersburg,Meevee,77289.42,ZAR
George,Bowman,gbowman6c@webmd.com,China,Male,Longfeng,Zoozzy,59374.12,CNY
Robert,Ferguson,rferguson6d@mac.com,Philippines,Male,Maguyam,Demimbu,6219.67,PHP
Jean,Woods,jwoods6e@fda.gov,Portugal,Female,Astromil,Zoomzone,81100.43,EUR
Sandra,Chavez,schavez6f@washingtonpost.com,Philippines,Female,Mayantoc,Muxo,41226.62,PHP
Keith,Barnes,kbarnes6g@myspace.com,Philippines,Male,Sionogan,Devpoint,70170.41,PHP
Chris,Edwards,cedwards6h@hostgator.com,Cyprus,Male,Dhali,Dabshots,83730.81,EUR
Shawn,Williams,swilliams6i@google.pl,China,Male,Pantian,DabZ,12052.61,CNY
Jeffrey,Sullivan,jsullivan6j@bbc.co.uk,Portugal,Male,Cruz,Edgepulse,10461.13,EUR
Lois,Reynolds,lreynolds6k@squidoo.com,China,Female,Dushu,Yoveo,38799.84,CNY
Peter,Daniels,pdaniels6l@multiply.com,United States,Male,Grand Junction,Feedfish,47472.34,USD
Patrick,Porter,pporter6m@bravesites.com,China,Male,Yuxi,Livefish,3337.80,CNY
Shawn,Burns,sburns6n@topsy.com,United States,Male,Kansas City,Layo,89542.13,USD
Kathryn,Kennedy,kkennedy6o@sogou.com,Indonesia,Female,Cangkuang,Wordpedia,99073.73,IDR
Scott,Rogers,srogers6p@sakura.ne.jp,Tajikistan,Male,Neftobod,Tekfly,21547.48,TJS
Lois,Medina,lmedina6q@techcrunch.com,Indonesia,Female,Congkar,Photospace,13747.91,IDR
John,Bradley,jbradley6r@360.cn,Germany,Male,Dortmund,Mycat,9599.85,EUR
Fred,Castillo,fcastillo6s@privacy.gov.au,Russia,Male,Nikolayevsk,Avamba,67536.98,RUB
Donna,Wood,dwood6t@businessinsider.com,Malaysia,Female,Kuala Lumpur,Chatterbridge,57017.47,MYR
Keith,Medina,kmedina6u@comsenz.com,Azerbaijan,Male,Zaqatala,Jabberstorm,99129.97,AZN
Michael,Fields,mfields6v@instagram.com,China,Male,Canggang,Demivee,,CNY
Rachel,Perkins,rperkins6w@ocn.ne.jp,Poland,Female,Tylicz,Feedmix,78540.38,PLN
Amy,Kim,akim6x@blogtalkradio.com,Finland,Female,Sibbo,Skiptube,15210.77,EUR
Alan,Rose,arose6y@ustream.tv,Thailand,Male,Tha Mai,Riffpedia,,THB
Steven,Anderson,sanderson6z@google.fr,Russia,Male,Tomilino,Wordtune,92227.09,RUB
Gerald,Martin,gmartin70@xinhuanet.com,China,Male,Jinling,Lazzy,68012.70,CNY
Kathleen,Johnson,kjohnson71@cam.ac.uk,Poland,Female,Piekoszów,Kazio,14084.38,PLN
Michael,Kim,mkim72@surveymonkey.com,Canada,Male,Taber,Vipe,,CAD
George,Morgan,gmorgan73@1688.com,Philippines,Male,Salinas,Jamia,84971.56,PHP
Janice,Foster,jfoster74@ocn.ne.jp,Jersey,Female,Saint Helier,Eamia,28007.11,GBP
Debra,Gordon,dgordon75@sogou.com,Dominica,Female,Castle Bruce,Devbug,,XCD
Helen,Murphy,hmurphy76@tiny.cc,China,Female,Songnan,Eazzy,,CNY
Karen,Wheeler,kwheeler77@icq.com,China,Female,Yushu,Realcube,29775.57,CNY
Eugene,Hicks,ehicks78@mysql.com,Angola,Male,Catabola,Zoonder,,AOA
Raymond,Sanchez,rsanchez79@springer.com,Ethiopia,Male,Jinka,Avamba,70175.23,ETB
Benjamin,Wallace,bwallace7a@tumblr.com,New Zealand,Male,Moerewa,LiveZ,87318.47,NZD
Carl,Miller,cmiller7b@ovh.net,Philippines,Male,Makiwalo,Roodel,70156.18,PHP
Anne,Porter,aporter7c@japanpost.jp,Mexico,Female,San Juan,Leenti,68059.81,MXN
Teresa,Richardson,trichardson7d@epa.gov,Canada,Female,Neepawa,Oyoloo,6137.59,CAD
Anthony,Armstrong,aarmstrong7e@wunderground.com,China,Male,Lhakangtang,Agivu,15349.71,CNY
Kelly,Thomas,kthomas7f@zdnet.com,Kazakhstan,Female,Sastöbe,Voolith,51890.48,KZT
Rose,Willis,rwillis7g@ucsd.edu,Thailand,Female,Kamalasai,Pixonyx,,THB
Adam,Payne,apayne7h@businesswire.com,Cyprus,Male,Kyrenia,Avavee,45098.74,EUR
Dennis,Crawford,dcrawford7i@miitbeian.gov.cn,Sweden,Male,Nybro,Browsezoom,9835.03,SEK
Thomas,Phillips,tphillips7j@plala.or.jp,Norway,Male,Oslo,Kazu,9790.85,NOK
Eugene,Hansen,ehansen7k@bloglines.com,Indonesia,Male,Sukojember,Innotype,90221.73,IDR
Ernest,Warren,ewarren7l@apache.org,China,Male,Hongsipu,Oodoo,5061.76,CNY
Lois,Fox,lfox7m@ovh.net,Brazil,Female,Rondonópolis,Fadeo,,BRL
Thomas,Hudson,thudson7n@mac.com,Tanzania,Male,Kidodi,Leenti,77472.66,TZS
Brenda,Morrison,bmorrison7o@odnoklassniki.ru,United States,Female,San Jose,Feedmix,70823.21,USD
Bonnie,Gordon,bgordon7p@barnesandnoble.com,Kenya,Female,Nanyuki,Podcat,2527.47,KES
Lisa,Burton,lburton7q@cnn.com,Russia,Female,Shirochanka,Einti,74133.54,RUB
Dorothy,Cooper,dcooper7r@hp.com,Yemen,Female,Burūm,Eabox,52516.93,YER
Jean,Harrison,jharrison7s@discuz.net,Peru,Female,Achoma,Vipe,36835.11,PEN
Jean,Mcdonald,jmcdonald7t@godaddy.com,Zimbabwe,Female,Centenary,Reallinks,,ZWL
Raymond,Hunter,rhunter7u@lycos.com,Portugal,Male,Monte Francisco,Ozu,85990.81,EUR
Marilyn,Gray,mgray7v@google.cn,China,Female,Zhongxiang,Dabfeed,29302.52,CNY
Tammy,Chapman,tchapman7w@wufoo.com,China,Female,Shijing,Brainverse,46426.56,CNY
Jerry,Stephens,jstephens7x@virginia.edu,Indonesia,Male,Kendalrejo,Eidel,124.12,IDR
Rose,Cook,rcook7y@4shared.com,Nigeria,Female,Obiaruku Quarters,Realbridge,9276.79,NGN
Johnny,Hansen,jhansen7z@usgs.gov,Saudi Arabia,Male,Al Hadā,Feedbug,55229.30,SAR
Earl,Coleman,ecoleman80@google.com.br,Philippines,Male,Motrico,Tazzy,16497.39,PHP
Julia,Bailey,jbailey81@go.com,United States,Female,Knoxville,Yamia,9483.86,USD
Carolyn,Webb,cwebb82@arstechnica.com,Portugal,Female,Tarouca,Jabberbean,51799.59,EUR
Alice,Hall,ahall83@indiegogo.com,Indonesia,Female,Oof,Wordware,91210.46,IDR
Heather,Vasquez,hvasquez84@blogspot.com,Russia,Female,Rodionovo-Nesvetayskaya,Meevee,60631.61,RUB
Mark,Simmons,msimmons85@sun.com,Czech Republic,Male,Častolovice,Divape,32082.96,CZK
Jennifer,Hansen,jhansen86@cafepress.com,Brazil,Female,Caicó,Eare,90314.59,BRL
Anthony,Harper,aharper87@cargocollective.com,Indonesia,Male,Sulahan,Teklist,81834.41,IDR
Sarah,Johnston,sjohnston88@usgs.gov,Indonesia,Female,Puncakbaru,Kwilith,43392.40,IDR
Martha,Stevens,mstevens89@behance.net,Argentina,Female,Arroyo Seco,Flipbug,2565.72,ARS
Keith,Ford,kford8a@4shared.com,Russia,Male,Berëzovka,Myworks,121.80,RUB
Ann,Olson,aolson8b@netvibes.com,China,Female,Longba,Mudo,70835.96,CNY
Carlos,Alvarez,calvarez8c@economist.com,Mexico,Male,San Francisco,Brightbean,66134.38,MXN
Cheryl,Ward,cward8d@shop-pro.jp,Japan,Female,Tawaramoto,Rhynoodle,38275.61,JPY
Peter,Allen,pallen8e@qq.com,Venezuela,Male,San Fernando Apure,Realblab,42054.21,VEF
Dorothy,Nichols,dnichols8f@nationalgeographic.com,Indonesia,Female,Umanggudang,Eabox,85435.01,IDR
Mark,Simpson,msimpson8g@ifeng.com,Canada,Male,Port Moody,Skilith,77885.53,CAD
Amy,Pierce,apierce8h@pinterest.com,Indonesia,Female,Tiro,Lazz,,IDR
Phillip,Williams,pwilliams8i@google.ca,Indonesia,Male,Taunan,Buzzshare,71802.68,IDR
Cheryl,Snyder,csnyder8j@senate.gov,Czech Republic,Female,Batelov,Innotype,88411.13,CZK
Ronald,Gordon,rgordon8k@i2i.jp,Argentina,Male,Rufino,BlogXS,66055.08,ARS
Jesse,Bradley,jbradley8l@umn.edu,Iran,Male,Mīāndoāb,Skidoo,4532.53,IRR
Walter,Bailey,wbailey8m@arstechnica.com,China,Male,Puyang,DabZ,66866.31,CNY
Fred,Stanley,fstanley8n@go.com,Brazil,Male,Guaramirim,Tagfeed,39094.76,BRL
Helen,Mendoza,hmendoza8o@cbc.ca,Honduras,Female,Las Tejeras,Livetube,,HNL
Timothy,Bennett,tbennett8p@t.co,Hungary,Male,Miskolc,Tavu,73753.89,HUF
Melissa,Taylor,mtaylor8q@newyorker.com,China,Female,Huangdu,Zoovu,29842.39,CNY
Lawrence,Morris,lmorris8r@symantec.com,Myanmar,Male,Hakha,Leexo,46752.28,MMK
Joe,Robinson,jrobinson8s@springer.com,Thailand,Male,Bamnet Narong,Jaxworks,63909.64,THB
Johnny,Ford,jford8t@usatoday.com,Yemen,Male,Al ‘Aqabah,Feedbug,94541.16,YER
Marie,Foster,mfoster8u@google.com,Brazil,Female,Paraty,Ntags,53245.05,BRL
Christine,Ramirez,cramirez8v@live.com,Morocco,Female,Oued Laou,Geba,12380.22,MAD
Jesse,Johnson,jjohnson8w@mapy.cz,Paraguay,Male,Villa Hayes,Leexo,72519.51,PYG
Janet,Woods,jwoods8x@miitbeian.gov.cn,Portugal,Female,Cabanas,Rhycero,33107.89,EUR
Henry,Elliott,helliott8y@army.mil,China,Male,Xiuying,Livefish,81846.40,CNY
Nicholas,Shaw,nshaw8z@youtu.be,Papua New Guinea,Male,Wau,Yakitri,67019.19,PGK
Howard,Kim,hkim90@tuttocitta.it,Japan,Male,Tomakomai,Vidoo,56483.10,JPY
Marie,Peters,mpeters91@flavors.me,China,Female,Hangwula,Skaboo,26846.54,CNY
Jean,Harvey,jharvey92@ftc.gov,China,Female,Qingzhou,Flipbug,88810.69,CNY
Juan,Elliott,jelliott93@freewebs.com,China,Male,Huolongping,Yamia,33836.94,CNY
Steve,Larson,slarson94@ox.ac.uk,United States,Male,Kansas City,Trilith,92428.11,USD
Angela,Hart,ahart95@spotify.com,Indonesia,Female,Nangerang,Aibox,1412.23,IDR
Frances,Ferguson,fferguson96@boston.com,Poland,Female,Suchedniów,Devshare,,PLN
Martin,Stevens,mstevens97@google.nl,Russia,Male,Nizhniy Bestyakh,Rhynoodle,94788.91,RUB
Pamela,Bryant,pbryant98@alexa.com,Angola,Female,Luau,Tekfly,75044.38,AOA
Carlos,Walker,cwalker99@unicef.org,China,Male,Magong,Fivespan,44667.62,CNY
Marilyn,Harrison,mharrison9a@biblegateway.com,Serbia,Female,Bački Petrovac,Realpoint,23289.16,RSD
Kelly,Mccoy,kmccoy9b@alexa.com,Ecuador,Female,Otavalo,Yacero,54308.51,USD
Sara,Dunn,sdunn9c@hatena.ne.jp,Russia,Female,Novonukutskiy,Quinu,7413.82,RUB
Charles,Holmes,cholmes9d@slashdot.org,Egypt,Male,Al Maţarīyah,Oba,88398.35,EGP
Clarence,Simmons,csimmons9e@usgs.gov,Poland,Male,Cielmice,Devify,33937.01,PLN
Douglas,Rice,drice9f@japanpost.jp,Pakistan,Male,Zafarwāl,Jabberstorm,29973.34,PKR
Roger,Perez,rperez9g@google.de,Russia,Male,Kuvshinovo,Meeveo,76696.14,RUB
Jose,Stanley,jstanley9h@fda.gov,China,Male,Zhushan,Skivee,81268.93,CNY
Norma,Reyes,nreyes9i@dell.com,Pakistan,Female,Fort Abbās,Voonder,,PKR
Nancy,Hamilton,nhamilton9j@ted.com,China,Female,Yima,Meemm,87632.86,CNY
Louise,Foster,lfoster9k@mit.edu,Philippines,Female,Bulihan,Geba,3804.64,PHP
Edward,Nguyen,enguyen9l@qq.com,South Africa,Male,Cofimvaba,Vinder,41714.80,ZAR
Jimmy,Murphy,jmurphy9m@barnesandnoble.com,Venezuela,Male,Barinitas,JumpXS,55048.89,VEF
Walter,Berry,wberry9n@blinklist.com,Indonesia,Male,Mriyunan,Twinte,,IDR
Margaret,Rivera,mrivera9o@cloudflare.com,Bhutan,Female,Lhuentse,Youfeed,,BTN
Carol,Medina,cmedina9p@163.com,Sweden,Female,Sandviken,Mita,18373.28,SEK
Rachel,Rodriguez,rrodriguez9q@google.pl,Portugal,Female,Infantas,Tazzy,39387.24,EUR
Tammy,Tucker,ttucker9r@google.it,Paraguay,Female,San Miguel,Thoughtbeat,75097.13,PYG
Randy,Henry,rhenry9s@chicagotribune.com,Brazil,Male,Itajuípe,Zoomzone,61103.77,BRL
Larry,Russell,lrussell9t@illinois.edu,China,Male,Jingshan,Zoomcast,4565.76,CNY
Louise,Martin,lmartin9u@indiegogo.com,China,Female,Zhapu,Yabox,87255.49,CNY
Margaret,Mills,mmills9v@booking.com,Ukraine,Female,Horodok,Vidoo,18486.56,UAH
Timothy,Duncan,tduncan9w@nbcnews.com,Indonesia,Male,Bendosari,Skilith,64082.56,IDR
Marilyn,Gonzales,mgonzales9x@upenn.edu,Kenya,Female,Bungoma,Zoomlounge,42971.72,KES
Carl,Carpenter,ccarpenter9y@addtoany.com,Germany,Male,Mülheim an der Ruhr,Camimbo,52977.47,EUR
Jack,Kim,jkim9z@gov.uk,Bangladesh,Male,Shibganj,Jazzy,8962.40,BDT
Kathy,Alexander,kalexandera0@amazon.co.uk,Portugal,Female,Aldeia da Piedade,Devify,34229.44,EUR
David,Woods,dwoodsa1@utexas.edu,Bulgaria,Male,Yambol,Shuffletag,,BGN
Sandra,Fields,sfieldsa2@berkeley.edu,Vietnam,Female,Nghĩa Hành,Thoughtstorm,66771.95,VND
Steven,Boyd,sboyda3@ehow.com,Indonesia,Male,Pliwetan,Jetpulse,30426.88,IDR
Nancy,Williams,nwilliamsa4@slashdot.org,Luxembourg,Female,Hesperange,Brainsphere,89401.32,EUR
Nicholas,Simpson,nsimpsona5@baidu.com,Macedonia,Male,Старо Нагоричане,Layo,16953.42,MKD
Virginia,Knight,vknighta6@si.edu,Japan,Female,Uozu,Livetube,68868.94,JPY
Douglas,Moreno,dmorenoa7@e-recht24.de,China,Male,Yunxi,Demivee,53661.03,CNY
Todd,Robertson,trobertsona8@cyberchimps.com,Portugal,Male,Chão de Couce,Cogibox,,EUR
Chris,Willis,cwillisa9@bigcartel.com,Kosovo,Male,Gjilan,Avamm,,EUR
Timothy,Bell,tbellaa@photobucket.com,France,Male,Hénin-Beaumont,Tazz,52291.34,EUR
Roy,Lawrence,rlawrenceab@stanford.edu,South Korea,Male,Andong,Miboo,,KRW
Diana,Campbell,dcampbellac@nyu.edu,Sudan,Female,Geneina,Skivee,64854.93,SDG
Mary,Powell,mpowellad@virginia.edu,Brazil,Female,Sarandi,Quire,24511.91,BRL
Roy,Oliver,roliverae@hatena.ne.jp,Kazakhstan,Male,Ridder,Skipstorm,32270.12,KZT
Scott,Berry,sberryaf@php.net,Armenia,Male,Byuravan,Flipbug,34474.32,AMD
Harold,Lane,hlaneag@bloglines.com,Russia,Male,Susanino,Brainlounge,48648.14,RUB
Anne,Wheeler,awheelerah@hibu.com,Brazil,Female,Ponta Porã,Gabspot,,BRL
Kenneth,Snyder,ksnyderai@craigslist.org,Japan,Male,Ōzu,Topdrive,97823.98,JPY
Robert,Spencer,rspenceraj@ow.ly,China,Male,Tianqian,Roomm,92135.14,CNY
Karen,Webb,kwebbak@blogs.com,China,Female,Wang’er,Agimba,4734.60,CNY
Alice,Thompson,athompsonal@oaic.gov.au,Sweden,Female,Stockholm,Zoomlounge,23043.45,SEK
Ashley,Lane,alaneam@google.com.au,Botswana,Female,Janeng,Twiyo,6410.37,BWP
Ashley,Wagner,awagneran@youku.com,Israel,Female,Kafr Miṣr,Voolith,4929.68,ILS
Louis,Hughes,lhughesao@theguardian.com,China,Male,Taozhou,Photojam,2091.61,CNY
Brian,Edwards,bedwardsap@livejournal.com,Peru,Male,Manuel Antonio Mesones Muro,Fivespan,49834.65,PEN
Annie,Cook,acookaq@hhs.gov,Malaysia,Female,Kuala Terengganu,Thoughtworks,11243.23,MYR
Joan,Roberts,jrobertsar@symantec.com,Indonesia,Female,Kruengraya,Ailane,,IDR
Debra,Ford,dfordas@studiopress.com,China,Female,Jinxiang,Twitternation,14625.83,CNY
Sandra,Harper,sharperat@state.tx.us,China,Female,Xagmakajor,Skynoodle,89436.64,CNY
Norma,Woods,nwoodsau@moonfruit.com,China,Female,Heishan,Feedspan,18988.47,CNY
Joseph,Carr,jcarrav@bandcamp.com,Canada,Male,Sparwood,Skajo,30765.50,CAD
Roger,Fernandez,rfernandezaw@smugmug.com,Russia,Male,Peresvet,Kanoodle,88940.52,RUB
Amanda,Baker,abakerax@webeden.co.uk,Indonesia,Female,Bago,Yotz,48275.95,IDR
Thomas,Bishop,tbishopay@mysql.com,Indonesia,Male,Kedungtuban,Dabjam,12049.59,IDR
Gerald,Reyes,greyesaz@newsvine.com,Sweden,Male,Stockholm,Mydeo,61224.00,SEK
Daniel,Bailey,dbaileyb0@diigo.com,Netherlands,Male,Bussum,Meevee,90644.79,EUR
Jack,Fowler,jfowlerb1@theatlantic.com,Greece,Male,Markópoulo Oropoú,Zoonder,8475.04,EUR
Gary,Barnes,gbarnesb2@plala.or.jp,Thailand,Male,Maha Sarakham,Digitube,68427.80,THB
Ryan,Marshall,rmarshallb3@myspace.com,China,Male,Danyang,Youspan,99229.28,CNY
Dennis,Lawrence,dlawrenceb4@oakley.com,Montenegro,Male,Spuž,Lazz,80457.17,EUR
Joseph,Cook,jcookb5@netlog.com,Indonesia,Male,Sampungu,Pixoboo,93232.03,IDR
Lawrence,Carter,lcarterb6@sogou.com,Cameroon,Male,Obala,Meezzy,68105.49,XAF
Aaron,Simmons,asimmonsb7@dagondesign.com,Madagascar,Male,Sadabe,Quatz,39887.68,MGA
Maria,Pierce,mpierceb8@hud.gov,Cuba,Female,Pedro Betancourt,Vimbo,943.67,CUP
Billy,Fox,bfoxb9@nytimes.com,Indonesia,Male,Banjar Swastika,Skippad,44714.00,IDR
Terry,Rose,troseba@jalbum.net,Colombia,Male,Chía,Avamm,32853.89,COP
Richard,Nichols,rnicholsbb@cam.ac.uk,Indonesia,Male,Meliau,Livetube,73297.17,IDR
Timothy,Lynch,tlynchbc@arizona.edu,Burundi,Male,Gitega,Devpoint,82991.61,BIF
Philip,Morris,pmorrisbd@mozilla.com,Kazakhstan,Male,Makīnsk,Skippad,98532.62,KZT
Julie,Bailey,jbaileybe@unblog.fr,China,Female,Longsheng,Skivee,,CNY
Patrick,Warren,pwarrenbf@indiegogo.com,Indonesia,Male,Legok,Realmix,76876.22,IDR
Kathy,Reed,kreedbg@ezinearticles.com,Philippines,Female,Gumalang,Yodoo,,PHP
Melissa,Scott,mscottbh@techcrunch.com,Philippines,Female,San Pedro One,Flashpoint,32405.65,PHP
Lois,Tucker,ltuckerbi@tinypic.com,Georgia,Female,T’et’ri Tsqaro,Shufflebeat,68196.96,GEL
Frank,Gardner,fgardnerbj@prweb.com,Philippines,Male,San Fabian,Abatz,25117.57,PHP
Christina,Warren,cwarrenbk@wired.com,China,Female,Xingguo,Dynazzy,91194.54,CNY
Phillip,Griffin,pgriffinbl@plala.or.jp,Costa Rica,Male,Ipís,Yambee,84485.73,CRC
Charles,Evans,cevansbm@si.edu,China,Male,Dayou,Eidel,81361.19,CNY
Jonathan,Frazier,jfrazierbn@cyberchimps.com,China,Male,Woshui,Edgeify,1277.53,CNY
John,Gonzales,jgonzalesbo@sciencedirect.com,Colombia,Male,Paicol,Bubblebox,57567.39,COP
Donna,Day,ddaybp@bigcartel.com,Russia,Female,Chegdomyn,Kaymbo,,RUB
Sara,Medina,smedinabq@360.cn,China,Female,Shucheng Chengguanzhen,Browseblab,35101.05,CNY
Rebecca,Garrett,rgarrettbr@ed.gov,Panama,Female,Tocumen,Babbleblab,48749.85,PAB
Lillian,Russell,lrussellbs@ucla.edu,Sweden,Female,Vimmerby,Dabvine,97065.28,SEK
Henry,Bowman,hbowmanbt@baidu.com,Indonesia,Male,Munduk,Thoughtsphere,80737.00,IDR
Roy,Adams,radamsbu@theglobeandmail.com,South Africa,Male,Koppies,Leenti,69202.42,ZAR
Jacqueline,Montgomery,jmontgomerybv@drupal.org,Czech Republic,Female,Šestajovice,Mudo,,CZK
Patricia,Griffin,pgriffinbw@1und1.de,Indonesia,Female,Banjar Dauhpura,Twitterbridge,98956.99,IDR
Jose,Vasquez,jvasquezbx@sakura.ne.jp,Afghanistan,Male,Herāt,Jatri,22026.73,AFN
Craig,Taylor,ctaylorby@imdb.com,Tunisia,Male,Menzel Abderhaman,Quaxo,83320.29,TND
Sarah,Pierce,spiercebz@businesswire.com,China,Female,Xifengshan,Tazzy,51289.11,CNY
Rebecca,Carr,rcarrc0@vk.com,China,Female,Zudun,Tambee,49737.60,CNY
Martin,Bennett,mbennettc1@technorati.com,Philippines,Male,Tungawan,Rhybox,99400.63,PHP
Alan,Little,alittlec2@wordpress.com,Indonesia,Male,Panggungsari,Jabberbean,11190.60,IDR
Angela,Nelson,anelsonc3@fastcompany.com,Germany,Female,Kassel,Browseblab,1079.23,EUR
Sean,Simmons,ssimmonsc4@toplist.cz,China,Male,Chaodi,Skinder,73821.30,CNY
Deborah,Warren,dwarrenc5@opensource.org,Poland,Female,Legionowo,Eadel,43104.33,PLN
Joshua,Cook,jcookc6@mysql.com,Macedonia,Male,Poroj,Chatterpoint,67771.07,MKD
Phillip,Marshall,pmarshallc7@mtv.com,Panama,Male,Pocrí,Eire,,PAB
Julie,Kennedy,jkennedyc8@issuu.com,Ukraine,Female,Uzyn,Leenti,47399.55,UAH
Roger,Fox,rfoxc9@europa.eu,Indonesia,Male,Babakan,Wikido,11688.70,IDR
Doris,Hill,dhillca@go.com,Netherlands,Female,Den Haag,Tekfly,,EUR
Carl,Fields,cfieldscb@latimes.com,United Arab Emirates,Male,Ras al-Khaimah,Flipopia,98285.39,AED
Nancy,Frazier,nfraziercc@phoca.cz,China,Female,Ganjiangtou,Skivee,91363.01,CNY
Janice,Bell,jbellcd@amazon.de,Peru,Female,Cullhuas,Feedmix,34328.95,PEN
James,Robinson,jrobinsonce@intel.com,Sweden,Male,Lidköping,Mynte,25984.92,SEK
Craig,Miller,cmillercf@tripadvisor.com,Bulgaria,Male,Lyaskovets,Twinder,49089.47,BGN
Frank,Washington,fwashingtoncg@europa.eu,Japan,Male,Onomichi,Youtags,64920.58,JPY
Harold,Fox,hfoxch@networkadvertising.org,Bahamas,Male,Lucaya,Tazz,95408.83,BSD
Kimberly,Richards,krichardsci@scribd.com,Finland,Female,Sibbo,Eadel,99038.19,EUR
Virginia,Lynch,vlynchcj@fda.gov,Germany,Female,Hamburg,Skinte,2070.19,EUR
Keith,Knight,kknightck@nytimes.com,Indonesia,Male,Birayang,Skipfire,67318.18,IDR
Lois,Cunningham,lcunninghamcl@wired.com,Finland,Female,Otaniemi,Skinix,60525.92,EUR
David,Arnold,darnoldcm@guardian.co.uk,Portugal,Male,Beijós,Linkbridge,,EUR
Matthew,Wells,mwellscn@geocities.jp,Vietnam,Male,Thị Trấn Phong Thổ,Mycat,5448.80,VND
Russell,Morrison,rmorrisonco@digg.com,France,Male,Tours,Flipopia,18069.97,EUR
Louise,Foster,lfostercp@ucoz.com,Argentina,Female,General San Martín,Youspan,12251.87,ARS
Arthur,Howard,ahowardcq@ustream.tv,Philippines,Male,Lavezares,Oyoloo,4992.33,PHP
Russell,Berry,rberrycr@ovh.net,Brazil,Male,Medina,Gabtype,4289.38,BRL
Diane,Freeman,dfreemancs@wix.com,Colombia,Female,Villeta,Kimia,85628.57,COP
Gregory,Morales,gmoralesct@privacy.gov.au,Saudi Arabia,Male,Ash Shafā,Dynabox,97668.76,SAR
Emily,Fowler,efowlercu@google.it,Russia,Female,Turochak,Quimm,,RUB
Joshua,Wright,jwrightcv@behance.net,Indonesia,Male,Lambangan Kulon,Fivebridge,95404.77,IDR
Julia,Tucker,jtuckercw@about.com,Sweden,Female,Bjärred,Kwinu,35485.11,SEK
Todd,Shaw,tshawcx@ifeng.com,Philippines,Male,Maduao,Viva,,PHP
Juan,Cunningham,jcunninghamcy@businesswire.com,Kosovo,Male,Glogovac,Skynoodle,8902.51,EUR
Linda,Anderson,landersoncz@wordpress.org,Ivory Coast,Female,Grand-Bassam,Twitterworks,33526.89,XOF
Rebecca,Ruiz,rruizd0@t.co,Poland,Female,Strzelce Krajeńskie,Jetwire,64733.90,PLN
Ann,Robinson,arobinsond1@123-reg.co.uk,Brazil,Female,Santo André,Zazio,,BRL
Jeffrey,Hansen,jhansend2@reference.com,Netherlands,Male,Alkmaar,Browsedrive,23672.29,EUR
Heather,Fisher,hfisherd3@qq.com,Philippines,Female,Talacogon,Ntags,75622.60,PHP
Wanda,Pierce,wpierced4@loc.gov,Russia,Female,Severnyy,Youopia,3290.87,RUB
Paul,Murphy,pmurphyd5@vimeo.com,China,Male,Qianfoling,Zoonoodle,27736.66,CNY
Sandra,Warren,swarrend6@businessweek.com,Russia,Female,Orlovskiy,Reallinks,62998.63,RUB
Ryan,Lewis,rlewisd7@ibm.com,Norway,Male,Moss,Trudeo,23111.07,NOK
Nancy,Garza,ngarzad8@over-blog.com,Mexico,Female,Los Pinos,Brainbox,97349.10,MXN
Larry,Foster,lfosterd9@fda.gov,Egypt,Male,Bilqās,Skimia,49308.10,EGP
Wanda,Owens,wowensda@purevolume.com,Portugal,Female,Eirado,Eayo,85084.55,EUR
Howard,Tucker,htuckerdb@t.co,Russia,Male,Yekaterinovka,Ntags,,RUB
Barbara,Williamson,bwilliamsondc@histats.com,China,Female,Hengfan,Tambee,,CNY
Gloria,Gutierrez,ggutierrezdd@howstuffworks.com,France,Female,Chelles,Yabox,4961.89,EUR
Janet,Welch,jwelchde@mlb.com,Philippines,Female,Barayong,Skyba,96577.44,PHP
Amanda,Edwards,aedwardsdf@shareasale.com,Indonesia,Female,Panyuran,Realbuzz,72464.83,IDR
Amanda,Flores,afloresdg@sina.com.cn,China,Female,Jiaxian Chengguanzhen,Photofeed,95841.86,CNY
Carol,Jackson,cjacksondh@blogger.com,China,Female,Huangzhai,Skipstorm,66045.52,CNY
Scott,Gibson,sgibsondi@studiopress.com,Poland,Male,Dzików Stary,Dabvine,89358.17,PLN
Todd,Robinson,trobinsondj@sourceforge.net,Peru,Male,Mendoza,Zooxo,32049.62,PEN
Randy,Reid,rreiddk@dailymail.co.uk,Azerbaijan,Male,Ujar,Plambee,53975.00,AZN
Timothy,Dean,tdeandl@dedecms.com,Philippines,Male,Paiisa,Kamba,20056.02,PHP
Rachel,West,rwestdm@uol.com.br,China,Female,Zhongshanlu,Twimbo,18513.12,CNY
Ruth,James,rjamesdn@cyberchimps.com,China,Female,Zongzhai,Zoomcast,,CNY
Jerry,Knight,jknightdo@mail.ru,Russia,Male,Vostryakovo,Midel,63419.06,RUB
Henry,Ward,hwarddp@ted.com,Sweden,Male,Mariefred,Innojam,13369.76,SEK
Douglas,Montgomery,dmontgomerydq@nymag.com,Tanzania,Male,Mtwara,Riffpedia,4959.89,TZS
Amy,Wells,awellsdr@cisco.com,Indonesia,Female,Merik,Trupe,11554.67,IDR
Catherine,Romero,cromerods@amazon.de,China,Female,Linxi,Wordpedia,93119.05,CNY
Jason,Anderson,jandersondt@sciencedaily.com,Argentina,Male,Almafuerte,Rhyzio,37311.84,ARS
Todd,Fowler,tfowlerdu@umich.edu,South Africa,Male,Ndwedwe,Zoombox,75095.04,ZAR
Julia,Cox,jcoxdv@rakuten.co.jp,United States,Female,Amarillo,Photospace,1321.95,USD
Thomas,Armstrong,tarmstrongdw@cdc.gov,Brazil,Male,Iperó,Jaxworks,50001.10,BRL
Ruth,Sims,rsimsdx@loc.gov,China,Female,Dajie,Feedfish,17266.89,CNY
Teresa,Turner,tturnerdy@gizmodo.com,Germany,Female,Berlin,Voomm,95552.08,EUR
Robert,Romero,rromerodz@si.edu,Costa Rica,Male,San José,Jayo,38825.84,CRC
Jessica,Wilson,jwilsone0@apache.org,China,Female,Shuyuan,Kayveo,35222.06,CNY
Todd,Morris,tmorrise1@tmall.com,Philippines,Male,Imbang,Yoveo,2879.05,PHP
Catherine,Payne,cpaynee2@elegantthemes.com,Montenegro,Female,Andrijevica,BlogXS,83773.35,EUR
Anne,Chavez,achaveze3@skype.com,Portugal,Female,Pegões,Babbleopia,31575.75,EUR
Scott,Foster,sfostere4@sina.com.cn,Guatemala,Male,San Miguel Chicaj,Rhynyx,85387.79,GTQ
Steve,Jenkins,sjenkinse5@irs.gov,Brazil,Male,Cravinhos,Yakitri,29657.30,BRL
Howard,Sims,hsimse6@mashable.com,Netherlands,Male,Lelystad,Vitz,37307.57,EUR
Bonnie,Black,bblacke7@seattletimes.com,Philippines,Female,Sungai,Livefish,56969.40,PHP
Howard,Allen,hallene8@addthis.com,Venezuela,Male,Tucupita,Yotz,86346.48,VEF
Sandra,Berry,sberrye9@washingtonpost.com,United States,Female,Young America,Babbleblab,40373.04,USD
Betty,Schmidt,bschmidtea@rambler.ru,Philippines,Female,Lagayan,Skibox,,PHP
Judith,Cruz,jcruzeb@newsvine.com,United Kingdom,Female,Charlton,Bluezoom,21642.54,GBP
Carol,Bennett,cbennettec@last.fm,Indonesia,Female,Blendis,Dazzlesphere,16411.07,IDR
Ryan,Johnson,rjohnsoned@yale.edu,Russia,Male,Lazarevskoye,Devcast,43444.28,RUB
Bruce,Cook,bcookee@edublogs.org,France,Male,Saint-Pierre-des-Corps,Thoughtbeat,27796.61,EUR
George,Henry,ghenryef@jiathis.com,Russia,Male,Krasnyye Chetai,Mymm,65717.88,RUB
Katherine,Wilson,kwilsoneg@liveinternet.ru,Russia,Female,Kola,Trudeo,54031.44,RUB
Jimmy,Stone,jstoneeh@simplemachines.org,Portugal,Male,Calvário,Yabox,7745.94,EUR
Eugene,Rivera,eriveraei@cargocollective.com,China,Male,Pimian,Eare,97073.44,CNY
Christina,Bailey,cbaileyej@facebook.com,Indonesia,Female,Margasari,Dynabox,9395.56,IDR
Kevin,Nelson,knelsonek@simplemachines.org,Japan,Male,Ishige,Latz,62474.54,JPY
Sharon,Watson,swatsonel@xinhuanet.com,China,Female,Cihua,Jetpulse,74791.73,CNY
Anthony,Wilson,awilsonem@com.com,France,Male,Tassin-la-Demi-Lune,Yadel,,EUR
Kimberly,Williams,kwilliamsen@posterous.com,Ethiopia,Female,Shambu,Skivee,43778.58,ETB
Kathleen,Henry,khenryeo@baidu.com,Bangladesh,Female,Netrakona,Yambee,80188.19,BDT
Shawn,Hughes,shughesep@typepad.com,Albania,Male,Zapod,Topiczoom,35429.73,ALL
Richard,Martinez,rmartinezeq@reuters.com,North Korea,Male,Chongjin,Blognation,80030.28,KPW
Joyce,Tucker,jtuckerer@prnewswire.com,China,Female,Lincheng,Zoomzone,70399.32,CNY
Robert,Cunningham,rcunninghames@archive.org,Russia,Male,Lyaskelya,Skippad,43907.73,RUB
Diana,Hunt,dhuntet@auda.org.au,Colombia,Female,Tierralta,Innojam,77463.88,COP
Bobby,Bryant,bbryanteu@g.co,Croatia,Male,Novi Zagreb,Tazz,37917.22,HRK
Eric,Harrison,eharrisonev@imgur.com,Sweden,Male,Stockholm,Cogibox,34235.96,SEK
George,Bradley,gbradleyew@sitemeter.com,Indonesia,Male,Sangiang,Gabspot,30657.93,IDR
Lois,Mendoza,lmendozaex@earthlink.net,Zimbabwe,Female,Raffingora,Jaxnation,96209.05,ZWL
Anthony,Wilson,awilsoney@ycombinator.com,United States,Male,Tampa,Twitternation,75865.89,USD
Kimberly,Hayes,khayesez@tuttocitta.it,China,Female,Wuxing,Thoughtstorm,77868.78,CNY
James,Watkins,jwatkinsf0@paypal.com,Norway,Male,Askim,Yotz,87968.80,NOK
Thomas,Ross,trossf1@friendfeed.com,Brazil,Male,Arapongas,Roodel,35219.59,BRL
Ruby,Kelley,rkelleyf2@edublogs.org,Ukraine,Female,Tsibulev,Realcube,81710.77,UAH
Dorothy,Sullivan,dsullivanf3@mac.com,Sweden,Female,Göteborg,Wikido,,SEK
Andrew,Crawford,acrawfordf4@time.com,Saudi Arabia,Male,Al Muwayh,Latz,74467.06,SAR
Robert,Cole,rcolef5@sciencedaily.com,Brazil,Male,Poconé,Gabspot,62504.88,BRL
Albert,Perez,aperezf6@wikipedia.org,United States,Male,Buffalo,Feedmix,2993.48,USD
Gary,Snyder,gsnyderf7@ameblo.jp,Sweden,Male,Enköping,Jetwire,63348.65,SEK
Carl,James,cjamesf8@wix.com,China,Male,Beixiang,Voonyx,75661.73,CNY
Walter,Ruiz,wruizf9@pen.io,Indonesia,Male,Alanga,Yodel,,IDR
Pamela,Robinson,probinsonfa@google.es,Cameroon,Female,Bafoussam,Shuffletag,84705.94,XAF
Larry,Garza,lgarzafb@google.fr,Poland,Male,Wapno,Trudoo,59188.80,PLN
Wanda,Martin,wmartinfc@unc.edu,Russia,Female,Kobrinskoye,Voomm,,RUB
Gloria,Stewart,gstewartfd@pinterest.com,Portugal,Female,Fonte Boa dos Nabos,Feedfish,66828.74,EUR
Phillip,Chavez,pchavezfe@wordpress.com,Philippines,Male,Guiset East,Riffpedia,70909.33,PHP
William,Henry,whenryff@statcounter.com,Tajikistan,Male,Khorugh,Divavu,50529.02,TJS
Amanda,Gordon,agordonfg@dmoz.org,Indonesia,Female,Jedung,Tagchat,61862.33,IDR
Douglas,Carpenter,dcarpenterfh@spotify.com,Sweden,Male,Järfälla,Rhynyx,53512.65,SEK
Joyce,Stone,jstonefi@gmpg.org,Indonesia,Female,Tembayangan Barat,Camimbo,72442.35,IDR
Theresa,Cole,tcolefj@webnode.com,Brazil,Female,Boa Viagem,Zoombeat,75565.82,BRL
Amanda,Jones,ajonesfk@altervista.org,Liechtenstein,Female,Mauren,Devshare,1834.43,CHF
Justin,Edwards,jedwardsfl@businessweek.com,Russia,Male,Katyr-Yurt,Jetwire,43789.31,RUB
George,Grant,ggrantfm@cpanel.net,Czech Republic,Male,Lidečko,Dabshots,83275.81,CZK
Margaret,Lawson,mlawsonfn@trellian.com,Honduras,Female,La Guacamaya,Flipopia,8154.20,HNL
Mary,Mills,mmillsfo@nymag.com,China,Female,Heping,Zoombeat,45143.73,CNY
Christina,Mcdonald,cmcdonaldfp@seattletimes.com,Brazil,Female,Jaboticabal,Myworks,6666.21,BRL
Bruce,Martinez,bmartinezfq@addtoany.com,Indonesia,Male,Sumbersari Wetan,Fliptune,18785.17,IDR
Charles,Campbell,ccampbellfr@altervista.org,Lithuania,Male,Kupiskis,Ntags,16288.38,LTL
Ruth,Hudson,rhudsonfs@zdnet.com,Kazakhstan,Female,Oytal,Topicblab,,KZT
Antonio,Burton,aburtonft@msu.edu,China,Male,Gangbei,Browsedrive,12173.35,CNY
Carolyn,Olson,colsonfu@patch.com,Philippines,Female,Jagna,Kazio,1199.30,PHP
Thomas,James,tjamesfv@unicef.org,Mexico,Male,Lindavista,Flashdog,51675.29,MXN
Scott,Sims,ssimsfw@imgur.com,Azerbaijan,Male,Xaçmaz,Ailane,77813.67,AZN
Rebecca,Hawkins,rhawkinsfx@princeton.edu,Poland,Female,Płock,Bubblemix,45444.40,PLN
Marilyn,Bradley,mbradleyfy@icio.us,Morocco,Female,Zinat,Quamba,32950.88,MAD
Edward,Fowler,efowlerfz@cam.ac.uk,Czech Republic,Male,Jesenice,Yakidoo,13732.58,CZK
Linda,Webb,lwebbg0@php.net,Poland,Female,Smyków,Trudoo,27951.67,PLN
Ronald,Washington,rwashingtong1@state.gov,China,Male,Shalang,Photobug,93524.62,CNY
Debra,Wagner,dwagnerg2@google.co.uk,China,Female,Guanqian,Skivee,88909.70,CNY
Andrea,Campbell,acampbellg3@woothemes.com,China,Female,Xihu,Eidel,26204.97,CNY
Laura,Johnson,ljohnsong4@opensource.org,Thailand,Female,Den Chai,Meeveo,61327.82,THB
Melissa,Wright,mwrightg5@devhub.com,Honduras,Female,La Esperanza,Fliptune,37863.59,HNL
Juan,Alexander,jalexanderg6@tiny.cc,Dominican Republic,Male,San Fernando de Monte Cristi,Skajo,95583.62,DOP
Jesse,Daniels,jdanielsg7@webeden.co.uk,China,Male,Hongqiao,Jatri,92295.29,CNY
Ruth,Parker,rparkerg8@flavors.me,Senegal,Female,Foundiougne,Photobug,,XOF
Roy,Washington,rwashingtong9@woothemes.com,China,Male,Jiaogong,Plambee,98194.13,CNY
Martin,Holmes,mholmesga@umn.edu,Russia,Male,Malaya Dubna,Brightbean,45783.16,RUB
Nancy,Patterson,npattersongb@linkedin.com,Peru,Female,Paita,Voolith,80144.43,PEN
Joseph,Mccoy,jmccoygc@dell.com,Philippines,Male,Balabagan,Fiveclub,54222.55,PHP
Betty,Rogers,brogersgd@hexun.com,China,Female,Shitong,Riffpath,93191.60,CNY
Dorothy,Jacobs,djacobsge@parallels.com,China,Female,Ganting,Skiba,,CNY
Randy,Rogers,rrogersgf@google.cn,Sweden,Male,Vimmerby,Voonyx,57524.61,SEK
Ryan,Carter,rcartergg@pen.io,Russia,Male,Kasimov,Tagcat,49534.92,RUB
Virginia,Black,vblackgh@oracle.com,Russia,Female,Vostochnoe Degunino,Skipfire,17446.11,RUB
Gary,James,gjamesgi@addtoany.com,Russia,Male,Khelyulya,Oyope,,RUB
Todd,White,twhitegj@eventbrite.com,Vietnam,Male,Thị Trấn Yên Cát,Myworks,17214.72,VND
Denise,Lee,dleegk@posterous.com,China,Female,Sanjia,Twiyo,22053.11,CNY
Teresa,Bowman,tbowmangl@bloglines.com,Poland,Female,Jadowniki,Mydeo,66693.33,PLN
Michael,Cox,mcoxgm@icio.us,China,Male,Feicheng,Devshare,39695.05,CNY
Jose,Castillo,jcastillogn@xinhuanet.com,Japan,Male,Tomobe,Youbridge,35035.56,JPY
Harold,Cole,hcolego@webnode.com,China,Male,Jinhua,Buzzshare,5584.56,CNY
Doris,Bennett,dbennettgp@sogou.com,China,Female,Zhongping,Brainsphere,,CNY
Teresa,Perez,tperezgq@usa.gov,China,Female,Kaiyun,Vipe,9065.42,CNY
Ruth,Shaw,rshawgr@amazonaws.com,France,Female,Dunkerque,Twitterworks,90050.84,EUR
Joe,Weaver,jweavergs@usnews.com,China,Male,Guanqiao,Quire,77930.83,CNY
Pamela,Rivera,priveragt@nasa.gov,France,Female,Thionville,Jayo,36799.51,EUR
Marie,James,mjamesgu@springer.com,Indonesia,Female,Keboireng,Yodo,1712.19,IDR
Shawn,Holmes,sholmesgv@auda.org.au,Sweden,Male,Täby,Jamia,75611.32,SEK
Laura,Lopez,llopezgw@archive.org,China,Female,Baocun,Muxo,30676.88,CNY
Phillip,Shaw,pshawgx@eventbrite.com,Costa Rica,Male,Paquera,Fiveclub,63638.80,CRC
Sandra,Rodriguez,srodriguezgy@1688.com,Azerbaijan,Female,Amirdzhan,Dabfeed,49913.11,AZN
Tina,Hicks,thicksgz@tripod.com,China,Female,Huaidao,Aivee,8106.19,CNY
Doris,Ray,drayh0@clickbank.net,Brazil,Female,Pimenta Bueno,Realpoint,63018.53,BRL
Janice,Cole,jcoleh1@hostgator.com,Russia,Female,Nyazepetrovsk,Leexo,6303.55,RUB
Peter,Mills,pmillsh2@moonfruit.com,Portugal,Male,Vila Nova,Devshare,32551.47,EUR
Joseph,Henry,jhenryh3@google.com,Indonesia,Male,Atambua,Topicblab,57531.50,IDR
Terry,Hughes,thughesh4@rambler.ru,China,Male,Liuxia,Rooxo,95306.24,CNY
Angela,Allen,aallenh5@newsvine.com,Indonesia,Female,Jepuro,Yakitri,95221.64,IDR
Louis,Coleman,lcolemanh6@photobucket.com,Indonesia,Male,Ngrejo,Trupe,91414.55,IDR
Katherine,Crawford,kcrawfordh7@un.org,Japan,Female,Shimabara,Skimia,23915.22,JPY
Bonnie,Lawson,blawsonh8@eepurl.com,Czech Republic,Female,Zabrušany,Yamia,61309.62,CZK
Ashley,Watkins,awatkinsh9@unc.edu,Germany,Female,Hamburg,Twimbo,7664.28,EUR
Craig,Marshall,cmarshallha@gizmodo.com,China,Male,Guanfang,Livefish,,CNY
Rebecca,Hall,rhallhb@huffingtonpost.com,China,Female,Lizi,Meedoo,47792.33,CNY
Charles,Wood,cwoodhc@washingtonpost.com,Indonesia,Male,Sembakung,Browsebug,73541.96,IDR
Carol,Hansen,chansenhd@blog.com,Finland,Female,Parikkala,Oloo,,EUR
Shawn,Owens,sowenshe@ox.ac.uk,China,Male,Mengxi,Jatri,,CNY
Todd,King,tkinghf@msn.com,Central African Republic,Male,Berbérati,Mydo,93727.10,XAF
Jennifer,Rogers,jrogershg@google.ru,Lithuania,Female,Prienai,Eare,17815.43,LTL
Virginia,Lynch,vlynchhh@bbc.co.uk,Portugal,Female,São Martinho de Árvore,Cogibox,25829.19,EUR
Diane,Powell,dpowellhi@wix.com,Indonesia,Female,Kamubheka,Tekfly,18370.97,IDR
Maria,Larson,mlarsonhj@shinystat.com,Philippines,Female,Bagombong,Babblestorm,22836.54,PHP
Christina,Ward,cwardhk@ucoz.com,Cameroon,Female,Bogo,Brainlounge,70839.28,XAF
Charles,Woods,cwoodshl@hugedomains.com,China,Male,Dadong,Miboo,25756.79,CNY
Antonio,Gray,agrayhm@oracle.com,Indonesia,Male,Sulang Tengah,Buzzshare,88483.04,IDR
Cynthia,Bell,cbellhn@flickr.com,Indonesia,Female,Kedungreja,Riffpath,29141.56,IDR
Tammy,Thompson,tthompsonho@naver.com,China,Female,Yangjiang,Twitternation,84842.54,CNY
Mary,Olson,molsonhp@salon.com,Russia,Female,Buinsk,Jayo,56368.05,RUB
Shawn,Lawrence,slawrencehq@tamu.edu,Argentina,Male,Famaillá,Thoughtworks,,ARS
Bobby,Harrison,bharrisonhr@shareasale.com,South Korea,Male,Chinch'ŏn,Topicware,86542.76,KRW
Joyce,Flores,jfloreshs@nbcnews.com,Ukraine,Female,Bolhrad,Katz,69153.35,UAH
Ruth,Russell,rrussellht@devhub.com,Brazil,Female,Tanabi,Realmix,91311.08,BRL
Tina,Gordon,tgordonhu@loc.gov,Canada,Female,Port Hawkesbury,Rhyloo,5470.56,CAD
Nancy,Ruiz,nruizhv@ehow.com,Indonesia,Female,Kawalimukti,Youspan,,IDR
Ralph,Mccoy,rmccoyhw@cbc.ca,China,Male,Jing’an,Yodoo,,CNY
Joseph,Dean,jdeanhx@google.co.uk,Indonesia,Male,Sukamaju,Reallinks,78736.94,IDR
Tammy,Clark,tclarkhy@cdbaby.com,China,Female,Luobei,Bubblebox,53723.00,CNY
Samuel,Fuller,sfullerhz@nymag.com,Brazil,Male,Queimados,Demizz,,BRL
Christina,Sanchez,csanchezi0@imdb.com,Philippines,Female,Tubajon,Lazzy,17372.33,PHP
Lois,Thomas,lthomasi1@washington.edu,Brazil,Female,Iperó,Mynte,29640.31,BRL
Jane,Gonzalez,jgonzalezi2@ft.com,Indonesia,Female,Siluman,Npath,48514.13,IDR
Bonnie,Gibson,bgibsoni3@typepad.com,Rwanda,Female,Butare,Kazu,75052.11,RWF
Charles,Duncan,cduncani4@linkedin.com,China,Male,Kaiyuan,Kwideo,30385.80,CNY
Brian,Lewis,blewisi5@forbes.com,France,Male,Nantes,Devpulse,,EUR
Frances,Jones,fjonesi6@amazon.co.jp,Colombia,Female,Buenavista,Jazzy,84938.67,COP
Wayne,Mills,wmillsi7@nih.gov,France,Male,La Roche-sur-Yon,Browseblab,69122.53,EUR
Jeffrey,Marshall,jmarshalli8@usatoday.com,Philippines,Male,Bukal,Skidoo,20439.36,PHP
Nicholas,Sanchez,nsanchezi9@umn.edu,United States,Male,Buffalo,Avamm,,USD
Peter,Crawford,pcrawfordia@furl.net,Cameroon,Male,Bali,Vipe,16016.17,XAF
Irene,Ferguson,ifergusonib@umn.edu,Sweden,Female,Trollhättan,Jabbertype,50072.61,SEK
Lillian,Harvey,lharveyic@imdb.com,Australia,Female,Perth,Oyoloo,51331.68,AUD
Paul,Richardson,prichardsonid@creativecommons.org,Colombia,Male,El Carmen de Bolívar,Topdrive,86138.84,COP
Kelly,Montgomery,kmontgomeryie@blogtalkradio.com,Armenia,Female,Shahumyan,Skipfire,63965.14,AMD
Rachel,Larson,rlarsonif@paginegialle.it,China,Female,Chencai,Digitube,8217.93,CNY
Gary,Morales,gmoralesig@narod.ru,Brazil,Male,Tremembé,Jaxnation,14232.05,BRL
Adam,Ford,afordih@uol.com.br,Turkmenistan,Male,Tejen,Npath,12172.65,TMT
Peter,Gonzales,pgonzalesii@smugmug.com,Peru,Male,Nanchoc,Dynabox,,PEN
Jane,Foster,jfosterij@dailymotion.com,Macedonia,Female,Ohrid,Twitternation,65132.70,MKD
Margaret,Matthews,mmatthewsik@digg.com,Brazil,Female,Itapemirim,Flashset,59209.31,BRL
Dorothy,Olson,dolsonil@zimbio.com,United States,Female,New Orleans,Aimbo,,USD
Louise,Alexander,lalexanderim@cbslocal.com,Indonesia,Female,Cibungur,Eabox,56852.79,IDR
Denise,Ortiz,dortizin@mashable.com,Kosovo,Female,Mališevo,Thoughtsphere,,EUR
Jane,Stone,jstoneio@netscape.com,Pakistan,Female,Jhang Sadr,Divanoodle,12508.01,PKR
Gregory,Robinson,grobinsonip@boston.com,Indonesia,Male,Mekarjaya Satu,Zoomlounge,86319.92,IDR
Jacqueline,Gibson,jgibsoniq@ycombinator.com,Portugal,Female,Lajeosa do Mondego,Skimia,,EUR
Rebecca,Peterson,rpetersonir@privacy.gov.au,China,Female,Beigong,Aivee,59282.18,CNY
Debra,Coleman,dcolemanis@usnews.com,China,Female,Tangshan,Skyndu,71141.90,CNY
Melissa,Coleman,mcolemanit@hhs.gov,Kazakhstan,Female,Kapshagay,Flipbug,5878.51,KZT
Joan,Kelley,jkelleyiu@flickr.com,Portugal,Female,Ariz,Eare,22817.28,EUR
Norma,Payne,npayneiv@wordpress.org,China,Female,Longbu,Mydo,44567.81,CNY
Raymond,Alexander,ralexanderiw@hhs.gov,Portugal,Male,Santa Cruz do Bispo,Bluejam,88135.77,EUR
Ruby,Mccoy,rmccoyix@flavors.me,China,Female,Shitang,Vimbo,7226.08,CNY
Carlos,Watson,cwatsoniy@google.com,Canada,Male,Leduc,Dynazzy,96502.01,CAD
Dorothy,White,dwhiteiz@blogs.com,Portugal,Female,Carvalhal Redondo,Buzzster,23753.54,EUR
Timothy,Murphy,tmurphyj0@telegraph.co.uk,Kyrgyzstan,Male,Jalal-Abad,Tagopia,76908.23,KGS
Martha,Weaver,mweaverj1@blogspot.com,China,Female,Deqing,Quimm,24632.93,CNY
Bruce,Thompson,bthompsonj2@cisco.com,Ukraine,Male,Korniyivka,Yakijo,13520.42,UAH
Jason,Johnson,jjohnsonj3@hao123.com,Palestinian Territory,Male,An Naşr,Quimba,18901.87,ILS
Louis,Henry,lhenryj4@goo.ne.jp,China,Male,Tangkou,Yamia,18722.37,CNY
Scott,Stephens,sstephensj5@printfriendly.com,Greece,Male,Yiánnouli,Mudo,76106.20,EUR
Ralph,Simpson,rsimpsonj6@wordpress.org,Portugal,Male,Alquerubim,Oyoba,31813.11,EUR
Jean,Phillips,jphillipsj7@hc360.com,Vietnam,Female,Yên Lạc,Flipstorm,75918.72,VND
Denise,Day,ddayj8@jimdo.com,Greece,Female,Arnaía,Photobean,5999.47,EUR
Joan,Cruz,jcruzj9@blogger.com,Ukraine,Female,Uralo-Kavkaz,Leenti,11457.10,UAH
Justin,Rice,jriceja@ted.com,Argentina,Male,Retiro,Kanoodle,38306.25,ARS
Daniel,Martinez,dmartinezjb@weebly.com,China,Male,Runjin,Divanoodle,25692.05,CNY
Peter,Little,plittlejc@ihg.com,Greece,Male,Ilioúpoli,Fiveclub,87241.83,EUR
Dorothy,Meyer,dmeyerjd@ca.gov,Bulgaria,Female,Kavarna,Trupe,22132.90,BGN
Larry,Johnson,ljohnsonje@sogou.com,China,Male,Hobor,Flipopia,89286.63,CNY
Larry,Taylor,ltaylorjf@ft.com,China,Male,Guzhen,Brainsphere,69849.79,CNY
Lisa,Washington,lwashingtonjg@nasa.gov,China,Female,Matou,Gabtune,7893.57,CNY
Clarence,Carr,ccarrjh@youku.com,China,Male,Tuzhai,Brainlounge,,CNY
Wanda,Mills,wmillsji@lulu.com,China,Female,Hekou,Aimbo,79424.44,CNY
Teresa,Hicks,thicksjj@github.com,China,Female,Mafang,Jaxbean,5966.77,CNY
Rose,Watkins,rwatkinsjk@feedburner.com,Turkmenistan,Female,Gowurdak,Talane,99233.13,TMT
Barbara,Porter,bporterjl@va.gov,Kazakhstan,Female,Aqtöbe,Jaxworks,5166.33,KZT
Susan,Arnold,sarnoldjm@hostgator.com,Croatia,Female,Hrvace,Babbleopia,16213.63,HRK
Henry,Dean,hdeanjn@deliciousdays.com,Russia,Male,Kultayevo,Yakitri,47497.93,RUB
Eric,Chavez,echavezjo@odnoklassniki.ru,Indonesia,Male,Kadukaung,Viva,85814.61,IDR
Patrick,Henderson,phendersonjp@domainmarket.com,Azerbaijan,Male,Qızılhacılı,Quimba,40160.71,AZN
Donald,Henry,dhenryjq@dagondesign.com,Poland,Male,Wiśniewo,Talane,79140.92,PLN
Teresa,Mendoza,tmendozajr@histats.com,China,Female,Xiangxiang,Youfeed,92308.66,CNY
Linda,Bell,lbelljs@craigslist.org,Sweden,Female,Skärholmen,Aibox,62751.03,SEK
Helen,Ross,hrossjt@google.cn,Poland,Female,Baruchowo,Jabbersphere,21749.17,PLN
Louise,Stone,lstoneju@arizona.edu,China,Female,Shuizhai,Fliptune,3739.47,CNY
Diane,King,dkingjv@paginegialle.it,Argentina,Female,Napenay,Thoughtbridge,66115.95,ARS
Kevin,Wells,kwellsjw@slashdot.org,China,Male,Aotou,Jamia,57533.94,CNY
Jennifer,Kennedy,jkennedyjx@cisco.com,Greece,Female,Kastélli,Buzzshare,90513.87,EUR
Aaron,Miller,amillerjy@shutterfly.com,Mexico,Male,Las Palmas,Brainbox,60005.01,MXN
Robin,Garrett,rgarrettjz@google.com.au,Nicaragua,Female,Jinotepe,Yombu,44494.58,NIO
Jose,Wagner,jwagnerk0@discuz.net,Philippines,Male,Esperanza,Flipbug,29510.35,PHP
Billy,Hayes,bhayesk1@oracle.com,Indonesia,Male,Ciwaru,Feednation,,IDR
Betty,Olson,bolsonk2@msn.com,Philippines,Female,Calaoagan,DabZ,29812.41,PHP
Michael,Fernandez,mfernandezk3@who.int,Palestinian Territory,Male,Dūrā al Qar‘,Babbleblab,57994.14,ILS
Linda,Little,llittlek4@intel.com,Indonesia,Female,Tengah,Wordpedia,,IDR
Kimberly,Williamson,kwilliamsonk5@paypal.com,Albania,Female,Bradashesh,Edgeclub,74789.82,ALL
Nicholas,Taylor,ntaylork6@netscape.com,China,Male,Hanyuan,Dablist,62546.38,CNY
Howard,Rogers,hrogersk7@gov.uk,China,Male,Beigang,Fatz,843.29,CNY
Rose,Torres,rtorresk8@ibm.com,Serbia,Female,Sremska Mitrovica,Twitterworks,33646.88,RSD
Henry,Ray,hrayk9@macromedia.com,United States,Male,Pittsburgh,Realbridge,32669.97,USD
Kelly,Flores,kfloreska@amazonaws.com,Vietnam,Female,Thị Trấn Yên Châu,Oyoloo,23938.21,VND
Jessica,Bryant,jbryantkb@who.int,Peru,Female,San Pablo,Ainyx,9772.78,PEN
Norma,Williams,nwilliamskc@comcast.net,Poland,Female,Dębów,Meejo,93562.99,PLN
Charles,Robertson,crobertsonkd@salon.com,China,Male,Dengmingsi,Gabcube,30392.28,CNY
Catherine,Moreno,cmorenoke@uiuc.edu,Cuba,Female,Cumanayagua,Lazz,5827.84,CUP
Linda,Simpson,lsimpsonkf@vistaprint.com,Indonesia,Female,Lokorae,Skyble,,IDR
Janice,Burton,jburtonkg@home.pl,Philippines,Female,Tinambacan,Jaxworks,78416.45,PHP
Betty,Henderson,bhendersonkh@bloomberg.com,South Korea,Female,Yangp'yŏng,BlogXS,91127.79,KRW
Joshua,Snyder,jsnyderki@friendfeed.com,Myanmar,Male,Pyin Oo Lwin,Layo,2600.42,MMK
Carlos,George,cgeorgekj@tuttocitta.it,Spain,Male,Santander,Browsecat,,EUR
Jerry,Ramirez,jramirezkk@businessinsider.com,Indonesia,Male,Alukama,Edgeclub,60830.32,IDR
Julie,Cunningham,jcunninghamkl@skyrock.com,United States,Female,Milwaukee,Agivu,44696.89,USD
Paul,Owens,powenskm@1und1.de,China,Male,Dong’an,Dynabox,17353.77,CNY
Alan,Lawrence,alawrencekn@opensource.org,Nigeria,Male,Ogwashi-Uku,Meetz,45428.38,NGN
Gary,Collins,gcollinsko@ted.com,Poland,Male,Leśnica,Quaxo,98810.52,PLN
Billy,Flores,bfloreskp@shutterfly.com,Malaysia,Male,Kuala Terengganu,Skinte,78960.41,MYR
Clarence,Cook,ccookkq@themeforest.net,Philippines,Male,Aborlan,Meejo,88695.28,PHP
Catherine,Jones,cjoneskr@flickr.com,Indonesia,Female,Kotabunan,Yakijo,72198.36,IDR
Janice,White,jwhiteks@google.com.br,China,Female,Benzilan,Jaxspan,39908.63,CNY
Fred,Kennedy,fkennedykt@biglobe.ne.jp,China,Male,Taoling,Jabbersphere,,CNY
William,Greene,wgreeneku@digg.com,France,Male,Sophia Antipolis,Gabtype,1353.31,EUR
Harold,Palmer,hpalmerkv@bloglovin.com,Ukraine,Male,Luhans’ke,Twinte,57958.48,UAH
Juan,Harrison,jharrisonkw@unesco.org,Philippines,Male,Cambarus,Riffpedia,49507.19,PHP
Aaron,Matthews,amatthewskx@mayoclinic.com,Czech Republic,Male,Dolní Bojanovice,Demimbu,2727.61,CZK
Jessica,Moreno,jmorenoky@cnet.com,Sweden,Female,Karlstad,Realblab,27078.27,SEK
Julia,Freeman,jfreemankz@yale.edu,Paraguay,Female,General Elizardo Aquino,Feednation,53899.74,PYG
Frank,Butler,fbutlerl0@angelfire.com,Indonesia,Male,Kalumpang,Browsezoom,91000.51,IDR
Charles,Murphy,cmurphyl1@hao123.com,Indonesia,Male,Sitularang Landeuh,Trudoo,84437.73,IDR
Adam,Carr,acarrl2@booking.com,Mongolia,Male,Sharïngol,Oozz,70509.51,MNT
Justin,Thompson,jthompsonl3@usgs.gov,Indonesia,Male,Panguruan,Kare,63231.15,IDR
Steve,Medina,smedinal4@fastcompany.com,United States,Male,Los Angeles,DabZ,49952.19,USD
Marilyn,Matthews,mmatthewsl5@alexa.com,China,Female,Tianyuan,Lajo,55182.58,CNY
Jeffrey,Warren,jwarrenl6@dot.gov,Portugal,Male,Santa Maria do Souto,Blogpad,89551.88,EUR
Jacqueline,Stone,jstonel7@ifeng.com,Uganda,Female,Kotido,Meejo,13972.43,UGX
Jerry,Hamilton,jhamiltonl8@apache.org,Zimbabwe,Male,Chivhu,Flipstorm,79071.96,ZWL
Wayne,Jacobs,wjacobsl9@microsoft.com,Philippines,Male,San Quintin,Janyx,7720.19,PHP
Johnny,Gardner,jgardnerla@altervista.org,Indonesia,Male,Cikananga,Zoomcast,86322.97,IDR
Stephen,Clark,sclarklb@issuu.com,France,Male,Issy-les-Moulineaux,Digitube,20493.10,EUR
Nicole,Wagner,nwagnerlc@opera.com,Comoros,Female,Chironkamba,Leenti,,KMF
Shirley,Weaver,sweaverld@jimdo.com,Australia,Female,Perth,Zoonder,58051.88,AUD
Gerald,Hall,ghallle@craigslist.org,Peru,Male,Nazca,Tazzy,28023.51,PEN
Julie,Young,jyounglf@youku.com,China,Female,Changtian,Nlounge,2895.57,CNY
Johnny,Day,jdaylg@mayoclinic.com,United States,Male,Reno,Riffwire,91177.69,USD
Harold,Rodriguez,hrodriguezlh@mtv.com,Ireland,Male,Askeaton,Feedfire,,EUR
Cheryl,Jones,cjonesli@nsw.gov.au,China,Female,Duantan,Thoughtsphere,36096.60,CNY
Jennifer,Garrett,jgarrettlj@shop-pro.jp,Russia,Female,Kayasula,Youbridge,17879.30,RUB
Anna,Stewart,astewartlk@utexas.edu,Sudan,Female,Um Jar Al Gharbiyya,Agivu,65229.97,SDG
Andrew,Murray,amurrayll@about.me,Estonia,Male,Tabasalu,Thoughtstorm,3039.93,EUR
Kathryn,Powell,kpowelllm@yahoo.com,China,Female,Dandu,Flashdog,36786.66,CNY
Cynthia,King,ckingln@prnewswire.com,Indonesia,Female,Sukamanah,Omba,56905.97,IDR
Irene,Jones,ijoneslo@example.com,Cuba,Female,Morón,Quire,11899.63,CUP
Amanda,Ward,awardlp@webeden.co.uk,Venezuela,Female,Puerto Ayacucho,Photobean,97338.61,VEF
Ronald,Willis,rwillislq@tripod.com,Portugal,Male,Lavradio,Gigazoom,77819.33,EUR
Matthew,Ramirez,mramirezlr@tuttocitta.it,Russia,Male,Star’,Thoughtbridge,,RUB
Anna,Nichols,anicholsls@addtoany.com,Indonesia,Female,Komi,Zoomdog,54869.58,IDR
Steve,Medina,smedinalt@goo.gl,Israel,Male,‘Akko,Teklist,32696.83,ILS
Jacqueline,Hayes,jhayeslu@acquirethisname.com,Indonesia,Female,Karangbayat,Eabox,35127.62,IDR
Joe,Cooper,jcooperlv@weebly.com,China,Male,Wangdian,Zoombox,36574.14,CNY
Ashley,Kim,akimlw@constantcontact.com,Brazil,Female,Cacoal,Divape,73507.12,BRL
Catherine,Dixon,cdixonlx@sfgate.com,Czech Republic,Female,Palkovice,Devbug,16936.32,CZK
Kevin,Peters,kpetersly@mlb.com,Ireland,Male,Loughrea,Skipstorm,15618.09,EUR
John,Day,jdaylz@google.com,Palestinian Territory,Male,Bayt Liqyā,Dabshots,24942.61,ILS
Raymond,Perez,rperezm0@diigo.com,Kenya,Male,Homa Bay,Realfire,54152.04,KES
Marilyn,Fox,mfoxm1@sitemeter.com,Venezuela,Female,Tucupido,Skimia,909.92,VEF
Julia,Howard,jhowardm2@samsung.com,Philippines,Female,Boston,Yodo,23963.20,PHP
Mark,Peters,mpetersm3@psu.edu,Japan,Male,Fukagawa,Trilith,40410.59,JPY
Timothy,Banks,tbanksm4@redcross.org,Japan,Male,Fuji,Trilia,79201.48,JPY
Martin,Chavez,mchavezm5@opera.com,Azerbaijan,Male,Birinci Aşıqlı,Yacero,71970.91,AZN
Marie,Rivera,mriveram6@blogger.com,Hungary,Female,Budapest,Oloo,33598.28,HUF
Steve,Walker,swalkerm7@who.int,Portugal,Male,Quintão,Zooxo,,EUR
Brian,Moore,bmoorem8@marriott.com,South Africa,Male,Pietermaritzburg,Thoughtstorm,8975.19,ZAR
Antonio,Rivera,ariveram9@cnet.com,United States,Male,Long Beach,Abata,14889.54,USD
Ann,Porter,aporterma@t-online.de,France,Female,Issoire,Viva,8589.47,EUR
Janet,Gardner,jgardnermb@youku.com,Russia,Female,Suzdal’,Flipopia,50512.00,RUB
Scott,Carpenter,scarpentermc@archive.org,Portugal,Male,Póvoa de Santo António,Buzzdog,,EUR
Marilyn,Adams,madamsmd@deviantart.com,Indonesia,Female,Tanjung Raja,Edgewire,95953.23,IDR
Donald,Sanders,dsandersme@ustream.tv,France,Male,Massy,Youbridge,38881.93,EUR
Janice,Scott,jscottmf@dailymotion.com,Philippines,Female,Pio,Agivu,58841.27,PHP
Johnny,Bowman,jbowmanmg@dell.com,Sweden,Male,Norrtälje,Ailane,646.33,SEK
John,Carpenter,jcarpentermh@samsung.com,Argentina,Male,Azul,Skinte,31372.70,ARS
Janice,Ross,jrossmi@desdev.cn,France,Female,Troyes,Yabox,90366.97,EUR
Raymond,Campbell,rcampbellmj@nytimes.com,Cuba,Male,San José de las Lajas,Edgeclub,43554.93,CUP
Alice,Perez,aperezmk@howstuffworks.com,Indonesia,Female,Kaulon,Topiclounge,77817.07,IDR
Cheryl,Hunter,chunterml@hao123.com,Philippines,Female,San Diego,Trilith,70113.06,PHP
Daniel,Matthews,dmatthewsmm@webs.com,Colombia,Male,Lorica,Youopia,18400.08,COP
Brandon,Hart,bhartmn@github.com,Palestinian Territory,Male,Bethlehem,Linkbridge,47190.03,ILS
Sara,Holmes,sholmesmo@bbb.org,Portugal,Female,Longra,Tagopia,,EUR
Deborah,Burns,dburnsmp@about.me,Russia,Female,Glafirovka,Devpoint,10946.85,RUB
Dennis,Pierce,dpiercemq@shop-pro.jp,Nicaragua,Male,Niquinohomo,Jaloo,23288.86,NIO
Tammy,Nguyen,tnguyenmr@opera.com,Indonesia,Female,Desa Wetan Ciakar,Jatri,22543.46,IDR
George,Parker,gparkerms@creativecommons.org,Colombia,Male,La Mesa,Bluezoom,85554.42,COP
Frank,Wagner,fwagnermt@wix.com,Ukraine,Male,Novohrad-Volyns’kyy,Gigabox,13973.17,UAH
Lori,Jackson,ljacksonmu@ow.ly,Brazil,Female,Itinga,Innojam,23089.14,BRL
Brenda,Warren,bwarrenmv@google.com.hk,Qatar,Female,Fuwayriţ,Lajo,97606.14,QAR
Howard,Miller,hmillermw@photobucket.com,Cuba,Male,Guisa,Gabtype,23500.12,CUP
Margaret,Stephens,mstephensmx@lulu.com,Indonesia,Female,Warungawi,Latz,22629.46,IDR
Fred,Snyder,fsnydermy@bluehost.com,China,Male,Yangxunqiao,Demivee,88642.13,CNY
Clarence,Evans,cevansmz@slideshare.net,France,Male,Évreux,Voonder,78849.49,EUR
Martin,Wallace,mwallacen0@ucla.edu,Iran,Male,Ābdānān,Devpoint,45585.25,IRR
Kimberly,Berry,kberryn1@bizjournals.com,Uruguay,Female,Rivera,Jayo,56390.97,UYU
Jack,Rogers,jrogersn2@independent.co.uk,China,Male,Baitian,Wikivu,19245.07,CNY
Scott,Sims,ssimsn3@telegraph.co.uk,Philippines,Male,Tabinay,Zoomlounge,14790.40,PHP
Dorothy,Rice,dricen4@networksolutions.com,China,Female,Jiangdulu,Meetz,78536.88,CNY
Lisa,Fisher,lfishern5@un.org,China,Female,Tushi,Jabberbean,52468.82,CNY
Billy,Hansen,bhansenn6@simplemachines.org,United States,Male,Waterbury,Cogidoo,30074.20,USD
Tammy,Gordon,tgordonn7@newsvine.com,Syria,Female,Duwayr Raslān,Oozz,22056.97,SYP
Ruth,Martinez,rmartinezn8@spotify.com,Brazil,Female,Matão,Quire,97547.34,BRL
Judy,Turner,jturnern9@cbsnews.com,Brazil,Female,Miguel Calmon,Thoughtstorm,43802.65,BRL
Frances,Jacobs,fjacobsna@youtube.com,Iran,Female,Nashtā Rūd,Flashspan,,IRR
Larry,Hansen,lhansennb@hostgator.com,China,Male,Weitang,Skinte,72345.92,CNY
Arthur,Griffin,agriffinnc@yale.edu,Russia,Male,Ponyri Vtoryye,Ntag,,RUB
Joe,Weaver,jweavernd@sciencedirect.com,Canada,Male,East Angus,Jaxspan,58220.77,CAD
Rachel,Wells,rwellsne@moonfruit.com,Netherlands,Female,Eindhoven,Fivechat,90760.73,EUR
Aaron,Wheeler,awheelernf@archive.org,China,Male,Qincheng,Dynazzy,64240.74,CNY
Peter,Gilbert,pgilbertng@netscape.com,Indonesia,Male,Batang,Skimia,92926.46,IDR
Catherine,Stephens,cstephensnh@npr.org,Colombia,Female,Puerto Berrío,Skynoodle,34161.06,COP
Tina,Payne,tpayneni@wunderground.com,Thailand,Female,Thap Than,Twiyo,53467.19,THB
Diana,Romero,dromeronj@sina.com.cn,Tunisia,Female,Douz,Gigazoom,71475.23,TND
Joshua,Watson,jwatsonnk@kickstarter.com,Serbia,Male,Čoka,Pixonyx,36152.90,RSD
Ruth,Gonzalez,rgonzaleznl@google.cn,Canada,Female,Shediac,Dabtype,46889.45,CAD
Brenda,Reynolds,breynoldsnm@microsoft.com,Germany,Female,Hamburg Winterhude,JumpXS,98641.78,EUR
Doris,Harper,dharpernn@mapquest.com,Russia,Female,Mikun’,Tambee,91810.86,RUB
Debra,Ryan,dryanno@barnesandnoble.com,Poland,Female,Rzozów,Rhyzio,21513.72,PLN
Helen,Nguyen,hnguyennp@businessinsider.com,Armenia,Female,Metsamor,Linkbuzz,71559.03,AMD
Dorothy,Robinson,drobinsonnq@time.com,El Salvador,Female,San Antonio del Monte,Mycat,43055.90,USD
Phillip,Torres,ptorresnr@pbs.org,China,Male,Shuanghejiedao,Avaveo,36158.89,CNY
Larry,Smith,lsmithns@upenn.edu,Luxembourg,Male,Mompach,Jaxnation,,EUR
Dorothy,Rogers,drogersnt@moonfruit.com,Philippines,Female,Upig,Zooveo,,PHP
Jean,Reynolds,jreynoldsnu@addtoany.com,Iran,Female,Kāshmar,Zooveo,,IRR
Fred,Black,fblacknv@discovery.com,Czech Republic,Male,Bechlín,Fadeo,5519.78,CZK
Carl,Bryant,cbryantnw@twitter.com,Russia,Male,Volgodonsk,Zoomzone,44426.59,RUB
Edward,Clark,eclarknx@miibeian.gov.cn,Iran,Male,Anār,Mymm,71779.02,IRR
Mary,Price,mpriceny@army.mil,Portugal,Female,Quintã,Wordtune,72725.22,EUR
Andrew,Nelson,anelsonnz@posterous.com,France,Male,Val-de-Reuil,Katz,84291.36,EUR
Gary,Porter,gportero0@dyndns.org,Ireland,Male,Portumna,Rhyloo,60525.92,EUR
Virginia,Morales,vmoraleso1@privacy.gov.au,Vietnam,Female,Hoàn Kiếm,Divape,31678.97,VND
Catherine,Griffin,cgriffino2@amazon.co.uk,China,Female,Yuxi,BlogXS,,CNY
Tina,Graham,tgrahamo3@constantcontact.com,Myanmar,Female,Pyay,Photofeed,,MMK
Jane,Cruz,jcruzo4@gravatar.com,Indonesia,Female,Pacar,Dynava,89419.99,IDR
Henry,Griffin,hgriffino5@sogou.com,China,Male,Boli,Twimm,16842.11,CNY
Charles,Morgan,cmorgano6@alibaba.com,Brazil,Male,Araci,Roombo,61142.84,BRL
Elizabeth,Mccoy,emccoyo7@sohu.com,Kazakhstan,Female,Karabas,Latz,61641.65,KZT
Norma,Ortiz,nortizo8@creativecommons.org,Greece,Female,Pelópion,Eabox,58235.27,EUR
Mildred,George,mgeorgeo9@auda.org.au,China,Female,Pangushan,Livefish,,CNY
Bobby,Brooks,bbrooksoa@redcross.org,Greece,Male,Galatás,Yakidoo,8638.58,EUR
Ashley,Harper,aharperob@themeforest.net,Russia,Female,Novoderevyankovskaya,Youfeed,28194.99,RUB
Julia,Cruz,jcruzoc@cbslocal.com,Indonesia,Female,Tumpang Satu,Pixonyx,69714.32,IDR
Raymond,Black,rblackod@is.gd,Japan,Male,Takaoka,Chatterpoint,1446.89,JPY
Beverly,Thomas,bthomasoe@xinhuanet.com,Russia,Female,Ullubiyaul,Aivee,14146.81,RUB
Justin,Wallace,jwallaceof@seesaa.net,Netherlands,Male,Winschoten,Buzzster,23135.30,EUR
Phillip,Alexander,palexanderog@phoca.cz,Argentina,Male,Santiago del Estero,Twitterbridge,34921.32,ARS
John,Phillips,jphillipsoh@nifty.com,China,Male,Kax,Quamba,,CNY
Michael,Nelson,mnelsonoi@free.fr,Vietnam,Male,Thị Trấn Vạn Hà,Voonix,57260.89,VND
Samuel,Alvarez,salvarezoj@themeforest.net,China,Male,Muqi,Nlounge,55622.20,CNY
Amanda,Mason,amasonok@github.com,Thailand,Female,Phitsanulok,Flashdog,78953.96,THB
Edward,Elliott,eelliottol@kickstarter.com,Chile,Male,Puente Alto,Blogpad,49072.59,CLP
Anne,Cole,acoleom@msu.edu,Yemen,Female,Manwakh,Lajo,36941.36,YER
Katherine,Morris,kmorrison@cdbaby.com,Tanzania,Female,Ilongero,Brainbox,57296.43,TZS
Brian,Mcdonald,bmcdonaldoo@domainmarket.com,China,Male,Wangjiang,Oyoyo,87532.41,CNY
Larry,Morris,lmorrisop@wordpress.org,Philippines,Male,Mangarine,Devshare,88901.43,PHP
Jeremy,Patterson,jpattersonoq@symantec.com,China,Male,Gaoqiao,Twinte,40511.11,CNY
Rose,Willis,rwillisor@geocities.jp,Portugal,Female,Castanheira do Campo,Avamba,,EUR
Albert,Ruiz,aruizos@ebay.com,Colombia,Male,Carmen de Viboral,Roomm,68199.31,COP
Amy,Reyes,areyesot@cafepress.com,Greece,Female,Melíssia,Flipstorm,28915.24,EUR
Bonnie,Smith,bsmithou@arizona.edu,South Africa,Female,Bronkhorstspruit,Vinte,36316.64,ZAR
Jeffrey,Mendoza,jmendozaov@auda.org.au,Indonesia,Male,Borik,Babbleset,76426.43,IDR
Gregory,Medina,gmedinaow@biglobe.ne.jp,Russia,Male,Muravlenko,Jaxworks,27400.94,RUB
Kathy,Weaver,kweaverox@whitehouse.gov,China,Female,Haiyang,Mita,54138.77,CNY
James,Woods,jwoodsoy@reverbnation.com,Tuvalu,Male,Kulia Village,Skyble,43446.30,AUD
Louis,Dunn,ldunnoz@java.com,Indonesia,Male,Neglasari,Oloo,13551.38,IDR
Virginia,Marshall,vmarshallp0@oaic.gov.au,Indonesia,Female,Karangsonojabon,Meevee,94490.92,IDR
Lawrence,Simpson,lsimpsonp1@histats.com,Mexico,Male,Bellavista,Meezzy,83786.09,MXN
Clarence,Bell,cbellp2@walmart.com,Indonesia,Male,Donomulyo,Oyonder,,IDR
Louis,Martinez,lmartinezp3@noaa.gov,Czech Republic,Male,Nové Město nad Metují,Rhyloo,8560.87,CZK
Michael,Burke,mburkep4@kickstarter.com,Malta,Male,Santa Luċija,Buzzbean,,EUR
Melissa,Fox,mfoxp5@feedburner.com,Russia,Female,Koygorodok,Chatterpoint,36878.01,RUB
Alan,Bryant,abryantp6@prlog.org,Brazil,Male,Santa Rita do Sapucaí,Teklist,,BRL
Peter,Willis,pwillisp7@cbsnews.com,Czech Republic,Male,Žlutava,Buzzster,39768.64,CZK
Angela,Watson,awatsonp8@home.pl,China,Female,Xin’an,Ailane,1715.96,CNY
Kathy,Mills,kmillsp9@theglobeandmail.com,Indonesia,Female,Lanci Satu,Fivechat,24020.02,IDR
Dennis,Fernandez,dfernandezpa@cornell.edu,Sweden,Male,Nybro,Feedfire,7336.29,SEK
Billy,Wright,bwrightpb@people.com.cn,China,Male,Cuozhou,Feedfish,92635.76,CNY
Douglas,Mitchell,dmitchellpc@live.com,United States,Male,Minneapolis,Babbleopia,52918.14,USD
Karen,Campbell,kcampbellpd@flickr.com,Russia,Female,Belozërsk,Skilith,44490.93,RUB
Gerald,Jacobs,gjacobspe@irs.gov,China,Male,Guji,Feednation,82239.99,CNY
Harold,Hughes,hhughespf@mit.edu,China,Male,Huangshan,Realpoint,38286.06,CNY
Laura,Reid,lreidpg@ocn.ne.jp,Moldova,Female,Sîngerei,Youfeed,24468.61,MDL
Antonio,Parker,aparkerph@cbsnews.com,Czech Republic,Male,Kopidlno,Trudoo,24020.95,CZK
Shawn,Frazier,sfrazierpi@chicagotribune.com,South Africa,Male,Lephalale,Jamia,13807.51,ZAR
Craig,Vasquez,cvasquezpj@rakuten.co.jp,Lithuania,Male,Viekšniai,Mymm,,LTL
Mary,Ramos,mramospk@tumblr.com,Nicaragua,Female,Managua,Roodel,50026.03,NIO
Raymond,Ray,rraypl@hostgator.com,Philippines,Male,Sagay,Blognation,24408.16,PHP
Jeffrey,Collins,jcollinspm@kickstarter.com,Serbia,Male,Krupanj,Realfire,27022.24,RSD
Gregory,Edwards,gedwardspn@wsj.com,Haiti,Male,Belle-Anse,Feedspan,85102.36,HTG
Martin,Richardson,mrichardsonpo@google.ca,Philippines,Male,Batan,Katz,96028.69,PHP
Louis,Burton,lburtonpp@amazon.com,China,Male,Xinzhou,Kazu,40013.02,CNY
Doris,Alvarez,dalvarezpq@ow.ly,Russia,Female,Burevestnik,Meetz,34840.04,RUB
Joshua,Brown,jbrownpr@eventbrite.com,Colombia,Male,Morales,Dynabox,31412.68,COP
Margaret,Flores,mfloresps@furl.net,Moldova,Female,Rîbniţa,Babbleset,,MDL
Carolyn,Stevens,cstevenspt@yahoo.com,Finland,Female,Kihniö,Browsetype,97456.44,EUR
Antonio,Carpenter,acarpenterpu@ask.com,China,Male,Wenshao,Voolia,73436.29,CNY
Antonio,Frazier,afrazierpv@google.co.jp,Portugal,Male,Cachada,Youspan,37675.45,EUR
Nicole,Williamson,nwilliamsonpw@odnoklassniki.ru,Vietnam,Female,Thị Trấn Tà Lùng,Wikizz,41729.59,VND
Nicholas,Bishop,nbishoppx@github.com,Bangladesh,Male,Joypur Hāt,Yakidoo,88692.91,BDT
Elizabeth,Hanson,ehansonpy@skyrock.com,Indonesia,Female,Tanjungpecinan Utara,Yabox,99279.34,IDR
Laura,Day,ldaypz@yolasite.com,United Arab Emirates,Female,Al Ain,Realblab,86073.78,AED
Linda,Richards,lrichardsq0@google.de,China,Female,Shuibian,Browseblab,29232.12,CNY
Shawn,Torres,storresq1@liveinternet.ru,Azerbaijan,Male,Dzagam,Topicstorm,66496.51,AZN
Phillip,Lopez,plopezq2@cnet.com,France,Male,Lyon,Aivee,17311.52,EUR
Ryan,Jackson,rjacksonq3@dropbox.com,Niger,Male,Maradi,Skiba,9338.04,XOF
Walter,Snyder,wsnyderq4@phpbb.com,China,Male,Heishan,Trudeo,59220.47,CNY
Scott,Stephens,sstephensq5@list-manage.com,Cameroon,Male,Akonolinga,Camido,13403.81,XAF
Jane,Wheeler,jwheelerq6@telegraph.co.uk,Philippines,Female,Can-asujan,Yozio,5372.29,PHP
Amy,Washington,awashingtonq7@bbb.org,United States,Female,Roanoke,Aivee,14816.08,USD
Andrew,Fuller,afullerq8@istockphoto.com,Guatemala,Male,San Lucas Sacatepéquez,Divanoodle,,GTQ
Maria,Fox,mfoxq9@latimes.com,Guatemala,Female,Quesada,Roombo,25712.41,GTQ
Judy,Collins,jcollinsqa@baidu.com,Indonesia,Female,Wolomoni,Leexo,80527.78,IDR
Steven,Harrison,sharrisonqb@salon.com,United States,Male,Irvine,Geba,95225.30,USD
Ronald,Williams,rwilliamsqc@zimbio.com,Paraguay,Male,Colonia Minga Porá,Jabbercube,71773.37,PYG
Samuel,George,sgeorgeqd@live.com,Lithuania,Male,Vievis,LiveZ,66018.57,LTL
Jerry,Garcia,jgarciaqe@dot.gov,Indonesia,Male,Tegalgunung,Ozu,91891.60,IDR
Anne,Grant,agrantqf@rambler.ru,France,Female,Lille,Jazzy,,EUR
Janet,Mccoy,jmccoyqg@comcast.net,China,Female,Erping,Gabtype,22005.41,CNY
Matthew,Hanson,mhansonqh@time.com,Saudi Arabia,Male,Az Zulfi,Fiveclub,,SAR
John,Brown,jbrownqi@vinaora.com,France,Male,Grenoble,Jamia,91430.91,EUR
Michelle,Stephens,mstephensqj@mayoclinic.com,Thailand,Female,Nong Bua Lamphu,Ailane,27558.46,THB
Albert,Nguyen,anguyenqk@shutterfly.com,Portugal,Male,Barão de São Miguel,Brainbox,6380.33,EUR
Louise,Ramirez,lramirezql@bloglines.com,China,Female,Anju,Mymm,67123.28,CNY
Kevin,Hudson,khudsonqm@bizjournals.com,China,Male,Hejiaping,Skipfire,299.79,CNY
Edward,Frazier,efrazierqn@zdnet.com,Brazil,Male,Tambaú,Camido,7842.38,BRL
Randy,Reid,rreidqo@furl.net,Tanzania,Male,Mbinga,Digitube,52738.48,TZS
George,Jones,gjonesqp@cnbc.com,Moldova,Male,Soroca,Topiclounge,,MDL
Nancy,Edwards,nedwardsqq@hexun.com,Uruguay,Female,Lascano,Flashpoint,83513.08,UYU
Christopher,Cunningham,ccunninghamqr@bloomberg.com,Japan,Male,Sakai,Trudeo,9324.72,JPY
Irene,Morrison,imorrisonqs@nifty.com,China,Female,Quangang,Agivu,95161.80,CNY
Jonathan,Wheeler,jwheelerqt@uol.com.br,Indonesia,Male,Ngkiong,Omba,20370.88,IDR
Jeffrey,James,jjamesqu@ucla.edu,China,Male,Lihu,Thoughtstorm,53845.12,CNY
Julia,Dean,jdeanqv@pcworld.com,South Korea,Female,Gimcheon,Avavee,79551.59,KRW
Marie,Burke,mburkeqw@bigcartel.com,Malaysia,Female,Kota Kinabalu,Zoombeat,60459.50,MYR
Nicole,Rodriguez,nrodriguezqx@free.fr,China,Female,Xiaojie,Oyoba,6771.70,CNY
Andrew,Matthews,amatthewsqy@instagram.com,Peru,Male,San Buenaventura,Fadeo,,PEN
Eric,Harvey,eharveyqz@wix.com,Indonesia,Male,Cibungur,Tagcat,63580.95,IDR
Terry,Rivera,triverar0@oracle.com,Serbia,Male,Čortanovci,Buzzdog,50623.90,RSD
Nicholas,Hall,nhallr1@fda.gov,Syria,Male,Kafr Nubl,Twitterbeat,61879.12,SYP
George,Bowman,gbowmanr2@seattletimes.com,Japan,Male,Maebashi-shi,Fanoodle,91297.11,JPY
Douglas,Moreno,dmorenor3@salon.com,Japan,Male,Miura,Skyndu,24577.81,JPY
Julie,Allen,jallenr4@opera.com,Sweden,Female,Perstorp,Oyoloo,24412.15,SEK
Brian,Harper,bharperr5@zdnet.com,Ukraine,Male,Veselynove,Fivebridge,61236.93,UAH
Lillian,Chapman,lchapmanr6@usnews.com,Ecuador,Female,La Maná,Youopia,91284.25,USD
Albert,Dixon,adixonr7@cargocollective.com,United States,Male,Austin,Photobug,12134.80,USD
Laura,Bishop,lbishopr8@addtoany.com,Brazil,Female,Reserva,Topicstorm,65656.18,BRL
Jacqueline,Gibson,jgibsonr9@fc2.com,Georgia,Female,Rust’avi,Browseblab,38984.80,GEL
Joseph,Mccoy,jmccoyra@cam.ac.uk,China,Male,Shuanglong,Avavee,23414.84,CNY
Katherine,Woods,kwoodsrb@odnoklassniki.ru,China,Female,Huangzhou,Riffpedia,,CNY
Dorothy,Wallace,dwallacerc@sbwire.com,Indonesia,Female,Krajan,Aibox,79943.45,IDR
Victor,Duncan,vduncanrd@tmall.com,Indonesia,Male,Leuwibuleud,Quamba,77006.31,IDR
Phillip,Robertson,probertsonre@sfgate.com,Yemen,Male,Qishn,Feedmix,44340.06,YER
Brenda,Frazier,bfrazierrf@buzzfeed.com,Sudan,Female,Nyala,Jabberbean,,SDG
Julia,Porter,jporterrg@hostgator.com,China,Female,Yixingfu,Pixope,28672.71,CNY
Kathleen,Perkins,kperkinsrh@elpais.com,United States,Female,Mobile,Snaptags,36574.35,USD
Betty,Jacobs,bjacobsri@blogspot.com,Russia,Female,Korenëvo,Aivee,47722.78,RUB
Paul,Jones,pjonesrj@pagesperso-orange.fr,Ecuador,Male,Guayaquil,Skipstorm,33802.29,USD
Christine,Edwards,cedwardsrk@mit.edu,Brazil,Female,Campos Sales,Eazzy,28943.41,BRL
Terry,Lee,tleerl@upenn.edu,Indonesia,Male,Parlilitan,Quaxo,34420.62,IDR
Jose,Peterson,jpetersonrm@mapy.cz,Brazil,Male,Jardim,Feedmix,83511.63,BRL
Frank,Cunningham,fcunninghamrn@woothemes.com,France,Male,Cergy-Pontoise,BlogXS,,EUR
Denise,Johnston,djohnstonro@spotify.com,Canada,Female,Ponoka,Dablist,53918.16,CAD
Patrick,Hawkins,phawkinsrp@eepurl.com,Vietnam,Male,Tam Bình,Katz,75699.86,VND
Andrea,Fowler,afowlerrq@github.com,Philippines,Female,Lallayug,Camido,85623.49,PHP
Ruby,Martin,rmartinrr@unicef.org,Japan,Female,Yokkaichi,Avamba,88236.84,JPY
