Jack,Meyer,jmeyer0@meetup.com,Poland,Male,Czarków,Oloo,40929.43,PLN
Stephen,Brown,sbrown1@over-blog.com,France,Male,Toul,Thoughtstorm,83140.36,EUR
Dorothy,Torres,dtorres2@msu.edu,Indonesia,Female,Kotabaru,Skilith,10223.79,IDR
Anthony,Hanson,ahanson3@sciencedirect.com,Brazil,Male,Perdões,Photofeed,66482.49,BRL
John,Perkins,jperkins4@mac.com,Italy,Male,Perugia,Mudo,4413.10,EUR
Virginia,James,vjames5@ted.com,Nigeria,Female,Sauri,Meevee,43562.03,NGN
Timothy,Cole,tcole6@miibeian.gov.cn,China,Male,Jianyi,Fanoodle,12055.34,CNY
Patrick,Perkins,pperkins7@techcrunch.com,United States,Male,Toledo,Fiveclub,24840.82,USD
Nicole,Ruiz,nruiz8@etsy.com,Portugal,Female,Casal Velho,Ainyx,,EUR
Carlos,Ross,cross9@de.vu,Thailand,Male,Aranyaprathet,Yamia,26374.68,THB
George,Parker,gparkera@ibm.com,Czech Republic,Male,Smiřice,Topicshots,8634.08,CZK
Tammy,Hanson,thansonb@sphinn.com,Argentina,Female,General Conesa,Thoughtbeat,27071.59,ARS
Billy,Dean,bdeanc@hibu.com,China,Male,Ligonggang,Wordpedia,2976.49,CNY
Maria,Mendoza,mmendozad@friendfeed.com,China,Female,Chaoyang,Blognation,98405.77,CNY
Joe,Woods,jwoodse@time.com,France,Male,Nantes,Snaptags,47306.84,EUR
Irene,Robertson,irobertsonf@adobe.com,Azerbaijan,Female,Zabrat,Npath,63244.90,AZN
Mary,Burke,mburkeg@clickbank.net,Chile,Female,El Monte,Omba,30357.53,CLP
Daniel,Lewis,dlewish@w3.org,Palestinian Territory,Male,Jalqamūs,Wordtune,58264.77,ILS
Andrea,Garrett,agarretti@hao123.com,China,Female,Jingguan,Quatz,,CNY
Harry,Webb,hwebbj@tripadvisor.com,Latvia,Male,Dagda,Oloo,83035.28,EUR
Alice,Watson,awatsonk@1688.com,China,Female,Zhangzhen,Katz,24381.36,CNY
Terry,Riley,trileyl@github.com,Russia,Male,Dinskaya,Twitterwire,43355.98,RUB
Bobby,Burke,bburkem@princeton.edu,China,Male,Shuidun,Demivee,61199.59,CNY
Sean,Patterson,spattersonn@parallels.com,Brazil,Male,Itápolis,Tagpad,3216.32,BRL
Theresa,Reid,treido@icio.us,Poland,Female,Szynwałd,Zoombeat,68341.58,PLN
Earl,Grant,egrantp@netscape.com,Indonesia,Male,Wahang Dua,Tanoodle,7920.84,IDR
Shawn,Green,sgreenq@soundcloud.com,China,Male,Guanjiabao,Gigabox,59114.41,CNY
Juan,Wood,jwoodr@printfriendly.com,France,Male,Strasbourg,Photobug,34761.53,EUR
Christine,Morris,cmorriss@over-blog.com,Germany,Female,Bonn,Twimbo,38256.18,EUR
Paul,Grant,pgrantt@behance.net,Greece,Male,Palekastro,Oyondu,12133.32,EUR
Kathleen,Vasquez,kvasquezu@cnet.com,Syria,Female,Darkūsh,Rooxo,6608.38,SYP
Scott,Little,slittlev@hugedomains.com,Italy,Male,Salerno,Buzzdog,10462.45,EUR
Douglas,Cole,dcolew@cpanel.net,Russia,Male,Vnukovo,Realbridge,1719.29,RUB
Kevin,Dunn,kdunnx@stanford.edu,Morocco,Male,Oulmes,Skinder,35023.08,MAD
Diana,Wagner,dwagnery@upenn.edu,Norway,Female,Kristiansand S,Fadeo,4321.53,NOK
Diane,Franklin,dfranklinz@altervista.org,Malaysia,Female,Butterworth,Thoughtbeat,99835.83,MYR
Raymond,Thomas,rthomas10@sun.com,Canada,Male,West Kelowna,Fadeo,26711.89,CAD
Victor,Simmons,vsimmons11@soundcloud.com,Mauritania,Male,Rosso,Abatz,7423.90,MRO
Emily,Marshall,emarshall12@ftc.gov,El Salvador,Female,San Marcos,Livetube,41451.36,USD
Joan,Myers,jmyers13@csmonitor.com,China,Female,Jingang,Linkbridge,97545.49,CNY
Jimmy,Ross,jross14@google.com,Greece,Male,Firá,Feedspan,3567.88,EUR
Margaret,Martinez,mmartinez15@tiny.cc,Peru,Female,Marcabal,Zoombeat,57891.87,PEN
Linda,Ward,lward16@ehow.com,Tunisia,Female,Gafsa,Wordpedia,23123.42,TND
Bruce,Brooks,bbrooks17@t.co,Russia,Male,Bogorodskoye,Shufflebeat,47101.74,RUB
Julie,Gomez,jgomez18@edublogs.org,Russia,Female,Sosnovka,Innojam,,RUB
Larry,Larson,llarson19@technorati.com,United States,Male,El Paso,Meejo,78158.92,USD
Nicole,Garcia,ngarcia1a@feedburner.com,China,Female,Xinjie,Linktype,,CNY
Jeffrey,Burns,jburns1b@samsung.com,China,Male,Jiaowei,Thoughtstorm,70587.10,CNY
Dorothy,Williams,dwilliams1c@360.cn,Russia,Female,Shakhty,Izio,58870.64,RUB
Benjamin,Webb,bwebb1d@aboutads.info,United States,Male,Charlotte,Tagcat,47443.09,USD
Brian,Lewis,blewis1e@youtu.be,France,Male,Mitry-Mory,Wikido,76.75,EUR
Marie,Dunn,mdunn1f@php.net,Philippines,Female,Indulang,Mycat,48661.25,PHP
Pamela,Kennedy,pkennedy1g@barnesandnoble.com,Russia,Female,Nikolayevskaya,Jamia,59659.15,RUB
Deborah,Wright,dwright1h@edublogs.org,Canada,Female,Amos,Skiba,71243.72,CAD
George,Bailey,gbailey1i@addthis.com,Portugal,Male,Alminhas,Quimm,31959.85,EUR
Norma,Robertson,nrobertson1j@loc.gov,Indonesia,Female,Tawun,Miboo,68634.17,IDR
Martha,Harper,mharper1k@zdnet.com,Sweden,Female,Skutskär,Rooxo,24720.45,SEK
Stephanie,Hudson,shudson1l@earthlink.net,Belarus,Female,Myadzyel,Flashdog,84700.75,BYR
Betty,Duncan,bduncan1m@fc2.com,Mali,Female,Yanfolila,Vimbo,12933.96,XOF
Elizabeth,Cooper,ecooper1n@cnn.com,Peru,Female,Quiruvilca,Omba,45031.26,PEN
Diana,Shaw,dshaw1o@uol.com.br,Nigeria,Female,Onitsha,Avamba,26090.27,NGN
Mark,Spencer,mspencer1p@indiatimes.com,China,Male,Bolian,Linkbuzz,35349.80,CNY
Shirley,Little,slittle1q@marriott.com,Yemen,Female,Al Qurayshīyah,Skyvu,28346.25,YER
Raymond,Murray,rmurray1r@people.com.cn,Pakistan,Male,Baddomalhi,Rooxo,90494.43,PKR
Helen,Thompson,hthompson1s@lulu.com,Russia,Female,Chernigovka,Kayveo,74404.16,RUB
Jessica,Martin,jmartin1t@over-blog.com,Philippines,Female,Madalum,Realpoint,75791.16,PHP
Matthew,Stevens,mstevens1u@dagondesign.com,Argentina,Male,Villa Dolores,Voomm,25274.59,ARS
Wayne,Little,wlittle1v@list-manage.com,Portugal,Male,Pedome,Jaxnation,31674.09,EUR
Joan,Mcdonald,jmcdonald1w@eventbrite.com,China,Female,Xiadingjia,Tambee,54422.20,CNY
Howard,Green,hgreen1x@de.vu,Ukraine,Male,Volodars’k-Volyns’kyy,Shuffletag,37713.14,UAH
Gary,Alexander,galexander1y@furl.net,Comoros,Male,Kangani,Pixonyx,40139.30,KMF
Annie,Hall,ahall1z@delicious.com,Indonesia,Female,Waru Selatan,Buzzshare,41786.24,IDR
Wayne,Sims,wsims20@google.pl,Brazil,Male,Alvarães,Rhybox,,BRL
Charles,Davis,cdavis21@latimes.com,Poland,Male,Mirosławiec,Jatri,64031.12,PLN
Ashley,Parker,aparker22@exblog.jp,Indonesia,Female,Citeguh,Myworks,70861.48,IDR
Jeffrey,Wright,jwright23@state.gov,Ecuador,Male,Naranjito,Tagopia,46186.55,USD
Samuel,Mason,smason24@slate.com,Philippines,Male,Taguisa,Yoveo,22228.81,PHP
Jonathan,Tucker,jtucker25@yolasite.com,Niger,Male,Maïné Soroa,Jabbercube,96321.83,XOF
Jacqueline,Berry,jberry26@cnet.com,China,Female,Gangou,Tazzy,47830.58,CNY
Richard,Hart,rhart27@npr.org,Albania,Male,Derjan,Blogpad,12962.75,ALL
Catherine,Jenkins,cjenkins28@imageshack.us,South Africa,Female,Queenstown,Kwinu,65236.25,ZAR
Russell,Bryant,rbryant29@alibaba.com,Brazil,Male,Cabo Frio,Jabbersphere,50950.75,BRL
Donna,Schmidt,dschmidt2a@slideshare.net,Sri Lanka,Female,Negombo,Skippad,95015.31,LKR
Frank,Green,fgreen2b@abc.net.au,China,Male,Maliang,Lajo,58231.54,CNY
John,Richards,jrichards2c@forbes.com,Netherlands,Male,Haarlem,Vinder,29802.68,EUR
Eric,Gonzales,egonzales2d@cnn.com,China,Male,Xuedian,Thoughtstorm,49768.61,CNY
Fred,Gilbert,fgilbert2e@google.co.jp,Italy,Male,Genova,Minyx,74267.39,EUR
Kathy,Bennett,kbennett2f@paypal.com,China,Female,Gaoyi,Jaxspan,41879.04,CNY
Barbara,Armstrong,barmstrong2g@studiopress.com,Latvia,Female,Aizkraukle,Edgeblab,19887.34,EUR
Lillian,Grant,lgrant2h@si.edu,Bhutan,Female,Trashigang,Edgetag,12013.02,BTN
Todd,Bennett,tbennett2i@weebly.com,French Guiana,Male,Cayenne,Dynabox,75018.04,EUR
Jose,Schmidt,jschmidt2j@theatlantic.com,Brazil,Male,Caraguatatuba,Jabbertype,47901.29,BRL
Robert,Coleman,rcoleman2k@ucla.edu,Czech Republic,Male,Černošice,Oyoyo,79980.41,CZK
Doris,Hughes,dhughes2l@ihg.com,Canada,Female,Drayton Valley,Rhycero,67002.59,CAD
Amy,Berry,aberry2m@spiegel.de,China,Female,Qingshan,Livefish,,CNY
Kathleen,Montgomery,kmontgomery2n@cbsnews.com,United States,Female,El Paso,Kazu,32929.66,USD
Jose,Bradley,jbradley2o@cam.ac.uk,Armenia,Male,Ushi,Eire,,AMD
Christina,Marshall,cmarshall2p@patch.com,Russia,Female,Selikhino,Skilith,40340.79,RUB
Aaron,Howell,ahowell2q@hp.com,France,Male,Lyon,Topicware,90698.34,EUR
Dorothy,Weaver,dweaver2r@twitter.com,China,Female,Souziqiu,Geba,21408.97,CNY
Ashley,Webb,awebb2s@prlog.org,China,Female,Yizhang Chengguanzhen,Ntag,39565.44,CNY
Stephen,Medina,smedina2t@ebay.com,Indonesia,Male,Sukaraja,Roomm,,IDR
Kevin,Welch,kwelch2u@macromedia.com,Denmark,Male,København,Jabbercube,,DKK
Stephen,Ramos,sramos2v@mozilla.org,New Zealand,Male,Manukau City,Dynazzy,39011.58,NZD
Shawn,Foster,sfoster2w@stanford.edu,China,Male,Huogezhuang,Photobug,,CNY
Clarence,Vasquez,cvasquez2x@sfgate.com,Latvia,Male,Vaiņode,Browsetype,36472.42,EUR
Mark,Lewis,mlewis2y@cdbaby.com,Portugal,Male,Paços de Ferreira,Tagopia,45786.56,EUR
Diana,Hughes,dhughes2z@berkeley.edu,Ukraine,Female,Slobidka,Twitterworks,661.16,UAH
Carolyn,Foster,cfoster30@smugmug.com,Afghanistan,Female,Qal‘ah-ye Fārsī,Vipe,84160.52,AFN
Alan,Price,aprice31@histats.com,China,Male,Taibai,Centizu,90993.10,CNY
Eugene,Alvarez,ealvarez32@zdnet.com,Ukraine,Male,Khorostkiv,Buzzster,31606.76,UAH
Stephanie,Daniels,sdaniels33@cbc.ca,Bulgaria,Female,Kula,Cogidoo,19658.49,BGN
Kathryn,Castillo,kcastillo34@si.edu,Colombia,Female,Sabanalarga,Centizu,96508.58,COP
Bonnie,Gutierrez,bgutierrez35@blogs.com,China,Female,Huoshaodian,Jetwire,81578.95,CNY
Dennis,Fernandez,dfernandez36@huffingtonpost.com,China,Male,Changqi,Izio,78580.76,CNY
Anthony,Myers,amyers37@si.edu,Japan,Male,Toyohashi,Youfeed,72118.25,JPY
Cynthia,Peters,cpeters38@shutterfly.com,China,Female,Shuiyang,Voonder,,CNY
Tammy,Jacobs,tjacobs39@latimes.com,Greece,Female,Traganón,Tagopia,152.76,EUR
Ryan,Shaw,rshaw3a@google.es,Israel,Male,‘Afula ‘Illit,Rhynoodle,2315.75,ILS
Benjamin,Mills,bmills3b@deliciousdays.com,Japan,Male,Uto,Gabtype,69857.19,JPY
Douglas,Watkins,dwatkins3c@java.com,Nicaragua,Male,La Concepción,Jabbersphere,31562.64,NIO
Donna,Freeman,dfreeman3d@va.gov,Italy,Female,Napoli,Centizu,7366.78,EUR
Philip,Thomas,pthomas3e@furl.net,China,Male,Lubei,Wordpedia,26943.36,CNY
Charles,Black,cblack3f@statcounter.com,Argentina,Male,Yuto,Eadel,38080.47,ARS
Aaron,Bailey,abailey3g@multiply.com,China,Male,Gongrong,JumpXS,99046.71,CNY
Amy,Alvarez,aalvarez3h@timesonline.co.uk,China,Female,Piaocao,Talane,43254.49,CNY
Bruce,Mcdonald,bmcdonald3i@sciencedaily.com,Uzbekistan,Male,Shahrisabz Shahri,Jaloo,57682.60,UZS
Jack,Murray,jmurray3j@lulu.com,Dominican Republic,Male,Puerto Plata,Dynazzy,7335.29,DOP
Rachel,Woods,rwoods3k@xrea.com,Brazil,Female,São Luiz Gonzaga,Kare,21837.26,BRL
Ruth,Henry,rhenry3l@techcrunch.com,Syria,Female,Tallkalakh,Ntags,54971.87,SYP
Jeffrey,Wilson,jwilson3m@wp.com,Poland,Male,Stare Kurowo,Buzzster,79415.31,PLN
Jack,Perez,jperez3n@macromedia.com,Argentina,Male,La Cruz,Zoozzy,99187.27,ARS
Cynthia,Hunter,chunter3o@topsy.com,Vietnam,Female,Thị Trấn Tam Sơn,Rhycero,84508.13,VND
Eugene,Reynolds,ereynolds3p@ucoz.com,Russia,Male,Mshinskaya,Jabbertype,45529.70,RUB
Martin,Williams,mwilliams3q@ow.ly,China,Male,Meixi,Thoughtworks,,CNY
Jane,Burns,jburns3r@php.net,Nigeria,Female,Malumfashi,Kayveo,97028.54,NGN
Diana,Hanson,dhanson3s@toplist.cz,Greece,Female,Pedinó,Topiczoom,89274.54,EUR
Donald,Moore,dmoore3t@behance.net,Sweden,Male,Tyresö,Babblestorm,8839.17,SEK
Janet,Stone,jstone3u@google.com.hk,Moldova,Female,Criuleni,Zoomdog,71906.61,MDL
Julie,Gonzales,jgonzales3v@indiegogo.com,Iraq,Female,Nāḩiyat Hīrān,Yombu,3054.10,IQD
Jesse,Grant,jgrant3w@ucla.edu,Czech Republic,Male,Vsetín,Vitz,,CZK
Victor,Spencer,vspencer3x@multiply.com,France,Male,Nantes,Flashspan,98960.45,EUR
Shirley,Ellis,sellis3y@ehow.com,China,Female,Qiankou,Mycat,36857.83,CNY
Martha,Parker,mparker3z@eventbrite.com,Japan,Female,Hitoyoshi,Buzzster,32991.05,JPY
Kathy,Hayes,khayes40@va.gov,Philippines,Female,Pagsañgahan,Babbleset,95068.37,PHP
Joe,Sanchez,jsanchez41@ustream.tv,Russia,Male,Vostochnyy,Babbleopia,7398.50,RUB
Ruby,Brooks,rbrooks42@bloglines.com,Bulgaria,Female,Svilengrad,Wikido,61860.68,BGN
Adam,Gilbert,agilbert43@nhs.uk,China,Male,Dabu,Browsecat,47093.63,CNY
Steven,Young,syoung44@upenn.edu,France,Male,Niort,Ntag,56853.25,EUR
Carol,Hunter,chunter45@wikimedia.org,Ukraine,Female,Ripky,Wikibox,18314.16,UAH
Jonathan,Fowler,jfowler46@gnu.org,Thailand,Male,Ongkharak,Janyx,7142.20,THB
Joseph,Washington,jwashington47@msn.com,Sweden,Male,Kungälv,JumpXS,86939.31,SEK
Samuel,Wheeler,swheeler48@census.gov,Indonesia,Male,Oenam,Tagchat,93749.36,IDR
Steve,Bailey,sbailey49@nifty.com,Philippines,Male,San Isidro,Tambee,,PHP
Samuel,West,swest4a@qq.com,Sweden,Male,Uppsala,Geba,28820.82,SEK
Heather,Grant,hgrant4b@paginegialle.it,China,Female,Longtan,Digitube,83999.44,CNY
Debra,Alexander,dalexander4c@cmu.edu,Indonesia,Female,Wonotirto,Realmix,75337.71,IDR
Joyce,Brown,jbrown4d@wordpress.org,Russia,Female,Belogorsk,Quatz,14786.83,RUB
Louis,Cox,lcox4e@pbs.org,Thailand,Male,Mae Lan,Youtags,86488.52,THB
Albert,Evans,aevans4f@sina.com.cn,Russia,Male,Tirlyanskiy,Aimbu,42259.18,RUB
Tammy,Graham,tgraham4g@drupal.org,Russia,Female,Sulak,Edgeclub,87238.27,RUB
Bruce,Jackson,bjackson4h@ucoz.com,Russia,Male,Ivanteyevka,Vidoo,58625.61,RUB
Shawn,Martin,smartin4i@a8.net,Poland,Male,Niedźwiedź,Izio,40552.60,PLN
Frank,Palmer,fpalmer4j@cnn.com,Philippines,Male,Babak,Kanoodle,75206.20,PHP
Brandon,Banks,bbanks4k@bloomberg.com,Portugal,Male,Selmes,InnoZ,53406.39,EUR
Louise,Welch,lwelch4l@ox.ac.uk,China,Female,Sanxi,Dynazzy,88336.97,CNY
Julie,Coleman,jcoleman4m@dedecms.com,Indonesia,Female,Bayan,Gigashots,27156.96,IDR
Gary,Coleman,gcoleman4n@theatlantic.com,China,Male,Jiaoyang,Feedbug,38830.62,CNY
Douglas,Day,dday4o@globo.com,France,Male,Sannois,Kwimbee,66194.07,EUR
Wayne,Fox,wfox4p@comcast.net,Indonesia,Male,Karoya,Livetube,48457.42,IDR
John,Mitchell,jmitchell4q@csmonitor.com,France,Male,Vallauris,Janyx,80.42,EUR
Martha,Hamilton,mhamilton4r@free.fr,Indonesia,Female,Padang,Wordware,50886.01,IDR
Larry,Hawkins,lhawkins4s@miitbeian.gov.cn,Greece,Male,Néa Manolás,BlogXS,75590.99,EUR
Philip,Meyer,pmeyer4t@craigslist.org,Peru,Male,Santa Catalina,Jamia,6507.08,PEN
Sharon,Frazier,sfrazier4u@webeden.co.uk,China,Female,Gannan,Plajo,,CNY
James,Stevens,jstevens4v@wikimedia.org,Sri Lanka,Male,Vavuniya,Jabberbean,19945.15,LKR
Harry,Frazier,hfrazier4w@cbsnews.com,France,Male,Montpellier,Twimm,90241.42,EUR
Patrick,Webb,pwebb4x@4shared.com,Afghanistan,Male,Nāṟay,Gabtune,,AFN
Alan,Stanley,astanley4y@nifty.com,Democratic Republic of the Congo,Male,Buta,Livepath,63284.56,CDF
Jessica,Arnold,jarnold4z@globo.com,China,Female,Nanguzhuang,Topdrive,32718.24,CNY
Bruce,Edwards,bedwards50@usa.gov,Philippines,Male,Pitogo,Flipstorm,91994.43,PHP
Catherine,Griffin,cgriffin51@netscape.com,China,Female,Junzhuang,Rhynoodle,61448.30,CNY
Dennis,Weaver,dweaver52@xinhuanet.com,Egypt,Male,Suez,Trilia,19588.69,EGP
Carolyn,Ross,cross53@yandex.ru,China,Female,Anning,Shufflester,13221.93,CNY
Clarence,Harper,charper54@telegraph.co.uk,Thailand,Male,Nikhom Phattana,Kamba,70728.55,THB
Debra,Lawrence,dlawrence55@mlb.com,Indonesia,Female,Kertasari,Bubblemix,,IDR
Irene,Andrews,iandrews56@yellowbook.com,China,Female,Dawang,Quatz,50684.61,CNY
Ruby,Taylor,rtaylor57@census.gov,China,Female,Taizhou,Wordify,44131.04,CNY
Raymond,Sanchez,rsanchez58@vinaora.com,China,Male,Diaoling,Topiczoom,84378.37,CNY
Jeremy,Fisher,jfisher59@cbsnews.com,Nigeria,Male,Abonnema,Mydeo,,NGN
Brian,Franklin,bfranklin5a@bloglines.com,Japan,Male,Kishiwada,Thoughtbridge,89031.74,JPY
Teresa,Frazier,tfrazier5b@comsenz.com,Philippines,Female,Malitubog,Voolith,82984.20,PHP
Billy,Banks,bbanks5c@google.com.br,Macedonia,Male,Kukurečani,Skinix,62109.86,MKD
Jose,Montgomery,jmontgomery5d@de.vu,Sweden,Male,Umeå,Miboo,36163.65,SEK
Martin,Marshall,mmarshall5e@deliciousdays.com,Russia,Male,Orsha,Youtags,10751.19,RUB
Steven,Meyer,smeyer5f@squarespace.com,Malta,Male,Rabat,Skiptube,91974.18,EUR
Kathryn,Wells,kwells5g@free.fr,Egypt,Female,Al Minyā,Flipbug,84829.15,EGP
Wayne,Garcia,wgarcia5h@hc360.com,Niger,Male,Alaghsas,Flashpoint,89139.28,XOF
Rebecca,Burns,rburns5i@purevolume.com,China,Female,Huangtan,Yodel,47989.05,CNY
Irene,Richards,irichards5j@t.co,Indonesia,Female,Sindangsari,Topicshots,82051.00,IDR
Alan,Chapman,achapman5k@ft.com,Sweden,Male,Arlöv,Quire,,SEK
Virginia,Stephens,vstephens5l@engadget.com,China,Female,Zhili,Ntags,94715.13,CNY
Lisa,Williamson,lwilliamson5m@sitemeter.com,South Sudan,Female,Rumbek,Reallinks,4757.16,SSP
Jennifer,Coleman,jcoleman5n@ucsd.edu,China,Female,Fengshan,Rhyloo,78610.65,CNY
Harold,White,hwhite5o@hostgator.com,China,Male,Xiakouyi,Agivu,20010.82,CNY
Anthony,Nichols,anichols5p@mozilla.org,Malaysia,Male,Kota Kinabalu,Bluejam,,MYR
Gloria,Berry,gberry5q@statcounter.com,Brazil,Female,Tianguá,Skiptube,86116.79,BRL
Stephanie,Black,sblack5r@is.gd,Cuba,Female,Jobabo,Meevee,67446.13,CUP
Michael,Thomas,mthomas5s@berkeley.edu,Sweden,Male,Uppsala,Realfire,44118.09,SEK
Roy,Burns,rburns5t@hao123.com,Afghanistan,Male,Lashkar Gāh,Twitterbridge,97223.34,AFN
Betty,Stone,bstone5u@timesonline.co.uk,Japan,Female,Kumamoto,Twinte,86253.14,JPY
Martin,Snyder,msnyder5v@theguardian.com,Ireland,Male,Portumna,Photobug,45659.05,EUR
Thomas,Young,tyoung5w@google.pl,Peru,Male,Tumbes,Zooveo,1404.35,PEN
James,Montgomery,jmontgomery5x@addtoany.com,United States,Male,Tallahassee,Plajo,25519.32,USD
John,Cole,jcole5y@china.com.cn,Indonesia,Male,Nglorogan,Kamba,8926.48,IDR
Edward,Foster,efoster5z@youtube.com,Angola,Male,Uíge,Browsedrive,3406.50,AOA
Donna,Sullivan,dsullivan60@flickr.com,Indonesia,Female,Ciparakan,Pixope,22964.60,IDR
Mark,Burke,mburke61@tmall.com,Tanzania,Male,Koani Ndogo,Fadeo,79232.72,TZS
Kathleen,Gomez,kgomez62@independent.co.uk,France,Female,Montreuil,Geba,45710.74,EUR
Craig,Cox,ccox63@seattletimes.com,China,Male,Jingxi,Eadel,75654.17,CNY
John,Morgan,jmorgan64@msu.edu,Chile,Male,La Laja,Rhycero,89984.59,CLP
Betty,Bailey,bbailey65@e-recht24.de,Nepal,Female,Birendranagar,Thoughtstorm,7705.54,NPR
Bobby,Patterson,bpatterson66@gravatar.com,Indonesia,Male,Semalang,Blogspan,68056.20,IDR
Benjamin,Allen,ballen67@wikispaces.com,Indonesia,Male,Sumberagung,Trunyx,73981.85,IDR
Betty,Henry,bhenry68@technorati.com,Uruguay,Female,Florencio Sánchez,Thoughtbridge,56047.87,UYU
Eric,Carroll,ecarroll69@mapy.cz,Russia,Male,Ovsyanka,Eazzy,52472.37,RUB
Teresa,Young,tyoung6a@amazonaws.com,China,Female,Manjiang,Jamia,97692.96,CNY
Kimberly,Fields,kfields6b@constantcontact.com,China,Female,Dengnan,Kimia,51442.18,CNY
Tina,Harris,tharris6c@google.ru,Brazil,Female,Rolândia,Thoughtmix,86673.89,BRL
Justin,Barnes,jbarnes6d@mac.com,Netherlands,Male,Arnhem,Tambee,427.23,EUR
Emily,Montgomery,emontgomery6e@delicious.com,Czech Republic,Female,Vnorovy,Muxo,48233.50,CZK
Carolyn,Medina,cmedina6f@facebook.com,Indonesia,Female,Kadubera,Quaxo,88670.40,IDR
Henry,Garcia,hgarcia6g@jimdo.com,Russia,Male,Boguchar,Jazzy,75095.60,RUB
Robin,George,rgeorge6h@theguardian.com,Peru,Female,Independencia,Topicstorm,75427.88,PEN
Patricia,Armstrong,parmstrong6i@oaic.gov.au,Iraq,Female,Ar Rumaythah,Yambee,22011.92,IQD
Janice,Gibson,jgibson6j@skype.com,Greece,Female,Aigínio,Gigabox,,EUR
Mary,Morrison,mmorrison6k@google.ca,Greece,Female,Ýdra,Topicshots,80571.62,EUR
Howard,Taylor,htaylor6l@netvibes.com,Madagascar,Male,Amparafaravola,Skimia,5294.53,MGA
Jennifer,Vasquez,jvasquez6m@printfriendly.com,China,Female,Hongqi,Meembee,75705.81,CNY
Joe,Payne,jpayne6n@buzzfeed.com,Philippines,Male,Sarrat,Quimm,47026.87,PHP
Jessica,Hamilton,jhamilton6o@miibeian.gov.cn,Philippines,Female,Klinan,Zoonder,93368.91,PHP
Fred,Ruiz,fruiz6p@nytimes.com,China,Male,Oumiao,Mydeo,40604.72,CNY
Billy,Daniels,bdaniels6q@princeton.edu,Tanzania,Male,Namalenga,Skalith,,TZS
Janet,Burton,jburton6r@360.cn,Portugal,Female,Verba,Yabox,,EUR
Sandra,Robinson,srobinson6s@time.com,Poland,Female,Strzyżowice,Wikibox,15108.81,PLN
Joe,Torres,jtorres6t@house.gov,Russia,Male,Nizhnyaya Maktama,Flipbug,79444.61,RUB
Deborah,Martin,dmartin6u@bbb.org,Spain,Female,Santander,Oyoyo,,EUR
Jerry,Campbell,jcampbell6v@twitter.com,Brazil,Male,Piraju,Jatri,19270.74,BRL
Elizabeth,Wood,ewood6w@1und1.de,China,Female,Jinsheng,Twinder,4807.82,CNY
David,Berry,dberry6x@bravesites.com,Poland,Male,Tarnowiec,Geba,62089.07,PLN
Keith,Reed,kreed6y@psu.edu,Australia,Male,Sydney,Edgepulse,99985.04,AUD
Henry,Alvarez,halvarez6z@wired.com,Dominican Republic,Male,Pizarrete,Kimia,89475.27,DOP
Ernest,Jacobs,ejacobs70@chron.com,China,Male,Heling,Gigashots,83367.33,CNY
Laura,Johnston,ljohnston71@gravatar.com,Greece,Female,Áno Kastrítsion,Dabjam,38659.28,EUR
Philip,Jenkins,pjenkins72@columbia.edu,Indonesia,Male,Matur,Pixope,90324.69,IDR
Heather,Weaver,hweaver73@yandex.ru,Ukraine,Female,Stetseva,Plajo,51845.10,UAH
Karen,Gutierrez,kgutierrez74@istockphoto.com,Finland,Female,Vaasa,Shuffledrive,39900.82,EUR
Adam,Fields,afields75@forbes.com,Russia,Male,Suzëmka,Blogtag,78408.63,RUB
Patricia,Hanson,phanson76@japanpost.jp,Bosnia and Herzegovina,Female,Glamoč,Twitterworks,38604.19,BAM
Angela,Burns,aburns77@google.com.hk,Serbia,Female,Sremski Karlovci,Skimia,67321.48,RSD
Jack,Dunn,jdunn78@t-online.de,Czech Republic,Male,Bzenec,Thoughtmix,26943.72,CZK
Paul,Fox,pfox79@techcrunch.com,Iran,Male,Kelīshād va Sūdarjān,Livetube,23719.76,IRR
Charles,Mason,cmason7a@shutterfly.com,China,Male,Shanjiao,Blogtag,90334.48,CNY
Gregory,Olson,golson7b@twitpic.com,United States,Male,San Antonio,Devbug,76121.68,USD
Joshua,Johnson,jjohnson7c@com.com,Poland,Male,Rybie,Zoonder,94644.83,PLN
Sharon,Dunn,sdunn7d@linkedin.com,China,Female,Chonglou,Quimm,,CNY
Russell,Williamson,rwilliamson7e@topsy.com,Yemen,Male,Ash Shawātī,Youspan,61166.13,YER
Louise,Mendoza,lmendoza7f@patch.com,Mexico,Female,Isidro Fabela,Shuffletag,,MXN
Gregory,Anderson,ganderson7g@gmpg.org,France,Male,Angers,Meetz,15679.50,EUR
Jose,Shaw,jshaw7h@domainmarket.com,Ukraine,Male,Horodnya,Topiclounge,16670.02,UAH
Antonio,Henderson,ahenderson7i@shareasale.com,Brazil,Male,Santo Amaro,Vinte,5778.01,BRL
Phyllis,Brown,pbrown7j@hao123.com,Philippines,Female,Batan,Mymm,8162.46,PHP
Brandon,Crawford,bcrawford7k@slate.com,Vietnam,Male,Thị Trấn Mường Tè,Jabbercube,30702.55,VND
Matthew,Berry,mberry7l@woothemes.com,Sweden,Male,Hisings Kärra,Mynte,6617.84,SEK
Heather,Patterson,hpatterson7m@delicious.com,United States,Female,Saint Paul,Realbridge,,USD
Nancy,Graham,ngraham7n@prlog.org,Russia,Female,Kantemirovka,Vidoo,90272.44,RUB
Earl,Watkins,ewatkins7o@wunderground.com,Argentina,Male,Deán Funes,Layo,6429.15,ARS
Antonio,Washington,awashington7p@mapy.cz,Pakistan,Male,Mānānwāla,Fivespan,91672.82,PKR
Stephen,Mitchell,smitchell7q@cpanel.net,China,Male,Wenwusha,Meezzy,10915.91,CNY
Brenda,Morrison,bmorrison7r@dagondesign.com,Indonesia,Female,Boroko,Tambee,31603.87,IDR
Walter,Jordan,wjordan7s@studiopress.com,Poland,Male,Dębowa Łąka,Jazzy,86097.89,PLN
Heather,Jordan,hjordan7t@bravesites.com,Norway,Female,Oslo,Babblestorm,56269.66,NOK
Christina,Rice,crice7u@networkadvertising.org,China,Female,Jiushe,Zoomdog,48200.21,CNY
Raymond,Riley,rriley7v@whitehouse.gov,Croatia,Male,Špišić-Bukovica,Blognation,69681.06,HRK
Amy,Johnson,ajohnson7w@naver.com,Peru,Female,Huanipaca,Tagfeed,41111.80,PEN
Pamela,Cole,pcole7x@jalbum.net,Palestinian Territory,Female,Ţūbās,Tagchat,9502.17,ILS
Mark,Webb,mwebb7y@guardian.co.uk,China,Male,Zhongling,Centizu,94789.01,CNY
Lois,Webb,lwebb7z@geocities.com,France,Female,Brest,Twitterwire,88736.03,EUR
Brian,Howell,bhowell80@wufoo.com,Palestinian Territory,Male,Al Hāshimīyah,BlogXS,45763.88,ILS
Matthew,Martinez,mmartinez81@mysql.com,China,Male,Aduo,Bubbletube,95473.45,CNY
Roger,Stanley,rstanley82@opensource.org,Philippines,Male,Bingawan,Gabcube,,PHP
Aaron,Ryan,aryan83@gov.uk,Indonesia,Male,Long Beluah,Quimba,22234.16,IDR
Matthew,Diaz,mdiaz84@nifty.com,Czech Republic,Male,Kozmice,Jamia,99734.54,CZK
Frances,Nguyen,fnguyen85@usda.gov,Russia,Female,Chuchkovo,Vidoo,52979.51,RUB
Elizabeth,Armstrong,earmstrong86@sina.com.cn,Benin,Female,Ouidah,Brainbox,13245.04,XOF
Marilyn,Mccoy,mmccoy87@usnews.com,Poland,Female,Lipie,Tazz,70609.46,PLN
Mary,Diaz,mdiaz88@indiegogo.com,Japan,Female,Oyabe,Kwimbee,55357.64,JPY
Fred,Spencer,fspencer89@washington.edu,Nigeria,Male,Katsina-Ala,Tavu,90793.50,NGN
Mark,Burns,mburns8a@elegantthemes.com,Peru,Male,Coalaque,Eimbee,52966.78,PEN
Ruth,Taylor,rtaylor8b@yellowbook.com,El Salvador,Female,Cacaopera,Jatri,8986.32,USD
Brandon,Gordon,bgordon8c@va.gov,Argentina,Male,Concepción del Bermejo,Avaveo,55632.03,ARS
Scott,Thomas,sthomas8d@arizona.edu,Indonesia,Male,Krajan,Voonte,80254.64,IDR
Benjamin,Dixon,bdixon8e@phoca.cz,Philippines,Male,Santo Niño,Riffpath,82398.90,PHP
Jack,Turner,jturner8f@sciencedaily.com,Uganda,Male,Bududa,Topicware,46995.21,UGX
Nicholas,Austin,naustin8g@abc.net.au,China,Male,Huxiaoqiao,Topiczoom,77662.08,CNY
Ann,Tucker,atucker8h@google.co.jp,Russia,Female,Golovinskiy,Realpoint,11273.53,RUB
Linda,Lopez,llopez8i@craigslist.org,China,Female,Xichangmen,Jayo,99177.60,CNY
Charles,Ross,cross8j@ft.com,Norway,Male,Bergen,Meevee,46850.35,NOK
Willie,Ross,wross8k@wikia.com,Portugal,Male,Souto,Zoomzone,9645.34,EUR
Gary,Payne,gpayne8l@imgur.com,China,Male,Lushuihe,Flashdog,44000.51,CNY
Juan,Parker,jparker8m@cisco.com,China,Male,Yinghai,Dabvine,5718.50,CNY
Jennifer,Austin,jaustin8n@webeden.co.uk,France,Female,Épernay,Yamia,28319.02,EUR
Adam,Barnes,abarnes8o@fema.gov,Palestinian Territory,Male,Dayr Abū Ḑa‘īf,Wikivu,,ILS
Fred,Simmons,fsimmons8p@weebly.com,Brazil,Male,Parnaíba,Avaveo,31654.43,BRL
Michael,Wilson,mwilson8q@wordpress.org,Poland,Male,Brwinów,Edgewire,83273.37,PLN
Betty,Reed,breed8r@ft.com,Kazakhstan,Female,Myrzakent,Voomm,94686.76,KZT
Mildred,Mcdonald,mmcdonald8s@google.com,France,Female,Évry,Divavu,82933.44,EUR
Antonio,Nelson,anelson8t@people.com.cn,Poland,Male,Krzemienica,Yozio,11281.52,PLN
Elizabeth,Fernandez,efernandez8u@a8.net,Uzbekistan,Female,Chinoz,Vipe,38741.08,UZS
Howard,Carr,hcarr8v@google.cn,Germany,Male,Köln,Vidoo,68628.94,EUR
Willie,Ortiz,wortiz8w@dmoz.org,Netherlands,Male,Venlo,Aibox,96904.70,EUR
Russell,Barnes,rbarnes8x@baidu.com,Paraguay,Male,Piribebuy,Edgeify,95042.07,PYG
Christina,Meyer,cmeyer8y@photobucket.com,Portugal,Female,Meirinhas,Photobug,74035.49,EUR
Brenda,Hamilton,bhamilton8z@ebay.com,Indonesia,Female,Lela,Skyndu,83520.93,IDR
Jack,Roberts,jroberts90@bloglines.com,Tanzania,Male,Mlangali,Mycat,,TZS
David,Martin,dmartin91@over-blog.com,Japan,Male,Iyo,Livetube,75139.51,JPY
Julie,Carpenter,jcarpenter92@histats.com,Yemen,Female,Dār an Naşr,Ailane,97149.69,YER
Brandon,Morris,bmorris93@phoca.cz,Ecuador,Male,Puyo,InnoZ,95011.34,USD
Alan,Kelley,akelley94@tinyurl.com,Sweden,Male,Stockholm,Jaxbean,91183.96,SEK
Phyllis,Mccoy,pmccoy95@blogspot.com,Canada,Female,Princeville,Talane,94481.39,CAD
Justin,Chavez,jchavez96@booking.com,China,Male,Nanmen,Miboo,55737.52,CNY
Jose,Washington,jwashington97@bizjournals.com,Serbia,Male,Kupusina,Jaxbean,12575.49,RSD
Terry,Murphy,tmurphy98@businessweek.com,Portugal,Male,Cruzeiro,Gabcube,70943.24,EUR
Laura,Jenkins,ljenkins99@com.com,Philippines,Female,Abucay,Minyx,89449.51,PHP
John,Murphy,jmurphy9a@umn.edu,Bulgaria,Male,Boychinovtsi,Oyoyo,,BGN
Nicole,Wilson,nwilson9b@symantec.com,Greece,Female,Ambelón,Kayveo,57815.63,EUR
Mary,Stephens,mstephens9c@sogou.com,China,Female,Wenfu,Dabtype,33846.63,CNY
Amanda,Mccoy,amccoy9d@psu.edu,Russia,Female,Surgut,Browsezoom,99259.76,RUB
Stephen,Carr,scarr9e@webnode.com,Brazil,Male,São Roque,Gevee,79859.21,BRL
Frances,Castillo,fcastillo9f@dmoz.org,South Africa,Female,Ventersdorp,Eazzy,,ZAR
Jane,Rodriguez,jrodriguez9g@nhs.uk,Afghanistan,Female,Sar-e Pul,Linklinks,75925.03,AFN
Diana,Adams,dadams9h@reverbnation.com,China,Female,Xinxi,Jayo,46399.43,CNY
Ann,Harrison,aharrison9i@nymag.com,Indonesia,Female,Siak Sri Indrapura,Layo,61906.65,IDR
Doris,Mendoza,dmendoza9j@youtube.com,Indonesia,Female,Anin,Yadel,63424.44,IDR
Roy,Harris,rharris9k@ameblo.jp,Portugal,Male,Lentisqueira,Divape,85732.94,EUR
Heather,Williamson,hwilliamson9l@sciencedaily.com,France,Female,Agen,Riffpath,80413.64,EUR
Deborah,Ward,dward9m@ed.gov,Brazil,Female,Conceição da Barra,Flashset,90993.52,BRL
Victor,Russell,vrussell9n@economist.com,Egypt,Male,Cairo,Realfire,60299.10,EGP
Roy,Carpenter,rcarpenter9o@illinois.edu,Brazil,Male,Cambará,Thoughtmix,16649.46,BRL
Philip,Cruz,pcruz9p@va.gov,China,Male,Mainri,Jabbersphere,,CNY
Ryan,Morrison,rmorrison9q@wp.com,Mayotte,Male,Tsingoni,Thoughtbeat,67048.35,EUR
Eugene,Wood,ewood9r@ftc.gov,Japan,Male,Sagae,Babbleblab,77172.42,JPY
Joan,Scott,jscott9s@wordpress.com,Indonesia,Female,Ciracap,Meejo,,IDR
Martha,Wagner,mwagner9t@tuttocitta.it,Japan,Female,Sasayama,Quinu,6855.03,JPY
Judith,Gonzalez,jgonzalez9u@economist.com,Brazil,Female,Irati,Innotype,38219.89,BRL
Julia,Collins,jcollins9v@amazon.co.uk,Poland,Female,Nowa Sól,Youtags,37938.74,PLN
Janet,Richardson,jrichardson9w@hibu.com,Cayman Islands,Female,East End,Browsedrive,50735.88,KYD
Julia,Wright,jwright9x@i2i.jp,Brazil,Female,Nobres,Oyoba,,BRL
Frances,Kelley,fkelley9y@psu.edu,Indonesia,Female,Krajan Tegalombo,Skinte,50219.54,IDR
David,Webb,dwebb9z@skyrock.com,Chile,Male,Viña del Mar,Realmix,94132.33,CLP
Kathleen,Hunt,khunta0@deliciousdays.com,Indonesia,Female,Dawan,Twitterbridge,56983.45,IDR
Evelyn,Howard,ehowarda1@nsw.gov.au,China,Female,Jimusa’er,Flipstorm,93480.13,CNY
Bruce,Stanley,bstanleya2@answers.com,China,Male,Shiyaogou,Fadeo,79270.03,CNY
Bruce,Weaver,bweavera3@cnbc.com,China,Male,Shuigou’ao,Teklist,63861.77,CNY
Jerry,Fields,jfieldsa4@house.gov,Poland,Male,Kiełczów,Flashpoint,85841.12,PLN
Sara,Jackson,sjacksona5@imdb.com,Vietnam,Female,Lộc Bình,Fanoodle,,VND
Alice,Moore,amoorea6@cisco.com,China,Female,Tunggar,Quaxo,63686.65,CNY
Sara,Campbell,scampbella7@over-blog.com,Russia,Female,Nizhniy Lomov,Twitternation,48435.99,RUB
Frank,Porter,fportera8@statcounter.com,Cuba,Male,La Sierpe,Teklist,,CUP
Frank,George,fgeorgea9@springer.com,Yemen,Male,As Sūq al Jadīd,Thoughtblab,56441.01,YER
Diana,Torres,dtorresaa@hugedomains.com,Indonesia,Female,Halteu,Kaymbo,88708.29,IDR
Angela,Medina,amedinaab@answers.com,Cuba,Female,Ranchuelo,Meevee,32836.79,CUP
Teresa,Hart,thartac@usnews.com,Indonesia,Female,Bondowoso,Blogpad,59949.91,IDR
Diane,Davis,ddavisad@ask.com,China,Female,Fubin,Cogibox,15497.01,CNY
Justin,Ramos,jramosae@w3.org,Gambia,Male,Bakadagy,Edgetag,20950.46,GMD
Ryan,Scott,rscottaf@google.com,United States,Male,Austin,Yombu,6174.75,USD
Aaron,Evans,aevansag@parallels.com,Indonesia,Male,Sukowidodo Barat,Talane,17784.92,IDR
Willie,Fernandez,wfernandezah@alibaba.com,Venezuela,Male,La Cruz de Taratara,Quinu,87268.36,VEF
Bruce,Lawrence,blawrenceai@livejournal.com,Indonesia,Male,Sidem,Demivee,34866.66,IDR
Judy,Mccoy,jmccoyaj@omniture.com,Estonia,Female,Jõhvi,Twitterbridge,,EUR
Jean,Woods,jwoodsak@rediff.com,Poland,Female,Fabianki,Skynoodle,4490.94,PLN
Andrea,Adams,aadamsal@acquirethisname.com,Brazil,Female,Bambuí,Eamia,,BRL
Martha,Phillips,mphillipsam@sciencedirect.com,China,Female,Shengao,Jaxnation,,CNY
Scott,Richards,srichardsan@toplist.cz,China,Male,Yushan,Zoomzone,22253.19,CNY
Diana,Gray,dgrayao@tamu.edu,Indonesia,Female,Ngulakan,Skinder,31996.28,IDR
Matthew,Lopez,mlopezap@macromedia.com,Poland,Male,Białobrzegi,Fadeo,95435.21,PLN
Karen,Reyes,kreyesaq@lulu.com,China,Female,Lubu,Roomm,25322.67,CNY
Carlos,Greene,cgreenear@economist.com,Nigeria,Male,Igarra,Dazzlesphere,61739.46,NGN
Shawn,Watson,swatsonas@psu.edu,Indonesia,Male,Bonsari,Livetube,1770.39,IDR
Scott,Hawkins,shawkinsat@google.fr,United States,Male,Migrate,Katz,88743.83,USD
Kathleen,Scott,kscottau@sphinn.com,United States,Female,Raleigh,Voolia,67225.00,USD
Joyce,Long,jlongav@digg.com,Slovenia,Female,Kobarid,Jaxspan,92581.92,EUR
Paula,Carpenter,pcarpenteraw@netvibes.com,Saint Vincent and the Grenadines,Female,Barrouallie,Realcube,31688.98,XCD
Christine,Burton,cburtonax@about.com,China,Female,Bailiang,Tagfeed,25033.11,CNY
Doris,Black,dblackay@privacy.gov.au,Ukraine,Female,Krasnosilka,Yodo,72138.23,UAH
Ruth,Owens,rowensaz@pen.io,Indonesia,Female,Colendra,Dabshots,14064.68,IDR
Melissa,Williams,mwilliamsb0@mapy.cz,China,Female,Fengzhou,Rhynyx,66076.13,CNY
Sarah,Burke,sburkeb1@sitemeter.com,Russia,Female,Kafyr-Kumukh,Photobug,,RUB
Lois,Bishop,lbishopb2@nytimes.com,France,Female,Montfort-sur-Meu,Photobean,44705.25,EUR
Jack,Stanley,jstanleyb3@fastcompany.com,Sweden,Male,Värnamo,Zoovu,28263.98,SEK
Sandra,Hill,shillb4@cargocollective.com,Indonesia,Female,Dawuhan,Vidoo,3186.64,IDR
Joshua,Duncan,jduncanb5@netscape.com,Indonesia,Male,Taluncemara,Aimbu,21721.17,IDR
Ruth,Hayes,rhayesb6@deviantart.com,Portugal,Female,Labruge,Gigabox,63613.78,EUR
Ruby,Hanson,rhansonb7@cocolog-nifty.com,Brazil,Female,São Sebastião,Viva,63763.07,BRL
Daniel,Robertson,drobertsonb8@nifty.com,Mongolia,Male,Tsagaanders,Skippad,94657.83,MNT
Mildred,Green,mgreenb9@psu.edu,Syria,Female,Ar Raqqah,Divavu,76478.50,SYP
Judy,Ross,jrossba@free.fr,China,Female,Ni’ao,Babbleset,77699.15,CNY
Carol,Hayes,chayesbb@yolasite.com,Brazil,Female,Trindade,Bubblebox,,BRL
Brian,Cruz,bcruzbc@usnews.com,Russia,Male,Burayevo,Zoombeat,85891.93,RUB
Christina,Walker,cwalkerbd@naver.com,Ukraine,Female,Scholkine,Innojam,10865.28,UAH
Frank,Russell,frussellbe@booking.com,Indonesia,Male,Pangkajene,Trilia,28232.01,IDR
Frances,Barnes,fbarnesbf@infoseek.co.jp,Malaysia,Female,Kuala Lumpur,Trudeo,9123.50,MYR
Heather,Riley,hrileybg@nytimes.com,Portugal,Female,Bairro de Santo António,Zoovu,72948.03,EUR
Judith,Carroll,jcarrollbh@utexas.edu,Brazil,Female,Itaporanga,Gabcube,36648.18,BRL
Stephanie,Bailey,sbaileybi@ebay.co.uk,Guatemala,Female,Patzicía,Thoughtstorm,7992.40,GTQ
Steven,Medina,smedinabj@marriott.com,Argentina,Male,San Isidro,Realmix,76928.23,ARS
Diana,Bennett,dbennettbk@desdev.cn,China,Female,Mingshan,Innotype,68644.44,CNY
Marilyn,Howard,mhowardbl@hao123.com,Colombia,Female,Madrid,Tagopia,63150.32,COP
Daniel,Castillo,dcastillobm@indiegogo.com,Saudi Arabia,Male,Al Fuwayliq,Avamm,60891.28,SAR
Timothy,Carter,tcarterbn@nbcnews.com,Laos,Male,Khoa,Zava,1405.33,LAK
Virginia,Morris,vmorrisbo@nbcnews.com,Norway,Female,Trondheim,Kwideo,10994.76,NOK
Anne,Fowler,afowlerbp@biglobe.ne.jp,China,Female,Dengzishan,Thoughtbeat,78779.70,CNY
Sandra,Sanders,ssandersbq@forbes.com,Russia,Female,Perm,Trilith,60946.80,RUB
Shawn,Pierce,spiercebr@ihg.com,Indonesia,Male,Terong,Buzzdog,55867.64,IDR
Andrew,Romero,aromerobs@thetimes.co.uk,Brazil,Male,Cacoal,Avaveo,95942.10,BRL
Fred,Gonzalez,fgonzalezbt@booking.com,Thailand,Male,Tha Muang,Kwilith,47055.85,THB
Sharon,Hart,shartbu@de.vu,Portugal,Female,Fontainhas,Vinte,,EUR
Brenda,Richards,brichardsbv@nps.gov,Philippines,Female,Salinungan Proper,Skyba,67978.37,PHP
Amy,Moreno,amorenobw@sourceforge.net,China,Female,Cuihuangkou,Eayo,60754.32,CNY
Jonathan,Barnes,jbarnesbx@goo.ne.jp,China,Male,Binjiang,Meejo,24251.52,CNY
Carol,Welch,cwelchby@google.de,Kazakhstan,Female,Balqash,Realfire,21482.27,KZT
Norma,Richardson,nrichardsonbz@surveymonkey.com,South Africa,Female,Nelspruit,Gabvine,54740.47,ZAR
Ronald,Garrett,rgarrettc0@stumbleupon.com,Portugal,Male,Courelas Bravas,Zoomzone,93940.75,EUR
Kathryn,Mason,kmasonc1@geocities.jp,China,Female,Baizhang,Midel,11615.76,CNY
Diane,Day,ddayc2@ehow.com,Canada,Female,Saint-Ambroise,Gigabox,49745.63,CAD
Timothy,Woods,twoodsc3@wiley.com,China,Male,Shanjiang,Divavu,90807.85,CNY
Cynthia,Wood,cwoodc4@nba.com,China,Female,Hehu,Shufflebeat,20932.53,CNY
Phillip,Cole,pcolec5@eventbrite.com,China,Male,Yandun,Linkbridge,1027.29,CNY
Patrick,Armstrong,parmstrongc6@si.edu,Indonesia,Male,Baing,Zoonder,98429.14,IDR
Mark,Mills,mmillsc7@over-blog.com,Macedonia,Male,Shtip,Mudo,31691.06,MKD
Dorothy,Andrews,dandrewsc8@state.gov,Poland,Female,Lubniewice,Cogilith,37812.24,PLN
Elizabeth,Henry,ehenryc9@boston.com,Tanzania,Female,Tabora,Wikivu,81627.60,TZS
Mary,Morris,mmorrisca@europa.eu,Uganda,Female,Napak,Dazzlesphere,67191.46,UGX
Michelle,Nichols,mnicholscb@histats.com,China,Female,Sanzhang,Pixonyx,89383.10,CNY
Karen,Wood,kwoodcc@xing.com,Indonesia,Female,Pasanggrahan,Babbleblab,39545.12,IDR
Jonathan,Morris,jmorriscd@blogs.com,Cuba,Male,Calimete,Kwilith,85346.57,CUP
Irene,Adams,iadamsce@godaddy.com,Afghanistan,Female,Mehtar Lām,Eire,91972.54,AFN
Mildred,Carpenter,mcarpentercf@networkadvertising.org,Poland,Female,Stalowa Wola,Brightdog,90024.13,PLN
Virginia,Rivera,vriveracg@yahoo.com,China,Female,Hongshi,Oyoyo,51975.43,CNY
Randy,Kelly,rkellych@diigo.com,China,Male,Tangwu,Linktype,95905.84,CNY
Raymond,Bishop,rbishopci@nih.gov,Saint Vincent and the Grenadines,Male,Port Elizabeth,Gabvine,36657.84,XCD
Anthony,Ryan,aryancj@intel.com,United States,Male,Jacksonville,Riffpedia,,USD
Jeremy,Peters,jpetersck@sakura.ne.jp,Indonesia,Male,Brongkah,Voonder,76418.36,IDR
Louis,Wells,lwellscl@smh.com.au,Russia,Male,Dauriya,Linklinks,,RUB
Thomas,Henderson,thendersoncm@instagram.com,Canada,Male,Mississauga,Eare,19724.43,CAD
Julie,Fisher,jfishercn@free.fr,Philippines,Female,Sinuknipan,Dabshots,34659.10,PHP
Kathryn,Burke,kburkeco@google.com.au,China,Female,Wumahe,Roombo,39787.82,CNY
Jesse,Smith,jsmithcp@gravatar.com,Canada,Male,L'Île-Perrot,Buzzbean,83625.89,CAD
Tammy,Kelley,tkelleycq@prweb.com,China,Female,Yanzhou,Pixope,72736.76,CNY
Jeremy,Meyer,jmeyercr@ted.com,China,Male,Henglu,Jaxworks,81795.61,CNY
Christopher,Welch,cwelchcs@nih.gov,Philippines,Male,Mapulo,Twitterworks,75438.71,PHP
George,Reid,greidct@yale.edu,Brazil,Male,Pompéu,Yodo,87348.82,BRL
Jonathan,Mitchell,jmitchellcu@g.co,Uganda,Male,Hoima,Divanoodle,,UGX
Bruce,Henderson,bhendersoncv@1688.com,Brazil,Male,Piritiba,Browsezoom,55533.04,BRL
Raymond,Clark,rclarkcw@gov.uk,Russia,Male,Leninogorsk,Zooveo,40865.24,RUB
Kathy,Harris,kharriscx@desdev.cn,Indonesia,Female,Lampuyang,Buzzster,33834.06,IDR
Shawn,Warren,swarrency@nhs.uk,Peru,Male,Llauta,DabZ,79642.10,PEN
Aaron,Moreno,amorenocz@pinterest.com,Japan,Male,Shido,Trudeo,45699.33,JPY
Ann,Burns,aburnsd0@ebay.com,Czech Republic,Female,Příbram,Gigaclub,73814.97,CZK
Catherine,Sullivan,csullivand1@usgs.gov,Poland,Female,Zwierzyń,Wordware,13334.88,PLN
Todd,Ellis,tellisd2@woothemes.com,Indonesia,Male,Sangojar,Jaloo,2558.79,IDR
Aaron,Chapman,achapmand3@jugem.jp,Azerbaijan,Male,Agdzhabedy,Jaxworks,90100.03,AZN
Annie,Gordon,agordond4@redcross.org,France,Female,Paris 08,Linktype,85926.28,EUR
Roy,Graham,rgrahamd5@hao123.com,Argentina,Male,San Justo,Tambee,71672.19,ARS
Scott,Simmons,ssimmonsd6@tiny.cc,Israel,Male,Netanya,JumpXS,35693.00,ILS
Janet,Nichols,jnicholsd7@sina.com.cn,Philippines,Female,Lemery,Tazzy,32411.96,PHP
Ashley,Lynch,alynchd8@facebook.com,Philippines,Female,Rebe,Tazz,46518.43,PHP
Carlos,Bennett,cbennettd9@odnoklassniki.ru,Indonesia,Male,Cimaragas,Kazio,99630.59,IDR
Antonio,Lynch,alynchda@people.com.cn,China,Male,Jianghong,Livetube,46961.57,CNY
Evelyn,Rogers,erogersdb@miibeian.gov.cn,Portugal,Female,Vila Viçosa,Brainbox,93979.76,EUR
Harry,Gonzales,hgonzalesdc@reddit.com,Madagascar,Male,Maroantsetra,Quimm,20479.28,MGA
Harold,Meyer,hmeyerdd@senate.gov,South Africa,Male,Tzaneen,Buzzdog,38964.39,ZAR
Beverly,Chavez,bchavezde@sina.com.cn,China,Female,Zuogaiduoma,DabZ,94692.99,CNY
Jacqueline,Shaw,jshawdf@storify.com,Brazil,Female,Goiana,Browsecat,95288.42,BRL
Tammy,Grant,tgrantdg@cornell.edu,China,Female,Xianghuaqiao,Yabox,29754.62,CNY
Roy,Butler,rbutlerdh@nbcnews.com,Russia,Male,Yubileynyy,Skivee,28132.65,RUB
John,Mitchell,jmitchelldi@google.ru,Indonesia,Male,Cipesing,Yakitri,22506.67,IDR
Jerry,Richardson,jrichardsondj@webs.com,Japan,Male,Tanuma,Aimbu,74930.88,JPY
Jimmy,Cooper,jcooperdk@edublogs.org,France,Male,Antony,Trunyx,26143.59,EUR
Randy,Stone,rstonedl@state.gov,Japan,Male,Noda,Gabtune,83884.91,JPY
Margaret,Rivera,mriveradm@discuz.net,Belarus,Female,Lyuban’,Youfeed,65622.74,BYR
Ronald,Jenkins,rjenkinsdn@sitemeter.com,Indonesia,Male,Dateng,Ailane,49719.55,IDR
Anna,Black,ablackdo@360.cn,Honduras,Female,El Corozal,Browsetype,82918.92,HNL
Willie,Harvey,wharveydp@google.pl,China,Male,Dongjin,Photospace,34185.63,CNY
Martha,Perez,mperezdq@facebook.com,Kazakhstan,Female,Karabas,Trudoo,75515.96,KZT
Benjamin,Mccoy,bmccoydr@theatlantic.com,China,Male,Yangzhen,Tagcat,21237.47,CNY
Roger,Cox,rcoxds@mysql.com,Guinea-Bissau,Male,Quebo,Jayo,49371.47,XOF
Jeremy,Clark,jclarkdt@dell.com,Canada,Male,Keswick,Gabtune,2245.59,CAD
Arthur,Palmer,apalmerdu@wikispaces.com,Myanmar,Male,Mandalay,Skipfire,84020.63,MMK
Shirley,Thomas,sthomasdv@dropbox.com,China,Female,Longhu,Fivechat,,CNY
Julia,Little,jlittledw@hao123.com,Jordan,Female,Al Azraq ash Shamālī,Demivee,28436.72,JOD
Anna,Bennett,abennettdx@china.com.cn,France,Female,Choisy-le-Roi,Livetube,,EUR
Martha,Hill,mhilldy@wikipedia.org,United States,Female,Albuquerque,Vitz,92593.81,USD
Scott,West,swestdz@apache.org,Brazil,Male,Itaocara,Jabberbean,39076.14,BRL
Christina,Marshall,cmarshalle0@mediafire.com,Vietnam,Female,Long Thành,Blogspan,98137.57,VND
Victor,Allen,vallene1@cloudflare.com,Indonesia,Male,Tamanan,Gabtype,1651.87,IDR
Kathryn,Watkins,kwatkinse2@wikia.com,Estonia,Female,Tallinn,Digitube,46562.13,EUR
Denise,Vasquez,dvasqueze3@omniture.com,Afghanistan,Female,Dasht-e Archī,Leenti,44588.96,AFN
Marie,Young,myounge4@cbslocal.com,Republic of the Congo,Female,Makoua,Skivee,47299.36,XAF
William,Welch,wwelche5@issuu.com,France,Male,Saint-Claude,Bluejam,27604.99,EUR
Shirley,Spencer,sspencere6@amazon.co.jp,Ukraine,Female,Kobyzhcha,Vipe,63211.23,UAH
Terry,Brooks,tbrookse7@is.gd,Bosnia and Herzegovina,Male,Sanski Most,Leenti,51341.58,BAM
Julie,Watson,jwatsone8@yahoo.com,Greece,Female,Évosmos,Yamia,22310.74,EUR
Todd,Little,tlittlee9@nbcnews.com,Albania,Male,Vithkuq,Zoovu,1921.75,ALL
Mildred,Vasquez,mvasquezea@domainmarket.com,Finland,Female,Nastola,Latz,40109.78,EUR
Clarence,Banks,cbankseb@reference.com,Poland,Male,Malanów,Oodoo,48638.67,PLN
Chris,Nguyen,cnguyenec@paypal.com,Poland,Male,Jasień,Browsezoom,31685.03,PLN
Evelyn,Peters,epetersed@pagesperso-orange.fr,China,Female,Dongkan,Abata,29942.86,CNY
John,Davis,jdavisee@house.gov,Indonesia,Male,Mehona,Zoomdog,79735.28,IDR
Ruby,Gardner,rgardneref@eventbrite.com,Egypt,Female,Ţāmiyah,Blogtag,19673.23,EGP
Howard,Hawkins,hhawkinseg@wikipedia.org,Indonesia,Male,Emplak,Wikibox,,IDR
Deborah,Miller,dmillereh@unicef.org,United States,Female,Columbus,Vinte,,USD
Ruth,Murray,rmurrayei@nifty.com,Canada,Female,Agassiz,Oyoyo,42004.18,CAD
Sean,Harper,sharperej@yellowpages.com,Japan,Male,Mibu,Digitube,24137.61,JPY
Jason,Wheeler,jwheelerek@google.co.jp,Palestinian Territory,Male,Bayt Wazan,Twinder,60723.54,ILS
Phyllis,Robertson,probertsonel@ucoz.ru,Peru,Female,Pampas,Thoughtbridge,64695.32,PEN
Carolyn,Williamson,cwilliamsonem@goo.ne.jp,Indonesia,Female,Ngandangan,Dynabox,61206.21,IDR
Gregory,Simmons,gsimmonsen@google.pl,Poland,Male,Karsin,Gabvine,55798.02,PLN
Janice,Mitchell,jmitchelleo@skyrock.com,Japan,Female,Dazaifu,Kazu,,JPY
Gerald,Spencer,gspencerep@godaddy.com,Russia,Male,Noginsk-9,Cogidoo,21899.47,RUB
Cynthia,Dean,cdeaneq@bing.com,Montenegro,Female,Podgorica,Aibox,62849.74,EUR
Melissa,Rivera,mriveraer@devhub.com,China,Female,Yulin,Flipopia,73111.46,CNY
Lawrence,Cunningham,lcunninghames@reuters.com,Portugal,Male,Olival Basto,Pixoboo,1055.07,EUR
Daniel,Adams,dadamset@networksolutions.com,China,Male,Cangshan,Fiveclub,59609.48,CNY
Kevin,Banks,kbankseu@livejournal.com,Spain,Male,Palencia,Skajo,43723.15,EUR
Richard,Warren,rwarrenev@netvibes.com,Russia,Male,Novokuz’minki,Divavu,22031.93,RUB
Ashley,Rice,ariceew@php.net,France,Female,Paris 13,Skimia,61073.51,EUR
Ernest,Reynolds,ereynoldsex@is.gd,Uganda,Male,Njeru,Fadeo,35444.71,UGX
Debra,Graham,dgrahamey@bizjournals.com,Spain,Female,Santiago De Compostela,Feedfish,25889.38,EUR
John,Price,jpriceez@trellian.com,Malaysia,Male,Putrajaya,Mynte,21105.62,MYR
Heather,Mccoy,hmccoyf0@umn.edu,Indonesia,Female,Pasirmadang,Muxo,60379.38,IDR
Steven,Young,syoungf1@yellowbook.com,China,Male,Longshan,Skinix,38319.49,CNY
Lillian,King,lkingf2@usgs.gov,South Africa,Female,Carletonville,Kamba,5551.33,ZAR
Donna,Wagner,dwagnerf3@oaic.gov.au,Greece,Female,Spétses,Yambee,33284.76,EUR
Brian,Wood,bwoodf4@dailymail.co.uk,Ukraine,Male,Vynohradove,Meembee,67406.10,UAH
Douglas,Medina,dmedinaf5@webnode.com,Philippines,Male,Caraga,Cogibox,14466.62,PHP
Julie,Hall,jhallf6@paypal.com,Russia,Female,Omutninsk,Katz,84504.27,RUB
Randy,Morgan,rmorganf7@businessweek.com,Philippines,Male,Lapuyan,Tagcat,45233.43,PHP
Julie,Carroll,jcarrollf8@exblog.jp,Philippines,Female,Loreto,Twinte,31437.71,PHP
Anna,Williamson,awilliamsonf9@hugedomains.com,China,Female,Libu,Zoombeat,95505.59,CNY
Catherine,Harvey,charveyfa@admin.ch,Czech Republic,Female,Řečany nad Labem,Gabtype,54057.11,CZK
Craig,Olson,colsonfb@mlb.com,Japan,Male,Kishiwada,Skynoodle,15409.02,JPY
Russell,Peterson,rpetersonfc@photobucket.com,Greece,Male,Angelochóri,Eabox,31646.69,EUR
Matthew,Wood,mwoodfd@shop-pro.jp,Russia,Male,Zavolzh’ye,Feedmix,,RUB
Chris,Parker,cparkerfe@youku.com,China,Male,Nieying,Brightdog,4051.76,CNY
Todd,Larson,tlarsonff@ibm.com,Philippines,Male,Looc,Tambee,,PHP
Sean,Green,sgreenfg@smh.com.au,Nigeria,Male,Buni Yadi,Wordpedia,25488.67,NGN
Norma,Gutierrez,ngutierrezfh@homestead.com,Brazil,Female,Porto Seguro,Blogtag,98678.33,BRL
Peter,Coleman,pcolemanfi@addthis.com,Czech Republic,Male,Týnec,Blogpad,15198.57,CZK
Susan,Knight,sknightfj@scribd.com,Indonesia,Female,Oenunu,Avavee,32312.05,IDR
Susan,Wagner,swagnerfk@yale.edu,France,Female,Châteaurenard,Livetube,16227.20,EUR
Marilyn,Fox,mfoxfl@oracle.com,Slovenia,Female,Tržič,Rhynyx,6559.00,EUR
Deborah,Morrison,dmorrisonfm@cocolog-nifty.com,Indonesia,Female,Krajan Dukuhseti,Rhynoodle,,IDR
Brandon,Miller,bmillerfn@ustream.tv,Poland,Male,Czerwieńsk,InnoZ,72260.00,PLN
Raymond,Hill,rhillfo@eepurl.com,Latvia,Male,Ainaži,Viva,41695.36,EUR
Jacqueline,Kim,jkimfp@illinois.edu,Portugal,Female,Benavila,Thoughtstorm,57082.83,EUR
Gregory,Castillo,gcastillofq@blogspot.com,United States,Male,San Diego,Gabtune,,USD
Ronald,Mcdonald,rmcdonaldfr@ebay.co.uk,China,Male,Songlong,Flashset,,CNY
Evelyn,Perez,eperezfs@bandcamp.com,Indonesia,Female,Rote,Topdrive,78752.06,IDR
Lisa,Elliott,lelliottft@dion.ne.jp,China,Female,Jinhe,Topicware,23217.30,CNY
Heather,Medina,hmedinafu@prweb.com,Czech Republic,Female,Václavovice,Tanoodle,18761.26,CZK
Scott,Alvarez,salvarezfv@mozilla.org,Philippines,Male,Dungon,Mydeo,45785.35,PHP
Ralph,Kim,rkimfw@51.la,Czech Republic,Male,Dřiteň,Layo,20245.95,CZK
Kathy,Lee,kleefx@nationalgeographic.com,Argentina,Female,San Ramón de la Nueva Orán,Edgewire,61644.49,ARS
Mark,Baker,mbakerfy@foxnews.com,Mongolia,Male,Tahilt,Rhybox,77332.53,MNT
Clarence,Patterson,cpattersonfz@prlog.org,Indonesia,Male,Nguken,Quire,27008.36,IDR
Jerry,Henry,jhenryg0@oracle.com,Tajikistan,Male,Isfara,Tazz,27773.96,TJS
Robin,Hunter,rhunterg1@who.int,Malaysia,Female,Kuala Pilah,Vidoo,,MYR
Victor,Smith,vsmithg2@narod.ru,France,Male,Toulouse,Skilith,44736.16,EUR
Ronald,Thompson,rthompsong3@bizjournals.com,Greece,Male,Dióni,Wordify,63661.86,EUR
Michelle,Banks,mbanksg4@freewebs.com,France,Female,Bar-le-Duc,Zava,4839.35,EUR
Harry,Myers,hmyersg5@patch.com,Ecuador,Male,Samborondón,Chatterpoint,87569.09,USD
Michelle,Robertson,mrobertsong6@alibaba.com,Canada,Female,Prince Albert,Eabox,81334.60,CAD
Steven,Wells,swellsg7@topsy.com,Palestinian Territory,Male,Khallat Ḩamāmah,Oozz,40223.61,ILS
George,Phillips,gphillipsg8@twitter.com,Iran,Male,Bāgh-e Malek,Realpoint,83172.01,IRR
Joan,Ryan,jryang9@google.co.uk,Portugal,Female,Além,Myworks,4955.33,EUR
Ernest,Gonzales,egonzalesga@angelfire.com,Poland,Male,Słupsk,Photospace,71919.42,PLN
Joseph,Reed,jreedgb@icq.com,Indonesia,Male,Jadho,Ooba,,IDR
Julie,Ross,jrossgc@rakuten.co.jp,Poland,Female,Józefów,Kwideo,77246.48,PLN
Paula,Griffin,pgriffingd@reverbnation.com,Indonesia,Female,Waepau,Wikivu,45467.98,IDR
Nicholas,Cox,ncoxge@bigcartel.com,Sweden,Male,Luleå,Edgeblab,39901.27,SEK
Jack,Mcdonald,jmcdonaldgf@behance.net,Indonesia,Male,Waiwukak,Babblestorm,1909.88,IDR
Nicole,Willis,nwillisgg@yale.edu,Ireland,Female,Balrothery,Eare,62598.28,EUR
Rebecca,Smith,rsmithgh@nature.com,Zambia,Female,Lusaka,Skippad,41353.23,ZMW
Norma,Miller,nmillergi@is.gd,Sweden,Female,Falköping,BlogXS,57046.03,SEK
Alice,Crawford,acrawfordgj@accuweather.com,China,Female,Shangmofang,Gabcube,59714.68,CNY
Jeremy,Reed,jreedgk@blogspot.com,Indonesia,Male,Boto,Dynabox,25839.26,IDR
Amy,Bennett,abennettgl@toplist.cz,China,Female,Baitang,Realmix,81902.93,CNY
Johnny,Fowler,jfowlergm@woothemes.com,Norway,Male,Sandefjord,Buzzbean,79801.95,NOK
Jerry,Mason,jmasongn@php.net,Indonesia,Male,Pasirnangka,Realbridge,85299.66,IDR
Brandon,Garcia,bgarciago@redcross.org,Russia,Male,Zhatay,Twiyo,64748.73,RUB
Amanda,Stone,astonegp@multiply.com,China,Female,Tanxi,Livetube,19879.90,CNY
Gregory,Griffin,ggriffingq@google.ru,France,Male,Paris 08,Jayo,,EUR
Sandra,Reid,sreidgr@reddit.com,China,Female,Dengnan,Npath,63494.13,CNY
Kelly,Sanders,ksandersgs@jugem.jp,Argentina,Female,San Carlos de Bariloche,Meezzy,13613.94,ARS
Angela,Marshall,amarshallgt@purevolume.com,Colombia,Female,Hobo,Browseblab,5683.60,COP
Gloria,Franklin,gfranklingu@domainmarket.com,South Sudan,Female,Malakal,Brainverse,4598.37,SSP
Richard,Perkins,rperkinsgv@hatena.ne.jp,Russia,Male,Syktyvkar,Zoomcast,4696.29,RUB
Jessica,Fields,jfieldsgw@google.com.hk,Russia,Female,Misheronskiy,Jatri,86193.10,RUB
Carolyn,Simpson,csimpsongx@aboutads.info,Argentina,Female,San Miguel de Tucumán,Rhycero,89524.81,ARS
John,Adams,jadamsgy@imdb.com,China,Male,Yishi,Digitube,59475.06,CNY
Theresa,Montgomery,tmontgomerygz@wikipedia.org,Bulgaria,Female,Asenovgrad,Realblab,4220.11,BGN
Ruby,Ray,rrayh0@admin.ch,Norway,Female,Drammen,Edgeblab,47543.96,NOK
Jeremy,Bowman,jbowmanh1@studiopress.com,China,Male,Bowang,Skyvu,19175.93,CNY
Margaret,Graham,mgrahamh2@slashdot.org,Greece,Female,Pórto Chéli,Shuffletag,94645.20,EUR
Cynthia,Baker,cbakerh3@gmpg.org,Vietnam,Female,Mỹ Xuyên,Cogilith,57161.51,VND
Evelyn,Perez,eperezh4@nps.gov,United States,Female,Reading,Babblestorm,95070.52,USD
Rose,Dixon,rdixonh5@weather.com,Indonesia,Female,Pulautemiang,Jayo,54384.03,IDR
Bruce,Hart,bharth6@symantec.com,Venezuela,Male,San José de Barlovento,Wikizz,26473.52,VEF
Paul,Harris,pharrish7@spotify.com,Nigeria,Male,Kaingiwa,Centimia,29737.72,NGN
Anne,Miller,amillerh8@smugmug.com,Japan,Female,Arai,Skipfire,38102.52,JPY
Harold,Hawkins,hhawkinsh9@wikispaces.com,Brazil,Male,Goiana,Topiczoom,42043.55,BRL
Karen,Perez,kperezha@narod.ru,Portugal,Female,Matos da Ranha,Trunyx,7000.44,EUR
Eric,Black,eblackhb@smh.com.au,Andorra,Male,Canillo,Meedoo,52157.86,EUR
Barbara,Washington,bwashingtonhc@aol.com,Indonesia,Female,Leworook,Bluezoom,95276.05,IDR
Sarah,Kim,skimhd@mit.edu,South Africa,Female,Vredendal,Chatterbridge,35566.19,ZAR
Amy,Carter,acarterhe@disqus.com,Belarus,Female,Davyd-Haradok,Edgeify,,BYR
Jessica,Lopez,jlopezhf@example.com,Honduras,Female,San Jerónimo,Kazio,65551.73,HNL
David,Gordon,dgordonhg@cocolog-nifty.com,China,Male,Wenfu,Skipfire,,CNY
Laura,Hill,lhillhh@slideshare.net,China,Female,Woshui,Kwideo,90179.32,CNY
Victor,Nelson,vnelsonhi@nbcnews.com,Azerbaijan,Male,Lankaran,Leexo,78379.54,AZN
Terry,Gilbert,tgilberthj@mtv.com,Ukraine,Male,Stari Bohorodchany,Trupe,35850.09,UAH
Edward,Mcdonald,emcdonaldhk@amazon.co.jp,France,Male,Hyères,Brightdog,37410.66,EUR
Sharon,Thomas,sthomashl@github.com,Poland,Female,Rogoźnik,Ntags,80605.68,PLN
Linda,Peters,lpetershm@studiopress.com,Honduras,Female,Florida,Skipstorm,38751.45,HNL
Wayne,Fuller,wfullerhn@bigcartel.com,Philippines,Male,Jalaud,Jayo,71884.05,PHP
Sara,Reid,sreidho@washingtonpost.com,Philippines,Female,Santa Lucia,Devify,60796.00,PHP
Andrea,Williams,awilliamshp@goodreads.com,Trinidad and Tobago,Female,Scarborough,Trilia,,TTD
Joe,Andrews,jandrewshq@umich.edu,Uganda,Male,Kalungu,Skimia,37107.73,UGX
Patricia,Rodriguez,prodriguezhr@xinhuanet.com,Belgium,Female,Charleroi,Topicblab,74204.10,EUR
Carl,Roberts,crobertshs@wikia.com,Iran,Male,Qom,Mycat,75940.99,IRR
Cynthia,Sanders,csandersht@t.co,Philippines,Female,Peñarrubia,Jatri,27895.83,PHP
Jonathan,Murray,jmurrayhu@yellowpages.com,Guatemala,Male,Villa Nueva,Trupe,88626.51,GTQ
Jesse,Hernandez,jhernandezhv@ameblo.jp,Indonesia,Male,Timbrangan,Linkbuzz,56844.17,IDR
Marie,Diaz,mdiazhw@economist.com,China,Female,Shuangbaiyang,Midel,97209.16,CNY
Antonio,Henry,ahenryhx@addtoany.com,China,Male,Weifang,Photobean,4950.49,CNY
Gary,Stephens,gstephenshy@ow.ly,Indonesia,Male,Kolomanu,Kayveo,10981.62,IDR
Barbara,Spencer,bspencerhz@abc.net.au,Iran,Female,Alvand,Oyonder,77551.87,IRR
Norma,Wells,nwellsi0@weibo.com,Pakistan,Female,Bhiria,Thoughtworks,54263.29,PKR
Joshua,Hansen,jhanseni1@washingtonpost.com,Japan,Male,Ashikaga,Brainverse,96552.11,JPY
Marie,Wagner,mwagneri2@thetimes.co.uk,Nigeria,Female,Ohafia-Ifigh,Innojam,92668.51,NGN
Ralph,Mills,rmillsi3@princeton.edu,Portugal,Male,Refojos,Riffwire,16790.69,EUR
Ruth,Howell,rhowelli4@globo.com,Greece,Female,Aianí,Avamba,34797.13,EUR
Steve,Berry,sberryi5@google.de,Malaysia,Male,Kota Bharu,Bubblemix,32854.47,MYR
Gary,Brooks,gbrooksi6@github.com,China,Male,Shuanghe,Bluezoom,67448.45,CNY
Joan,Garza,jgarzai7@com.com,Indonesia,Female,Lohong,Oozz,78372.19,IDR
Sean,Fuller,sfulleri8@symantec.com,Greece,Male,Zákynthos,Jaxworks,1399.04,EUR
Donna,Warren,dwarreni9@spiegel.de,Japan,Female,Gotemba,Yodel,,JPY
Ruth,Kelley,rkelleyia@jiathis.com,Canada,Female,Sechelt,Digitube,24597.88,CAD
Roger,Young,ryoungib@wordpress.org,New Zealand,Male,Thames,Kamba,83722.10,NZD
Daniel,Marshall,dmarshallic@boston.com,China,Male,Zaojiacheng,Dabtype,99767.19,CNY
Dennis,Mills,dmillsid@prnewswire.com,Thailand,Male,Khlong Yai,Trunyx,67803.66,THB
Barbara,Matthews,bmatthewsie@cdbaby.com,Thailand,Female,Samphanthawong,Avaveo,51356.52,THB
Jesse,Castillo,jcastilloif@github.io,Russia,Male,Osa,Realbuzz,72337.49,RUB
Jennifer,Cole,jcoleig@gnu.org,Indonesia,Female,Batang,Ooba,33134.49,IDR
Kelly,Henderson,khendersonih@samsung.com,Ukraine,Female,Bytkiv,Meembee,5234.95,UAH
Christina,Coleman,ccolemanii@homestead.com,Mozambique,Female,Macia,Brightbean,,MZN
Denise,Howell,dhowellij@1688.com,China,Female,Shunyi,Divanoodle,6019.35,CNY
Charles,Anderson,candersonik@slate.com,France,Male,Avignon,Zoomlounge,,EUR
Christina,Ortiz,cortizil@google.cn,Kazakhstan,Female,Komsomolets,Zoozzy,63837.46,KZT
Gary,Russell,grussellim@ifeng.com,Cuba,Male,La Sierpe,Eazzy,,CUP
Shirley,Powell,spowellin@va.gov,Portugal,Female,Carrazeda de Ansiães,Meevee,21971.05,EUR
Raymond,Bishop,rbishopio@ihg.com,Indonesia,Male,Palampal,Feedfish,20266.05,IDR
Wanda,Reed,wreedip@economist.com,Indonesia,Female,Sumberan,Agivu,92033.98,IDR
Virginia,Murphy,vmurphyiq@mashable.com,Tonga,Female,Nuku‘alofa,Devbug,81645.62,TOP
Jason,Roberts,jrobertsir@phoca.cz,Indonesia,Male,Cipatujah,Pixope,18355.04,IDR
Theresa,Gonzalez,tgonzalezis@moonfruit.com,China,Female,Xagqu,Innojam,49519.77,CNY
Amy,Cooper,acooperit@indiatimes.com,Peru,Female,Sepahua,Zoomzone,6993.35,PEN
Kenneth,Barnes,kbarnesiu@reuters.com,Japan,Male,Kuroishi,Zava,30161.14,JPY
Janice,Hamilton,jhamiltoniv@amazon.co.jp,China,Female,Sidaohezi,Wikivu,32588.12,CNY
Susan,Frazier,sfrazieriw@photobucket.com,Peru,Female,Ccatca,Linkbridge,10367.35,PEN
Denise,Garrett,dgarrettix@ow.ly,Sweden,Female,Falun,Mudo,4790.87,SEK
Louise,Wallace,lwallaceiy@china.com.cn,Indonesia,Female,Bodeh,Babbleblab,1809.26,IDR
Chris,Meyer,cmeyeriz@dropbox.com,Norway,Male,Porsgrunn,Oyope,48818.86,NOK
Brenda,Wagner,bwagnerj0@nationalgeographic.com,Philippines,Female,Paitan,Photolist,,PHP
Bruce,Frazier,bfrazierj1@is.gd,Poland,Male,Czerwin,Zoombeat,,PLN
Debra,Reyes,dreyesj2@ameblo.jp,Portugal,Female,Rio Covo,Camimbo,60303.22,EUR
Larry,Simmons,lsimmonsj3@sbwire.com,Peru,Male,Mucllo,Edgeclub,60920.52,PEN
Albert,Gibson,agibsonj4@independent.co.uk,Portugal,Male,Vale da Pedra,Skimia,84377.07,EUR
Amy,Medina,amedinaj5@microsoft.com,Colombia,Female,Guacarí,Gabtype,35430.54,COP
Roger,Green,rgreenj6@disqus.com,China,Male,Xinji,Wikizz,23897.00,CNY
Cheryl,King,ckingj7@virginia.edu,Poland,Female,Lutowiska,Mudo,37451.72,PLN
Carlos,Moore,cmoorej8@utexas.edu,Bosnia and Herzegovina,Male,Živinice,Ntag,58605.39,BAM
Shirley,Meyer,smeyerj9@tinyurl.com,China,Female,Maguan,Yadel,,CNY
Virginia,Lane,vlaneja@prnewswire.com,France,Female,Lyon,Edgepulse,89472.05,EUR
Angela,Bailey,abaileyjb@discovery.com,Portugal,Female,Portela,Abatz,79651.81,EUR
Norma,Johnson,njohnsonjc@yahoo.com,France,Female,Vélizy-Villacoublay,Lazz,,EUR
Carl,Payne,cpaynejd@theguardian.com,Mexico,Male,San Diego,Chatterbridge,36204.26,MXN
Julia,Willis,jwillisje@163.com,Egypt,Female,Kousa,Flashdog,5613.58,EGP
Steve,Payne,spaynejf@cbslocal.com,Cameroon,Male,Bafoussam,Ntags,5481.30,XAF
Rachel,Taylor,rtaylorjg@dropbox.com,China,Female,Ekou,Skyba,82605.60,CNY
Dorothy,Payne,dpaynejh@cbc.ca,United Kingdom,Female,London,Flashpoint,29002.57,GBP
Andrew,Murphy,amurphyji@globo.com,Portugal,Male,Parreira,Tanoodle,58998.14,EUR
Stephen,Rivera,sriverajj@domainmarket.com,Argentina,Male,San Lorenzo,Voonyx,45819.73,ARS
Keith,Murray,kmurrayjk@wsj.com,South Korea,Male,Ulsan,Jabberbean,30770.52,KRW
Harold,Hamilton,hhamiltonjl@imageshack.us,Poland,Male,Trzebinia,Buzzshare,76643.95,PLN
Craig,Hamilton,chamiltonjm@blinklist.com,Croatia,Male,Sarvaš,Vimbo,61160.14,HRK
Joan,Jenkins,jjenkinsjn@sbwire.com,Philippines,Female,Dimataling,Riffwire,79481.98,PHP
Earl,Robinson,erobinsonjo@aol.com,United States,Male,Oklahoma City,Rhynyx,87171.63,USD
Evelyn,King,ekingjp@desdev.cn,China,Female,Niaohe,Katz,9396.16,CNY
Nicholas,Rivera,nriverajq@usa.gov,China,Male,Danzao,Cogidoo,3788.94,CNY
Carlos,Jackson,cjacksonjr@uiuc.edu,Portugal,Male,Galveias,Trunyx,17512.82,EUR
Sarah,Evans,sevansjs@fema.gov,Panama,Female,Puerto Obaldía,Reallinks,,PAB
Nancy,Bailey,nbaileyjt@archive.org,China,Female,Zitong,Demivee,95820.40,CNY
Robert,Howard,rhowardju@reverbnation.com,Colombia,Male,Manzanares,Gigashots,5269.76,COP
Christopher,Morris,cmorrisjv@wikipedia.org,Philippines,Male,Maluanluan,Kamba,87178.78,PHP
Diane,Elliott,delliottjw@nature.com,China,Female,Bao’an,Devcast,51884.53,CNY
Ralph,Willis,rwillisjx@prweb.com,Costa Rica,Male,Bagaces,Photofeed,17984.94,CRC
Peter,Rogers,progersjy@whitehouse.gov,Russia,Male,Saryg-Sep,Devify,34384.55,RUB
Norma,Fields,nfieldsjz@typepad.com,Indonesia,Female,Litibakul,Twitternation,49744.29,IDR
Marilyn,Gonzales,mgonzalesk0@gravatar.com,United States,Female,Saint Paul,Meejo,,USD
Steven,Chapman,schapmank1@linkedin.com,Argentina,Male,Buena Esperanza,Jaloo,30196.12,ARS
Katherine,Cole,kcolek2@europa.eu,Peru,Female,Paccha,Flashpoint,70920.29,PEN
Louise,Cole,lcolek3@paginegialle.it,Russia,Female,Tomsk,Feedbug,,RUB
Eugene,Gilbert,egilbertk4@dyndns.org,South Korea,Male,Yesan,Kwimbee,68656.23,KRW
James,Austin,jaustink5@japanpost.jp,France,Male,Narbonne,Twiyo,62298.78,EUR
Douglas,Ortiz,dortizk6@baidu.com,Malaysia,Male,Ipoh,Buzzster,60665.71,MYR
Jack,Crawford,jcrawfordk7@answers.com,China,Male,Shuangpu,Zoomcast,34008.90,CNY
Bonnie,Bennett,bbennettk8@ebay.com,Indonesia,Female,Pinggirsari,Shufflester,61753.29,IDR
Paula,Fox,pfoxk9@reddit.com,Japan,Female,Kagoshima-shi,Riffwire,72212.30,JPY
Samuel,Bell,sbellka@thetimes.co.uk,China,Male,Xinwan,Wikizz,87772.53,CNY
Theresa,Ellis,telliskb@admin.ch,New Caledonia,Female,Dumbéa,Eayo,12450.27,XPF
Steven,Freeman,sfreemankc@princeton.edu,Russia,Male,Pechora,Edgepulse,75672.38,RUB
Thomas,Stephens,tstephenskd@ed.gov,Ukraine,Male,Lypova Dolyna,Meejo,14428.04,UAH
Linda,Jacobs,ljacobske@xing.com,Thailand,Female,Nam Khun,Buzzbean,77294.98,THB
Amanda,Jackson,ajacksonkf@wsj.com,Guatemala,Female,Taxisco,Mynte,34975.18,GTQ
Gary,Perkins,gperkinskg@pcworld.com,Sudan,Male,Al Ḩawātah,Skynoodle,97595.38,SDG
Christine,Bennett,cbennettkh@goo.ne.jp,Brazil,Female,Presidente Prudente,Quaxo,25014.47,BRL
Paula,Anderson,pandersonki@nps.gov,China,Female,Qianfoling,JumpXS,82933.26,CNY
Rebecca,Wheeler,rwheelerkj@prweb.com,China,Female,Niba,Avavee,,CNY
Helen,Armstrong,harmstrongkk@flavors.me,Croatia,Female,Rezovac,Zava,,HRK
Chris,Ross,crosskl@house.gov,United States,Male,Kansas City,Avamm,70626.81,USD
Marilyn,Shaw,mshawkm@hhs.gov,Venezuela,Female,Maripa,Meedoo,88886.76,VEF
Lois,James,ljameskn@csmonitor.com,Indonesia,Female,Krajan,Ntags,71521.13,IDR
Patricia,Simmons,psimmonsko@hc360.com,Philippines,Female,Cortez,Meevee,64780.91,PHP
Theresa,Scott,tscottkp@cnbc.com,Peru,Female,El Alto,Dabjam,84822.38,PEN
Kelly,Harvey,kharveykq@tripod.com,Portugal,Female,Queluz,Gigabox,,EUR
Robin,Walker,rwalkerkr@forbes.com,Sweden,Female,Sävedalen,Jayo,49116.60,SEK
Phillip,Burton,pburtonks@usnews.com,China,Male,Jinping,Oyope,33860.29,CNY
Kathleen,Hunt,khuntkt@vistaprint.com,France,Female,Agen,Dynava,20564.17,EUR
Randy,Rodriguez,rrodriguezku@yandex.ru,Peru,Male,Piura,Meedoo,46599.22,PEN
Edward,Holmes,eholmeskv@squidoo.com,Indonesia,Male,Pasirlaja,Kamba,4018.50,IDR
Randy,Coleman,rcolemankw@redcross.org,Suriname,Male,Paramaribo,Jaxbean,97483.70,SRD
Shawn,Hudson,shudsonkx@godaddy.com,Philippines,Male,Tabinay,Quinu,52261.24,PHP
Antonio,Marshall,amarshallky@wordpress.com,Egypt,Male,Samannūd,Dazzlesphere,26627.05,EGP
James,Peterson,jpetersonkz@yahoo.co.jp,Belarus,Male,Mosar,InnoZ,94192.91,BYR
Norma,Cook,ncookl0@yale.edu,Mongolia,Female,Arvayheer,Gabtype,50093.50,MNT
Irene,Patterson,ipattersonl1@yolasite.com,Indonesia,Female,Nggalak,Topicstorm,48779.80,IDR
Gary,Reynolds,greynoldsl2@opera.com,China,Male,Panxi,Voomm,71226.44,CNY
Walter,Price,wpricel3@1688.com,Ireland,Male,Rathangan,Izio,67346.81,EUR
Billy,Alexander,balexanderl4@ow.ly,Indonesia,Male,Jurangjero,Topicshots,6979.79,IDR
Thomas,Dixon,tdixonl5@myspace.com,Azerbaijan,Male,Quba,Minyx,90989.25,AZN
Benjamin,Russell,brusselll6@upenn.edu,Portugal,Male,Montes Velhos,Feedfish,62487.39,EUR
Louise,Gray,lgrayl7@e-recht24.de,Croatia,Female,Otok,Demimbu,11655.98,HRK
Eugene,Porter,eporterl8@google.com.hk,France,Male,Vincennes,Jayo,39010.60,EUR
Andrea,Gonzalez,agonzalezl9@shinystat.com,Philippines,Female,Bilad,Trilith,51515.90,PHP
Kathleen,Alexander,kalexanderla@dropbox.com,Portugal,Female,Ulme,Brainsphere,91607.52,EUR
Evelyn,Alvarez,ealvarezlb@infoseek.co.jp,Sweden,Female,Kalix,Snaptags,46656.08,SEK
Diane,Allen,dallenlc@hostgator.com,Philippines,Female,Dolores,Fivechat,37295.67,PHP
Nicholas,Andrews,nandrewsld@issuu.com,Belarus,Male,Il’ya,Layo,77888.08,BYR
Walter,Jenkins,wjenkinsle@stumbleupon.com,Czech Republic,Male,Chyňava,Jabbersphere,11276.46,CZK
Kathy,Fernandez,kfernandezlf@zdnet.com,Portugal,Female,Maia,Demimbu,19436.52,EUR
Craig,Howard,chowardlg@tumblr.com,Brazil,Male,São Caetano do Sul,Realbridge,30094.12,BRL
Donna,Payne,dpaynelh@prweb.com,United States,Female,Boston,Mita,36201.66,USD
James,Webb,jwebbli@unesco.org,China,Male,Dahao,Dynazzy,,CNY
Bonnie,Richardson,brichardsonlj@infoseek.co.jp,Philippines,Female,Aurora,Fiveclub,4242.95,PHP
Helen,Scott,hscottlk@opera.com,Cameroon,Female,Kribi,Bubblemix,56123.98,XAF
Albert,Henry,ahenryll@blogspot.com,Russia,Male,Syktyvkar,Dynabox,,RUB
Walter,Fields,wfieldslm@jiathis.com,Indonesia,Male,Cerenti,Twitterbeat,30582.05,IDR
Ralph,Rice,rriceln@typepad.com,Sweden,Male,Värnamo,Nlounge,61084.83,SEK
Wanda,Powell,wpowelllo@bloomberg.com,Brazil,Female,Anicuns,Demimbu,92634.73,BRL
Jeffrey,Larson,jlarsonlp@mapquest.com,Chad,Male,Bousso,Flashspan,20110.89,XAF
Tammy,Shaw,tshawlq@java.com,Netherlands,Female,Arnhem,Izio,,EUR
Russell,Harris,rharrislr@ucla.edu,Indonesia,Male,Tolomango,Jaxnation,81856.42,IDR
Sara,Murray,smurrayls@google.ca,Poland,Female,Mstów,Latz,22247.07,PLN
Alan,Mcdonald,amcdonaldlt@tumblr.com,United Kingdom,Male,East End,Zoomzone,66627.66,GBP
Rachel,Gilbert,rgilbertlu@vkontakte.ru,Brazil,Female,Araranguá,Plambee,82970.81,BRL
Ryan,Medina,rmedinalv@microsoft.com,Croatia,Male,Jastrebarsko,Photobug,96723.35,HRK
Martha,Harvey,mharveylw@nature.com,Peru,Female,Sandia,Wikibox,50598.87,PEN
Cheryl,Gray,cgraylx@squarespace.com,Albania,Female,Patos Fshat,Wikido,99071.59,ALL
Edward,Barnes,ebarnesly@edublogs.org,Croatia,Male,Pag,Cogidoo,20211.99,HRK
Brandon,Lane,blanelz@lulu.com,China,Male,Wu’erqihan,Devpulse,76389.39,CNY
Anne,Simpson,asimpsonm0@webmd.com,China,Female,Huangmei,Flipstorm,29808.05,CNY
Bonnie,Larson,blarsonm1@disqus.com,Philippines,Female,Urbiztondo,Zoonoodle,,PHP
Frances,Hughes,fhughesm2@angelfire.com,Belarus,Female,Ruzhany,Katz,,BYR
Frances,Henry,fhenrym3@berkeley.edu,Poland,Female,Uherce Mineralne,Thoughtstorm,43280.31,PLN
Heather,Harper,hharperm4@angelfire.com,Portugal,Female,Arcena,Rhynoodle,2306.60,EUR
Lillian,Cunningham,lcunninghamm5@ocn.ne.jp,Peru,Female,Nepeña,Ooba,10816.46,PEN
Tammy,Johnston,tjohnstonm6@psu.edu,Indonesia,Female,Cidadap,Skiba,,IDR
Antonio,Gutierrez,agutierrezm7@aboutads.info,Peru,Male,San Jerónimo,Oyondu,6253.73,PEN
Rachel,Burton,rburtonm8@tinyurl.com,Honduras,Female,Puerto Castilla,Gigazoom,47714.88,HNL
Lisa,Reyes,lreyesm9@hud.gov,Iran,Female,Eyvān,Dabjam,90660.98,IRR
Cynthia,Butler,cbutlerma@geocities.com,Luxembourg,Female,Niederanven,Meejo,44569.49,EUR
John,Meyer,jmeyermb@europa.eu,China,Male,Zhuyu,Viva,14077.37,CNY
James,Duncan,jduncanmc@livejournal.com,Sri Lanka,Male,Colombo,Dynazzy,9744.61,LKR
Frank,Brooks,fbrooksmd@google.co.jp,Lithuania,Male,Seda,Gabspot,33462.28,LTL
Earl,Hayes,ehayesme@xrea.com,Philippines,Male,Alcala,Topicblab,,PHP
Frank,Williamson,fwilliamsonmf@furl.net,Indonesia,Male,Senduro,Oyoba,95603.20,IDR
Evelyn,Kim,ekimmg@geocities.com,France,Female,Évreux,Cogibox,97975.78,EUR
Mary,Ward,mwardmh@about.com,China,Female,Juancheng,Talane,27495.85,CNY
Bobby,Ferguson,bfergusonmi@prweb.com,Poland,Male,Krasnystaw,Yodo,16637.61,PLN
Benjamin,Watson,bwatsonmj@cpanel.net,Jamaica,Male,Stony Hill,Wordtune,58641.91,JMD
Adam,Bell,abellmk@samsung.com,Nigeria,Male,Zaki Biam,Feednation,,NGN
Mildred,Mason,mmasonml@tinypic.com,United States,Female,Savannah,Oyoyo,36827.44,USD
Barbara,Howard,bhowardmm@constantcontact.com,Mexico,Female,San Miguel,Bubbletube,63442.41,MXN
Gloria,Davis,gdavismn@unesco.org,China,Female,Wanzu,Gigaclub,61573.66,CNY
Rebecca,Lewis,rlewismo@webeden.co.uk,China,Female,Jianling,Wikido,98838.56,CNY
Nicole,Perez,nperezmp@mapy.cz,France,Female,Beaune,Zoomzone,63244.73,EUR
Ruby,Smith,rsmithmq@ebay.com,Colombia,Female,La Unión,Youtags,68995.16,COP
Rachel,Fowler,rfowlermr@360.cn,Ukraine,Female,Khorostkiv,Tambee,76626.47,UAH
Dennis,Cook,dcookms@earthlink.net,China,Male,Hancheng,Riffwire,67672.73,CNY
Harold,Chapman,hchapmanmt@sourceforge.net,Philippines,Male,Tinampo,Gigaclub,1808.83,PHP
Debra,Bowman,dbowmanmu@uiuc.edu,France,Female,Libourne,Kwideo,82920.22,EUR
Benjamin,Hicks,bhicksmv@pinterest.com,Russia,Male,Zherdevka,Realmix,71093.96,RUB
Terry,Gardner,tgardnermw@csmonitor.com,Indonesia,Male,Nenotes,Feedfish,55187.84,IDR
Willie,Rogers,wrogersmx@over-blog.com,Sweden,Male,Ljusdal,Centidel,36810.33,SEK
Barbara,Mcdonald,bmcdonaldmy@digg.com,China,Female,Hejia,Linkbridge,24279.44,CNY
Daniel,Mccoy,dmccoymz@cisco.com,Lebanon,Male,Baalbek,Skippad,10610.48,LBP
Shawn,Owens,sowensn0@acquirethisname.com,Portugal,Male,Parreira,Viva,30008.69,EUR
Daniel,Murphy,dmurphyn1@zdnet.com,Peru,Male,Végueta,Rooxo,15091.79,PEN
Wayne,Wood,wwoodn2@netscape.com,Nigeria,Male,Dadiya,Edgetag,,NGN
Diana,Greene,dgreenen3@creativecommons.org,Sweden,Female,Arvika,Trunyx,38836.74,SEK
Christopher,Grant,cgrantn4@qq.com,Peru,Male,Llusco,Rhynyx,92025.38,PEN
Donna,Robinson,drobinsonn5@wix.com,Jordan,Female,Mādabā,Camido,88836.85,JOD
Howard,Turner,hturnern6@com.com,Morocco,Male,Telouet,Shufflebeat,86724.87,MAD
Ralph,Price,rpricen7@home.pl,Indonesia,Male,Krajan,Zoonder,99893.64,IDR
Brian,Ramirez,bramirezn8@discuz.net,South Africa,Male,Pampierstad,Topicstorm,68618.70,ZAR
Dennis,Fuller,dfullern9@smugmug.com,Morocco,Male,El Aïoun,Kazu,45511.39,MAD
George,Romero,gromerona@earthlink.net,New Zealand,Male,Waitara,Latz,59439.07,NZD
Ruth,Little,rlittlenb@barnesandnoble.com,Norway,Female,Skien,Riffpedia,76260.70,NOK
Willie,Cole,wcolenc@google.ca,Burkina Faso,Male,Koudougou,Kayveo,18739.81,XOF
Kenneth,Bell,kbellnd@amazon.com,Indonesia,Male,Nis’oni,Oloo,,IDR
Billy,Jacobs,bjacobsne@dropbox.com,Mauritius,Male,Roche Terre,Youbridge,56415.72,MUR
Fred,Gonzales,fgonzalesnf@yellowbook.com,Russia,Male,Kirovskaya,Thoughtworks,11242.91,RUB
Clarence,Knight,cknightng@bbc.co.uk,Japan,Male,Morioka-shi,Mybuzz,62339.66,JPY
Marie,Bradley,mbradleynh@flavors.me,Moldova,Female,Mîndreşti,Voomm,22070.36,MDL
Raymond,Bell,rbellni@wikimedia.org,Poland,Male,Trzcinica,Kare,35547.89,PLN
Howard,Graham,hgrahamnj@sciencedaily.com,Brazil,Male,Juazeiro do Norte,Dynava,61365.85,BRL
Cynthia,Harvey,charveynk@behance.net,Poland,Female,Miechów Charsznica,Linkbridge,31087.25,PLN
Ashley,Smith,asmithnl@woothemes.com,Indonesia,Female,Jagong,Skiba,83921.40,IDR
Richard,Daniels,rdanielsnm@wisc.edu,France,Male,Tournon-sur-Rhône,Plambee,7706.27,EUR
Tammy,Harrison,tharrisonnn@wp.com,Russia,Female,Vichuga,Skiba,82404.93,RUB
Sara,Brown,sbrownno@statcounter.com,Vietnam,Female,Thị Trấn Yên Phú,Wikido,45470.36,VND
Carol,Foster,cfosternp@foxnews.com,Colombia,Female,Bello,Twitterlist,16321.99,COP
Ernest,Hill,ehillnq@bravesites.com,Croatia,Male,Vođinci,Innojam,,HRK
Edward,Bryant,ebryantnr@tripadvisor.com,Sweden,Male,Borlänge,Youtags,56064.61,SEK
Paula,Harrison,pharrisonns@simplemachines.org,Greece,Female,Palaiochóri,Skyble,37329.08,EUR
Bonnie,Lopez,blopeznt@washington.edu,China,Female,Sangzhen,Skiptube,13638.47,CNY
Patrick,Woods,pwoodsnu@google.co.uk,China,Male,Guansheng,Pixonyx,78957.51,CNY
Kevin,Chapman,kchapmannv@tamu.edu,Brazil,Male,São Francisco do Sul,Katz,65284.51,BRL
Robert,Robinson,rrobinsonnw@hubpages.com,China,Male,Lipu,Buzzster,,CNY
Jane,Hansen,jhansennx@imageshack.us,Brazil,Female,São José dos Campos,Mynte,25714.53,BRL
Christopher,Williamson,cwilliamsonny@dot.gov,Thailand,Male,Mueang Phuket,Gabtune,69371.49,THB
Lori,Washington,lwashingtonnz@hubpages.com,Indonesia,Female,Ponjen,Realbridge,62310.50,IDR
Jennifer,Porter,jportero0@clickbank.net,Malaysia,Female,Kota Bharu,Trilith,95657.91,MYR
Bobby,Parker,bparkero1@so-net.ne.jp,Brazil,Male,Iguatu,Tagtune,50675.55,BRL
Larry,Jenkins,ljenkinso2@earthlink.net,Czech Republic,Male,Zlechov,Trilia,2490.56,CZK
Joshua,Johnson,jjohnsono3@deliciousdays.com,Indonesia,Male,Rendeng,Fliptune,70058.17,IDR
Peter,Alvarez,palvarezo4@patch.com,Russia,Male,Talovyy,Tambee,75825.99,RUB
Randy,Morrison,rmorrisono5@bluehost.com,Finland,Male,Tampere,Teklist,20450.91,EUR
Christopher,Nelson,cnelsono6@boston.com,Indonesia,Male,Hila,Tavu,,IDR
Bobby,Lopez,blopezo7@psu.edu,Thailand,Male,Suan Luang,Skilith,,THB
Lori,Smith,lsmitho8@engadget.com,Mexico,Female,Santa Rosa,Voomm,75579.64,MXN
Jeremy,Henderson,jhendersono9@mlb.com,Greece,Male,Kostakioí,Miboo,82909.89,EUR
Doris,White,dwhiteoa@bigcartel.com,China,Female,Heyan,Jaxbean,72660.76,CNY
Shirley,Willis,swillisob@hhs.gov,Cape Verde,Female,Vila do Maio,Izio,11199.47,CVE
Nancy,Wagner,nwagneroc@goodreads.com,Morocco,Female,Oulad Frej,Thoughtblab,93371.02,MAD
Kathy,Hughes,khughesod@posterous.com,Philippines,Female,Lapaz,Tagfeed,29209.59,PHP
Anne,Elliott,aelliottoe@google.co.jp,Nicaragua,Female,Comalapa,Gigashots,9440.24,NIO
Bobby,Armstrong,barmstrongof@va.gov,Croatia,Male,Petrijevci,Tagchat,35986.21,HRK
Ruby,Bryant,rbryantog@sogou.com,Portugal,Female,Cascais,Fivechat,2958.04,EUR
Frank,Warren,fwarrenoh@free.fr,China,Male,Xinxian,Aimbu,92436.24,CNY
Irene,Rodriguez,irodriguezoi@theatlantic.com,Poland,Female,Bodzentyn,Devpulse,52422.86,PLN
Ernest,Meyer,emeyeroj@fastcompany.com,Russia,Male,Dmitrov,Browsedrive,,RUB
Amanda,Perry,aperryok@theguardian.com,Indonesia,Female,Gurung,Flipopia,31720.02,IDR
Denise,Rice,driceol@naver.com,United States,Female,Rochester,Kazu,67132.77,USD
Doris,Brooks,dbrooksom@barnesandnoble.com,France,Female,Mantes-la-Jolie,Gabcube,43816.85,EUR
Raymond,Perkins,rperkinson@sphinn.com,Philippines,Male,Bualan,Trilith,,PHP
Christopher,Reyes,creyesoo@umn.edu,Palestinian Territory,Male,Dayr al Ghuşūn,Gabspot,41165.48,ILS
Ryan,Jordan,rjordanop@goo.gl,China,Male,Huanglin,Einti,37402.66,CNY
Barbara,Reed,breedoq@last.fm,Dominican Republic,Female,Salcedo,Zoomcast,907.91,DOP
Lisa,Hughes,lhughesor@utexas.edu,China,Female,Yunshan,Yodo,83341.13,CNY
Robin,Moore,rmooreos@uol.com.br,Mongolia,Female,Maanĭt,Jaxworks,57991.53,MNT
Rebecca,Franklin,rfranklinot@mapy.cz,China,Female,Zhujiang,Aimbo,11223.98,CNY
Donna,Simpson,dsimpsonou@timesonline.co.uk,Russia,Female,Volgodonsk,Realbridge,23281.27,RUB
Shawn,Evans,sevansov@theatlantic.com,Pakistan,Male,Nārang,Wordpedia,50098.05,PKR
Sharon,Bishop,sbishopow@ocn.ne.jp,United States,Female,Los Angeles,Minyx,86980.51,USD
Donald,Hamilton,dhamiltonox@sogou.com,Kazakhstan,Male,Akkol’,Bubbletube,22511.59,KZT
Craig,Vasquez,cvasquezoy@deliciousdays.com,Poland,Male,Rydzyna,Agimba,74217.08,PLN
Cynthia,Young,cyoungoz@gravatar.com,Indonesia,Female,Kawaliwu,Blogpad,38629.34,IDR
Heather,Gomez,hgomezp0@geocities.jp,France,Female,Fosses,Riffpedia,,EUR
Johnny,Little,jlittlep1@google.co.uk,Philippines,Male,Guihing Proper,Skipfire,76351.72,PHP
Brenda,Reid,breidp2@google.com,Portugal,Female,Custóias,Feedmix,24137.17,EUR
Ruth,Hicks,rhicksp3@bing.com,Indonesia,Female,Sembon,LiveZ,17398.60,IDR
Larry,Carter,lcarterp4@about.me,Vietnam,Male,Quế Sơn,Aivee,55627.41,VND
Jessica,Chapman,jchapmanp5@baidu.com,China,Female,Fenshui,Oyondu,44805.54,CNY
Ernest,Gilbert,egilbertp6@creativecommons.org,Armenia,Male,Aygek,Feedspan,33984.73,AMD
Ralph,Jackson,rjacksonp7@reddit.com,Portugal,Male,Alcainça,Skipstorm,88414.81,EUR
Scott,Bowman,sbowmanp8@ezinearticles.com,China,Male,Longfengshan,Oyonder,,CNY
Nicholas,Wheeler,nwheelerp9@guardian.co.uk,Canada,Male,Thompson,Flipbug,77532.41,CAD
Timothy,Ramos,tramospa@google.co.uk,Indonesia,Male,Bamban,Skynoodle,47330.09,IDR
Beverly,Palmer,bpalmerpb@phpbb.com,Honduras,Female,Silca,Topiclounge,46117.07,HNL
Earl,Cook,ecookpc@360.cn,Czech Republic,Male,Velká nad Veličkou,Twitterlist,4839.47,CZK
Dorothy,Dixon,ddixonpd@reddit.com,Czech Republic,Female,Tvarožná,Jabbertype,99985.68,CZK
Donald,Howard,dhowardpe@joomla.org,Russia,Male,Kudinovo,Camimbo,,RUB
Diana,Hawkins,dhawkinspf@ezinearticles.com,China,Female,Zhangjiafang,Yombu,,CNY
Cheryl,Powell,cpowellpg@nyu.edu,Portugal,Female,Quebradas,Vinder,,EUR
George,Washington,gwashingtonph@xing.com,Philippines,Male,Siocon,Gabvine,26252.77,PHP
Antonio,Elliott,aelliottpi@loc.gov,China,Male,Danyang,Tazzy,85819.40,CNY
Anthony,Hansen,ahansenpj@theglobeandmail.com,France,Male,Mulhouse,Demivee,69566.30,EUR
Brian,Long,blongpk@imgur.com,China,Male,Huochezhan,Fliptune,9564.33,CNY
Anna,Carpenter,acarpenterpl@hibu.com,Honduras,Female,El Rancho,Wordify,36725.80,HNL
Michelle,Dixon,mdixonpm@dailymotion.com,France,Female,Saint-Étienne,Voomm,43719.62,EUR
Joshua,Perez,jperezpn@mediafire.com,Botswana,Male,Maun,Aimbu,57364.34,BWP
Shawn,Thompson,sthompsonpo@disqus.com,France,Male,Toulouse,Tagpad,12349.34,EUR
Aaron,Nelson,anelsonpp@msu.edu,Estonia,Male,Tallinn,Trunyx,87060.80,EUR
Julia,Ward,jwardpq@woothemes.com,China,Female,Daba,Skippad,66587.96,CNY
Mildred,Simpson,msimpsonpr@vk.com,Serbia,Female,Boljevci,Zoonder,66515.82,RSD
Carol,Williams,cwilliamsps@multiply.com,United States,Female,Dallas,Shuffledrive,38309.70,USD
Debra,Barnes,dbarnespt@census.gov,Morocco,Female,Timoulilt,Thoughtworks,96772.47,MAD
Jeffrey,Henry,jhenrypu@netlog.com,China,Male,Jianfeng,Feednation,86376.27,CNY
Maria,Wood,mwoodpv@si.edu,Russia,Female,Bogorodsk,Oyoloo,33925.83,RUB
Clarence,Stanley,cstanleypw@symantec.com,China,Male,Longshe,Lazzy,46320.80,CNY
Chris,Hanson,chansonpx@stumbleupon.com,Russia,Male,Magnitogorsk,Bluezoom,78884.86,RUB
Paula,Griffin,pgriffinpy@vk.com,Yemen,Female,Markaz Mudhaykirah,Wordtune,49088.69,YER
Dennis,Stephens,dstephenspz@si.edu,Bolivia,Male,Colomi,Chatterpoint,45131.44,BOB
Susan,Coleman,scolemanq0@upenn.edu,Thailand,Female,Plaeng Yao,Tagfeed,75655.31,THB
Amy,Gray,agrayq1@shareasale.com,Kosovo,Female,Obiliq,Geba,9705.16,EUR
Kenneth,Armstrong,karmstrongq2@tinyurl.com,Brazil,Male,Itaberaba,Gabtype,65191.32,BRL
Henry,Lynch,hlynchq3@vinaora.com,Swaziland,Male,Mhlambanyatsi,Zoovu,34506.63,SZL
Judith,Campbell,jcampbellq4@sun.com,France,Female,Nîmes,Flashset,82847.64,EUR
Bonnie,Howard,bhowardq5@wufoo.com,China,Female,Zongluzui,Feedmix,37399.32,CNY
Donald,Morrison,dmorrisonq6@npr.org,Cameroon,Male,Eséka,Livetube,,XAF
Louis,Stewart,lstewartq7@gnu.org,Brazil,Male,Ibiúna,Photofeed,23508.87,BRL
John,Reed,jreedq8@zimbio.com,Ukraine,Male,Marshintsy,Twimbo,,UAH
Ryan,Johnson,rjohnsonq9@intel.com,Japan,Male,Ebetsu,Kamba,,JPY
Margaret,Miller,mmillerqa@domainmarket.com,Indonesia,Female,Cipari Satu,Devshare,96329.28,IDR
Carl,Davis,cdavisqb@baidu.com,Portugal,Male,Roliça,Skynoodle,31544.84,EUR
Patrick,Lawrence,plawrenceqc@infoseek.co.jp,Brazil,Male,Itapemirim,Buzzshare,,BRL
Louise,Welch,lwelchqd@deliciousdays.com,Canada,Female,Fredericton,Voolith,13220.22,CAD
Samuel,Gray,sgrayqe@sciencedaily.com,Russia,Male,Kalnibolotskaya,Meetz,34671.68,RUB
Sharon,Gardner,sgardnerqf@etsy.com,China,Female,Wuyang,Flashspan,13294.25,CNY
Roger,Mcdonald,rmcdonaldqg@blogger.com,China,Male,Zhongluotan,Oyondu,80390.75,CNY
Henry,Knight,hknightqh@auda.org.au,Ukraine,Male,Khrystynivka,Jaxspan,95946.87,UAH
Samuel,Mills,smillsqi@comsenz.com,Ireland,Male,Dungarvan,Abatz,96820.00,EUR
Mark,Cooper,mcooperqj@dailymail.co.uk,Iceland,Male,Laugar,Cogidoo,11222.24,ISK
Robert,Lopez,rlopezqk@gmpg.org,Japan,Male,Tateyama,Zoomcast,37409.89,JPY
Nicole,Sullivan,nsullivanql@epa.gov,Bangladesh,Female,Pirojpur,Janyx,4074.90,BDT
Jeremy,Powell,jpowellqm@harvard.edu,Russia,Male,Kuvshinovo,Devpoint,88671.45,RUB
Carl,Ward,cwardqn@cam.ac.uk,Bangladesh,Male,Nowlamary,Linktype,9567.66,BDT
Janet,Hansen,jhansenqo@home.pl,Pakistan,Female,Akora,Skinte,19533.86,PKR
Katherine,Rice,kriceqp@barnesandnoble.com,China,Female,Linjiang,Edgeclub,26514.42,CNY
Robert,Adams,radamsqq@mozilla.org,Germany,Male,Hamburg,Talane,34762.69,EUR
Phyllis,Gonzalez,pgonzalezqr@sakura.ne.jp,China,Female,Haiyangsuo,Edgepulse,75701.79,CNY
Kenneth,Duncan,kduncanqs@storify.com,Azerbaijan,Male,Hacıqabul,Miboo,22466.16,AZN
Patricia,Thomas,pthomasqt@dagondesign.com,Nigeria,Female,Owode,Gabtype,50886.85,NGN
Rebecca,Hansen,rhansenqu@flavors.me,Kosovo,Female,Pagaruša,Edgetag,8094.96,EUR
Kimberly,Rice,kriceqv@whitehouse.gov,Brazil,Female,São José dos Campos,Photospace,58506.08,BRL
Carlos,Simmons,csimmonsqw@vk.com,Slovenia,Male,Tabor,Demimbu,54877.08,EUR
Jennifer,Taylor,jtaylorqx@columbia.edu,China,Female,Wanjiazhuang,Demizz,69892.65,CNY
Shawn,Washington,swashingtonqy@japanpost.jp,Indonesia,Male,Berbek,Topicstorm,79450.62,IDR
Patrick,Griffin,pgriffinqz@merriam-webster.com,Canada,Male,Daveluyville,Twitterlist,73552.72,CAD
Louise,Hill,lhillr0@jigsy.com,Peru,Female,Huamachuco,Roombo,55752.21,PEN
Mary,Watkins,mwatkinsr1@biblegateway.com,Canada,Female,La Broquerie,Wordware,89439.95,CAD
Barbara,Bryant,bbryantr2@jiathis.com,Sweden,Female,Kungsbacka,Innotype,,SEK
Susan,Wallace,swallacer3@yale.edu,Greece,Female,Kárystos,Quinu,,EUR
Christopher,Hart,chartr4@gizmodo.com,Azerbaijan,Male,Ujar,Yambee,40542.21,AZN
Joshua,Payne,jpayner5@discuz.net,Syria,Male,Jindayris,Wikizz,77737.37,SYP
Albert,Hill,ahillr6@huffingtonpost.com,France,Male,Albi,Jayo,35406.05,EUR
Fred,Banks,fbanksr7@yandex.ru,Russia,Male,Novopokrovka,Feedfish,69806.01,RUB
Nicole,Black,nblackr8@earthlink.net,Zambia,Female,Sesheke,Roomm,83279.04,ZMW
Janet,Day,jdayr9@t.co,Russia,Female,Novoshakhtinsk,Npath,71485.56,RUB
Steven,Larson,slarsonra@t.co,Philippines,Male,Malasila,Babbleset,63297.12,PHP
Christina,Fernandez,cfernandezrb@accuweather.com,Philippines,Female,Cabanbanan,Brainbox,63234.10,PHP
Melissa,Edwards,medwardsrc@techcrunch.com,Indonesia,Female,Kediren,Voolia,65093.55,IDR
Cheryl,Hunter,chunterrd@123-reg.co.uk,Philippines,Female,Paitan,Browsetype,95396.32,PHP
Kenneth,Jordan,kjordanre@mit.edu,Portugal,Male,Aguiar da Beira,Tambee,15867.25,EUR
Albert,Jackson,ajacksonrf@behance.net,Portugal,Male,Portalegre,Voolia,12317.59,EUR
Christina,Jones,cjonesrg@ocn.ne.jp,Argentina,Female,Cerro Corá,Tavu,64042.28,ARS
Ruth,Foster,rfosterrh@mozilla.com,China,Female,Jiangwang,Trunyx,86674.16,CNY
Eugene,Ellis,eellisri@deliciousdays.com,Honduras,Male,Veracruz,Babbleset,29303.19,HNL
Frances,Wallace,fwallacerj@hexun.com,Brazil,Female,Abaetetuba,Blognation,47370.01,BRL
David,Hall,dhallrk@squarespace.com,Indonesia,Male,Langsepan,Ntags,55940.30,IDR
Fred,Price,fpricerl@elpais.com,Iran,Male,Noşratābād,Izio,53970.07,IRR
Janet,Perkins,jperkinsrm@ow.ly,Ukraine,Female,Soledar,Voonder,14810.68,UAH
Eric,Palmer,epalmerrn@time.com,Syria,Male,Az Zabadānī,Minyx,70409.01,SYP
Christopher,Roberts,crobertsro@wordpress.com,Brazil,Male,Paulista,Jaxnation,37238.65,BRL
Sharon,Henry,shenryrp@qq.com,Philippines,Female,Sabang,Skyble,60357.09,PHP
Gary,Sanchez,gsanchezrq@sogou.com,China,Male,Pingshan,Jaxnation,21886.56,CNY
Wanda,Franklin,wfranklinrr@tinypic.com,Russia,Female,Kulotino,Rhyzio,17071.17,RUB
