Cynthia,Marshall,cmarshall0@independent.co.uk,Portugal,Female,Fonte,Flipbug,77774.16,EUR
Frances,Collins,fcollins1@samsung.com,Nigeria,Female,Dutsin Ma,Ozu,62678.08,NGN
Benjamin,Franklin,bfranklin2@cdc.gov,Luxembourg,Male,Bissen,Realbuzz,90141.23,EUR
Frank,Simpson,fsimpson3@google.com,China,Male,Liuxia,Wordpedia,72219.13,CNY
Nicole,Grant,ngrant4@usgs.gov,Poland,Female,Wodzisław Śląski,Livefish,82603.09,PLN
Alice,West,awest5@rakuten.co.jp,Thailand,Female,Wang Saphung,Meevee,82626.77,THB
Angela,Grant,agrant6@hc360.com,Russia,Female,Pervomayskaya,Midel,,RUB
Rachel,Rogers,rrogers7@youku.com,China,Female,Tuguan,Realcube,76379.09,CNY
Victor,Murray,vmurray8@mediafire.com,Australia,Male,Sydney,Twitterworks,41378.10,AUD
Lisa,Fisher,lfisher9@biblegateway.com,Philippines,Female,Guadalupe,Thoughtblab,,PHP
Clarence,Green,cgreena@bluehost.com,Indonesia,Male,Bambanglipuro,Gabcube,,IDR
Sarah,Watkins,swatkinsb@illinois.edu,Portugal,Female,Recarei,Realfire,1567.44,EUR
Jose,Graham,jgrahamc@hp.com,China,Male,Nanmu,Realcube,44840.83,CNY
Norma,Chapman,nchapmand@php.net,Botswana,Female,Lobatse,Innojam,27160.19,BWP
Frances,Ferguson,ffergusone@furl.net,China,Female,Tongtuan,Feedspan,75615.05,CNY
Timothy,Webb,twebbf@huffingtonpost.com,China,Male,Hekou,Jaloo,84134.10,CNY
Laura,Gibson,lgibsong@gmpg.org,China,Female,Maji,Wikizz,77129.99,CNY
Ruby,Perez,rperezh@canalblog.com,Poland,Female,Morawica,Tagchat,,PLN
Steven,Edwards,sedwardsi@bbb.org,France,Male,Saint-Laurent-du-Var,Meedoo,95153.11,EUR
Ruby,Dixon,rdixonj@craigslist.org,China,Female,Renliu,Devshare,11192.34,CNY
Catherine,Stevens,cstevensk@dailymotion.com,Albania,Female,Proptisht,Ntags,80383.53,ALL
Betty,Howard,bhowardl@xrea.com,Indonesia,Female,Rejasa Kaja,Zoomzone,89055.70,IDR
Chris,Myers,cmyersm@hostgator.com,Sweden,Male,Tierp,Thoughtblab,98858.66,SEK
Lillian,Daniels,ldanielsn@eventbrite.com,Australia,Female,Eastern Suburbs Mc,JumpXS,24754.58,AUD
Jessica,Martinez,jmartinezo@biglobe.ne.jp,Chile,Female,Valdivia,Riffpath,20754.56,CLP
Julie,Evans,jevansp@booking.com,Ghana,Female,Akim Swedru,Babblestorm,57582.25,GHS
Ernest,Stephens,estephensq@va.gov,Democratic Republic of the Congo,Male,Beni,Bubblebox,,CDF
Linda,Simmons,lsimmonsr@geocities.jp,France,Female,Montpellier,Youspan,26758.46,EUR
Steven,Reynolds,sreynoldss@google.de,Russia,Male,Otradnoye,Skilith,29236.74,RUB
Pamela,Spencer,pspencert@discovery.com,Russia,Female,Repnoye,Skiptube,7510.09,RUB
Ralph,Sanchez,rsanchezu@prweb.com,China,Male,A’ershan,Yacero,8964.87,CNY
Antonio,Clark,aclarkv@goo.gl,Peru,Male,Naranjos,Chatterbridge,85296.92,PEN
Martin,Hall,mhallw@naver.com,China,Male,Shuikou,Cogibox,88061.62,CNY
Roger,Fuller,rfullerx@goodreads.com,Ecuador,Male,Vinces,Topicblab,92324.45,USD
Jeremy,Payne,jpayney@businesswire.com,Paraguay,Male,Atyrá,Jayo,,PYG
Joseph,Woods,jwoodsz@dell.com,Indonesia,Male,Kabare,Skynoodle,,IDR
John,Weaver,jweaver10@techcrunch.com,China,Male,Hetang,Quinu,10096.07,CNY
Tammy,Montgomery,tmontgomery11@w3.org,China,Female,Longhua,Meemm,54608.34,CNY
Sharon,Wallace,swallace12@amazon.co.jp,Indonesia,Female,Sarkanjut,Avamm,38528.99,IDR
Anna,Garrett,agarrett13@disqus.com,Colombia,Female,Inírida,Jatri,31761.29,COP
Sandra,Anderson,sanderson14@lulu.com,Spain,Female,Granada,Yoveo,11701.95,EUR
Rebecca,Stewart,rstewart15@salon.com,Japan,Female,Suzaka,Vidoo,51851.48,JPY
Diana,Crawford,dcrawford16@home.pl,Indonesia,Female,Panggungasri,Vimbo,6128.71,IDR
Steven,Fox,sfox17@acquirethisname.com,Portugal,Male,Linhares,Oyondu,92292.92,EUR
Doris,Hill,dhill18@businessweek.com,Bahamas,Female,Nassau,Trunyx,11903.63,BSD
Joseph,Wood,jwood19@oakley.com,Chile,Male,Tomé,Photobug,66667.88,CLP
Teresa,Reyes,treyes1a@scribd.com,Poland,Female,Wierzchowo,Jabbersphere,86018.22,PLN
Beverly,Dean,bdean1b@fda.gov,China,Female,Linglong,BlogXS,53314.73,CNY
Andrea,Stephens,astephens1c@blogspot.com,Russia,Female,Donskoye,Trupe,17545.21,RUB
Willie,Scott,wscott1d@yahoo.co.jp,Spain,Male,"Hospitalet De Llobregat, L'",Gabtune,58851.42,EUR
Angela,Garza,agarza1e@mediafire.com,Indonesia,Female,Anoek,Jaxworks,35000.80,IDR
Patricia,Myers,pmyers1f@exblog.jp,Indonesia,Female,Gempol,Pixonyx,12881.55,IDR
Catherine,Fuller,cfuller1g@ihg.com,China,Female,Puyuan,Jabbertype,11139.06,CNY
Martha,Williams,mwilliams1h@acquirethisname.com,Russia,Female,Ossora,Skidoo,,RUB
Nicole,Weaver,nweaver1i@dion.ne.jp,China,Female,Qingliu,Gigazoom,72278.12,CNY
Kimberly,Garrett,kgarrett1j@rambler.ru,China,Female,Dangchang Chengguanzhen,Kazu,57146.28,CNY
Michelle,Morgan,mmorgan1k@cargocollective.com,Saint Kitts and Nevis,Female,Basseterre,Rhyzio,11328.80,XCD
Donna,Morgan,dmorgan1l@themeforest.net,Comoros,Female,Patsi,Buzzbean,6423.55,KMF
Tina,Holmes,tholmes1m@businessweek.com,Sweden,Female,Solna,Devbug,,SEK
Ann,Wells,awells1n@webeden.co.uk,Norway,Female,Bergen,Realpoint,50715.15,NOK
Deborah,Berry,dberry1o@shop-pro.jp,China,Female,Guojiazhuang,Divape,19552.38,CNY
David,Price,dprice1p@unblog.fr,Poland,Male,Błonie,Wikivu,39883.80,PLN
Diane,Palmer,dpalmer1q@army.mil,Indonesia,Female,Sindangsari,Skipfire,72528.67,IDR
Jean,Hicks,jhicks1r@themeforest.net,China,Female,Hudong,Eabox,5299.69,CNY
Phillip,Ross,pross1s@oaic.gov.au,Philippines,Male,Payao,Camido,48777.33,PHP
Jacqueline,Robinson,jrobinson1t@storify.com,Nicaragua,Female,San Jorge,Yata,,NIO
Benjamin,Vasquez,bvasquez1u@google.fr,China,Male,Dasheng,Babblestorm,71570.09,CNY
Rachel,Washington,rwashington1v@goo.gl,Kyrgyzstan,Female,Cholpon-Ata,Skinix,37107.63,KGS
Gloria,Carroll,gcarroll1w@miitbeian.gov.cn,Indonesia,Female,Pagedangan,Vinder,1432.54,IDR
Roger,Richardson,rrichardson1x@list-manage.com,Poland,Male,Leśna Podlaska,Quatz,4180.67,PLN
Ernest,Thompson,ethompson1y@msu.edu,Paraguay,Male,Itauguá,Devbug,71008.87,PYG
Howard,Stephens,hstephens1z@istockphoto.com,Indonesia,Male,Majan,Shuffletag,15540.24,IDR
Jessica,Campbell,jcampbell20@eepurl.com,Costa Rica,Female,Liberia,Tazzy,52695.32,CRC
Evelyn,Burke,eburke21@indiatimes.com,New Zealand,Female,Kingston,Photolist,20017.58,NZD
Clarence,Harper,charper22@multiply.com,Ukraine,Male,Dobryanka,Avamba,,UAH
Nicholas,Reed,nreed23@networkadvertising.org,China,Male,Hongling,Jaxbean,4169.67,CNY
Martin,Mcdonald,mmcdonald24@bloomberg.com,China,Male,Pingshan,Gabvine,74827.63,CNY
Harry,Baker,hbaker25@zimbio.com,China,Male,Yangxu,Twiyo,57323.02,CNY
Thomas,Harvey,tharvey26@wikia.com,South Korea,Male,T’aebaek,Trilia,8190.71,KRW
Larry,Sanders,lsanders27@fotki.com,China,Male,Huping,Voonder,85742.66,CNY
Jennifer,Hansen,jhansen28@flavors.me,Sweden,Female,Vaggeryd,Digitube,7042.96,SEK
Frances,Dixon,fdixon29@fda.gov,China,Female,Shanxiahu,Youspan,97932.24,CNY
Doris,Stevens,dstevens2a@sakura.ne.jp,Gambia,Female,Daru Rilwan,Thoughtsphere,68230.86,GMD
Nicole,Lewis,nlewis2b@weebly.com,China,Female,Dongchong,Babblestorm,62615.83,CNY
Doris,Reyes,dreyes2c@loc.gov,China,Female,Shicong,Kazio,29365.86,CNY
Chris,Hamilton,chamilton2d@mapy.cz,China,Male,Liutang,Vinder,77089.30,CNY
Brandon,Burke,bburke2e@prweb.com,Nigeria,Male,Jikamshi,Vipe,16557.61,NGN
Todd,Ellis,tellis2f@ezinearticles.com,Kosovo,Male,Gllogjan,Zazio,69105.95,EUR
Harry,Kim,hkim2g@un.org,Indonesia,Male,Blendis,Skippad,37404.12,IDR
Eugene,Rice,erice2h@elegantthemes.com,China,Male,Lijia,Brainbox,79099.30,CNY
Arthur,Butler,abutler2i@networkadvertising.org,China,Male,Tayang,Jayo,61829.84,CNY
Jerry,Anderson,janderson2j@yandex.ru,Russia,Male,Kedrovyy,Eimbee,98628.48,RUB
Michael,Foster,mfoster2k@reference.com,Brazil,Male,Votuporanga,Cogilith,29994.21,BRL
Catherine,Long,clong2l@ehow.com,Poland,Female,Smołdzino,Thoughtsphere,71804.70,PLN
Nancy,Howard,nhoward2m@de.vu,China,Female,Dayangzhou,Skinder,90050.20,CNY
William,George,wgeorge2n@time.com,South Korea,Male,Wŏnju,Zoomzone,29146.84,KRW
Timothy,Dean,tdean2o@about.com,Netherlands,Male,Tilburg,Browseblab,17846.53,EUR
Ashley,Ross,aross2p@lycos.com,Indonesia,Female,Welibo,Skiba,3875.86,IDR
Chris,Stewart,cstewart2q@nationalgeographic.com,Poland,Male,Krynki,Realmix,43886.91,PLN
Christina,Brown,cbrown2r@twitter.com,Armenia,Female,Noyemberyan,Demimbu,59244.12,AMD
Fred,Hill,fhill2s@ocn.ne.jp,Azerbaijan,Male,Amirdzhan,Katz,60301.38,AZN
Harry,Tucker,htucker2t@stumbleupon.com,Malaysia,Male,Kota Kinabalu,Buzzdog,,MYR
Gerald,Morris,gmorris2u@newyorker.com,China,Male,Zhencheng,Gabtune,46019.72,CNY
Brian,Austin,baustin2v@blogger.com,China,Male,Kuangyuan,Eare,7797.06,CNY
Pamela,Nichols,pnichols2w@pinterest.com,China,Female,Jianrao,Linklinks,16289.14,CNY
Scott,Kelley,skelley2x@weebly.com,Indonesia,Male,Ganggawang,Rooxo,88000.83,IDR
Jose,Johnston,jjohnston2y@toplist.cz,Honduras,Male,Langue,Skinix,49092.30,HNL
Lillian,Jones,ljones2z@tinypic.com,United States,Female,Wichita,Vidoo,49333.51,USD
Carlos,Cunningham,ccunningham30@behance.net,Peru,Male,Morcolla,Gigashots,48795.34,PEN
Jessica,Kim,jkim31@jimdo.com,Armenia,Female,Verin Dvin,Voolia,27625.31,AMD
Beverly,Reed,breed32@virginia.edu,Azerbaijan,Female,Kyzyl-Burun,Yakidoo,53019.10,AZN
Melissa,Reynolds,mreynolds33@upenn.edu,China,Female,Xintang,Roombo,82230.52,CNY
Mark,Bell,mbell34@clickbank.net,United States,Male,Tucson,Agimba,83874.54,USD
Brian,Porter,bporter35@mlb.com,China,Male,Jiangbei,Reallinks,22896.51,CNY
Howard,Garza,hgarza36@tinypic.com,Colombia,Male,Ciénaga,Feednation,13750.52,COP
John,Ramirez,jramirez37@squidoo.com,Philippines,Male,Minien East,Voonte,73761.21,PHP
Shirley,Williamson,swilliamson38@ucoz.ru,Vietnam,Female,Sóc Sơn,Bluejam,70289.00,VND
Jonathan,Bell,jbell39@hostgator.com,France,Male,Issy-les-Moulineaux,Wikizz,58454.22,EUR
Lori,Fox,lfox3a@plala.or.jp,Philippines,Female,Esperanza,Camimbo,4117.55,PHP
Doris,Banks,dbanks3b@hao123.com,China,Female,Dayuan,Brainverse,8463.37,CNY
Sara,Roberts,sroberts3c@auda.org.au,Moldova,Female,Biruinţa,Vinte,,MDL
Jeremy,Taylor,jtaylor3d@baidu.com,Japan,Male,Hikone,Vitz,33940.79,JPY
Debra,Harrison,dharrison3e@example.com,Russia,Female,Staroutkinsk,Ailane,54405.16,RUB
Johnny,Morales,jmorales3f@engadget.com,China,Male,Laifang,Zoomdog,1652.37,CNY
Judith,Mendoza,jmendoza3g@mayoclinic.com,Japan,Female,Ishige,Zoomzone,,JPY
James,Thomas,jthomas3h@nhs.uk,China,Male,Xiaojia,Zoozzy,31834.27,CNY
Sara,Simpson,ssimpson3i@ft.com,Poland,Female,Tarnowiec,Wordify,27076.76,PLN
Kathleen,Murphy,kmurphy3j@wisc.edu,China,Female,Shilong,Yadel,95648.52,CNY
Marie,Harper,mharper3k@angelfire.com,Syria,Female,Al Khafsah,Divanoodle,20553.44,SYP
Ryan,Hart,rhart3l@issuu.com,China,Male,Jianguo,Topiczoom,19631.26,CNY
Julie,Hawkins,jhawkins3m@fotki.com,China,Female,Shizi,Voonte,64151.36,CNY
Edward,Rivera,erivera3n@utexas.edu,Vietnam,Male,Thị Trấn Tam Điệp,Dynazzy,49753.91,VND
Brenda,Howard,bhoward3o@instagram.com,China,Female,Yuandun,Ntags,75820.81,CNY
Wanda,Mendoza,wmendoza3p@epa.gov,Brazil,Female,Cristalina,Fivebridge,80458.01,BRL
Rose,Walker,rwalker3q@hubpages.com,Honduras,Female,La Guata,Devpulse,5746.24,HNL
Edward,Schmidt,eschmidt3r@utexas.edu,Palestinian Territory,Male,‘Anīn,Voonte,64501.11,ILS
Frank,Richards,frichards3s@usatoday.com,Ukraine,Male,Kolomak,Lajo,93073.05,UAH
Roger,Hanson,rhanson3t@domainmarket.com,China,Male,Huishangang,Oyope,66080.94,CNY
Steven,Hernandez,shernandez3u@linkedin.com,South Korea,Male,Gongju,Flashpoint,,KRW
Joseph,Wright,jwright3v@mit.edu,Honduras,Male,San Jerónimo,Kanoodle,58034.71,HNL
Denise,Fernandez,dfernandez3w@google.cn,Bhutan,Female,Daphu,Youspan,,BTN
Henry,Williamson,hwilliamson3x@webnode.com,China,Male,Guyang,Flipopia,67265.23,CNY
Jonathan,Carpenter,jcarpenter3y@sbwire.com,Russia,Male,Novaya Usman’,Babblestorm,,RUB
Jerry,Freeman,jfreeman3z@howstuffworks.com,Sweden,Male,Vänersborg,Meembee,96014.54,SEK
Christopher,Mitchell,cmitchell40@walmart.com,Ukraine,Male,Dmytrivka,Dynabox,58228.46,UAH
David,Johnston,djohnston41@hud.gov,Indonesia,Male,Sudimara,Twimm,,IDR
Frances,Green,fgreen42@cbc.ca,China,Female,Jiangkou,Twiyo,174.65,CNY
Emily,Phillips,ephillips43@yellowbook.com,Philippines,Female,Catbalogan,Devpoint,38861.60,PHP
Joshua,Bryant,jbryant44@state.gov,Poland,Male,Lubomierz,Meejo,18776.53,PLN
Randy,Thomas,rthomas45@ehow.com,Nigeria,Male,Gwandu,Twimm,45091.67,NGN
Larry,Robinson,lrobinson46@bloglovin.com,Philippines,Male,Sagasa,Dazzlesphere,14830.34,PHP
Doris,Murray,dmurray47@twitter.com,Brazil,Female,Lages,Gabtype,53332.87,BRL
Victor,Anderson,vanderson48@phoca.cz,Sweden,Male,Umeå,Meezzy,84912.27,SEK
Kathy,Ortiz,kortiz49@thetimes.co.uk,Indonesia,Female,Mayong,Tazzy,83368.47,IDR
Rose,Bryant,rbryant4a@cafepress.com,Argentina,Female,Tres Isletas,Trilia,68130.14,ARS
Steven,Shaw,sshaw4b@is.gd,Philippines,Male,Noveleta,Oyondu,27186.69,PHP
Phillip,Alvarez,palvarez4c@guardian.co.uk,Czech Republic,Male,Vlkoš,Zoomlounge,18756.91,CZK
Stephen,Bell,sbell4d@youtube.com,Poland,Male,Rogóźno,Dazzlesphere,54359.86,PLN
Raymond,Lee,rlee4e@jalbum.net,China,Male,Kunyang,Mudo,60051.47,CNY
Kathy,Gonzalez,kgonzalez4f@shutterfly.com,Portugal,Female,Ferreira do Zêzere,Yata,74622.98,EUR
Stephen,Duncan,sduncan4g@comsenz.com,United States,Male,Columbia,Twinder,49287.43,USD
Rebecca,Cole,rcole4h@yahoo.com,Portugal,Female,Celeirós,Jabberstorm,77615.15,EUR
Evelyn,Martinez,emartinez4i@fema.gov,Russia,Female,Roshal’,Aimbo,27456.94,RUB
Linda,Webb,lwebb4j@bluehost.com,Nicaragua,Female,Masatepe,Lazzy,94933.89,NIO
Justin,Edwards,jedwards4k@china.com.cn,China,Male,Fuli,Devpoint,52593.46,CNY
Victor,Reyes,vreyes4l@liveinternet.ru,Philippines,Male,Alilem,Browsecat,29206.08,PHP
Margaret,Torres,mtorres4m@nhs.uk,China,Female,Wan’an,Twitterworks,85633.89,CNY
Terry,Elliott,telliott4n@comsenz.com,Netherlands,Male,Beverwijk,Blogpad,10737.43,EUR
Maria,Peterson,mpeterson4o@creativecommons.org,France,Female,Le Raincy,Vidoo,48172.29,EUR
Philip,Chapman,pchapman4p@wikispaces.com,Russia,Male,Yaroslavl,Eire,,RUB
Julia,Mccoy,jmccoy4q@unblog.fr,China,Female,Fangyan,Meevee,4063.13,CNY
Sarah,James,sjames4r@merriam-webster.com,China,Female,Dongchuan,Browseblab,68025.01,CNY
Jean,Snyder,jsnyder4s@biglobe.ne.jp,China,Female,Xiawuqi,Quaxo,85288.24,CNY
Joseph,Riley,jriley4t@dyndns.org,Portugal,Male,Queluz,Youopia,43077.24,EUR
Sharon,Watson,swatson4u@friendfeed.com,China,Female,Qilin,Jaloo,15119.07,CNY
Donald,Austin,daustin4v@telegraph.co.uk,Latvia,Male,Ainaži,Innotype,79646.54,EUR
Kathryn,Day,kday4w@privacy.gov.au,Yemen,Female,Al Nashmah,Linktype,30443.01,YER
Julia,Reid,jreid4x@lulu.com,South Africa,Female,Mandeni,Lajo,93771.50,ZAR
Mildred,Smith,msmith4y@trellian.com,Azerbaijan,Female,Çalxanqala,Lazzy,,AZN
Amy,Perry,aperry4z@wisc.edu,Brazil,Female,Pedra Azul,Zoonder,4304.81,BRL
Brian,Wright,bwright50@sourceforge.net,Slovenia,Male,Trnovska Vas,Pixope,48191.41,EUR
Ryan,Payne,rpayne51@washington.edu,Iran,Male,Shalamzār,Fatz,98744.57,IRR
Lawrence,Gonzales,lgonzales52@earthlink.net,China,Male,Jiwei,Eidel,97513.20,CNY
Bonnie,Duncan,bduncan53@so-net.ne.jp,Nigeria,Female,Gusau,Skyble,63769.85,NGN
Daniel,Mendoza,dmendoza54@cocolog-nifty.com,China,Male,Sui’an,Riffpedia,88410.89,CNY
Catherine,Burton,cburton55@rakuten.co.jp,Yemen,Female,Al Maşlūb,Wikizz,41998.85,YER
Justin,Simmons,jsimmons56@arstechnica.com,China,Male,Zhaogezhuang,Yotz,99971.88,CNY
Debra,Long,dlong57@un.org,Indonesia,Female,Kutamangu,Jazzy,72893.45,IDR
Anne,Gordon,agordon58@discuz.net,Canada,Female,Sutton,Browsebug,19557.92,CAD
Michael,Rodriguez,mrodriguez59@sohu.com,Russia,Male,Gukovo,Babblestorm,7759.77,RUB
Adam,Hudson,ahudson5a@washingtonpost.com,China,Male,Choujiang,Skinder,86418.24,CNY
Theresa,Parker,tparker5b@go.com,Japan,Female,Shimonoseki,Rhynoodle,67062.94,JPY
Judith,Rodriguez,jrodriguez5c@dropbox.com,China,Female,Zaoshi,Snaptags,3666.88,CNY
Rebecca,Green,rgreen5d@netscape.com,Palestinian Territory,Female,Bayt Dajan,Devbug,53201.67,ILS
Susan,Myers,smyers5e@mayoclinic.com,Russia,Female,Zubtsov,Jetwire,51493.67,RUB
Susan,Cox,scox5f@amazon.co.jp,Greece,Female,Áno Sýros,Zooveo,36988.02,EUR
Janet,Boyd,jboyd5g@senate.gov,Afghanistan,Female,Kai,Feedspan,94279.86,AFN
Virginia,Foster,vfoster5h@seesaa.net,Russia,Female,Pokrovskoye-Streshnëvo,Centidel,8951.00,RUB
Jean,Edwards,jedwards5i@biglobe.ne.jp,Russia,Female,Krasnaya Polyana,Tanoodle,26500.70,RUB
Clarence,Davis,cdavis5j@mtv.com,Russia,Male,Shchëkino,Livepath,64870.53,RUB
Melissa,Gonzalez,mgonzalez5k@wordpress.com,China,Female,Liudu,Dabfeed,30550.47,CNY
Judy,Wilson,jwilson5l@moonfruit.com,China,Female,Xinfeng,Vimbo,4742.10,CNY
Shirley,Gomez,sgomez5m@wp.com,Slovenia,Female,Kanal,Realpoint,62734.14,EUR
Joshua,Gutierrez,jgutierrez5n@vkontakte.ru,Peru,Male,Pueblo Nuevo,Kwimbee,2459.88,PEN
Linda,Alexander,lalexander5o@webeden.co.uk,Uganda,Female,Bukomansimbi,Feedfire,14554.26,UGX
Henry,Lee,hlee5p@dailymail.co.uk,France,Male,Metz,Yata,,EUR
Amy,Fernandez,afernandez5q@japanpost.jp,Bangladesh,Female,Bherāmāra,Zava,,BDT
Robin,Smith,rsmith5r@domainmarket.com,Colombia,Female,Los Córdobas,Podcat,11430.25,COP
Judy,Scott,jscott5s@unblog.fr,Finland,Female,Karkkila,Linklinks,57780.13,EUR
Kathleen,Jordan,kjordan5t@ed.gov,Indonesia,Female,Cempaka,Flashset,69550.74,IDR
Jean,Gilbert,jgilbert5u@wired.com,Poland,Female,Jedlińsk,Eayo,60687.17,PLN
Christine,Price,cprice5v@oracle.com,Uganda,Female,Masindi,Skinix,23853.95,UGX
Amy,Fowler,afowler5w@studiopress.com,China,Female,Zhaitou,Oloo,65526.74,CNY
Teresa,Kelley,tkelley5x@dailymotion.com,Russia,Female,Pskov,Kwimbee,186.67,RUB
Kathy,Owens,kowens5y@dedecms.com,Philippines,Female,Bobonan,Tambee,,PHP
Joyce,Kennedy,jkennedy5z@jalbum.net,Kiribati,Female,Tabwakea Village,Thoughtsphere,13582.71,AUD
Jane,Ross,jross60@nytimes.com,Philippines,Female,Caibiran,Photobug,15590.56,PHP
Bobby,Mccoy,bmccoy61@youtu.be,Japan,Male,Komaki,Quire,,JPY
Phyllis,Flores,pflores62@vkontakte.ru,Indonesia,Female,Karengan,Eire,,IDR
Shirley,Bishop,sbishop63@1688.com,Norway,Female,Bergen,Realblab,73812.38,NOK
Roger,Russell,rrussell64@barnesandnoble.com,Netherlands,Male,Winschoten,Yadel,8552.27,EUR
Rebecca,Lee,rlee65@typepad.com,China,Female,Meikeng,Skalith,40271.80,CNY
Julia,Carroll,jcarroll66@fastcompany.com,Portugal,Female,Zouparria do Monte,Buzzbean,3565.56,EUR
Betty,Franklin,bfranklin67@apple.com,Croatia,Female,Repušnica,Brainbox,32223.37,HRK
Diane,Baker,dbaker68@ucla.edu,Russia,Female,Kolodeznyy,Tazz,99548.77,RUB
Roy,Edwards,redwards69@answers.com,Thailand,Male,Kaset Sombun,Blogpad,23658.47,THB
Debra,Chavez,dchavez6a@meetup.com,Ukraine,Female,Verkhovyna,Quatz,78797.65,UAH
Janet,Mccoy,jmccoy6b@psu.edu,Russia,Female,Krylovskaya,Brainlounge,68560.80,RUB
Benjamin,Sullivan,bsullivan6c@instagram.com,Greece,Male,Néa Flogitá,Riffwire,23383.60,EUR
Rebecca,Rivera,rrivera6d@etsy.com,Canada,Female,New Westminster,Skalith,75273.24,CAD
Jeffrey,Bradley,jbradley6e@phpbb.com,Philippines,Male,Monamon,Tagfeed,28123.68,PHP
Dorothy,Anderson,danderson6f@miibeian.gov.cn,Russia,Female,Vishnyakovskiye Dachi,Voonix,,RUB
Janet,Chapman,jchapman6g@shinystat.com,Guatemala,Female,Santa Catarina Barahona,Topicware,3266.62,GTQ
Nicholas,Jordan,njordan6h@theguardian.com,Russia,Male,Nurlat,Riffpedia,64885.05,RUB
Kathy,Riley,kriley6i@cdc.gov,Egypt,Female,Al Manzilah,Katz,83179.13,EGP
Aaron,Welch,awelch6j@goodreads.com,Georgia,Male,Akhaldaba,Flipbug,62822.43,GEL
Evelyn,Meyer,emeyer6k@mlb.com,Brazil,Female,Resplendor,Kazio,41462.56,BRL
Joshua,Harvey,jharvey6l@vkontakte.ru,Russia,Male,Ordzhonikidzevskiy,Yakitri,4271.86,RUB
Dennis,Wells,dwells6m@java.com,South Korea,Male,Kang-neung,Muxo,5431.02,KRW
Benjamin,Flores,bflores6n@webmd.com,Russia,Male,Zaymishche,Dabvine,67500.07,RUB
Phillip,Wood,pwood6o@google.com,Brazil,Male,Palmas de Monte Alto,Flipopia,65197.08,BRL
John,Ellis,jellis6p@lycos.com,China,Male,Beima,Chatterbridge,89306.22,CNY
Stephen,Nichols,snichols6q@simplemachines.org,Japan,Male,Ichinoseki,Dynabox,27424.74,JPY
Earl,Clark,eclark6r@admin.ch,China,Male,Dazu,Plambee,66863.70,CNY
Jessica,Grant,jgrant6s@dagondesign.com,Poland,Female,Grzmiąca,Voonyx,97144.81,PLN
Kimberly,Bennett,kbennett6t@cbsnews.com,Indonesia,Female,Ciladaeun,Wikibox,28392.32,IDR
Jimmy,Lopez,jlopez6u@istockphoto.com,Nigeria,Male,Yuli,Browsecat,4501.13,NGN
Julie,Gomez,jgomez6v@examiner.com,Palestinian Territory,Female,Ţūbās,Edgetag,3534.33,ILS
Wanda,Wallace,wwallace6w@upenn.edu,Sweden,Female,Askim,Flashpoint,85966.47,SEK
Carol,Simpson,csimpson6x@reddit.com,Iran,Female,Shaft,Bluezoom,49722.17,IRR
Steve,Fuller,sfuller6y@cam.ac.uk,Indonesia,Male,Sambong,Buzzster,,IDR
Peter,Arnold,parnold6z@amazon.com,Czech Republic,Male,Červená Voda,Thoughtblab,40160.02,CZK
Janice,Dunn,jdunn70@sphinn.com,Peru,Female,Acopampa,Chatterpoint,2627.74,PEN
Michael,Wells,mwells71@thetimes.co.uk,Vietnam,Male,Cam Ranh,Twimbo,,VND
Henry,Payne,hpayne72@auda.org.au,Argentina,Male,Clorinda,Katz,99808.97,ARS
Mary,Armstrong,marmstrong73@networkadvertising.org,Portugal,Female,Alenquer,Voonte,45097.58,EUR
Andrew,Sanders,asanders74@nytimes.com,China,Male,Libao,Jabbercube,10201.60,CNY
Donald,Duncan,dduncan75@netscape.com,Philippines,Male,Alcantara,Browsezoom,61534.65,PHP
Peter,Rivera,privera76@cloudflare.com,Indonesia,Male,Sampungu,Leenti,7557.91,IDR
Anna,Ellis,aellis77@e-recht24.de,Norway,Female,Stord,Riffpedia,74195.22,NOK
Henry,Mason,hmason78@blogtalkradio.com,China,Male,Wangfu,Kwinu,29189.05,CNY
Larry,Oliver,loliver79@tinypic.com,Cape Verde,Male,Ribeira Grande,Yakijo,27767.70,CVE
Phyllis,Peterson,ppeterson7a@domainmarket.com,Philippines,Female,Socorro,Jaxworks,,PHP
Alan,Sims,asims7b@who.int,France,Male,Aix-en-Provence,Tazzy,50798.22,EUR
Marie,Reyes,mreyes7c@hexun.com,Ukraine,Female,Kostyantynivka,Rooxo,93715.32,UAH
Jeremy,Turner,jturner7d@nih.gov,China,Male,Lugang,Pixoboo,53528.73,CNY
Patrick,Woods,pwoods7e@scientificamerican.com,Mongolia,Male,Sujji,Yamia,78418.95,MNT
Katherine,Hall,khall7f@de.vu,Czech Republic,Female,Velká Bíteš,Twitternation,70270.58,CZK
Maria,Carr,mcarr7g@nationalgeographic.com,Ukraine,Female,Myronivka,Buzzshare,7219.53,UAH
Lori,Jenkins,ljenkins7h@parallels.com,China,Female,Yanweigang,Thoughtblab,,CNY
Kenneth,Brooks,kbrooks7i@wikia.com,China,Male,Zhoujia,Yotz,33841.51,CNY
Emily,Russell,erussell7j@51.la,Malaysia,Female,Kuala Terengganu,Skyndu,34004.95,MYR
Juan,Lynch,jlynch7k@bbb.org,Philippines,Male,Dagup,Skinder,15645.19,PHP
Clarence,Bishop,cbishop7l@imdb.com,Peru,Male,Copa,Zava,60724.60,PEN
Maria,Moore,mmoore7m@jiathis.com,Indonesia,Female,Negeriagung,Skimia,,IDR
Janice,Payne,jpayne7n@storify.com,Indonesia,Female,Bofuer,Zazio,51065.68,IDR
Rebecca,Thomas,rthomas7o@psu.edu,Argentina,Female,Plottier,Roomm,,ARS
Jean,Kennedy,jkennedy7p@discuz.net,Germany,Female,Berlin,Voolia,73202.25,EUR
Fred,Fisher,ffisher7q@psu.edu,Russia,Male,Kraskino,Wordtune,12895.07,RUB
Juan,Allen,jallen7r@epa.gov,China,Male,Xinshi,Edgeify,387.31,CNY
Tammy,Spencer,tspencer7s@alexa.com,Netherlands,Female,Tilburg,Leexo,80052.28,EUR
Stephen,Stewart,sstewart7t@nationalgeographic.com,Myanmar,Male,Mawlamyinegyunn,Zoomzone,51935.57,MMK
Charles,Garrett,cgarrett7u@myspace.com,Libya,Male,Tarhuna,Edgewire,29756.45,LYD
Pamela,Gordon,pgordon7v@qq.com,Colombia,Female,Málaga,Trilith,75367.21,COP
Shirley,Reyes,sreyes7w@unesco.org,Russia,Female,Pervomaysk,Yakidoo,27369.53,RUB
Bruce,Lawrence,blawrence7x@yellowbook.com,Lithuania,Male,Varėna,Mydo,85869.25,LTL
Louis,Martin,lmartin7y@pen.io,China,Male,Miaoxi,Meemm,88523.62,CNY
Peter,Jacobs,pjacobs7z@blinklist.com,France,Male,Limoges,Jazzy,32919.49,EUR
Jeffrey,Sullivan,jsullivan80@constantcontact.com,China,Male,Luzhuangzi,Browsecat,82178.50,CNY
Kimberly,Armstrong,karmstrong81@dailymotion.com,Brazil,Female,Caçapava,Flashdog,98729.60,BRL
Judith,Medina,jmedina82@cdbaby.com,Japan,Female,Kamifukuoka,Zoomlounge,33858.90,JPY
Sean,Peterson,speterson83@meetup.com,Paraguay,Male,Caaguazú,Npath,91677.24,PYG
Eugene,Duncan,eduncan84@omniture.com,Philippines,Male,Baroy,Skajo,30994.01,PHP
Marilyn,Rogers,mrogers85@imgur.com,China,Female,Yuanquan,Jaxnation,,CNY
Todd,Lawrence,tlawrence86@yellowbook.com,China,Male,Yanyang,Kazu,,CNY
Rachel,Gonzalez,rgonzalez87@simplemachines.org,Indonesia,Female,Sangojar,Flashdog,50022.49,IDR
Marilyn,Robertson,mrobertson88@ucsd.edu,Slovakia,Female,Bratislava,Demimbu,94685.59,EUR
Jeffrey,Collins,jcollins89@cnet.com,Venezuela,Male,Pueblo Nuevo,Trudeo,59681.99,VEF
Paula,Armstrong,parmstrong8a@photobucket.com,Sweden,Female,Stockholm,Edgewire,28062.03,SEK
Peter,Owens,powens8b@vinaora.com,Czech Republic,Male,Vidče,Thoughtsphere,14926.55,CZK
Jerry,Medina,jmedina8c@parallels.com,Japan,Male,Noda,Zoomcast,61523.30,JPY
David,Meyer,dmeyer8d@cam.ac.uk,Norway,Male,Porsgrunn,Meejo,34379.09,NOK
Joyce,Montgomery,jmontgomery8e@narod.ru,Indonesia,Female,Lamalewo,Edgewire,52426.09,IDR
Ann,Fox,afox8f@tumblr.com,Lithuania,Female,Radviliskis,Quinu,32619.69,LTL
Joshua,Burke,jburke8g@bbb.org,Thailand,Male,Bang Na,Jazzy,89891.49,THB
Evelyn,Coleman,ecoleman8h@imdb.com,United States,Female,Lancaster,Jazzy,2866.14,USD
Eugene,Chavez,echavez8i@weather.com,Finland,Male,Ylihärmä,Izio,1223.91,EUR
Peter,Gonzalez,pgonzalez8j@istockphoto.com,Costa Rica,Male,Nicoya,Devbug,,CRC
Robert,Clark,rclark8k@list-manage.com,Philippines,Male,San Lucas,Photolist,89771.12,PHP
Willie,Armstrong,warmstrong8l@xinhuanet.com,Greece,Male,Anáfi,Layo,60069.79,EUR
Ernest,Moreno,emoreno8m@csmonitor.com,Russia,Male,Yumaguzino,Wordware,57974.91,RUB
Willie,Murphy,wmurphy8n@vimeo.com,China,Male,Huaguo,Divape,39195.52,CNY
Brenda,Smith,bsmith8o@blinklist.com,Brazil,Female,Humaitá,Voomm,,BRL
Jerry,Stanley,jstanley8p@alexa.com,Kazakhstan,Male,Zhanaozen,Meetz,48179.35,KZT
Johnny,Robinson,jrobinson8q@gmpg.org,Indonesia,Male,Kesamben,Skipfire,44904.71,IDR
Johnny,Bell,jbell8r@unicef.org,Azerbaijan,Male,Hövsan,Livetube,,AZN
Daniel,Moore,dmoore8s@chicagotribune.com,Thailand,Male,Pa Kham,Riffwire,,THB
Peter,Kim,pkim8t@mashable.com,Palestinian Territory,Male,Al Mazra‘ah ash Sharqīyah,Cogidoo,6833.91,ILS
Brian,Gibson,bgibson8u@patch.com,South Africa,Male,Whittlesea,Topicshots,74962.15,ZAR
Andrea,Bell,abell8v@wordpress.org,Russia,Female,Safonovo,Meemm,47533.15,RUB
Harold,Murray,hmurray8w@facebook.com,China,Male,Nanjia,Twitterbridge,86944.20,CNY
Ronald,Johnston,rjohnston8x@marriott.com,Ukraine,Male,Nikopol’,Devpoint,91347.42,UAH
Carl,Bennett,cbennett8y@shutterfly.com,China,Male,Jian’ou,Linktype,52582.01,CNY
Philip,Foster,pfoster8z@vinaora.com,China,Male,Jingzhu,Rooxo,35083.49,CNY
Nancy,Morales,nmorales90@exblog.jp,China,Female,Chisong,Brightbean,4775.20,CNY
Terry,Carr,tcarr91@msn.com,Nigeria,Male,Esuk Oron,Flashdog,,NGN
Mark,Oliver,moliver92@imageshack.us,China,Male,Yuxi,Jayo,15070.98,CNY
Joseph,Baker,jbaker93@eventbrite.com,Iran,Male,Jahrom,Rhybox,16180.71,IRR
Irene,Mason,imason94@arizona.edu,Argentina,Female,Gualeguay,Brainlounge,23297.94,ARS
Steven,Harvey,sharvey95@mayoclinic.com,Vietnam,Male,Tân Hưng,Wikivu,3824.46,VND
Carl,Diaz,cdiaz96@ovh.net,United States,Male,Gainesville,Skyvu,57174.64,USD
Donald,Greene,dgreene97@photobucket.com,Poland,Male,Rybczewice,Wordify,17138.65,PLN
Ashley,Chavez,achavez98@lulu.com,Indonesia,Female,Surulangun Rawas,Quinu,8221.51,IDR
Catherine,Roberts,croberts99@toplist.cz,Suriname,Female,Totness,Realbridge,46393.10,SRD
Fred,West,fwest9a@pinterest.com,China,Male,Wulongshan,Photobug,96087.54,CNY
Doris,Baker,dbaker9b@nature.com,Sweden,Female,Borlänge,Mynte,72541.67,SEK
Dennis,Fernandez,dfernandez9c@wikimedia.org,Brazil,Male,Pinhão,Yadel,26787.41,BRL
Tina,Ryan,tryan9d@tmall.com,Sweden,Female,Mariestad,Zooveo,48107.37,SEK
Marilyn,Frazier,mfrazier9e@prlog.org,Pakistan,Female,Jām Sāhib,Reallinks,32598.65,PKR
Sean,Lawson,slawson9f@wufoo.com,Portugal,Male,Abelheira,Kwideo,77753.38,EUR
Amy,Banks,abanks9g@senate.gov,China,Female,Langchuan,Babbleblab,56614.61,CNY
Jessica,Hayes,jhayes9h@walmart.com,Russia,Female,Sheregesh,Twitterworks,1830.34,RUB
Steve,Ryan,sryan9i@globo.com,China,Male,Gaotang,Youspan,20338.43,CNY
Tammy,Morgan,tmorgan9j@surveymonkey.com,Dominican Republic,Female,Río Grande,Roombo,98817.77,DOP
Irene,Hawkins,ihawkins9k@skyrock.com,Russia,Female,Turki,Topicshots,,RUB
Lori,Berry,lberry9l@fda.gov,Portugal,Female,Fafe,Lazz,11065.04,EUR
Keith,Welch,kwelch9m@surveymonkey.com,Greece,Male,Ierápetra,Dabshots,54518.86,EUR
Judith,Schmidt,jschmidt9n@vistaprint.com,Lithuania,Female,Žemaičių Naumiestis,Browseblab,80412.65,LTL
Carl,Lewis,clewis9o@zimbio.com,China,Male,Shaochang,Shufflester,7898.49,CNY
Katherine,Cook,kcook9p@tumblr.com,Ghana,Female,Tarkwa,Shufflester,86157.97,GHS
Eric,Campbell,ecampbell9q@gnu.org,China,Male,Shuangmiaojie,Skipfire,34702.85,CNY
Benjamin,Stevens,bstevens9r@amazon.de,Thailand,Male,Bang Bo District,Voomm,93655.79,THB
Rose,Bowman,rbowman9s@geocities.com,China,Female,Anyu,Linktype,11170.27,CNY
Eugene,Jenkins,ejenkins9t@omniture.com,China,Male,Shanghuang,Oyope,9436.54,CNY
Scott,Phillips,sphillips9u@irs.gov,Indonesia,Male,Ngedhusuba,Zoonder,78074.51,IDR
Elizabeth,Burke,eburke9v@weebly.com,China,Female,Changbu,Quatz,5369.48,CNY
Bruce,Bradley,bbradley9w@mysql.com,China,Male,Shuangzhong,Lazzy,,CNY
Norma,Romero,nromero9x@ucoz.ru,Sweden,Female,Ludvika,Blognation,64156.27,SEK
Deborah,Hernandez,dhernandez9y@symantec.com,Ukraine,Female,Bayrachky,Twinder,4209.68,UAH
Philip,Young,pyoung9z@blinklist.com,Poland,Male,Giedlarowa,Cogibox,70517.92,PLN
Ruby,White,rwhitea0@pen.io,Japan,Female,Kasama,Skilith,98699.47,JPY
Terry,Burns,tburnsa1@cocolog-nifty.com,Mexico,Male,San Miguel,Dynazzy,46777.11,MXN
Debra,Moreno,dmorenoa2@bigcartel.com,Ukraine,Female,Kushnytsya,Blognation,88294.58,UAH
Roy,George,rgeorgea3@pbs.org,China,Male,Leiwang,Trudoo,9723.86,CNY
Philip,Coleman,pcolemana4@diigo.com,Peru,Male,Nueva Cajamarca,Edgetag,69366.01,PEN
Linda,Sanchez,lsancheza5@sphinn.com,Pakistan,Female,Rājo Khanāni,Geba,28215.88,PKR
Jimmy,Hawkins,jhawkinsa6@mashable.com,Indonesia,Male,Neofbaun,Gabtune,2291.35,IDR
Louis,Martin,lmartina7@webs.com,China,Male,Donghuang,Photobean,22909.75,CNY
Jonathan,Kim,jkima8@deviantart.com,Indonesia,Male,Peuara,Gigazoom,27028.45,IDR
Bruce,Castillo,bcastilloa9@indiegogo.com,Indonesia,Male,Witihama,Dazzlesphere,89493.48,IDR
Brenda,Ellis,bellisaa@senate.gov,Bulgaria,Female,Plovdiv,Jayo,74636.47,BGN
Harry,Anderson,handersonab@mapquest.com,Bosnia and Herzegovina,Male,Liješnica,Edgeify,2830.12,BAM
Albert,Crawford,acrawfordac@usnews.com,Indonesia,Male,Lebak Timur,Babblestorm,69358.31,IDR
Victor,Gilbert,vgilbertad@ibm.com,China,Male,Shangtian,Kanoodle,50504.10,CNY
Juan,Carroll,jcarrollae@nba.com,Philippines,Male,Ditsaan,Shufflester,55909.66,PHP
Jack,Butler,jbutleraf@google.es,China,Male,Changgucheng,Meemm,36965.01,CNY
Carol,Watkins,cwatkinsag@gnu.org,Tajikistan,Female,Vose’,Photobug,,TJS
Louis,Bell,lbellah@ow.ly,China,Male,Zhangdan,Gabtype,90695.49,CNY
Kenneth,Bell,kbellai@sourceforge.net,Mongolia,Male,Bulgan,Twinder,63254.80,MNT
Peter,Ortiz,portizaj@wordpress.com,United States,Male,Orlando,Babbleblab,95299.39,USD
Aaron,Wagner,awagnerak@cisco.com,Czech Republic,Male,Václavovice,Centizu,55605.13,CZK
Jose,Stevens,jstevensal@admin.ch,France,Male,Toulon,Oodoo,,EUR
Katherine,Mccoy,kmccoyam@census.gov,Mauritius,Female,Pailles,Leexo,36462.69,MUR
Gregory,George,ggeorgean@google.com.au,Morocco,Male,El Hajeb,Wordify,55374.99,MAD
Roy,Nelson,rnelsonao@hp.com,Poland,Male,Wysoka,Demizz,66398.29,PLN
Peter,Matthews,pmatthewsap@ihg.com,El Salvador,Male,San Sebastián,Thoughtworks,95959.12,USD
Kelly,Ramirez,kramirezaq@cpanel.net,Poland,Female,Gnieżdżewo,Riffpath,,PLN
Anthony,Burke,aburkear@blogger.com,Colombia,Male,San Juan del Cesar,Yadel,42978.01,COP
Lillian,Snyder,lsnyderas@wired.com,Malta,Female,Saint Lucia,Yakidoo,42841.35,EUR
Steve,Adams,sadamsat@unesco.org,Kyrgyzstan,Male,Tash-Kumyr,Kwilith,,KGS
Mark,Olson,molsonau@biblegateway.com,Philippines,Male,Esperanza,Ozu,41254.62,PHP
Irene,Matthews,imatthewsav@topsy.com,Philippines,Female,Masarayao,Eabox,14767.30,PHP
Alan,Williamson,awilliamsonaw@biglobe.ne.jp,Indonesia,Male,Timbrangan,Devshare,51708.27,IDR
Kenneth,Lane,klaneax@wordpress.org,Czech Republic,Male,Kraslice,Layo,61747.65,CZK
Sandra,Andrews,sandrewsay@gizmodo.com,Mexico,Female,Santa Clara,Yadel,22117.44,MXN
Jennifer,Kelly,jkellyaz@furl.net,Belarus,Female,Karelichy,Skippad,46662.11,BYR
Betty,Hall,bhallb0@facebook.com,Sweden,Female,Östersund,Zoomlounge,54448.80,SEK
Rachel,Young,ryoungb1@vk.com,Poland,Female,Pysznica,Thoughtworks,27346.75,PLN
Aaron,Jacobs,ajacobsb2@rambler.ru,Vietnam,Male,Yên Bái,Dazzlesphere,39388.48,VND
Bonnie,Ross,brossb3@businessweek.com,Central African Republic,Female,Ouango,Devify,22095.08,XAF
Kenneth,Graham,kgrahamb4@xing.com,Indonesia,Male,Pakemitan,Aibox,87088.68,IDR
Judy,Brown,jbrownb5@accuweather.com,United States,Female,Amarillo,Tazzy,19015.71,USD
Linda,Williamson,lwilliamsonb6@mail.ru,Russia,Female,Raduzhnyy,Katz,73281.94,RUB
Marilyn,Howell,mhowellb7@foxnews.com,United States,Female,Oakland,Feedmix,65003.78,USD
Billy,Watkins,bwatkinsb8@fema.gov,Serbia,Male,Begejci,Zoovu,88135.47,RSD
Teresa,Thompson,tthompsonb9@myspace.com,Czech Republic,Female,Nová Cerekev,Viva,80927.40,CZK
Patrick,West,pwestba@mit.edu,Indonesia,Male,Maradabangga,Jayo,11625.29,IDR
Rebecca,Fisher,rfisherbb@aboutads.info,Philippines,Female,Impalutao,Topdrive,92234.17,PHP
Roger,Frazier,rfrazierbc@cpanel.net,United States,Male,Tuscaloosa,Skinder,15849.91,USD
Brandon,Ford,bfordbd@sfgate.com,Afghanistan,Male,Herāt,Kazu,26434.56,AFN
Karen,Morris,kmorrisbe@umn.edu,Indonesia,Female,Runting,Realcube,27189.60,IDR
Walter,Martin,wmartinbf@alibaba.com,Philippines,Male,Hinunangan,Blogtag,85401.51,PHP
Beverly,Rose,brosebg@list-manage.com,Greece,Female,Karítsa,Edgeblab,21215.27,EUR
Ronald,Wilson,rwilsonbh@51.la,Poland,Male,Klonowa,Buzzshare,96165.57,PLN
Roger,Patterson,rpattersonbi@google.com.au,Slovenia,Male,Koroška Bela,Ooba,80650.28,EUR
Karen,Elliott,kelliottbj@blogger.com,Ukraine,Female,Blahodatne,Fivebridge,45228.59,UAH
Catherine,Hunter,chunterbk@nbcnews.com,China,Female,Hongqi,Yacero,31615.46,CNY
Harry,Carr,hcarrbl@sphinn.com,Russia,Male,Suvorov,Linkbridge,56842.43,RUB
Ryan,Long,rlongbm@freewebs.com,Barbados,Male,Four Cross Roads,Voomm,,BBD
Joseph,Cole,jcolebn@merriam-webster.com,Brazil,Male,Patrocínio,Bluejam,11410.68,BRL
Melissa,Austin,maustinbo@pen.io,China,Female,Zhongchao,Kaymbo,42277.79,CNY
Alan,Berry,aberrybp@disqus.com,Botswana,Male,Tonota,Skidoo,90332.86,BWP
Randy,Perez,rperezbq@flickr.com,Portugal,Male,Pereiro,Dazzlesphere,7087.86,EUR
David,Richards,drichardsbr@zimbio.com,Iran,Male,Shahre Jadide Andisheh,Realcube,5939.89,IRR
Phillip,Clark,pclarkbs@trellian.com,Egypt,Male,Manfalūţ,Zoomlounge,5037.61,EGP
Harry,Hanson,hhansonbt@npr.org,Poland,Male,Pszczew,Innojam,46125.33,PLN
Craig,Tucker,ctuckerbu@bluehost.com,Portugal,Male,Castelo,Zoomzone,73257.53,EUR
Judy,Lopez,jlopezbv@mlb.com,United States,Female,Milwaukee,Youopia,81567.32,USD
Rose,Murray,rmurraybw@meetup.com,Tanzania,Female,Mtwara,Tazz,57249.51,TZS
Martha,Duncan,mduncanbx@merriam-webster.com,Greece,Female,Plátanos,Izio,47322.86,EUR
Justin,Butler,jbutlerby@bloglines.com,Indonesia,Male,Cipeucang,Shuffletag,,IDR
Brian,Thompson,bthompsonbz@mit.edu,Cuba,Male,Sagua de Tánamo,Feedmix,36252.58,CUP
Paul,Griffin,pgriffinc0@earthlink.net,Russia,Male,Nezhinka,Cogibox,,RUB
Richard,Carroll,rcarrollc1@godaddy.com,China,Male,Shanhaiguan,Yabox,23473.11,CNY
Beverly,Watkins,bwatkinsc2@rediff.com,Israel,Female,Qiryat Yam,Demizz,24970.29,ILS
Harry,Robertson,hrobertsonc3@huffingtonpost.com,South Sudan,Male,Rumbek,Avavee,55371.35,SSP
Bruce,Harris,bharrisc4@weibo.com,Indonesia,Male,Urek-urek,Yambee,44071.32,IDR
Joe,Stone,jstonec5@apple.com,Russia,Male,Novodvinsk,Fiveclub,19784.91,RUB
Ruby,Collins,rcollinsc6@bloglines.com,Bosnia and Herzegovina,Female,Bužim,Wordify,87396.08,BAM
Phyllis,Richardson,prichardsonc7@cyberchimps.com,Russia,Female,Kurovskoye,Jayo,6505.74,RUB
Roy,Watkins,rwatkinsc8@smugmug.com,Indonesia,Male,Sedati,Wordware,56701.47,IDR
Kenneth,Rivera,kriverac9@washington.edu,Vietnam,Male,Trà Ôn,Janyx,82556.83,VND
Jean,Hill,jhillca@gravatar.com,China,Female,Chishui,Oyondu,34772.55,CNY
Julie,Chapman,jchapmancb@usgs.gov,Portugal,Female,Porto Formoso,Oba,,EUR
Brenda,Black,bblackcc@timesonline.co.uk,Argentina,Female,Villa Nueva,Browsecat,71710.44,ARS
Maria,Kim,mkimcd@devhub.com,Togo,Female,Vogan,Kaymbo,44407.17,XOF
Martin,Allen,mallence@mapquest.com,Indonesia,Male,Made,Layo,65738.54,IDR
Charles,Meyer,cmeyercf@ucla.edu,Peru,Male,Acas,Zava,12143.56,PEN
Justin,Young,jyoungcg@cbc.ca,United States,Male,Springfield,Dablist,59973.31,USD
Louis,Ford,lfordch@tamu.edu,Indonesia,Male,Pagarbatu,Yambee,78795.18,IDR
Joyce,Olson,jolsonci@opera.com,China,Female,Hongmei,Pixoboo,,CNY
Justin,Mason,jmasoncj@photobucket.com,Nepal,Male,Kathmandu,Jabbersphere,24726.04,NPR
Fred,Reid,freidck@theglobeandmail.com,China,Male,Yandian,Myworks,98743.83,CNY
Matthew,Perkins,mperkinscl@usatoday.com,Indonesia,Male,Babakan,Jetwire,33173.51,IDR
Janet,Turner,jturnercm@people.com.cn,Costa Rica,Female,La Asunción,Camimbo,5549.80,CRC
Lisa,Castillo,lcastillocn@cdbaby.com,Colombia,Female,La Unión,Brightbean,64264.33,COP
Benjamin,Armstrong,barmstrongco@symantec.com,Indonesia,Male,Bongsri,Topiclounge,86288.41,IDR
Carl,Lynch,clynchcp@myspace.com,Netherlands,Male,Arnhem,Minyx,57630.63,EUR
Jose,Peterson,jpetersoncq@delicious.com,China,Male,Youhao,Mudo,58155.93,CNY
Wayne,Webb,wwebbcr@ox.ac.uk,China,Male,Yongning,Npath,,CNY
Chris,Marshall,cmarshallcs@boston.com,Indonesia,Male,Sumbersih,Skyble,97827.11,IDR
Ruby,Ellis,rellisct@bravesites.com,Macedonia,Female,Gradec,Latz,840.38,MKD
Margaret,Turner,mturnercu@wordpress.com,Indonesia,Female,Nangewer,Chatterpoint,26362.12,IDR
Cheryl,Knight,cknightcv@symantec.com,China,Female,Wupu,Rhyloo,26699.33,CNY
Billy,Wells,bwellscw@dagondesign.com,Belarus,Male,Sharkawshchyna,Livetube,34767.06,BYR
Marie,Price,mpricecx@github.com,South Korea,Female,Gwangju,Talane,70457.43,KRW
Marie,Freeman,mfreemancy@java.com,China,Female,Huiyi,Lazz,8949.62,CNY
Andrew,Hall,ahallcz@census.gov,Indonesia,Male,Pisang,Edgetag,28077.49,IDR
Stephen,Lynch,slynchd0@clickbank.net,Nigeria,Male,Kwatarkwashi,Kwilith,,NGN
Sara,Andrews,sandrewsd1@upenn.edu,Norway,Female,Sandnes,Topiclounge,84222.18,NOK
Alice,White,awhited2@studiopress.com,China,Female,Dagang,Eadel,40668.98,CNY
Joe,Kelley,jkelleyd3@biglobe.ne.jp,Poland,Male,Nowy Tomyśl,Flipopia,,PLN
Arthur,Richards,arichardsd4@fc2.com,Greece,Male,Kyriáki,Oloo,51366.54,EUR
Jose,Sanders,jsandersd5@people.com.cn,Philippines,Male,Guagua,Abata,33010.62,PHP
Earl,Griffin,egriffind6@nature.com,Indonesia,Male,Nusaherang,Browsedrive,49040.31,IDR
Lois,Clark,lclarkd7@ocn.ne.jp,Sweden,Female,Solna,Zoonoodle,1008.74,SEK
Elizabeth,Romero,eromerod8@tumblr.com,Colombia,Female,Chiquinquirá,Yakidoo,,COP
Craig,Simpson,csimpsond9@nbcnews.com,Yemen,Male,Al Jamīmah,Thoughtsphere,95312.91,YER
Robin,Wright,rwrightda@berkeley.edu,Indonesia,Female,Cangkringan,Yozio,11654.90,IDR
Matthew,Martinez,mmartinezdb@cbslocal.com,Italy,Male,Roma,Npath,93232.39,EUR
William,Stephens,wstephensdc@bandcamp.com,Colombia,Male,Cajicá,Skajo,84845.38,COP
Arthur,Gibson,agibsondd@furl.net,Indonesia,Male,Pakisaji,Topiclounge,75810.29,IDR
Paul,Wells,pwellsde@printfriendly.com,Germany,Male,Dortmund,Brainlounge,20735.84,EUR
Steven,Lane,slanedf@homestead.com,Indonesia,Male,Ringinrejo,Topiclounge,55948.75,IDR
Brandon,Henry,bhenrydg@cbsnews.com,North Korea,Male,Musan-ŭp,Topiczoom,61906.99,KPW
Joe,Mills,jmillsdh@state.gov,Peru,Male,Conima,Katz,2621.35,PEN
Sandra,Simmons,ssimmonsdi@springer.com,Pakistan,Female,Mingora,Camido,5339.65,PKR
Edward,Sims,esimsdj@symantec.com,Indonesia,Male,Karanglo,Fiveclub,28441.39,IDR
Philip,Hunter,phunterdk@friendfeed.com,Canada,Male,Drayton Valley,Talane,42630.05,CAD
Robert,Watkins,rwatkinsdl@mozilla.org,Indonesia,Male,Kalangbret,Leexo,84973.23,IDR
Lori,Garza,lgarzadm@businesswire.com,Russia,Female,Kushelevka,Zava,89254.50,RUB
Mildred,Wagner,mwagnerdn@desdev.cn,China,Female,Yunxi,Roombo,20493.42,CNY
Sharon,Torres,storresdo@bing.com,China,Female,Huangshi,Voomm,26816.09,CNY
Anna,Rice,aricedp@sogou.com,Slovenia,Female,Laško,Einti,52697.98,EUR
Christina,Diaz,cdiazdq@msu.edu,Thailand,Female,Bueng Kan,Voonder,31676.28,THB
Charles,Shaw,cshawdr@wix.com,Pakistan,Male,Panjgūr,Fadeo,75869.07,PKR
Lillian,Bailey,lbaileyds@bloomberg.com,China,Female,Qiujima,Browseblab,14003.19,CNY
Dorothy,Cruz,dcruzdt@dion.ne.jp,Egypt,Female,Ash Shaykh Zuwayd,Livefish,82676.13,EGP
Howard,Young,hyoungdu@icio.us,China,Male,Zhangjiawan,Kamba,71072.73,CNY
Todd,Vasquez,tvasquezdv@ehow.com,Bosnia and Herzegovina,Male,Mejdan - Obilićevo,Tanoodle,24146.95,BAM
Michael,Johnson,mjohnsondw@booking.com,Indonesia,Male,Urung,Skilith,37732.71,IDR
Nancy,Crawford,ncrawforddx@blinklist.com,Brazil,Female,Venâncio Aires,Divape,46831.94,BRL
Judy,Schmidt,jschmidtdy@dagondesign.com,China,Female,Baoyang,Jabberbean,,CNY
Kathryn,Porter,kporterdz@ihg.com,Brazil,Female,Nova Venécia,Edgeblab,65715.55,BRL
Adam,Palmer,apalmere0@army.mil,China,Male,Beiwucha,Tagtune,54976.57,CNY
Nancy,Wilson,nwilsone1@geocities.jp,South Korea,Female,Jenzan,Camimbo,85122.59,KRW
Lillian,Howell,lhowelle2@privacy.gov.au,Poland,Female,Klonowa,Photospace,36496.93,PLN
Keith,Simpson,ksimpsone3@shinystat.com,Albania,Male,Steblevë,Linkbuzz,,ALL
Cheryl,Gordon,cgordone4@freewebs.com,Philippines,Female,Catarman,Realfire,244.35,PHP
Donald,Adams,dadamse5@miitbeian.gov.cn,China,Male,Tangchijie,Jetwire,86894.48,CNY
Theresa,Washington,twashingtone6@guardian.co.uk,Russia,Female,Topol’noye,Quatz,38712.31,RUB
Ruby,Frazier,rfraziere7@si.edu,China,Female,Wangjiahe,Reallinks,24601.36,CNY
Brandon,Kim,bkime8@mac.com,Argentina,Male,Santa Catalina - Dique Lujan,Agimba,69858.89,ARS
Daniel,Duncan,dduncane9@e-recht24.de,Albania,Male,Krrabë,Twitterwire,7660.56,ALL
Anna,Richards,arichardsea@ebay.co.uk,China,Female,Yaqian,Digitube,33403.94,CNY
Beverly,Moore,bmooreeb@pcworld.com,Thailand,Female,Sung Noen,Ntags,88048.16,THB
Willie,Washington,wwashingtonec@google.de,Philippines,Male,Tawala,Divavu,,PHP
Steven,Perkins,sperkinsed@rambler.ru,Poland,Male,Kabaty,Midel,36561.77,PLN
Ashley,Ortiz,aortizee@redcross.org,Russia,Female,Khandagayty,BlogXS,,RUB
Theresa,Thomas,tthomasef@aol.com,Czech Republic,Female,Jindřichov,Photobug,91958.81,CZK
Gloria,Wells,gwellseg@skyrock.com,Poland,Female,Smyków,Meeveo,29618.69,PLN
Paula,Ray,prayeh@live.com,United States,Female,Washington,Yodo,2852.90,USD
Christopher,Taylor,ctaylorei@eepurl.com,China,Male,Tantu,Browsebug,71441.82,CNY
Judith,Barnes,jbarnesej@seesaa.net,China,Female,Zhangbagou,Bluejam,50403.09,CNY
Brandon,Hayes,bhayesek@lycos.com,Norway,Male,Bergen,Yoveo,83113.64,NOK
Shirley,West,swestel@drupal.org,Ukraine,Female,Velyka Pysarivka,Eamia,8933.71,UAH
Richard,Griffin,rgriffinem@bigcartel.com,China,Male,Xingtai,Blogtags,66506.44,CNY
Nicole,Larson,nlarsonen@sbwire.com,Poland,Female,Praga Północ,Demimbu,35306.65,PLN
Victor,Fowler,vfowlereo@yelp.com,China,Male,Panzhou,Zoombeat,32228.24,CNY
Jason,Richardson,jrichardsonep@clickbank.net,Canada,Male,Marathon,Skyndu,75928.08,CAD
Brenda,Gray,bgrayeq@answers.com,Indonesia,Female,Tempaling,Youtags,40067.53,IDR
Phillip,Richardson,prichardsoner@yolasite.com,Mauritania,Male,Néma,Yakitri,88083.59,MRO
Daniel,Sanders,dsanderses@paypal.com,Russia,Male,Pryamitsyno,Digitube,45253.45,RUB
Jeffrey,Mcdonald,jmcdonaldet@webnode.com,Tunisia,Male,Skhira,Mymm,,TND
Patrick,Rose,proseeu@cam.ac.uk,Indonesia,Male,Daja,Skyvu,80543.94,IDR
Jose,Jacobs,jjacobsev@icq.com,China,Male,Leiling,Skynoodle,76827.37,CNY
Jeffrey,Jacobs,jjacobsew@goo.ne.jp,Thailand,Male,Pak Phli,Eimbee,76371.98,THB
Amy,Ryan,aryanex@wsj.com,Peru,Female,Taurisma,Jabbersphere,60336.86,PEN
Alice,Stanley,astanleyey@addthis.com,Morocco,Female,Ouaoula,Kaymbo,,MAD
Ruth,Evans,revansez@cnbc.com,South Korea,Female,Cheongsong gun,Fanoodle,,KRW
Benjamin,Henry,bhenryf0@nih.gov,China,Male,Nanqi,Photojam,33047.38,CNY
Brian,Matthews,bmatthewsf1@scribd.com,Egypt,Male,Quwaysinā,BlogXS,86810.21,EGP
Victor,Perez,vperezf2@dmoz.org,Russia,Male,Tabaga,Topicstorm,90212.19,RUB
Jack,Holmes,jholmesf3@amazon.com,China,Male,Huangshanguan,Trupe,,CNY
Helen,Lee,hleef4@xinhuanet.com,China,Female,Yanling,Kwinu,,CNY
Donna,Sanders,dsandersf5@mlb.com,Indonesia,Female,Cinyawang,Leexo,50078.69,IDR
Patricia,Montgomery,pmontgomeryf6@about.com,Guam,Female,Dededo Village,Rhycero,34605.33,USD
Patrick,Harrison,pharrisonf7@taobao.com,Poland,Male,Psary,Feedmix,,PLN
Christine,Lee,cleef8@google.co.uk,China,Female,Longsha,Skippad,24754.29,CNY
Henry,Gordon,hgordonf9@forbes.com,Thailand,Male,Ban Na Muang,Buzzdog,34249.24,THB
Billy,Hernandez,bhernandezfa@51.la,Peru,Male,Mariposa,Twimbo,8774.89,PEN
Joyce,Bell,jbellfb@about.com,Indonesia,Female,Luan Balu,Divanoodle,,IDR
Adam,Gray,agrayfc@moonfruit.com,Indonesia,Male,Anin,Kazio,45938.92,IDR
Adam,Marshall,amarshallfd@psu.edu,Japan,Male,Satsumasendai,Skyvu,4922.27,JPY
Jose,Price,jpricefe@buzzfeed.com,China,Male,Caomiao,Edgeify,,CNY
Jeffrey,Stewart,jstewartff@psu.edu,United States,Male,Akron,Jaxbean,99075.28,USD
Chris,Gomez,cgomezfg@intel.com,Venezuela,Male,Pedraza La Vieja,Kwilith,49753.84,VEF
Emily,Ray,erayfh@mlb.com,Thailand,Female,Det Udom,Twitterbeat,52117.72,THB
Gloria,Stone,gstonefi@webnode.com,Macedonia,Female,Крива Паланка,Wikido,50465.60,MKD
Betty,Ferguson,bfergusonfj@ifeng.com,Guatemala,Female,Patzicía,Skajo,,GTQ
Maria,Burns,mburnsfk@google.co.jp,Kyrgyzstan,Female,Lebedinovka,Voolith,7825.27,KGS
Philip,Crawford,pcrawfordfl@123-reg.co.uk,China,Male,Nanyang,Wikido,85954.88,CNY
Douglas,Oliver,doliverfm@youku.com,Argentina,Male,Viedma,Youfeed,93629.35,ARS
Andrew,Andrews,aandrewsfn@cargocollective.com,China,Male,Situ,Wikizz,93883.31,CNY
Keith,Cooper,kcooperfo@360.cn,Poland,Male,Gizałki,Mynte,91512.67,PLN
Howard,Cole,hcolefp@zdnet.com,Portugal,Male,Casais Baleal,Jabberstorm,21368.83,EUR
Ernest,Porter,eporterfq@bravesites.com,Russia,Male,Georgiyevka,Ainyx,87732.04,RUB
Stephen,Simpson,ssimpsonfr@nhs.uk,Brazil,Male,Cururupu,Shufflebeat,87356.62,BRL
Christina,Spencer,cspencerfs@wix.com,Russia,Female,Pinyug,Skimia,39978.81,RUB
Kelly,Gordon,kgordonft@cam.ac.uk,Argentina,Female,Laboulaye,Rhynoodle,41108.00,ARS
Steven,Lane,slanefu@last.fm,Sweden,Male,Kristinehamn,Voolia,,SEK
Marilyn,James,mjamesfv@arstechnica.com,Philippines,Female,Naagas,Skilith,,PHP
Cheryl,Mason,cmasonfw@joomla.org,Japan,Female,Yamaguchi-shi,Kaymbo,73077.97,JPY
Patrick,Ross,prossfx@microsoft.com,Indonesia,Male,Anjirmuara,Feedfish,88713.26,IDR
Kathryn,Hughes,khughesfy@slideshare.net,Thailand,Female,Prang Ku,Flipstorm,50688.49,THB
Donna,Baker,dbakerfz@smh.com.au,Azerbaijan,Female,Bilajer,Snaptags,84830.59,AZN
Stephanie,Alexander,salexanderg0@parallels.com,Samoa,Female,Gataivai,Leexo,,WST
Lawrence,Freeman,lfreemang1@aboutads.info,Indonesia,Male,Cungapmimbo,Skyble,,IDR
Irene,Porter,iporterg2@dion.ne.jp,Indonesia,Female,Manggis,Rooxo,47737.43,IDR
Jeffrey,Sanchez,jsanchezg3@opera.com,United Kingdom,Male,Kirkton,Topicstorm,21829.29,GBP
Steven,Reid,sreidg4@eventbrite.com,Finland,Male,Karis,Skiptube,,EUR
Dorothy,Kennedy,dkennedyg5@etsy.com,Ukraine,Female,Kruty,Livepath,64665.93,UAH
Jimmy,Day,jdayg6@answers.com,Ethiopia,Male,Debre Werk’,Linktype,47966.69,ETB
Norma,Gardner,ngardnerg7@ftc.gov,Serbia,Female,Kragujevac,Skyble,97337.92,RSD
Janet,Schmidt,jschmidtg8@xing.com,China,Female,Ruixi,Realbuzz,45363.02,CNY
Philip,Powell,ppowellg9@mapy.cz,Indonesia,Male,Pasararba,Brightbean,92260.60,IDR
Annie,Lawrence,alawrencega@cnbc.com,Indonesia,Female,Banjaranyar,Realpoint,28930.05,IDR
Alice,Lee,aleegb@unicef.org,Norway,Female,Skien,Oyonder,,NOK
Harold,Stevens,hstevensgc@artisteer.com,China,Male,Changsha,InnoZ,29833.65,CNY
Clarence,Garza,cgarzagd@springer.com,Peru,Male,Chocos,Youopia,37112.32,PEN
Karen,Stevens,kstevensge@newsvine.com,Poland,Female,Koźmin Wielkopolski,Youspan,60501.93,PLN
Anne,Reynolds,areynoldsgf@hud.gov,China,Female,Yungaisi,Agimba,12920.05,CNY
Andrea,Lawrence,alawrencegg@soup.io,Peru,Female,Ollachea,Oyonder,13182.42,PEN
Pamela,Knight,pknightgh@cargocollective.com,Malaysia,Female,Seremban,Rhyzio,14633.44,MYR
John,Wood,jwoodgi@theguardian.com,China,Male,Huayuanli,Youtags,33616.10,CNY
Doris,Powell,dpowellgj@wiley.com,Tanzania,Female,Namikupa,Bubblemix,10766.25,TZS
Helen,Jackson,hjacksongk@over-blog.com,China,Female,Tantu,Gabtype,79152.47,CNY
Martha,Mcdonald,mmcdonaldgl@fastcompany.com,Russia,Female,Soldato-Aleksandrovskoye,Skidoo,13246.55,RUB
Alan,Watkins,awatkinsgm@histats.com,Poland,Male,Jasieniec,Mycat,46116.37,PLN
Matthew,Taylor,mtaylorgn@flavors.me,France,Male,Montauban,Gigazoom,,EUR
Ann,Rice,aricego@tumblr.com,United States,Female,Washington,Meembee,22540.77,USD
Margaret,Scott,mscottgp@behance.net,Democratic Republic of the Congo,Female,Lisala,Blogpad,54143.16,CDF
Lois,Gomez,lgomezgq@discuz.net,Ukraine,Female,Berezanka,Thoughtmix,89299.32,UAH
Deborah,Ward,dwardgr@yale.edu,Russia,Female,Mugi,Devbug,6814.52,RUB
Jessica,Young,jyounggs@studiopress.com,Indonesia,Female,Gamping Lor,Rhynyx,,IDR
Peter,Woods,pwoodsgt@bandcamp.com,Estonia,Male,Toila,Photolist,64220.78,EUR
Patrick,Hansen,phansengu@so-net.ne.jp,Philippines,Male,Mancilang,Topicblab,88399.77,PHP
Philip,Pierce,ppiercegv@ft.com,China,Male,Bayan Qagan,Quimm,66570.71,CNY
Ruth,Howard,rhowardgw@unc.edu,Monaco,Female,Moneghetti,Photobug,75740.75,EUR
Elizabeth,Howard,ehowardgx@cyberchimps.com,Finland,Female,Joroinen,Jaxspan,66348.68,EUR
Joyce,Hernandez,jhernandezgy@hugedomains.com,Malaysia,Female,Kangar,Blogspan,66086.43,MYR
Tammy,Romero,tromerogz@un.org,Peru,Female,La Coipa,Twimbo,54458.35,PEN
Elizabeth,Hernandez,ehernandezh0@mashable.com,Canada,Female,Fort Smith,Brainbox,7591.69,CAD
Lois,Diaz,ldiazh1@parallels.com,China,Female,Wutumeiren,Jayo,97907.54,CNY
Martin,Rogers,mrogersh2@lulu.com,Hungary,Male,Nyíregyháza,Leexo,64059.71,HUF
Samuel,Walker,swalkerh3@jugem.jp,China,Male,Lintan Chengguanzhen,Oozz,39657.57,CNY
Bruce,Price,bpriceh4@feedburner.com,Serbia,Male,Seleuš,Shuffletag,53417.20,RSD
Raymond,Lynch,rlynchh5@latimes.com,France,Male,Nantes,Leenti,,EUR
Willie,Morgan,wmorganh6@gizmodo.com,Indonesia,Male,Cukanguncal,Photobean,2213.77,IDR
Melissa,Stewart,mstewarth7@simplemachines.org,China,Female,Lingyang,Zoonder,15337.60,CNY
Fred,Torres,ftorresh8@about.com,China,Male,Jiahe,Vidoo,46090.89,CNY
Anne,Bradley,abradleyh9@merriam-webster.com,Russia,Female,Novoaleksandrovsk,Livepath,4410.46,RUB
Marilyn,Day,mdayha@aboutads.info,Chad,Female,Biltine,Babbleset,15280.98,XAF
Antonio,Willis,awillishb@networksolutions.com,Norway,Male,Bergen,Yombu,,NOK
Adam,Gibson,agibsonhc@foxnews.com,France,Male,Floirac,Divavu,33930.58,EUR
Theresa,Boyd,tboydhd@lycos.com,Austria,Female,Graz,Dynava,11783.92,EUR
William,Stephens,wstephenshe@sciencedirect.com,South Africa,Male,Somerset East,Zoonoodle,54999.00,ZAR
William,Thomas,wthomashf@1und1.de,Indonesia,Male,Penanggal,Yata,,IDR
Larry,Marshall,lmarshallhg@forbes.com,Palestinian Territory,Male,Burqah,Skyble,36102.14,ILS
Roy,Sims,rsimshh@answers.com,Indonesia,Male,Sindangrasa,Fanoodle,,IDR
Todd,Moore,tmoorehi@alibaba.com,China,Male,Shixian,Youfeed,78968.56,CNY
Jonathan,Ryan,jryanhj@reuters.com,Czech Republic,Male,Zlín,Ooba,82100.04,CZK
Bobby,Ray,brayhk@oaic.gov.au,Mexico,Male,Emiliano Zapata,Zooxo,69174.68,MXN
Kevin,Ramos,kramoshl@naver.com,France,Male,Marne-la-Vallée,Demivee,45121.91,EUR
Katherine,Hunt,khunthm@so-net.ne.jp,Colombia,Female,Cartagena del Chairá,Rhybox,52390.36,COP
Chris,Berry,cberryhn@nbcnews.com,Czech Republic,Male,Černá Hora,Yoveo,68147.59,CZK
Johnny,Morris,jmorrisho@nbcnews.com,Philippines,Male,Mabini,Divavu,,PHP
Walter,Ferguson,wfergusonhp@sbwire.com,Russia,Male,Kvartsitnyy,Zazio,79938.96,RUB
Phillip,Thomas,pthomashq@soup.io,Brazil,Male,Palmas de Monte Alto,Devpoint,50781.28,BRL
Carol,Burton,cburtonhr@ibm.com,Russia,Female,Bobrov,Oyonder,87715.33,RUB
Ruby,Spencer,rspencerhs@over-blog.com,Iran,Female,Kaleybar,Edgewire,33560.86,IRR
Willie,Rice,wriceht@printfriendly.com,Czech Republic,Male,Oldřišov,Wikivu,12625.50,CZK
Debra,Gonzales,dgonzaleshu@washingtonpost.com,Indonesia,Female,Tuamese,Twitterworks,35072.94,IDR
Gary,Nguyen,gnguyenhv@prweb.com,Italy,Male,Laspezia,Quatz,,EUR
Dorothy,Lopez,dlopezhw@cafepress.com,China,Female,Taoshan,Avamba,73785.49,CNY
Robin,Wright,rwrighthx@biblegateway.com,Colombia,Female,Icononzo,Edgepulse,10060.43,COP
Samuel,Richardson,srichardsonhy@de.vu,China,Male,Zhaogezhuang,Trilith,67780.20,CNY
Barbara,Roberts,brobertshz@hatena.ne.jp,France,Female,Toulouse,Twitternation,42105.22,EUR
Johnny,Medina,jmedinai0@sourceforge.net,Russia,Male,Yeysk,Babbleblab,98522.28,RUB
Mildred,Richardson,mrichardsoni1@umn.edu,Australia,Female,Sydney,Realfire,6617.30,AUD
Patricia,Fowler,pfowleri2@google.com.au,Mexico,Female,Jardin,Geba,1322.30,MXN
Diane,Hughes,dhughesi3@un.org,Sweden,Female,Stockholm,Tagtune,76666.38,SEK
Benjamin,Peters,bpetersi4@issuu.com,China,Male,Yulin,Gigabox,67367.11,CNY
Kevin,Burke,kburkei5@csmonitor.com,Iraq,Male,Kirkuk,Vitz,10075.29,IQD
Brian,Howell,bhowelli6@flickr.com,Portugal,Male,Breia,Topicstorm,94017.58,EUR
Evelyn,Burton,eburtoni7@tamu.edu,Brazil,Female,Tarauacá,Camimbo,17853.95,BRL
Amanda,Reid,areidi8@instagram.com,Japan,Female,Miharu,Jaloo,87455.88,JPY
Gloria,Sanders,gsandersi9@google.com.au,Indonesia,Female,Tugu,Twinte,91303.54,IDR
Judith,Carroll,jcarrollia@unc.edu,Thailand,Female,Kaset Sombun,Layo,,THB
Jonathan,Nguyen,jnguyenib@gmpg.org,Portugal,Male,Landim,Trudoo,86819.97,EUR
Wayne,Smith,wsmithic@myspace.com,Peru,Male,Huanza,Rhynoodle,73168.97,PEN
Paul,Williamson,pwilliamsonid@ebay.com,Portugal,Male,Fradelos,BlogXS,14380.71,EUR
Doris,Coleman,dcolemanie@studiopress.com,Malawi,Female,Nsanje,Cogibox,45981.77,MWK
Kimberly,Nelson,knelsonif@google.ru,China,Female,Qili,Zoomcast,45727.06,CNY
Carolyn,Woods,cwoodsig@smugmug.com,Philippines,Female,Nunguan,Rhycero,52307.58,PHP
Anne,Mason,amasonih@tripadvisor.com,Indonesia,Female,Kadupinang,Voolith,,IDR
Jerry,Cunningham,jcunninghamii@facebook.com,Portugal,Male,Aranhas,Realpoint,,EUR
Craig,Graham,cgrahamij@weibo.com,Iceland,Male,Álftanes,Tagopia,78865.61,ISK
Christopher,Martinez,cmartinezik@dailymail.co.uk,Philippines,Male,Gamut,Eare,51540.13,PHP
Kevin,Russell,krussellil@vk.com,Philippines,Male,San Miguel,Devpoint,27166.25,PHP
Martha,Chavez,mchavezim@google.de,United States,Female,Oklahoma City,Trudoo,47725.44,USD
Gloria,Nelson,gnelsonin@unesco.org,China,Female,Qintong,Quinu,,CNY
Arthur,Castillo,acastilloio@cnbc.com,China,Male,Nanqiao,Zoombeat,72012.25,CNY
Elizabeth,Bishop,ebishopip@booking.com,Argentina,Female,Federal,Blogpad,69314.65,ARS
Lois,Lynch,llynchiq@bigcartel.com,Czech Republic,Female,Polešovice,Omba,8739.47,CZK
Thomas,Hill,thillir@squarespace.com,Croatia,Male,Zagreb - Centar,Linklinks,38060.34,HRK
Thomas,Burke,tburkeis@google.ca,Russia,Male,Yemva,Mydo,75052.36,RUB
Catherine,Fuller,cfullerit@yolasite.com,Zambia,Female,Kataba,Oyondu,59617.89,ZMW
Emily,Harrison,eharrisoniu@icio.us,Malta,Female,L-Iklin,Tagtune,48389.34,EUR
Juan,Cole,jcoleiv@bbc.co.uk,Myanmar,Male,Myeik,Dynabox,97439.73,MMK
Diana,Moore,dmooreiw@shareasale.com,France,Female,Fresnes,Voomm,14113.97,EUR
Patricia,Garcia,pgarciaix@auda.org.au,China,Female,Shuangzhu,Thoughtsphere,94954.79,CNY
Brenda,Williams,bwilliamsiy@aboutads.info,Uganda,Female,Lyantonde,Zoomcast,77740.95,UGX
Larry,Black,lblackiz@microsoft.com,Germany,Male,Berlin,Eabox,27930.56,EUR
Linda,Henry,lhenryj0@nymag.com,China,Female,Xincheng,Twitterworks,96583.61,CNY
Carl,Arnold,carnoldj1@topsy.com,Nigeria,Male,Tokombere,Eire,45205.67,NGN
Catherine,Gutierrez,cgutierrezj2@cbslocal.com,Poland,Female,Strzelce Krajeńskie,Wordtune,,PLN
Joseph,Stephens,jstephensj3@yahoo.com,Belarus,Male,Yubilyeyny,Voonyx,32680.10,BYR
Adam,Thomas,athomasj4@arizona.edu,Indonesia,Male,Karangparwa,Realfire,91649.89,IDR
Louis,Peterson,lpetersonj5@businessinsider.com,Czech Republic,Male,Zbiroh,Yata,96182.42,CZK
Shirley,Fisher,sfisherj6@salon.com,China,Female,Jingzhou,Shufflebeat,98128.45,CNY
Ann,Jones,ajonesj7@wordpress.com,Czech Republic,Female,Hořice,Avaveo,6421.26,CZK
Paula,Morris,pmorrisj8@slashdot.org,China,Female,Miaoxi,Thoughtbeat,15092.94,CNY
Lillian,Gibson,lgibsonj9@ftc.gov,Thailand,Female,Yarang,Trudoo,20212.21,THB
Tammy,Green,tgreenja@tripadvisor.com,China,Female,Yushan,Mydeo,26976.23,CNY
John,Ramirez,jramirezjb@icio.us,Poland,Male,Zabierzów,Jabbersphere,49819.28,PLN
Michelle,Cook,mcookjc@gnu.org,Nigeria,Female,Aba,Avamm,67367.68,NGN
Donna,Henry,dhenryjd@mysql.com,Norway,Female,Oslo,Cogidoo,88673.72,NOK
Daniel,Wheeler,dwheelerje@adobe.com,Philippines,Male,Urbiztondo,Buzzbean,,PHP
Carl,Stevens,cstevensjf@wired.com,China,Male,Gaoleshan,Meeveo,,CNY
Fred,Perkins,fperkinsjg@newyorker.com,Uganda,Male,Moroto,Babbleopia,71390.23,UGX
Steve,Jones,sjonesjh@is.gd,Brazil,Male,Guarulhos,Meejo,83805.99,BRL
Eugene,Stewart,estewartji@cam.ac.uk,Marshall Islands,Male,Wotho,Linkbridge,22439.38,USD
Kimberly,Flores,kfloresjj@yahoo.com,France,Female,Amiens,Flipstorm,97031.28,EUR
Diana,Phillips,dphillipsjk@scientificamerican.com,Australia,Female,Sydney,Brightdog,88477.84,AUD
Rose,Alexander,ralexanderjl@yelp.com,Indonesia,Female,Cibunut,Tavu,19085.25,IDR
Eugene,Spencer,espencerjm@macromedia.com,Botswana,Male,Nokaneng,Skinix,57185.60,BWP
Teresa,Brown,tbrownjn@auda.org.au,China,Female,Wangmang,Yacero,91287.20,CNY
Gerald,Berry,gberryjo@wsj.com,Mongolia,Male,Dzüünbulag,Bubblebox,18933.95,MNT
Stephanie,Nguyen,snguyenjp@imdb.com,Colombia,Female,Galapa,Brainlounge,84325.53,COP
Chris,Jordan,cjordanjq@weather.com,Philippines,Male,New Washington,Cogilith,16679.52,PHP
Melissa,Coleman,mcolemanjr@narod.ru,China,Female,Shunling,Wikivu,54096.89,CNY
Gary,Kennedy,gkennedyjs@arstechnica.com,Sri Lanka,Male,Mulleriyawa,Voolith,74905.81,LKR
Joyce,Myers,jmyersjt@home.pl,Indonesia,Female,Cimara,Pixope,28161.38,IDR
Jack,Reid,jreidju@xrea.com,South Africa,Male,Lichtenburg,Topicstorm,81921.48,ZAR
Ashley,Gray,agrayjv@furl.net,Poland,Female,Dziadkowice,Yambee,78340.27,PLN
Christina,Porter,cporterjw@sakura.ne.jp,Guatemala,Female,San Antonio Suchitepéquez,Izio,75658.54,GTQ
Gerald,Welch,gwelchjx@cloudflare.com,Poland,Male,Skrzyszów,Meezzy,95539.19,PLN
Evelyn,Carpenter,ecarpenterjy@si.edu,Russia,Female,Tpig,Trudoo,3276.00,RUB
Rebecca,Duncan,rduncanjz@addthis.com,Indonesia,Female,Pordapor Barat,Dynabox,7966.38,IDR
Laura,Garrett,lgarrettk0@sun.com,China,Female,Daciyao,Devbug,87844.91,CNY
Norma,Olson,nolsonk1@facebook.com,China,Female,Zhusha,Leexo,69141.41,CNY
Rose,Lopez,rlopezk2@ted.com,France,Female,Charleville-Mézières,Chatterpoint,78179.59,EUR
Amanda,Bennett,abennettk3@si.edu,Mexico,Female,Santa Cruz,Skalith,30311.40,MXN
Emily,Bennett,ebennettk4@bandcamp.com,Russia,Female,Yazykovo,Vimbo,8620.13,RUB
Peter,Perry,pperryk5@spotify.com,Sweden,Male,Svalöv,Zoonder,16659.75,SEK
Nicholas,Martin,nmartink6@histats.com,China,Male,Changzheng,Eazzy,,CNY
Susan,Spencer,sspencerk7@ow.ly,Poland,Female,Gniezno,Livefish,,PLN
Paula,Gray,pgrayk8@yellowpages.com,Philippines,Female,Basey,Miboo,66508.80,PHP
Janice,Walker,jwalkerk9@archive.org,Japan,Female,Yukuhashi,Flipbug,7153.57,JPY
Thomas,Morris,tmorriska@auda.org.au,China,Male,Manjing,Shufflebeat,62719.36,CNY
Joe,Rice,jricekb@gnu.org,China,Male,Taiping,Kayveo,96948.37,CNY
Benjamin,Sims,bsimskc@blogtalkradio.com,Indonesia,Male,Krajan Kinanti,Mycat,61763.22,IDR
Sharon,Wilson,swilsonkd@163.com,Portugal,Female,Requião,Abatz,30244.32,EUR
Anna,Fields,afieldske@sitemeter.com,Indonesia,Female,Boneng,Meezzy,85720.19,IDR
Judith,Perkins,jperkinskf@icq.com,Trinidad and Tobago,Female,Rio Claro,Camido,43736.26,TTD
Teresa,Brooks,tbrookskg@unblog.fr,China,Female,Longtan,Blogpad,77544.72,CNY
Elizabeth,Morgan,emorgankh@dagondesign.com,Serbia,Female,Požarevac,Miboo,51519.28,RSD
Michelle,Allen,mallenki@salon.com,Cyprus,Female,Peristerona,Skyndu,50557.31,EUR
Kelly,Hill,khillkj@cdc.gov,Portugal,Female,Maceda,Quamba,53131.23,EUR
Nancy,Carr,ncarrkk@ask.com,Poland,Female,Mirosławiec,Divape,11001.90,PLN
Kathleen,Howell,khowellkl@businessweek.com,United States,Female,Akron,Jabbertype,,USD
David,Stewart,dstewartkm@weather.com,Azerbaijan,Male,Divichibazar,Thoughtstorm,,AZN
Sara,Stewart,sstewartkn@paginegialle.it,Norway,Female,Haugesund,Zoomzone,84154.90,NOK
Amy,Snyder,asnyderko@google.co.uk,China,Female,Fengcun,Skalith,70028.96,CNY
Scott,Taylor,staylorkp@independent.co.uk,Brazil,Male,Volta Redonda,Podcat,75050.03,BRL
Louise,Berry,lberrykq@stumbleupon.com,Czech Republic,Female,Dolní Cerekev,Oyoba,6191.21,CZK
Doris,Clark,dclarkkr@loc.gov,Brazil,Female,Monte Azul Paulista,Tagtune,88017.96,BRL
Keith,Harrison,kharrisonks@booking.com,Tanzania,Male,Madimba,Kwideo,44157.44,TZS
Michael,Nguyen,mnguyenkt@archive.org,Finland,Male,Taipalsaari,Dazzlesphere,76293.00,EUR
Rose,Nguyen,rnguyenku@omniture.com,France,Female,Nancy,Skidoo,37147.54,EUR
Marilyn,Ramirez,mramirezkv@nature.com,Indonesia,Female,Gerelayang,Fiveclub,59734.91,IDR
Janice,Cole,jcolekw@goo.ne.jp,Colombia,Female,El Retiro,Vinte,30535.83,COP
Diane,Butler,dbutlerkx@discuz.net,Palestinian Territory,Female,Banī Zayd,Devpulse,98534.16,ILS
Joshua,Bennett,jbennettky@issuu.com,Russia,Male,Orenburg,Yakijo,75866.02,RUB
Susan,Mitchell,smitchellkz@mapy.cz,Reunion,Female,Saint-Denis,Kwimbee,97578.98,EUR
Kelly,Henderson,khendersonl0@msu.edu,Netherlands,Female,Lelystad,Jabbercube,,EUR
Nicole,Garrett,ngarrettl1@nasa.gov,North Korea,Female,Wŏnsan,Dabtype,16636.88,KPW
Wayne,Campbell,wcampbelll2@about.com,China,Male,Baishan,Miboo,56374.19,CNY
Jose,Mason,jmasonl3@issuu.com,China,Male,Xuedian,Realbuzz,14713.15,CNY
Fred,Fowler,ffowlerl4@ted.com,Greece,Male,Marathókampos,Zava,78989.32,EUR
Thomas,Watkins,twatkinsl5@weibo.com,Russia,Male,Turochak,Dynabox,,RUB
Lisa,Cooper,lcooperl6@epa.gov,Croatia,Female,Laslovo,Yadel,71517.54,HRK
James,Wright,jwrightl7@businessweek.com,Indonesia,Male,Kebonkaret,Meembee,18440.14,IDR
Christina,Long,clongl8@blogger.com,Indonesia,Female,Bentengjawa,Edgeclub,83501.44,IDR
Ruth,Carpenter,rcarpenterl9@mayoclinic.com,Russia,Female,Verkhniy Baskunchak,Chatterpoint,54265.19,RUB
Karen,Freeman,kfreemanla@paginegialle.it,Ukraine,Female,Balakliya,Buzzdog,6737.88,UAH
Mildred,Richards,mrichardslb@homestead.com,China,Female,Yantianhe,Photojam,4146.55,CNY
Sean,Welch,swelchlc@mediafire.com,China,Male,Jiuhua,Twitterwire,43238.31,CNY
Randy,Robertson,rrobertsonld@g.co,China,Male,Chengmen,Tagopia,56591.45,CNY
Carol,Olson,colsonle@booking.com,China,Female,Shuanghe,Gigazoom,68221.12,CNY
Denise,Jenkins,djenkinslf@hhs.gov,Indonesia,Female,Sua,Voonte,60622.56,IDR
Amy,Boyd,aboydlg@ucoz.com,El Salvador,Female,Guazapa,Muxo,20258.69,USD
David,Payne,dpaynelh@123-reg.co.uk,China,Male,Huangjingba,Wikivu,6940.99,CNY
James,Burke,jburkeli@nymag.com,Indonesia,Male,Watulabara,Meembee,10637.55,IDR
Lori,Chavez,lchavezlj@google.de,Russia,Female,Mishkino,Twitterwire,7195.56,RUB
James,Black,jblacklk@plala.or.jp,Indonesia,Male,Triwil,Tekfly,81875.44,IDR
Paula,Williams,pwilliamsll@drupal.org,Peru,Female,Combapata,Kwimbee,2607.41,PEN
Janet,Sims,jsimslm@cbsnews.com,South Africa,Female,Ceres,Eare,32710.35,ZAR
Heather,Wood,hwoodln@netlog.com,Botswana,Female,Janeng,Dabshots,42657.46,BWP
Jean,Watkins,jwatkinslo@bigcartel.com,Japan,Female,Sakaidechō,Jaloo,46699.25,JPY
Donna,Wood,dwoodlp@mediafire.com,Indonesia,Female,Raejeru,Aimbu,38887.39,IDR
Catherine,Mccoy,cmccoylq@prnewswire.com,Canada,Female,Medicine Hat,Twitterwire,48158.90,CAD
Benjamin,Ramirez,bramirezlr@msn.com,Indonesia,Male,Umbultanjung,Talane,35664.95,IDR
Brian,Lewis,blewisls@rakuten.co.jp,China,Male,Xinxu,Tagfeed,21020.07,CNY
Gerald,Meyer,gmeyerlt@github.com,Portugal,Male,Boucinhas,Innojam,54610.97,EUR
Julie,Owens,jowenslu@gnu.org,Indonesia,Female,Jatisari,Youopia,31256.27,IDR
Ronald,Williams,rwilliamslv@blogspot.com,Vietnam,Male,Cần Giờ,Feedspan,10617.33,VND
Christopher,Arnold,carnoldlw@home.pl,Sweden,Male,Stenungsund,Twimbo,50619.26,SEK
Michael,Hawkins,mhawkinslx@indiegogo.com,Argentina,Male,El Arañado,Gigashots,13572.14,ARS
Jerry,Ortiz,jortizly@va.gov,Indonesia,Male,Karanganyar,LiveZ,76435.22,IDR
Larry,Simpson,lsimpsonlz@dailymotion.com,Greece,Male,Álli Meriá,Quimba,28955.41,EUR
Bonnie,Mcdonald,bmcdonaldm0@bbb.org,Indonesia,Female,Tepal,Divanoodle,97659.15,IDR
Denise,Washington,dwashingtonm1@gov.uk,Russia,Female,Rutul,Eabox,30566.84,RUB
Roy,Freeman,rfreemanm2@ucsd.edu,Philippines,Male,Libuganon,Voolia,65125.71,PHP
Shawn,Banks,sbanksm3@skype.com,Russia,Male,Tsurib,Ooba,9903.53,RUB
Martha,Austin,maustinm4@barnesandnoble.com,Indonesia,Female,Ciangir,Thoughtblab,83538.33,IDR
Bruce,Parker,bparkerm5@myspace.com,Indonesia,Male,Pancanagara,Yata,,IDR
Ryan,Rivera,rriveram6@walmart.com,China,Male,Yanmenkou,Talane,47429.10,CNY
Sharon,Willis,swillism7@usda.gov,Brazil,Female,Herval,Photojam,90265.24,BRL
Todd,Burke,tburkem8@nytimes.com,Japan,Male,Nonoichi,Centizu,73597.14,JPY
Ronald,Chavez,rchavezm9@usa.gov,China,Male,Xarsingma,Topicware,89551.89,CNY
Ronald,Fernandez,rfernandezma@unblog.fr,Ukraine,Male,Drohobych,Kare,,UAH
Sean,Brown,sbrownmb@oaic.gov.au,Brazil,Male,Tupaciguara,Twitternation,52168.35,BRL
Steven,Schmidt,sschmidtmc@shinystat.com,Brazil,Male,Guará,Tanoodle,35912.97,BRL
Nicole,Williamson,nwilliamsonmd@miitbeian.gov.cn,Central African Republic,Female,Carnot,Blogtags,87717.96,XAF
Kimberly,Willis,kwillisme@unblog.fr,Gambia,Female,Nyamanari,Skyndu,42831.05,GMD
Roy,Frazier,rfraziermf@hatena.ne.jp,Mexico,Male,Morelos,Flipstorm,88675.90,MXN
Billy,Reyes,breyesmg@google.ru,China,Male,Baishui,Photofeed,29564.94,CNY
Jose,Larson,jlarsonmh@tripod.com,Philippines,Male,Amuñgan,Fiveclub,2861.49,PHP
Ashley,Wright,awrightmi@dot.gov,Poland,Female,Wieczfnia Kościelna,Meevee,26270.65,PLN
Barbara,Bell,bbellmj@wisc.edu,Sweden,Female,Göteborg,Meetz,57655.11,SEK
Timothy,Jackson,tjacksonmk@usnews.com,China,Male,Baitian,Fadeo,31113.15,CNY
Jonathan,Welch,jwelchml@ox.ac.uk,Indonesia,Male,Jandir,Youbridge,83022.00,IDR
Craig,Palmer,cpalmermm@baidu.com,China,Male,Fenghuang,Meevee,16419.85,CNY
Ruby,Harris,rharrismn@dion.ne.jp,China,Female,Xinjiang,Fiveclub,73001.65,CNY
Dennis,Duncan,dduncanmo@washington.edu,Russia,Male,Raduzhnyy,Vinder,77362.80,RUB
Edward,Henry,ehenrymp@nymag.com,Indonesia,Male,Maroanging,Zazio,,IDR
Douglas,Mitchell,dmitchellmq@networksolutions.com,Philippines,Male,Malusac,Thoughtbridge,45079.69,PHP
Diana,Washington,dwashingtonmr@virginia.edu,Philippines,Female,Santa Monica,Skinix,24634.84,PHP
Lisa,Cooper,lcooperms@house.gov,Netherlands,Female,Dordrecht,Feedfish,36812.68,EUR
Kevin,Lewis,klewismt@dailymotion.com,Portugal,Male,Pereiros,Jaxspan,66666.73,EUR
Judith,Brown,jbrownmu@imdb.com,Australia,Female,Sydney,Dabvine,,AUD
Beverly,Bradley,bbradleymv@barnesandnoble.com,China,Female,Xinming,Tambee,95806.84,CNY
Craig,Roberts,crobertsmw@twitter.com,Brazil,Male,Santa Rita do Sapucaí,Fiveclub,13855.55,BRL
Donna,Powell,dpowellmx@uiuc.edu,France,Female,Toulon,Linkbuzz,1001.22,EUR
Ralph,King,rkingmy@reddit.com,Mexico,Male,Francisco J Mujica,Browsecat,26376.69,MXN
Pamela,Moore,pmooremz@bizjournals.com,China,Female,Zhendong,Aimbo,28814.15,CNY
Martha,Phillips,mphillipsn0@springer.com,China,Female,Jubaoshan,Avamm,57681.63,CNY
Earl,Campbell,ecampbelln1@mediafire.com,Brazil,Male,Eirunepé,Dynabox,85861.93,BRL
Margaret,Rice,mricen2@forbes.com,France,Female,Ancenis,Livetube,97066.77,EUR
Philip,Ferguson,pfergusonn3@adobe.com,France,Male,Boulogne-Billancourt,Flipbug,880.12,EUR
Doris,Gomez,dgomezn4@marriott.com,Iraq,Female,‘Alī al Gharbī,Blognation,73496.88,IQD
Nicholas,Chavez,nchavezn5@friendfeed.com,China,Male,Souziqiu,Skibox,88602.08,CNY
Melissa,West,mwestn6@comcast.net,Mozambique,Female,Chibuto,Twitterbeat,39091.45,MZN
Barbara,Kelly,bkellyn7@hibu.com,China,Female,Xinfeng,Voonix,20863.71,CNY
Martin,Lewis,mlewisn8@comcast.net,China,Male,Yangpu,Photobug,86473.30,CNY
Scott,Shaw,sshawn9@clickbank.net,Tunisia,Male,Douane,Twitterworks,63459.01,TND
Amy,Marshall,amarshallna@soundcloud.com,Brazil,Female,Piraju,Eire,58943.23,BRL
Juan,Edwards,jedwardsnb@harvard.edu,Faroe Islands,Male,Sandur,Realbuzz,11883.77,DKK
Sandra,Cruz,scruznc@cisco.com,Indonesia,Female,Rote,Meembee,81813.15,IDR
Cynthia,Porter,cporternd@networksolutions.com,Philippines,Female,Balangiga,Blogtags,69470.70,PHP
Marie,Ray,mrayne@bluehost.com,Argentina,Female,Arroyo Seco,Omba,1764.96,ARS
Gerald,Perkins,gperkinsnf@ibm.com,China,Male,Wuxiang,Yoveo,18204.64,CNY
Louise,Dixon,ldixonng@discovery.com,China,Female,Sandaotong,Jamia,,CNY
Carlos,Carroll,ccarrollnh@sun.com,Brazil,Male,Uberlândia,Fadeo,91467.18,BRL
Rachel,Gibson,rgibsonni@stumbleupon.com,Uzbekistan,Female,Yangi-Nishon Shahri,Thoughtmix,5463.92,UZS
Angela,Vasquez,avasqueznj@woothemes.com,Brazil,Female,Quatro Barras,Quimba,1885.91,BRL
Ashley,Carter,acarternk@ca.gov,Russia,Female,Donskoye,Eazzy,95434.86,RUB
Diane,Brown,dbrownnl@soup.io,Japan,Female,Kashihara,Brainverse,74727.08,JPY
Todd,Perkins,tperkinsnm@a8.net,Thailand,Male,Rayong,Youtags,24742.33,THB
David,Franklin,dfranklinnn@purevolume.com,Sweden,Male,Spånga,Dazzlesphere,72249.40,SEK
Robert,Dunn,rdunnno@digg.com,Portugal,Male,Feteira Grande,Divape,,EUR
Stephen,Washington,swashingtonnp@wsj.com,Brazil,Male,Pacaembu,Gabtune,15609.77,BRL
Timothy,Andrews,tandrewsnq@dot.gov,China,Male,Juncheng,Linklinks,36358.07,CNY
Roger,Lawrence,rlawrencenr@sourceforge.net,Finland,Male,Tuusniemi,Rooxo,16970.78,EUR
Katherine,Day,kdayns@meetup.com,Malaysia,Female,Putrajaya,Topicstorm,,MYR
Evelyn,Hernandez,ehernandeznt@flickr.com,Iran,Female,Namīn,Roodel,31312.46,IRR
Virginia,Hart,vhartnu@wired.com,Venezuela,Female,Mariara,Skalith,77413.87,VEF
Raymond,Hawkins,rhawkinsnv@networksolutions.com,Russia,Male,Tuapse,Browsecat,53529.61,RUB
Patricia,Jordan,pjordannw@amazon.co.uk,Indonesia,Female,Campor,Babblestorm,29074.96,IDR
Diana,Henderson,dhendersonnx@goodreads.com,Armenia,Female,Vayk’,Meemm,19984.89,AMD
Barbara,Collins,bcollinsny@mac.com,China,Female,Jizhou,Jabbertype,67103.21,CNY
Nancy,Martinez,nmartineznz@spotify.com,Indonesia,Female,Krajan Dua Sumbersari,Fanoodle,27486.31,IDR
Sean,Stewart,sstewarto0@si.edu,Indonesia,Male,Krajan Sale,Yodo,,IDR
Karen,Gibson,kgibsono1@quantcast.com,Poland,Female,Wisła,Eamia,,PLN
Steve,Oliver,solivero2@ebay.com,Brazil,Male,Nova Iguaçu,Avaveo,87859.96,BRL
Rose,Burke,rburkeo3@plala.or.jp,France,Female,Lille,Skalith,67885.75,EUR
Emily,Willis,ewilliso4@ed.gov,Russia,Female,Sinegor'ye,Devpoint,73094.79,RUB
Todd,Berry,tberryo5@prweb.com,China,Male,Heqing,Photobean,20656.46,CNY
Adam,Olson,aolsono6@soup.io,Philippines,Male,Alangalang,Devbug,61099.31,PHP
Ernest,Moore,emooreo7@4shared.com,Poland,Male,Bąków,Skipfire,,PLN
Sean,Carter,scartero8@latimes.com,China,Male,Dalun,Aibox,,CNY
Roger,Sullivan,rsullivano9@w3.org,Argentina,Male,Wenceslao Escalante,Yambee,,ARS
Howard,Martinez,hmartinezoa@is.gd,Poland,Male,Nowosielce-Gniewosz,Trupe,20944.08,PLN
Emily,Ross,erossob@cbc.ca,France,Female,Béthune,Browsebug,80018.16,EUR
Todd,Watson,twatsonoc@prlog.org,Indonesia,Male,Lubukalung,Rooxo,29716.23,IDR
Evelyn,Arnold,earnoldod@vimeo.com,China,Female,Jiahe,Twimm,83238.89,CNY
Shirley,Gomez,sgomezoe@pen.io,Bulgaria,Female,Sapareva Banya,Dynabox,5630.28,BGN
Juan,Long,jlongof@bravesites.com,Poland,Male,Wólka Pełkińska,Centimia,45558.74,PLN
Susan,Mendoza,smendozaog@jalbum.net,Indonesia,Female,Nangakeo,Dynava,70600.03,IDR
Howard,Smith,hsmithoh@qq.com,Canada,Male,Moose Jaw,Jabbercube,11603.38,CAD
Cynthia,Morgan,cmorganoi@cbslocal.com,North Korea,Female,Kimch’aek-si,Edgeclub,72703.37,KPW
Stephanie,Wells,swellsoj@friendfeed.com,Netherlands,Female,Enschede,Demivee,17643.29,EUR
Anna,Wilson,awilsonok@blogs.com,Portugal,Female,Vairão,Skalith,2051.64,EUR
Daniel,Baker,dbakerol@nydailynews.com,China,Male,Longgang,Oyoba,66990.04,CNY
Peter,Watson,pwatsonom@cisco.com,China,Male,Jinguoping,Talane,39795.71,CNY
Evelyn,Meyer,emeyeron@google.de,China,Female,Hanjiashu,Voonte,98408.07,CNY
Craig,Gonzalez,cgonzalezoo@zimbio.com,Indonesia,Male,Oelui,Edgeclub,,IDR
Virginia,Reed,vreedop@rakuten.co.jp,Poland,Female,Sietesz,Dynabox,25257.94,PLN
Judith,Sanders,jsandersoq@t.co,Brazil,Female,São Pedro da Aldeia,Babblestorm,55195.64,BRL
Roger,Jordan,rjordanor@independent.co.uk,China,Male,Heishan,Omba,57172.99,CNY
Christina,Patterson,cpattersonos@ovh.net,Nigeria,Female,Gwio Kura,Skinte,10863.43,NGN
Kelly,Gilbert,kgilbertot@google.co.uk,Jamaica,Female,Petersfield,Photospace,47283.27,JMD
Lois,Henry,lhenryou@about.me,Sweden,Female,Åkersberga,Youtags,61707.71,SEK
Carl,Romero,cromeroov@biglobe.ne.jp,Macedonia,Male,Kamenjane,Babbleopia,52242.56,MKD
Paul,Hanson,phansonow@ezinearticles.com,Portugal,Male,Jovim,Brainsphere,17985.05,EUR
Ralph,Austin,raustinox@odnoklassniki.ru,Oman,Male,Bawshar,Viva,26714.64,OMR
Robin,Hill,rhilloy@themeforest.net,China,Female,Sanyi,BlogXS,10246.50,CNY
Dorothy,Campbell,dcampbelloz@adobe.com,Colombia,Female,Puerto Santander,Zava,86936.76,COP
Willie,Andrews,wandrewsp0@seattletimes.com,Japan,Male,Urayasu,Babbleopia,11185.81,JPY
Rose,Butler,rbutlerp1@google.nl,Russia,Female,Shatrovo,Skiba,1891.99,RUB
Justin,Hudson,jhudsonp2@unicef.org,Tunisia,Male,La Goulette,Zazio,82193.18,TND
Virginia,Roberts,vrobertsp3@cornell.edu,China,Female,Danxi,Realbuzz,63812.66,CNY
Fred,Rogers,frogersp4@ebay.com,Brazil,Male,Feira de Santana,Skinder,43996.59,BRL
Brenda,Butler,bbutlerp5@apache.org,China,Female,Hele,Quatz,,CNY
Margaret,Rivera,mriverap6@unc.edu,Brazil,Female,Piraí do Sul,Wordpedia,44731.77,BRL
Paula,Daniels,pdanielsp7@google.de,Indonesia,Female,Tiang,Ainyx,60338.48,IDR
Carolyn,Hansen,chansenp8@hc360.com,Azerbaijan,Female,Pirallahı,Jabberbean,,AZN
Pamela,Medina,pmedinap9@bing.com,Brazil,Female,Porteirinha,Meevee,41732.99,BRL
Antonio,Stewart,astewartpa@ucoz.com,Armenia,Male,Arevik,Zooxo,35862.73,AMD
Carlos,Gordon,cgordonpb@miibeian.gov.cn,Colombia,Male,Palmar de Varela,Bluezoom,,COP
Phyllis,Berry,pberrypc@slideshare.net,Philippines,Female,Maanas,Realbuzz,61631.13,PHP
Bobby,Freeman,bfreemanpd@about.me,Venezuela,Male,Sierra Imataca,Trilia,98899.52,VEF
Ruby,Berry,rberrype@google.es,Canada,Female,Richmond,Roombo,89768.58,CAD
Bobby,Bailey,bbaileypf@deliciousdays.com,China,Male,Shihui,Kwideo,12065.95,CNY
Richard,Perry,rperrypg@desdev.cn,Brazil,Male,Armação de Búzios,Divanoodle,92277.51,BRL
Charles,Woods,cwoodsph@drupal.org,Moldova,Male,Basarabeasca,Kazu,8529.83,MDL
Cynthia,Kim,ckimpi@istockphoto.com,Myanmar,Female,Dawei,Rhycero,92574.76,MMK
Steven,Matthews,smatthewspj@furl.net,Croatia,Male,Pregrada,Leenti,74134.66,HRK
Albert,Mccoy,amccoypk@wiley.com,China,Male,Dongpu,Realblab,5805.34,CNY
Bonnie,Graham,bgrahampl@usa.gov,Portugal,Female,Lomba do Loução,Miboo,98657.71,EUR
Bobby,Brown,bbrownpm@japanpost.jp,Poland,Male,Nowe Miasto nad Pilicą,Podcat,39740.01,PLN
Robert,Howard,rhowardpn@chicagotribune.com,China,Male,Ganxi,Aimbo,90219.59,CNY
Jean,Walker,jwalkerpo@theatlantic.com,Philippines,Female,Bail,Linkbridge,8852.48,PHP
Clarence,Thompson,cthompsonpp@ihg.com,Portugal,Male,Castanheira,Zoombox,68974.75,EUR
Jeffrey,Day,jdaypq@storify.com,Ukraine,Male,Vasylkiv,Topicware,90992.75,UAH
Harold,Lopez,hlopezpr@booking.com,Thailand,Male,Nong Hin,Blogspan,81443.02,THB
Kathy,Gordon,kgordonps@mediafire.com,Norway,Female,Oslo,Lazz,,NOK
Helen,Kim,hkimpt@wikispaces.com,Colombia,Female,Carolina,Vidoo,18162.49,COP
Daniel,Garrett,dgarrettpu@php.net,Indonesia,Male,Naekan,Voomm,9650.75,IDR
Benjamin,Chapman,bchapmanpv@tiny.cc,Trinidad and Tobago,Male,Laventille,Zoombox,74105.20,TTD
Michelle,Lee,mleepw@dropbox.com,Czech Republic,Female,Radiměř,Thoughtsphere,39965.14,CZK
Diana,Chapman,dchapmanpx@bbb.org,North Korea,Female,Kowŏn-ŭp,Yakidoo,94747.74,KPW
Walter,Webb,wwebbpy@latimes.com,Brazil,Male,Guaíba,Fliptune,1452.64,BRL
Cheryl,Burton,cburtonpz@europa.eu,Peru,Female,Ramón Castilla,Browsetype,3337.39,PEN
Janice,Ramos,jramosq0@earthlink.net,Syria,Female,As Sūsah,Tagtune,63656.11,SYP
Jessica,Nichols,jnicholsq1@oaic.gov.au,China,Female,Sanyi,Zoombox,91020.32,CNY
Joe,Williamson,jwilliamsonq2@domainmarket.com,Russia,Male,Synya,Ooba,23770.83,RUB
Jonathan,Medina,jmedinaq3@exblog.jp,Philippines,Male,Bay-ang,Nlounge,88082.89,PHP
Earl,Larson,elarsonq4@tinypic.com,Thailand,Male,Kosum Phisai,Blogtag,2682.17,THB
Alice,Howell,ahowellq5@sciencedirect.com,China,Female,Guangning,Nlounge,28706.08,CNY
Mark,Foster,mfosterq6@patch.com,Brazil,Male,São Manuel,Kwilith,51156.71,BRL
Scott,Wagner,swagnerq7@spiegel.de,Serbia,Male,Kamenica,Brainsphere,51926.96,RSD
Earl,Morrison,emorrisonq8@behance.net,Mauritania,Male,Kiffa,Plambee,79972.84,MRO
Adam,Stone,astoneq9@geocities.com,Philippines,Male,Imbang,Devbug,13196.33,PHP
Charles,Parker,cparkerqa@webmd.com,Indonesia,Male,Cigagade,Twitterlist,29761.08,IDR
Anna,Sanders,asandersqb@weibo.com,Brazil,Female,Osasco,Camimbo,14736.85,BRL
Ernest,Oliver,eoliverqc@reverbnation.com,Russia,Male,Borzoy,Mydo,7569.78,RUB
Arthur,Crawford,acrawfordqd@nydailynews.com,Czech Republic,Male,Brandýs nad Labem-Stará Boleslav,Photobug,36570.61,CZK
Nicole,Hamilton,nhamiltonqe@reverbnation.com,China,Female,Changtang,Centimia,79714.91,CNY
Willie,Lawson,wlawsonqf@posterous.com,China,Male,Wangcao,Thoughtsphere,94536.46,CNY
Kathleen,Collins,kcollinsqg@phoca.cz,Central African Republic,Female,Obo,Zooxo,16652.17,XAF
Anthony,Cook,acookqh@columbia.edu,Mexico,Male,Guadalupe,Vidoo,24473.09,MXN
Matthew,Dunn,mdunnqi@lulu.com,Philippines,Male,Silae,Skinte,24891.43,PHP
Lois,Carroll,lcarrollqj@virginia.edu,Czech Republic,Female,Zdounky,Realblab,42888.01,CZK
Harry,Sims,hsimsqk@gnu.org,United States,Male,Garden Grove,Jaloo,,USD
Mildred,Powell,mpowellql@ihg.com,Japan,Female,Buzen,Camimbo,6084.55,JPY
Samuel,Dixon,sdixonqm@msn.com,Argentina,Male,Pehuajó,Blogtag,19588.08,ARS
Annie,Edwards,aedwardsqn@linkedin.com,France,Female,Laval,Tagfeed,79581.54,EUR
Emily,Stevens,estevensqo@yelp.com,Portugal,Female,Arroteia,Ainyx,99846.99,EUR
Roger,Montgomery,rmontgomeryqp@geocities.jp,France,Male,Nantes,Skiptube,72641.75,EUR
Diana,Kim,dkimqq@vk.com,Canada,Female,Lebel-sur-Quévillon,Zooxo,77804.89,CAD
Angela,Berry,aberryqr@earthlink.net,United States,Female,Fort Lauderdale,Mybuzz,15086.95,USD
Patrick,Burton,pburtonqs@theatlantic.com,China,Male,Kesha,Wikizz,8333.30,CNY
Denise,King,dkingqt@wp.com,Afghanistan,Female,Andkhōy,Riffwire,76933.21,AFN
Bonnie,Bryant,bbryantqu@usda.gov,France,Female,Strasbourg,Thoughtbeat,92474.44,EUR
Mildred,Burns,mburnsqv@people.com.cn,Philippines,Female,Maquiapo,Divanoodle,16395.43,PHP
Emily,Crawford,ecrawfordqw@scientificamerican.com,Indonesia,Female,Punsu,Katz,37862.28,IDR
Henry,Sanchez,hsanchezqx@spotify.com,Czech Republic,Male,Petřvald,Innojam,3448.73,CZK
Timothy,Long,tlongqy@51.la,Cuba,Male,Artemisa,Vipe,20684.05,CUP
Kathy,Henderson,khendersonqz@bizjournals.com,China,Female,Jinping,Jaxbean,75317.03,CNY
Louis,Wagner,lwagnerr0@paginegialle.it,Philippines,Male,La Paz,Kayveo,12558.69,PHP
Carol,Marshall,cmarshallr1@cnbc.com,Philippines,Female,Palagao Norte,Skaboo,33393.20,PHP
Emily,Parker,eparkerr2@shareasale.com,Russia,Female,Maromitsa,Oyoloo,70954.92,RUB
Stephen,Baker,sbakerr3@eepurl.com,France,Male,Marseille,Twitterbridge,92594.99,EUR
Shirley,Adams,sadamsr4@japanpost.jp,Tunisia,Female,Al ‘Āliyah,Rhynoodle,54390.68,TND
Patricia,Richardson,prichardsonr5@ocn.ne.jp,Colombia,Female,Fundación,Realblab,66973.62,COP
Cheryl,Young,cyoungr6@is.gd,Indonesia,Female,Wadung,Yadel,44764.95,IDR
Cheryl,Banks,cbanksr7@jiathis.com,Mongolia,Female,Sharga,Bubblebox,38234.45,MNT
Norma,Jordan,njordanr8@ask.com,China,Female,Qiaozhen,Ntags,45521.97,CNY
Kelly,Ellis,kellisr9@dell.com,Indonesia,Female,Pondokunyur,Bubblebox,60034.22,IDR
Douglas,Jacobs,djacobsra@epa.gov,Ukraine,Male,Serednye Vodyane,Kwimbee,,UAH
Rebecca,Ward,rwardrb@netvibes.com,Philippines,Female,Blinsung,Voonte,57161.03,PHP
Jerry,Hicks,jhicksrc@wordpress.org,China,Male,Dongshandi,Jetpulse,63990.57,CNY
Keith,Henderson,khendersonrd@usgs.gov,China,Male,Changping,Eamia,51033.75,CNY
Laura,Anderson,landersonre@ebay.com,China,Female,Maochen,Agivu,,CNY
Nancy,Kennedy,nkennedyrf@auda.org.au,China,Female,Guanbuqiao,Gabcube,93792.44,CNY
Rebecca,Williams,rwilliamsrg@squarespace.com,Indonesia,Female,Nonggunong,Yakitri,6630.74,IDR
Sarah,Adams,sadamsrh@smh.com.au,Russia,Female,Engel’-Yurt,Mydo,54628.11,RUB
Stephen,Carpenter,scarpenterri@ezinearticles.com,Kenya,Male,Maralal,Jabberbean,99435.24,KES
Patricia,Elliott,pelliottrj@prweb.com,China,Female,Nanjie,Wordtune,24348.70,CNY
Juan,Green,jgreenrk@google.ca,Colombia,Male,Leticia,Aibox,99087.75,COP
Patrick,Ramos,pramosrl@behance.net,Philippines,Male,Bombon,Rhynyx,75348.77,PHP
Pamela,Armstrong,parmstrongrm@huffingtonpost.com,Indonesia,Female,Bunder,Trupe,,IDR
Gary,Hughes,ghughesrn@linkedin.com,Bulgaria,Male,Trŭn,Mybuzz,4428.60,BGN
Joan,Freeman,jfreemanro@mtv.com,China,Female,Dabao,Eamia,,CNY
Albert,Burns,aburnsrp@plala.or.jp,Portugal,Male,Água Retorta,Avaveo,80127.21,EUR
Sean,Berry,sberryrq@earthlink.net,China,Male,Taozhuang,Lazz,13651.22,CNY
Ann,White,awhiterr@com.com,Brazil,Female,Caieiras,Blognation,72610.00,BRL
