Ronald,Hughes,rhughes0@scientificamerican.com,Poland,Male,Łopuszna,Photospace,70618.27,PLN
Jessica,George,jgeorge1@oracle.com,Palestinian Territory,Female,Jaba‘,Rhynyx,89277.33,ILS
Wanda,Marshall,wmarshall2@usgs.gov,Philippines,Female,Doong,Flashpoint,79629.43,PHP
Clarence,Black,cblack3@infoseek.co.jp,Philippines,Male,Lingion,Skipfire,18559.13,PHP
Antonio,Riley,ariley4@over-blog.com,China,Male,Hantang,Lajo,11102.81,CNY
Rachel,Martin,rmartin5@msn.com,Russia,Female,Petrovo-Dal’neye,Yabox,74810.32,RUB
William,Hansen,whansen6@wisc.edu,Equatorial Guinea,Male,Bicurga,Gabspot,,XAF
Laura,Dixon,ldixon7@so-net.ne.jp,Syria,Female,Muḩambal,Thoughtworks,85158.40,SYP
Aaron,Pierce,apierce8@techcrunch.com,Mexico,Male,La Esperanza,Eazzy,19676.79,MXN
Jimmy,Reed,jreed9@newyorker.com,United States,Male,Jamaica,Yodoo,,USD
Mary,Hall,mhalla@hc360.com,Argentina,Female,Firmat,Twitterwire,,ARS
Brian,Armstrong,barmstrongb@sbwire.com,Czech Republic,Male,Čáslav,Flipbug,43282.39,CZK
Aaron,Lawson,alawsonc@ed.gov,Ivory Coast,Male,Touba,Kanoodle,2241.33,XOF
Randy,Ortiz,rortizd@youtube.com,China,Male,Laiguangying,Babblestorm,15887.04,CNY
Doris,Montgomery,dmontgomerye@goo.ne.jp,Poland,Female,Drohiczyn,Fivespan,73078.33,PLN
Jason,Wheeler,jwheelerf@pagesperso-orange.fr,Russia,Male,Verkhniy Landekh,Wikizz,7865.66,RUB
Philip,Sanders,psandersg@elpais.com,Yemen,Male,Al Qanāwiş,Realbuzz,47486.82,YER
Ann,Green,agreenh@npr.org,Czech Republic,Female,Petřvald,Babbleopia,45645.03,CZK
Jason,West,jwesti@icq.com,New Zealand,Male,Turangi,Tagcat,53151.98,NZD
Harold,White,hwhitej@cnn.com,United States,Male,Birmingham,Mycat,98221.30,USD
John,Evans,jevansk@networksolutions.com,Sweden,Male,Åstorp,Omba,31956.57,SEK
Tina,Reid,treidl@reference.com,China,Female,Bayan Qagan,Wordpedia,85107.47,CNY
Tammy,Williams,twilliamsm@biglobe.ne.jp,South Africa,Female,Oudtshoorn,Rhynoodle,,ZAR
Betty,Knight,bknightn@youtube.com,China,Female,Beiqi,Topicstorm,17469.96,CNY
Annie,Reid,areido@ucla.edu,Iceland,Female,Sandgerði,Gabspot,61222.93,ISK
Chris,Jordan,cjordanp@unicef.org,Kazakhstan,Male,Sarykemer,Zooveo,83008.41,KZT
Nicholas,Stevens,nstevensq@blogs.com,Poland,Male,Złota,Demizz,,PLN
Antonio,Murphy,amurphyr@aboutads.info,El Salvador,Male,San Marcos,Meemm,10246.10,USD
Catherine,Hunt,chunts@prlog.org,Russia,Female,Boksitogorsk,Devify,,RUB
Andrea,Hernandez,ahernandezt@myspace.com,Indonesia,Female,Purbalingga,Eazzy,24225.14,IDR
Judith,Henderson,jhendersonu@java.com,Ukraine,Female,Melioratyvne,Skilith,5972.27,UAH
Carlos,Stanley,cstanleyv@sbwire.com,China,Male,Erping,Jaxworks,2600.48,CNY
Andrea,Simmons,asimmonsw@alexa.com,Azerbaijan,Female,Pushkino,Skilith,71503.66,AZN
Kelly,Pierce,kpiercex@smugmug.com,China,Female,Suyang,Skaboo,8515.14,CNY
Brandon,Phillips,bphillipsy@accuweather.com,China,Male,Xuyong,Voonder,46808.18,CNY
Theresa,Brooks,tbrooksz@lycos.com,Peru,Female,Asia,Dynazzy,4532.22,PEN
Fred,Ryan,fryan10@ihg.com,France,Male,Angoulême,Babbleblab,19668.59,EUR
Carl,Crawford,ccrawford11@sun.com,Indonesia,Male,Culeng,Edgeclub,44489.71,IDR
Jason,Henderson,jhenderson12@tamu.edu,Philippines,Male,Tubli,Dabvine,78358.91,PHP
Heather,Martin,hmartin13@scientificamerican.com,Nigeria,Female,Gambaru,Babbleset,29220.05,NGN
Kathryn,Thomas,kthomas14@theglobeandmail.com,Indonesia,Female,Cikadondongdesa,Linkbuzz,60894.43,IDR
Randy,Torres,rtorres15@phoca.cz,Indonesia,Male,Tawaran,Jabbercube,82008.07,IDR
Jane,Kelly,jkelly16@epa.gov,South Africa,Female,Elliot,Eadel,63037.92,ZAR
Brandon,Cunningham,bcunningham17@netvibes.com,Greece,Male,Prómachoi,Lazz,,EUR
Lillian,Cooper,lcooper18@bing.com,Portugal,Female,Vila Maior,Yodel,32565.81,EUR
Aaron,Russell,arussell19@ycombinator.com,Netherlands,Male,Heemskerk,Ainyx,20347.35,EUR
Martha,Hanson,mhanson1a@fotki.com,Bolivia,Female,Mizque,Bubbletube,47355.13,BOB
Cynthia,Willis,cwillis1b@ibm.com,China,Female,Mingzhong,Vinte,2397.26,CNY
Kathy,Rivera,krivera1c@odnoklassniki.ru,El Salvador,Female,Zacatecoluca,Aimbu,60237.75,USD
Billy,Turner,bturner1d@mapquest.com,China,Male,Liancheng,Edgewire,88395.69,CNY
Rachel,Johnson,rjohnson1e@jiathis.com,Japan,Female,Sasebo,Eazzy,7730.78,JPY
Pamela,Matthews,pmatthews1f@mozilla.org,Peru,Female,Longotea,Yozio,18952.02,PEN
Nicole,Lane,nlane1g@devhub.com,China,Female,Yidu,Twitterbeat,11296.54,CNY
Ashley,Cooper,acooper1h@newsvine.com,New Zealand,Female,Maketu,Skalith,17607.53,NZD
Nancy,Gordon,ngordon1i@51.la,Belarus,Female,Brahin,Voolia,78740.86,BYR
Benjamin,Morris,bmorris1j@domainmarket.com,China,Male,Minshan,Twimm,91906.51,CNY
Dorothy,Holmes,dholmes1k@cnet.com,China,Female,Yanshang,Thoughtstorm,57684.20,CNY
Sean,Roberts,sroberts1l@state.tx.us,Portugal,Male,Alcáçovas,Topicshots,49921.92,EUR
Theresa,Boyd,tboyd1m@usgs.gov,China,Female,Jiufeng,Tavu,37089.66,CNY
Amy,Watkins,awatkins1n@who.int,Poland,Female,Wielka Wieś,Thoughtbridge,23459.96,PLN
Arthur,Ferguson,aferguson1o@microsoft.com,China,Male,Dadianzi,Skipstorm,25458.47,CNY
Nicholas,Chavez,nchavez1p@4shared.com,Tajikistan,Male,Ishqoshim,Fivespan,84299.03,TJS
Frances,Burns,fburns1q@businesswire.com,Indonesia,Female,Cimanggu,Twimbo,71145.93,IDR
Larry,Hamilton,lhamilton1r@bandcamp.com,Indonesia,Male,Lukrejo,Devpoint,59732.01,IDR
Joshua,Hayes,jhayes1s@tamu.edu,Serbia,Male,Aradac,Gabtype,17574.11,RSD
Carl,Cruz,ccruz1t@jigsy.com,Malawi,Male,Kasungu,Izio,92623.89,MWK
Terry,Burton,tburton1u@ebay.com,Colombia,Male,Cali,Photojam,5834.66,COP
Ernest,Gibson,egibson1v@fotki.com,Portugal,Male,Mujães,Linklinks,2110.87,EUR
Amy,Garza,agarza1w@adobe.com,China,Female,Hengshui,Quamba,87899.51,CNY
Joe,Davis,jdavis1x@businesswire.com,Sweden,Male,Kista,Tazz,59900.09,SEK
Eugene,Fuller,efuller1y@xinhuanet.com,Brazil,Male,Coxim,Buzzdog,4667.44,BRL
George,Thomas,gthomas1z@digg.com,Colombia,Male,El Carmen de Bolívar,Rhynyx,36365.11,COP
Robin,Turner,rturner20@infoseek.co.jp,China,Female,Simapu,Plambee,,CNY
Patricia,Webb,pwebb21@shop-pro.jp,China,Female,Jiuxian,Innotype,64272.51,CNY
Russell,Miller,rmiller22@sourceforge.net,Canada,Male,Gananoque,Meemm,84618.21,CAD
Judy,Hawkins,jhawkins23@phoca.cz,France,Female,Paris 06,Voonyx,,EUR
Tina,Reynolds,treynolds24@yahoo.com,Thailand,Female,Kham Sakae Saeng,Bluezoom,21282.40,THB
Anne,Chapman,achapman25@berkeley.edu,Philippines,Female,Pila,Yotz,47440.75,PHP
Andrea,Berry,aberry26@census.gov,Philippines,Female,Tigbao,Agivu,63214.44,PHP
Harry,Hamilton,hhamilton27@uiuc.edu,China,Male,Haicheng,Skimia,,CNY
Sara,Reid,sreid28@behance.net,Thailand,Female,Tha Bo,Vidoo,27416.63,THB
Mildred,Campbell,mcampbell29@statcounter.com,France,Female,Brest,Minyx,8101.89,EUR
Susan,Williams,swilliams2a@gov.uk,Portugal,Female,Gandra,Pixoboo,54254.72,EUR
Stephen,Stephens,sstephens2b@dyndns.org,Canada,Male,Selkirk,Dablist,26108.87,CAD
Walter,Hayes,whayes2c@howstuffworks.com,Greece,Male,Náfplio,Tagchat,59039.07,EUR
Tina,Cunningham,tcunningham2d@apple.com,China,Female,Hongtang,Yodel,39057.44,CNY
Kathleen,Phillips,kphillips2e@google.ru,Ivory Coast,Female,Agnibilékrou,Edgetag,62667.22,XOF
Karen,Wells,kwells2f@sfgate.com,Indonesia,Female,Kanginan,Babbleset,79287.99,IDR
Melissa,Powell,mpowell2g@pagesperso-orange.fr,Czech Republic,Female,Prostřední Bečva,Lajo,99431.72,CZK
Jesse,Burton,jburton2h@blogs.com,Bulgaria,Male,Perushtitsa,Meetz,83392.20,BGN
Roger,Garrett,rgarrett2i@google.it,Portugal,Male,Santa Cristina Couto,Leenti,,EUR
Raymond,Gibson,rgibson2j@multiply.com,Czech Republic,Male,Strašice,Wikizz,60544.98,CZK
Katherine,Green,kgreen2k@cloudflare.com,Japan,Female,Kameoka,Ainyx,6906.12,JPY
Angela,Alexander,aalexander2l@newsvine.com,Taiwan,Female,Jincheng,Oyoloo,19996.56,TWD
Brandon,Stewart,bstewart2m@moonfruit.com,Thailand,Male,Ban Phaeo,Devpoint,30318.91,THB
Joe,Cooper,jcooper2n@disqus.com,Guinea,Male,Pita,Skibox,45659.62,GNF
Gerald,Morales,gmorales2o@reuters.com,Brazil,Male,Ilhabela,Skimia,19269.37,BRL
Steven,Anderson,sanderson2p@oaic.gov.au,Poland,Male,Spiczyn,Roomm,29205.80,PLN
Joe,Carroll,jcarroll2q@arstechnica.com,China,Male,Chuangye,Gevee,,CNY
Rachel,Gutierrez,rgutierrez2r@netvibes.com,Belarus,Female,Malaryta,Rooxo,28887.70,BYR
David,Morales,dmorales2s@bigcartel.com,China,Male,Zhamao,Rhynoodle,34939.26,CNY
John,Romero,jromero2t@about.com,Russia,Male,Zarechnyy,Photolist,48693.85,RUB
Christine,Washington,cwashington2u@nih.gov,Indonesia,Female,Sukadana Selatan,Bubblebox,20046.35,IDR
Donald,Wells,dwells2v@imdb.com,Russia,Male,Ladozhskaya,Divanoodle,20272.10,RUB
Martin,Simmons,msimmons2w@phpbb.com,China,Male,Wenshao,Dabvine,38843.08,CNY
Jose,Thomas,jthomas2x@skype.com,Philippines,Male,Acli,Kwideo,75097.88,PHP
Keith,Perez,kperez2y@phoca.cz,Brazil,Male,São João dos Inhamuns,Photolist,68713.77,BRL
Sara,Rice,srice2z@ehow.com,Nigeria,Female,Ijebu-Ife,Fivespan,,NGN
Eric,Wilson,ewilson30@themeforest.net,Dominican Republic,Male,Majagual,Ailane,14799.24,DOP
Evelyn,Bradley,ebradley31@shareasale.com,Brazil,Female,Jataí,Jetpulse,86227.15,BRL
Anna,Morales,amorales32@admin.ch,Croatia,Female,Belišće,Trilith,83542.17,HRK
Jane,Austin,jaustin33@php.net,Poland,Female,Stary Sącz,Oyoba,89078.92,PLN
Jimmy,Alvarez,jalvarez34@ibm.com,Sierra Leone,Male,Bumpe,Ntags,12516.44,SLL
Theresa,Riley,triley35@yelp.com,Philippines,Female,Carmen,Tagtune,64882.28,PHP
Alice,Lee,alee36@ft.com,Zambia,Female,Petauke,Topicstorm,,ZMW
Earl,Perry,eperry37@unesco.org,Guatemala,Male,El Estor,Flipstorm,62415.80,GTQ
Tammy,Wagner,twagner38@cafepress.com,Nigeria,Female,Yajiwa,LiveZ,37328.41,NGN
Margaret,Green,mgreen39@multiply.com,Estonia,Female,Võhma,Fatz,75899.37,EUR
Shawn,White,swhite3a@redcross.org,China,Male,Tangtuzhui,Ainyx,45991.07,CNY
George,Price,gprice3b@photobucket.com,Nigeria,Male,Obubra,Twitterworks,92021.67,NGN
Antonio,Johnston,ajohnston3c@devhub.com,Indonesia,Male,Tengah,Thoughtstorm,51959.34,IDR
Joyce,Bennett,jbennett3d@nih.gov,China,Female,Laxiong,Dazzlesphere,,CNY
Edward,Woods,ewoods3e@mit.edu,China,Male,Jinfeng,Twitterlist,79.76,CNY
Gloria,Simpson,gsimpson3f@google.fr,Kazakhstan,Female,Kokterek,DabZ,38102.44,KZT
Anne,Rogers,arogers3g@list-manage.com,Mongolia,Female,Dzüünbulag,Realpoint,15010.51,MNT
Emily,Nguyen,enguyen3h@hc360.com,Indonesia,Female,Kradinan,Lazzy,37961.27,IDR
Wayne,Welch,wwelch3i@comsenz.com,China,Male,Nanhai,Yadel,31261.80,CNY
Ann,Harris,aharris3j@imdb.com,China,Female,Xinyi,Realpoint,64771.75,CNY
Stephen,Howard,showard3k@bandcamp.com,Russia,Male,Svetogorsk,Zoomzone,44030.60,RUB
Virginia,Mills,vmills3l@topsy.com,Ukraine,Female,Bila Tserkva,Zoovu,57040.79,UAH
Steve,Sanders,ssanders3m@indiatimes.com,China,Male,Yangzi Jianglu,Lajo,7090.00,CNY
Jessica,Schmidt,jschmidt3n@wikipedia.org,Indonesia,Female,Nangtang,Abatz,45067.36,IDR
James,Smith,jsmith3o@privacy.gov.au,Croatia,Male,Tisno,Thoughtworks,35178.91,HRK
Ernest,Martin,emartin3p@github.io,China,Male,Shangcheng Chengguanzhen,Voolia,8386.06,CNY
Catherine,Frazier,cfrazier3q@goo.ne.jp,Philippines,Female,Torrijos,Voolith,,PHP
Teresa,Cruz,tcruz3r@wikimedia.org,Ethiopia,Female,Giyon,Agimba,90108.43,ETB
Karen,Simpson,ksimpson3s@house.gov,Egypt,Female,Mallawī,Kare,53771.20,EGP
Catherine,Turner,cturner3t@slashdot.org,China,Female,Shaheying,Babblestorm,,CNY
Rose,Harris,rharris3u@purevolume.com,China,Female,Songping,Gigashots,,CNY
Rebecca,Weaver,rweaver3v@newyorker.com,China,Female,Huangban,Oyope,13341.95,CNY
Terry,Diaz,tdiaz3w@statcounter.com,Nigeria,Male,Katsina,Ooba,34283.35,NGN
Nancy,Hill,nhill3x@usgs.gov,Indonesia,Female,Magepanda,Linkbridge,2433.24,IDR
Kelly,Dunn,kdunn3y@mit.edu,Indonesia,Female,Mondoteko,Realbuzz,20542.43,IDR
Russell,Cruz,rcruz3z@shareasale.com,Indonesia,Male,Bucu Kidul,Midel,44876.53,IDR
Lois,Baker,lbaker40@oaic.gov.au,Russia,Female,Srednebelaya,Buzzster,,RUB
Katherine,Morales,kmorales41@desdev.cn,Ireland,Female,Crossmolina,Zoovu,95245.83,EUR
Annie,Martin,amartin42@devhub.com,Sweden,Female,Eskilstuna,Teklist,28892.08,SEK
Eugene,Berry,eberry43@networkadvertising.org,Russia,Male,Kuzhorskaya,Gigabox,11755.16,RUB
Martha,Grant,mgrant44@bluehost.com,Philippines,Female,Masantol,Plambee,,PHP
Sean,Meyer,smeyer45@independent.co.uk,Japan,Male,Yuza,Midel,67769.91,JPY
Joshua,West,jwest46@w3.org,Peru,Male,Sayán,Pixoboo,15915.30,PEN
Lawrence,Hansen,lhansen47@delicious.com,Ukraine,Male,Chapayeve,Blogspan,,UAH
Cynthia,Bryant,cbryant48@google.es,Portugal,Female,Bicas,Dynabox,275.88,EUR
Brandon,Wagner,bwagner49@ft.com,China,Male,Jindaoxia,Voonyx,44370.56,CNY
Tammy,Scott,tscott4a@mediafire.com,China,Female,Shajing,Kaymbo,61465.41,CNY
Amy,Larson,alarson4b@amazon.de,Brazil,Female,Itajubá,Twitterlist,50606.32,BRL
Eugene,Wheeler,ewheeler4c@angelfire.com,Micronesia,Male,Oneop,Skimia,39780.69,USD
Ryan,Castillo,rcastillo4d@studiopress.com,Brazil,Male,Alagoinhas,Jabberbean,37050.01,BRL
Jose,Butler,jbutler4e@purevolume.com,Mexico,Male,Magdaleno Aguilar,Jayo,,MXN
Beverly,Warren,bwarren4f@fotki.com,Vietnam,Female,Ia Kha,Jaxspan,83031.12,VND
Martha,Henderson,mhenderson4g@icio.us,Tunisia,Female,Banī Ḩassān,Voolith,92638.78,TND
Emily,Grant,egrant4h@whitehouse.gov,Thailand,Female,Chamni,Trudeo,45818.62,THB
Roger,Frazier,rfrazier4i@pbs.org,Canada,Male,Harrison Brook,Shuffletag,2526.12,CAD
Kathryn,Moore,kmoore4j@xinhuanet.com,Brazil,Female,Serra Talhada,Photobug,53714.93,BRL
Denise,Coleman,dcoleman4k@ucoz.ru,China,Female,Dana,Fivespan,,CNY
Jane,Jackson,jjackson4l@ted.com,Honduras,Female,Santa Cruz,Zoovu,81736.26,HNL
Joyce,Schmidt,jschmidt4m@aol.com,Zimbabwe,Female,Chakari,Pixonyx,47560.09,ZWL
Lisa,Robertson,lrobertson4n@baidu.com,Honduras,Female,Goascorán,Linklinks,,HNL
Ralph,Jones,rjones4o@usatoday.com,Portugal,Male,Eira da Pedra,Omba,27707.21,EUR
Carlos,Hall,chall4p@examiner.com,Brazil,Male,Lajeado,Browseblab,70774.84,BRL
Sharon,Robertson,srobertson4q@privacy.gov.au,Canada,Female,Dorchester,Vinte,10698.69,CAD
Carl,Lane,clane4r@archive.org,Greece,Male,Lianokládhion,Voolia,31567.06,EUR
Kevin,Henderson,khenderson4s@ucoz.ru,China,Male,Zhuoshui,Babbleblab,17196.66,CNY
Rebecca,Greene,rgreene4t@etsy.com,Portugal,Female,Igreja,Abatz,15915.69,EUR
Benjamin,Cox,bcox4u@livejournal.com,Ethiopia,Male,Bahir Dar,Voonder,35087.95,ETB
Kimberly,Tucker,ktucker4v@opera.com,France,Female,Besançon,Jabbersphere,75413.01,EUR
Julia,Torres,jtorres4w@examiner.com,Argentina,Female,Plottier,Divape,16931.43,ARS
Diane,Harris,dharris4x@google.es,China,Female,Rongdoi,Thoughtbeat,72323.25,CNY
Katherine,Wood,kwood4y@jiathis.com,China,Female,Shayu,Ainyx,61926.16,CNY
Martha,Adams,madams4z@barnesandnoble.com,Indonesia,Female,Kedungtuban,Wordpedia,3463.22,IDR
Sharon,Wright,swright50@thetimes.co.uk,Iraq,Female,‘Afak,Vitz,87440.78,IQD
William,Hayes,whayes51@wordpress.com,Ukraine,Male,Lanchyn,Vipe,35829.40,UAH
Evelyn,Collins,ecollins52@boston.com,Philippines,Female,Sinilian First,Brainlounge,17282.12,PHP
Justin,Murray,jmurray53@google.de,Russia,Male,Kazanskaya,Edgewire,30410.60,RUB
Martin,Sullivan,msullivan54@123-reg.co.uk,France,Male,Libourne,Browsetype,63265.23,EUR
Craig,Stanley,cstanley55@toplist.cz,Finland,Male,Riihimäki,Snaptags,24203.14,EUR
John,Woods,jwoods56@whitehouse.gov,Netherlands,Male,Breda,Flipstorm,12643.91,EUR
Sean,Adams,sadams57@fastcompany.com,China,Male,Jiabeiyan,Jaxworks,,CNY
Debra,Jacobs,djacobs58@mysql.com,China,Female,Jiexiu,Camido,42007.14,CNY
Janice,Brown,jbrown59@addtoany.com,Spain,Female,"Palmas De Gran Canaria, Las",Devcast,10553.64,EUR
Kathryn,Bell,kbell5a@cbc.ca,China,Female,Sihe,Camido,83973.43,CNY
Lisa,Turner,lturner5b@cam.ac.uk,Sweden,Female,Strömsnäsbruk,Wordify,56268.63,SEK
Sarah,Larson,slarson5c@mediafire.com,China,Female,Yancheng,Yakijo,76264.21,CNY
Rachel,Carter,rcarter5d@sphinn.com,Brazil,Female,Naviraí,Photobug,94442.55,BRL
Paula,Hanson,phanson5e@dion.ne.jp,Russia,Female,Minusinsk,Ailane,37200.92,RUB
Sarah,Reynolds,sreynolds5f@cpanel.net,Russia,Female,Lakkha Nëvre,Tagtune,7424.61,RUB
Joe,Clark,jclark5g@ning.com,China,Male,Huapi,Ainyx,,CNY
Joshua,Welch,jwelch5h@nydailynews.com,Ireland,Male,Dungarvan,Livefish,93585.82,EUR
Wanda,Collins,wcollins5i@sfgate.com,Mexico,Female,Francisco Villa,Tekfly,49379.84,MXN
Nicholas,Gonzalez,ngonzalez5j@toplist.cz,Indonesia,Male,Anin,Divanoodle,99257.56,IDR
Ronald,Gilbert,rgilbert5k@uol.com.br,Chile,Male,Cochrane,Avamba,9724.46,CLP
Pamela,Hughes,phughes5l@reverbnation.com,Afghanistan,Female,Khāsh,Riffpedia,78984.10,AFN
Aaron,Foster,afoster5m@engadget.com,China,Male,Xixiang,Browsedrive,94988.33,CNY
Amanda,Morris,amorris5n@un.org,China,Female,Datong,Zoombeat,17423.71,CNY
Steve,Parker,sparker5o@skype.com,United States,Male,Portland,Buzzshare,84228.21,USD
Joshua,Stone,jstone5p@yandex.ru,Ivory Coast,Male,Adzopé,Flashpoint,13486.51,XOF
William,Fowler,wfowler5q@usgs.gov,China,Male,Hengxi,Realfire,26346.41,CNY
Bruce,Hansen,bhansen5r@craigslist.org,Panama,Male,La Colorada,Aimbu,67639.82,PAB
Theresa,Hernandez,thernandez5s@comsenz.com,China,Female,Liren,Browsezoom,80228.83,CNY
Ronald,Gomez,rgomez5t@4shared.com,Japan,Male,Maebashi-shi,Fatz,,JPY
Emily,Ramos,eramos5u@businessinsider.com,Brazil,Female,Palhoça,Brainbox,46005.24,BRL
Lois,Simpson,lsimpson5v@topsy.com,Denmark,Female,Frederiksberg,Mycat,1246.53,DKK
Laura,Russell,lrussell5w@smh.com.au,Belarus,Female,Orsha,Ozu,,BYR
Gloria,Griffin,ggriffin5x@virginia.edu,Indonesia,Female,Bestala,Babbleopia,58704.92,IDR
Patrick,Ford,pford5y@icq.com,Portugal,Male,Presa,Rhynyx,62377.60,EUR
Robert,Stone,rstone5z@myspace.com,China,Male,Xiamayu,Quinu,,CNY
Stephen,Cole,scole60@wikia.com,Indonesia,Male,Maria,Aimbo,439.06,IDR
Alan,Richardson,arichardson61@ow.ly,China,Male,Xuyong,Quatz,40921.00,CNY
Heather,Washington,hwashington62@sina.com.cn,Philippines,Female,Santa Maria,Zoomzone,26387.08,PHP
Johnny,Taylor,jtaylor63@naver.com,Latvia,Male,Smiltene,Photobug,79587.01,EUR
Johnny,Hansen,jhansen64@dagondesign.com,France,Male,Épernay,Eidel,,EUR
Angela,Palmer,apalmer65@1und1.de,Mexico,Female,El Zapote,Teklist,6805.16,MXN
Mildred,Long,mlong66@blog.com,China,Female,Lingdong,Quire,35834.00,CNY
Deborah,Meyer,dmeyer67@cmu.edu,United States,Female,Fresno,Plajo,12961.63,USD
Marilyn,Franklin,mfranklin68@xinhuanet.com,Indonesia,Female,Bayuwan,Flipbug,35953.77,IDR
Jerry,Rodriguez,jrodriguez69@upenn.edu,Brazil,Male,Sete Lagoas,Thoughtstorm,75353.80,BRL
Russell,Hunt,rhunt6a@eventbrite.com,Russia,Male,Sokolovyy,Buzzshare,74775.99,RUB
Sarah,Porter,sporter6b@amazon.co.uk,China,Female,Yantianhe,Gabcube,92315.88,CNY
Ann,Freeman,afreeman6c@google.fr,United States,Female,Houston,Jabbersphere,46690.59,USD
Laura,Phillips,lphillips6d@barnesandnoble.com,Philippines,Female,Gasan,Fanoodle,40924.41,PHP
Christine,Collins,ccollins6e@cdbaby.com,Japan,Female,Nagasaki-shi,Yadel,94134.13,JPY
Johnny,Rose,jrose6f@csmonitor.com,Saudi Arabia,Male,Qal‘at Bīshah,Meembee,18488.54,SAR
Julia,Barnes,jbarnes6g@samsung.com,Ivory Coast,Female,Divo,Blogtags,55020.10,XOF
Joan,Henry,jhenry6h@aboutads.info,France,Female,Carpiquet,Feedbug,,EUR
Carlos,Shaw,cshaw6i@studiopress.com,Bulgaria,Male,Bratsigovo,Yabox,61150.60,BGN
Henry,Owens,howens6j@instagram.com,Sweden,Male,Stockholm,Meembee,65194.43,SEK
Edward,Riley,eriley6k@feedburner.com,Mexico,Male,Emiliano Zapata,Skyvu,73967.93,MXN
Cheryl,Arnold,carnold6l@wikipedia.org,Canada,Female,Beloeil,Meezzy,43383.94,CAD
Chris,Robertson,crobertson6m@flavors.me,Finland,Male,Uusikaupunki,Brainverse,661.29,EUR
Robert,Evans,revans6n@drupal.org,Peru,Male,Pucacaca,Thoughtsphere,53222.00,PEN
Evelyn,Harper,eharper6o@ca.gov,Sweden,Female,Jönköping,Yamia,41695.20,SEK
Susan,Scott,sscott6p@earthlink.net,Bangladesh,Female,Parbatipur,Trudoo,19588.14,BDT
Deborah,Mcdonald,dmcdonald6q@noaa.gov,Peru,Female,Mañazo,Voonix,,PEN
Susan,Bryant,sbryant6r@ocn.ne.jp,Colombia,Female,Mercaderes,Devbug,6411.46,COP
Teresa,Adams,tadams6s@marriott.com,China,Female,Huanglong,Mynte,44759.48,CNY
Ruth,Martinez,rmartinez6t@miitbeian.gov.cn,Indonesia,Female,Kalidawir,Skimia,61875.63,IDR
Doris,Boyd,dboyd6u@addthis.com,Poland,Female,Bolesławiec,Oyope,21659.61,PLN
Jack,Castillo,jcastillo6v@nih.gov,Egypt,Male,Ash Shaykh Zuwayd,Roodel,79944.29,EGP
Louise,Sullivan,lsullivan6w@toplist.cz,Indonesia,Female,Gombong,Oyoba,50154.95,IDR
James,Jones,jjones6x@washington.edu,Sweden,Male,Luleå,Skynoodle,52151.47,SEK
Sharon,Greene,sgreene6y@google.cn,Czech Republic,Female,Strážnice,Chatterbridge,51252.56,CZK
Virginia,Brown,vbrown6z@gmpg.org,Azerbaijan,Female,Xankandi,Layo,97507.59,AZN
George,George,ggeorge70@yolasite.com,Philippines,Male,San Vicente,Oyoyo,49040.36,PHP
Heather,Mills,hmills71@fema.gov,Philippines,Female,Cabatuan,Janyx,80019.90,PHP
Todd,Simpson,tsimpson72@intel.com,Portugal,Male,Fenais da Ajuda,Zoombox,40736.71,EUR
Karen,Elliott,kelliott73@unblog.fr,Paraguay,Female,San José,Brainlounge,50577.88,PYG
Sarah,Butler,sbutler74@admin.ch,Ireland,Female,Birr,Flashpoint,,EUR
Robert,Coleman,rcoleman75@smh.com.au,China,Male,Heyou,Gigabox,5206.65,CNY
Sara,Medina,smedina76@npr.org,Indonesia,Female,Likwatang Timur,Roodel,68119.97,IDR
Arthur,Howard,ahoward77@trellian.com,Russia,Male,Sheregesh,Meeveo,17570.85,RUB
Andrew,Simpson,asimpson78@live.com,Sweden,Male,Arboga,Oloo,67623.47,SEK
Lori,Coleman,lcoleman79@princeton.edu,China,Female,Gucheng,Voonte,37872.76,CNY
Anthony,Barnes,abarnes7a@army.mil,Honduras,Male,Chotepe,Flashdog,7488.53,HNL
Russell,Tucker,rtucker7b@google.fr,Portugal,Male,Picoto,Skinder,74309.73,EUR
Diane,Richards,drichards7c@seesaa.net,Serbia,Female,Sremska Mitrovica,LiveZ,46087.14,RSD
Kathy,Wilson,kwilson7d@google.es,China,Female,Yayao,Skinte,77893.61,CNY
Jesse,Mitchell,jmitchell7e@sakura.ne.jp,Russia,Male,Debesy,Pixope,64844.11,RUB
Patrick,Thompson,pthompson7f@paypal.com,Indonesia,Male,Pagak Kulon,Dazzlesphere,56075.42,IDR
Kathleen,Griffin,kgriffin7g@dion.ne.jp,Netherlands,Female,Heerlen,Plajo,3489.26,EUR
Kathy,Warren,kwarren7h@wunderground.com,Portugal,Female,Ronfe,Tavu,31593.78,EUR
Amy,Tucker,atucker7i@globo.com,Lithuania,Female,Dūkštas,Zava,34210.09,LTL
Patricia,Young,pyoung7j@liveinternet.ru,Chad,Female,Melfi,Zava,6535.03,XAF
Nicholas,Fields,nfields7k@mashable.com,Samoa,Male,Faleula,Trilia,40042.10,WST
Chris,Simmons,csimmons7l@mayoclinic.com,Ireland,Male,Ballymahon,Blogspan,91155.46,EUR
Shirley,Barnes,sbarnes7m@youtube.com,Czech Republic,Female,Dolní Studénky,Miboo,77909.20,CZK
Bobby,Dunn,bdunn7n@yahoo.co.jp,Brazil,Male,Nerópolis,Snaptags,29289.52,BRL
Mildred,Stanley,mstanley7o@addthis.com,Netherlands,Female,Zwolle,Skinix,53330.95,EUR
Laura,Mills,lmills7p@paypal.com,Syria,Female,Hisya,Shuffletag,69161.50,SYP
Virginia,Price,vprice7q@dedecms.com,China,Female,Shuangqiao,Feednation,74489.84,CNY
Kathryn,Gomez,kgomez7r@cnet.com,Japan,Female,Hisai,Tagtune,61822.21,JPY
Justin,Webb,jwebb7s@youtu.be,Serbia,Male,Šid,DabZ,36416.03,RSD
Juan,Price,jprice7t@blog.com,Bosnia and Herzegovina,Male,Stupari,Photobug,85463.55,BAM
Paul,Crawford,pcrawford7u@yandex.ru,China,Male,Lingkou,Roombo,540.99,CNY
Christine,Cole,ccole7v@hexun.com,Panama,Female,Chepo,Yodoo,92138.51,PAB
Martha,Gray,mgray7w@sina.com.cn,Venezuela,Female,El Limón,Feedfire,74744.93,VEF
Rose,Ward,rward7x@hatena.ne.jp,Pakistan,Female,Dokri,Wordware,84334.91,PKR
Tammy,Harvey,tharvey7y@tamu.edu,Brazil,Female,Taquari,Skimia,15637.25,BRL
Timothy,Pierce,tpierce7z@i2i.jp,Mexico,Male,Independencia,Miboo,38930.20,MXN
Juan,Dunn,jdunn80@skype.com,Tanzania,Male,Izazi,Realmix,63201.23,TZS
Brian,Alvarez,balvarez81@berkeley.edu,China,Male,Wangshi,Avamm,22727.30,CNY
Willie,Harvey,wharvey82@wunderground.com,Brazil,Male,Ribeirópolis,Jaxbean,,BRL
Martha,Wheeler,mwheeler83@meetup.com,China,Female,Zhenyuan,Thoughtsphere,20970.78,CNY
Denise,Richardson,drichardson84@wordpress.org,Portugal,Female,Pinhal da Marquesa,Skippad,48268.39,EUR
Shawn,Alvarez,salvarez85@creativecommons.org,China,Male,Zhaoqing,Chatterbridge,14741.46,CNY
Rachel,Powell,rpowell86@abc.net.au,Pakistan,Female,Mehmand Chak,Mudo,,PKR
Steven,Elliott,selliott87@nbcnews.com,Portugal,Male,Soito,Mudo,53347.21,EUR
Deborah,Lewis,dlewis88@stumbleupon.com,Russia,Female,Rozhdestveno,Gabvine,62250.80,RUB
Cynthia,Cooper,ccooper89@discovery.com,Philippines,Female,Libon,Oyondu,5178.14,PHP
Mark,Evans,mevans8a@naver.com,France,Male,Thionville,Meedoo,38868.90,EUR
Justin,Larson,jlarson8b@virginia.edu,China,Male,Shibajiazi,Gigazoom,98466.09,CNY
Patricia,Crawford,pcrawford8c@edublogs.org,China,Female,Nangong,Leenti,7281.74,CNY
Andrew,Tucker,atucker8d@ask.com,China,Male,Shuangqiao,Digitube,73637.75,CNY
Shirley,Hansen,shansen8e@twitter.com,Australia,Female,Australia Square,Izio,43834.19,AUD
Judith,Shaw,jshaw8f@feedburner.com,China,Female,Kangxung,Edgeify,74869.13,CNY
Bruce,Evans,bevans8g@archive.org,China,Male,Haizhouwobao,Ntag,15441.29,CNY
Peter,Bell,pbell8h@opensource.org,United States,Male,Wichita,Avamm,52286.03,USD
Willie,Bryant,wbryant8i@ucsd.edu,Portugal,Male,São Paio Merelim,Cogidoo,47803.08,EUR
Harold,Wagner,hwagner8j@yahoo.com,Afghanistan,Male,Herāt,Kaymbo,99938.55,AFN
Wayne,Sims,wsims8k@sciencedaily.com,China,Male,Zhucun,Thoughtworks,61987.71,CNY
Philip,Phillips,pphillips8l@cmu.edu,France,Male,Guéret,Skilith,8752.87,EUR
Kelly,Lynch,klynch8m@1und1.de,China,Female,Fangxiang,Eire,32625.59,CNY
Ruth,Burton,rburton8n@sina.com.cn,Greece,Female,Terpsithéa,Edgetag,20368.78,EUR
Debra,White,dwhite8o@psu.edu,Madagascar,Female,Soanierana Ivongo,Tazz,44895.32,MGA
Billy,Ford,bford8p@ucsd.edu,Switzerland,Male,Luzern,Zooxo,97517.60,CHF
Mark,Gonzales,mgonzales8q@fc2.com,Greece,Male,Pappadátes,Brainbox,30368.31,EUR
Phillip,Gibson,pgibson8r@wikipedia.org,China,Male,Longlisuo,Innojam,22305.02,CNY
Jennifer,James,jjames8s@tuttocitta.it,Belarus,Female,Buda-Kashalyova,Brightdog,39829.23,BYR
Stephen,Wagner,swagner8t@blogtalkradio.com,Russia,Male,Belovo,Brainverse,52135.71,RUB
Cheryl,Brooks,cbrooks8u@rambler.ru,Bermuda,Female,Hamilton,Dabvine,47929.91,BMD
Jason,Collins,jcollins8v@msn.com,Brazil,Male,Ponta Porã,Yakijo,91437.51,BRL
Judy,Lawson,jlawson8w@t.co,Mexico,Female,Manlio Fabio Altamirano,Yodo,22399.87,MXN
Teresa,Lynch,tlynch8x@rambler.ru,Switzerland,Female,Genève,Fatz,,CHF
Kimberly,West,kwest8y@amazon.com,China,Female,Guangming,Shufflester,96605.01,CNY
Nicole,Garcia,ngarcia8z@java.com,China,Female,Hezhi,Ozu,17194.69,CNY
Virginia,Hunt,vhunt90@kickstarter.com,Brazil,Female,Uarini,Tavu,93183.98,BRL
Christine,Wheeler,cwheeler91@google.com.hk,Japan,Female,Fukayachō,Myworks,,JPY
Douglas,Armstrong,darmstrong92@dailymail.co.uk,Ireland,Male,Kilmacanoge,Kwilith,30061.73,EUR
Bruce,James,bjames93@csmonitor.com,France,Male,Savigny-le-Temple,Dabvine,52804.86,EUR
Sandra,Thompson,sthompson94@businesswire.com,France,Female,Le Mans,Twitterlist,9833.85,EUR
Fred,Fox,ffox95@twitter.com,Portugal,Male,Pombal,Wikizz,83917.67,EUR
Paul,Wagner,pwagner96@gnu.org,China,Male,Sansheng,Mudo,19634.00,CNY
Donna,Gutierrez,dgutierrez97@myspace.com,United States,Female,Richmond,Eabox,26382.96,USD
Jean,Sims,jsims98@comcast.net,Cambodia,Female,Kampong Chhnang,Geba,4884.78,KHR
Frank,Oliver,foliver99@example.com,Afghanistan,Male,Jabal os Saraj,Oodoo,27546.98,AFN
Wanda,Carter,wcarter9a@typepad.com,Slovenia,Female,Radeče,Camido,86218.51,EUR
Jean,Cruz,jcruz9b@cnet.com,China,Female,Haixing,Twitterbridge,64305.99,CNY
Helen,Hawkins,hhawkins9c@mashable.com,China,Female,Caoxi,Devbug,8372.84,CNY
Louis,Myers,lmyers9d@devhub.com,Russia,Male,Petrodvorets,Jayo,27525.84,RUB
Linda,Lawrence,llawrence9e@ifeng.com,Sweden,Female,Edsbyn,Shuffletag,72854.69,SEK
Melissa,White,mwhite9f@networksolutions.com,Portugal,Female,Vale,Jabbersphere,27340.32,EUR
Stephen,Ellis,sellis9g@samsung.com,China,Male,Sanxi,Snaptags,443.51,CNY
Frances,Ramirez,framirez9h@csmonitor.com,Afghanistan,Female,Dū Qal‘ah,Yamia,43139.83,AFN
Tina,Sanchez,tsanchez9i@twitter.com,Indonesia,Female,Kademangan,Thoughtblab,59249.28,IDR
Kathryn,Oliver,koliver9j@nasa.gov,Portugal,Female,Folques,Topiclounge,29150.58,EUR
Linda,Armstrong,larmstrong9k@exblog.jp,France,Female,Courbevoie,Mita,75089.45,EUR
Jimmy,Perkins,jperkins9l@hc360.com,Palestinian Territory,Male,Al Judayrah,Gigaclub,84806.35,ILS
Juan,Bryant,jbryant9m@cbslocal.com,Indonesia,Male,Sumberngerjat,Jatri,22778.60,IDR
Russell,Flores,rflores9n@dailymail.co.uk,Lithuania,Male,Veisiejai,Realmix,,LTL
Lillian,Brown,lbrown9o@ask.com,Japan,Female,Kamogatachō-kamogata,Vidoo,23515.79,JPY
Adam,Morris,amorris9p@reverbnation.com,Poland,Male,Szczerców,Yodel,,PLN
Kathleen,Bennett,kbennett9q@about.com,Portugal,Female,Ponta Delgada,Oyoloo,,EUR
Michael,Bryant,mbryant9r@nyu.edu,Malawi,Male,Mulanje,Omba,,MWK
Todd,Daniels,tdaniels9s@un.org,Cuba,Male,San Miguel del Padrón,Voonyx,8182.90,CUP
Ernest,Campbell,ecampbell9t@epa.gov,Finland,Male,Muurla,Zoomlounge,47105.74,EUR
Jessica,Morrison,jmorrison9u@google.ru,China,Female,Pingshan,Browsezoom,22653.49,CNY
Paula,Marshall,pmarshall9v@cbc.ca,Palestinian Territory,Female,Bayt Maqdūm,Vimbo,25871.99,ILS
Brandon,Long,blong9w@ca.gov,Ivory Coast,Male,Tabou,Tavu,57269.49,XOF
Jessica,Harris,jharris9x@vinaora.com,Russia,Female,Starokucherganovka,Aivee,98811.44,RUB
Steve,Russell,srussell9y@chronoengine.com,Japan,Male,Yuza,Feedfish,82268.06,JPY
Maria,Perez,mperez9z@china.com.cn,Indonesia,Female,Argasari,Demivee,33686.89,IDR
Beverly,Welch,bwelcha0@constantcontact.com,China,Female,Huoche Xizhan,Twitternation,37971.86,CNY
Nancy,Fields,nfieldsa1@cbc.ca,Indonesia,Female,Banjar Bucu,Browsedrive,13321.41,IDR
Sean,Richards,srichardsa2@walmart.com,Portugal,Male,Beja,Quatz,98344.61,EUR
Mildred,Stevens,mstevensa3@jalbum.net,China,Female,Dalianhe,Yamia,15310.01,CNY
Maria,Reid,mreida4@umn.edu,Indonesia,Female,Talu,Dynabox,,IDR
Russell,Howard,rhowarda5@discuz.net,Poland,Male,Tymbark,Kwilith,56804.64,PLN
Tina,Mcdonald,tmcdonalda6@myspace.com,Portugal,Female,Foz do Arelho,Wordify,48947.12,EUR
George,Morgan,gmorgana7@psu.edu,France,Male,Saint-Chamond,Avamm,81154.44,EUR
James,Morris,jmorrisa8@posterous.com,China,Male,Haiyanmiao,Innotype,7064.80,CNY
Bonnie,Stewart,bstewarta9@amazon.co.jp,Uganda,Female,Bukomansimbi,Realfire,87527.82,UGX
Wanda,Mills,wmillsaa@deviantart.com,Solomon Islands,Female,Gizo,Babbleblab,18870.03,SBD
Rachel,Baker,rbakerab@istockphoto.com,Guatemala,Female,San Antonio Ilotenango,Voonte,96314.28,GTQ
Adam,Montgomery,amontgomeryac@webmd.com,Azerbaijan,Male,Xankandi,Meemm,,AZN
Harry,Bryant,hbryantad@parallels.com,Thailand,Male,Nakhon Pathom,Tavu,76955.92,THB
Maria,White,mwhiteae@webs.com,Greece,Female,Loúros,Skimia,40336.13,EUR
Heather,Diaz,hdiazaf@sbwire.com,China,Female,Jiulong,Photolist,75213.34,CNY
Martha,Myers,mmyersag@pen.io,China,Female,Anjia,Fiveclub,46374.88,CNY
Russell,Stevens,rstevensah@studiopress.com,Poland,Male,Rokietnica,Thoughtsphere,18692.38,PLN
Julia,Ellis,jellisai@exblog.jp,China,Female,Fengshan,Quimm,99996.42,CNY
Gregory,Turner,gturneraj@live.com,Ukraine,Male,Ovruch,Mycat,42996.04,UAH
Andrew,Ruiz,aruizak@washingtonpost.com,Serbia,Male,Priboj,Centidel,37856.07,RSD
Donna,Nguyen,dnguyenal@marketwatch.com,France,Female,Nancy,Aibox,17899.24,EUR
Randy,Nichols,rnicholsam@phoca.cz,United States,Male,Sacramento,Dynabox,76243.60,USD
Maria,Vasquez,mvasquezan@xrea.com,Russia,Female,Beloyarskiy,Ntag,,RUB
Jeremy,King,jkingao@furl.net,China,Male,Fucheng,Voolith,13130.79,CNY
Rose,Mccoy,rmccoyap@cocolog-nifty.com,Czech Republic,Female,Nedašov,Avavee,45359.36,CZK
Stephen,Young,syoungaq@yolasite.com,Ivory Coast,Male,Arrah,DabZ,67076.20,XOF
Lillian,Williams,lwilliamsar@yellowpages.com,Portugal,Female,Boucinha,Thoughtbeat,,EUR
Henry,Reyes,hreyesas@facebook.com,China,Male,Nanlü,Zoomcast,38213.17,CNY
Wanda,Hicks,whicksat@sourceforge.net,Russia,Female,Nevinnomyssk,Photobug,37047.34,RUB
Johnny,Brown,jbrownau@quantcast.com,Philippines,Male,Palestina,Mydo,86531.04,PHP
Roger,Gardner,rgardnerav@abc.net.au,Thailand,Male,Nikhom Kham Soi,Oyoba,,THB
Kathy,Medina,kmedinaaw@globo.com,United States,Female,San Antonio,Katz,57611.57,USD
Doris,Crawford,dcrawfordax@deviantart.com,Poland,Female,Osiedle-Nowiny,Flashpoint,1153.06,PLN
Stephen,Hunter,shunteray@washington.edu,China,Male,Xiashuitou,Omba,14455.01,CNY
Nancy,Butler,nbutleraz@wordpress.com,Indonesia,Female,Bangker,Twitternation,47748.25,IDR
Ronald,Austin,raustinb0@vistaprint.com,Brazil,Male,Gandu,Eimbee,,BRL
Walter,Lawson,wlawsonb1@dyndns.org,Indonesia,Male,Mensalong,Skimia,11729.30,IDR
Donna,Hamilton,dhamiltonb2@businesswire.com,Argentina,Female,Loreto,Gigabox,14637.17,ARS
Jane,Garrett,jgarrettb3@seesaa.net,Indonesia,Female,Sempu,Eadel,56073.98,IDR
Kenneth,Evans,kevansb4@ameblo.jp,Belarus,Male,Tsimkavichy,Flipbug,50981.41,BYR
Lois,Bell,lbellb5@wsj.com,Philippines,Female,Cigaras,Edgeify,14627.18,PHP
Andrea,Collins,acollinsb6@mayoclinic.com,Russia,Female,Ryazanskiy,Zazio,12231.17,RUB
Diane,White,dwhiteb7@addthis.com,Philippines,Female,Mauhao,Jabberstorm,98260.12,PHP
Dorothy,Johnson,djohnsonb8@examiner.com,Greece,Female,Lápas,Wikizz,61155.73,EUR
Deborah,Cole,dcoleb9@pagesperso-orange.fr,Egypt,Female,Al Jamālīyah,Skinder,65412.73,EGP
Katherine,Grant,kgrantba@yellowbook.com,Russia,Female,Kharabali,Npath,15674.30,RUB
Sharon,Riley,srileybb@msu.edu,China,Female,Baoyang,Oloo,95952.52,CNY
Katherine,Simpson,ksimpsonbc@google.fr,Libya,Female,Tripoli,Trupe,62191.87,LYD
Walter,Harper,wharperbd@twitpic.com,Brazil,Male,Porto Ferreira,Devpoint,31457.59,BRL
Deborah,Jenkins,djenkinsbe@1688.com,Estonia,Female,Paldiski,Janyx,94870.00,EUR
Charles,Willis,cwillisbf@amazon.co.jp,China,Male,Mizhou,Twitterbridge,71224.92,CNY
Patrick,Tucker,ptuckerbg@baidu.com,Mexico,Male,18 de Marzo,Zoonoodle,90937.74,MXN
Shawn,Garza,sgarzabh@ask.com,Indonesia,Male,Bedadung Kulon,Zoomdog,99535.25,IDR
Timothy,Ford,tfordbi@mac.com,Argentina,Male,Curuzú Cuatiá,Jabberstorm,95351.12,ARS
Christopher,Miller,cmillerbj@slideshare.net,Russia,Male,Ust’-Kachka,Mynte,97945.60,RUB
Michael,Wells,mwellsbk@jalbum.net,Serbia,Male,Bujanovac,Gigabox,25271.93,RSD
Sean,Moore,smoorebl@cisco.com,Indonesia,Male,Kradinan,Mycat,48143.24,IDR
Benjamin,Meyer,bmeyerbm@narod.ru,Poland,Male,Chmielno,Zoovu,,PLN
Kevin,Jacobs,kjacobsbn@comcast.net,Brazil,Male,Currais Novos,Eire,66155.55,BRL
Victor,Sanders,vsandersbo@wufoo.com,China,Male,Huhe,Jabbersphere,,CNY
Brandon,Cooper,bcooperbp@istockphoto.com,Norway,Male,Alta,Yabox,83233.50,NOK
Wayne,Gardner,wgardnerbq@zdnet.com,Somalia,Male,Baardheere,Trunyx,,SOS
Jacqueline,Bailey,jbaileybr@w3.org,Russia,Female,Ishkhoy-Yurt,Aibox,60936.03,RUB
Joan,Jones,jjonesbs@friendfeed.com,China,Female,Litian,Mymm,33036.15,CNY
Jason,Harvey,jharveybt@odnoklassniki.ru,China,Male,Touzao,Jabbertype,51936.61,CNY
Thomas,Ramos,tramosbu@devhub.com,Gabon,Male,Omboué,LiveZ,74893.50,XAF
Diana,Hamilton,dhamiltonbv@biblegateway.com,Iraq,Female,Nahiyat Ghammas,Rooxo,5359.68,IQD
Maria,Ford,mfordbw@freewebs.com,Indonesia,Female,Kadugede,Thoughtblab,19992.77,IDR
Sandra,Griffin,sgriffinbx@virginia.edu,China,Female,Baizhang,Yakidoo,19398.23,CNY
Shawn,Gray,sgrayby@macromedia.com,Colombia,Male,San Juan del Cesar,Skyvu,44605.15,COP
Gary,Tucker,gtuckerbz@hao123.com,United States,Male,Garden Grove,Ailane,6619.34,USD
Evelyn,Flores,efloresc0@home.pl,United States,Female,Lincoln,Fliptune,87525.40,USD
Benjamin,Garrett,bgarrettc1@cpanel.net,China,Male,Jinzhou,Riffpedia,77046.09,CNY
Douglas,Moreno,dmorenoc2@alexa.com,Czech Republic,Male,Železná Ruda,Eare,67022.05,CZK
Arthur,Kennedy,akennedyc3@abc.net.au,Russia,Male,Pallasovka,Vitz,96778.24,RUB
William,Baker,wbakerc4@usa.gov,Greece,Male,Alistráti,Jabbercube,35480.93,EUR
Betty,White,bwhitec5@zimbio.com,Syria,Female,Az Ziyārah,Dynabox,86831.49,SYP
Juan,James,jjamesc6@psu.edu,China,Male,Ke’erlun,Blogtags,44987.05,CNY
Rose,Patterson,rpattersonc7@devhub.com,Finland,Female,Malax,Trilith,4658.52,EUR
Theresa,Mitchell,tmitchellc8@china.com.cn,China,Female,Bajiao,Eimbee,69956.85,CNY
Lois,Ward,lwardc9@unblog.fr,Brazil,Female,Santa Gertrudes,Jazzy,86725.63,BRL
Ruth,Watkins,rwatkinsca@nba.com,China,Female,Guchang,Jazzy,77253.95,CNY
Andrew,Fernandez,afernandezcb@narod.ru,Zimbabwe,Male,Hwange,Riffwire,72164.12,ZWL
Helen,Ferguson,hfergusoncc@yolasite.com,Ukraine,Female,Krynychky,Yata,28929.05,UAH
Angela,Dean,adeancd@hatena.ne.jp,Philippines,Female,Antipolo,Avaveo,33936.04,PHP
Bonnie,Warren,bwarrence@jigsy.com,Libya,Female,Bardīyah,Yamia,62862.24,LYD
Ryan,Reed,rreedcf@rambler.ru,Sweden,Male,Göteborg,Twimm,25958.21,SEK
Douglas,Lane,dlanecg@cyberchimps.com,China,Male,Sanxi,Wikivu,20274.04,CNY
Gerald,Harrison,gharrisonch@cocolog-nifty.com,Indonesia,Male,Awilega,Avamm,40523.66,IDR
Angela,Brooks,abrooksci@google.it,Indonesia,Female,Gereneng,Meevee,70216.37,IDR
Sean,Larson,slarsoncj@nps.gov,Nigeria,Male,Matsena,Eidel,58699.19,NGN
Jessica,Fernandez,jfernandezck@issuu.com,Tanzania,Female,Mlangali,Babbleblab,77584.91,TZS
Gloria,Rodriguez,grodriguezcl@sohu.com,Vietnam,Female,Cai Doi Vam,Wordpedia,46111.20,VND
Marilyn,Gibson,mgibsoncm@prweb.com,France,Female,Laon,Babbleopia,35054.48,EUR
Charles,Crawford,ccrawfordcn@fastcompany.com,Denmark,Male,Frederiksberg,Blogspan,81692.08,DKK
John,Little,jlittleco@walmart.com,Philippines,Male,Becerril,Realfire,,PHP
Jerry,Webb,jwebbcp@digg.com,Tajikistan,Male,Ishqoshim,Mybuzz,39191.46,TJS
Steven,Carroll,scarrollcq@hibu.com,Peru,Male,Charat,Flipopia,9436.70,PEN
Diana,Henry,dhenrycr@time.com,Indonesia,Female,Padas,Fanoodle,8076.78,IDR
Pamela,Ferguson,pfergusoncs@geocities.com,China,Female,Lefengzhen,Mynte,67094.23,CNY
Ernest,Austin,eaustinct@vk.com,France,Male,Marne-la-Vallée,Zoombox,90261.06,EUR
Matthew,Ramirez,mramirezcu@indiegogo.com,Morocco,Male,Tizgane,Rhyzio,36944.80,MAD
Rose,Stone,rstonecv@symantec.com,Russia,Female,Kstovo,Shufflebeat,58217.34,RUB
Melissa,Tucker,mtuckercw@zimbio.com,China,Female,Namling,Thoughtmix,91526.97,CNY
Deborah,Wright,dwrightcx@state.gov,China,Female,Changqing,Devbug,60627.78,CNY
Judith,Taylor,jtaylorcy@examiner.com,China,Female,Gaoshibei,Gigashots,90231.96,CNY
Amanda,Kelly,akellycz@t.co,Philippines,Female,Roxas,Browsecat,50815.45,PHP
Kelly,Harvey,kharveyd0@slate.com,Poland,Female,Wilczyce,Yodo,,PLN
Jane,Day,jdayd1@cocolog-nifty.com,Brazil,Female,Guaçuí,Realpoint,44966.61,BRL
Samuel,Berry,sberryd2@cnn.com,Portugal,Male,São Domingos de Rana,Jabbersphere,46825.80,EUR
Ashley,Powell,apowelld3@etsy.com,Poland,Female,Krzykosy,Devify,92898.88,PLN
Jack,Reed,jreedd4@slashdot.org,Russia,Male,Izhmorskiy,Brainlounge,35033.22,RUB
Beverly,Duncan,bduncand5@over-blog.com,Croatia,Female,Podhum,Twinte,82266.21,HRK
Fred,Hanson,fhansond6@home.pl,China,Male,Baixi,Gabspot,77008.39,CNY
Ruth,Jenkins,rjenkinsd7@youtube.com,Poland,Female,Bukowina Tatrzańska,Gevee,24934.12,PLN
Joan,Hunter,jhunterd8@wordpress.org,Netherlands,Female,Leidschendam,Divape,11673.54,EUR
Jonathan,Hughes,jhughesd9@cisco.com,China,Male,Hainan,Eazzy,,CNY
Victor,Reynolds,vreynoldsda@tamu.edu,Indonesia,Male,Tualeu,Teklist,92466.19,IDR
Ruth,Griffin,rgriffindb@guardian.co.uk,Brazil,Female,Santa Rosa de Viterbo,Zazio,66003.88,BRL
Brandon,Foster,bfosterdc@tiny.cc,China,Male,Bor Ondor,Trupe,59788.48,CNY
Donald,Kelley,dkelleydd@stanford.edu,Panama,Male,El Progreso,Avavee,75318.01,PAB
Julie,Watkins,jwatkinsde@businessweek.com,Russia,Female,Tuapse,Oloo,48063.58,RUB
Cheryl,Burton,cburtondf@census.gov,Philippines,Female,Camaligan,Topdrive,11640.52,PHP
Katherine,Johnson,kjohnsondg@wix.com,Greece,Female,Neochóri,Kamba,95866.89,EUR
Brandon,Rice,bricedh@edublogs.org,Italy,Male,Roma,Myworks,55921.46,EUR
Andrew,Andrews,aandrewsdi@infoseek.co.jp,Iran,Male,Bīleh Savār,Meemm,14126.62,IRR
Michael,Murray,mmurraydj@mlb.com,China,Male,Heshan,Quamba,37274.64,CNY
Susan,Wagner,swagnerdk@apple.com,Chile,Female,Puyehue,Mybuzz,35168.59,CLP
James,Jackson,jjacksondl@reddit.com,Ukraine,Male,Berezne,Trunyx,,UAH
Carlos,Hunter,chunterdm@nbcnews.com,Poland,Male,Czerwionka-Leszczyny,Lazzy,43999.44,PLN
Julia,Rodriguez,jrodriguezdn@qq.com,France,Female,Marne-la-Vallée,Blogtag,42831.72,EUR
Brandon,Foster,bfosterdo@goodreads.com,Russia,Male,Mineralnye Vody,Photobug,54488.34,RUB
Alice,Harrison,aharrisondp@nymag.com,China,Female,Yangcheng,Edgetag,7639.27,CNY
Ryan,Cooper,rcooperdq@live.com,Japan,Male,Narutō,Kwinu,42073.01,JPY
Cheryl,Morales,cmoralesdr@cdbaby.com,Czech Republic,Female,Býšť,Skynoodle,62053.44,CZK
Stephen,Ray,srayds@nps.gov,Germany,Male,Essen,Eadel,25980.88,EUR
Mildred,Lawson,mlawsondt@xinhuanet.com,Philippines,Female,Dulangan,Jabberstorm,40403.40,PHP
Frances,Moreno,fmorenodu@nasa.gov,Indonesia,Female,Sumberpucung,Meevee,62595.71,IDR
David,Webb,dwebbdv@opensource.org,Philippines,Male,Beddeng,Photolist,15259.68,PHP
Lois,Perez,lperezdw@com.com,Colombia,Female,Chinú,Blogtags,,COP
Helen,Pierce,hpiercedx@thetimes.co.uk,Philippines,Female,Boljoon,Babbleblab,3669.41,PHP
Arthur,Kim,akimdy@newsvine.com,China,Male,Puzi,Voonte,67883.47,CNY
Irene,Garrett,igarrettdz@google.es,France,Female,Aurillac,Latz,32586.53,EUR
Tammy,Gonzalez,tgonzaleze0@ted.com,Norway,Female,Oslo,Dabvine,36682.41,NOK
Eric,Diaz,ediaze1@pagesperso-orange.fr,Russia,Male,Zheshart,Pixoboo,,RUB
Nancy,Grant,ngrante2@nbcnews.com,Afghanistan,Female,Khulm,Kwinu,37501.76,AFN
Shawn,Kelley,skelleye3@mayoclinic.com,Indonesia,Male,Rabig,Twimbo,96090.26,IDR
Terry,Hughes,thughese4@bizjournals.com,China,Male,Zheng’an,Trilia,61244.15,CNY
Evelyn,Dunn,edunne5@about.me,China,Female,Beidao,Quimba,48434.11,CNY
Rebecca,Phillips,rphillipse6@sakura.ne.jp,China,Female,Huicheng,Youbridge,30791.60,CNY
Carlos,Reyes,creyese7@amazon.de,Italy,Male,Catania,Tekfly,67964.90,EUR
Carlos,Fernandez,cfernandeze8@reference.com,Micronesia,Male,Faraulep,Npath,39259.06,USD
Gregory,Coleman,gcolemane9@cnn.com,Philippines,Male,Sagay,Jetpulse,52983.06,PHP
Rebecca,Bryant,rbryantea@multiply.com,Indonesia,Female,Banjar Dukuh,Oyope,82099.85,IDR
Amy,Long,alongeb@flavors.me,Poland,Female,Grębków,Demimbu,32337.83,PLN
Anne,Reid,areidec@1und1.de,Sweden,Female,Älvsjö,Dynazzy,61519.27,SEK
Maria,Chapman,mchapmaned@dropbox.com,Poland,Female,Ryjewo,Meetz,90891.60,PLN
Diana,Daniels,ddanielsee@sciencedirect.com,Poland,Female,Jejkowice,Fanoodle,,PLN
Howard,Wood,hwoodef@etsy.com,China,Male,Shouchang,Thoughtbridge,4826.17,CNY
Amy,Oliver,aolivereg@bloglines.com,Indonesia,Female,Permas,Topicblab,68344.48,IDR
Christopher,Olson,colsoneh@webnode.com,China,Male,Huangcai,Jayo,95349.58,CNY
George,Peterson,gpetersonei@reuters.com,China,Male,Yonghe,Wordpedia,72975.23,CNY
Nicholas,Carroll,ncarrollej@hexun.com,Slovenia,Male,Komenda,Fivespan,31480.12,EUR
Mark,Allen,mallenek@hao123.com,China,Male,Shihui,Vimbo,68264.82,CNY
Benjamin,Robinson,brobinsonel@merriam-webster.com,Philippines,Male,Minante Segundo,Fivespan,5491.24,PHP
Russell,Rogers,rrogersem@cbslocal.com,United States,Male,Cheyenne,Izio,79691.75,USD
Jose,Cunningham,jcunninghamen@smh.com.au,Indonesia,Male,Jelbuk,Realfire,61774.18,IDR
Howard,Welch,hwelcheo@usda.gov,Colombia,Male,Algarrobo,Mycat,82440.18,COP
Mary,Edwards,medwardsep@columbia.edu,Russia,Female,Chirkey,Katz,44503.20,RUB
Bruce,Welch,bwelcheq@chicagotribune.com,Palestinian Territory,Male,Birqīn,Mynte,89673.45,ILS
Shirley,Welch,swelcher@who.int,United States,Female,Honolulu,Realblab,25891.64,USD
Kathryn,Rogers,krogerses@un.org,Afghanistan,Female,Khanabad,Divape,86674.89,AFN
Lillian,Miller,lmilleret@gmpg.org,Indonesia,Female,Sukabumi,LiveZ,,IDR
Ann,Woods,awoodseu@slashdot.org,China,Female,Xin’e,Voolia,,CNY
Janet,Murray,jmurrayev@mozilla.com,France,Female,Boulogne-Billancourt,Vinte,58176.44,EUR
Steve,Moore,smooreew@noaa.gov,China,Male,Jianghong,Feedfire,41.16,CNY
Cynthia,Scott,cscottex@desdev.cn,Brazil,Female,Santa Quitéria,Devbug,91210.90,BRL
Irene,Morgan,imorganey@seattletimes.com,Yemen,Female,Yarīm,Photobug,23596.61,YER
Virginia,Lynch,vlynchez@sphinn.com,Moldova,Female,Căuşeni,Livetube,,MDL
Bobby,Sanchez,bsanchezf0@theglobeandmail.com,Brazil,Male,Volta Redonda,Twimbo,28478.80,BRL
Harry,Ramos,hramosf1@ycombinator.com,Greece,Male,Filiátes,Flipbug,,EUR
Ryan,Stone,rstonef2@canalblog.com,Poland,Male,Wielbark,Avamm,86136.79,PLN
Evelyn,Simpson,esimpsonf3@t.co,Jamaica,Female,Moneague,LiveZ,95930.33,JMD
Ruby,Walker,rwalkerf4@sfgate.com,Brazil,Female,Sinop,Livepath,39142.82,BRL
Samuel,Jordan,sjordanf5@discuz.net,Morocco,Male,Tazarine,Meeveo,5416.06,MAD
Ryan,Collins,rcollinsf6@symantec.com,Ireland,Male,Portarlington,Eire,78737.48,EUR
Heather,Cook,hcookf7@angelfire.com,Czech Republic,Female,Jirny,Oodoo,32950.92,CZK
Marie,Roberts,mrobertsf8@eventbrite.com,Philippines,Female,Maasin,Youbridge,57145.47,PHP
Kathleen,Wagner,kwagnerf9@ihg.com,China,Female,Shangdu,Yodoo,28467.47,CNY
Virginia,Peterson,vpetersonfa@netscape.com,Philippines,Female,Malayal,Quire,36177.19,PHP
Emily,Johnston,ejohnstonfb@newsvine.com,Iran,Female,Āzādshahr,Quaxo,42572.59,IRR
Wayne,Moreno,wmorenofc@1und1.de,Philippines,Male,Umanday Centro,Kimia,71828.29,PHP
Ruth,Arnold,rarnoldfd@dmoz.org,Russia,Female,Naushki,Yodel,2962.32,RUB
Raymond,Mason,rmasonfe@oaic.gov.au,Nigeria,Male,Ogwashi-Uku,Devify,691.67,NGN
Heather,Anderson,handersonff@netvibes.com,China,Female,Linggou,Dynabox,39781.70,CNY
Melissa,Nelson,mnelsonfg@surveymonkey.com,China,Female,Banyue,Buzzbean,29146.58,CNY
Nancy,Franklin,nfranklinfh@bluehost.com,China,Female,Jinshanzui,Aimbu,31471.57,CNY
Gary,Mendoza,gmendozafi@aol.com,Indonesia,Male,Karangbadar Kidul,Flipopia,85133.27,IDR
Amy,Patterson,apattersonfj@newyorker.com,Greece,Female,Rizári,Jabbersphere,46489.04,EUR
Benjamin,Hall,bhallfk@godaddy.com,China,Male,Changfeng,Wikido,2300.76,CNY
Barbara,Nichols,bnicholsfl@posterous.com,Egypt,Female,Saint Catherine,Kaymbo,,EGP
Sandra,Arnold,sarnoldfm@apple.com,Indonesia,Female,Getung,Einti,,IDR
Gregory,Howell,ghowellfn@slideshare.net,China,Male,Zhendu,Babbleset,17621.13,CNY
Louis,Hill,lhillfo@miitbeian.gov.cn,Indonesia,Male,Kaliprak,Ntag,,IDR
Alice,Elliott,aelliottfp@smh.com.au,United Kingdom,Female,Denton,Roomm,44293.55,GBP
William,Robertson,wrobertsonfq@zdnet.com,Portugal,Male,Silgueiros,Zooveo,39306.42,EUR
Donna,Spencer,dspencerfr@jigsy.com,Sweden,Female,Norrahammar,Gigabox,72585.72,SEK
Martha,Mason,mmasonfs@apache.org,Macedonia,Female,Skopje,Ooba,23962.76,MKD
Aaron,Montgomery,amontgomeryft@icio.us,Philippines,Male,Pan-an,Buzzbean,88965.81,PHP
Pamela,Gibson,pgibsonfu@topsy.com,Mexico,Female,El Rosario,Buzzdog,6302.40,MXN
Bonnie,Mills,bmillsfv@a8.net,Ukraine,Female,Polonne,Blognation,65683.54,UAH
Elizabeth,Stephens,estephensfw@baidu.com,Peru,Female,Ondores,Jayo,76481.97,PEN
Carolyn,Castillo,ccastillofx@hexun.com,Canada,Female,Renfrew,Edgetag,12737.43,CAD
Peter,Johnston,pjohnstonfy@ed.gov,Portugal,Male,Monte Branco,Youtags,54319.39,EUR
Gregory,Rivera,griverafz@chron.com,Philippines,Male,Hinunangan,Photobug,29885.84,PHP
Angela,Ramirez,aramirezg0@prnewswire.com,Azerbaijan,Female,Divichibazar,Photojam,82092.23,AZN
Maria,Chapman,mchapmang1@youku.com,Gambia,Female,Sami,Aibox,20327.70,GMD
Craig,Ford,cfordg2@dropbox.com,Madagascar,Male,Andilamena,Wordtune,90452.33,MGA
Brenda,Baker,bbakerg3@wiley.com,China,Female,Dongjin,Lazzy,24535.40,CNY
Billy,Ferguson,bfergusong4@dot.gov,Mongolia,Male,Bilüü,Avamm,17872.00,MNT
Sean,Riley,srileyg5@xrea.com,Philippines,Male,Carmen,Eayo,79749.80,PHP
Justin,Matthews,jmatthewsg6@theatlantic.com,Burundi,Male,Makamba,Dazzlesphere,51138.05,BIF
Kathy,Carpenter,kcarpenterg7@newyorker.com,Indonesia,Female,Krajan Jamprong,Browsetype,32078.15,IDR
Emily,Wilson,ewilsong8@google.com.au,Morocco,Female,Tilmi,Browsecat,37717.12,MAD
Peter,Perez,pperezg9@bloglovin.com,Kenya,Male,Naivasha,Chatterpoint,83656.81,KES
Jane,Gibson,jgibsonga@artisteer.com,Indonesia,Female,Majalengka,Flipstorm,72464.11,IDR
Virginia,Thompson,vthompsongb@miitbeian.gov.cn,Samoa,Female,Malie,Brainlounge,48456.78,WST
Paula,Roberts,probertsgc@163.com,Tunisia,Female,Douz,Janyx,54501.95,TND
Lisa,Lawrence,llawrencegd@people.com.cn,Indonesia,Female,Penang,Dynava,85371.81,IDR
Janet,Lopez,jlopezge@hexun.com,China,Female,Miaoqian,Skalith,33718.93,CNY
Chris,Taylor,ctaylorgf@ask.com,Belarus,Male,Ruzhany,Mydo,31414.50,BYR
Phillip,Montgomery,pmontgomerygg@accuweather.com,Indonesia,Male,Pliwetan,Zooxo,73721.42,IDR
Jerry,Stevens,jstevensgh@tripod.com,France,Male,Firminy,Yata,78897.03,EUR
Wanda,Marshall,wmarshallgi@adobe.com,China,Female,Gaotian,Blognation,,CNY
Billy,Gibson,bgibsongj@eepurl.com,Russia,Male,Bol’shoye Selo,Rhynyx,35122.10,RUB
Bruce,Bailey,bbaileygk@phpbb.com,Russia,Male,Nizhneivkino,Realcube,11367.80,RUB
Christopher,Fowler,cfowlergl@infoseek.co.jp,Philippines,Male,Lanipao,Trilith,93784.49,PHP
Virginia,Garcia,vgarciagm@blog.com,Jamaica,Female,Mt Peto,Rhycero,35251.98,JMD
Maria,Fernandez,mfernandezgn@vinaora.com,Yemen,Female,Al Maşlūb,Gigashots,76345.53,YER
Jerry,Lynch,jlynchgo@amazon.de,France,Male,Domont,Izio,69526.67,EUR
Brandon,Brooks,bbrooksgp@nsw.gov.au,Brazil,Male,Cunha,Rhynyx,46938.48,BRL
Harry,Graham,hgrahamgq@tripod.com,Indonesia,Male,Rawaapu,Reallinks,50599.53,IDR
Judith,Rice,jricegr@china.com.cn,South Korea,Female,Songhae,Meeveo,29924.82,KRW
Jeffrey,Franklin,jfranklings@ning.com,China,Male,Changping,Brainlounge,71305.24,CNY
Michael,Nguyen,mnguyengt@guardian.co.uk,Sweden,Male,Åkersberga,Zooveo,64729.62,SEK
Kenneth,Franklin,kfranklingu@omniture.com,Thailand,Male,Uthai,Eayo,55456.68,THB
Gloria,Lee,gleegv@vk.com,Russia,Female,Staraya Kupavna,Blogpad,45873.52,RUB
Justin,Reed,jreedgw@spiegel.de,China,Male,Tangdong,Oyoloo,8902.86,CNY
Andrea,Ramirez,aramirezgx@irs.gov,Armenia,Female,Hats’avan,Tagfeed,45051.45,AMD
Ashley,Elliott,aelliottgy@newyorker.com,China,Female,Changzhi,Babbleblab,53223.19,CNY
Bonnie,Webb,bwebbgz@redcross.org,France,Female,Paris 14,Centidel,8662.73,EUR
Janet,Spencer,jspencerh0@e-recht24.de,China,Female,Xinglong,Thoughtstorm,,CNY
Nicole,Fernandez,nfernandezh1@blogger.com,Russia,Female,Biryulëvo Zapadnoye,Dabfeed,26311.18,RUB
Ashley,Kelley,akelleyh2@bandcamp.com,Philippines,Female,San Isidro,Brainsphere,80460.54,PHP
Roy,Turner,rturnerh3@rediff.com,Czech Republic,Male,Palkovice,Zoozzy,65560.93,CZK
Bonnie,Richardson,brichardsonh4@admin.ch,Portugal,Female,Pereira,Oodoo,10686.87,EUR
Raymond,Hanson,rhansonh5@mlb.com,United States,Male,Fort Lauderdale,Ailane,13552.35,USD
Mary,Garcia,mgarciah6@alexa.com,France,Female,Neuilly-sur-Marne,Tagpad,75429.58,EUR
Rachel,Rivera,rriverah7@engadget.com,China,Female,Jianyi,Meedoo,91373.62,CNY
Julie,Carter,jcarterh8@desdev.cn,Japan,Female,Yokkaichi,Flashset,91910.06,JPY
Janet,Moreno,jmorenoh9@behance.net,Ukraine,Female,Kobleve,Zava,19556.03,UAH
Diana,Price,dpriceha@t-online.de,Poland,Female,Pszczyna,Quimm,,PLN
Gary,Snyder,gsnyderhb@independent.co.uk,Philippines,Male,Aga,Fivechat,26006.42,PHP
Alice,Myers,amyershc@yale.edu,Finland,Female,Pertunmaa,Chatterbridge,30351.90,EUR
Diana,Watson,dwatsonhd@infoseek.co.jp,Indonesia,Female,Montor Timur,Oyope,24095.13,IDR
Howard,Flores,hfloreshe@weebly.com,China,Male,Zuitou,Thoughtstorm,43733.60,CNY
Emily,Perkins,eperkinshf@wikimedia.org,China,Female,Saihan Tal,Thoughtworks,94118.62,CNY
Carl,Ross,crosshg@cdc.gov,Indonesia,Male,Cihideung Satu,Livetube,55625.78,IDR
Heather,Peterson,hpetersonhh@trellian.com,United States,Female,Denver,Mycat,37322.29,USD
Bruce,Garrett,bgarretthi@miitbeian.gov.cn,Indonesia,Male,Sedandang,Skyba,87990.77,IDR
Carl,Fowler,cfowlerhj@angelfire.com,Peru,Male,Satipo,Tanoodle,78073.88,PEN
Mary,Sanders,msandershk@discovery.com,Ivory Coast,Female,Affery,Feedfire,93328.00,XOF
Lawrence,Ferguson,lfergusonhl@newyorker.com,Thailand,Male,Mueang Suang,Innotype,68358.64,THB
Harold,Nguyen,hnguyenhm@macromedia.com,Republic of the Congo,Male,Sémbé,Wordware,13699.44,XAF
Nicholas,Gordon,ngordonhn@china.com.cn,United States,Male,Wilmington,Quatz,88508.75,USD
Thomas,Stephens,tstephensho@tmall.com,Poland,Male,Wielichowo,Thoughtblab,5530.11,PLN
Kimberly,Russell,krussellhp@naver.com,Philippines,Female,Dalupirip,Latz,98493.57,PHP
Jeffrey,Powell,jpowellhq@omniture.com,Portugal,Male,São Pedro,Ooba,9919.22,EUR
Wanda,Henry,whenryhr@sogou.com,Sweden,Female,Forshaga,Skippad,94464.47,SEK
Randy,Bishop,rbishophs@163.com,Indonesia,Male,Tegaldowo,Zoombox,54336.30,IDR
Juan,Gonzalez,jgonzalezht@is.gd,Mexico,Male,Lazaro Cardenas,Yambee,50425.08,MXN
Raymond,Porter,rporterhu@ibm.com,Philippines,Male,Suklayin,Rhycero,31165.27,PHP
Terry,Green,tgreenhv@bandcamp.com,China,Male,Shigou,Skyble,41570.20,CNY
Sara,Foster,sfosterhw@marriott.com,China,Female,Huangling,Eazzy,13870.64,CNY
Sara,Dean,sdeanhx@seesaa.net,Brazil,Female,Jucás,Vitz,51097.78,BRL
Julia,Jackson,jjacksonhy@symantec.com,France,Female,Croissy-sur-Seine,Flashdog,47619.16,EUR
Judy,Hamilton,jhamiltonhz@skype.com,United States,Female,Los Angeles,Twinte,,USD
Bonnie,Thomas,bthomasi0@cam.ac.uk,Thailand,Female,Ban Bueng,Centimia,53591.71,THB
Jimmy,Morgan,jmorgani1@csmonitor.com,Philippines,Male,Can-asujan,Edgewire,31997.77,PHP
Jeremy,Cole,jcolei2@usa.gov,Malaysia,Male,Nusajaya,Realbridge,34640.51,MYR
Craig,Hill,chilli3@t.co,China,Male,Yangying,Flipstorm,47915.88,CNY
Tammy,Mccoy,tmccoyi4@pen.io,Malta,Female,Pembroke,Skalith,8432.19,EUR
Keith,Bennett,kbennetti5@livejournal.com,Philippines,Male,Dologon,Flashdog,14799.81,PHP
Matthew,Coleman,mcolemani6@issuu.com,France,Male,Bourg-lès-Valence,Flipstorm,,EUR
Dorothy,Peters,dpetersi7@blog.com,Argentina,Female,San Martín,Aimbu,6640.73,ARS
Jonathan,Burke,jburkei8@free.fr,Japan,Male,Kawasaki,Vimbo,50459.11,JPY
Phillip,Griffin,pgriffini9@tinyurl.com,Canada,Male,North Perth,Gabvine,611.19,CAD
Louise,Freeman,lfreemania@wired.com,Botswana,Female,Lenchwe Le Tau,Zoomzone,,BWP
Jonathan,Bell,jbellib@wunderground.com,China,Male,Guanzhuang,Quimm,31594.87,CNY
Rachel,Rose,rroseic@studiopress.com,China,Female,Gaotan,Bluejam,69899.00,CNY
Jack,Reyes,jreyesid@scribd.com,Serbia,Male,Varna,DabZ,39440.68,RSD
Howard,Mills,hmillsie@cnet.com,China,Male,Baoping,Twiyo,79160.02,CNY
Rachel,Boyd,rboydif@upenn.edu,Thailand,Female,Seka,Livetube,43683.00,THB
David,Wheeler,dwheelerig@wired.com,China,Male,Hetai,Feedspan,73764.79,CNY
Clarence,Martin,cmartinih@delicious.com,China,Male,Matangshan,Skilith,33938.72,CNY
Kathy,Cunningham,kcunninghamii@nasa.gov,France,Female,Bordeaux,Lazzy,58983.65,EUR
Louis,Butler,lbutlerij@pinterest.com,Russia,Male,Ulyanovsk,Fadeo,68381.29,RUB
Jeremy,Snyder,jsnyderik@cocolog-nifty.com,Iran,Male,Dorūd,Vipe,,IRR
Keith,Sullivan,ksullivanil@amazonaws.com,Indonesia,Male,Banjar Parekan,Npath,4256.38,IDR
Gary,Gomez,ggomezim@washingtonpost.com,Laos,Male,Mounlapamôk,Jayo,,LAK
Dennis,Fields,dfieldsin@bloglines.com,Poland,Male,Sokolniki,Rooxo,78748.98,PLN
Kevin,Shaw,kshawio@chicagotribune.com,Canada,Male,Kindersley,Gigazoom,81966.56,CAD
Betty,Simmons,bsimmonsip@blogger.com,China,Female,Donggaohuang,Skiptube,85631.87,CNY
Fred,Fields,ffieldsiq@google.ca,Brazil,Male,Juatuba,Twitterbridge,89835.92,BRL
Roger,Stanley,rstanleyir@bloomberg.com,Mexico,Male,El Zapote,Photobean,,MXN
Joshua,Williams,jwilliamsis@storify.com,Philippines,Male,Semirara,Rhycero,18285.46,PHP
Stephen,Lopez,slopezit@fda.gov,Peru,Male,Pilpichaca,Jetwire,30296.32,PEN
Stephen,Marshall,smarshalliu@google.de,China,Male,Wanjiazhuang,Skyba,79344.06,CNY
Tammy,Mccoy,tmccoyiv@ustream.tv,Peru,Female,Pancan,Brightdog,,PEN
Irene,Mendoza,imendozaiw@cargocollective.com,United States,Female,Colorado Springs,Eidel,3809.09,USD
Eugene,Sims,esimsix@example.com,China,Male,Hake,Meeveo,23323.99,CNY
Melissa,Matthews,mmatthewsiy@typepad.com,Czech Republic,Female,Raškovice,Skyndu,2990.04,CZK
Andrea,Mitchell,amitchelliz@free.fr,China,Female,Jinshan,Topicware,,CNY
Gerald,Stanley,gstanleyj0@reuters.com,Canada,Male,Virden,Eayo,30041.59,CAD
Donna,Wells,dwellsj1@multiply.com,Brazil,Female,Andradina,BlogXS,79384.50,BRL
Tammy,Morales,tmoralesj2@yelp.com,China,Female,Sanxi,Trupe,54657.16,CNY
Todd,Perry,tperryj3@marriott.com,Russia,Male,Srednebelaya,Kazio,91087.35,RUB
Albert,Reynolds,areynoldsj4@livejournal.com,Colombia,Male,Belén de los Andaquíes,Zoomlounge,458.57,COP
Sandra,Hudson,shudsonj5@cam.ac.uk,Sweden,Female,Halmstad,Gabtype,55447.11,SEK
Richard,Carr,rcarrj6@mtv.com,Russia,Male,Kultuk,Tagtune,5246.29,RUB
Juan,Myers,jmyersj7@hibu.com,New Zealand,Male,Hamilton,Tagcat,78898.14,NZD
Willie,Ferguson,wfergusonj8@tmall.com,France,Male,Sélestat,Midel,11801.40,EUR
Joyce,Patterson,jpattersonj9@usnews.com,Russia,Female,Korfovskiy,Twitternation,4020.50,RUB
Linda,Weaver,lweaverja@census.gov,Indonesia,Female,Jelbuk,Blogtags,87875.96,IDR
Carol,Carpenter,ccarpenterjb@privacy.gov.au,Mongolia,Female,Suugaant,Oba,6927.83,MNT
Jack,Morrison,jmorrisonjc@friendfeed.com,Canada,Male,Penticton,Lazz,28538.77,CAD
Adam,Ramirez,aramirezjd@aol.com,Russia,Male,Katyr-Yurt,Zoombox,78818.81,RUB
Kevin,Robertson,krobertsonje@google.com.br,China,Male,Chaoyang,Oyope,52658.52,CNY
Scott,Jackson,sjacksonjf@geocities.jp,Russia,Male,Mukhen,Lazzy,37599.01,RUB
Lois,Little,llittlejg@etsy.com,Indonesia,Female,Lajarik,Wikivu,39706.17,IDR
Ashley,Nguyen,anguyenjh@craigslist.org,Peru,Female,Végueta,Yozio,40379.05,PEN
Steve,Grant,sgrantji@ehow.com,Brazil,Male,Jaguarari,Lazzy,40003.72,BRL
Tina,Stevens,tstevensjj@sciencedaily.com,Mongolia,Female,Bayan,Abatz,88537.99,MNT
Andrea,Simpson,asimpsonjk@china.com.cn,Pakistan,Female,Bhiria,Skynoodle,6614.65,PKR
Ann,Shaw,ashawjl@yandex.ru,Indonesia,Female,Oitui,Thoughtblab,69923.59,IDR
Shirley,Montgomery,smontgomeryjm@list-manage.com,Brazil,Female,Sarandi,Mynte,26634.74,BRL
Amy,Robinson,arobinsonjn@upenn.edu,Thailand,Female,Kranuan,Gigabox,96386.71,THB
Susan,Nelson,snelsonjo@zimbio.com,Sweden,Female,Stockholm,Linktype,55332.75,SEK
Roger,Sims,rsimsjp@cyberchimps.com,Indonesia,Male,Palue,Jaxworks,11987.83,IDR
George,Tucker,gtuckerjq@intel.com,Bangladesh,Male,Phultala,Photobug,77620.25,BDT
Carolyn,Elliott,celliottjr@github.com,Bosnia and Herzegovina,Female,Balatun,Thoughtstorm,66611.09,BAM
Brandon,Jenkins,bjenkinsjs@eventbrite.com,Brazil,Male,Portelândia,Buzzster,90417.67,BRL
Shawn,Lawson,slawsonjt@ifeng.com,Zambia,Male,Mufumbwe,Skynoodle,10822.86,ZMW
Alice,Ward,awardju@cnet.com,China,Female,Huaping,Gigaclub,99426.56,CNY
Cheryl,Clark,cclarkjv@google.com,China,Female,Beibei,Voomm,61793.76,CNY
Jeffrey,Rivera,jriverajw@gnu.org,Canada,Male,Langford,Twinder,20292.41,CAD
Ernest,Coleman,ecolemanjx@examiner.com,Iceland,Male,Seltjarnarnes,Thoughtworks,37154.43,ISK
Bonnie,Olson,bolsonjy@latimes.com,Mauritania,Female,Kaédi,Edgewire,84080.54,MRO
Carlos,Mitchell,cmitchelljz@unc.edu,Indonesia,Male,Maundai,Yamia,71207.11,IDR
Rose,Riley,rrileyk0@friendfeed.com,Portugal,Female,Fenais da Ajuda,Eare,30131.09,EUR
Andrew,Johnson,ajohnsonk1@bigcartel.com,Pakistan,Male,Doāba,Omba,67482.26,PKR
Eric,Moreno,emorenok2@yandex.ru,Philippines,Male,Toong,Lazzy,23239.99,PHP
Raymond,Jackson,rjacksonk3@nba.com,China,Male,Changshou,Browsecat,75053.68,CNY
Catherine,Carter,ccarterk4@nih.gov,China,Female,Zhen’an,Thoughtworks,56592.96,CNY
Alice,Oliver,aoliverk5@moonfruit.com,Russia,Female,Severo-Zadonsk,Kazio,88959.62,RUB
Bobby,Greene,bgreenek6@comsenz.com,Philippines,Male,Minante Segundo,Lazz,98478.47,PHP
Donald,Ryan,dryank7@issuu.com,France,Male,Montrouge,Browsedrive,99249.51,EUR
Lori,Welch,lwelchk8@wsj.com,China,Female,Shajing,Digitube,60507.53,CNY
Alan,Ruiz,aruizk9@acquirethisname.com,Ukraine,Male,Chornukhy,Demivee,78255.50,UAH
Antonio,Medina,amedinaka@cam.ac.uk,Argentina,Male,Ciervo Petiso,Thoughtmix,66820.94,ARS
Roger,Moore,rmoorekb@dyndns.org,Bosnia and Herzegovina,Male,Velagići,Riffwire,84884.37,BAM
Alice,Jordan,ajordankc@patch.com,Indonesia,Female,Karangintan,Browsecat,65908.26,IDR
Paula,Simmons,psimmonskd@i2i.jp,China,Female,Xinjiebu,Browsetype,93820.05,CNY
Randy,Hunter,rhunterke@t.co,France,Male,Bayeux,Cogilith,36738.81,EUR
Martin,Gardner,mgardnerkf@wikispaces.com,China,Male,Bazha,Leenti,84443.09,CNY
Judy,Walker,jwalkerkg@answers.com,Luxembourg,Female,Niedercorn,Thoughtblab,88719.44,EUR
Lawrence,Morales,lmoraleskh@ftc.gov,Saudi Arabia,Male,Al Jumūm,Meeveo,7850.26,SAR
William,Spencer,wspencerki@nifty.com,Argentina,Male,Añelo,Skivee,19291.73,ARS
Linda,Cruz,lcruzkj@infoseek.co.jp,Indonesia,Female,Laimuda,Yodo,61969.45,IDR
Carlos,Green,cgreenkk@ocn.ne.jp,Greece,Male,Neochórion,Roomm,96075.86,EUR
Randy,Palmer,rpalmerkl@marriott.com,China,Male,Zhengcun,Twitternation,84774.41,CNY
Pamela,Andrews,pandrewskm@dailymail.co.uk,China,Female,Xiaba,Meevee,39843.76,CNY
Margaret,Simpson,msimpsonkn@who.int,China,Female,Longgang,Midel,,CNY
Gerald,Barnes,gbarnesko@cam.ac.uk,China,Male,Shangcun,Meevee,58802.49,CNY
Mary,Watkins,mwatkinskp@tamu.edu,Iran,Female,Lāmerd,Kayveo,,IRR
Randy,Myers,rmyerskq@mozilla.com,Nigeria,Male,Nsukka,Bubblebox,62790.62,NGN
Norma,Gomez,ngomezkr@google.com.hk,Croatia,Female,Tovarnik,Tagopia,67511.06,HRK
Judy,Ross,jrossks@photobucket.com,China,Female,Dagur,Oba,88738.93,CNY
Kathryn,Johnston,kjohnstonkt@booking.com,Argentina,Female,Jacinto Arauz,Vipe,35564.36,ARS
Eric,Knight,eknightku@oakley.com,Nigeria,Male,Boju,Skiptube,9110.54,NGN
Jeremy,Wagner,jwagnerkv@sun.com,Indonesia,Male,Nyapar,Edgepulse,53978.27,IDR
Eugene,Fernandez,efernandezkw@woothemes.com,China,Male,Fuxing,Vitz,71385.36,CNY
Chris,George,cgeorgekx@chicagotribune.com,Philippines,Male,Tabuc Pontevedra,Flashpoint,86017.32,PHP
Anna,Frazier,afrazierky@hostgator.com,Thailand,Female,Samran,Youspan,71922.53,THB
Douglas,Ford,dfordkz@so-net.ne.jp,China,Male,Jisegumen,Livetube,13532.56,CNY
Ashley,Graham,agrahaml0@shinystat.com,Indonesia,Female,Bodeh,Wordtune,31510.16,IDR
Ernest,Gray,egrayl1@nationalgeographic.com,Madagascar,Male,Ampanihy,Zoombeat,71651.80,MGA
Carolyn,Gonzalez,cgonzalezl2@ow.ly,Russia,Female,Yelan’,Jetpulse,,RUB
Jeffrey,Banks,jbanksl3@paginegialle.it,Czech Republic,Male,Králův Dvůr,Thoughtstorm,83780.39,CZK
Ashley,Arnold,aarnoldl4@answers.com,Egypt,Female,Quţūr,Aivee,77886.87,EGP
Nicholas,Wagner,nwagnerl5@soup.io,China,Male,Tantou,Ailane,41897.30,CNY
Patricia,Patterson,ppattersonl6@nature.com,Poland,Female,Bukowiec,Gigabox,96922.32,PLN
Daniel,Freeman,dfreemanl7@instagram.com,Indonesia,Male,Pinrang,Browsedrive,29258.01,IDR
Sharon,Dean,sdeanl8@pbs.org,Azerbaijan,Female,Barda,Lajo,86111.06,AZN
Teresa,West,twestl9@joomla.org,Afghanistan,Female,Baghlān,Yoveo,3741.15,AFN
Jennifer,Gordon,jgordonla@chron.com,Colombia,Female,Funza,Mynte,77739.51,COP
Diane,Fuller,dfullerlb@jimdo.com,United States,Female,Annapolis,Snaptags,60320.62,USD
Cheryl,Ortiz,cortizlc@mit.edu,Russia,Female,Nizhnekamsk,Avaveo,55467.90,RUB
Doris,Fields,dfieldsld@telegraph.co.uk,Hungary,Female,Szeged,Skibox,37499.15,HUF
Patricia,Morrison,pmorrisonle@storify.com,Peru,Female,Quiñota,Fadeo,91516.47,PEN
Jose,Wallace,jwallacelf@wordpress.com,Canada,Male,Petawawa,Riffpath,99516.61,CAD
Raymond,Mcdonald,rmcdonaldlg@bizjournals.com,China,Male,Donghu,Edgeify,,CNY
Jennifer,Hansen,jhansenlh@wp.com,China,Female,Nanfeng,Skivee,91418.12,CNY
Joshua,Crawford,jcrawfordli@hibu.com,Philippines,Male,Arteche,Babbleblab,64473.53,PHP
Kathleen,Morgan,kmorganlj@cnn.com,Colombia,Female,Firavitoba,Flipbug,,COP
Lisa,Cole,lcolelk@1und1.de,Greece,Female,Antíparos,Leenti,88438.78,EUR
Jennifer,Murphy,jmurphyll@facebook.com,Philippines,Female,Apitong,Bluejam,58561.53,PHP
Sarah,Scott,sscottlm@imageshack.us,China,Female,Jiazi,Jaxnation,86379.68,CNY
Teresa,Campbell,tcampbellln@360.cn,Honduras,Female,Santa Rosa de Copán,Yambee,28412.86,HNL
Philip,Medina,pmedinalo@aol.com,China,Male,Ying’ebu,Bubblemix,10128.99,CNY
Jason,Nguyen,jnguyenlp@howstuffworks.com,France,Male,Marseille,Quimm,88007.16,EUR
Frances,Alexander,falexanderlq@jugem.jp,Brazil,Female,Brotas,Bubblebox,50076.48,BRL
Robin,Olson,rolsonlr@irs.gov,Cuba,Female,Contramaestre,Oba,37082.42,CUP
Stephanie,Marshall,smarshallls@fc2.com,Philippines,Female,Guinsang-an,Wikizz,58837.04,PHP
Phillip,Taylor,ptaylorlt@ted.com,Sweden,Male,Luleå,Dabfeed,85621.17,SEK
Judith,Oliver,joliverlu@adobe.com,Burkina Faso,Female,Dédougou,Camido,81723.29,XOF
Henry,Fox,hfoxlv@wisc.edu,Indonesia,Male,Pulorejo,Yambee,22377.77,IDR
Matthew,Jones,mjoneslw@princeton.edu,Australia,Male,Sydney,Avavee,85539.21,AUD
Debra,Wright,dwrightlx@narod.ru,China,Female,Daqiao,Skyba,76102.35,CNY
Christopher,Green,cgreenly@mapy.cz,Bosnia and Herzegovina,Male,Brka,Edgeblab,8544.25,BAM
Steven,Owens,sowenslz@bloglines.com,China,Male,Shuangnian,Quatz,94814.94,CNY
Frances,Thomas,fthomasm0@walmart.com,France,Female,Avon,Eire,44622.93,EUR
Brandon,Harvey,bharveym1@nba.com,Russia,Male,Talnakh,Agivu,9394.32,RUB
Jerry,Cox,jcoxm2@tiny.cc,China,Male,Hexi,Jazzy,87915.20,CNY
Nicholas,Harvey,nharveym3@arstechnica.com,Indonesia,Male,Karangharjo,Feednation,36921.41,IDR
Kenneth,Burke,kburkem4@hexun.com,Indonesia,Male,Bantar,Blogtag,,IDR
Steven,Larson,slarsonm5@gmpg.org,Indonesia,Male,Bima,Chatterpoint,90858.54,IDR
Bruce,Bradley,bbradleym6@paypal.com,Indonesia,Male,Dawan,Jaxbean,12176.14,IDR
Diana,Bishop,dbishopm7@eventbrite.com,Indonesia,Female,Ambat,Skidoo,,IDR
Lawrence,Ramirez,lramirezm8@plala.or.jp,Indonesia,Male,Kotanopan,Twitterwire,98142.37,IDR
Brenda,Marshall,bmarshallm9@seattletimes.com,Indonesia,Female,Raas,Jayo,64809.18,IDR
Anne,Price,apricema@xing.com,Indonesia,Female,Kamal,Jaloo,,IDR
Lois,Porter,lportermb@ebay.com,Armenia,Female,Vardablur,Skipfire,4266.94,AMD
Susan,Olson,solsonmc@mediafire.com,China,Female,Erhaodi,Kayveo,92174.77,CNY
Evelyn,Fisher,efishermd@cpanel.net,Sweden,Female,Arvika,Meembee,29663.01,SEK
Roger,Martinez,rmartinezme@ebay.com,Russia,Male,Krasnyy Oktyabr’,Trunyx,8488.26,RUB
Lawrence,Stevens,lstevensmf@gravatar.com,China,Male,Balbagay,Tagchat,75111.71,CNY
Brandon,Gilbert,bgilbertmg@nih.gov,France,Male,Charenton-le-Pont,Dabtype,84854.23,EUR
Robert,Burns,rburnsmh@unc.edu,Philippines,Male,Sonquil,Yabox,68353.89,PHP
Margaret,Hart,mhartmi@newyorker.com,China,Female,Shimeitang,Camido,48118.32,CNY
Alice,Walker,awalkermj@independent.co.uk,Czech Republic,Female,Telnice,Oyoyo,23465.43,CZK
Randy,Gray,rgraymk@macromedia.com,Czech Republic,Male,Borek,Quinu,73901.05,CZK
Robert,Stephens,rstephensml@princeton.edu,China,Male,Xiting,Brightdog,49820.37,CNY
Karen,Riley,krileymm@uiuc.edu,China,Female,Xianju,Browsezoom,45763.55,CNY
Theresa,Ramos,tramosmn@time.com,Brazil,Female,Rio Claro,Oyonder,55930.96,BRL
Terry,Grant,tgrantmo@imageshack.us,Ireland,Male,Naas,Twinte,81046.01,EUR
Shirley,Mendoza,smendozamp@sourceforge.net,Iran,Female,Sarbīsheh,Quinu,10759.47,IRR
Randy,Brown,rbrownmq@ocn.ne.jp,Portugal,Male,Estribeiro,Realcube,14869.96,EUR
Adam,Harrison,aharrisonmr@seesaa.net,Canada,Male,Beausejour,Voolia,27633.79,CAD
Janice,Day,jdayms@webeden.co.uk,Cuba,Female,Bahía Honda,Demimbu,82653.00,CUP
Emily,Banks,ebanksmt@constantcontact.com,Palestinian Territory,Female,Al Fandaqūmīyah,Camido,68714.55,ILS
Philip,Collins,pcollinsmu@webs.com,Czech Republic,Male,Postřekov,Mydeo,93774.72,CZK
Andrew,Black,ablackmv@opensource.org,China,Male,Chenxikou,Ainyx,42245.23,CNY
Jason,Cox,jcoxmw@google.co.jp,China,Male,Jiangjia,Skajo,72890.98,CNY
Eric,Boyd,eboydmx@cornell.edu,Bhutan,Male,Lhuentse,Realblab,87068.41,BTN
James,King,jkingmy@umich.edu,China,Male,Maxu,InnoZ,,CNY
Brenda,Mendoza,bmendozamz@ucla.edu,France,Female,Verdun,Rhybox,,EUR
James,Frazier,jfraziern0@chronoengine.com,Philippines,Male,Pangpang,Vimbo,3408.75,PHP
Diana,Matthews,dmatthewsn1@bandcamp.com,Madagascar,Female,Tsaratanana,Katz,26479.30,MGA
Katherine,Williams,kwilliamsn2@mac.com,Ukraine,Female,Chutove,Thoughtmix,,UAH
Janice,Daniels,jdanielsn3@ftc.gov,Indonesia,Female,Mujur Satu,Rhyloo,29973.60,IDR
Jean,Chavez,jchavezn4@mediafire.com,Greece,Female,Néa Ionía,Rhynoodle,21504.51,EUR
Mark,Hall,mhalln5@usda.gov,Argentina,Male,Capitán Bermúdez,Muxo,98022.46,ARS
Joyce,Hawkins,jhawkinsn6@upenn.edu,China,Female,Xiawa,Midel,7953.18,CNY
Gregory,Montgomery,gmontgomeryn7@deliciousdays.com,China,Male,Donglinxi,Topiczoom,49621.50,CNY
Harry,Russell,hrusselln8@amazon.com,Canada,Male,Kentville,Kimia,7285.37,CAD
Mary,Hayes,mhayesn9@plala.or.jp,Japan,Female,Ryūgasaki,Youtags,26963.33,JPY
Carl,Henderson,chendersonna@printfriendly.com,Peru,Male,Chalamarca,Abatz,41512.04,PEN
Carlos,Wright,cwrightnb@163.com,China,Male,Fenglai,Jetwire,61672.28,CNY
Debra,Ross,drossnc@jiathis.com,Indonesia,Female,Dukoh,Dabtype,19377.21,IDR
Judy,Lopez,jlopeznd@irs.gov,Philippines,Female,Malanay,Skipstorm,93670.59,PHP
Ryan,Gray,rgrayne@bbb.org,Dominican Republic,Male,Pedro García,Twitterlist,72297.14,DOP
Martha,Ford,mfordnf@usatoday.com,Czech Republic,Female,Lukavec,Voonte,52427.48,CZK
Betty,Howard,bhowardng@edublogs.org,Ukraine,Female,Spas,Voonix,46200.16,UAH
Sharon,Kelly,skellynh@ucsd.edu,Portugal,Female,Estrada,Babbleset,76424.01,EUR
Diane,Freeman,dfreemanni@gizmodo.com,Brazil,Female,Ubatã,Fliptune,64928.51,BRL
Tammy,Ramos,tramosnj@ucoz.ru,Indonesia,Female,Gunungmenang,Quinu,61681.40,IDR
Shirley,Clark,sclarknk@fema.gov,South Africa,Female,Flagstaff,Eimbee,98323.08,ZAR
Laura,Powell,lpowellnl@naver.com,China,Female,Tangkeng,Katz,19584.14,CNY
Virginia,Burton,vburtonnm@hud.gov,Philippines,Female,Hinapalanan,Shuffletag,,PHP
Sarah,James,sjamesnn@vkontakte.ru,Cyprus,Female,Klirou,Aivee,,EUR
Alan,Bishop,abishopno@yelp.com,Indonesia,Male,Kebunan,Camimbo,76998.16,IDR
Theresa,Sanders,tsandersnp@blinklist.com,Russia,Female,Rossosh’,Centimia,6559.64,RUB
Stephanie,Robinson,srobinsonnq@house.gov,Colombia,Female,Mistrató,Demivee,,COP
Louis,Lawrence,llawrencenr@ovh.net,Indonesia,Male,Girihieum,Aimbu,77055.13,IDR
Mildred,Porter,mporterns@telegraph.co.uk,China,Female,Ergong,Realbridge,81362.84,CNY
Lillian,Kelly,lkellynt@pcworld.com,Poland,Female,Suwałki,Muxo,14433.65,PLN
Linda,Wagner,lwagnernu@google.pl,Portugal,Female,Santulhão,Skimia,89196.75,EUR
Diana,Adams,dadamsnv@huffingtonpost.com,Sri Lanka,Female,Hikkaduwa,Mydeo,51025.71,LKR
Sarah,Grant,sgrantnw@about.me,Indonesia,Female,Pining,Vinte,41364.81,IDR
Stephanie,Roberts,srobertsnx@mozilla.com,Kazakhstan,Female,Oytal,Flashdog,34964.34,KZT
James,Kim,jkimny@mit.edu,Peru,Male,Progreso,Vimbo,22790.24,PEN
Craig,Collins,ccollinsnz@uiuc.edu,France,Male,Andrézieux-Bouthéon,Skinte,52254.97,EUR
Anne,Miller,amillero0@slashdot.org,Namibia,Female,Katima Mulilo,Zoomlounge,33956.75,NAD
Amy,Evans,aevanso1@trellian.com,Russia,Female,Zelenogradsk,Twitterworks,49989.20,RUB
Elizabeth,Brown,ebrowno2@youtube.com,China,Female,Poxi,Eidel,35041.11,CNY
Cheryl,Mcdonald,cmcdonaldo3@fastcompany.com,Indonesia,Female,Longka,Zazio,,IDR
Ann,Coleman,acolemano4@phpbb.com,Poland,Female,Lelkowo,Vinte,55747.82,PLN
Martha,Reid,mreido5@studiopress.com,China,Female,Chayuan,Demimbu,67054.32,CNY
Larry,Larson,llarsono6@aol.com,Philippines,Male,Dukay,Fliptune,5098.95,PHP
Larry,Willis,lwilliso7@themeforest.net,Bulgaria,Male,Kilifarevo,Mynte,35997.00,BGN
Marie,Gonzalez,mgonzalezo8@moonfruit.com,Indonesia,Female,Cermee,Miboo,86581.10,IDR
Patricia,Mason,pmasono9@diigo.com,China,Female,Wenchang,Teklist,,CNY
Amanda,Snyder,asnyderoa@mozilla.org,Sweden,Female,Uddevalla,Aimbu,90515.64,SEK
Sean,Frazier,sfrazierob@blogtalkradio.com,China,Male,Yaodu,Meedoo,44783.31,CNY
Diana,Moore,dmooreoc@pcworld.com,Afghanistan,Female,Balkh,Nlounge,49848.46,AFN
Robin,Knight,rknightod@si.edu,Argentina,Female,Pontevedra,Mydeo,,ARS
Juan,Thompson,jthompsonoe@dell.com,Colombia,Male,Piedrancha,Gabspot,48130.35,COP
Doris,Moore,dmooreof@oakley.com,Canada,Female,Espanola,Realblab,,CAD
Mildred,Bryant,mbryantog@nps.gov,Peru,Female,Sucre,Quatz,12505.72,PEN
Laura,Russell,lrusselloh@skype.com,China,Female,Aoyang,Quatz,83172.22,CNY
Stephen,Sims,ssimsoi@wunderground.com,Philippines,Male,Ilangay,Oyoyo,24659.20,PHP
Mark,Gordon,mgordonoj@washington.edu,Russia,Male,Mozdok,Twitterlist,19677.77,RUB
Sarah,Gutierrez,sgutierrezok@multiply.com,United Kingdom,Female,Denton,Vidoo,68869.08,GBP
Kimberly,Ray,krayol@ovh.net,Russia,Female,Miatli,Babbleblab,98998.58,RUB
Anthony,Holmes,aholmesom@netscape.com,China,Male,Yujin,Aimbu,36043.85,CNY
Philip,Henry,phenryon@opensource.org,Malaysia,Male,Kuantan,Bubblemix,38517.70,MYR
Linda,Ramos,lramosoo@multiply.com,Poland,Female,Babice,Quamba,73766.93,PLN
Jason,Perkins,jperkinsop@yellowbook.com,Laos,Male,Soukkouma,Fatz,75095.20,LAK
Anne,Nichols,anicholsoq@weather.com,French Guiana,Female,Kourou,Photobean,56479.19,EUR
Jennifer,White,jwhiteor@sourceforge.net,China,Female,Yushan,Fivechat,53997.47,CNY
Pamela,Nichols,pnicholsos@ihg.com,Indonesia,Female,Lebak Timur,Shuffletag,8998.09,IDR
Marilyn,Vasquez,mvasquezot@hao123.com,Sweden,Female,Karlstad,Tagchat,95920.32,SEK
Juan,Dean,jdeanou@independent.co.uk,South Africa,Male,Bloemhof,Voonyx,1631.01,ZAR
Carol,Roberts,crobertsov@wiley.com,China,Female,Gaxung,Skyble,12825.53,CNY
Diana,Wells,dwellsow@yahoo.com,China,Female,Huaibei,Skilith,50162.09,CNY
Jerry,Ross,jrossox@wired.com,Japan,Male,Matsutō,Jaxnation,85416.82,JPY
Brenda,Diaz,bdiazoy@ycombinator.com,China,Female,Babao,Jabberbean,98287.44,CNY
Katherine,Bailey,kbaileyoz@nps.gov,China,Female,Yamen,Oyoloo,6945.94,CNY
Clarence,Hansen,chansenp0@slate.com,New Zealand,Male,North Shore,Pixonyx,96952.04,NZD
Donna,Patterson,dpattersonp1@amazon.co.uk,China,Female,Qiaozhuang,Meedoo,64426.93,CNY
Betty,Henderson,bhendersonp2@scribd.com,Philippines,Female,San Joaquin,Wordify,4186.30,PHP
Timothy,Lopez,tlopezp3@soundcloud.com,Latvia,Male,Iecava,Buzzster,69939.50,EUR
Barbara,Perkins,bperkinsp4@sogou.com,Indonesia,Female,Sewon,Aimbu,6739.69,IDR
Judith,Berry,jberryp5@earthlink.net,Colombia,Female,Nóvita,Zoomlounge,69440.24,COP
Carol,Bowman,cbowmanp6@xing.com,Central African Republic,Female,Mobaye,Youtags,62385.83,XAF
Norma,Webb,nwebbp7@kickstarter.com,Japan,Female,Sobue,Yakijo,77443.48,JPY
Margaret,Mcdonald,mmcdonaldp8@nhs.uk,Czech Republic,Female,Nový Bydžov,Demimbu,1942.24,CZK
Ernest,Gardner,egardnerp9@nih.gov,Venezuela,Male,Bruzual,Vitz,29241.66,VEF
Teresa,Morris,tmorrispa@devhub.com,China,Female,Jining,Npath,65786.97,CNY
Earl,Hernandez,ehernandezpb@simplemachines.org,Uzbekistan,Male,Qo’ng’irot Shahri,Skinder,17224.99,UZS
Patrick,Robinson,probinsonpc@bloomberg.com,China,Male,Saihan Tal,Blogpad,61882.53,CNY
Amanda,Marshall,amarshallpd@geocities.jp,Brazil,Female,Quatá,Kazio,63762.47,BRL
Alan,Perkins,aperkinspe@scribd.com,Albania,Male,Shënmëri,Quatz,45841.46,ALL
Mildred,Long,mlongpf@hexun.com,Czech Republic,Female,Ropice,Jayo,,CZK
Victor,Torres,vtorrespg@boston.com,Russia,Male,Vakhrushi,Oodoo,62188.90,RUB
Michelle,Medina,mmedinaph@vimeo.com,Sweden,Female,Helsingborg,Gabtype,,SEK
Denise,West,dwestpi@msn.com,Peru,Female,Masma,Zoozzy,58720.74,PEN
Ashley,Kelly,akellypj@mlb.com,Portugal,Female,Beja,Jabberstorm,17246.78,EUR
Doris,Fernandez,dfernandezpk@webmd.com,Indonesia,Female,Trogan Barat,Yoveo,70614.54,IDR
Terry,Kim,tkimpl@va.gov,Colombia,Male,La Vega,Bubblemix,67227.73,COP
Louise,Rose,lrosepm@earthlink.net,Estonia,Female,Särevere,Myworks,80112.07,EUR
Philip,Stewart,pstewartpn@disqus.com,China,Male,Jianghai,BlogXS,38678.19,CNY
Andrea,Ferguson,afergusonpo@moonfruit.com,Croatia,Female,Pregrada,Topiclounge,86739.83,HRK
Cheryl,Wood,cwoodpp@reference.com,Madagascar,Female,Andapa,Wordware,,MGA
Shawn,Tucker,stuckerpq@dagondesign.com,Vietnam,Male,Trà My,Zooxo,4303.64,VND
Anthony,Robertson,arobertsonpr@harvard.edu,Philippines,Male,Payao,Dabtype,89669.08,PHP
Donald,Robinson,drobinsonps@amazon.co.jp,Indonesia,Male,Parapat,Riffwire,62174.15,IDR
Maria,Warren,mwarrenpt@vinaora.com,Botswana,Female,Mahalapye,Jabberstorm,53207.03,BWP
Craig,Kim,ckimpu@wikimedia.org,Russia,Male,Krutaya Gorka,Meevee,46322.84,RUB
Frances,Walker,fwalkerpv@wikimedia.org,Pakistan,Female,Hujra,Skinix,55749.44,PKR
Janice,Cox,jcoxpw@fc2.com,Mexico,Female,Lindavista,Trudoo,33984.15,MXN
Christina,Bailey,cbaileypx@sun.com,Poland,Female,Choszczno,Jamia,27654.62,PLN
Anne,Jordan,ajordanpy@abc.net.au,Bolivia,Female,San Pedro,Twitterbridge,49826.64,BOB
Carlos,Griffin,cgriffinpz@discuz.net,Syria,Male,Al Mayādīn,Realblab,82885.12,SYP
Anthony,King,akingq0@elpais.com,Russia,Male,Severnyy,Skiptube,9019.78,RUB
Sandra,Lopez,slopezq1@bizjournals.com,Brazil,Female,Canutama,Gabcube,18206.88,BRL
Eugene,Robinson,erobinsonq2@harvard.edu,Portugal,Male,Santa Iria de Azóia,Mydeo,50751.24,EUR
Chris,Peterson,cpetersonq3@wikimedia.org,Mexico,Male,Independencia,Thoughtbeat,88621.34,MXN
Ashley,Myers,amyersq4@alexa.com,France,Female,Meylan,Gabtune,25871.17,EUR
Matthew,James,mjamesq5@forbes.com,El Salvador,Male,San Marcos,Edgeblab,84545.05,USD
Steve,Freeman,sfreemanq6@behance.net,China,Male,Fasi,Browsebug,22231.66,CNY
Diane,Lee,dleeq7@engadget.com,China,Female,Beijie,Lajo,22123.70,CNY
Jeremy,Wells,jwellsq8@netvibes.com,Poland,Male,Nidek,Youfeed,9921.48,PLN
Keith,Ford,kfordq9@patch.com,China,Male,Zhifang,Skilith,13450.01,CNY
Aaron,Daniels,adanielsqa@youku.com,Sweden,Male,Storvreta,Dynabox,88447.60,SEK
Laura,Johnston,ljohnstonqb@wix.com,Poland,Female,Czarna Dąbrówka,Realfire,46373.84,PLN
Douglas,Kim,dkimqc@creativecommons.org,South Africa,Male,Midrand,Blogtag,40380.90,ZAR
John,Carr,jcarrqd@indiegogo.com,Philippines,Male,Klinan,Browsetype,32028.66,PHP
Ronald,Day,rdayqe@ebay.com,Cameroon,Male,Guider,Youspan,4759.01,XAF
Roger,Bryant,rbryantqf@pinterest.com,Mali,Male,Kidal,Wikido,20900.18,XOF
Brandon,Chavez,bchavezqg@about.me,China,Male,Qinlan,Centizu,85822.68,CNY
Sarah,Fields,sfieldsqh@themeforest.net,China,Female,Shanggu,Jaloo,42219.18,CNY
Brenda,Ford,bfordqi@bluehost.com,Argentina,Female,Villa Concepción del Tío,Topicstorm,58650.59,ARS
Sara,Bradley,sbradleyqj@shareasale.com,Egypt,Female,Qalyūb,Yadel,27384.35,EGP
Phillip,Murphy,pmurphyqk@cbslocal.com,China,Male,Xinshi,Cogilith,64543.11,CNY
Christopher,Howard,chowardql@taobao.com,Canada,Male,Ferme-Neuve,Kimia,25691.40,CAD
Wayne,Jackson,wjacksonqm@nih.gov,South Africa,Male,Viljoenskroon,Quimm,13223.89,ZAR
Paula,Mccoy,pmccoyqn@nbcnews.com,Argentina,Female,Médanos,Twiyo,83689.73,ARS
Judith,Spencer,jspencerqo@pbs.org,Japan,Female,Tōkamachi,Riffpath,73555.58,JPY
Sarah,Johnson,sjohnsonqp@sciencedirect.com,China,Female,Sanhu,Yodel,,CNY
Jane,Cruz,jcruzqq@vinaora.com,Malaysia,Female,Kuching,Trupe,31814.68,MYR
Barbara,Cunningham,bcunninghamqr@skype.com,Czech Republic,Female,Velké Němčice,Buzzster,89968.06,CZK
Jean,Mccoy,jmccoyqs@barnesandnoble.com,Philippines,Female,Sapol,Meezzy,65902.90,PHP
Theresa,Young,tyoungqt@nba.com,China,Female,Jiuli,Voomm,62315.85,CNY
Donald,Austin,daustinqu@dyndns.org,Cambodia,Male,Tbêng Méanchey,Centidel,90283.28,KHR
Theresa,Torres,ttorresqv@marketwatch.com,Indonesia,Female,Puspajaya,Wikivu,1566.32,IDR
Deborah,Hunt,dhuntqw@dailymail.co.uk,China,Female,Yangdu,Tambee,73485.53,CNY
Fred,Lynch,flynchqx@facebook.com,Guatemala,Male,Jalpatagua,Gevee,11680.72,GTQ
Robert,Snyder,rsnyderqy@hatena.ne.jp,Portugal,Male,Constance,Skipfire,60286.71,EUR
Phillip,Lawson,plawsonqz@wordpress.com,China,Male,Tangchijie,Ooba,2391.29,CNY
Chris,Wilson,cwilsonr0@sogou.com,Hungary,Male,Budapest,Zoonder,70254.73,HUF
Antonio,Hernandez,ahernandezr1@vinaora.com,Vietnam,Male,Thị Trấn Yên Châu,Skipfire,,VND
Jesse,Garrett,jgarrettr2@aboutads.info,Brazil,Male,Itaboraí,Yodo,50992.62,BRL
Wayne,Clark,wclarkr3@unblog.fr,Portugal,Male,Balazar,Kwideo,43383.61,EUR
Roger,Sims,rsimsr4@blogs.com,China,Male,Meipu,Feedmix,20220.84,CNY
Shirley,Smith,ssmithr5@amazon.de,Ukraine,Female,Kamieniec Podolski,Skimia,55705.75,UAH
Nancy,Peterson,npetersonr6@nsw.gov.au,China,Female,Zheng’an,Aivee,26954.77,CNY
Bruce,Murray,bmurrayr7@earthlink.net,Kosovo,Male,Gjilan,Aibox,,EUR
Kathleen,Arnold,karnoldr8@elpais.com,China,Female,Qingyang,Jetpulse,4666.54,CNY
Mildred,Bryant,mbryantr9@addthis.com,Russia,Female,Suzëmka,Mynte,86021.38,RUB
Stephen,Henderson,shendersonra@amazonaws.com,Canada,Male,Assiniboia,Npath,,CAD
Jeffrey,Lawson,jlawsonrb@huffingtonpost.com,China,Male,Hecheng,Rhynyx,25668.69,CNY
Rachel,Harrison,rharrisonrc@networkadvertising.org,Sweden,Female,Arlöv,Zoomzone,30839.16,SEK
Elizabeth,Wood,ewoodrd@opensource.org,Portugal,Female,Porto Formoso,Voonix,54921.54,EUR
Kathy,Gutierrez,kgutierrezre@amazonaws.com,China,Female,Xianyan,Dynabox,26982.71,CNY
Lawrence,Nelson,lnelsonrf@mediafire.com,Tunisia,Male,Tāklisah,Tambee,89234.64,TND
Louise,Rivera,lriverarg@vistaprint.com,Colombia,Female,Palocabildo,Yotz,55592.32,COP
Betty,Gray,bgrayrh@quantcast.com,Sudan,Female,Ar Rahad,Mydo,28308.93,SDG
Harry,Barnes,hbarnesri@hatena.ne.jp,Portugal,Male,Matarraque,Fivechat,5057.99,EUR
Joseph,Reid,jreidrj@fc2.com,China,Male,Nanyulinxi,Voolith,121.41,CNY
Marilyn,Henry,mhenryrk@bandcamp.com,Brazil,Female,Tupaciguara,Leenti,70516.50,BRL
Elizabeth,Coleman,ecolemanrl@sbwire.com,Bulgaria,Female,Borovan,Buzzster,,BGN
Christine,White,cwhiterm@51.la,Canada,Female,Anmore,Avaveo,22012.19,CAD
Gary,Williams,gwilliamsrn@apache.org,Philippines,Male,Mantalongon,Lajo,52568.24,PHP
Billy,Bryant,bbryantro@purevolume.com,Armenia,Male,Khasht’arrak,Browsebug,26644.11,AMD
Mark,Andrews,mandrewsrp@utexas.edu,Philippines,Male,Llorente,Quire,,PHP
Debra,Roberts,drobertsrq@indiatimes.com,Kazakhstan,Female,Ilyich,Blogtags,80783.63,KZT
Roy,Pierce,rpiercerr@webeden.co.uk,Nigeria,Male,Benisheikh,Abatz,37830.23,NGN
