Henry,James,hjames0@yolasite.com,Indonesia,Male,Sudikampir,Quaxo,89323.21,IDR
Matthew,Butler,mbutler1@archive.org,France,Male,Coutances,Flipopia,27368.60,EUR
Dennis,Daniels,ddaniels2@tamu.edu,France,Male,Nancy,Eayo,74190.25,EUR
Angela,Meyer,ameyer3@dedecms.com,Bulgaria,Female,Novo Selo,Riffwire,80694.93,BGN
Randy,Lawson,rlawson4@bloglines.com,Russia,Male,Vyatskiye Polyany,Myworks,93718.69,RUB
Kimberly,Gray,kgray5@shutterfly.com,Peru,Female,Colcabamba,Fanoodle,44576.04,PEN
Earl,Harvey,eharvey6@bing.com,China,Male,Changchi,Flashpoint,,CNY
Jimmy,Wagner,jwagner7@pen.io,Indonesia,Male,Ciguha Tengah,Muxo,62630.46,IDR
Ronald,Torres,rtorres8@sfgate.com,Russia,Male,Vyborg,Trilith,79064.97,RUB
Annie,Bradley,abradley9@jiathis.com,Sierra Leone,Female,Daru,Pixonyx,40520.72,SLL
Russell,Myers,rmyersa@weebly.com,Kazakhstan,Male,Zyryanovsk,Yodo,38282.45,KZT
Clarence,Ellis,cellisb@dropbox.com,Costa Rica,Male,San Miguel,Thoughtstorm,,CRC
Lisa,Scott,lscottc@mashable.com,Philippines,Female,Quilo-quilo,Skinte,62523.13,PHP
Pamela,Hanson,phansond@unc.edu,Indonesia,Female,Cibuah,Zoombox,55546.96,IDR
Alan,Hayes,ahayese@ask.com,Sierra Leone,Male,Magburaka,Photobug,65677.07,SLL
Theresa,Ortiz,tortizf@wsj.com,Indonesia,Female,Bekasi,Brainsphere,47330.27,IDR
Amanda,Ward,awardg@weibo.com,Australia,Female,Sydney,Livetube,30181.42,AUD
Edward,Bell,ebellh@drupal.org,China,Male,Fengle,Realcube,75102.70,CNY
Carl,Adams,cadamsi@phoca.cz,China,Male,Wuduhe,Fadeo,30389.46,CNY
Betty,Ford,bfordj@craigslist.org,Japan,Female,Gōdo,Realmix,94718.10,JPY
Karen,Reid,kreidk@epa.gov,Bulgaria,Female,Kazanlŭk,Shufflester,,BGN
Chris,Lee,cleel@unesco.org,Indonesia,Male,Cisantri,Kare,5580.19,IDR
Louise,Bennett,lbennettm@imageshack.us,Poland,Female,Rząśnik,Eire,80123.79,PLN
Bobby,Bishop,bbishopn@plala.or.jp,Ukraine,Male,Chornyanka,Rhybox,43988.94,UAH
Jeremy,Patterson,jpattersono@ovh.net,South Africa,Male,Postmasburg,Buzzster,13011.88,ZAR
Christine,Collins,ccollinsp@creativecommons.org,Portugal,Female,Algueirão,Browseblab,12075.37,EUR
Ernest,Howell,ehowellq@constantcontact.com,China,Male,Yingwusitang,Jaxspan,91479.65,CNY
Christina,Porter,cporterr@list-manage.com,Russia,Female,Kostrovo,Twimm,56693.96,RUB
Matthew,Grant,mgrants@webs.com,France,Male,La Charité-sur-Loire,Browsetype,,EUR
Nicole,Taylor,ntaylort@twitter.com,Sweden,Female,Haparanda,Feedfire,18306.92,SEK
Jennifer,Gonzalez,jgonzalezu@chron.com,Finland,Female,Savonlinna,Babbleopia,79151.42,EUR
Wanda,Shaw,wshawv@answers.com,Indonesia,Female,Cikaduen,Vinte,11607.87,IDR
Karen,Hall,khallw@umich.edu,Russia,Female,Nikel’,Mudo,15384.30,RUB
Johnny,Wright,jwrightx@sciencedirect.com,Vietnam,Male,Thanh Xuân,Twitternation,12316.70,VND
Denise,Morgan,dmorgany@epa.gov,Latvia,Female,Limbaži,Jetpulse,53794.89,EUR
Janice,Wells,jwellsz@theatlantic.com,Indonesia,Female,Babakankiray,Skiptube,40520.75,IDR
Ruth,Arnold,rarnold10@jimdo.com,Pakistan,Female,Thatta,Eadel,24964.91,PKR
Douglas,Alvarez,dalvarez11@cmu.edu,Sweden,Male,Sollefteå,Tambee,98666.44,SEK
Cynthia,Wilson,cwilson12@telegraph.co.uk,China,Female,Laiwu,Demimbu,95828.13,CNY
Christina,Schmidt,cschmidt13@hostgator.com,Slovenia,Female,Bistrica ob Sotli,Mydo,88484.01,EUR
Dorothy,Robertson,drobertson14@seattletimes.com,Brazil,Female,Buerarema,Flashset,47024.53,BRL
Frank,Morgan,fmorgan15@microsoft.com,Indonesia,Male,Tarikolot,Youspan,95227.41,IDR
Fred,Ferguson,fferguson16@mapy.cz,Russia,Male,Velikiye Luki,Blogtags,8620.86,RUB
Raymond,Henderson,rhenderson17@theatlantic.com,China,Male,Fengshan,Einti,,CNY
Denise,Moore,dmoore18@cornell.edu,China,Female,Houzhai,Jayo,95541.34,CNY
Craig,Lane,clane19@wix.com,Cuba,Male,Sagua de Tánamo,Blogpad,35136.66,CUP
Debra,Meyer,dmeyer1a@booking.com,China,Female,Shikeng,DabZ,78701.36,CNY
Shirley,Jacobs,sjacobs1b@businesswire.com,Brazil,Female,Reserva,Oba,72135.08,BRL
Marilyn,Campbell,mcampbell1c@shop-pro.jp,Belarus,Female,Loshnitsa,Voolith,15119.44,BYR
Willie,Torres,wtorres1d@e-recht24.de,Brazil,Male,Araxá,Rhyzio,85743.46,BRL
Lillian,Duncan,lduncan1e@wisc.edu,Cuba,Female,La Sierpe,Avamm,5195.55,CUP
Bonnie,Ramirez,bramirez1f@apple.com,China,Female,Wantou,Oodoo,66296.74,CNY
Kathy,Wagner,kwagner1g@flickr.com,Russia,Female,Saryg-Sep,Skilith,88566.19,RUB
Maria,Hudson,mhudson1h@nyu.edu,China,Female,Nanfeng,Topiclounge,32140.73,CNY
Lori,Martin,lmartin1i@jimdo.com,Tunisia,Female,Radès,Gabtune,49524.17,TND
Michelle,Diaz,mdiaz1j@cornell.edu,Japan,Female,Aisai,Trunyx,,JPY
James,Marshall,jmarshall1k@amazon.com,France,Male,Moulins,Roodel,78781.79,EUR
Annie,Garza,agarza1l@npr.org,Russia,Female,Berendeyevo,Tagopia,,RUB
Victor,Alvarez,valvarez1m@nymag.com,Philippines,Male,Kambing,Zooveo,84354.75,PHP
Betty,Fowler,bfowler1n@amazon.co.jp,China,Female,Hulei,Plajo,39356.44,CNY
Kathy,Hernandez,khernandez1o@biblegateway.com,Portugal,Female,Jovim,Topicstorm,70114.64,EUR
Carlos,Richardson,crichardson1p@twitter.com,Palestinian Territory,Male,Jayyūs,Oloo,99360.76,ILS
Mary,Rose,mrose1q@google.es,Denmark,Female,København,Divavu,75288.24,DKK
Sara,Boyd,sboyd1r@engadget.com,Vietnam,Female,Sóc Trăng,Photolist,34780.47,VND
John,Mccoy,jmccoy1s@nyu.edu,Canada,Male,Neebing,Jamia,95504.18,CAD
Stephanie,Wagner,swagner1t@mozilla.com,Madagascar,Female,Ampasimanolotra,Cogibox,57569.32,MGA
Randy,Mason,rmason1u@123-reg.co.uk,Peru,Male,Ollachea,Brightdog,95164.51,PEN
Karen,Austin,kaustin1v@cpanel.net,Sweden,Female,Storvik,Tagtune,6398.97,SEK
Michelle,Watson,mwatson1w@scientificamerican.com,Iran,Female,Anār,Realcube,90393.20,IRR
Marie,Duncan,mduncan1x@list-manage.com,Indonesia,Female,Banjar Geriana Kangin,Wikizz,15154.52,IDR
Jerry,Vasquez,jvasquez1y@php.net,China,Male,Huaminglou,Gigaclub,8365.93,CNY
Wayne,Price,wprice1z@tumblr.com,Serbia,Male,Čačak,Flashdog,45145.31,RSD
Ashley,Moore,amoore20@mlb.com,Latvia,Female,Līgatne,Eidel,67931.19,EUR
Clarence,Clark,cclark21@acquirethisname.com,Vietnam,Male,Thạnh Phú,Innojam,82960.01,VND
Melissa,Berry,mberry22@eepurl.com,China,Female,Pingshan,Kayveo,,CNY
Jesse,Kelley,jkelley23@about.com,Egypt,Male,Al Jīzah,Voonder,63855.80,EGP
Theresa,Kelley,tkelley24@youku.com,Mongolia,Female,Shiree,Gigazoom,35519.08,MNT
Christina,Kennedy,ckennedy25@deviantart.com,Peru,Female,Aricapampa,Voolith,89435.69,PEN
Brian,Henry,bhenry26@soundcloud.com,Argentina,Male,Villa Ángela,Feednation,84252.07,ARS
Samuel,Hart,shart27@prnewswire.com,Indonesia,Male,Ladan,Browsezoom,21033.46,IDR
Dennis,Reid,dreid28@wunderground.com,Ukraine,Male,Kosiv,Livetube,5924.63,UAH
Brandon,Moore,bmoore29@cbsnews.com,Japan,Male,Kukichūō,Trudeo,44050.01,JPY
Norma,Hicks,nhicks2a@storify.com,Russia,Female,Zhirnovsk,Mymm,33611.89,RUB
Kimberly,Morales,kmorales2b@disqus.com,France,Female,Metz,Tambee,54888.39,EUR
Wayne,Gomez,wgomez2c@forbes.com,Poland,Male,Przasnysz,Zoombox,,PLN
Keith,Marshall,kmarshall2d@admin.ch,China,Male,Tangtou,Topicblab,9325.50,CNY
Eric,Wagner,ewagner2e@usda.gov,Russia,Male,Primorsko-Akhtarsk,Meevee,92488.91,RUB
Jessica,Austin,jaustin2f@nps.gov,Russia,Female,Stulovo,Devcast,98667.03,RUB
Kelly,Graham,kgraham2g@vimeo.com,Philippines,Female,Kolumbug,Wikivu,52809.51,PHP
Kathleen,Washington,kwashington2h@fotki.com,Belarus,Female,Slawharad,Mydeo,66493.90,BYR
Stephen,Thompson,sthompson2i@apple.com,China,Male,Zuitou,Jabbertype,63630.43,CNY
Virginia,James,vjames2j@narod.ru,Portugal,Female,Negreiros,Janyx,64190.26,EUR
Gerald,Bell,gbell2k@merriam-webster.com,Poland,Male,Leżajsk,Youopia,,PLN
Marie,Hunt,mhunt2l@github.com,Belarus,Female,Sharkawshchyna,Devify,48409.11,BYR
Clarence,Ferguson,cferguson2m@live.com,Indonesia,Male,Tanggungrejo,Katz,80122.82,IDR
Donald,Gordon,dgordon2n@upenn.edu,Iraq,Male,Ar Ruţbah,BlogXS,21490.89,IQD
George,Reed,greed2o@newyorker.com,Senegal,Male,Koungheul,Agimba,9715.85,XOF
Raymond,Rice,rrice2p@e-recht24.de,Indonesia,Male,Karangsari,Kayveo,30453.35,IDR
Albert,Weaver,aweaver2q@arizona.edu,Indonesia,Male,Bedalewun,Oodoo,65250.38,IDR
Ashley,Wagner,awagner2r@blogs.com,China,Female,Wanli,Eidel,,CNY
Willie,Brown,wbrown2s@nbcnews.com,Malaysia,Male,Shah Alam,Talane,57258.34,MYR
Johnny,Mills,jmills2t@kickstarter.com,Canada,Male,Espanola,Reallinks,30864.68,CAD
Mark,Chavez,mchavez2u@about.com,China,Male,Qingliu,Realpoint,21323.15,CNY
Brenda,Stanley,bstanley2v@va.gov,Mexico,Female,Pemex,Youspan,63424.85,MXN
Norma,Kelley,nkelley2w@constantcontact.com,Indonesia,Female,Karawatu,Avaveo,92032.06,IDR
Sara,Powell,spowell2x@mlb.com,Indonesia,Female,Tumpang,Yabox,92234.12,IDR
Clarence,Alvarez,calvarez2y@tuttocitta.it,China,Male,Jinniu,Brainsphere,46311.19,CNY
Carolyn,James,cjames2z@naver.com,Costa Rica,Female,Pital,Meembee,46598.10,CRC
Benjamin,Gibson,bgibson30@live.com,Ukraine,Male,Kyrylivka,Skaboo,72735.02,UAH
Raymond,Taylor,rtaylor31@ca.gov,China,Male,Qingshanhu,Meedoo,8027.97,CNY
Anthony,Rice,arice32@liveinternet.ru,Poland,Male,Łomianki,Fivechat,23385.11,PLN
Jane,Ford,jford33@ox.ac.uk,Mexico,Female,Las Palmas,Oloo,82276.10,MXN
Jesse,Stone,jstone34@live.com,Somalia,Male,Mahaddayweyne,Buzzshare,96062.48,SOS
Kathryn,Clark,kclark35@yellowpages.com,Colombia,Female,Candelaria,Skivee,48534.54,COP
Benjamin,Sanders,bsanders36@phoca.cz,Indonesia,Male,Sumberan,Rhyloo,78581.99,IDR
Brian,Carroll,bcarroll37@photobucket.com,Indonesia,Male,Sulang Tengah,Gabcube,87837.55,IDR
Deborah,Carter,dcarter38@chronoengine.com,Russia,Female,Krasnogorskiy,Jabbersphere,98458.24,RUB
Janet,Boyd,jboyd39@jigsy.com,Russia,Female,Khadzhalmakhi,Camido,29062.86,RUB
Ruth,Jenkins,rjenkins3a@salon.com,Nepal,Female,Bardiyā,Wikizz,86929.89,NPR
Deborah,Harrison,dharrison3b@theglobeandmail.com,Russia,Female,Mortka,Yodel,46727.92,RUB
Jeremy,Harper,jharper3c@cisco.com,Indonesia,Male,Linggamanik,Gabtype,40080.22,IDR
Janet,Ryan,jryan3d@artisteer.com,Peru,Female,Ticllos,Jayo,42513.29,PEN
Raymond,Flores,rflores3e@free.fr,South Africa,Male,Kathu,Mybuzz,20410.43,ZAR
Tina,Nelson,tnelson3f@ustream.tv,Philippines,Female,Naili,Topicshots,39898.86,PHP
Louis,Baker,lbaker3g@lulu.com,Hungary,Male,Nyíregyháza,Browsetype,47348.90,HUF
Robin,Carroll,rcarroll3h@newsvine.com,Peru,Female,San Bernardino,Plajo,45869.67,PEN
Victor,Owens,vowens3i@telegraph.co.uk,Indonesia,Male,Jatisari,Gabvine,95852.77,IDR
Kathleen,Lewis,klewis3j@slashdot.org,Panama,Female,Guadalupe,Pixope,64963.26,PAB
Melissa,Franklin,mfranklin3k@w3.org,Croatia,Female,Podstrana,Topiclounge,34935.99,HRK
Louis,Simpson,lsimpson3l@statcounter.com,Brazil,Male,Una,Jaxworks,75605.83,BRL
Billy,West,bwest3m@hubpages.com,Japan,Male,Mashiko,Jaxspan,65539.54,JPY
Tammy,Moreno,tmoreno3n@timesonline.co.uk,Kenya,Female,Pumwani,Youfeed,94675.19,KES
Martha,Howard,mhoward3o@ted.com,Indonesia,Female,Sindangkerta,Snaptags,6970.76,IDR
Ann,Kennedy,akennedy3p@rambler.ru,China,Female,Xiaoguai,Riffpath,87519.06,CNY
Ruby,Bowman,rbowman3q@state.gov,Sierra Leone,Female,Konakridee,Riffpedia,25589.96,SLL
Tina,George,tgeorge3r@examiner.com,Indonesia,Female,Kroya,InnoZ,99207.23,IDR
Antonio,Rodriguez,arodriguez3s@wp.com,Bosnia and Herzegovina,Male,Lamovita,Thoughtbridge,83899.21,BAM
Tina,Dean,tdean3t@un.org,Indonesia,Female,Mayang,Roombo,23668.27,IDR
Brian,Lawrence,blawrence3u@sciencedaily.com,Denmark,Male,København,Vimbo,44808.14,DKK
Annie,Reyes,areyes3v@theguardian.com,Ireland,Female,Sallins,Youspan,23504.01,EUR
Stephanie,Kennedy,skennedy3w@samsung.com,Maldives,Female,Manadhoo,Pixonyx,54142.06,MVR
Pamela,Wells,pwells3x@ucoz.ru,China,Female,Qingyun,Devbug,10533.11,CNY
Thomas,Parker,tparker3y@github.com,United States,Male,Omaha,Yodo,1262.28,USD
Ann,Johnson,ajohnson3z@vimeo.com,Tajikistan,Female,Palos,Fliptune,43596.18,TJS
Catherine,Chapman,cchapman40@odnoklassniki.ru,Poland,Female,Wierzbica,Babbleblab,65166.62,PLN
Gary,Franklin,gfranklin41@businessinsider.com,Thailand,Male,Samran,Npath,6324.95,THB
Karen,Thomas,kthomas42@canalblog.com,United States,Female,Sterling,Topicshots,58202.20,USD
Nicole,Dean,ndean43@sogou.com,Philippines,Female,Pangapisan,Jetwire,31744.52,PHP
Lori,Murphy,lmurphy44@constantcontact.com,Peru,Female,Mamara,Skivee,51884.90,PEN
Judy,Flores,jflores45@miitbeian.gov.cn,South Korea,Female,Moppo,Eire,87873.95,KRW
Sarah,Cox,scox46@yelp.com,Indonesia,Female,Bogi,Zoombeat,55290.27,IDR
Kathy,Miller,kmiller47@whitehouse.gov,Brazil,Female,Cabreúva,Cogilith,47753.63,BRL
Kimberly,Stephens,kstephens48@uiuc.edu,Peru,Female,Apongo,Youspan,16543.57,PEN
Alice,Richardson,arichardson49@jimdo.com,China,Female,Dadong’ao,Tekfly,55182.03,CNY
Laura,Bennett,lbennett4a@amazon.co.uk,Argentina,Female,Buenos Aires,Aimbo,94353.24,ARS
Wanda,Moore,wmoore4b@nature.com,Colombia,Female,Socorro,Katz,5241.34,COP
Ruby,Duncan,rduncan4c@dell.com,Indonesia,Female,Cigadog,Zoonder,60385.00,IDR
Janice,Payne,jpayne4d@nationalgeographic.com,Colombia,Female,El Bagre,Skivee,45673.71,COP
Margaret,Gibson,mgibson4e@myspace.com,Brazil,Female,Bom Despacho,Innojam,23138.79,BRL
Charles,Simpson,csimpson4f@accuweather.com,Russia,Male,Esso,Digitube,65637.58,RUB
Nicole,King,nking4g@altervista.org,Peru,Female,Socota,Janyx,74408.46,PEN
Raymond,Tucker,rtucker4h@e-recht24.de,China,Male,Tuguan,Jabberbean,15819.10,CNY
Thomas,Price,tprice4i@constantcontact.com,South Africa,Male,Midrand,Jatri,49772.17,ZAR
Susan,Bowman,sbowman4j@feedburner.com,China,Female,Zhangdian,Layo,97290.15,CNY
Judy,Harper,jharper4k@1und1.de,France,Female,Agen,Wikizz,64830.00,EUR
Terry,Perkins,tperkins4l@gov.uk,Argentina,Male,Añelo,Mudo,94481.73,ARS
Lori,Sanders,lsanders4m@bigcartel.com,United States,Female,Saint Louis,Oyonder,15857.74,USD
Larry,Jenkins,ljenkins4n@constantcontact.com,France,Male,Montbéliard,Jetwire,88700.73,EUR
Philip,Thomas,pthomas4o@lycos.com,China,Male,Danjiangkou,Oyoyo,,CNY
Helen,Gomez,hgomez4p@last.fm,Iran,Female,Kahrīz,Brainlounge,84488.10,IRR
Ann,Nguyen,anguyen4q@cnbc.com,Russia,Female,Yurla,Devpoint,89628.68,RUB
Walter,Davis,wdavis4r@chron.com,Colombia,Male,Piedrancha,Youbridge,53184.31,COP
Carolyn,Cunningham,ccunningham4s@goo.ne.jp,Indonesia,Female,Sinjai,Jaxbean,20890.95,IDR
Dorothy,Wood,dwood4t@ebay.co.uk,Greece,Female,Drosiá,Abata,46531.96,EUR
Henry,Reynolds,hreynolds4u@i2i.jp,Bulgaria,Male,Satovcha,Jaxspan,77001.28,BGN
Randy,Knight,rknight4v@prnewswire.com,South Korea,Male,Reiko,Photobug,4851.66,KRW
Susan,Welch,swelch4w@ning.com,Pakistan,Female,Kunri,Devify,22696.64,PKR
Judy,Rice,jrice4x@sohu.com,Bahamas,Female,George Town,Aimbo,86874.14,BSD
Virginia,Burke,vburke4y@sogou.com,China,Female,Liancheng,Twiyo,45400.84,CNY
Judith,Ramos,jramos4z@live.com,Indonesia,Female,Kadaka,Yodo,47491.52,IDR
Christina,Cunningham,ccunningham50@themeforest.net,Indonesia,Female,Cikeusal,Vinder,7686.39,IDR
Carol,Lee,clee51@example.com,China,Female,Jiujiang,DabZ,50086.65,CNY
Edward,Nichols,enichols52@xrea.com,China,Male,Wenquan,Buzzshare,71545.23,CNY
Rose,Taylor,rtaylor53@cafepress.com,Poland,Female,Drzewica,Tagcat,32035.98,PLN
Jane,Scott,jscott54@cloudflare.com,Philippines,Female,Tipo-Tipo,Jetpulse,83525.57,PHP
Tina,Little,tlittle55@weibo.com,Indonesia,Female,Sumberpinang Satu,Latz,4138.25,IDR
Adam,Duncan,aduncan56@bing.com,France,Male,Annecy-le-Vieux,Zoomlounge,14749.99,EUR
Albert,Mills,amills57@discuz.net,Croatia,Male,Predavac,Abatz,4764.07,HRK
Martin,Alvarez,malvarez58@theglobeandmail.com,Thailand,Male,Chat Trakan,Yacero,16190.99,THB
Brian,Webb,bwebb59@spiegel.de,Dominican Republic,Male,Tamboril,Demizz,,DOP
Jeremy,Grant,jgrant5a@usgs.gov,China,Male,Nailung,Skaboo,36254.70,CNY
Jessica,Hawkins,jhawkins5b@wix.com,Iran,Female,Langarūd,Twitterbridge,22524.02,IRR
Douglas,Simmons,dsimmons5c@prweb.com,Tanzania,Male,Misasi,Quinu,,TZS
Shirley,Mitchell,smitchell5d@nba.com,Brazil,Female,Leme,Trupe,66815.54,BRL
Heather,Martinez,hmartinez5e@epa.gov,China,Female,Fangfan,Ainyx,45774.24,CNY
Raymond,White,rwhite5f@google.ru,Ukraine,Male,Krasne,Agimba,68012.64,UAH
Alice,Olson,aolson5g@posterous.com,China,Female,Minyue,Yoveo,19764.77,CNY
Jeremy,Porter,jporter5h@symantec.com,China,Male,Dizhai,Mynte,65292.26,CNY
Pamela,Andrews,pandrews5i@myspace.com,Sweden,Female,Hägersten,Avavee,67753.29,SEK
Gerald,Moore,gmoore5j@businessweek.com,Paraguay,Male,Piribebuy,Divape,97266.39,PYG
Mark,Patterson,mpatterson5k@reuters.com,Russia,Male,Nurlat,Youspan,85626.20,RUB
Harold,Cunningham,hcunningham5l@istockphoto.com,Brazil,Male,Estância Velha,Shuffletag,25781.07,BRL
Doris,Mitchell,dmitchell5m@vkontakte.ru,Sweden,Female,Västra Frölunda,Browsecat,15179.00,SEK
Jennifer,Carpenter,jcarpenter5n@mac.com,Colombia,Female,Sahagún,Edgeclub,18485.08,COP
Marilyn,Myers,mmyers5o@geocities.jp,Portugal,Female,Várzea,Wikivu,86446.03,EUR
Billy,Flores,bflores5p@java.com,Philippines,Male,Upig,Oyoba,7918.06,PHP
Justin,Shaw,jshaw5q@360.cn,Nigeria,Male,Kumo,Ainyx,52092.53,NGN
Michelle,West,mwest5r@accuweather.com,Morocco,Female,Sidi Qacem,Youspan,5982.84,MAD
Pamela,Howell,phowell5s@163.com,Morocco,Female,Skoura,Voonyx,91673.54,MAD
Douglas,Weaver,dweaver5t@com.com,Portugal,Male,Navais,Linklinks,77867.37,EUR
Ashley,Larson,alarson5u@hexun.com,Indonesia,Female,Bantar,Vitz,89855.56,IDR
Nicholas,Mitchell,nmitchell5v@scientificamerican.com,Ivory Coast,Male,Aboisso,Meembee,40467.18,XOF
James,Rivera,jrivera5w@cnbc.com,Poland,Male,Borzęta,Photobean,4223.48,PLN
Timothy,Kelley,tkelley5x@addthis.com,Germany,Male,Halle,Tagcat,88847.69,EUR
Ronald,Hunt,rhunt5y@sfgate.com,Russia,Male,Bronnitsy,Browsezoom,65919.71,RUB
Amanda,Stewart,astewart5z@phoca.cz,Indonesia,Female,Singkir,Gabcube,59851.08,IDR
Jose,Phillips,jphillips60@wsj.com,Serbia,Male,Mošorin,Centidel,26436.38,RSD
Lois,Sanchez,lsanchez61@dedecms.com,Portugal,Female,Camarate,Pixoboo,53749.97,EUR
Lori,Hawkins,lhawkins62@theguardian.com,Philippines,Female,Poctol,Jabberstorm,10163.38,PHP
Elizabeth,Perez,eperez63@studiopress.com,France,Female,Nîmes,Oyoyo,49697.03,EUR
Louis,Cox,lcox64@tuttocitta.it,Tunisia,Male,Menzel Abderhaman,Tazz,85122.33,TND
Sara,Fuller,sfuller65@mail.ru,China,Female,Hanjiashu,Dabjam,,CNY
Jason,Gomez,jgomez66@who.int,Portugal,Male,Serra,Izio,25336.89,EUR
Robin,Ellis,rellis67@time.com,Philippines,Female,Balayong,Yotz,71734.19,PHP
Gary,Nichols,gnichols68@usnews.com,Tajikistan,Male,Khŭjand,Zooveo,30158.47,TJS
Gary,Peters,gpeters69@oaic.gov.au,Philippines,Male,San Carlos,Yodel,44678.51,PHP
Gregory,Matthews,gmatthews6a@twitter.com,Colombia,Male,San Marcos,Kwideo,26799.40,COP
Nicole,Perez,nperez6b@edublogs.org,Bolivia,Female,Roboré,Tavu,92205.20,BOB
Randy,Simpson,rsimpson6c@nymag.com,Netherlands,Male,Rosmalen,Youopia,,EUR
Joyce,Sims,jsims6d@npr.org,Russia,Female,Velikiye Luki,Aibox,14452.76,RUB
Kimberly,Wilson,kwilson6e@pinterest.com,Sri Lanka,Female,Jaffna,Talane,15657.81,LKR
Louise,Gordon,lgordon6f@artisteer.com,Japan,Female,Marumori,Devify,97811.53,JPY
Anne,Mills,amills6g@slate.com,Portugal,Female,São Pedro,Skiptube,12568.59,EUR
Christine,Stevens,cstevens6h@twitter.com,Croatia,Female,Vrsi,Gabvine,29.62,HRK
Kathleen,Franklin,kfranklin6i@mapy.cz,Morocco,Female,Saddina,Yacero,50057.14,MAD
Jason,Nguyen,jnguyen6j@craigslist.org,Russia,Male,Kozhva,Livepath,36338.60,RUB
Lillian,Howard,lhoward6k@angelfire.com,Philippines,Female,Carmen,Edgeclub,,PHP
Amanda,Austin,aaustin6l@unblog.fr,Ecuador,Female,Santa Rosa,Wordpedia,98358.15,USD
Anthony,Fowler,afowler6m@chronoengine.com,Nigeria,Male,Ifo,Skinte,49000.06,NGN
Catherine,Jackson,cjackson6n@t-online.de,Panama,Female,Chitré,Zazio,,PAB
Jesse,Andrews,jandrews6o@naver.com,Russia,Male,Starominskaya,Livepath,7305.34,RUB
Judy,Brooks,jbrooks6p@hud.gov,France,Female,Lyon,Ozu,97111.15,EUR
Frances,Fox,ffox6q@woothemes.com,Indonesia,Female,Pataha,Jayo,99624.91,IDR
Andrew,Hill,ahill6r@lulu.com,China,Male,Supu,Oyope,22724.20,CNY
Robin,Chapman,rchapman6s@fotki.com,China,Female,Dalonghua,Aimbu,4552.06,CNY
Robin,Brooks,rbrooks6t@delicious.com,Indonesia,Female,Ngarus,Skiba,15359.13,IDR
Joe,Davis,jdavis6u@admin.ch,Russia,Male,Log,Topicblab,73597.16,RUB
Ashley,Boyd,aboyd6v@oracle.com,Tanzania,Female,Mtwara,Feedmix,75593.85,TZS
George,Daniels,gdaniels6w@china.com.cn,Russia,Male,Anzhero-Sudzhensk,Realbridge,83546.00,RUB
Joyce,Fernandez,jfernandez6x@mtv.com,China,Female,Jinguoping,Minyx,96318.87,CNY
Jean,Lynch,jlynch6y@shop-pro.jp,Czech Republic,Female,Moravská Nová Ves,Zazio,21949.90,CZK
Kathleen,Russell,krussell6z@trellian.com,Czech Republic,Female,Malonty,Zooxo,66580.93,CZK
Steven,Parker,sparker70@earthlink.net,Serbia,Male,Negotin,Bubblebox,91110.94,RSD
Adam,Webb,awebb71@japanpost.jp,China,Male,Jiuxi,Lazzy,44425.44,CNY
Janice,Powell,jpowell72@sohu.com,Philippines,Female,Maninihon,Gabvine,59502.84,PHP
Alan,Rice,arice73@census.gov,Indonesia,Male,Adiwerna,Centimia,68785.06,IDR
Bruce,Chavez,bchavez74@theatlantic.com,China,Male,Luobuqiongzi,Meedoo,14990.47,CNY
Wanda,Gutierrez,wgutierrez75@marketwatch.com,Saint Martin,Female,Marigot,Wordify,98660.47,EUR
Larry,Peterson,lpeterson76@amazon.com,Indonesia,Male,Jambangan,Brightdog,53796.27,IDR
Dorothy,Young,dyoung77@adobe.com,China,Female,Yiqian,Ailane,17578.64,CNY
Margaret,Berry,mberry78@dropbox.com,Philippines,Female,Pañgobilian,Photospace,80714.60,PHP
Justin,Jones,jjones79@vkontakte.ru,Indonesia,Male,Sukabumi,Mybuzz,,IDR
Margaret,Stanley,mstanley7a@flavors.me,Argentina,Female,Quimilí,Agivu,,ARS
Lois,Matthews,lmatthews7b@oracle.com,China,Female,Anwen,Browsebug,47181.07,CNY
Brian,Marshall,bmarshall7c@edublogs.org,Poland,Male,Bachowice,Avaveo,2642.92,PLN
Frances,Snyder,fsnyder7d@unicef.org,Belarus,Female,Dashkawka,Divavu,81089.78,BYR
Amanda,Cruz,acruz7e@github.com,Vietnam,Female,Hòa Bình,Kare,77794.87,VND
Donald,Kelly,dkelly7f@mayoclinic.com,Portugal,Male,Algarvia,Quimm,87350.03,EUR
Robin,Montgomery,rmontgomery7g@photobucket.com,Mexico,Female,Guadalupe,Thoughtstorm,52030.41,MXN
Harry,Holmes,hholmes7h@geocities.jp,France,Male,Roubaix,Cogilith,8212.17,EUR
Wanda,Mitchell,wmitchell7i@auda.org.au,Brazil,Female,Cacoal,Buzzbean,48349.59,BRL
Kathryn,Green,kgreen7j@about.me,China,Female,Zhendong,Aibox,55720.35,CNY
Stephen,Wood,swood7k@naver.com,China,Male,Jinshan,Eire,75775.57,CNY
Marilyn,Davis,mdavis7l@hibu.com,Indonesia,Female,Suru,Kayveo,40636.46,IDR
Martha,Green,mgreen7m@privacy.gov.au,Tanzania,Female,Ndago,Ntag,35146.20,TZS
Steve,Stevens,sstevens7n@biblegateway.com,Philippines,Male,Cabalawan,Vinte,93131.56,PHP
Donna,Grant,dgrant7o@trellian.com,China,Female,Dalu,Trilith,79247.91,CNY
John,Ferguson,jferguson7p@merriam-webster.com,North Korea,Male,Najin,Tambee,13839.21,KPW
Clarence,Arnold,carnold7q@xrea.com,China,Male,Huwan,Youspan,81012.37,CNY
Gloria,Dixon,gdixon7r@sciencedirect.com,Russia,Female,Kukushtan,Browsecat,46468.59,RUB
Pamela,Franklin,pfranklin7s@amazonaws.com,Honduras,Female,Quebrada Larga,Myworks,17481.32,HNL
Dorothy,Thompson,dthompson7t@wisc.edu,Finland,Female,Alavus,Zoovu,91932.93,EUR
Terry,Miller,tmiller7u@dagondesign.com,Ivory Coast,Male,Séguéla,Izio,84057.29,XOF
Julia,Hamilton,jhamilton7v@mit.edu,Indonesia,Female,Cikuda,Wordware,77743.51,IDR
Donald,Evans,devans7w@ustream.tv,Ukraine,Male,Kamieniec Podolski,Skimia,30832.75,UAH
Jane,Murphy,jmurphy7x@google.ru,Indonesia,Female,Pantai Ceuremen,Bubblemix,2461.02,IDR
Keith,Kelley,kkelley7y@state.tx.us,China,Male,Jingcheng,Zoomdog,72565.50,CNY
Joshua,Clark,jclark7z@zdnet.com,Portugal,Male,Angra do Heroísmo,Babblestorm,,EUR
Bonnie,Cooper,bcooper80@gnu.org,Brazil,Female,Jaguariaíva,Buzzbean,73619.62,BRL
Timothy,Dunn,tdunn81@drupal.org,Spain,Male,Santiago De Compostela,Yoveo,27713.06,EUR
Paul,Crawford,pcrawford82@hhs.gov,El Salvador,Male,San Juan Opico,Jabbersphere,72273.44,USD
Arthur,Jordan,ajordan83@bbb.org,Tanzania,Male,Magugu,Meejo,60277.49,TZS
Wayne,Carter,wcarter84@imageshack.us,Czech Republic,Male,Zdice,Jabberbean,93895.46,CZK
Harry,Roberts,hroberts85@dailymail.co.uk,Indonesia,Male,Lodoyo,Dazzlesphere,63046.50,IDR
Frances,Garza,fgarza86@ted.com,Azerbaijan,Female,Maştağa,Dabfeed,60926.48,AZN
Annie,Hunter,ahunter87@last.fm,Afghanistan,Female,Qarah Bāgh,Quatz,7876.37,AFN
Justin,Thomas,jthomas88@blogspot.com,Poland,Male,Strzelce,Meetz,59183.74,PLN
Jonathan,Collins,jcollins89@independent.co.uk,Poland,Male,Mieszkowice,Oyoloo,31027.71,PLN
Ryan,Day,rday8a@goo.gl,Indonesia,Male,Banjarejo,Babbleset,24389.14,IDR
Frances,White,fwhite8b@nymag.com,Indonesia,Female,Kadujajar,Riffpath,62808.80,IDR
Alice,Flores,aflores8c@tinypic.com,Portugal,Female,Pedroso,Twinder,77531.30,EUR
Keith,Kennedy,kkennedy8d@list-manage.com,Japan,Male,Ōkawa,Realcube,47310.71,JPY
Scott,Kennedy,skennedy8e@a8.net,United States,Male,Largo,Yabox,7222.46,USD
Patrick,Campbell,pcampbell8f@seesaa.net,China,Male,Beijie,Flashspan,5772.89,CNY
Kimberly,Wright,kwright8g@intel.com,Venezuela,Female,La Esmeralda,Shuffledrive,17002.29,VEF
Martin,Olson,molson8h@netlog.com,Syria,Male,Al Ma‘baţlī,Blogtags,61019.44,SYP
Annie,Alvarez,aalvarez8i@mysql.com,Colombia,Female,Plato,Twitternation,,COP
Katherine,Olson,kolson8j@delicious.com,Portugal,Female,Maia,Yodoo,89613.93,EUR
Thomas,Ruiz,truiz8k@51.la,Poland,Male,Potęgowo,Miboo,67607.44,PLN
Christopher,Watkins,cwatkins8l@wordpress.com,China,Male,Hongmei,Youbridge,95695.29,CNY
Nancy,Fisher,nfisher8m@fda.gov,Indonesia,Female,Kendung Timur,Kamba,16621.27,IDR
Laura,Freeman,lfreeman8n@blog.com,Philippines,Female,Balangkayan,Voolia,,PHP
Stephen,Perkins,sperkins8o@illinois.edu,Tajikistan,Male,Mehron,Pixoboo,59732.59,TJS
Brian,Lane,blane8p@uiuc.edu,Azerbaijan,Male,Martakert,Eidel,2362.88,AZN
Phyllis,Lee,plee8q@eventbrite.com,Latvia,Female,Nereta,Eabox,2540.93,EUR
Jessica,Harris,jharris8r@aboutads.info,Chile,Female,Victoria,Latz,93851.46,CLP
Anna,Perkins,aperkins8s@theatlantic.com,Poland,Female,Miłosław,Demizz,54360.01,PLN
Douglas,Mccoy,dmccoy8t@ebay.co.uk,China,Male,Nanmuping,Trupe,33088.46,CNY
Joshua,West,jwest8u@multiply.com,Ethiopia,Male,Werota,Dazzlesphere,79118.04,ETB
Laura,Ramos,lramos8v@wiley.com,Philippines,Female,Kinalansan,Yabox,80392.11,PHP
Johnny,Jones,jjones8w@mit.edu,Indonesia,Male,Cibeureum,Babblestorm,53570.57,IDR
Antonio,Banks,abanks8x@gov.uk,Greece,Male,Katsikás,Eare,24767.95,EUR
Jason,Murray,jmurray8y@timesonline.co.uk,Brazil,Male,Ipatinga,Innojam,56998.91,BRL
Kathleen,Mccoy,kmccoy8z@sphinn.com,Ukraine,Female,Drahovo,Zoonoodle,64992.65,UAH
Rebecca,Romero,rromero90@vistaprint.com,Philippines,Female,Cambarus,Fatz,29403.75,PHP
Matthew,Harrison,mharrison91@nsw.gov.au,Bosnia and Herzegovina,Male,Varoška Rijeka,Pixonyx,,BAM
Arthur,Harper,aharper92@google.ru,Portugal,Male,Raminho,Kimia,9374.12,EUR
Nicholas,Foster,nfoster93@mtv.com,Bosnia and Herzegovina,Male,Todorovo,Topicstorm,73858.39,BAM
Philip,Lynch,plynch94@taobao.com,Indonesia,Male,Nanggewer,Dabtype,58441.50,IDR
Kathleen,Nelson,knelson95@cyberchimps.com,China,Female,Qingfeng,Kanoodle,48412.27,CNY
Jesse,Fisher,jfisher96@163.com,Honduras,Male,Villa Nueva,Dabjam,,HNL
Annie,Snyder,asnyder97@va.gov,Afghanistan,Female,Ārt Khwājah,Zoombox,78817.37,AFN
Stephanie,Gonzalez,sgonzalez98@prweb.com,Portugal,Female,Estoi,Wikizz,73613.10,EUR
Billy,Baker,bbaker99@deliciousdays.com,Indonesia,Male,Tulusmulyo,Jayo,47743.21,IDR
Diana,Davis,ddavis9a@sciencedirect.com,Myanmar,Female,Pyapon,Kwinu,88854.90,MMK
Ralph,Sullivan,rsullivan9b@sitemeter.com,Vietnam,Male,Quán Hàu,Voonte,66635.43,VND
Donald,Meyer,dmeyer9c@toplist.cz,Ecuador,Male,La Troncal,Topicware,,USD
Timothy,Daniels,tdaniels9d@merriam-webster.com,Canada,Male,Smiths Falls,Zoonder,39800.50,CAD
Norma,Vasquez,nvasquez9e@europa.eu,Portugal,Female,Tapada das Mercês,Fanoodle,32784.24,EUR
Carl,Murray,cmurray9f@canalblog.com,China,Male,Jinan,Riffwire,40710.74,CNY
Linda,George,lgeorge9g@nbcnews.com,Vietnam,Female,Cái Dầu,Dabtype,17526.49,VND
Harold,Hunt,hhunt9h@wikimedia.org,Poland,Male,Ruda-Huta,Jazzy,2924.61,PLN
Jessica,Gutierrez,jgutierrez9i@gov.uk,China,Female,Luqiao,Wordify,87718.09,CNY
Sara,Carpenter,scarpenter9j@geocities.com,Russia,Female,Buynaksk,Innotype,8739.91,RUB
Tina,Fernandez,tfernandez9k@uiuc.edu,China,Female,Huangshi,Jabberbean,68944.19,CNY
John,Shaw,jshaw9l@pagesperso-orange.fr,Turkmenistan,Male,Köneürgench,Thoughtbeat,23950.58,TMT
Kevin,Jordan,kjordan9m@paypal.com,Indonesia,Male,Randuagung,Skipstorm,74508.03,IDR
Margaret,Wheeler,mwheeler9n@photobucket.com,Indonesia,Female,Tiang,Tazzy,34980.18,IDR
Steve,Murphy,smurphy9o@goo.gl,Turkmenistan,Male,Atamyrat,Kwinu,22708.05,TMT
Eugene,Bell,ebell9p@ft.com,China,Male,Xilu,Roodel,90461.54,CNY
Louise,Baker,lbaker9q@census.gov,Russia,Female,Lobanovo,Skipstorm,49306.88,RUB
Jeffrey,Baker,jbaker9r@webmd.com,Philippines,Male,Calizo,Aivee,18723.53,PHP
Anna,Campbell,acampbell9s@archive.org,Indonesia,Female,Boncong,Photobug,65058.36,IDR
Janet,Berry,jberry9t@ask.com,Indonesia,Female,Gelang,Buzzshare,6314.07,IDR
Emily,Price,eprice9u@theatlantic.com,Poland,Female,Pszczew,Roomm,30686.58,PLN
John,Lynch,jlynch9v@photobucket.com,Cuba,Male,Abreus,Zoozzy,30003.22,CUP
Helen,Ford,hford9w@google.co.jp,China,Female,Sanshan,Teklist,76800.55,CNY
John,Lee,jlee9x@pen.io,Brazil,Male,Chapadinha,Edgeify,8138.77,BRL
Debra,Fernandez,dfernandez9y@telegraph.co.uk,China,Female,Xiazhai,Twimbo,,CNY
Kenneth,Martin,kmartin9z@icio.us,South Africa,Male,Hluhluwe,Gabtype,61708.86,ZAR
Ralph,Cook,rcooka0@psu.edu,Russia,Male,Ust’-Isha,Demimbu,14586.21,RUB
Richard,Rose,rrosea1@kickstarter.com,Cyprus,Male,Lefkoniko,Devpulse,98613.26,EUR
Diana,Porter,dportera2@technorati.com,Japan,Female,Imaichi,Mita,15203.89,JPY
Deborah,Evans,devansa3@netlog.com,Indonesia,Female,Terentang,Kare,37572.80,IDR
Donna,Gibson,dgibsona4@deliciousdays.com,Russia,Female,Yasenevo,Youfeed,85696.59,RUB
Steven,Howard,showarda5@youtu.be,Indonesia,Male,Ciketak,Midel,82095.80,IDR
Robin,Day,rdaya6@free.fr,China,Female,Dagur,Jaloo,7601.46,CNY
Martha,Webb,mwebba7@list-manage.com,Russia,Female,Sennoy,Skibox,49481.52,RUB
Kelly,Hernandez,khernandeza8@reddit.com,France,Female,Niort,Dabshots,82703.87,EUR
Kenneth,Mills,kmillsa9@t.co,Peru,Male,Ullulluco,Vitz,78290.40,PEN
Christopher,Alvarez,calvarezaa@dyndns.org,Democratic Republic of the Congo,Male,Matadi,Oba,,CDF
Jesse,Cooper,jcooperab@ask.com,China,Male,Huilong,Eimbee,27150.86,CNY
Harold,Ortiz,hortizac@yelp.com,Mali,Male,Ti-n-Essako,Linkbridge,21811.47,XOF
Albert,Lane,alanead@ocn.ne.jp,Ukraine,Male,Rybache,Midel,14226.35,UAH
Michelle,Daniels,mdanielsae@xing.com,Colombia,Female,Carmen de Viboral,Browsecat,69898.79,COP
Jeremy,Cook,jcookaf@jalbum.net,Croatia,Male,Gradac,Feedbug,84409.54,HRK
Carl,Gilbert,cgilbertag@bloglines.com,Finland,Male,Kirkkonummi,Ntags,52981.07,EUR
John,Hughes,jhughesah@ezinearticles.com,China,Male,Hutou,Oozz,,CNY
Louis,Nguyen,lnguyenai@parallels.com,Indonesia,Male,Kotadukuh,Nlounge,18745.57,IDR
Wayne,Lawrence,wlawrenceaj@businessweek.com,Cameroon,Male,Manjo,Wordware,45222.95,XAF
Charles,Ford,cfordak@livejournal.com,Philippines,Male,Santa Catalina Norte,Youopia,77595.90,PHP
Irene,Marshall,imarshallal@blogtalkradio.com,Iran,Female,Aghajari,Myworks,35339.04,IRR
Eugene,Robinson,erobinsonam@woothemes.com,China,Male,Guzhen,Browsedrive,2621.32,CNY
Steve,Matthews,smatthewsan@eepurl.com,China,Male,Tongqiao,Oyondu,98013.73,CNY
Annie,Reynolds,areynoldsao@slashdot.org,China,Female,Sanhu,Demimbu,62042.16,CNY
Laura,James,ljamesap@eventbrite.com,China,Female,Xibin,Flashpoint,49341.54,CNY
Lillian,Hayes,lhayesaq@photobucket.com,Latvia,Female,Cesvaine,Tazzy,91171.08,EUR
Paul,Lopez,plopezar@rambler.ru,Dominican Republic,Male,Fantino,Meezzy,18929.77,DOP
Deborah,Burns,dburnsas@desdev.cn,Poland,Female,Iwonicz-Zdrój,Edgepulse,22478.67,PLN
Roger,Gordon,rgordonat@nature.com,Peru,Male,Pucacaca,Twitterlist,99226.45,PEN
Debra,Murphy,dmurphyau@huffingtonpost.com,Greece,Female,Nikísiani,Mycat,87928.75,EUR
Phillip,Greene,pgreeneav@fema.gov,China,Male,Malian,Vimbo,47485.32,CNY
Judy,Anderson,jandersonaw@163.com,Ukraine,Female,Radekhiv,Devpoint,59665.51,UAH
Frances,Simpson,fsimpsonax@purevolume.com,Japan,Female,Suibara,Skinix,36531.74,JPY
Carolyn,Chapman,cchapmanay@artisteer.com,Croatia,Female,Gradići,Yombu,60647.84,HRK
Carolyn,Riley,crileyaz@paypal.com,Brazil,Female,Santo Antônio de Posse,Tagtune,57025.30,BRL
Janice,Tucker,jtuckerb0@blogspot.com,Panama,Female,Quebrada Canoa,Devbug,18372.56,PAB
Gregory,Peters,gpetersb1@altervista.org,Japan,Male,Gamagōri,Yodoo,88812.78,JPY
Timothy,Lopez,tlopezb2@state.gov,Indonesia,Male,Sadananya,Agimba,69795.15,IDR
Bobby,Thomas,bthomasb3@examiner.com,China,Male,Sancha,Topicstorm,16049.04,CNY
Dennis,Black,dblackb4@ustream.tv,France,Male,Le Mans,Thoughtbeat,29797.84,EUR
Marie,Lane,mlaneb5@usnews.com,South Africa,Female,Ixopo,Midel,93800.10,ZAR
Patricia,Ray,prayb6@facebook.com,Indonesia,Female,Ngantru,Twitterbridge,72872.37,IDR
Ronald,Pierce,rpierceb7@de.vu,Croatia,Male,Novalja,Twitternation,15561.82,HRK
Cheryl,Lawrence,clawrenceb8@loc.gov,Russia,Female,Zheleznovodsk,Dazzlesphere,28899.14,RUB
Roy,Freeman,rfreemanb9@ucla.edu,Kenya,Male,Kiambu,Yotz,65250.78,KES
Lillian,Perkins,lperkinsba@opensource.org,Portugal,Female,Oliveiras,Realpoint,1337.33,EUR
Richard,Cook,rcookbb@un.org,Portugal,Male,Serzedo,Livefish,79014.42,EUR
Brandon,Bailey,bbaileybc@eventbrite.com,Cape Verde,Male,Vila de Sal Rei,Voolith,85428.18,CVE
Julie,Kennedy,jkennedybd@over-blog.com,Indonesia,Female,Ngrejo,Viva,56372.10,IDR
Phillip,Black,pblackbe@biglobe.ne.jp,Japan,Male,Kobe,Jaxspan,3352.40,JPY
Emily,Stanley,estanleybf@walmart.com,Portugal,Female,Viana do Castelo,Yodel,16875.11,EUR
Angela,Edwards,aedwardsbg@va.gov,Liechtenstein,Female,Triesenberg,Thoughtmix,64530.88,CHF
Kathleen,Payne,kpaynebh@earthlink.net,Philippines,Female,Mabalacat,Vidoo,8173.27,PHP
Andrew,Ward,awardbi@t.co,Peru,Male,Cabanilla,Youspan,,PEN
Betty,Adams,badamsbj@eepurl.com,Greece,Female,Khóra,Eayo,,EUR
Jose,Bailey,jbaileybk@wikispaces.com,Syria,Male,Abū Qalqal,Quimba,36424.73,SYP
Kathy,Martin,kmartinbl@upenn.edu,China,Female,Nankou,Jazzy,35195.30,CNY
Mark,Ross,mrossbm@home.pl,China,Male,Longxian Chengguanzhen,Fadeo,13347.62,CNY
Christine,West,cwestbn@scribd.com,Russia,Female,Pashkovskiy,Blognation,33137.09,RUB
Carol,Morgan,cmorganbo@twitter.com,Indonesia,Female,Longkali,Roodel,23010.42,IDR
Beverly,Knight,bknightbp@amazon.co.uk,Philippines,Female,Talangnan,Topicblab,91072.84,PHP
Pamela,Frazier,pfrazierbq@amazon.com,China,Female,Xilanqi,Topicstorm,50447.77,CNY
Gloria,Barnes,gbarnesbr@wix.com,China,Female,Sanpai,Babbleopia,9333.24,CNY
Brandon,Cruz,bcruzbs@si.edu,Indonesia,Male,Selajambe Satu,Yadel,89659.75,IDR
Christine,Freeman,cfreemanbt@omniture.com,Indonesia,Female,Gandekan,Flipopia,,IDR
Tammy,Perry,tperrybu@tiny.cc,China,Female,Hohhot,Roomm,65207.71,CNY
Jeremy,Ryan,jryanbv@opensource.org,Thailand,Male,Prang Ku,Skippad,27867.84,THB
Aaron,Hicks,ahicksbw@com.com,South Korea,Male,Songwon,Edgewire,13063.61,KRW
Bobby,King,bkingbx@facebook.com,United States,Male,San Antonio,Kayveo,22624.15,USD
Susan,Morris,smorrisby@virginia.edu,Thailand,Female,Sam Phran,Photobean,84719.80,THB
Denise,Nelson,dnelsonbz@mit.edu,Indonesia,Female,Dalam,Kayveo,38252.02,IDR
Kathryn,Gomez,kgomezc0@va.gov,Brazil,Female,Garibaldi,Twinder,86319.44,BRL
James,Green,jgreenc1@yelp.com,Indonesia,Male,Sintung Timur,Gabspot,49211.68,IDR
Sarah,Andrews,sandrewsc2@slate.com,Colombia,Female,Bagadó,Centidel,34367.16,COP
Tammy,Carroll,tcarrollc3@archive.org,Afghanistan,Female,Sangar Sarāy,Ntag,,AFN
Ashley,Allen,aallenc4@nifty.com,Guatemala,Female,San Luis Ixcán,Meemm,21976.14,GTQ
Adam,Howard,ahowardc5@ameblo.jp,China,Male,Longquan,Babblestorm,22009.50,CNY
Sharon,Tucker,stuckerc6@elegantthemes.com,China,Female,Longmen,Feedfish,19414.06,CNY
Bobby,Roberts,brobertsc7@cnet.com,Sweden,Male,Norrköping,Quinu,35801.87,SEK
Rachel,Stone,rstonec8@dell.com,Peru,Female,Yanahuanca,Avaveo,49610.91,PEN
Willie,Garza,wgarzac9@mayoclinic.com,China,Male,Zhaoxian,Topicware,39783.87,CNY
Norma,Sanchez,nsanchezca@blogger.com,Philippines,Female,Lanot,Flashpoint,74800.15,PHP
Deborah,Reed,dreedcb@google.com.au,Indonesia,Female,Jeding,Eidel,73319.71,IDR
Theresa,Pierce,tpiercecc@dmoz.org,China,Female,Hexi,Divavu,94593.75,CNY
Martin,Edwards,medwardscd@squidoo.com,Peru,Male,Caspisapa,Miboo,28317.67,PEN
Christopher,Peters,cpetersce@blog.com,Indonesia,Male,Mursaba,Tekfly,,IDR
Rebecca,Carroll,rcarrollcf@epa.gov,Russia,Female,Rumyantsevo,Gabtune,40089.71,RUB
James,Willis,jwilliscg@wufoo.com,Portugal,Male,Carrascal,Katz,31960.88,EUR
Catherine,Mccoy,cmccoych@bloomberg.com,Argentina,Female,Castelli,Kamba,11286.92,ARS
Janet,Brown,jbrownci@bloglines.com,Jordan,Female,Al Jīzah,Kwimbee,66958.11,JOD
Walter,Young,wyoungcj@mail.ru,Ukraine,Male,Kosiv,Avavee,38684.76,UAH
Julie,Perkins,jperkinsck@reddit.com,Poland,Female,Osieczany,Meembee,31709.43,PLN
Charles,Carroll,ccarrollcl@nba.com,China,Male,Hudong,Flipopia,22736.18,CNY
Matthew,Mason,mmasoncm@multiply.com,Brazil,Male,Pedra Branca,Kamba,76351.52,BRL
Matthew,Burton,mburtoncn@homestead.com,China,Male,Miao’ertan,Rhyloo,,CNY
Elizabeth,Hansen,ehansenco@fotki.com,Mongolia,Female,Öldziyt,Realcube,57552.07,MNT
Jane,Murray,jmurraycp@tiny.cc,Peru,Female,Ramón Castilla,Omba,16536.25,PEN
Lois,Morgan,lmorgancq@npr.org,Brazil,Female,Itaperuçu,Lazz,,BRL
Donald,Washington,dwashingtoncr@is.gd,Jordan,Male,Al Quwaysimah,Ntag,,JOD
Kimberly,Carter,kcartercs@cargocollective.com,Ireland,Female,Cork,Kaymbo,4796.57,EUR
Sharon,Thomas,sthomasct@last.fm,China,Female,Kuzhu,Dabtype,57145.35,CNY
Sharon,Evans,sevanscu@homestead.com,China,Female,Hengpi,Kaymbo,93549.40,CNY
Henry,Lewis,hlewiscv@1und1.de,Brazil,Male,Águas Vermelhas,Muxo,59361.37,BRL
Joshua,Collins,jcollinscw@kickstarter.com,Ivory Coast,Male,Abengourou,Oyondu,50241.15,XOF
Joshua,Webb,jwebbcx@jugem.jp,United States,Male,Saint Louis,Tekfly,20374.95,USD
Heather,Greene,hgreenecy@symantec.com,Brazil,Female,Lençóis Paulista,Meembee,68599.34,BRL
Fred,Lopez,flopezcz@howstuffworks.com,China,Male,Tuodian,Skimia,18504.60,CNY
Rose,Payne,rpayned0@xing.com,France,Female,Laon,Twitterbeat,57432.89,EUR
Larry,Powell,lpowelld1@zdnet.com,China,Male,Fucheng,Lazzy,99698.04,CNY
Johnny,Williamson,jwilliamsond2@ibm.com,China,Male,Jiulong,Vitz,45648.38,CNY
Ralph,Garza,rgarzad3@biglobe.ne.jp,Indonesia,Male,Aemura,Zooxo,18789.71,IDR
Jeremy,Ellis,jellisd4@ihg.com,Russia,Male,Dzhiginka,Edgeify,,RUB
Sharon,Garrett,sgarrettd5@pen.io,United States,Female,Dallas,Mudo,37668.39,USD
Theresa,Murphy,tmurphyd6@elegantthemes.com,Chile,Female,La Laja,Tagpad,3825.25,CLP
Roger,Griffin,rgriffind7@etsy.com,France,Male,Nancy,Kwideo,11768.05,EUR
Barbara,Meyer,bmeyerd8@multiply.com,China,Female,Chaoyang,Yozio,11771.11,CNY
Larry,Welch,lwelchd9@dailymotion.com,Russia,Male,Sut-Khol’,Quamba,67042.69,RUB
Robert,Carroll,rcarrollda@google.nl,China,Male,Xikou,Bubblemix,41254.59,CNY
Nicholas,Cole,ncoledb@state.tx.us,Thailand,Male,Bang Lamung,Browsedrive,5295.92,THB
Janet,Garcia,jgarciadc@exblog.jp,Portugal,Female,Venda,Gabcube,43622.01,EUR
Martha,Murray,mmurraydd@ezinearticles.com,Brazil,Female,Palmares,Eamia,72060.67,BRL
Andrea,Henderson,ahendersonde@fema.gov,Indonesia,Female,Manganitu,Centidel,52778.84,IDR
Joseph,Lawson,jlawsondf@so-net.ne.jp,China,Male,Chishui,Topicware,95930.18,CNY
Kathleen,Hawkins,khawkinsdg@miibeian.gov.cn,Philippines,Female,Tuburan,Fivebridge,56310.91,PHP
Elizabeth,Cole,ecoledh@diigo.com,China,Female,Siyang,Tagchat,17072.90,CNY
Robin,Mcdonald,rmcdonalddi@desdev.cn,Tunisia,Female,Tataouine,Trunyx,76189.85,TND
Keith,Weaver,kweaverdj@seattletimes.com,Togo,Male,Sansanné-Mango,Browsetype,50474.83,XOF
Theresa,Morris,tmorrisdk@globo.com,Belarus,Female,Loshnitsa,Skilith,,BYR
Diane,Wells,dwellsdl@xing.com,Czech Republic,Female,Machov,Gabcube,60455.65,CZK
Janet,Lee,jleedm@washingtonpost.com,China,Female,Qijing,Wordware,1915.82,CNY
Brenda,Mccoy,bmccoydn@sakura.ne.jp,China,Female,Nankeng,Avaveo,86958.74,CNY
Bonnie,Berry,bberrydo@ca.gov,Poland,Female,Balice,Dynabox,8303.63,PLN
Thomas,Schmidt,tschmidtdp@ftc.gov,Russia,Male,Temirgoyevskaya,Dynava,70335.13,RUB
Jean,Jenkins,jjenkinsdq@imgur.com,Japan,Female,Kannabechō-yahiro,Zava,89836.91,JPY
Joan,Alexander,jalexanderdr@earthlink.net,Czech Republic,Female,Jaroměřice,Zoombeat,58073.39,CZK
Nicole,Mason,nmasonds@pinterest.com,Pakistan,Female,Ladhewāla Warāich,Gabtune,38392.93,PKR
Peter,Warren,pwarrendt@who.int,France,Male,Rueil-Malmaison,Trilith,70367.32,EUR
Nancy,Banks,nbanksdu@sciencedaily.com,Palestinian Territory,Female,Bardalah,Wordtune,41763.73,ILS
Cynthia,Cook,ccookdv@china.com.cn,Lithuania,Female,Viekšniai,Babblestorm,29179.46,LTL
Ashley,Welch,awelchdw@reference.com,France,Female,Chantepie,Photobean,2536.66,EUR
Louis,Cole,lcoledx@microsoft.com,South Korea,Male,Changsu,Riffwire,55464.31,KRW
Jeremy,Reynolds,jreynoldsdy@vinaora.com,China,Male,Yantang,Jazzy,95856.52,CNY
Debra,Porter,dporterdz@patch.com,China,Female,Chengyang,Yozio,29241.93,CNY
Tammy,Harris,tharrise0@salon.com,China,Female,Longshan,Voonyx,77427.95,CNY
Arthur,Nguyen,anguyene1@symantec.com,Poland,Male,Łobez,Thoughtmix,31850.21,PLN
Joan,Fowler,jfowlere2@opensource.org,Cameroon,Female,Bamenda,Kwideo,65806.84,XAF
Carl,Evans,cevanse3@java.com,Ukraine,Male,Petrivka,Quaxo,3480.39,UAH
Susan,Watkins,swatkinse4@columbia.edu,Poland,Female,Siepraw,Kimia,68137.17,PLN
Donna,Morris,dmorrise5@delicious.com,China,Female,Yulin,Trudoo,60150.46,CNY
Janet,Lee,jleee6@myspace.com,Russia,Female,Ozerki,Eidel,41148.05,RUB
Wanda,Harvey,wharveye7@altervista.org,Honduras,Female,Quebrada Larga,Devify,25539.07,HNL
Elizabeth,Wagner,ewagnere8@washingtonpost.com,China,Female,Jishi,Viva,47450.09,CNY
Brandon,Russell,brusselle9@nhs.uk,China,Male,Heshang,Zoomdog,55522.29,CNY
Lillian,Barnes,lbarnesea@purevolume.com,Nigeria,Female,Igbo-Ukwu,Eimbee,3602.82,NGN
Brandon,Clark,bclarkeb@hp.com,China,Male,Hairag,Meedoo,9528.22,CNY
Billy,Fisher,bfisherec@bing.com,Nigeria,Male,Moriki,Omba,99100.45,NGN
Alan,Ortiz,aortized@ehow.com,China,Male,Yuxi,Oloo,95863.89,CNY
Amanda,Dixon,adixonee@angelfire.com,Indonesia,Female,Kaduluhur,Twitterwire,67255.44,IDR
Irene,Patterson,ipattersonef@toplist.cz,Iran,Female,Bastak,BlogXS,64346.57,IRR
Alan,Cruz,acruzeg@aol.com,Uzbekistan,Male,Bulung’ur,Skivee,51501.74,UZS
Patrick,Green,pgreeneh@vk.com,Costa Rica,Male,Purral,Livetube,65364.01,CRC
Thomas,Phillips,tphillipsei@ow.ly,Brazil,Male,Matão,Jayo,64032.14,BRL
Cynthia,Franklin,cfranklinej@microsoft.com,China,Female,Liaoyang,Bluezoom,52541.21,CNY
Janice,Ortiz,jortizek@chronoengine.com,United States,Female,Santa Monica,Jaxworks,80283.99,USD
Julia,Baker,jbakerel@earthlink.net,South Africa,Female,Heidelberg,Gigashots,18423.07,ZAR
Rachel,Crawford,rcrawfordem@blogtalkradio.com,China,Female,Huoqiu Chengguanzhen,Buzzshare,18169.73,CNY
Janice,West,jwesten@msu.edu,Indonesia,Female,Kopang Satu,Teklist,94109.57,IDR
Daniel,Moore,dmooreeo@multiply.com,Russia,Male,Debesy,Edgetag,97239.20,RUB
Marie,Perez,mperezep@imdb.com,China,Female,Temeke,Jaxspan,39379.12,CNY
Lisa,Hart,lharteq@mapy.cz,Bosnia and Herzegovina,Female,Blagaj,Kwilith,22433.62,BAM
Barbara,Willis,bwilliser@yelp.com,Serbia,Female,Novi Bečej,Skipstorm,63854.44,RSD
Julie,Bell,jbelles@mit.edu,China,Female,Garang,Flipstorm,33983.74,CNY
Aaron,Kelly,akellyet@toplist.cz,Serbia,Male,Prokuplje,Feedfish,13353.97,RSD
Todd,Diaz,tdiazeu@ycombinator.com,Brazil,Male,Feira de Santana,Skimia,6374.25,BRL
Jennifer,Washington,jwashingtonev@google.fr,Portugal,Female,Porto Formoso,Yozio,52104.76,EUR
Jacqueline,Griffin,jgriffinew@xinhuanet.com,Japan,Female,Kumamoto,Kazio,,JPY
Joan,Hunt,jhuntex@ca.gov,Malaysia,Female,Kuantan,Jabberbean,53863.18,MYR
Heather,Smith,hsmithey@geocities.com,Japan,Female,Satte,Jayo,46674.71,JPY
Michelle,Cox,mcoxez@earthlink.net,Malta,Female,Mosta,Myworks,48060.18,EUR
Brandon,Burke,bburkef0@techcrunch.com,China,Male,Dingtao,Gabtype,3209.94,CNY
Irene,Hunt,ihuntf1@ustream.tv,Greece,Female,Galatás,Zooveo,73394.93,EUR
Jason,Wilson,jwilsonf2@imdb.com,China,Male,Xindong,Thoughtsphere,45859.26,CNY
Wanda,Weaver,wweaverf3@storify.com,Colombia,Female,Riosucio,Kwinu,81829.46,COP
Maria,Foster,mfosterf4@sphinn.com,Brazil,Female,Guarapuava,Jaxworks,77968.06,BRL
Victor,Sanchez,vsanchezf5@nyu.edu,Russia,Male,Krasnomayskiy,Mudo,1744.55,RUB
Kathleen,King,kkingf6@youku.com,Indonesia,Female,Tempursari Wetan,Skinix,83580.67,IDR
Larry,George,lgeorgef7@unblog.fr,China,Male,Xundian,Jayo,22736.55,CNY
Daniel,Wagner,dwagnerf8@mlb.com,Japan,Male,Takahata,Livetube,35169.62,JPY
Bobby,Dixon,bdixonf9@goo.gl,Peru,Male,Chillia,Twinte,,PEN
Melissa,Owens,mowensfa@nymag.com,Yemen,Female,Markaz Mudhaykirah,Aibox,33813.07,YER
Jane,King,jkingfb@mac.com,Poland,Female,Nowe Miasto nad Pilicą,Izio,84624.99,PLN
Dorothy,Martin,dmartinfc@mapquest.com,Peru,Female,La Cuesta,Buzzster,,PEN
Frank,Fuller,ffullerfd@smugmug.com,China,Male,Hongshunli,Bluezoom,80157.25,CNY
Jose,Carr,jcarrfe@tuttocitta.it,Brazil,Male,Carolina,Quire,88902.20,BRL
Lori,Foster,lfosterff@ucoz.com,Japan,Female,Gushikawa,Janyx,83818.03,JPY
Lisa,Woods,lwoodsfg@surveymonkey.com,Indonesia,Female,Tanenofunan,Miboo,22784.50,IDR
Bruce,Stanley,bstanleyfh@photobucket.com,Philippines,Male,Guinoaliuan,Yotz,70549.31,PHP
Jose,Sims,jsimsfi@google.ca,Indonesia,Male,Sulahan,Meembee,57819.32,IDR
Mary,Hayes,mhayesfj@opera.com,Luxembourg,Female,Mertert,Edgepulse,37839.35,EUR
Ashley,Mills,amillsfk@ameblo.jp,Russia,Female,Novyye Cherëmushki,Roodel,99344.27,RUB
Ronald,Crawford,rcrawfordfl@chicagotribune.com,China,Male,Weiyang,Skalith,,CNY
Benjamin,Gutierrez,bgutierrezfm@blog.com,Argentina,Male,General Conesa,Meetz,,ARS
Teresa,Bradley,tbradleyfn@baidu.com,Brazil,Female,Resplendor,Dabjam,,BRL
Jose,Jones,jjonesfo@fc2.com,Sweden,Male,Nybro,Dynabox,19841.03,SEK
Ralph,Sullivan,rsullivanfp@1und1.de,Ecuador,Male,Machala,Jabbertype,78530.42,USD
Sara,Peters,spetersfq@nature.com,Philippines,Female,Noveleta,Mudo,90636.36,PHP
Brian,Washington,bwashingtonfr@qq.com,Poland,Male,Dzwola,Yakitri,85247.27,PLN
Kimberly,Moore,kmoorefs@reddit.com,Russia,Female,Tolstoy-Yurt,Skyvu,,RUB
Peter,Medina,pmedinaft@google.nl,Eritrea,Male,Teseney,Oyoloo,49624.87,ERN
Douglas,Cruz,dcruzfu@dot.gov,Thailand,Male,Ban Selaphum,Dynava,,THB
Julia,Mendoza,jmendozafv@army.mil,Philippines,Female,Jaguimitan,Jabbersphere,14182.14,PHP
Ralph,Richardson,rrichardsonfw@si.edu,China,Male,Dong’an,Skibox,73995.82,CNY
Stephanie,Medina,smedinafx@ucoz.ru,Brazil,Female,Granja,Meedoo,48367.00,BRL
Kimberly,Reynolds,kreynoldsfy@un.org,France,Female,Nevers,Quire,,EUR
Anna,Perkins,aperkinsfz@canalblog.com,Portugal,Female,Morgados,Zoomzone,90792.14,EUR
Tina,Chavez,tchavezg0@hc360.com,Oman,Female,Bayt al ‘Awābī,Gabspot,82714.66,OMR
Jason,Weaver,jweaverg1@jugem.jp,China,Male,Dongning,Shuffledrive,58129.69,CNY
Jerry,Wagner,jwagnerg2@dot.gov,Bolivia,Male,Buena Vista,Oyoba,5863.02,BOB
Irene,Campbell,icampbellg3@sogou.com,Ukraine,Female,Hulyaypole,Demivee,15073.52,UAH
Nancy,Smith,nsmithg4@tripod.com,Brazil,Female,Santa Rita do Passa Quatro,Dabtype,90187.65,BRL
Daniel,Austin,dausting5@ocn.ne.jp,Philippines,Male,Atok,Pixope,65530.61,PHP
Anne,Warren,awarreng6@princeton.edu,Indonesia,Female,Matumadua,Twitterwire,56228.16,IDR
Patricia,Howell,phowellg7@squidoo.com,Portugal,Female,Seia,Tagopia,,EUR
Janice,Snyder,jsnyderg8@ebay.co.uk,France,Female,Caen,Omba,90306.08,EUR
Patricia,Perkins,pperkinsg9@etsy.com,Indonesia,Female,Karangpeton,Chatterpoint,,IDR
Janice,Martin,jmartinga@canalblog.com,Nigeria,Female,Dankama,Brainlounge,35333.33,NGN
Mary,Rivera,mriveragb@newsvine.com,Ukraine,Female,Lopatyn,Youfeed,,UAH
Deborah,Bennett,dbennettgc@google.co.jp,Indonesia,Female,Ciracap,Cogidoo,44922.29,IDR
John,Garcia,jgarciagd@icq.com,Venezuela,Male,Tucaní,Fivebridge,74943.27,VEF
Jerry,Russell,jrussellge@icio.us,France,Male,Mont-de-Marsan,Oba,24726.73,EUR
Debra,Gutierrez,dgutierrezgf@amazon.co.jp,Colombia,Female,La Montañita,Meezzy,89548.41,COP
Alice,Perez,aperezgg@google.ru,Philippines,Female,Maloco,Vinder,51632.21,PHP
Jack,Ferguson,jfergusongh@hc360.com,Poland,Male,Smołdzino,Rooxo,,PLN
Susan,Simmons,ssimmonsgi@engadget.com,China,Female,Huaiyuan Chengguanzhen,Centidel,6418.75,CNY
Marie,Crawford,mcrawfordgj@cargocollective.com,Portugal,Female,A dos Negros,Jetwire,,EUR
Shirley,Oliver,solivergk@is.gd,Kazakhstan,Female,Esik,Gigaclub,96703.12,KZT
Julie,Knight,jknightgl@usda.gov,China,Female,Nanshi,Aimbo,77550.37,CNY
Teresa,Andrews,tandrewsgm@comsenz.com,Sudan,Female,Al Hilāliyya,Tazzy,9207.43,SDG
Diana,Payne,dpaynegn@samsung.com,Portugal,Female,Vila Verde,Babblestorm,61843.03,EUR
Diane,Harper,dharpergo@wufoo.com,Russia,Female,Luga,Abatz,62094.52,RUB
Louise,Watson,lwatsongp@networksolutions.com,Russia,Female,Loukhi,Plambee,,RUB
Cynthia,Campbell,ccampbellgq@nature.com,China,Female,Huacao,Ozu,35037.57,CNY
Douglas,Bell,dbellgr@webeden.co.uk,Russia,Male,Luknovo,Jetwire,30224.91,RUB
Nicole,Perez,nperezgs@hatena.ne.jp,Canada,Female,Salaberry-de-Valleyfield,Photobug,20527.19,CAD
Earl,Wells,ewellsgt@statcounter.com,United States,Male,Long Beach,Mita,33672.75,USD
Shirley,Fisher,sfishergu@earthlink.net,Russia,Female,Toksovo,Myworks,79907.52,RUB
Russell,Reynolds,rreynoldsgv@slashdot.org,Portugal,Male,Montes Velhos,LiveZ,87146.59,EUR
Martin,Walker,mwalkergw@mlb.com,Sweden,Male,Hovås,Brainlounge,4899.49,SEK
Scott,Webb,swebbgx@dailymotion.com,Nigeria,Male,Ifo,Kazu,6469.80,NGN
Virginia,Wells,vwellsgy@nhs.uk,Peru,Female,Llauta,Feedmix,30595.36,PEN
Craig,Dixon,cdixongz@google.es,Democratic Republic of the Congo,Male,Kisangani,Miboo,28974.67,CDF
Antonio,Ward,awardh0@dagondesign.com,Argentina,Male,Calilegua,Shuffletag,11108.17,ARS
Russell,Gray,rgrayh1@barnesandnoble.com,Iraq,Male,Al ‘Awjah,Vimbo,23189.82,IQD
Tammy,King,tkingh2@ovh.net,Indonesia,Female,Beutong Ateuh,Yadel,86367.43,IDR
Joshua,Cook,jcookh3@statcounter.com,Russia,Male,Pshekhskaya,Realmix,42856.00,RUB
Aaron,Dixon,adixonh4@bandcamp.com,Portugal,Male,Atães,Kare,23530.77,EUR
Carl,Cox,ccoxh5@wsj.com,Pakistan,Male,Karachi,Browsedrive,76692.15,PKR
Billy,Cruz,bcruzh6@elegantthemes.com,Philippines,Male,Ramon Magsaysay,Edgeclub,,PHP
Amanda,Mccoy,amccoyh7@cargocollective.com,Indonesia,Female,Oenunu,Buzzbean,78694.36,IDR
Sean,Gardner,sgardnerh8@bandcamp.com,Kazakhstan,Male,Talghar,Jabbertype,,KZT
Charles,Thomas,cthomash9@livejournal.com,Argentina,Male,San Salvador de Jujuy,Gigabox,84665.86,ARS
John,Carr,jcarrha@smh.com.au,Brazil,Male,Itororó,Tagchat,95908.46,BRL
Terry,Gibson,tgibsonhb@businessweek.com,Indonesia,Male,Mancagahar,Bluezoom,,IDR
Joseph,Nichols,jnicholshc@altervista.org,Switzerland,Male,Zürich,Innojam,67060.04,CHF
Brenda,Hansen,bhansenhd@princeton.edu,Kosovo,Female,Dranoc,Edgeblab,9511.45,EUR
Albert,Moore,amoorehe@yellowpages.com,Peru,Male,Cabanilla,Browsedrive,93039.70,PEN
Annie,Torres,atorreshf@about.com,China,Female,Zhusha,Ntag,45456.85,CNY
Maria,Adams,madamshg@netscape.com,United States,Female,Las Vegas,Feedfire,96910.86,USD
Joyce,Rogers,jrogershh@admin.ch,Russia,Female,Vorontsovka,Tambee,48912.13,RUB
Mark,Scott,mscotthi@google.nl,Indonesia,Male,Pasolapida,Jatri,99928.35,IDR
Edward,Ray,erayhj@about.com,Portugal,Male,Santa Bárbara de Padrões,Devshare,80066.56,EUR
David,Chavez,dchavezhk@twitpic.com,China,Male,Gaomiaoji,Jaloo,32408.66,CNY
Ann,Martinez,amartinezhl@tuttocitta.it,Indonesia,Female,Cibatuireng,Janyx,67311.67,IDR
Victor,George,vgeorgehm@seesaa.net,Indonesia,Male,Sifala,Aibox,56707.17,IDR
Bruce,Ellis,bellishn@china.com.cn,Western Sahara,Male,Dakhla,Chatterpoint,44949.76,MAD
Doris,Hill,dhillho@usda.gov,Chile,Female,Talca,Devpoint,23503.25,CLP
Paula,Clark,pclarkhp@wisc.edu,Ethiopia,Female,Finote Selam,Mybuzz,11095.48,ETB
Phillip,Ferguson,pfergusonhq@taobao.com,Cape Verde,Male,Cova Figueira,Jabbersphere,5676.45,CVE
Roy,Stone,rstonehr@purevolume.com,Ghana,Male,Foso,BlogXS,92958.06,GHS
Christopher,Gordon,cgordonhs@apache.org,Ukraine,Male,Vylkove,Divanoodle,85120.82,UAH
Bonnie,Russell,brussellht@liveinternet.ru,Moldova,Female,Ceadîr-Lunga,Zoombox,,MDL
Dennis,Garcia,dgarciahu@miibeian.gov.cn,Mexico,Male,Jardin,Voolia,5279.12,MXN
Ernest,Dunn,edunnhv@godaddy.com,Pakistan,Male,Daulatpur,Yata,959.72,PKR
Dennis,Williamson,dwilliamsonhw@163.com,China,Male,Yunping,Topicblab,35932.40,CNY
Charles,Gutierrez,cgutierrezhx@sciencedirect.com,Czech Republic,Male,Častolovice,Oyondu,88092.01,CZK
Donna,Reyes,dreyeshy@rambler.ru,Portugal,Female,Senhor da Serra,Podcat,59658.91,EUR
Kelly,Andrews,kandrewshz@jalbum.net,Peru,Female,Mosoc Llacta,Yodoo,34820.29,PEN
Louis,Stephens,lstephensi0@yandex.ru,North Korea,Male,Musan-ŭp,Yodel,,KPW
Martha,Bryant,mbryanti1@pbs.org,Russia,Female,Pavlovskiy Posad,Gevee,29116.24,RUB
Randy,Montgomery,rmontgomeryi2@reference.com,Philippines,Male,Surup,Plambee,48133.69,PHP
Marie,Hanson,mhansoni3@blogger.com,Russia,Female,Zandak,Skyvu,14301.14,RUB
Linda,Reynolds,lreynoldsi4@ucoz.com,Poland,Female,Orneta,Wikivu,79954.39,PLN
Evelyn,Fowler,efowleri5@hud.gov,Colombia,Female,La Unión,Skibox,41053.52,COP
Carlos,Simpson,csimpsoni6@so-net.ne.jp,China,Male,Shuangyuan,Voomm,39884.59,CNY
Jacqueline,Phillips,jphillipsi7@sohu.com,Indonesia,Female,Sumberejo,Gevee,63296.34,IDR
Emily,Cox,ecoxi8@wix.com,France,Female,Thionville,Oba,85729.70,EUR
Annie,Peterson,apetersoni9@nbcnews.com,China,Female,Aoqiao,Bubbletube,6586.69,CNY
Angela,Burton,aburtonia@jalbum.net,China,Female,Aykol,Reallinks,76637.38,CNY
Edward,Lawson,elawsonib@spiegel.de,Colombia,Male,Maicao,BlogXS,36971.37,COP
Margaret,Dixon,mdixonic@woothemes.com,Netherlands,Female,Sneek,Blogpad,10865.88,EUR
Eric,Harper,eharperid@shutterfly.com,China,Male,Gaoyao,Eazzy,53497.97,CNY
Roy,Payne,rpayneie@goo.gl,China,Male,Zhongxing,Muxo,28514.28,CNY
Sharon,Alvarez,salvarezif@newyorker.com,Cuba,Female,Ciego de Ávila,Pixonyx,,CUP
Wanda,Andrews,wandrewsig@amazon.co.jp,Russia,Female,Sheregesh,Aibox,94478.49,RUB
Lillian,Andrews,landrewsih@nytimes.com,Chile,Female,Valdivia,Yacero,,CLP
Eric,Bowman,ebowmanii@xing.com,China,Male,Gaohu,Buzzdog,70292.75,CNY
Lillian,Sims,lsimsij@bloglovin.com,Mauritania,Female,Tékane,Devify,58408.01,MRO
Russell,Gardner,rgardnerik@umn.edu,Portugal,Male,Pinhal de Frades,Topicshots,,EUR
Jack,Sanders,jsandersil@domainmarket.com,Sweden,Male,Stockholm,Youbridge,,SEK
Shirley,Holmes,sholmesim@cbsnews.com,China,Female,Shuozhou,Tagopia,20107.86,CNY
Norma,Bell,nbellin@wordpress.com,Poland,Female,Jakubów,Feednation,23992.57,PLN
Keith,Hudson,khudsonio@sakura.ne.jp,Philippines,Male,Buenavista,Realbridge,,PHP
Linda,Ryan,lryanip@ycombinator.com,Argentina,Female,Cinco Saltos,Youspan,50731.57,ARS
Donald,Ross,drossiq@hexun.com,China,Male,Yuyang,Blogpad,77153.88,CNY
Carl,Rivera,criverair@shinystat.com,Mexico,Male,El Zapote,Meetz,89479.15,MXN
Diana,Rogers,drogersis@mlb.com,Spain,Female,Cartagena,Oyondu,,EUR
Frank,Brown,fbrownit@seattletimes.com,China,Male,Meipu,Youbridge,66658.97,CNY
Robert,Bowman,rbowmaniu@histats.com,Brazil,Male,Aimorés,Kazu,99040.46,BRL
Ruby,Pierce,rpierceiv@cyberchimps.com,Sweden,Female,Arboga,Skyvu,69569.41,SEK
Eric,Adams,eadamsiw@oaic.gov.au,Philippines,Male,Tambulig,Twitterwire,39510.28,PHP
Kenneth,Harris,kharrisix@histats.com,Peru,Male,Callanca,Skilith,59686.84,PEN
Matthew,Duncan,mduncaniy@ucla.edu,Philippines,Male,Lanas,Devify,11423.84,PHP
Cheryl,Castillo,ccastilloiz@prweb.com,Russia,Female,Usukhchay,Voonte,,RUB
Alan,Ellis,aellisj0@taobao.com,China,Male,Tongyangdao,Skipstorm,39610.98,CNY
Gary,Martinez,gmartinezj1@usda.gov,Thailand,Male,Bang Ban,Yakitri,42890.82,THB
Kelly,Riley,krileyj2@google.pl,Egypt,Female,Ash Shuhadā’,Fivebridge,61626.30,EGP
Annie,Montgomery,amontgomeryj3@privacy.gov.au,China,Female,Bayan Hure,Viva,91820.69,CNY
Fred,Morris,fmorrisj4@ucoz.ru,Brazil,Male,Cururupu,Eabox,89766.84,BRL
Laura,Patterson,lpattersonj5@nifty.com,Indonesia,Female,Oehaunu,Linklinks,16526.27,IDR
Alice,Gordon,agordonj6@csmonitor.com,Thailand,Female,Bang Mun Nak,Thoughtmix,,THB
Louise,Hart,lhartj7@timesonline.co.uk,Estonia,Female,Särevere,Jaxworks,,EUR
Jessica,Miller,jmillerj8@unc.edu,France,Female,Épinal,Bubbletube,46848.02,EUR
Kimberly,Carroll,kcarrollj9@imdb.com,China,Female,Erfangping,Mynte,15421.27,CNY
Lori,Cole,lcoleja@sciencedirect.com,Ghana,Female,Duayaw Nkwanta,Plambee,59025.96,GHS
Raymond,Hart,rhartjb@cdbaby.com,Poland,Male,Osiek,Jaloo,29047.01,PLN
Michael,Garrett,mgarrettjc@indiatimes.com,South Korea,Male,Goseong,Topiczoom,6567.64,KRW
Paula,Gray,pgrayjd@nbcnews.com,France,Female,Arpajon,Skidoo,20972.35,EUR
Katherine,Matthews,kmatthewsje@ezinearticles.com,China,Female,Shanyang,Plajo,51756.33,CNY
Kimberly,Hunt,khuntjf@cyberchimps.com,Portugal,Female,Gonça,Browsecat,16580.28,EUR
Angela,Hughes,ahughesjg@wix.com,Indonesia,Female,Kalapanunggal,Brainbox,22308.91,IDR
Sandra,Olson,solsonjh@usda.gov,Pakistan,Female,Rustam jo Goth,Gabvine,88565.23,PKR
Daniel,Sullivan,dsullivanji@soundcloud.com,Russia,Male,Dachnoye,Ozu,84138.12,RUB
Carol,Black,cblackjj@free.fr,China,Female,Zhitang,Topicblab,28903.62,CNY
Sara,Morrison,smorrisonjk@hatena.ne.jp,Russia,Female,Alapayevsk,Ozu,27988.31,RUB
Lisa,Edwards,ledwardsjl@prlog.org,Russia,Female,Navashino,Tazz,14521.22,RUB
Edward,Lawrence,elawrencejm@wordpress.com,Poland,Male,Ostrowite,Gabspot,35866.20,PLN
Deborah,Nguyen,dnguyenjn@deviantart.com,China,Female,Gubu,Oyope,,CNY
Carlos,Riley,crileyjo@so-net.ne.jp,China,Male,Nanshi,Zooveo,,CNY
Gary,Gibson,ggibsonjp@thetimes.co.uk,Cambodia,Male,Pursat,Topicstorm,71859.92,KHR
Jean,Mccoy,jmccoyjq@nbcnews.com,China,Female,Dinghuo,Skajo,56325.11,CNY
Ryan,Boyd,rboydjr@yellowbook.com,Indonesia,Male,Semalang,Voolia,69578.67,IDR
Diane,Cruz,dcruzjs@infoseek.co.jp,China,Female,Jiangning,Divanoodle,12579.82,CNY
Jesse,Sullivan,jsullivanjt@un.org,Indonesia,Male,Pecoro,Twimbo,48686.63,IDR
Russell,Welch,rwelchju@thetimes.co.uk,China,Male,Gengcheng,Gevee,68685.09,CNY
Jennifer,Gardner,jgardnerjv@tuttocitta.it,Indonesia,Female,Penitik,Quatz,62471.48,IDR
Justin,Young,jyoungjw@ehow.com,Canada,Male,Lac-Mégantic,Bubbletube,32934.86,CAD
Frances,Moore,fmoorejx@marriott.com,Czech Republic,Female,Bavorov,Photofeed,,CZK
Judith,Weaver,jweaverjy@theglobeandmail.com,Iran,Female,Kalāleh,Vipe,84260.93,IRR
Theresa,Patterson,tpattersonjz@dot.gov,Portugal,Female,Mó,Zoomdog,58877.36,EUR
Helen,Warren,hwarrenk0@gov.uk,Russia,Female,Belozërskoye,Meemm,32515.55,RUB
Diana,Cole,dcolek1@about.com,China,Female,Zhenxi,Zoombox,,CNY
Debra,Wells,dwellsk2@mapy.cz,Philippines,Female,Mantang,Tavu,39825.79,PHP
Kelly,Myers,kmyersk3@quantcast.com,Estonia,Female,Saue,Twitterbeat,47970.33,EUR
Benjamin,Collins,bcollinsk4@noaa.gov,France,Male,Floirac,Brainbox,41935.08,EUR
Jean,White,jwhitek5@bing.com,Brazil,Female,Tianguá,Fliptune,22208.62,BRL
Michelle,Gardner,mgardnerk6@usa.gov,China,Female,Baisha,Browsebug,19636.68,CNY
Phyllis,Morgan,pmorgank7@fastcompany.com,Croatia,Female,Pridraga,Quinu,39192.25,HRK
Lori,Allen,lallenk8@google.co.uk,Russia,Female,Ozerki,Kare,13324.89,RUB
Steve,Alexander,salexanderk9@vimeo.com,Mexico,Male,5 de Mayo,Yamia,9723.08,MXN
Antonio,Ray,arayka@narod.ru,Portugal,Male,Vidago,Aivee,49650.75,EUR
Christopher,Sanchez,csanchezkb@csmonitor.com,United States,Male,Salinas,Linklinks,,USD
Dennis,Peterson,dpetersonkc@gmpg.org,Finland,Male,Alavus,Oyoba,,EUR
John,Wood,jwoodkd@github.com,China,Male,Banzhong,Wordify,,CNY
Stephen,West,swestke@businessweek.com,Mexico,Male,18 de Marzo,Aimbo,94933.51,MXN
Nicholas,Graham,ngrahamkf@drupal.org,Indonesia,Male,Cigintung,Layo,83089.95,IDR
Arthur,Gomez,agomezkg@umn.edu,Philippines,Male,Ozamiz City,Photolist,72920.51,PHP
Craig,Garrett,cgarrettkh@uiuc.edu,Indonesia,Male,Sawahan,Lazzy,44931.07,IDR
Peter,Price,ppriceki@hibu.com,France,Male,Avignon,Aimbo,52079.00,EUR
Philip,Hicks,phickskj@netvibes.com,Kenya,Male,Kitui,Buzzdog,25314.83,KES
Carol,Bowman,cbowmankk@parallels.com,Norway,Female,Stord,Edgeblab,95983.71,NOK
Howard,Simpson,hsimpsonkl@discuz.net,China,Male,Hufang,Kayveo,,CNY
Steve,Kelley,skelleykm@webs.com,Poland,Male,Dębno,Gabvine,28233.86,PLN
Brenda,Morris,bmorriskn@nps.gov,Czech Republic,Female,Jindřichov,Blogtag,12782.14,CZK
Tina,Chapman,tchapmanko@lulu.com,France,Female,Roissy Charles-de-Gaulle,Skivee,29708.75,EUR
Betty,Bishop,bbishopkp@rakuten.co.jp,China,Female,Gaoqiao,Oozz,54389.15,CNY
Wayne,Ellis,welliskq@phpbb.com,Germany,Male,Hamburg,Shuffletag,14629.10,EUR
Johnny,Mills,jmillskr@macromedia.com,Cuba,Male,Guanabacoa,Voomm,77567.72,CUP
Dennis,Long,dlongks@soup.io,Philippines,Male,Agusan,Twitterbridge,68149.30,PHP
Kathy,Bryant,kbryantkt@examiner.com,China,Female,Biru,Leenti,42724.68,CNY
Juan,Mason,jmasonku@elegantthemes.com,Nigeria,Male,Amper,Gabvine,15547.34,NGN
Craig,Henry,chenrykv@github.com,Russia,Male,Novaya Derevnya,Dynazzy,90364.10,RUB
Laura,Robertson,lrobertsonkw@surveymonkey.com,China,Female,Menglie,Twinder,,CNY
Roy,Armstrong,rarmstrongkx@t-online.de,China,Male,Futian,Midel,71168.19,CNY
Adam,Thomas,athomasky@yellowbook.com,Vietnam,Male,Nha Trang,Zoonoodle,42915.90,VND
Jennifer,Clark,jclarkkz@blogger.com,Indonesia,Female,Semiring,Voolith,23445.03,IDR
Sharon,Mills,smillsl0@ycombinator.com,Portugal,Female,Funchal,Thoughtstorm,30309.07,EUR
Sara,Brown,sbrownl1@businesswire.com,Peru,Female,Huancapallac,Photolist,71188.35,PEN
Martha,Mills,mmillsl2@google.it,Indonesia,Female,Gandusari,Browseblab,99933.56,IDR
Jonathan,Robertson,jrobertsonl3@ca.gov,China,Male,Pengjia Zhaizi,Quatz,19227.77,CNY
Harry,Carroll,hcarrolll4@last.fm,Morocco,Male,Touama,Voonix,71942.45,MAD
Philip,Collins,pcollinsl5@google.fr,Armenia,Male,Khoronk’,Kimia,45308.28,AMD
Jimmy,Hamilton,jhamiltonl6@nih.gov,Portugal,Male,São Martinho de Árvore,Brainverse,23448.26,EUR
Billy,Walker,bwalkerl7@boston.com,Indonesia,Male,Ketapang,Lazzy,25870.17,IDR
Kenneth,Long,klongl8@intel.com,Mexico,Male,Lazaro Cardenas,Demizz,77792.99,MXN
Paul,Lopez,plopezl9@baidu.com,Indonesia,Male,Sembakung,Realpoint,15716.12,IDR
Ryan,Stanley,rstanleyla@amazon.com,China,Male,Toutuo,Camido,44972.60,CNY
Nicholas,Kim,nkimlb@dmoz.org,Philippines,Male,Tambong,Zooveo,60842.09,PHP
Terry,Washington,twashingtonlc@exblog.jp,Poland,Male,Ostrów Lubelski,Livetube,78490.75,PLN
Richard,West,rwestld@over-blog.com,Argentina,Male,Ancasti,Kazu,25277.98,ARS
Frances,Harvey,fharveyle@ed.gov,Kazakhstan,Female,Kentau,Wikibox,,KZT
Virginia,Thomas,vthomaslf@google.it,Bolivia,Female,Limoncito,Zoonoodle,,BOB
Heather,Rogers,hrogerslg@creativecommons.org,China,Female,Shanghu,Ozu,85910.03,CNY
Kathryn,Moore,kmoorelh@sourceforge.net,Czech Republic,Female,Nový Hrozenkov,Jayo,30168.78,CZK
Dorothy,Peterson,dpetersonli@bbc.co.uk,Syria,Female,Khirbat Tīn Nūr,Katz,46790.07,SYP
Rose,Bishop,rbishoplj@mlb.com,Palestinian Territory,Female,Imrīsh,Wikivu,49748.48,ILS
Richard,White,rwhitelk@goo.gl,France,Male,Boé,Jaxbean,63114.28,EUR
Harold,Reid,hreidll@geocities.jp,Spain,Male,Cartagena,Fadeo,67386.62,EUR
Michelle,Gordon,mgordonlm@moonfruit.com,China,Female,Beidao,Yoveo,97428.71,CNY
Martin,Bailey,mbaileyln@privacy.gov.au,Mexico,Male,Plan de Ayala,Flashset,,MXN
Kathleen,Scott,kscottlo@deviantart.com,Guinea,Female,Lélouma,Zoomlounge,46949.14,GNF
Henry,King,hkinglp@upenn.edu,Indonesia,Male,Cirateun,Yodoo,46817.56,IDR
Kenneth,Carr,kcarrlq@ycombinator.com,Czech Republic,Male,Radnice,Kare,,CZK
Theresa,Henry,thenrylr@mapy.cz,Indonesia,Female,Wahang Dua,Oba,75367.14,IDR
Anna,Banks,abanksls@tiny.cc,China,Female,Dadong,Zoombox,39534.55,CNY
Ernest,Franklin,efranklinlt@myspace.com,Philippines,Male,Capissayan Sur,Yakijo,44054.42,PHP
Peter,Watson,pwatsonlu@wordpress.org,Yemen,Male,As Suwaydā,Meemm,39781.70,YER
Johnny,Turner,jturnerlv@oakley.com,Benin,Male,Bohicon,Yadel,54563.05,XOF
Cynthia,Henderson,chendersonlw@utexas.edu,Russia,Female,Nyurba,Dablist,15749.68,RUB
Carlos,Snyder,csnyderlx@businessweek.com,Argentina,Male,La Rioja,Izio,40010.04,ARS
Kelly,Elliott,kelliottly@deliciousdays.com,Argentina,Female,La Playosa,Topicblab,48817.90,ARS
Emily,Gardner,egardnerlz@cocolog-nifty.com,Estonia,Female,Kuressaare,Thoughtstorm,,EUR
Judith,Myers,jmyersm0@rakuten.co.jp,Madagascar,Female,Andilamena,Demimbu,13984.54,MGA
Daniel,Robinson,drobinsonm1@edublogs.org,China,Male,Hengtang,Babbleset,81349.68,CNY
Carol,Miller,cmillerm2@house.gov,France,Female,Orsay,Centimia,78384.24,EUR
Thomas,Watson,twatsonm3@engadget.com,Czech Republic,Male,Bouzov,Pixope,24402.18,CZK
Doris,Chapman,dchapmanm4@sciencedirect.com,China,Female,Beitou,Realbridge,26025.63,CNY
Jeremy,Hart,jhartm5@google.es,Brazil,Male,Marataizes,Leexo,10751.65,BRL
Joyce,Rose,jrosem6@com.com,Brazil,Female,Niquelândia,Linkbridge,21071.20,BRL
Jimmy,Miller,jmillerm7@goo.ne.jp,Philippines,Male,Baliuag,Youtags,93097.56,PHP
Paula,Oliver,poliverm8@dagondesign.com,Vietnam,Female,Đông Thành,Lajo,16152.82,VND
Helen,Cox,hcoxm9@amazon.co.jp,Cameroon,Female,Idenao,Flipbug,47085.59,XAF
Donald,Grant,dgrantma@army.mil,Gabon,Male,Fougamou,Twitterwire,40572.87,XAF
Michael,Watkins,mwatkinsmb@forbes.com,Russia,Male,Kungur,Jabbersphere,91479.31,RUB
Mark,Graham,mgrahammc@drupal.org,France,Male,Morangis,Photobean,28721.34,EUR
Susan,Campbell,scampbellmd@indiatimes.com,Uganda,Female,Margherita,Photobean,31570.72,UGX
Joyce,Mason,jmasonme@amazonaws.com,Nicaragua,Female,Siuna,Midel,18186.85,NIO
Doris,Payne,dpaynemf@nasa.gov,China,Female,Dengzhou,Mydeo,79921.19,CNY
Jason,Hall,jhallmg@angelfire.com,Vietnam,Male,Ngã Bảy,Aimbo,49598.05,VND
Diane,Kelly,dkellymh@wikia.com,Norway,Female,Moss,Skipfire,,NOK
Robin,Sanders,rsandersmi@sbwire.com,China,Female,Lugu,Leexo,36975.67,CNY
Aaron,Miller,amillermj@intel.com,Tunisia,Male,Akouda,Blogtag,,TND
Ann,Frazier,afraziermk@utexas.edu,Belarus,Female,Mstsislaw,Meedoo,40142.05,BYR
Jonathan,Carr,jcarrml@va.gov,China,Male,Yilongyong,Janyx,18376.09,CNY
Nicole,Rogers,nrogersmm@yellowpages.com,Portugal,Female,Picoto,Jaxbean,78920.65,EUR
Cynthia,Brooks,cbrooksmn@usda.gov,Indonesia,Female,Oehala,Thoughtworks,7766.25,IDR
Wanda,Warren,wwarrenmo@europa.eu,China,Female,Wushi,Skyba,38068.30,CNY
Raymond,Harper,rharpermp@twitter.com,Mexico,Male,Reforma,Kwinu,96711.33,MXN
Michelle,Gilbert,mgilbertmq@cnet.com,Philippines,Female,Cabatang,Eire,,PHP
Julia,Gray,jgraymr@examiner.com,Denmark,Female,København,Jaxspan,71267.44,DKK
Theresa,Jacobs,tjacobsms@ihg.com,China,Female,Yanhe,Thoughtbeat,12277.44,CNY
Sandra,Wagner,swagnermt@vinaora.com,Namibia,Female,Eenhana,Vinder,28453.85,NAD
Jessica,Phillips,jphillipsmu@google.cn,Armenia,Female,Hrazdan,Jetwire,,AMD
Dennis,Wilson,dwilsonmv@amazon.co.jp,Indonesia,Male,Blimbing,Livepath,40954.62,IDR
Bonnie,Reynolds,breynoldsmw@dailymail.co.uk,Armenia,Female,Dalarik,Devpoint,3966.13,AMD
Shawn,James,sjamesmx@ucoz.ru,Zimbabwe,Male,Bulawayo,Thoughtsphere,,ZWL
Michelle,Gardner,mgardnermy@webmd.com,Russia,Female,Budënnovsk,Tazzy,33997.80,RUB
Paul,Foster,pfostermz@microsoft.com,China,Male,Wugong,Jayo,3189.23,CNY
Lois,Kim,lkimn0@census.gov,Japan,Female,Zushi,Yabox,97469.40,JPY
Ruby,Ramirez,rramirezn1@bizjournals.com,Serbia,Female,Badovinci,Quatz,47154.30,RSD
Susan,Hanson,shansonn2@tamu.edu,Indonesia,Female,Pakapasan Girang,Demizz,47209.84,IDR
Aaron,King,akingn3@ucoz.com,China,Male,Huochang,Lazz,21734.51,CNY
Jimmy,Lawrence,jlawrencen4@google.it,Czech Republic,Male,Šilheřovice,Zoomdog,32990.20,CZK
Barbara,Garcia,bgarcian5@elegantthemes.com,Portugal,Female,Oliveira,Wikido,51454.67,EUR
Larry,Gilbert,lgilbertn6@irs.gov,Dominican Republic,Male,Río Grande,Innojam,88783.60,DOP
Jack,Jenkins,jjenkinsn7@desdev.cn,Indonesia,Male,Kuningan,Jamia,,IDR
Gloria,Carter,gcartern8@deviantart.com,Japan,Female,Kaminokawa,Fivebridge,17137.30,JPY
Judy,Powell,jpowelln9@salon.com,Indonesia,Female,Lido,Flipbug,78457.16,IDR
Jane,Kennedy,jkennedyna@1und1.de,Namibia,Female,Mariental,Meembee,92449.69,NAD
Jimmy,Lawrence,jlawrencenb@about.com,Netherlands,Male,Emmen,Browseblab,,EUR
Lori,Brown,lbrownnc@usa.gov,Argentina,Female,San Javier,Jabberbean,,ARS
Shawn,Frazier,sfraziernd@rakuten.co.jp,China,Male,Jagistay,Podcat,23641.20,CNY
Bruce,Holmes,bholmesne@pbs.org,Indonesia,Male,Patrang,Voomm,7398.62,IDR
Jack,Young,jyoungnf@sina.com.cn,China,Male,Xuanhua,Wordpedia,98343.61,CNY
Marilyn,Harrison,mharrisonng@seattletimes.com,Russia,Female,Tyukalinsk,Quatz,2210.48,RUB
Joshua,Castillo,jcastillonh@nba.com,Indonesia,Male,Neglasari,Jabberbean,41527.91,IDR
Nicole,Fields,nfieldsni@japanpost.jp,Philippines,Female,San Rafael,Divanoodle,,PHP
Pamela,Garrett,pgarrettnj@sakura.ne.jp,Poland,Female,Borek,Eare,24201.27,PLN
Raymond,Mills,rmillsnk@wiley.com,France,Male,Aime,Oyonder,65801.19,EUR
Johnny,Jenkins,jjenkinsnl@forbes.com,Philippines,Male,Catanauan,Thoughtbeat,,PHP
Jennifer,Ryan,jryannm@artisteer.com,Indonesia,Female,Pasirmanggu,Rhyzio,49160.90,IDR
Lillian,Sullivan,lsullivannn@bravesites.com,Nepal,Female,Dailekh,Oyoba,49704.23,NPR
Ruby,Gibson,rgibsonno@newyorker.com,Russia,Female,Khudoyelanskoye,Photolist,5069.35,RUB
Martin,Olson,molsonnp@usa.gov,China,Male,Sunjia Buzi,Pixope,,CNY
Wayne,Pierce,wpiercenq@digg.com,Philippines,Male,La Paz,Linkbuzz,,PHP
Robert,Patterson,rpattersonnr@naver.com,Czech Republic,Male,Doksy,Midel,66489.27,CZK
Larry,Martin,lmartinns@cloudflare.com,China,Male,Changshan,Youbridge,85093.60,CNY
Walter,King,wkingnt@xinhuanet.com,France,Male,Issy-les-Moulineaux,Yodel,42004.05,EUR
Martha,Mills,mmillsnu@dion.ne.jp,China,Female,Xinquan,Flipopia,39047.71,CNY
Roger,West,rwestnv@unicef.org,Tunisia,Male,El Hamma,Meevee,80505.09,TND
Roger,Hughes,rhughesnw@over-blog.com,China,Male,Balbagay,Mydo,1929.38,CNY
Michelle,Burns,mburnsnx@wordpress.org,Brazil,Female,Pindobaçu,Youspan,67429.60,BRL
Louis,Willis,lwillisny@fastcompany.com,Cuba,Male,Bolondrón,Divanoodle,29408.75,CUP
Ronald,Sanders,rsandersnz@theatlantic.com,Portugal,Male,Boleiros,Wikido,81518.52,EUR
Annie,Clark,aclarko0@columbia.edu,Uzbekistan,Female,Gagarin,Browsedrive,44987.64,UZS
Janet,Nguyen,jnguyeno1@wikia.com,Colombia,Female,Iles,Yotz,,COP
Irene,Allen,ialleno2@a8.net,Philippines,Female,Concepcion,Feedfish,80420.76,PHP
Earl,Gonzales,egonzaleso3@tamu.edu,Burkina Faso,Male,Boussé,Photofeed,674.20,XOF
Arthur,Ryan,aryano4@google.de,China,Male,Laowobao,Skaboo,22444.71,CNY
Arthur,Willis,awilliso5@flickr.com,Serbia,Male,Trstenik,Skivee,79286.62,RSD
Timothy,Cruz,tcruzo6@tripadvisor.com,Japan,Male,Funabashi,Minyx,31844.68,JPY
Scott,Martinez,smartinezo7@arizona.edu,China,Male,Baishi,Blognation,29261.49,CNY
Debra,Jacobs,djacobso8@cpanel.net,China,Female,Sangpi,Dablist,35012.33,CNY
Anthony,Stewart,astewarto9@purevolume.com,Russia,Male,Volzhsk,Voonte,34291.96,RUB
Clarence,Watson,cwatsonoa@ca.gov,Chad,Male,Oum Hadjer,Einti,64980.70,XAF
Arthur,Adams,aadamsob@people.com.cn,South Africa,Male,Kokstad,Zoombox,10347.90,ZAR
Mary,Robinson,mrobinsonoc@wisc.edu,United States,Female,Fargo,Avavee,65841.80,USD
Gregory,Rose,groseod@huffingtonpost.com,Japan,Male,Kitakami,Leenti,81951.20,JPY
Louise,Stephens,lstephensoe@altervista.org,Mongolia,Female,Höshigiyn-Ar,Feedfire,89233.35,MNT
Lillian,Tucker,ltuckerof@ask.com,Indonesia,Female,Mawa,Oyoloo,4070.49,IDR
Christopher,Marshall,cmarshallog@jigsy.com,Portugal,Male,Balazar,Photolist,46470.47,EUR
Wanda,Schmidt,wschmidtoh@csmonitor.com,Indonesia,Female,Campaka,Oba,38188.81,IDR
Chris,Washington,cwashingtonoi@shop-pro.jp,Peru,Male,Tambopata,BlogXS,29635.82,PEN
Teresa,Rice,triceoj@odnoklassniki.ru,Finland,Female,Sumiainen,Twitterbeat,,EUR
Dennis,Rodriguez,drodriguezok@livejournal.com,Poland,Male,Doruchów,Voomm,3031.44,PLN
Jesse,Carter,jcarterol@bloglines.com,Indonesia,Male,Karangampel,Jayo,90751.75,IDR
Raymond,Evans,revansom@thetimes.co.uk,Malaysia,Male,Melaka,Eidel,20355.96,MYR
Dennis,Moreno,dmorenoon@vinaora.com,Uzbekistan,Male,Shofirkon,Trunyx,32563.39,UZS
Catherine,Woods,cwoodsoo@miibeian.gov.cn,Colombia,Female,San Calixto,Buzzster,,COP
Henry,Kim,hkimop@jimdo.com,Colombia,Male,Riosucio,Quinu,49888.07,COP
Anne,Mccoy,amccoyoq@prweb.com,Mexico,Female,Libertad,Avaveo,41395.13,MXN
Brandon,Kelley,bkelleyor@issuu.com,Colombia,Male,Toluviejo,Snaptags,16623.38,COP
Angela,Hill,ahillos@loc.gov,Czech Republic,Female,Uherské Hradiště,Bubbletube,23008.99,CZK
Todd,Ray,trayot@vk.com,Brazil,Male,Presidente Prudente,Lazz,90154.55,BRL
Diane,Oliver,doliverou@admin.ch,Russia,Female,Shar’ya,Quimm,54010.91,RUB
Heather,Fox,hfoxov@sogou.com,Indonesia,Female,Krajan,Teklist,3903.87,IDR
Jessica,Lewis,jlewisow@mapquest.com,China,Female,Dangchang Chengguanzhen,Youbridge,59962.79,CNY
Carolyn,Kennedy,ckennedyox@vinaora.com,Nigeria,Female,Ore,Mita,92474.75,NGN
Tina,Wright,twrightoy@nasa.gov,Greece,Female,Agía Varvára,Zoovu,84776.29,EUR
Jack,Mccoy,jmccoyoz@artisteer.com,China,Male,Dawu,Trupe,69251.62,CNY
Paul,Ferguson,pfergusonp0@wix.com,Brazil,Male,Canoas,Eidel,12911.41,BRL
Debra,Rose,drosep1@reference.com,Japan,Female,Izumi,Nlounge,95114.48,JPY
Theresa,Price,tpricep2@blinklist.com,Ivory Coast,Female,Dabou,Tagchat,16796.24,XOF
Gloria,Mcdonald,gmcdonaldp3@upenn.edu,Argentina,Female,Arrufó,Yodo,59732.86,ARS
Jessica,Berry,jberryp4@tripadvisor.com,Bulgaria,Female,Sevlievo,Vitz,19697.11,BGN
Ann,Baker,abakerp5@bloglines.com,Indonesia,Female,Cidadap,Roomm,42663.85,IDR
Rebecca,Vasquez,rvasquezp6@vinaora.com,Russia,Female,Khadzhalmakhi,Aibox,1605.05,RUB
Nicole,Peters,npetersp7@oakley.com,Vietnam,Female,Ngô Đồng,Voomm,91488.77,VND
Diane,Carter,dcarterp8@squarespace.com,Philippines,Female,Manlucahoc,Mynte,,PHP
Andrea,Richards,arichardsp9@fastcompany.com,United States,Female,Saint Petersburg,Thoughtsphere,51124.55,USD
Randy,Powell,rpowellpa@mozilla.com,Czech Republic,Male,Lázně Kynžvart,Zoombeat,61590.56,CZK
Carlos,Little,clittlepb@over-blog.com,Afghanistan,Male,Shibirghān,Brightdog,92134.06,AFN
Rebecca,Hughes,rhughespc@epa.gov,Peru,Female,Olleros,Twiyo,7296.69,PEN
Joshua,Simmons,jsimmonspd@shareasale.com,Brazil,Male,Mogi das Cruzes,Yata,7686.75,BRL
Robert,Barnes,rbarnespe@pbs.org,Paraguay,Male,Coronel Martínez,Leenti,91479.91,PYG
Amanda,Chapman,achapmanpf@barnesandnoble.com,China,Female,Fengshan,Eidel,,CNY
Arthur,Fox,afoxpg@newsvine.com,Russia,Male,Turochak,Jabbersphere,,RUB
Jonathan,Brown,jbrownph@yahoo.co.jp,Argentina,Male,La Cruz,Trudeo,7019.48,ARS
Ronald,Palmer,rpalmerpi@china.com.cn,Thailand,Male,Khon San,Edgeify,31703.48,THB
Alice,Griffin,agriffinpj@japanpost.jp,Poland,Female,Zebrzydowice,Dynava,6563.94,PLN
Janice,Jackson,jjacksonpk@goodreads.com,Greece,Female,Oropós,Latz,38251.24,EUR
Eric,Mason,emasonpl@yellowpages.com,Pakistan,Male,Karaundi,Teklist,90119.07,PKR
Gloria,Morrison,gmorrisonpm@smh.com.au,Indonesia,Female,Bantengan,Eayo,41377.67,IDR
Kenneth,Nguyen,knguyenpn@arstechnica.com,Russia,Male,Uvarovo,Tanoodle,50563.15,RUB
Frank,Phillips,fphillipspo@instagram.com,China,Male,Huxu,Viva,68898.77,CNY
Laura,Adams,ladamspp@instagram.com,Indonesia,Female,Mergayu,Lajo,17492.40,IDR
Pamela,Cook,pcookpq@netscape.com,Paraguay,Female,Capitán Bado,Divanoodle,9607.53,PYG
Johnny,Kelley,jkelleypr@purevolume.com,El Salvador,Male,Santa Rosa de Lima,Twitterbeat,95341.05,USD
Patricia,Evans,pevansps@cmu.edu,China,Female,Baziqiao,Zoonoodle,38524.82,CNY
Amy,Payne,apaynept@oracle.com,China,Female,Shaozhai,Topicware,23928.80,CNY
Henry,Allen,hallenpu@xinhuanet.com,China,Male,Wuping,Npath,13425.32,CNY
Jacqueline,Austin,jaustinpv@wix.com,Philippines,Female,Capulaan,Eimbee,1546.22,PHP
Raymond,Flores,rflorespw@studiopress.com,Luxembourg,Male,Itzig,Edgewire,58840.94,EUR
Michael,Allen,mallenpx@who.int,Armenia,Male,Verin Artashat,Cogibox,46948.56,AMD
Kevin,Evans,kevanspy@webeden.co.uk,Greece,Male,Kariaí,Abata,85027.26,EUR
Carlos,Ford,cfordpz@blinklist.com,Vietnam,Male,Quế Sơn,Centidel,29904.38,VND
Kenneth,Hicks,khicksq0@mac.com,Colombia,Male,Segovia,LiveZ,75146.36,COP
Victor,Fields,vfieldsq1@columbia.edu,Thailand,Male,Khuan Don,Topdrive,77504.05,THB
Rose,Gomez,rgomezq2@clickbank.net,Russia,Female,Shamanka,Lajo,94905.68,RUB
Peter,Diaz,pdiazq3@angelfire.com,Comoros,Male,Itsandzéni,Flashspan,45334.34,KMF
Janet,Shaw,jshawq4@exblog.jp,Myanmar,Female,Yangon,Kaymbo,69408.11,MMK
Jennifer,Roberts,jrobertsq5@photobucket.com,China,Female,Jincun,Viva,41141.53,CNY
Daniel,Kim,dkimq6@java.com,Nigeria,Male,Okuta,Skinix,42910.48,NGN
Carl,Marshall,cmarshallq7@twitter.com,El Salvador,Male,Cacaopera,Babblestorm,87008.76,USD
Earl,Holmes,eholmesq8@tumblr.com,China,Male,Huangchuan,DabZ,,CNY
Beverly,Price,bpriceq9@guardian.co.uk,Thailand,Female,Chiang Khan,Realblab,75638.67,THB
Carolyn,Dean,cdeanqa@t.co,France,Female,Paris 12,Katz,47685.21,EUR
Carlos,Fuller,cfullerqb@delicious.com,United States,Male,Omaha,Bubbletube,51946.89,USD
Sara,Cole,scoleqc@over-blog.com,China,Female,Dongchen,Photobean,63558.26,CNY
Jose,Cook,jcookqd@naver.com,Sweden,Male,Borås,Meejo,10289.13,SEK
Fred,Payne,fpayneqe@vimeo.com,China,Male,Sandouping,Livetube,72804.40,CNY
Amy,Arnold,aarnoldqf@t-online.de,France,Female,Lyon,Trilia,45037.32,EUR
Eric,Sims,esimsqg@chicagotribune.com,Jordan,Male,Kafr Sawm,Jabbertype,84491.24,JOD
Carolyn,Fields,cfieldsqh@stanford.edu,Portugal,Female,Carpalho,Ooba,,EUR
Terry,Ortiz,tortizqi@opensource.org,China,Male,Anningqu,Meembee,59249.94,CNY
Edward,Ford,efordqj@gmpg.org,Portugal,Male,Vila Nova de Gaia,Topicstorm,4292.20,EUR
Judy,Dunn,jdunnqk@cam.ac.uk,China,Female,Baini,Blogpad,67716.80,CNY
Wayne,Hansen,whansenql@histats.com,Nepal,Male,Banepa,Voomm,49376.73,NPR
Scott,Burton,sburtonqm@elegantthemes.com,Niger,Male,Tessaoua,Fatz,,XOF
Christopher,Fox,cfoxqn@paginegialle.it,China,Male,Jihui,Meemm,39516.30,CNY
Evelyn,Myers,emyersqo@webeden.co.uk,China,Female,Jiqu,Kwilith,57590.02,CNY
Alan,Boyd,aboydqp@bizjournals.com,Philippines,Male,Rotunda,Quimba,72939.75,PHP
Ronald,Harris,rharrisqq@vkontakte.ru,China,Male,Nankou,Wordify,66253.50,CNY
Benjamin,Harvey,bharveyqr@auda.org.au,China,Male,Nanhe,Browsezoom,,CNY
Paul,Hernandez,phernandezqs@guardian.co.uk,China,Male,Daxin,Gigashots,,CNY
Sean,Martin,smartinqt@weibo.com,France,Male,Laon,Skyvu,28695.55,EUR
Sarah,Carter,scarterqu@tinyurl.com,Luxembourg,Female,Bous,Jabbersphere,82036.77,EUR
Eric,Evans,eevansqv@hc360.com,China,Male,Ha’erlong,Twinte,49392.37,CNY
Norma,Lane,nlaneqw@jimdo.com,Palestinian Territory,Female,Ḩalḩūl,Flashspan,32731.06,ILS
Marilyn,Austin,maustinqx@barnesandnoble.com,South Africa,Female,Atlantis,Zoozzy,36079.45,ZAR
Matthew,Meyer,mmeyerqy@oaic.gov.au,Russia,Male,Stupino,Livepath,46193.32,RUB
Samuel,Myers,smyersqz@arizona.edu,Indonesia,Male,Warungbuah,Dabjam,,IDR
Jean,Ross,jrossr0@drupal.org,Philippines,Female,San Guillermo,Dynava,,PHP
Donna,Scott,dscottr1@wikipedia.org,Nigeria,Female,Madala,Twitterwire,80141.02,NGN
Sarah,Nelson,snelsonr2@theatlantic.com,China,Female,Yuantan,Thoughtmix,16581.72,CNY
Jeremy,Martin,jmartinr3@i2i.jp,Colombia,Male,Caucasia,Skinder,45957.78,COP
Kimberly,Banks,kbanksr4@europa.eu,Vietnam,Female,Thị Trấn Na Hang,Bluejam,,VND
Roy,Harris,rharrisr5@e-recht24.de,Sweden,Male,Kristinehamn,Innojam,,SEK
Jacqueline,Henderson,jhendersonr6@google.ru,Indonesia,Female,Sewon,Thoughtstorm,95792.59,IDR
Amanda,Williams,awilliamsr7@ucoz.com,Indonesia,Female,Pekijing,Realblab,86800.47,IDR
Amanda,Wells,awellsr8@cocolog-nifty.com,Ukraine,Female,Zhashkiv,Realbridge,,UAH
Carl,Cooper,ccooperr9@ed.gov,Indonesia,Male,Tayu,Wordpedia,14719.15,IDR
Elizabeth,Montgomery,emontgomeryra@vinaora.com,France,Female,Tours,Gigashots,68816.68,EUR
Margaret,Myers,mmyersrb@nba.com,Russia,Female,Volkhovskiy,Tagtune,21982.21,RUB
Carlos,Ramirez,cramirezrc@istockphoto.com,Israel,Male,West Jerusalem,Meeveo,,ILS
Laura,Wagner,lwagnerrd@google.de,China,Female,Mingyihe,Cogilith,84807.85,CNY
Albert,Holmes,aholmesre@gizmodo.com,Spain,Male,"Palmas De Gran Canaria, Las",Photobug,31741.17,EUR
Sandra,Walker,swalkerrf@blinklist.com,China,Female,Xinbao,Buzzshare,9545.49,CNY
Jacqueline,Green,jgreenrg@mit.edu,Luxembourg,Female,Helmsange,Skidoo,34371.07,EUR
Amy,Armstrong,aarmstrongrh@ft.com,China,Female,Yuhuazhai,Vinder,26063.29,CNY
James,Mason,jmasonri@wsj.com,Philippines,Male,San Gregorio,JumpXS,20578.43,PHP
Sarah,Washington,swashingtonrj@posterous.com,China,Female,Huashan,Brainlounge,41471.90,CNY
Bruce,Stewart,bstewartrk@google.com.hk,Indonesia,Male,Parumasan,Fadeo,68736.61,IDR
Christine,Carpenter,ccarpenterrl@google.com.br,Portugal,Female,Várzeas,Yabox,45511.20,EUR
Joseph,Gibson,jgibsonrm@photobucket.com,Russia,Male,Ladozhskaya,Gigaclub,42552.72,RUB
Norma,Webb,nwebbrn@samsung.com,Bosnia and Herzegovina,Female,Svojat,Devpoint,,BAM
Kenneth,Mills,kmillsro@timesonline.co.uk,Indonesia,Male,Bendosari,Skinder,57387.74,IDR
Denise,Burns,dburnsrp@wikispaces.com,Poland,Female,Wisła,Roomm,27183.83,PLN
Patrick,Carroll,pcarrollrq@goo.ne.jp,Portugal,Male,Cruz,Yozio,69736.35,EUR
Wayne,Larson,wlarsonrr@gov.uk,China,Male,Sankeyushu,Teklist,41507.28,CNY
