Donna,Shaw,dshaw0@cyberchimps.com,China,Female,Jiekou,Mita,,CNY
Janet,Howell,jhowell1@pinterest.com,Uganda,Female,Kabale,Linklinks,41760.08,UGX
Russell,Simpson,rsimpson2@acquirethisname.com,China,Male,Xialaba,Realcube,,CNY
George,Harrison,gharrison3@google.com.au,Argentina,Male,Alderetes,Skivee,46870.34,ARS
Andrea,Stanley,astanley4@google.es,France,Female,Versailles,Gigashots,90360.19,EUR
Amanda,King,aking5@amazon.co.jp,Portugal,Female,Abades,Feedfish,24062.60,EUR
Carol,Kelly,ckelly6@ning.com,China,Female,Taiba,Brainlounge,,CNY
Cynthia,Mills,cmills7@amazon.co.uk,Peru,Female,Quellouno,Jabberstorm,59213.58,PEN
Timothy,Myers,tmyers8@admin.ch,Poland,Male,Zabłocie,Divanoodle,190.49,PLN
Bobby,Parker,bparker9@acquirethisname.com,Palestinian Territory,Male,Ţūbās,Mudo,80603.00,ILS
Jane,Garza,jgarzaa@topsy.com,Luxembourg,Female,Tandel,Rhynyx,51131.24,EUR
Joyce,Price,jpriceb@ameblo.jp,Sweden,Female,Ulricehamn,Wordware,87903.88,SEK
Lois,Kelly,lkellyc@mac.com,Canada,Female,Chilliwack,Trudeo,29865.83,CAD
Joe,Graham,jgrahamd@miitbeian.gov.cn,Serbia,Male,Boljevci,Meejo,,RSD
Louise,Nelson,lnelsone@drupal.org,United States,Female,Vancouver,Zoomdog,6192.58,USD
Ernest,Lane,elanef@squidoo.com,France,Male,Bordeaux,Yata,25415.95,EUR
Carl,Harper,charperg@cbslocal.com,South Africa,Male,Cradock,Omba,37378.58,ZAR
Martin,Porter,mporterh@comcast.net,Afghanistan,Male,Qal‘ah-ye Kūf,Fivespan,30286.20,AFN
Wanda,Rivera,wriverai@redcross.org,Sweden,Female,Göteborg,Devpoint,58621.90,SEK
Roger,Moore,rmoorej@dmoz.org,Sweden,Male,Sollefteå,Vinder,71255.81,SEK
Lillian,Arnold,larnoldk@craigslist.org,Japan,Female,Ushibuka,Livetube,7805.81,JPY
Joshua,Perkins,jperkinsl@scribd.com,Indonesia,Male,Gadang,Dazzlesphere,95894.09,IDR
Shirley,Olson,solsonm@usa.gov,Kazakhstan,Female,Georgīevka,Realcube,97642.06,KZT
Denise,Wells,dwellsn@dropbox.com,Nigeria,Female,Kuta,Jabberstorm,95765.13,NGN
Janet,Schmidt,jschmidto@jugem.jp,Colombia,Female,Puerto Boyacá,Dabshots,18156.77,COP
Helen,Fisher,hfisherp@deliciousdays.com,Mexico,Female,San Marcos,Eamia,94643.16,MXN
Ruth,Hicks,rhicksq@cargocollective.com,China,Female,Xinshan,Thoughtsphere,32151.13,CNY
Evelyn,Myers,emyersr@wordpress.com,Philippines,Female,Nalsian Norte,Mynte,68864.62,PHP
Catherine,Armstrong,carmstrongs@geocities.jp,Angola,Female,N’dalatando,Eire,87423.27,AOA
Betty,Lane,blanet@taobao.com,Czech Republic,Female,Milotice,Photofeed,20065.88,CZK
Craig,Rice,criceu@ebay.com,Russia,Male,Mogzon,Youbridge,6631.65,RUB
Louis,Long,llongv@blogtalkradio.com,Colombia,Male,Guaduas,Blogtags,12151.55,COP
Kenneth,Wright,kwrightw@hubpages.com,China,Male,Liuji,Janyx,26201.56,CNY
Joshua,King,jkingx@ucsd.edu,China,Male,Biaokou,Thoughtbridge,53324.60,CNY
Amy,Robinson,arobinsony@pinterest.com,Peru,Female,Cabanilla,Kamba,65280.98,PEN
Sara,Simmons,ssimmonsz@cnbc.com,Croatia,Female,Gračec,Camido,35202.66,HRK
Andrew,Rivera,arivera10@europa.eu,China,Male,Yangdun,Skiba,22828.42,CNY
Russell,Burke,rburke11@webmd.com,China,Male,Nanfeng,Tavu,10533.07,CNY
Heather,Patterson,hpatterson12@seattletimes.com,Russia,Female,Dubrovka,Demimbu,58402.69,RUB
Aaron,Mason,amason13@sphinn.com,Togo,Male,Badou,Skyba,2397.41,XOF
Carol,Reyes,creyes14@mysql.com,China,Female,Shizi,Trilith,,CNY
Carlos,Fernandez,cfernandez15@google.nl,Brazil,Male,Itararé,Topicware,17761.21,BRL
Brandon,Wilson,bwilson16@dyndns.org,Democratic Republic of the Congo,Male,Kampene,Zoombox,71889.78,CDF
Robert,Reed,rreed17@nymag.com,Portugal,Male,Moscavide,Ailane,,EUR
Ralph,Roberts,rroberts18@sphinn.com,Libya,Male,At Tāj,Oloo,,LYD
Catherine,Patterson,cpatterson19@newsvine.com,Indonesia,Female,Kulutan,Buzzshare,43618.68,IDR
Christopher,Bishop,cbishop1a@arstechnica.com,Madagascar,Male,Sakaraha,Oyonder,43212.70,MGA
Kevin,Lewis,klewis1b@skype.com,Peru,Male,Sayapullo,Devshare,45163.33,PEN
Maria,Ortiz,mortiz1c@weebly.com,Philippines,Female,Concepcion,Riffwire,9740.22,PHP
Joan,Nelson,jnelson1d@spiegel.de,France,Female,Cagnes-sur-Mer,Abatz,30439.33,EUR
Rose,Bowman,rbowman1e@cisco.com,Syria,Female,Ḩammām Wāşil,InnoZ,48248.48,SYP
Lisa,Jenkins,ljenkins1f@narod.ru,Indonesia,Female,Riang Tengah,Eare,75751.03,IDR
Carlos,Wheeler,cwheeler1g@bravesites.com,China,Male,Ruilin,Feedbug,83941.14,CNY
Anna,Phillips,aphillips1h@cbslocal.com,China,Female,Hejia,Jabbercube,,CNY
Carol,Gilbert,cgilbert1i@w3.org,China,Female,Shiqiao,Jaxnation,61652.13,CNY
Louis,Gray,lgray1j@answers.com,Japan,Male,Yorii,Photobug,17452.59,JPY
Frank,Wilson,fwilson1k@redcross.org,Mexico,Male,La Virgen,Brightbean,,MXN
Alan,Hanson,ahanson1l@auda.org.au,China,Male,Jinfeng,Chatterpoint,90608.97,CNY
Philip,Carpenter,pcarpenter1m@ihg.com,China,Male,Mishixiang,Skimia,15628.18,CNY
Jimmy,Harvey,jharvey1n@yellowpages.com,Pakistan,Male,Khairpur,Snaptags,98810.86,PKR
Norma,Graham,ngraham1o@mediafire.com,Philippines,Female,Libas,Fadeo,62801.26,PHP
David,Vasquez,dvasquez1p@github.io,Guatemala,Male,Comalapa,Fadeo,50938.56,GTQ
James,Lewis,jlewis1q@washington.edu,Mongolia,Male,Höshigiyn-Ar,Skiba,51858.06,MNT
Daniel,Richards,drichards1r@sciencedaily.com,Indonesia,Male,Lemahputih,Meejo,,IDR
Joseph,Collins,jcollins1s@theguardian.com,Colombia,Male,Onzaga,Divape,28416.22,COP
Anna,Reed,areed1t@arizona.edu,Latvia,Female,Aizkraukle,Trunyx,,EUR
Betty,Spencer,bspencer1u@accuweather.com,Poland,Female,Łukowa,Gabspot,66606.03,PLN
Phyllis,Holmes,pholmes1v@cyberchimps.com,Iran,Female,Līkak,Browseblab,,IRR
Emily,Mills,emills1w@barnesandnoble.com,Colombia,Female,La Virginia,Cogilith,72418.14,COP
Jose,Morgan,jmorgan1x@unblog.fr,Argentina,Male,Tilcara,Zooveo,66861.48,ARS
Denise,Morrison,dmorrison1y@reddit.com,Philippines,Female,San Emilio,Talane,1841.33,PHP
Alice,Carpenter,acarpenter1z@youku.com,Mexico,Female,La Concepcion,Kwimbee,76117.48,MXN
Anthony,Hall,ahall20@wikispaces.com,Indonesia,Male,Lenakapa,Skimia,69315.86,IDR
Jessica,Tucker,jtucker21@loc.gov,China,Female,Jingyang,Izio,68806.43,CNY
Billy,Nguyen,bnguyen22@1688.com,Guatemala,Male,Cahabón,Zazio,21162.99,GTQ
Diana,Hughes,dhughes23@qq.com,Russia,Female,Bolotnoye,Avavee,12829.10,RUB
Paula,Armstrong,parmstrong24@photobucket.com,Mali,Female,Ti-n-Essako,Skibox,51484.92,XOF
Terry,Weaver,tweaver25@addthis.com,Sweden,Male,Dalsjöfors,Latz,51077.04,SEK
Ronald,Myers,rmyers26@huffingtonpost.com,Philippines,Male,Panikian,Realcube,1506.73,PHP
Andrew,Green,agreen27@sfgate.com,Indonesia,Male,Ambat,Leexo,,IDR
Gregory,Hawkins,ghawkins28@squarespace.com,Indonesia,Male,Longnawang,Meeveo,95494.05,IDR
Earl,Bailey,ebailey29@delicious.com,Brazil,Male,Paracatu,Meezzy,89618.91,BRL
Arthur,Taylor,ataylor2a@odnoklassniki.ru,China,Male,Tancheng,Aibox,91090.17,CNY
Kimberly,Fox,kfox2b@exblog.jp,Ghana,Female,Bibiani,Browsebug,19526.38,GHS
Jesse,Andrews,jandrews2c@nature.com,China,Male,Huacheng,Blogtags,63547.86,CNY
Walter,Wallace,wwallace2d@ed.gov,China,Male,Xinmin,Blognation,27668.00,CNY
Shawn,Nguyen,snguyen2e@timesonline.co.uk,Philippines,Male,San Jose,Latz,62131.56,PHP
Arthur,Robertson,arobertson2f@fc2.com,United States,Male,Inglewood,Flashpoint,32046.64,USD
Charles,Lopez,clopez2g@archive.org,China,Male,Laotai,Quinu,31981.56,CNY
Frank,Shaw,fshaw2h@i2i.jp,Kazakhstan,Male,Kostanay,Yambee,25742.98,KZT
Chris,Ramos,cramos2i@dailymotion.com,Malta,Male,Żebbuġ,Twitterbridge,72081.48,EUR
Robert,Fisher,rfisher2j@pen.io,Poland,Male,Wesoła,Dabjam,11627.20,PLN
Jack,Watson,jwatson2k@csmonitor.com,China,Male,Hedong,Livetube,20600.09,CNY
Jesse,Gordon,jgordon2l@usnews.com,Honduras,Male,Ojos de Agua,Babblestorm,44600.94,HNL
Andrea,Dixon,adixon2m@chron.com,Indonesia,Female,Lojejerkrajan,Tagcat,99897.08,IDR
Rachel,Stewart,rstewart2n@aboutads.info,Uganda,Female,Kyankwanzi,Wikibox,45309.60,UGX
Marilyn,Edwards,medwards2o@tripod.com,Portugal,Female,Feteira Grande,Meemm,56984.49,EUR
Daniel,Gordon,dgordon2p@prweb.com,China,Male,Donglai,Buzzbean,42250.55,CNY
Frances,Bailey,fbailey2q@tuttocitta.it,Brazil,Female,Salinas,Skibox,42304.97,BRL
Anthony,Gilbert,agilbert2r@adobe.com,China,Male,Mao’er,Riffwire,64188.71,CNY
Richard,Barnes,rbarnes2s@berkeley.edu,Nigeria,Male,Igbor,Ainyx,11253.31,NGN
Eric,Holmes,eholmes2t@geocities.jp,China,Male,Sanlidian,Jamia,27680.86,CNY
Ruby,Reynolds,rreynolds2u@oaic.gov.au,Indonesia,Female,Pendolo,Skipstorm,46708.67,IDR
Scott,Lee,slee2v@spiegel.de,Portugal,Male,Fátima,Yotz,1037.76,EUR
Henry,Carr,hcarr2w@paginegialle.it,Madagascar,Male,Betioky,Youspan,64362.92,MGA
Joe,Rose,jrose2x@opera.com,Poland,Male,Lisewo,Bluezoom,87018.78,PLN
Jeffrey,Hughes,jhughes2y@acquirethisname.com,Russia,Male,Rasskazovo,Feedmix,54145.17,RUB
Robin,Murphy,rmurphy2z@ameblo.jp,Colombia,Female,Sincé,Aivee,1518.02,COP
Ronald,Lee,rlee30@hao123.com,Russia,Male,Birobidzhan,Linklinks,25481.33,RUB
Alice,Coleman,acoleman31@earthlink.net,Croatia,Female,Ivanec,Devshare,51288.80,HRK
Sean,Fields,sfields32@mediafire.com,Indonesia,Male,Jetis,Roomm,,IDR
Keith,Watkins,kwatkins33@bloglines.com,Iran,Male,Behbahān,Jabberbean,52370.30,IRR
Gary,Palmer,gpalmer34@is.gd,Russia,Male,Buturlinovka,Rooxo,57717.01,RUB
Ronald,Jenkins,rjenkins35@plala.or.jp,France,Male,Taverny,Avamm,1255.34,EUR
Ronald,Robertson,rrobertson36@sphinn.com,Sweden,Male,Kista,Mycat,3014.37,SEK
Nicole,Mitchell,nmitchell37@qq.com,Canada,Female,Magrath,Dabvine,63985.81,CAD
Joan,Frazier,jfrazier38@symantec.com,Indonesia,Female,Andongrejo,Cogilith,74177.63,IDR
Eric,Morales,emorales39@yahoo.com,Portugal,Male,Fermelã,Plambee,32539.81,EUR
Lisa,Henderson,lhenderson3a@4shared.com,Saudi Arabia,Female,Al Fuwayliq,Skajo,77244.30,SAR
Irene,Young,iyoung3b@webmd.com,Greece,Female,Dhrosiá,Blogspan,46843.48,EUR
Juan,Cook,jcook3c@ftc.gov,Poland,Male,Wawer,Dynazzy,25388.87,PLN
Nicole,Berry,nberry3d@illinois.edu,China,Female,Mingguang,Zooveo,54889.32,CNY
Robin,George,rgeorge3e@statcounter.com,Brazil,Female,Álvares Machado,Kaymbo,11025.37,BRL
Marie,Anderson,manderson3f@xing.com,Sweden,Female,Uppsala,Voonte,,SEK
Judy,Mason,jmason3g@nih.gov,Nicaragua,Female,Jinotega,Jabberstorm,34180.79,NIO
Judy,Rose,jrose3h@ameblo.jp,Marshall Islands,Female,Jabat,Oozz,76239.51,USD
Margaret,Price,mprice3i@purevolume.com,Mexico,Female,Juan N Alvarez,Dynazzy,36108.43,MXN
Edward,Mills,emills3j@tripod.com,Brazil,Male,Poço Verde,Skiba,61543.15,BRL
Paul,Weaver,pweaver3k@51.la,Brazil,Male,Morada Nova,Quimba,72854.16,BRL
Harry,Watkins,hwatkins3l@youku.com,Indonesia,Male,Lirung,Aibox,33467.15,IDR
Billy,Davis,bdavis3m@macromedia.com,Brazil,Male,Paraty,Centizu,14194.18,BRL
Michael,White,mwhite3n@usnews.com,Canada,Male,Markham,Jaxbean,73107.77,CAD
Robin,West,rwest3o@businessweek.com,Thailand,Female,Phichit,Ainyx,91854.42,THB
Donald,Mason,dmason3p@wsj.com,Portugal,Male,Bilhó,Leenti,13329.52,EUR
Rachel,Ramirez,rramirez3q@infoseek.co.jp,South Korea,Female,Imsil,Youopia,64659.58,KRW
Brian,Olson,bolson3r@netlog.com,Saudi Arabia,Male,Al Hadā,Gigashots,87642.28,SAR
Stephen,Kelley,skelley3s@zimbio.com,China,Male,Hejiabao,Rhyloo,70123.13,CNY
Joan,Campbell,jcampbell3t@shutterfly.com,France,Female,Fos-sur-Mer,Jamia,23030.01,EUR
Randy,Hunter,rhunter3u@macromedia.com,Pakistan,Male,Kotli Lohārān,Devbug,39292.08,PKR
Billy,Mcdonald,bmcdonald3v@yale.edu,Philippines,Male,Puerto Bello,Photobug,61513.57,PHP
Cheryl,Gonzales,cgonzales3w@blog.com,China,Female,Qijiang,Kazio,95790.75,CNY
Jeffrey,Johnson,jjohnson3x@myspace.com,Brazil,Male,Sete Lagoas,Quatz,,BRL
Fred,Hill,fhill3y@cyberchimps.com,China,Male,Changyi,Centimia,62171.80,CNY
Cynthia,Ruiz,cruiz3z@alexa.com,China,Female,Muliang,Tekfly,36010.00,CNY
Johnny,Hansen,jhansen40@linkedin.com,New Zealand,Male,Maungatapere,Meemm,89100.52,NZD
Eugene,Simmons,esimmons41@plala.or.jp,Panama,Male,Capira,Ntags,86330.18,PAB
Joshua,Myers,jmyers42@jigsy.com,Netherlands,Male,Geldrop,Jamia,,EUR
Amy,Dixon,adixon43@livejournal.com,China,Female,Lieyu,Vipe,14095.13,CNY
Carol,Johnston,cjohnston44@google.nl,China,Female,Zhouwang,Reallinks,80937.16,CNY
Katherine,Kelley,kkelley45@fastcompany.com,Palestinian Territory,Female,Kafr Şūr,Youspan,99704.71,ILS
Donna,Henderson,dhenderson46@163.com,Indonesia,Female,Melati,Fivespan,17511.03,IDR
Earl,Stephens,estephens47@altervista.org,Russia,Male,Uzlovaya,Leexo,982.52,RUB
Sean,Arnold,sarnold48@techcrunch.com,China,Male,Altay,Demizz,,CNY
Roy,Romero,rromero49@dmoz.org,Comoros,Male,Oussivo,Skyba,83641.22,KMF
Christina,Mason,cmason4a@zimbio.com,Israel,Female,Qiryat Motzkin,Ntag,76632.04,ILS
Matthew,Price,mprice4b@ustream.tv,Brazil,Male,Palotina,Yodoo,88208.01,BRL
Sandra,Johnson,sjohnson4c@chronoengine.com,Mexico,Female,5 de Mayo,Geba,35611.20,MXN
Gloria,Miller,gmiller4d@prnewswire.com,Russia,Female,Stulovo,Meedoo,59532.11,RUB
Catherine,Frazier,cfrazier4e@msn.com,United Kingdom,Female,Kinloch,Yoveo,90724.41,GBP
Jeremy,Mason,jmason4f@sphinn.com,Serbia,Male,Nikinci,Quinu,29463.57,RSD
Angela,Chavez,achavez4g@hostgator.com,Argentina,Female,Bahía Blanca,Yambee,,ARS
Harry,James,hjames4h@blog.com,Vietnam,Male,Ia Kha,Realbuzz,47804.62,VND
Doris,Warren,dwarren4i@earthlink.net,Greece,Female,Melíki,Trupe,51562.82,EUR
David,Powell,dpowell4j@drupal.org,Russia,Male,Tygda,BlogXS,15654.76,RUB
Amanda,Adams,aadams4k@sbwire.com,Philippines,Female,Tagbilaran City,Devpoint,25501.07,PHP
Diana,Hamilton,dhamilton4l@umich.edu,Indonesia,Female,Padangcermin,Eare,13300.26,IDR
Jean,Baker,jbaker4m@ocn.ne.jp,Nigeria,Female,Madala,Youtags,10687.31,NGN
Doris,Matthews,dmatthews4n@smh.com.au,France,Female,Châlons-en-Champagne,Shufflebeat,75863.83,EUR
Kathy,Cooper,kcooper4o@techcrunch.com,United Kingdom,Female,Newtown,Browsezoom,,GBP
George,Moreno,gmoreno4p@hhs.gov,Czech Republic,Male,Zubří,Demizz,,CZK
Howard,Woods,hwoods4q@sogou.com,United States,Male,Dallas,Fivebridge,42425.98,USD
Pamela,Johnson,pjohnson4r@dagondesign.com,Barbados,Female,Bridgetown,Dynabox,56259.43,BBD
Wanda,Bowman,wbowman4s@google.com,China,Female,Luoxi,Meedoo,45944.85,CNY
Justin,Wood,jwood4t@opera.com,China,Male,Dawan,Fliptune,94597.36,CNY
Paula,Williams,pwilliams4u@meetup.com,Serbia,Female,Radenković,Babbleblab,37959.37,RSD
Julia,Thompson,jthompson4v@answers.com,China,Female,Harbin,Skinix,1286.10,CNY
Margaret,Brown,mbrown4w@people.com.cn,Russia,Female,Vetluzhskiy,Fatz,22312.54,RUB
Larry,Coleman,lcoleman4x@topsy.com,China,Male,Huangyuan Chengguanzhen,Browseblab,,CNY
Martin,Kelly,mkelly4y@amazon.de,China,Male,Gongchang Zhen,Browsezoom,86605.21,CNY
Carl,Jordan,cjordan4z@youku.com,Cambodia,Male,Prey Veng,Oodoo,38272.06,KHR
Aaron,Welch,awelch50@ucoz.com,Ukraine,Male,Mysove,Voonder,27081.65,UAH
Evelyn,Chapman,echapman51@sphinn.com,Philippines,Female,Muladbucad,Demimbu,25067.59,PHP
Jane,Anderson,janderson52@51.la,Paraguay,Female,Santiago,Skinder,25205.21,PYG
Ronald,Carter,rcarter53@alexa.com,China,Male,Rentian,Jaxnation,24217.10,CNY
James,Ramos,jramos54@home.pl,Cuba,Male,Contramaestre,LiveZ,,CUP
David,Andrews,dandrews55@dailymail.co.uk,Nicaragua,Male,El Sauce,Yamia,76590.00,NIO
Brandon,Fuller,bfuller56@sogou.com,Kenya,Male,Narok,Feednation,55854.65,KES
James,Mills,jmills57@harvard.edu,Mauritius,Male,Albion,Npath,25944.88,MUR
Howard,Alexander,halexander58@craigslist.org,Colombia,Male,Cácota,Thoughtstorm,51297.93,COP
Rose,Diaz,rdiaz59@bloglines.com,Indonesia,Female,Puamata,Photofeed,26581.42,IDR
Tina,Woods,twoods5a@wufoo.com,Indonesia,Female,Korogan Timur,Tagopia,,IDR
Louis,Nichols,lnichols5b@yellowbook.com,United States,Male,Racine,Pixoboo,3253.22,USD
Kathy,Nelson,knelson5c@ihg.com,Argentina,Female,Cerrillos,Avavee,,ARS
Judith,Washington,jwashington5d@fema.gov,Philippines,Female,Banos,Thoughtworks,76645.94,PHP
Terry,Brooks,tbrooks5e@canalblog.com,Finland,Male,Bennäs,Bluezoom,15143.51,EUR
Bonnie,Richards,brichards5f@shinystat.com,Russia,Female,Lebedyan’,Skippad,26711.14,RUB
Janet,Ortiz,jortiz5g@berkeley.edu,Burkina Faso,Female,Kaya,Myworks,2425.69,XOF
Jerry,Tucker,jtucker5h@naver.com,China,Male,Baofeng,Blogspan,30680.00,CNY
Shirley,Alexander,salexander5i@epa.gov,Brazil,Female,Diamantina,Fivespan,73153.42,BRL
Billy,Roberts,broberts5j@webnode.com,Philippines,Male,San Francisco,Zooxo,43698.56,PHP
Julia,Fuller,jfuller5k@senate.gov,Portugal,Female,Paço,Divanoodle,4748.59,EUR
Jimmy,Smith,jsmith5l@stanford.edu,Philippines,Male,San Juan,InnoZ,31213.70,PHP
Alan,Simpson,asimpson5m@purevolume.com,Philippines,Male,Dahay,Katz,87162.52,PHP
Irene,Owens,iowens5n@berkeley.edu,Lithuania,Female,Simnas,Youspan,46590.93,LTL
Annie,Arnold,aarnold5o@goo.ne.jp,Indonesia,Female,Sindangheula,Wikido,4968.93,IDR
Carl,Kelley,ckelley5p@amazon.de,China,Male,Shuiyang,Layo,,CNY
Joyce,Thomas,jthomas5q@intel.com,Guatemala,Female,San Agustín Acasaguastlán,Yombu,68813.04,GTQ
Henry,Diaz,hdiaz5r@abc.net.au,Russia,Male,Uva,Jabberstorm,73440.41,RUB
Douglas,Hamilton,dhamilton5s@bravesites.com,Thailand,Male,Pak Phayun,Wikizz,78609.27,THB
Eric,Marshall,emarshall5t@va.gov,Canada,Male,Moncton,Trunyx,10406.40,CAD
Amy,Howell,ahowell5u@hexun.com,China,Female,Xinhuang,Zoomzone,21639.06,CNY
Gregory,Vasquez,gvasquez5v@mashable.com,Ecuador,Male,Nueva Loja,Livefish,77014.78,USD
Rebecca,Weaver,rweaver5w@t-online.de,China,Female,Dongfeng,Tavu,69604.43,CNY
Annie,Morris,amorris5x@wikispaces.com,China,Female,Haolibao,Quinu,99956.48,CNY
Keith,Hernandez,khernandez5y@tinyurl.com,Brazil,Male,Águas de Lindóia,Thoughtbeat,,BRL
Tammy,Jordan,tjordan5z@ucoz.ru,Afghanistan,Female,Khafizan,Jabberstorm,68683.58,AFN
Bonnie,Burton,bburton60@wordpress.org,Argentina,Female,Colegiales,Innotype,31611.18,ARS
Larry,Smith,lsmith61@constantcontact.com,United States,Male,Garden Grove,Jamia,3928.68,USD
Lisa,Harper,lharper62@cocolog-nifty.com,France,Female,Quimperlé,Wordtune,95464.60,EUR
Phillip,Hernandez,phernandez63@squidoo.com,Japan,Male,Takaishi,Oyoloo,27942.41,JPY
Randy,Reid,rreid64@multiply.com,Vietnam,Male,Cao Thượng,Photolist,49169.56,VND
Brenda,Lewis,blewis65@answers.com,China,Female,Houping,Edgewire,11795.61,CNY
Jacqueline,Medina,jmedina66@fema.gov,Serbia,Female,Krivaja,Tazz,98946.95,RSD
Barbara,Garcia,bgarcia67@mtv.com,Spain,Female,Valencia,Leexo,,EUR
Evelyn,Crawford,ecrawford68@psu.edu,China,Female,Meiyao,Tagpad,5382.29,CNY
Brandon,Rivera,brivera69@csmonitor.com,Sweden,Male,Halmstad,Zazio,99492.70,SEK
Russell,Martin,rmartin6a@samsung.com,Brazil,Male,Lagoa Seca,Myworks,52133.97,BRL
Bobby,Hunt,bhunt6b@spiegel.de,Afghanistan,Male,Qarqīn,Demizz,50354.61,AFN
Fred,Gray,fgray6c@mysql.com,Finland,Male,Nurmo,Rhyloo,52459.23,EUR
Sean,Bell,sbell6d@fotki.com,Indonesia,Male,Purwasari,Skinder,80752.64,IDR
Nancy,Baker,nbaker6e@homestead.com,China,Female,Shuanghekou,Aimbu,9252.59,CNY
Kenneth,Watson,kwatson6f@google.fr,China,Male,Gaoyao,Izio,18871.00,CNY
Lillian,Medina,lmedina6g@nih.gov,Yemen,Female,Ash Shaykh ‘Uthmān,Lazzy,46584.02,YER
Doris,Fisher,dfisher6h@columbia.edu,China,Female,Fuxing,Flashdog,34012.31,CNY
Rose,Gutierrez,rgutierrez6i@nymag.com,Canada,Female,Hanover,Roombo,,CAD
Bruce,Diaz,bdiaz6j@vistaprint.com,Indonesia,Male,Kaum,Jaloo,51764.69,IDR
Jimmy,Marshall,jmarshall6k@bandcamp.com,China,Male,Qingshan,Shuffletag,33883.74,CNY
Roy,Fisher,rfisher6l@macromedia.com,Paraguay,Male,Atyrá,Trudoo,,PYG
Clarence,Mcdonald,cmcdonald6m@miibeian.gov.cn,Norway,Male,Rennebu,Skalith,11870.02,NOK
Julie,Jackson,jjackson6n@livejournal.com,Indonesia,Female,Gubukjero Timuk,Mudo,50975.05,IDR
Julie,Bowman,jbowman6o@linkedin.com,China,Female,Shanjie,Youspan,,CNY
Catherine,Sanders,csanders6p@mail.ru,Peru,Female,Cajacay,Livepath,,PEN
Daniel,Brown,dbrown6q@spotify.com,Guatemala,Male,Santa María de Jesús,Jayo,1282.55,GTQ
Russell,Garrett,rgarrett6r@ow.ly,Peru,Male,Yaurisque,Quatz,78763.49,PEN
James,Barnes,jbarnes6s@github.com,China,Male,Xiongji,JumpXS,53888.83,CNY
Chris,Johnson,cjohnson6t@printfriendly.com,Russia,Male,Zhukovskiy,Riffpath,11449.57,RUB
Thomas,Burke,tburke6u@prweb.com,Russia,Male,Tuzha,Tagopia,24281.28,RUB
David,Reed,dreed6v@telegraph.co.uk,China,Male,Shijia,Izio,1681.09,CNY
Adam,Duncan,aduncan6w@shinystat.com,China,Male,Buyun,Jetwire,50147.40,CNY
Susan,Howell,showell6x@addthis.com,China,Female,Fulu,Yata,45826.35,CNY
Jack,Bennett,jbennett6y@google.it,Indonesia,Male,Anjirserapat,Kwideo,82907.39,IDR
Joe,Taylor,jtaylor6z@cbc.ca,Ukraine,Male,Sofiyivka,Brightbean,43738.32,UAH
Jason,Jenkins,jjenkins70@oracle.com,China,Male,Heshengbao,Skinder,81801.31,CNY
Jose,Wright,jwright71@cnn.com,Honduras,Male,El Triunfo de la Cruz,Wordtune,25659.74,HNL
Rachel,James,rjames72@latimes.com,Comoros,Female,Mjamaoué,Skiba,75445.34,KMF
Brenda,Gilbert,bgilbert73@youku.com,Sweden,Female,Kinna,Flipopia,,SEK
Lawrence,Freeman,lfreeman74@harvard.edu,China,Male,Zhenhai,JumpXS,12776.85,CNY
Joan,Stevens,jstevens75@cnbc.com,China,Female,Dahuangwei,Trunyx,,CNY
Martin,Henderson,mhenderson76@dyndns.org,Poland,Male,Piekielnik,Quinu,19075.14,PLN
Tammy,George,tgeorge77@1und1.de,China,Female,Dongshandi,Viva,21672.07,CNY
Judy,Tucker,jtucker78@ovh.net,China,Female,Li’an,Youopia,46062.06,CNY
Jennifer,Hill,jhill79@parallels.com,United States,Female,Roanoke,Photolist,40407.47,USD
Gloria,Matthews,gmatthews7a@google.ca,Indonesia,Female,Tlogowungu,Zoombeat,13945.11,IDR
Sharon,White,swhite7b@nymag.com,Malaysia,Female,Kota Kinabalu,Kwimbee,,MYR
Willie,Garcia,wgarcia7c@microsoft.com,Ukraine,Male,Tyvriv,Zoomzone,70659.63,UAH
Scott,Hunt,shunt7d@gov.uk,Nigeria,Male,Kukawa,Jatri,5698.50,NGN
Jean,Carroll,jcarroll7e@themeforest.net,Yemen,Female,Aḑ Ḑil‘,Dabjam,78562.72,YER
Marilyn,Ellis,mellis7f@parallels.com,Malaysia,Female,Kuala Lumpur,Gabtype,40557.78,MYR
Mildred,Mitchell,mmitchell7g@discovery.com,Indonesia,Female,Pakisaji,Edgewire,89087.63,IDR
Margaret,Little,mlittle7h@gmpg.org,Brazil,Female,Barroso,DabZ,78024.89,BRL
Harold,Harris,hharris7i@barnesandnoble.com,China,Male,Taojiahe,Meezzy,77441.28,CNY
Jane,Nelson,jnelson7j@livejournal.com,Uganda,Female,Hoima,Jabbersphere,64707.77,UGX
Donald,Woods,dwoods7k@wsj.com,Zambia,Male,Mpulungu,Zoovu,67870.10,ZMW
Julia,Lynch,jlynch7l@trellian.com,Peru,Female,Yungay,Zazio,83510.48,PEN
Andrew,Mcdonald,amcdonald7m@hc360.com,France,Male,Orange,Jetwire,2122.54,EUR
Deborah,Bennett,dbennett7n@ycombinator.com,Morocco,Female,Zinat,Zoovu,85062.76,MAD
Patrick,Bell,pbell7o@samsung.com,Indonesia,Male,Bandaragung,Zazio,73520.07,IDR
Clarence,Rose,crose7p@latimes.com,China,Male,Qiaotou,Meevee,48452.53,CNY
Karen,Kelley,kkelley7q@globo.com,Thailand,Female,Lao Suea Kok,Eimbee,66591.38,THB
Christopher,Lopez,clopez7r@gravatar.com,China,Male,Xinshi,Linklinks,36596.83,CNY
Samuel,Franklin,sfranklin7s@163.com,China,Male,Liupai,Thoughtmix,35704.06,CNY
David,Rivera,drivera7t@nytimes.com,United States,Male,Washington,Latz,,USD
Carl,Black,cblack7u@squarespace.com,Russia,Male,Seshcha,Dazzlesphere,85354.86,RUB
Frank,Evans,fevans7v@amazon.co.uk,Indonesia,Male,Cigoong,Linkbuzz,77876.20,IDR
Russell,Little,rlittle7w@arizona.edu,Armenia,Male,Argavand,Twitterbridge,65510.85,AMD
Dorothy,Ford,dford7x@msn.com,Poland,Female,Wysoka,Wikido,68780.69,PLN
Jerry,Murray,jmurray7y@answers.com,South Africa,Male,Wartburg,Eayo,10850.13,ZAR
Marilyn,Hernandez,mhernandez7z@360.cn,France,Female,Paris 15,Mynte,48630.33,EUR
Dorothy,Hanson,dhanson80@booking.com,Mexico,Female,El Calvario,Voonder,25665.84,MXN
Bobby,Butler,bbutler81@jiathis.com,Tunisia,Male,Banī Ḩassān,Blogpad,98294.26,TND
Pamela,Wood,pwood82@dell.com,Kosovo,Female,Kamenica,Skibox,,EUR
Raymond,Berry,rberry83@pcworld.com,Dominican Republic,Male,La Julia,Avamba,72151.70,DOP
Keith,Hansen,khansen84@cam.ac.uk,Malaysia,Male,Kuala Lumpur,Vipe,30308.26,MYR
John,Morris,jmorris85@biglobe.ne.jp,Canada,Male,Banff,Yambee,43009.83,CAD
Maria,George,mgeorge86@imageshack.us,Thailand,Female,Bang Yai,Gigashots,46342.71,THB
Gloria,Little,glittle87@hibu.com,Russia,Female,Sosnovka,Dabfeed,53277.35,RUB
Johnny,Welch,jwelch88@dedecms.com,Egypt,Male,At Tall al Kabīr,Eadel,79925.36,EGP
Russell,Andrews,randrews89@timesonline.co.uk,Indonesia,Male,Maunggora,Pixonyx,83232.47,IDR
Lawrence,Gilbert,lgilbert8a@rambler.ru,Poland,Male,Ćmielów,Edgetag,,PLN
Donald,Allen,dallen8b@nsw.gov.au,Portugal,Male,Castanheira,Skyba,18200.42,EUR
Jason,Greene,jgreene8c@smh.com.au,Japan,Male,Iwakura,Zoonder,16876.37,JPY
Martha,Lopez,mlopez8d@scribd.com,China,Female,Litian,Kazu,4695.54,CNY
Brian,Greene,bgreene8e@hostgator.com,China,Male,Dali,Plajo,76063.30,CNY
Evelyn,Webb,ewebb8f@hubpages.com,China,Female,Wutan,Demivee,34909.96,CNY
Johnny,Hughes,jhughes8g@rambler.ru,Mongolia,Male,Tsagaan-Ovoo,Buzzdog,51165.41,MNT
Ronald,Morales,rmorales8h@webmd.com,Indonesia,Male,Telagaselaba,Skyba,82445.93,IDR
Daniel,Snyder,dsnyder8i@wix.com,China,Male,Xinxu,Brightbean,,CNY
Jeffrey,Andrews,jandrews8j@bing.com,Belarus,Male,Horad Barysaw,Twitterbridge,93119.86,BYR
Russell,Stanley,rstanley8k@google.it,Ireland,Male,Kilcullen,Meevee,17841.57,EUR
Juan,Howard,jhoward8l@goo.ne.jp,Portugal,Male,Casais,Gevee,80461.86,EUR
Craig,Foster,cfoster8m@washington.edu,France,Male,Paris La Défense,Voomm,65520.33,EUR
Fred,Knight,fknight8n@behance.net,Mexico,Male,Lazaro Cardenas,Kamba,62221.89,MXN
Dorothy,Miller,dmiller8o@dagondesign.com,Nigeria,Female,Ibeto,Tambee,95932.52,NGN
Adam,Mccoy,amccoy8p@ustream.tv,Indonesia,Male,Jamban,Rhyloo,5255.03,IDR
Gregory,Taylor,gtaylor8q@xing.com,China,Male,Jinhua,Skynoodle,79424.68,CNY
Daniel,Perry,dperry8r@sohu.com,Niger,Male,Alaghsas,Edgewire,65815.75,XOF
Lois,Warren,lwarren8s@seattletimes.com,Palestinian Territory,Female,Ḩuwwārah,Topicware,48556.56,ILS
Andrea,Wallace,awallace8t@clickbank.net,Russia,Female,Zlatoust,Roodel,87157.99,RUB
Gregory,Elliott,gelliott8u@ca.gov,Indonesia,Male,Cigadog,Thoughtsphere,,IDR
Joshua,Perry,jperry8v@craigslist.org,China,Male,Sikeshu,Tavu,,CNY
Walter,Hernandez,whernandez8w@e-recht24.de,Peru,Male,Pajarillo,Twitternation,90891.57,PEN
Carol,Gutierrez,cgutierrez8x@xrea.com,Indonesia,Female,Saripin,Skyndu,17567.84,IDR
Lori,Wood,lwood8y@google.com.br,Slovenia,Female,Dornava,Vidoo,4118.48,EUR
Joan,Fowler,jfowler8z@wikimedia.org,Chile,Female,Putre,Browseblab,68526.00,CLP
Rebecca,Robinson,rrobinson90@weather.com,Nigeria,Female,Ikot-Ekpene,Topicware,64717.87,NGN
Lori,Chapman,lchapman91@tmall.com,Thailand,Female,Hat Yai,Quimba,65136.49,THB
Jane,Richardson,jrichardson92@nyu.edu,Luxembourg,Female,Schieren,Buzzster,24106.64,EUR
Rebecca,Montgomery,rmontgomery93@forbes.com,Mongolia,Female,Mardzad,Realcube,4307.50,MNT
Douglas,Greene,dgreene94@nih.gov,Tunisia,Male,Banī Khaddāsh,Linkbridge,47843.13,TND
Ruby,Berry,rberry95@virginia.edu,Indonesia,Female,Tegalsari,Skyble,8861.07,IDR
Earl,Williamson,ewilliamson96@hp.com,Honduras,Male,Santa Lucía,Latz,45823.03,HNL
Janet,Sanders,jsanders97@tinypic.com,Brazil,Female,Cotia,Riffpath,31372.54,BRL
Amy,Morris,amorris98@163.com,Russia,Female,Mullovka,Browsedrive,42943.21,RUB
Carol,Arnold,carnold99@home.pl,China,Female,Bozhou,Wikizz,86495.99,CNY
Johnny,Flores,jflores9a@myspace.com,Uganda,Male,Fort Portal,Browsezoom,88736.51,UGX
Heather,Wallace,hwallace9b@simplemachines.org,Finland,Female,Kouvola,Browsebug,43083.39,EUR
Wanda,Scott,wscott9c@discovery.com,China,Female,Zhongxing,Shuffledrive,88056.72,CNY
Keith,Willis,kwillis9d@army.mil,Mexico,Male,El Mirador,Yodoo,31568.06,MXN
Evelyn,Porter,eporter9e@reuters.com,China,Female,Chelu,Jabbersphere,7493.23,CNY
Alan,Collins,acollins9f@google.it,Poland,Male,Rzgów,Livefish,48872.55,PLN
Joe,Jones,jjones9g@so-net.ne.jp,Sweden,Male,Göteborg,Jazzy,3745.37,SEK
Beverly,Austin,baustin9h@mapy.cz,Japan,Female,Ushiku,Edgepulse,71556.71,JPY
Shirley,Brown,sbrown9i@canalblog.com,United States,Female,Washington,Lazz,98921.59,USD
Jennifer,Morris,jmorris9j@nature.com,China,Female,Yangwei,Shuffledrive,,CNY
Jessica,Flores,jflores9k@phoca.cz,Greece,Female,Artémida,Kimia,,EUR
Victor,Miller,vmiller9l@seesaa.net,Poland,Male,Skalbmierz,Voonder,26221.05,PLN
Sara,Moreno,smoreno9m@psu.edu,China,Female,Zhaocun,Zoombeat,62739.92,CNY
Bonnie,Foster,bfoster9n@prweb.com,China,Female,Chenchang,Yotz,5361.46,CNY
Phyllis,Graham,pgraham9o@walmart.com,France,Female,Saint-Denis,Wordware,,EUR
Earl,Wagner,ewagner9p@naver.com,Bangladesh,Male,Feni,Quatz,7843.71,BDT
Kelly,Fernandez,kfernandez9q@feedburner.com,United States,Female,Fullerton,Quatz,65302.87,USD
Andrew,Lopez,alopez9r@about.com,Vietnam,Male,Phù Cát,Brainlounge,29035.39,VND
Shirley,Clark,sclark9s@w3.org,China,Female,Xianning,Topicblab,3062.75,CNY
Gloria,Schmidt,gschmidt9t@drupal.org,China,Female,Hali,Thoughtbridge,47161.72,CNY
Keith,Garcia,kgarcia9u@dedecms.com,Democratic Republic of the Congo,Male,Gemena,Topdrive,43039.03,CDF
Annie,Gardner,agardner9v@purevolume.com,France,Female,Metz,Skinte,27369.36,EUR
Jeffrey,Simpson,jsimpson9w@ox.ac.uk,China,Male,Kuanchuan,Dynazzy,85628.49,CNY
Jose,Andrews,jandrews9x@homestead.com,Cuba,Male,Manzanillo,Flashdog,,CUP
Raymond,Rice,rrice9y@sina.com.cn,France,Male,Boulogne-Billancourt,Dablist,32917.45,EUR
Lawrence,Hunt,lhunt9z@51.la,China,Male,Zhongpai,Voolia,91548.34,CNY
Cynthia,Nguyen,cnguyena0@cmu.edu,Argentina,Female,Capitán Solari,Meezzy,86381.16,ARS
Rachel,Robertson,rrobertsona1@cisco.com,Mexico,Female,Emiliano Zapata,Yodoo,8966.91,MXN
Ryan,Mason,rmasona2@vk.com,Ireland,Male,Castlepollard,Jabbertype,36299.57,EUR
Jimmy,Jenkins,jjenkinsa3@etsy.com,Greece,Male,Sykiés,Tavu,89448.69,EUR
Kathryn,Murphy,kmurphya4@webnode.com,China,Female,Zhencheng,Photobean,,CNY
Craig,Fields,cfieldsa5@opera.com,Indonesia,Male,Krebetkrajan,Thoughtstorm,18917.92,IDR
Betty,Thompson,bthompsona6@51.la,France,Female,Colombes,Trupe,57271.45,EUR
Louise,Graham,lgrahama7@sourceforge.net,Finland,Female,Virojoki,Zoomdog,19855.86,EUR
Richard,Sullivan,rsullivana8@toplist.cz,Saudi Arabia,Male,Umm as Sāhik,Quinu,49569.30,SAR
Betty,Robertson,brobertsona9@google.com,Netherlands,Female,Zevenaar,Photolist,37011.39,EUR
Elizabeth,West,ewestaa@woothemes.com,China,Female,Wantou,Pixoboo,13796.14,CNY
Lisa,Jones,ljonesab@fotki.com,United States,Female,Little Rock,Brightdog,83109.32,USD
Stephen,Patterson,spattersonac@dyndns.org,Indonesia,Male,Widorokandang,Agimba,52334.62,IDR
Billy,Garrett,bgarrettad@qq.com,Uganda,Male,Nyachera,Tagtune,91792.32,UGX
Eugene,Carter,ecarterae@parallels.com,Indonesia,Male,Ciakar,Topicstorm,69054.80,IDR
Alan,Butler,abutleraf@google.cn,China,Male,Yichun,Yakijo,67057.85,CNY
Jessica,Weaver,jweaverag@time.com,Thailand,Female,Narathiwat,Mycat,7528.34,THB
Karen,Welch,kwelchah@addthis.com,United States,Female,Montgomery,Dynava,42340.37,USD
Jeremy,Torres,jtorresai@1und1.de,China,Male,Nianpan,Mynte,68661.75,CNY
Daniel,Edwards,dedwardsaj@ed.gov,Georgia,Male,Tsinandali,Flashpoint,90017.31,GEL
Tina,Morris,tmorrisak@unicef.org,Indonesia,Female,Tamansari,Yata,65341.53,IDR
Robin,Lawson,rlawsonal@google.de,Peru,Female,Chimbote,Kaymbo,9834.97,PEN
Shirley,Bishop,sbishopam@illinois.edu,Spain,Female,Malaga,Skidoo,9222.22,EUR
Sarah,Bowman,sbowmanan@moonfruit.com,Egypt,Female,Damietta,Edgeify,95915.53,EGP
Gary,Webb,gwebbao@blogs.com,Sudan,Male,Tandaltī,Geba,,SDG
Linda,Cook,lcookap@imdb.com,New Zealand,Female,Taradale,Roombo,86978.02,NZD
Kelly,Williamson,kwilliamsonaq@xing.com,Thailand,Female,Kathu,Zoomcast,57017.28,THB
Edward,Hansen,ehansenar@ucoz.ru,Syria,Male,Jāsim,Twinder,,SYP
Beverly,Garcia,bgarciaas@sbwire.com,China,Female,Yafan,Oloo,27631.25,CNY
Louise,Vasquez,lvasquezat@csmonitor.com,China,Female,Jiling,Topicblab,5260.73,CNY
Heather,Cole,hcoleau@spotify.com,Afghanistan,Female,Ārt Khwājah,Midel,2543.68,AFN
Kimberly,Harvey,kharveyav@aol.com,Poland,Female,Podedwórze,Skajo,71828.53,PLN
Tammy,Grant,tgrantaw@google.ca,China,Female,Dayangqi,Kayveo,50591.30,CNY
Lillian,Johnson,ljohnsonax@over-blog.com,Cameroon,Female,Évodoula,Oyondu,28391.85,XAF
Rebecca,Walker,rwalkeray@nifty.com,China,Female,Dogarmo,Realmix,4686.71,CNY
Jean,Ward,jwardaz@feedburner.com,Brazil,Female,Lagoa do Itaenga,Edgeclub,12715.88,BRL
Jason,Ramirez,jramirezb0@auda.org.au,Serbia,Male,Leskovac,Eayo,46742.63,RSD
Andrea,Gordon,agordonb1@deliciousdays.com,Philippines,Female,Mabuhay,Skalith,56971.59,PHP
Randy,Fox,rfoxb2@nymag.com,Norway,Male,Skien,Photobug,90666.41,NOK
William,Thompson,wthompsonb3@newyorker.com,China,Male,Delong,Edgeclub,7649.90,CNY
Keith,Sanders,ksandersb4@ed.gov,Brazil,Male,Lagoa da Prata,Zoozzy,,BRL
Donald,Hunter,dhunterb5@so-net.ne.jp,Czech Republic,Male,Těšany,Kwideo,21731.25,CZK
Carlos,Morgan,cmorganb6@shop-pro.jp,Finland,Male,Utajärvi,Dablist,81293.43,EUR
Kathleen,Hunter,khunterb7@hao123.com,Greece,Female,Léchovo,Zooxo,35875.46,EUR
Michael,Parker,mparkerb8@businessweek.com,Argentina,Male,Pampa de los Guanacos,Wordware,23825.95,ARS
Donna,Daniels,ddanielsb9@fema.gov,China,Female,Dandu,Livetube,52712.15,CNY
Charles,Elliott,celliottba@usgs.gov,China,Male,Huichang,Dabjam,8624.95,CNY
Ann,Ruiz,aruizbb@buzzfeed.com,Australia,Female,Adelaide Mail Centre,Yakitri,35380.70,AUD
Raymond,Hudson,rhudsonbc@imageshack.us,China,Male,Qimeng,Skinte,,CNY
Joseph,Lawson,jlawsonbd@sitemeter.com,United States,Male,Saint Louis,Fanoodle,68824.15,USD
Norma,Reyes,nreyesbe@marketwatch.com,China,Female,Shuangwang,Skalith,,CNY
Ruby,Morris,rmorrisbf@ning.com,France,Female,Bressuire,Minyx,48910.09,EUR
Maria,Jenkins,mjenkinsbg@feedburner.com,Tajikistan,Female,Kolkhozobod,Brainverse,,TJS
Denise,Larson,dlarsonbh@usa.gov,Poland,Female,Olkusz,Tekfly,68607.11,PLN
Michelle,Montgomery,mmontgomerybi@rediff.com,Philippines,Female,Cigaras,Devbug,53595.07,PHP
Benjamin,Alvarez,balvarezbj@usda.gov,Indonesia,Male,Gayam,Yodo,25312.99,IDR
Amanda,Medina,amedinabk@engadget.com,France,Female,Roissy Charles-de-Gaulle,Omba,63739.43,EUR
Nicholas,Cox,ncoxbl@trellian.com,Russia,Male,Starobaltachevo,Meetz,11557.84,RUB
Brenda,Lee,bleebm@yale.edu,Portugal,Female,Balazar,Flipopia,37559.58,EUR
Ernest,Olson,eolsonbn@deviantart.com,Finland,Male,Simo,Wordify,56510.52,EUR
Jessica,Campbell,jcampbellbo@163.com,China,Female,Shanhou,Gabspot,68621.08,CNY
Joan,Turner,jturnerbp@engadget.com,Indonesia,Female,Pondokkaha Kelod,Rhyloo,6121.00,IDR
Kenneth,Ruiz,kruizbq@bravesites.com,Cameroon,Male,Limbe,Fivebridge,6532.95,XAF
Patrick,Richards,prichardsbr@booking.com,China,Male,Huayuan,LiveZ,51977.63,CNY
Sandra,Fields,sfieldsbs@devhub.com,China,Female,Xitiangezhuang,Realcube,33527.74,CNY
Kelly,Ward,kwardbt@springer.com,Canada,Female,Digby,Feedspan,62027.98,CAD
Barbara,Brown,bbrownbu@vk.com,Cape Verde,Female,Ponta do Sol,Skimia,59152.59,CVE
Jessica,Rogers,jrogersbv@prweb.com,Venezuela,Female,Alto Barinas,Trunyx,47096.72,VEF
Russell,Jackson,rjacksonbw@unesco.org,Indonesia,Male,Dajalorong,Jatri,76895.41,IDR
Amanda,Burns,aburnsbx@exblog.jp,Pakistan,Female,Kunri,Reallinks,28742.84,PKR
Rebecca,Stone,rstoneby@google.nl,China,Female,Mozhong,Zooveo,,CNY
Joshua,Perez,jperezbz@pen.io,Nigeria,Male,Orerokpe,Innotype,45331.54,NGN
Bruce,Hayes,bhayesc0@wiley.com,United States,Male,Miami,Skimia,79951.05,USD
Shawn,Thomas,sthomasc1@a8.net,Indonesia,Male,Balesari,Tazz,20583.37,IDR
Carlos,Cox,ccoxc2@angelfire.com,Kenya,Male,Embu,Jaxworks,14733.56,KES
Larry,Chavez,lchavezc3@hp.com,Ukraine,Male,Mahdalynivka,Bluejam,87475.40,UAH
Russell,Nguyen,rnguyenc4@mediafire.com,Portugal,Male,Vila Alva,Gevee,17742.26,EUR
David,Snyder,dsnyderc5@homestead.com,Indonesia,Male,Rajadesa,Wordtune,10225.72,IDR
Beverly,Stewart,bstewartc6@chron.com,Canada,Female,Skatepark,Topicshots,47115.32,CAD
Sean,Spencer,sspencerc7@bravesites.com,Russia,Male,Serdobsk,Eire,60241.59,RUB
Maria,Hicks,mhicksc8@businesswire.com,Argentina,Female,Corral de Bustos,LiveZ,38188.06,ARS
Mildred,Tucker,mtuckerc9@discovery.com,Philippines,Female,Marcos,Zoomcast,6115.93,PHP
Alice,Riley,arileyca@bbb.org,Poland,Female,Siemiechów,Chatterbridge,36192.79,PLN
Johnny,Sullivan,jsullivancb@cbc.ca,China,Male,Caijiang,Youopia,66470.07,CNY
Ashley,White,awhitecc@dailymotion.com,Spain,Female,Zaragoza,Fatz,85907.33,EUR
Nicole,Campbell,ncampbellcd@wufoo.com,Indonesia,Female,Gasri,Kwideo,71492.04,IDR
Kathleen,Harrison,kharrisonce@hugedomains.com,El Salvador,Female,San Agustín,Devcast,68017.58,USD
Juan,Nichols,jnicholscf@fastcompany.com,Philippines,Male,Caraga,Edgeify,,PHP
Nancy,Hunter,nhuntercg@dyndns.org,China,Female,Liaoyang,Feedspan,58911.74,CNY
Earl,Chapman,echapmanch@phoca.cz,Czech Republic,Male,Rtyně v Podkrkonoší,Wikizz,29922.45,CZK
George,Freeman,gfreemanci@chicagotribune.com,China,Male,Xiaping,Trunyx,29396.37,CNY
Jane,Gibson,jgibsoncj@cbslocal.com,China,Female,Xiangfu,Skidoo,54256.03,CNY
Jonathan,Andrews,jandrewsck@bing.com,China,Male,Youguzhuang,Snaptags,21478.69,CNY
Timothy,Bennett,tbennettcl@soundcloud.com,Pakistan,Male,Khārān,Livetube,2043.69,PKR
Tina,Gardner,tgardnercm@scribd.com,Philippines,Female,Biasong,Roomm,33726.76,PHP
Douglas,Jenkins,djenkinscn@vk.com,Czech Republic,Male,Milovice,Demizz,5903.72,CZK
Eric,Mason,emasonco@privacy.gov.au,Russia,Male,Pizhanka,Jaxbean,31903.92,RUB
Brandon,Williamson,bwilliamsoncp@prlog.org,South Africa,Male,Pofadder,Tazzy,14217.32,ZAR
Earl,Peterson,epetersoncq@blog.com,France,Male,Ajaccio,Yadel,49878.66,EUR
Victor,Smith,vsmithcr@omniture.com,Czech Republic,Male,Mirošov,Kayveo,59309.20,CZK
Kevin,Gray,kgraycs@t.co,Nepal,Male,Wāling,Eimbee,,NPR
Marie,Reynolds,mreynoldsct@bloglovin.com,China,Female,Shaxi,Babbleopia,,CNY
Sara,Bennett,sbennettcu@blogs.com,Thailand,Female,Uthai Thani,Ntag,92488.40,THB
Heather,Richardson,hrichardsoncv@psu.edu,China,Female,Choujiang,Bluejam,43053.05,CNY
Raymond,Powell,rpowellcw@bigcartel.com,Indonesia,Male,Petiga,LiveZ,12108.29,IDR
Todd,Harvey,tharveycx@ucoz.com,China,Male,Songfeng,Photobug,6259.15,CNY
Bonnie,Little,blittlecy@intel.com,Panama,Female,San Andrés,Fatz,31310.87,PAB
Christine,Duncan,cduncancz@surveymonkey.com,China,Female,Jianqiao,Shuffledrive,57961.75,CNY
Laura,Andrews,landrewsd0@auda.org.au,Dominican Republic,Female,Bayaguana,Yambee,22444.67,DOP
Angela,Brown,abrownd1@shutterfly.com,Indonesia,Female,Rokoy,Youspan,58862.91,IDR
Steven,Stephens,sstephensd2@miitbeian.gov.cn,China,Male,Meizhou,Devcast,31659.22,CNY
Andrew,Hernandez,ahernandezd3@amazon.co.jp,United States,Male,San Jose,Eabox,18461.30,USD
Earl,Robertson,erobertsond4@theguardian.com,Japan,Male,Yanai,Cogibox,30855.65,JPY
Katherine,Lee,kleed5@sitemeter.com,Russia,Female,Mayskiy,Oodoo,58301.97,RUB
Dorothy,Weaver,dweaverd6@i2i.jp,Philippines,Female,Montaneza,Jaxnation,30648.22,PHP
Daniel,Collins,dcollinsd7@mashable.com,China,Male,Huangludian,Shufflebeat,87359.17,CNY
Sandra,Stevens,sstevensd8@cafepress.com,Nigeria,Female,Wudil,Podcat,40571.45,NGN
Adam,Sanchez,asanchezd9@google.com,Brazil,Male,Blumenau,Avaveo,,BRL
Janice,Green,jgreenda@is.gd,Brazil,Female,Araguaiana,Youfeed,88533.65,BRL
Nicholas,Henderson,nhendersondb@time.com,China,Male,Quchomo,Ntag,35820.54,CNY
Sarah,Howard,showarddc@vimeo.com,South Africa,Female,Musina,Mita,95416.13,ZAR
Amanda,Sanders,asandersdd@furl.net,Philippines,Female,Tigpalay,Ntag,50383.68,PHP
Denise,Henderson,dhendersonde@wp.com,China,Female,Jiannan,Wikivu,87057.53,CNY
Barbara,Hamilton,bhamiltondf@mapy.cz,Poland,Female,Lutomiersk,Layo,,PLN
Adam,Thompson,athompsondg@dailymail.co.uk,Portugal,Male,Souto,Youtags,45999.83,EUR
Jessica,Matthews,jmatthewsdh@exblog.jp,Mauritius,Female,Ecroignard,Avamm,15737.53,MUR
Andrea,Welch,awelchdi@cmu.edu,Poland,Female,Mońki,Mybuzz,11635.98,PLN
William,Watkins,wwatkinsdj@gmpg.org,China,Male,Qiaozi,Devpoint,56794.97,CNY
Michael,Brooks,mbrooksdk@nasa.gov,Czech Republic,Male,Petřvald,Trunyx,14720.29,CZK
Kathy,Kim,kkimdl@hp.com,Canada,Female,Ashcroft,Eare,66976.25,CAD
Sara,Pierce,spiercedm@indiegogo.com,Indonesia,Female,Masaran,Tagtune,87934.06,IDR
Michelle,Perkins,mperkinsdn@nps.gov,Russia,Female,Kirovgrad,Centizu,17486.41,RUB
James,Fuller,jfullerdo@jugem.jp,Indonesia,Male,Temandangjero,Zoomdog,,IDR
Jean,Richards,jrichardsdp@linkedin.com,Nigeria,Female,Shinkafe,Vitz,59507.77,NGN
Michael,Hunt,mhuntdq@tripod.com,Indonesia,Male,Selopuro,Fliptune,26451.04,IDR
William,Long,wlongdr@aboutads.info,Canada,Male,Saint-Bruno-de-Guigues,Gabvine,18516.75,CAD
Christine,Day,cdayds@taobao.com,Ireland,Female,Manorhamilton,Leenti,1282.31,EUR
Benjamin,Murphy,bmurphydt@ebay.com,Portugal,Male,Vila Fria,Kwinu,25290.90,EUR
Karen,Nguyen,knguyendu@mapquest.com,Japan,Female,Uto,Twitterworks,45558.76,JPY
Nicole,Rodriguez,nrodriguezdv@miitbeian.gov.cn,Indonesia,Female,Kidangbang,Edgepulse,46591.66,IDR
Chris,Rice,cricedw@ebay.com,Portugal,Male,Sabóia,Eazzy,,EUR
Sara,Cruz,scruzdx@google.pl,Russia,Female,Imeni Zhelyabova,Oba,42859.77,RUB
Lawrence,Powell,lpowelldy@vinaora.com,Germany,Male,Berlin,Zoomlounge,8913.61,EUR
Keith,Kennedy,kkennedydz@thetimes.co.uk,China,Male,Xiaoyi,Tazz,,CNY
Fred,Jordan,fjordane0@bbc.co.uk,United States,Male,Rochester,Vimbo,86035.30,USD
Billy,Kim,bkime1@ibm.com,Czech Republic,Male,Židlochovice,Photolist,93077.17,CZK
Clarence,Oliver,colivere2@reverbnation.com,France,Male,Arpajon,Blognation,73294.18,EUR
Patrick,Hicks,phickse3@rambler.ru,United States,Male,Columbus,Eidel,64845.31,USD
Joe,Jordan,jjordane4@tinypic.com,China,Male,Wenbi,Jaloo,71646.92,CNY
Kevin,Nguyen,knguyene5@sitemeter.com,France,Male,Grenoble,Voonyx,15554.70,EUR
Norma,Mitchell,nmitchelle6@rambler.ru,Paraguay,Female,Santiago,Thoughtstorm,24414.67,PYG
Gregory,Brown,gbrowne7@nyu.edu,Japan,Male,Taketoyo,Yombu,54951.08,JPY
Jesse,Powell,jpowelle8@nytimes.com,Poland,Male,Gniechowice,Dabtype,38156.77,PLN
Billy,Freeman,bfreemane9@google.fr,China,Male,Chengshan,Youspan,79857.87,CNY
Louise,Reyes,lreyesea@blogs.com,Indonesia,Female,Putat Lor,Kimia,53176.76,IDR
Richard,Bailey,rbaileyeb@163.com,Ukraine,Male,Lymanske,Brightbean,84219.01,UAH
Catherine,Harrison,charrisonec@last.fm,Brazil,Female,Barbacena,Agivu,62482.24,BRL
Annie,Hill,ahilled@time.com,Thailand,Female,Bang Bo District,Innotype,25205.10,THB
Lillian,Chapman,lchapmanee@weibo.com,Indonesia,Female,Gersikputih Tengah,Twitterwire,45178.07,IDR
Anna,Clark,aclarkef@slideshare.net,Guatemala,Female,San Juan Bautista,Tagtune,40298.99,GTQ
Albert,Watson,awatsoneg@ox.ac.uk,Brazil,Male,Santos,Yadel,96521.58,BRL
Michelle,Lawson,mlawsoneh@desdev.cn,China,Female,Miaoxi,Jamia,69848.98,CNY
Linda,Palmer,lpalmerei@goodreads.com,Bahamas,Female,Andros Town,Twitternation,21926.13,BSD
Harry,Graham,hgrahamej@gov.uk,Poland,Male,Lasek,Oyoloo,40945.95,PLN
Tina,Price,tpriceek@mozilla.org,Anguilla,Female,George Hill,Cogibox,,XCD
Michael,Mcdonald,mmcdonaldel@usnews.com,China,Male,Shaxi,Tavu,59544.36,CNY
Jessica,Warren,jwarrenem@redcross.org,Thailand,Female,Thawi Watthana,Meezzy,21957.18,THB
Roger,Freeman,rfreemanen@youku.com,Indonesia,Male,Curug,Roombo,57960.76,IDR
Jack,Cox,jcoxeo@myspace.com,Poland,Male,Wiśniewo,Brightbean,15951.24,PLN
Kathy,Hill,khillep@shutterfly.com,Russia,Female,Karasuk,Edgeify,71203.81,RUB
Jeffrey,Morales,jmoraleseq@smh.com.au,China,Male,Zhongbao,Tagchat,,CNY
Edward,Sullivan,esullivaner@bloomberg.com,Philippines,Male,Kotkot,JumpXS,14549.16,PHP
Kathy,Bennett,kbennettes@msn.com,Portugal,Female,São Miguel,Vitz,25930.93,EUR
Carl,Garza,cgarzaet@cnbc.com,Afghanistan,Male,Khamyāb,Realpoint,46442.76,AFN
Richard,Greene,rgreeneeu@lulu.com,China,Male,Xinjiezhen,Browseblab,3649.73,CNY
Susan,Thompson,sthompsonev@topsy.com,Sweden,Female,Ängelholm,JumpXS,41985.68,SEK
Tammy,Carroll,tcarrollew@fotki.com,France,Female,Tassin-la-Demi-Lune,Dynabox,48606.46,EUR
Louise,Thompson,lthompsonex@soup.io,Philippines,Female,Tapel,Wordpedia,64147.64,PHP
Craig,Rice,criceey@symantec.com,Russia,Male,Lyubinskiy,Plambee,58895.32,RUB
Stephanie,Kennedy,skennedyez@360.cn,Sweden,Female,Trelleborg,Tagcat,1497.72,SEK
Cheryl,Boyd,cboydf0@fc2.com,Indonesia,Female,Alue Glumpang,Wikido,67770.85,IDR
Ann,Mccoy,amccoyf1@si.edu,Ukraine,Female,Kozhanka,Lazzy,9916.82,UAH
Mark,Ramirez,mramirezf2@salon.com,Portugal,Male,Passos,Eamia,75868.76,EUR
Annie,Long,alongf3@usgs.gov,China,Female,Dongdajie,Realmix,87240.71,CNY
Betty,Riley,brileyf4@edublogs.org,China,Female,Lugang,Skyvu,5557.19,CNY
Ruth,James,rjamesf5@patch.com,China,Female,Jiancheng,Pixonyx,74768.41,CNY
Laura,Moore,lmooref6@intel.com,Syria,Female,Sulūk,Youspan,22768.35,SYP
Albert,Mason,amasonf7@mozilla.com,China,Male,Languan,Topicblab,27187.56,CNY
Catherine,Mcdonald,cmcdonaldf8@liveinternet.ru,Brazil,Female,Santana do Ipanema,Thoughtworks,31315.15,BRL
Douglas,Washington,dwashingtonf9@usnews.com,Philippines,Male,Buayan,Bluezoom,9411.88,PHP
Walter,Perkins,wperkinsfa@goodreads.com,Italy,Male,Bergamo,Babblestorm,32657.67,EUR
Norma,Campbell,ncampbellfb@mediafire.com,Russia,Female,Zagoryanskiy,Mymm,35673.51,RUB
Denise,Porter,dporterfc@bbc.co.uk,France,Female,Saint-Étienne-du-Rouvray,Voolith,18282.49,EUR
Richard,Montgomery,rmontgomeryfd@wunderground.com,Poland,Male,Drawno,Katz,25033.80,PLN
Norma,Brooks,nbrooksfe@xing.com,Laos,Female,Bolikhan,Zoozzy,36104.23,LAK
Kelly,Howard,khowardff@china.com.cn,Canada,Female,Abbotsford,Skinix,70661.58,CAD
Harry,Martin,hmartinfg@foxnews.com,Czech Republic,Male,Jihlava,Tagfeed,,CZK
Rose,Welch,rwelchfh@alibaba.com,Niger,Female,Mirriah,Devbug,38326.16,XOF
Timothy,Olson,tolsonfi@webs.com,South Africa,Male,Ermelo,Oozz,92973.19,ZAR
Sarah,Rogers,srogersfj@360.cn,China,Female,Yongxing Chengguanzhen,Wordtune,66422.45,CNY
Denise,Welch,dwelchfk@cafepress.com,Portugal,Female,Novo,Vidoo,62433.77,EUR
Shirley,Matthews,smatthewsfl@washingtonpost.com,Finland,Female,Lappajärvi,Kamba,,EUR
Andrea,Coleman,acolemanfm@oracle.com,Indonesia,Female,Rantepang,Twitterlist,26143.02,IDR
Christopher,Reynolds,creynoldsfn@opera.com,Mauritania,Male,Nouâdhibou,Edgepulse,,MRO
Nicole,Reyes,nreyesfo@i2i.jp,France,Female,Paris 07,Demimbu,90615.04,EUR
Amanda,Graham,agrahamfp@dion.ne.jp,Paraguay,Female,Santa Rita,Flashpoint,58044.86,PYG
Julia,Alvarez,jalvarezfq@archive.org,Zimbabwe,Female,Gweru,Eabox,35051.16,ZWL
Ryan,Lewis,rlewisfr@japanpost.jp,Poland,Male,Wojsławice,Topicshots,75774.67,PLN
Shirley,Clark,sclarkfs@google.co.uk,Philippines,Female,Danao,Browseblab,80596.36,PHP
Ronald,Kelley,rkelleyft@xinhuanet.com,Czech Republic,Male,Horní Jelení,Flipbug,88769.41,CZK
Norma,Reid,nreidfu@bravesites.com,Latvia,Female,Varakļāni,Vinte,41062.40,EUR
Sean,Mccoy,smccoyfv@examiner.com,Philippines,Male,Bacnor East,Tagpad,10354.96,PHP
Russell,Gilbert,rgilbertfw@cyberchimps.com,Niger,Male,Agadez,Eayo,18100.42,XOF
Stephen,Armstrong,sarmstrongfx@google.com.hk,Iran,Male,Meybod,Jayo,75568.34,IRR
Carl,Hall,challfy@msu.edu,Bosnia and Herzegovina,Male,Janja,Skiba,54185.07,BAM
Jane,Porter,jporterfz@mysql.com,Poland,Female,Bobrowice,Camimbo,19780.70,PLN
Juan,Gomez,jgomezg0@homestead.com,Botswana,Male,Mmathubudukwane,Twitterwire,14585.21,BWP
Judy,Schmidt,jschmidtg1@earthlink.net,China,Female,Sangpi,Avamm,21625.20,CNY
Jack,Bishop,jbishopg2@taobao.com,Indonesia,Male,Gumuk Tengah,Yabox,24598.26,IDR
Keith,Ray,krayg3@guardian.co.uk,Philippines,Male,Timpas,Dynabox,15154.40,PHP
Todd,Larson,tlarsong4@meetup.com,Portugal,Male,Carreira,Jabberstorm,36140.92,EUR
Adam,Hayes,ahayesg5@washington.edu,Greece,Male,Palaióchora,Quatz,46515.65,EUR
Sara,Hayes,shayesg6@constantcontact.com,Cuba,Female,Artemisa,Demimbu,43505.64,CUP
Lawrence,Carroll,lcarrollg7@seesaa.net,Japan,Male,Kitakami,Eare,58110.05,JPY
Lois,Tucker,ltuckerg8@wiley.com,Czech Republic,Female,Klenčí pod Čerchovem,Zoomzone,44356.10,CZK
Aaron,Hart,ahartg9@com.com,Indonesia,Male,Tuamese,Podcat,40162.30,IDR
Katherine,Matthews,kmatthewsga@plala.or.jp,France,Female,Arras,Trudeo,3444.40,EUR
Henry,Hill,hhillgb@seattletimes.com,Japan,Male,Nishishinminato,Topicshots,,JPY
Heather,Butler,hbutlergc@bravesites.com,Greece,Female,Messíni,Zoozzy,,EUR
Eugene,Flores,efloresgd@webnode.com,China,Male,Dongzhou,Devify,67258.59,CNY
Harold,Walker,hwalkerge@reddit.com,Croatia,Male,Zadvorsko,Babbleopia,12347.75,HRK
Christine,Gray,cgraygf@cam.ac.uk,United States,Female,Garden Grove,DabZ,77468.02,USD
Sean,Woods,swoodsgg@hatena.ne.jp,Somalia,Male,Qandala,Youbridge,46974.79,SOS
Carol,Chapman,cchapmangh@zdnet.com,France,Female,Istres,Jaloo,43782.15,EUR
Margaret,Stevens,mstevensgi@purevolume.com,Colombia,Female,El Cocuy,Browseblab,24477.29,COP
Jane,Grant,jgrantgj@dedecms.com,Afghanistan,Female,Shahrak,Zoozzy,17906.45,AFN
George,Torres,gtorresgk@foxnews.com,Brazil,Male,Jardim,Devcast,53762.43,BRL
Craig,Clark,cclarkgl@addthis.com,Brazil,Male,Rio Claro,Dabvine,98578.12,BRL
Kelly,Bradley,kbradleygm@youku.com,Indonesia,Female,Tugu,Vinder,22243.81,IDR
Lisa,Price,lpricegn@cdc.gov,Ukraine,Female,Verblyany,Realfire,4930.79,UAH
William,Burke,wburkego@theguardian.com,United States,Male,Fort Wayne,Feedspan,28005.33,USD
Diane,Sanders,dsandersgp@pcworld.com,China,Female,Lefengzhen,Eare,89356.96,CNY
Marie,Pierce,mpiercegq@mapquest.com,Indonesia,Female,Probolinggo,Jayo,18842.08,IDR
Albert,Montgomery,amontgomerygr@goo.ne.jp,Ukraine,Male,Subottsi,Yacero,29549.38,UAH
Ryan,Morrison,rmorrisongs@phoca.cz,Poland,Male,Żarnów,Quimm,46953.19,PLN
Christopher,Watkins,cwatkinsgt@hugedomains.com,Russia,Male,Volokolamsk,Edgewire,42538.93,RUB
Phyllis,Anderson,pandersongu@123-reg.co.uk,El Salvador,Female,San Marcos,Blogtags,48089.01,USD
Carol,Lawson,clawsongv@1688.com,China,Female,Baizhang,Skibox,31141.44,CNY
David,Chavez,dchavezgw@odnoklassniki.ru,Poland,Male,Przybiernów,Shuffledrive,56337.96,PLN
Paula,Palmer,ppalmergx@scribd.com,Sweden,Female,Sundsvall,Brightdog,22172.90,SEK
Margaret,Wilson,mwilsongy@usa.gov,Argentina,Female,Puan,Thoughtworks,39591.46,ARS
Lillian,Barnes,lbarnesgz@kickstarter.com,China,Female,Hengxi,Blogtags,3590.21,CNY
Michelle,Ray,mrayh0@google.com.hk,Greece,Female,Zákynthos,Youfeed,61746.23,EUR
Stephanie,Mendoza,smendozah1@thetimes.co.uk,China,Female,Magitang,Gigazoom,92506.89,CNY
Jose,Little,jlittleh2@tinyurl.com,Czech Republic,Male,Jaroměřice,Zoovu,46337.14,CZK
Billy,Stephens,bstephensh3@ebay.co.uk,China,Male,Bilian,Edgetag,33953.07,CNY
Philip,Jones,pjonesh4@toplist.cz,Mexico,Male,Vista Hermosa,Devbug,67629.71,MXN
Virginia,Wagner,vwagnerh5@technorati.com,Argentina,Female,Cipolletti,Centidel,79252.95,ARS
Amy,Gonzales,agonzalesh6@sciencedirect.com,Mexico,Female,Santa Fe,Fiveclub,63649.37,MXN
Walter,Gray,wgrayh7@engadget.com,China,Male,Lishu,Meetz,35357.71,CNY
Christopher,Snyder,csnyderh8@vistaprint.com,China,Male,Lhari,Bubblemix,14985.00,CNY
Jeremy,Vasquez,jvasquezh9@army.mil,Russia,Male,Odintsovo,Twitterbridge,33014.35,RUB
Doris,Stone,dstoneha@go.com,China,Female,Xigangzi,Zoomzone,61863.79,CNY
Ruth,Nguyen,rnguyenhb@google.com.hk,Portugal,Female,Perre,Twimbo,45179.00,EUR
Brian,Reid,breidhc@usa.gov,Czech Republic,Male,Staré Město,Demimbu,,CZK
Kathy,Myers,kmyershd@yellowpages.com,Ukraine,Female,Bilhorod-Dnistrovs’kyy,Oyope,70292.67,UAH
Diana,Campbell,dcampbellhe@wufoo.com,Russia,Female,Afanas’yeva,Jaxnation,53847.82,RUB
Debra,Allen,dallenhf@networkadvertising.org,China,Female,Hanyuan,Divape,54799.72,CNY
Ashley,Jordan,ajordanhg@people.com.cn,China,Female,Xiangcunxiang,Innojam,37712.01,CNY
Paula,Mcdonald,pmcdonaldhh@ed.gov,Philippines,Female,Catarman,Blogtag,56159.03,PHP
George,Olson,golsonhi@ask.com,Jordan,Male,Amman,Voomm,83731.43,JOD
Juan,Rivera,jriverahj@google.nl,France,Male,Lyon,JumpXS,73794.87,EUR
Peter,Cruz,pcruzhk@parallels.com,Tanzania,Male,Magomeni,Gabtune,5585.73,TZS
Victor,Burton,vburtonhl@printfriendly.com,Philippines,Male,Tambilil,Quamba,47110.83,PHP
Rebecca,Kelley,rkelleyhm@ucsd.edu,Armenia,Female,Gavarr,Edgeclub,66436.04,AMD
Marie,Johnston,mjohnstonhn@sbwire.com,Russia,Female,Gornyak,DabZ,7590.56,RUB
Johnny,Carroll,jcarrollho@gov.uk,Philippines,Male,Piña,Quinu,51375.93,PHP
Christina,Kelley,ckelleyhp@flavors.me,Brazil,Female,Iaçu,Vitz,62257.77,BRL
Jane,Rose,jrosehq@theglobeandmail.com,China,Female,Duanjia,Skiba,45527.26,CNY
Doris,Knight,dknighthr@gravatar.com,Nigeria,Female,Agbani,Aimbo,71243.02,NGN
Lois,Gutierrez,lgutierrezhs@ucoz.com,Indonesia,Female,Kubangwaru,Yodo,68522.69,IDR
Jonathan,Scott,jscottht@cmu.edu,Iran,Male,Bastak,Zooxo,392.80,IRR
Raymond,Evans,revanshu@icio.us,Philippines,Male,Barili,Yakijo,82067.49,PHP
Emily,Flores,efloreshv@cnet.com,Japan,Female,Tsurusaki,Layo,94318.11,JPY
Jesse,Wilson,jwilsonhw@lulu.com,Comoros,Male,Mtsamdou,Meezzy,47563.73,KMF
Kathryn,Perez,kperezhx@symantec.com,China,Female,Xinchengzi,Tagchat,,CNY
Robin,Richardson,rrichardsonhy@dropbox.com,Brazil,Female,Irati,Ozu,57826.43,BRL
Kenneth,Fields,kfieldshz@homestead.com,Bosnia and Herzegovina,Male,Mejdan - Obilićevo,Linklinks,21121.49,BAM
Norma,Oliver,noliveri0@reverbnation.com,Norway,Female,Oslo,Gigaclub,,NOK
Antonio,Ramos,aramosi1@pcworld.com,Netherlands,Male,Amsterdam Binnenstad en Oostelijk Havengebied,Quinu,72279.22,EUR
Frank,Warren,fwarreni2@spotify.com,Greece,Male,Karítsa,Skajo,9404.45,EUR
Christina,Armstrong,carmstrongi3@simplemachines.org,China,Female,Daduo,Minyx,,CNY
Ronald,Flores,rfloresi4@marketwatch.com,France,Male,Les Clayes-sous-Bois,Mymm,35514.44,EUR
Tina,Fowler,tfowleri5@drupal.org,Philippines,Female,San Juan de Mata,Bubblebox,72942.13,PHP
Joan,Campbell,jcampbelli6@liveinternet.ru,Indonesia,Female,Werasari,Skinte,96434.10,IDR
Jack,Morrison,jmorrisoni7@etsy.com,Russia,Male,Pochep,Shufflebeat,,RUB
Peter,Gomez,pgomezi8@gizmodo.com,Latvia,Male,Mērsrags,Cogidoo,36358.22,EUR
Eugene,Graham,egrahami9@google.co.uk,Colombia,Male,Honda,Meevee,181.75,COP
Chris,Torres,ctorresia@mlb.com,Brazil,Male,Igaraçu do Tietê,Dynabox,26651.98,BRL
Jose,Mccoy,jmccoyib@symantec.com,China,Male,Cuogang,Jaloo,,CNY
Lori,Nelson,lnelsonic@abc.net.au,Venezuela,Female,Jacura,Jayo,90609.86,VEF
Harry,Coleman,hcolemanid@taobao.com,Ecuador,Male,Boca Suno,Digitube,,USD
Teresa,Mendoza,tmendozaie@networkadvertising.org,China,Female,Zhonghe,Realcube,74905.55,CNY
Nicholas,Miller,nmillerif@reddit.com,Czech Republic,Male,Valdice,Avamba,36825.90,CZK
Joseph,Dunn,jdunnig@purevolume.com,Pakistan,Male,Bhāi Pheru,Cogidoo,,PKR
Patricia,Thompson,pthompsonih@cloudflare.com,Netherlands,Female,Zwolle,Leenti,14517.04,EUR
Andrew,Jenkins,ajenkinsii@fotki.com,China,Male,Meitang,Yata,,CNY
Kevin,Chavez,kchavezij@army.mil,Palestinian Territory,Male,Qarāwat Banī Zayd,Kaymbo,52341.19,ILS
Andrea,Martin,amartinik@elpais.com,Brazil,Female,Barcarena,Fivespan,22699.03,BRL
Antonio,Ward,awardil@yolasite.com,Egypt,Male,Al Manşūrah,Dabtype,38117.67,EGP
Virginia,Morales,vmoralesim@yale.edu,United States,Female,Alexandria,Zooveo,94375.14,USD
Sean,Boyd,sboydin@dedecms.com,Zambia,Male,Senanga,Shufflebeat,53107.68,ZMW
Mark,Wells,mwellsio@sakura.ne.jp,Germany,Male,Freiburg im Breisgau,Shuffledrive,86688.10,EUR
Albert,Knight,aknightip@liveinternet.ru,Sierra Leone,Male,Jojoima,Dabjam,29766.75,SLL
Andrew,Ferguson,afergusoniq@prnewswire.com,Mongolia,Male,Eg-Uur,Centimia,80531.73,MNT
Christina,Butler,cbutlerir@msn.com,Morocco,Female,Fezna,Agivu,26609.07,MAD
Barbara,Edwards,bedwardsis@com.com,Indonesia,Female,Rejoyoso,Zoonoodle,92900.81,IDR
Larry,Hamilton,lhamiltonit@unesco.org,United States,Male,Albuquerque,Trunyx,35119.57,USD
Rose,Simpson,rsimpsoniu@bigcartel.com,Brazil,Female,Santo Antônio de Pádua,Myworks,73750.29,BRL
Virginia,Hansen,vhanseniv@ifeng.com,Ukraine,Female,Popasna,Topicblab,,UAH
Ronald,Garza,rgarzaiw@rakuten.co.jp,France,Male,Besançon,Dabshots,80391.93,EUR
Helen,Mason,hmasonix@nature.com,Thailand,Female,Ban Phaeo,Edgeify,41848.93,THB
Samuel,Sanchez,ssancheziy@harvard.edu,Russia,Male,Aya,Brainlounge,,RUB
Ann,Alexander,aalexanderiz@google.co.jp,Russia,Female,Chernogorsk,Realfire,7888.93,RUB
Richard,Larson,rlarsonj0@histats.com,Ukraine,Male,Nizhyn,Muxo,15775.10,UAH
Virginia,Gutierrez,vgutierrezj1@networksolutions.com,Sierra Leone,Female,Tongole,Riffpedia,84508.18,SLL
Willie,Barnes,wbarnesj2@odnoklassniki.ru,Russia,Male,Golynki,Tagcat,17425.35,RUB
Susan,Cooper,scooperj3@cbsnews.com,Russia,Female,Dulyapino,Topicshots,60093.64,RUB
Aaron,James,ajamesj4@flickr.com,China,Male,Sanfang,Rhycero,92179.89,CNY
Jason,Patterson,jpattersonj5@nyu.edu,Philippines,Male,Panikihan,Mita,22821.44,PHP
Carolyn,James,cjamesj6@webnode.com,Uzbekistan,Female,Namangan,Skipstorm,90004.23,UZS
Beverly,Burns,bburnsj7@bizjournals.com,China,Female,Gaoliang,Fivechat,48028.02,CNY
Ryan,Johnson,rjohnsonj8@domainmarket.com,Canada,Male,Burnaby,Tagfeed,84364.75,CAD
Gloria,Alexander,galexanderj9@amazonaws.com,China,Female,Ligang,Kare,5309.46,CNY
Annie,Mcdonald,amcdonaldja@weebly.com,Peru,Female,Pacanga,Zoomzone,509.37,PEN
Donna,Holmes,dholmesjb@blog.com,Russia,Female,Mendeleyevsk,Oyoloo,61798.95,RUB
Patricia,Black,pblackjc@mlb.com,Indonesia,Female,Watublapi,Pixoboo,34613.56,IDR
Joyce,Simmons,jsimmonsjd@umn.edu,Russia,Female,Sennoy,Feedbug,,RUB
Billy,Garza,bgarzaje@reddit.com,China,Male,Beiqijia,Flashdog,219.58,CNY
Mildred,Hansen,mhansenjf@flavors.me,China,Female,Longtian,Roombo,72685.44,CNY
Sara,Ford,sfordjg@facebook.com,Russia,Female,Rossosh’,Janyx,33993.45,RUB
Kimberly,Nelson,knelsonjh@npr.org,China,Female,Shuangbaiyang,Einti,64666.02,CNY
Patricia,Diaz,pdiazji@barnesandnoble.com,Czech Republic,Female,Hostomice,Mycat,10889.66,CZK
Louise,Warren,lwarrenjj@bloglovin.com,Mexico,Female,Buenavista,Riffpath,65782.97,MXN
Betty,Andrews,bandrewsjk@mac.com,Lithuania,Female,Eišiškės,Yakitri,34646.05,LTL
Nicholas,Jones,njonesjl@seattletimes.com,Indonesia,Male,Bringinanom,Quatz,92225.54,IDR
Diana,Johnston,djohnstonjm@nydailynews.com,Indonesia,Female,Bontang Baru,Brainlounge,58355.91,IDR
Fred,Hill,fhilljn@cargocollective.com,Armenia,Male,Nerk’in Getashen,Feedbug,49986.30,AMD
Diana,Bryant,dbryantjo@smugmug.com,Philippines,Female,Taypano,Bluezoom,,PHP
Earl,Rice,ericejp@baidu.com,China,Male,Mozi,Jaxspan,16462.97,CNY
Juan,Andrews,jandrewsjq@twitpic.com,Philippines,Male,Pinayagan Norte,Dabjam,3635.71,PHP
Philip,Castillo,pcastillojr@gnu.org,Bangladesh,Male,Sarishābāri,Skinte,5272.22,BDT
Ronald,Ortiz,rortizjs@t-online.de,Czech Republic,Male,Kralupy nad Vltavou,Zoombox,,CZK
Benjamin,Barnes,bbarnesjt@de.vu,United Kingdom,Male,Edinburgh,Centidel,94947.93,GBP
Jean,Baker,jbakerju@apple.com,Serbia,Female,Srpska Crnja,Divanoodle,21226.32,RSD
Kathleen,Campbell,kcampbelljv@seattletimes.com,Sweden,Female,Luleå,Shuffletag,95901.99,SEK
Kathy,Burton,kburtonjw@technorati.com,Thailand,Female,Chanthaburi,Innojam,44758.22,THB
Louis,Owens,lowensjx@woothemes.com,China,Male,Qiakeri,Mydo,22913.53,CNY
Cynthia,Matthews,cmatthewsjy@hubpages.com,Uganda,Female,Kanoni,Linkbuzz,25948.98,UGX
Brian,Lawrence,blawrencejz@hibu.com,Netherlands,Male,'s-Hertogenbosch,Jabbercube,58123.93,EUR
Lisa,Burke,lburkek0@samsung.com,Brazil,Female,Nilópolis,Topicshots,6486.90,BRL
Stephen,Allen,sallenk1@fotki.com,Afghanistan,Male,Jalālābād,Camimbo,39967.76,AFN
Ralph,Flores,rfloresk2@wordpress.org,China,Male,Canggang,Trudeo,48283.45,CNY
Rachel,Carroll,rcarrollk3@soundcloud.com,Japan,Female,Kitahama,Innotype,76282.55,JPY
Antonio,Washington,awashingtonk4@goo.ne.jp,China,Male,Dahongmen,Twitterworks,33563.02,CNY
Sara,Sanders,ssandersk5@ihg.com,Philippines,Female,Libas,Twinte,16857.47,PHP
William,Hunter,whunterk6@tumblr.com,Botswana,Male,Kanye,Yakitri,,BWP
Harold,Rogers,hrogersk7@networksolutions.com,Poland,Male,Boguchwała,InnoZ,43927.49,PLN
James,Bennett,jbennettk8@about.com,China,Male,Hexi,Photojam,64276.58,CNY
Russell,Hawkins,rhawkinsk9@blogs.com,Kenya,Male,Eldoret,Babbleset,,KES
Lori,Reid,lreidka@opensource.org,Vietnam,Female,Sơn Tây,Innojam,,VND
Melissa,Burton,mburtonkb@disqus.com,China,Female,Xishan,Avamba,52124.86,CNY
Andrea,Morris,amorriskc@last.fm,China,Female,Jiazhuang,Brainsphere,7871.14,CNY
Brandon,Hernandez,bhernandezkd@google.co.uk,Colombia,Male,Barrancas,Npath,79729.02,COP
Joyce,Hernandez,jhernandezke@tmall.com,Japan,Female,Tsubata,Yodel,41929.17,JPY
Keith,Richardson,krichardsonkf@netlog.com,Vietnam,Male,Tân Hòa,Eidel,21153.66,VND
Arthur,Nguyen,anguyenkg@yellowbook.com,Pakistan,Male,Pindi Gheb,Yata,76874.65,PKR
Anthony,Miller,amillerkh@list-manage.com,Ukraine,Male,Partenit,Vipe,99426.76,UAH
Cynthia,Patterson,cpattersonki@go.com,Indonesia,Female,Banjar Bau Kawan,Tazz,78188.36,IDR
Brian,Stephens,bstephenskj@tmall.com,Aland Islands,Male,Lemland,Skibox,19326.34,EUR
Andrew,Simmons,asimmonskk@domainmarket.com,France,Male,Neuilly-sur-Seine,Blogtag,53787.10,EUR
Lisa,Owens,lowenskl@goo.gl,Poland,Female,Iwonicz-Zdrój,Zoonder,60757.69,PLN
Donald,Coleman,dcolemankm@joomla.org,Palestinian Territory,Male,Qaryūt,Oyoloo,,ILS
Cheryl,West,cwestkn@yellowbook.com,Indonesia,Female,Kupang,Linklinks,84712.87,IDR
Juan,Sanchez,jsanchezko@mac.com,China,Male,Taoyuan,Skidoo,51171.79,CNY
Frances,Andrews,fandrewskp@homestead.com,Russia,Female,Zelenokumsk,Yotz,57801.49,RUB
Ralph,Matthews,rmatthewskq@shutterfly.com,Germany,Male,Berlin,Livepath,79165.24,EUR
Ruth,Shaw,rshawkr@sun.com,Japan,Female,Kamigyō-ku,Rhycero,40866.06,JPY
Carlos,Reyes,creyesks@theatlantic.com,Cameroon,Male,Maroua,Dabtype,30463.23,XAF
Fred,Kim,fkimkt@dyndns.org,Ireland,Male,Ardee,Topiclounge,25756.12,EUR
Jacqueline,Simpson,jsimpsonku@ed.gov,China,Female,Buhe,Realcube,81588.32,CNY
Shirley,Garrett,sgarrettkv@webnode.com,Peru,Female,Obas,Yodo,9569.62,PEN
Dennis,Foster,dfosterkw@artisteer.com,United Kingdom,Male,West End,Eamia,73311.80,GBP
Jose,Sullivan,jsullivankx@webmd.com,Democratic Republic of the Congo,Male,Isiro,Avamm,29572.82,CDF
Pamela,Owens,powensky@youtu.be,Bangladesh,Female,Bogra,Eimbee,56357.50,BDT
Raymond,Sanchez,rsanchezkz@google.com.br,Russia,Male,Dolgoprudnyy,Vinte,71885.63,RUB
Amy,Johnson,ajohnsonl0@sun.com,Indonesia,Female,Cinyasag,Katz,24037.54,IDR
Carl,Richards,crichardsl1@dailymail.co.uk,Montenegro,Male,Budva,Flipopia,15071.83,EUR
Judith,Holmes,jholmesl2@tinyurl.com,Swaziland,Female,Lobamba,Realfire,18305.83,SZL
Ryan,Watson,rwatsonl3@yolasite.com,Belarus,Male,Parychy,Bubblebox,23615.80,BYR
Lori,Fields,lfieldsl4@biblegateway.com,Palestinian Territory,Female,Dayr Sharaf,Meevee,88608.96,ILS
Ruth,King,rkingl5@nymag.com,Indonesia,Female,Lamakera Dua,Bubbletube,78922.75,IDR
Lori,Stanley,lstanleyl6@blogs.com,Japan,Female,Kakegawa,Demimbu,24561.90,JPY
Denise,Wilson,dwilsonl7@friendfeed.com,Portugal,Female,Ourozinho,Wikido,63883.91,EUR
Lisa,Lawrence,llawrencel8@umn.edu,China,Female,Shuidong,Centizu,40635.11,CNY
Amy,Warren,awarrenl9@tinyurl.com,Peru,Female,Huayucachi,Voonyx,63722.99,PEN
Virginia,Lynch,vlynchla@chicagotribune.com,China,Female,Litian,Avamm,28805.26,CNY
Angela,Nelson,anelsonlb@discovery.com,Indonesia,Female,Bungursari,Plajo,34033.56,IDR
Michelle,King,mkinglc@theglobeandmail.com,Portugal,Female,Arrentela,Shufflester,24711.32,EUR
Victor,Russell,vrussellld@constantcontact.com,Libya,Male,Tobruk,Pixope,62893.17,LYD
Howard,Welch,hwelchle@skype.com,Uganda,Male,Rakai,Jazzy,76677.81,UGX
Bruce,Wells,bwellslf@g.co,Dominican Republic,Male,Cevicos,Thoughtworks,18498.11,DOP
Marie,Nelson,mnelsonlg@mashable.com,Poland,Female,Ursynów,Wordpedia,13090.45,PLN
Heather,Henderson,hhendersonlh@redcross.org,Brazil,Female,Carmo do Cajuru,Meezzy,84850.32,BRL
Amy,Day,adayli@tripod.com,China,Female,Badaogu,Yakijo,46958.50,CNY
Rebecca,Burke,rburkelj@histats.com,Philippines,Female,Puro,Yotz,41374.86,PHP
Matthew,Dean,mdeanlk@ezinearticles.com,Portugal,Male,Souto,Oozz,39126.89,EUR
Margaret,Bowman,mbowmanll@example.com,Poland,Female,Jemielno,Buzzster,,PLN
Harry,Griffin,hgriffinlm@blogspot.com,Honduras,Male,Copán,Topdrive,15052.62,HNL
Beverly,Adams,badamsln@ask.com,Indonesia,Female,Banjar Bali,Zava,37473.98,IDR
Elizabeth,Ramirez,eramirezlo@nyu.edu,Philippines,Female,San Pedro,Dabtype,26955.12,PHP
Kelly,Henry,khenrylp@fotki.com,Mexico,Female,La Paz,Podcat,65625.92,MXN
Aaron,Fields,afieldslq@fastcompany.com,Argentina,Male,Empedrado,Oozz,12803.93,ARS
Anne,Palmer,apalmerlr@slate.com,China,Female,Qiankou,Ailane,54396.45,CNY
Kenneth,Garcia,kgarcials@baidu.com,Czech Republic,Male,Horní Počaply,Brainsphere,,CZK
Steven,Burton,sburtonlt@redcross.org,Russia,Male,Zimovniki,Topicshots,,RUB
Donald,Watkins,dwatkinslu@sina.com.cn,Netherlands,Male,'s-Hertogenbosch,Geba,29623.12,EUR
Sean,Nichols,snicholslv@umn.edu,Colombia,Male,Quibdó,Vitz,88618.44,COP
Bobby,Harvey,bharveylw@photobucket.com,Netherlands,Male,Enschede,Gabtune,7135.80,EUR
Joseph,Campbell,jcampbelllx@photobucket.com,Nigeria,Male,Fika,Oba,67810.01,NGN
Paul,Lopez,plopezly@sphinn.com,China,Male,Qianyou,Viva,58697.44,CNY
Aaron,Hanson,ahansonlz@sogou.com,Azerbaijan,Male,Maştağa,Skyba,99842.19,AZN
Paula,Hudson,phudsonm0@google.ru,Sweden,Female,Olofström,Fliptune,1447.66,SEK
Jeremy,Green,jgreenm1@addtoany.com,Croatia,Male,Gvozd,Quamba,14123.43,HRK
Katherine,Phillips,kphillipsm2@creativecommons.org,Brazil,Female,Vigia,Tagfeed,56991.58,BRL
Randy,Morgan,rmorganm3@shop-pro.jp,Indonesia,Male,Bondokodi,Tagchat,68783.68,IDR
Martha,Cooper,mcooperm4@springer.com,Sweden,Female,Kista,Katz,57846.57,SEK
Betty,West,bwestm5@mit.edu,Honduras,Female,Santa Rosa de Copán,Shufflester,42514.11,HNL
Kelly,Moore,kmoorem6@last.fm,China,Female,Yingdianjie,Jetpulse,7177.45,CNY
Dorothy,Cooper,dcooperm7@typepad.com,China,Female,Shixi,Photospace,23894.99,CNY
Jeremy,Morgan,jmorganm8@alexa.com,China,Male,Shuiyin,Podcat,94602.71,CNY
Angela,Dunn,adunnm9@businessweek.com,Indonesia,Female,Sumberngerjat,Ooba,,IDR
Jonathan,Scott,jscottma@sakura.ne.jp,Ghana,Male,Agogo,Mybuzz,33516.00,GHS
Marie,Perry,mperrymb@domainmarket.com,South Korea,Female,Moppo,Vinte,18170.88,KRW
Anna,Berry,aberrymc@wsj.com,Nigeria,Female,Ukata,Divanoodle,6995.67,NGN
Janet,Stevens,jstevensmd@paypal.com,Syria,Female,‘Awaj,Dabtype,70966.15,SYP
Thomas,Sanchez,tsanchezme@upenn.edu,China,Male,Jishui,Meetz,85046.49,CNY
Phillip,Kennedy,pkennedymf@gizmodo.com,Indonesia,Male,Amparita,Topdrive,37589.24,IDR
Lois,Martinez,lmartinezmg@goodreads.com,Norway,Female,Sandnes,Thoughtbridge,40566.76,NOK
Lillian,Flores,lfloresmh@discovery.com,Indonesia,Female,Gunung,Dabfeed,3510.43,IDR
Nicholas,Fuller,nfullermi@meetup.com,Morocco,Male,Souq Larb’a al Gharb,Innotype,63739.68,MAD
Evelyn,Peterson,epetersonmj@cpanel.net,Mexico,Female,Vista Hermosa,Eazzy,48167.78,MXN
Kevin,Alvarez,kalvarezmk@google.ca,China,Male,Manisi,Demimbu,59695.88,CNY
Kelly,Reid,kreidml@e-recht24.de,Canada,Female,Kingston,Twinder,57182.73,CAD
Jacqueline,Cruz,jcruzmm@washington.edu,Latvia,Female,Vangaži,BlogXS,84376.12,EUR
Mildred,Adams,madamsmn@ovh.net,Brazil,Female,Iturama,Janyx,53046.09,BRL
Nicholas,Hawkins,nhawkinsmo@mit.edu,Sweden,Male,Hässelby,Vinder,57670.45,SEK
Brandon,Bennett,bbennettmp@biblegateway.com,Russia,Male,Ekimchan,Feedmix,47700.33,RUB
Bruce,Fowler,bfowlermq@google.com,Indonesia,Male,Nangabere,Yombu,3426.63,IDR
Julie,Green,jgreenmr@bloomberg.com,France,Female,Romorantin-Lanthenay,Gevee,523.53,EUR
Doris,Duncan,dduncanms@cdbaby.com,Thailand,Female,Buriram,Photospace,79690.45,THB
Rebecca,Rose,rrosemt@posterous.com,Venezuela,Female,Encontrados,Voomm,57956.56,VEF
Larry,Weaver,lweavermu@amazonaws.com,China,Male,Muhur,Voolith,,CNY
Norma,Brown,nbrownmv@freewebs.com,Vietnam,Female,Trâu Quỳ,Twitternation,71478.73,VND
Norma,Garza,ngarzamw@theatlantic.com,Indonesia,Female,Ploso,Abata,,IDR
Russell,Morrison,rmorrisonmx@seattletimes.com,China,Male,Anju,Linkbuzz,31255.46,CNY
Kathleen,Jackson,kjacksonmy@adobe.com,Marshall Islands,Female,RMI Capitol,Meembee,72699.00,USD
Evelyn,Little,elittlemz@accuweather.com,Portugal,Female,São Mamede,Yodo,68573.28,EUR
Sara,Bell,sbelln0@boston.com,Chile,Female,Lo Prado,Shufflebeat,92065.22,CLP
Timothy,Butler,tbutlern1@home.pl,Pakistan,Male,Miān Channūn,Topiclounge,48876.58,PKR
Louis,Richardson,lrichardsonn2@economist.com,Russia,Male,Krutaya Gorka,Feedspan,88262.49,RUB
Judy,Butler,jbutlern3@taobao.com,Poland,Female,Szczecinek,Rhybox,83363.26,PLN
Deborah,Russell,drusselln4@apache.org,Indonesia,Female,Tanamiting,Topiclounge,,IDR
Walter,Perry,wperryn5@google.it,Canada,Male,Estevan,Innotype,,CAD
Cheryl,Stewart,cstewartn6@army.mil,France,Female,Bourg-lès-Valence,Zoozzy,74901.70,EUR
Chris,Burke,cburken7@blogger.com,Indonesia,Male,Galtek,Skimia,14166.25,IDR
Jerry,Harrison,jharrisonn8@a8.net,Ukraine,Male,Kozyatyn,Fivespan,,UAH
Victor,Cook,vcookn9@ebay.co.uk,China,Male,Chengdong,Oozz,6470.41,CNY
Phillip,Mason,pmasonna@ezinearticles.com,Czech Republic,Male,Bořetice,Agimba,57006.03,CZK
Lori,Lawrence,llawrencenb@ibm.com,China,Female,Xiasha,Agivu,64426.95,CNY
Jennifer,Moore,jmoorenc@devhub.com,Japan,Female,Hōfu,Quinu,23452.62,JPY
Christina,Freeman,cfreemannd@merriam-webster.com,China,Female,Beichan,Meevee,6786.63,CNY
Linda,Gordon,lgordonne@stumbleupon.com,United States,Female,Fort Smith,Eire,35831.89,USD
Judy,Rogers,jrogersnf@nytimes.com,United States,Female,New York City,Lazz,50641.19,USD
Laura,Sims,lsimsng@bizjournals.com,Portugal,Female,São Pedro de Trafaria,Oyonder,47398.12,EUR
Diana,Burke,dburkenh@g.co,Panama,Female,La Mesa,Wikizz,22157.88,PAB
Julia,Jordan,jjordanni@japanpost.jp,Armenia,Female,Norashen,Feedspan,60711.42,AMD
Margaret,Harper,mharpernj@illinois.edu,China,Female,Yajiang,Babbleset,45742.23,CNY
Jane,Diaz,jdiaznk@simplemachines.org,Indonesia,Female,Sebedo,Yotz,7210.71,IDR
Carlos,Gomez,cgomeznl@prnewswire.com,Estonia,Male,Jõhvi,Jaxworks,,EUR
Ralph,Chavez,rchaveznm@chronoengine.com,Indonesia,Male,Astanajapura,Dynabox,88569.72,IDR
Phyllis,Roberts,probertsnn@oakley.com,Myanmar,Female,Tharyarwady,Chatterbridge,7852.00,MMK
Elizabeth,Kelly,ekellyno@tinypic.com,France,Female,Lille,InnoZ,19578.02,EUR
Cheryl,Lynch,clynchnp@yolasite.com,China,Female,Luoyang,Trilia,94689.23,CNY
Bruce,Cruz,bcruznq@gizmodo.com,China,Male,Dingbu,Leexo,11787.84,CNY
Amy,Fuller,afullernr@reddit.com,Canada,Female,Saint-Augustin,Meemm,,CAD
Kimberly,Mills,kmillsns@hatena.ne.jp,Mexico,Female,Loma Bonita,Thoughtworks,3287.42,MXN
Albert,Edwards,aedwardsnt@geocities.com,China,Male,Zhouxi,Innojam,28277.39,CNY
Mark,Larson,mlarsonnu@tiny.cc,France,Male,Rungis,Brightdog,20377.25,EUR
Clarence,Webb,cwebbnv@webeden.co.uk,Indonesia,Male,Godong,Roombo,99851.12,IDR
Louis,Gonzalez,lgonzaleznw@dion.ne.jp,France,Male,Valence,Dabtype,17167.90,EUR
Mark,Elliott,melliottnx@de.vu,Portugal,Male,Chão de Couce,Zoombox,,EUR
Lisa,Watkins,lwatkinsny@phoca.cz,China,Female,Hetou,Myworks,4806.58,CNY
Nancy,Richards,nrichardsnz@skype.com,Russia,Female,Borodinskiy,Katz,2712.73,RUB
Jeremy,Fisher,jfishero0@usda.gov,Pakistan,Male,Basīrpur,Fivespan,10323.52,PKR
Raymond,Peters,rpeterso1@paypal.com,China,Male,Huanglian,Rhynoodle,53801.32,CNY
George,Richards,grichardso2@boston.com,Indonesia,Male,Oekefan,Bubblemix,38961.28,IDR
Kenneth,Cunningham,kcunninghamo3@diigo.com,Colombia,Male,Santo Tomás,Thoughtbridge,53826.76,COP
Jacqueline,Baker,jbakero4@cnn.com,Indonesia,Female,Kolor,Yodo,69905.92,IDR
Frances,Elliott,felliotto5@t-online.de,Palau,Female,Tobi Village,Skajo,71057.36,USD
Rachel,Miller,rmillero6@twitter.com,United States,Female,Santa Ana,Linktype,53511.50,USD
Joe,Gibson,jgibsono7@umn.edu,China,Male,Jiaoba,Avaveo,29419.98,CNY
Judith,Franklin,jfranklino8@shareasale.com,China,Female,Xuanbao,Fivebridge,54595.65,CNY
Karen,Howell,khowello9@admin.ch,Iceland,Female,Grindavík,Divanoodle,27750.01,ISK
Bruce,Hall,bhalloa@icq.com,Democratic Republic of the Congo,Male,Butembo,Yoveo,81216.73,CDF
Eugene,Schmidt,eschmidtob@dailymail.co.uk,Argentina,Male,Hermoso Campo,Flashpoint,64995.08,ARS
Kathleen,Roberts,krobertsoc@patch.com,Nigeria,Female,Ilare,Oozz,64034.46,NGN
Tammy,Reed,treedod@cornell.edu,Bahrain,Female,Manama,Yombu,258.02,BHD
Tina,Fox,tfoxoe@surveymonkey.com,Ireland,Female,Watergrasshill,Riffwire,79939.56,EUR
Deborah,Mccoy,dmccoyof@google.com,China,Female,Mozhong,Quimm,95762.49,CNY
Heather,Perez,hperezog@webnode.com,Syria,Female,Al Ḩāḑir,Wikivu,27735.20,SYP
Wanda,Morris,wmorrisoh@usda.gov,Portugal,Female,Carrasqueira,Feedspan,93463.61,EUR
Beverly,Moreno,bmorenooi@google.co.uk,Albania,Female,Suç,Rhycero,85931.85,ALL
Pamela,Lynch,plynchoj@ed.gov,Russia,Female,Rumyantsevo,Voonder,48548.69,RUB
Mark,Payne,mpayneok@ycombinator.com,Jordan,Male,Mādabā,Feedmix,27507.88,JOD
Walter,Garcia,wgarciaol@fastcompany.com,Tanzania,Male,Majengo,Kwideo,22054.54,TZS
Denise,Hall,dhallom@guardian.co.uk,China,Female,Guangchen,Gigaclub,15116.55,CNY
Karen,Matthews,kmatthewson@rediff.com,Brazil,Female,Brodósqui,Centimia,83435.17,BRL
Earl,Frazier,efrazieroo@whitehouse.gov,Brazil,Male,Bom Conselho,Feedfire,27031.03,BRL
Paula,Stone,pstoneop@amazon.co.uk,Swaziland,Female,Mhlume,Kwideo,,SZL
Earl,Tucker,etuckeroq@odnoklassniki.ru,Poland,Male,Pszczyna,Voonte,82302.35,PLN
Sean,Dixon,sdixonor@chronoengine.com,China,Male,Zhangduangu,Bluejam,50181.13,CNY
Steve,Alvarez,salvarezos@studiopress.com,Indonesia,Male,Praya,Dazzlesphere,36101.22,IDR
Gary,Dunn,gdunnot@rakuten.co.jp,Croatia,Male,Bakar,Rhybox,41807.40,HRK
Paula,Garcia,pgarciaou@wp.com,China,Female,Miaoshou,Plambee,57788.09,CNY
Linda,Nguyen,lnguyenov@i2i.jp,Canada,Female,Camlachie,Skiptube,30186.54,CAD
Christopher,George,cgeorgeow@addthis.com,Sweden,Male,Sundsvall,Voomm,61725.38,SEK
Benjamin,Garrett,bgarrettox@soup.io,Russia,Male,Sredniy,Quimm,54346.98,RUB
Maria,Cunningham,mcunninghamoy@miitbeian.gov.cn,Latvia,Female,Iecava,Gabtune,,EUR
Judy,Hunter,jhunteroz@cbc.ca,China,Female,Shuangqiao,Oyoba,55392.96,CNY
Robert,Crawford,rcrawfordp0@youtube.com,China,Male,Jiangkou,Yakitri,94287.76,CNY
Harry,Schmidt,hschmidtp1@fda.gov,China,Male,Tongzhong,Skivee,12040.19,CNY
Joan,Hudson,jhudsonp2@google.cn,Sweden,Female,Arvika,Zoonder,53892.99,SEK
Andrew,Mcdonald,amcdonaldp3@last.fm,Greece,Male,Nidri,Wikibox,68616.08,EUR
Nicole,Robertson,nrobertsonp4@baidu.com,Marshall Islands,Female,Likiep,Zoozzy,,USD
Louis,Dixon,ldixonp5@facebook.com,Philippines,Male,Magapit,Jatri,40432.09,PHP
Phyllis,Lewis,plewisp6@zdnet.com,China,Female,Hongtang,Topicware,56187.49,CNY
Randy,Kelley,rkelleyp7@ustream.tv,France,Male,Tournan-en-Brie,Jabberbean,51696.21,EUR
Deborah,Davis,ddavisp8@nba.com,Venezuela,Female,Masparrito,Skipstorm,89644.84,VEF
Raymond,Burton,rburtonp9@google.com.hk,Morocco,Male,Tanalt,Ooba,73470.32,MAD
Earl,Chavez,echavezpa@who.int,Thailand,Male,Kantharalak,Kaymbo,70637.41,THB
Douglas,Cunningham,dcunninghampb@altervista.org,Sweden,Male,Södertälje,Kazio,,SEK
Lori,Snyder,lsnyderpc@instagram.com,Colombia,Female,Socorro,Meeveo,63426.77,COP
Christina,Lewis,clewispd@youtube.com,Azerbaijan,Female,Qazax,Mita,10333.27,AZN
Beverly,Snyder,bsnyderpe@diigo.com,China,Female,Wuli,Izio,47920.40,CNY
Sean,Bailey,sbaileypf@altervista.org,Ivory Coast,Male,Séguéla,Digitube,73660.79,XOF
Joyce,Allen,jallenpg@blogs.com,China,Female,Tahe,Mydo,12741.03,CNY
Melissa,George,mgeorgeph@php.net,China,Female,Yongyang,Devpoint,72636.66,CNY
Judy,Ellis,jellispi@cyberchimps.com,Argentina,Female,Gaimán,Zoomlounge,35555.07,ARS
Jeffrey,Nguyen,jnguyenpj@so-net.ne.jp,Indonesia,Male,Pasarbaru,Gabspot,70428.47,IDR
Catherine,George,cgeorgepk@redcross.org,Thailand,Female,Wang Noi,Camido,,THB
Gregory,Nelson,gnelsonpl@columbia.edu,Japan,Male,Tatebayashi,Devbug,9351.32,JPY
Harry,Washington,hwashingtonpm@ihg.com,Ukraine,Male,Rokytne,Photospace,14403.65,UAH
Debra,Willis,dwillispn@newsvine.com,Indonesia,Female,Sukadana,Brightbean,27263.29,IDR
Justin,Kelly,jkellypo@weibo.com,Greece,Male,Plagiári,Yakijo,96896.20,EUR
Robert,Fuller,rfullerpp@so-net.ne.jp,Macedonia,Male,Obršani,Latz,84524.20,MKD
Lisa,Matthews,lmatthewspq@digg.com,Russia,Female,Imeni Tsyurupy,Browsezoom,47197.75,RUB
Willie,Scott,wscottpr@mail.ru,Indonesia,Male,Kembangarum,Linktype,30960.32,IDR
Elizabeth,Morrison,emorrisonps@epa.gov,Sweden,Female,Uppsala,Buzzster,78427.53,SEK
Angela,Burke,aburkept@go.com,Russia,Female,Nelazskoye,Rhynyx,,RUB
Adam,Wallace,awallacepu@godaddy.com,Uganda,Male,Namayingo,Agimba,65699.55,UGX
Ann,Fields,afieldspv@com.com,Indonesia,Female,Bestala,Browsecat,,IDR
Nancy,Webb,nwebbpw@qq.com,Indonesia,Female,Pali,Topicshots,40741.98,IDR
Gloria,Mcdonald,gmcdonaldpx@state.gov,Argentina,Female,Punta Alta,Ailane,57068.08,ARS
Peter,Garrett,pgarrettpy@japanpost.jp,Russia,Male,Tsil’na,Topdrive,74924.56,RUB
Fred,Rose,frosepz@ifeng.com,Indonesia,Male,Peuhaq,Kimia,62521.48,IDR
Terry,Marshall,tmarshallq0@ucla.edu,Philippines,Male,Rizal,Voonte,22486.14,PHP
Anna,Cruz,acruzq1@wikimedia.org,Finland,Female,Jämsänkoski,Wikido,90462.95,EUR
Martha,Meyer,mmeyerq2@ask.com,Finland,Female,Lestijärvi,Divanoodle,61174.97,EUR
Carolyn,Lynch,clynchq3@flickr.com,China,Female,Sanhui,Leenti,64615.99,CNY
Amy,Porter,aporterq4@facebook.com,China,Female,Nahuo,Youopia,,CNY
Janice,Fuller,jfullerq5@rambler.ru,Argentina,Female,Tres Isletas,Topdrive,67536.53,ARS
Frances,Matthews,fmatthewsq6@howstuffworks.com,China,Female,Ke’erlun,Rhycero,93031.14,CNY
Roy,Roberts,rrobertsq7@baidu.com,Philippines,Male,Igbaras,Skyba,94403.61,PHP
Justin,Nichols,jnicholsq8@disqus.com,Indonesia,Male,Karanganyar,Oyoloo,9683.66,IDR
Barbara,Graham,bgrahamq9@spotify.com,Ethiopia,Female,Addis Ababa,Jabbertype,26345.93,ETB
Ruth,Williamson,rwilliamsonqa@mapy.cz,Philippines,Female,Santa Cruz,Jetpulse,75916.52,PHP
Donald,Jackson,djacksonqb@cloudflare.com,Tonga,Male,Haveluloto,Thoughtstorm,96907.51,TOP
Mark,Rogers,mrogersqc@w3.org,Cameroon,Male,Bamusso,Yakijo,34312.36,XAF
Richard,Cole,rcoleqd@technorati.com,Indonesia,Male,Walakeri,Fanoodle,3551.75,IDR
Paul,Austin,paustinqe@un.org,China,Male,Wuyun,Skalith,,CNY
Rebecca,Wood,rwoodqf@dagondesign.com,Sweden,Female,Boxholm,Eadel,31574.38,SEK
Gary,Warren,gwarrenqg@networkadvertising.org,Poland,Male,Wisła,Abatz,79331.00,PLN
Stephen,Andrews,sandrewsqh@furl.net,Ukraine,Male,Nevyts’ke,Tagfeed,89758.71,UAH
Samuel,Fowler,sfowlerqi@xing.com,Russia,Male,Novoaleksandrovsk,Avamba,45083.52,RUB
Annie,Frazier,afrazierqj@purevolume.com,Syria,Female,‘Afrīn,Jayo,93239.79,SYP
Jose,Stone,jstoneqk@studiopress.com,Brazil,Male,Perdões,Minyx,6028.12,BRL
Jane,Diaz,jdiazql@t.co,Brazil,Female,Cruz Alta,Skibox,51852.17,BRL
Chris,Washington,cwashingtonqm@addthis.com,Czech Republic,Male,Brniště,Tagtune,,CZK
Raymond,Burke,rburkeqn@netvibes.com,Colombia,Male,La Vega,Jamia,78472.29,COP
Shirley,Fields,sfieldsqo@cargocollective.com,Russia,Female,Troitsk,Ozu,12592.76,RUB
Carl,Matthews,cmatthewsqp@live.com,Colombia,Male,Facatativá,Bluejam,26234.10,COP
Melissa,Hudson,mhudsonqq@histats.com,Cuba,Female,Corralillo,Thoughtbridge,77559.40,CUP
Daniel,Bailey,dbaileyqr@altervista.org,Saudi Arabia,Male,Umm as Sāhik,Mydeo,,SAR
Jessica,Garza,jgarzaqs@livejournal.com,Luxembourg,Female,Lamadelaine,Dynazzy,74986.84,EUR
Shirley,Taylor,staylorqt@google.nl,France,Female,Chartres,Pixonyx,22129.58,EUR
Larry,Mccoy,lmccoyqu@google.co.uk,Russia,Male,Staraya Kupavna,Yoveo,41699.68,RUB
Brandon,Owens,bowensqv@wikispaces.com,Indonesia,Male,Banjar Ponggang,Geba,,IDR
Norma,Bishop,nbishopqw@bigcartel.com,Indonesia,Female,Kekeran,Twimm,,IDR
Carol,Greene,cgreeneqx@upenn.edu,France,Female,Maisons-Alfort,Brainsphere,38160.05,EUR
Carlos,Alexander,calexanderqy@webeden.co.uk,Honduras,Male,Ciudad Choluteca,Zoonoodle,,HNL
Joseph,Reid,jreidqz@icio.us,Egypt,Male,Idfu,Skyndu,2270.95,EGP
Janet,Jacobs,jjacobsr0@aboutads.info,China,Female,Jiqu,Kazio,92602.49,CNY
Betty,Cooper,bcooperr1@hao123.com,Serbia,Female,Jaša Tomić,Divanoodle,15344.41,RSD
Ryan,Parker,rparkerr2@engadget.com,China,Male,Chixi,Quaxo,46777.61,CNY
Gary,Sims,gsimsr3@washington.edu,China,Male,Xinan,Ooba,82913.90,CNY
Sean,Collins,scollinsr4@smugmug.com,United States,Male,Olympia,Mita,61111.55,USD
Jose,Chapman,jchapmanr5@naver.com,Portugal,Male,São Pedro do Estoril,Flashpoint,84692.28,EUR
Robert,Spencer,rspencerr6@washington.edu,Malawi,Male,Balaka,Skipfire,,MWK
Margaret,Moreno,mmorenor7@123-reg.co.uk,China,Female,E’erdun Wula,Yata,82515.30,CNY
Cheryl,Hicks,chicksr8@mediafire.com,Yemen,Female,Al Maḩwīt,Meezzy,46962.55,YER
Carl,Bradley,cbradleyr9@youtu.be,Saudi Arabia,Male,Tanūmah,Aimbu,79379.55,SAR
Peter,Bennett,pbennettra@ustream.tv,Philippines,Male,Baliuag,Janyx,94505.22,PHP
Johnny,Bishop,jbishoprb@answers.com,Brazil,Male,Pesqueira,Aibox,3686.85,BRL
Ashley,Woods,awoodsrc@last.fm,China,Female,Heihe,Skyndu,56627.49,CNY
Paul,Black,pblackrd@shareasale.com,Poland,Male,Pisz,Centidel,33516.01,PLN
Kenneth,Lane,klanere@sphinn.com,Portugal,Male,Sobreiro,Blogtag,31742.08,EUR
Martha,Brooks,mbrooksrf@yale.edu,Japan,Female,Shinjō,Ooba,49564.42,JPY
William,Griffin,wgriffinrg@g.co,China,Male,Laocheng,Lajo,,CNY
Philip,Pierce,ppiercerh@trellian.com,Ireland,Male,Donegal,Oyoyo,82849.16,EUR
Raymond,Turner,rturnerri@sohu.com,Indonesia,Male,Bieto,Dazzlesphere,4024.20,IDR
Robin,Kim,rkimrj@wp.com,Haiti,Female,Anse à Galets,Aimbo,85207.00,HTG
Stephanie,Watkins,swatkinsrk@wikispaces.com,Indonesia,Female,Dukuhmencek Lor,Dynabox,93165.32,IDR
Louis,Perry,lperryrl@hao123.com,China,Male,Xiyuan,Tazzy,93369.36,CNY
Ruby,Larson,rlarsonrm@issuu.com,Paraguay,Female,Capitán Bado,Fivespan,75282.41,PYG
Shawn,Matthews,smatthewsrn@dell.com,Russia,Male,Stanovoye,Jabberstorm,96975.97,RUB
Barbara,Campbell,bcampbellro@salon.com,Portugal,Female,Requião,Aimbo,83875.55,EUR
Henry,Taylor,htaylorrp@ustream.tv,Indonesia,Male,Ngembul,Leenti,92397.25,IDR
Jack,Ramirez,jramirezrq@mayoclinic.com,China,Male,Zili,Dazzlesphere,30650.39,CNY
Gregory,Hill,ghillrr@dyndns.org,Indonesia,Male,Sulo,Jayo,10351.55,IDR
