Clarence,Walker,cwalker0@howstuffworks.com,Argentina,Male,Capayán,Geba,68548.35,ARS
Samuel,Cole,scole1@nhs.uk,Vietnam,Male,Minh Lương,Kaymbo,39751.49,VND
Edward,Crawford,ecrawford2@google.de,China,Male,Xinglong,Shufflebeat,69116.06,CNY
Henry,Ward,hward3@vkontakte.ru,Croatia,Male,Galovac,Realpoint,,HRK
Michael,Payne,mpayne4@altervista.org,Brazil,Male,Foz do Iguaçu,Wikibox,1766.33,BRL
Carl,Anderson,canderson5@google.fr,Indonesia,Male,Sambong,Devpulse,49761.18,IDR
Keith,Rodriguez,krodriguez6@amazon.de,China,Male,Pingxi,Wikizz,51351.79,CNY
Ruth,Parker,rparker7@weibo.com,Indonesia,Female,Cimaung Kidul,Flashset,54086.48,IDR
Linda,Holmes,lholmes8@goodreads.com,Philippines,Female,Teresa,Babbleset,2556.04,PHP
Maria,Perez,mperez9@thetimes.co.uk,Cuba,Female,Cumanayagua,Brainlounge,10747.16,CUP
Brian,Evans,bevansa@histats.com,Greece,Male,Atsipópoulon,Gigabox,5244.96,EUR
Evelyn,Hayes,ehayesb@rediff.com,Japan,Female,Tomobe,Brightbean,62722.55,JPY
Michelle,Crawford,mcrawfordc@bloglines.com,Poland,Female,Ryczów,Voomm,,PLN
Earl,Davis,edavisd@yellowpages.com,Azerbaijan,Male,Yelenendorf,Vipe,,AZN
Justin,Wilson,jwilsone@ucsd.edu,France,Male,Tassin-la-Demi-Lune,Meevee,47444.53,EUR
Phyllis,Patterson,ppattersonf@weebly.com,United States,Female,Mountain View,Yozio,93257.73,USD
Wanda,Banks,wbanksg@free.fr,Philippines,Female,Libacao,Eayo,45034.63,PHP
Jesse,Thompson,jthompsonh@simplemachines.org,Indonesia,Male,Kalebun,Jamia,89629.69,IDR
Lori,Lawson,llawsoni@tinyurl.com,China,Female,Shuishiying,Wikivu,65230.40,CNY
Jonathan,Wheeler,jwheelerj@unblog.fr,Indonesia,Male,Karobokan,Vidoo,14424.29,IDR
Larry,Morrison,lmorrisonk@state.tx.us,Fiji,Male,Lautoka,Jaxspan,53829.27,FJD
Brian,Edwards,bedwardsl@sphinn.com,Pakistan,Male,Ādilpur,Wordpedia,17846.60,PKR
Jean,Harvey,jharveym@joomla.org,Sweden,Female,Örnsköldsvik,Meedoo,4104.24,SEK
Ashley,Simpson,asimpsonn@desdev.cn,China,Female,Fengren,Quaxo,74597.77,CNY
Maria,Banks,mbankso@sitemeter.com,Poland,Female,Glinojeck,Jaxspan,,PLN
Kimberly,Oliver,koliverp@pinterest.com,Brazil,Female,Ipatinga,Skimia,96160.38,BRL
Phillip,Hansen,phansenq@telegraph.co.uk,Nigeria,Male,Geidam,Thoughtbridge,61693.73,NGN
Christopher,Bradley,cbradleyr@desdev.cn,Greece,Male,Khóra,Fivebridge,46969.35,EUR
Rose,Chapman,rchapmans@amazon.co.jp,Portugal,Female,Castro Daire,Dazzlesphere,12884.37,EUR
Carol,Kelly,ckellyt@amazon.com,Portugal,Female,Póvoa de Penela,Realmix,30847.23,EUR
Daniel,Ramirez,dramirezu@loc.gov,Bolivia,Male,San Pedro,Jabbersphere,20518.60,BOB
Michael,Kim,mkimv@sogou.com,China,Male,Tiebukenwusan,Jaxbean,18461.44,CNY
Aaron,Hart,ahartw@independent.co.uk,Philippines,Male,Sabang,Chatterpoint,10727.72,PHP
Jerry,Sullivan,jsullivanx@plala.or.jp,China,Male,Xuanbao,Fiveclub,73846.29,CNY
Debra,Bell,dbelly@marketwatch.com,China,Female,Sanlicheng,Buzzshare,8196.66,CNY
Scott,Diaz,sdiazz@baidu.com,Indonesia,Male,Margahayukencana,Linklinks,82133.03,IDR
Gregory,Davis,gdavis10@weebly.com,China,Male,Xinzheng,Quaxo,633.71,CNY
Brandon,Medina,bmedina11@w3.org,Bulgaria,Male,Veliki Preslav,Feedfire,,BGN
Timothy,Reyes,treyes12@altervista.org,Syria,Male,Ma‘arrat an Nu‘mān,Realfire,31849.14,SYP
James,Stone,jstone13@economist.com,Sweden,Male,Smedjebacken,Blogtag,48142.72,SEK
Cynthia,Nelson,cnelson14@mlb.com,Mongolia,Female,Rashaant,Minyx,39223.53,MNT
Fred,Fields,ffields15@phpbb.com,Germany,Male,Reutlingen,Topiclounge,64599.03,EUR
Peter,Watson,pwatson16@google.fr,Peru,Male,Mungui,Demimbu,66550.26,PEN
Julia,Long,jlong17@live.com,Russia,Female,Kodinsk,Divape,7174.34,RUB
Jesse,Ryan,jryan18@ameblo.jp,Argentina,Male,Las Garcitas,Roodel,,ARS
Wayne,Diaz,wdiaz19@geocities.com,Nigeria,Male,Kukawa,Npath,87700.30,NGN
Steve,Thompson,sthompson1a@hao123.com,France,Male,Seynod,Photospace,76112.31,EUR
Philip,Richardson,prichardson1b@yale.edu,Indonesia,Male,Tegallega,Browsedrive,96117.21,IDR
Laura,Elliott,lelliott1c@linkedin.com,Indonesia,Female,Kasturi,Tavu,40442.09,IDR
Carolyn,Bennett,cbennett1d@theatlantic.com,China,Female,Kezilei,Kimia,41605.85,CNY
Jason,Hudson,jhudson1e@photobucket.com,Indonesia,Male,Sumberjati,Yodoo,49176.23,IDR
Douglas,Owens,dowens1f@bbc.co.uk,Indonesia,Male,Krajan,Kayveo,3600.89,IDR
Brenda,Simmons,bsimmons1g@eepurl.com,Colombia,Female,La Ceja,Snaptags,42210.91,COP
Ryan,Martin,rmartin1h@microsoft.com,Mexico,Male,La Esperanza,Skynoodle,78398.23,MXN
Jose,Diaz,jdiaz1i@independent.co.uk,Indonesia,Male,Singaparna,Viva,,IDR
Anthony,Lee,alee1j@indiegogo.com,Venezuela,Male,Carrizal,Camido,89985.36,VEF
Christopher,Jacobs,cjacobs1k@bloomberg.com,Burkina Faso,Male,Gaoua,Rhyloo,48160.71,XOF
Christine,Ryan,cryan1l@edublogs.org,Indonesia,Female,Desakolot,Fanoodle,,IDR
Cynthia,Lee,clee1m@sogou.com,China,Female,Jinxiang,Cogidoo,,CNY
Ryan,Walker,rwalker1n@hostgator.com,Indonesia,Male,Singgit,Skaboo,19971.53,IDR
Beverly,Bell,bbell1o@hubpages.com,Sweden,Female,Härnösand,Oodoo,52230.06,SEK
Judith,Foster,jfoster1p@mediafire.com,Ukraine,Female,Andrushivka,Reallinks,22049.16,UAH
Christine,Porter,cporter1q@unicef.org,Uganda,Female,Gulu,Shuffledrive,63456.46,UGX
Heather,Wilson,hwilson1r@gmpg.org,Uruguay,Female,Castillos,Oyoyo,47159.23,UYU
Annie,Turner,aturner1s@shop-pro.jp,China,Female,Wuquan,Meedoo,94499.37,CNY
Cynthia,Brown,cbrown1t@huffingtonpost.com,Philippines,Female,Culasian,Meemm,47080.62,PHP
Aaron,Andrews,aandrews1u@pagesperso-orange.fr,Brazil,Male,Ubatã,Mynte,6345.50,BRL
Kenneth,Alexander,kalexander1v@army.mil,China,Male,Huangbei,Brightbean,42220.99,CNY
Dennis,Chavez,dchavez1w@scientificamerican.com,Ghana,Male,Achiaman,Oyope,91734.14,GHS
Jennifer,Moreno,jmoreno1x@sitemeter.com,China,Female,Souziqiu,Jazzy,48507.88,CNY
Donald,Hamilton,dhamilton1y@vimeo.com,China,Male,Bianzhuang,Yakitri,93386.99,CNY
Carolyn,Patterson,cpatterson1z@senate.gov,United States,Female,Columbus,DabZ,747.73,USD
Linda,Day,lday20@bigcartel.com,China,Female,Mianhu,Babbleblab,46458.70,CNY
Lawrence,Gomez,lgomez21@biglobe.ne.jp,Sri Lanka,Male,Anuradhapura,Realcube,58388.45,LKR
Bruce,Parker,bparker22@auda.org.au,France,Male,Lavaur,Jaxworks,10237.13,EUR
Harry,Lawrence,hlawrence23@cafepress.com,Poland,Male,Chyżne,Vinte,73474.59,PLN
Jack,Watson,jwatson24@photobucket.com,Poland,Male,Kurzętnik,Twitterbridge,,PLN
Stephanie,Rose,srose25@theguardian.com,Portugal,Female,Carvalheira,Wordtune,37997.16,EUR
Betty,Hansen,bhansen26@bbb.org,Philippines,Female,Isulan,Jetwire,68603.00,PHP
Timothy,Ryan,tryan27@ibm.com,Indonesia,Male,Tobilolong,Fivebridge,22850.05,IDR
James,Black,jblack28@dropbox.com,Armenia,Male,Alaverdi,Twinder,55107.48,AMD
Elizabeth,Larson,elarson29@cdbaby.com,Indonesia,Female,Kotabaru,Devpoint,36414.83,IDR
Samuel,Holmes,sholmes2a@joomla.org,Russia,Male,Kizlyar,Ailane,24641.24,RUB
Peter,Pierce,ppierce2b@barnesandnoble.com,Sweden,Male,Göteborg,Shuffletag,,SEK
Lawrence,Burns,lburns2c@hatena.ne.jp,United Kingdom,Male,Carlton,Rhyloo,22846.08,GBP
Pamela,Ellis,pellis2d@yelp.com,Poland,Female,Wola Sernicka,Meejo,23875.91,PLN
Howard,Fields,hfields2e@nba.com,China,Male,Tanxi,Twitterbridge,8798.91,CNY
Chris,Martinez,cmartinez2f@miitbeian.gov.cn,Mexico,Male,El Mirador,Wikido,19080.91,MXN
Johnny,Williams,jwilliams2g@vinaora.com,Russia,Male,Kafyr-Kumukh,Feedbug,68281.01,RUB
Craig,Kelley,ckelley2h@printfriendly.com,China,Male,Dongyu,Dablist,6462.43,CNY
Bobby,Johnson,bjohnson2i@dyndns.org,Czech Republic,Male,Zadní Mostek,Jamia,55319.63,CZK
Jane,Flores,jflores2j@army.mil,Indonesia,Female,Babakandesa,Mudo,90711.36,IDR
Wayne,Burns,wburns2k@dailymotion.com,France,Male,Bastia,Jabbersphere,75271.12,EUR
Joyce,Fowler,jfowler2l@dyndns.org,China,Female,Xinfang,Jaxnation,32282.38,CNY
Robert,Turner,rturner2m@intel.com,Russia,Male,Kurgan,Rhynyx,35202.16,RUB
Mary,Johnson,mjohnson2n@imgur.com,South Korea,Female,Samsan,Jayo,40029.57,KRW
Mildred,Ryan,mryan2o@bloglovin.com,Russia,Female,Ilek,Fatz,65097.06,RUB
Joan,Rivera,jrivera2p@edublogs.org,Colombia,Female,Mariquita,Demimbu,19140.94,COP
Julie,Alvarez,jalvarez2q@aol.com,China,Female,Liuji,Dynava,89834.44,CNY
Kimberly,Tucker,ktucker2r@storify.com,Czech Republic,Female,Chrastava,Ozu,65139.62,CZK
Marilyn,Jordan,mjordan2s@weebly.com,Sweden,Female,Ludvika,Babbleblab,,SEK
Janice,Austin,jaustin2t@phoca.cz,Ireland,Female,Glasnevin,Jaloo,66246.27,EUR
Emily,Wilson,ewilson2u@cdbaby.com,Russia,Female,Khudoyelanskoye,Edgewire,40914.07,RUB
Brandon,Adams,badams2v@irs.gov,Germany,Male,Berlin,Brightdog,55414.33,EUR
Jennifer,Watson,jwatson2w@omniture.com,Indonesia,Female,Cigenca,Skinix,31813.58,IDR
Arthur,Scott,ascott2x@wix.com,Brazil,Male,Guaraciaba do Norte,Photofeed,79029.92,BRL
Christina,Nichols,cnichols2y@disqus.com,Myanmar,Female,Kyaikto,Abata,92967.70,MMK
Julie,Reed,jreed2z@taobao.com,China,Female,Gaoling,Brightdog,36475.09,CNY
Teresa,Hunt,thunt30@mapquest.com,Indonesia,Female,Bentar Girang,Yakitri,62924.46,IDR
Bobby,Woods,bwoods31@cornell.edu,Poland,Male,Skaryszew,Yodoo,8265.22,PLN
Samuel,Fisher,sfisher32@t.co,Netherlands,Male,Apeldoorn,Fiveclub,11775.23,EUR
Adam,Richards,arichards33@taobao.com,Indonesia,Male,Tengah,Brainverse,27279.97,IDR
Sean,Kennedy,skennedy34@google.com,Colombia,Male,Nariño,Riffwire,,COP
Martha,Ray,mray35@whitehouse.gov,Brazil,Female,Caicó,Oyonder,11223.64,BRL
Donna,Matthews,dmatthews36@zimbio.com,China,Female,Liuzuo,Dynava,67462.77,CNY
Tammy,Campbell,tcampbell37@desdev.cn,Brazil,Female,Maracanaú,Flipbug,58976.23,BRL
Donna,Vasquez,dvasquez38@google.com.hk,Indonesia,Female,Sidomulyo,Twitternation,,IDR
Dennis,Ray,dray39@tumblr.com,Thailand,Male,Trang,Yombu,44083.56,THB
Anthony,Berry,aberry3a@aboutads.info,Philippines,Male,Bautista,Kaymbo,99250.95,PHP
Adam,Carter,acarter3b@mlb.com,China,Male,Mao’ershan,Geba,34289.40,CNY
Christopher,Ramos,cramos3c@arstechnica.com,Argentina,Male,Neuquén,Viva,74140.98,ARS
Martin,Flores,mflores3d@europa.eu,Colombia,Male,El Tambo,Brightdog,73895.69,COP
Diana,Meyer,dmeyer3e@csmonitor.com,Indonesia,Female,Jenamas,Wikido,22994.26,IDR
Denise,Greene,dgreene3f@miitbeian.gov.cn,Russia,Female,Mirskoy,Jatri,59181.86,RUB
Phillip,Wells,pwells3g@ning.com,Poland,Male,Trzcianka,Aivee,76867.07,PLN
Kelly,Reed,kreed3h@biblegateway.com,China,Female,Chuangwang,Youtags,51859.66,CNY
Mildred,Johnson,mjohnson3i@elpais.com,Uganda,Female,Buikwe,Youbridge,89960.90,UGX
Ernest,Willis,ewillis3j@cbsnews.com,Russia,Male,Yayva,Vipe,49155.68,RUB
Ernest,White,ewhite3k@elegantthemes.com,Philippines,Male,Ogod,Rhyzio,,PHP
Keith,Hudson,khudson3l@noaa.gov,Peru,Male,Ccuntuma,Ozu,3786.34,PEN
Linda,Knight,lknight3m@ucla.edu,Colombia,Female,Concepción,Jazzy,9901.18,COP
Tammy,Garcia,tgarcia3n@lulu.com,Nicaragua,Female,Moyogalpa,Flashdog,12595.31,NIO
Patricia,Morrison,pmorrison3o@xrea.com,Indonesia,Female,Kesambilerenkrajan,Yombu,20178.44,IDR
Harry,Perry,hperry3p@elpais.com,Colombia,Male,Saboyá,Twiyo,29237.76,COP
Melissa,Hamilton,mhamilton3q@statcounter.com,Brazil,Female,Monte Aprazível,Zava,91174.72,BRL
Elizabeth,Scott,escott3r@ucoz.ru,China,Female,Goubangzi,Youspan,43727.30,CNY
Justin,Graham,jgraham3s@so-net.ne.jp,Iran,Male,Naqadeh,Gabcube,24842.67,IRR
Katherine,Green,kgreen3t@multiply.com,China,Female,Xiayang,Youspan,13086.58,CNY
Adam,Howard,ahoward3u@nydailynews.com,Haiti,Male,Limonade,Youspan,6643.60,HTG
Louis,Adams,ladams3v@instagram.com,France,Male,Toulouse,Agimba,25164.95,EUR
Raymond,Rose,rrose3w@hibu.com,China,Male,Naran Bulag,Yambee,71660.81,CNY
Deborah,Allen,dallen3x@hubpages.com,France,Female,Niort,Wordpedia,36228.81,EUR
Bonnie,Simpson,bsimpson3y@blog.com,France,Female,Lyon,Rooxo,26300.71,EUR
Michael,Alexander,malexander3z@goo.gl,China,Male,Yichun,Roombo,77515.32,CNY
Irene,Gonzales,igonzales40@so-net.ne.jp,Netherlands,Female,Drachten,Skivee,86346.62,EUR
Katherine,Matthews,kmatthews41@foxnews.com,Croatia,Female,Varaždin,Flipstorm,6933.69,HRK
Carol,Morales,cmorales42@google.ru,Czech Republic,Female,Chabařovice,Flashdog,94304.20,CZK
Juan,Cole,jcole43@4shared.com,Burkina Faso,Male,Gourcy,Browseblab,78628.02,XOF
Martin,Tucker,mtucker44@booking.com,Greece,Male,Limenária,Midel,88920.73,EUR
Jane,Fernandez,jfernandez45@example.com,Niger,Female,Nguigmi,Skidoo,79784.59,XOF
Arthur,Rodriguez,arodriguez46@loc.gov,Czech Republic,Male,Stará Huť,Wordtune,5024.25,CZK
Karen,Olson,kolson47@cdbaby.com,Sweden,Female,Stockholm,Eidel,,SEK
Joseph,Hawkins,jhawkins48@hatena.ne.jp,China,Male,Wuying,Centidel,89043.13,CNY
George,Snyder,gsnyder49@microsoft.com,France,Male,Nanterre,Feedfire,88827.76,EUR
Ryan,Ramirez,rramirez4a@canalblog.com,Indonesia,Male,Kedungbang,Cogilith,50892.82,IDR
Howard,Watson,hwatson4b@cam.ac.uk,Costa Rica,Male,La Fortuna,Buzzbean,89148.76,CRC
Stephanie,Perkins,sperkins4c@phpbb.com,Finland,Female,Joutsa,Yozio,50976.87,EUR
Angela,Lawson,alawson4d@t-online.de,China,Female,Daciyao,Linkbridge,47924.67,CNY
Donald,Morris,dmorris4e@gnu.org,Russia,Male,Komsomol’skiy,Blogtag,66408.12,RUB
Mary,Ford,mford4f@ycombinator.com,China,Female,Nailung,Meemm,,CNY
Lois,Harper,lharper4g@marriott.com,Norway,Female,Oslo,Latz,,NOK
Ruth,Stevens,rstevens4h@unicef.org,Albania,Female,Sult,Youtags,14486.10,ALL
Rose,Howell,rhowell4i@deliciousdays.com,Indonesia,Female,Igir-igir,Fivespan,5603.19,IDR
Theresa,Ford,tford4j@merriam-webster.com,Portugal,Female,Quintinha,Viva,,EUR
Alice,Barnes,abarnes4k@gov.uk,Argentina,Female,Cañada de Gómez,Chatterpoint,7112.01,ARS
Joshua,Wood,jwood4l@unesco.org,Indonesia,Male,Labuhan Deli,Browseblab,89878.64,IDR
Ann,Murphy,amurphy4m@google.ru,Portugal,Female,Conceição da Abóboda,Meejo,27736.24,EUR
Jennifer,Nelson,jnelson4n@pagesperso-orange.fr,Mexico,Female,Independencia,Feedspan,62244.00,MXN
Carl,Flores,cflores4o@devhub.com,Sao Tome and Principe,Male,São Tomé,Skidoo,468.19,STD
Eric,Jackson,ejackson4p@mac.com,Comoros,Male,Douniani,Divanoodle,19280.81,KMF
Daniel,Kelly,dkelly4q@dell.com,China,Male,Changle,Twitterlist,,CNY
Gloria,Parker,gparker4r@xrea.com,Portugal,Female,São João das Lampas,Gigabox,19445.93,EUR
Mary,Owens,mowens4s@qq.com,Panama,Female,Tubualá,Realpoint,42877.25,PAB
Annie,Morgan,amorgan4t@hatena.ne.jp,Indonesia,Female,Delod Pangkung,Oba,52911.85,IDR
Cheryl,Austin,caustin4u@dedecms.com,Philippines,Female,Catayauan,Meemm,767.45,PHP
Linda,Nguyen,lnguyen4v@senate.gov,Netherlands,Female,Soest,Twitterworks,64101.85,EUR
Marilyn,Gomez,mgomez4w@nymag.com,China,Female,Guicheng,Divanoodle,71024.12,CNY
Charles,Hunt,chunt4x@oaic.gov.au,Czech Republic,Male,Město Albrechtice,Yodel,62132.76,CZK
Kevin,Ross,kross4y@blogs.com,Sweden,Male,Stockholm,Roodel,74514.55,SEK
Doris,Turner,dturner4z@furl.net,Comoros,Female,Foumbouni,Realfire,62669.79,KMF
Craig,Mason,cmason50@networksolutions.com,Indonesia,Male,Kaca,Omba,87575.21,IDR
Arthur,Scott,ascott51@163.com,Indonesia,Male,Cikadu,Rhynyx,,IDR
David,Wells,dwells52@techcrunch.com,China,Male,Hele,Centizu,94888.22,CNY
Nicole,Washington,nwashington53@so-net.ne.jp,Colombia,Female,Matanza,Kwimbee,1265.02,COP
Antonio,Welch,awelch54@hhs.gov,China,Male,Lianhua,Brainsphere,,CNY
Bruce,Jacobs,bjacobs55@vimeo.com,Ukraine,Male,Krasnodon,Voonder,87401.30,UAH
Samuel,Young,syoung56@dot.gov,Azerbaijan,Male,Sabirabad,Wikibox,64327.49,AZN
Ashley,Dunn,adunn57@odnoklassniki.ru,China,Female,Qinghu,Skimia,10477.12,CNY
Susan,Coleman,scoleman58@cafepress.com,Russia,Female,Ulyanovsk,Katz,26757.16,RUB
Sarah,Mason,smason59@blogspot.com,Netherlands,Female,Maastricht,Realpoint,31524.79,EUR
Jane,Sanders,jsanders5a@goodreads.com,Poland,Female,Bukowina Tatrzańska,Shuffledrive,57322.19,PLN
Christine,Wells,cwells5b@shop-pro.jp,Poland,Female,Bolszewo,Cogilith,87768.10,PLN
Catherine,Gibson,cgibson5c@aol.com,United States,Female,Denver,Dabvine,97373.07,USD
Judy,Simmons,jsimmons5d@list-manage.com,Indonesia,Female,Dalo,Muxo,,IDR
Melissa,Phillips,mphillips5e@sphinn.com,Portugal,Female,Catujal,Kimia,81559.09,EUR
Denise,Freeman,dfreeman5f@apple.com,China,Female,Fuzihe,Miboo,4971.42,CNY
Howard,Reyes,hreyes5g@nature.com,Chile,Male,Ovalle,Browsetype,95032.07,CLP
Donna,Mitchell,dmitchell5h@booking.com,Russia,Female,Mikhnëvo,Skimia,12235.28,RUB
Donna,Mills,dmills5i@technorati.com,Indonesia,Female,Sewon,Blogpad,72942.19,IDR
Victor,Frazier,vfrazier5j@washington.edu,Russia,Male,Atlasovo,Yabox,20910.18,RUB
Larry,Harper,lharper5k@sina.com.cn,Armenia,Male,Khasht’arrak,Fanoodle,13641.48,AMD
Harold,Ortiz,hortiz5l@discovery.com,Ukraine,Male,Voloka,Quaxo,93224.13,UAH
Christina,Peterson,cpeterson5m@dedecms.com,Chile,Female,Punta Arenas,Tazz,33284.97,CLP
Ruth,Collins,rcollins5n@nba.com,China,Female,Yinxi,Zoomdog,2140.59,CNY
Clarence,Hanson,chanson5o@blogs.com,Indonesia,Male,Tempel,Fiveclub,75018.35,IDR
Marilyn,Castillo,mcastillo5p@uiuc.edu,Colombia,Female,Municipio de Copacabana,Edgeify,77531.99,COP
Rebecca,Ryan,rryan5q@etsy.com,Comoros,Female,Chandra,Trilith,77582.43,KMF
Mary,Kim,mkim5r@i2i.jp,Portugal,Female,Vale de Madeiros,Riffwire,28116.23,EUR
Rebecca,Montgomery,rmontgomery5s@weibo.com,United States,Female,Salt Lake City,Jabbercube,37786.87,USD
Juan,Hunter,jhunter5t@yolasite.com,Laos,Male,Phôngsali,Skiptube,38751.16,LAK
Edward,Gray,egray5u@cargocollective.com,Russia,Male,Detchino,Roodel,,RUB
Eugene,Coleman,ecoleman5v@google.ru,Japan,Male,Ninomiya,Edgeblab,67784.13,JPY
Earl,Burns,eburns5w@blogs.com,Costa Rica,Male,Alajuelita,Wordware,89132.80,CRC
Roger,Henderson,rhenderson5x@state.tx.us,China,Male,Yinglong,Quinu,,CNY
Louis,Arnold,larnold5y@ustream.tv,China,Male,Xingou,Vimbo,,CNY
Theresa,Snyder,tsnyder5z@princeton.edu,Brazil,Female,Glória do Goitá,Teklist,13825.89,BRL
Theresa,Fisher,tfisher60@cpanel.net,China,Female,Gaoqiao,Pixonyx,4595.05,CNY
Andrea,Wallace,awallace61@is.gd,Brazil,Female,Breves,Quaxo,45982.02,BRL
Frank,Riley,friley62@google.co.uk,Indonesia,Male,Cijeungjing Kaler,Skinix,11911.75,IDR
Debra,Pierce,dpierce63@ft.com,China,Female,Jinghai,DabZ,13598.86,CNY
Todd,Franklin,tfranklin64@twitpic.com,China,Male,Anxi,Quinu,36188.55,CNY
Ryan,Johnston,rjohnston65@ebay.co.uk,China,Male,Songzhuang,Jetpulse,,CNY
Theresa,Snyder,tsnyder66@trellian.com,Russia,Female,Khvalynsk,Photofeed,86017.13,RUB
Doris,Gardner,dgardner67@elegantthemes.com,Samoa,Female,Vaiusu,Wordware,94430.69,WST
Kimberly,Peters,kpeters68@oakley.com,China,Female,Tielong,Topiczoom,,CNY
Jeremy,Wright,jwright69@photobucket.com,Ukraine,Male,Milove,Janyx,37104.90,UAH
Christina,Cruz,ccruz6a@bluehost.com,China,Female,Shaxi,Fivechat,45003.49,CNY
Alan,Boyd,aboyd6b@mayoclinic.com,Poland,Male,Połajewo,Reallinks,29309.39,PLN
William,Hicks,whicks6c@instagram.com,Poland,Male,Chojnice,Avavee,23860.80,PLN
Deborah,Perry,dperry6d@constantcontact.com,Brazil,Female,Brasília,Kwimbee,29491.42,BRL
Terry,Ramos,tramos6e@reddit.com,China,Male,Ziyang,Flashset,62936.03,CNY
Thomas,Thomas,tthomas6f@aol.com,Poland,Male,Tarczyn,Divavu,42442.95,PLN
Judy,Lee,jlee6g@simplemachines.org,Nigeria,Female,Rabah,Babbleopia,9307.38,NGN
Bobby,Lewis,blewis6h@noaa.gov,China,Male,Hoxtolgay,Feedbug,53357.03,CNY
Mildred,Wright,mwright6i@yahoo.co.jp,Philippines,Female,San Teodoro,Leexo,89968.29,PHP
Roy,Gilbert,rgilbert6j@fc2.com,Germany,Male,Essen,Dabtype,32767.98,EUR
Nicholas,Lawrence,nlawrence6k@youku.com,Philippines,Male,Umingan,Snaptags,,PHP
Jennifer,Hansen,jhansen6l@cbslocal.com,Morocco,Female,Khemisset,Avamba,51946.26,MAD
Todd,Kennedy,tkennedy6m@live.com,Portugal,Male,Vale,Gabtune,17708.33,EUR
Billy,Fernandez,bfernandez6n@symantec.com,China,Male,Shijiao,Youfeed,82917.70,CNY
Joe,Black,jblack6o@hubpages.com,Brazil,Male,Itaituba,Midel,,BRL
Carol,Barnes,cbarnes6p@bizjournals.com,Russia,Female,Zelenogorsk,Fatz,64939.67,RUB
Eric,Hansen,ehansen6q@live.com,Sweden,Male,Sundbyberg,Devshare,91961.01,SEK
Christine,Jackson,cjackson6r@dot.gov,China,Female,Xianglan,Realbuzz,34618.20,CNY
Larry,Elliott,lelliott6s@flavors.me,United States,Male,New York City,Jayo,45964.13,USD
Ronald,Washington,rwashington6t@cyberchimps.com,China,Male,Tianzhen,Zooxo,39864.76,CNY
Annie,Johnston,ajohnston6u@timesonline.co.uk,Greece,Female,Íasmos,Eimbee,53950.53,EUR
Evelyn,Morrison,emorrison6v@goodreads.com,Indonesia,Female,Tambakmerak,Yotz,38886.58,IDR
Amy,Porter,aporter6w@myspace.com,China,Female,Gaotian,Livetube,23411.15,CNY
Aaron,Bowman,abowman6x@prnewswire.com,China,Male,Gaobeijie,Zoombeat,35253.17,CNY
Arthur,Wagner,awagner6y@statcounter.com,Portugal,Male,Vale da Pedra,Zooveo,71183.52,EUR
Judith,Chavez,jchavez6z@uiuc.edu,China,Female,Qiaoxia,Yombu,476.36,CNY
Joseph,Fox,jfox70@businessinsider.com,Indonesia,Male,Ledok,Yombu,88568.25,IDR
Kenneth,Hawkins,khawkins71@usnews.com,Gabon,Male,Ndjolé,Meetz,,XAF
Aaron,Murray,amurray72@nydailynews.com,Bulgaria,Male,Cherven Bryag,Izio,76400.61,BGN
Jane,Wallace,jwallace73@hp.com,China,Female,Xiawa,Podcat,,CNY
Debra,Murray,dmurray74@ustream.tv,New Zealand,Female,Palmerston North,Dabjam,60014.53,NZD
Rebecca,Alvarez,ralvarez75@amazon.de,Indonesia,Female,Cikuya,Yombu,97430.40,IDR
Todd,Brown,tbrown76@simplemachines.org,Argentina,Male,La Falda,Skipstorm,21022.15,ARS
Harry,Fields,hfields77@macromedia.com,China,Male,Hukeng,Dynazzy,51605.61,CNY
Sarah,Freeman,sfreeman78@shinystat.com,Indonesia,Female,Muesanaik,Flashspan,64786.43,IDR
Kathleen,Rice,krice79@uol.com.br,Sweden,Female,Bromma,Skyvu,48499.41,SEK
Gloria,Meyer,gmeyer7a@networksolutions.com,Guinea,Female,Fria,Tanoodle,13252.89,GNF
Todd,Morgan,tmorgan7b@sbwire.com,Russia,Male,Solntsevo,Thoughtstorm,83510.03,RUB
John,Schmidt,jschmidt7c@addtoany.com,Dominican Republic,Male,Bonao,Realbridge,,DOP
Bonnie,Taylor,btaylor7d@yellowbook.com,China,Female,Zhuhe,Buzzdog,36340.58,CNY
Sarah,Medina,smedina7e@free.fr,Brazil,Female,Tabatinga,Jatri,73694.51,BRL
Raymond,Harper,rharper7f@craigslist.org,Russia,Male,Ossora,Gabvine,42967.79,RUB
Michelle,Lawson,mlawson7g@merriam-webster.com,Indonesia,Female,Karangkeng,Oyoba,,IDR
Thomas,Cruz,tcruz7h@typepad.com,Zambia,Male,Sesheke,Tagfeed,90533.81,ZMW
Carol,Gardner,cgardner7i@bloomberg.com,Japan,Female,Takefu,Fiveclub,53670.61,JPY
Carol,Fernandez,cfernandez7j@cbsnews.com,Paraguay,Female,Paraguarí,Centizu,39794.79,PYG
Jonathan,Larson,jlarson7k@cnet.com,China,Male,Zuhu,Mudo,57750.77,CNY
Melissa,Gardner,mgardner7l@list-manage.com,France,Female,Montpellier,Vipe,78263.28,EUR
Brenda,Garrett,bgarrett7m@boston.com,Jordan,Female,Qīr Moāv,Pixope,42941.16,JOD
Daniel,Jones,djones7n@unc.edu,Philippines,Male,Batarasa,Gigaclub,17673.29,PHP
Diane,Willis,dwillis7o@oaic.gov.au,Turkmenistan,Female,Tejen,Kwimbee,11014.25,TMT
Sandra,Fowler,sfowler7p@springer.com,China,Female,Yuanyang,Zoovu,66048.85,CNY
Willie,Lawrence,wlawrence7q@myspace.com,Zambia,Male,Mbala,Vinder,,ZMW
Melissa,Boyd,mboyd7r@fastcompany.com,Philippines,Female,Esperanza,Flashset,26142.41,PHP
Antonio,Hunt,ahunt7s@shop-pro.jp,Indonesia,Male,Leuwipicung,Zoombeat,83403.32,IDR
Lois,Frazier,lfrazier7t@wikia.com,Indonesia,Female,Gelatik,Skyba,77264.32,IDR
Kevin,Turner,kturner7u@simplemachines.org,Czech Republic,Male,Žďár nad Sázavou Druhy,Skiptube,7921.94,CZK
Roy,Pierce,rpierce7v@pcworld.com,United States,Male,Boca Raton,Gabtype,90016.11,USD
Andrew,Snyder,asnyder7w@umich.edu,China,Male,Beiqi,Youspan,,CNY
Justin,Daniels,jdaniels7x@youtu.be,China,Male,Luohe,Dynava,47740.90,CNY
Martha,Greene,mgreene7y@wunderground.com,China,Female,Mocun,Jamia,61718.08,CNY
Raymond,Ramirez,rramirez7z@chronoengine.com,France,Male,Carquefou,Thoughtmix,32122.04,EUR
Patrick,Campbell,pcampbell80@narod.ru,China,Male,Xilian,Jaxbean,35422.44,CNY
Henry,Coleman,hcoleman81@mac.com,Greece,Male,Panórama,Pixope,36505.44,EUR
Bruce,Clark,bclark82@dmoz.org,China,Male,Renshan,Brightdog,46260.14,CNY
Nicole,Griffin,ngriffin83@homestead.com,China,Female,Mingyu,Yacero,,CNY
Andrea,Fuller,afuller84@google.it,Greece,Female,Triandría,Trupe,25122.21,EUR
Ruth,Burns,rburns85@google.co.uk,Brazil,Female,Itabaiana,Flipopia,,BRL
Dorothy,Mcdonald,dmcdonald86@shutterfly.com,Venezuela,Female,Curiapo,Eimbee,30713.58,VEF
Edward,Garcia,egarcia87@printfriendly.com,China,Male,Mengjia,Meejo,5686.86,CNY
Lillian,Kelly,lkelly88@youtu.be,Sweden,Female,Flen,Gevee,,SEK
Diane,Stevens,dstevens89@unblog.fr,China,Female,Ping’an,DabZ,65759.03,CNY
Daniel,Romero,dromero8a@vkontakte.ru,Indonesia,Male,Sungaikakap,Thoughtworks,22494.36,IDR
Clarence,Flores,cflores8b@phoca.cz,France,Male,Le Bourget-du-Lac,Photojam,72127.53,EUR
Virginia,Williams,vwilliams8c@noaa.gov,China,Female,Qingshuihe,Camido,12370.65,CNY
Martin,Lee,mlee8d@amazon.de,South Africa,Male,Flagstaff,Lazzy,81698.84,ZAR
Amy,Washington,awashington8e@soundcloud.com,Japan,Female,Dazaifu,Devcast,74246.61,JPY
Justin,Fowler,jfowler8f@princeton.edu,Ireland,Male,Dungloe,Twitterwire,62593.70,EUR
Louise,Harris,lharris8g@netscape.com,Azerbaijan,Female,Nakhchivan,Aimbu,47904.29,AZN
Ronald,Stanley,rstanley8h@ft.com,United States,Male,Shreveport,Mymm,43156.59,USD
Randy,Sanchez,rsanchez8i@ezinearticles.com,Russia,Male,Nizhniye Vyazovyye,Topicblab,41186.56,RUB
Chris,Henry,chenry8j@stanford.edu,Brazil,Male,Itacarambi,Snaptags,93000.81,BRL
Brenda,Matthews,bmatthews8k@flickr.com,China,Female,Gaxung,Abatz,37962.18,CNY
Laura,Reid,lreid8l@shutterfly.com,Serbia,Female,Senta,Photobean,71998.24,RSD
Amanda,Griffin,agriffin8m@mozilla.org,Croatia,Female,Jastrebarsko,Vimbo,,HRK
Antonio,Hudson,ahudson8n@chronoengine.com,Indonesia,Male,Mbomba,Twimbo,13746.19,IDR
Marie,Ramos,mramos8o@yellowpages.com,Palestinian Territory,Female,Bayt Ūmmar,Livetube,64679.60,ILS
Brenda,Collins,bcollins8p@constantcontact.com,Russia,Female,Neryungri,Muxo,83969.30,RUB
Michelle,Ford,mford8q@vk.com,France,Female,Nanterre,Trudeo,66455.37,EUR
Sandra,Howard,showard8r@icq.com,Portugal,Female,Oliveirinha,Twiyo,43765.92,EUR
Paula,Turner,pturner8s@amazon.co.uk,China,Female,Jiuxian,Viva,,CNY
Annie,Rose,arose8t@techcrunch.com,Japan,Female,Tomioka,Quimba,51121.08,JPY
Craig,Carter,ccarter8u@nsw.gov.au,Russia,Male,Vysotskoye,Babblestorm,71328.11,RUB
Russell,Howell,rhowell8v@angelfire.com,Argentina,Male,Machagai,Yamia,,ARS
Kathy,Woods,kwoods8w@ft.com,Norway,Female,Trondheim,Blogtags,17372.50,NOK
Pamela,Morris,pmorris8x@psu.edu,United States,Female,Arlington,Youtags,51759.29,USD
Ashley,Watson,awatson8y@rediff.com,Yemen,Female,Al Khirāb,Meeveo,75000.31,YER
Nicole,Coleman,ncoleman8z@plala.or.jp,Philippines,Female,Upi,Dynava,44588.01,PHP
Willie,Dean,wdean90@over-blog.com,Indonesia,Male,Wakaseko,Wordify,41345.15,IDR
Carol,Gonzales,cgonzales91@telegraph.co.uk,United States,Female,Scranton,Roombo,,USD
Margaret,Simpson,msimpson92@cnet.com,Nigeria,Female,Kagoro,Midel,61182.77,NGN
Keith,Chavez,kchavez93@yandex.ru,China,Male,Jiamaying,Eire,38873.43,CNY
Roy,Riley,rriley94@altervista.org,Indonesia,Male,Lokorae,Kare,23893.99,IDR
Catherine,Andrews,candrews95@moonfruit.com,Brazil,Female,Jaguaquara,Gigazoom,24594.03,BRL
Cynthia,Cook,ccook96@paginegialle.it,Dominican Republic,Female,Monte Plata,Dynazzy,54311.70,DOP
Joseph,Rivera,jrivera97@cmu.edu,Philippines,Male,Igpit,Shuffletag,16.17,PHP
Angela,Brown,abrown98@cnn.com,China,Female,Sanjiao,Pixonyx,19374.22,CNY
Kathryn,Berry,kberry99@auda.org.au,China,Female,Xinjiezi,Skynoodle,85925.28,CNY
Carol,Wilson,cwilson9a@psu.edu,China,Female,Zhugentan,Edgetag,40294.90,CNY
Philip,Reed,preed9b@intel.com,Zambia,Male,Mufulira,Tagchat,36580.37,ZMW
Diana,Fowler,dfowler9c@adobe.com,Kazakhstan,Female,Oytal,Zava,63642.96,KZT
Joyce,Ortiz,jortiz9d@parallels.com,Ukraine,Female,Berdyans’k,Yozio,51655.69,UAH
Ruby,Rogers,rrogers9e@wunderground.com,Uzbekistan,Female,G’uzor,Yacero,4468.01,UZS
Martha,Thomas,mthomas9f@amazon.co.uk,Zambia,Female,Kaoma,Quatz,92484.62,ZMW
Kathryn,Bowman,kbowman9g@squarespace.com,Armenia,Female,Kapan,Camimbo,84412.55,AMD
Kathy,Robinson,krobinson9h@hexun.com,Haiti,Female,Cornillon,Voolia,4277.97,HTG
Ann,Sullivan,asullivan9i@squidoo.com,Sweden,Female,Karlstad,Oyoloo,92648.11,SEK
Julia,Ross,jross9j@bravesites.com,China,Female,Leluo,Twimm,71290.92,CNY
Harry,Stone,hstone9k@miibeian.gov.cn,Colombia,Male,Mosquera,Voonix,2600.31,COP
Debra,Anderson,danderson9l@soundcloud.com,United States,Female,Pasadena,Babblestorm,68291.90,USD
Gerald,Ryan,gryan9m@techcrunch.com,Yemen,Male,Judaydah,Browsetype,33347.93,YER
Irene,Day,iday9n@tumblr.com,China,Female,Guanban,Quimm,66400.87,CNY
Stephen,Edwards,sedwards9o@si.edu,Honduras,Male,San Ignacio,Youfeed,45796.23,HNL
Alan,Bowman,abowman9p@cocolog-nifty.com,Peru,Male,Tingo María,Bubbletube,17207.38,PEN
Wayne,Peterson,wpeterson9q@flickr.com,Serbia,Male,Ruma,Jaxnation,52141.57,RSD
Catherine,Morales,cmorales9r@europa.eu,Brazil,Female,Mairiporã,Ozu,97036.21,BRL
Randy,Woods,rwoods9s@fc2.com,China,Male,Shangyang,Blogpad,56341.73,CNY
David,Tucker,dtucker9t@hud.gov,China,Male,Xagmakajor,Skyvu,67651.21,CNY
Heather,Riley,hriley9u@globo.com,Chile,Female,Curanilahue,Vitz,87665.58,CLP
Julia,Bryant,jbryant9v@youtu.be,China,Female,Dasha,Voolith,18831.92,CNY
Keith,Carpenter,kcarpenter9w@soup.io,China,Male,Xiamujiao,Ailane,69349.39,CNY
Scott,Gardner,sgardner9x@hugedomains.com,Greece,Male,Gouménissa,Oba,43765.90,EUR
Victor,Andrews,vandrews9y@unesco.org,France,Male,Toul,Dynazzy,,EUR
Chris,Larson,clarson9z@noaa.gov,Peru,Male,Querecotillo,Cogidoo,55841.90,PEN
Donna,Jones,djonesa0@netvibes.com,Indonesia,Female,Nanggela,Topiclounge,34038.48,IDR
Kimberly,Hawkins,khawkinsa1@telegraph.co.uk,Georgia,Female,Kobuleti,Yacero,34987.79,GEL
Judith,Bennett,jbennetta2@hugedomains.com,Democratic Republic of the Congo,Female,Kasongo,Feedbug,27603.73,CDF
Jimmy,Harvey,jharveya3@reference.com,Poland,Male,Zgłobień,Blogspan,24810.86,PLN
Irene,Dixon,idixona4@theglobeandmail.com,Peru,Female,Perené,Feedbug,11242.77,PEN
Doris,Jones,djonesa5@1688.com,Canada,Female,Sussex,LiveZ,,CAD
Paul,Mcdonald,pmcdonalda6@harvard.edu,Nigeria,Male,Nafada,Blogtag,44538.00,NGN
Teresa,Watkins,twatkinsa7@spotify.com,China,Female,Waihai,Dazzlesphere,64190.29,CNY
James,Scott,jscotta8@timesonline.co.uk,Madagascar,Male,Ambositra,Yodoo,79423.85,MGA
Fred,Wagner,fwagnera9@ox.ac.uk,Brazil,Male,Cachoeira,Wikizz,21554.62,BRL
Todd,Turner,tturneraa@wp.com,Poland,Male,Kunów,Topicshots,73136.79,PLN
Jacqueline,Austin,jaustinab@soup.io,Syria,Female,Ḩadīdah,Linkbridge,63028.52,SYP
Kathryn,Black,kblackac@huffingtonpost.com,Peru,Female,Chincha Baja,Twitterlist,49682.24,PEN
Brenda,Daniels,bdanielsad@cyberchimps.com,China,Female,Xigaoshan,Janyx,65571.40,CNY
Phyllis,Ford,pfordae@usnews.com,Canada,Female,Olds,Quinu,98985.13,CAD
Sharon,Stanley,sstanleyaf@tripadvisor.com,Philippines,Female,Quezon,Eire,12854.95,PHP
Gregory,Torres,gtorresag@virginia.edu,China,Male,Jundian,Aibox,12131.31,CNY
Mildred,Jordan,mjordanah@360.cn,China,Female,Lingyuan,Tagfeed,78202.18,CNY
Alice,Cooper,acooperai@ucsd.edu,Ukraine,Female,Kuznetsovs’k,Kaymbo,37202.39,UAH
David,Lane,dlaneaj@tripadvisor.com,China,Male,Jinsha,Miboo,26234.92,CNY
Annie,Young,ayoungak@deviantart.com,Mexico,Female,Reforma,Flashdog,10206.38,MXN
Philip,Wagner,pwagneral@nymag.com,Peru,Male,Vitarte,Twimbo,60169.25,PEN
Samuel,Austin,saustinam@blogtalkradio.com,Malaysia,Male,Pekan,Meedoo,80772.28,MYR
Maria,Perry,mperryan@paginegialle.it,Peru,Female,San Jerónimo,Layo,48548.61,PEN
Michael,Phillips,mphillipsao@guardian.co.uk,China,Male,Maoshan,Oyoba,85148.35,CNY
Gregory,Campbell,gcampbellap@twitpic.com,China,Male,Erenhot,Bluezoom,49534.30,CNY
Jack,Wright,jwrightaq@blog.com,China,Male,Liuqu,Gabtune,80600.69,CNY
Alan,Butler,abutlerar@canalblog.com,Brazil,Male,Bragança Paulista,Wordify,92981.25,BRL
Harold,White,hwhiteas@google.com.au,China,Male,Guojiaba,Voomm,41945.40,CNY
Johnny,Miller,jmillerat@java.com,Thailand,Male,Don Mueang,Trudeo,83584.59,THB
Martin,Watkins,mwatkinsau@bloglines.com,China,Male,Changzhou,Zoomlounge,,CNY
Evelyn,Lopez,elopezav@nature.com,China,Female,Bajiao,Zoombeat,,CNY
Kelly,Wright,kwrightaw@umich.edu,Brazil,Female,Nova Iguaçu,Trilith,93446.70,BRL
Larry,Garrett,lgarrettax@buzzfeed.com,Indonesia,Male,Oeoh,Agimba,,IDR
Eric,Dean,edeanay@e-recht24.de,Spain,Male,Aviles,Skinder,12180.22,EUR
Jerry,Anderson,jandersonaz@weebly.com,Philippines,Male,Lanas,Jayo,45819.71,PHP
Anna,Franklin,afranklinb0@oracle.com,Finland,Female,Kinnula,Yakidoo,71360.90,EUR
Denise,Cox,dcoxb1@furl.net,Thailand,Female,Phanom Phrai,Tazzy,50924.64,THB
Dorothy,Snyder,dsnyderb2@blog.com,Czech Republic,Female,Miřetice,Kanoodle,61276.11,CZK
Jose,Rice,jriceb3@ezinearticles.com,Afghanistan,Male,Mardīān,Brainlounge,11191.36,AFN
Jeffrey,Garcia,jgarciab4@altervista.org,Indonesia,Male,Tanjung Palas,Feedmix,,IDR
Joyce,Reyes,jreyesb5@seattletimes.com,France,Female,Paris 10,Riffpedia,43964.28,EUR
Beverly,Campbell,bcampbellb6@ning.com,Brazil,Female,Santos Dumont,Fiveclub,,BRL
Julie,Kennedy,jkennedyb7@chicagotribune.com,Morocco,Female,Sidi Smaïl,Topiclounge,,MAD
Tina,Willis,twillisb8@youku.com,Brazil,Female,Buritizeiro,Oloo,26082.70,BRL
Amanda,Wagner,awagnerb9@phoca.cz,China,Female,Dagang,Devshare,30432.16,CNY
Wayne,Clark,wclarkba@youtu.be,China,Male,Zhaojia,Twinder,24081.73,CNY
Shirley,Perez,sperezbb@cnn.com,El Salvador,Female,Lolotique,Tambee,45436.31,USD
David,James,djamesbc@bbb.org,Indonesia,Male,Abang,Voomm,45934.45,IDR
Ronald,Sanders,rsandersbd@nps.gov,Colombia,Male,Carepa,Browsetype,19152.13,COP
Shirley,Bennett,sbennettbe@dot.gov,Russia,Female,Kondrovo,Topicshots,97505.60,RUB
Janice,Hansen,jhansenbf@squarespace.com,Brazil,Female,São Marcos,Jaxnation,,BRL
Jack,Moore,jmoorebg@themeforest.net,Indonesia,Male,Pergan,Voonder,45968.30,IDR
Edward,Harris,eharrisbh@umn.edu,Philippines,Male,Maco,Katz,80593.35,PHP
Ruth,James,rjamesbi@canalblog.com,Poland,Female,Przemęt,Yakitri,29513.25,PLN
Kathryn,Bryant,kbryantbj@timesonline.co.uk,Kazakhstan,Female,Belogorskīy,Janyx,9708.92,KZT
Michael,Hill,mhillbk@army.mil,Brazil,Male,Promissão,Latz,79198.16,BRL
Frank,Chavez,fchavezbl@dagondesign.com,Sweden,Male,Göteborg,Yodo,14020.56,SEK
Pamela,Ramirez,pramirezbm@a8.net,China,Female,Xiaowuzhan,Yotz,16241.56,CNY
Eric,Gilbert,egilbertbn@shutterfly.com,Haiti,Male,Port-au-Prince,Browsecat,30202.94,HTG
Heather,Johnston,hjohnstonbo@indiegogo.com,Pakistan,Female,Shorko,Mydeo,88722.98,PKR
Jane,Hudson,jhudsonbp@51.la,Republic of the Congo,Female,Djambala,Pixope,8640.97,XAF
Ronald,Jones,rjonesbq@cdbaby.com,Slovenia,Male,Zasip,Latz,34628.31,EUR
Howard,Medina,hmedinabr@geocities.jp,Russia,Male,Bessonovka,Twiyo,91481.84,RUB
Rebecca,Elliott,relliottbs@nature.com,Russia,Female,Nizhniy Ufaley,Gevee,43693.95,RUB
Evelyn,Sims,esimsbt@who.int,Ukraine,Female,Slavuta,Wordware,24786.23,UAH
Adam,Chapman,achapmanbu@hatena.ne.jp,China,Male,Jiaozuo,Rhynyx,15238.33,CNY
Marie,Ferguson,mfergusonbv@woothemes.com,Sweden,Female,Lidingö,Vipe,60068.50,SEK
Robert,Murray,rmurraybw@163.com,Poland,Male,Duczki,Dynabox,17175.62,PLN
Douglas,Lewis,dlewisbx@youku.com,Indonesia,Male,Sungaiduri,Vidoo,63637.06,IDR
Carolyn,Hughes,chughesby@tmall.com,Finland,Female,Tuusula,Wikivu,,EUR
Tina,Bryant,tbryantbz@chron.com,Indonesia,Female,Oenopu,Viva,87410.77,IDR
Earl,Hernandez,ehernandezc0@yahoo.co.jp,Cameroon,Male,Ngaoundéré,Skippad,76231.77,XAF
Joyce,Gibson,jgibsonc1@weibo.com,Ethiopia,Female,Sendafa,Camimbo,26653.45,ETB
Donald,Turner,dturnerc2@usnews.com,France,Male,Limoges,Meemm,11831.29,EUR
Bonnie,Stewart,bstewartc3@npr.org,China,Female,Hongyan,Linkbuzz,99222.66,CNY
Willie,Duncan,wduncanc4@e-recht24.de,Syria,Male,Izra‘,Meeveo,85373.88,SYP
Ann,Gilbert,agilbertc5@nyu.edu,Portugal,Female,Casal Novo,Jatri,,EUR
Steven,Ross,srossc6@linkedin.com,Poland,Male,Chłapowo,Gabvine,31978.60,PLN
Helen,Arnold,harnoldc7@sourceforge.net,Tanzania,Female,Makanya,Snaptags,18561.52,TZS
Sean,Anderson,sandersonc8@fotki.com,South Africa,Male,Brandfort,Gabvine,3735.93,ZAR
Ernest,Jordan,ejordanc9@rediff.com,Cuba,Male,Güines,Yozio,33900.07,CUP
David,Wilson,dwilsonca@delicious.com,Philippines,Male,Ibung,Katz,61187.98,PHP
John,Mendoza,jmendozacb@google.com.hk,Russia,Male,Tosno,Yadel,98295.22,RUB
Janice,Medina,jmedinacc@reference.com,China,Female,Longquan,Thoughtbridge,62250.76,CNY
Anthony,Gibson,agibsoncd@csmonitor.com,Indonesia,Male,Kebonan,Riffpath,,IDR
Louis,Hawkins,lhawkinsce@goo.ne.jp,Portugal,Male,Estela,Mydeo,41913.68,EUR
Maria,Crawford,mcrawfordcf@mashable.com,Indonesia,Female,Bitung,Dynabox,1075.76,IDR
Willie,Washington,wwashingtoncg@themeforest.net,Mexico,Male,Ignacio Zaragoza,Kare,32345.74,MXN
Edward,Black,eblackch@ustream.tv,China,Male,Xiaowuzhan,Edgeblab,61836.43,CNY
Nicole,Elliott,nelliottci@prlog.org,Colombia,Female,La Virginia,Realfire,47568.02,COP
Sean,Greene,sgreenecj@blinklist.com,Peru,Male,Callanca,Jetwire,47758.78,PEN
Annie,Sanders,asandersck@nih.gov,Indonesia,Female,Neob,Centizu,51089.37,IDR
Sarah,Mccoy,smccoycl@guardian.co.uk,Ireland,Female,Belmullet,Meedoo,90104.86,EUR
Cynthia,Fernandez,cfernandezcm@studiopress.com,Brazil,Female,Caxias,Skyndu,60534.72,BRL
Jack,Gonzalez,jgonzalezcn@msu.edu,Poland,Male,Widuchowa,Midel,70921.66,PLN
Russell,Johnston,rjohnstonco@github.io,China,Male,Shengmi,Fivespan,66352.18,CNY
Frank,Lynch,flynchcp@shutterfly.com,Ecuador,Male,Playas,Dabfeed,87696.71,USD
Debra,Moore,dmoorecq@elpais.com,Dominica,Female,Portsmouth,Babbleset,5179.55,XCD
Mary,Hudson,mhudsoncr@naver.com,Indonesia,Female,Randudongkal,Edgepulse,50053.91,IDR
Jane,Jackson,jjacksoncs@vinaora.com,Poland,Female,Czerniejewo,Gabvine,52919.16,PLN
Diana,Day,ddayct@elpais.com,Ukraine,Female,Zvenyhorodka,Katz,,UAH
Shawn,Cooper,scoopercu@elpais.com,China,Male,Payxambabazar,Kanoodle,7637.10,CNY
Alan,Murray,amurraycv@furl.net,United States,Male,Lubbock,Rhybox,,USD
Deborah,Jacobs,djacobscw@toplist.cz,Myanmar,Female,Loikaw,Einti,93420.91,MMK
Thomas,Nelson,tnelsoncx@bandcamp.com,Colombia,Male,Ciénaga de Oro,Kanoodle,85364.96,COP
Tammy,Cook,tcookcy@clickbank.net,France,Female,Épernay,Lajo,55337.66,EUR
William,Kelley,wkelleycz@mysql.com,China,Male,Muqi,Twitterlist,98181.38,CNY
Brandon,Bennett,bbennettd0@elpais.com,Senegal,Male,Sémé,Einti,,XOF
Larry,Reyes,lreyesd1@businessweek.com,Philippines,Male,Malayal,Meevee,93576.34,PHP
Ralph,Woods,rwoodsd2@columbia.edu,Kenya,Male,Kinango,Oyoloo,27158.30,KES
Ann,Ferguson,afergusond3@cbslocal.com,China,Female,Meixian,Gigabox,83849.83,CNY
Willie,Kelly,wkellyd4@stanford.edu,Slovenia,Male,Šentrupert,Yacero,51232.13,EUR
Susan,Ford,sfordd5@altervista.org,Russia,Female,Kromy,Trilith,97855.05,RUB
Harry,White,hwhited6@google.com.au,Indonesia,Male,Cemplang,Jaloo,47930.40,IDR
Patrick,Jordan,pjordand7@qq.com,China,Male,Tashi,Eare,2058.21,CNY
Mary,Hunter,mhunterd8@sbwire.com,China,Female,Gaide,Viva,93563.45,CNY
Jean,Carter,jcarterd9@bandcamp.com,Indonesia,Female,Tunasbaru,Rhybox,61343.47,IDR
Paula,Ward,pwardda@loc.gov,Tunisia,Female,Thala,Rooxo,64284.50,TND
Gloria,Boyd,gboyddb@hud.gov,Sweden,Female,Alingsås,Quatz,49755.60,SEK
Judy,Watson,jwatsondc@digg.com,United States,Female,Houston,Nlounge,52337.56,USD
Dorothy,Weaver,dweaverdd@com.com,Brazil,Female,Jaguaribe,DabZ,,BRL
Arthur,Carter,acarterde@i2i.jp,Kenya,Male,Kabarnet,Flashspan,,KES
Joseph,Sullivan,jsullivandf@posterous.com,France,Male,Rambouillet,Feedmix,82802.16,EUR
Clarence,Wallace,cwallacedg@wix.com,United States,Male,Waterbury,Topiczoom,29217.07,USD
Jason,Bishop,jbishopdh@indiegogo.com,Brazil,Male,Extrema,Roodel,55843.74,BRL
Clarence,Graham,cgrahamdi@biglobe.ne.jp,Indonesia,Male,Maunuri,Avamm,80128.66,IDR
Christopher,Gonzalez,cgonzalezdj@netscape.com,China,Male,Xinquan,Brainverse,47960.00,CNY
Ernest,Cook,ecookdk@sina.com.cn,Italy,Male,Laspezia,Fliptune,75929.49,EUR
Ernest,Moreno,emorenodl@rakuten.co.jp,Philippines,Male,San Fernando,Skiptube,23991.80,PHP
Roy,Butler,rbutlerdm@dmoz.org,Afghanistan,Male,Karukh,Zava,97371.50,AFN
Harold,Burton,hburtondn@harvard.edu,Greece,Male,Mikró Monastíri,Brainlounge,,EUR
Judy,Ruiz,jruizdo@sun.com,China,Female,Tashi,Minyx,44791.81,CNY
Paul,Arnold,parnolddp@amazon.com,China,Male,Heqiao,Tanoodle,80699.56,CNY
Tammy,Murray,tmurraydq@umn.edu,Ukraine,Female,Uspenka,Voonyx,,UAH
Susan,Garrett,sgarrettdr@gravatar.com,Sweden,Female,Nossebro,Lazz,94579.01,SEK
Mark,Coleman,mcolemands@mac.com,Portugal,Male,Serra da Boa Viagem,Cogibox,84394.96,EUR
Robert,Ortiz,rortizdt@addtoany.com,Cameroon,Male,Doumé,Twitterworks,49764.66,XAF
Philip,Fernandez,pfernandezdu@umn.edu,Pakistan,Male,Khānpur,Thoughtworks,56485.91,PKR
Jennifer,Hill,jhilldv@ycombinator.com,China,Female,Huangkeng,Feednation,17551.73,CNY
Teresa,Little,tlittledw@hubpages.com,France,Female,Marseille,Abata,59423.88,EUR
Mary,Carroll,mcarrolldx@biglobe.ne.jp,Peru,Female,Pilluana,Abata,46175.94,PEN
Sandra,Cox,scoxdy@geocities.com,Nigeria,Female,Iwo,Mynte,53610.09,NGN
Anne,Knight,aknightdz@marriott.com,Madagascar,Female,Farafangana,Kimia,95532.80,MGA
Pamela,Marshall,pmarshalle0@opensource.org,Greece,Female,Áno Merá,Brainverse,9885.86,EUR
Ruth,Gordon,rgordone1@cafepress.com,China,Female,Ningdun,Tazz,,CNY
Raymond,Lawrence,rlawrencee2@youku.com,Russia,Male,Kysyl-Syr,Kaymbo,5812.14,RUB
Russell,Fisher,rfishere3@home.pl,China,Male,Xijiadian,Ozu,94053.89,CNY
Kathryn,Lawson,klawsone4@studiopress.com,Indonesia,Female,Tegalsari,Myworks,45339.77,IDR
Bruce,Foster,bfostere5@mtv.com,Russia,Male,Voronezh,Dabtype,56021.37,RUB
Evelyn,Wells,ewellse6@xinhuanet.com,Portugal,Female,Mosteiro,Quinu,,EUR
Mark,Larson,mlarsone7@sphinn.com,Poland,Male,Bieniewice,Quamba,64149.29,PLN
Chris,Matthews,cmatthewse8@bandcamp.com,Philippines,Male,Masaling,Omba,79914.65,PHP
Bonnie,Morris,bmorrise9@dion.ne.jp,China,Female,Wan’an,Mycat,57284.14,CNY
Ryan,Flores,rfloresea@edublogs.org,China,Male,Liushan,Yotz,72967.94,CNY
Alan,Medina,amedinaeb@fastcompany.com,China,Male,Taipinghu,Kazio,48553.20,CNY
Kevin,Price,kpriceec@g.co,Philippines,Male,Can-asujan,Trilia,478.60,PHP
Henry,Mccoy,hmccoyed@mashable.com,China,Male,Jifeng,Shuffledrive,,CNY
Jennifer,Edwards,jedwardsee@yahoo.co.jp,United Kingdom,Female,Denton,Skibox,68494.24,GBP
Jason,Gibson,jgibsonef@wikimedia.org,United States,Male,Wilmington,Gigashots,37411.43,USD
Rachel,Morales,rmoraleseg@wisc.edu,Canada,Female,Stratford,Quatz,56130.55,CAD
Fred,Mason,fmasoneh@trellian.com,Indonesia,Male,Radamata,Tagopia,94320.08,IDR
Judith,Wheeler,jwheelerei@addtoany.com,Thailand,Female,Ban Na,Skibox,27155.07,THB
Jerry,Peterson,jpetersonej@berkeley.edu,Portugal,Male,Souto,Twinte,90776.79,EUR
Marie,Ryan,mryanek@cbc.ca,Guinea,Female,Dubréka,Edgeblab,35388.43,GNF
Lois,Jacobs,ljacobsel@cam.ac.uk,Greece,Female,Pentéli,Rooxo,52389.54,EUR
Michael,Harris,mharrisem@blogger.com,Russia,Male,Kizilyurt,Zoomlounge,29678.33,RUB
Susan,Fisher,sfisheren@about.me,Russia,Female,Uritsk,Kwinu,,RUB
John,Mason,jmasoneo@imgur.com,China,Male,Fatou,Talane,4791.87,CNY
Robert,Elliott,relliottep@princeton.edu,Portugal,Male,Bairro,Vinte,65122.14,EUR
Brenda,Boyd,bboydeq@printfriendly.com,Canada,Female,Two Hills,Skimia,,CAD
Emily,Hughes,ehugheser@macromedia.com,Mexico,Female,Los Angeles,Skippad,57529.31,MXN
Janet,Weaver,jweaveres@mayoclinic.com,Tunisia,Female,Banī Ḩassān,Yotz,99062.44,TND
Jesse,Knight,jknightet@wufoo.com,Poland,Male,Potęgowo,Linkbuzz,,PLN
Rachel,Nelson,rnelsoneu@cnbc.com,Indonesia,Female,Kotakaya Dua,Kayveo,32326.81,IDR
Theresa,Mason,tmasonev@deliciousdays.com,Russia,Female,Rtishchevo,Fliptune,62684.68,RUB
Albert,Henderson,ahendersonew@51.la,Japan,Male,Kan’onjichō,Twitterbridge,,JPY
Russell,Cole,rcoleex@oracle.com,Mauritius,Male,Chamouny,Tavu,4675.04,MUR
Samuel,Ferguson,sfergusoney@dot.gov,China,Male,Rongdoi,Realmix,,CNY
Gary,Fields,gfieldsez@china.com.cn,Poland,Male,Skołyszyn,Thoughtworks,4692.03,PLN
Keith,Hall,khallf0@photobucket.com,Indonesia,Male,Doko,Oodoo,27846.19,IDR
Norma,Cook,ncookf1@mail.ru,China,Female,Shuicha,Yoveo,11204.48,CNY
Doris,Jordan,djordanf2@odnoklassniki.ru,Philippines,Female,Lanas,Zoonoodle,54699.15,PHP
Daniel,Perkins,dperkinsf3@mapy.cz,Indonesia,Male,Perreng,Mydo,73752.35,IDR
Pamela,Weaver,pweaverf4@auda.org.au,Macedonia,Female,Bitola,Twitterbridge,968.40,MKD
Michael,Collins,mcollinsf5@slate.com,Mexico,Male,Francisco J Mujica,Flashset,12473.88,MXN
Ronald,James,rjamesf6@biglobe.ne.jp,Czech Republic,Male,Mikulovice,Flashspan,66985.68,CZK
Jane,Kelley,jkelleyf7@typepad.com,Sweden,Female,Ellös,Feedfire,37486.86,SEK
Elizabeth,Watson,ewatsonf8@usnews.com,Macedonia,Female,Извор,Riffpath,60072.52,MKD
Carol,Kelley,ckelleyf9@cocolog-nifty.com,Taiwan,Female,Fengyuan,Voomm,15478.28,TWD
Annie,Moore,amoorefa@bluehost.com,Ukraine,Female,Batiovo,Livefish,10812.16,UAH
Susan,Bradley,sbradleyfb@washingtonpost.com,Argentina,Female,General Belgrano,Zava,13290.82,ARS
Jose,Hughes,jhughesfc@narod.ru,China,Male,Huxi,Wordware,57972.25,CNY
Diana,Lawrence,dlawrencefd@cdbaby.com,Ireland,Female,Loughrea,Zoonoodle,37292.17,EUR
Laura,Arnold,larnoldfe@ftc.gov,Sweden,Female,Kista,Zoomzone,70939.93,SEK
Joan,Porter,jporterff@aol.com,Kyrgyzstan,Female,Kara-Balta,Jabberbean,,KGS
George,Chavez,gchavezfg@mail.ru,Austria,Male,Salzburg,Browsetype,52877.86,EUR
George,Bennett,gbennettfh@wired.com,China,Male,Lushuihe,Trupe,78236.79,CNY
Paul,Butler,pbutlerfi@example.com,Portugal,Male,Passos,Abata,94315.12,EUR
Joyce,Washington,jwashingtonfj@ning.com,Turkmenistan,Female,Saýat,Babbleblab,99889.35,TMT
Chris,Rose,crosefk@gnu.org,Russia,Male,Ferapontovo,Realbuzz,50559.08,RUB
Margaret,Jacobs,mjacobsfl@hexun.com,Honduras,Female,San Juan Pueblo,Oyoba,52977.14,HNL
Julia,Mills,jmillsfm@reuters.com,Pakistan,Female,Lāliān,Skinix,19701.42,PKR
Linda,Foster,lfosterfn@ifeng.com,Philippines,Female,Cagayan,Topicstorm,24303.05,PHP
Janet,Harris,jharrisfo@berkeley.edu,Czech Republic,Female,Rájec-Jestřebí,Skiptube,33729.80,CZK
Juan,Williams,jwilliamsfp@moonfruit.com,Thailand,Male,Si Somdet,Ainyx,,THB
Diane,Owens,dowensfq@istockphoto.com,China,Female,Beidao,Skyba,,CNY
Earl,Meyer,emeyerfr@purevolume.com,China,Male,Gonghe,Twinder,79678.44,CNY
Margaret,Berry,mberryfs@auda.org.au,China,Female,Hudong,Feedmix,63447.03,CNY
Jean,Richards,jrichardsft@statcounter.com,Indonesia,Female,Kudang,Jamia,79086.16,IDR
Terry,Cook,tcookfu@amazon.co.jp,Ireland,Male,Moville,Jabberstorm,,EUR
Lisa,Moore,lmoorefv@privacy.gov.au,Portugal,Female,São Martinho do Campo,Mydeo,67465.12,EUR
Patricia,Williams,pwilliamsfw@vinaora.com,United Kingdom,Female,Sutton,Twitterworks,77417.82,GBP
Ralph,Gordon,rgordonfx@mlb.com,Germany,Male,Dresden,Babblestorm,30463.79,EUR
William,Gordon,wgordonfy@acquirethisname.com,North Korea,Male,Kusŏng,Feedfire,82062.72,KPW
Victor,Hart,vhartfz@ftc.gov,Philippines,Male,Kaytitinga,Trupe,80836.07,PHP
Denise,Alvarez,dalvarezg0@comsenz.com,Russia,Female,Lukhovka,Jayo,32817.91,RUB
Ernest,Wagner,ewagnerg1@squarespace.com,Poland,Male,Świętajno,Zoomlounge,30982.48,PLN
Mark,Marshall,mmarshallg2@mozilla.com,Serbia,Male,Novi Slankamen,Ntags,4678.14,RSD
Matthew,Griffin,mgriffing3@princeton.edu,Finland,Male,Vinkkilä,Topicstorm,46978.06,EUR
Amanda,Rivera,ariverag4@theatlantic.com,Lithuania,Female,Rokiškis,Zoombeat,63434.81,LTL
Alice,Perry,aperryg5@businesswire.com,China,Female,Anshun,Wikivu,81520.68,CNY
Billy,Robinson,brobinsong6@dailymotion.com,Japan,Male,Izumi,Jaxspan,42293.18,JPY
Ruby,Myers,rmyersg7@xrea.com,Indonesia,Female,Lokorae,Kare,,IDR
Juan,Parker,jparkerg8@psu.edu,Malaysia,Male,Butterworth,Flashset,92569.32,MYR
Stephen,Nelson,snelsong9@e-recht24.de,Portugal,Male,Anadia,Topicblab,46418.09,EUR
Richard,Morgan,rmorganga@pinterest.com,Vietnam,Male,Thị Trấn Mường Khến,Gigazoom,,VND
Carolyn,Meyer,cmeyergb@weibo.com,Russia,Female,Zmiyëvka,Babblestorm,46008.82,RUB
William,Gardner,wgardnergc@sciencedirect.com,Philippines,Male,Dangcalan,Gigazoom,52181.97,PHP
Russell,Diaz,rdiazgd@google.cn,France,Male,Sophia Antipolis,Quimm,76625.87,EUR
Kathy,Dean,kdeange@businessweek.com,Brazil,Female,Condado,Zoomdog,46271.53,BRL
Kathryn,Cox,kcoxgf@last.fm,Belarus,Female,Mstsislaw,Skinix,44511.88,BYR
Terry,Murray,tmurraygg@de.vu,Indonesia,Male,Parawan,Feedmix,25939.29,IDR
Pamela,Jackson,pjacksongh@baidu.com,Turkmenistan,Female,Türkmenbaşy,Jaxnation,72052.49,TMT
Christine,Wheeler,cwheelergi@yahoo.co.jp,Indonesia,Female,Wanagiri,Linktype,52949.31,IDR
Fred,Lewis,flewisgj@diigo.com,Ghana,Male,Duayaw Nkwanta,Skalith,44529.54,GHS
Michael,Gordon,mgordongk@amazon.co.uk,El Salvador,Male,Concepción de Ataco,Thoughtbridge,27580.28,USD
Anthony,Brown,abrowngl@com.com,Brazil,Male,Neópolis,Eabox,91449.60,BRL
Douglas,Ward,dwardgm@jugem.jp,Indonesia,Male,Sumbergebang,Dabshots,37420.62,IDR
Louis,Lynch,llynchgn@blog.com,China,Male,Xilinji,Gigashots,15615.22,CNY
Dorothy,Shaw,dshawgo@hao123.com,Portugal,Female,Estombar,Centimia,95332.91,EUR
Evelyn,Morgan,emorgangp@sohu.com,Sweden,Female,Solna,Voolith,,SEK
Tammy,Bishop,tbishopgq@paypal.com,Poland,Female,Sosnówka,Youspan,555.96,PLN
Christina,Peterson,cpetersongr@flavors.me,China,Female,Manjiang,Fivespan,36449.08,CNY
Anne,Perez,aperezgs@theatlantic.com,Albania,Female,Papër,Dabtype,56839.63,ALL
Jean,Larson,jlarsongt@csmonitor.com,China,Female,Dadong,Quinu,2770.43,CNY
Samuel,Chavez,schavezgu@yelp.com,Indonesia,Male,Penanggungan,Talane,63925.75,IDR
Karen,Owens,kowensgv@list-manage.com,China,Female,Jetaral,Quaxo,51416.79,CNY
Tammy,Torres,ttorresgw@bigcartel.com,China,Female,Yidian,Wikibox,22580.45,CNY
Wanda,Garrett,wgarrettgx@bing.com,Pakistan,Female,Kanganpur,Kwilith,14309.04,PKR
Julia,Cunningham,jcunninghamgy@goo.gl,Sweden,Female,Linköping,Photobug,,SEK
Christopher,Ellis,cellisgz@ftc.gov,China,Male,Qi’an,Aimbu,84785.86,CNY
Henry,Hawkins,hhawkinsh0@google.nl,Malaysia,Male,Pulau Pinang,Rhynyx,,MYR
Deborah,Wagner,dwagnerh1@un.org,Japan,Female,Oyama,Kwinu,34908.04,JPY
Bonnie,Ellis,bellish2@newyorker.com,Indonesia,Female,Kotakan Selatan,Oozz,62311.44,IDR
Janet,Greene,jgreeneh3@fema.gov,Portugal,Female,Selmes,Twinte,40430.84,EUR
Willie,Knight,wknighth4@tuttocitta.it,Libya,Male,Az Zuwaytīnah,Zoomcast,15833.31,LYD
Martha,Gardner,mgardnerh5@fotki.com,Indonesia,Female,Gamping Lor,Flipopia,42343.73,IDR
Emily,Lynch,elynchh6@quantcast.com,Uruguay,Female,Baltasar Brum,Riffpedia,32634.92,UYU
Craig,Rodriguez,crodriguezh7@sciencedirect.com,Tanzania,Male,Magomeni,Browsedrive,5136.86,TZS
Billy,Romero,bromeroh8@walmart.com,China,Male,Yuanping,Zoomcast,11667.06,CNY
Keith,Sanders,ksandersh9@salon.com,Nepal,Male,Nepalgunj,Photofeed,69480.06,NPR
Robin,Warren,rwarrenha@eventbrite.com,Burundi,Female,Buganda,Chatterbridge,46294.44,BIF
Amanda,Diaz,adiazhb@yahoo.co.jp,Bulgaria,Female,Straldzha,Plajo,83651.29,BGN
Marilyn,Gonzales,mgonzaleshc@google.de,Yemen,Female,Ḑawrān ad Daydah,Rhynyx,93026.04,YER
Martin,Henderson,mhendersonhd@ovh.net,South Korea,Male,Kimje,Ainyx,36610.19,KRW
Chris,Bennett,cbennetthe@illinois.edu,Indonesia,Male,Ringinrejo,Zoombeat,16820.85,IDR
Julia,Ward,jwardhf@umn.edu,Portugal,Female,Estarreja,Avavee,55970.63,EUR
Stephanie,Johnston,sjohnstonhg@simplemachines.org,Philippines,Female,Basicao Coastal,Linkbuzz,,PHP
Bobby,Snyder,bsnyderhh@lycos.com,Morocco,Male,Kerrouchen,Quimm,,MAD
Randy,Myers,rmyershi@linkedin.com,Philippines,Male,Madamba,Innojam,99380.22,PHP
Pamela,Davis,pdavishj@dmoz.org,Azerbaijan,Female,Bilajer,Twinder,61136.93,AZN
Douglas,Peterson,dpetersonhk@nhs.uk,China,Male,Shangganshan,Gabtune,48224.61,CNY
Walter,Morgan,wmorganhl@mtv.com,North Korea,Male,Changyŏn,Latz,,KPW
Chris,Rodriguez,crodriguezhm@house.gov,Brazil,Male,Santo Antônio da Platina,Twitterworks,7227.20,BRL
Joe,Wilson,jwilsonhn@tmall.com,China,Male,Wenxing,Fivespan,12228.40,CNY
Gloria,Cooper,gcooperho@economist.com,Russia,Female,Kuanda,Tanoodle,26996.15,RUB
Wayne,Gutierrez,wgutierrezhp@nhs.uk,Belarus,Male,Narowlya,Feedfire,26191.52,BYR
Anna,Kim,akimhq@dyndns.org,China,Female,Yong’an,Divape,34601.57,CNY
Douglas,Brooks,dbrookshr@wufoo.com,Poland,Male,Kalwaria Zebrzydowska,Flipstorm,45089.86,PLN
Justin,Fowler,jfowlerhs@blogger.com,Ukraine,Male,Chornyanka,Divavu,,UAH
Amy,Phillips,aphillipsht@sitemeter.com,Czech Republic,Female,Lukavec,Kwideo,2869.50,CZK
Mary,Foster,mfosterhu@artisteer.com,Morocco,Female,Rabat,Rhyzio,50688.43,MAD
Nancy,Carter,ncarterhv@delicious.com,Finland,Female,Orivesi,Skinder,74522.94,EUR
Betty,Lopez,blopezhw@umn.edu,Estonia,Female,Kose,Miboo,95486.33,EUR
Denise,Gonzales,dgonzaleshx@cocolog-nifty.com,Germany,Female,Berlin,Vimbo,21635.75,EUR
Andrea,Stewart,astewarthy@dailymail.co.uk,South Korea,Female,Kinzan,Skimia,70114.40,KRW
Donald,Young,dyounghz@redcross.org,Peru,Male,Ayo,Feedbug,,PEN
Cheryl,Ortiz,cortizi0@feedburner.com,Mauritius,Female,Mahébourg,Skibox,5736.10,MUR
Julia,Porter,jporteri1@tripadvisor.com,China,Female,Hanjia,Meezzy,77442.36,CNY
Nicole,Wallace,nwallacei2@aol.com,Poland,Female,Nowa Góra,Skipstorm,69890.04,PLN
Amy,Matthews,amatthewsi3@blogger.com,Mongolia,Female,Bayanbulag,Meedoo,74492.00,MNT
Jacqueline,Richards,jrichardsi4@examiner.com,Vietnam,Female,Thị Trấn Na Sầm,Feedspan,52915.38,VND
Denise,Palmer,dpalmeri5@dagondesign.com,China,Female,Xuetian,Devcast,6942.15,CNY
Samuel,Fernandez,sfernandezi6@eventbrite.com,Thailand,Male,Uthai Thani,Dabshots,67562.71,THB
Jacqueline,Perkins,jperkinsi7@odnoklassniki.ru,Philippines,Female,Bulalacao,Topiczoom,99272.10,PHP
Carlos,Cook,ccooki8@sogou.com,China,Male,Chenfangji,Innotype,,CNY
Theresa,Morgan,tmorgani9@cbslocal.com,Thailand,Female,Prachin Buri,Feedbug,91553.82,THB
Heather,Williamson,hwilliamsonia@foxnews.com,Japan,Female,Hekinan,Feedspan,6609.04,JPY
Frank,Owens,fowensib@bbb.org,Ivory Coast,Male,Songon,Voonyx,,XOF
Christina,James,cjamesic@blogger.com,Philippines,Female,Bakulong,Quinu,7972.22,PHP
Chris,Larson,clarsonid@virginia.edu,Norway,Male,Skien,Meeveo,80276.11,NOK
Mary,Nguyen,mnguyenie@usnews.com,China,Female,Guanqiao,Jabbertype,68824.86,CNY
Carl,Morrison,cmorrisonif@instagram.com,Poland,Male,Ostrowsko,Jetpulse,95394.28,PLN
Teresa,Elliott,telliottig@theguardian.com,Japan,Female,Iiyama,Edgeclub,45541.47,JPY
Randy,Harris,rharrisih@globo.com,Indonesia,Male,Sorodot,Eire,9350.73,IDR
Samuel,Shaw,sshawii@ustream.tv,China,Male,Xinmen,Yodo,91655.26,CNY
Jose,Russell,jrussellij@phpbb.com,Russia,Male,Nizhnyaya Salda,Yacero,72559.57,RUB
Eugene,Ross,erossik@mapquest.com,Peru,Male,Huayacundo Arma,Buzzster,9883.00,PEN
Tina,Hayes,thayesil@stanford.edu,China,Female,Jiefu,Eayo,27681.81,CNY
Joshua,Hill,jhillim@ucsd.edu,China,Male,Dadoupu,Myworks,19450.80,CNY
Katherine,Armstrong,karmstrongin@icio.us,Indonesia,Female,Kotakaya Dua,Twinder,73959.18,IDR
Cheryl,Lee,cleeio@cisco.com,France,Female,Mérignac,Mycat,95964.46,EUR
Carl,George,cgeorgeip@mayoclinic.com,Indonesia,Male,Wedangtemu,Yabox,,IDR
Todd,Arnold,tarnoldiq@feedburner.com,China,Male,Gaohu,Feedspan,19057.76,CNY
Barbara,Reyes,breyesir@springer.com,France,Female,Vichy,Twitterlist,49112.40,EUR
Lillian,Hernandez,lhernandezis@de.vu,Greece,Female,Xilópolis,Browsebug,73457.51,EUR
Lillian,Sullivan,lsullivanit@netscape.com,Peru,Female,Pomahuaca,Brainsphere,51425.68,PEN
Steve,Collins,scollinsiu@mit.edu,Sweden,Male,Saltsjö-Boo,LiveZ,64071.98,SEK
Frank,Sullivan,fsullivaniv@who.int,Gambia,Male,Galleh Manda,Agimba,1023.38,GMD
Margaret,Wagner,mwagneriw@myspace.com,Czech Republic,Female,Bystřice nad Pernštejnem,Babbleblab,78693.68,CZK
Roy,Stevens,rstevensix@bandcamp.com,Sweden,Male,Pajala,Tavu,95564.70,SEK
Gloria,Moore,gmooreiy@dagondesign.com,South Africa,Female,Saldanha,Jabberstorm,,ZAR
Dorothy,Harris,dharrisiz@wikipedia.org,China,Female,Xincun,Thoughtbridge,34539.25,CNY
Jerry,Green,jgreenj0@miitbeian.gov.cn,Brazil,Male,Bebedouro,Latz,74807.06,BRL
Adam,Pierce,apiercej1@google.co.uk,Colombia,Male,Íquira,Vinder,51244.03,COP
Shawn,Fuller,sfullerj2@weebly.com,Mexico,Male,El Potrero,DabZ,3916.92,MXN
Lawrence,Simmons,lsimmonsj3@jimdo.com,Philippines,Male,Katipunan,Quire,77145.85,PHP
Elizabeth,Matthews,ematthewsj4@columbia.edu,Indonesia,Female,Bagangan,Trilith,68444.75,IDR
Charles,Watson,cwatsonj5@simplemachines.org,Colombia,Male,La Unión,Agivu,77476.75,COP
Nicholas,Foster,nfosterj6@deviantart.com,Indonesia,Male,Krikil,Browseblab,24194.91,IDR
Dorothy,Carroll,dcarrollj7@uiuc.edu,Japan,Female,Miyako,Realfire,52455.30,JPY
Christine,Black,cblackj8@netlog.com,Canada,Female,Gjoa Haven,Quire,35459.07,CAD
Eugene,Cole,ecolej9@seesaa.net,Indonesia,Male,Wailolong,Reallinks,92594.94,IDR
Paul,Phillips,pphillipsja@sakura.ne.jp,Greece,Male,Kinéta,Edgeblab,42899.50,EUR
Gloria,Butler,gbutlerjb@columbia.edu,New Zealand,Female,Methven,Lazz,57758.34,NZD
Wayne,Hill,whilljc@hud.gov,China,Male,Zhoujiang,Ainyx,89316.94,CNY
Timothy,Gonzales,tgonzalesjd@nasa.gov,Croatia,Male,Nuštar,Fliptune,46910.92,HRK
Louise,Franklin,lfranklinje@jimdo.com,Sweden,Female,Stockholm,Devpoint,80938.16,SEK
Linda,Boyd,lboydjf@ovh.net,Brazil,Female,São José de Mipibu,Gigabox,46267.80,BRL
Tina,Ray,trayjg@mayoclinic.com,Indonesia,Female,Gunung Sugih,Realpoint,55655.27,IDR
Martin,Hart,mhartjh@usgs.gov,Portugal,Male,Vale de Figueira,Oyonder,94665.69,EUR
Craig,Henderson,chendersonji@wordpress.com,Poland,Male,Wisła,Cogibox,87104.77,PLN
Benjamin,Simmons,bsimmonsjj@dion.ne.jp,United States,Male,Irving,Skiba,73085.93,USD
Jimmy,Mitchell,jmitchelljk@ameblo.jp,China,Male,Dongjia,Blogspan,79348.42,CNY
Gerald,Gilbert,ggilbertjl@homestead.com,Chile,Male,El Tabo,Centizu,6889.05,CLP
Betty,Little,blittlejm@adobe.com,Russia,Female,Dachnoye,Cogilith,,RUB
Brenda,Elliott,belliottjn@dropbox.com,Niger,Female,Ayorou,Edgeclub,10469.95,XOF
Adam,Rose,arosejo@gnu.org,Russia,Male,Chupa,Wikizz,47556.62,RUB
Randy,Wright,rwrightjp@123-reg.co.uk,Indonesia,Male,Galis,Leexo,44337.54,IDR
Helen,Grant,hgrantjq@baidu.com,France,Female,Paris 04,Realbuzz,29396.20,EUR
Susan,Little,slittlejr@usa.gov,Mexico,Female,Lazaro Cardenas,Skinix,6857.43,MXN
Betty,Flores,bfloresjs@dailymotion.com,Kenya,Female,Mumias,Jatri,13707.51,KES
Wanda,Green,wgreenjt@miitbeian.gov.cn,Afghanistan,Female,Chakaray,Camimbo,,AFN
Shirley,Nguyen,snguyenju@cloudflare.com,Thailand,Female,Na Muen,Meevee,75366.03,THB
Carolyn,Dean,cdeanjv@fc2.com,Tanzania,Female,Kibiti,Quamba,44966.20,TZS
Lawrence,West,lwestjw@123-reg.co.uk,China,Male,Niba,Kaymbo,97609.31,CNY
James,Bishop,jbishopjx@desdev.cn,Albania,Male,Helmas,Meevee,67739.26,ALL
Martha,Coleman,mcolemanjy@myspace.com,Philippines,Female,Dinahican,Brightbean,42300.37,PHP
Sara,Welch,swelchjz@barnesandnoble.com,Philippines,Female,Sabang,Skipfire,55250.81,PHP
Tammy,Lane,tlanek0@blogspot.com,Russia,Female,Petrovskaya,Brainlounge,10510.66,RUB
Doris,Morris,dmorrisk1@twitpic.com,Czech Republic,Female,Jeseník,Brainverse,89943.54,CZK
Maria,Graham,mgrahamk2@google.it,Iraq,Female,Al ‘Azīzīyah,Katz,4927.52,IQD
Roger,Hanson,rhansonk3@china.com.cn,Indonesia,Male,Kasreman Wetan,Meevee,37588.04,IDR
Charles,Alvarez,calvarezk4@ted.com,Egypt,Male,Al Ḩawāmidīyah,Voomm,49194.48,EGP
Joe,Burke,jburkek5@webs.com,Jamaica,Male,Bethel Town,Dabvine,96876.32,JMD
George,Ross,grossk6@cocolog-nifty.com,Canada,Male,Fort Smith,Minyx,,CAD
Teresa,Scott,tscottk7@pen.io,China,Female,Jinchang,Voomm,90434.79,CNY
Roger,Ryan,rryank8@cbc.ca,Greece,Male,Magoúla,Einti,19606.33,EUR
Thomas,Cole,tcolek9@posterous.com,Sweden,Male,Laholm,Roomm,12624.47,SEK
Jose,Young,jyoungka@ucsd.edu,Macedonia,Male,Gradec,Zoomlounge,42524.41,MKD
Daniel,Torres,dtorreskb@bloglines.com,United States,Male,Lancaster,Edgeify,78390.67,USD
Daniel,Bell,dbellkc@guardian.co.uk,China,Male,Guicheng,Realcube,75904.67,CNY
Dennis,Marshall,dmarshallkd@apple.com,Kuwait,Male,Al Aḩmadī,Meembee,53762.69,KWD
Lisa,Perry,lperryke@networksolutions.com,Czech Republic,Female,Dolní Černilov,Dabtype,,CZK
Raymond,Ruiz,rruizkf@ifeng.com,Croatia,Male,Podstrana,Jabberstorm,34982.40,HRK
Cheryl,Nelson,cnelsonkg@slashdot.org,China,Female,Longmen,Skinder,40476.43,CNY
Craig,Castillo,ccastillokh@biblegateway.com,Russia,Male,Krasnaya Poyma,Riffwire,3140.25,RUB
Dennis,Russell,drussellki@ycombinator.com,Peru,Male,Santiago de Chuco,Blogtags,72166.74,PEN
Keith,Arnold,karnoldkj@skype.com,Greece,Male,Arnaía,Teklist,59984.70,EUR
Victor,Howard,vhowardkk@cnn.com,Tanzania,Male,Kidodi,Linktype,,TZS
Larry,Henry,lhenrykl@mapy.cz,Indonesia,Male,Nuasepu,Kare,80313.07,IDR
Diana,Martin,dmartinkm@aboutads.info,China,Female,Changxi,Einti,88375.42,CNY
Julia,Bailey,jbaileykn@joomla.org,Portugal,Female,Vale da Bajouca,Plajo,3351.49,EUR
Elizabeth,Marshall,emarshallko@bbc.co.uk,Portugal,Female,Marinhais,Flashpoint,68964.73,EUR
Betty,Harvey,bharveykp@pcworld.com,Greece,Female,Sápes,Photobug,511.01,EUR
Philip,Graham,pgrahamkq@umn.edu,Poland,Male,Kluczbork,Linktype,,PLN
Patrick,Jenkins,pjenkinskr@virginia.edu,Nigeria,Male,Oyan,Bubblemix,14162.93,NGN
Lawrence,Stewart,lstewartks@ning.com,China,Male,Daliang,Shuffletag,59583.22,CNY
Carol,Butler,cbutlerkt@networkadvertising.org,China,Female,Shuiche,Kamba,13126.87,CNY
Michael,Porter,mporterku@dell.com,Nigeria,Male,Ogwashi-Uku,Dazzlesphere,57727.00,NGN
Justin,Price,jpricekv@tripadvisor.com,China,Male,Alakak,Zoomdog,67211.86,CNY
Randy,Carroll,rcarrollkw@usnews.com,Thailand,Male,Changhan,Tagfeed,84051.26,THB
Gary,Webb,gwebbkx@businessweek.com,China,Male,Guluoshan,Tavu,,CNY
Joseph,Garrett,jgarrettky@toplist.cz,Syria,Male,Junaynat Raslān,Photospace,16826.87,SYP
Jacqueline,Robinson,jrobinsonkz@cyberchimps.com,Indonesia,Female,Pagaden,Mydeo,,IDR
Robert,Stevens,rstevensl0@bbc.co.uk,Colombia,Male,Cartago,Devpoint,79390.60,COP
Irene,Ellis,iellisl1@issuu.com,Russia,Female,Tol’yatti,Topicblab,,RUB
Paul,Morgan,pmorganl2@uol.com.br,Peru,Male,Aija,Geba,63861.05,PEN
Frances,Richards,frichardsl3@google.cn,Ukraine,Female,Verkhnyaya Belka,Avavee,66089.39,UAH
Craig,Black,cblackl4@surveymonkey.com,China,Male,Xuling,Jabberstorm,59914.40,CNY
Jacqueline,Arnold,jarnoldl5@mozilla.org,Mexico,Female,Lindavista,Snaptags,32940.29,MXN
Amy,Gilbert,agilbertl6@cnn.com,Finland,Female,Pieksämäki,Feedfire,97922.07,EUR
Jose,Hart,jhartl7@nationalgeographic.com,Portugal,Male,Serra da Silveira,Twiyo,95512.55,EUR
Louise,Crawford,lcrawfordl8@ucla.edu,Portugal,Female,Queluz,Oyoyo,,EUR
Denise,Anderson,dandersonl9@blogs.com,Philippines,Female,Impalutao,Divavu,32839.29,PHP
Donna,Clark,dclarkla@cbc.ca,Kazakhstan,Female,Kokterek,Yodel,3024.52,KZT
William,Shaw,wshawlb@berkeley.edu,Japan,Male,Yatsushiro,Fatz,39338.79,JPY
Wanda,Cooper,wcooperlc@1688.com,Japan,Female,Fujieda,Topiclounge,94412.46,JPY
Lillian,Andrews,landrewsld@unicef.org,Brazil,Female,São Francisco do Conde,Tanoodle,14788.53,BRL
Aaron,Gibson,agibsonle@msu.edu,Portugal,Male,Lages,Buzzshare,,EUR
Patrick,Smith,psmithlf@wired.com,Netherlands,Male,Almelo,Zoomdog,82561.38,EUR
John,Walker,jwalkerlg@japanpost.jp,Afghanistan,Male,Barakī Barak,Kwinu,19988.67,AFN
Teresa,Stewart,tstewartlh@miibeian.gov.cn,Russia,Female,Burevestnik,Trudeo,81410.07,RUB
Margaret,Lawrence,mlawrenceli@rediff.com,Belarus,Female,Sasnovy Bor,Demivee,86333.66,BYR
Henry,Frazier,hfrazierlj@hubpages.com,Indonesia,Male,Bogorejo,Mynte,8199.95,IDR
Jean,Snyder,jsnyderlk@artisteer.com,China,Female,Dizhai,Yakidoo,,CNY
Lillian,Phillips,lphillipsll@elpais.com,Russia,Female,Orichi,Blogpad,6524.80,RUB
Robert,Turner,rturnerlm@posterous.com,Thailand,Male,Ban Talat Bueng,Skalith,,THB
Paula,Gardner,pgardnerln@e-recht24.de,France,Female,Lucé,InnoZ,,EUR
Todd,Gibson,tgibsonlo@fda.gov,Indonesia,Male,Siwalan,Zava,,IDR
Elizabeth,Dunn,edunnlp@sina.com.cn,Philippines,Female,Davao,JumpXS,3760.17,PHP
Barbara,Martinez,bmartinezlq@fotki.com,United States,Female,Buffalo,Fatz,7174.98,USD
Steven,Moore,smoorelr@blogtalkradio.com,Japan,Male,Yoshida-kasugachō,Mydo,21872.91,JPY
Kathryn,Williamson,kwilliamsonls@eepurl.com,Tanzania,Female,Kijini,Tagcat,53131.23,TZS
Janice,Bryant,jbryantlt@angelfire.com,Poland,Female,Czerniejewo,Ainyx,10869.58,PLN
Brian,Gutierrez,bgutierrezlu@meetup.com,Russia,Male,Mirnyy,Plajo,,RUB
John,Greene,jgreenelv@networksolutions.com,Honduras,Male,El Socorro,Geba,2340.36,HNL
Norma,Foster,nfosterlw@tmall.com,Indonesia,Female,Sendang,Linktype,61053.29,IDR
Carl,Flores,cfloreslx@businesswire.com,Sweden,Male,Tomteboda,Realpoint,28382.51,SEK
Ernest,Harris,eharrisly@marketwatch.com,Philippines,Male,San Teodoro,Feedmix,17258.92,PHP
Nicholas,Ross,nrosslz@nationalgeographic.com,Russia,Male,Kamenka,Skyvu,79637.60,RUB
Jane,Rodriguez,jrodriguezm0@storify.com,Poland,Female,Mrzezino,Yodel,26121.53,PLN
Jason,Mccoy,jmccoym1@so-net.ne.jp,Portugal,Male,Porto Formoso,Centizu,43883.86,EUR
Helen,Freeman,hfreemanm2@soup.io,China,Female,Meilong,Dabjam,51355.32,CNY
Sharon,Stevens,sstevensm3@tripadvisor.com,Philippines,Female,Baculongan,Edgeify,78269.38,PHP
Jonathan,Ramos,jramosm4@ning.com,Czech Republic,Male,Višňové,Bluezoom,26164.41,CZK
Laura,Larson,llarsonm5@google.cn,Iran,Female,Ābdānān,Riffwire,,IRR
Harry,Gutierrez,hgutierrezm6@cafepress.com,China,Male,Yushanpu,Tambee,36169.68,CNY
Stephen,Stephens,sstephensm7@cloudflare.com,Japan,Male,Fuji,Topicshots,,JPY
Linda,Rivera,lriveram8@paginegialle.it,China,Female,Caohe,Miboo,52102.50,CNY
Sarah,Fisher,sfisherm9@barnesandnoble.com,Canada,Female,L'Épiphanie,Tagfeed,56356.22,CAD
Gloria,Rice,gricema@ameblo.jp,Brazil,Female,São Sebastião,Avamm,83132.00,BRL
Harry,Powell,hpowellmb@chicagotribune.com,Russia,Male,Pleshanovo,Latz,37243.89,RUB
Antonio,Hansen,ahansenmc@blogtalkradio.com,Somalia,Male,Ceelbuur,Pixonyx,,SOS
Charles,Ryan,cryanmd@biglobe.ne.jp,Portugal,Male,Cabouco,Voolith,87372.40,EUR
Jessica,Peterson,jpetersonme@barnesandnoble.com,Brazil,Female,Campo Grande,Feedfish,86321.41,BRL
Brenda,Ramirez,bramirezmf@virginia.edu,Nigeria,Female,Idi Iroko,Brightbean,24918.93,NGN
Bobby,Meyer,bmeyermg@cnbc.com,Vietnam,Male,Xuân Trường,Thoughtworks,74382.07,VND
Scott,Chapman,schapmanmh@chicagotribune.com,Zimbabwe,Male,Mazowe,Oyope,22872.25,ZWL
Anna,Stephens,astephensmi@youtube.com,Russia,Female,Cheremshan,Miboo,9538.44,RUB
Tina,Edwards,tedwardsmj@google.es,Russia,Female,Kostino,Wikido,20027.60,RUB
Janice,Kelley,jkelleymk@answers.com,China,Female,Jishui,Shuffletag,20667.71,CNY
Jason,Miller,jmillerml@tamu.edu,Indonesia,Male,Kiruru,Muxo,61374.92,IDR
Lillian,Carr,lcarrmm@cnn.com,Russia,Female,Mortka,Tazzy,58345.03,RUB
Shirley,Gilbert,sgilbertmn@marriott.com,China,Female,Wenquan,Meedoo,88661.39,CNY
Ruth,Perez,rperezmo@unblog.fr,Ghana,Female,Tafo,Zava,99669.56,GHS
Virginia,Andrews,vandrewsmp@vinaora.com,Argentina,Female,General Enrique Godoy,Feedspan,76804.38,ARS
Mark,Gonzales,mgonzalesmq@jalbum.net,Portugal,Male,São Domingos,Meezzy,61677.71,EUR
Carol,Bowman,cbowmanmr@opensource.org,Sweden,Female,Nässjö,LiveZ,74088.26,SEK
Thomas,Murray,tmurrayms@pen.io,Iran,Male,Bandar-e Lengeh,Avavee,11493.49,IRR
Judith,Day,jdaymt@google.ru,Israel,Female,Naḥf,Flashpoint,83100.79,ILS
Alice,Moreno,amorenomu@eventbrite.com,Philippines,Female,Buang,Buzzster,326.92,PHP
Margaret,Ruiz,mruizmv@ucoz.ru,Peru,Female,Changuillo,Zoombeat,79124.08,PEN
Walter,Ellis,wellismw@statcounter.com,Ireland,Male,Malahide,Feedmix,13377.06,EUR
Eric,Lewis,elewismx@yelp.com,Indonesia,Male,Umbultanjung,Gabvine,11426.40,IDR
Jose,Freeman,jfreemanmy@prlog.org,Cyprus,Male,Psevdás,Yakijo,90658.47,EUR
Amanda,Jackson,ajacksonmz@forbes.com,Russia,Female,Duba-Yurt,Oyonder,32245.60,RUB
Roy,Gonzalez,rgonzalezn0@cornell.edu,Indonesia,Male,Maguan,Voonte,2395.49,IDR
Samuel,Ryan,sryann1@lulu.com,Brazil,Male,Arroio Grande,Meeveo,96100.90,BRL
Gary,Holmes,gholmesn2@army.mil,China,Male,Jieshui,Avamm,5175.77,CNY
Janet,Schmidt,jschmidtn3@bluehost.com,Philippines,Female,Bunog,Quimba,,PHP
Ruby,Cook,rcookn4@w3.org,France,Female,Rungis,Meevee,14347.70,EUR
Timothy,Williams,twilliamsn5@reverbnation.com,Nigeria,Male,Awka,Topiczoom,36675.10,NGN
Betty,Lee,bleen6@ycombinator.com,Russia,Female,Pereyaslovskaya,Topicstorm,,RUB
Joseph,Hill,jhilln7@booking.com,Brazil,Male,Belo Horizonte,Meevee,57255.97,BRL
Anne,Hill,ahilln8@ca.gov,China,Female,Liaozhong,Brainlounge,47964.81,CNY
Kevin,Hamilton,khamiltonn9@furl.net,China,Male,Lijia,Pixoboo,71661.28,CNY
Marie,Payne,mpaynena@scribd.com,Indonesia,Female,Banjar Dauhmargi,Skilith,62830.22,IDR
Tina,Allen,tallennb@angelfire.com,France,Female,Agen,Miboo,44573.89,EUR
Robin,Little,rlittlenc@themeforest.net,Tunisia,Female,Siliana,Agimba,40383.49,TND
Carlos,Henry,chenrynd@wikimedia.org,Yemen,Male,Ash Shuqayrah,Quire,80709.05,YER
Ernest,Rose,erosene@tmall.com,Indonesia,Male,Sampit,Skimia,93609.37,IDR
Martin,Boyd,mboydnf@psu.edu,China,Male,Pujijie,Twitterwire,,CNY
Fred,Hunter,fhunterng@networksolutions.com,Yemen,Male,Dhahi,Vidoo,9267.94,YER
Kathryn,Day,kdaynh@cbc.ca,Indonesia,Female,Kajisara,Thoughtsphere,55677.62,IDR
Helen,Baker,hbakerni@bloomberg.com,China,Female,Meishan,Skyba,94709.54,CNY
Sean,Crawford,scrawfordnj@ftc.gov,Bulgaria,Male,Byala,Topicblab,10795.09,BGN
Nicholas,Hunter,nhunternk@bloglines.com,Indonesia,Male,Manggissari,Demimbu,56686.45,IDR
Clarence,Pierce,cpiercenl@disqus.com,China,Male,Yunfu,Muxo,90384.41,CNY
Lois,Mills,lmillsnm@cornell.edu,Philippines,Female,Cabatuan,Jabbertype,4676.96,PHP
Deborah,Cox,dcoxnn@github.com,Spain,Female,Sevilla,Yacero,42258.80,EUR
Earl,Lane,elaneno@360.cn,Hungary,Male,Érd,Plajo,53168.87,HUF
Craig,Howell,chowellnp@comcast.net,Philippines,Male,Bayabas,Livefish,88495.19,PHP
Karen,Gibson,kgibsonnq@icio.us,China,Female,Lengshuijing,Quire,80584.85,CNY
Kathleen,Matthews,kmatthewsnr@nyu.edu,China,Female,Nyinqug,Youfeed,74197.51,CNY
Lois,Mason,lmasonns@indiatimes.com,China,Female,Sanli,Yabox,43826.65,CNY
Kimberly,Richards,krichardsnt@google.ru,Kenya,Female,Rongai,Youtags,72710.63,KES
Ernest,Coleman,ecolemannu@bluehost.com,Spain,Male,Sant Cugat Del Valles,Topdrive,,EUR
Carolyn,Hamilton,chamiltonnv@macromedia.com,Dominican Republic,Female,Constanza,Browsetype,28564.45,DOP
Ashley,Burns,aburnsnw@cyberchimps.com,Ethiopia,Female,Addiet Canna,Gevee,54356.85,ETB
Jessica,Davis,jdavisnx@redcross.org,Indonesia,Female,Garajati,Gabcube,54393.46,IDR
Frank,Hunter,fhunterny@umich.edu,Ghana,Male,Keta,Meeveo,36743.58,GHS
Carl,Mendoza,cmendozanz@umich.edu,Japan,Male,Ina,Kamba,64734.88,JPY
Jacqueline,Matthews,jmatthewso0@oakley.com,Uzbekistan,Female,Navoiy,Kare,22933.13,UZS
Billy,Hudson,bhudsono1@last.fm,Poland,Male,Budziszewice,Eayo,33572.94,PLN
Fred,Berry,fberryo2@ftc.gov,Morocco,Male,Bigoudine,Oyoloo,,MAD
Anna,Peterson,apetersono3@prlog.org,Swaziland,Female,Darkton,Feedfire,26886.67,SZL
Evelyn,Kennedy,ekennedyo4@msn.com,China,Female,Yashao,Agimba,,CNY
Mark,Welch,mwelcho5@unicef.org,China,Male,Taishang,Rhyloo,98245.70,CNY
Lisa,Welch,lwelcho6@mozilla.com,Philippines,Female,Liloy,Mydeo,7292.09,PHP
Joshua,Greene,jgreeneo7@live.com,China,Male,Shazhou,Meedoo,31553.86,CNY
Eugene,Murray,emurrayo8@google.pl,China,Male,Yutou,Leexo,,CNY
Martin,Robertson,mrobertsono9@wix.com,United States,Male,Phoenix,Riffpedia,55636.53,USD
Debra,Spencer,dspenceroa@hc360.com,China,Female,Dikou,Wordpedia,60271.33,CNY
Sean,Franklin,sfranklinob@scientificamerican.com,Mexico,Male,Santa Cruz,Mudo,99752.61,MXN
Joseph,Robinson,jrobinsonoc@phpbb.com,China,Male,Yanshang,Aimbo,52212.47,CNY
Lois,Adams,ladamsod@house.gov,China,Female,Laiguangying,Einti,90523.57,CNY
Janet,Gibson,jgibsonoe@independent.co.uk,China,Female,Aimin,Blogtag,96167.81,CNY
Bruce,Palmer,bpalmerof@etsy.com,Russia,Male,Aleysk,Demizz,89746.78,RUB
Eugene,Wheeler,ewheelerog@free.fr,Liechtenstein,Male,Balzers,Roombo,93220.61,CHF
Diana,Montgomery,dmontgomeryoh@baidu.com,China,Female,Liaoyang,Trupe,56008.23,CNY
Jean,Fisher,jfisheroi@cbsnews.com,China,Female,Beichengqu,Devshare,71520.47,CNY
Philip,James,pjamesoj@huffingtonpost.com,Indonesia,Male,Kuala Tuha,Rhyloo,47557.53,IDR
Mark,Perkins,mperkinsok@businessinsider.com,Dominican Republic,Male,El Cacao,Vimbo,88934.14,DOP
Joyce,Simmons,jsimmonsol@technorati.com,Indonesia,Female,Doibang,Meembee,57417.30,IDR
Pamela,Holmes,pholmesom@redcross.org,Canada,Female,Summerside,Izio,27927.74,CAD
Mark,Wheeler,mwheeleron@w3.org,China,Male,Cuihuangkou,Eare,41299.70,CNY
David,Porter,dporteroo@prnewswire.com,Russia,Male,Novaya Igirma,Jabbercube,37693.73,RUB
Charles,Mitchell,cmitchellop@yahoo.co.jp,France,Male,Caen,Innotype,,EUR
Annie,Powell,apowelloq@typepad.com,France,Female,Troyes,Riffpedia,75966.71,EUR
Rachel,Webb,rwebbor@nationalgeographic.com,Pakistan,Female,Sohbatpur,Oodoo,,PKR
Walter,Wagner,wwagneros@seesaa.net,Indonesia,Male,Batas Barat,Jazzy,,IDR
Frances,Porter,fporterot@bigcartel.com,Indonesia,Female,Gunung Timur,Photolist,87321.45,IDR
Anna,Fields,afieldsou@hostgator.com,Guinea,Female,Télimélé,Yakitri,,GNF
Lillian,Jordan,ljordanov@pcworld.com,China,Female,Jinhe,Mymm,84077.95,CNY
Earl,Hernandez,ehernandezow@nps.gov,Russia,Male,Krasnaya Polyana,Photolist,31068.44,RUB
Carol,Martin,cmartinox@oakley.com,China,Female,Feicheng,Meemm,58942.70,CNY
Helen,Hansen,hhansenoy@yahoo.co.jp,Philippines,Female,Bambang,Skinix,36718.61,PHP
Cynthia,Shaw,cshawoz@tripod.com,China,Female,Jiahe,Edgeclub,,CNY
Johnny,Richards,jrichardsp0@pen.io,Philippines,Male,Ramos,Voonte,34448.04,PHP
Michael,Kelley,mkelleyp1@gov.uk,Russia,Male,Fëdorovskoye,Blogtag,96667.44,RUB
Jonathan,Arnold,jarnoldp2@icio.us,Japan,Male,Hekinan,Feedfish,6934.99,JPY
William,Wells,wwellsp3@blogspot.com,Ethiopia,Male,Dabat,Skilith,35772.05,ETB
Carolyn,Reid,creidp4@nymag.com,Vietnam,Female,Tam Bình,Tazz,,VND
Craig,Burton,cburtonp5@storify.com,Brazil,Male,Pindamonhangaba,Thoughtstorm,51275.78,BRL
Helen,Gray,hgrayp6@cloudflare.com,Argentina,Female,Los Charrúas,Photobug,56767.90,ARS
Phillip,Powell,ppowellp7@discovery.com,Sri Lanka,Male,Negombo,Dynabox,14299.62,LKR
Alan,Spencer,aspencerp8@theguardian.com,China,Male,Yangqing,Ainyx,17875.46,CNY
Annie,Cooper,acooperp9@miitbeian.gov.cn,Poland,Female,Chwałowice,Jetpulse,24518.62,PLN
Martin,Gonzalez,mgonzalezpa@cdc.gov,Argentina,Male,Marcos Juárez,Oyope,51549.70,ARS
Frances,Moore,fmoorepb@pagesperso-orange.fr,Mongolia,Female,Hatavch,Thoughtworks,78133.59,MNT
Cynthia,Ferguson,cfergusonpc@canalblog.com,Russia,Female,Uvarovo,Meezzy,1432.29,RUB
Nicole,Lopez,nlopezpd@purevolume.com,Philippines,Female,Calumpang,Aibox,90772.14,PHP
Raymond,Williams,rwilliamspe@adobe.com,China,Male,Menghe,Rhycero,41661.91,CNY
Donald,Mitchell,dmitchellpf@google.co.jp,China,Male,Shiguai,Photojam,23105.53,CNY
Gerald,Gonzalez,ggonzalezpg@unesco.org,Finland,Male,Janakkala,Ozu,76149.02,EUR
Carolyn,Turner,cturnerph@bloglovin.com,China,Female,Xinye,Leexo,88267.87,CNY
Billy,Davis,bdavispi@pbs.org,Indonesia,Male,Krajan Ngrambingan,Riffwire,29348.51,IDR
Brandon,Johnston,bjohnstonpj@businesswire.com,Nepal,Male,Pokhara,Aivee,,NPR
Pamela,Armstrong,parmstrongpk@mit.edu,Nigeria,Female,Kamba,Twitterwire,62190.75,NGN
Donald,Peters,dpeterspl@newsvine.com,Brazil,Male,Pinhais,Feedfire,99929.68,BRL
Anne,Lee,aleepm@weebly.com,Russia,Female,Strogino,Skivee,92674.46,RUB
Kathy,Fernandez,kfernandezpn@timesonline.co.uk,United States,Female,San Diego,Roodel,14209.41,USD
Adam,Chapman,achapmanpo@shareasale.com,Iran,Male,Tehrān,Linkbuzz,85818.48,IRR
Heather,Graham,hgrahampp@webs.com,East Timor,Female,Venilale,Photofeed,51798.24,USD
Henry,Alexander,halexanderpq@digg.com,Iran,Male,Āstārā,Gabcube,16561.08,IRR
Julie,Willis,jwillispr@parallels.com,China,Female,Maoping,Zazio,85876.52,CNY
Judy,Berry,jberryps@hhs.gov,China,Female,Xiangjia,Cogilith,67617.41,CNY
Sandra,Webb,swebbpt@nature.com,United States,Female,Minneapolis,Vitz,57807.42,USD
Juan,Simmons,jsimmonspu@trellian.com,Thailand,Male,Samut Prakan,Riffpath,57691.95,THB
Samuel,Ruiz,sruizpv@artisteer.com,China,Male,Suncun,Dablist,15395.13,CNY
Charles,Mason,cmasonpw@washingtonpost.com,Albania,Male,Bulqizë,Meetz,38385.05,ALL
Frances,Banks,fbankspx@github.io,China,Female,Fucha,Tavu,84904.52,CNY
Robin,Wallace,rwallacepy@qq.com,France,Female,Quimper,Twinte,69953.67,EUR
Tina,Franklin,tfranklinpz@myspace.com,Indonesia,Female,Raejeru,Gigaclub,87633.39,IDR
Frank,Mason,fmasonq0@bandcamp.com,Indonesia,Male,Sorren Daya,Realpoint,17444.35,IDR
Lillian,Fox,lfoxq1@usatoday.com,Russia,Female,Kuvshinovo,Edgeify,15433.56,RUB
Frank,Morgan,fmorganq2@meetup.com,China,Male,Yuanyang Zhen,Skibox,70928.83,CNY
Julia,Bennett,jbennettq3@nasa.gov,United States,Female,Dallas,Jatri,6790.14,USD
Ernest,Kim,ekimq4@myspace.com,Portugal,Male,Campos,Browsebug,19106.72,EUR
Ruby,Stevens,rstevensq5@cbc.ca,Brazil,Female,Pedro Leopoldo,Skimia,32808.19,BRL
Norma,Owens,nowensq6@upenn.edu,Malaysia,Female,Ipoh,Ailane,64161.79,MYR
Brandon,Roberts,brobertsq7@google.co.uk,Russia,Male,Klyuchi,Gigashots,40703.96,RUB
Karen,Fowler,kfowlerq8@newyorker.com,China,Female,Dangshun,Topdrive,88210.66,CNY
Theresa,Marshall,tmarshallq9@exblog.jp,China,Female,Garmo,Realbuzz,22103.42,CNY
Jean,Bell,jbellqa@tumblr.com,Philippines,Female,Dassun,Voonix,53799.29,PHP
Michelle,Hunt,mhuntqb@dagondesign.com,China,Female,Taishanmiao,Zoombox,76373.52,CNY
Jeremy,Scott,jscottqc@wikia.com,Yemen,Male,Laḩij,Browsetype,20731.68,YER
Carlos,Kelly,ckellyqd@nyu.edu,Syria,Male,Mūḩ Ḩasan,Devify,,SYP
Sara,Cunningham,scunninghamqe@netlog.com,Argentina,Female,Del Campillo,Oyondu,86374.31,ARS
Paul,Green,pgreenqf@cornell.edu,Sweden,Male,Eskilstuna,Trudoo,43349.11,SEK
Catherine,Patterson,cpattersonqg@aboutads.info,Sweden,Female,Göteborg,Realpoint,,SEK
James,Williamson,jwilliamsonqh@etsy.com,Indonesia,Male,Katabu,Youopia,28667.74,IDR
Diana,Hudson,dhudsonqi@ezinearticles.com,Indonesia,Female,Liang,Livetube,38491.33,IDR
Thomas,Williamson,twilliamsonqj@woothemes.com,Albania,Male,Kushovë,Edgeblab,,ALL
Rose,Hall,rhallqk@aboutads.info,Nigeria,Female,Panyam,Eimbee,6913.64,NGN
Raymond,Jackson,rjacksonql@cargocollective.com,Peru,Male,Pocsi,Photospace,70357.50,PEN
Sarah,Wallace,swallaceqm@bandcamp.com,Thailand,Female,Bang Lamung,Innojam,62898.08,THB
Cheryl,Russell,crussellqn@upenn.edu,Palestinian Territory,Female,Ash Shuyūkh,Eamia,,ILS
Samuel,Cruz,scruzqo@arizona.edu,Kyrgyzstan,Male,Kara Suu,Realcube,82206.00,KGS
Benjamin,Alexander,balexanderqp@edublogs.org,China,Male,Aoshi,Roombo,97067.39,CNY
Jane,Fields,jfieldsqq@gnu.org,Canada,Female,Baie-Comeau,Divape,,CAD
Dennis,Mccoy,dmccoyqr@howstuffworks.com,China,Male,Huangzhawan,Skiba,38143.57,CNY
Joshua,Jenkins,jjenkinsqs@auda.org.au,Sweden,Male,Ekerö,Dabvine,71242.09,SEK
Christine,Riley,crileyqt@fc2.com,Indonesia,Female,Kebon,Jayo,34391.67,IDR
Aaron,Clark,aclarkqu@patch.com,Peru,Male,Colcabamba,Yozio,95078.75,PEN
Sharon,Reid,sreidqv@japanpost.jp,Indonesia,Female,Turus,Photofeed,99797.94,IDR
Michelle,Williams,mwilliamsqw@webnode.com,Malaysia,Female,Kuala Lumpur,Yambee,87170.50,MYR
Bruce,Garcia,bgarciaqx@instagram.com,Venezuela,Male,Aragua de Barcelona,Roomm,43391.34,VEF
Henry,Lane,hlaneqy@auda.org.au,Thailand,Male,Non Narai,Skyba,28364.36,THB
Christine,Woods,cwoodsqz@spiegel.de,Indonesia,Female,Pasanggrahan,Edgeclub,12861.75,IDR
Sara,Adams,sadamsr0@jalbum.net,Canada,Female,Peterborough,Edgeify,75208.50,CAD
Kimberly,Anderson,kandersonr1@tinyurl.com,Vietnam,Female,Vũ Thư,Oyondu,59322.47,VND
Jonathan,Berry,jberryr2@usgs.gov,China,Male,Butahai,Nlounge,98784.52,CNY
Kathryn,Stone,kstoner3@theglobeandmail.com,China,Female,Dabu,Dynabox,32290.48,CNY
Sarah,Richards,srichardsr4@sciencedaily.com,Kenya,Female,Kihancha,Mymm,63063.85,KES
Sharon,Ray,srayr5@nih.gov,Ukraine,Female,Donetsk,Blogtags,54314.38,UAH
Martha,Flores,mfloresr6@china.com.cn,China,Female,Gala,Aimbo,70758.80,CNY
Stephen,Perkins,sperkinsr7@miitbeian.gov.cn,Paraguay,Male,Caacupé,Thoughtsphere,11991.84,PYG
Beverly,Daniels,bdanielsr8@elpais.com,Indonesia,Female,Tanjung Palas,Devshare,60197.48,IDR
Lisa,Arnold,larnoldr9@cmu.edu,France,Female,Auch,Talane,45774.92,EUR
Mark,Mitchell,mmitchellra@tripadvisor.com,United States,Male,Jacksonville,Bluezoom,,USD
Richard,Olson,rolsonrb@netvibes.com,Brazil,Male,Elói Mendes,Riffpath,,BRL
Larry,Taylor,ltaylorrc@com.com,Indonesia,Male,Tilamuta,Fanoodle,67969.27,IDR
Marie,Stevens,mstevensrd@gnu.org,China,Female,Shuangyang,Shuffletag,57168.80,CNY
Sarah,Cook,scookre@deliciousdays.com,Philippines,Female,Polo,InnoZ,75435.94,PHP
Wanda,Spencer,wspencerrf@addthis.com,Germany,Female,Mönchengladbach,Yombu,86523.72,EUR
Fred,Jones,fjonesrg@godaddy.com,Libya,Male,Marādah,Feedfish,6546.81,LYD
Andrea,Hanson,ahansonrh@ed.gov,Philippines,Female,Labrador,Trupe,64101.15,PHP
Catherine,Ellis,cellisri@mediafire.com,Ukraine,Female,Kotel’va,Yambee,88862.27,UAH
Fred,Dean,fdeanrj@i2i.jp,China,Male,Mingzhong,Yabox,22558.52,CNY
Chris,Schmidt,cschmidtrk@tripod.com,France,Male,Saint-Jean-de-Luz,Oyoba,89898.90,EUR
Donald,Cook,dcookrl@prlog.org,Indonesia,Male,Wadi Kidul,Riffpath,30813.98,IDR
Thomas,Ferguson,tfergusonrm@taobao.com,Poland,Male,Malanów,Dabtype,71214.59,PLN
Philip,Price,ppricern@vk.com,Thailand,Male,Ko Pha Ngan,Skaboo,97120.54,THB
Emily,Brooks,ebrooksro@dailymotion.com,Nepal,Female,Bardiyā,Bluejam,27800.50,NPR
Frances,Tucker,ftuckerrp@paypal.com,Brazil,Female,Aracaju,Browsetype,,BRL
Mark,Smith,msmithrq@reference.com,Poland,Male,Podebłocie,Jabbercube,85388.44,PLN
Sarah,Medina,smedinarr@artisteer.com,China,Female,Shangyi,Yoveo,33035.29,CNY
