Fred,Carr,fcarr0@a8.net,Senegal,Male,Ndibène Dahra,Twimm,15977.62,XOF
Joshua,Gardner,jgardner1@woothemes.com,Colombia,Male,Fusagasuga,Gabvine,95038.41,COP
Dennis,Hall,dhall2@dropbox.com,Portugal,Male,Rio Meão,Realfire,6942.09,EUR
Marilyn,Martin,mmartin3@pinterest.com,Indonesia,Female,Bonebone,Yadel,12158.73,IDR
Betty,Cunningham,bcunningham4@plala.or.jp,Philippines,Female,Panalingaan,Photobean,40562.11,PHP
Larry,Roberts,lroberts5@cbsnews.com,Egypt,Male,Al Ḩawāmidīyah,Camimbo,46085.44,EGP
Debra,Mccoy,dmccoy6@indiatimes.com,Madagascar,Female,Ambanja,Abatz,94310.20,MGA
Dorothy,Kelly,dkelly7@prweb.com,China,Female,Shigu,Flipstorm,,CNY
Norma,Ramirez,nramirez8@qq.com,Philippines,Female,San Alejandro,Roomm,7772.72,PHP
Beverly,Freeman,bfreeman9@wp.com,Honduras,Female,Lepaterique,Yacero,63821.93,HNL
Theresa,Brown,tbrowna@wikispaces.com,Portugal,Female,Picoto,Linkbuzz,17706.71,EUR
Matthew,Elliott,melliottb@posterous.com,Argentina,Male,Sunchales,Quire,,ARS
Sarah,Cox,scoxc@foxnews.com,France,Female,Paris La Défense,Browsedrive,81851.10,EUR
Andrew,Mccoy,amccoyd@blinklist.com,Algeria,Male,Ait Ali,Quimm,5798.60,DZD
Joseph,Castillo,jcastilloe@rakuten.co.jp,Palestinian Territory,Male,Immātīn,Youfeed,,ILS
Martin,Schmidt,mschmidtf@go.com,Panama,Male,Las Palmas,Divape,75895.56,PAB
Kathryn,Washington,kwashingtong@constantcontact.com,China,Female,Qilin,Twitterlist,65788.05,CNY
Paula,Clark,pclarkh@friendfeed.com,Indonesia,Female,Krajandadapmulyo,Edgeify,54508.99,IDR
Rebecca,Shaw,rshawi@joomla.org,Peru,Female,Quivilla,Bubbletube,21366.76,PEN
Gloria,Johnson,gjohnsonj@businessweek.com,Indonesia,Female,Gempol,Jabberbean,52352.43,IDR
Heather,Burke,hburkek@ucla.edu,China,Female,Baicaogou,Photobug,25105.08,CNY
Cheryl,Crawford,ccrawfordl@yandex.ru,Kyrgyzstan,Female,Karakol,Twimm,91938.27,KGS
Wayne,Kim,wkimm@sourceforge.net,China,Male,Qiandeng,Shufflester,85755.04,CNY
Marilyn,Pierce,mpiercen@imageshack.us,Palestinian Territory,Female,Bidyā,Skalith,80076.25,ILS
Phyllis,Fowler,pfowlero@netscape.com,Cameroon,Female,Mamfe,Tagpad,29913.11,XAF
Ryan,Howell,rhowellp@eventbrite.com,Russia,Male,Ust’-Dzheguta,Twimm,87790.20,RUB
Elizabeth,Castillo,ecastilloq@moonfruit.com,Colombia,Female,Fundación,Thoughtworks,96713.19,COP
Paul,Rice,pricer@mtv.com,Thailand,Male,Non Sila,Kare,28900.67,THB
Shirley,Gomez,sgomezs@technorati.com,Macedonia,Female,Bedinje,Mycat,37320.32,MKD
Julie,Roberts,jrobertst@msn.com,Albania,Female,Hot,Tavu,90180.10,ALL
Judy,Rodriguez,jrodriguezu@yellowbook.com,China,Female,Changhao,Realpoint,16359.41,CNY
Jane,Bishop,jbishopv@omniture.com,Finland,Female,Joroinen,Browsezoom,54726.47,EUR
Brandon,Chapman,bchapmanw@marriott.com,Poland,Male,Wapno,Twimm,59881.57,PLN
Alan,Anderson,aandersonx@ustream.tv,Brazil,Male,Gravataí,Skajo,97531.01,BRL
Jack,Alexander,jalexandery@virginia.edu,Philippines,Male,Agbannawag,Tazzy,58651.24,PHP
Harry,Kim,hkimz@webmd.com,China,Male,Jianggang,Einti,40325.95,CNY
Clarence,Diaz,cdiaz10@dion.ne.jp,Colombia,Male,Margarita,Devcast,94479.84,COP
Ashley,Webb,awebb11@yahoo.com,Indonesia,Female,Karang Daye,Gabcube,83478.50,IDR
Johnny,Hunt,jhunt12@smugmug.com,China,Male,Daba,Photobug,55734.71,CNY
Kenneth,Alexander,kalexander13@telegraph.co.uk,Poland,Male,Łyse,Katz,68394.00,PLN
Sandra,Price,sprice14@paginegialle.it,China,Female,Pengchang,Skipstorm,6092.12,CNY
Justin,Arnold,jarnold15@ezinearticles.com,Ukraine,Male,Boyarka,Skimia,57800.20,UAH
David,Fisher,dfisher16@sitemeter.com,Czech Republic,Male,Loštice,Innojam,97282.62,CZK
Anthony,Andrews,aandrews17@tinyurl.com,Nepal,Male,Malangwa,Avavee,22272.11,NPR
Donald,Burton,dburton18@istockphoto.com,Togo,Male,Badou,Trilia,14302.09,XOF
Justin,Burns,jburns19@apple.com,Thailand,Male,Phichit,Livefish,74765.25,THB
Jack,Wagner,jwagner1a@ca.gov,China,Male,Zhangping,Babbleblab,8329.46,CNY
Roy,Taylor,rtaylor1b@state.tx.us,Kyrgyzstan,Male,Iradan,Wikizz,54032.53,KGS
Wanda,Wheeler,wwheeler1c@prlog.org,China,Female,Yunxian Chengguanzhen,Livefish,42770.27,CNY
Tina,Adams,tadams1d@toplist.cz,China,Female,Derbur,Linktype,5340.40,CNY
Denise,Garcia,dgarcia1e@friendfeed.com,France,Female,Maubeuge,Skyvu,97848.61,EUR
Gerald,Simmons,gsimmons1f@123-reg.co.uk,China,Male,Liqiao,Realmix,17367.91,CNY
Andrew,Rivera,arivera1g@slate.com,Indonesia,Male,Bangker,Latz,18672.16,IDR
Harry,Jordan,hjordan1h@joomla.org,Brazil,Male,Diamantino,Rhyloo,36200.61,BRL
Edward,Dixon,edixon1i@mtv.com,China,Male,Tianxin,Eimbee,27371.54,CNY
Amy,Crawford,acrawford1j@netlog.com,Afghanistan,Female,Tsowkêy,Leenti,97582.42,AFN
Wayne,Martinez,wmartinez1k@friendfeed.com,Honduras,Male,San Jerónimo,Shuffletag,91804.64,HNL
Mark,Kelley,mkelley1l@comsenz.com,United States,Male,New York City,Realfire,34251.64,USD
Anthony,Lewis,alewis1m@narod.ru,Japan,Male,Urayasu,LiveZ,30407.54,JPY
Heather,Rodriguez,hrodriguez1n@indiegogo.com,Philippines,Female,Aga,LiveZ,94642.71,PHP
Justin,Matthews,jmatthews1o@chron.com,Mexico,Male,El Mirador,Yakitri,67387.04,MXN
Lawrence,Garrett,lgarrett1p@blinklist.com,Czech Republic,Male,Červenka,Vipe,47635.72,CZK
Evelyn,Wagner,ewagner1q@meetup.com,Palestinian Territory,Female,Khursā,Babbleset,51507.36,ILS
Gerald,Gordon,ggordon1r@ow.ly,Thailand,Male,Warin Chamrap,Devshare,34391.40,THB
Jessica,Kennedy,jkennedy1s@slashdot.org,United States,Female,Arlington,Brightbean,43636.63,USD
Joe,Parker,jparker1t@cnet.com,France,Male,Étampes,Riffpedia,47383.76,EUR
Lawrence,Walker,lwalker1u@wp.com,Argentina,Male,Santa Lucía,Kwimbee,37307.31,ARS
Joe,Ruiz,jruiz1v@usda.gov,China,Male,Changlu,Voonix,65014.09,CNY
Paula,Berry,pberry1w@unicef.org,Philippines,Female,Estancia,Linkbuzz,37439.70,PHP
Anna,Brooks,abrooks1x@opera.com,Russia,Female,Burtunay,Photobug,98085.00,RUB
Roy,Torres,rtorres1y@cocolog-nifty.com,China,Male,Haicheng,Feednation,14166.40,CNY
Harry,Rice,hrice1z@dot.gov,Indonesia,Male,Lai Lai Bisi Kopan,Mydo,93691.70,IDR
Linda,Davis,ldavis20@hugedomains.com,Sweden,Female,Stockholm,Ozu,29447.83,SEK
Johnny,Little,jlittle21@vistaprint.com,Brazil,Male,São Borja,Realfire,56622.50,BRL
Donna,Cruz,dcruz22@admin.ch,China,Female,Bayan,Zoombeat,96343.99,CNY
Joshua,Porter,jporter23@flavors.me,Zambia,Male,Nchelenge,Skinix,67661.98,ZMW
Rachel,Mitchell,rmitchell24@themeforest.net,Brazil,Female,Cuiabá,Youopia,,BRL
Craig,White,cwhite25@netlog.com,Portugal,Male,Cobre,Jaxworks,9174.38,EUR
Julia,Nichols,jnichols26@multiply.com,Philippines,Female,Puerto Galera,Skidoo,56459.79,PHP
Jesse,Hamilton,jhamilton27@amazon.co.jp,Japan,Male,Iwase,Jetpulse,26295.85,JPY
Henry,Meyer,hmeyer28@so-net.ne.jp,Philippines,Male,Bayuin,Youspan,,PHP
Henry,Webb,hwebb29@mozilla.org,Mexico,Male,Venustiano Carranza,Wordify,67055.64,MXN
Cheryl,Alvarez,calvarez2a@prnewswire.com,Czech Republic,Female,Brniště,Quimba,76885.37,CZK
Wayne,Larson,wlarson2b@census.gov,Philippines,Male,Canturay,Voolia,84426.17,PHP
Adam,Brown,abrown2c@naver.com,Portugal,Male,Santa Cruz das Flores,Agimba,5548.69,EUR
Jose,Woods,jwoods2d@dailymotion.com,China,Male,Xingou,Mycat,37773.22,CNY
James,Torres,jtorres2e@opera.com,Poland,Male,Raciążek,Tagtune,,PLN
Brandon,Weaver,bweaver2f@deviantart.com,Mongolia,Male,Tsagaanders,Kazu,31908.44,MNT
Joe,Morris,jmorris2g@dropbox.com,Japan,Male,Moriyama,Flipopia,25416.29,JPY
Chris,Bishop,cbishop2h@yandex.ru,Argentina,Male,Médanos,Linktype,57620.01,ARS
Roy,Mitchell,rmitchell2i@sphinn.com,Netherlands,Male,Eindhoven,Gigaclub,51317.17,EUR
Joyce,Phillips,jphillips2j@diigo.com,China,Female,Xinxing,Dynabox,80190.45,CNY
Heather,Howard,hhoward2k@abc.net.au,Portugal,Female,Outeiro Seco,Buzzdog,54887.59,EUR
Brandon,Fernandez,bfernandez2l@google.es,Russia,Male,Tavricheskoye,Topicshots,,RUB
Paula,Pierce,ppierce2m@lulu.com,China,Female,Yangjiafang,Lajo,72771.83,CNY
Janice,Thompson,jthompson2n@engadget.com,France,Female,Rodez,Midel,18579.77,EUR
William,Rivera,wrivera2o@prlog.org,China,Male,Tuojiang,Zoomlounge,10070.02,CNY
Shawn,Fowler,sfowler2p@e-recht24.de,Vietnam,Male,Phúc Thọ,Photolist,45372.99,VND
Joe,Harvey,jharvey2q@youtube.com,Poland,Male,Boguszów-Gorce,Dynazzy,47447.83,PLN
Edward,Chavez,echavez2r@wp.com,Cuba,Male,Artemisa,Shufflester,53643.42,CUP
Patrick,Hudson,phudson2s@last.fm,Poland,Male,Otyń,Edgepulse,53383.94,PLN
Ann,Hudson,ahudson2t@e-recht24.de,China,Female,Datian,Jaxnation,,CNY
Patrick,Dixon,pdixon2u@wordpress.org,Vietnam,Male,Thị Trấn Phước Bửu,Cogilith,52914.02,VND
Shawn,Henderson,shenderson2v@geocities.jp,Croatia,Male,Tužno,Ntag,74362.45,HRK
Joseph,Perry,jperry2w@google.de,Indonesia,Male,Mlawat,Latz,41813.98,IDR
Phyllis,Ross,pross2x@addtoany.com,United States,Female,Sacramento,Centimia,70178.75,USD
Donald,Thomas,dthomas2y@goodreads.com,Brazil,Male,Resplendor,Wordpedia,79898.28,BRL
George,Ramos,gramos2z@ow.ly,Greece,Male,Filótion,Lajo,95394.21,EUR
Brian,White,bwhite30@qq.com,Portugal,Male,Camarate,Yoveo,62085.80,EUR
Patrick,Martinez,pmartinez31@merriam-webster.com,Philippines,Male,San Jacinto,Skimia,78871.62,PHP
Terry,Simmons,tsimmons32@people.com.cn,France,Male,Nanterre,Yodel,72066.51,EUR
Diane,James,djames33@artisteer.com,Serbia,Female,Sombor,Skipstorm,10666.03,RSD
Wanda,Hamilton,whamilton34@hp.com,China,Female,Huangzhuang,Browsebug,15698.58,CNY
Julia,Boyd,jboyd35@amazonaws.com,China,Female,Baishan,Fliptune,85875.77,CNY
Bobby,Duncan,bduncan36@friendfeed.com,Sweden,Male,Landskrona,Meejo,920.12,SEK
Jesse,Harper,jharper37@plala.or.jp,China,Male,Xiangshi,Kwideo,29217.33,CNY
Gloria,Hunt,ghunt38@blogspot.com,Nepal,Female,Bāglung,Quimm,93952.93,NPR
Linda,Reed,lreed39@goodreads.com,Sweden,Female,Sundsvall,Mydeo,65218.43,SEK
Wanda,Mason,wmason3a@gizmodo.com,United States,Female,Denton,Omba,13065.36,USD
Jonathan,Ramos,jramos3b@whitehouse.gov,Russia,Male,Chelyabinsk,Kaymbo,6343.89,RUB
Samuel,Rice,srice3c@google.com.hk,Russia,Male,Sovetskaya,Tambee,61537.95,RUB
Katherine,Edwards,kedwards3d@cpanel.net,Philippines,Female,Balaoang,Devify,96463.73,PHP
Maria,Hernandez,mhernandez3e@mac.com,China,Female,Honghualiangzi,Realbuzz,21558.37,CNY
Pamela,Mendoza,pmendoza3f@tinypic.com,Portugal,Female,Torre,Blogpad,86746.93,EUR
Christina,Burns,cburns3g@free.fr,Chile,Female,Puerto Montt,Zoombeat,84412.24,CLP
Wanda,Gonzalez,wgonzalez3h@umich.edu,China,Female,Dongjiao,Youtags,49294.48,CNY
James,Miller,jmiller3i@psu.edu,United States,Male,Terre Haute,Jayo,96800.95,USD
Eric,Ross,eross3j@xrea.com,Russia,Male,Zheleznogorsk,Ntags,4799.75,RUB
Debra,Wright,dwright3k@goo.gl,Norway,Female,Bergen,Browsezoom,24324.44,NOK
Virginia,Sims,vsims3l@istockphoto.com,Indonesia,Female,Salinggara,Demimbu,61908.81,IDR
Kathleen,Bishop,kbishop3m@free.fr,Madagascar,Female,Ampasimanolotra,Yata,78018.81,MGA
Aaron,Morgan,amorgan3n@wiley.com,Ukraine,Male,Novhorod-Sivers’kyy,Kwinu,57856.05,UAH
Diana,Harris,dharris3o@goodreads.com,Luxembourg,Female,Useldange,Wikizz,38319.60,EUR
Linda,Torres,ltorres3p@google.pl,Russia,Female,Lyubokhna,Teklist,14145.18,RUB
Carl,Gonzales,cgonzales3q@alibaba.com,China,Male,Huazhuang,Oyoyo,49246.57,CNY
Jose,Brooks,jbrooks3r@bbc.co.uk,Indonesia,Male,Sukamaju Kidul,Dazzlesphere,18270.61,IDR
Lori,Perez,lperez3s@istockphoto.com,Philippines,Female,San Vicente,Zoovu,32998.40,PHP
Scott,Hall,shall3t@angelfire.com,Colombia,Male,Algeciras,Meemm,14742.94,COP
Marie,Pierce,mpierce3u@rambler.ru,Poland,Female,Pszczew,Thoughtstorm,64325.24,PLN
Scott,Payne,spayne3v@multiply.com,Indonesia,Male,Pasirtujuhpuluh,Tagchat,25744.05,IDR
Patricia,Russell,prussell3w@theguardian.com,China,Female,Xincheng,Skinder,37701.08,CNY
Todd,Ortiz,tortiz3x@abc.net.au,Sweden,Male,Angered,Bubbletube,67003.32,SEK
Kevin,Bell,kbell3y@wiley.com,Democratic Republic of the Congo,Male,Yangambi,Tavu,,CDF
Amanda,Hughes,ahughes3z@home.pl,Poland,Female,Kabaty,Feedbug,19780.13,PLN
Jesse,Hanson,jhanson40@google.co.uk,Serbia,Male,Lajkovac,Mita,27058.01,RSD
Ryan,Warren,rwarren41@nature.com,Indonesia,Male,Manggu,Dabfeed,391.91,IDR
Louis,Cruz,lcruz42@163.com,Indonesia,Male,Cilaja,Feedfire,50081.55,IDR
Laura,Cruz,lcruz43@furl.net,New Zealand,Female,Maketu,Thoughtblab,6762.85,NZD
Gloria,Palmer,gpalmer44@canalblog.com,China,Female,Saga,Kayveo,92122.52,CNY
Beverly,Cruz,bcruz45@t-online.de,China,Female,Biaokou,Jaloo,39620.86,CNY
Patrick,Harvey,pharvey46@skyrock.com,United States,Male,Anaheim,Tagchat,10255.39,USD
Shirley,Stevens,sstevens47@discuz.net,Russia,Female,Stavropol’,Feednation,90774.91,RUB
Rose,Ramirez,rramirez48@github.io,Poland,Female,Kraczkowa,Jatri,68003.96,PLN
Gloria,Sims,gsims49@google.it,China,Female,Shangsha,Demivee,74206.88,CNY
Diane,Simpson,dsimpson4a@is.gd,China,Female,Tonghong,Skajo,70677.29,CNY
Roy,Sims,rsims4b@nature.com,Colombia,Male,Pelaya,Thoughtsphere,,COP
Antonio,Cole,acole4c@reference.com,Thailand,Male,Yala,Meejo,,THB
Scott,Hart,shart4d@chron.com,Honduras,Male,Iralaya,Realcube,43121.86,HNL
Shawn,Lawrence,slawrence4e@goodreads.com,Finland,Male,Oravais,Zooxo,79360.37,EUR
Angela,Medina,amedina4f@theguardian.com,Japan,Female,Innoshima,Trunyx,884.88,JPY
Betty,Larson,blarson4g@github.com,Portugal,Female,Lapas,Brainsphere,92023.95,EUR
Melissa,Ferguson,mferguson4h@aol.com,China,Female,Lancheng,Flashdog,,CNY
Judy,Warren,jwarren4i@plala.or.jp,China,Female,Nanjie,Digitube,68483.26,CNY
Martha,Price,mprice4j@utexas.edu,China,Female,Henghe,Wordware,30575.26,CNY
Lawrence,Reed,lreed4k@samsung.com,Yemen,Male,Jiblah,Feednation,8660.64,YER
Diana,Bailey,dbailey4l@accuweather.com,Finland,Female,Uurainen,Skyvu,71121.91,EUR
Shirley,Gray,sgray4m@fastcompany.com,Russia,Female,Nytva,Flashspan,6256.01,RUB
Raymond,Hicks,rhicks4n@imdb.com,Russia,Male,Trudobelikovskiy,Roomm,18436.93,RUB
Theresa,Duncan,tduncan4o@europa.eu,China,Female,Yanqi,Myworks,36295.83,CNY
Jane,Hicks,jhicks4p@bandcamp.com,China,Female,Fangcun,Wordpedia,86319.77,CNY
Rachel,Bryant,rbryant4q@canalblog.com,New Caledonia,Female,Nouméa,Voonder,10292.92,XPF
Terry,Flores,tflores4r@google.fr,Belarus,Male,Syanno,Skivee,94949.44,BYR
Annie,Payne,apayne4s@blogtalkradio.com,Argentina,Female,Villa Cañás,Katz,12895.37,ARS
Justin,Miller,jmiller4t@irs.gov,Lithuania,Male,Silute,Rhybox,86431.67,LTL
Norma,Frazier,nfrazier4u@woothemes.com,Greece,Female,Periyiáli,Izio,39456.46,EUR
Lisa,Holmes,lholmes4v@loc.gov,Philippines,Female,Luna,Realmix,86412.08,PHP
Christine,Fields,cfields4w@ed.gov,Philippines,Female,Ocampo,Thoughtblab,27492.72,PHP
Doris,Richards,drichards4x@msu.edu,Ireland,Female,Kinsale,Mudo,29551.41,EUR
Ruth,Dixon,rdixon4y@prweb.com,Burkina Faso,Female,Manga,Zoomcast,33321.47,XOF
Patricia,Jenkins,pjenkins4z@cnet.com,China,Female,Situ,Meevee,50060.57,CNY
Alan,Holmes,aholmes50@census.gov,United States,Male,Las Vegas,Kimia,,USD
Robin,Gonzales,rgonzales51@toplist.cz,United States,Female,Allentown,Katz,81502.61,USD
Harry,Taylor,htaylor52@geocities.jp,Kenya,Male,Moyale,Zooxo,8696.63,KES
Walter,Stewart,wstewart53@simplemachines.org,Brazil,Male,Arauá,Jaxspan,15552.32,BRL
Rebecca,Hawkins,rhawkins54@printfriendly.com,Indonesia,Female,Tambakromo,Oyondu,53281.28,IDR
Christopher,Miller,cmiller55@pagesperso-orange.fr,Sri Lanka,Male,Shanjeev Home,Avavee,56579.23,LKR
Elizabeth,Hudson,ehudson56@dailymail.co.uk,Indonesia,Female,Longka,Dabjam,37636.51,IDR
Karen,Morrison,kmorrison57@howstuffworks.com,Russia,Female,Lyuban’,Browseblab,54100.84,RUB
Jonathan,Bryant,jbryant58@printfriendly.com,Indonesia,Male,Neundeut,Devbug,80229.89,IDR
Christina,Stanley,cstanley59@dmoz.org,Poland,Female,Mosty,Geba,43676.41,PLN
Irene,Hill,ihill5a@ycombinator.com,Sweden,Female,Karlstad,Feedbug,18149.35,SEK
Lisa,Oliver,loliver5b@yale.edu,South Africa,Female,Tarkastad,Skaboo,63301.75,ZAR
Norma,Weaver,nweaver5c@hud.gov,Honduras,Female,Iralaya,Jabberstorm,2730.50,HNL
Philip,Hill,phill5d@xrea.com,Albania,Male,Lazarat,Aimbo,9271.24,ALL
Norma,Baker,nbaker5e@shutterfly.com,Brazil,Female,Jatobá,Meembee,10443.99,BRL
Kathryn,Cunningham,kcunningham5f@auda.org.au,France,Female,Paris 13,Skiba,17399.06,EUR
Larry,Watson,lwatson5g@imgur.com,Uruguay,Male,San Javier,Feedbug,5850.87,UYU
Pamela,Reid,preid5h@unicef.org,Brazil,Female,Aquidauana,Photobug,89929.01,BRL
Jimmy,Dixon,jdixon5i@nih.gov,Indonesia,Male,Sindangkopo,Twinder,72720.71,IDR
Martha,Hudson,mhudson5j@auda.org.au,China,Female,Wushi,Twinder,86223.77,CNY
Alice,Torres,atorres5k@ning.com,United States,Female,Honolulu,Quire,20529.22,USD
Eric,Hanson,ehanson5l@opera.com,United States,Male,Young America,Feednation,30586.42,USD
Mark,Marshall,mmarshall5m@unicef.org,Nigeria,Male,Ode,Zoombeat,89676.62,NGN
Ryan,Franklin,rfranklin5n@netscape.com,Sweden,Male,Mora,Edgeclub,,SEK
Keith,Arnold,karnold5o@netlog.com,China,Male,Qingfa,Devpulse,25328.18,CNY
Joe,Frazier,jfrazier5p@blog.com,Ukraine,Male,Dykan’ka,Reallinks,26167.81,UAH
Rebecca,Jacobs,rjacobs5q@abc.net.au,China,Female,Sanlian,Skynoodle,37029.83,CNY
Anna,Carpenter,acarpenter5r@stumbleupon.com,Ukraine,Female,Oleksandriya,Linktype,64736.69,UAH
Pamela,Dunn,pdunn5s@friendfeed.com,Mexico,Female,Vista Hermosa,Oyoba,37527.03,MXN
Theresa,Alvarez,talvarez5t@scientificamerican.com,Brazil,Female,Blumenau,Vinte,93088.51,BRL
Julie,Gutierrez,jgutierrez5u@taobao.com,Norway,Female,Kristiansand S,Topicshots,,NOK
Billy,Mitchell,bmitchell5v@tamu.edu,Indonesia,Male,Ulee Gle,Oodoo,60829.54,IDR
Rachel,Brooks,rbrooks5w@msu.edu,Jamaica,Female,Stony Hill,Skyba,47938.89,JMD
Mildred,Sims,msims5x@seesaa.net,East Timor,Female,Maubara,Photobean,94463.64,USD
Eugene,Butler,ebutler5y@miibeian.gov.cn,Philippines,Male,Calapan,Ooba,,PHP
Joan,West,jwest5z@google.com.hk,Russia,Female,Sukhobezvodnoye,Riffwire,83390.39,RUB
Samuel,Wheeler,swheeler60@jimdo.com,Poland,Male,Koszęcin,Fivebridge,82495.08,PLN
Annie,Brooks,abrooks61@vk.com,Sweden,Female,Sundsvall,Viva,61956.72,SEK
Chris,Ruiz,cruiz62@opensource.org,Philippines,Male,Busdi,Quinu,19171.24,PHP
Irene,Fields,ifields63@t.co,Poland,Female,Barwałd Średni,Feednation,52230.62,PLN
Theresa,Snyder,tsnyder64@de.vu,Brazil,Female,Massaranduba,Centidel,80116.70,BRL
Gary,Meyer,gmeyer65@phoca.cz,Iran,Male,Shāhīn Dezh,Yozio,61502.56,IRR
Helen,Marshall,hmarshall66@posterous.com,Serbia,Female,Čortanovci,Meemm,63118.84,RSD
Joshua,Wagner,jwagner67@dropbox.com,Philippines,Male,Dinaig,Blognation,49954.24,PHP
Susan,Stephens,sstephens68@discuz.net,Tunisia,Female,Banī Khaddāsh,Jabbercube,10919.59,TND
Rose,Kelley,rkelley69@java.com,Indonesia,Female,Brongkah,Jayo,12238.16,IDR
Louis,Reed,lreed6a@webs.com,Indonesia,Male,Cikaso,Camimbo,31110.89,IDR
Richard,Austin,raustin6b@ed.gov,Philippines,Male,San Ramon,Gevee,33956.47,PHP
William,Graham,wgraham6c@bbc.co.uk,Kazakhstan,Male,Temirtau,Livetube,77489.18,KZT
Phillip,Ford,pford6d@loc.gov,Philippines,Male,Sumilao,Wordify,35533.26,PHP
Christopher,Richardson,crichardson6e@friendfeed.com,Brazil,Male,Joinville,Realpoint,47792.49,BRL
Chris,Wood,cwood6f@technorati.com,China,Male,Dahua,Brainbox,27850.44,CNY
Susan,Ramirez,sramirez6g@wix.com,Russia,Female,Lipin Bor,Eazzy,,RUB
Samuel,Bennett,sbennett6h@hhs.gov,Philippines,Male,Magdug,Livetube,49334.43,PHP
Michelle,Coleman,mcoleman6i@globo.com,China,Female,Zhushan,Meedoo,38362.51,CNY
Gary,Clark,gclark6j@youku.com,Indonesia,Male,Rancapanjang,Youbridge,57634.07,IDR
James,Howard,jhoward6k@nps.gov,Peru,Male,Nazca,Avamba,24263.13,PEN
Juan,Holmes,jholmes6l@behance.net,Philippines,Male,San Lucas,Vinder,85864.98,PHP
Kelly,Medina,kmedina6m@tinyurl.com,Lebanon,Female,Zghartā,Jetwire,97966.23,LBP
Jane,King,jking6n@devhub.com,Greece,Female,Ágios Spyrídon,Quinu,92295.97,EUR
Kenneth,Ward,kward6o@ibm.com,Poland,Male,Skórzec,Fanoodle,,PLN
Justin,Price,jprice6p@feedburner.com,China,Male,Yayao,Aimbu,6029.71,CNY
Jeremy,Cruz,jcruz6q@gnu.org,Colombia,Male,Bogotá,Dabvine,,COP
Jean,Romero,jromero6r@pagesperso-orange.fr,United States,Female,Reno,Skimia,66446.98,USD
Gregory,Thompson,gthompson6s@hostgator.com,Ireland,Male,Cherryville,Abata,45631.55,EUR
Joyce,Hill,jhill6t@dmoz.org,Indonesia,Female,Rantaupanjangkiri,Blognation,,IDR
Richard,Ruiz,rruiz6u@google.ru,Bosnia and Herzegovina,Male,Hadžići,Dabfeed,72952.65,BAM
Roger,Kim,rkim6v@elegantthemes.com,Brazil,Male,Parelhas,Rhyloo,76197.04,BRL
Lillian,Wheeler,lwheeler6w@samsung.com,Indonesia,Female,Ketawang,Realmix,27028.35,IDR
Joseph,Hayes,jhayes6x@studiopress.com,France,Male,Bourg-en-Bresse,Shuffletag,37563.89,EUR
Christopher,Lynch,clynch6y@home.pl,Indonesia,Male,Wahai,Flashspan,93650.30,IDR
Helen,Ross,hross6z@prnewswire.com,Poland,Female,Kozy,Tagcat,69680.55,PLN
Nicole,King,nking70@51.la,Portugal,Female,Santo António da Charneca,Yambee,28799.70,EUR
Michael,Scott,mscott71@marriott.com,Indonesia,Male,Kotabaru,Innotype,51194.92,IDR
Harold,Howell,hhowell72@php.net,Bulgaria,Male,Gorna Oryakhovitsa,Feedspan,39897.61,BGN
Douglas,Burton,dburton73@state.tx.us,China,Male,Qingshui,BlogXS,7851.00,CNY
Lois,Cruz,lcruz74@wikipedia.org,Indonesia,Female,Wunat,Jetpulse,39985.74,IDR
Catherine,Welch,cwelch75@harvard.edu,China,Female,Guankou,Mymm,26305.45,CNY
Arthur,Coleman,acoleman76@devhub.com,Brazil,Male,Bom Jesus da Lapa,Photojam,85596.98,BRL
Eric,Gibson,egibson77@linkedin.com,China,Male,Pingtan,Vimbo,79514.58,CNY
George,Fuller,gfuller78@sohu.com,China,Male,Houjiagang,Brainbox,35464.49,CNY
Susan,Rice,srice79@elegantthemes.com,South Korea,Female,Andong,Skippad,63821.09,KRW
Paul,Larson,plarson7a@phoca.cz,Russia,Male,Tbilisskaya,Thoughtworks,62566.47,RUB
Shirley,Johnston,sjohnston7b@pinterest.com,Albania,Female,Novoselë,Babbleopia,54938.85,ALL
Jason,Oliver,joliver7c@globo.com,Norway,Male,Trondheim,Yakitri,95674.07,NOK
Karen,Hudson,khudson7d@miibeian.gov.cn,Honduras,Female,Amapala,Camido,29479.67,HNL
Tammy,Bradley,tbradley7e@hibu.com,Colombia,Female,Vegachí,Oyope,87891.50,COP
Elizabeth,Moreno,emoreno7f@usa.gov,Mexico,Female,El Mirador,Yacero,93662.74,MXN
Mark,Ward,mward7g@kickstarter.com,Russia,Male,Severoural’sk,Bubblebox,59339.50,RUB
Deborah,Wagner,dwagner7h@prlog.org,Bulgaria,Female,Dimovo,Quamba,98860.13,BGN
Frank,Reyes,freyes7i@w3.org,Japan,Male,Suita,Riffpath,83393.47,JPY
Dennis,Stone,dstone7j@stumbleupon.com,Portugal,Male,Alverca do Ribatejo,Topicblab,60962.40,EUR
Matthew,Morales,mmorales7k@cnet.com,Russia,Male,Otradnoye,Voonix,29046.14,RUB
Brenda,Bell,bbell7l@uol.com.br,China,Female,Muqi,Skalith,43985.82,CNY
Eric,Price,eprice7m@webeden.co.uk,France,Male,Bobigny,Meejo,29921.05,EUR
Jason,Ortiz,jortiz7n@opera.com,Russia,Male,Sosnovaya Polyana,Voonix,,RUB
Antonio,Peters,apeters7o@google.com.hk,Brazil,Male,Pomerode,Pixoboo,35510.76,BRL
Denise,Berry,dberry7p@arizona.edu,Sweden,Female,Uppsala,Zoomdog,45879.02,SEK
Shirley,Lawrence,slawrence7q@i2i.jp,Cuba,Female,Artemisa,Eamia,,CUP
Dorothy,Arnold,darnold7r@stanford.edu,Madagascar,Female,Ambatolampy,Kazio,33045.33,MGA
Annie,Hicks,ahicks7s@bigcartel.com,Portugal,Female,Mira,Ozu,99199.29,EUR
Irene,Jenkins,ijenkins7t@addtoany.com,Indonesia,Female,Pisang,Rhyzio,49936.81,IDR
Linda,Palmer,lpalmer7u@dailymail.co.uk,Russia,Female,Segezha,Yacero,83722.15,RUB
Kevin,Johnson,kjohnson7v@yelp.com,Liechtenstein,Male,Balzers,Fivespan,,CHF
Anna,Phillips,aphillips7w@taobao.com,Venezuela,Female,Maroa,Rhybox,4995.02,VEF
Patricia,West,pwest7x@usatoday.com,Russia,Female,Vyksa,Geba,16066.76,RUB
Amanda,Mccoy,amccoy7y@loc.gov,Poland,Female,Niebylec,Gabcube,10705.29,PLN
Brian,Palmer,bpalmer7z@house.gov,Poland,Male,Ujazd,Voomm,73972.68,PLN
Clarence,Edwards,cedwards80@ovh.net,Russia,Male,Yalkhoy-Mokhk,Wikizz,2130.57,RUB
Anthony,Castillo,acastillo81@wikispaces.com,China,Male,Gaozhai,Katz,90532.21,CNY
Norma,Cooper,ncooper82@statcounter.com,Brazil,Female,Indaial,Twinder,28814.85,BRL
Charles,Weaver,cweaver83@rediff.com,Albania,Male,Kombësi,Muxo,,ALL
Dennis,Kim,dkim84@slashdot.org,Albania,Male,Qelëz,Jaxspan,27832.26,ALL
Melissa,Tucker,mtucker85@hubpages.com,Sweden,Female,Kristianstad,Dablist,5298.14,SEK
Todd,Jordan,tjordan86@accuweather.com,Botswana,Male,Metsemotlhaba,Skivee,30380.03,BWP
Albert,Moore,amoore87@w3.org,China,Male,Fucheng,Zoonoodle,5102.61,CNY
Nicholas,Thomas,nthomas88@a8.net,Honduras,Male,San Antonio,Izio,11359.11,HNL
Katherine,Wright,kwright89@deliciousdays.com,Philippines,Female,Balingasag,Rooxo,45321.95,PHP
Walter,Adams,wadams8a@businessweek.com,Brunei,Male,Tutong,Rhynoodle,8676.00,BND
Judith,Brown,jbrown8b@latimes.com,China,Female,Donghu,Edgewire,,CNY
Brandon,Gutierrez,bgutierrez8c@google.com,Latvia,Male,Baldone,Jabberbean,55384.94,EUR
Michael,Weaver,mweaver8d@archive.org,South Korea,Male,Suncheon,Thoughtbridge,34135.23,KRW
Jennifer,Warren,jwarren8e@nps.gov,Japan,Female,Uji,Tambee,18972.64,JPY
Marilyn,Marshall,mmarshall8f@yolasite.com,Azerbaijan,Female,Birinci Aşıqlı,Midel,68264.57,AZN
Anna,Taylor,ataylor8g@hexun.com,Philippines,Female,San Jacinto,Dynazzy,90696.61,PHP
Arthur,Cole,acole8h@flavors.me,Guatemala,Male,Chisec,Eidel,56107.29,GTQ
Tammy,Ellis,tellis8i@blogger.com,Lithuania,Female,Birštonas,JumpXS,24656.08,LTL
Barbara,Rivera,brivera8j@seattletimes.com,Indonesia,Female,Rerawere,Wikizz,11680.93,IDR
Marilyn,Patterson,mpatterson8k@istockphoto.com,China,Female,Dabachang,Blogpad,33507.62,CNY
Kathleen,Matthews,kmatthews8l@ebay.co.uk,Portugal,Female,Carreira,Buzzster,46566.27,EUR
John,Elliott,jelliott8m@webnode.com,Brazil,Male,Estância Velha,Talane,76934.17,BRL
Walter,James,wjames8n@netscape.com,Canada,Male,St. Catharines,Topicware,43189.03,CAD
Howard,Perez,hperez8o@google.de,Saudi Arabia,Male,Al Jubayl,Yadel,49753.84,SAR
Brandon,Webb,bwebb8p@latimes.com,Indonesia,Male,Pagersari,Cogidoo,91497.12,IDR
Nicole,Adams,nadams8q@aol.com,Peru,Female,Soras,Kwimbee,5803.03,PEN
Stephanie,Morgan,smorgan8r@wsj.com,Afghanistan,Female,Bāmyān,Fivechat,22762.96,AFN
Patricia,Rose,prose8s@usgs.gov,China,Female,Wangchang,Browsecat,12930.80,CNY
Jeremy,Alexander,jalexander8t@timesonline.co.uk,Angola,Male,Camabatela,Quimm,,AOA
Dennis,Hansen,dhansen8u@mit.edu,France,Male,Orly aérogare,Babbleblab,78952.49,EUR
Carl,Harper,charper8v@sbwire.com,Portugal,Male,Azeitão,InnoZ,16771.95,EUR
Adam,Rodriguez,arodriguez8w@etsy.com,China,Male,Shazi,Twitterwire,19417.41,CNY
Frank,Hughes,fhughes8x@quantcast.com,Brazil,Male,Vargem Grande,Meeveo,84576.21,BRL
Gloria,Holmes,gholmes8y@amazon.com,Madagascar,Female,Antsohihy,Jabbersphere,39315.11,MGA
Randy,White,rwhite8z@bloomberg.com,Poland,Male,Limanowa,Brightbean,31730.66,PLN
Clarence,Perkins,cperkins90@wikispaces.com,Libya,Male,Giado,Voolia,62479.30,LYD
Ann,Welch,awelch91@deviantart.com,Malaysia,Female,Kota Bharu,Twitterworks,3819.93,MYR
Debra,Palmer,dpalmer92@china.com.cn,China,Female,Sanshandao,Livepath,14584.48,CNY
Timothy,Bennett,tbennett93@example.com,Finland,Male,Kauhava,Oyoloo,73684.66,EUR
Jonathan,Hawkins,jhawkins94@photobucket.com,China,Male,Dasongshu,Meembee,,CNY
Virginia,Dean,vdean95@psu.edu,Indonesia,Female,Karang,Skibox,38395.84,IDR
Steven,Price,sprice96@4shared.com,China,Male,Dazhongzhuang,Riffpedia,30918.90,CNY
Fred,Foster,ffoster97@constantcontact.com,Ukraine,Male,Velykoploske,Eidel,9548.26,UAH
Joe,Montgomery,jmontgomery98@google.com.hk,Latvia,Male,Valdemārpils,Voolith,857.09,EUR
Betty,Armstrong,barmstrong99@google.cn,Indonesia,Female,Ketapang,Dynazzy,84369.04,IDR
Mark,Hansen,mhansen9a@sfgate.com,China,Male,Xinxikou,Innotype,52895.95,CNY
Samuel,Bradley,sbradley9b@berkeley.edu,China,Male,Fucun,Kanoodle,92693.09,CNY
George,Lawrence,glawrence9c@msn.com,Thailand,Male,Bang Na,DabZ,76480.63,THB
Christine,Robertson,crobertson9d@thetimes.co.uk,France,Female,Toulouse,Tazz,32008.86,EUR
Todd,Kelly,tkelly9e@furl.net,Honduras,Male,Orocuina,Wikivu,,HNL
William,Tucker,wtucker9f@newsvine.com,Armenia,Male,Vardablur,Tagfeed,89222.03,AMD
Bobby,Reyes,breyes9g@jimdo.com,Czech Republic,Male,Havlíčkův Brod,Mymm,59644.48,CZK
Eric,Collins,ecollins9h@google.com.br,Peru,Male,Cuenca,Mynte,3681.85,PEN
Joe,Jenkins,jjenkins9i@acquirethisname.com,China,Male,Zhendu,Quimba,65518.17,CNY
Sara,Henderson,shenderson9j@histats.com,Ukraine,Female,Pnikut,Ntag,97908.61,UAH
Amanda,Hawkins,ahawkins9k@tinypic.com,Indonesia,Female,Krajan Sumurtawang,Innotype,34487.81,IDR
Shirley,Weaver,sweaver9l@dailymotion.com,China,Female,Bajia,Voonix,55838.30,CNY
Rachel,Cunningham,rcunningham9m@unicef.org,Argentina,Female,Bernardo Larroudé,Meeveo,69540.55,ARS
Catherine,Bradley,cbradley9n@abc.net.au,Ukraine,Female,Truskavets,Gabtype,4707.30,UAH
Christopher,Martin,cmartin9o@aol.com,Russia,Male,Timiryazevskoye,Voonder,,RUB
Ralph,Wells,rwells9p@amazon.de,Philippines,Male,Rizal,Avavee,35616.95,PHP
Janice,Henderson,jhenderson9q@51.la,Philippines,Female,Capalonga,Lajo,42370.65,PHP
Justin,Harper,jharper9r@earthlink.net,Canada,Male,Outlook,Agivu,83949.29,CAD
Johnny,Mendoza,jmendoza9s@huffingtonpost.com,Japan,Male,Obanazawa,Riffpedia,84268.04,JPY
Richard,Coleman,rcoleman9t@wordpress.org,Philippines,Male,Okiot,Innojam,67544.68,PHP
Lillian,Gonzales,lgonzales9u@nytimes.com,Latvia,Female,Brocēni,Voolia,,EUR
Mark,Duncan,mduncan9v@google.co.uk,Ukraine,Male,Stari Kuty,Fatz,64455.91,UAH
Bonnie,Rodriguez,brodriguez9w@slideshare.net,Sweden,Female,Boden,Innojam,48793.11,SEK
Phyllis,Welch,pwelch9x@homestead.com,Madagascar,Female,Antalaha,Yakijo,49169.40,MGA
Michelle,Woods,mwoods9y@yolasite.com,China,Female,Baoxing,Dabjam,51969.48,CNY
Bonnie,Sims,bsims9z@dot.gov,Philippines,Female,Camindangan,Rhybox,47587.15,PHP
Joshua,Johnston,jjohnstona0@cmu.edu,Portugal,Male,Atouguia,Zava,85639.80,EUR
Eric,Richardson,erichardsona1@histats.com,United States,Male,Carson City,Quimba,5488.51,USD
Tammy,Palmer,tpalmera2@storify.com,China,Female,Qilin,Riffpedia,82685.32,CNY
Joseph,Peters,jpetersa3@networksolutions.com,Malaysia,Male,Ipoh,Jabbersphere,65554.38,MYR
Walter,Baker,wbakera4@ovh.net,South Africa,Male,Bultfontein,Voonder,59033.66,ZAR
Lori,Lewis,llewisa5@prweb.com,France,Female,Istres,Tagchat,25115.22,EUR
Debra,Garrett,dgarretta6@e-recht24.de,Thailand,Female,Suphan Buri,Topdrive,31911.73,THB
Ruby,Diaz,rdiaza7@creativecommons.org,China,Female,Yezhu,Tambee,47850.97,CNY
Margaret,Kim,mkima8@wordpress.org,China,Female,Huangpu,Tagcat,72501.48,CNY
Phyllis,Lane,planea9@dailymail.co.uk,Jordan,Female,Adir,Photobug,56657.44,JOD
Barbara,Mills,bmillsaa@qq.com,China,Female,Taokeng,Feedspan,36316.61,CNY
Howard,King,hkingab@oracle.com,Russia,Male,Novovoronezh,Photobug,3354.09,RUB
George,Ortiz,gortizac@wordpress.com,Peru,Male,Yunga,Meevee,23425.81,PEN
Thomas,Day,tdayad@nifty.com,Japan,Male,Nagai,Thoughtsphere,61994.70,JPY
Adam,Freeman,afreemanae@goo.gl,Ukraine,Male,Tsyurupyns’k,Realmix,57421.98,UAH
Nancy,Walker,nwalkeraf@i2i.jp,Finland,Female,Lappajärvi,Dabshots,,EUR
Anthony,King,akingag@nbcnews.com,China,Male,Jiumen,Oyonder,89083.99,CNY
Carolyn,Nichols,cnicholsah@unc.edu,United States,Female,Chicago,Kazio,27362.95,USD
Sarah,Holmes,sholmesai@comsenz.com,Vietnam,Female,Núi Sập,Tagchat,,VND
Katherine,Daniels,kdanielsaj@hostgator.com,Indonesia,Female,Pakong,Devshare,41833.98,IDR
Martin,Owens,mowensak@auda.org.au,Indonesia,Male,Kaduheuleut,Nlounge,55917.97,IDR
Carlos,Stewart,cstewartal@shinystat.com,North Korea,Male,Kilju,Livepath,46317.97,KPW
Brian,Johnson,bjohnsonam@boston.com,Brazil,Male,Taquari,Yata,49489.79,BRL
Jerry,Harris,jharrisan@google.ru,China,Male,Nantou,Divape,9086.45,CNY
Ashley,Hart,ahartao@uiuc.edu,Croatia,Female,Lipovljani,Meemm,8283.52,HRK
Adam,Dean,adeanap@list-manage.com,Philippines,Male,Binuangan,Edgeblab,39717.62,PHP
Bonnie,Stephens,bstephensaq@studiopress.com,Finland,Female,Tampere,Quinu,98771.28,EUR
Randy,Sullivan,rsullivanar@gov.uk,Japan,Male,Annaka,Mydo,10371.20,JPY
Janice,Smith,jsmithas@nasa.gov,Greece,Female,Stírion,Devbug,90491.10,EUR
Ralph,Morales,rmoralesat@wufoo.com,Russia,Male,Karata,Kamba,99850.32,RUB
Judith,Smith,jsmithau@feedburner.com,Ivory Coast,Female,Agboville,Yakijo,70925.50,XOF
Russell,Olson,rolsonav@forbes.com,Dominican Republic,Male,El Cacao,Rooxo,701.29,DOP
Tina,Oliver,toliveraw@smh.com.au,China,Female,Hadabei,Edgeblab,56118.59,CNY
Wayne,Allen,wallenax@sina.com.cn,Russia,Male,Vsevolozhsk,Skibox,73560.15,RUB
David,Carr,dcarray@wiley.com,Portugal,Male,Lapas,Riffpedia,31034.55,EUR
Adam,James,ajamesaz@123-reg.co.uk,Albania,Male,Kushovë,Quamba,41239.63,ALL
Tammy,Kelley,tkelleyb0@tumblr.com,France,Female,Grenoble,Edgewire,5880.48,EUR
Fred,Hall,fhallb1@hc360.com,Indonesia,Male,Kuala Bintang,Thoughtmix,,IDR
Jeremy,Russell,jrussellb2@twitter.com,China,Male,Sanxi,Roodel,73071.55,CNY
Clarence,Stewart,cstewartb3@hatena.ne.jp,United States,Male,El Paso,Bluezoom,43632.90,USD
Steven,Stephens,sstephensb4@trellian.com,Panama,Male,El Cortezo,Avaveo,62567.83,PAB
Arthur,Ferguson,afergusonb5@wufoo.com,Sweden,Male,Stockholm,Leenti,61430.59,SEK
Dennis,Ortiz,dortizb6@vinaora.com,Russia,Male,Froly,Rhycero,68256.86,RUB
Heather,Green,hgreenb7@miibeian.gov.cn,Philippines,Female,Allacapan,Jaxnation,99035.67,PHP
Willie,Hicks,whicksb8@uiuc.edu,China,Male,Luoyuan,Fadeo,,CNY
Ernest,Miller,emillerb9@delicious.com,Portugal,Male,Souto,Skilith,42239.35,EUR
Robin,Green,rgreenba@photobucket.com,China,Female,Jiacun,Wikibox,15925.74,CNY
Jesse,Thomas,jthomasbb@ehow.com,Dominican Republic,Male,Sabana Grande de Boyá,Jabbersphere,25817.66,DOP
Kevin,Duncan,kduncanbc@yellowpages.com,Russia,Male,Samashki,Ozu,52857.87,RUB
Ann,Boyd,aboydbd@qq.com,Bosnia and Herzegovina,Female,Maslovare,Tagchat,,BAM
Shirley,Cox,scoxbe@fema.gov,Papua New Guinea,Female,Goroka,Tambee,98786.04,PGK
Bobby,Austin,baustinbf@noaa.gov,Ukraine,Male,Makariv,Yakitri,26246.78,UAH
Irene,Berry,iberrybg@sciencedirect.com,Ukraine,Female,Melekyne,Avamm,82531.23,UAH
Terry,Welch,twelchbh@forbes.com,Brazil,Male,Itapevi,Thoughtstorm,56643.96,BRL
Denise,Little,dlittlebi@devhub.com,China,Female,Minle,Digitube,2400.40,CNY
Shawn,Lee,sleebj@disqus.com,Bahamas,Male,Masons Bay,Buzzbean,54733.57,BSD
Anna,Harvey,aharveybk@gravatar.com,Sweden,Female,Skanör,Tagfeed,45527.18,SEK
Jonathan,Cox,jcoxbl@answers.com,Yemen,Male,Ta‘izz,Buzzster,18240.13,YER
Sara,Reynolds,sreynoldsbm@statcounter.com,China,Female,Baoping,Gabtune,80828.55,CNY
Stephen,Thompson,sthompsonbn@cnbc.com,Sweden,Male,Karlstad,Roodel,84281.54,SEK
Julia,Oliver,joliverbo@vk.com,Burkina Faso,Female,Léo,Quire,42937.94,XOF
Ruby,Mcdonald,rmcdonaldbp@printfriendly.com,Ukraine,Female,Vyzhnytsya,Vitz,21521.35,UAH
Frances,Bennett,fbennettbq@ifeng.com,Philippines,Female,Bolaoit,Jamia,98524.79,PHP
Shawn,Franklin,sfranklinbr@printfriendly.com,Turkmenistan,Male,Baharly,Tagchat,78811.28,TMT
Margaret,Foster,mfosterbs@wikipedia.org,Poland,Female,Szamotuły,Livetube,69324.04,PLN
Andrew,Schmidt,aschmidtbt@ed.gov,Russia,Male,Zakan-Yurt,Wikido,14028.29,RUB
Paul,Armstrong,parmstrongbu@umich.edu,Peru,Male,Iberia,Midel,53274.55,PEN
Chris,Rose,crosebv@arstechnica.com,Malaysia,Male,Kuala Pilah,Flipstorm,88782.50,MYR
Robert,Owens,rowensbw@ocn.ne.jp,Dominican Republic,Male,Nizao,Myworks,,DOP
Eric,Griffin,egriffinbx@mlb.com,Indonesia,Male,Bantar,Voonix,51466.71,IDR
Donald,Butler,dbutlerby@state.tx.us,Greece,Male,Kimméria,Eazzy,66488.63,EUR
Thomas,Wallace,twallacebz@miibeian.gov.cn,Madagascar,Male,Sitampiky,Eayo,57693.63,MGA
Kimberly,Turner,kturnerc0@list-manage.com,Argentina,Female,La Playosa,Yakijo,78530.20,ARS
Sarah,Hamilton,shamiltonc1@imageshack.us,China,Female,Luorong,Yacero,84177.72,CNY
Laura,Larson,llarsonc2@bravesites.com,Brazil,Female,Itaúna,Tazz,49265.45,BRL
Julie,Smith,jsmithc3@lycos.com,Philippines,Female,Libmanan,Pixonyx,98837.71,PHP
Julia,Hanson,jhansonc4@blogs.com,Poland,Female,Suraż,Rooxo,38372.10,PLN
Russell,White,rwhitec5@about.com,China,Male,Sanyang,Voonder,98906.01,CNY
Adam,Baker,abakerc6@pagesperso-orange.fr,El Salvador,Male,Quezaltepeque,Gabtype,98560.65,USD
Terry,Larson,tlarsonc7@purevolume.com,Iraq,Male,Ḩalabjah,Agivu,4576.87,IQD
Mary,Arnold,marnoldc8@hugedomains.com,Venezuela,Female,Boconó,Rhynoodle,52376.86,VEF
Martin,Spencer,mspencerc9@patch.com,Philippines,Male,Calaoagan,Midel,81120.12,PHP
Jessica,Hansen,jhansenca@independent.co.uk,Russia,Female,Novorozhdestvenskaya,Ailane,,RUB
Helen,Gibson,hgibsoncb@upenn.edu,Poland,Female,Luzino,Thoughtstorm,,PLN
John,Gomez,jgomezcc@ucsd.edu,Netherlands,Male,Zwolle,Dablist,32096.19,EUR
Ruth,Wright,rwrightcd@artisteer.com,Ukraine,Female,Chortkiv,Meevee,20043.79,UAH
Walter,Gilbert,wgilbertce@tripadvisor.com,Macedonia,Male,Makedonski Brod,Skinder,27703.33,MKD
Peter,Jacobs,pjacobscf@wordpress.com,Pakistan,Male,Hadāli,Bubblebox,53784.40,PKR
Kathryn,Ryan,kryancg@umich.edu,Honduras,Female,Bálsamo Oriental,Kimia,69644.63,HNL
Craig,Wallace,cwallacech@answers.com,China,Male,Antang,Tagtune,54377.98,CNY
Eugene,Hamilton,ehamiltonci@abc.net.au,United States,Male,Evansville,Dazzlesphere,92162.53,USD
Marilyn,Nichols,mnicholscj@instagram.com,Sweden,Female,Järfälla,Snaptags,90820.58,SEK
Jennifer,Larson,jlarsonck@google.ca,Indonesia,Female,Riang Tengah,Skippad,85015.82,IDR
Gary,Duncan,gduncancl@dailymotion.com,China,Male,Haikou,Feedfire,32285.09,CNY
Mary,Henry,mhenrycm@ihg.com,China,Female,Taixi,Edgetag,60521.59,CNY
Joe,Kim,jkimcn@google.ca,China,Male,Ningde,DabZ,12640.64,CNY
Patrick,Holmes,pholmesco@forbes.com,France,Male,Amboise,Jatri,87974.24,EUR
Todd,Gutierrez,tgutierrezcp@salon.com,Indonesia,Male,Lawesigalagala Timur,Thoughtbridge,,IDR
Carlos,Scott,cscottcq@sbwire.com,Canada,Male,Ingersoll,Zoomcast,6295.79,CAD
Angela,Wagner,awagnercr@altervista.org,France,Female,Rungis,Gevee,,EUR
Dennis,Perez,dperezcs@google.ru,Portugal,Male,Agra,Trudeo,51937.57,EUR
Mildred,Shaw,mshawct@ed.gov,Japan,Female,Hiratachō,Mydeo,66383.98,JPY
Rose,Sanchez,rsanchezcu@bandcamp.com,South Africa,Female,Maclear,Fivechat,32142.15,ZAR
Andrea,Ramos,aramoscv@youtube.com,China,Female,Yangzhen,Browseblab,89798.78,CNY
Lawrence,Torres,ltorrescw@csmonitor.com,Portugal,Male,Sanguinheira,Shufflester,13790.30,EUR
Philip,Thomas,pthomascx@wp.com,Poland,Male,Suchań,Photospace,9402.29,PLN
Jesse,Elliott,jelliottcy@unesco.org,United States,Male,New York City,Yambee,77536.55,USD
Jacqueline,Gutierrez,jgutierrezcz@accuweather.com,Norway,Female,Sandefjord,Yamia,43581.76,NOK
Betty,Jacobs,bjacobsd0@gizmodo.com,Ivory Coast,Female,Dimbokro,Eadel,27217.42,XOF
Justin,Jackson,jjacksond1@is.gd,Philippines,Male,Taltal,Avamba,23100.55,PHP
Nicole,Franklin,nfranklind2@liveinternet.ru,Ukraine,Female,Obertyn,Rooxo,67510.25,UAH
Henry,Medina,hmedinad3@cargocollective.com,Indonesia,Male,Seso,Topiczoom,62035.24,IDR
Victor,Evans,vevansd4@yelp.com,Colombia,Male,San Carlos,Oyope,77825.47,COP
Sarah,Daniels,sdanielsd5@time.com,Russia,Female,Psyzh,BlogXS,12150.49,RUB
Jeremy,Garcia,jgarciad6@un.org,Moldova,Male,Chişinău,Gabtune,45334.94,MDL
Phillip,Day,pdayd7@chicagotribune.com,Indonesia,Male,Sukaratu,Trunyx,7486.25,IDR
Nancy,Barnes,nbarnesd8@wp.com,Iran,Female,Şafāshahr,Yotz,95587.70,IRR
Nancy,George,ngeorged9@behance.net,China,Female,Tianzishan,Kare,16192.39,CNY
Joe,Hall,jhallda@cyberchimps.com,South Africa,Male,Noupoort,Browsetype,58254.99,ZAR
Craig,Davis,cdavisdb@phpbb.com,Philippines,Male,San Mateo,Zooveo,76213.14,PHP
Jennifer,Perez,jperezdc@wp.com,Israel,Female,Naḥf,Zoozzy,77835.28,ILS
Jennifer,Hanson,jhansondd@auda.org.au,Bulgaria,Female,Svoge,Youopia,96403.11,BGN
Kimberly,Ramos,kramosde@springer.com,Colombia,Female,El Cantón de San Pablo,Tagpad,,COP
Ruth,Burns,rburnsdf@tiny.cc,China,Female,Shangjia,Twinte,53934.82,CNY
Nancy,Diaz,ndiazdg@ucsd.edu,Albania,Female,Allkaj,Meemm,57873.01,ALL
Katherine,Stephens,kstephensdh@army.mil,Brazil,Female,Caucaia,Jaloo,67927.00,BRL
Scott,Fields,sfieldsdi@yahoo.co.jp,China,Male,Hefu,Linkbridge,9817.81,CNY
James,Nichols,jnicholsdj@umich.edu,Armenia,Male,Dalar,Eadel,57310.22,AMD
Raymond,Lewis,rlewisdk@google.co.jp,United States,Male,Lexington,Babbleblab,45573.23,USD
Bruce,Reyes,breyesdl@pbs.org,Russia,Male,Shlissel’burg,Tavu,,RUB
Louis,Hansen,lhansendm@mediafire.com,Paraguay,Male,Caaguazú,Tazz,,PYG
Cheryl,Duncan,cduncandn@yandex.ru,Sweden,Female,Mölndal,Lazz,50750.59,SEK
Elizabeth,Gutierrez,egutierrezdo@imageshack.us,Russia,Female,Lebedyan’,Buzzbean,63767.71,RUB
George,Watson,gwatsondp@github.io,Russia,Male,Pechersk,Tagchat,51123.49,RUB
Paula,Elliott,pelliottdq@apache.org,Finland,Female,Piippola,Twimm,34167.19,EUR
Kathryn,Mcdonald,kmcdonalddr@sbwire.com,Philippines,Female,Simunul,Tekfly,65554.43,PHP
Michael,Long,mlongds@meetup.com,Venezuela,Male,Arapuey,Geba,30015.75,VEF
Teresa,Arnold,tarnolddt@digg.com,Czech Republic,Female,Koryčany,Zooxo,12476.62,CZK
Irene,Greene,igreenedu@imgur.com,China,Female,Diwopu,Browsecat,73327.73,CNY
Margaret,Bell,mbelldv@slideshare.net,Tanzania,Female,Mafinga,Linklinks,57772.74,TZS
Teresa,Foster,tfosterdw@geocities.com,China,Female,Tanzhou,Edgewire,42340.18,CNY
Steven,Gilbert,sgilbertdx@sitemeter.com,Philippines,Male,Ajuy,Edgepulse,45417.69,PHP
Gloria,Harvey,gharveydy@cbslocal.com,United States,Female,Saint Louis,Vipe,10915.30,USD
Patrick,Freeman,pfreemandz@paypal.com,Brazil,Male,Macaíba,Edgeblab,1818.62,BRL
Nancy,Arnold,narnolde0@gizmodo.com,Iran,Female,Bastak,Yakitri,91653.06,IRR
Rachel,Gardner,rgardnere1@sfgate.com,Switzerland,Female,Basel,Flipbug,12979.36,CHF
Lisa,Grant,lgrante2@boston.com,Philippines,Female,Bayawan,Edgetag,72399.72,PHP
Gerald,Hudson,ghudsone3@unicef.org,Morocco,Male,Tirhanimîne,Wordware,70090.80,MAD
Margaret,Howell,mhowelle4@themeforest.net,Russia,Female,Vorob’yovo,Kwimbee,9300.17,RUB
Judy,Berry,jberrye5@japanpost.jp,China,Female,Pingle,Oyope,25254.09,CNY
Catherine,Henry,chenrye6@google.com.hk,Thailand,Female,Changhan,Youtags,90020.20,THB
Daniel,Hansen,dhansene7@goodreads.com,Indonesia,Male,Sukamaju,Rooxo,229.64,IDR
Margaret,Fields,mfieldse8@utexas.edu,Mongolia,Female,Mönhbulag,Jabbertype,78693.82,MNT
Cheryl,Chavez,cchaveze9@smh.com.au,Indonesia,Female,Terentang,Yodoo,43331.33,IDR
Johnny,Harrison,jharrisonea@cmu.edu,Thailand,Male,Chanthaburi,Topicblab,66260.23,THB
Samuel,Bowman,sbowmaneb@bbb.org,Russia,Male,Skhodnya,Twiyo,,RUB
Denise,Price,dpriceec@howstuffworks.com,Indonesia,Female,Palecenan,Jabberbean,37871.15,IDR
Norma,Robertson,nrobertsoned@utexas.edu,Peru,Female,Tambo Grande,Dazzlesphere,75328.48,PEN
Marilyn,Fowler,mfowleree@oaic.gov.au,Cuba,Female,Jobabo,Demizz,62781.97,CUP
Chris,Lee,cleeef@ask.com,Albania,Male,Kolsh,Dynazzy,81698.01,ALL
Denise,Carr,dcarreg@wikia.com,China,Female,Haokou,Topdrive,45305.62,CNY
Ann,Dunn,adunneh@engadget.com,Myanmar,Female,Mawlamyinegyunn,Fiveclub,88848.67,MMK
Tammy,Alvarez,talvarezei@whitehouse.gov,Serbia,Female,Vrbas,Thoughtworks,89979.39,RSD
Jennifer,Fields,jfieldsej@opensource.org,Costa Rica,Female,Nandayure,Voomm,43212.27,CRC
Christine,Kennedy,ckennedyek@multiply.com,China,Female,Dongshe,Twiyo,6251.85,CNY
Ernest,Johnston,ejohnstonel@ucla.edu,Indonesia,Male,Margabakti,Bubblebox,38668.22,IDR
Melissa,Rice,mriceem@ask.com,Afghanistan,Female,Sar-e Pul,Twimbo,27664.38,AFN
Marie,Price,mpriceen@instagram.com,Indonesia,Female,Karanggedang,Kwimbee,41157.23,IDR
Anthony,Williams,awilliamseo@bigcartel.com,Greece,Male,Plomárion,Aimbu,60562.02,EUR
Keith,Young,kyoungep@whitehouse.gov,Argentina,Male,La Poma,Kwideo,34052.04,ARS
Ralph,Morgan,rmorganeq@msu.edu,Peru,Male,Quillabamba,Jabbersphere,43581.39,PEN
Alice,Ortiz,aortizer@dion.ne.jp,Haiti,Female,Chambellan,Shufflester,33084.52,HTG
Wayne,Mason,wmasones@home.pl,Georgia,Male,Lagodekhi,Edgeify,3164.57,GEL
Marilyn,Hawkins,mhawkinset@surveymonkey.com,France,Female,Marseille,Feednation,88732.28,EUR
Clarence,Walker,cwalkereu@youtube.com,Thailand,Male,Pa Phayom,Fliptune,66532.75,THB
Louise,Robinson,lrobinsonev@geocities.com,China,Female,Nancha,Flashpoint,82836.09,CNY
Carolyn,Romero,cromeroew@sogou.com,China,Female,Haoraoshan,Thoughtbridge,23377.14,CNY
Gregory,Gonzalez,ggonzalezex@edublogs.org,Mauritius,Male,Nouvelle France,Edgeclub,18690.06,MUR
Carl,Franklin,cfrankliney@paypal.com,China,Male,Tuba,Devshare,,CNY
Kelly,Howell,khowellez@gov.uk,France,Female,Paris 15,Ntag,59998.23,EUR
Bobby,Bradley,bbradleyf0@google.cn,China,Male,Shajia’ao,Quamba,25308.83,CNY
Christina,Hunt,chuntf1@csmonitor.com,China,Female,Jiuquan,Devpoint,44624.10,CNY
Rose,Andrews,randrewsf2@tripadvisor.com,Ireland,Female,Kingscourt,Gigashots,80262.01,EUR
Harold,Warren,hwarrenf3@devhub.com,China,Male,Maying,Mynte,34286.87,CNY
Joan,Murphy,jmurphyf4@ebay.co.uk,China,Female,Sansheng,Chatterbridge,8197.32,CNY
Alice,Sims,asimsf5@discovery.com,Dominican Republic,Female,Las Matas de Santa Cruz,Avamba,47385.96,DOP
Robin,Chapman,rchapmanf6@princeton.edu,China,Female,Dadong,Shufflebeat,30953.25,CNY
Lillian,Cooper,lcooperf7@soundcloud.com,China,Female,Shaxi,Flipbug,58858.18,CNY
Sean,Armstrong,sarmstrongf8@examiner.com,Philippines,Male,Tignoan,Trupe,33226.51,PHP
Edward,Burton,eburtonf9@prweb.com,Russia,Male,Dyurtyuli,Gigabox,2918.63,RUB
Bobby,Kennedy,bkennedyfa@cmu.edu,Serbia,Male,Jazovo,Mita,,RSD
Laura,Tucker,ltuckerfb@booking.com,Indonesia,Female,Karanganyar,Meevee,47813.67,IDR
Larry,Freeman,lfreemanfc@nytimes.com,Kazakhstan,Male,Karabas,Devshare,56153.12,KZT
Maria,Price,mpricefd@skyrock.com,Japan,Female,Taketoyo,Twitterwire,5794.03,JPY
Cynthia,Elliott,celliottfe@google.pl,Japan,Female,Tatsunochō-tominaga,Rhybox,32948.06,JPY
Harry,Frazier,hfrazierff@cpanel.net,Papua New Guinea,Male,Kokopo,Flipopia,48596.01,PGK
Jane,Burton,jburtonfg@istockphoto.com,Morocco,Female,Sidi Qacem,Skyble,70167.97,MAD
Bruce,Morgan,bmorganfh@nature.com,France,Male,Paris 14,Meembee,80041.07,EUR
Frank,Dunn,fdunnfi@umich.edu,Indonesia,Male,Hantara,Trudeo,96687.77,IDR
Justin,Garcia,jgarciafj@vinaora.com,Czech Republic,Male,Vrbno pod Pradědem,Fadeo,60336.92,CZK
Robert,Hart,rhartfk@ucoz.ru,Indonesia,Male,Woloara,Jamia,,IDR
Doris,Lewis,dlewisfl@skype.com,Canada,Female,Hantsport,Divape,3037.17,CAD
Scott,Wheeler,swheelerfm@hud.gov,Nigeria,Male,Dapchi,Yamia,21789.58,NGN
Andrea,George,ageorgefn@netlog.com,Philippines,Female,Comagascas,Divavu,53725.88,PHP
Mildred,Carpenter,mcarpenterfo@arstechnica.com,China,Female,Xiaolin,Rhynyx,6337.70,CNY
Eugene,Hughes,ehughesfp@yellowpages.com,China,Male,Zongluzui,Livetube,3321.51,CNY
Alan,Fuller,afullerfq@yale.edu,France,Male,Perpignan,Zooveo,60047.26,EUR
Harry,Simpson,hsimpsonfr@squarespace.com,Russia,Male,Nesterov,Riffpedia,34712.11,RUB
Jessica,Ward,jwardfs@fda.gov,Nicaragua,Female,León,Quinu,52240.82,NIO
Judith,Pierce,jpierceft@php.net,Nigeria,Female,Oguma,Thoughtstorm,92196.40,NGN
Benjamin,Hamilton,bhamiltonfu@apache.org,Philippines,Male,Kilim,Bubblemix,40813.90,PHP
Randy,Bryant,rbryantfv@mediafire.com,Russia,Male,Cherskiy,Brightdog,74854.34,RUB
Russell,Lawrence,rlawrencefw@icq.com,Sweden,Male,Stockholm,Eidel,66903.93,SEK
Roy,Smith,rsmithfx@vkontakte.ru,Nigeria,Male,Bokani,Meemm,4415.14,NGN
Samuel,Campbell,scampbellfy@blog.com,Czech Republic,Male,Ostravice,Vimbo,21658.68,CZK
Teresa,Watkins,twatkinsfz@pbs.org,Syria,Female,‘Ayn al Bayḑā,Yakijo,33741.25,SYP
Deborah,Hernandez,dhernandezg0@wsj.com,Greece,Female,Efkarpía,Realpoint,75817.99,EUR
Kenneth,Gordon,kgordong1@ihg.com,Burundi,Male,Muramvya,Livefish,,BIF
Earl,Rivera,eriverag2@360.cn,Argentina,Male,Mina Clavero,Brainverse,94103.16,ARS
Catherine,Chapman,cchapmang3@opensource.org,Iran,Female,Shahrīār,Dynazzy,1036.07,IRR
Nicholas,Bowman,nbowmang4@archive.org,Luxembourg,Male,Esch-sur-Alzette,Izio,86283.47,EUR
Michael,Lawson,mlawsong5@ibm.com,Indonesia,Male,Padasono,Voonder,79235.07,IDR
John,Wallace,jwallaceg6@msn.com,Namibia,Male,Outapi,Gigazoom,92664.40,NAD
Lois,Lee,lleeg7@prnewswire.com,Portugal,Female,Charneca,Gigaclub,62144.85,EUR
Paula,Wheeler,pwheelerg8@springer.com,Canada,Female,Conception Bay South,Wordware,,CAD
Karen,Howell,khowellg9@sphinn.com,Syria,Female,As Sawdā,Mybuzz,,SYP
Philip,Cox,pcoxga@usgs.gov,Estonia,Male,Sindi,Vidoo,63518.98,EUR
Earl,Stewart,estewartgb@typepad.com,United States,Male,Harrisburg,Shuffletag,14585.67,USD
Christopher,Gordon,cgordongc@booking.com,Indonesia,Male,Pulorejo,Photojam,68375.88,IDR
Chris,Flores,cfloresgd@163.com,Japan,Male,Morioka-shi,Centimia,9069.03,JPY
Christina,Woods,cwoodsge@sciencedaily.com,Sweden,Female,Gränna,Geba,50117.71,SEK
Jeffrey,Vasquez,jvasquezgf@cbc.ca,Ireland,Male,Rathangan,Browsetype,25695.75,EUR
Rose,Spencer,rspencergg@exblog.jp,Japan,Female,Ono,Blogpad,20091.69,JPY
Robin,Warren,rwarrengh@who.int,South Africa,Female,Victoria West,Shufflebeat,97628.07,ZAR
Roy,Banks,rbanksgi@kickstarter.com,Sweden,Male,Luleå,Wikibox,77366.76,SEK
Donald,Cruz,dcruzgj@list-manage.com,Bhutan,Male,Panbang,Shufflebeat,,BTN
Sharon,Parker,sparkergk@diigo.com,Brazil,Female,São Sebastião do Caí,Voolia,12239.20,BRL
Laura,Lopez,llopezgl@homestead.com,Israel,Female,Yehud,Aimbu,23279.08,ILS
Virginia,Bennett,vbennettgm@hostgator.com,Russia,Female,Dzerzhinsk,Dabshots,73522.88,RUB
Aaron,Scott,ascottgn@canalblog.com,Japan,Male,Gushikawa,Pixoboo,97540.24,JPY
Tammy,Kim,tkimgo@parallels.com,Ecuador,Female,Bahía de Caráquez,Feedmix,12138.87,USD
Todd,Burns,tburnsgp@patch.com,France,Male,Creil,Eire,60627.46,EUR
Patrick,Fowler,pfowlergq@cargocollective.com,Iran,Male,Meybod,Kazu,55966.25,IRR
Lisa,Welch,lwelchgr@shinystat.com,Nepal,Female,Butwāl,Linktype,,NPR
Cynthia,Anderson,candersongs@mediafire.com,China,Female,Tunggar,Meembee,36626.69,CNY
Kathleen,Snyder,ksnydergt@umn.edu,South Korea,Female,Gongju,Tagchat,48322.38,KRW
Virginia,Garcia,vgarciagu@symantec.com,Puerto Rico,Female,San Juan,Kanoodle,21768.66,USD
Joshua,Reid,jreidgv@hc360.com,Colombia,Male,Carmen de Viboral,Yacero,35054.83,COP
Jean,Morris,jmorrisgw@cyberchimps.com,Brazil,Female,São Leopoldo,Meevee,86608.40,BRL
Jack,Wallace,jwallacegx@omniture.com,Indonesia,Male,Purabaya,Jayo,68911.39,IDR
Adam,Duncan,aduncangy@webnode.com,Russia,Male,Chernyakhovsk,Jaxspan,86053.40,RUB
Jonathan,White,jwhitegz@time.com,Portugal,Male,Passos,Demivee,8943.15,EUR
Harold,Fox,hfoxh0@github.io,Comoros,Male,Barakani,Brightdog,52510.57,KMF
Rebecca,Howard,rhowardh1@gmpg.org,China,Female,Purong,Wikido,65881.42,CNY
Jennifer,Peterson,jpetersonh2@sciencedaily.com,Indonesia,Female,Melati,Zoonder,55670.02,IDR
Barbara,Grant,bgranth3@shutterfly.com,Portugal,Female,Brejoeira,Mynte,60123.06,EUR
Sharon,Richardson,srichardsonh4@zdnet.com,Palestinian Territory,Female,Al Bīrah,Divanoodle,19960.46,ILS
Phillip,Watson,pwatsonh5@intel.com,Israel,Male,Mevo horon,Oyoyo,94654.55,ILS
Margaret,Coleman,mcolemanh6@goo.gl,Ukraine,Female,Zolochiv,Realmix,54510.82,UAH
Ann,Cunningham,acunninghamh7@kickstarter.com,Indonesia,Female,Gandu,Trilith,76538.35,IDR
Bonnie,Evans,bevansh8@360.cn,France,Female,Privas,Zoozzy,39728.96,EUR
Billy,Moore,bmooreh9@webnode.com,Russia,Male,Askiz,Tazzy,56707.83,RUB
Thomas,Wright,twrightha@booking.com,China,Male,Situ,Aimbu,15255.04,CNY
Daniel,Pierce,dpiercehb@mozilla.org,Indonesia,Male,Kepoh,Youtags,,IDR
Ashley,Alexander,aalexanderhc@google.com.au,Poland,Female,Szprotawa,Livetube,,PLN
Larry,Ward,lwardhd@ask.com,Uganda,Male,Dokolo,Tazz,93427.47,UGX
Anna,Robertson,arobertsonhe@foxnews.com,Czech Republic,Female,Jablonec nad Jizerou,Yadel,,CZK
Carlos,Payne,cpaynehf@elegantthemes.com,Iceland,Male,Seltjarnarnes,Wikido,35347.63,ISK
Clarence,Bell,cbellhg@free.fr,Brazil,Male,Formosa do Rio Preto,Katz,614.93,BRL
Maria,Bryant,mbryanthh@nature.com,Brazil,Female,Sinop,Bubbletube,2293.93,BRL
Tina,Campbell,tcampbellhi@barnesandnoble.com,Indonesia,Female,Sukasetia,Voolith,57548.97,IDR
Gerald,Dunn,gdunnhj@people.com.cn,Sudan,Male,Wagar,DabZ,15575.09,SDG
Nancy,Hicks,nhickshk@google.fr,Indonesia,Female,Banjarejo,Kwimbee,72923.37,IDR
Sean,Simpson,ssimpsonhl@ibm.com,Brazil,Male,Rio das Ostras,Tazz,44877.70,BRL
Amanda,Evans,aevanshm@ucla.edu,China,Female,Jomda,Lajo,50630.00,CNY
Frank,Dixon,fdixonhn@bloomberg.com,Guam,Male,Sinajana Village,Skyndu,71704.51,USD
Jeffrey,Wilson,jwilsonho@nature.com,China,Male,Nyagla,Zoomdog,70385.08,CNY
Pamela,Scott,pscotthp@cornell.edu,Vietnam,Female,Tam Bình,Blogtag,57267.10,VND
Roy,Hanson,rhansonhq@mapy.cz,Latvia,Male,Valka,JumpXS,84772.47,EUR
Howard,Lynch,hlynchhr@google.com.br,Indonesia,Male,Canggetelo,Jabberstorm,76209.14,IDR
Tina,Jenkins,tjenkinshs@geocities.com,China,Female,Nantuo,Npath,82969.21,CNY
Annie,Schmidt,aschmidtht@skype.com,Indonesia,Female,Balung,Quire,57718.09,IDR
Melissa,Simmons,msimmonshu@jalbum.net,China,Female,Ya’ngan,Vidoo,23203.68,CNY
Ronald,Elliott,relliotthv@slashdot.org,United States,Male,Arlington,Brainsphere,16728.38,USD
Anthony,Lewis,alewishw@umich.edu,Malaysia,Male,Kota Kinabalu,Oyondu,82824.39,MYR
Timothy,Bryant,tbryanthx@bloglines.com,China,Male,Tianxin,Roombo,,CNY
Carolyn,Webb,cwebbhy@friendfeed.com,Peru,Female,Corani,Eayo,,PEN
Rose,Morales,rmoraleshz@dmoz.org,France,Female,Pantin,Yakitri,65879.02,EUR
Catherine,Olson,colsoni0@wired.com,China,Female,Wu’an,Browsedrive,12481.03,CNY
Bruce,Snyder,bsnyderi1@soup.io,China,Male,Weichanglu,Buzzdog,80805.33,CNY
Brandon,Carpenter,bcarpenteri2@feedburner.com,Russia,Male,Rostokino,Meezzy,20755.62,RUB
Christina,Hanson,chansoni3@google.ru,Portugal,Female,Pousada,Gabvine,92442.55,EUR
Rebecca,Hill,rhilli4@noaa.gov,Saint Barthelemy,Female,Gustavia,Vipe,38139.44,EUR
Daniel,Webb,dwebbi5@wikispaces.com,China,Male,Jiantiao,Edgetag,,CNY
Sean,Bryant,sbryanti6@house.gov,Indonesia,Male,Padangguci,Kwilith,82728.19,IDR
Eugene,Holmes,eholmesi7@google.cn,Philippines,Male,Gueset,Vidoo,73997.68,PHP
Anne,Mason,amasoni8@cbslocal.com,Indonesia,Female,Karano,Chatterpoint,79295.40,IDR
Deborah,Hernandez,dhernandezi9@51.la,Canada,Female,Miramichi,Rhynyx,74527.15,CAD
Patricia,Harrison,pharrisonia@nifty.com,Brazil,Female,São Marcos,Latz,41675.59,BRL
Kathryn,Mccoy,kmccoyib@naver.com,Portugal,Female,Viana do Alentejo,Browsecat,60639.38,EUR
Diana,Hudson,dhudsonic@squidoo.com,Cyprus,Female,Kyperoúnta,Shuffledrive,7725.20,EUR
Emily,Reyes,ereyesid@shareasale.com,France,Female,Niort,Thoughtsphere,90800.20,EUR
Kathleen,Wells,kwellsie@wiley.com,Dominican Republic,Female,Río Limpio,Shufflebeat,2748.66,DOP
Diana,Henry,dhenryif@homestead.com,United States,Female,Scottsdale,Izio,62575.26,USD
Mary,Morrison,mmorrisonig@dyndns.org,Russia,Female,Yubileyny,Eazzy,,RUB
Victor,Bennett,vbennettih@google.cn,China,Male,Shouzhan,Topiclounge,97206.08,CNY
Kenneth,Pierce,kpierceii@google.ca,China,Male,Mafang,Yabox,8973.28,CNY
Frances,Robinson,frobinsonij@eventbrite.com,Indonesia,Female,Krajan,Kimia,7487.36,IDR
Charles,Bishop,cbishopik@unc.edu,Brazil,Male,Muzambinho,Shuffletag,70105.64,BRL
Dorothy,Barnes,dbarnesil@instagram.com,Vietnam,Female,Quận Tân Phú,Mydeo,93669.93,VND
Melissa,Lopez,mlopezim@oracle.com,Slovenia,Female,Slovenj Gradec,Eadel,10677.90,EUR
Frances,Grant,fgrantin@google.nl,China,Female,Yunlu,Meeveo,71148.31,CNY
Joshua,Scott,jscottio@mozilla.org,China,Male,Chengbei,Wordify,31611.71,CNY
Kathy,Edwards,kedwardsip@gizmodo.com,Argentina,Female,Huanchillas,Yotz,13947.97,ARS
Thomas,Nguyen,tnguyeniq@taobao.com,China,Male,Sunzhen,Riffpedia,,CNY
Rachel,Carter,rcarterir@latimes.com,Philippines,Female,Tabango,Tambee,46852.83,PHP
Keith,Edwards,kedwardsis@eepurl.com,Jordan,Male,Zarqa,Eabox,,JOD
Katherine,Sanders,ksandersit@usgs.gov,Ukraine,Female,Staryy Merchyk,Youtags,89559.47,UAH
Adam,Sullivan,asullivaniu@cdc.gov,Vietnam,Male,Ngoc Hon Doc,Gevee,94222.87,VND
Marie,Burns,mburnsiv@meetup.com,Vietnam,Female,Nha Trang,Flashpoint,,VND
George,Barnes,gbarnesiw@dagondesign.com,Poland,Male,Pogwizdów,Jaloo,76764.44,PLN
Harry,Edwards,hedwardsix@smugmug.com,Russia,Male,Uryupinsk,Topiclounge,21512.70,RUB
Patricia,Armstrong,parmstrongiy@ow.ly,Madagascar,Female,Ambalavao,Topiclounge,65904.68,MGA
Ryan,Hughes,rhughesiz@vistaprint.com,Vietnam,Male,Văn Điển,Eayo,,VND
Ernest,Bryant,ebryantj0@barnesandnoble.com,Democratic Republic of the Congo,Male,Luebo,Abatz,49363.09,CDF
Timothy,Price,tpricej1@networkadvertising.org,Bulgaria,Male,Asenovgrad,Tagopia,33895.30,BGN
Jimmy,Chavez,jchavezj2@latimes.com,Russia,Male,Maloye Verevo,Gabtype,74386.11,RUB
Paul,Roberts,probertsj3@cornell.edu,China,Male,Jinan,Mydeo,68658.01,CNY
Emily,Clark,eclarkj4@taobao.com,China,Female,Yayao,Skyba,29541.51,CNY
Martha,Anderson,mandersonj5@nature.com,Cuba,Female,Báguanos,Devpoint,,CUP
Ruby,Martinez,rmartinezj6@unblog.fr,Indonesia,Female,Ketitang Wetan,Oozz,85756.59,IDR
Terry,Hawkins,thawkinsj7@usnews.com,Greece,Male,Xylókastro,Meembee,45187.88,EUR
Ashley,Little,alittlej8@china.com.cn,China,Female,Liangyaping,Linktype,96026.47,CNY
Theresa,Gonzalez,tgonzalezj9@woothemes.com,Indonesia,Female,Suwaluh,Edgepulse,83913.08,IDR
Gregory,Gonzales,ggonzalesja@miitbeian.gov.cn,Indonesia,Male,Sambilawang,Thoughtstorm,33037.75,IDR
Rachel,Reynolds,rreynoldsjb@msu.edu,Canada,Female,Fox Creek,Wikizz,65861.87,CAD
Stephanie,Alvarez,salvarezjc@reuters.com,China,Female,Chengbei,Kare,90263.29,CNY
Cynthia,Romero,cromerojd@shareasale.com,Russia,Female,Bastan,Skilith,65700.73,RUB
Ronald,Hughes,rhughesje@timesonline.co.uk,Nigeria,Male,Wushishi,Meevee,88527.51,NGN
Daniel,Turner,dturnerjf@comsenz.com,Poland,Male,Przasnysz,Blogpad,36432.86,PLN
Teresa,Lynch,tlynchjg@sfgate.com,Russia,Female,Smolenka,Voomm,40826.73,RUB
Catherine,Watson,cwatsonjh@sciencedirect.com,Belgium,Female,Péruwelz,Livefish,3717.52,EUR
Peter,Greene,pgreeneji@uiuc.edu,China,Male,Dongxi,Yamia,21051.64,CNY
Patrick,Austin,paustinjj@icq.com,China,Male,Shangzhang,Thoughtblab,53886.29,CNY
Alan,Bennett,abennettjk@sohu.com,China,Male,Qaxa,Realpoint,28437.06,CNY
Ryan,Thomas,rthomasjl@clickbank.net,Netherlands,Male,Zeist,Photolist,73510.08,EUR
Sean,Hernandez,shernandezjm@cdc.gov,Indonesia,Male,Kawalimukti,Podcat,74607.09,IDR
Jack,Johnston,jjohnstonjn@usda.gov,Syria,Male,Sarāqib,Gigabox,48766.90,SYP
Carol,Wheeler,cwheelerjo@boston.com,Somalia,Female,Baardheere,Viva,16503.32,SOS
Frances,Woods,fwoodsjp@netscape.com,France,Female,Villefranche-sur-Mer,Trudoo,9590.22,EUR
Carol,Wood,cwoodjq@answers.com,Pakistan,Female,Bahāwalnagar,Oyoba,57679.92,PKR
Anthony,Fox,afoxjr@smh.com.au,Honduras,Male,Baja Mar,Zoovu,52312.90,HNL
Roger,Ortiz,rortizjs@ocn.ne.jp,Indonesia,Male,Bualu,Voomm,,IDR
Teresa,Taylor,ttaylorjt@ow.ly,Japan,Female,Kashihara,Jabberbean,53885.69,JPY
Phyllis,Nguyen,pnguyenju@liveinternet.ru,Philippines,Female,Babo-Pangulo,Lazzy,5417.36,PHP
Todd,Grant,tgrantjv@tuttocitta.it,Czech Republic,Male,Týnec,Mydo,33731.44,CZK
Kathy,Snyder,ksnyderjw@sphinn.com,Philippines,Female,Salimbalan,Bubbletube,97933.13,PHP
Jonathan,Gardner,jgardnerjx@ezinearticles.com,Spain,Male,Leganes,Skiba,35406.82,EUR
Russell,Owens,rowensjy@deliciousdays.com,Philippines,Male,Tindog,Livetube,85701.28,PHP
Harry,Morales,hmoralesjz@nsw.gov.au,Spain,Male,Valencia,Kare,36167.74,EUR
Michelle,Duncan,mduncank0@merriam-webster.com,Indonesia,Female,Leloboko,Eadel,22077.58,IDR
Nancy,Carter,ncarterk1@pcworld.com,Indonesia,Female,Lengor,Ozu,19502.63,IDR
Willie,Holmes,wholmesk2@people.com.cn,China,Male,Sanhui,Meevee,92798.29,CNY
Harold,Richardson,hrichardsonk3@nba.com,China,Male,Beixinjie,Browsecat,,CNY
Angela,Ortiz,aortizk4@reference.com,Brazil,Female,Seropédica,Jetpulse,26990.43,BRL
Amy,Lynch,alynchk5@ftc.gov,Denmark,Female,Frederiksberg,Zazio,72976.86,DKK
Benjamin,Stewart,bstewartk6@cisco.com,China,Male,Meijiahe,Gigabox,87250.25,CNY
Denise,Barnes,dbarnesk7@mozilla.com,Czech Republic,Female,Strání,Kamba,49887.92,CZK
Matthew,Williamson,mwilliamsonk8@miibeian.gov.cn,Indonesia,Male,Pancur,Oyoba,78175.17,IDR
Victor,Dunn,vdunnk9@acquirethisname.com,Indonesia,Male,Ngangpo,Devpulse,55239.17,IDR
Johnny,Bishop,jbishopka@sina.com.cn,Dominican Republic,Male,San Juan de la Maguana,Viva,12028.35,DOP
Patricia,Stevens,pstevenskb@bloglines.com,Tunisia,Female,Hammam Sousse,Flipstorm,69308.33,TND
Richard,Ford,rfordkc@etsy.com,China,Male,Qidi,Meeveo,,CNY
Diana,Parker,dparkerkd@hugedomains.com,Mexico,Female,Obrera,Skinder,44442.56,MXN
Karen,Murphy,kmurphyke@ucla.edu,Bangladesh,Female,Lalmanirhat,Zooveo,29116.02,BDT
Ernest,Cunningham,ecunninghamkf@cafepress.com,China,Male,Dongsheng,Muxo,68410.01,CNY
Ann,Adams,aadamskg@noaa.gov,Indonesia,Female,Cikayas,Flipopia,,IDR
Betty,Butler,bbutlerkh@stanford.edu,Philippines,Female,Santa Ana,Ailane,29628.31,PHP
David,Sullivan,dsullivanki@irs.gov,Japan,Male,Tokyo,Photofeed,80814.14,JPY
Marie,Kim,mkimkj@businessinsider.com,Ecuador,Female,La Libertad,Thoughtbridge,65754.81,USD
Norma,Daniels,ndanielskk@hc360.com,Philippines,Female,Binitayan,Jayo,24616.55,PHP
David,Mendoza,dmendozakl@mlb.com,France,Male,Billère,Feedfire,,EUR
Samuel,Phillips,sphillipskm@histats.com,Madagascar,Male,Sakaraha,Skidoo,7429.94,MGA
Norma,Price,npricekn@hc360.com,France,Female,Annecy,Skippad,78872.00,EUR
Stephen,Ray,srayko@newsvine.com,Serbia,Male,Prigrevica,Zava,3116.10,RSD
Marilyn,Burton,mburtonkp@netscape.com,China,Female,Mulan,Skyba,,CNY
Kimberly,Sanchez,ksanchezkq@rakuten.co.jp,Portugal,Female,Poiares,Rhynyx,74777.13,EUR
Martha,Green,mgreenkr@aboutads.info,China,Female,Zangbawa,Twitterworks,61062.32,CNY
Fred,Gonzalez,fgonzalezks@marriott.com,Mexico,Male,San Isidro,Twinte,39039.69,MXN
Katherine,Berry,kberrykt@sina.com.cn,Ukraine,Female,Shakhtars’k,Bubbletube,4971.55,UAH
Judith,Carter,jcarterku@photobucket.com,Indonesia,Female,Jatinagara,Eayo,,IDR
Sandra,Brooks,sbrookskv@last.fm,Argentina,Female,Firmat,Wordify,9384.96,ARS
Tina,Evans,tevanskw@dailymotion.com,China,Female,Daluo,Fiveclub,,CNY
Jeffrey,Harrison,jharrisonkx@wufoo.com,France,Male,Amiens,Kwinu,6418.80,EUR
Timothy,Day,tdayky@behance.net,Poland,Male,Milanów,Tambee,91930.40,PLN
Deborah,Little,dlittlekz@netlog.com,Jamaica,Female,Mt Peto,Gabvine,29666.57,JMD
Gloria,Larson,glarsonl0@dyndns.org,Colombia,Female,El Retén,Skalith,51009.64,COP
Louis,Brooks,lbrooksl1@biblegateway.com,China,Male,Shangcun,Realfire,92505.21,CNY
Anthony,Payne,apaynel2@epa.gov,Indonesia,Male,Klampok,Twinte,87801.12,IDR
Emily,Weaver,eweaverl3@mit.edu,Portugal,Female,Aldeia,Avavee,54905.85,EUR
Ralph,Ross,rrossl4@elegantthemes.com,Venezuela,Male,Camatagua,Babbleset,80616.91,VEF
Earl,Daniels,edanielsl5@taobao.com,Thailand,Male,Bang Bo District,Blogtag,11981.37,THB
Cheryl,Turner,cturnerl6@odnoklassniki.ru,Indonesia,Female,Era,Chatterpoint,22119.62,IDR
Craig,Crawford,ccrawfordl7@qq.com,Russia,Male,Tekstil’shchiki,Camimbo,81071.27,RUB
Keith,Stevens,kstevensl8@wikipedia.org,Botswana,Male,Maunatlala,JumpXS,8324.96,BWP
Anthony,Reed,areedl9@discovery.com,Guatemala,Male,Esquipulas,Agimba,61082.30,GTQ
Marilyn,Martin,mmartinla@earthlink.net,Poland,Female,Czernikowo,Jetpulse,94544.90,PLN
Aaron,Gardner,agardnerlb@cdc.gov,China,Male,Hujiagou,Browsedrive,24439.84,CNY
Amy,Bowman,abowmanlc@furl.net,Ukraine,Female,Starychi,Voomm,58751.40,UAH
Carlos,Morris,cmorrisld@virginia.edu,Mongolia,Male,Naran-mandokhu Somon,Wikibox,82627.59,MNT
Ronald,Sullivan,rsullivanle@accuweather.com,New Zealand,Male,Raglan,Eidel,30799.90,NZD
Joe,Shaw,jshawlf@merriam-webster.com,China,Male,Lincheng,Wordtune,88757.70,CNY
Brenda,Gonzalez,bgonzalezlg@phoca.cz,Afghanistan,Female,Paghmān,Buzzshare,3823.37,AFN
George,Cook,gcooklh@trellian.com,Brazil,Male,Igarapé Miri,Linklinks,87217.05,BRL
Steve,Reed,sreedli@networksolutions.com,Philippines,Male,Santa Marcela,Babblestorm,40040.48,PHP
Laura,Walker,lwalkerlj@canalblog.com,Benin,Female,Dassa-Zoumé,Dablist,25257.68,XOF
Pamela,Wilson,pwilsonlk@ustream.tv,Portugal,Female,Ribeiro,Topiclounge,86571.29,EUR
Patricia,James,pjamesll@ebay.com,China,Female,Qingminghe,Skinte,19673.06,CNY
Harold,Hunter,hhunterlm@altervista.org,Canada,Male,Hantsport,Kimia,79084.28,CAD
Lawrence,Cox,lcoxln@dyndns.org,Indonesia,Male,Lai Lai Bisi Kopan,Voonder,65120.25,IDR
Donald,Stephens,dstephenslo@google.co.uk,China,Male,Shaoha,Wordpedia,23007.81,CNY
Lawrence,Hicks,lhickslp@360.cn,Panama,Male,Tocumen,Realfire,,PAB
Arthur,Riley,arileylq@elpais.com,Vietnam,Male,Biên Hòa,Photospace,37112.77,VND
Douglas,Powell,dpowelllr@hostgator.com,Argentina,Male,San Carlos,Divape,,ARS
Stephanie,Graham,sgrahamls@statcounter.com,China,Female,Dalonghua,Edgewire,,CNY
Joe,West,jwestlt@latimes.com,Brazil,Male,Ortigueira,Kwideo,46356.58,BRL
Joyce,Scott,jscottlu@alexa.com,Sweden,Female,Stockholm,Realblab,,SEK
Michelle,Hawkins,mhawkinslv@123-reg.co.uk,Indonesia,Female,Karangpaningal,Skyvu,92681.90,IDR
Edward,Day,edaylw@naver.com,China,Male,Liuhou,Innotype,93027.87,CNY
Julie,Anderson,jandersonlx@globo.com,South Korea,Female,Suncheon,Meetz,16609.67,KRW
Karen,Thompson,kthompsonly@bbb.org,Brazil,Female,Itararé,Photobean,27877.98,BRL
Joe,Hawkins,jhawkinslz@etsy.com,Philippines,Male,Sagrada Familia,Tagchat,37245.51,PHP
Brandon,Knight,bknightm0@ifeng.com,Venezuela,Male,San Juan Bautista,Muxo,55475.05,VEF
Steve,Ramirez,sramirezm1@parallels.com,Philippines,Male,Sandayong Sur,Thoughtbeat,92085.76,PHP
Carlos,Mills,cmillsm2@meetup.com,Greece,Male,Kouloúra,Zooxo,65818.40,EUR
Gloria,Woods,gwoodsm3@admin.ch,North Korea,Female,Pyongyang,Eazzy,49417.18,KPW
Pamela,Ruiz,pruizm4@huffingtonpost.com,Libya,Female,Tagiura,Pixonyx,33144.80,LYD
Roger,Chapman,rchapmanm5@nhs.uk,Jamaica,Male,May Pen,Skinder,65066.70,JMD
Gloria,Roberts,grobertsm6@t-online.de,China,Female,Jiacun,Dynabox,37872.70,CNY
Michelle,Day,mdaym7@usa.gov,Peru,Female,Bellavista,Thoughtbridge,68799.67,PEN
Frank,Fields,ffieldsm8@abc.net.au,United Kingdom,Male,Birmingham,Yata,49612.88,GBP
Beverly,Rodriguez,brodriguezm9@indiegogo.com,France,Female,Cachan,Photobug,,EUR
Denise,Hernandez,dhernandezma@apple.com,China,Female,Honglan,Twinte,89365.50,CNY
Joseph,Day,jdaymb@ed.gov,Brazil,Male,Itápolis,Dazzlesphere,36060.28,BRL
Jerry,Dunn,jdunnmc@marketwatch.com,Colombia,Male,Antioquia,Thoughtblab,6362.20,COP
Joe,Robinson,jrobinsonmd@php.net,Pakistan,Male,Mandi Bahāuddīn,Zoombeat,35029.52,PKR
Frank,Cunningham,fcunninghamme@slideshare.net,Lithuania,Male,Rokiškis,Youfeed,9763.22,LTL
Douglas,Gilbert,dgilbertmf@gravatar.com,Bangladesh,Male,Joypur Hāt,Buzzbean,88290.71,BDT
Clarence,Lynch,clynchmg@google.ca,Poland,Male,Markowa,Eamia,72760.35,PLN
Jean,Perkins,jperkinsmh@ovh.net,Norway,Female,Oslo,Avavee,62217.10,NOK
Mark,Wallace,mwallacemi@dailymail.co.uk,Brazil,Male,Herval,Shufflester,89755.95,BRL
Sarah,Porter,sportermj@vk.com,Poland,Female,Gręboszów,Topicblab,95913.73,PLN
Kimberly,Meyer,kmeyermk@jimdo.com,Indonesia,Female,Krajan,Wordpedia,43947.89,IDR
Rose,Rice,rriceml@nyu.edu,Russia,Female,Svetlograd,Twinder,64807.45,RUB
Alan,Ross,arossmm@zdnet.com,China,Male,Woshui,Ntag,88476.10,CNY
Paul,Ford,pfordmn@jugem.jp,Philippines,Male,Jovellar,Quatz,40229.14,PHP
Nancy,Cole,ncolemo@unicef.org,Greece,Female,Kyllíni,Eire,94055.13,EUR
Gregory,Rivera,griveramp@nbcnews.com,Peru,Male,Chincha Baja,Abata,,PEN
Carolyn,Diaz,cdiazmq@clickbank.net,United States,Female,Springfield,Youspan,68274.79,USD
Kathleen,Brooks,kbrooksmr@pen.io,Russia,Female,Yam,Minyx,24719.92,RUB
Alice,Garza,agarzams@reddit.com,France,Female,Mende,Tekfly,6860.43,EUR
Wayne,Davis,wdavismt@etsy.com,China,Male,Hong’an Chengguanzhen,Ailane,,CNY
Michael,Harper,mharpermu@skyrock.com,China,Male,Shangtang,Youspan,,CNY
Jason,Ferguson,jfergusonmv@twitter.com,Sierra Leone,Male,Seidu,Edgepulse,12971.01,SLL
Cheryl,Sanders,csandersmw@fda.gov,United States,Female,Kansas City,Twitternation,85675.52,USD
Angela,Scott,ascottmx@wikia.com,China,Female,Yunyang,Centimia,62642.62,CNY
Teresa,Sullivan,tsullivanmy@psu.edu,Peru,Female,Curahuasi,Twinder,,PEN
Jack,Chapman,jchapmanmz@illinois.edu,Indonesia,Male,Jati,Quatz,89691.13,IDR
Fred,Mitchell,fmitchelln0@state.gov,Czech Republic,Male,Otaslavice,Rhycero,13971.14,CZK
Susan,Reid,sreidn1@infoseek.co.jp,Netherlands,Female,Leiden,Topicshots,33731.63,EUR
Harry,Stevens,hstevensn2@tripadvisor.com,Russia,Male,Baklashi,Avamba,45091.81,RUB
Laura,Franklin,lfranklinn3@pinterest.com,Japan,Female,Yoshikawa,Youspan,27208.39,JPY
Billy,Cooper,bcoopern4@arstechnica.com,China,Male,Jinyuan,Kwilith,85017.89,CNY
Rose,Spencer,rspencern5@com.com,United States,Female,Erie,Kamba,13079.35,USD
Albert,Dunn,adunnn6@xinhuanet.com,China,Male,Cikou,Vimbo,45408.01,CNY
Diana,Bailey,dbaileyn7@printfriendly.com,China,Female,Xinyang,Jaxspan,93328.95,CNY
Rose,Richardson,rrichardsonn8@nasa.gov,Latvia,Female,Iecava,Feedfire,38807.20,EUR
Carolyn,Burns,cburnsn9@cbsnews.com,Philippines,Female,Biliran,Pixoboo,53264.27,PHP
Donna,Gonzales,dgonzalesna@livejournal.com,Philippines,Female,Sinuknipan,Mynte,3459.84,PHP
Thomas,Edwards,tedwardsnb@wired.com,Portugal,Male,Vilar do Monte,Eare,90337.88,EUR
Mark,Romero,mromeronc@weibo.com,China,Male,Lishui,Linkbuzz,70245.77,CNY
Ralph,Freeman,rfreemannd@cam.ac.uk,Poland,Male,Przemków,Blogtags,7697.73,PLN
Wayne,Cruz,wcruzne@meetup.com,Malaysia,Male,Kuala Lumpur,Teklist,84661.00,MYR
Jane,Ortiz,jortiznf@vkontakte.ru,France,Female,Saint-Claude,Dabshots,,EUR
Jane,Austin,jaustinng@dot.gov,Poland,Female,Siemiatycze,Vimbo,96784.86,PLN
Lisa,Gomez,lgomeznh@netscape.com,Argentina,Female,Mercedes,Linklinks,84296.75,ARS
Denise,Schmidt,dschmidtni@homestead.com,Russia,Female,Plavsk,Flipbug,82233.92,RUB
Mary,Lynch,mlynchnj@baidu.com,Brazil,Female,Brejo Santo,Twitterbridge,27729.31,BRL
Shawn,Phillips,sphillipsnk@sciencedirect.com,France,Male,L'Aigle,Tagchat,96349.04,EUR
Richard,Wells,rwellsnl@engadget.com,Portugal,Male,Canto,Edgepulse,58306.93,EUR
Philip,Matthews,pmatthewsnm@ask.com,Ukraine,Male,Kalanchak,Oyondu,42949.52,UAH
Kathy,Gardner,kgardnernn@msn.com,China,Female,Pengxing,Roombo,67455.87,CNY
Harry,Murray,hmurrayno@digg.com,France,Male,Asnières-sur-Seine,Centizu,69634.51,EUR
Diane,Johnson,djohnsonnp@surveymonkey.com,Cameroon,Female,Fundong,Cogibox,99268.69,XAF
Donald,Oliver,dolivernq@slashdot.org,China,Male,Nianqiao,Blogpad,66589.57,CNY
Edward,Kim,ekimnr@intel.com,Kazakhstan,Male,Astana,Gabtype,79863.86,KZT
Carl,Andrews,candrewsns@networksolutions.com,China,Male,Neiguan,Cogilith,41842.57,CNY
William,Chavez,wchaveznt@domainmarket.com,Russia,Male,Zavitinsk,Dabjam,89860.90,RUB
Louis,Wells,lwellsnu@sbwire.com,Slovenia,Male,Piran,Yacero,12107.63,EUR
Beverly,Harvey,bharveynv@hud.gov,Indonesia,Female,Pongkor,Linktype,76365.29,IDR
Johnny,Bennett,jbennettnw@vk.com,Russia,Male,Peskovka,Mydo,65213.67,RUB
Craig,Schmidt,cschmidtnx@hugedomains.com,China,Male,Hexiangqiao,Cogilith,498.40,CNY
Michael,Martinez,mmartinezny@uol.com.br,Italy,Male,Pescara,Mydo,15462.06,EUR
Jeffrey,Stanley,jstanleynz@constantcontact.com,Sweden,Male,Kvänum,Avaveo,49158.13,SEK
Michael,Perkins,mperkinso0@gnu.org,Estonia,Male,Tallinn,Mita,97643.61,EUR
Janice,Wallace,jwallaceo1@un.org,Poland,Female,Ełk,Jatri,86938.63,PLN
Jennifer,Chapman,jchapmano2@1und1.de,Peru,Female,Breu,Wordpedia,81097.63,PEN
Judy,Harper,jharpero3@freewebs.com,Slovenia,Female,Preserje pri Radomljah,Meedoo,42197.38,EUR
Marilyn,Carpenter,mcarpentero4@walmart.com,China,Female,Qianjia,Dynava,71289.09,CNY
Christopher,Stone,cstoneo5@creativecommons.org,Myanmar,Male,Minbu,Yakitri,5075.62,MMK
Randy,Johnston,rjohnstono6@adobe.com,Indonesia,Male,Sukadana Selatan,Wordtune,18742.94,IDR
Terry,Holmes,tholmeso7@imdb.com,Russia,Male,Filimonovo,Rhynyx,18528.75,RUB
Gloria,Willis,gwilliso8@va.gov,United States,Female,El Paso,Roomm,45938.68,USD
Melissa,Thompson,mthompsono9@abc.net.au,Brazil,Female,Itapecerica,Jabbercube,,BRL
Denise,Ramos,dramosoa@hugedomains.com,Brazil,Female,Pedro II,Dynabox,74304.89,BRL
Jesse,Pierce,jpierceob@cnbc.com,Russia,Male,Novokhopërsk,Photobug,92761.31,RUB
Dennis,Miller,dmilleroc@1und1.de,Brazil,Male,Linhares,Meetz,8169.90,BRL
Lois,Dunn,ldunnod@umn.edu,Afghanistan,Female,Sang-e Chārak,Browsedrive,99543.24,AFN
Raymond,Richardson,rrichardsonoe@slashdot.org,China,Male,Luoyang,Jaxspan,71533.10,CNY
Eric,Perkins,eperkinsof@timesonline.co.uk,China,Male,Hekou,Leenti,30143.31,CNY
Lori,Ford,lfordog@csmonitor.com,China,Female,Zhaizigou,Yambee,8241.34,CNY
Howard,Burke,hburkeoh@wix.com,Brazil,Male,São Paulo,Thoughtsphere,495.43,BRL
Ralph,Spencer,rspenceroi@bravesites.com,Indonesia,Male,Binawara,Youfeed,87453.31,IDR
Todd,Reynolds,treynoldsoj@tinyurl.com,Philippines,Male,Paclolo,Tagfeed,,PHP
Nicholas,Rice,nriceok@w3.org,France,Male,Paris 09,Topiclounge,,EUR
Barbara,Torres,btorresol@eepurl.com,China,Female,Jinfeng,Shufflebeat,15201.87,CNY
Daniel,Stanley,dstanleyom@oakley.com,Norway,Male,Oslo,Kwimbee,54308.65,NOK
Beverly,Jenkins,bjenkinson@slideshare.net,Indonesia,Female,Ciwidara,Skinix,7484.70,IDR
Steve,Graham,sgrahamoo@uiuc.edu,Philippines,Male,Alabat,Mynte,80328.86,PHP
Jean,Lane,jlaneop@narod.ru,Russia,Female,Khasavyurt,Skinte,78516.26,RUB
Louis,Perez,lperezoq@arstechnica.com,Philippines,Male,Indulang,Kwinu,11831.23,PHP
Norma,Meyer,nmeyeror@nyu.edu,Brazil,Female,Bacabal,Roodel,70814.76,BRL
Dennis,Knight,dknightos@tripadvisor.com,Cyprus,Male,Ergates,Brightbean,68240.20,EUR
Ruby,Jacobs,rjacobsot@clickbank.net,Peru,Female,Cocabamba,Gabvine,45767.70,PEN
Karen,Gray,kgrayou@prlog.org,Ukraine,Female,Nikopol’,Kamba,72106.79,UAH
Harry,Jones,hjonesov@zdnet.com,Ukraine,Male,Yenakiyeve,Edgewire,80671.93,UAH
Robin,Harvey,rharveyow@usgs.gov,Indonesia,Female,Nilanapo,Skimia,66643.42,IDR
Gary,Daniels,gdanielsox@newsvine.com,Thailand,Male,Sap Yai,Fivebridge,37122.04,THB
Peter,Morgan,pmorganoy@hc360.com,Martinique,Male,Fort-de-France,Mybuzz,31613.39,EUR
Gerald,Ward,gwardoz@yolasite.com,Poland,Male,Łeba,Quire,,PLN
Ralph,Price,rpricep0@discuz.net,Indonesia,Male,Cibitung,Mybuzz,18758.66,IDR
Julia,Day,jdayp1@woothemes.com,Sweden,Female,Gävle,Innojam,71529.03,SEK
Brian,Bowman,bbowmanp2@zdnet.com,China,Male,Qujiang,Teklist,,CNY
Diane,Frazier,dfrazierp3@alexa.com,Sweden,Female,Norsborg,Skajo,46186.16,SEK
Walter,Fowler,wfowlerp4@jiathis.com,Philippines,Male,Balagui,Ooba,51886.98,PHP
Elizabeth,Cox,ecoxp5@reference.com,Malawi,Female,Mchinji,Edgewire,19739.44,MWK
Jeremy,Hart,jhartp6@delicious.com,Bosnia and Herzegovina,Male,Gradačac,Bluezoom,,BAM
Christina,Bradley,cbradleyp7@privacy.gov.au,China,Female,Zuhu,Gigaclub,64832.80,CNY
Robin,Allen,rallenp8@g.co,Pakistan,Female,New Mīrpur,Jaxspan,15855.24,PKR
Martin,Lawrence,mlawrencep9@mapquest.com,Cameroon,Male,Eséka,Quamba,28037.72,XAF
Christopher,Morgan,cmorganpa@deliciousdays.com,Indonesia,Male,Krueng Luak,Topiczoom,85991.21,IDR
Justin,Fernandez,jfernandezpb@sciencedirect.com,France,Male,Saint-Égrève,Jabbertype,57490.13,EUR
Christine,Schmidt,cschmidtpc@miibeian.gov.cn,Russia,Female,Nizhneivkino,Dynava,829.35,RUB
Anthony,Holmes,aholmespd@stumbleupon.com,Indonesia,Male,Banjar Dukuh,Jaxspan,40180.39,IDR
Irene,Little,ilittlepe@wired.com,Russia,Female,Tyoply Stan,Tazzy,81865.67,RUB
Jeremy,Stanley,jstanleypf@ft.com,Portugal,Male,Paradela,Yadel,18014.08,EUR
Sharon,Ray,sraypg@opensource.org,Turkmenistan,Female,Boldumsaz,Skilith,,TMT
Howard,James,hjamesph@altervista.org,Nigeria,Male,Katsina,Leenti,53655.79,NGN
Dorothy,Stone,dstonepi@about.me,Angola,Female,Cabinda,Aivee,99835.04,AOA
Janet,Richardson,jrichardsonpj@samsung.com,Philippines,Female,San Francisco,Roomm,14367.38,PHP
Benjamin,Daniels,bdanielspk@typepad.com,Indonesia,Male,Wailolung,Livepath,65022.09,IDR
Daniel,Cook,dcookpl@google.es,Thailand,Male,Phanom Sarakham,Zoombeat,33578.46,THB
Ernest,Coleman,ecolemanpm@rambler.ru,Philippines,Male,Sinamar,Topicshots,,PHP
Kevin,Montgomery,kmontgomerypn@hugedomains.com,Brazil,Male,Laranjeiras,Eadel,19368.67,BRL
Eugene,Burton,eburtonpo@salon.com,Russia,Male,Manzherok,Photobug,34648.35,RUB
Mark,Mason,mmasonpp@yolasite.com,Saint Kitts and Nevis,Male,Nicola Town,Brightdog,37052.30,XCD
Lillian,Diaz,ldiazpq@princeton.edu,Tunisia,Female,Ben Arous,Roodel,,TND
Paula,Stone,pstonepr@time.com,Indonesia,Female,Banjar Sandinggianyar,Quaxo,65433.17,IDR
David,Wheeler,dwheelerps@vinaora.com,South Africa,Male,Swellendam,Jaxnation,67361.11,ZAR
Christine,Henderson,chendersonpt@yandex.ru,Yemen,Female,Sāqayn,Photobug,3121.87,YER
Andrea,Hudson,ahudsonpu@wordpress.com,Eritrea,Female,Ak’ordat,Wikizz,11349.95,ERN
Melissa,Thompson,mthompsonpv@wsj.com,Indonesia,Female,Kolbano,Meemm,,IDR
Wanda,Mcdonald,wmcdonaldpw@bluehost.com,Japan,Female,Mobara,Yombu,28168.62,JPY
Stephanie,Ward,swardpx@ucoz.ru,Belarus,Female,Vishow,Voomm,85239.27,BYR
Julia,Mendoza,jmendozapy@constantcontact.com,Thailand,Female,Tan Sum,Ainyx,,THB
Harry,Clark,hclarkpz@weebly.com,Namibia,Male,Karibib,Oyonder,7216.71,NAD
Lois,Garrett,lgarrettq0@odnoklassniki.ru,China,Female,Jian’ou,Voonix,12084.71,CNY
Emily,Frazier,efrazierq1@washington.edu,Sudan,Female,Um Jar Al Gharbiyya,Jaxnation,60313.90,SDG
Russell,Snyder,rsnyderq2@apache.org,Poland,Male,Rybie,Twitterwire,,PLN
Dorothy,Reed,dreedq3@patch.com,Brazil,Female,Natividade,Fadeo,42962.72,BRL
Ralph,Chavez,rchavezq4@typepad.com,United States,Male,Inglewood,Abatz,92609.55,USD
Margaret,Daniels,mdanielsq5@prweb.com,Portugal,Female,Carvalho,Thoughtmix,19566.52,EUR
Lois,Cunningham,lcunninghamq6@altervista.org,France,Female,Sarrebourg,Wikivu,,EUR
Fred,Fisher,ffisherq7@ebay.com,Indonesia,Male,Sangatta,Zazio,12098.76,IDR
Sandra,Rodriguez,srodriguezq8@springer.com,United States,Female,Chicago,Realblab,20942.66,USD
Todd,Cook,tcookq9@ustream.tv,Argentina,Male,Villa Nueva,Centimia,52799.93,ARS
Raymond,Stewart,rstewartqa@dedecms.com,China,Male,Daqian,Blogtag,39831.88,CNY
Benjamin,George,bgeorgeqb@patch.com,Morocco,Male,Sidi Lamine,Trilia,25176.98,MAD
Diana,Peters,dpetersqc@acquirethisname.com,Syria,Female,Nubl,Quimm,56129.54,SYP
Ryan,Watson,rwatsonqd@sitemeter.com,Ukraine,Male,Kolomak,Bubblemix,99297.09,UAH
Carolyn,Gray,cgrayqe@storify.com,Canada,Female,Carleton Place,Centidel,40091.59,CAD
Janet,Washington,jwashingtonqf@blogspot.com,China,Female,Qingqu,Zoombox,12257.94,CNY
Randy,Stewart,rstewartqg@jiathis.com,Russia,Male,Shalya,Miboo,36847.56,RUB
Patrick,Johnston,pjohnstonqh@freewebs.com,Cape Verde,Male,Vila Nova Sintra,Camimbo,25220.63,CVE
Charles,Watkins,cwatkinsqi@rambler.ru,China,Male,Zuogaiduoma,Leenti,93220.99,CNY
Ernest,Miller,emillerqj@patch.com,China,Male,Boyu,Gigazoom,99027.50,CNY
Phyllis,Bradley,pbradleyqk@wiley.com,Sweden,Female,Ystad,Ozu,28993.63,SEK
Philip,Gibson,pgibsonql@cyberchimps.com,Japan,Male,Iwade,Bubblemix,73490.91,JPY
Kathryn,Bowman,kbowmanqm@godaddy.com,Namibia,Female,Omuthiya,Shufflebeat,41101.71,NAD
Eric,Bryant,ebryantqn@nationalgeographic.com,Mongolia,Male,Dzel,Riffwire,65034.45,MNT
Elizabeth,Reid,ereidqo@networkadvertising.org,Egypt,Female,Rosetta,Yambee,95689.74,EGP
Christopher,Graham,cgrahamqp@army.mil,Indonesia,Male,Mangga Dua,Cogibox,,IDR
Michael,Edwards,medwardsqq@photobucket.com,Yemen,Male,As Saddah,Flipstorm,38466.67,YER
Carol,Stewart,cstewartqr@ucsd.edu,Russia,Female,Koshki,Gigashots,75125.03,RUB
Paula,Hudson,phudsonqs@gravatar.com,Portugal,Female,Tojeira,Shufflebeat,26204.03,EUR
Bobby,Murray,bmurrayqt@sun.com,Burkina Faso,Male,Sindou,Flashpoint,52901.13,XOF
Paula,Watkins,pwatkinsqu@desdev.cn,Indonesia,Female,Puubheto,Pixonyx,62659.07,IDR
Cynthia,Pierce,cpierceqv@indiatimes.com,Vietnam,Female,Thị Trấn Nghèn,Voolith,87106.66,VND
Betty,Hunter,bhunterqw@si.edu,Russia,Female,Anuchino,Aimbu,81839.71,RUB
Ruth,Mills,rmillsqx@fda.gov,Pakistan,Female,Khurriānwāla,Jaloo,24090.86,PKR
Billy,Ferguson,bfergusonqy@odnoklassniki.ru,Portugal,Male,Cochadas,Eamia,58010.99,EUR
Antonio,White,awhiteqz@google.co.jp,Ukraine,Male,Dniprovka,Tagcat,98242.78,UAH
Anna,Roberts,arobertsr0@naver.com,Portugal,Female,Entradas,Photospace,,EUR
Ashley,Perkins,aperkinsr1@youku.com,Sweden,Female,Vetlanda,Fivebridge,9167.47,SEK
Frank,Boyd,fboydr2@pen.io,Philippines,Male,Libertad,Feedfire,29040.93,PHP
Doris,Ellis,dellisr3@oaic.gov.au,Russia,Female,Vol’no-Nadezhdinskoye,Aimbu,42181.32,RUB
Ralph,Mendoza,rmendozar4@businessinsider.com,France,Male,Lorient,Kwideo,30747.89,EUR
Martha,Lane,mlaner5@bizjournals.com,Indonesia,Female,Karangdawa Barat,Jetwire,,IDR
Victor,Harvey,vharveyr6@hc360.com,Kazakhstan,Male,Energeticheskiy,Mybuzz,50974.07,KZT
Thomas,Morrison,tmorrisonr7@yahoo.com,Sierra Leone,Male,Bumbuna,Mita,40306.61,SLL
Raymond,Adams,radamsr8@psu.edu,Portugal,Male,Vila Boa do Bispo,JumpXS,92538.78,EUR
Irene,Hudson,ihudsonr9@ox.ac.uk,China,Female,Xiaotao,Babbleblab,63527.61,CNY
Evelyn,Chavez,echavezra@t-online.de,Philippines,Female,Lumbangan,Trilia,83910.16,PHP
Christina,Lynch,clynchrb@feedburner.com,Poland,Female,Leśnica,Lazzy,72326.91,PLN
Lois,Peterson,lpetersonrc@acquirethisname.com,Russia,Female,Malakhovka,Gabtune,29210.86,RUB
Mildred,Stephens,mstephensrd@state.tx.us,Ecuador,Female,San Gabriel,Wordtune,25488.80,USD
Anne,Phillips,aphillipsre@vinaora.com,Serbia,Female,Svilajnac,Zoomcast,73655.31,RSD
Bobby,Miller,bmillerrf@army.mil,Japan,Male,Sendai-shi,Dabjam,27827.61,JPY
Sara,Turner,sturnerrg@live.com,France,Female,Croissy-sur-Seine,Tazz,90481.73,EUR
Janice,Gibson,jgibsonrh@gov.uk,Indonesia,Female,Baratleke,Skinix,73679.51,IDR
Annie,Montgomery,amontgomeryri@nhs.uk,Philippines,Female,Salaza,Ozu,71040.14,PHP
Steve,Medina,smedinarj@deviantart.com,Portugal,Male,Laveiras,Skidoo,35106.31,EUR
Sharon,Barnes,sbarnesrk@sogou.com,Guatemala,Female,San Luis Jilotepeque,Devshare,45703.62,GTQ
Betty,Bell,bbellrl@imageshack.us,Portugal,Female,Barreiro,Wikizz,43499.78,EUR
Virginia,Clark,vclarkrm@mashable.com,Poland,Female,Kortowo,Twitterlist,21289.20,PLN
Elizabeth,Schmidt,eschmidtrn@1688.com,Brazil,Female,Lajedo,Realcube,5973.98,BRL
Kevin,Morrison,kmorrisonro@intel.com,Philippines,Male,Santa Fe,Divavu,,PHP
Melissa,Banks,mbanksrp@google.co.uk,China,Female,Juanshui,Skipstorm,82781.56,CNY
Jessica,Barnes,jbarnesrq@salon.com,Poland,Female,Tuchów,Thoughtbeat,4749.95,PLN
Jose,Davis,jdavisrr@scribd.com,Albania,Male,Krujë,Buzzbean,78466.21,ALL
