Melissa,Perez,mperez0@alibaba.com,China,Female,Dongdong,Chatterbridge,28321.06,CNY
Ryan,Howard,rhoward1@google.es,Brazil,Male,Capelinha,Ooba,96881.18,BRL
Andrea,Wells,awells2@businessinsider.com,Portugal,Female,Monte Redondo,Voonix,3898.00,EUR
Edward,Perry,eperry3@studiopress.com,China,Male,Jiaocheng,Jazzy,31286.66,CNY
Lois,Ruiz,lruiz4@51.la,China,Female,Weifang,Edgeblab,29922.12,CNY
Elizabeth,Hayes,ehayes5@uiuc.edu,Brazil,Female,Tabatinga,Buzzdog,84784.33,BRL
Deborah,Knight,dknight6@europa.eu,Portugal,Female,Ponta da Garça,Photobug,30355.19,EUR
Anna,Burns,aburns7@hexun.com,France,Female,Amiens,Kwinu,91997.16,EUR
Justin,Kim,jkim8@globo.com,Brazil,Male,Espírito Santo do Pinhal,Cogibox,46016.92,BRL
Jesse,Fuller,jfuller9@multiply.com,Morocco,Male,Itzer,Voomm,55003.05,MAD
Christine,Clark,cclarka@illinois.edu,Sweden,Female,Stockholm,Chatterpoint,1927.56,SEK
Samuel,Baker,sbakerb@trellian.com,Russia,Male,Reutov,Youspan,42206.86,RUB
Judy,Fowler,jfowlerc@aboutads.info,Greece,Female,Tsákoi,Devify,88751.33,EUR
Angela,Jacobs,ajacobsd@xrea.com,China,Female,Lingbei,Topicstorm,43691.43,CNY
Doris,Griffin,dgriffine@hhs.gov,Yemen,Female,Al Jarrāḩī,Skyndu,,YER
Elizabeth,Butler,ebutlerf@ca.gov,Philippines,Female,La Paz,Ntag,13562.92,PHP
Henry,Watkins,hwatkinsg@hp.com,Ivory Coast,Male,Daloa,Edgeblab,18689.48,XOF
Carolyn,Crawford,ccrawfordh@infoseek.co.jp,Russia,Female,Lobanovo,Livepath,84647.89,RUB
Theresa,Brooks,tbrooksi@com.com,Bolivia,Female,Santa Rosa del Sara,Zoomdog,72106.30,BOB
Julie,Collins,jcollinsj@cargocollective.com,China,Female,Zhutian,Ooba,49131.61,CNY
Marilyn,Hamilton,mhamiltonk@mapy.cz,Indonesia,Female,Pakemitan,Eadel,20933.71,IDR
Jessica,Martin,jmartinl@cnbc.com,Madagascar,Female,Ampasimanolotra,Quinu,20305.62,MGA
Jesse,Carter,jcarterm@ucoz.com,Iran,Male,Kīsh,Mita,94300.68,IRR
Maria,Fernandez,mfernandezn@independent.co.uk,Philippines,Female,Cama Juan,Dabvine,14172.45,PHP
Roger,Mcdonald,rmcdonaldo@netscape.com,Greece,Male,Agía Foteiní,Camimbo,92201.73,EUR
Kathy,Hall,khallp@dailymail.co.uk,France,Female,Briey,Browseblab,14867.66,EUR
Chris,Hill,chillq@elpais.com,Jamaica,Male,Petersfield,Skipfire,80855.06,JMD
Anne,Harris,aharrisr@noaa.gov,China,Female,Lixiqiao,Photobean,54622.87,CNY
Bonnie,Snyder,bsnyders@about.com,Russia,Female,Suvorov,Kimia,,RUB
Anthony,Mason,amasont@alibaba.com,Germany,Male,Würzburg,Trudeo,82870.69,EUR
Lois,Hudson,lhudsonu@tripadvisor.com,China,Female,Gaoliban,Yakitri,38070.68,CNY
Julie,Myers,jmyersv@lulu.com,Russia,Female,Zarya,Yakijo,,RUB
Donna,Olson,dolsonw@github.com,Finland,Female,Karis,Eidel,52358.70,EUR
Robin,Gonzales,rgonzalesx@theglobeandmail.com,Armenia,Female,Artsvanist,Zoonoodle,69957.93,AMD
Edward,Lewis,elewisy@addtoany.com,Poland,Male,Raciąż,Dynava,65700.50,PLN
Beverly,Little,blittlez@behance.net,France,Female,Angoulême,Lazz,71292.09,EUR
Ruby,Nelson,rnelson10@tamu.edu,Ireland,Female,Coolock,Meedoo,51662.99,EUR
Daniel,Berry,dberry11@dailymotion.com,China,Male,Changyuan,Babbleblab,97673.06,CNY
Christina,Jones,cjones12@mozilla.org,Syria,Female,Aş Şanamayn,Youfeed,65985.17,SYP
Sarah,Austin,saustin13@psu.edu,France,Female,Challans,Oyoba,29054.67,EUR
Dorothy,Woods,dwoods14@google.it,Uruguay,Female,Pan de Azúcar,Tekfly,36402.79,UYU
Wayne,Vasquez,wvasquez15@google.nl,China,Male,Doumuhu,Aivee,,CNY
Henry,White,hwhite16@photobucket.com,Indonesia,Male,Gunungkencana,Gigazoom,2912.11,IDR
Shirley,Lawrence,slawrence17@reference.com,Indonesia,Female,Plumbon,Yozio,33523.37,IDR
Juan,Williams,jwilliams18@tinyurl.com,Philippines,Male,Puerto Princesa,Roombo,63524.27,PHP
Carl,Hamilton,chamilton19@home.pl,Thailand,Male,Chai Nat,Yoveo,64791.48,THB
Theresa,Collins,tcollins1a@csmonitor.com,China,Female,Songhu,Agivu,5551.54,CNY
Larry,Banks,lbanks1b@marketwatch.com,Mongolia,Male,Höshigiyn-Ar,Quatz,,MNT
Linda,Foster,lfoster1c@bizjournals.com,Egypt,Female,Toukh,Tagopia,92242.09,EGP
Jason,Robertson,jrobertson1d@howstuffworks.com,Malaysia,Male,Kota Kinabalu,Jaxspan,,MYR
Larry,Daniels,ldaniels1e@altervista.org,Philippines,Male,Macabugos,Dynabox,94494.56,PHP
Ralph,Morris,rmorris1f@hc360.com,China,Male,Zhetian,Brainverse,18899.76,CNY
John,Parker,jparker1g@apache.org,Nigeria,Male,Malummaduri,Eidel,,NGN
Anthony,Daniels,adaniels1h@spotify.com,Brazil,Male,Chapecó,Viva,55527.11,BRL
Donald,Long,dlong1i@nationalgeographic.com,Philippines,Male,Santa Teresa,Feedspan,71557.63,PHP
Eric,Long,elong1j@soup.io,China,Male,Dengzhuang,Nlounge,37559.64,CNY
Kevin,Howell,khowell1k@comcast.net,China,Male,Jiuhe,Oyoba,96554.99,CNY
Anthony,Hernandez,ahernandez1l@1und1.de,Philippines,Male,Del Pilar,Quimm,19138.52,PHP
Dorothy,Murray,dmurray1m@icq.com,Bhutan,Female,Samdrup Jongkhar,Jaxspan,9066.57,BTN
Patrick,Harrison,pharrison1n@ucsd.edu,Portugal,Male,Ribeira Quente,Gabtype,,EUR
Ernest,Ray,eray1o@marriott.com,Portugal,Male,Famões,Thoughtbridge,18624.59,EUR
Debra,Dean,ddean1p@utexas.edu,Madagascar,Female,Andapa,Mynte,21602.69,MGA
Helen,Henry,hhenry1q@spiegel.de,South Africa,Female,Mahikeng,Eayo,44790.12,ZAR
Jonathan,Oliver,joliver1r@youtu.be,Philippines,Male,Bilaran,Wordpedia,58011.73,PHP
Melissa,Brown,mbrown1s@foxnews.com,Ireland,Female,Gweedore,Twimbo,,EUR
Susan,Moreno,smoreno1t@prweb.com,Russia,Female,Rudnogorsk,Tagopia,67655.66,RUB
Justin,Freeman,jfreeman1u@blogtalkradio.com,China,Male,Guocun,Tazz,55671.18,CNY
Melissa,Henderson,mhenderson1v@redcross.org,Sweden,Female,Täby,Photojam,8189.37,SEK
Ralph,Ward,rward1w@booking.com,China,Male,Huadi,Feedbug,25027.54,CNY
Brandon,Garza,bgarza1x@domainmarket.com,Sweden,Male,Vällingby,Lazz,66885.87,SEK
Clarence,Meyer,cmeyer1y@illinois.edu,Sweden,Male,Ängelholm,Quaxo,,SEK
Steven,Nelson,snelson1z@barnesandnoble.com,China,Male,Zhangdian,Yata,3756.52,CNY
Virginia,Hart,vhart20@qq.com,United States,Female,Cincinnati,Dablist,,USD
Juan,Martinez,jmartinez21@wsj.com,Philippines,Male,Malabago,Wikido,62913.80,PHP
Jesse,Mccoy,jmccoy22@shinystat.com,North Korea,Male,Aoji-ri,Quaxo,24257.75,KPW
Linda,Dunn,ldunn23@squarespace.com,Russia,Female,Uglovoye,Livefish,95742.91,RUB
Evelyn,Ray,eray24@devhub.com,Macedonia,Female,Крушево,Voonte,20460.42,MKD
Frank,Henry,fhenry25@blogger.com,Ukraine,Male,Stepove,Zoomzone,47683.91,UAH
Teresa,Gonzalez,tgonzalez26@hatena.ne.jp,Serbia,Female,Hrtkovci,Vitz,56456.48,RSD
Ronald,Andrews,randrews27@hostgator.com,United States,Male,Boca Raton,Twitterwire,21089.33,USD
Brandon,Hunt,bhunt28@drupal.org,Japan,Male,Yashio-shi,Voonyx,93078.79,JPY
Donna,Hicks,dhicks29@friendfeed.com,Greece,Female,Kárystos,Skynoodle,89635.08,EUR
Andrew,Griffin,agriffin2a@cmu.edu,Indonesia,Male,Panghadangan,Tazz,12514.73,IDR
Earl,Meyer,emeyer2b@yelp.com,China,Male,Oula Xiuma,Centimia,35623.17,CNY
Julia,Garza,jgarza2c@usda.gov,Finland,Female,Porvoo,Shufflester,82285.33,EUR
Andrew,Clark,aclark2d@cpanel.net,Uzbekistan,Male,Kogon,Fadeo,49083.14,UZS
Peter,Stephens,pstephens2e@ovh.net,Chile,Male,Lota,Feedfish,23099.00,CLP
Brian,Howell,bhowell2f@patch.com,Kazakhstan,Male,Būlaevo,Thoughtsphere,82344.05,KZT
Earl,Williams,ewilliams2g@t.co,Brazil,Male,Igarapava,Kazu,,BRL
Virginia,Williamson,vwilliamson2h@seattletimes.com,China,Female,Hairag,Brainlounge,17810.48,CNY
Cheryl,Medina,cmedina2i@hibu.com,Greece,Female,Samothráki,Browsecat,79405.99,EUR
Sarah,Smith,ssmith2j@thetimes.co.uk,Mexico,Female,Miguel Hidalgo,Trudoo,90238.28,MXN
Arthur,Gomez,agomez2k@hc360.com,Denmark,Male,København,Flashspan,,DKK
Joseph,Owens,jowens2l@jimdo.com,East Timor,Male,Baucau,Digitube,27617.86,USD
Ralph,Jenkins,rjenkins2m@deliciousdays.com,Philippines,Male,Malasiqui,Reallinks,19675.12,PHP
Clarence,Ellis,cellis2n@microsoft.com,Indonesia,Male,Sumberjo,Npath,,IDR
Mildred,Fernandez,mfernandez2o@alibaba.com,Denmark,Female,København,Mydeo,20904.27,DKK
Andrea,Johnson,ajohnson2p@google.ru,Cuba,Female,Arroyo Naranjo,Buzzshare,64234.31,CUP
George,Dunn,gdunn2q@umich.edu,China,Male,Zhangcun,Browsebug,33621.54,CNY
Steven,Webb,swebb2r@theglobeandmail.com,Malaysia,Male,Kuala Lumpur,Feedmix,3181.69,MYR
Susan,Mcdonald,smcdonald2s@webnode.com,Canada,Female,Havre-Saint-Pierre,Oyope,27297.49,CAD
Frank,Griffin,fgriffin2t@irs.gov,Portugal,Male,Barreiros,Innotype,62255.67,EUR
Judith,Patterson,jpatterson2u@skyrock.com,Madagascar,Female,Betafo,Realblab,97811.24,MGA
Arthur,Jordan,ajordan2v@ocn.ne.jp,Indonesia,Male,Nularan,Babblestorm,37204.59,IDR
Phyllis,Reid,preid2w@usgs.gov,China,Female,Deqing,Myworks,95871.95,CNY
Joan,Miller,jmiller2x@who.int,Philippines,Female,Matabao,Realpoint,91695.53,PHP
Jane,Hughes,jhughes2y@un.org,Mexico,Female,Alvaro Obregon,Trunyx,64583.84,MXN
Shawn,Robinson,srobinson2z@theatlantic.com,Malaysia,Male,Kota Kinabalu,Izio,13602.64,MYR
Juan,Bishop,jbishop30@opensource.org,China,Male,Ludishan,Innojam,10309.97,CNY
Scott,Edwards,sedwards31@tamu.edu,Haiti,Male,Aquin,LiveZ,93840.56,HTG
Bobby,Hill,bhill32@yelp.com,Russia,Male,Polyarnyye Zori,Skaboo,2719.42,RUB
Doris,Edwards,dedwards33@fema.gov,Indonesia,Female,Robatal,Mynte,51078.56,IDR
Brandon,Wilson,bwilson34@squidoo.com,United States,Male,Hartford,Flashspan,,USD
Jessica,Sims,jsims35@unesco.org,Indonesia,Female,Ciseda,Katz,80646.14,IDR
Peter,Barnes,pbarnes36@wikipedia.org,Latvia,Male,Ikšķile,Kare,43192.60,EUR
Sarah,Young,syoung37@digg.com,Indonesia,Female,Tawangrejo,Shufflester,93575.38,IDR
Joshua,Schmidt,jschmidt38@tinypic.com,Philippines,Male,Barotac Nuevo,Flashset,45837.01,PHP
Frank,Payne,fpayne39@tumblr.com,Uruguay,Male,Young,Voolith,38414.16,UYU
William,Wells,wwells3a@pinterest.com,Sweden,Male,Hova,Oyondu,20234.33,SEK
Kathleen,Hunter,khunter3b@nsw.gov.au,Indonesia,Female,Senduro,Brainverse,11988.45,IDR
Matthew,Willis,mwillis3c@trellian.com,Malaysia,Male,Kuching,Jaxworks,81747.55,MYR
Thomas,Lawson,tlawson3d@mit.edu,Japan,Male,Tōbetsu,Skynoodle,16151.75,JPY
Walter,Jones,wjones3e@merriam-webster.com,France,Male,Carpiquet,Yodo,54770.18,EUR
Howard,Chavez,hchavez3f@mozilla.com,France,Male,Palaiseau,Voonte,96367.62,EUR
Keith,Powell,kpowell3g@github.com,China,Male,Haiyu,Quatz,6495.15,CNY
Bonnie,Carroll,bcarroll3h@blogger.com,Indonesia,Female,Daniwato,Skyba,35812.03,IDR
Diane,Barnes,dbarnes3i@weebly.com,Japan,Female,Kokubunji,Dabvine,,JPY
Margaret,Cox,mcox3j@simplemachines.org,China,Female,Xiangshun,Yacero,77709.58,CNY
Stephanie,Mendoza,smendoza3k@vistaprint.com,Russia,Female,Semiluki,Yakijo,59468.46,RUB
Frank,Burke,fburke3l@lulu.com,Philippines,Male,Nugas,Oodoo,38734.03,PHP
Cynthia,Henderson,chenderson3m@engadget.com,Thailand,Female,Tha Wang Pha,Meeveo,44179.84,THB
Dorothy,Johnston,djohnston3n@joomla.org,Indonesia,Female,Pagersari,Voonix,74078.51,IDR
Sandra,Powell,spowell3o@cnn.com,Indonesia,Female,Blobo,Fanoodle,78762.61,IDR
Nancy,Foster,nfoster3p@state.tx.us,Russia,Female,Devitsa,Browseblab,35.19,RUB
Stephanie,Gordon,sgordon3q@cyberchimps.com,South Africa,Female,Oudtshoorn,Devpoint,9793.25,ZAR
Joseph,Morris,jmorris3r@cisco.com,Greece,Male,Melíssi,Shuffletag,95588.50,EUR
Laura,Fields,lfields3s@ibm.com,China,Female,Fenglin,Eabox,85711.11,CNY
Tina,Long,tlong3t@shutterfly.com,Czech Republic,Female,Slavonice,Skibox,16757.86,CZK
Stephanie,Burke,sburke3u@cyberchimps.com,China,Female,Dongjie,Avamm,43422.55,CNY
Anne,Jordan,ajordan3v@devhub.com,Indonesia,Female,Waitenepang,Meemm,,IDR
Stephen,Davis,sdavis3w@cbsnews.com,China,Male,Yanjiang,Zoomzone,,CNY
Gerald,Morris,gmorris3x@nymag.com,Japan,Male,Kanda,Skinder,81559.43,JPY
Arthur,Pierce,apierce3y@whitehouse.gov,China,Male,Honggang,Skyndu,5417.98,CNY
Douglas,Barnes,dbarnes3z@google.ru,Canada,Male,Windsor,Tekfly,,CAD
Frank,Richards,frichards40@mashable.com,France,Male,Issy-les-Moulineaux,Jabbersphere,,EUR
Christine,Hicks,chicks41@sitemeter.com,Brazil,Female,Porto Ferreira,Edgeblab,38567.61,BRL
Carolyn,Williams,cwilliams42@mtv.com,Thailand,Female,Samut Songkhram,Voolith,25683.74,THB
Cynthia,Stone,cstone43@auda.org.au,China,Female,Dingzhai,Brainsphere,52755.60,CNY
Sean,Morgan,smorgan44@npr.org,Colombia,Male,Chita,Youbridge,,COP
Wayne,Porter,wporter45@edublogs.org,Cuba,Male,Bartolomé Masó,Ozu,24612.88,CUP
Ralph,Bell,rbell46@mlb.com,Indonesia,Male,Oetua,Skyba,,IDR
Edward,Rose,erose47@statcounter.com,Colombia,Male,Dagua,Trilith,85963.68,COP
Lawrence,Vasquez,lvasquez48@noaa.gov,Indonesia,Male,Neofbaun,Browsecat,,IDR
Mary,Mendoza,mmendoza49@behance.net,France,Female,Paris 07,Talane,57009.83,EUR
Helen,Myers,hmyers4a@mediafire.com,Brazil,Female,Barão de Cocais,Zoozzy,96140.04,BRL
Lois,Austin,laustin4b@latimes.com,China,Female,Xintian,Buzzbean,18815.03,CNY
Douglas,Anderson,danderson4c@moonfruit.com,Philippines,Male,Basco,Gigazoom,,PHP
Marie,Lewis,mlewis4d@weebly.com,Serbia,Female,Sremska Mitrovica,Ntag,70826.17,RSD
Susan,Schmidt,sschmidt4e@bloglines.com,Philippines,Female,Alcala,Eabox,,PHP
Judy,Little,jlittle4f@multiply.com,China,Female,Wuhu,Eazzy,76739.17,CNY
Lois,Johnston,ljohnston4g@bandcamp.com,Brazil,Female,Boa Esperança,Mycat,12352.82,BRL
Tammy,Hansen,thansen4h@nasa.gov,Philippines,Female,Kalilangan,Vimbo,84775.01,PHP
Maria,Taylor,mtaylor4i@friendfeed.com,Mongolia,Female,Bayanbaraat,Quinu,59761.41,MNT
Rebecca,Washington,rwashington4j@g.co,China,Female,Guojiaba,Feedfish,86013.24,CNY
Joseph,Kim,jkim4k@accuweather.com,Indonesia,Male,Cikajang,Skyndu,98977.01,IDR
Carl,Austin,caustin4l@mysql.com,Philippines,Male,Gubat,Rhybox,54391.23,PHP
Joshua,Thomas,jthomas4m@who.int,Yemen,Male,Mūdīyah,Wikizz,7078.02,YER
Anna,Meyer,ameyer4n@buzzfeed.com,Brazil,Female,Juatuba,Quamba,89230.18,BRL
Norma,Watkins,nwatkins4o@google.de,Slovenia,Female,Vnanje Gorice,Yotz,,EUR
Julia,Payne,jpayne4p@lulu.com,Vietnam,Female,Thị Trấn Tân Yên,Blogspan,7159.37,VND
Jeffrey,Jenkins,jjenkins4q@reddit.com,Afghanistan,Male,Bāmyān,Camimbo,58508.56,AFN
Harold,Carpenter,hcarpenter4r@mediafire.com,China,Male,Nankou,Topiczoom,,CNY
Harry,Greene,hgreene4s@microsoft.com,Indonesia,Male,Caper,Thoughtblab,87744.27,IDR
Christina,Rivera,crivera4t@bluehost.com,Portugal,Female,Bairro Assunção Piedade,Kanoodle,546.12,EUR
Arthur,Evans,aevans4u@biglobe.ne.jp,Nigeria,Male,Bassa,Babblestorm,72173.93,NGN
Billy,Carpenter,bcarpenter4v@earthlink.net,Indonesia,Male,Krajan Selatan,Quaxo,43368.72,IDR
Robin,Burke,rburke4w@ustream.tv,Croatia,Female,Slobodnica,Photospace,,HRK
Andrew,Morgan,amorgan4x@cbc.ca,France,Male,Paris 02,Eabox,,EUR
Louis,Lewis,llewis4y@wix.com,Tanzania,Male,Mwaya,Flashspan,15712.32,TZS
Andrew,Montgomery,amontgomery4z@wufoo.com,Mauritius,Male,Chemin Grenier,JumpXS,50747.01,MUR
Albert,Hall,ahall50@epa.gov,United Kingdom,Male,Marston,Podcat,55412.84,GBP
Jack,Murphy,jmurphy51@sogou.com,Bahamas,Male,San Andros,Tagpad,43068.01,BSD
Judy,Williams,jwilliams52@google.com.br,Poland,Female,Ostrów Mazowiecka,Demizz,,PLN
Lawrence,Harris,lharris53@wp.com,Russia,Male,Irkutsk,Fliptune,4998.96,RUB
Harry,Ryan,hryan54@networksolutions.com,Russia,Male,Vyksa,Yadel,,RUB
Michelle,Vasquez,mvasquez55@usatoday.com,China,Female,Huangnan,Topiclounge,83513.68,CNY
Fred,Flores,fflores56@dmoz.org,China,Male,Zhangjiabao,Pixope,31350.70,CNY
Lillian,Harper,lharper57@earthlink.net,Albania,Female,Papër,Tagopia,44050.24,ALL
Margaret,Carpenter,mcarpenter58@mozilla.org,Ukraine,Female,Prosyana,Buzzdog,,UAH
Marilyn,Elliott,melliott59@ifeng.com,Japan,Female,Uchimaru,Zoovu,50201.65,JPY
Theresa,Thomas,tthomas5a@imgur.com,Guatemala,Female,Cunén,Youopia,18009.50,GTQ
Deborah,Richardson,drichardson5b@unc.edu,France,Female,Cosne-Cours-sur-Loire,Skinix,96368.38,EUR
Keith,Scott,kscott5c@stumbleupon.com,Thailand,Male,Lampang,Twitterbridge,42676.01,THB
Andrew,Smith,asmith5d@rakuten.co.jp,Slovenia,Male,Vnanje Gorice,Dabfeed,58466.97,EUR
Walter,Mills,wmills5e@blogtalkradio.com,Sweden,Male,Hallstahammar,Youopia,26931.76,SEK
Michael,Kennedy,mkennedy5f@dion.ne.jp,Portugal,Male,Seia,Skinte,98065.43,EUR
Sandra,Brooks,sbrooks5g@dropbox.com,China,Female,Wan’an,Yoveo,90053.82,CNY
Nicole,Fernandez,nfernandez5h@furl.net,Colombia,Female,Margarita,Feedspan,90523.28,COP
Marie,Richardson,mrichardson5i@homestead.com,Brazil,Female,Trindade,Photofeed,26935.15,BRL
Wanda,Owens,wowens5j@discuz.net,Madagascar,Female,Anjozorobe,Riffpath,29276.35,MGA
Maria,Wells,mwells5k@google.co.uk,Japan,Female,Kanda,Quinu,59379.76,JPY
Patrick,Fields,pfields5l@list-manage.com,China,Male,Huyu,Ailane,28770.39,CNY
Susan,Boyd,sboyd5m@constantcontact.com,France,Female,Cergy-Pontoise,Twitterbridge,76140.56,EUR
Bonnie,Shaw,bshaw5n@imgur.com,Colombia,Female,Espinal,Skinder,1869.26,COP
Gary,Hansen,ghansen5o@businesswire.com,China,Male,Nierumai,Wikizz,68553.74,CNY
Katherine,Simmons,ksimmons5p@github.io,Panama,Female,Las Minas,Fivechat,24674.44,PAB
Jose,Peterson,jpeterson5q@sohu.com,Ukraine,Male,Bayrachky,Gigaclub,93210.60,UAH
Emily,Richards,erichards5r@taobao.com,China,Female,Guanmiao,Topdrive,43072.03,CNY
Harold,Perez,hperez5s@mapquest.com,China,Male,Dadong,Jazzy,84392.35,CNY
Julie,Jones,jjones5t@bandcamp.com,Latvia,Female,Gulbene,Zoombox,,EUR
Ruby,Hamilton,rhamilton5u@behance.net,Cameroon,Female,Belo,Dablist,7551.09,XAF
Melissa,White,mwhite5v@hud.gov,Netherlands,Female,Zeewolde,Kayveo,52027.01,EUR
Frank,Bryant,fbryant5w@yelp.com,Philippines,Male,Lanas,Agivu,86904.30,PHP
Charles,Watkins,cwatkins5x@livejournal.com,China,Male,Kangding,Quamba,19082.92,CNY
Jonathan,Lewis,jlewis5y@woothemes.com,Russia,Male,Olenegorsk,Livepath,70347.16,RUB
Jonathan,Smith,jsmith5z@cyberchimps.com,Russia,Male,Mnogoudobnoye,Yakitri,655.21,RUB
Scott,Powell,spowell60@dmoz.org,Russia,Male,Megion,Podcat,83211.29,RUB
Katherine,Moore,kmoore61@ed.gov,Philippines,Female,Tuburan,Agivu,51584.33,PHP
Amy,Dunn,adunn62@cafepress.com,China,Female,Zhongzi,Jabbercube,20053.94,CNY
Ronald,Davis,rdavis63@desdev.cn,China,Male,Nanling,Jaxworks,30447.17,CNY
Rachel,Butler,rbutler64@vistaprint.com,Poland,Female,Wola Rębkowska,Ntags,26566.46,PLN
Michelle,Frazier,mfrazier65@cbsnews.com,China,Female,Sanjian,Skalith,48254.11,CNY
Russell,Garrett,rgarrett66@hc360.com,Philippines,Male,Monamon,Dynabox,69315.60,PHP
Laura,Matthews,lmatthews67@ebay.com,Poland,Female,Czarne,Rhycero,58608.97,PLN
Russell,Lopez,rlopez68@businessinsider.com,Philippines,Male,Nampicuan,Gabvine,,PHP
Kathy,Perez,kperez69@pagesperso-orange.fr,Sweden,Female,Stockholm,Zoozzy,,SEK
Melissa,Spencer,mspencer6a@blinklist.com,China,Female,Chuandao,Kare,50726.72,CNY
Jimmy,Duncan,jduncan6b@prlog.org,China,Male,Baofeng,Edgepulse,97553.98,CNY
Harold,Gordon,hgordon6c@privacy.gov.au,Czech Republic,Male,Tupesy,Flipbug,64243.24,CZK
Michelle,Dixon,mdixon6d@gov.uk,China,Female,Nanzhai,Avamba,31021.79,CNY
Jack,Porter,jporter6e@drupal.org,China,Male,Longbo,Latz,39460.74,CNY
Emily,Dean,edean6f@symantec.com,Russia,Female,Stulovo,Roombo,48328.04,RUB
Cynthia,Fernandez,cfernandez6g@hatena.ne.jp,Afghanistan,Female,Zerok-Alakadari,Feedspan,39437.95,AFN
Lori,Hawkins,lhawkins6h@flavors.me,Kyrgyzstan,Female,Tokmok,Eabox,91134.47,KGS
Adam,Ray,aray6i@cbslocal.com,France,Male,Saint-Quentin-en-Yvelines,Kanoodle,18081.41,EUR
Michelle,Jenkins,mjenkins6j@disqus.com,China,Female,Qinggang,Trupe,13842.32,CNY
Sandra,Bell,sbell6k@typepad.com,Indonesia,Female,Gelap,Divavu,82290.04,IDR
Katherine,Campbell,kcampbell6l@hugedomains.com,South Africa,Female,Daniëlskuil,Reallinks,33026.28,ZAR
Dennis,Peterson,dpeterson6m@plala.or.jp,France,Male,Cosne-Cours-sur-Loire,Chatterpoint,95562.36,EUR
Shawn,Murphy,smurphy6n@merriam-webster.com,United States,Male,Clearwater,Ntags,76305.54,USD
Bonnie,Elliott,belliott6o@bandcamp.com,France,Female,Roissy Charles-de-Gaulle,Jamia,24946.31,EUR
Janice,Lynch,jlynch6p@histats.com,China,Female,Wuku,Tazz,61135.00,CNY
Joan,Rivera,jrivera6q@multiply.com,Nigeria,Female,Obudu,Divavu,29747.82,NGN
Carolyn,Cox,ccox6r@ucsd.edu,China,Female,Harbin,Centizu,,CNY
Juan,Ramos,jramos6s@china.com.cn,Belarus,Male,Zamostochcha,Minyx,3679.74,BYR
Maria,Fuller,mfuller6t@alexa.com,Vietnam,Female,Quận Bốn,Oyoloo,46286.43,VND
Jack,Franklin,jfranklin6u@oracle.com,Russia,Male,Moshenskoye,Vitz,80049.82,RUB
Helen,Simpson,hsimpson6v@canalblog.com,Morocco,Female,Had Kourt,Twitterbeat,1223.78,MAD
Robin,Hernandez,rhernandez6w@fastcompany.com,Ireland,Female,Trá Mhór,Twitterwire,47784.25,EUR
Timothy,Schmidt,tschmidt6x@phoca.cz,France,Male,Barr,Kimia,5110.26,EUR
Martha,Patterson,mpatterson6y@live.com,Russia,Female,Rybatskoye,Browsebug,38732.85,RUB
Randy,Perry,rperry6z@jalbum.net,Uzbekistan,Male,Qo‘qon,Flipopia,56703.80,UZS
Walter,White,wwhite70@delicious.com,Nigeria,Male,Numan,Omba,,NGN
Timothy,Stone,tstone71@unicef.org,Russia,Male,Romny,Voomm,86134.28,RUB
Evelyn,Reed,ereed72@gov.uk,China,Female,Hezhai,Yakitri,66185.71,CNY
Susan,Meyer,smeyer73@g.co,Sweden,Female,Hyltebruk,Zoomlounge,24324.47,SEK
Beverly,Johnston,bjohnston74@blogs.com,Indonesia,Female,Pangtangis Dajah,Fiveclub,82728.34,IDR
Ashley,Porter,aporter75@rambler.ru,Portugal,Female,Ferreiros,Izio,80113.44,EUR
Ryan,Mendoza,rmendoza76@hud.gov,Brazil,Male,Águas de Lindóia,Flashset,20939.54,BRL
Joseph,Johnson,jjohnson77@buzzfeed.com,Indonesia,Male,Belawang,Skinder,932.99,IDR
Rachel,Fox,rfox78@europa.eu,China,Female,Wangdun,Pixope,86700.68,CNY
Betty,Boyd,bboyd79@ameblo.jp,Slovenia,Female,Jurovski Dol,Tambee,99867.07,EUR
Kimberly,Young,kyoung7a@nasa.gov,Malawi,Female,Lilongwe,Kwinu,61407.12,MWK
Jason,Washington,jwashington7b@aol.com,Czech Republic,Male,Bystřany,Skalith,15250.56,CZK
Rose,Snyder,rsnyder7c@bloglovin.com,Indonesia,Female,Pepayan,Jabbersphere,50236.17,IDR
Sarah,Turner,sturner7d@indiegogo.com,Vietnam,Female,Thị Trấn Hùng Quốc,Twimm,80565.92,VND
Sean,Little,slittle7e@mozilla.com,Indonesia,Male,Kayan Hulu,Quimm,19152.65,IDR
Barbara,Bradley,bbradley7f@ted.com,Barbados,Female,Speightstown,Edgeify,26663.85,BBD
Adam,Wright,awright7g@ycombinator.com,China,Male,Kangding,Yamia,75051.39,CNY
Douglas,Nguyen,dnguyen7h@bloglovin.com,Russia,Male,Zvëzdnyy,Skimia,34246.70,RUB
Nancy,Robertson,nrobertson7i@hud.gov,Serbia,Female,Biljača,Twitternation,76518.70,RSD
Victor,Boyd,vboyd7j@stumbleupon.com,Myanmar,Male,Taungoo,Digitube,,MMK
Bobby,Collins,bcollins7k@phoca.cz,Mexico,Male,Independencia,Jabbertype,,MXN
Kevin,Johnston,kjohnston7l@flickr.com,Indonesia,Male,Setro,Jaloo,53433.38,IDR
Andrew,Webb,awebb7m@weibo.com,Indonesia,Male,Sedinginan,Geba,44429.07,IDR
Chris,Wagner,cwagner7n@geocities.jp,Indonesia,Male,Banjar Sedang,Aimbu,42465.19,IDR
Debra,Cook,dcook7o@bloglovin.com,Ukraine,Female,Tatariv,Mynte,72727.38,UAH
Jeremy,Vasquez,jvasquez7p@msu.edu,Latvia,Male,Engure,Dynava,26829.74,EUR
Mark,Wood,mwood7q@walmart.com,China,Male,Gangmian,Twitterbridge,,CNY
Joshua,Garza,jgarza7r@prnewswire.com,Macedonia,Male,Prilep,Bubbletube,44854.20,MKD
Billy,Thomas,bthomas7s@msn.com,Brazil,Male,Rio das Ostras,Eamia,48125.98,BRL
Carl,Powell,cpowell7t@hexun.com,Peru,Male,Palcamayo,Browsedrive,46641.60,PEN
Brian,Nguyen,bnguyen7u@chicagotribune.com,Bulgaria,Male,Asen,Wikivu,9845.71,BGN
Amy,Fuller,afuller7v@hp.com,Malaysia,Female,Butterworth,Riffwire,93733.58,MYR
Albert,Burke,aburke7w@blog.com,Peru,Male,Nicasio,Tazzy,16362.18,PEN
Denise,Howard,dhoward7x@epa.gov,Norway,Female,Oslo,Agimba,72972.31,NOK
Paul,Oliver,poliver7y@parallels.com,China,Male,Lifuta,Divanoodle,21401.44,CNY
Ryan,Little,rlittle7z@howstuffworks.com,Iran,Male,Sari,Zoonder,33807.55,IRR
Robin,Davis,rdavis80@live.com,Canada,Female,Neepawa,Devshare,86910.83,CAD
Stephanie,Coleman,scoleman81@smugmug.com,Czech Republic,Female,Kamenný Přívoz,Feedmix,,CZK
William,Hicks,whicks82@cam.ac.uk,Brazil,Male,Palmas,Pixope,87813.60,BRL
Donna,Gray,dgray83@artisteer.com,China,Female,Fuhe,Skajo,19179.57,CNY
Joseph,Castillo,jcastillo84@mlb.com,France,Male,Nantes,Babbleopia,1727.75,EUR
Victor,Cole,vcole85@sakura.ne.jp,Indonesia,Male,Dukuh,Fadeo,52670.03,IDR
Rose,Clark,rclark86@accuweather.com,Philippines,Female,Takub,Skajo,,PHP
Janet,Wright,jwright87@com.com,Mexico,Female,Parque Industrial,Photobug,97475.97,MXN
Aaron,Rivera,arivera88@topsy.com,China,Male,Tafeng,Blognation,39060.26,CNY
Marie,Moreno,mmoreno89@mit.edu,China,Female,Sijing,Centizu,,CNY
Beverly,Stevens,bstevens8a@ow.ly,South Africa,Female,Cape Town,Jetpulse,22501.87,ZAR
Victor,Franklin,vfranklin8b@usatoday.com,Angola,Male,N’dalatando,Topiclounge,35591.23,AOA
Joan,Hayes,jhayes8c@spiegel.de,Poland,Female,Koźle,Dabjam,71026.89,PLN
Louise,Hawkins,lhawkins8d@reference.com,Syria,Female,Al Khafsah,Plajo,90410.27,SYP
Theresa,Bowman,tbowman8e@foxnews.com,Brazil,Female,Aparecida do Taboado,Topicshots,87283.72,BRL
Joan,Ryan,jryan8f@rambler.ru,China,Female,Xiaomiaozi,Youbridge,,CNY
David,Andrews,dandrews8g@exblog.jp,Mauritius,Male,Notre Dame,Cogidoo,65978.97,MUR
Ashley,Payne,apayne8h@dmoz.org,Croatia,Female,Ferdinandovac,Dabvine,19938.96,HRK
Kathryn,Pierce,kpierce8i@prnewswire.com,Greece,Female,Naxos,Tazzy,89286.44,EUR
Lawrence,Murphy,lmurphy8j@bing.com,Netherlands,Male,Brunssum,Fatz,91693.32,EUR
James,Stewart,jstewart8k@blog.com,Russia,Male,Znamenskoye,Yambee,52257.08,RUB
Julie,Montgomery,jmontgomery8l@china.com.cn,Greece,Female,Ampeleíes,Yamia,17156.53,EUR
Karen,Richardson,krichardson8m@intel.com,Japan,Female,Kaminoyama,Flashspan,26061.48,JPY
Willie,Gutierrez,wgutierrez8n@engadget.com,Indonesia,Male,Cidima,Ntags,73616.80,IDR
Susan,Myers,smyers8o@google.nl,Cyprus,Female,Tála,Ntags,,EUR
Clarence,Morrison,cmorrison8p@si.edu,Indonesia,Male,Mempawah,Dabjam,,IDR
Mary,Hernandez,mhernandez8q@pbs.org,Macedonia,Female,Pršovce,Aimbu,5963.79,MKD
Robin,Bennett,rbennett8r@businessinsider.com,Moldova,Female,Ialoveni,Zoombeat,56631.76,MDL
Jesse,Clark,jclark8s@chron.com,Ukraine,Male,Novopskov,Skyvu,92471.48,UAH
Henry,Fuller,hfuller8t@merriam-webster.com,Nigeria,Male,Mahuta,Trupe,,NGN
Donna,Adams,dadams8u@biglobe.ne.jp,Bulgaria,Female,Vetrino,Dabvine,,BGN
Mildred,Jordan,mjordan8v@examiner.com,Estonia,Female,Pärnu-Jaagupi,Jetwire,95049.10,EUR
Jessica,Sanders,jsanders8w@miibeian.gov.cn,Russia,Female,Verkhnevilyuysk,Avaveo,47006.89,RUB
Heather,Henry,hhenry8x@prweb.com,Ecuador,Female,Catamayo,Yamia,72333.09,USD
Chris,Flores,cflores8y@imdb.com,Macedonia,Male,Tetovo,Zoomdog,52528.93,MKD
Andrea,Hernandez,ahernandez8z@intel.com,China,Female,Boyu,Jatri,59761.55,CNY
Steve,Moore,smoore90@princeton.edu,Russia,Male,Shumerlya,Riffpath,4787.18,RUB
Ryan,Bradley,rbradley91@artisteer.com,Indonesia,Male,Sukamaju Kidul,Twitterwire,44794.29,IDR
Richard,Simmons,rsimmons92@livejournal.com,United States,Male,Oklahoma City,Riffpedia,31955.74,USD
Karen,Fuller,kfuller93@yellowpages.com,Cocos Islands,Female,West Island,Voolia,70614.69,AUD
Patricia,Little,plittle94@examiner.com,Ukraine,Female,Tatariv,Skiptube,2352.80,UAH
Diane,Gray,dgray95@cnbc.com,Paraguay,Female,Bella Vista,Realbuzz,81179.02,PYG
Susan,Foster,sfoster96@smugmug.com,Laos,Female,Bolikhan,Bubblemix,87296.31,LAK
Ralph,Little,rlittle97@feedburner.com,China,Male,Longshe,Fivebridge,94456.15,CNY
Larry,Hayes,lhayes98@adobe.com,Poland,Male,Gnieżdżewo,Oyoba,26392.42,PLN
Kathleen,Williams,kwilliams99@theatlantic.com,Cyprus,Female,Klirou,Gabspot,36496.85,EUR
Sharon,Hanson,shanson9a@github.io,China,Female,Shouyan,Feedfish,25016.55,CNY
Paul,Rice,price9b@sciencedaily.com,North Korea,Male,Ongjin,Jabberstorm,36013.90,KPW
Jeffrey,Dunn,jdunn9c@patch.com,Ireland,Male,Blarney,Quatz,6703.98,EUR
Aaron,Lewis,alewis9d@friendfeed.com,Czech Republic,Male,Humpolec,Dabvine,23584.10,CZK
Paula,Morris,pmorris9e@xrea.com,Peru,Female,Santa Rosa,Tagtune,95404.40,PEN
Wayne,Harrison,wharrison9f@pcworld.com,Sweden,Male,Västervik,Buzzster,51180.05,SEK
Lawrence,Hayes,lhayes9g@theglobeandmail.com,Indonesia,Male,Karengan,Reallinks,13080.94,IDR
Brenda,Lopez,blopez9h@discovery.com,Russia,Female,Korkino,Oyoloo,36636.65,RUB
Edward,Gardner,egardner9i@newsvine.com,Indonesia,Male,Taluncemara,Devpoint,,IDR
Dennis,Rogers,drogers9j@tinyurl.com,China,Male,Xinshi,Camimbo,30532.99,CNY
Louise,Franklin,lfranklin9k@google.es,Mexico,Female,Emiliano Zapata,Rhyloo,55229.27,MXN
Jonathan,Gordon,jgordon9l@buzzfeed.com,Portugal,Male,Santiago dos Velhos,Realbridge,49121.53,EUR
Shirley,Collins,scollins9m@va.gov,Indonesia,Female,Krajan C Wonorejo,Brainbox,49210.50,IDR
Christina,Phillips,cphillips9n@technorati.com,Pakistan,Female,Naushahro Fīroz,Oyoyo,34357.93,PKR
Debra,Martinez,dmartinez9o@epa.gov,Indonesia,Female,Sumberbakti,Vitz,60457.02,IDR
Andrew,Perkins,aperkins9p@webs.com,Venezuela,Male,Puerto de Nutrias,Avamm,51468.88,VEF
Jerry,Fowler,jfowler9q@nydailynews.com,China,Male,Baiyangwan,Kamba,63063.62,CNY
Paul,Wright,pwright9r@thetimes.co.uk,Nigeria,Male,Nsukka,Teklist,35229.31,NGN
Samuel,Harper,sharper9s@blinklist.com,Czech Republic,Male,Černošín,Jaxspan,60208.28,CZK
Paul,Ramirez,pramirez9t@cbslocal.com,France,Male,Niort,Twitterwire,5309.64,EUR
Howard,Baker,hbaker9u@nature.com,France,Male,Paris 02,Buzzshare,63527.45,EUR
Brenda,Burns,bburns9v@rambler.ru,China,Female,Wuyun,Agimba,,CNY
Gary,Dunn,gdunn9w@clickbank.net,Peru,Male,Huata,Twiyo,19921.18,PEN
Dennis,Jenkins,djenkins9x@about.com,Uganda,Male,Kalungu,Blogtag,7420.80,UGX
Jerry,Ray,jray9y@ucoz.com,Ukraine,Male,Pryyutivka,Lajo,33396.58,UAH
Ralph,Parker,rparker9z@etsy.com,Philippines,Male,San Isidro,Jaxnation,37578.34,PHP
Laura,Romero,lromeroa0@time.com,Russia,Female,Nizhniy Dzhengutay,Thoughtstorm,33220.79,RUB
Chris,Peterson,cpetersona1@tinypic.com,Sweden,Male,Uppsala,Layo,89792.09,SEK
Margaret,Reyes,mreyesa2@theguardian.com,Czech Republic,Female,Ořechov,Jaxspan,32008.24,CZK
Janet,Simpson,jsimpsona3@answers.com,United States,Female,Richmond,Topdrive,54886.71,USD
Keith,Ray,kraya4@goo.ne.jp,Serbia,Male,Lebane,Realblab,,RSD
Bonnie,Andrews,bandrewsa5@yale.edu,China,Female,Baiyangwan,Rhynyx,25237.87,CNY
Anne,Washington,awashingtona6@fc2.com,Indonesia,Female,Mesa,Vidoo,71750.62,IDR
Carl,Garza,cgarzaa7@constantcontact.com,China,Male,Haoguantun,Twitterbeat,88610.50,CNY
Heather,Moore,hmoorea8@mozilla.org,Dominican Republic,Female,Bayaguana,Kwinu,36121.52,DOP
Shirley,Webb,swebba9@cmu.edu,Philippines,Female,Libuganon,Livefish,2360.04,PHP
Sarah,Griffin,sgriffinaa@unblog.fr,Canada,Female,Marathon,Riffpedia,97420.87,CAD
Cynthia,Price,cpriceab@smugmug.com,Indonesia,Female,Wangunjaya,Myworks,94357.17,IDR
Willie,Schmidt,wschmidtac@latimes.com,China,Male,Tianhe,Eidel,76197.43,CNY
Johnny,Reynolds,jreynoldsad@newsvine.com,Indonesia,Male,Cibitung,Einti,71392.66,IDR
Melissa,Griffin,mgriffinae@seattletimes.com,China,Female,Liantan,Roomm,56866.79,CNY
Ruby,Knight,rknightaf@cdbaby.com,Nigeria,Female,Yamrat,Bubblebox,91125.67,NGN
Louis,Evans,levansag@gizmodo.com,China,Male,Yuanda,Jaloo,32324.60,CNY
Henry,Woods,hwoodsah@mysql.com,Poland,Male,Gorzkowice,Pixope,33053.20,PLN
Janice,Cruz,jcruzai@mashable.com,Canada,Female,Lethbridge,Jabbersphere,,CAD
Marie,Hughes,mhughesaj@state.gov,Poland,Female,Swiętajno,Topicshots,2827.18,PLN
Larry,Collins,lcollinsak@macromedia.com,China,Male,Heping,Kayveo,2790.94,CNY
Wanda,Tucker,wtuckeral@washington.edu,Russia,Female,Itum-Kali,Skyble,27666.20,RUB
Ralph,Banks,rbanksam@addtoany.com,Peru,Male,Nanchoc,Realpoint,72846.28,PEN
Alan,Jones,ajonesan@angelfire.com,Mexico,Male,El Refugio,Rhynoodle,,MXN
Julia,Roberts,jrobertsao@cbslocal.com,Poland,Female,Mikstat,Brainbox,46616.81,PLN
Jason,Cooper,jcooperap@mediafire.com,China,Male,Baiguo,Oba,35704.57,CNY
Richard,Wright,rwrightaq@cornell.edu,Mexico,Male,Del Valle,Ooba,72525.57,MXN
Gerald,Frazier,gfrazierar@mit.edu,Egypt,Male,Al Ḩāmūl,Brainverse,20751.38,EGP
Betty,Sanchez,bsanchezas@bbc.co.uk,Nigeria,Female,Patani,Aibox,75131.72,NGN
Diana,Cook,dcookat@shutterfly.com,China,Female,Anding,Blogpad,55457.41,CNY
Sandra,Kelly,skellyau@diigo.com,Indonesia,Female,Cikarang,Rhycero,69525.94,IDR
Bobby,Jenkins,bjenkinsav@samsung.com,China,Male,Zhuanqiang,Jabberstorm,49520.49,CNY
Larry,Simpson,lsimpsonaw@wordpress.org,Honduras,Male,Guacamaya,Ainyx,47091.25,HNL
Jack,Fowler,jfowlerax@hostgator.com,Poland,Male,Raczki,Thoughtbridge,80552.08,PLN
Russell,Mitchell,rmitchellay@gravatar.com,United Kingdom,Male,Craigavon,Voonder,7499.55,GBP
Gary,Diaz,gdiazaz@prlog.org,Philippines,Male,Mulanay,Rhynyx,24767.58,PHP
Bonnie,Peterson,bpetersonb0@cbslocal.com,Canada,Female,Pangnirtung,Edgewire,93968.03,CAD
Bruce,Martinez,bmartinezb1@google.fr,Syria,Male,Ad Darbāsīyah,Meevee,57088.13,SYP
Lillian,Harris,lharrisb2@yale.edu,Poland,Female,Opinogóra Górna,Edgeblab,61677.05,PLN
Annie,Henry,ahenryb3@multiply.com,Panama,Female,Calzada Larga,Meeveo,99295.13,PAB
Mary,Burns,mburnsb4@state.gov,Brazil,Female,Porto Seguro,Quatz,97638.00,BRL
Stephanie,Coleman,scolemanb5@prnewswire.com,Peru,Female,Tinta,Skyndu,77489.61,PEN
Arthur,Howard,ahowardb6@geocities.com,Haiti,Male,Saint-Louis du Nord,Divavu,14456.01,HTG
George,Jacobs,gjacobsb7@comsenz.com,Russia,Male,Ekazhevo,Tagpad,797.94,RUB
Gary,Rogers,grogersb8@java.com,Indonesia,Male,Warung Wetan,Jatri,32563.84,IDR
Wanda,Gordon,wgordonb9@europa.eu,China,Female,Mangqu,Babblestorm,71404.59,CNY
Victor,Payne,vpayneba@wordpress.com,Portugal,Male,Castelo de Vide,Gabspot,25792.10,EUR
Theresa,Clark,tclarkbb@indiatimes.com,Canada,Female,Victoriaville,Kazio,75773.10,CAD
Rebecca,Burke,rburkebc@wikimedia.org,China,Female,Yutou,Blogspan,39118.91,CNY
Gloria,Hawkins,ghawkinsbd@webnode.com,Croatia,Female,Postira,Fatz,80080.17,HRK
Charles,Hall,challbe@weather.com,Bangladesh,Male,Mymensingh,Babbleopia,57015.98,BDT
Betty,Gonzales,bgonzalesbf@shinystat.com,Poland,Female,Opinogóra Górna,Trunyx,79318.25,PLN
Kelly,Hayes,khayesbg@cnet.com,Peru,Female,Pacapausa,Zava,,PEN
Jeffrey,Wheeler,jwheelerbh@hubpages.com,Indonesia,Male,Prupuh,Twiyo,89460.29,IDR
Diana,Stone,dstonebi@sciencedirect.com,China,Female,Heshui,Tavu,57558.15,CNY
Jose,Kim,jkimbj@nsw.gov.au,China,Male,Gaomi,Talane,,CNY
Russell,Hicks,rhicksbk@army.mil,Norway,Male,Fauske,Jaxspan,,NOK
Cheryl,Howard,chowardbl@opensource.org,Greece,Female,Nestório,Skibox,82916.48,EUR
Lillian,Sanchez,lsanchezbm@dell.com,Russia,Female,Serdobsk,Gigaclub,65571.21,RUB
Christine,Fowler,cfowlerbn@reuters.com,Pakistan,Female,Haveli,Flashspan,38219.39,PKR
Terry,Campbell,tcampbellbo@youtu.be,Czech Republic,Male,Dolní Sloupnice,Skyble,6660.28,CZK
Richard,Elliott,relliottbp@adobe.com,Argentina,Male,Colonia Elisa,Skalith,72195.32,ARS
Walter,Adams,wadamsbq@slashdot.org,France,Male,Villefranche-sur-Mer,Photobug,,EUR
Jason,Garcia,jgarciabr@tumblr.com,Syria,Male,Az Zarbah,Tekfly,59991.46,SYP
Janice,Gardner,jgardnerbs@1und1.de,Indonesia,Female,Nuasepu,Topicblab,34262.69,IDR
Jesse,Rogers,jrogersbt@a8.net,Morocco,Male,Tabia,Feednation,93534.88,MAD
Laura,Wells,lwellsbu@scribd.com,Colombia,Female,Facatativá,Chatterpoint,58706.75,COP
Craig,Harvey,charveybv@homestead.com,Bulgaria,Male,Simitli,Dynabox,33541.53,BGN
Ann,Ford,afordbw@bluehost.com,Brazil,Female,Piritiba,Aivee,25830.91,BRL
Emily,Hernandez,ehernandezbx@1688.com,United States,Female,Dallas,Voonix,61291.67,USD
Johnny,Bishop,jbishopby@woothemes.com,Peru,Male,Honoria,Rhynyx,80926.61,PEN
Helen,Peterson,hpetersonbz@ft.com,China,Female,Hongshanyao,Kanoodle,45505.38,CNY
John,Stone,jstonec0@usatoday.com,Russia,Male,Vilya,Fanoodle,20809.14,RUB
Annie,Smith,asmithc1@wired.com,China,Female,Dogarmo,Browsecat,69086.61,CNY
Denise,Moreno,dmorenoc2@liveinternet.ru,Brazil,Female,Três Rios,InnoZ,41217.95,BRL
Justin,Russell,jrussellc3@hubpages.com,Ghana,Male,Wenchi,Gigashots,10570.31,GHS
Evelyn,Stevens,estevensc4@google.ru,Madagascar,Female,Ankazobe,Devpoint,38587.48,MGA
Martin,Myers,mmyersc5@purevolume.com,China,Male,Waxi,Zoovu,,CNY
Alice,Armstrong,aarmstrongc6@hostgator.com,Canada,Female,Napanee Downtown,Yozio,76406.88,CAD
Frank,Franklin,ffranklinc7@go.com,China,Male,Lizhuangzi,Feedspan,25803.14,CNY
Raymond,Ryan,rryanc8@yellowbook.com,Indonesia,Male,Halong,Livetube,,IDR
Marie,Sims,msimsc9@chron.com,Philippines,Female,Indulang,Aibox,40628.04,PHP
Andrew,Hayes,ahayesca@techcrunch.com,Philippines,Male,Santa Teresa,Skimia,61214.04,PHP
Ronald,Romero,rromerocb@amazon.de,Seychelles,Male,Anse Boileau,Podcat,70387.07,SCR
Chris,Smith,csmithcc@hatena.ne.jp,Brazil,Male,Plácido de Castro,Youbridge,51098.64,BRL
Terry,Wagner,twagnercd@arizona.edu,China,Male,Jingdezhen,Quimm,85250.41,CNY
Shawn,Watkins,swatkinsce@weather.com,Malaysia,Male,Pulau Pinang,Browsedrive,64455.38,MYR
Scott,Mason,smasoncf@sakura.ne.jp,China,Male,Yanxi,Vimbo,63157.90,CNY
Kevin,Henderson,khendersoncg@netlog.com,Indonesia,Male,Lembursawah,Ntag,47979.96,IDR
Kimberly,Williams,kwilliamsch@github.io,Poland,Female,Besko,Photojam,,PLN
Charles,Bradley,cbradleyci@ox.ac.uk,France,Male,Vannes,Browsedrive,,EUR
Edward,Tucker,etuckercj@opera.com,Peru,Male,Perené,Miboo,28609.99,PEN
Louis,Washington,lwashingtonck@intel.com,China,Male,Shalang,Aimbu,88671.16,CNY
Louis,Martin,lmartincl@mozilla.com,Philippines,Male,Banaba,Mycat,76211.76,PHP
Mark,Sanchez,msanchezcm@csmonitor.com,Portugal,Male,Figueira dos Cavaleiros,Mita,43196.88,EUR
Norma,Perez,nperezcn@jugem.jp,Ukraine,Female,Vasylkiv,Dabtype,,UAH
Sandra,Brown,sbrownco@aboutads.info,Indonesia,Female,Halat,Photolist,20369.27,IDR
Frances,Cole,fcolecp@cornell.edu,China,Female,Huanglin,Riffpedia,,CNY
Gerald,Snyder,gsnydercq@biblegateway.com,Philippines,Male,Tagum,Katz,78142.06,PHP
Sarah,Chavez,schavezcr@microsoft.com,Dominican Republic,Female,Santa Cruz de Barahona,Babbleopia,,DOP
Wayne,Ryan,wryancs@java.com,France,Male,Bastia,Twimbo,,EUR
Jimmy,Owens,jowensct@apache.org,Albania,Male,Memaliaj,Kwilith,93060.89,ALL
Clarence,Perez,cperezcu@princeton.edu,Norway,Male,Mosjøen,Trupe,86328.78,NOK
Robert,Olson,rolsoncv@hibu.com,Greece,Male,Áno Sýros,Jabbercube,58645.75,EUR
Louis,Wood,lwoodcw@intel.com,Philippines,Male,San Casimiro,Buzzster,30785.18,PHP
Martin,Williams,mwilliamscx@amazonaws.com,Syria,Male,Kafr Baţnā,Innotype,64509.99,SYP
Virginia,Welch,vwelchcy@reuters.com,Philippines,Female,Hinapalanan,Mita,44770.05,PHP
Sean,Armstrong,sarmstrongcz@nytimes.com,Madagascar,Male,Ankazondandy,Jayo,75853.83,MGA
Roy,Smith,rsmithd0@163.com,Poland,Male,Nowy Tomyśl,Nlounge,51912.53,PLN
Jessica,Peterson,jpetersond1@dyndns.org,Philippines,Female,San Sebastian,Yata,28699.25,PHP
Martha,Carter,mcarterd2@hugedomains.com,France,Female,Melun,Linktype,172.32,EUR
Kenneth,Wright,kwrightd3@disqus.com,Poland,Male,Celestynów,Leexo,49480.00,PLN
Janice,Sanchez,jsanchezd4@reference.com,United States,Female,Mobile,Voonte,95414.17,USD
Christine,Davis,cdavisd5@examiner.com,Indonesia,Female,Kadubamban,Browsedrive,8852.82,IDR
Betty,Simmons,bsimmonsd6@taobao.com,China,Female,Dongling,Devify,,CNY
Peter,Pierce,ppierced7@auda.org.au,China,Male,Jingdang,Flipstorm,54214.40,CNY
Joyce,Freeman,jfreemand8@alibaba.com,Indonesia,Female,Sembungan Kidul,Fadeo,31038.31,IDR
Henry,Edwards,hedwardsd9@dion.ne.jp,Bahamas,Male,Masons Bay,Oba,,BSD
Sean,Williams,swilliamsda@auda.org.au,Ukraine,Male,Tul’chyn,Wikibox,39238.08,UAH
Laura,Dean,ldeandb@fema.gov,Poland,Female,Koźle,Tazz,,PLN
Alan,Gilbert,agilbertdc@webmd.com,Philippines,Male,Calauag,Innotype,,PHP
Randy,Larson,rlarsondd@nasa.gov,Pakistan,Male,Mūsa Khel Bāzār,Mynte,,PKR
Aaron,Olson,aolsonde@house.gov,China,Male,Kangping,Thoughtsphere,9053.19,CNY
Johnny,Welch,jwelchdf@lulu.com,Czech Republic,Male,Nechanice,Omba,34331.86,CZK
Jerry,Elliott,jelliottdg@digg.com,China,Male,Shanglian,Dabtype,80407.27,CNY
Ronald,Morales,rmoralesdh@vistaprint.com,Nepal,Male,Bāglung,Aimbo,97048.94,NPR
Joan,Rice,jricedi@merriam-webster.com,Peru,Female,Cochabamba,Ozu,28046.06,PEN
Brian,Clark,bclarkdj@cocolog-nifty.com,Canada,Male,Kamloops,Aibox,14081.03,CAD
Andrew,Armstrong,aarmstrongdk@sogou.com,Cambodia,Male,Kampong Speu,Chatterpoint,40558.41,KHR
Julie,Warren,jwarrendl@bandcamp.com,Democratic Republic of the Congo,Female,Kisangani,Babbleblab,1593.09,CDF
Mildred,Meyer,mmeyerdm@ifeng.com,Russia,Female,Nizhnevartovsk,Tagchat,5829.07,RUB
Jennifer,Brown,jbrowndn@princeton.edu,Indonesia,Female,Bangeran,Rhyzio,92838.76,IDR
Edward,Cox,ecoxdo@ebay.com,China,Male,Changsha,Linktype,47804.94,CNY
Nicole,Rose,nrosedp@freewebs.com,Russia,Female,Yaroslavl,Yozio,73297.55,RUB
Michael,Oliver,moliverdq@hud.gov,China,Male,Yuyue,Voomm,56257.33,CNY
Martin,Flores,mfloresdr@opera.com,Saudi Arabia,Male,Al Jafr,Mydeo,61988.98,SAR
Anthony,Banks,abanksds@nationalgeographic.com,Indonesia,Male,Pasar,Devpulse,22772.70,IDR
Douglas,Snyder,dsnyderdt@reuters.com,Mauritania,Male,Sélibabi,Aimbu,11562.60,MRO
Phyllis,Mcdonald,pmcdonalddu@miibeian.gov.cn,Brazil,Female,Gameleira,Gigashots,98770.91,BRL
Ann,Simmons,asimmonsdv@ameblo.jp,China,Female,Matangshan,Lazz,21593.07,CNY
Samuel,Simmons,ssimmonsdw@state.gov,Norway,Male,Kristiansand S,Snaptags,45547.01,NOK
Robin,Sims,rsimsdx@deviantart.com,Indonesia,Female,Bosen,Dablist,63491.69,IDR
Teresa,Snyder,tsnyderdy@bravesites.com,Nigeria,Female,Aku,Flipbug,20588.67,NGN
Phyllis,Lynch,plynchdz@quantcast.com,Japan,Female,Tahara,Zoonoodle,6749.70,JPY
Harry,Perez,hpereze0@umn.edu,Nigeria,Male,Ifo,Skinder,89566.00,NGN
Matthew,Hudson,mhudsone1@columbia.edu,Indonesia,Male,Panggungsari,Talane,32680.72,IDR
Rose,Mcdonald,rmcdonalde2@github.io,China,Female,Shiyang,Latz,6243.46,CNY
Joseph,Hunter,jhuntere3@histats.com,Yemen,Male,Mabyan,Camido,24818.41,YER
Jean,Stevens,jstevense4@constantcontact.com,Norway,Female,Oslo,Digitube,74284.90,NOK
Keith,Green,kgreene5@microsoft.com,Peru,Male,La Cuesta,Miboo,49544.91,PEN
Anna,Harvey,aharveye6@smh.com.au,China,Female,Sandaowan,Yamia,90561.01,CNY
Wanda,Lee,wleee7@hc360.com,France,Female,Avignon,Oyoba,45434.02,EUR
Nancy,Frazier,nfraziere8@chron.com,Sri Lanka,Female,Badulla,Eire,68741.21,LKR
Tina,Williamson,twilliamsone9@howstuffworks.com,Czech Republic,Female,Karolinka,Yakidoo,,CZK
Philip,Reid,preidea@trellian.com,China,Male,Huilong,Photobug,9442.96,CNY
Timothy,Boyd,tboydeb@miibeian.gov.cn,Russia,Male,Nikolayevka,Edgeclub,,RUB
Lois,Parker,lparkerec@amazon.de,China,Female,Woken,Quinu,25877.46,CNY
Tammy,Ferguson,tfergusoned@latimes.com,Japan,Female,Anan,Einti,7941.87,JPY
Bonnie,Johnston,bjohnstonee@desdev.cn,Peru,Female,Pomacanchi,Bubblebox,3682.57,PEN
Philip,Banks,pbanksef@hubpages.com,France,Male,Chelles,Youspan,66366.34,EUR
Robert,Greene,rgreeneeg@phpbb.com,Indonesia,Male,Pangkungparuk,Wikivu,57735.78,IDR
Marilyn,Dixon,mdixoneh@dagondesign.com,Sweden,Female,Västerås,Chatterbridge,18147.34,SEK
Frank,Simpson,fsimpsonei@yolasite.com,Philippines,Male,Mabusag,Avavee,35901.31,PHP
Tina,Rivera,triveraej@psu.edu,Indonesia,Female,Indramayu,Aimbu,,IDR
Thomas,Smith,tsmithek@storify.com,China,Male,Haizigou,Pixoboo,3314.59,CNY
Heather,George,hgeorgeel@hostgator.com,Mexico,Female,Morelos,Nlounge,70913.09,MXN
Mark,Elliott,melliottem@princeton.edu,China,Male,Huaqiao,Feedfish,2168.83,CNY
Dennis,Lane,dlaneen@irs.gov,China,Male,Dajin,Meevee,55366.81,CNY
Marilyn,Hunter,mhuntereo@smh.com.au,Peru,Female,Turpo,Thoughtstorm,13335.40,PEN
Kathleen,Dixon,kdixonep@mayoclinic.com,Bosnia and Herzegovina,Female,Jajce,Fadeo,66820.26,BAM
Cynthia,Elliott,celliotteq@uol.com.br,Russia,Female,Odintsovo,Gabtype,,RUB
Julia,Garza,jgarzaer@usatoday.com,China,Female,Huangjing,Jabberbean,95841.54,CNY
Brandon,Fernandez,bfernandezes@wsj.com,China,Male,Nianyushan,Chatterpoint,43335.77,CNY
Janice,Howell,jhowellet@moonfruit.com,Indonesia,Female,Naikolan,Jetwire,37678.71,IDR
David,Scott,dscotteu@hostgator.com,Philippines,Male,Angatel,Nlounge,,PHP
Andrew,Elliott,aelliottev@newsvine.com,Greece,Male,Pelópion,Eayo,56190.73,EUR
Theresa,Bradley,tbradleyew@wired.com,Vietnam,Female,Pho Duc,Dabshots,,VND
Lois,Bradley,lbradleyex@weebly.com,Dominican Republic,Female,Boca Chica,Youbridge,61379.60,DOP
Jane,Welch,jwelchey@nyu.edu,Philippines,Female,Lumatil,Tagchat,9590.62,PHP
Emily,Harris,eharrisez@indiatimes.com,China,Female,Luhe,Gabcube,57725.31,CNY
Joan,James,jjamesf0@google.de,Russia,Female,Tygda,Voolia,2202.56,RUB
John,Foster,jfosterf1@cargocollective.com,Russia,Male,Noginsk,Flipstorm,45849.09,RUB
Sandra,Jenkins,sjenkinsf2@goo.ne.jp,Thailand,Female,Saraburi,Zoonder,17386.89,THB
Sharon,Ruiz,sruizf3@kickstarter.com,Ukraine,Female,Osypenko,Kimia,21580.10,UAH
Craig,Jones,cjonesf4@youku.com,Moldova,Male,Chiţcani,DabZ,80914.42,MDL
Dennis,Mason,dmasonf5@blogger.com,Azerbaijan,Male,Zaqatala,Tanoodle,36497.06,AZN
Martha,Greene,mgreenef6@nature.com,Ireland,Female,Longwood,Zoovu,51666.66,EUR
Ryan,Williams,rwilliamsf7@usgs.gov,China,Male,Zhujiachang,Brightdog,22607.92,CNY
Daniel,Cooper,dcooperf8@bizjournals.com,Czech Republic,Male,Horní Jelení,Quire,7339.59,CZK
Ann,Burton,aburtonf9@github.com,China,Female,Lang,Edgewire,63760.80,CNY
Christine,Reynolds,creynoldsfa@nytimes.com,China,Female,Shi’an,Skivee,58835.91,CNY
Rebecca,Miller,rmillerfb@blog.com,Greece,Female,Pedinó,Agivu,87427.71,EUR
Angela,Ford,afordfc@about.com,Indonesia,Female,Kadugadung,Yadel,77378.09,IDR
Philip,Romero,promerofd@yellowbook.com,Russia,Male,Nizhniye Vyazovyye,Yodoo,90447.00,RUB
Matthew,Lawrence,mlawrencefe@pagesperso-orange.fr,Peru,Male,Longuita,Bubblebox,2119.29,PEN
Tammy,Cox,tcoxff@google.com,Russia,Female,Beslan,Omba,58485.25,RUB
Mark,Morrison,mmorrisonfg@pcworld.com,China,Male,Zhuangta,Tavu,,CNY
Evelyn,Hayes,ehayesfh@exblog.jp,China,Female,Hetou,Meembee,86336.87,CNY
Barbara,Holmes,bholmesfi@angelfire.com,China,Female,Luzhai,InnoZ,70092.32,CNY
Russell,Bowman,rbowmanfj@patch.com,Indonesia,Male,Buraen,Flashpoint,24400.39,IDR
Brenda,Lewis,blewisfk@squarespace.com,Haiti,Female,Pignon,Flashpoint,54536.91,HTG
Earl,Gomez,egomezfl@google.ca,United Arab Emirates,Male,Sharjah,Gabtune,8537.93,AED
Nicole,Evans,nevansfm@weebly.com,Indonesia,Female,Cibunut,Skinder,79268.95,IDR
Christine,Baker,cbakerfn@boston.com,Brazil,Female,Cabrobó,Voolith,14705.05,BRL
Angela,Robertson,arobertsonfo@google.de,Sweden,Female,Johanneshov,Gabspot,20634.11,SEK
Henry,Lawson,hlawsonfp@buzzfeed.com,United States,Male,Oklahoma City,Roombo,64024.27,USD
Steve,Castillo,scastillofq@google.fr,Thailand,Male,Yasothon,Gigashots,50574.33,THB
Keith,Gordon,kgordonfr@ihg.com,Honduras,Male,"Las Vegas, Santa Barbara",Topiczoom,67910.70,HNL
Larry,Jackson,ljacksonfs@histats.com,Philippines,Male,Tubli,Photojam,9270.65,PHP
Albert,Wheeler,awheelerft@over-blog.com,Philippines,Male,Hinigaran,Tavu,72117.97,PHP
Juan,Lawson,jlawsonfu@hatena.ne.jp,China,Male,Jiangdong,Mybuzz,20252.04,CNY
Carolyn,Barnes,cbarnesfv@vinaora.com,Indonesia,Female,Tarutung,Browseblab,40860.06,IDR
George,Sims,gsimsfw@auda.org.au,Indonesia,Male,Luntas,Fatz,43820.15,IDR
Eugene,Wells,ewellsfx@shinystat.com,Thailand,Male,Den Chai,Einti,26330.26,THB
Jose,Powell,jpowellfy@aol.com,Brazil,Male,Guarujá,Jayo,,BRL
Eric,Mccoy,emccoyfz@toplist.cz,China,Male,Songgui,Skidoo,11679.93,CNY
Albert,Burton,aburtong0@joomla.org,Colombia,Male,La Dorada,Mybuzz,2898.76,COP
Joseph,Welch,jwelchg1@google.com,China,Male,Longshan,Innojam,,CNY
Scott,Harris,sharrisg2@bloomberg.com,Venezuela,Male,Santa Bárbara,Skivee,32438.22,VEF
Laura,Perez,lperezg3@noaa.gov,Bolivia,Female,Boyuibe,Jabbersphere,90351.80,BOB
Kenneth,Banks,kbanksg4@ox.ac.uk,South Africa,Male,Lady Frere,Skipfire,7885.75,ZAR
Robert,Morgan,rmorgang5@youtube.com,Indonesia,Male,Ngulakan,Brightdog,80990.06,IDR
Justin,Lopez,jlopezg6@wikipedia.org,Czech Republic,Male,Bouzov,Photobean,72838.22,CZK
Gary,Greene,ggreeneg7@icq.com,Ukraine,Male,Lyuboml’,Flashset,98659.54,UAH
Justin,Martinez,jmartinezg8@creativecommons.org,Syria,Male,Al Ḩaffah,Flashpoint,,SYP
Gerald,Carr,gcarrg9@drupal.org,China,Male,Xingyuan,Voonder,63644.14,CNY
Amy,West,awestga@seattletimes.com,Russia,Female,Zhulebino,Zava,2883.75,RUB
Judy,Fields,jfieldsgb@sina.com.cn,Netherlands,Female,Ede,Realblab,85315.91,EUR
Jennifer,Fernandez,jfernandezgc@cornell.edu,Ukraine,Female,Molodohvardiys’k,Jetwire,,UAH
Bruce,Reyes,breyesgd@cpanel.net,China,Male,Zhoinda,Skiba,55849.49,CNY
Gerald,Garrett,ggarrettge@wp.com,Poland,Male,Lasek,Teklist,90167.01,PLN
Joseph,Hughes,jhughesgf@msu.edu,United States,Male,Toledo,Skalith,51880.86,USD
Larry,Ryan,lryangg@hexun.com,China,Male,Dazu,Mynte,73560.24,CNY
George,Kelley,gkelleygh@google.pl,Serbia,Male,Stari Lec,Edgetag,26906.69,RSD
Rose,Jenkins,rjenkinsgi@amazon.de,Japan,Female,Tamamura,Tanoodle,59488.25,JPY
Fred,Alexander,falexandergj@census.gov,China,Male,Yulong,Dynazzy,92327.13,CNY
Edward,Snyder,esnydergk@joomla.org,Thailand,Male,Bang Racham,Zazio,70162.55,THB
Alan,Hughes,ahughesgl@delicious.com,Finland,Male,Jämsänkoski,Voolith,24995.05,EUR
Jesse,Kelley,jkelleygm@google.es,Cuba,Male,Guane,Youtags,,CUP
Timothy,Andrews,tandrewsgn@wunderground.com,Brazil,Male,Foz do Iguaçu,Meemm,55570.58,BRL
Elizabeth,Jordan,ejordango@joomla.org,China,Female,Kesha,Avaveo,76321.86,CNY
Evelyn,Murray,emurraygp@sitemeter.com,Australia,Female,Eastern Suburbs Mc,Topicshots,2182.62,AUD
Lois,Cunningham,lcunninghamgq@qq.com,Albania,Female,Xhafzotaj,Twitterworks,29250.70,ALL
Annie,Woods,awoodsgr@globo.com,Russia,Female,Yuzhno-Sukhokumsk,Katz,31426.18,RUB
Jennifer,Nelson,jnelsongs@sina.com.cn,Russia,Female,Syzran’,Shufflebeat,54093.60,RUB
Bobby,Roberts,brobertsgt@devhub.com,Cyprus,Male,Rizokárpaso,Jayo,86394.43,EUR
Justin,Fields,jfieldsgu@phoca.cz,Indonesia,Male,Krajan Alastengah,Topicblab,13589.57,IDR
Carlos,Alexander,calexandergv@sakura.ne.jp,Ireland,Male,Balrothery,Voonyx,18489.97,EUR
Michelle,Kim,mkimgw@elegantthemes.com,Libya,Female,Waddān,Voonte,26002.11,LYD
Peter,Walker,pwalkergx@quantcast.com,Nigeria,Male,Otan Aiyegbaju,Demivee,22122.70,NGN
Juan,Martin,jmartingy@ning.com,Russia,Male,Kuzovatovo,Snaptags,39513.01,RUB
Stephanie,Lawson,slawsongz@1und1.de,Indonesia,Female,Setonokalong,Linklinks,98068.66,IDR
Gloria,Gibson,ggibsonh0@clickbank.net,Pakistan,Female,Naudero,Layo,72533.59,PKR
William,Ward,wwardh1@xrea.com,Ivory Coast,Male,Agboville,Podcat,,XOF
Alan,Gonzalez,agonzalezh2@unblog.fr,Pakistan,Male,Naudero,Tagpad,43358.37,PKR
Teresa,Sanders,tsandersh3@berkeley.edu,Russia,Female,Groznyy,Meetz,60750.13,RUB
Ryan,Payne,rpayneh4@bluehost.com,Jamaica,Male,Port Antonio,Latz,,JMD
Julia,Garza,jgarzah5@gmpg.org,Afghanistan,Female,Jalālābād,Yakitri,3700.25,AFN
Gloria,Fox,gfoxh6@google.com.hk,Portugal,Female,Castanheira,Oyoba,72549.43,EUR
Ann,Burton,aburtonh7@utexas.edu,Indonesia,Female,Mlanggeng,Feedfire,84944.68,IDR
Arthur,Parker,aparkerh8@furl.net,Indonesia,Male,Uwa,Zoomcast,28346.07,IDR
Frank,Allen,fallenh9@mail.ru,United States,Male,Shreveport,Buzzster,78984.41,USD
Amy,Wood,awoodha@free.fr,Colombia,Female,Puerto Asís,DabZ,45761.67,COP
Louise,Johnson,ljohnsonhb@discovery.com,Peru,Female,Callanca,Yombu,,PEN
Sandra,Elliott,selliotthc@apple.com,Indonesia,Female,Salamrejo,Flipstorm,97799.93,IDR
Christopher,Roberts,crobertshd@t-online.de,Venezuela,Male,Porlamar,Skinix,19024.44,VEF
Raymond,Ramirez,rramirezhe@google.co.uk,Lithuania,Male,Grigiškės,LiveZ,45696.13,LTL
Ann,Larson,alarsonhf@cbslocal.com,Indonesia,Female,Sukamaju,Meevee,68946.21,IDR
Matthew,Ward,mwardhg@baidu.com,United States,Male,Milwaukee,Photofeed,12788.74,USD
Rebecca,Stephens,rstephenshh@cisco.com,Indonesia,Female,Sukamulya,Linkbuzz,26891.01,IDR
David,Reynolds,dreynoldshi@tiny.cc,China,Male,Chenchang,Youfeed,65298.77,CNY
Brian,Fisher,bfisherhj@biglobe.ne.jp,China,Male,Shipu,Wikizz,63707.34,CNY
Julia,Stone,jstonehk@theguardian.com,Portugal,Female,Vila Ribeiro,Roodel,76270.42,EUR
Jessica,Harper,jharperhl@purevolume.com,Russia,Female,Tsurib,Rooxo,4916.64,RUB
Samuel,Gonzales,sgonzaleshm@amazon.de,Philippines,Male,San Antonio,Zoomcast,87504.09,PHP
Jose,Romero,jromerohn@noaa.gov,Indonesia,Male,Baganhilir,Skyndu,94227.95,IDR
Jesse,Gonzales,jgonzalesho@about.com,Czech Republic,Male,Zdíkov,Centidel,94033.32,CZK
Kevin,Perez,kperezhp@wordpress.com,Finland,Male,Kauhava,Youspan,37804.36,EUR
Stephen,Stevens,sstevenshq@topsy.com,Bulgaria,Male,Yambol,Twiyo,35981.10,BGN
Anthony,Hill,ahillhr@hud.gov,Thailand,Male,Sirindhorn,Browsecat,99520.49,THB
Terry,Olson,tolsonhs@ucla.edu,China,Male,Jiangshan,Zoozzy,96620.19,CNY
Tina,Russell,trussellht@reuters.com,United Kingdom,Female,Seaton,Fivebridge,97507.37,GBP
Jason,Payne,jpaynehu@hostgator.com,Indonesia,Male,Pondokunyur,Mudo,44566.57,IDR
Cynthia,Arnold,carnoldhv@mayoclinic.com,Poland,Female,Kolbuszowa,Brainsphere,29970.15,PLN
Rachel,Peterson,rpetersonhw@ucla.edu,Pakistan,Female,Samaro,Skivee,,PKR
George,Ward,gwardhx@nyu.edu,Poland,Male,Żabia Wola,Browsetype,44097.33,PLN
Joan,Watkins,jwatkinshy@lycos.com,Indonesia,Female,Banjar Tengah,Tagpad,76154.28,IDR
Paul,West,pwesthz@opera.com,China,Male,Taha Man Zu,Blognation,36349.69,CNY
Katherine,Williamson,kwilliamsoni0@jimdo.com,Czech Republic,Female,Hostomice,Eabox,94463.61,CZK
Linda,Spencer,lspenceri1@merriam-webster.com,Indonesia,Female,Ankola,Jaxbean,72355.71,IDR
Diane,Lewis,dlewisi2@cam.ac.uk,Argentina,Female,Paso de Indios,Muxo,,ARS
Terry,Richardson,trichardsoni3@mashable.com,China,Male,Jiabei,Feedspan,84385.97,CNY
Sarah,Rodriguez,srodriguezi4@1688.com,Indonesia,Female,Wewit,Gabtune,,IDR
Jose,Cunningham,jcunninghami5@hatena.ne.jp,France,Male,Sochaux,Tagpad,59416.59,EUR
Christina,Watson,cwatsoni6@w3.org,Peru,Female,Quinua,Dynazzy,,PEN
Charles,Kelley,ckelleyi7@timesonline.co.uk,South Africa,Male,Kutloanong,Flipopia,53024.07,ZAR
Jessica,Coleman,jcolemani8@miitbeian.gov.cn,China,Female,Sanchahe,Voomm,43322.25,CNY
Jacqueline,Flores,jfloresi9@wunderground.com,Brazil,Female,Rio de Janeiro,Twiyo,,BRL
Theresa,Miller,tmilleria@comcast.net,China,Female,Zhumadian,Tanoodle,68926.29,CNY
Howard,Greene,hgreeneib@123-reg.co.uk,Philippines,Male,Andres Bonifacio,Photojam,11241.07,PHP
Karen,Garrett,kgarrettic@china.com.cn,Greece,Female,Próchoma,Quinu,64534.84,EUR
Scott,Banks,sbanksid@hostgator.com,China,Male,Gaoxing,Demimbu,62888.97,CNY
Michelle,Williamson,mwilliamsonie@scribd.com,China,Female,Luoluopu,Edgeclub,40935.66,CNY
Shirley,Daniels,sdanielsif@odnoklassniki.ru,Zambia,Female,Mungwi,Realpoint,86219.54,ZMW
Brenda,Hawkins,bhawkinsig@mail.ru,Philippines,Female,San Esteban,Aimbo,21514.74,PHP
Rebecca,Ray,rrayih@google.com.br,Czech Republic,Female,Holoubkov,Vidoo,,CZK
Alan,Medina,amedinaii@ebay.com,Russia,Male,Kushelevka,Bluezoom,,RUB
Gerald,Parker,gparkerij@usda.gov,Burkina Faso,Male,Bobo-Dioulasso,Twitternation,90678.70,XOF
Chris,Morgan,cmorganik@fotki.com,Canada,Male,Cabano,Einti,,CAD
Christopher,Hamilton,chamiltonil@discovery.com,Honduras,Male,Agua Fría,Twinder,60539.40,HNL
Karen,Chapman,kchapmanim@craigslist.org,Philippines,Female,Cawayan,Browsebug,57423.39,PHP
Keith,Moreno,kmorenoin@nyu.edu,Bulgaria,Male,Suvorovo,Trilith,25618.90,BGN
Lori,Hall,lhallio@cnbc.com,Saudi Arabia,Female,Al Jarādīyah,Shufflebeat,6483.78,SAR
Bonnie,Greene,bgreeneip@nasa.gov,France,Female,Le Pontet,Fadeo,46475.90,EUR
Jerry,Kennedy,jkennedyiq@shop-pro.jp,China,Male,Qinggis Han,Voonte,11365.84,CNY
Carlos,Mason,cmasonir@webs.com,Norway,Male,Oslo,Tagopia,81884.82,NOK
Johnny,Bishop,jbishopis@shinystat.com,Brazil,Male,Lavras da Mangabeira,Mydo,15669.77,BRL
Rose,Stevens,rstevensit@cbsnews.com,Poland,Female,Maszewo Duże,Gabcube,5983.37,PLN
Nicholas,Bradley,nbradleyiu@netvibes.com,United States,Male,Erie,Meedoo,54133.01,USD
Jose,Graham,jgrahamiv@addthis.com,China,Male,Fukou,Zoomzone,47800.11,CNY
James,Alvarez,jalvareziw@parallels.com,Peru,Male,Ajoyani,Yodo,15746.61,PEN
Donna,King,dkingix@msn.com,Russia,Female,Sosnovka,Youopia,36160.37,RUB
Paul,Davis,pdavisiy@tamu.edu,Brazil,Male,Natal,Meejo,68.33,BRL
Timothy,Peters,tpetersiz@theguardian.com,Greece,Male,Arísvi,Browsezoom,44673.98,EUR
Jane,Harrison,jharrisonj0@nifty.com,Indonesia,Female,Sirnasari,Tagpad,62290.54,IDR
Todd,Johnson,tjohnsonj1@chicagotribune.com,Philippines,Male,Bagong Sikat,Quaxo,,PHP
Kelly,Morales,kmoralesj2@php.net,Ukraine,Female,Kolomak,Kanoodle,17416.19,UAH
Willie,Ruiz,wruizj3@google.co.uk,United States,Male,Fairbanks,Aibox,5550.16,USD
Adam,Dixon,adixonj4@ftc.gov,China,Male,Zhongba,Youfeed,91794.91,CNY
Kevin,Brown,kbrownj5@technorati.com,Indonesia,Male,Sambongpari,Youspan,41375.49,IDR
Benjamin,Stewart,bstewartj6@infoseek.co.jp,Brazil,Male,Alagoa Grande,Blognation,6637.11,BRL
Keith,Peters,kpetersj7@deviantart.com,United States,Male,Scottsdale,Linktype,22641.05,USD
Benjamin,Chapman,bchapmanj8@cmu.edu,United States,Male,Miami,Fatz,28236.53,USD
Eugene,Payne,epaynej9@dmoz.org,Dominican Republic,Male,San Juan de la Maguana,Brainlounge,,DOP
Lawrence,Gomez,lgomezja@businessweek.com,China,Male,Zhenjiang,Topicstorm,93965.13,CNY
Jeffrey,Wells,jwellsjb@sun.com,Italy,Male,Palermo,Eamia,,EUR
Heather,Taylor,htaylorjc@hhs.gov,China,Female,Chadian,Quatz,62268.42,CNY
Jonathan,Harvey,jharveyjd@macromedia.com,China,Male,Huaidao,Topicstorm,12294.45,CNY
Harold,Duncan,hduncanje@chron.com,Germany,Male,Düsseldorf,Babbleblab,26999.34,EUR
Amy,Riley,arileyjf@alexa.com,Indonesia,Female,Banjar Taro Kelod,Twiyo,44483.67,IDR
Ashley,Harper,aharperjg@sciencedaily.com,China,Female,Liucun,Kwinu,74019.28,CNY
Howard,Perry,hperryjh@sohu.com,Japan,Male,Ōmamachō-ōmama,Feedmix,86332.07,JPY
Jonathan,Mcdonald,jmcdonaldji@go.com,Democratic Republic of the Congo,Male,Mangai,Jazzy,48135.49,CDF
Ruth,Crawford,rcrawfordjj@microsoft.com,Guatemala,Female,Comapa,Skalith,12364.20,GTQ
Angela,Mason,amasonjk@census.gov,Poland,Female,Nielisz,Fiveclub,13506.26,PLN
Ruth,Griffin,rgriffinjl@oakley.com,China,Female,Wuxiang,Yodo,69059.14,CNY
Alice,Nelson,anelsonjm@bing.com,South Korea,Female,Kyonju,Abata,36316.83,KRW
Phyllis,Crawford,pcrawfordjn@google.cn,Albania,Female,Delvinë,Gevee,37664.57,ALL
Roy,Phillips,rphillipsjo@last.fm,China,Male,Dayangzhou,Eazzy,6168.02,CNY
Jacqueline,Fernandez,jfernandezjp@google.pl,Jordan,Female,Zarqa,Brightdog,57058.42,JOD
Mildred,Howell,mhowelljq@theatlantic.com,China,Female,Chenzhouzhai,Realbridge,8767.64,CNY
Fred,Kennedy,fkennedyjr@unesco.org,China,Male,Jianxincun,Photobean,83623.65,CNY
Clarence,Riley,crileyjs@shutterfly.com,Mexico,Male,Lazaro Cardenas,Katz,60668.09,MXN
Julia,Simpson,jsimpsonjt@posterous.com,Brazil,Female,Araxá,Shufflester,88896.60,BRL
Kenneth,James,kjamesju@redcross.org,China,Male,Tianfu,Lazz,11703.58,CNY
Thomas,Lopez,tlopezjv@homestead.com,Egypt,Male,Dishnā,Minyx,71725.13,EGP
Roger,Moreno,rmorenojw@biglobe.ne.jp,China,Male,Beidong,Browsebug,58354.89,CNY
Jean,Murphy,jmurphyjx@cargocollective.com,China,Female,Jiekeng,Kanoodle,73305.46,CNY
Joseph,Walker,jwalkerjy@cdc.gov,China,Male,Baitu,Skiptube,6825.40,CNY
Patricia,Ross,prossjz@shareasale.com,Indonesia,Female,Plalar,Trupe,918.68,IDR
Jacqueline,Walker,jwalkerk0@hhs.gov,France,Female,Rennes,Podcat,92463.44,EUR
Linda,Reed,lreedk1@unc.edu,Ireland,Female,Kilkenny,Wikibox,87420.75,EUR
Anthony,Hayes,ahayesk2@cdc.gov,Indonesia,Male,Lantera,Buzzster,30552.31,IDR
Evelyn,Reid,ereidk3@booking.com,Indonesia,Female,Pandan,Youtags,27566.60,IDR
Anthony,Martinez,amartinezk4@blogs.com,Philippines,Male,New Washington,Wikivu,23111.79,PHP
Ronald,Torres,rtorresk5@amazonaws.com,Burkina Faso,Male,Fada N'gourma,Flashpoint,90584.01,XOF
Christine,Carpenter,ccarpenterk6@examiner.com,South Africa,Female,Stutterheim,Rhycero,16592.45,ZAR
Gary,Lawson,glawsonk7@xinhuanet.com,Afghanistan,Male,Fayzabad,Zoonoodle,38680.87,AFN
Edward,Fields,efieldsk8@webs.com,China,Male,Zaoxi,Bubbletube,39825.22,CNY
Phillip,Wright,pwrightk9@wired.com,Brazil,Male,São Domingos do Maranhão,Mycat,31598.30,BRL
Todd,Bryant,tbryantka@google.pl,Poland,Male,Ochojno,Thoughtblab,,PLN
Joyce,Garza,jgarzakb@hc360.com,Brazil,Female,Francisco Morato,Zazio,97124.19,BRL
Joshua,Frazier,jfrazierkc@answers.com,Brazil,Male,Barão de Melgaço,Demimbu,83686.51,BRL
Gloria,Rivera,griverakd@i2i.jp,Indonesia,Female,Cakungsari,Latz,27606.90,IDR
Joyce,Walker,jwalkerke@vinaora.com,Greece,Female,Palaífyto,Eazzy,89924.18,EUR
Walter,Arnold,warnoldkf@ifeng.com,Japan,Male,Yashio-shi,Babblestorm,,JPY
Gloria,Graham,ggrahamkg@alibaba.com,Aland Islands,Female,Vårdö,Roodel,94902.11,EUR
Thomas,Morales,tmoraleskh@fotki.com,Philippines,Male,Luzon,Jabberbean,60973.98,PHP
Russell,Ryan,rryanki@mit.edu,Philippines,Male,Malayal,Linklinks,41942.74,PHP
Jack,Robinson,jrobinsonkj@chronoengine.com,Indonesia,Male,Utarapasar,Voomm,80519.87,IDR
Shawn,Garza,sgarzakk@tinyurl.com,Portugal,Male,Almoínhas Velhas,Flipopia,,EUR
Emily,Lane,elanekl@wiley.com,Tajikistan,Female,Istaravshan,Zoonoodle,73123.76,TJS
Jennifer,Lynch,jlynchkm@csmonitor.com,Canada,Female,Kindersley,Voomm,45312.59,CAD
Roger,Warren,rwarrenkn@spotify.com,Argentina,Male,Coronel Suárez,Jatri,77487.36,ARS
Marie,Adams,madamsko@exblog.jp,Nigeria,Female,Mayo Belwa,Snaptags,7915.45,NGN
Roy,Cooper,rcooperkp@cyberchimps.com,Argentina,Male,Ceibas,Meezzy,44033.08,ARS
Lori,Williamson,lwilliamsonkq@meetup.com,Albania,Female,Frakulla e Madhe,Thoughtworks,,ALL
Mildred,Myers,mmyerskr@who.int,China,Female,Xinji,Agimba,25384.02,CNY
Christina,Gonzalez,cgonzalezks@ycombinator.com,France,Female,Houilles,Edgetag,54.16,EUR
Doris,Davis,ddaviskt@simplemachines.org,Russia,Female,Ufa,Skinix,53429.41,RUB
Douglas,Frazier,dfrazierku@statcounter.com,United States,Male,Anchorage,Topicstorm,,USD
Frances,Stewart,fstewartkv@wsj.com,Portugal,Female,Ferreira,Talane,63374.37,EUR
Carol,Austin,caustinkw@godaddy.com,Canada,Female,Ajax,Skipfire,40823.34,CAD
Shawn,Johnson,sjohnsonkx@google.es,Nigeria,Male,Ifo,Twitterbridge,99684.08,NGN
Martin,Brown,mbrownky@uiuc.edu,Brazil,Male,Bom Despacho,Tagpad,54718.85,BRL
Marilyn,Lawrence,mlawrencekz@independent.co.uk,Kenya,Female,Bungoma,Edgeclub,32220.78,KES
James,Wagner,jwagnerl0@alibaba.com,South Korea,Male,Eisen,Fanoodle,55839.56,KRW
Rachel,Hunter,rhunterl1@gnu.org,China,Female,Jiangna,Feedmix,9945.40,CNY
Walter,Baker,wbakerl2@merriam-webster.com,China,Male,Tuanjie,Dynava,97396.21,CNY
Albert,Webb,awebbl3@xinhuanet.com,Peru,Male,Huasta,Zoomlounge,34432.69,PEN
Barbara,Payne,bpaynel4@google.co.uk,Russia,Female,Gorskaya,Eimbee,35088.31,RUB
Paul,Banks,pbanksl5@virginia.edu,Serbia,Male,Padina,Kaymbo,50906.74,RSD
Laura,Thomas,lthomasl6@ibm.com,Ethiopia,Female,Gebre Guracha,Devcast,97902.23,ETB
Gregory,Edwards,gedwardsl7@amazonaws.com,Cameroon,Male,Belo,Dabfeed,29079.25,XAF
Eugene,Burton,eburtonl8@independent.co.uk,Greece,Male,Chavárion,Livetube,97542.28,EUR
Aaron,Garcia,agarcial9@go.com,Indonesia,Male,Luthu,Pixoboo,35921.23,IDR
Johnny,James,jjamesla@forbes.com,Russia,Male,Lensk,Jabbertype,48234.55,RUB
Julie,Morris,jmorrislb@reddit.com,Belarus,Female,Hal’shany,Tagopia,152.66,BYR
Bobby,Marshall,bmarshalllc@shop-pro.jp,Slovenia,Male,Zgornje Gorje,Buzzbean,,EUR
Scott,Richardson,srichardsonld@ezinearticles.com,Liechtenstein,Male,Planken,Voonyx,16691.14,CHF
Catherine,Henry,chenryle@skype.com,Russia,Female,Ikey,Dabjam,71803.76,RUB
John,Olson,jolsonlf@webs.com,Indonesia,Male,Pasarbaru,Flipbug,,IDR
Ryan,Mills,rmillslg@hexun.com,Russia,Male,Berendeyevo,Innotype,8349.00,RUB
Jesse,Shaw,jshawlh@fda.gov,Indonesia,Male,Ngenden,Quinu,87530.76,IDR
Carl,Nelson,cnelsonli@ustream.tv,China,Male,Liuqiao,Wordify,90033.17,CNY
Wanda,Chapman,wchapmanlj@ustream.tv,United States,Female,Mountain View,Voonder,,USD
Sara,Martin,smartinlk@dagondesign.com,Israel,Female,Tamra,Cogidoo,,ILS
Robin,Ortiz,rortizll@wordpress.com,China,Female,Xinshao,Jaxspan,30639.48,CNY
Kathy,Jacobs,kjacobslm@cpanel.net,Lebanon,Female,Bhamdoun,Latz,36483.63,LBP
Amanda,Hansen,ahansenln@gov.uk,China,Female,Dongsheng,Photolist,75985.11,CNY
Eric,Marshall,emarshalllo@sourceforge.net,Russia,Male,Ust’ye,Devpoint,41000.91,RUB
Aaron,Wagner,awagnerlp@ihg.com,China,Male,Shangjie,Voomm,44215.95,CNY
Philip,Garcia,pgarcialq@patch.com,Morocco,Male,Touama,Layo,65143.04,MAD
Larry,Gardner,lgardnerlr@flickr.com,Sweden,Male,Nyköping,Jatri,63920.47,SEK
Louis,Bishop,lbishopls@google.com.au,Oman,Male,Al Qābil,Jatri,67452.62,OMR
Annie,Montgomery,amontgomerylt@jiathis.com,Indonesia,Female,Huelkail,Vidoo,1285.51,IDR
Rebecca,Moore,rmoorelu@hatena.ne.jp,New Zealand,Female,Ngunguru,Tambee,37772.46,NZD
Denise,Woods,dwoodslv@reddit.com,Japan,Female,Kasukabe,Feedbug,44795.96,JPY
Daniel,Martin,dmartinlw@deviantart.com,Colombia,Male,Giraldo,Dabtype,78998.15,COP
Joyce,Garcia,jgarcialx@delicious.com,China,Female,Kuanghe,Edgewire,44158.28,CNY
Kathryn,Graham,kgrahamly@wikispaces.com,Australia,Female,Adelaide Mail Centre,Linklinks,87899.88,AUD
Ruby,Grant,rgrantlz@slideshare.net,Brazil,Female,Quatro Barras,Yacero,63771.93,BRL
Tina,Shaw,tshawm0@ca.gov,China,Female,Qiakeri,Fliptune,,CNY
Jerry,Castillo,jcastillom1@columbia.edu,Haiti,Male,Saint-Louis du Nord,Gabvine,12182.42,HTG
Kevin,Mcdonald,kmcdonaldm2@redcross.org,Greece,Male,Rodópoli,Flipbug,16632.71,EUR
Paul,Bradley,pbradleym3@cdbaby.com,Russia,Male,Pavlovka,Plajo,48187.54,RUB
Sharon,Crawford,scrawfordm4@cnbc.com,Indonesia,Female,Sigli,Npath,68449.59,IDR
Daniel,Morales,dmoralesm5@cyberchimps.com,Costa Rica,Male,Salitral,Livefish,47723.08,CRC
Julie,Griffin,jgriffinm6@youtu.be,Jamaica,Female,Moneague,Yodel,,JMD
Walter,Roberts,wrobertsm7@twitter.com,Indonesia,Male,Maumere,Linkbuzz,32341.13,IDR
Patricia,Gardner,pgardnerm8@microsoft.com,United States,Female,San Diego,Shuffledrive,,USD
Doris,Gordon,dgordonm9@cloudflare.com,Peru,Female,Máncora,Jabberstorm,76892.08,PEN
Martin,Wright,mwrightma@ftc.gov,Russia,Male,Kudinovo,Twitterbridge,56697.54,RUB
Harry,Lee,hleemb@omniture.com,Russia,Male,Nikulino,Thoughtstorm,32001.79,RUB
Carolyn,Gray,cgraymc@1688.com,Russia,Female,Petrovo-Dal’neye,Tagchat,,RUB
William,Sullivan,wsullivanmd@tripod.com,Kazakhstan,Male,Taraz,Avavee,38737.94,KZT
Kelly,Foster,kfosterme@freewebs.com,Argentina,Female,Gualeguay,Skyndu,97894.42,ARS
Kenneth,Kelly,kkellymf@live.com,Russia,Male,Annino,Ainyx,10909.80,RUB
Lisa,Rivera,lriveramg@scientificamerican.com,China,Female,Wuyahe,Livefish,53676.20,CNY
Carlos,Ferguson,cfergusonmh@rediff.com,Russia,Male,Russkiy,Zoomcast,99570.19,RUB
Jesse,Cole,jcolemi@irs.gov,France,Male,Tassin-la-Demi-Lune,Twitterbridge,5958.62,EUR
Theresa,Evans,tevansmj@yellowbook.com,Russia,Female,Vostochnoe Degunino,Abatz,13923.25,RUB
Adam,Martin,amartinmk@aboutads.info,Philippines,Male,Maria Aurora,Gigashots,9823.72,PHP
Ann,Williamson,awilliamsonml@cdbaby.com,Bulgaria,Female,Chirpan,Skinte,38852.72,BGN
George,Williamson,gwilliamsonmm@domainmarket.com,Samoa,Male,Solosolo,Jayo,21385.46,WST
Robin,Owens,rowensmn@microsoft.com,South Africa,Female,Vredendal,Latz,63567.99,ZAR
Howard,Cruz,hcruzmo@furl.net,China,Male,Lisui,Brainverse,38241.86,CNY
Albert,Henderson,ahendersonmp@hexun.com,China,Male,Xixiang,Dynazzy,33299.43,CNY
Christopher,Hart,chartmq@wiley.com,Canada,Male,Hope,Shufflester,16647.78,CAD
Shirley,Montgomery,smontgomerymr@theguardian.com,Sweden,Female,Härnösand,Zoomcast,9145.22,SEK
Martin,Henry,mhenryms@miitbeian.gov.cn,China,Male,Libei,Ntags,63413.90,CNY
Norma,Carroll,ncarrollmt@discuz.net,Chad,Female,Bousso,Oodoo,10004.11,XAF
Nancy,Olson,nolsonmu@tripod.com,Slovenia,Female,Zgornje Pirniče,Kwimbee,45700.36,EUR
David,Dunn,ddunnmv@indiegogo.com,China,Male,Nanqiao,Skynoodle,22396.06,CNY
Jane,Bell,jbellmw@craigslist.org,Russia,Female,Staritsa,Gabcube,91050.75,RUB
Stephanie,Riley,srileymx@gizmodo.com,Indonesia,Female,Babakansari,Mudo,46626.16,IDR
Kathleen,Meyer,kmeyermy@ask.com,Russia,Female,Verkhnyaya Toyma,Demivee,,RUB
Norma,Hamilton,nhamiltonmz@scientificamerican.com,China,Female,Zhongbu,Skinder,56581.00,CNY
Emily,Hawkins,ehawkinsn0@opera.com,China,Female,Mengxi,Oyonder,4834.07,CNY
Matthew,Watkins,mwatkinsn1@bluehost.com,China,Male,Xinqiao,Tekfly,54514.79,CNY
Russell,Rice,rricen2@imgur.com,China,Male,Dashi,Shuffletag,98596.11,CNY
Martha,Rose,mrosen3@mapquest.com,Sweden,Female,Charlottenberg,Tavu,79426.36,SEK
Jason,Gordon,jgordonn4@reference.com,China,Male,Xianyi,Twitternation,11.76,CNY
Kimberly,Ellis,kellisn5@meetup.com,Philippines,Female,Binguang,Browsecat,33724.45,PHP
Janet,Mills,jmillsn6@chicagotribune.com,Nigeria,Female,Owerri,Avavee,22518.30,NGN
Rebecca,Parker,rparkern7@wikipedia.org,Philippines,Female,Apoya,Skimia,77109.32,PHP
Randy,Peters,rpetersn8@gov.uk,Croatia,Male,Pag,Oyope,,HRK
Willie,Mills,wmillsn9@uol.com.br,Poland,Male,Klenica,Digitube,63482.57,PLN
Philip,Olson,polsonna@cargocollective.com,China,Male,Yinjiang,Quatz,3548.78,CNY
Bruce,Morales,bmoralesnb@gravatar.com,Portugal,Male,Venda,Skynoodle,16564.56,EUR
Matthew,Bryant,mbryantnc@ted.com,Russia,Male,Masalovka,Tagfeed,63911.40,RUB
Brandon,Robinson,brobinsonnd@webeden.co.uk,Russia,Male,Yessentuki,Kayveo,8549.11,RUB
Kathryn,Garza,kgarzane@uiuc.edu,Indonesia,Female,Krajan Alasdowo,Vimbo,28757.23,IDR
Joshua,Ortiz,jortiznf@bing.com,China,Male,Yaojiaji,Dabshots,,CNY
Lori,Scott,lscottng@apple.com,Haiti,Female,Grande Rivière du Nord,Twitterworks,55576.45,HTG
Walter,Freeman,wfreemannh@sogou.com,Peru,Male,Huarancante,Skidoo,10819.52,PEN
Donald,Long,dlongni@imageshack.us,Indonesia,Male,Pasarbaru,Miboo,16436.19,IDR
Jeffrey,Carr,jcarrnj@ning.com,Mexico,Male,San Francisco,Bubblemix,,MXN
Ralph,Jackson,rjacksonnk@google.nl,Reunion,Male,Saint-Pierre,Wikibox,70632.50,EUR
Nicole,Mendoza,nmendozanl@prnewswire.com,Philippines,Female,Tikiw,Thoughtworks,,PHP
Sandra,Elliott,selliottnm@admin.ch,China,Female,Tanggan,Skyvu,97480.29,CNY
Julie,Thompson,jthompsonnn@ovh.net,Russia,Female,Slobodskoy,Yotz,22191.13,RUB
Samuel,Anderson,sandersonno@gravatar.com,Sweden,Male,Lidköping,Thoughtsphere,35934.57,SEK
Donald,Ford,dfordnp@nytimes.com,Belarus,Male,Kokhanava,Eayo,83020.50,BYR
Willie,Warren,wwarrennq@google.com.au,Philippines,Male,Taboc,Jabberstorm,33549.34,PHP
Tina,Armstrong,tarmstrongnr@ted.com,Philippines,Female,Rajal Norte,Voomm,16621.05,PHP
Lori,Knight,lknightns@slate.com,Indonesia,Female,Wonopringgo,Photospace,76277.42,IDR
Rebecca,Banks,rbanksnt@paypal.com,Philippines,Female,General Luna,Tavu,37307.62,PHP
Jonathan,Greene,jgreenenu@gov.uk,Philippines,Male,Talalora,Eayo,66412.62,PHP
Stephanie,Fox,sfoxnv@infoseek.co.jp,China,Female,Xishaqiao,Meemm,37949.59,CNY
Randy,Hunter,rhunternw@paginegialle.it,France,Male,Grenoble,Blognation,53114.61,EUR
Todd,Simmons,tsimmonsnx@vk.com,Cameroon,Male,Bandjoun,Demivee,4799.24,XAF
Karen,Jacobs,kjacobsny@prlog.org,Indonesia,Female,Sugiharjo,Abata,57274.73,IDR
Ernest,Sanders,esandersnz@hatena.ne.jp,China,Male,Qingxi,Mita,96451.38,CNY
Gloria,Andrews,gandrewso0@omniture.com,Luxembourg,Female,Niederanven,Teklist,7204.53,EUR
Anne,Wood,awoodo1@thetimes.co.uk,Niger,Female,Tchintabaraden,Gabtune,51560.10,XOF
Shirley,Powell,spowello2@chicagotribune.com,France,Female,Marmande,Teklist,,EUR
Elizabeth,Fields,efieldso3@nbcnews.com,China,Female,Youxi,Bluejam,87009.83,CNY
Steve,Hayes,shayeso4@hubpages.com,Indonesia,Male,Babakan,Omba,38700.91,IDR
Johnny,Myers,jmyerso5@omniture.com,China,Male,Menghai,Topicware,24499.64,CNY
Carlos,Ryan,cryano6@wp.com,Portugal,Male,Messejana,Quire,47120.43,EUR
Mary,White,mwhiteo7@upenn.edu,Brazil,Female,Tabatinga,Fanoodle,9843.33,BRL
Elizabeth,Holmes,eholmeso8@wunderground.com,China,Female,Hexi,Topicstorm,62138.44,CNY
Judy,Diaz,jdiazo9@merriam-webster.com,China,Female,Yingpu,Agivu,31247.50,CNY
Kenneth,Watson,kwatsonoa@is.gd,China,Male,Sanxi,Babbleopia,13806.45,CNY
Kelly,Elliott,kelliottob@ow.ly,China,Female,Pingdi,Fiveclub,51938.59,CNY
Kathy,Woods,kwoodsoc@hud.gov,France,Female,Paris La Défense,Yakitri,68025.79,EUR
Lawrence,Hall,lhallod@baidu.com,Indonesia,Male,Tegarenkrajan,Centidel,47716.87,IDR
Larry,Brooks,lbrooksoe@amazon.de,Brazil,Male,Tucumã,Gigabox,53096.64,BRL
Margaret,Adams,madamsof@ebay.co.uk,Portugal,Female,Vila Chã,Browseblab,88324.48,EUR
Joseph,Woods,jwoodsog@zimbio.com,China,Male,Hongmiao,Edgeblab,39169.48,CNY
Ronald,Parker,rparkeroh@quantcast.com,Russia,Male,Malaya Dubna,Yacero,34333.38,RUB
Jeremy,Gonzalez,jgonzalezoi@google.com.au,Thailand,Male,Chatuchak,Wordtune,57367.42,THB
Lori,James,ljamesoj@admin.ch,Tajikistan,Female,Konsoy,Yakijo,47596.19,TJS
Joyce,Fernandez,jfernandezok@flickr.com,Australia,Female,Sydney,Ntags,13561.89,AUD
Dorothy,Burke,dburkeol@e-recht24.de,Canada,Female,Barrie,Lazzy,,CAD
Ashley,Jacobs,ajacobsom@webnode.com,Cambodia,Female,Sisŏphŏn,Dynazzy,36362.39,KHR
Kathy,Gonzales,kgonzaleson@cocolog-nifty.com,Palestinian Territory,Female,Qaryūt,Demivee,47250.11,ILS
Jacqueline,Ford,jfordoo@oakley.com,Thailand,Female,Bang Sao Thong,Bluezoom,33198.96,THB
Jean,Stone,jstoneop@networksolutions.com,Marshall Islands,Female,Ebaye,Kwinu,74981.23,USD
Victor,Vasquez,vvasquezoq@wunderground.com,Nigeria,Male,Ila Orangun,Leenti,39792.12,NGN
Lawrence,Hawkins,lhawkinsor@123-reg.co.uk,China,Male,Maoping,Agimba,,CNY
Jose,James,jjamesos@cmu.edu,Portugal,Male,Eiriz,Bluejam,90046.65,EUR
Emily,Stewart,estewartot@timesonline.co.uk,Ecuador,Female,Manta,Fivespan,99844.37,USD
Carlos,Kim,ckimou@lulu.com,China,Male,Jingmen,Flipstorm,,CNY
Samuel,Greene,sgreeneov@unblog.fr,Russia,Male,Tbilisskaya,Dabjam,25760.21,RUB
William,Kennedy,wkennedyow@huffingtonpost.com,Hungary,Male,Zselickislak,Fivebridge,77074.04,HUF
Kathleen,Armstrong,karmstrongox@newsvine.com,China,Female,Zhongxin,Riffpedia,48896.56,CNY
Chris,Evans,cevansoy@amazonaws.com,China,Male,Wu’an,Yoveo,6105.98,CNY
Pamela,Robertson,probertsonoz@1und1.de,France,Female,Castres,Tazz,27578.53,EUR
Sharon,Edwards,sedwardsp0@unesco.org,Costa Rica,Female,Sámara,Blogtag,99952.23,CRC
Albert,Brown,abrownp1@homestead.com,China,Male,Guashe,Miboo,6472.42,CNY
Joe,Johnston,jjohnstonp2@sphinn.com,Estonia,Male,Rakvere,Jaloo,36978.56,EUR
Lois,Martinez,lmartinezp3@usatoday.com,Poland,Female,Wiślica,Linklinks,64478.00,PLN
Heather,Anderson,handersonp4@jimdo.com,Philippines,Female,Claver,Kanoodle,39372.40,PHP
Harry,Porter,hporterp5@macromedia.com,Philippines,Male,Calape,Rhyzio,16773.45,PHP
Virginia,Hansen,vhansenp6@huffingtonpost.com,Philippines,Female,Ponong,Yodoo,57332.81,PHP
Louise,Garcia,lgarciap7@patch.com,Thailand,Female,Non Sung,Jabberbean,61857.30,THB
Harold,Torres,htorresp8@simplemachines.org,Aland Islands,Male,Kumlinge,Topdrive,17066.76,EUR
Nicole,Johnston,njohnstonp9@gnu.org,Greece,Female,Neochóri,Yabox,67440.52,EUR
Norma,Hamilton,nhamiltonpa@unblog.fr,Vietnam,Female,Mường Nhé,Viva,16655.96,VND
Kenneth,Chavez,kchavezpb@prweb.com,China,Male,Wangbuzhuang,Skipstorm,13459.91,CNY
Kenneth,Parker,kparkerpc@berkeley.edu,Indonesia,Male,Pandanrejokrajan,Oodoo,15708.97,IDR
Cynthia,Hunt,chuntpd@netscape.com,Peru,Female,Nueva Arica,Katz,,PEN
Diana,Long,dlongpe@ask.com,Japan,Female,Buzen,Twinte,35306.45,JPY
David,Alvarez,dalvarezpf@discovery.com,Finland,Male,Muonio,Babblestorm,19136.47,EUR
Ruby,Hunter,rhunterpg@accuweather.com,Vietnam,Female,Da Nang,Midel,90013.62,VND
Gregory,Rose,groseph@squarespace.com,Poland,Male,Przeworsk,Wikido,82481.03,PLN
Aaron,Romero,aromeropi@princeton.edu,Kazakhstan,Male,Arys,Abata,36115.33,KZT
Christina,Henderson,chendersonpj@illinois.edu,Argentina,Female,Barranqueras,Nlounge,36942.76,ARS
Gary,Lane,glanepk@comsenz.com,Portugal,Male,Martingança,Rhybox,19204.04,EUR
Elizabeth,Montgomery,emontgomerypl@github.com,Philippines,Female,Mondragon,Gabtune,31290.52,PHP
Katherine,Ramirez,kramirezpm@soup.io,Colombia,Female,Ábrego,Livetube,18466.76,COP
Julie,Diaz,jdiazpn@npr.org,Russia,Female,Tsaritsyno,Livetube,82390.60,RUB
Henry,Greene,hgreenepo@github.io,Palestinian Territory,Male,Za‘tarah,InnoZ,28205.35,ILS
Terry,Perry,tperrypp@php.net,Poland,Male,Chruszczobród,Linkbuzz,76453.14,PLN
Ralph,Chapman,rchapmanpq@omniture.com,China,Male,Dugu,Gabvine,13450.55,CNY
Andrew,Fowler,afowlerpr@meetup.com,Indonesia,Male,Daja Lorong,Devcast,20074.35,IDR
Irene,Hanson,ihansonps@cnn.com,Indonesia,Female,Peranap,Blogspan,2085.93,IDR
Joseph,Reid,jreidpt@usnews.com,China,Male,Yongping,Jabbersphere,61363.05,CNY
Frank,Hart,fhartpu@taobao.com,China,Male,Datangzhuang,Lazzy,70686.34,CNY
Brenda,Armstrong,barmstrongpv@ucoz.ru,China,Female,Lianzhou,Trilith,32882.68,CNY
Raymond,Mcdonald,rmcdonaldpw@fotki.com,China,Male,Fengjiang,Twitternation,81282.30,CNY
Jeremy,Mccoy,jmccoypx@fema.gov,France,Male,Mayenne,Skaboo,25945.00,EUR
Linda,Howell,lhowellpy@ovh.net,Iran,Female,Dīvāndarreh,Devpoint,65585.06,IRR
Jacqueline,Webb,jwebbpz@wix.com,Ukraine,Female,Bila Tserkva,Skajo,,UAH
Kelly,Cox,kcoxq0@wikispaces.com,China,Female,Mengyin,Vinte,3617.51,CNY
Brian,Larson,blarsonq1@theguardian.com,Azerbaijan,Male,Qobu,Talane,85332.76,AZN
Todd,Carter,tcarterq2@sakura.ne.jp,Sweden,Male,Vadstena,Feednation,,SEK
Helen,Wheeler,hwheelerq3@latimes.com,France,Female,Quimper,Roomm,,EUR
Philip,Romero,promeroq4@adobe.com,South Africa,Male,Nelspruit,Browseblab,84282.77,ZAR
Gerald,Day,gdayq5@shareasale.com,France,Male,Lille,Zoovu,51402.42,EUR
Jessica,Hawkins,jhawkinsq6@theguardian.com,Peru,Female,Ichuña,Twitternation,68372.01,PEN
Justin,Crawford,jcrawfordq7@techcrunch.com,Jamaica,Male,Bull Savanna,Jaloo,27780.30,JMD
Carol,Shaw,cshawq8@sakura.ne.jp,Greece,Female,Elassóna,Gigazoom,73341.27,EUR
Howard,Cook,hcookq9@mozilla.com,Guatemala,Male,Joyabaj,Twinte,35308.87,GTQ
Pamela,Lopez,plopezqa@guardian.co.uk,Paraguay,Female,Atyrá,Gigaclub,13084.03,PYG
Amy,Bishop,abishopqb@tumblr.com,Czech Republic,Female,Horka nad Moravou,LiveZ,,CZK
Matthew,Garza,mgarzaqc@nationalgeographic.com,Netherlands,Male,Hellevoetsluis,Trilia,50856.61,EUR
Lois,Gray,lgrayqd@accuweather.com,Russia,Female,Isyangulovo,Meejo,74343.18,RUB
Kelly,Dixon,kdixonqe@narod.ru,Russia,Female,Zabaykal’sk,Trilia,30123.26,RUB
Karen,Dean,kdeanqf@google.nl,Russia,Female,Novonikol’sk,Skyndu,31362.82,RUB
Gary,Kelly,gkellyqg@prnewswire.com,Peru,Male,Quince Mil,Wordware,28395.88,PEN
Jeremy,Lopez,jlopezqh@wisc.edu,Brazil,Male,Ibiúna,Camimbo,44714.41,BRL
Patricia,Garza,pgarzaqi@cocolog-nifty.com,North Korea,Female,Anak,Twiyo,65139.99,KPW
Steven,Snyder,ssnyderqj@google.com.au,Colombia,Male,Toluviejo,Jabbersphere,257.81,COP
Jennifer,Taylor,jtaylorqk@vimeo.com,Mexico,Female,San Agustin,Buzzdog,35317.23,MXN
Jeffrey,Ward,jwardql@clickbank.net,Indonesia,Male,Dajalorong,Kwinu,22161.92,IDR
Earl,Hanson,ehansonqm@twitpic.com,Brazil,Male,Itaguaçu,Topicblab,53554.77,BRL
Carol,Chapman,cchapmanqn@about.com,Cuba,Female,Minas,Skinder,26521.88,CUP
Larry,Kennedy,lkennedyqo@fc2.com,China,Male,Danxia,Youbridge,4690.67,CNY
Steven,Carr,scarrqp@prlog.org,Brazil,Male,São Mateus do Maranhão,Bluejam,31864.60,BRL
Eugene,Hawkins,ehawkinsqq@altervista.org,Poland,Male,Nasielsk,Dabshots,94058.57,PLN
Dennis,Carpenter,dcarpenterqr@twitter.com,France,Male,Nice,Browsezoom,79675.33,EUR
Anne,Roberts,arobertsqs@umn.edu,Morocco,Female,Tidili Mesfioua,Livetube,,MAD
Gregory,Riley,grileyqt@time.com,Indonesia,Male,Kembang,Buzzster,75665.00,IDR
Angela,Armstrong,aarmstrongqu@ftc.gov,Uzbekistan,Female,Nurota Shahri,Realpoint,19694.10,UZS
Beverly,Smith,bsmithqv@geocities.jp,Ukraine,Female,Dniprovka,Flashset,,UAH
Denise,Henry,dhenryqw@adobe.com,Czech Republic,Female,Tvarožná,Blogtag,86540.27,CZK
Antonio,Dean,adeanqx@yahoo.com,Egypt,Male,Būsh,Centizu,82580.68,EGP
Walter,Harvey,wharveyqy@alibaba.com,Croatia,Male,Lučko,Ntags,67661.83,HRK
Jonathan,Dean,jdeanqz@hao123.com,China,Male,Bailizhou,Wordware,19120.19,CNY
Debra,Romero,dromeror0@a8.net,United States,Female,Roanoke,Ozu,75417.69,USD
Donna,Powell,dpowellr1@mayoclinic.com,Brazil,Female,Palhoça,Skyndu,11576.04,BRL
Billy,Phillips,bphillipsr2@tinyurl.com,Netherlands,Male,Almelo,Divape,872.60,EUR
Harry,Hunter,hhunterr3@goo.gl,China,Male,Zhongcun,Gabvine,37770.40,CNY
Margaret,Harris,mharrisr4@dagondesign.com,China,Female,Liangting,Chatterpoint,28077.15,CNY
Linda,Rivera,lriverar5@domainmarket.com,China,Female,Tiegai,Trilith,66052.96,CNY
Heather,Jacobs,hjacobsr6@epa.gov,Philippines,Female,Parang,Realbridge,48214.59,PHP
Debra,Martinez,dmartinezr7@biblegateway.com,Indonesia,Female,Putun,Kazio,,IDR
Arthur,Rose,aroser8@va.gov,Sweden,Male,Storvreta,Skimia,21956.98,SEK
Denise,Bell,dbellr9@amazon.com,Sweden,Female,Stockholm,Twitterwire,36556.28,SEK
William,Taylor,wtaylorra@squarespace.com,Argentina,Male,Villa General Belgrano,Tanoodle,20536.68,ARS
Sharon,Hall,shallrb@addthis.com,Costa Rica,Female,Salitrillos,Kanoodle,47921.66,CRC
Stephen,Harper,sharperrc@phoca.cz,Bulgaria,Male,Omurtag,Skiba,,BGN
Kathy,Fox,kfoxrd@weebly.com,Cuba,Female,Arroyo Naranjo,Skyndu,567.89,CUP
Ruth,Parker,rparkerre@youku.com,Canada,Female,Gjoa Haven,Twimm,85408.26,CAD
Ralph,Lawson,rlawsonrf@mtv.com,France,Male,Vineuil,Meevee,14057.30,EUR
Fred,Wood,fwoodrg@parallels.com,China,Male,Sanqiao,Shufflebeat,,CNY
Samuel,Duncan,sduncanrh@domainmarket.com,China,Male,Weishanzhuang,Eidel,31218.86,CNY
Doris,Mitchell,dmitchellri@linkedin.com,Serbia,Female,Savski Venac,Voomm,46420.56,RSD
Anthony,Robertson,arobertsonrj@ycombinator.com,China,Male,Youguzhuang,Skinder,82612.58,CNY
Laura,George,lgeorgerk@ucsd.edu,Poland,Female,Jarocin,Kamba,83176.76,PLN
Jeffrey,Hunter,jhunterrl@cdbaby.com,Vietnam,Male,Gio Linh,Wikizz,67692.11,VND
Lori,Holmes,lholmesrm@hhs.gov,Indonesia,Female,Babakantugu,Yata,58540.71,IDR
Sean,Wilson,swilsonrn@techcrunch.com,Indonesia,Male,Citarik,Meevee,24350.11,IDR
Margaret,Duncan,mduncanro@dyndns.org,China,Female,Liangdang Chengguanzhen,Kimia,98169.51,CNY
Daniel,Burke,dburkerp@shutterfly.com,Russia,Male,Uryupinsk,Thoughtsphere,94882.60,RUB
Mildred,Collins,mcollinsrq@networksolutions.com,China,Female,Xianlong,Tagopia,37376.11,CNY
Jimmy,Gibson,jgibsonrr@indiegogo.com,Philippines,Male,Guimbal,Aimbu,71808.99,PHP
