Rose,Dixon,rdixon0@photobucket.com,Brazil,Female,Guaíba,Realcube,26983.64,BRL
Daniel,Cole,dcole1@storify.com,Poland,Male,Tarnawatka,Photojam,,PLN
Jeffrey,Wells,jwells2@archive.org,Philippines,Male,Ronda,Gigashots,62030.12,PHP
Shawn,Wells,swells3@list-manage.com,Vietnam,Male,Thị Trấn Thất Khê,Eabox,5259.69,VND
Frances,Burton,fburton4@addthis.com,Pakistan,Female,Shāhpur,Kwimbee,84331.48,PKR
Gary,Bailey,gbailey5@google.ru,Philippines,Male,Maibu,Babbleopia,,PHP
David,Warren,dwarren6@ftc.gov,Spain,Male,Almeria,Pixoboo,63217.21,EUR
Wanda,Burke,wburke7@bbb.org,Brazil,Female,Pilar do Sul,Trilith,,BRL
Chris,Hunter,chunter8@webnode.com,Argentina,Male,Zapala,Skiba,11691.35,ARS
John,Rogers,jrogers9@rambler.ru,Iran,Male,Gāvbandī,Skaboo,64384.13,IRR
Andrew,Coleman,acolemana@privacy.gov.au,Philippines,Male,Mindupok,Tanoodle,5465.40,PHP
Wanda,Arnold,warnoldb@comcast.net,Russia,Female,Lesnoy,Vidoo,57856.67,RUB
Ralph,Morris,rmorrisc@gov.uk,China,Male,Xiaozhen,Demizz,49559.42,CNY
Louise,Burns,lburnsd@mysql.com,Czech Republic,Female,Pražmo,Leexo,,CZK
Lisa,Dunn,ldunne@mac.com,Thailand,Female,Dusit,Avaveo,95403.74,THB
Jeremy,Elliott,jelliottf@wordpress.com,Argentina,Male,El Bolsón,Blognation,47948.75,ARS
Andrea,Patterson,apattersong@zdnet.com,Vietnam,Female,Thị Trấn Thọ Xuân,Jabbersphere,5768.05,VND
Mildred,Clark,mclarkh@buzzfeed.com,Ireland,Female,Kanturk,Twinder,4829.79,EUR
Dorothy,Jordan,djordani@nasa.gov,Indonesia,Female,Maroanging,Jaxbean,22766.70,IDR
Brandon,Carr,bcarrj@earthlink.net,Indonesia,Male,Lewo,Aibox,66945.04,IDR
Jerry,Tucker,jtuckerk@addthis.com,Indonesia,Male,Telgawah,Brainlounge,,IDR
Frank,Boyd,fboydl@weebly.com,Ukraine,Male,Aleksandrovka,Tekfly,58642.48,UAH
Ann,Daniels,adanielsm@t-online.de,Brazil,Female,Ouro Preto do Oeste,Voonte,16103.95,BRL
Deborah,Edwards,dedwardsn@bloglines.com,Ukraine,Female,Berezovo,Yamia,,UAH
Shawn,Gordon,sgordono@tinyurl.com,Argentina,Male,Río Segundo,Youspan,9851.00,ARS
Clarence,Tucker,ctuckerp@google.co.uk,China,Male,Baoli,Gabtype,68159.63,CNY
Pamela,Armstrong,parmstrongq@skyrock.com,Indonesia,Female,Leuwihalang,Snaptags,78880.41,IDR
Denise,Sanders,dsandersr@cisco.com,China,Female,Xingzi,Topicblab,33656.75,CNY
James,Lopez,jlopezs@ftc.gov,United States,Male,New York City,Demizz,88719.13,USD
George,Hawkins,ghawkinst@scribd.com,France,Male,Saint-Étienne-du-Rouvray,Skaboo,98408.94,EUR
Sarah,Gardner,sgardneru@microsoft.com,Syria,Female,‘Ayn an Nasr,Shuffledrive,74075.58,SYP
Virginia,Morgan,vmorganv@theguardian.com,Azerbaijan,Female,Qızılhacılı,Eidel,1226.16,AZN
Nancy,Ross,nrossw@prweb.com,Brazil,Female,Ortigueira,Meembee,52219.44,BRL
Terry,Harris,tharrisx@google.com.au,Indonesia,Male,Ciganaria,Youspan,60068.07,IDR
Heather,Hunter,hhuntery@slideshare.net,Poland,Female,Ujsoły,Linktype,50164.53,PLN
Phyllis,Hunt,phuntz@hugedomains.com,China,Female,Jianshe,Chatterpoint,,CNY
Linda,Robertson,lrobertson10@spiegel.de,Namibia,Female,Omuthiya,Tagtune,,NAD
Timothy,Cole,tcole11@istockphoto.com,Philippines,Male,Pantijan No 2,Jabbercube,26100.41,PHP
Denise,Spencer,dspencer12@histats.com,Brazil,Female,Brumado,Browsebug,26270.54,BRL
Ryan,Wheeler,rwheeler13@sbwire.com,China,Male,Luocun,Fatz,64199.12,CNY
Frances,Lawrence,flawrence14@washington.edu,Indonesia,Female,Baler Baleagung,Mycat,7292.77,IDR
Dennis,Lawrence,dlawrence15@yale.edu,Indonesia,Male,Oebobo,Vitz,76948.62,IDR
Peter,Alvarez,palvarez16@tamu.edu,Ukraine,Male,Zhovkva,Topdrive,16758.23,UAH
Evelyn,Ferguson,eferguson17@vkontakte.ru,Finland,Female,Alavieska,Jatri,74858.95,EUR
Aaron,Kim,akim18@paypal.com,China,Male,Xiatuanpu,Myworks,8864.59,CNY
Ann,Cox,acox19@redcross.org,Afghanistan,Female,Barg-e Matāl,Tambee,583.54,AFN
Angela,Garcia,agarcia1a@moonfruit.com,Brazil,Female,São Roque,Rhynyx,29096.12,BRL
Mildred,Simmons,msimmons1b@vk.com,Philippines,Female,Pateros,Wikido,24317.74,PHP
Dennis,Johnson,djohnson1c@biglobe.ne.jp,Indonesia,Male,Manonjaya,Devcast,36895.13,IDR
Jack,Williams,jwilliams1d@ibm.com,Czech Republic,Male,Moravská Třebová,Jaxnation,89917.94,CZK
Marie,Reed,mreed1e@walmart.com,Sweden,Female,Kungsbacka,Photojam,48405.22,SEK
Ernest,Johnston,ejohnston1f@xinhuanet.com,Indonesia,Male,Sukamulya,Zava,20899.99,IDR
Bobby,Myers,bmyers1g@bravesites.com,Brazil,Male,Recife,Camido,,BRL
Carlos,Sims,csims1h@over-blog.com,Colombia,Male,Sáchica,Quire,881.17,COP
Michelle,Barnes,mbarnes1i@google.co.uk,Indonesia,Female,Klutuk,Lajo,92334.68,IDR
Gloria,Nguyen,gnguyen1j@etsy.com,Mongolia,Female,Chonogol,Yakijo,22388.14,MNT
Timothy,Willis,twillis1k@phoca.cz,Peru,Male,Quillo,Skyvu,7089.58,PEN
Nicholas,Wilson,nwilson1l@europa.eu,China,Male,Shimiaozi,Linklinks,89757.63,CNY
Anthony,Lynch,alynch1m@aboutads.info,Japan,Male,Tsuruga,Jetpulse,89991.41,JPY
Adam,Peters,apeters1n@timesonline.co.uk,Argentina,Male,Mainque,Shufflester,87120.38,ARS
Jacqueline,Fisher,jfisher1o@reference.com,Democratic Republic of the Congo,Female,Goma,Mycat,83614.89,CDF
Arthur,King,aking1p@cargocollective.com,Canada,Male,Kamsack,Fatz,55609.86,CAD
Harold,Marshall,hmarshall1q@lulu.com,United States,Male,Durham,Viva,18527.50,USD
Norma,Morgan,nmorgan1r@bravesites.com,Colombia,Female,Isnos,Gabcube,71618.61,COP
Susan,Hall,shall1s@pbs.org,France,Female,Montélimar,Oozz,80847.89,EUR
Ryan,Tucker,rtucker1t@about.me,France,Male,La Roche-sur-Yon,Midel,,EUR
Evelyn,Bennett,ebennett1u@mtv.com,France,Female,Auxerre,Tanoodle,22297.59,EUR
Jerry,Ray,jray1v@businesswire.com,Colombia,Male,Facatativá,Kwinu,12392.51,COP
Donna,Alvarez,dalvarez1w@quantcast.com,France,Female,Chambéry,Jamia,88751.69,EUR
Deborah,Bennett,dbennett1x@loc.gov,Argentina,Female,Tinogasta,Skilith,2201.56,ARS
Billy,Webb,bwebb1y@fastcompany.com,Philippines,Male,Ugac Sur,Vipe,67313.50,PHP
Earl,Carter,ecarter1z@dailymail.co.uk,China,Male,Dajianchang,Devbug,83675.26,CNY
Sandra,Lewis,slewis20@wisc.edu,China,Female,Guangning,Dabfeed,90449.86,CNY
Lisa,Cooper,lcooper21@ucla.edu,China,Female,Jiujiang,Oyonder,,CNY
Barbara,Fisher,bfisher22@weather.com,China,Female,Nu’erbage,Plajo,,CNY
Randy,Ramos,rramos23@tinyurl.com,Ireland,Male,Oughterard,Wikido,40537.12,EUR
Denise,Harper,dharper24@nasa.gov,China,Female,Tangquan,Centimia,,CNY
Christine,Fowler,cfowler25@hubpages.com,Benin,Female,Nikki,Teklist,73258.15,XOF
Carolyn,Alvarez,calvarez26@mlb.com,China,Female,Tangtuzhui,Skipfire,44345.01,CNY
Shawn,Lawrence,slawrence27@ifeng.com,Indonesia,Male,Kebonkaret,Thoughtstorm,51182.90,IDR
Sandra,Harvey,sharvey28@list-manage.com,Brazil,Female,Nilópolis,Divape,9688.50,BRL
Janice,Allen,jallen29@biglobe.ne.jp,Philippines,Female,Balingcanaway,Quimm,11509.18,PHP
Joseph,Gonzalez,jgonzalez2a@mlb.com,Indonesia,Male,Laimuda,Thoughtstorm,37377.83,IDR
Terry,Robertson,trobertson2b@hhs.gov,Philippines,Male,Maguling,Yodo,71754.91,PHP
Raymond,Ortiz,rortiz2c@cam.ac.uk,Mongolia,Male,Öldziyt,Skajo,87617.92,MNT
Diane,Day,dday2d@sohu.com,Russia,Female,Krasnyy Profintern,Yakijo,42348.82,RUB
Anthony,Gomez,agomez2e@yolasite.com,Pakistan,Male,Haveli,Mydo,52074.43,PKR
Charles,Thompson,cthompson2f@discuz.net,Sri Lanka,Male,Minuwangoda,Rhyloo,54663.64,LKR
Ralph,Oliver,roliver2g@discovery.com,Argentina,Male,General Lavalle,Dynazzy,64547.80,ARS
Christina,Grant,cgrant2h@ning.com,France,Female,Nevers,Tavu,21183.97,EUR
Jennifer,Little,jlittle2i@istockphoto.com,Gabon,Female,Lékoni,Photolist,43657.94,XAF
Chris,Lynch,clynch2j@walmart.com,Mongolia,Male,Dundbürd,Kwimbee,,MNT
Harold,Morrison,hmorrison2k@java.com,Nigeria,Male,Miringa,Oyonder,55285.31,NGN
Timothy,Frazier,tfrazier2l@blogtalkradio.com,Indonesia,Male,Kudang,Rhynyx,95577.81,IDR
Kimberly,Wallace,kwallace2m@comsenz.com,Russia,Female,Mnogoudobnoye,Rhyloo,20988.15,RUB
Norma,Stanley,nstanley2n@abc.net.au,Brazil,Female,Gurupi,Riffwire,82321.97,BRL
Antonio,Wallace,awallace2o@nydailynews.com,Philippines,Male,Dadus,Jayo,71465.03,PHP
Katherine,Kennedy,kkennedy2p@moonfruit.com,Argentina,Female,Arauco,Oloo,71534.08,ARS
Kelly,Stone,kstone2q@webs.com,Russia,Female,Safakulevo,Linktype,31919.78,RUB
Craig,Collins,ccollins2r@squarespace.com,Poland,Male,Głogów Małopolski,Kanoodle,19696.27,PLN
Susan,Long,slong2s@nba.com,Georgia,Female,Agara,Yakijo,79860.80,GEL
Donna,Moore,dmoore2t@tinyurl.com,United States,Female,Seattle,Voonyx,64434.61,USD
William,Rogers,wrogers2u@wired.com,Ireland,Male,Clifden,Buzzbean,60203.03,EUR
Marie,Nguyen,mnguyen2v@google.it,Portugal,Female,Alburitel,Oloo,92765.89,EUR
Denise,Foster,dfoster2w@blogs.com,Bosnia and Herzegovina,Female,Tasovčići,Meetz,80311.79,BAM
Timothy,Rose,trose2x@kickstarter.com,Western Sahara,Male,Dakhla,Brightbean,72221.83,MAD
Judith,Bryant,jbryant2y@unesco.org,New Zealand,Female,Kawerau,Jabbersphere,34455.01,NZD
Rebecca,Frazier,rfrazier2z@va.gov,France,Female,Rodez,Ntags,,EUR
John,Simpson,jsimpson30@mac.com,Cameroon,Male,Bélel,Voonte,53091.54,XAF
Walter,Mason,wmason31@berkeley.edu,Philippines,Male,Tungol,Meevee,15487.06,PHP
Richard,Fields,rfields32@imageshack.us,Venezuela,Male,Altamira,Brainverse,16127.41,VEF
Roger,Watkins,rwatkins33@amazon.com,Indonesia,Male,Rancaranji,Chatterpoint,96698.10,IDR
Peter,Cunningham,pcunningham34@usgs.gov,Sweden,Male,Skurup,Demizz,49768.72,SEK
Paula,Boyd,pboyd35@cam.ac.uk,China,Female,Xilian,Mynte,84.90,CNY
Mildred,Romero,mromero36@cafepress.com,Argentina,Female,Unquillo,Mybuzz,53009.33,ARS
James,Cooper,jcooper37@booking.com,Ukraine,Male,Znomenka,Gevee,37588.81,UAH
Michelle,Kennedy,mkennedy38@yale.edu,Canada,Female,Kentville,Jabbersphere,63161.23,CAD
Jeffrey,Carroll,jcarroll39@dagondesign.com,Estonia,Male,Tartu,Eayo,95792.92,EUR
Stephen,Stanley,sstanley3a@fc2.com,Cuba,Male,Sibanicú,Edgewire,86792.15,CUP
Ernest,Johnston,ejohnston3b@mysql.com,Indonesia,Male,Wewit,Skippad,26839.48,IDR
Judith,Flores,jflores3c@bloglovin.com,New Zealand,Female,Kawerau,Digitube,30510.52,NZD
Helen,Banks,hbanks3d@biblegateway.com,Russia,Female,Dorogobuzh,Edgeify,21641.45,RUB
Thomas,Martinez,tmartinez3e@exblog.jp,Indonesia,Male,Cipesing,Camimbo,,IDR
Maria,Warren,mwarren3f@flavors.me,China,Female,Kunyang,Rhynoodle,94102.21,CNY
Jason,Sims,jsims3g@parallels.com,Afghanistan,Male,Ghurayd Gharamē,Wikido,27467.38,AFN
Deborah,Gordon,dgordon3h@ucoz.ru,Thailand,Female,Ang Thong,Edgeclub,,THB
Jesse,Foster,jfoster3i@netlog.com,Colombia,Male,Toluviejo,Youspan,99218.46,COP
Christopher,Bradley,cbradley3j@ibm.com,China,Male,Badu,Shufflester,,CNY
Ralph,Edwards,redwards3k@mlb.com,France,Male,Romorantin-Lanthenay,Jazzy,55945.73,EUR
Elizabeth,Freeman,efreeman3l@icq.com,Portugal,Female,Serzedo,Zoonoodle,76599.87,EUR
Maria,Black,mblack3m@amazon.co.uk,China,Female,Tangchijie,Brainverse,56474.27,CNY
Walter,Ellis,wellis3n@arstechnica.com,Bahamas,Male,Duncan Town,Thoughtstorm,60370.48,BSD
Cheryl,Robertson,crobertson3o@taobao.com,Russia,Female,Pskov,Zava,53962.39,RUB
Ryan,Snyder,rsnyder3p@cisco.com,Denmark,Male,København,Meejo,49368.30,DKK
Patrick,Perez,pperez3q@washingtonpost.com,China,Male,Tanbu,Skalith,73123.35,CNY
Denise,Long,dlong3r@fema.gov,Bosnia and Herzegovina,Female,Kalenderovci Donji,Quinu,,BAM
Harry,Bishop,hbishop3s@illinois.edu,Philippines,Male,San Roque,Linklinks,10244.46,PHP
Douglas,Lopez,dlopez3t@engadget.com,Niger,Male,Tibiri,Browseblab,99135.68,XOF
Jesse,Hunt,jhunt3u@seesaa.net,Colombia,Male,Belén de Umbría,Innotype,,COP
Virginia,Cruz,vcruz3v@geocities.jp,South Sudan,Female,Bor,Vimbo,93256.04,SSP
Douglas,Medina,dmedina3w@github.com,Russia,Male,Pokrovka,Shufflester,24319.94,RUB
Deborah,Hunter,dhunter3x@webs.com,Latvia,Female,Rucava,Bluezoom,26028.94,EUR
Kathleen,Gardner,kgardner3y@abc.net.au,Nigeria,Female,Idi Iroko,Tagcat,88385.77,NGN
Tina,Duncan,tduncan3z@gravatar.com,Philippines,Female,San Rafael,Youspan,38042.94,PHP
Harold,Reyes,hreyes40@miibeian.gov.cn,Bulgaria,Male,Veliki Preslav,Gabcube,85235.72,BGN
Todd,Gibson,tgibson41@vk.com,Russia,Male,Yegor’yevsk,Zoonoodle,1378.90,RUB
Shawn,Hayes,shayes42@hugedomains.com,Poland,Male,Wąpielsk,Topiczoom,16010.97,PLN
Philip,Myers,pmyers43@newyorker.com,Netherlands,Male,Emmen,Brightdog,38975.57,EUR
Bobby,Wells,bwells44@baidu.com,Chile,Male,Salamanca,Feedbug,66591.90,CLP
Alice,Miller,amiller45@apache.org,Brazil,Female,Cabedelo,Riffwire,13348.88,BRL
Kenneth,Taylor,ktaylor46@state.tx.us,Portugal,Male,Valado dos Frades,Twitterlist,,EUR
Randy,Meyer,rmeyer47@freewebs.com,Argentina,Male,Puerto Madryn,Oozz,,ARS
Alan,Hunt,ahunt48@xing.com,China,Male,Guangming,Realblab,96891.76,CNY
Harold,Dunn,hdunn49@flavors.me,Russia,Male,Karata,Jamia,7326.84,RUB
Rachel,Peters,rpeters4a@so-net.ne.jp,Peru,Female,Carhuac,Buzzbean,64064.49,PEN
Frances,Thompson,fthompson4b@t-online.de,Portugal,Female,Casal,Feedfish,80789.20,EUR
Eugene,Matthews,ematthews4c@so-net.ne.jp,Greece,Male,Káto Miliá,Pixonyx,5900.92,EUR
Helen,Pierce,hpierce4d@clickbank.net,France,Female,Paris 08,Innojam,80617.11,EUR
Paul,Day,pday4e@yellowbook.com,Russia,Male,Burtunay,Voonyx,60376.16,RUB
Joan,Meyer,jmeyer4f@zdnet.com,Portugal,Female,Picoto,Skynoodle,15184.49,EUR
Phillip,Fuller,pfuller4g@163.com,Sweden,Male,Norrköping,Jabbersphere,20454.74,SEK
Anne,White,awhite4h@phpbb.com,Brazil,Female,Paulista,Blognation,81383.82,BRL
Scott,Reed,sreed4i@amazon.de,Morocco,Male,Had Kourt,Thoughtstorm,,MAD
Dennis,Sanders,dsanders4j@hibu.com,China,Male,Dalan,Edgepulse,76948.60,CNY
Andrew,Garza,agarza4k@prlog.org,China,Male,Yinkeng,Eimbee,35321.09,CNY
Kevin,Payne,kpayne4l@desdev.cn,China,Male,Wenwuba,Miboo,89312.03,CNY
Evelyn,Perry,eperry4m@webeden.co.uk,China,Female,Changtan,Kwinu,224.44,CNY
Brenda,Stevens,bstevens4n@tinypic.com,China,Female,Zhangbang,Yakitri,82737.89,CNY
Jimmy,Gonzalez,jgonzalez4o@businessweek.com,Indonesia,Male,Cisasak,Abata,33405.73,IDR
Bobby,Cunningham,bcunningham4p@upenn.edu,Thailand,Male,Chaiyo,Browseblab,66949.21,THB
Kevin,Peters,kpeters4q@desdev.cn,Colombia,Male,Campo de la Cruz,Devcast,52479.20,COP
Gloria,Austin,gaustin4r@desdev.cn,Sweden,Female,Örnsköldsvik,Oyope,18125.76,SEK
Beverly,Lane,blane4s@nhs.uk,China,Female,Renyi,Yamia,,CNY
Diana,Hamilton,dhamilton4t@taobao.com,Palestinian Territory,Female,Kufayrit,Twimm,34213.14,ILS
Benjamin,Allen,ballen4u@rambler.ru,Brazil,Male,Pacajus,Ooba,,BRL
Marilyn,Dean,mdean4v@ow.ly,Ireland,Female,Kiltamagh,Leexo,,EUR
Joyce,Parker,jparker4w@photobucket.com,Ukraine,Female,Kostyantynivka,Wordify,18511.50,UAH
Robin,Lopez,rlopez4x@icio.us,Russia,Female,Novoye Devyatkino,Devpoint,,RUB
Earl,Ruiz,eruiz4y@opera.com,Indonesia,Male,Detupia,Tagpad,68398.05,IDR
Willie,Ruiz,wruiz4z@dyndns.org,Poland,Male,Bojszowy Nowe,Thoughtbeat,71605.22,PLN
Kathleen,Hudson,khudson50@cbc.ca,China,Female,Jiaqu,Jazzy,21292.09,CNY
Barbara,Medina,bmedina51@statcounter.com,Finland,Female,Ylöjärvi,Meedoo,45568.87,EUR
Kimberly,Lewis,klewis52@psu.edu,Philippines,Female,Malasin,Topicstorm,89650.67,PHP
Jimmy,Ross,jross53@tinyurl.com,Georgia,Male,Surami,Browsetype,71615.40,GEL
Walter,Day,wday54@mozilla.org,China,Male,Fengjiang,Skimia,63098.15,CNY
Elizabeth,Griffin,egriffin55@sakura.ne.jp,Sweden,Female,Kungälv,Midel,26976.64,SEK
Craig,Rice,crice56@joomla.org,Mexico,Male,Francisco J Mujica,Zava,89940.37,MXN
Amanda,Watson,awatson57@yelp.com,China,Female,Fengqiao,Blogpad,42474.64,CNY
Steve,Arnold,sarnold58@com.com,Greece,Male,Kyprínos,Camido,,EUR
Phyllis,Shaw,pshaw59@google.cn,China,Female,Xiping,Flipstorm,97253.43,CNY
Sharon,Torres,storres5a@netscape.com,Russia,Female,Rassvet,Vinte,,RUB
Alice,Schmidt,aschmidt5b@fc2.com,Thailand,Female,Wan Yai,DabZ,22088.83,THB
William,Griffin,wgriffin5c@marriott.com,Russia,Male,Novyy,Topdrive,,RUB
Lisa,Stewart,lstewart5d@apple.com,Spain,Female,Santander,Twinte,2154.31,EUR
Pamela,Martin,pmartin5e@wikimedia.org,Ethiopia,Female,Dubti,Feednation,58010.03,ETB
Marie,Graham,mgraham5f@google.com,Indonesia,Female,Blang Dalam,Photobug,87938.09,IDR
Laura,Murray,lmurray5g@google.fr,China,Female,Lantang,Lazzy,34839.05,CNY
Raymond,Montgomery,rmontgomery5h@huffingtonpost.com,China,Male,Shuangmiao,Buzzster,78559.13,CNY
Paula,Ramos,pramos5i@rakuten.co.jp,Brazil,Female,Realeza,Dabjam,3153.16,BRL
David,Gray,dgray5j@prweb.com,Poland,Male,Szamotuły,Yata,88752.62,PLN
Sandra,Kennedy,skennedy5k@theguardian.com,Brazil,Female,Vilhena,Edgeify,73416.29,BRL
Maria,Ford,mford5l@telegraph.co.uk,Portugal,Female,Calçada,Wordpedia,49210.35,EUR
Jack,Parker,jparker5m@google.com.au,Tunisia,Male,Manzil Bū Zalafah,Skimia,45870.80,TND
Ruth,Reid,rreid5n@bloglovin.com,Colombia,Female,Cáchira,Livefish,2770.79,COP
Alan,Walker,awalker5o@twitter.com,Indonesia,Male,Ulee Gle,Yamia,34263.85,IDR
Virginia,Fuller,vfuller5p@msn.com,China,Female,Chaoyang,Jazzy,43080.18,CNY
Gary,Walker,gwalker5q@google.de,Palestinian Territory,Male,Kafr Thulth,Rhynoodle,77921.32,ILS
Jeremy,Franklin,jfranklin5r@github.com,Philippines,Male,Sibulan,Dynava,99766.66,PHP
Fred,Spencer,fspencer5s@ft.com,China,Male,Guixi,Fivespan,3678.72,CNY
Mark,Morris,mmorris5t@trellian.com,Palestinian Territory,Male,Zaytā Jammā‘īn,Gabvine,3340.55,ILS
Lillian,Garcia,lgarcia5u@fastcompany.com,Russia,Female,Otrado-Kubanskoye,Nlounge,21579.06,RUB
Gloria,Long,glong5v@woothemes.com,Russia,Female,Overyata,Trupe,44610.86,RUB
Linda,Berry,lberry5w@constantcontact.com,Philippines,Female,Sabang,Feedfire,,PHP
Albert,Greene,agreene5x@sohu.com,Philippines,Male,Lanipao,Janyx,73215.80,PHP
Sara,Reid,sreid5y@simplemachines.org,Brazil,Female,Paracambi,Feedspan,52490.01,BRL
Lawrence,Bailey,lbailey5z@spotify.com,Ukraine,Male,Pustomyty,Oyoloo,94142.60,UAH
Beverly,Austin,baustin60@tripod.com,French Polynesia,Female,Arue,Youbridge,57999.77,XPF
Carlos,Bell,cbell61@blogs.com,China,Male,Jiujianfang,Twiyo,38125.01,CNY
Adam,Reyes,areyes62@ebay.co.uk,China,Male,Caijiang,Oyoyo,,CNY
Ruby,Ramos,rramos63@mysql.com,France,Female,Marne-la-Vallée,Feedspan,90449.36,EUR
Jason,Little,jlittle64@statcounter.com,China,Male,Xipi,Quaxo,95299.20,CNY
Jimmy,Williams,jwilliams65@foxnews.com,South Africa,Male,Belfast,Yodoo,85785.39,ZAR
Frank,Mendoza,fmendoza66@woothemes.com,Ecuador,Male,Santo Domingo de los Colorados,Zooxo,59635.02,USD
Ruby,Davis,rdavis67@abc.net.au,China,Female,Gongping,Trudoo,78283.74,CNY
Kathy,Lee,klee68@mapy.cz,Armenia,Female,Voskehask,Realcube,81265.17,AMD
Jerry,Ward,jward69@51.la,Mexico,Male,San Miguel,Leexo,36407.31,MXN
Ann,Marshall,amarshall6a@1688.com,Philippines,Female,MacArthur,Nlounge,,PHP
Sharon,Lee,slee6b@apple.com,Philippines,Female,Guihulñgan,Skajo,29356.23,PHP
Carlos,Medina,cmedina6c@gnu.org,Indonesia,Male,Cinyasag,Youspan,184.93,IDR
Gary,Wright,gwright6d@bloomberg.com,Russia,Male,Almaznyy,Realblab,11473.94,RUB
Victor,Lynch,vlynch6e@dagondesign.com,Ivory Coast,Male,Anyama,Thoughtmix,83567.52,XOF
Pamela,Ramirez,pramirez6f@wikipedia.org,Indonesia,Female,Gambang,Jaxnation,99503.04,IDR
Joyce,Olson,jolson6g@cnbc.com,Poland,Female,Dębowa Łąka,Skipstorm,57567.66,PLN
Edward,Welch,ewelch6h@adobe.com,United States,Male,Bakersfield,Centidel,58820.85,USD
Deborah,Phillips,dphillips6i@cafepress.com,Brazil,Female,Santa Cruz do Rio Pardo,Realblab,4304.61,BRL
Anthony,Coleman,acoleman6j@moonfruit.com,China,Male,Hengshui,Leexo,50392.08,CNY
Jonathan,Crawford,jcrawford6k@slideshare.net,Indonesia,Male,Taman,Yata,58116.66,IDR
Doris,Johnston,djohnston6l@businessweek.com,Russia,Female,Moshkovo,Shufflebeat,80275.59,RUB
Tina,Baker,tbaker6m@auda.org.au,South Africa,Female,Mpumalanga,Plajo,,ZAR
Joshua,Ross,jross6n@sogou.com,United Kingdom,Male,Whitwell,Abata,77899.73,GBP
Catherine,Phillips,cphillips6o@who.int,Argentina,Female,Sunchales,Pixonyx,44049.38,ARS
Amy,Cruz,acruz6p@over-blog.com,Portugal,Female,Gondomar,DabZ,54476.80,EUR
Martha,Brown,mbrown6q@amazon.com,Japan,Female,Hōfu,Dynabox,,JPY
John,Rogers,jrogers6r@vimeo.com,Indonesia,Male,Cimaragas,Twimbo,34394.04,IDR
Diane,Robinson,drobinson6s@tripod.com,Chile,Female,Arauco,Katz,33767.47,CLP
Kathleen,Ray,kray6t@baidu.com,Palestinian Territory,Female,Burqah,Dabjam,37201.10,ILS
Joe,Wheeler,jwheeler6u@toplist.cz,Russia,Male,Uchaly,Meejo,29923.76,RUB
Janet,Stanley,jstanley6v@usnews.com,China,Female,Qinghua,Quatz,94135.35,CNY
Brandon,Alvarez,balvarez6w@uol.com.br,Tanzania,Male,Uwelini,Wordtune,,TZS
Carol,West,cwest6x@utexas.edu,Brazil,Female,Mendes,Dynava,74560.37,BRL
Theresa,Gray,tgray6y@amazon.co.uk,China,Female,Baisha,Skyble,7866.28,CNY
Ruby,Sanders,rsanders6z@guardian.co.uk,France,Female,Montreuil,Demimbu,54516.60,EUR
Louis,Austin,laustin70@ucla.edu,Czech Republic,Male,Heřmanův Městec,Oozz,34487.19,CZK
Marilyn,Stewart,mstewart71@sbwire.com,China,Female,Taiping,Fivechat,65594.38,CNY
Jack,Martinez,jmartinez72@github.com,Finland,Male,Rautalampi,Mycat,59825.73,EUR
Dorothy,Grant,dgrant73@guardian.co.uk,Philippines,Female,Lagasit,Mita,61597.54,PHP
Anne,Hunt,ahunt74@jugem.jp,China,Female,Dong’an,Centimia,6936.11,CNY
Dennis,Ramos,dramos75@weebly.com,China,Male,Cheqiao,Quimm,39216.30,CNY
David,Morgan,dmorgan76@shareasale.com,Indonesia,Male,Pagak,Skippad,59602.58,IDR
Clarence,Rogers,crogers77@usda.gov,Russia,Male,Solomenskoye,Zoonder,,RUB
Gerald,Hawkins,ghawkins78@globo.com,Brazil,Male,Barra do Bugres,Eadel,32199.78,BRL
Christina,Medina,cmedina79@google.pl,China,Female,Jieshui,Eidel,57357.41,CNY
Carl,Garrett,cgarrett7a@washingtonpost.com,Portugal,Male,Casal Velho,Yombu,43622.48,EUR
Jeffrey,Marshall,jmarshall7b@wp.com,Netherlands,Male,Zeist,Fivebridge,11300.51,EUR
Ronald,Webb,rwebb7c@usgs.gov,China,Male,Chengnan,Jetpulse,,CNY
Anne,Hayes,ahayes7d@utexas.edu,Ukraine,Female,Kopayhorod,Trunyx,,UAH
Jerry,Hernandez,jhernandez7e@shutterfly.com,Niger,Male,Madaoua,Dabvine,,XOF
Heather,Collins,hcollins7f@yandex.ru,Portugal,Female,Bairro Assunção Piedade,Rhynoodle,38083.82,EUR
Ruby,Hudson,rhudson7g@nih.gov,Mexico,Female,Antonio Toledo Corro,Yodoo,88316.71,MXN
Patricia,Kim,pkim7h@icio.us,Brazil,Female,Campo Mourão,Skivee,56364.32,BRL
Earl,Grant,egrant7i@symantec.com,Colombia,Male,Purificación,Eadel,36040.44,COP
Kathryn,Phillips,kphillips7j@webs.com,Switzerland,Female,Zürich,Linkbuzz,12201.42,CHF
Roy,Edwards,redwards7k@desdev.cn,China,Male,Luyang,Yacero,30961.12,CNY
Benjamin,Campbell,bcampbell7l@sfgate.com,China,Male,Baishui,Roomm,18546.55,CNY
Janet,Rogers,jrogers7m@mapquest.com,China,Female,Mayingzhuang,Browsecat,12106.63,CNY
Donald,Vasquez,dvasquez7n@wired.com,Indonesia,Male,Cibeureum Satu,Skipstorm,15162.95,IDR
Catherine,Cunningham,ccunningham7o@i2i.jp,Netherlands,Female,Arnhem,Kanoodle,17263.84,EUR
Irene,Burke,iburke7p@reference.com,Bolivia,Female,La Bélgica,Voonyx,48099.46,BOB
Jerry,Cox,jcox7q@wikipedia.org,Kenya,Male,Isiolo,Trunyx,35604.77,KES
Amy,Gutierrez,agutierrez7r@state.gov,Brazil,Female,Lavras da Mangabeira,Plajo,,BRL
Barbara,Snyder,bsnyder7s@jalbum.net,Colombia,Female,Valledupar,Realcube,63287.07,COP
Matthew,Fox,mfox7t@nih.gov,China,Male,Guihuaquan,Dynabox,43612.95,CNY
Johnny,Fuller,jfuller7u@goo.gl,Indonesia,Male,Pekuncen,Gabtune,44150.70,IDR
Brian,Jacobs,bjacobs7v@guardian.co.uk,Nicaragua,Male,Valle San Francisco,Janyx,53482.31,NIO
Willie,Russell,wrussell7w@boston.com,Indonesia,Male,Sritanjung,Livetube,,IDR
Larry,Pierce,lpierce7x@ed.gov,Poland,Male,Borkowice,Avaveo,11604.04,PLN
Benjamin,Crawford,bcrawford7y@xrea.com,Indonesia,Male,Sangatta,Ailane,22990.76,IDR
Dennis,Butler,dbutler7z@msu.edu,Haiti,Male,Carrefour,Devcast,61318.94,HTG
Ruth,Barnes,rbarnes80@theglobeandmail.com,Canada,Female,Coaldale,Linktype,93146.79,CAD
Lois,Greene,lgreene81@noaa.gov,Philippines,Female,Amucao,Gabtype,47408.20,PHP
Douglas,Stephens,dstephens82@bbb.org,Japan,Male,Yono,Roomm,29105.13,JPY
Michelle,Clark,mclark83@cnn.com,Philippines,Female,Wao,Cogidoo,64777.65,PHP
Eugene,Holmes,eholmes84@un.org,China,Male,Changfeng,Quatz,80491.05,CNY
Irene,Burns,iburns85@ask.com,Mexico,Female,El Calvario,Gigazoom,78713.27,MXN
Carol,Murray,cmurray86@addtoany.com,Iran,Female,Tajrīsh,Blogtag,8096.47,IRR
Johnny,Dunn,jdunn87@vkontakte.ru,Peru,Male,Motupe,Meejo,73329.62,PEN
Samuel,Richards,srichards88@japanpost.jp,Ethiopia,Male,Inda Silasē,Dabtype,61054.46,ETB
Margaret,Gardner,mgardner89@zdnet.com,China,Female,Maqian,Podcat,74809.29,CNY
Robin,Perez,rperez8a@clickbank.net,Brazil,Female,Campos,Einti,73211.41,BRL
Michael,Wood,mwood8b@freewebs.com,Poland,Male,Fordon,Dablist,31224.94,PLN
Ronald,Carter,rcarter8c@vk.com,France,Male,Montpellier,Yakidoo,40652.77,EUR
Annie,Fernandez,afernandez8d@moonfruit.com,Portugal,Female,Samouco,Brainbox,65824.37,EUR
Mary,Reid,mreid8e@wordpress.com,Indonesia,Female,Karanggeneng,Zoombox,57440.50,IDR
Robin,Chavez,rchavez8f@fotki.com,Bangladesh,Female,Tungipāra,Zoonder,49996.55,BDT
Randy,Morris,rmorris8g@sciencedirect.com,Indonesia,Male,Lunyuk Ode,Topiclounge,97653.56,IDR
Kathleen,Lawrence,klawrence8h@dailymail.co.uk,United States,Female,Sacramento,Skimia,36931.44,USD
Maria,Mills,mmills8i@sitemeter.com,Honduras,Female,La Estancia,Voonder,90084.03,HNL
Kimberly,Myers,kmyers8j@princeton.edu,Russia,Female,Aykhal,Twinder,2904.95,RUB
Annie,Robinson,arobinson8k@weibo.com,China,Female,Chahe,Yakijo,16051.01,CNY
Sara,Lee,slee8l@senate.gov,France,Female,Saint-Étienne,Meemm,34250.35,EUR
Jimmy,Evans,jevans8m@163.com,Albania,Male,Strum,Zoomzone,67500.19,ALL
Amy,Meyer,ameyer8n@phoca.cz,Thailand,Female,Lam Sonthi,Twiyo,,THB
Charles,Elliott,celliott8o@creativecommons.org,China,Male,Zhuangshi,Tambee,30678.48,CNY
Amanda,Ortiz,aortiz8p@drupal.org,Greece,Female,Áno Kalentíni,Skinix,,EUR
Robert,Foster,rfoster8q@bloglines.com,Russia,Male,Kaduy,Yodel,80513.47,RUB
Diana,Grant,dgrant8r@ucsd.edu,Poland,Female,Milicz,Centizu,89053.83,PLN
Evelyn,Price,eprice8s@hubpages.com,Indonesia,Female,Maunggora,Pixoboo,,IDR
Rose,Harper,rharper8t@loc.gov,Indonesia,Female,Lantera,Twitterworks,45252.70,IDR
Earl,Webb,ewebb8u@eventbrite.com,Canada,Male,Princeville,Edgeclub,4441.72,CAD
Timothy,Lewis,tlewis8v@google.es,Latvia,Male,Riebiņi,Thoughtsphere,,EUR
Steven,Riley,sriley8w@tinyurl.com,Brazil,Male,Gameleira,Bubbletube,85163.77,BRL
Joe,Franklin,jfranklin8x@trellian.com,Russia,Male,Krasnotur’insk,Twinte,35028.97,RUB
Dorothy,Richards,drichards8y@biblegateway.com,Sweden,Female,Stockholm,Twitterbeat,64080.80,SEK
Scott,Matthews,smatthews8z@unicef.org,Bolivia,Male,Cliza,Voonyx,6486.37,BOB
Sean,Carroll,scarroll90@e-recht24.de,Vietnam,Male,Sơn Tịnh,Skidoo,53065.88,VND
Emily,Gardner,egardner91@phpbb.com,Palestinian Territory,Female,Al Buq‘ah,Voonyx,16517.36,ILS
Sandra,Ward,sward92@odnoklassniki.ru,Ukraine,Female,Velykyi Bereznyi,Kimia,55797.12,UAH
Sandra,Ramirez,sramirez93@mozilla.com,Peru,Female,Canta,Yambee,9127.53,PEN
Katherine,Duncan,kduncan94@timesonline.co.uk,Brazil,Female,Sirinhaém,Skyndu,86486.39,BRL
Janet,Coleman,jcoleman95@taobao.com,Paraguay,Female,Tobatí,Flashpoint,27348.39,PYG
Louis,Rose,lrose96@yahoo.com,Canada,Male,Saguenay,Camimbo,52378.08,CAD
Ryan,Meyer,rmeyer97@slashdot.org,Mexico,Male,Vista Hermosa,Chatterpoint,88556.41,MXN
George,Perry,gperry98@adobe.com,Mexico,Male,Las Americas,Tazzy,95118.62,MXN
Denise,Richardson,drichardson99@sakura.ne.jp,United States,Female,Seattle,Eayo,,USD
Anthony,Romero,aromero9a@youku.com,France,Male,Gif-sur-Yvette,Zava,11878.17,EUR
Angela,Ferguson,aferguson9b@google.pl,Philippines,Female,Bauang,Bubblemix,19784.86,PHP
Tina,Cox,tcox9c@umich.edu,Indonesia,Female,Fatubia,Bluejam,8546.13,IDR
Kevin,Hernandez,khernandez9d@sbwire.com,Brazil,Male,Ipameri,Jetpulse,,BRL
Barbara,Burton,bburton9e@elpais.com,Portugal,Female,Serzedelo,Gigazoom,94259.79,EUR
Doris,King,dking9f@pbs.org,Nepal,Female,Bhadrapur,Divavu,3850.63,NPR
Joyce,Gardner,jgardner9g@zdnet.com,Indonesia,Female,Wlingi,Demizz,84464.54,IDR
George,Perkins,gperkins9h@sciencedirect.com,United States,Male,Naples,Twitterbeat,7101.69,USD
Patricia,Greene,pgreene9i@so-net.ne.jp,Philippines,Female,Nagbukel,Wikizz,95650.36,PHP
Sandra,Cruz,scruz9j@fastcompany.com,Portugal,Female,Armação de Pêra,Brainbox,65150.64,EUR
Jesse,Rogers,jrogers9k@bloglines.com,Russia,Male,Bokhan,Quaxo,69893.29,RUB
Jeffrey,Banks,jbanks9l@hibu.com,France,Male,Amboise,Rooxo,47286.69,EUR
Sara,Flores,sflores9m@answers.com,Russia,Female,Petro-Slavyanka,Voomm,,RUB
Edward,Hunt,ehunt9n@booking.com,Colombia,Male,Palestina,Blognation,74356.32,COP
Harold,Spencer,hspencer9o@usnews.com,Peru,Male,Puerto Rico,Wikibox,87721.80,PEN
Robin,Morgan,rmorgan9p@europa.eu,Ukraine,Female,Lyubar,Skiba,91706.33,UAH
Eugene,Carroll,ecarroll9q@indiegogo.com,Mexico,Male,San Pedro,Brainverse,13100.64,MXN
Sean,Johnston,sjohnston9r@yelp.com,Brazil,Male,Jaguaribe,Jetpulse,,BRL
Sean,Lawrence,slawrence9s@over-blog.com,Netherlands,Male,Rotterdam postbusnummers,Meevee,50550.37,EUR
Frank,Lewis,flewis9t@skyrock.com,Indonesia,Male,Bentar,Vinder,,IDR
Anna,Perry,aperry9u@posterous.com,Indonesia,Female,Puncakwangi,Oodoo,70474.68,IDR
Chris,Howell,chowell9v@istockphoto.com,China,Male,Zhoushizhuang,Abatz,43376.27,CNY
Nicole,Bowman,nbowman9w@1688.com,France,Female,Saint-Quentin-en-Yvelines,Gabtype,13358.67,EUR
Martha,Reed,mreed9x@g.co,Poland,Female,Jakubów,Livetube,70956.56,PLN
Philip,Bishop,pbishop9y@tamu.edu,Philippines,Male,Pulong Gubat,Topicshots,80835.87,PHP
Paul,Stephens,pstephens9z@deliciousdays.com,Poland,Male,Borzęta,Shufflebeat,29152.50,PLN
Ernest,Allen,eallena0@goodreads.com,Portugal,Male,Cortezia,Gabspot,69658.94,EUR
Matthew,Hill,mhilla1@amazon.com,Brazil,Male,Cascavel,Realblab,,BRL
Jesse,Garrett,jgarretta2@oaic.gov.au,France,Male,Chalon-sur-Saône,Babbleopia,85782.48,EUR
Arthur,Spencer,aspencera3@auda.org.au,Indonesia,Male,Pasuruan,Oozz,38436.64,IDR
Sandra,Jordan,sjordana4@imdb.com,Uganda,Female,Hoima,Dazzlesphere,28241.80,UGX
Kimberly,Henry,khenrya5@xing.com,China,Female,Tanshi,Gabspot,832.69,CNY
Tammy,Johnston,tjohnstona6@soup.io,China,Female,Tongzhong,Thoughtworks,20252.30,CNY
Sean,Jackson,sjacksona7@dion.ne.jp,Panama,Male,Alto de la Estancia,Dabvine,63983.97,PAB
Emily,Ramirez,eramireza8@wikispaces.com,Portugal,Female,Vessada,Browsebug,90366.59,EUR
Paula,Sullivan,psullivana9@oaic.gov.au,Argentina,Female,Villa Mercedes,Yadel,91985.84,ARS
Carl,George,cgeorgeaa@oracle.com,Portugal,Male,Ladoeiro,Skiptube,,EUR
George,Austin,gaustinab@webmd.com,South Africa,Male,Libode,Skyble,2441.35,ZAR
Amy,Phillips,aphillipsac@tiny.cc,China,Female,Huimin,Skimia,43526.62,CNY
Christina,Sanchez,csanchezad@vistaprint.com,United States,Female,Buffalo,Skyble,64698.04,USD
Jonathan,Kennedy,jkennedyae@constantcontact.com,China,Male,Banyue,Quire,39557.97,CNY
Gloria,Myers,gmyersaf@over-blog.com,Thailand,Female,Laem Sing,Realbuzz,43246.60,THB
Angela,Green,agreenag@hao123.com,Russia,Female,Zavolzh’ye,Yozio,60631.32,RUB
Heather,Dunn,hdunnah@noaa.gov,China,Female,Sanhe,Oyoyo,60326.06,CNY
Karen,Moreno,kmorenoai@irs.gov,Ukraine,Female,Rubizhne,Meetz,43856.17,UAH
Anne,Wright,awrightaj@adobe.com,Philippines,Female,Kiangan,Mycat,3775.86,PHP
Debra,Torres,dtorresak@salon.com,China,Female,Yuanhou,Dynabox,79924.83,CNY
John,Shaw,jshawal@dedecms.com,Portugal,Male,Mosteiró,Jabberbean,24800.18,EUR
Jessica,Russell,jrussellam@constantcontact.com,Philippines,Female,Dayapan,Quinu,62167.38,PHP
Jeremy,Miller,jmilleran@home.pl,Russia,Male,Makarov,Eazzy,13075.57,RUB
Bruce,Frazier,bfrazierao@typepad.com,China,Male,Jiangkou,Jayo,35704.58,CNY
Ruth,Miller,rmillerap@wiley.com,Malaysia,Female,Putrajaya,Brainverse,31362.22,MYR
Sara,Hunter,shunteraq@noaa.gov,Indonesia,Female,Angkup,Realcube,74026.49,IDR
Mark,Johnson,mjohnsonar@weather.com,Poland,Male,Janowice,Camido,12133.78,PLN
Jose,Perry,jperryas@jigsy.com,China,Male,Tangchi,Photospace,82718.90,CNY
Billy,Cox,bcoxat@samsung.com,Kazakhstan,Male,Shalkar,Twimm,71732.60,KZT
Rachel,Diaz,rdiazau@gov.uk,United States,Female,Winter Haven,Jabbercube,31150.25,USD
Juan,Morrison,jmorrisonav@gravatar.com,Mexico,Male,San Isidro,Skimia,58585.55,MXN
Sandra,Sullivan,ssullivanaw@naver.com,Estonia,Female,Kiili,Skalith,22576.75,EUR
Gregory,Armstrong,garmstrongax@hhs.gov,Poland,Male,Jawor,Avavee,96304.67,PLN
Barbara,Barnes,bbarnesay@sphinn.com,Argentina,Female,Saladas,Livepath,95865.01,ARS
Ashley,Murphy,amurphyaz@ft.com,China,Female,Jiangti,Dynava,,CNY
Heather,Ferguson,hfergusonb0@dion.ne.jp,Yemen,Female,Al Qanāwiş,Gigazoom,20085.18,YER
Helen,Powell,hpowellb1@unc.edu,Indonesia,Female,Aibura,Brainverse,,IDR
Sarah,Olson,solsonb2@tamu.edu,United States,Female,Los Angeles,Livetube,7213.53,USD
Steve,Alexander,salexanderb3@myspace.com,Honduras,Male,Yaruchel,Oyoba,78779.98,HNL
William,Kelly,wkellyb4@uiuc.edu,United States,Male,El Paso,Agivu,68828.64,USD
Karen,Butler,kbutlerb5@tinypic.com,Croatia,Female,Peteranec,Kazio,53851.17,HRK
Lawrence,Gilbert,lgilbertb6@independent.co.uk,South Africa,Male,Whittlesea,Fanoodle,49984.63,ZAR
Jeffrey,James,jjamesb7@pcworld.com,Colombia,Male,Aracataca,Tanoodle,38724.44,COP
Deborah,Howell,dhowellb8@vistaprint.com,South Africa,Female,Kriel,Divavu,,ZAR
Shirley,Sanchez,ssanchezb9@friendfeed.com,Ukraine,Female,Zolochiv,Meezzy,39642.05,UAH
Ruth,Watkins,rwatkinsba@angelfire.com,Cuba,Female,San Miguel del Padrón,Ozu,81691.58,CUP
Ruby,Stewart,rstewartbb@g.co,Bangladesh,Female,Jessore,Feedbug,28405.54,BDT
Janice,Hall,jhallbc@webeden.co.uk,Brazil,Female,Tarauacá,Dablist,73977.47,BRL
Teresa,Burns,tburnsbd@i2i.jp,Greece,Female,Alexandroúpoli,Skivee,43672.18,EUR
Catherine,Reynolds,creynoldsbe@npr.org,Afghanistan,Female,Sangar Sarāy,Feedfish,,AFN
Judy,Jackson,jjacksonbf@odnoklassniki.ru,Ethiopia,Female,Bahir Dar,Kayveo,54963.99,ETB
Joyce,Tucker,jtuckerbg@biblegateway.com,Indonesia,Female,Panghadangan,Muxo,40612.05,IDR
Joyce,Reed,jreedbh@google.co.uk,Indonesia,Female,Cibatuireng,Kwideo,20659.34,IDR
Antonio,Wells,awellsbi@yolasite.com,Croatia,Male,Gračec,Rhybox,15332.75,HRK
Andrea,Lawson,alawsonbj@nifty.com,China,Female,Tianya,Gigazoom,58018.69,CNY
Fred,Reid,freidbk@google.co.jp,Chile,Male,Viña del Mar,Reallinks,81000.51,CLP
Mildred,Kennedy,mkennedybl@yahoo.co.jp,Indonesia,Female,Cikalaces,Skaboo,27865.31,IDR
Andrea,Holmes,aholmesbm@1688.com,Indonesia,Female,Bangbayang,Mycat,13338.70,IDR
Jeremy,Mitchell,jmitchellbn@apple.com,China,Male,Songhu,Youfeed,79298.53,CNY
Clarence,Phillips,cphillipsbo@earthlink.net,China,Male,Liping,Geba,10759.46,CNY
Evelyn,Kim,ekimbp@phoca.cz,Sudan,Female,Kassala,Jabbertype,58532.37,SDG
Betty,Hall,bhallbq@ed.gov,China,Female,Yushu,Jaxspan,13056.66,CNY
Juan,Jacobs,jjacobsbr@a8.net,Brazil,Male,Matriz de Camaragibe,Skivee,55214.04,BRL
Gary,Mccoy,gmccoybs@tiny.cc,Micronesia,Male,Faraulep,Zooveo,50730.24,USD
Annie,Chavez,achavezbt@cyberchimps.com,Sweden,Female,Rättvik,Plambee,92735.66,SEK
Craig,Andrews,candrewsbu@dmoz.org,Sweden,Male,Färjestaden,Skidoo,70844.37,SEK
Carl,Harris,charrisbv@dot.gov,Kenya,Male,Kakamega,Zoombox,44607.81,KES
Richard,Jones,rjonesbw@123-reg.co.uk,Philippines,Male,Alimono,Quire,34045.72,PHP
Anna,Gonzales,agonzalesbx@mit.edu,Nepal,Female,Dipayal,Brightbean,58022.91,NPR
Howard,Oliver,holiverby@tripod.com,China,Male,Jinlong,Fivebridge,17379.32,CNY
Donna,Hart,dhartbz@tinypic.com,Nigeria,Female,Pindiga,Skinix,56504.76,NGN
Keith,Stephens,kstephensc0@engadget.com,Ukraine,Male,Bilozerka,Livetube,36775.54,UAH
Wayne,Kelley,wkelleyc1@admin.ch,Philippines,Male,Siruma,Vinte,94112.31,PHP
Randy,Boyd,rboydc2@mediafire.com,Indonesia,Male,Gawanan,Devbug,24052.12,IDR
Victor,Wood,vwoodc3@google.com,Indonesia,Male,Nunutba,Gigabox,,IDR
Deborah,Hunt,dhuntc4@blogtalkradio.com,Indonesia,Female,Pergan,Trunyx,7258.94,IDR
Louis,Flores,lfloresc5@ebay.com,China,Male,Dongfeng,Oyoba,,CNY
Dennis,Franklin,dfranklinc6@chicagotribune.com,Poland,Male,Koźle,Yodel,7607.67,PLN
Stephanie,Graham,sgrahamc7@linkedin.com,China,Female,Huitang,Skilith,33731.28,CNY
Brandon,Vasquez,bvasquezc8@smugmug.com,China,Male,Youyang,Avavee,53104.91,CNY
Eugene,Pierce,epiercec9@g.co,Russia,Male,Kabakovo,Eimbee,30695.71,RUB
Theresa,Evans,tevansca@goo.ne.jp,China,Female,Xugu,Jabbersphere,72532.72,CNY
Judy,Mason,jmasoncb@flavors.me,Serbia,Female,Bačka Palanka,Quatz,32014.03,RSD
Diane,Simpson,dsimpsoncc@newyorker.com,Poland,Female,Zagórze,Buzzshare,,PLN
Steven,Daniels,sdanielscd@noaa.gov,France,Male,Amiens,Trilith,2528.79,EUR
Rebecca,Gordon,rgordonce@un.org,China,Female,Guiyang,Shufflebeat,66013.57,CNY
Russell,Castillo,rcastillocf@slate.com,Greece,Male,Tríkala,Twitterworks,12288.86,EUR
Fred,Sanchez,fsanchezcg@people.com.cn,Pakistan,Male,Naudero,Browsezoom,61689.39,PKR
Adam,Welch,awelchch@xrea.com,Russia,Male,Otradnaya,Skilith,37930.71,RUB
Robin,Owens,rowensci@cbc.ca,Malaysia,Female,Kota Bharu,Twitterwire,88776.26,MYR
Donald,Armstrong,darmstrongcj@bbc.co.uk,Kuwait,Male,Ar Riqqah,Vitz,14055.87,KWD
Joyce,Castillo,jcastillock@163.com,Yemen,Female,Al Mukallā,Nlounge,,YER
Donna,Reyes,dreyescl@canalblog.com,China,Female,Dongfu,Voonte,40355.33,CNY
Andrew,Moreno,amorenocm@arstechnica.com,Egypt,Male,Alexandria,Zoomdog,27253.37,EGP
Ronald,Thompson,rthompsoncn@technorati.com,Uzbekistan,Male,Quva,Skyba,63291.31,UZS
Ernest,Austin,eaustinco@cbsnews.com,China,Male,Shitun,Rhynoodle,,CNY
Lawrence,Marshall,lmarshallcp@imgur.com,China,Male,Xuanhuadian,Browsecat,58641.65,CNY
Jeffrey,Hunter,jhuntercq@jimdo.com,Laos,Male,Ban Houayxay,Blogpad,79992.27,LAK
William,Bryant,wbryantcr@topsy.com,South Korea,Male,Hanam,Yozio,91519.63,KRW
Jacqueline,Mccoy,jmccoycs@tuttocitta.it,Tunisia,Female,Douane,Flashdog,29003.03,TND
Terry,Ortiz,tortizct@japanpost.jp,China,Male,Duantan,Devify,60568.38,CNY
Robert,Payne,rpaynecu@house.gov,China,Male,Yunlu,Yata,,CNY
Beverly,Olson,bolsoncv@bloomberg.com,United States,Female,Houston,Mymm,30357.21,USD
James,Hawkins,jhawkinscw@google.de,Serbia,Male,Novi Slankamen,Brainbox,57904.86,RSD
Victor,Mendoza,vmendozacx@fda.gov,Czech Republic,Male,Velká Bíteš,Jabbersphere,56450.67,CZK
James,Rodriguez,jrodriguezcy@diigo.com,China,Male,Miaotang,Fivechat,54094.09,CNY
Louis,Cole,lcolecz@shinystat.com,Greece,Male,Níkaia,Fatz,,EUR
Rebecca,Rose,rrosed0@sciencedaily.com,Brazil,Female,São Caetano do Sul,Aibox,66639.85,BRL
Jane,Hudson,jhudsond1@hubpages.com,Kyrgyzstan,Female,Sulyukta,LiveZ,,KGS
Brian,Rodriguez,brodriguezd2@skyrock.com,Russia,Male,Zykovo,Wikido,89847.28,RUB
Louise,Kelley,lkelleyd3@nhs.uk,China,Female,Dapeng,Abata,18005.55,CNY
John,Burton,jburtond4@cafepress.com,China,Male,Fengchuan,Linktype,43978.78,CNY
Jean,Walker,jwalkerd5@auda.org.au,New Zealand,Female,Wellington,Izio,73153.80,NZD
Brian,Olson,bolsond6@eventbrite.com,Japan,Male,Miyoshi,Voolith,58900.51,JPY
Patrick,Perkins,pperkinsd7@freewebs.com,South Korea,Male,Enjitsu,Ntag,39411.57,KRW
Alice,Washington,awashingtond8@twitter.com,Kazakhstan,Female,Georgīevka,Riffpedia,92660.97,KZT
Albert,Bell,abelld9@uiuc.edu,Peru,Male,Viraco,Brainlounge,,PEN
Lisa,Watson,lwatsonda@qq.com,Tokelau,Female,Fale old settlement,Linklinks,22064.61,NZD
Clarence,Ray,craydb@harvard.edu,China,Male,Yantang,Kaymbo,,CNY
Virginia,Austin,vaustindc@salon.com,Czech Republic,Female,Blažovice,Mynte,50788.29,CZK
Catherine,Alexander,calexanderdd@nydailynews.com,Portugal,Female,Reguengos de Monsaraz,Twitterbridge,,EUR
Diane,Taylor,dtaylorde@linkedin.com,China,Female,Dasongshu,Midel,74756.06,CNY
Kathleen,Palmer,kpalmerdf@a8.net,United Kingdom,Female,Sutton,Mynte,5334.12,GBP
Rachel,Daniels,rdanielsdg@qq.com,Indonesia,Female,Bangelan,Photospace,61067.89,IDR
Harold,Henry,hhenrydh@china.com.cn,Afghanistan,Male,Qal‘ah-ye Kuhnah,Oyondu,27592.68,AFN
Teresa,Sanchez,tsanchezdi@mit.edu,Nigeria,Female,Nafada,Edgewire,14724.13,NGN
Jonathan,Fox,jfoxdj@stanford.edu,Indonesia,Male,Reuleuet,Mymm,1246.25,IDR
Bobby,Moreno,bmorenodk@weibo.com,China,Male,Yuyue,Plambee,26099.45,CNY
Mark,Carr,mcarrdl@constantcontact.com,Poland,Male,Konary,Skalith,,PLN
Joseph,Wallace,jwallacedm@bing.com,China,Male,Tianhe,Centimia,50142.49,CNY
Mary,Elliott,melliottdn@yandex.ru,Uruguay,Female,Dolores,Photobug,31376.22,UYU
Alice,Vasquez,avasquezdo@comsenz.com,China,Female,Hengzhou,Oyondu,70561.68,CNY
William,Castillo,wcastillodp@hugedomains.com,Nigeria,Male,Port Harcourt,Zoomdog,93519.60,NGN
Dennis,Tucker,dtuckerdq@ca.gov,Tunisia,Male,Banī Ḩassān,Thoughtmix,59330.72,TND
Amanda,Brooks,abrooksdr@mozilla.com,Canada,Female,Port Moody,Talane,1394.39,CAD
Lois,Lawrence,llawrenceds@dedecms.com,Peru,Female,La Esperanza,Avavee,,PEN
Doris,Kelly,dkellydt@sciencedaily.com,China,Female,Xiangrong,Leenti,47011.58,CNY
Gerald,Bradley,gbradleydu@google.ca,Poland,Male,Księżpol,Demimbu,19309.71,PLN
Rebecca,Thomas,rthomasdv@baidu.com,Russia,Female,Novyye Gorki,Quimm,96768.58,RUB
Marie,Fowler,mfowlerdw@about.me,China,Female,Jihui,Quatz,25734.94,CNY
Bobby,Moore,bmooredx@youtu.be,Poland,Male,Bejsce,Browsebug,,PLN
Helen,Arnold,harnolddy@berkeley.edu,Philippines,Female,Santa Monica,Skiptube,15920.50,PHP
Karen,Price,kpricedz@lulu.com,Bulgaria,Female,Karnobat,Meetz,70904.02,BGN
Amy,Garcia,agarciae0@paginegialle.it,Micronesia,Female,Pisaras,Rhyzio,78001.29,USD
Sara,Bradley,sbradleye1@discovery.com,Palestinian Territory,Female,Rammūn,Quatz,86117.53,ILS
Theresa,Bryant,tbryante2@printfriendly.com,Bosnia and Herzegovina,Female,Ključ,Twimm,77109.35,BAM
Scott,Daniels,sdanielse3@baidu.com,Japan,Male,Fukayachō,Yakidoo,34413.57,JPY
Anthony,Martinez,amartineze4@phpbb.com,Brazil,Male,Colinas,Zooveo,96039.13,BRL
Matthew,Rivera,mriverae5@cpanel.net,Indonesia,Male,Baru,Linklinks,68031.47,IDR
Louis,King,lkinge6@symantec.com,Guinea-Bissau,Male,Bissorã,Oodoo,39189.64,XOF
Anthony,Murray,amurraye7@de.vu,Brazil,Male,Ribeirão Preto,Vidoo,,BRL
Sharon,Warren,swarrene8@amazon.co.jp,Indonesia,Female,Gerdu,Yakidoo,,IDR
Deborah,Harvey,dharveye9@miibeian.gov.cn,France,Female,Dijon,Mymm,92529.76,EUR
Donna,Harvey,dharveyea@ustream.tv,China,Female,Minle,Tagtune,97485.62,CNY
Mildred,Holmes,mholmeseb@github.com,Argentina,Female,Capayán,Yacero,52054.01,ARS
Sandra,Woods,swoodsec@utexas.edu,Greece,Female,Évlalo,Roodel,72763.53,EUR
Kevin,Snyder,ksnydered@newsvine.com,Micronesia,Male,Ruo,Skyndu,24250.93,USD
Maria,Olson,molsonee@gnu.org,Brazil,Female,Nova Petrópolis,Eire,87331.32,BRL
Theresa,Peters,tpetersef@phoca.cz,Canada,Female,Angus,Voomm,,CAD
Jose,Jordan,jjordaneg@fotki.com,Indonesia,Male,Citeureup,Mynte,54438.75,IDR
Stephen,Hill,shilleh@hubpages.com,Brazil,Male,Boa Vista,Blogpad,60427.20,BRL
Phillip,Mccoy,pmccoyei@ibm.com,Japan,Male,Minakuchi,Skinder,42488.64,JPY
Scott,Thompson,sthompsonej@wufoo.com,United States,Male,Winston Salem,Zazio,16545.28,USD
Jane,Williams,jwilliamsek@icio.us,China,Female,Zuhu,Zoonder,97705.99,CNY
Steven,Robertson,srobertsonel@msu.edu,France,Male,Bordeaux,InnoZ,3620.33,EUR
Christopher,Carroll,ccarrollem@va.gov,China,Male,Yudai,Voomm,33714.99,CNY
Shawn,Cole,scoleen@cyberchimps.com,China,Male,Xiejiaya,Centizu,30592.28,CNY
Craig,Rice,criceeo@weather.com,Cyprus,Male,Perivólia,Livepath,87136.17,EUR
Anthony,Cole,acoleep@jugem.jp,Argentina,Male,Nueve de Julio,Cogibox,49032.97,ARS
Susan,Holmes,sholmeseq@themeforest.net,Czech Republic,Female,Lelekovice,Edgewire,25327.39,CZK
Ashley,Baker,abakerer@rediff.com,Indonesia,Female,Kiarajangkung,Edgetag,22213.74,IDR
Julia,Murray,jmurrayes@github.io,China,Female,Hongjiazui,Gigaclub,68452.19,CNY
Judy,Morrison,jmorrisonet@cnn.com,Morocco,Female,Tazouta,Kwimbee,23788.71,MAD
Diane,Boyd,dboydeu@deliciousdays.com,France,Female,Paris 02,Photospace,6468.26,EUR
Howard,Edwards,hedwardsev@upenn.edu,Indonesia,Male,Banjarwaru,Devpulse,51730.32,IDR
Kenneth,Matthews,kmatthewsew@boston.com,China,Male,Jingmen,Riffwire,91689.96,CNY
Julia,Hall,jhallex@nhs.uk,China,Female,Huangtian,Meeveo,34865.46,CNY
Brandon,Snyder,bsnyderey@amazonaws.com,China,Male,Ningtang,Photobug,24495.51,CNY
Donna,Young,dyoungez@cyberchimps.com,Indonesia,Female,Teluk Pinang,Fivechat,99870.27,IDR
Jean,Sims,jsimsf0@t-online.de,Russia,Female,Novyy,Twiyo,98385.22,RUB
Lawrence,Peters,lpetersf1@twitter.com,Portugal,Male,Praia da Tocha,Flipstorm,18181.64,EUR
Justin,Perry,jperryf2@illinois.edu,Russia,Male,Kolyubakino,Cogidoo,54426.49,RUB
Eugene,Mccoy,emccoyf3@comcast.net,China,Male,Xiabuji,Bubblebox,25836.39,CNY
Louise,Cole,lcolef4@aboutads.info,Croatia,Female,Bestovje,Eadel,,HRK
Bruce,Davis,bdavisf5@yahoo.com,Ethiopia,Male,Dabat,Browsezoom,28682.47,ETB
Gregory,Bowman,gbowmanf6@g.co,Brazil,Male,Itajuípe,Yakijo,22227.67,BRL
Karen,Fernandez,kfernandezf7@icq.com,Sweden,Female,Skänninge,Voonyx,34776.88,SEK
Alice,Morgan,amorganf8@mail.ru,China,Female,Dengmingsi,Zooveo,95393.49,CNY
Jesse,Wells,jwellsf9@devhub.com,Indonesia,Male,Adiwerna,Kanoodle,46791.24,IDR
Jane,Washington,jwashingtonfa@ning.com,Mongolia,Female,Ereencav,Tavu,,MNT
Diana,Banks,dbanksfb@ustream.tv,China,Female,Chadian,Aimbo,83884.58,CNY
Janet,Castillo,jcastillofc@angelfire.com,New Zealand,Female,Bulls,Realcube,69437.54,NZD
Emily,Morgan,emorganfd@alibaba.com,Finland,Female,Himanka,Youopia,23852.72,EUR
Rachel,Lawson,rlawsonfe@devhub.com,China,Female,Qiling,Zoomdog,9999.41,CNY
Robin,Foster,rfosterff@independent.co.uk,China,Female,Jingjiang,Thoughtsphere,22462.20,CNY
Deborah,Ruiz,druizfg@devhub.com,United States,Female,Hartford,Aimbo,38614.47,USD
Donald,Cole,dcolefh@mediafire.com,Greece,Male,Aiánteio,Skiptube,65781.85,EUR
Keith,Kennedy,kkennedyfi@ft.com,Poland,Male,Baranowo,Jayo,27283.07,PLN
Harry,Gray,hgrayfj@geocities.jp,Philippines,Male,Malaga,Blogtags,37682.95,PHP
Jessica,Gordon,jgordonfk@ox.ac.uk,Brazil,Female,Palmital,Fivebridge,52831.41,BRL
Edward,Franklin,efranklinfl@vistaprint.com,China,Male,Hejiang,Kazu,52192.27,CNY
Christine,Howell,chowellfm@purevolume.com,France,Female,Goussainville,Wikizz,,EUR
Karen,Cruz,kcruzfn@surveymonkey.com,Gambia,Female,Gunjur Kuta,Edgeify,87885.80,GMD
Alice,Olson,aolsonfo@cpanel.net,Jamaica,Female,Richmond,Babblestorm,78027.83,JMD
Amanda,Roberts,arobertsfp@theguardian.com,United States,Female,Charlotte,Oloo,92917.78,USD
Paula,Henderson,phendersonfq@live.com,China,Female,Xiongguan,Yotz,69698.84,CNY
Tina,Austin,taustinfr@homestead.com,China,Female,Yezhu,Wordify,51102.63,CNY
Larry,Ross,lrossfs@ed.gov,Russia,Male,Dubovka,Innojam,,RUB
Keith,Evans,kevansft@whitehouse.gov,Philippines,Male,Caigangan,Wikizz,58342.47,PHP
Anna,Diaz,adiazfu@is.gd,China,Female,Yuncheng,Voonte,68241.32,CNY
Anne,Daniels,adanielsfv@infoseek.co.jp,Mozambique,Female,Tete,Pixonyx,42037.64,MZN
Maria,Green,mgreenfw@yale.edu,Argentina,Female,Chazón,Devpulse,32947.57,ARS
Cheryl,Payne,cpaynefx@shinystat.com,China,Female,Zhongdong,Voomm,65518.05,CNY
Brandon,Reynolds,breynoldsfy@umich.edu,Albania,Male,Shushicë,Vinte,1004.61,ALL
Arthur,Gonzales,agonzalesfz@shutterfly.com,Russia,Male,Tyrnyauz,Dabfeed,99517.05,RUB
Louis,Morris,lmorrisg0@ovh.net,Nigeria,Male,Birnin Kebbi,Abatz,12825.57,NGN
Carolyn,Stone,cstoneg1@indiegogo.com,Poland,Female,Sobienie Jeziory,Tagopia,41104.21,PLN
Mark,Long,mlongg2@friendfeed.com,China,Male,Nanning,Reallinks,43725.17,CNY
Stephen,Ward,swardg3@answers.com,Marshall Islands,Male,Jabat,Aimbu,,USD
Tina,Gonzales,tgonzalesg4@hatena.ne.jp,Greece,Female,Vareiá,Meetz,1706.09,EUR
Melissa,Parker,mparkerg5@jigsy.com,Brazil,Female,Barroso,Tagopia,,BRL
Keith,Wilson,kwilsong6@cnet.com,Kazakhstan,Male,Energeticheskiy,Skibox,72550.06,KZT
Ruth,Cox,rcoxg7@eventbrite.com,Greece,Female,Kálamos,Oyonder,94067.76,EUR
Ruth,Howard,rhowardg8@nhs.uk,China,Female,Yuanqiao,Ntag,90443.37,CNY
Antonio,Watkins,awatkinsg9@squarespace.com,Portugal,Male,Longra,Vinder,59677.43,EUR
Ralph,Butler,rbutlerga@devhub.com,Costa Rica,Male,San Rafael Abajo,Centidel,57325.07,CRC
Joseph,Cook,jcookgb@berkeley.edu,France,Male,Dijon,Roomm,62961.12,EUR
Rebecca,Gordon,rgordongc@sourceforge.net,Russia,Female,Izmaylovo,Dynabox,55406.14,RUB
Chris,Ramirez,cramirezgd@techcrunch.com,Bangladesh,Male,Pīrgaaj,Youbridge,55837.16,BDT
Howard,Powell,hpowellge@howstuffworks.com,Bolivia,Male,Mairana,Jabberstorm,90785.89,BOB
Ruth,Carroll,rcarrollgf@slate.com,Serbia,Female,Sonta,Innotype,75292.07,RSD
Janice,Romero,jromerogg@blog.com,Indonesia,Female,Narawayong,Linktype,18433.69,IDR
Ruth,Carpenter,rcarpentergh@slate.com,Kenya,Female,Nyahururu,Brainbox,98768.74,KES
Virginia,Montgomery,vmontgomerygi@storify.com,China,Female,Taha Man Zu,Cogilith,,CNY
Douglas,Sanchez,dsanchezgj@smh.com.au,China,Male,Huochezhan,Latz,91572.55,CNY
Russell,Cruz,rcruzgk@netlog.com,Portugal,Male,Estreito Câmara de Lobos,Wikivu,21995.09,EUR
Susan,Chavez,schavezgl@usnews.com,Ukraine,Female,Yabluniv,Voolia,86522.81,UAH
Shirley,Williams,swilliamsgm@answers.com,Cameroon,Female,Sangmélima,Trupe,29394.90,XAF
Bruce,Hart,bhartgn@sphinn.com,Russia,Male,Burtunay,Dabtype,36146.59,RUB
Anna,Morgan,amorgango@twitpic.com,Poland,Female,Września,Eamia,48258.30,PLN
Joyce,Hamilton,jhamiltongp@blogs.com,Brazil,Female,Forquilhinha,Voonyx,82583.79,BRL
Gregory,Ross,grossgq@dion.ne.jp,Nicaragua,Male,Condega,Eayo,,NIO
Virginia,Hall,vhallgr@oaic.gov.au,Argentina,Female,Puerto Esperanza,Fivechat,32123.31,ARS
Bonnie,Morgan,bmorgangs@blogger.com,Russia,Female,Charyshskoye,Mudo,33413.98,RUB
Louis,Armstrong,larmstronggt@twitpic.com,South Korea,Male,Asan,Thoughtmix,18886.45,KRW
Sharon,Webb,swebbgu@senate.gov,Russia,Female,Sobinka,Eadel,76561.08,RUB
Phyllis,Clark,pclarkgv@illinois.edu,Japan,Female,Hamanoichi,Kazio,22073.81,JPY
Catherine,Carpenter,ccarpentergw@weibo.com,Tanzania,Female,Mafinga,Mydeo,81556.16,TZS
Henry,Welch,hwelchgx@businessweek.com,Poland,Male,Gostyń,Innojam,50505.09,PLN
Beverly,Adams,badamsgy@google.com.hk,Mexico,Female,El Calvario,Yakitri,5327.15,MXN
Debra,Brooks,dbrooksgz@spiegel.de,Mexico,Female,Primero de Mayo,Topicstorm,32306.26,MXN
Amanda,Pierce,apierceh0@imageshack.us,Portugal,Female,Lameiras,Riffpedia,28439.82,EUR
Theresa,Vasquez,tvasquezh1@dropbox.com,Armenia,Female,Kapan,Eidel,,AMD
Patricia,Peters,ppetersh2@slideshare.net,United States,Female,Charlotte,Jamia,57831.26,USD
Wanda,Fernandez,wfernandezh3@latimes.com,Croatia,Female,Bistrinci,Zoomzone,61655.80,HRK
Nicholas,Morgan,nmorganh4@vistaprint.com,China,Male,Nansan,Dynava,92322.64,CNY
Michelle,Watson,mwatsonh5@mayoclinic.com,Peru,Female,Ayo,Zoombeat,46825.55,PEN
Ernest,Reynolds,ereynoldsh6@whitehouse.gov,China,Male,Tuquan,Voomm,98453.33,CNY
Kimberly,Hayes,khayesh7@microsoft.com,Brazil,Female,Santa Cecília,Realbridge,25971.84,BRL
Richard,Johnston,rjohnstonh8@360.cn,Japan,Male,Kawaguchi,Roomm,24968.99,JPY
Larry,Mason,lmasonh9@sitemeter.com,New Caledonia,Male,Hienghène,Jatri,95097.13,XPF
Joshua,Hamilton,jhamiltonha@bigcartel.com,Ukraine,Male,Kozhanka,Edgeblab,43168.70,UAH
Virginia,Baker,vbakerhb@home.pl,China,Female,Zhongba,Thoughtstorm,31000.73,CNY
Kathryn,Ruiz,kruizhc@cmu.edu,China,Female,Shuiyang,Chatterpoint,50822.34,CNY
Michelle,Parker,mparkerhd@mashable.com,Colombia,Female,Lorica,Meetz,13687.15,COP
Nancy,Crawford,ncrawfordhe@alexa.com,Philippines,Female,Tagakpan,Babblestorm,72358.53,PHP
Brenda,Ortiz,bortizhf@howstuffworks.com,Poland,Female,Wieniawa,Realfire,31298.35,PLN
Brian,Turner,bturnerhg@ocn.ne.jp,Russia,Male,Ust’-Dzheguta,Skyba,74074.23,RUB
Janet,Cruz,jcruzhh@dailymail.co.uk,Syria,Female,Tall Rif‘at,Blogtag,90799.47,SYP
Adam,Stewart,astewarthi@spotify.com,Russia,Male,Novoderevyankovskaya,Trilia,29133.51,RUB
Harold,Harper,hharperhj@desdev.cn,Belarus,Male,Pryvol’ny,Avamba,79221.88,BYR
Sean,George,sgeorgehk@hud.gov,Indonesia,Male,Cihampelas,Thoughtblab,9818.16,IDR
Ralph,Allen,rallenhl@is.gd,Russia,Male,Tver,Zooxo,48958.13,RUB
Bobby,Medina,bmedinahm@about.com,South Africa,Male,Muldersdriseloop,Jabberstorm,34561.31,ZAR
Fred,Franklin,ffranklinhn@state.gov,Tunisia,Male,Al Wardānīn,Agivu,43359.28,TND
Jean,Green,jgreenho@fastcompany.com,China,Female,Xiaohe,Tekfly,87390.66,CNY
Gregory,Bryant,gbryanthp@cnbc.com,Honduras,Male,Duyure,Browsebug,60476.57,HNL
Bobby,Arnold,barnoldhq@opensource.org,Uruguay,Male,Salto,Devbug,19434.96,UYU
Jose,Burns,jburnshr@google.com.br,Mexico,Male,Francisco Villa,Cogibox,,MXN
Linda,Dixon,ldixonhs@mysql.com,Malaysia,Female,Kuala Lumpur,Quatz,63558.39,MYR
Margaret,Foster,mfosterht@devhub.com,China,Female,Kan,Fliptune,,CNY
Douglas,Moreno,dmorenohu@squidoo.com,Indonesia,Male,Ngulangan,Digitube,58955.19,IDR
Martha,Davis,mdavishv@webs.com,Indonesia,Female,Sungaipuntik,Feedspan,60362.41,IDR
Martin,Woods,mwoodshw@utexas.edu,China,Male,Xuguang,Wordify,23679.80,CNY
Alice,Ross,arosshx@google.es,Russia,Female,Malgobek,Avavee,13745.05,RUB
Virginia,Henry,vhenryhy@imdb.com,Russia,Female,Glyadyanskoye,Kwimbee,74502.27,RUB
Robert,Gray,rgrayhz@arstechnica.com,Brazil,Male,Rio Piracicaba,Rhyzio,53695.95,BRL
Beverly,Lee,bleei0@arizona.edu,Philippines,Female,Malangabang,Brainbox,45969.85,PHP
Nancy,Stone,nstonei1@ovh.net,China,Female,Liangjing,Skyba,63409.19,CNY
Kathryn,Wilson,kwilsoni2@skyrock.com,Sweden,Female,Karlskoga,Youbridge,26543.40,SEK
Heather,Kelley,hkelleyi3@yandex.ru,Russia,Female,Toksovo,Zoomdog,74589.85,RUB
Michael,Chavez,mchavezi4@so-net.ne.jp,Thailand,Male,Sam Chuk,Twitterwire,54630.97,THB
Annie,Ramos,aramosi5@walmart.com,Sweden,Female,Limmared,Gabspot,38833.44,SEK
Cynthia,Webb,cwebbi6@ibm.com,Chile,Female,San Vicente,Oyonder,49025.30,CLP
Walter,Robinson,wrobinsoni7@wunderground.com,Uzbekistan,Male,Qanliko’l,Eabox,16310.73,UZS
Ashley,Miller,amilleri8@php.net,United States,Female,Inglewood,Thoughtmix,66180.79,USD
James,Moreno,jmorenoi9@berkeley.edu,Chile,Male,Lebu,Miboo,39257.76,CLP
Kelly,Sanders,ksandersia@senate.gov,China,Female,Xinbu,Tavu,11401.17,CNY
Andrea,Crawford,acrawfordib@vkontakte.ru,China,Female,Xiji,Bluezoom,3654.09,CNY
Joan,Price,jpriceic@usatoday.com,Senegal,Female,Goléré,Geba,,XOF
Martha,Wright,mwrightid@friendfeed.com,Kyrgyzstan,Female,Jalal-Abad,Topiczoom,24354.79,KGS
Alan,Mills,amillsie@yellowpages.com,Belarus,Male,Mazyr,Shuffletag,39501.90,BYR
Gloria,Washington,gwashingtonif@army.mil,Greece,Female,Makrychóri,Vinte,67273.01,EUR
Douglas,Pierce,dpierceig@eepurl.com,Egypt,Male,Disūq,Eabox,28268.38,EGP
Russell,Moreno,rmorenoih@ucoz.ru,Poland,Male,Szubin,Geba,57068.31,PLN
Janet,Richards,jrichardsii@theguardian.com,Philippines,Female,Tran,Gabtype,,PHP
Michelle,Johnson,mjohnsonij@360.cn,Nepal,Female,Rājbirāj,Quimba,,NPR
Jennifer,Franklin,jfranklinik@mozilla.org,Ukraine,Female,Chervonohryhorivka,Yakitri,24368.69,UAH
Nicholas,Stephens,nstephensil@webeden.co.uk,Poland,Male,Zabrze,Dabshots,3735.13,PLN
Robin,Gibson,rgibsonim@dedecms.com,Armenia,Female,Lorut,Kanoodle,73692.72,AMD
Martin,Turner,mturnerin@reddit.com,Russia,Male,Novospasskoye,Wikido,43364.00,RUB
Phyllis,Jenkins,pjenkinsio@ox.ac.uk,Portugal,Female,Colmeal,Brightdog,6602.01,EUR
Gregory,Duncan,gduncanip@gov.uk,Brazil,Male,Vilhena,Jetwire,2016.04,BRL
Bobby,Lawrence,blawrenceiq@ovh.net,China,Male,Dananshan,Muxo,,CNY
Jason,Washington,jwashingtonir@uol.com.br,Russia,Male,Taganskiy,Zava,,RUB
Louis,Young,lyoungis@house.gov,Indonesia,Male,Ketawang,Babblestorm,38780.33,IDR
Harold,Lawson,hlawsonit@irs.gov,Russia,Male,Malaya Dubna,Mydeo,31558.67,RUB
Aaron,Willis,awillisiu@godaddy.com,France,Male,Paris 07,Abatz,88893.26,EUR
Adam,Riley,arileyiv@cnet.com,Portugal,Male,Castelo,Demimbu,,EUR
Kenneth,Franklin,kfrankliniw@rediff.com,Indonesia,Male,Panenjoan,Youspan,45580.88,IDR
Ashley,Snyder,asnyderix@fda.gov,China,Female,Jiulong,Skibox,91110.18,CNY
Sean,Carter,scarteriy@admin.ch,Serbia,Male,Boljevac,Camimbo,73175.91,RSD
Alan,Hunt,ahuntiz@digg.com,Ukraine,Male,Skole,Gabtype,87072.41,UAH
Jack,Taylor,jtaylorj0@uol.com.br,Sweden,Male,Karlskrona,Livetube,53402.04,SEK
Shawn,Gutierrez,sgutierrezj1@mapy.cz,Croatia,Male,Jankomir,Katz,84845.03,HRK
Alan,Armstrong,aarmstrongj2@salon.com,China,Male,Cheping,Tekfly,63559.19,CNY
Pamela,Little,plittlej3@noaa.gov,Peru,Female,Laramate,Thoughtsphere,68194.28,PEN
Stephanie,Gibson,sgibsonj4@msu.edu,Mexico,Female,Lazaro Cardenas,Podcat,87524.98,MXN
Christopher,Bennett,cbennettj5@issuu.com,Philippines,Male,Pata,Meedoo,76293.38,PHP
Debra,Howell,dhowellj6@ustream.tv,Croatia,Female,Trpinja,Kare,6760.37,HRK
Frank,Martinez,fmartinezj7@gov.uk,Russia,Male,Shagonar,Devbug,17356.41,RUB
Nicole,Sanchez,nsanchezj8@jimdo.com,South Africa,Female,Bloemhof,Demivee,19777.62,ZAR
Andrea,Martinez,amartinezj9@tinypic.com,Indonesia,Female,Wunat,Zoomzone,2263.31,IDR
Karen,Burke,kburkeja@elpais.com,Sweden,Female,Jönköping,Linkbridge,49596.44,SEK
Jesse,Richards,jrichardsjb@aboutads.info,France,Male,Paris 15,Realpoint,88133.35,EUR
Angela,Simpson,asimpsonjc@vimeo.com,China,Female,Dingqiao,Skinder,87588.08,CNY
Ernest,Simmons,esimmonsjd@earthlink.net,Cuba,Male,Trinidad,Mita,46279.72,CUP
Joe,Reed,jreedje@paginegialle.it,China,Male,Xingdian,Brainlounge,93.64,CNY
Raymond,Rice,rricejf@techcrunch.com,Afghanistan,Male,Shīnḏanḏ,Zoozzy,,AFN
Jonathan,Dunn,jdunnjg@bluehost.com,China,Male,Guanshan,Kazio,53868.29,CNY
Julia,Price,jpricejh@reddit.com,Vietnam,Female,Đức Phong,Miboo,27600.06,VND
Jimmy,Hicks,jhicksji@jigsy.com,China,Male,Yanghu,Blogspan,65242.27,CNY
Walter,Olson,wolsonjj@1und1.de,China,Male,Xinba,Yoveo,,CNY
Martin,Franklin,mfranklinjk@foxnews.com,Indonesia,Male,Cijoho,Voonyx,71297.05,IDR
Jennifer,Chavez,jchavezjl@fc2.com,Slovenia,Female,Log pri Brezovici,Kaymbo,88133.03,EUR
Gerald,Romero,gromerojm@ebay.com,New Zealand,Male,Rothesay Bay,Dabvine,82167.70,NZD
Maria,Wheeler,mwheelerjn@eventbrite.com,Philippines,Female,Bateria,Yotz,2663.25,PHP
Anne,Gordon,agordonjo@slideshare.net,Indonesia,Female,Mekarjaya,Babbleset,21318.27,IDR
Tina,Collins,tcollinsjp@google.nl,China,Female,Gonghe,Bubblemix,,CNY
Ronald,Morales,rmoralesjq@jimdo.com,China,Male,Caotang,Thoughtstorm,99879.18,CNY
Donald,Jones,djonesjr@chron.com,China,Male,Wuda,Trupe,46290.27,CNY
Paula,Ramos,pramosjs@china.com.cn,Indonesia,Female,Bontang Baru,Twimm,59727.22,IDR
Eugene,Hall,ehalljt@home.pl,Philippines,Male,Topdac,Browsebug,55839.78,PHP
Ann,Little,alittleju@phpbb.com,Niger,Female,Téra,Gigabox,76453.91,XOF
Anne,Butler,abutlerjv@gnu.org,Lithuania,Female,Žiežmariai,Browsedrive,97462.30,LTL
Margaret,Watkins,mwatkinsjw@twitter.com,Vietnam,Female,Năm Căn,Kazu,26577.83,VND
Thomas,Jones,tjonesjx@furl.net,China,Male,Zibu,Jatri,84643.20,CNY
Jeremy,Marshall,jmarshalljy@wikispaces.com,Mexico,Male,Guadalupe,Dynava,25389.90,MXN
Ashley,Sims,asimsjz@ox.ac.uk,United States,Female,Maple Plain,Dabtype,55560.99,USD
Joyce,Johnson,jjohnsonk0@histats.com,Austria,Female,Wien,Livetube,85770.87,EUR
Douglas,Mccoy,dmccoyk1@friendfeed.com,Russia,Male,Nakhabino,Twitterwire,73486.97,RUB
Ryan,Young,ryoungk2@addtoany.com,China,Male,Baiyashi,Ntag,44244.84,CNY
Alice,Howell,ahowellk3@amazon.de,Thailand,Female,Krasae Sin,Buzzdog,,THB
Susan,Bradley,sbradleyk4@gravatar.com,Thailand,Female,Mueang Nonthaburi,Oyoba,22229.27,THB
Mildred,Armstrong,marmstrongk5@simplemachines.org,Russia,Female,Vityazevo,Tavu,87437.91,RUB
Susan,Tucker,stuckerk6@jalbum.net,Argentina,Female,Villa Lugano,Photofeed,86586.58,ARS
Julia,Barnes,jbarnesk7@studiopress.com,Ukraine,Female,Novopskov,Skyba,45508.05,UAH
Matthew,Shaw,mshawk8@prlog.org,Bolivia,Male,Roboré,Topicshots,37071.69,BOB
Kathleen,Mendoza,kmendozak9@weebly.com,Colombia,Female,La Montañita,Dabtype,19135.62,COP
George,Simmons,gsimmonska@businessinsider.com,Indonesia,Male,Alue Glumpang,Eimbee,32338.18,IDR
Linda,Grant,lgrantkb@topsy.com,China,Female,Xinpu,Brightbean,22672.25,CNY
Marilyn,Davis,mdaviskc@usnews.com,China,Female,Gao’an,Youbridge,56353.10,CNY
Ashley,Gomez,agomezkd@zimbio.com,Venezuela,Female,Quiriquire,Yacero,13957.02,VEF
Carlos,Gonzales,cgonzaleske@vimeo.com,China,Male,Jiuxian,Thoughtmix,93511.08,CNY
Eugene,Collins,ecollinskf@youtu.be,Comoros,Male,Ourovéni,Talane,75228.47,KMF
Dorothy,Mendoza,dmendozakg@mit.edu,China,Female,Chengzhong,Skyble,15445.14,CNY
Rose,Moore,rmoorekh@upenn.edu,China,Female,Xi’an,Eabox,19911.40,CNY
Eugene,Berry,eberryki@aol.com,China,Male,Shitang,Flipopia,,CNY
Jose,Bowman,jbowmankj@ovh.net,China,Male,Tufang,Vitz,73155.63,CNY
Ruby,Kelly,rkellykk@senate.gov,Poland,Female,Chodów,Buzzster,15879.51,PLN
Eric,Baker,ebakerkl@ucla.edu,Croatia,Male,Marinići,Zoomzone,76145.08,HRK
Janice,Diaz,jdiazkm@howstuffworks.com,Hungary,Female,Érd,Realblab,9133.49,HUF
Christina,King,ckingkn@state.gov,Tanzania,Female,Matai,Twimbo,77731.38,TZS
Michael,Owens,mowensko@ovh.net,Argentina,Male,Palpalá,Buzzbean,14279.58,ARS
Raymond,Ramirez,rramirezkp@spiegel.de,Czech Republic,Male,Svoboda nad Úpou,Thoughtbeat,84101.00,CZK
Louis,Reed,lreedkq@google.it,Colombia,Male,Landázuri,Babbleopia,69427.88,COP
Ronald,Marshall,rmarshallkr@patch.com,Indonesia,Male,Rahayu Dua,Kayveo,,IDR
Norma,Howard,nhowardks@behance.net,Mongolia,Female,Mandal,Edgetag,66699.95,MNT
Martha,Gonzalez,mgonzalezkt@deliciousdays.com,Japan,Female,Kanie,Eimbee,72222.80,JPY
Stephanie,Wells,swellsku@npr.org,Jordan,Female,Karak City,Camido,55742.34,JOD
Kathryn,Butler,kbutlerkv@tumblr.com,Poland,Female,Ołpiny,Skilith,92508.52,PLN
Karen,Harrison,kharrisonkw@t.co,China,Female,Xiaochi,Yodoo,41936.95,CNY
Brandon,Nguyen,bnguyenkx@weebly.com,Czech Republic,Male,Smečno,Photojam,67525.54,CZK
Timothy,Brown,tbrownky@ca.gov,Norway,Male,Oslo,Browsecat,38239.05,NOK
Rose,Richardson,rrichardsonkz@yellowbook.com,United States,Female,Seattle,Mydo,59342.33,USD
Susan,Wheeler,swheelerl0@scribd.com,Mexico,Female,La Esperanza,Ailane,76501.96,MXN
Howard,Garcia,hgarcial1@shutterfly.com,China,Male,Tianzishan,Brainbox,,CNY
Victor,Kennedy,vkennedyl2@discovery.com,Poland,Male,Czerwieńsk,Pixoboo,,PLN
Mary,Banks,mbanksl3@oracle.com,China,Female,Pandi,Avavee,16480.48,CNY
Juan,Green,jgreenl4@dyndns.org,China,Male,Shuntian,Cogibox,55037.50,CNY
Jerry,Morales,jmoralesl5@ow.ly,Honduras,Male,San Agustín,Yozio,31620.53,HNL
Bobby,Payne,bpaynel6@istockphoto.com,Sweden,Male,Hörby,Myworks,46842.96,SEK
Catherine,Garza,cgarzal7@dropbox.com,Iran,Female,Gorgān,Meetz,,IRR
Teresa,Schmidt,tschmidtl8@jigsy.com,Poland,Female,Siemiechów,Photospace,20629.36,PLN
Kathleen,Miller,kmillerl9@businessweek.com,Philippines,Female,Langpas,Gigazoom,97536.12,PHP
Eric,Romero,eromerola@statcounter.com,Greece,Male,Amfíkleia,Youfeed,8435.37,EUR
Craig,Dixon,cdixonlb@paginegialle.it,Honduras,Male,Jamalteca,Buzzdog,,HNL
Nicole,Graham,ngrahamlc@jimdo.com,Bulgaria,Female,Belene,Blogspan,21500.67,BGN
Phillip,Welch,pwelchld@xing.com,China,Male,Bin’an,Ooba,48538.95,CNY
Pamela,Morrison,pmorrisonle@cnn.com,Philippines,Female,Caigangan,Plambee,,PHP
Laura,Burton,lburtonlf@washingtonpost.com,China,Female,Leiling,Twitterwire,,CNY
Peter,Bishop,pbishoplg@google.cn,Russia,Male,Staryy Oskol,Skipstorm,3690.75,RUB
Norma,Gray,ngraylh@newsvine.com,Indonesia,Female,Lebak,Twimbo,34721.81,IDR
Gregory,Reynolds,greynoldsli@disqus.com,Ukraine,Male,Komyshnya,Flashdog,58846.78,UAH
Sarah,Cole,scolelj@smh.com.au,China,Female,Dongsheng,Trudeo,1520.48,CNY
Ashley,Watkins,awatkinslk@usgs.gov,Argentina,Female,Libertador General San Martín,Kazu,15848.08,ARS
Emily,Smith,esmithll@washington.edu,Russia,Female,Goyty,Shufflester,13778.12,RUB
Harold,Green,hgreenlm@earthlink.net,Russia,Male,Mama,Pixope,96584.83,RUB
Nicholas,Patterson,npattersonln@nifty.com,Indonesia,Male,Sukamaju,Quinu,82107.53,IDR
Anna,Hamilton,ahamiltonlo@purevolume.com,Russia,Female,Nesterov,Twitternation,29188.84,RUB
Brandon,Grant,bgrantlp@com.com,Ivory Coast,Male,Danané,Meezzy,8623.80,XOF
Earl,Jordan,ejordanlq@unicef.org,Indonesia,Male,Muarasiau,Tagtune,7910.46,IDR
Amanda,Dunn,adunnlr@salon.com,Indonesia,Female,Ntaur Satu,Dablist,85096.53,IDR
Earl,Rodriguez,erodriguezls@mayoclinic.com,Russia,Male,Ivanovskoye,Skalith,4182.94,RUB
Ralph,Bradley,rbradleylt@gnu.org,Indonesia,Male,Mulyoagung,Abatz,,IDR
Linda,Lewis,llewislu@weebly.com,Greece,Female,Graikochóri,Yombu,,EUR
Wanda,Ramirez,wramirezlv@prweb.com,Russia,Female,Dem’yanovo,Ntag,63186.20,RUB
Benjamin,Meyer,bmeyerlw@cocolog-nifty.com,Russia,Male,Kudymkar,Voonder,29142.99,RUB
Gary,Jenkins,gjenkinslx@ft.com,Czech Republic,Male,Dobroměřice,Realbuzz,48741.83,CZK
Patrick,Rivera,priveraly@slashdot.org,Slovenia,Male,Šoštanj,Skinder,34266.76,EUR
Catherine,Lewis,clewislz@altervista.org,Kuwait,Female,Ar Riqqah,Meeveo,41195.98,KWD
Shirley,Berry,sberrym0@cbsnews.com,Portugal,Female,Quintã,Fiveclub,94753.54,EUR
Donald,Henderson,dhendersonm1@rambler.ru,Luxembourg,Male,Mertzig,Dynazzy,68641.68,EUR
Mark,Reyes,mreyesm2@ebay.co.uk,China,Male,Yangjiaping,Chatterbridge,95539.26,CNY
John,Bell,jbellm3@posterous.com,Vietnam,Male,Vĩnh Thuận,Divanoodle,91402.60,VND
Arthur,Gomez,agomezm4@upenn.edu,China,Male,Changtian,Wikivu,80306.10,CNY
Clarence,Kennedy,ckennedym5@ning.com,China,Male,Kalayemule,Izio,99748.56,CNY
Chris,Carter,ccarterm6@oaic.gov.au,Burundi,Male,Muyinga,Tagopia,,BIF
Ann,Lee,aleem7@shareasale.com,Portugal,Female,Agualva,Gigashots,79134.64,EUR
Phillip,Gomez,pgomezm8@europa.eu,China,Male,Lishan,Trupe,10864.91,CNY
Carol,Nguyen,cnguyenm9@miibeian.gov.cn,Czech Republic,Female,Hazlov,Topicshots,,CZK
Alan,Berry,aberryma@tmall.com,China,Male,Menghai,Thoughtmix,29872.11,CNY
Gary,Richardson,grichardsonmb@parallels.com,Ukraine,Male,Staryy Sambor,Linkbridge,18884.12,UAH
Linda,Richards,lrichardsmc@plala.or.jp,Brazil,Female,Propriá,Wikibox,15890.64,BRL
Judy,Watkins,jwatkinsmd@weibo.com,Serbia,Female,Stari Banovci,Skyndu,77503.69,RSD
Angela,Jacobs,ajacobsme@barnesandnoble.com,Portugal,Female,São Pedro,Topiclounge,35605.43,EUR
Carolyn,Mills,cmillsmf@imgur.com,Bulgaria,Female,Borino,Zooveo,,BGN
Cynthia,James,cjamesmg@reverbnation.com,Mongolia,Female,Bayshint,Devpulse,44477.94,MNT
Martha,Hart,mhartmh@mail.ru,France,Female,Paris 16,Gigaclub,8646.58,EUR
Juan,Greene,jgreenemi@github.io,Thailand,Male,Pak Phanang,Fivespan,56288.59,THB
Ann,Wilson,awilsonmj@wix.com,Indonesia,Female,Prupuh,Jabberstorm,94685.60,IDR
Bonnie,Lawson,blawsonmk@geocities.jp,Portugal,Female,Valinhos,Yacero,39650.71,EUR
Donald,Montgomery,dmontgomeryml@tumblr.com,Portugal,Male,Covão,Livefish,57532.79,EUR
Kelly,Oliver,kolivermm@angelfire.com,Thailand,Female,Rattanaburi,Tazz,47718.79,THB
Katherine,Collins,kcollinsmn@ovh.net,Bolivia,Female,Nueva Manoa,Riffpath,,BOB
Linda,Simmons,lsimmonsmo@youku.com,Czech Republic,Female,Šestajovice,Mydo,58516.47,CZK
Carolyn,Payne,cpaynemp@sitemeter.com,Brazil,Female,Tupaciguara,Skipfire,21355.54,BRL
Doris,Green,dgreenmq@whitehouse.gov,Luxembourg,Female,Bergem,Skinix,57937.55,EUR
Justin,Dunn,jdunnmr@list-manage.com,Macedonia,Male,Кондово,Fanoodle,11090.98,MKD
Catherine,Oliver,coliverms@blogtalkradio.com,China,Female,Shiguai,Tagopia,54335.19,CNY
Theresa,Perkins,tperkinsmt@wikipedia.org,Japan,Female,Kasaoka,Katz,7219.50,JPY
Russell,Mendoza,rmendozamu@reuters.com,Ukraine,Male,Soledar,Brightbean,61208.83,UAH
Steve,Lynch,slynchmv@stanford.edu,Mexico,Male,San Miguel,Twimm,37141.80,MXN
Jeremy,Black,jblackmw@hc360.com,China,Male,Jijia,Dynabox,69416.54,CNY
Gregory,Butler,gbutlermx@mozilla.com,South Africa,Male,Williston,Brightdog,54210.46,ZAR
Peter,Gilbert,pgilbertmy@newyorker.com,China,Male,Qukou,Plajo,14515.06,CNY
Andrea,Morris,amorrismz@theglobeandmail.com,United States,Female,Oklahoma City,Skipstorm,23009.95,USD
Paul,Grant,pgrantn0@nba.com,Mexico,Male,Azteca,Babbleset,11578.53,MXN
Frances,Edwards,fedwardsn1@go.com,Indonesia,Female,Lambangan Kulon,Avamm,58758.04,IDR
Jimmy,Castillo,jcastillon2@bloomberg.com,China,Male,Zhenchuan,Fivechat,83004.31,CNY
Todd,Howell,thowelln3@icio.us,Philippines,Male,Sangali,Yoveo,18433.45,PHP
Christina,Morris,cmorrisn4@furl.net,Philippines,Female,Rizal,Bluejam,8661.69,PHP
Michael,Johnson,mjohnsonn5@indiegogo.com,Chile,Male,Salamanca,Roombo,41925.06,CLP
Harry,Snyder,hsnydern6@blog.com,China,Male,Taipingzhuang,Skipfire,36163.87,CNY
Jessica,Stephens,jstephensn7@g.co,Indonesia,Female,Boroko,Zoomcast,83880.24,IDR
Kathleen,Snyder,ksnydern8@yahoo.com,Indonesia,Female,Kaduluhur,Divape,51754.83,IDR
Jeremy,Medina,jmedinan9@usnews.com,China,Male,Lücheng,Skidoo,49277.45,CNY
Heather,Woods,hwoodsna@google.de,Brazil,Female,Lorena,Dynabox,6506.70,BRL
Sharon,Marshall,smarshallnb@intel.com,Indonesia,Female,Lobuk,Rhynoodle,21177.56,IDR
Kathryn,Willis,kwillisnc@geocities.jp,Russia,Female,Zernograd,Digitube,95434.71,RUB
Charles,Gibson,cgibsonnd@etsy.com,Portugal,Male,Rego,Nlounge,24154.13,EUR
Carlos,Knight,cknightne@netvibes.com,Sweden,Male,Vilhelmina,Dabjam,32954.35,SEK
Diana,Hicks,dhicksnf@163.com,Madagascar,Female,Fianarantsoa,Trupe,,MGA
Gregory,Ford,gfordng@umn.edu,Canada,Male,Smiths Falls,Photospace,85186.56,CAD
Steve,Gordon,sgordonnh@businessinsider.com,United States,Male,Annapolis,Eamia,54768.62,USD
John,Hicks,jhicksni@deliciousdays.com,Morocco,Male,Tiout,Trilith,41269.74,MAD
Jonathan,Hamilton,jhamiltonnj@desdev.cn,Greece,Male,Kostakioí,Eare,,EUR
Christopher,Hicks,chicksnk@webnode.com,China,Male,Languan,Wordify,9129.94,CNY
Denise,Taylor,dtaylornl@bravesites.com,China,Female,Guantang,Skilith,97751.38,CNY
Harold,Young,hyoungnm@wix.com,France,Male,Paris 11,Tagopia,50391.88,EUR
Patricia,Simmons,psimmonsnn@telegraph.co.uk,United States,Female,Richmond,Jabberbean,3958.78,USD
Anthony,Ray,arayno@cnet.com,Sweden,Male,Sundsvall,Zooveo,40160.30,SEK
Michelle,Griffin,mgriffinnp@shutterfly.com,Portugal,Female,Foz do Arelho,Dabtype,,EUR
Thomas,Price,tpricenq@webeden.co.uk,South Africa,Male,Elliot,Twitterlist,89594.06,ZAR
Jose,Riley,jrileynr@bandcamp.com,Japan,Male,Uji,Bluezoom,89038.92,JPY
Cheryl,Lewis,clewisns@auda.org.au,Philippines,Female,Del Pilar,Omba,,PHP
Amanda,Watson,awatsonnt@desdev.cn,China,Female,Longhua,Yacero,75045.43,CNY
Kenneth,Young,kyoungnu@google.pl,Chile,Male,Talca,Skimia,13737.43,CLP
Jane,Gomez,jgomeznv@sakura.ne.jp,Denmark,Female,Frederiksberg,Gigazoom,4691.58,DKK
Johnny,Fox,jfoxnw@slideshare.net,China,Male,Lengshui,Avamm,63707.14,CNY
Anna,Hunter,ahunternx@dedecms.com,China,Female,Chenhu,InnoZ,82200.71,CNY
Margaret,Jones,mjonesny@cafepress.com,China,Female,Gongming,Jabbersphere,76748.33,CNY
Ruth,Bryant,rbryantnz@cbslocal.com,Indonesia,Female,Lairoka,Brainbox,13070.99,IDR
Cheryl,Lee,cleeo0@epa.gov,Argentina,Female,Avellaneda,Voomm,80110.14,ARS
Elizabeth,Andrews,eandrewso1@domainmarket.com,Philippines,Female,Panacan,Lazz,68642.97,PHP
Anne,Lewis,alewiso2@diigo.com,Armenia,Female,Hrazdan,Chatterbridge,37103.31,AMD
Jimmy,Carroll,jcarrollo3@virginia.edu,Canada,Male,Oka,Jamia,12772.01,CAD
Rose,Kennedy,rkennedyo4@bandcamp.com,Sweden,Female,Göteborg,Wordify,40105.41,SEK
Daniel,Harrison,dharrisono5@wisc.edu,Portugal,Male,Nordeste,Tagtune,73032.96,EUR
Stephanie,Powell,spowello6@sina.com.cn,China,Female,Kangle,Rooxo,75817.41,CNY
Doris,Gordon,dgordono7@about.me,Bolivia,Female,Mizque,Roomm,97061.93,BOB
Roger,Peterson,rpetersono8@hibu.com,Indonesia,Male,Banjar Sembunggede,Dablist,64953.17,IDR
Ronald,Harris,rharriso9@gnu.org,Japan,Male,Sandachō,Camimbo,42378.10,JPY
Laura,Banks,lbanksoa@delicious.com,Indonesia,Female,Puor,Youbridge,34745.27,IDR
Brandon,Burton,bburtonob@twitter.com,Japan,Male,Uji,Babbleblab,77689.35,JPY
Victor,Freeman,vfreemanoc@abc.net.au,China,Male,Zhize,Skiptube,94189.05,CNY
Arthur,Ramos,aramosod@icio.us,Philippines,Male,Imus,Omba,66029.14,PHP
Patricia,James,pjamesoe@bizjournals.com,Czech Republic,Female,Hovězí,Demimbu,,CZK
Jessica,Hudson,jhudsonof@bluehost.com,Malaysia,Female,Nusajaya,Geba,73519.06,MYR
Stephanie,Gordon,sgordonog@google.nl,Poland,Female,Żelistrzewo,Livepath,10058.95,PLN
Justin,Butler,jbutleroh@free.fr,Pakistan,Male,Bahāwalpur,Meevee,,PKR
James,Daniels,jdanielsoi@weebly.com,Switzerland,Male,Zürich,Linktype,41011.26,CHF
Katherine,Harris,kharrisoj@163.com,Indonesia,Female,Bun Barat,Shuffledrive,52717.19,IDR
Carlos,Miller,cmillerok@deliciousdays.com,Indonesia,Male,Cimara,Twiyo,33103.90,IDR
Jack,Bowman,jbowmanol@wix.com,Syria,Male,‘Arīqah,Kayveo,50259.37,SYP
Carol,Barnes,cbarnesom@jimdo.com,China,Female,Dayangzhou,Livefish,89413.28,CNY
Katherine,Mills,kmillson@list-manage.com,China,Female,Huandiqiao,Voomm,53403.12,CNY
Judith,Harper,jharperoo@homestead.com,Japan,Female,Funaishikawa,Meeveo,22083.51,JPY
Daniel,Willis,dwillisop@nyu.edu,China,Male,Xinxu,Brainbox,22975.06,CNY
Julie,Watkins,jwatkinsoq@behance.net,Portugal,Female,Fonte Boa da Brincosa,Topiczoom,46655.31,EUR
Patrick,Chapman,pchapmanor@about.me,Egypt,Male,Ash Shaykh Zuwayd,Mydeo,72353.45,EGP
Tammy,Alvarez,talvarezos@netscape.com,Philippines,Female,Taytayan,Oyoba,34961.76,PHP
Jane,Washington,jwashingtonot@va.gov,Jamaica,Female,Cambridge,Vidoo,97062.31,JMD
Sharon,Ruiz,sruizou@phoca.cz,Japan,Female,Izumi,Eayo,14439.59,JPY
Susan,Rodriguez,srodriguezov@google.pl,Myanmar,Female,Taungoo,Zoovu,96934.09,MMK
Alice,Larson,alarsonow@simplemachines.org,China,Female,Yanling,Dabshots,14621.57,CNY
Samuel,Howard,showardox@macromedia.com,Sweden,Male,Jönköping,Voomm,18186.06,SEK
Heather,Lawson,hlawsonoy@irs.gov,Armenia,Female,Dalarik,Twitterbeat,,AMD
Thomas,Fox,tfoxoz@printfriendly.com,Philippines,Male,San Francisco,Tagpad,,PHP
Diana,Hayes,dhayesp0@sogou.com,Nigeria,Female,Nguru,Jabbercube,71036.10,NGN
Edward,Arnold,earnoldp1@ameblo.jp,Philippines,Male,Bucay,Devcast,9017.30,PHP
Karen,Morrison,kmorrisonp2@dropbox.com,Russia,Female,Khryashchevka,Camido,25961.78,RUB
Irene,Young,iyoungp3@craigslist.org,United States,Female,New Hyde Park,Rhybox,48095.95,USD
Mary,Gonzalez,mgonzalezp4@icq.com,Portugal,Female,Torres Novas,Devbug,74201.12,EUR
Amy,Spencer,aspencerp5@google.it,Macedonia,Female,Gradec,Trupe,69174.89,MKD
Linda,Cox,lcoxp6@skyrock.com,Canada,Female,Mont-Laurier,Jaxspan,68547.43,CAD
Laura,Chavez,lchavezp7@adobe.com,Tanzania,Female,Geita,Abatz,88226.53,TZS
Tina,Parker,tparkerp8@google.com.br,China,Female,Xinglong,Layo,68895.97,CNY
Melissa,Stevens,mstevensp9@usa.gov,Albania,Female,Kurjan,Zoombox,95601.81,ALL
Jonathan,Wheeler,jwheelerpa@addthis.com,Yemen,Male,Ar Rujum,Oba,1407.18,YER
Andrew,Montgomery,amontgomerypb@ow.ly,China,Male,Yongjiahe,Wikizz,49367.18,CNY
Janice,Hawkins,jhawkinspc@biglobe.ne.jp,China,Female,Shangyuan,Jaxspan,94775.20,CNY
Harry,Nelson,hnelsonpd@ihg.com,Venezuela,Male,Ciudad Ojeda,Twitterworks,88048.51,VEF
Paula,Stephens,pstephenspe@ca.gov,China,Female,Yangsi,Tagcat,69444.23,CNY
Ernest,Hart,ehartpf@tmall.com,Portugal,Male,Conde,Gigashots,26440.95,EUR
Stephanie,Day,sdaypg@eepurl.com,China,Female,Liutang,Brightdog,77166.40,CNY
Rebecca,Fowler,rfowlerph@java.com,Ecuador,Female,Machala,Realpoint,6941.61,USD
Phyllis,Olson,polsonpi@naver.com,France,Female,Nancy,Gabspot,82882.82,EUR
Doris,Carroll,dcarrollpj@google.com,Turkmenistan,Female,Mary,Flipopia,76411.76,TMT
Kevin,Scott,kscottpk@cbsnews.com,Philippines,Male,Dado,Quire,5715.53,PHP
Ashley,Powell,apowellpl@diigo.com,Czech Republic,Female,Šestajovice,Rhyloo,30407.40,CZK
Lori,George,lgeorgepm@nymag.com,Sweden,Female,Borlänge,Topicware,40164.79,SEK
Janice,Lawson,jlawsonpn@wiley.com,Philippines,Female,Mandaue City,Skaboo,65287.28,PHP
Howard,Diaz,hdiazpo@who.int,China,Male,Huangtugang,Brainbox,40047.71,CNY
Jean,Bowman,jbowmanpp@storify.com,Yemen,Female,‘Ubāl,Quimm,40464.75,YER
Ernest,Cooper,ecooperpq@domainmarket.com,Ecuador,Male,Balzar,Tagtune,4229.74,USD
Norma,Crawford,ncrawfordpr@squidoo.com,Peru,Female,Ilo,Realblab,57458.42,PEN
Timothy,Gutierrez,tgutierrezps@springer.com,China,Male,Xiaochi,Zoovu,,CNY
Cynthia,Ferguson,cfergusonpt@surveymonkey.com,Thailand,Female,Phetchaburi,Nlounge,46452.62,THB
Janice,Cox,jcoxpu@arizona.edu,China,Female,Luopu,Yakijo,25168.59,CNY
Martin,Banks,mbankspv@cisco.com,China,Male,Hongjiang,Skibox,97883.89,CNY
Sara,Porter,sporterpw@buzzfeed.com,Russia,Female,Shemursha,Kimia,55344.71,RUB
Jean,Meyer,jmeyerpx@mayoclinic.com,Colombia,Female,Ibagué,Buzzshare,47248.76,COP
John,Henderson,jhendersonpy@google.co.jp,China,Male,Jiaoxiyakou,Riffpedia,99803.27,CNY
Patrick,Carpenter,pcarpenterpz@independent.co.uk,Peru,Male,Cabanilla,Browsebug,,PEN
Frank,Oliver,foliverq0@npr.org,China,Male,Xinmen,Einti,37469.94,CNY
Debra,Mitchell,dmitchellq1@hexun.com,Peru,Female,Hualmay,Mycat,36478.79,PEN
Philip,Sims,psimsq2@icq.com,China,Male,Kuntong,Browseblab,55634.69,CNY
Albert,Davis,adavisq3@bloglovin.com,Thailand,Male,Nong Khae,Blogspan,61464.88,THB
Ann,Harris,aharrisq4@google.fr,Yemen,Female,At Taḩālif,Jabbercube,23514.48,YER
Nicholas,Welch,nwelchq5@pagesperso-orange.fr,Jordan,Male,Al Quwaysimah,Devshare,43931.75,JOD
Kenneth,Weaver,kweaverq6@harvard.edu,Palestinian Territory,Male,Kafr Şūr,Eazzy,,ILS
Stephen,Wallace,swallaceq7@devhub.com,Indonesia,Male,Tempel,Yata,39396.02,IDR
Kenneth,Wallace,kwallaceq8@friendfeed.com,Mexico,Male,El Paraiso,Skipstorm,11358.99,MXN
Diane,Burke,dburkeq9@themeforest.net,Greece,Female,Artémida,Innojam,97069.49,EUR
Roy,Mitchell,rmitchellqa@topsy.com,Indonesia,Male,Banyutengah,Zooxo,63151.42,IDR
Paula,Wallace,pwallaceqb@mit.edu,Palestinian Territory,Female,Old City,Shufflebeat,75234.22,ILS
Henry,Howell,hhowellqc@imdb.com,Russia,Male,Vyselki,Skalith,12339.63,RUB
Peter,Mills,pmillsqd@hao123.com,Brazil,Male,São Gonçalo do Sapucaí,Centimia,,BRL
Jonathan,Gardner,jgardnerqe@cdc.gov,Russia,Male,Slobodka,Zooveo,85834.82,RUB
Eugene,Hawkins,ehawkinsqf@free.fr,China,Male,Lukou,Trudoo,76100.92,CNY
Maria,Hunter,mhunterqg@constantcontact.com,China,Female,Guanmian,Tagtune,12294.55,CNY
Lillian,Williams,lwilliamsqh@blogtalkradio.com,Pakistan,Female,Mūsa Khel Bāzār,Viva,70334.22,PKR
Susan,Wright,swrightqi@desdev.cn,United States,Female,Reston,Vitz,72548.24,USD
Robert,Hamilton,rhamiltonqj@senate.gov,Norway,Male,Gjøvik,Geba,25670.50,NOK
Steven,Barnes,sbarnesqk@aol.com,Nigeria,Male,Ifon,Fivespan,1151.68,NGN
Julia,Thomas,jthomasql@boston.com,Guatemala,Female,El Adelanto,Photobean,,GTQ
Lawrence,Holmes,lholmesqm@fotki.com,Laos,Male,Savannakhét,Avavee,60967.62,LAK
Anthony,Holmes,aholmesqn@privacy.gov.au,Portugal,Male,Torres Novas,Katz,12645.88,EUR
Marilyn,Carpenter,mcarpenterqo@lycos.com,Palestinian Territory,Female,Bayt Ta‘mar,Mydo,96899.63,ILS
Alan,Ford,afordqp@senate.gov,Indonesia,Male,Siso,Meezzy,88967.76,IDR
Philip,Jones,pjonesqq@nasa.gov,Sweden,Male,Tyresö,Flipopia,53352.41,SEK
Donald,Davis,ddavisqr@ucsd.edu,Argentina,Male,Caleufú,Agimba,34935.06,ARS
Peter,Jordan,pjordanqs@ftc.gov,Indonesia,Male,Cibitung,Janyx,94549.06,IDR
Cheryl,Hamilton,chamiltonqt@scribd.com,Philippines,Female,Talospatang,Rooxo,23073.49,PHP
Joshua,Wilson,jwilsonqu@tripod.com,Philippines,Male,Dao,Feednation,36820.61,PHP
Albert,Sims,asimsqv@sphinn.com,Brazil,Male,Três Pontas,Riffpath,33412.99,BRL
Dorothy,Reed,dreedqw@blinklist.com,Egypt,Female,Al Qūşīyah,Buzzbean,76793.23,EGP
Carlos,George,cgeorgeqx@stanford.edu,Uganda,Male,Kalangala,Divape,42007.46,UGX
Janet,Morgan,jmorganqy@msu.edu,Ukraine,Female,Vin’kivtsi,Viva,70654.19,UAH
Willie,Lewis,wlewisqz@noaa.gov,Indonesia,Male,Karanganyar,Podcat,,IDR
Lois,Hicks,lhicksr0@utexas.edu,Indonesia,Female,Jatisari,Eayo,,IDR
Richard,Mendoza,rmendozar1@a8.net,Colombia,Male,Villamaría,Topicstorm,13364.14,COP
Rose,Wheeler,rwheelerr2@goo.ne.jp,Brazil,Female,Carianos,Trunyx,74409.99,BRL
Clarence,Martinez,cmartinezr3@godaddy.com,China,Male,Zhaowanzhuang,Trupe,40637.56,CNY
Janet,Reid,jreidr4@sciencedaily.com,Russia,Female,Bobrov,Gabspot,85445.06,RUB
Beverly,Oliver,boliverr5@hibu.com,South Africa,Female,Mankoeng,Youbridge,50830.03,ZAR
Juan,Fox,jfoxr6@mlb.com,China,Male,Jiaobei,Avamm,,CNY
Michael,James,mjamesr7@netvibes.com,Dominican Republic,Male,Moca,Fiveclub,84373.44,DOP
Pamela,Welch,pwelchr8@opera.com,China,Female,Luxia,Avaveo,23175.68,CNY
Margaret,Webb,mwebbr9@hud.gov,China,Female,Haizigou,Latz,43665.63,CNY
Jonathan,Mcdonald,jmcdonaldra@digg.com,France,Male,Bobigny,Eimbee,1374.98,EUR
Dorothy,Perkins,dperkinsrb@google.pl,Portugal,Female,Pereira,Jaloo,68133.62,EUR
Nicholas,Lawson,nlawsonrc@mediafire.com,Indonesia,Male,Singkup,Viva,54526.06,IDR
Heather,Owens,howensrd@constantcontact.com,Ukraine,Female,Nikita,Kazu,70180.51,UAH
William,Campbell,wcampbellre@behance.net,Nigeria,Male,Opi,Riffpedia,39938.41,NGN
Clarence,King,ckingrf@tripadvisor.com,Poland,Male,Czchów,Miboo,81904.98,PLN
Alice,Vasquez,avasquezrg@unblog.fr,Philippines,Female,Malusac,Rhybox,,PHP
Peter,West,pwestrh@sciencedaily.com,Russia,Male,Peterhof,Jaloo,,RUB
Juan,Jacobs,jjacobsri@amazon.de,Indonesia,Male,Bradag,Aimbu,94591.60,IDR
Kevin,Mitchell,kmitchellrj@baidu.com,Indonesia,Male,Ponjen,Flashpoint,93009.08,IDR
Virginia,Hughes,vhughesrk@odnoklassniki.ru,Bulgaria,Female,Burgas,Kamba,73191.36,BGN
Carl,Baker,cbakerrl@netscape.com,Sweden,Male,Norrköping,Meemm,25545.93,SEK
Justin,Dunn,jdunnrm@toplist.cz,Sweden,Male,Jönköping,Viva,56291.37,SEK
Gary,Washington,gwashingtonrn@google.it,Indonesia,Male,Margoyoso,Jayo,,IDR
Heather,Perez,hperezro@cdc.gov,Nicaragua,Female,Wiwilí,Jabberstorm,90323.27,NIO
Brandon,Cox,bcoxrp@miitbeian.gov.cn,Russia,Male,Marks,Edgeblab,39137.82,RUB
Lawrence,Murphy,lmurphyrq@scribd.com,Iran,Male,Esfarāyen,Gabtune,,IRR
Bonnie,Welch,bwelchrr@webs.com,Afghanistan,Female,Kalān Deh,Skyble,73743.45,AFN
