Barbara,Olson,bolson0@furl.net,Burkina Faso,Female,Tougan,Jaloo,92429.32,XOF
Rose,Gibson,rgibson1@jugem.jp,Ethiopia,Female,Ziway,Devcast,98526.23,ETB
Ryan,Welch,rwelch2@bizjournals.com,Netherlands,Male,Enschede,Topiczoom,85924.39,EUR
Steve,Fisher,sfisher3@ftc.gov,Thailand,Male,Sap Yai,Mydeo,49369.79,THB
Rose,Medina,rmedina4@weebly.com,Ukraine,Female,Zlynka,Yakidoo,,UAH
Ashley,Wright,awright5@bbb.org,Czech Republic,Female,Vítkov,Zooveo,84047.97,CZK
Paul,West,pwest6@macromedia.com,China,Male,Wuxi,Skipfire,,CNY
Laura,Ellis,lellis7@ted.com,China,Female,Baofeng,Shuffletag,90094.00,CNY
Debra,Little,dlittle8@gizmodo.com,Indonesia,Female,Tasikona,Pixope,3023.81,IDR
Catherine,Anderson,canderson9@salon.com,Sierra Leone,Female,Kayima,Kwimbee,3848.08,SLL
Michael,Stone,mstonea@qq.com,China,Male,Moxi,Kwilith,35778.39,CNY
Ralph,Smith,rsmithb@boston.com,Philippines,Male,Amagbagan,Gevee,65250.73,PHP
Sarah,Evans,sevansc@usnews.com,Portugal,Female,Foros da Catrapona,Eare,29359.29,EUR
Steve,Sullivan,ssullivand@apache.org,Portugal,Male,Praia da Vitória,Youspan,22255.80,EUR
Jimmy,Black,jblacke@freewebs.com,Thailand,Male,Thoen,Lazz,21894.38,THB
Daniel,Green,dgreenf@wiley.com,Sweden,Male,Göteborg,Thoughtworks,,SEK
Mark,Pierce,mpierceg@prlog.org,Mongolia,Male,Sharïngol,Wordware,69972.06,MNT
Martin,Ferguson,mfergusonh@cnbc.com,Honduras,Male,Marcala,Thoughtstorm,51805.36,HNL
Craig,Green,cgreeni@prweb.com,Thailand,Male,Tamot,Teklist,29029.07,THB
Debra,Boyd,dboydj@usgs.gov,China,Female,Qishui,Flashspan,67845.42,CNY
Samuel,Johnston,sjohnstonk@cpanel.net,Indonesia,Male,Bajo,Skiptube,69652.33,IDR
Ralph,Graham,rgrahaml@indiegogo.com,Saudi Arabia,Male,Şabyā,Yacero,67909.52,SAR
Jessica,Phillips,jphillipsm@cdc.gov,Greece,Female,Polykárpi,Twinte,54156.98,EUR
Deborah,Perkins,dperkinsn@ovh.net,Pakistan,Female,Sobhādero,Feedfish,,PKR
Judith,Phillips,jphillipso@illinois.edu,China,Female,Lingkou,Brainverse,9831.89,CNY
Kathy,Ward,kwardp@auda.org.au,Bosnia and Herzegovina,Female,Koran,BlogXS,67933.30,BAM
Roger,Sanders,rsandersq@fda.gov,Russia,Male,Strogino,Flashset,76695.52,RUB
Paula,Henderson,phendersonr@mediafire.com,Mauritius,Female,Cap Malheureux,Trupe,70702.57,MUR
Mary,Russell,mrussells@123-reg.co.uk,China,Female,Liutao,Realbuzz,40121.86,CNY
Anthony,Flores,aflorest@theglobeandmail.com,France,Male,Paris 08,Wikivu,96455.94,EUR
Benjamin,Ferguson,bfergusonu@about.com,China,Male,Chedao,Twinte,58577.91,CNY
Janice,Simmons,jsimmonsv@cbc.ca,China,Female,Houzhai,Eamia,16676.88,CNY
Bruce,Weaver,bweaverw@simplemachines.org,France,Male,Vélizy-Villacoublay,Mymm,81054.43,EUR
Rose,Mendoza,rmendozax@mozilla.org,Indonesia,Female,Teluk Pinang,Wikivu,10515.50,IDR
Brenda,Dean,bdeany@vistaprint.com,China,Female,Chechenglu,Demizz,,CNY
Ashley,Weaver,aweaverz@bbc.co.uk,Argentina,Female,Concordia,Browsezoom,60243.91,ARS
Nicole,Anderson,nanderson10@csmonitor.com,China,Female,Yucun,Realbridge,14931.75,CNY
Peter,Wheeler,pwheeler11@unesco.org,Japan,Male,Ishinomaki,Fivespan,35010.05,JPY
Ann,Henry,ahenry12@cdbaby.com,Norway,Female,Sandefjord,Yakijo,76507.34,NOK
Lawrence,Cox,lcox13@weather.com,China,Male,Gouping,Meevee,3542.54,CNY
Kathleen,Chavez,kchavez14@hao123.com,Argentina,Female,Villa de Soto,Ailane,70642.69,ARS
Debra,Fuller,dfuller15@admin.ch,Finland,Female,Malax,Cogilith,79360.90,EUR
Christine,Patterson,cpatterson16@washington.edu,Peru,Female,Cachachi,Photojam,92945.18,PEN
Earl,Ramirez,eramirez17@discuz.net,Sweden,Male,Västra Frölunda,Brainsphere,88169.10,SEK
Victor,Price,vprice18@google.pl,Kazakhstan,Male,Atyrau,Skidoo,37353.48,KZT
Charles,Ryan,cryan19@pinterest.com,Poland,Male,Szamotuły,Jayo,70690.34,PLN
Judy,Elliott,jelliott1a@mozilla.com,Brazil,Female,Bagé,Topicshots,49443.63,BRL
Donald,Gomez,dgomez1b@hubpages.com,Japan,Male,Hasaki,Agivu,89473.21,JPY
Bruce,Kim,bkim1c@1und1.de,Norway,Male,Trondheim,Trunyx,53239.30,NOK
Theresa,King,tking1d@hhs.gov,Yemen,Female,Ḑawrān ad Daydah,Skyble,60156.79,YER
Marilyn,Graham,mgraham1e@w3.org,China,Female,Huangmao,Mudo,42417.48,CNY
Doris,Williams,dwilliams1f@cdbaby.com,Albania,Female,Kolç,Trudoo,44188.27,ALL
Fred,Ryan,fryan1g@mysql.com,Brazil,Male,Itabira,Jatri,8179.69,BRL
Linda,Allen,lallen1h@freewebs.com,Philippines,Female,Aloleng,Jayo,18260.53,PHP
Betty,Long,blong1i@e-recht24.de,Indonesia,Female,Banda Layung,Yodoo,35382.60,IDR
Dorothy,Edwards,dedwards1j@va.gov,Bolivia,Female,San Borja,Brightdog,,BOB
Aaron,Jacobs,ajacobs1k@youtu.be,Portugal,Male,Sete Cidades,Kazu,4470.26,EUR
David,Mcdonald,dmcdonald1l@barnesandnoble.com,South Africa,Male,Messina,Babbleopia,20267.59,ZAR
Marie,Austin,maustin1m@ca.gov,United States,Female,Santa Rosa,Feedbug,70024.26,USD
Dennis,Kelley,dkelley1n@bloomberg.com,China,Male,Qingliu,Lajo,85601.10,CNY
David,Walker,dwalker1o@irs.gov,Portugal,Male,Mosteiros,Meevee,9667.22,EUR
Matthew,Freeman,mfreeman1p@google.com,Lithuania,Male,Kybartai,Feedspan,53172.64,LTL
Sara,Reyes,sreyes1q@ft.com,Indonesia,Female,Aliuroba,Photobug,61570.78,IDR
Jack,Castillo,jcastillo1r@sciencedaily.com,Portugal,Male,Pinhal General,Youfeed,94217.09,EUR
Judith,James,jjames1s@360.cn,France,Female,Nîmes,Mycat,84636.31,EUR
Charles,Fuller,cfuller1t@netvibes.com,Slovenia,Male,Sv. Anton,Flashpoint,92084.49,EUR
Katherine,Evans,kevans1u@pcworld.com,China,Female,Hongqiao,Gabtune,69525.20,CNY
Jimmy,Green,jgreen1v@unc.edu,Japan,Male,Okinawa,Podcat,38860.06,JPY
Christopher,Perkins,cperkins1w@nationalgeographic.com,Brazil,Male,Codó,Devify,16721.60,BRL
Ruth,Brooks,rbrooks1x@businessweek.com,Panama,Female,Chame,Jayo,48426.68,PAB
Mildred,Perkins,mperkins1y@time.com,China,Female,Xinhe,Tagfeed,32196.67,CNY
Melissa,Duncan,mduncan1z@samsung.com,Russia,Female,Pavlovskaya,Thoughtbeat,30504.45,RUB
Jessica,Jackson,jjackson20@youtu.be,Canada,Female,Bells Corners,Thoughtblab,37889.46,CAD
Norma,Lopez,nlopez21@ocn.ne.jp,Indonesia,Female,Boro Utara,Trupe,52708.57,IDR
Raymond,Torres,rtorres22@weibo.com,Poland,Male,Rączna,Oba,60687.97,PLN
Annie,Myers,amyers23@scribd.com,Vietnam,Female,Quán Hành,Thoughtworks,55330.22,VND
George,Harper,gharper24@microsoft.com,China,Male,Jiangjia,Mydo,25368.31,CNY
Norma,Flores,nflores25@posterous.com,South Africa,Female,Bethlehem,Quimm,,ZAR
Daniel,Baker,dbaker26@mapquest.com,Philippines,Male,Llanera,Dabtype,19071.79,PHP
Lawrence,Boyd,lboyd27@bloglines.com,Brazil,Male,Panambi,Vinder,35400.20,BRL
Anne,Wells,awells28@yellowpages.com,East Timor,Female,Dili,Zava,67772.34,USD
Joan,Adams,jadams29@creativecommons.org,Russia,Female,Krasnokamsk,Leexo,46012.03,RUB
Roger,Freeman,rfreeman2a@utexas.edu,Philippines,Male,Rizal,Topicware,47708.35,PHP
Catherine,Rose,crose2b@unblog.fr,China,Female,Dongying,Zoomdog,96657.88,CNY
Juan,Perkins,jperkins2c@sun.com,Japan,Male,Itoman,Dabvine,37088.93,JPY
Rose,Myers,rmyers2d@privacy.gov.au,Bosnia and Herzegovina,Female,Gnojnica,Skidoo,7773.44,BAM
Debra,Stanley,dstanley2e@odnoklassniki.ru,Japan,Female,Kanda,Zoomlounge,5380.96,JPY
Raymond,Wilson,rwilson2f@dion.ne.jp,Indonesia,Male,Kalisabuk,Tagchat,81737.98,IDR
Howard,Bowman,hbowman2g@skyrock.com,Sweden,Male,Luleå,Twiyo,15418.05,SEK
Mark,Bowman,mbowman2h@state.gov,Guatemala,Male,Santa Cruz Balanyá,Tagfeed,4062.96,GTQ
Clarence,Riley,criley2i@youtube.com,Croatia,Male,Brinje,Fanoodle,65457.99,HRK
Michael,Price,mprice2j@youtu.be,Poland,Male,Baborów,Gigashots,14426.30,PLN
Katherine,Cunningham,kcunningham2k@gmpg.org,Ukraine,Female,Nyzhni Petrivtsi,Jetwire,91821.39,UAH
Todd,Stone,tstone2l@google.ca,China,Male,Miyang,Minyx,,CNY
Jonathan,Bradley,jbradley2m@rakuten.co.jp,Portugal,Male,Olhão,Kwideo,89018.09,EUR
Todd,Hart,thart2n@soup.io,China,Male,Anzihao,Teklist,58608.59,CNY
Mary,Clark,mclark2o@businessinsider.com,Brazil,Female,Rio Negro,Youbridge,51802.45,BRL
Linda,Phillips,lphillips2p@msu.edu,Macedonia,Female,Srbica,Twiyo,78857.68,MKD
Andrea,Watkins,awatkins2q@berkeley.edu,China,Female,Yanwan,Dynava,58987.02,CNY
Betty,Shaw,bshaw2r@dyndns.org,Malawi,Female,Zomba,Demizz,8755.82,MWK
Lawrence,Bishop,lbishop2s@oakley.com,Indonesia,Male,Lohong,Kwimbee,,IDR
Steven,Young,syoung2t@princeton.edu,China,Male,Qinggang,Gigazoom,4068.69,CNY
Angela,Frazier,afrazier2u@yahoo.com,Japan,Female,Kanda,Tagchat,68777.91,JPY
Nicholas,Riley,nriley2v@altervista.org,Trinidad and Tobago,Male,Siparia,Eidel,67561.66,TTD
Amanda,Gordon,agordon2w@ifeng.com,Russia,Female,Mikhaylovka,Mymm,68475.35,RUB
Jennifer,Peterson,jpeterson2x@shinystat.com,Ukraine,Female,Verkhnyachka,Zoovu,54318.08,UAH
Brandon,Roberts,broberts2y@godaddy.com,Nigeria,Male,Tokombere,Fivespan,80744.25,NGN
Carlos,Duncan,cduncan2z@marriott.com,Canada,Male,Owen Sound,Kayveo,,CAD
Alice,Ray,aray30@ox.ac.uk,Bosnia and Herzegovina,Female,Obudovac,Thoughtworks,,BAM
Kelly,Harvey,kharvey31@va.gov,Philippines,Female,Impalutao,Mydeo,49426.18,PHP
Kathryn,Olson,kolson32@oracle.com,Indonesia,Female,Lenakapa,Riffpath,98856.77,IDR
Justin,Hamilton,jhamilton33@sourceforge.net,South Korea,Male,Kwangju,Tazz,,KRW
Kevin,Burns,kburns34@mit.edu,Ukraine,Male,Hupalivka,Shufflebeat,,UAH
Thomas,Parker,tparker35@amazon.com,Czech Republic,Male,Hořice,Agimba,32391.05,CZK
Ralph,Myers,rmyers36@edublogs.org,Germany,Male,Dresden,Gabspot,17639.77,EUR
Joe,Moreno,jmoreno37@phpbb.com,Yemen,Male,Ḩarīb,Gabspot,56940.14,YER
Janet,Ramos,jramos38@rediff.com,Kazakhstan,Female,Aral,Brightdog,77058.76,KZT
Kenneth,Campbell,kcampbell39@mapy.cz,Portugal,Male,Lomba,Jatri,9232.03,EUR
Bonnie,Myers,bmyers3a@google.com.au,Poland,Female,Stara Kiszewa,Reallinks,66626.58,PLN
Douglas,Rose,drose3b@photobucket.com,Spain,Male,Santander,Yodo,,EUR
Jose,Mills,jmills3c@constantcontact.com,China,Male,Wanrongjiang,Thoughtstorm,88276.87,CNY
Edward,Payne,epayne3d@abc.net.au,Czech Republic,Male,Kostelec nad Černými Lesy,Eayo,69478.47,CZK
Nancy,Harper,nharper3e@senate.gov,Russia,Female,Manzherok,Thoughtworks,27133.81,RUB
Samuel,Torres,storres3f@clickbank.net,Sweden,Male,Borlänge,Chatterpoint,24288.11,SEK
Jason,Davis,jdavis3g@biglobe.ne.jp,Indonesia,Male,Karangdawa Barat,Twinder,96004.49,IDR
Lillian,Bradley,lbradley3h@sciencedaily.com,Guatemala,Female,Sibinal,Feedspan,12867.69,GTQ
Kenneth,Lawrence,klawrence3i@com.com,Indonesia,Male,Jembangan,Kayveo,,IDR
Michelle,Campbell,mcampbell3j@nydailynews.com,Ireland,Female,Trá Mhór,Devpulse,97468.30,EUR
Willie,Gilbert,wgilbert3k@bizjournals.com,Ethiopia,Male,Āsasa,Trilith,,ETB
Jeremy,Gibson,jgibson3l@goodreads.com,China,Male,Lihu,Pixope,60800.75,CNY
Terry,Collins,tcollins3m@uol.com.br,Poland,Male,Domaradz,Skyndu,11407.61,PLN
Ernest,Tucker,etucker3n@usgs.gov,Indonesia,Male,Bulusari,Divavu,42239.00,IDR
Gerald,Shaw,gshaw3o@unblog.fr,Paraguay,Male,Nueva Germania,Kimia,15747.40,PYG
Amanda,Tucker,atucker3p@booking.com,Sweden,Female,Valdemarsvik,Twitterbridge,23092.95,SEK
Randy,Burke,rburke3q@arstechnica.com,Bolivia,Male,Viloco,Kimia,88666.21,BOB
Shirley,Moreno,smoreno3r@stumbleupon.com,Indonesia,Female,Naebugis,Topicstorm,85771.95,IDR
Gerald,Berry,gberry3s@sourceforge.net,Peru,Male,Asia,Quatz,51142.90,PEN
Nicole,Austin,naustin3t@zdnet.com,Norway,Female,Bergen,Gigazoom,22818.72,NOK
Bonnie,Powell,bpowell3u@yandex.ru,Philippines,Female,San Pedro,Jaxbean,7532.43,PHP
Fred,Martinez,fmartinez3v@ovh.net,Poland,Male,Sierakowice,Eabox,42529.36,PLN
Carol,Jackson,cjackson3w@blogs.com,Russia,Female,Petrozavodsk,Dynazzy,98589.46,RUB
Ryan,Palmer,rpalmer3x@mediafire.com,Colombia,Male,Florencia,Wordtune,24579.23,COP
Christina,Taylor,ctaylor3y@irs.gov,Japan,Female,Sakura,Twinder,26271.04,JPY
Victor,Hicks,vhicks3z@netlog.com,Denmark,Male,København,Quimm,81157.07,DKK
Michael,Cox,mcox40@imdb.com,United States,Male,Cheyenne,Thoughtworks,,USD
Larry,Harper,lharper41@list-manage.com,Bulgaria,Male,Velingrad,Gabcube,14361.59,BGN
Todd,Stephens,tstephens42@nature.com,Sweden,Male,Hällefors,Blogtag,60828.87,SEK
Barbara,Allen,ballen43@opensource.org,Ukraine,Female,Lisovi Sorochyntsi,Eire,24884.99,UAH
Louis,Williams,lwilliams44@myspace.com,Russia,Male,Tikhvin,Chatterbridge,44109.32,RUB
Nancy,Payne,npayne45@furl.net,Pakistan,Female,Thatta,Dabshots,63005.15,PKR
Anna,Campbell,acampbell46@wikispaces.com,China,Female,Fengcheng,Jaxworks,38848.61,CNY
Jason,Marshall,jmarshall47@behance.net,Indonesia,Male,Ciherang,Edgeclub,4195.77,IDR
Eric,Jenkins,ejenkins48@newsvine.com,China,Male,Julun,Photobean,27656.42,CNY
Laura,Nichols,lnichols49@reddit.com,China,Female,Erjia,Oyope,33878.05,CNY
Michelle,Stewart,mstewart4a@ehow.com,Philippines,Female,Linmansangan,Centimia,51095.01,PHP
Theresa,Castillo,tcastillo4b@java.com,China,Female,Dongshandi,Yoveo,99404.67,CNY
Jesse,Thompson,jthompson4c@hp.com,Indonesia,Male,Margoyoso,Mudo,68196.83,IDR
Jack,Kennedy,jkennedy4d@usgs.gov,Indonesia,Male,Nggambel,Agivu,86833.39,IDR
Joan,Peters,jpeters4e@facebook.com,Brazil,Female,Costeira do Pirajubae,Buzzshare,,BRL
Patrick,Robertson,probertson4f@mit.edu,Vietnam,Male,Chợ Gạo,Mybuzz,84899.71,VND
Dorothy,Lawrence,dlawrence4g@youku.com,Sri Lanka,Female,Batticaloa,Brightbean,98762.61,LKR
Melissa,Kim,mkim4h@scientificamerican.com,Macedonia,Female,Srbinovo,Rhycero,90191.38,MKD
Patricia,Gomez,pgomez4i@shutterfly.com,Czech Republic,Female,Albrechtice,Aibox,76335.53,CZK
Marie,Walker,mwalker4j@nhs.uk,Zimbabwe,Female,Nyanga,Flashdog,944.59,ZWL
Carolyn,Richardson,crichardson4k@fema.gov,Laos,Female,Xiang Ngeun,Zoomlounge,17447.01,LAK
Ryan,Day,rday4l@indiegogo.com,Portugal,Male,Covas da Raposa,Vitz,96871.35,EUR
Louise,Simmons,lsimmons4m@tiny.cc,Indonesia,Female,Ulimonong,Feedmix,17380.40,IDR
Catherine,Thomas,cthomas4n@reuters.com,Indonesia,Female,Sebasang,Jaloo,77044.70,IDR
Betty,Smith,bsmith4o@cmu.edu,Philippines,Female,Cabagan,Shufflebeat,2332.61,PHP
Ryan,Evans,revans4p@myspace.com,China,Male,Donglai,Flashspan,65304.36,CNY
Keith,Carr,kcarr4q@alibaba.com,Indonesia,Male,Oemanu,Avaveo,32728.32,IDR
Harry,Wright,hwright4r@joomla.org,China,Male,Xinqiao,Jabberstorm,70876.73,CNY
James,Cole,jcole4s@shop-pro.jp,Russia,Male,Mozdok,Skinix,11529.92,RUB
Louis,Allen,lallen4t@reddit.com,Czech Republic,Male,Netvořice,Trilia,43800.21,CZK
Timothy,Riley,triley4u@tripadvisor.com,China,Male,Guxian,Kaymbo,27605.02,CNY
Edward,Fields,efields4v@privacy.gov.au,United States,Male,Jeffersonville,Skynoodle,,USD
Beverly,Mills,bmills4w@state.tx.us,France,Female,Dijon,Wordtune,2601.37,EUR
Judith,Cole,jcole4x@cornell.edu,Mexico,Female,Lazaro Cardenas,Thoughtsphere,11767.10,MXN
Wayne,Adams,wadams4y@umich.edu,El Salvador,Male,La Unión,Agimba,92666.09,USD
Diana,Williams,dwilliams4z@ask.com,Mexico,Female,Guadalupe,Photospace,85704.93,MXN
Amanda,Morris,amorris50@tiny.cc,Mexico,Female,San Jose,Trudoo,,MXN
Sara,Jenkins,sjenkins51@liveinternet.ru,Portugal,Female,Donim,Fiveclub,,EUR
Earl,Bennett,ebennett52@miibeian.gov.cn,Indonesia,Male,Bagu,Photojam,26579.78,IDR
Larry,Stevens,lstevens53@disqus.com,Venezuela,Male,San Diego,Flipopia,5734.88,VEF
Jeremy,Bailey,jbailey54@ucoz.com,China,Male,Yangzhuang,Mita,,CNY
Jeremy,Fowler,jfowler55@devhub.com,Colombia,Male,Obando,Trunyx,94889.89,COP
Amy,Ortiz,aortiz56@marketwatch.com,Indonesia,Female,Pasinan Barat,Realmix,,IDR
Katherine,Greene,kgreene57@indiatimes.com,China,Female,Xinsheng,Meeveo,69318.91,CNY
Dorothy,Reed,dreed58@joomla.org,Ireland,Female,Bagenalstown,Edgewire,71303.30,EUR
Jane,Allen,jallen59@hugedomains.com,France,Female,Poitiers,Topicblab,27240.15,EUR
Kenneth,Hicks,khicks5a@tripod.com,Poland,Male,Rokietnica,Buzzdog,57777.77,PLN
Doris,Graham,dgraham5b@bbc.co.uk,Palestinian Territory,Female,Mardā,Mybuzz,,ILS
Kelly,Wright,kwright5c@ca.gov,Brazil,Female,Carianos,Bluejam,,BRL
Kimberly,Fernandez,kfernandez5d@deviantart.com,Chile,Female,Carahue,Geba,2412.01,CLP
Tina,Lawrence,tlawrence5e@buzzfeed.com,Croatia,Female,Rešetari,Yombu,73821.89,HRK
Teresa,Warren,twarren5f@virginia.edu,Indonesia,Female,Sua,Vinder,86860.56,IDR
Susan,Simmons,ssimmons5g@fastcompany.com,Portugal,Female,Vide,Agimba,82763.69,EUR
Paula,Rodriguez,prodriguez5h@blogtalkradio.com,Portugal,Female,Lugar Novo,Devcast,46090.06,EUR
Frank,Hill,fhill5i@washington.edu,France,Male,Le Mans,Ainyx,60055.97,EUR
Helen,Martin,hmartin5j@sogou.com,Indonesia,Female,Siwalan,Dablist,22957.55,IDR
Matthew,Jones,mjones5k@smugmug.com,Indonesia,Male,Arosbaya,Jabberstorm,64113.08,IDR
Teresa,Mccoy,tmccoy5l@google.co.jp,China,Female,Zhougao,Aivee,30641.27,CNY
Lois,Cooper,lcooper5m@spiegel.de,Argentina,Female,Colonia Aurora,Gigabox,92494.13,ARS
Mildred,Hudson,mhudson5n@fda.gov,China,Female,Dagou,Zoomzone,,CNY
Alice,Young,ayoung5o@php.net,France,Female,Cambrai,Feedmix,79343.26,EUR
William,Perry,wperry5p@bravesites.com,China,Male,Jianchang,Ntags,63898.75,CNY
Frances,Lee,flee5q@123-reg.co.uk,Russia,Female,Dal’nerechensk,Shufflebeat,86322.45,RUB
Gregory,Mendoza,gmendoza5r@yahoo.co.jp,Thailand,Male,Na Yung,Youtags,1724.21,THB
Kathryn,Mason,kmason5s@ft.com,Kuwait,Female,Al Faḩāḩīl,Npath,,KWD
Andrew,Morris,amorris5t@webs.com,Cameroon,Male,Bekondo,Livefish,33492.57,XAF
Nicole,Carroll,ncarroll5u@hhs.gov,China,Female,Jingping,Roodel,82824.10,CNY
Aaron,Martin,amartin5v@bloomberg.com,Ecuador,Male,Latacunga,Mybuzz,65076.27,USD
Gloria,Bailey,gbailey5w@theatlantic.com,Mongolia,Female,Burgaltay,Jabbersphere,30886.45,MNT
Steve,Gilbert,sgilbert5x@dyndns.org,Finland,Male,Utsjoki,Topiczoom,28057.68,EUR
Timothy,Graham,tgraham5y@gravatar.com,Bosnia and Herzegovina,Male,Hiseti,Cogidoo,,BAM
Elizabeth,Bradley,ebradley5z@cocolog-nifty.com,Poland,Female,Bogatynia,Leenti,35229.34,PLN
Jesse,Nichols,jnichols60@scientificamerican.com,France,Male,Rungis,Quatz,48200.46,EUR
Angela,Price,aprice61@bizjournals.com,United States,Female,Greensboro,Vinte,55276.44,USD
Rebecca,Bailey,rbailey62@oracle.com,South Africa,Female,Worcester,Rhyzio,32712.73,ZAR
Dennis,Moore,dmoore63@wix.com,Brazil,Male,Conceição do Jacuípe,Youtags,91156.48,BRL
Matthew,Roberts,mroberts64@unicef.org,Belarus,Male,Sapotskin,Voolia,83314.81,BYR
Frances,Carpenter,fcarpenter65@1und1.de,Philippines,Female,Palangue,Vimbo,37688.86,PHP
Helen,Walker,hwalker66@mail.ru,Ukraine,Female,Bilyayivka,Yabox,58651.16,UAH
Rose,Adams,radams67@ustream.tv,Philippines,Female,Lais,Dazzlesphere,75801.74,PHP
Donald,Rice,drice68@plala.or.jp,Brazil,Male,Rio Novo do Sul,Browsebug,24171.63,BRL
Mary,Fisher,mfisher69@nytimes.com,China,Female,Xiushan,Demimbu,65774.27,CNY
Larry,Gilbert,lgilbert6a@wikimedia.org,France,Male,Montreuil,Quinu,18438.65,EUR
Rebecca,Kelley,rkelley6b@squarespace.com,Lithuania,Female,Birštonas,Photolist,,LTL
Ann,Moore,amoore6c@sciencedaily.com,China,Female,Guangang,Eimbee,37121.30,CNY
Charles,Hudson,chudson6d@amazon.co.uk,Burkina Faso,Male,Ouahigouya,Photospace,,XOF
Louis,Mccoy,lmccoy6e@google.com,China,Male,Shanlian,Feedbug,72630.00,CNY
Patrick,Hall,phall6f@goo.ne.jp,China,Male,Henglin,Dynabox,75771.06,CNY
Michelle,Myers,mmyers6g@earthlink.net,China,Female,Hehe,Bubbletube,23063.94,CNY
Joan,Watson,jwatson6h@bandcamp.com,Canada,Female,Baie-Comeau,Kare,29493.83,CAD
Dennis,Moreno,dmoreno6i@salon.com,China,Male,Weichanglu,Twiyo,80519.46,CNY
Lisa,Owens,lowens6j@nps.gov,China,Female,Zhenjiang,Topicshots,54367.39,CNY
Christina,Lawson,clawson6k@smugmug.com,Ukraine,Female,Vin’kivtsi,Zooxo,,UAH
Amanda,Jackson,ajackson6l@wordpress.org,France,Female,Vitrolles,Agivu,66082.96,EUR
Anthony,Oliver,aoliver6m@booking.com,Palestinian Territory,Male,Faqqū‘ah,Wikizz,72021.23,ILS
Joyce,Lane,jlane6n@washington.edu,Czech Republic,Female,Moravská Třebová,Jaxbean,64775.93,CZK
Bobby,Palmer,bpalmer6o@skyrock.com,Argentina,Male,Rawson,Abatz,27230.88,ARS
Bruce,Robinson,brobinson6p@vimeo.com,Gambia,Male,Jakhaly,Rhynoodle,95018.27,GMD
Cynthia,Robertson,crobertson6q@newyorker.com,Ethiopia,Female,Gewanē,Linkbridge,7399.48,ETB
Evelyn,Gutierrez,egutierrez6r@a8.net,Paraguay,Female,Horqueta,Dabfeed,93556.82,PYG
Paul,Crawford,pcrawford6s@usa.gov,China,Male,Qiaozhen,Twitterworks,5084.61,CNY
Harold,Hart,hhart6t@time.com,China,Male,Jiezi,Geba,47294.45,CNY
Lisa,Young,lyoung6u@aol.com,Philippines,Female,Limulan,Jabberbean,6042.86,PHP
Rose,Alexander,ralexander6v@histats.com,China,Female,Dalai,Voomm,32549.16,CNY
Angela,Medina,amedina6w@weebly.com,Indonesia,Female,Krajan Karangwage,Wikibox,33558.01,IDR
Evelyn,Dunn,edunn6x@xinhuanet.com,Central African Republic,Female,Gamboula,Avamm,41926.71,XAF
Melissa,Peterson,mpeterson6y@acquirethisname.com,Ukraine,Female,Serednye,Quamba,76462.75,UAH
Brandon,Reid,breid6z@archive.org,Indonesia,Male,Cilangla,Twimbo,97725.81,IDR
Richard,Garza,rgarza70@tamu.edu,Philippines,Male,Halayhayin,Oyoba,16134.58,PHP
Anthony,Jones,ajones71@ted.com,China,Male,Xiangshi,Bluezoom,,CNY
Bruce,Parker,bparker72@hugedomains.com,Philippines,Male,Matinao,Skivee,66519.90,PHP
Ann,Wilson,awilson73@prnewswire.com,Philippines,Female,Kalandagan,Jaxbean,15230.38,PHP
Antonio,Lynch,alynch74@gov.uk,Peru,Male,Amashca,Quinu,29436.19,PEN
Matthew,Clark,mclark75@who.int,China,Male,Hufeng,Edgeblab,27186.04,CNY
Gerald,Howard,ghoward76@cloudflare.com,China,Male,Jiading,Wikibox,9381.76,CNY
Paul,Morgan,pmorgan77@sogou.com,Colombia,Male,Fosca,Gigashots,67560.38,COP
Nancy,Lynch,nlynch78@parallels.com,Kosovo,Female,Vitina,Wordpedia,98705.93,EUR
Craig,Wright,cwright79@storify.com,Brazil,Male,Cabrobó,Innotype,58852.19,BRL
Catherine,Watkins,cwatkins7a@google.fr,Poland,Female,Czernikowo,Voolith,10267.98,PLN
Jennifer,Hunter,jhunter7b@foxnews.com,China,Female,Shatoujiao,Shufflester,3313.34,CNY
Jacqueline,Baker,jbaker7c@statcounter.com,Paraguay,Female,San Juan Bautista,Ozu,71127.84,PYG
Carolyn,Reyes,creyes7d@theglobeandmail.com,Peru,Female,Yuyapichis,Demimbu,74744.41,PEN
Ronald,Ramos,rramos7e@blogger.com,China,Male,Qiying,Vipe,47169.44,CNY
Lois,Lane,llane7f@google.com.br,Syria,Female,An Nāşirah,Ozu,,SYP
Michelle,Ellis,mellis7g@intel.com,Greece,Female,Kardamás,Mybuzz,60870.48,EUR
Helen,Hunter,hhunter7h@dyndns.org,Russia,Female,Baykalovo,Tazz,97395.42,RUB
Stephen,Garrett,sgarrett7i@soup.io,Philippines,Male,Sinubong,Agimba,87688.11,PHP
Ronald,Cox,rcox7j@vk.com,Indonesia,Male,Anjani Barat,Midel,26590.23,IDR
Donna,Duncan,dduncan7k@macromedia.com,Indonesia,Female,Lantera,Meeveo,87365.82,IDR
Ruby,Thomas,rthomas7l@chronoengine.com,China,Female,Taishan,Topicshots,,CNY
Michelle,Kim,mkim7m@reddit.com,Indonesia,Female,Soe,Blogtags,27244.54,IDR
Sandra,Morgan,smorgan7n@i2i.jp,Philippines,Female,Panganiban,Eimbee,,PHP
Ruth,Elliott,relliott7o@ask.com,Finland,Female,Sodankylä,Oyondu,77151.86,EUR
Pamela,Thomas,pthomas7p@hexun.com,Italy,Female,Laspezia,Podcat,69734.69,EUR
Ruby,Bishop,rbishop7q@marriott.com,Indonesia,Female,Maronge,Shuffletag,11120.89,IDR
Carolyn,Bryant,cbryant7r@pen.io,Philippines,Female,Payao,Jayo,66148.20,PHP
Teresa,Harrison,tharrison7s@joomla.org,China,Female,Jiangkou,Trunyx,18420.76,CNY
Gary,Williams,gwilliams7t@weather.com,China,Male,Ji’an,Fivechat,60426.40,CNY
Gary,Bryant,gbryant7u@opera.com,Czech Republic,Male,Nýdek,Zoomlounge,22178.06,CZK
Alan,Richardson,arichardson7v@i2i.jp,Slovenia,Male,Ribnica na Pohorju,Quaxo,45652.64,EUR
Pamela,Howell,phowell7w@whitehouse.gov,France,Female,Paris 19,Gabtune,,EUR
Richard,Mitchell,rmitchell7x@state.tx.us,Philippines,Male,Bakung,Flipbug,96161.16,PHP
Norma,Webb,nwebb7y@dmoz.org,Finland,Female,Joutsa,Wikizz,,EUR
Alan,Harper,aharper7z@mashable.com,Peru,Male,Chucatamani,Tagpad,52711.34,PEN
Philip,Jacobs,pjacobs80@rambler.ru,Indonesia,Male,Nunmanu,Kazu,18212.26,IDR
Tina,Martin,tmartin81@jugem.jp,Finland,Female,Piippola,Blogpad,86073.46,EUR
Andrea,Gomez,agomez82@amazon.de,China,Female,Zhixia,Tazzy,17065.55,CNY
Teresa,Perry,tperry83@unblog.fr,China,Female,Guodu,Teklist,93538.46,CNY
Theresa,Lawrence,tlawrence84@1688.com,China,Female,Niba,Chatterpoint,56496.66,CNY
Christina,Hawkins,chawkins85@instagram.com,China,Female,Weixin,Teklist,71028.12,CNY
Jose,Smith,jsmith86@ucsd.edu,Greece,Male,Áno Kalentíni,Eidel,,EUR
Brandon,Stewart,bstewart87@geocities.jp,Greece,Male,Marathókampos,Twitterbeat,34992.65,EUR
Arthur,Nguyen,anguyen88@shinystat.com,Portugal,Male,Charneca da Cotovia,Photospace,6960.14,EUR
Russell,Russell,rrussell89@marketwatch.com,Portugal,Male,Calhetas,Wikibox,16856.98,EUR
Philip,Lewis,plewis8a@webmd.com,China,Male,Tuba,Vinte,18069.80,CNY
Jane,Henry,jhenry8b@wikispaces.com,Sweden,Female,Töreboda,Oyoba,,SEK
Donald,Williamson,dwilliamson8c@unblog.fr,Indonesia,Male,Sale,Dabfeed,,IDR
Cheryl,Stanley,cstanley8d@seesaa.net,Finland,Female,Kalvola,Skidoo,94621.98,EUR
Ryan,James,rjames8e@wikispaces.com,China,Male,Gaozhuang,Babblestorm,18490.74,CNY
Christine,Harvey,charvey8f@unicef.org,Poland,Female,Radziszów,Chatterpoint,96720.72,PLN
Phyllis,Weaver,pweaver8g@desdev.cn,China,Female,Youyang,Agimba,,CNY
Donna,Arnold,darnold8h@fda.gov,Norway,Female,Oslo,Realbuzz,14631.37,NOK
Evelyn,Fields,efields8i@microsoft.com,Poland,Female,Swiętajno,Katz,82229.05,PLN
Gregory,Kelly,gkelly8j@dell.com,Bangladesh,Male,Tungi,Gigaclub,73866.24,BDT
Jack,Myers,jmyers8k@parallels.com,Sweden,Male,Vilhelmina,Brainlounge,20278.61,SEK
Brenda,Ryan,bryan8l@epa.gov,Philippines,Female,Kanluran,Mydeo,5499.12,PHP
Amanda,Jacobs,ajacobs8m@vk.com,Indonesia,Female,Lewograran,Eabox,28997.57,IDR
Christina,Gray,cgray8n@auda.org.au,Russia,Female,Shelopugino,Tazzy,86957.14,RUB
Louis,Myers,lmyers8o@dailymail.co.uk,Portugal,Male,Carvalho,Voonyx,63683.27,EUR
Ryan,Lee,rlee8p@forbes.com,Philippines,Male,San Ramon,Gigashots,,PHP
Joe,Carr,jcarr8q@amazon.co.uk,Indonesia,Male,Dresi Wetan,Riffwire,66786.35,IDR
Robin,Rivera,rrivera8r@purevolume.com,Cuba,Female,Manicaragua,Yoveo,11015.23,CUP
Bruce,Lane,blane8s@discuz.net,Netherlands,Male,Nijmegen,Skynoodle,,EUR
Eugene,Howard,ehoward8t@behance.net,Argentina,Male,Puerto Eldorado,Feedfish,1173.38,ARS
Ruby,Bishop,rbishop8u@ucsd.edu,Japan,Female,Kashiwazaki,Brainbox,18008.32,JPY
Katherine,Anderson,kanderson8v@imgur.com,South Korea,Female,Anseong,Skyndu,45144.11,KRW
Theresa,Burke,tburke8w@4shared.com,Haiti,Female,Gonayiv,Kwimbee,,HTG
Earl,Powell,epowell8x@craigslist.org,Dominican Republic,Male,Cana Chapetón,Minyx,31100.48,DOP
Jennifer,Bishop,jbishop8y@paginegialle.it,United States,Female,Lexington,Flipbug,76750.66,USD
Edward,Bishop,ebishop8z@businesswire.com,Indonesia,Male,Tegalgede Kulon,Minyx,34821.12,IDR
Judith,Gibson,jgibson90@economist.com,Russia,Female,Molochnoye,Feedbug,72637.81,RUB
Lawrence,Armstrong,larmstrong91@typepad.com,Haiti,Male,Acul du Nord,Livetube,,HTG
Matthew,Price,mprice92@usgs.gov,China,Male,Xuri,Babbleblab,59919.40,CNY
Raymond,Romero,rromero93@nature.com,Poland,Male,Prochowice,Fiveclub,35758.03,PLN
Sara,Patterson,spatterson94@ebay.com,France,Female,Longvic,Centidel,49752.34,EUR
Wanda,Shaw,wshaw95@amazon.co.uk,Moldova,Female,Floreşti,Skimia,62084.67,MDL
Harry,Meyer,hmeyer96@accuweather.com,China,Male,Hengliang,Jabbersphere,83734.95,CNY
Mary,Cruz,mcruz97@zimbio.com,Mongolia,Female,Tosontsengel,Divanoodle,10296.20,MNT
Evelyn,Sullivan,esullivan98@accuweather.com,Mexico,Female,Santiago,Tazz,30896.23,MXN
Michael,Butler,mbutler99@cpanel.net,Indonesia,Male,Trucuk,Mymm,69910.23,IDR
Philip,White,pwhite9a@wisc.edu,China,Male,Jiahe,Meedoo,9388.13,CNY
Ruby,Little,rlittle9b@chicagotribune.com,Japan,Female,Ōkawara,Photolist,24210.02,JPY
Lois,Cook,lcook9c@prweb.com,Indonesia,Female,Ntaur Satu,Katz,18694.72,IDR
Johnny,Reid,jreid9d@posterous.com,Thailand,Male,Nikhom Phattana,Leexo,15339.85,THB
Edward,Hicks,ehicks9e@archive.org,Indonesia,Male,Seso,Rhynyx,43686.67,IDR
Annie,Henderson,ahenderson9f@jimdo.com,Sweden,Female,Skövde,Meezzy,87542.41,SEK
Tammy,Gardner,tgardner9g@hp.com,Russia,Female,Somovo,Innotype,38165.61,RUB
Andrea,Robinson,arobinson9h@xinhuanet.com,Poland,Female,Paprotnia,Skalith,49773.80,PLN
Jennifer,Wright,jwright9i@msn.com,Macedonia,Female,Skopje,Bluezoom,1164.74,MKD
Eric,Howell,ehowell9j@msu.edu,Honduras,Male,Joconal,Linktype,63924.52,HNL
Diana,Knight,dknight9k@liveinternet.ru,Poland,Female,Uścimów Stary,Mycat,,PLN
Arthur,Vasquez,avasquez9l@paypal.com,China,Male,Dongjia,Photobug,65016.57,CNY
Rebecca,Schmidt,rschmidt9m@wufoo.com,Japan,Female,Akita Shi,Skiba,20188.89,JPY
Ronald,Morrison,rmorrison9n@desdev.cn,Philippines,Male,Estefania,Tazz,96080.58,PHP
Christine,Gutierrez,cgutierrez9o@wp.com,China,Female,Chengzihe,Yotz,85621.71,CNY
Dorothy,Tucker,dtucker9p@so-net.ne.jp,Russia,Female,Novoderevyankovskaya,Reallinks,50519.50,RUB
Katherine,Chapman,kchapman9q@bbb.org,Sweden,Female,Haninge,Teklist,22198.61,SEK
Carol,Hansen,chansen9r@bloomberg.com,Philippines,Female,Matanog,Wikivu,,PHP
Ernest,Bryant,ebryant9s@uol.com.br,China,Male,Doushaguan,Vitz,58066.16,CNY
Wanda,Ellis,wellis9t@zimbio.com,Poland,Female,Jawornik Polski,Thoughtstorm,79861.61,PLN
Jerry,Vasquez,jvasquez9u@washingtonpost.com,China,Male,Malin,Blogpad,86767.77,CNY
Alice,Mills,amills9v@ibm.com,China,Female,Dongtou,Skivee,72307.12,CNY
Paul,Bailey,pbailey9w@jigsy.com,Canada,Male,Sainte-Anne-de-Bellevue,Vinder,6207.29,CAD
Russell,Hall,rhall9x@engadget.com,New Caledonia,Male,Yaté-Barrage,Edgepulse,91878.28,XPF
Rachel,Watkins,rwatkins9y@blinklist.com,France,Female,Neuilly-sur-Seine,Quimm,35965.31,EUR
Michelle,Rice,mrice9z@dell.com,China,Female,Ganquan,Buzzbean,31910.22,CNY
Carlos,Lopez,clopeza0@mlb.com,Philippines,Male,Lunen,Agimba,,PHP
Gregory,Wells,gwellsa1@ycombinator.com,Papua New Guinea,Male,Madang,Yacero,,PGK
Benjamin,George,bgeorgea2@nhs.uk,Greece,Male,Alepoú,Babbleset,45543.15,EUR
Margaret,Wood,mwooda3@nytimes.com,Bosnia and Herzegovina,Female,Hotonj,Aivee,40395.31,BAM
Jimmy,Oliver,jolivera4@surveymonkey.com,China,Male,Futian,Snaptags,73763.01,CNY
Steven,Crawford,scrawforda5@gravatar.com,Peru,Male,Maras,Skaboo,91074.58,PEN
Wayne,Arnold,warnolda6@tripod.com,Russia,Male,Ovsyanka,Snaptags,8023.08,RUB
Brian,Ruiz,bruiza7@sphinn.com,China,Male,Dongchen,Topiczoom,54869.06,CNY
Chris,Foster,cfostera8@irs.gov,Belarus,Male,Karanyowka,Avaveo,6428.79,BYR
Joyce,Thompson,jthompsona9@berkeley.edu,Macedonia,Female,Shtip,Jamia,73209.59,MKD
Steven,Armstrong,sarmstrongaa@csmonitor.com,Indonesia,Male,Karanglo,Flipopia,23676.76,IDR
Billy,Hanson,bhansonab@bloomberg.com,Poland,Male,Mława,Avavee,6955.26,PLN
Charles,Powell,cpowellac@ox.ac.uk,France,Male,Lannion,Podcat,25939.00,EUR
Steve,Snyder,ssnyderad@adobe.com,China,Male,Dana,Eazzy,24200.88,CNY
John,Watson,jwatsonae@behance.net,China,Male,Xiejia,Centizu,50133.52,CNY
Jean,Greene,jgreeneaf@apache.org,Portugal,Female,Lamas,Miboo,22106.71,EUR
Louise,Parker,lparkerag@npr.org,France,Female,Bobigny,Abata,35851.74,EUR
Anna,Stanley,astanleyah@vinaora.com,Sweden,Female,Nässjö,Dynabox,45679.54,SEK
Rebecca,Hudson,rhudsonai@mashable.com,Indonesia,Female,Bojongsari,Photospace,,IDR
Wanda,Payne,wpayneaj@ibm.com,Indonesia,Female,Kradinan,Shuffletag,92561.92,IDR
Marie,Fernandez,mfernandezak@nba.com,Canada,Female,Belfast,Avaveo,95924.71,CAD
Jeremy,Moreno,jmorenoal@mlb.com,Germany,Male,Dresden,Tagpad,78727.05,EUR
Terry,Warren,twarrenam@gmpg.org,Russia,Male,Miasskoye,Riffpath,40851.02,RUB
Marie,Payne,mpaynean@cbc.ca,Indonesia,Female,Pandat,Avaveo,,IDR
Tina,Torres,ttorresao@diigo.com,Sweden,Female,Linköping,Yodo,891.93,SEK
Gregory,Wheeler,gwheelerap@csmonitor.com,China,Male,Chonghe,Yadel,75668.78,CNY
Philip,Davis,pdavisaq@ebay.co.uk,Yemen,Male,Al Qurayshīyah,Jabberbean,59635.24,YER
Ruby,Black,rblackar@de.vu,Uzbekistan,Female,Komsomol’skiy,Kimia,27521.43,UZS
Jane,Ramos,jramosas@barnesandnoble.com,Ukraine,Female,Dobropillya,Voonder,30887.34,UAH
Craig,Stevens,cstevensat@so-net.ne.jp,Russia,Male,Novyy Oskol,Pixonyx,94253.28,RUB
Sarah,Wright,swrightau@smh.com.au,Brazil,Female,Matriz de Camaragibe,Voomm,81144.45,BRL
Michelle,Brown,mbrownav@whitehouse.gov,Russia,Female,Kalininaul,Topiczoom,51354.07,RUB
Nancy,Warren,nwarrenaw@cmu.edu,Pakistan,Female,Kot Sultan,Photobug,62387.68,PKR
Theresa,Richards,trichardsax@bloomberg.com,United States,Female,Pittsburgh,Devcast,,USD
Louis,Watson,lwatsonay@alibaba.com,China,Male,Hailang,Livetube,91259.50,CNY
Randy,Berry,rberryaz@nasa.gov,Argentina,Male,General Martín Miguel de Güemes,Wikibox,80984.12,ARS
Shawn,Lopez,slopezb0@tripod.com,Indonesia,Male,Cibinong Satu,Podcat,45118.30,IDR
Randy,Baker,rbakerb1@tuttocitta.it,Denmark,Male,København,Voolia,80739.27,DKK
Gregory,Banks,gbanksb2@123-reg.co.uk,Brazil,Male,Araguari,Kanoodle,19736.33,BRL
Thomas,Cooper,tcooperb3@tamu.edu,Indonesia,Male,Prantaan,Jaxworks,40068.39,IDR
Anna,Lawrence,alawrenceb4@va.gov,Brazil,Female,Penedo,Voolith,95274.00,BRL
Teresa,Snyder,tsnyderb5@paypal.com,Ukraine,Female,Osypenko,Twitterbridge,46002.57,UAH
Andrea,Mills,amillsb6@google.com,France,Female,Saint-Maurice,Voonix,,EUR
Earl,Lopez,elopezb7@theglobeandmail.com,Portugal,Male,Mosteirô,Twitterworks,91366.38,EUR
Shirley,Moreno,smorenob8@etsy.com,Russia,Female,Rassvet,Fliptune,,RUB
Julie,Bryant,jbryantb9@nps.gov,China,Female,Kuaidamao,Digitube,95423.48,CNY
Elizabeth,Ramos,eramosba@163.com,Poland,Female,Drohiczyn,Photojam,65473.86,PLN
Joan,Walker,jwalkerbb@springer.com,China,Female,Chengyang,Tagfeed,88346.25,CNY
Billy,Perez,bperezbc@marketwatch.com,Indonesia,Male,Curahkalak Tengah,Pixonyx,,IDR
Deborah,Warren,dwarrenbd@google.ru,Ireland,Female,Bundoran,Gabtune,15898.08,EUR
Craig,Hughes,chughesbe@wired.com,Peru,Male,La Curva,Chatterpoint,87217.18,PEN
Raymond,Wagner,rwagnerbf@shinystat.com,Serbia,Male,Banatski Despotovac,Jabberbean,90818.06,RSD
Kathy,Gutierrez,kgutierrezbg@altervista.org,Brazil,Female,Sinop,Quimm,1697.20,BRL
Steven,Parker,sparkerbh@vkontakte.ru,Philippines,Male,Carmen,Twinte,51928.48,PHP
Steve,Burns,sburnsbi@merriam-webster.com,Brazil,Male,Rolante,Skiba,75985.88,BRL
Cheryl,Meyer,cmeyerbj@alibaba.com,Canada,Female,Orangeville,Myworks,96692.45,CAD
Judith,Barnes,jbarnesbk@va.gov,Russia,Female,Kimovsk,Wikizz,18110.95,RUB
Russell,Perez,rperezbl@comsenz.com,Brazil,Male,Nossa Senhora do Socorro,Jayo,4963.65,BRL
Kevin,Porter,kporterbm@w3.org,United States,Male,Newport News,Shuffledrive,52933.36,USD
Lisa,Morris,lmorrisbn@dyndns.org,Brazil,Female,Araguari,Vinte,42539.80,BRL
Gary,Henderson,ghendersonbo@adobe.com,China,Male,Weihe,Vinder,10826.48,CNY
Deborah,Lopez,dlopezbp@shop-pro.jp,Uzbekistan,Female,Yangirabot,Oozz,92150.11,UZS
Michelle,Foster,mfosterbq@netscape.com,Brazil,Female,Frutal,Zazio,76487.03,BRL
Lori,Murphy,lmurphybr@furl.net,Mexico,Female,La Soledad,Dabshots,13185.18,MXN
Sandra,Watkins,swatkinsbs@irs.gov,Colombia,Female,Villanueva,Mybuzz,68241.91,COP
Julie,Wagner,jwagnerbt@dell.com,Portugal,Female,Souto do Meio,Flashdog,15679.35,EUR
Patricia,Jordan,pjordanbu@storify.com,Russia,Female,Shakhta,Viva,,RUB
Stephen,Anderson,sandersonbv@dmoz.org,China,Male,Shuizhai,Minyx,35790.43,CNY
Wanda,Kim,wkimbw@cyberchimps.com,China,Female,Changchun,Twitterworks,,CNY
Christina,Perez,cperezbx@yellowpages.com,Albania,Female,Durrës,Oba,34541.75,ALL
Phyllis,Hanson,phansonby@infoseek.co.jp,Russia,Female,Staryye Atagi,Divavu,58557.19,RUB
Steven,Cunningham,scunninghambz@huffingtonpost.com,China,Male,Dazu,Vipe,86456.33,CNY
Johnny,Stanley,jstanleyc0@un.org,Japan,Male,Ishikawa,Avaveo,61326.07,JPY
Denise,Kelly,dkellyc1@mac.com,Poland,Female,Żabno,Gevee,94189.09,PLN
Louis,Fox,lfoxc2@de.vu,Sweden,Male,Örebro,Eamia,41637.74,SEK
Donna,Daniels,ddanielsc3@webeden.co.uk,Philippines,Female,Atimonan,Eabox,14494.66,PHP
Karen,Fox,kfoxc4@businessinsider.com,Philippines,Female,Pila,Latz,27863.94,PHP
Kathy,Taylor,ktaylorc5@columbia.edu,China,Female,Wuxia,Trupe,229.53,CNY
Laura,Hansen,lhansenc6@ning.com,United States,Female,Simi Valley,Babbleopia,67475.55,USD
Shawn,Fields,sfieldsc7@imageshack.us,Czech Republic,Male,Benešov nad Černou,Skilith,57662.73,CZK
Ruby,Evans,revansc8@japanpost.jp,Philippines,Female,General Luna,Edgepulse,62255.49,PHP
Robert,Oliver,roliverc9@plala.or.jp,Belarus,Male,Shchuchin,Eire,87945.28,BYR
Anthony,Gonzalez,agonzalezca@sitemeter.com,China,Male,Wanjiazhuang,Avamm,1202.88,CNY
Martha,Carpenter,mcarpentercb@tiny.cc,Indonesia,Female,Patimuan,Yakitri,44199.98,IDR
Ashley,Willis,awilliscc@chronoengine.com,Indonesia,Female,Boto,Fivechat,74595.25,IDR
Katherine,Martinez,kmartinezcd@list-manage.com,Vietnam,Female,Bến Cầu,Camimbo,49293.56,VND
Wayne,Adams,wadamsce@who.int,Guatemala,Male,Tamahú,Camido,61604.67,GTQ
Bobby,Taylor,btaylorcf@nih.gov,Indonesia,Male,Mlonggo,Tambee,83212.34,IDR
Robin,Wagner,rwagnercg@wikispaces.com,Dominican Republic,Female,Cachón,Skynoodle,83739.75,DOP
Brandon,Ferguson,bfergusonch@dion.ne.jp,Saint Kitts and Nevis,Male,Charlestown,Feedmix,,XCD
Angela,Hanson,ahansonci@people.com.cn,Ethiopia,Female,Yabēlo,Topicware,45455.15,ETB
Ruby,Ortiz,rortizcj@dropbox.com,Indonesia,Female,Tegalheras,Feedspan,6010.15,IDR
Gloria,Reyes,greyesck@scribd.com,Philippines,Female,San Rafael,Meeveo,12587.63,PHP
Henry,Sims,hsimscl@histats.com,Indonesia,Male,Lewotukan,Yadel,12684.68,IDR
Patrick,Wallace,pwallacecm@blogger.com,China,Male,Baiyang,Dabvine,79279.93,CNY
Paula,Elliott,pelliottcn@example.com,Colombia,Female,Viterbo,Quire,76333.67,COP
Norma,Parker,nparkerco@comcast.net,Portugal,Female,Baguim do Monte,Bluezoom,66314.00,EUR
Carol,Wheeler,cwheelercp@cisco.com,Indonesia,Female,Citampian,Topicware,99583.57,IDR
Peter,Johnson,pjohnsoncq@plala.or.jp,China,Male,Guanyinge,Yadel,11903.55,CNY
Todd,Stone,tstonecr@google.nl,Canada,Male,Macklin,Wikido,32552.41,CAD
David,Rodriguez,drodriguezcs@yellowbook.com,Japan,Male,Niitsu-honchō,Rhycero,41714.51,JPY
Kenneth,Murray,kmurrayct@apple.com,China,Male,Sanquan,Skipstorm,82514.01,CNY
Louis,Garrett,lgarrettcu@japanpost.jp,Argentina,Male,Quitilipi,Photobean,46570.70,ARS
Irene,Olson,iolsoncv@google.fr,Philippines,Female,Igang,Realbridge,47248.74,PHP
Rachel,Ryan,rryancw@trellian.com,Macedonia,Female,Bitola,Flipopia,82754.39,MKD
Phillip,Foster,pfostercx@flickr.com,Philippines,Male,San Isidro,Edgepulse,35519.76,PHP
Denise,Boyd,dboydcy@linkedin.com,China,Female,Xuguang,Cogidoo,80352.82,CNY
Emily,Harper,eharpercz@google.co.uk,Brazil,Female,Maraial,Centidel,6709.26,BRL
Jennifer,Lynch,jlynchd0@rakuten.co.jp,United States,Female,Staten Island,Skibox,24346.50,USD
Joshua,Williams,jwilliamsd1@state.tx.us,Uzbekistan,Male,Kattaqo’rg’on,Topicblab,34520.62,UZS
Ashley,Hill,ahilld2@accuweather.com,Russia,Female,Karpinsk,Yamia,16925.55,RUB
Kimberly,Johnson,kjohnsond3@seesaa.net,Guatemala,Female,Guazacapán,Jaloo,,GTQ
Donald,Morales,dmoralesd4@bizjournals.com,Poland,Male,Połajewo,Zoovu,,PLN
Doris,Harvey,dharveyd5@clickbank.net,Curacao,Female,Newport,Edgewire,74029.94,ANG
Jack,Gilbert,jgilbertd6@mlb.com,Brazil,Male,São Manuel,Youopia,90616.53,BRL
Jacqueline,Sanchez,jsanchezd7@elegantthemes.com,Portugal,Female,Barreiro,Twitterlist,,EUR
Linda,Henderson,lhendersond8@google.es,Macedonia,Female,Gorobinci,Skibox,61573.94,MKD
Harry,Perez,hperezd9@forbes.com,United States,Male,Sacramento,Eare,36343.50,USD
Mary,Lynch,mlynchda@cbslocal.com,Philippines,Female,Cayungnan,Yodo,,PHP
Howard,Matthews,hmatthewsdb@live.com,Poland,Male,Włoszczowa,Chatterpoint,46085.52,PLN
Peter,Hanson,phansondc@nature.com,New Zealand,Male,Waihi,Zoombox,22122.13,NZD
Steven,Black,sblackdd@nasa.gov,Czech Republic,Male,Kobeřice,Tagcat,35592.52,CZK
Karen,Welch,kwelchde@i2i.jp,France,Female,Albi,Kamba,69825.83,EUR
Gloria,Rose,grosedf@barnesandnoble.com,Senegal,Female,Diourbel,Lazz,2219.12,XOF
Wanda,Elliott,welliottdg@harvard.edu,Uganda,Female,Yumbe,Jamia,89538.31,UGX
Paula,Stone,pstonedh@umn.edu,China,Female,Huanglong,Fivespan,33516.60,CNY
Lisa,Hernandez,lhernandezdi@opera.com,Cameroon,Female,Tibati,Thoughtworks,76412.08,XAF
Ruth,Bradley,rbradleydj@jimdo.com,Sweden,Female,Trollhättan,Tagfeed,,SEK
Ryan,Baker,rbakerdk@elegantthemes.com,China,Male,Zhangpu,Topicblab,15397.84,CNY
Ralph,Collins,rcollinsdl@prlog.org,China,Male,Laxiong,Flipstorm,21505.22,CNY
Steven,Johnson,sjohnsondm@squarespace.com,Philippines,Male,Minapan,Mudo,68601.27,PHP
Margaret,Ward,mwarddn@dot.gov,Sweden,Female,Bromma,Skyba,76478.41,SEK
Lawrence,Myers,lmyersdo@gravatar.com,Austria,Male,Graz,Dynazzy,30521.89,EUR
Harry,Hunter,hhunterdp@google.cn,France,Male,Eaubonne,Jaxworks,78499.37,EUR
Charles,Collins,ccollinsdq@google.fr,China,Male,Longchi,Edgepulse,,CNY
Paula,Myers,pmyersdr@soundcloud.com,Russia,Female,Cheremnoye,Demivee,70703.46,RUB
Irene,Morgan,imorgands@instagram.com,Japan,Female,Jōetsu,Chatterpoint,8511.07,JPY
Frances,Ford,fforddt@harvard.edu,Cameroon,Female,Muyuka,Yotz,85444.38,XAF
Roy,Kelly,rkellydu@omniture.com,China,Male,Hongping,Photobug,,CNY
Bobby,Holmes,bholmesdv@icq.com,Yemen,Male,Mūdīyah,Midel,,YER
Jean,Diaz,jdiazdw@google.ru,France,Female,Châlons-en-Champagne,Eadel,,EUR
Patrick,Phillips,pphillipsdx@bloglines.com,Czech Republic,Male,Pecka,Yadel,31027.75,CZK
Tina,Johnston,tjohnstondy@blogger.com,Canada,Female,Hudson,Jabbertype,12123.19,CAD
Phillip,Johnston,pjohnstondz@illinois.edu,Indonesia,Male,Sungairaya,Roodel,83737.91,IDR
Keith,Fields,kfieldse0@unicef.org,Latvia,Male,Pāvilosta,Oozz,65424.05,EUR
Robin,Gilbert,rgilberte1@github.io,China,Female,Tongjing,Meezzy,78022.97,CNY
Brenda,Moore,bmooree2@umich.edu,Japan,Female,Machida,Centidel,2465.78,JPY
Deborah,Price,dpricee3@is.gd,Philippines,Female,Balugo,Babbleopia,61204.87,PHP
Roger,Robertson,rrobertsone4@ed.gov,Philippines,Male,Cervantes,JumpXS,75540.39,PHP
Ann,Harrison,aharrisone5@youtube.com,Moldova,Female,Ceadîr-Lunga,Thoughtsphere,10858.66,MDL
Patricia,Hill,phille6@yelp.com,Thailand,Female,Prakhon Chai,Lajo,1813.07,THB
Jimmy,Rivera,jriverae7@booking.com,Azerbaijan,Male,Digah,Lazzy,86443.38,AZN
Rose,Wagner,rwagnere8@microsoft.com,Bulgaria,Female,Yambol,Kwimbee,39569.23,BGN
Phyllis,Hughes,phughese9@pbs.org,Mexico,Female,La Esperanza,Ainyx,42910.28,MXN
Arthur,Day,adayea@ebay.co.uk,Indonesia,Male,Bima,Riffpedia,6932.51,IDR
Rachel,Welch,rwelcheb@xrea.com,Russia,Female,Vereshchagino,Realcube,96456.87,RUB
Mark,Jones,mjonesec@surveymonkey.com,Indonesia,Male,Pelabuhan Dagang,Gigashots,33682.60,IDR
Lisa,Bowman,lbowmaned@wikispaces.com,Myanmar,Female,Sagaing,Voolia,46610.54,MMK
Melissa,Mendoza,mmendozaee@webnode.com,Poland,Female,Bukowina Tatrzańska,Youspan,,PLN
Douglas,Young,dyoungef@mashable.com,Indonesia,Male,Munjungan,Dabvine,34350.02,IDR
Mildred,Diaz,mdiazeg@devhub.com,France,Female,Le Perreux-sur-Marne,Gabvine,23302.86,EUR
Phillip,Stewart,pstewarteh@flickr.com,Russia,Male,Priargunsk,Thoughtstorm,27357.84,RUB
Paula,Turner,pturnerei@craigslist.org,Colombia,Female,Aquitania,Gabtune,71203.30,COP
Andrew,Carroll,acarrollej@free.fr,Indonesia,Male,Selat,Reallinks,33107.13,IDR
Adam,Gardner,agardnerek@gravatar.com,Brazil,Male,Três Passos,Vimbo,49158.55,BRL
Sarah,Cunningham,scunninghamel@technorati.com,Indonesia,Female,Kadujajar,Linkbuzz,7871.66,IDR
Ann,Wheeler,awheelerem@ca.gov,Indonesia,Female,Barapas,Flashdog,33160.14,IDR
Bruce,Porter,bporteren@blogspot.com,China,Male,Longxian,Livetube,84111.87,CNY
Juan,Bishop,jbishopeo@aol.com,Mexico,Male,Francisco Villa,Photojam,68194.33,MXN
Lois,Black,lblackep@marriott.com,Philippines,Female,Leon Postigo,Divanoodle,41832.12,PHP
Wanda,Carroll,wcarrolleq@umich.edu,Philippines,Female,Esperanza,Brainlounge,48098.83,PHP
Douglas,Wright,dwrighter@hostgator.com,Italy,Male,Padova,Babbleopia,36278.31,EUR
Jeffrey,Wright,jwrightes@techcrunch.com,China,Male,Shiling,Devcast,12400.40,CNY
Anthony,Larson,alarsonet@cbsnews.com,Indonesia,Male,Galtek,Bubblebox,34698.42,IDR
Willie,Jordan,wjordaneu@1und1.de,Portugal,Male,Penhascoso,Fivespan,,EUR
Nicole,Robertson,nrobertsonev@seesaa.net,Philippines,Female,Gulod,Mymm,65169.90,PHP
Jimmy,West,jwestew@joomla.org,Japan,Male,Tomobe,Yamia,75403.13,JPY
Craig,Wallace,cwallaceex@webeden.co.uk,Russia,Male,Blagoveshchenka,Eadel,22057.29,RUB
Doris,Sanchez,dsanchezey@joomla.org,East Timor,Female,Lospalos,Myworks,,USD
Martin,Jordan,mjordanez@bloomberg.com,Brazil,Male,São Lourenço da Mata,Jabbercube,22072.32,BRL
Mary,Moore,mmooref0@springer.com,France,Female,Lyon,Skibox,94637.55,EUR
Denise,Morgan,dmorganf1@google.fr,Israel,Female,Dabbūrīya,LiveZ,15494.92,ILS
Gary,Owens,gowensf2@comsenz.com,Russia,Male,Yurovka,Shuffledrive,78878.88,RUB
Shirley,Gibson,sgibsonf3@tumblr.com,Indonesia,Female,Karangwungu Lor,Jabbercube,29694.98,IDR
Sean,Collins,scollinsf4@squidoo.com,Mauritius,Male,Quatre Bornes,Jabberstorm,94885.84,MUR
Ronald,Cunningham,rcunninghamf5@php.net,Sweden,Male,Linköping,Ailane,87370.29,SEK
Bruce,West,bwestf6@privacy.gov.au,Laos,Male,Muang Long,Gigazoom,55623.76,LAK
Amanda,Howard,ahowardf7@un.org,Peru,Female,Tournavista,Lazz,206.40,PEN
Lisa,Long,llongf8@woothemes.com,Norway,Female,Ålesund,Kwimbee,92506.90,NOK
William,Kelley,wkelleyf9@baidu.com,Sweden,Male,Södertälje,Jabbersphere,,SEK
Carl,Rogers,crogersfa@ask.com,Vietnam,Male,Mê Linh,Realbridge,41135.99,VND
Carl,Bell,cbellfb@msn.com,Indonesia,Male,Kudang,Jaxnation,8082.01,IDR
Andrew,Bailey,abaileyfc@sun.com,Afghanistan,Male,Paghmān,Jabbersphere,11368.79,AFN
Jimmy,Adams,jadamsfd@google.ca,United States,Male,Rochester,Cogidoo,51592.85,USD
Larry,Oliver,loliverfe@nymag.com,China,Male,Hengxianhe,Bluejam,45875.10,CNY
Jean,Nguyen,jnguyenff@ebay.com,China,Female,Huayuanli,Browsedrive,69870.00,CNY
Mary,Hansen,mhansenfg@apache.org,Indonesia,Female,Bogorejo,Realmix,17070.37,IDR
Sean,Mendoza,smendozafh@behance.net,Ukraine,Male,Tatarbunary,Brainverse,22769.78,UAH
Christina,Hunt,chuntfi@unicef.org,Ukraine,Female,Klishkivtsi,Fatz,,UAH
Judith,Garcia,jgarciafj@instagram.com,Lithuania,Female,Vievis,Rhynoodle,46767.61,LTL
Anthony,Matthews,amatthewsfk@gravatar.com,China,Male,Lijiaxiang,Plambee,36560.34,CNY
Justin,Morrison,jmorrisonfl@ftc.gov,Colombia,Male,Margarita,Divanoodle,67784.03,COP
Ruby,Martinez,rmartinezfm@reddit.com,Canada,Female,Albanel,Cogilith,15799.64,CAD
Billy,Boyd,bboydfn@wufoo.com,China,Male,Duobaoshan,Digitube,,CNY
Mildred,Bell,mbellfo@nytimes.com,Nigeria,Female,Tokombere,Photobug,51929.30,NGN
Jane,Banks,jbanksfp@statcounter.com,China,Female,Fuzhai,Aivee,84585.79,CNY
Norma,Gibson,ngibsonfq@msn.com,Canada,Female,Kingston,Fivespan,2195.83,CAD
Michael,Ortiz,mortizfr@sohu.com,United Kingdom,Male,Linton,Muxo,,GBP
Helen,Harris,hharrisfs@gov.uk,South Korea,Female,Chinch'ŏn,Fiveclub,60921.06,KRW
Robert,Phillips,rphillipsft@kickstarter.com,China,Male,Tuanshansi,Shufflester,,CNY
Eric,Arnold,earnoldfu@github.io,China,Male,Shishan,Topdrive,23943.82,CNY
Cheryl,Kelley,ckelleyfv@cornell.edu,Japan,Female,Iwanai,Blogspan,1193.81,JPY
Andrea,Martinez,amartinezfw@apple.com,Azerbaijan,Female,Amirdzhan,Rhynyx,19588.97,AZN
Ronald,Mcdonald,rmcdonaldfx@theatlantic.com,Croatia,Male,Gvozd,Centidel,46524.17,HRK
Rebecca,Lee,rleefy@ow.ly,Indonesia,Female,Hadakewa,Skinder,5803.20,IDR
Cynthia,Green,cgreenfz@prweb.com,Philippines,Female,Bato,Twimbo,90231.28,PHP
Marilyn,Montgomery,mmontgomeryg0@ox.ac.uk,China,Female,Ehu,Babbleblab,22562.89,CNY
Donald,Howard,dhowardg1@engadget.com,Russia,Male,Khabarovsk,Demizz,31801.96,RUB
Matthew,Mendoza,mmendozag2@weebly.com,Argentina,Male,Guatraché,Cogilith,13436.45,ARS
Brandon,Mcdonald,bmcdonaldg3@usatoday.com,Equatorial Guinea,Male,Bicurga,Voomm,95069.00,XAF
Nicole,Andrews,nandrewsg4@stanford.edu,Poland,Female,Łąka Prudnicka,Twitterlist,51629.54,PLN
Sean,Ward,swardg5@prnewswire.com,Indonesia,Male,Situbondo,Jetwire,50619.26,IDR
Marilyn,Ramirez,mramirezg6@opera.com,China,Female,Tangdong,Vitz,38491.10,CNY
Antonio,Murphy,amurphyg7@fda.gov,China,Male,Hengjian,Zoozzy,71498.03,CNY
Anthony,Richardson,arichardsong8@discovery.com,United Kingdom,Male,London,Abata,76325.11,GBP
Jane,Rice,jriceg9@reference.com,Indonesia,Female,Kalapadua,Wikibox,40212.64,IDR
Phillip,Wood,pwoodga@bloglovin.com,Finland,Male,Karvia,Dabvine,60447.26,EUR
Walter,Cox,wcoxgb@example.com,Argentina,Male,Camilo Aldao,Katz,87603.71,ARS
Andrea,Smith,asmithgc@mayoclinic.com,United States,Female,Jacksonville,Avamba,36824.60,USD
David,Brooks,dbrooksgd@ted.com,Portugal,Male,Gaio,Divape,53106.48,EUR
Eugene,Turner,eturnerge@mail.ru,China,Male,Yuyangguan,Twiyo,16371.44,CNY
Nancy,Thompson,nthompsongf@bbb.org,China,Female,Xihongmen,Twitternation,87987.79,CNY
Teresa,Turner,tturnergg@blinklist.com,Russia,Female,Segezha,Dynazzy,1046.74,RUB
Howard,Hall,hhallgh@yahoo.co.jp,Macedonia,Male,Нераште,Twinder,,MKD
Roger,Ray,rraygi@vimeo.com,China,Male,Sanyang,Vidoo,8251.67,CNY
Diane,Young,dyounggj@1688.com,Albania,Female,Lezhë,BlogXS,94004.97,ALL
Jane,Weaver,jweavergk@tripadvisor.com,Brazil,Female,Jacupiranga,Topdrive,,BRL
Stephanie,Allen,sallengl@istockphoto.com,Indonesia,Female,Karangwungu Lor,Talane,12435.26,IDR
Sharon,Morgan,smorgangm@gov.uk,China,Female,Baimiao,Tazzy,48796.80,CNY
Amanda,Nichols,anicholsgn@tuttocitta.it,Pakistan,Female,Bārkhān,Skippad,92568.90,PKR
Heather,Hamilton,hhamiltongo@yolasite.com,Russia,Female,Pyatigorskiy,Skipfire,16005.78,RUB
Martin,Fuller,mfullergp@sourceforge.net,China,Male,Jiangshi,Mymm,13691.83,CNY
Mildred,Hunter,mhuntergq@utexas.edu,Saudi Arabia,Female,Khamis Mushait,JumpXS,62667.09,SAR
Phyllis,Phillips,pphillipsgr@mapquest.com,Tunisia,Female,Midoun,Centimia,13974.45,TND
Gary,Riley,grileygs@slate.com,Canada,Male,Dollard-Des Ormeaux,BlogXS,83222.82,CAD
Harry,Howell,hhowellgt@printfriendly.com,Indonesia,Male,Rancanyenang,Photofeed,9365.91,IDR
Kevin,King,kkinggu@hc360.com,Philippines,Male,Santa Fe,Bubblebox,10237.19,PHP
Jessica,Cruz,jcruzgv@hubpages.com,China,Female,Hengxizhen,Quimba,,CNY
Ruth,Moore,rmooregw@pagesperso-orange.fr,United States,Female,Orlando,Skajo,26643.57,USD
Amanda,Lewis,alewisgx@github.com,China,Female,Poyang,Livefish,,CNY
Lisa,Jordan,ljordangy@msn.com,Syria,Female,Al Ḩajar al Aswad,Meedoo,2883.35,SYP
Anna,Bryant,abryantgz@nps.gov,Indonesia,Female,Kayan Hulu,Buzzster,,IDR
Debra,Woods,dwoodsh0@google.de,Canada,Female,Lac La Biche,Aibox,54406.02,CAD
Lillian,Sims,lsimsh1@wufoo.com,China,Female,Lantian,Tambee,4469.11,CNY
Jean,Lynch,jlynchh2@cornell.edu,Burkina Faso,Female,Diébougou,Yodoo,55890.40,XOF
Christopher,Peterson,cpetersonh3@sina.com.cn,Czech Republic,Male,Vrané nad Vltavou,Feedfire,89112.01,CZK
Victor,Nelson,vnelsonh4@phpbb.com,Bangladesh,Male,Burhānuddin,Voonix,52472.70,BDT
Harold,Hunter,hhunterh5@discovery.com,France,Male,Houilles,Rhybox,24960.83,EUR
Marilyn,Smith,msmithh6@t-online.de,Greece,Female,Gargaliánoi,Meejo,23323.47,EUR
Frank,Gonzales,fgonzalesh7@gmpg.org,France,Male,Chantilly,Minyx,67706.18,EUR
Richard,Wagner,rwagnerh8@omniture.com,Guatemala,Male,Morazán,Bubbletube,50183.24,GTQ
Annie,Woods,awoodsh9@sogou.com,Ireland,Female,Bayside,Shuffletag,62730.47,EUR
Jennifer,White,jwhiteha@disqus.com,Vietnam,Female,Kon Dơng,Devify,36366.79,VND
Brian,James,bjameshb@tiny.cc,Indonesia,Male,Banyubang,Topicshots,,IDR
Steven,Tucker,stuckerhc@hp.com,Bulgaria,Male,Gorna Oryakhovitsa,Skyble,53702.29,BGN
Jose,Simmons,jsimmonshd@topsy.com,Poland,Male,Łaszczów,Yambee,84798.24,PLN
Sarah,Freeman,sfreemanhe@tamu.edu,China,Female,Gushi,Dynava,5323.78,CNY
Jeremy,Hansen,jhansenhf@acquirethisname.com,Ukraine,Male,Khorosheve,Zoombox,66990.22,UAH
Ronald,Garcia,rgarciahg@intel.com,Libya,Male,Tagiura,Avavee,,LYD
Cynthia,Wells,cwellshh@addthis.com,Indonesia,Female,Gogosuket,Twitterlist,92943.45,IDR
Marie,Jordan,mjordanhi@ed.gov,China,Female,Tangjiawan,Realmix,19938.17,CNY
Larry,Day,ldayhj@webnode.com,Indonesia,Male,Labuhantanggabesar,Skibox,27400.97,IDR
Barbara,Miller,bmillerhk@forbes.com,Poland,Female,Rozwadza,Aimbo,,PLN
Beverly,Henderson,bhendersonhl@google.com,France,Female,Besançon,Skivee,30407.70,EUR
Kenneth,Fields,kfieldshm@qq.com,Croatia,Male,Opuzen,Rhycero,98078.02,HRK
Keith,Gray,kgrayhn@meetup.com,Mongolia,Male,Dzüyl,Agimba,,MNT
Ruby,Griffin,rgriffinho@diigo.com,Argentina,Female,Sampacho,Photojam,78626.53,ARS
Joyce,Woods,jwoodshp@auda.org.au,China,Female,Dushi,Feedbug,68018.87,CNY
Phillip,Rose,prosehq@privacy.gov.au,Bangladesh,Male,Rangpur,Camido,31131.16,BDT
Katherine,Dunn,kdunnhr@newyorker.com,Sweden,Female,Bjärred,Muxo,7048.40,SEK
Kevin,Taylor,ktaylorhs@ebay.co.uk,Greece,Male,Oinoússes,Digitube,75986.24,EUR
Eugene,Burns,eburnsht@usnews.com,Indonesia,Male,Guwoterus,Fatz,,IDR
Ralph,Gray,rgrayhu@msu.edu,Norway,Male,Bodø,Yombu,48669.91,NOK
Alice,Robertson,arobertsonhv@wordpress.com,Russia,Female,Novotitarovskaya,Wikibox,,RUB
Mary,Frazier,mfrazierhw@desdev.cn,Kyrgyzstan,Female,Lebedinovka,Youopia,82877.29,KGS
Lori,Griffin,lgriffinhx@infoseek.co.jp,Sweden,Female,Ystad,Skilith,10284.26,SEK
Louis,Williamson,lwilliamsonhy@liveinternet.ru,Venezuela,Male,Cariaco,Miboo,36366.20,VEF
Larry,Bell,lbellhz@blogger.com,Ethiopia,Male,Genet,Youspan,95744.61,ETB
Benjamin,Rivera,briverai0@soup.io,Germany,Male,Lübeck,Gigashots,11159.95,EUR
Ashley,Jenkins,ajenkinsi1@free.fr,Russia,Female,Protvino,Blogspan,1642.47,RUB
Eugene,Cook,ecooki2@usnews.com,China,Male,Shangfang,Vinder,38660.95,CNY
Benjamin,Rivera,briverai3@cnet.com,Thailand,Male,Thung Khru,Aimbu,7586.27,THB
Paula,Gray,pgrayi4@microsoft.com,China,Female,Chengjiao Chengguanzhen,Yotz,78011.37,CNY
Donna,Cunningham,dcunninghami5@ning.com,Tunisia,Female,Qal‘at al Andalus,Teklist,54446.60,TND
Harry,Mendoza,hmendozai6@nih.gov,France,Male,Lille,Aimbu,11838.60,EUR
Beverly,Lopez,blopezi7@cyberchimps.com,Peru,Female,Huayucachi,Divape,57465.99,PEN
Norma,Lawson,nlawsoni8@kickstarter.com,Vietnam,Female,Dĩ An,Trilith,5703.91,VND
Anthony,Banks,abanksi9@admin.ch,China,Male,Huashixia,Devcast,83900.02,CNY
Jane,Hernandez,jhernandezia@surveymonkey.com,China,Female,Zhendong,Edgeblab,79703.67,CNY
Kathy,Fox,kfoxib@blogspot.com,Portugal,Female,Atães,Kayveo,7307.26,EUR
Sharon,Lopez,slopezic@homestead.com,Portugal,Female,Sarrazola,Dynabox,4118.42,EUR
Beverly,Thomas,bthomasid@weibo.com,Russia,Female,Vereya,Realblab,35482.39,RUB
Timothy,Ross,trossie@vistaprint.com,Portugal,Male,Valença do Douro,Jetwire,62959.34,EUR
Aaron,Martin,amartinif@liveinternet.ru,Chile,Male,Lo Prado,Rhybox,19187.28,CLP
Ronald,Gonzalez,rgonzalezig@storify.com,Slovenia,Male,Škofljica,Kimia,23073.87,EUR
Edward,Cooper,ecooperih@jimdo.com,Uzbekistan,Male,Angren,Meeveo,51659.08,UZS
Brenda,Chapman,bchapmanii@cam.ac.uk,Russia,Female,Verkhnyaya Khava,Quinu,5472.38,RUB
Douglas,Evans,devansij@behance.net,Russia,Male,Khvalynsk,Babblestorm,56751.84,RUB
Jason,Reyes,jreyesik@bravesites.com,Moldova,Male,Ialoveni,Edgeclub,8185.54,MDL
Earl,Parker,eparkeril@ucoz.com,China,Male,Xiayang,Shuffledrive,,CNY
Randy,Watkins,rwatkinsim@csmonitor.com,China,Male,Meilin,Myworks,49754.71,CNY
Wayne,Kennedy,wkennedyin@hugedomains.com,Indonesia,Male,Cidolog,Dazzlesphere,68491.60,IDR
Lori,Fields,lfieldsio@xing.com,Czech Republic,Female,Brloh,Ooba,,CZK
Eugene,Reynolds,ereynoldsip@shutterfly.com,France,Male,Villeneuve-la-Garenne,Blognation,,EUR
Harry,Cook,hcookiq@live.com,Palestinian Territory,Male,Faḩmah,Zoomcast,98187.17,ILS
Jeffrey,Walker,jwalkerir@google.it,China,Male,Sanjiang,Yacero,98870.72,CNY
Willie,Rodriguez,wrodriguezis@ning.com,China,Male,Liulin,Trudeo,10960.32,CNY
Russell,Cox,rcoxit@boston.com,Bosnia and Herzegovina,Male,Pale,Twitterbridge,37659.46,BAM
Theresa,Mcdonald,tmcdonaldiu@51.la,Saudi Arabia,Female,Farasān,Skipstorm,73712.12,SAR
Douglas,Clark,dclarkiv@woothemes.com,Indonesia,Male,Kebonkaret,Wordpedia,98211.33,IDR
Diana,Wheeler,dwheeleriw@marketwatch.com,Poland,Female,Subkowy,Plajo,41099.93,PLN
Richard,Mendoza,rmendozaix@hao123.com,China,Male,Liangwangzhuang,Voolia,18306.74,CNY
Scott,Cunningham,scunninghamiy@senate.gov,China,Male,Xubao,Camido,13897.31,CNY
Eugene,Morris,emorrisiz@blinklist.com,China,Male,Chikeng,Youspan,47244.85,CNY
Judy,Morales,jmoralesj0@lycos.com,China,Female,Tanshi,LiveZ,77649.75,CNY
Robin,Lynch,rlynchj1@gravatar.com,China,Female,Tongle,Quinu,17008.62,CNY
Jerry,Johnson,jjohnsonj2@wikimedia.org,Pakistan,Male,Bhāi Pheru,Dynabox,5775.71,PKR
Mark,Andrews,mandrewsj3@bloomberg.com,Indonesia,Male,Aemura,Blogspan,,IDR
Samuel,Freeman,sfreemanj4@spiegel.de,Ireland,Male,Ashford,Kaymbo,88996.76,EUR
Frank,Lawrence,flawrencej5@bizjournals.com,Philippines,Male,Marsada,Wordify,,PHP
Kathleen,Shaw,kshawj6@flavors.me,China,Female,Yinkeng,Shuffledrive,22579.79,CNY
Tammy,Harrison,tharrisonj7@dropbox.com,Argentina,Female,Fray Luis A. Beltrán,DabZ,,ARS
Alice,Tucker,atuckerj8@booking.com,Indonesia,Female,Kapakabisa,Vidoo,99144.24,IDR
Donald,Richardson,drichardsonj9@lulu.com,Belize,Male,Belmopan,Camido,35032.64,BZD
John,Wells,jwellsja@elpais.com,Brazil,Male,Itaporanga,Yabox,68866.42,BRL
Jean,Tucker,jtuckerjb@cargocollective.com,Luxembourg,Female,Clervaux,Tagfeed,,EUR
Keith,Stewart,kstewartjc@jiathis.com,Egypt,Male,Zagazig,Aibox,57020.44,EGP
Barbara,Little,blittlejd@howstuffworks.com,United States,Female,Des Moines,Babbleset,,USD
Joe,Mccoy,jmccoyje@springer.com,Finland,Male,Suodenniemi,Quimba,67883.83,EUR
Margaret,Long,mlongjf@skype.com,United States,Female,Washington,Katz,76569.19,USD
Lawrence,Arnold,larnoldjg@google.com,Estonia,Male,Rakvere,Topicblab,33705.89,EUR
Roger,Mills,rmillsjh@va.gov,Sweden,Male,Trollhättan,Kazu,38459.97,SEK
Antonio,Stephens,astephensji@disqus.com,Indonesia,Male,Setonokalong,Edgepulse,6068.82,IDR
John,Wagner,jwagnerjj@infoseek.co.jp,Indonesia,Male,Curahkalak Tengah,Meemm,65451.23,IDR
Robin,Kelley,rkelleyjk@dyndns.org,China,Female,Wulong,Realcube,,CNY
Brian,Powell,bpowelljl@wsj.com,Poland,Male,Straszyn,Photobug,93099.04,PLN
Paul,Warren,pwarrenjm@unicef.org,Cameroon,Male,Dschang,Leenti,80383.77,XAF
Samuel,Cruz,scruzjn@npr.org,Greece,Male,Plagiári,Topiczoom,93997.08,EUR
Lois,Taylor,ltaylorjo@networksolutions.com,China,Female,Leyuan,Mynte,,CNY
Nancy,Garza,ngarzajp@theglobeandmail.com,Argentina,Female,El Calafate,Photolist,,ARS
Anne,Brooks,abrooksjq@people.com.cn,Norway,Female,Stord,Demimbu,95221.11,NOK
Jennifer,Jordan,jjordanjr@storify.com,Indonesia,Female,Leran Wetan,Realfire,,IDR
Julia,Nichols,jnicholsjs@illinois.edu,Sweden,Female,Kungsbacka,Realmix,93666.66,SEK
Joan,Hughes,jhughesjt@com.com,Germany,Female,Nürnberg,Mymm,47664.30,EUR
Nicole,Hall,nhallju@java.com,Finland,Female,Savitaipale,Meetz,31323.56,EUR
Fred,Miller,fmillerjv@unblog.fr,Afghanistan,Male,Kalān Deh,Skiptube,,AFN
Louis,Turner,lturnerjw@furl.net,Philippines,Male,Diamantina,Flashdog,79930.71,PHP
Thomas,Day,tdayjx@dmoz.org,Finland,Male,Karvia,Gigazoom,32445.69,EUR
Kathryn,Gordon,kgordonjy@ucsd.edu,Canada,Female,Selkirk,Oyoyo,38374.61,CAD
Edward,Cook,ecookjz@japanpost.jp,Russia,Male,Grebenskaya,Yakitri,62569.08,RUB
Jeffrey,Stephens,jstephensk0@redcross.org,Portugal,Male,Mozelos,Cogidoo,98504.67,EUR
Angela,Franklin,afranklink1@google.pl,France,Female,Marseille,Jayo,41644.11,EUR
Larry,Scott,lscottk2@dropbox.com,United States,Male,Reno,Voonix,83362.46,USD
Ruby,Montgomery,rmontgomeryk3@uiuc.edu,Indonesia,Female,Tlogocilik,Oyoyo,,IDR
Bobby,Edwards,bedwardsk4@geocities.jp,France,Male,Orléans,Blogspan,1186.85,EUR
Ralph,Watson,rwatsonk5@go.com,Kenya,Male,Kitui,Thoughtsphere,58908.01,KES
Robert,Gonzalez,rgonzalezk6@thetimes.co.uk,China,Male,Jifeng,Quimm,75823.42,CNY
Julia,Wallace,jwallacek7@home.pl,Portugal,Female,Vale de Figueira,Thoughtblab,10634.16,EUR
Dorothy,Andrews,dandrewsk8@multiply.com,Poland,Female,Ińsko,Zoomzone,52440.03,PLN
Barbara,Edwards,bedwardsk9@a8.net,Czech Republic,Female,Bechyně,Rhybox,26977.38,CZK
Anthony,Robinson,arobinsonka@csmonitor.com,Russia,Male,Dzhalka,Npath,,RUB
Jeremy,Davis,jdaviskb@wisc.edu,China,Male,Huping,Avaveo,2994.11,CNY
Louis,Bennett,lbennettkc@jigsy.com,Nigeria,Male,Ipoti,Camimbo,84519.36,NGN
Susan,Richardson,srichardsonkd@wiley.com,Kazakhstan,Female,Kokshetau,Yozio,59200.81,KZT
Lillian,Sanchez,lsanchezke@oaic.gov.au,China,Female,Penghua,Yamia,78052.16,CNY
Judy,Bryant,jbryantkf@ucoz.ru,Czech Republic,Female,Zaječí,Roomm,1338.31,CZK
Stephen,Simpson,ssimpsonkg@ftc.gov,Colombia,Male,San Francisco,Pixonyx,44117.50,COP
Dennis,Anderson,dandersonkh@quantcast.com,China,Male,Pingshan,Tanoodle,51688.47,CNY
Christina,Greene,cgreeneki@apache.org,China,Female,Wuquan,Twitterbeat,24560.04,CNY
Billy,Greene,bgreenekj@yandex.ru,Nicaragua,Male,Morrito,Dabvine,26365.67,NIO
Eugene,Boyd,eboydkk@shareasale.com,China,Male,Daguo,Linkbuzz,3127.92,CNY
Randy,Henry,rhenrykl@blogtalkradio.com,Indonesia,Male,Ngondokandawu,Meevee,84222.48,IDR
Keith,Mcdonald,kmcdonaldkm@1und1.de,Netherlands,Male,Tilburg,Gigazoom,53834.34,EUR
Henry,Weaver,hweaverkn@aol.com,Poland,Male,Ośno Lubuskie,Zoomdog,11970.87,PLN
Michelle,Holmes,mholmesko@bloomberg.com,Brazil,Female,Rio das Pedras,Realblab,60584.66,BRL
Eric,Garrett,egarrettkp@cbc.ca,Nigeria,Male,Bokani,Photobug,62038.01,NGN
Marie,Arnold,marnoldkq@cafepress.com,Greece,Female,Kastélli,Thoughtstorm,78458.23,EUR
Steve,Snyder,ssnyderkr@washingtonpost.com,Indonesia,Male,Sidaharja,Mita,,IDR
Philip,Stevens,pstevensks@jigsy.com,Russia,Male,Tomsk,Centimia,677.65,RUB
Wanda,Murray,wmurraykt@mysql.com,Tunisia,Female,Al Baqāliţah,Leenti,18552.52,TND
Mary,Andrews,mandrewsku@icq.com,Philippines,Female,San Esteban,Demimbu,18760.56,PHP
Richard,Payne,rpaynekv@hostgator.com,Japan,Male,Okinawa,Linkbridge,38592.75,JPY
Fred,Romero,fromerokw@tamu.edu,Indonesia,Male,Tegarenkrajan,Livefish,63141.32,IDR
Phyllis,King,pkingkx@issuu.com,China,Female,Taiqing,Devify,19309.03,CNY
Amanda,Reyes,areyesky@mediafire.com,Mexico,Female,San Rafael,Brainlounge,54422.56,MXN
Donald,Price,dpricekz@360.cn,Yemen,Male,Al ‘Āqir,Topiczoom,91207.41,YER
Charles,Long,clongl0@purevolume.com,Portugal,Male,Leceia,Realbridge,73938.91,EUR
William,Black,wblackl1@msu.edu,Saint Kitts and Nevis,Male,Basseterre,Twiyo,60394.35,XCD
Patricia,Berry,pberryl2@cmu.edu,Russia,Female,Taldom,Photojam,77326.08,RUB
James,Davis,jdavisl3@mlb.com,Curacao,Male,Willemstad,Babblestorm,11942.85,ANG
Elizabeth,Gibson,egibsonl4@ihg.com,Azerbaijan,Female,Çobansığnaq,Jaxnation,34102.82,AZN
Cynthia,Wheeler,cwheelerl5@imageshack.us,China,Female,Dagur,Thoughtworks,53061.63,CNY
Michelle,Frazier,mfrazierl6@cocolog-nifty.com,Poland,Female,Grodzisk Mazowiecki,Eamia,54900.07,PLN
Sarah,Wilson,swilsonl7@e-recht24.de,Albania,Female,Gjegjan,Thoughtsphere,,ALL
Martin,Gordon,mgordonl8@ox.ac.uk,United States,Male,Fort Worth,Ailane,94324.29,USD
Janice,Gardner,jgardnerl9@bandcamp.com,Indonesia,Female,Pasanggrahan,Thoughtbeat,21407.96,IDR
Anthony,Harper,aharperla@tmall.com,Indonesia,Male,Pugeran,Feedfish,81046.07,IDR
Howard,Henry,hhenrylb@youku.com,Portugal,Male,Castelo,Feedbug,4967.31,EUR
Annie,Perkins,aperkinslc@blogtalkradio.com,Honduras,Female,Vallecillo,Devpoint,,HNL
Andrew,Bell,abellld@last.fm,China,Male,Gaide,Edgewire,57027.44,CNY
Roy,Foster,rfosterle@who.int,Poland,Male,Skórzec,Vinder,12682.52,PLN
Ruby,Howard,rhowardlf@java.com,Brazil,Female,Sertãozinho,Edgeclub,5104.46,BRL
Mildred,Crawford,mcrawfordlg@usnews.com,China,Female,Lizhai,Kazio,33561.33,CNY
Christine,Ray,craylh@sohu.com,Peru,Female,Puerto Rico,Livetube,81232.20,PEN
Brian,Henderson,bhendersonli@de.vu,Armenia,Male,Khoronk’,Npath,,AMD
Martin,Montgomery,mmontgomerylj@sun.com,France,Male,Cernay,Kimia,66485.75,EUR
Steven,Vasquez,svasquezlk@blogspot.com,Czech Republic,Male,Stochov,Rhyzio,55668.88,CZK
Jean,Palmer,jpalmerll@webnode.com,Czech Republic,Female,Mirotice,Trudeo,83984.18,CZK
Samuel,Green,sgreenlm@salon.com,South Africa,Male,Ritchie,Feedmix,19625.91,ZAR
Timothy,Owens,towensln@fema.gov,Uganda,Male,Buyende,Jamia,9370.26,UGX
Todd,Fields,tfieldslo@scribd.com,Papua New Guinea,Male,Tari,Realbridge,48356.63,PGK
Jane,Lane,jlanelp@nsw.gov.au,Russia,Female,Vol’no-Nadezhdinskoye,Einti,83982.60,RUB
Julia,Wagner,jwagnerlq@bandcamp.com,Philippines,Female,Tindog,Topicshots,96601.80,PHP
Frances,Matthews,fmatthewslr@china.com.cn,Japan,Female,Isahaya,Bubblebox,62577.52,JPY
Jack,Stanley,jstanleyls@statcounter.com,Indonesia,Male,Cijoho,Zoomlounge,51923.22,IDR
Nancy,Marshall,nmarshalllt@eventbrite.com,China,Female,Xiaozhoushan,Gigabox,52482.25,CNY
Brandon,Fields,bfieldslu@bluehost.com,Thailand,Male,Sa Bot,Yakitri,81028.34,THB
Marie,Perez,mperezlv@multiply.com,Brazil,Female,Pará de Minas,Yakijo,63390.91,BRL
Carolyn,Dunn,cdunnlw@live.com,China,Female,Baisha,Buzzdog,51476.10,CNY
Jane,Harper,jharperlx@rakuten.co.jp,Mongolia,Female,Ulaan-Ereg,Voonder,,MNT
Kathleen,Brooks,kbrooksly@about.me,China,Female,Huangtugang,Babbleopia,49722.56,CNY
Gary,Rivera,griveralz@bigcartel.com,Panama,Male,El Coco,Zoozzy,36329.22,PAB
Henry,Hamilton,hhamiltonm0@comcast.net,Albania,Male,Gjirokastër,Eazzy,83175.65,ALL
Ann,Cox,acoxm1@macromedia.com,Lithuania,Female,Gelgaudiškis,Feedspan,17992.56,LTL
Barbara,Montgomery,bmontgomerym2@fotki.com,China,Female,Tangxi,Twitterwire,7662.33,CNY
Carolyn,Carr,ccarrm3@altervista.org,Argentina,Female,Avellaneda,Aimbo,54141.26,ARS
Stephen,Anderson,sandersonm4@diigo.com,Indonesia,Male,Muraharjo,Dynava,85899.39,IDR
Jeremy,Stephens,jstephensm5@merriam-webster.com,Bosnia and Herzegovina,Male,Blatnica,Oloo,25528.85,BAM
Albert,Alvarez,aalvarezm6@cnbc.com,Indonesia,Male,Kedungdoro,Trilith,88723.38,IDR
Kevin,Morales,kmoralesm7@example.com,China,Male,Liyang,Meemm,17002.92,CNY
Adam,Bradley,abradleym8@tamu.edu,Portugal,Male,Ortiga,Skinix,97155.27,EUR
Martin,Peters,mpetersm9@pinterest.com,Uruguay,Male,Aguas Corrientes,Fliptune,53289.20,UYU
Susan,Martinez,smartinezma@nsw.gov.au,Russia,Female,Shirochanka,Youspan,59716.63,RUB
Joe,Gutierrez,jgutierrezmb@aol.com,Philippines,Male,Santa Monica,Rhyzio,28724.07,PHP
Phillip,Duncan,pduncanmc@nih.gov,Portugal,Male,Seroa,Cogidoo,94681.36,EUR
Walter,Hudson,whudsonmd@nbcnews.com,France,Male,Lyon,Voolia,49340.19,EUR
Brandon,Carr,bcarrme@shinystat.com,China,Male,Kambaxoi,Brainsphere,47245.42,CNY
Emily,Kelley,ekelleymf@about.me,Russia,Female,Krivyanskaya,Twitterlist,38290.45,RUB
Gary,Matthews,gmatthewsmg@vkontakte.ru,Serbia,Male,Kučevo,Dabfeed,54063.39,RSD
Kimberly,Freeman,kfreemanmh@samsung.com,Philippines,Female,Himaya,Meedoo,67345.70,PHP
Tina,Hall,thallmi@dot.gov,Russia,Female,Pristen’,Skyvu,75820.45,RUB
Carl,Jenkins,cjenkinsmj@sfgate.com,Lebanon,Male,Zghartā,Cogidoo,74471.42,LBP
Adam,Lee,aleemk@webs.com,Poland,Male,Górki Wielkie,Browseblab,92166.36,PLN
Julie,Payne,jpayneml@i2i.jp,Tanzania,Female,Katumba,Edgewire,39586.43,TZS
Frank,Bailey,fbaileymm@cafepress.com,China,Male,Gulong,Zazio,42377.22,CNY
David,Price,dpricemn@fda.gov,Russia,Male,Kulunda,Livetube,28672.93,RUB
Henry,Reyes,hreyesmo@addthis.com,Russia,Male,Kultuk,Buzzshare,,RUB
Diana,Rose,drosemp@amazonaws.com,China,Female,Jiucheng,Realcube,70310.03,CNY
Chris,Shaw,cshawmq@printfriendly.com,China,Male,Duyanggang,Meevee,28016.96,CNY
Debra,Ferguson,dfergusonmr@hud.gov,France,Female,Lattes,Blogspan,11951.58,EUR
Jacqueline,White,jwhitems@lycos.com,China,Female,Xianzong,Trunyx,28378.45,CNY
Donna,Hernandez,dhernandezmt@github.com,China,Female,Huangzhu,Yakijo,32180.58,CNY
Jean,Montgomery,jmontgomerymu@boston.com,Thailand,Female,Bang Bo,Youtags,94146.53,THB
Carl,Stevens,cstevensmv@gov.uk,Norway,Male,Oslo,Flipopia,23534.01,NOK
Adam,Ellis,aellismw@4shared.com,Indonesia,Male,Kepel,Brainlounge,61942.47,IDR
Michael,Bailey,mbaileymx@harvard.edu,Guatemala,Male,Palestina de los Altos,Cogibox,,GTQ
Jesse,Jacobs,jjacobsmy@fda.gov,Ukraine,Male,Blahodatne,Kwideo,57169.72,UAH
Ernest,Rodriguez,erodriguezmz@marriott.com,China,Male,Xingpinglu,Youspan,67459.45,CNY
Fred,Gardner,fgardnern0@discovery.com,China,Male,Yuannan,Twitternation,4212.43,CNY
Wanda,Watson,wwatsonn1@prweb.com,Brazil,Female,Tramandaí,Centizu,92612.14,BRL
Aaron,Thompson,athompsonn2@blogs.com,Chile,Male,Cabrero,Skinte,28947.41,CLP
Rebecca,Roberts,rrobertsn3@goodreads.com,Thailand,Female,Chatturat,Youfeed,,THB
Beverly,Ruiz,bruizn4@bandcamp.com,Indonesia,Female,Bofuer,Voonyx,91074.22,IDR
Martha,Payne,mpaynen5@rakuten.co.jp,Indonesia,Female,Boto,Zoombeat,42109.67,IDR
Juan,Garrett,jgarrettn6@godaddy.com,Brazil,Male,Cafarnaum,Demizz,7343.92,BRL
Paul,Alexander,palexandern7@pinterest.com,China,Male,Sanxi,Yotz,54516.06,CNY
David,Lewis,dlewisn8@google.cn,France,Male,Paris 13,Jetpulse,34333.58,EUR
Nicholas,Wallace,nwallacen9@ftc.gov,Poland,Male,Ożarów,Divanoodle,55721.48,PLN
Juan,Lopez,jlopezna@geocities.com,Poland,Male,Radostowice,Ailane,93184.28,PLN
Barbara,Hamilton,bhamiltonnb@addtoany.com,Kazakhstan,Female,Arkalyk,Oyonder,7056.30,KZT
Stephanie,Richardson,srichardsonnc@so-net.ne.jp,Jordan,Female,Al Jubayhah,Topicblab,89682.19,JOD
Ruth,Ellis,rellisnd@reverbnation.com,Colombia,Female,Aguachica,Topdrive,57651.53,COP
Christopher,Garza,cgarzane@scribd.com,Uganda,Male,Kaabong,Thoughtblab,3148.82,UGX
Scott,Franklin,sfranklinnf@yahoo.com,Russia,Male,Rossosh’,Katz,67091.39,RUB
Denise,Ray,drayng@plala.or.jp,Russia,Female,Shali,Demizz,27394.56,RUB
Kathryn,Ferguson,kfergusonnh@indiegogo.com,Ukraine,Female,Kuteynykove,Trupe,58385.03,UAH
Carolyn,Peters,cpetersni@netvibes.com,El Salvador,Female,Nueva Guadalupe,Jabberstorm,32363.94,USD
Michael,Williams,mwilliamsnj@theguardian.com,Philippines,Male,Calumpit,Abata,77006.72,PHP
Aaron,Lewis,alewisnk@ucla.edu,China,Male,Hechuan,Youbridge,,CNY
Matthew,Robertson,mrobertsonnl@netscape.com,Philippines,Male,Dahay,Digitube,,PHP
Stephanie,Kelley,skelleynm@tumblr.com,Indonesia,Female,Kaca,Yamia,,IDR
Judith,Rodriguez,jrodrigueznn@boston.com,Ukraine,Female,Berezne,Jaxbean,7145.68,UAH
Samuel,Wright,swrightno@php.net,Ghana,Male,Tafo,Wordpedia,88419.92,GHS
Scott,Robertson,srobertsonnp@is.gd,Guinea-Bissau,Male,Bafatá,Jetpulse,67116.16,XOF
Bruce,Alexander,balexandernq@amazon.com,Sweden,Male,Borlänge,Youtags,36991.78,SEK
Louise,James,ljamesnr@techcrunch.com,China,Female,Qingfa,Edgeify,41159.49,CNY
Rebecca,Fox,rfoxns@csmonitor.com,Madagascar,Female,Vangaindrano,Jaxspan,,MGA
Robert,Ramos,rramosnt@photobucket.com,Indonesia,Male,Tambakbaya,Mymm,14422.88,IDR
Roy,Morrison,rmorrisonnu@ox.ac.uk,Afghanistan,Male,Dāngām,Skimia,34292.54,AFN
Ronald,Carr,rcarrnv@hostgator.com,Mexico,Male,Benito Juarez,Wordware,,MXN
Gregory,Webb,gwebbnw@alexa.com,Brazil,Male,Paratinga,Topdrive,87638.19,BRL
Diana,Perkins,dperkinsnx@cmu.edu,Portugal,Female,Carregado,Yodo,13516.41,EUR
Joyce,Campbell,jcampbellny@addthis.com,France,Female,Saint-Fargeau-Ponthierry,Flipopia,27673.39,EUR
Jonathan,Sullivan,jsullivannz@alibaba.com,China,Male,Butou,Myworks,9228.29,CNY
Shirley,Hunter,shuntero0@intel.com,Canada,Female,Marystown,Tazz,,CAD
Matthew,Jackson,mjacksono1@oakley.com,Poland,Male,Debrzno,Jabbersphere,67938.47,PLN
Sean,Ray,srayo2@berkeley.edu,China,Male,Leigao,Agivu,67887.74,CNY
Anna,Hunter,ahuntero3@dion.ne.jp,Tunisia,Female,Gafsa,Photobean,,TND
Jeffrey,Brown,jbrowno4@army.mil,Guatemala,Male,San Pedro Pinula,Devpulse,23931.93,GTQ
Lillian,Bryant,lbryanto5@google.de,Portugal,Female,Atães,Quaxo,10822.25,EUR
Kenneth,Lewis,klewiso6@comcast.net,San Marino,Male,Serravalle,Topdrive,27339.18,EUR
Rose,Hughes,rhugheso7@so-net.ne.jp,Uzbekistan,Female,Quvasoy,Zoomlounge,,UZS
Jeremy,Thompson,jthompsono8@fastcompany.com,Philippines,Male,Panique,Jabberstorm,37121.39,PHP
Linda,Gonzales,lgonzaleso9@amazon.de,France,Female,Villeneuve-la-Garenne,Babbleset,23593.26,EUR
Frances,Gomez,fgomezoa@nba.com,Palestinian Territory,Female,Bayt ‘Awwā,Zazio,73991.36,ILS
Nicole,Olson,nolsonob@utexas.edu,Russia,Female,Kabardinka,Photobean,89133.94,RUB
Alan,Adams,aadamsoc@hc360.com,China,Male,Qiaolin,Oyoba,,CNY
Phyllis,West,pwestod@uol.com.br,China,Female,Shiquan,Rooxo,22817.17,CNY
Joshua,Ramos,jramosoe@ebay.com,China,Male,Yamen,Mybuzz,1278.73,CNY
Sarah,Stewart,sstewartof@t-online.de,Yemen,Female,Ḩadādah,Realcube,244.83,YER
Thomas,Bailey,tbaileyog@hubpages.com,Sierra Leone,Male,Kambia,Digitube,7000.61,SLL
Carlos,Chapman,cchapmanoh@omniture.com,Tunisia,Male,Tajerouine,Twimbo,89936.95,TND
Amy,Kelley,akelleyoi@over-blog.com,Finland,Female,Kylmäkoski,Yambee,58968.29,EUR
Karen,Simmons,ksimmonsoj@skype.com,Bangladesh,Female,Dhaka,Camimbo,41633.59,BDT
Lisa,Hughes,lhughesok@fastcompany.com,Japan,Female,Suita,Mymm,85566.95,JPY
Catherine,Cox,ccoxol@nytimes.com,Argentina,Female,Nueve de Julio,Babbleset,39361.69,ARS
Tammy,Dixon,tdixonom@aboutads.info,Cameroon,Female,Eséka,Linkbuzz,61255.07,XAF
Marie,Holmes,mholmeson@macromedia.com,Croatia,Female,Jadranovo,Yabox,64211.81,HRK
Terry,Wallace,twallaceoo@unc.edu,Jordan,Male,Safi,Layo,88137.62,JOD
Ralph,Ortiz,rortizop@google.pl,Egypt,Male,Iţsā,Skilith,,EGP
Harold,Anderson,handersonoq@godaddy.com,Vietnam,Male,Lương Bằng,Trudeo,43516.25,VND
Joe,Gordon,jgordonor@creativecommons.org,China,Male,Honghe,Edgeify,39107.34,CNY
Kevin,Romero,kromeroos@artisteer.com,Cyprus,Male,Dhromolaxia,Twitterworks,20146.36,EUR
Roger,Fields,rfieldsot@hostgator.com,Philippines,Male,Mababanaba,Muxo,88039.71,PHP
Kevin,White,kwhiteou@deliciousdays.com,China,Male,Huangtan,Skinix,64049.39,CNY
Phyllis,Hanson,phansonov@reddit.com,Ecuador,Female,Baños,LiveZ,,USD
Nicholas,Watkins,nwatkinsow@aol.com,Czech Republic,Male,Křenovice,Gabspot,24550.54,CZK
Linda,Wheeler,lwheelerox@sitemeter.com,United States,Female,Charleston,Flipopia,21439.91,USD
Joan,Martin,jmartinoy@indiegogo.com,Somalia,Female,Jalalaqsi,Flashset,91113.71,SOS
Richard,Snyder,rsnyderoz@ftc.gov,Morocco,Male,Ouijjane,Yotz,36720.67,MAD
Joseph,Little,jlittlep0@ucla.edu,Libya,Male,Al ‘Azīzīyah,Skyvu,29966.40,LYD
Adam,Hart,ahartp1@multiply.com,Indonesia,Male,Naikoten Dua,Mydo,87276.72,IDR
Doris,Freeman,dfreemanp2@wikimedia.org,Israel,Female,Qiryat Shemona,Riffwire,87794.02,ILS
Jose,Williamson,jwilliamsonp3@addthis.com,Poland,Male,Ćmielów,Camimbo,87362.68,PLN
Linda,Weaver,lweaverp4@webnode.com,Russia,Female,Markovo,Vipe,47371.83,RUB
Lois,Hall,lhallp5@bbc.co.uk,China,Female,Tongchuan,Dabvine,51963.23,CNY
Clarence,Dean,cdeanp6@house.gov,Japan,Male,Kanda,Tazz,9318.89,JPY
Carl,Hanson,chansonp7@ucsd.edu,Japan,Male,Numata,Brainverse,93114.90,JPY
Susan,Harrison,sharrisonp8@t-online.de,China,Female,Gaoqiao,Camimbo,33067.41,CNY
Christina,Holmes,cholmesp9@cbsnews.com,Macedonia,Female,Желино,Fliptune,83382.41,MKD
Jane,Montgomery,jmontgomerypa@mlb.com,China,Female,Huangbu,Jetpulse,,CNY
Helen,Walker,hwalkerpb@zimbio.com,Benin,Female,Cotonou,Cogidoo,57415.62,XOF
Willie,Welch,wwelchpc@e-recht24.de,Thailand,Male,Sena,Skyvu,3415.73,THB
Christine,Jackson,cjacksonpd@studiopress.com,Denmark,Female,København,Plajo,76730.61,DKK
Christina,Sims,csimspe@un.org,Czech Republic,Female,Včelná,Avamm,24845.55,CZK
Samuel,Hansen,shansenpf@acquirethisname.com,China,Male,Muyudian,Yakitri,18370.22,CNY
Jose,Owens,jowenspg@ucoz.ru,Indonesia,Male,Kubang,Trupe,63594.40,IDR
Jason,Watkins,jwatkinsph@ftc.gov,Peru,Male,Pucara,Flipbug,97232.23,PEN
Jesse,Howell,jhowellpi@sina.com.cn,Poland,Male,Pawłowiczki,Cogidoo,42871.49,PLN
Joseph,Gardner,jgardnerpj@alibaba.com,Poland,Male,Ruda Śląska,Mynte,,PLN
Diane,Clark,dclarkpk@buzzfeed.com,Russia,Female,Tselinnoye,Chatterbridge,10690.79,RUB
Raymond,Brooks,rbrookspl@rediff.com,Morocco,Male,Tanalt,Feedfish,,MAD
Diana,George,dgeorgepm@deliciousdays.com,Colombia,Female,Puerto Rico,Centidel,,COP
Judith,Henry,jhenrypn@cpanel.net,Armenia,Female,Verin Artashat,Yacero,,AMD
Antonio,Fernandez,afernandezpo@t.co,Poland,Male,Wyśmierzyce,Feedbug,,PLN
Shirley,Williamson,swilliamsonpp@nih.gov,China,Female,Heka,Meetz,6382.38,CNY
Melissa,Coleman,mcolemanpq@list-manage.com,Indonesia,Female,Bintang,Skyble,29549.41,IDR
Bonnie,Kennedy,bkennedypr@ezinearticles.com,Malaysia,Female,Labuan,Wikivu,15788.21,MYR
Todd,Alvarez,talvarezps@geocities.com,China,Male,Taiping,Photobug,5833.32,CNY
Elizabeth,Hart,ehartpt@scribd.com,Russia,Female,Magnitka,Zoovu,67057.12,RUB
Mark,Owens,mowenspu@cisco.com,France,Male,Saint-Quentin-en-Yvelines,Quamba,29978.69,EUR
Nicholas,Morrison,nmorrisonpv@scientificamerican.com,Slovenia,Male,Zabukovica,Edgetag,9006.47,EUR
Cheryl,Hawkins,chawkinspw@moonfruit.com,Indonesia,Female,Banjar Gunungpande,Divanoodle,43756.73,IDR
Lawrence,George,lgeorgepx@trellian.com,China,Male,Ketang,Fliptune,98028.06,CNY
Shawn,Garcia,sgarciapy@ebay.com,China,Male,Huangbei,Livefish,,CNY
Lori,Morgan,lmorganpz@fc2.com,Thailand,Female,Bang Sai,Meembee,4394.63,THB
Doris,Parker,dparkerq0@gnu.org,Nigeria,Female,Okpoga,Cogibox,55154.23,NGN
Russell,Hanson,rhansonq1@ed.gov,Indonesia,Male,Tegalgunung,Jazzy,5144.52,IDR
Joe,Howard,jhowardq2@bluehost.com,Philippines,Male,Dicamay,Oyoba,63481.09,PHP
Denise,Henderson,dhendersonq3@exblog.jp,Czech Republic,Female,Horní Čermná,Fiveclub,54213.08,CZK
Julia,Hansen,jhansenq4@archive.org,Indonesia,Female,Dukuhturi,Flipopia,,IDR
Denise,Simpson,dsimpsonq5@smh.com.au,Guinea,Female,Pita,Skinte,29586.71,GNF
Bruce,Lawson,blawsonq6@homestead.com,Thailand,Male,Ban Khlong Bang Sao Thong,Riffpedia,99062.35,THB
Katherine,Ramirez,kramirezq7@macromedia.com,Indonesia,Female,Sitiarjo,Buzzshare,33274.47,IDR
Barbara,Little,blittleq8@lycos.com,France,Female,Avignon,Browsecat,95176.20,EUR
Gregory,Parker,gparkerq9@typepad.com,China,Male,Chenda,Rhynyx,70870.31,CNY
William,Hill,whillqa@time.com,Argentina,Male,Laborde,Meemm,15945.09,ARS
Sara,Bryant,sbryantqb@purevolume.com,Brazil,Female,Feijó,Flipstorm,73562.50,BRL
Lori,Jacobs,ljacobsqc@ox.ac.uk,China,Female,Zhenchuan,Skibox,66442.48,CNY
Scott,Ross,srossqd@java.com,Iran,Male,Qeshm,Skinix,3268.79,IRR
Annie,Carr,acarrqe@nba.com,China,Female,Chagang,Dynazzy,98506.27,CNY
George,Powell,gpowellqf@moonfruit.com,South Africa,Male,Bizana,Innotype,15935.69,ZAR
Cynthia,Burton,cburtonqg@usatoday.com,China,Female,Lianzhu,Tagchat,24770.73,CNY
Cheryl,Olson,colsonqh@vistaprint.com,China,Female,Hekou,Gabtune,39960.81,CNY
Jimmy,Peterson,jpetersonqi@spotify.com,Mexico,Male,Morelos,Kwilith,9696.66,MXN
Annie,Ellis,aellisqj@elpais.com,Nicaragua,Female,Diriomo,Gabtype,1083.35,NIO
Charles,Sullivan,csullivanqk@abc.net.au,Indonesia,Male,Gempol,Shuffletag,74173.89,IDR
Benjamin,Payne,bpayneql@jalbum.net,Vietnam,Male,Thị Trấn Phù Yên,Topdrive,1639.11,VND
Ralph,Willis,rwillisqm@lulu.com,China,Male,Heshengbao,Miboo,,CNY
Paul,Cook,pcookqn@salon.com,Philippines,Male,Cabatang,Fivechat,55748.37,PHP
Thomas,Walker,twalkerqo@biblegateway.com,Japan,Male,Okaya,Quire,54895.91,JPY
Jane,Carter,jcarterqp@deliciousdays.com,France,Female,Bourges,Bubbletube,2805.72,EUR
Robin,Mcdonald,rmcdonaldqq@w3.org,South Africa,Female,Rustenburg,Realbuzz,81948.13,ZAR
Marie,Taylor,mtaylorqr@yandex.ru,South Sudan,Female,Bor,Plajo,39335.79,SSP
Phillip,Owens,powensqs@npr.org,Cuba,Male,Palmira,Tagtune,78491.04,CUP
Daniel,Peters,dpetersqt@cbsnews.com,France,Male,Angers,Aivee,96004.10,EUR
Jean,Gonzalez,jgonzalezqu@drupal.org,Sweden,Female,Västervik,Realbuzz,20002.35,SEK
Kathryn,Mccoy,kmccoyqv@indiatimes.com,Finland,Female,Karjalohja,Pixonyx,58309.76,EUR
Carolyn,Stone,cstoneqw@microsoft.com,Ukraine,Female,Verkhnya Syrovatka,Abata,,UAH
Jessica,Boyd,jboydqx@merriam-webster.com,Indonesia,Female,Wolonio,Eazzy,83046.44,IDR
Virginia,Burke,vburkeqy@gnu.org,Czech Republic,Female,Vlkoš,Wikido,17319.33,CZK
Fred,Chavez,fchavezqz@alibaba.com,Indonesia,Male,Ciawitali,Twitterlist,97982.04,IDR
Carol,Powell,cpowellr0@craigslist.org,France,Female,Abbeville,Ozu,28747.10,EUR
Nancy,Cook,ncookr1@shutterfly.com,Bolivia,Female,Jorochito,Photojam,57925.98,BOB
Carl,Stanley,cstanleyr2@godaddy.com,France,Male,Lyon,Skimia,59071.70,EUR
Juan,Palmer,jpalmerr3@toplist.cz,Russia,Male,Dzhiginka,Ntags,32809.52,RUB
Joshua,Hanson,jhansonr4@indiatimes.com,Egypt,Male,Shibīn al Qanāţir,Leenti,99941.38,EGP
Christopher,Young,cyoungr5@squidoo.com,Italy,Male,Ancona,Innojam,,EUR
Carlos,Gilbert,cgilbertr6@merriam-webster.com,Brazil,Male,Uruçuca,Flipbug,70951.79,BRL
Andrea,Jackson,ajacksonr7@wisc.edu,China,Female,Kefang,Quire,68456.70,CNY
Martin,Garrett,mgarrettr8@kickstarter.com,Azerbaijan,Male,Dzhalilabad,Podcat,61508.49,AZN
Lois,Henry,lhenryr9@sfgate.com,China,Female,Tangban,Jatri,13519.35,CNY
Jerry,Mendoza,jmendozara@ustream.tv,Vietnam,Male,Thị Trấn Tà Lùng,Linklinks,70330.05,VND
Chris,Olson,colsonrb@shutterfly.com,Nigeria,Male,Ogurugu,Roombo,9166.15,NGN
Joseph,Coleman,jcolemanrc@cbslocal.com,Greece,Male,Évlalo,Eabox,76716.60,EUR
Sean,Kim,skimrd@samsung.com,Philippines,Male,Del Pilar,Skidoo,77845.66,PHP
Michael,Austin,maustinre@yandex.ru,Nigeria,Male,Offa,Eabox,63185.58,NGN
Adam,Sanchez,asanchezrf@utexas.edu,China,Male,Yeliguan,Thoughtstorm,29122.76,CNY
Martha,Howard,mhowardrg@parallels.com,Brazil,Female,Campina Grande do Sul,Thoughtsphere,90273.21,BRL
Nicholas,Green,ngreenrh@admin.ch,China,Male,Honghai,Gigabox,44860.45,CNY
Jean,Owens,jowensri@homestead.com,China,Female,Lizhuang,Shufflester,,CNY
Anthony,Gibson,agibsonrj@eepurl.com,Sri Lanka,Male,Matara,Kazio,21142.81,LKR
Susan,Baker,sbakerrk@yelp.com,Sweden,Female,Trollhättan,Feedbug,19005.90,SEK
Earl,Sims,esimsrl@flavors.me,Ukraine,Male,Bratslav,Edgeblab,42659.87,UAH
Joseph,Hunt,jhuntrm@qq.com,Indonesia,Male,Ngurenrejo,Edgewire,40624.57,IDR
Debra,Pierce,dpiercern@desdev.cn,Japan,Female,Ōmachi,Aivee,,JPY
Jeremy,Coleman,jcolemanro@tripod.com,France,Male,Mont-Saint-Aignan,Edgeify,29534.77,EUR
Richard,Garcia,rgarciarp@lulu.com,China,Male,Shisandaogou,Rhyloo,33296.93,CNY
Amanda,Jackson,ajacksonrq@state.tx.us,Indonesia,Female,Ritaebang,Abata,82582.01,IDR
Daniel,Morgan,dmorganrr@wiley.com,Macedonia,Male,Липково,Plajo,29328.03,MKD
