Susan,Little,slittle0@yahoo.com,Cuba,Female,Boyeros,Browsezoom,97651.11,CUP
Denise,Black,dblack1@salon.com,Philippines,Female,Maguling,Geba,55594.35,PHP
Janice,Wheeler,jwheeler2@addtoany.com,China,Female,Huangzhou,Bubblebox,38725.78,CNY
David,Romero,dromero3@usgs.gov,China,Male,Dapo,Centimia,6787.29,CNY
Beverly,Gray,bgray4@cnet.com,Guatemala,Female,San Cristóbal Verapaz,Muxo,58474.94,GTQ
Jeffrey,Oliver,joliver5@mayoclinic.com,Poland,Male,Milanów,Kwimbee,71758.24,PLN
Martha,Martin,mmartin6@google.ru,China,Female,Muzhijie,Rhybox,,CNY
Norma,Diaz,ndiaz7@bravesites.com,China,Female,Liyuan,Ooba,40211.65,CNY
Christopher,Wood,cwood8@jiathis.com,China,Male,Miaoling,Aimbo,71928.54,CNY
Patricia,Bennett,pbennett9@yolasite.com,Norway,Female,Bodø,Quinu,44882.22,NOK
Betty,Andrews,bandrewsa@mit.edu,Sweden,Female,Säffle,Shufflester,,SEK
Frances,Barnes,fbarnesb@163.com,Netherlands,Female,Brunssum,Feedmix,71245.13,EUR
Jimmy,Baker,jbakerc@hao123.com,Mexico,Male,Guadalupe,Twiyo,60333.89,MXN
Jonathan,Berry,jberryd@usnews.com,Indonesia,Male,Lohayong,Eayo,51916.09,IDR
Kevin,Allen,kallene@ucoz.com,Philippines,Male,San Isidro,Lazz,58233.47,PHP
Willie,Fields,wfieldsf@about.com,Philippines,Male,Hingatungan,Jazzy,57276.20,PHP
Philip,Williamson,pwilliamsong@telegraph.co.uk,Nigeria,Male,Ohafia-Ifigh,Feedfish,61434.20,NGN
Angela,Cooper,acooperh@github.io,Peru,Female,Huayacundo Arma,Realbridge,65813.54,PEN
Jeremy,Wheeler,jwheeleri@toplist.cz,Ivory Coast,Male,Oumé,Quinu,43596.74,XOF
Aaron,Black,ablackj@cdc.gov,Macedonia,Male,Sredno Konjare,Linktype,23452.04,MKD
Mary,Dixon,mdixonk@bizjournals.com,China,Female,Jinjiang,Demimbu,74086.65,CNY
Virginia,Oliver,voliverl@mail.ru,Philippines,Female,Burauen,Browsebug,15834.53,PHP
Randy,Romero,rromerom@issuu.com,Portugal,Male,Manique,Gigaclub,23931.31,EUR
Amy,Wilson,awilsonn@drupal.org,Brazil,Female,Não Me Toque,Avamba,,BRL
Rose,Ellis,relliso@istockphoto.com,Japan,Female,Tokyo,Aibox,53247.34,JPY
Deborah,Reyes,dreyesp@discuz.net,Ukraine,Female,Polonne,Voolia,60879.96,UAH
Beverly,Day,bdayq@columbia.edu,Philippines,Female,Maloma,Rhynoodle,18366.79,PHP
Kathy,Palmer,kpalmerr@mit.edu,Mauritius,Female,Arsenal,Meevee,95340.09,MUR
Diane,Watson,dwatsons@utexas.edu,China,Female,Yaozhuang,Tavu,39907.23,CNY
Norma,Powell,npowellt@reverbnation.com,Brazil,Female,Boa Vista,Jabbersphere,34132.11,BRL
Raymond,Howard,rhowardu@walmart.com,Bulgaria,Male,Byala Slatina,Quinu,70102.08,BGN
Kevin,Medina,kmedinav@networkadvertising.org,Brazil,Male,Penha,Tagcat,,BRL
Kimberly,Cook,kcookw@wikimedia.org,Russia,Female,Sokol’skoye,Blogtag,,RUB
Mildred,Willis,mwillisx@usda.gov,Malaysia,Female,Alor Setar,Lajo,13728.87,MYR
Sharon,Taylor,staylory@nih.gov,Yemen,Female,Bayt ‘Adhāqah,JumpXS,24524.17,YER
Henry,Spencer,hspencerz@unicef.org,Canada,Male,Richmond,Meetz,78179.48,CAD
Sandra,Knight,sknight10@360.cn,Uzbekistan,Female,Shahrisabz Shahri,Babbleopia,62357.76,UZS
Debra,Harris,dharris11@livejournal.com,Colombia,Female,Morales,Latz,75707.20,COP
Jonathan,Hansen,jhansen12@whitehouse.gov,Russia,Male,Uzunovo,Thoughtsphere,25311.56,RUB
Eric,Hanson,ehanson13@si.edu,China,Male,Haibeitou,Shuffletag,83391.08,CNY
Eugene,Dean,edean14@squidoo.com,Poland,Male,Ryki,Thoughtworks,22410.34,PLN
Janice,Medina,jmedina15@ucsd.edu,Indonesia,Female,Sabang,Rhynoodle,21721.92,IDR
Todd,Willis,twillis16@stumbleupon.com,Greece,Male,Néa Vrasná,Browsezoom,81139.71,EUR
Jason,Cruz,jcruz17@wikimedia.org,Philippines,Male,Mabiton,Midel,45230.41,PHP
Thomas,Black,tblack18@issuu.com,Peru,Male,Achanizo,Kayveo,22658.82,PEN
Virginia,Black,vblack19@sfgate.com,China,Female,Guanban,Innotype,53515.57,CNY
Joyce,Perez,jperez1a@redcross.org,China,Female,Shanghuang,Mynte,94467.28,CNY
Albert,Moore,amoore1b@squarespace.com,China,Male,Yuncao,Kwimbee,64198.82,CNY
Rebecca,Perez,rperez1c@jimdo.com,Poland,Female,Latowicz,Latz,82647.80,PLN
Timothy,Williamson,twilliamson1d@bloomberg.com,Russia,Male,Serpukhov,Quaxo,3102.32,RUB
Timothy,Greene,tgreene1e@yellowbook.com,China,Male,Gaoqiao,Jaxspan,77257.22,CNY
Virginia,Austin,vaustin1f@businessinsider.com,Argentina,Female,Campo Largo,Innotype,,ARS
Nicole,Peterson,npeterson1g@go.com,Argentina,Female,San Martín de los Andes,Flipstorm,16486.35,ARS
Rose,Frazier,rfrazier1h@wp.com,Argentina,Female,Charras,Buzzdog,44696.54,ARS
Ernest,Mendoza,emendoza1i@weibo.com,China,Male,Fenlu,Jabbercube,47111.53,CNY
Jonathan,Lopez,jlopez1j@xinhuanet.com,China,Male,Qagan Obo,Eidel,34078.66,CNY
Bruce,Riley,briley1k@columbia.edu,Philippines,Male,Rizal,Rhybox,94417.67,PHP
Anne,Boyd,aboyd1l@wufoo.com,Indonesia,Female,Kalahang,Trudoo,31696.69,IDR
Roger,Long,rlong1m@howstuffworks.com,Belarus,Male,Enyerhyetykaw,Ailane,21209.62,BYR
Anna,Ray,aray1n@slideshare.net,Russia,Female,Dedenëvo,Gabtune,85140.23,RUB
Roy,Holmes,rholmes1o@scientificamerican.com,Greece,Male,Skópelos,Livefish,94095.10,EUR
Clarence,Day,cday1p@mayoclinic.com,Finland,Male,Taivalkoski,Zoozzy,50653.30,EUR
Ryan,Austin,raustin1q@washingtonpost.com,Afghanistan,Male,Anār Darah,Devbug,53871.70,AFN
James,Mcdonald,jmcdonald1r@youtu.be,Thailand,Male,Pak Thong Chai,Thoughtmix,28762.75,THB
Chris,Gonzalez,cgonzalez1s@yellowpages.com,China,Male,Huayuan,Babblestorm,26697.39,CNY
Kathleen,Hayes,khayes1t@sourceforge.net,Russia,Female,Vistino,Snaptags,18238.22,RUB
Jimmy,Peters,jpeters1u@washingtonpost.com,Sweden,Male,Sundbyberg,Innotype,,SEK
Barbara,Ford,bford1v@feedburner.com,Yemen,Female,Al Ḩumaydāt,Yamia,6303.42,YER
Melissa,Ford,mford1w@boston.com,China,Female,Shanglian,Quatz,12641.47,CNY
Ralph,Morales,rmorales1x@hc360.com,Lithuania,Male,Priekulė,Agimba,18339.83,LTL
Betty,Crawford,bcrawford1y@walmart.com,Vietnam,Female,Uyen Hung,Livepath,91879.00,VND
Walter,Perez,wperez1z@earthlink.net,Greece,Male,Palaiópyrgos,Demivee,18030.13,EUR
Bonnie,Snyder,bsnyder20@google.nl,North Korea,Female,Kaesŏng,Gabvine,75751.21,KPW
Jennifer,Simpson,jsimpson21@acquirethisname.com,Philippines,Female,San Eduardo,Kamba,18157.15,PHP
Kimberly,Stewart,kstewart22@cnet.com,Czech Republic,Female,Bavorov,Yadel,,CZK
Pamela,Wells,pwells23@netscape.com,Uganda,Female,Bundibugyo,Yotz,,UGX
Larry,Ramos,lramos24@istockphoto.com,Mexico,Male,Emiliano Zapata,Devbug,8052.15,MXN
Cynthia,Ramos,cramos25@pbs.org,China,Female,Shitan,Yodel,69203.10,CNY
Gregory,Stone,gstone26@un.org,China,Male,Longping,Devpulse,26022.38,CNY
Karen,Vasquez,kvasquez27@creativecommons.org,Peru,Female,Pallanchacra,Zoomcast,89577.89,PEN
Susan,Young,syoung28@geocities.jp,Mexico,Female,Francisco I Madero,LiveZ,15439.21,MXN
Carlos,Mitchell,cmitchell29@mediafire.com,Philippines,Male,Gamut,Skiptube,89235.26,PHP
Justin,Mitchell,jmitchell2a@ameblo.jp,South Korea,Male,Pohang,Realmix,67857.02,KRW
Karen,Morris,kmorris2b@aol.com,Bangladesh,Female,Dhaka,Innotype,25940.69,BDT
Ernest,Wells,ewells2c@mozilla.com,Philippines,Male,Hingatungan,Einti,28179.65,PHP
Elizabeth,Tucker,etucker2d@chicagotribune.com,Indonesia,Female,Poponcol,Kazu,10965.24,IDR
Kathleen,Rivera,krivera2e@census.gov,Poland,Female,Dobra,Pixoboo,57136.19,PLN
Ronald,Roberts,rroberts2f@mediafire.com,Sudan,Male,Um Jar Al Gharbiyya,LiveZ,47545.97,SDG
Dorothy,Gardner,dgardner2g@dion.ne.jp,Nigeria,Female,Kibiya,Skinte,5618.25,NGN
Karen,Washington,kwashington2h@furl.net,China,Female,Xingang,Fliptune,46947.44,CNY
Billy,Ruiz,bruiz2i@blog.com,Brazil,Male,Jandira,Dabshots,26214.81,BRL
Jack,Martin,jmartin2j@simplemachines.org,China,Male,Pingzhuang,Feedmix,561.61,CNY
Amanda,Wagner,awagner2k@yellowpages.com,Philippines,Female,Barili,Thoughtsphere,16092.86,PHP
Charles,Cooper,ccooper2l@cloudflare.com,Indonesia,Male,Banyulegi,Babblestorm,12310.24,IDR
Ruth,Nelson,rnelson2m@amazon.de,Burkina Faso,Female,Koupéla,Tagcat,24510.01,XOF
Norma,Smith,nsmith2n@va.gov,China,Female,Huaizhong,Shuffledrive,93747.33,CNY
Walter,Gonzalez,wgonzalez2o@cbslocal.com,Colombia,Male,Chinú,Snaptags,87183.37,COP
Melissa,Welch,mwelch2p@bbc.co.uk,China,Female,Jinhua,Nlounge,62910.51,CNY
Albert,Hunt,ahunt2q@ameblo.jp,Russia,Male,Sosnovka,Omba,,RUB
Todd,Thompson,tthompson2r@squarespace.com,China,Male,Zhangxi,Babbleopia,79227.86,CNY
Ruth,Vasquez,rvasquez2s@reddit.com,Guatemala,Female,Chisec,Skipstorm,92513.63,GTQ
Joe,Bishop,jbishop2t@google.pl,Uganda,Male,Serere,Twinder,88300.55,UGX
Mark,Schmidt,mschmidt2u@imgur.com,Zimbabwe,Male,Bindura,Skaboo,35355.55,ZWL
Kenneth,Greene,kgreene2v@example.com,Canada,Male,Espanola,Skyndu,18075.58,CAD
Stephen,Green,sgreen2w@wired.com,Ukraine,Male,Kotel’va,Aibox,74771.95,UAH
Brian,Wallace,bwallace2x@auda.org.au,Czech Republic,Male,Radvanice,Browsedrive,97136.92,CZK
Roy,Henderson,rhenderson2y@google.fr,Indonesia,Male,Kerek,Dablist,90622.56,IDR
Howard,Holmes,hholmes2z@alibaba.com,Palestinian Territory,Male,‘Ābūd,Linklinks,42925.72,ILS
Joan,Gomez,jgomez30@illinois.edu,Russia,Female,Megion,Babblestorm,74847.17,RUB
Angela,Hawkins,ahawkins31@ucoz.com,China,Female,Shuangwang,Viva,92514.71,CNY
Lillian,Fernandez,lfernandez32@ifeng.com,Brazil,Female,Campo Maior,Gabspot,64948.50,BRL
Louise,Griffin,lgriffin33@netvibes.com,Russia,Female,Uvarovo,Chatterpoint,65076.62,RUB
Christina,Stevens,cstevens34@hibu.com,Nicaragua,Female,Santo Tomás,Voolia,57921.50,NIO
Irene,Ward,iward35@geocities.com,Russia,Female,Kanashevo,Oloo,69224.24,RUB
Patricia,Willis,pwillis36@nifty.com,China,Female,Tiechang,Topiczoom,29141.89,CNY
Joyce,Harper,jharper37@go.com,Thailand,Female,Non Suwan,Cogibox,2886.51,THB
Judith,Mitchell,jmitchell38@amazon.co.jp,Ukraine,Female,Pidhaytsi,Shuffletag,48393.75,UAH
Stephanie,Cox,scox39@delicious.com,China,Female,Jiangbei,Riffpath,,CNY
Keith,Lawrence,klawrence3a@cbc.ca,Finland,Male,Karvia,Devpoint,42752.63,EUR
Frances,Harris,fharris3b@github.io,China,Female,Hanjia,Dabfeed,57652.60,CNY
Gregory,Green,ggreen3c@ameblo.jp,Yemen,Male,Dhī as Sufāl,Edgeblab,14791.48,YER
Elizabeth,Peterson,epeterson3d@ow.ly,Portugal,Female,Ulme,Brainverse,90534.69,EUR
Wayne,Ford,wford3e@constantcontact.com,Russia,Male,Bureya,Chatterpoint,33824.52,RUB
Rachel,Nichols,rnichols3f@senate.gov,Portugal,Female,Casal,Meemm,,EUR
Karen,Ortiz,kortiz3g@columbia.edu,Canada,Female,Melfort,Shuffledrive,17882.80,CAD
Raymond,Peterson,rpeterson3h@jugem.jp,China,Male,Lücheng,Meemm,25870.79,CNY
Betty,Alexander,balexander3i@spotify.com,Russia,Female,Torzhok,Blognation,76823.02,RUB
Joan,Burns,jburns3j@altervista.org,East Timor,Female,Dili,Zazio,40472.47,USD
Christopher,Graham,cgraham3k@elpais.com,Colombia,Male,El Banco,Trilith,28605.62,COP
Bobby,Campbell,bcampbell3l@bizjournals.com,Portugal,Male,Outeiro Seco,Photojam,77360.31,EUR
Samuel,Schmidt,sschmidt3m@umich.edu,China,Male,Nanyang,Tagopia,97455.84,CNY
Mary,Watson,mwatson3n@weather.com,China,Female,Chengdong,Pixonyx,,CNY
Carl,Marshall,cmarshall3o@arstechnica.com,Laos,Male,Xiang Ngeun,Zoonder,61832.17,LAK
Paul,Baker,pbaker3p@purevolume.com,Slovenia,Male,Kidričevo,Jabbercube,89839.50,EUR
Nicholas,Ray,nray3q@w3.org,Nicaragua,Male,San Jorge,Devbug,,NIO
Jane,Jordan,jjordan3r@yahoo.com,Japan,Female,Makubetsu,Meezzy,92325.83,JPY
Louise,Lawson,llawson3s@slashdot.org,Poland,Female,Trzebunia,Devcast,,PLN
Beverly,Porter,bporter3t@netvibes.com,Thailand,Female,Phra Phutthabat,Tagpad,13722.41,THB
Harry,Cox,hcox3u@adobe.com,Brazil,Male,Paraguaçu Paulista,Skipstorm,55761.28,BRL
Gregory,Arnold,garnold3v@nps.gov,El Salvador,Male,Ozatlán,Lazz,57443.55,USD
Jacqueline,Fernandez,jfernandez3w@tumblr.com,Philippines,Female,Subusub,Avamba,50306.07,PHP
William,Price,wprice3x@squarespace.com,United States,Male,Little Rock,Avamba,55910.11,USD
Wayne,Freeman,wfreeman3y@booking.com,Cuba,Male,Corralillo,Yata,,CUP
Albert,Clark,aclark3z@google.co.jp,China,Male,Jinhai,Skinix,76459.99,CNY
Tina,Diaz,tdiaz40@shinystat.com,China,Female,Zhongxian,Trunyx,61588.49,CNY
Rachel,Woods,rwoods41@economist.com,Bosnia and Herzegovina,Female,Donji Vakuf,InnoZ,70531.25,BAM
Janet,Sims,jsims42@fema.gov,Albania,Female,Xibër-Murrizë,Flipbug,68893.35,ALL
Kenneth,Hernandez,khernandez43@gravatar.com,Slovenia,Male,Gornji Grad,Miboo,65095.49,EUR
Steven,Fisher,sfisher44@seesaa.net,Indonesia,Male,Panyuran,DabZ,52476.17,IDR
Rose,Morrison,rmorrison45@mysql.com,Indonesia,Female,Ciwaru,Kayveo,91548.70,IDR
Harold,Ray,hray46@guardian.co.uk,China,Male,Songnan,Voonyx,45874.41,CNY
Gloria,Mendoza,gmendoza47@theglobeandmail.com,China,Female,Linghu,Mudo,,CNY
Antonio,Jordan,ajordan48@auda.org.au,China,Male,Shuihu,Oba,,CNY
Linda,Castillo,lcastillo49@theatlantic.com,United States,Female,Van Nuys,Teklist,84598.87,USD
Heather,Ruiz,hruiz4a@about.me,China,Female,Leluo,Youfeed,25638.15,CNY
Justin,Lawrence,jlawrence4b@craigslist.org,Cuba,Male,Condado,Bluejam,13421.45,CUP
Gerald,Mccoy,gmccoy4c@google.com.hk,Ireland,Male,Castlepollard,Abata,57236.14,EUR
Patrick,Knight,pknight4d@nature.com,Cameroon,Male,Bafoussam,Realblab,18736.15,XAF
William,Daniels,wdaniels4e@weather.com,Croatia,Male,Buje,Rhybox,22000.29,HRK
Sandra,Patterson,spatterson4f@tripod.com,China,Female,Yangxi,Wordware,7265.77,CNY
Eric,Hicks,ehicks4g@usatoday.com,Paraguay,Male,Colonia Yguazú,Photojam,39180.66,PYG
Timothy,Mason,tmason4h@uol.com.br,Poland,Male,Łubniany,Dabtype,26344.34,PLN
Brenda,Austin,baustin4i@yellowbook.com,China,Female,Hong’an Chengguanzhen,Mudo,27220.17,CNY
Henry,Williamson,hwilliamson4j@chron.com,Uruguay,Male,Florencio Sánchez,Tanoodle,68874.43,UYU
Jeffrey,Richards,jrichards4k@cnet.com,Indonesia,Male,Campor,Eire,84815.43,IDR
Irene,Daniels,idaniels4l@friendfeed.com,Russia,Female,Suponevo,Jayo,43467.66,RUB
Jonathan,Baker,jbaker4m@nasa.gov,Philippines,Male,Padre Burgos,Lazzy,7235.96,PHP
Sarah,Lopez,slopez4n@wiley.com,China,Female,Zaoshi,Photobug,,CNY
Jesse,Williams,jwilliams4o@surveymonkey.com,China,Male,Jiaocun,Oyope,25009.27,CNY
Fred,Cole,fcole4p@cam.ac.uk,China,Male,Gujiang,Vinte,52577.42,CNY
Johnny,Arnold,jarnold4q@theguardian.com,Japan,Male,Hikari,Teklist,35995.13,JPY
Anna,Lewis,alewis4r@nationalgeographic.com,China,Female,Dangmu,Bubbletube,56607.50,CNY
Marilyn,Johnson,mjohnson4s@columbia.edu,France,Female,Paris 03,Gabvine,73283.77,EUR
Alan,Johnson,ajohnson4t@yellowbook.com,China,Male,Sumeng,Centidel,39074.23,CNY
Martha,Ross,mross4u@trellian.com,Indonesia,Female,Puncaksari,Quatz,,IDR
Fred,White,fwhite4v@constantcontact.com,Indonesia,Male,Karangtengah,Yozio,,IDR
Christina,Morris,cmorris4w@jugem.jp,Indonesia,Female,Gotputuk,Skipfire,72394.32,IDR
Julie,Hayes,jhayes4x@cargocollective.com,Morocco,Female,Taouima,Tagpad,12545.36,MAD
Roy,Alvarez,ralvarez4y@accuweather.com,China,Male,Liuzuo,Yacero,72867.08,CNY
Cheryl,Hansen,chansen4z@chronoengine.com,China,Female,Chengyue,Edgeclub,12182.67,CNY
Gerald,Duncan,gduncan50@domainmarket.com,Serbia,Male,Višnjićevo,Wordtune,67621.64,RSD
Albert,Dunn,adunn51@yolasite.com,China,Male,Huangmu,Skynoodle,89520.36,CNY
Gerald,Adams,gadams52@technorati.com,China,Male,Shadili,Babbleset,,CNY
Margaret,Bishop,mbishop53@blogger.com,Samoa,Female,Fasito‘outa,Realcube,10768.56,WST
Julie,West,jwest54@so-net.ne.jp,Croatia,Female,Brckovljani,Quire,29658.66,HRK
Deborah,Simpson,dsimpson55@sina.com.cn,Albania,Female,Shënmëri,Myworks,34771.49,ALL
Patrick,Boyd,pboyd56@unblog.fr,Thailand,Male,Chatuchak,Twimbo,17751.64,THB
Irene,Daniels,idaniels57@census.gov,Tanzania,Female,Katoro,Photospace,68652.46,TZS
Amy,Mendoza,amendoza58@statcounter.com,Philippines,Female,Vizal San Pablo,Realpoint,2996.35,PHP
Carol,Andrews,candrews59@mapy.cz,Indonesia,Female,Pende,Voomm,91840.21,IDR
Wanda,Gutierrez,wgutierrez5a@tamu.edu,Russia,Female,Leninskiy,Fivebridge,12844.69,RUB
Jacqueline,Evans,jevans5b@typepad.com,United States,Female,Chesapeake,Meejo,44703.28,USD
Adam,Watson,awatson5c@trellian.com,Indonesia,Male,Tegarenkrajan,Yakidoo,,IDR
Johnny,Daniels,jdaniels5d@addthis.com,China,Male,Xialu,Omba,24734.59,CNY
Gregory,Wells,gwells5e@newsvine.com,Philippines,Male,Taguing,Tagcat,26545.95,PHP
Richard,George,rgeorge5f@booking.com,Bulgaria,Male,Chernomorets,Realmix,19341.20,BGN
Catherine,Bowman,cbowman5g@goo.gl,Indonesia,Female,Tembol,Fivechat,12486.42,IDR
Arthur,Little,alittle5h@t.co,Luxembourg,Male,Waldbillig,Youspan,95767.67,EUR
Joe,Thomas,jthomas5i@smh.com.au,Indonesia,Male,Tanahbeureum,Thoughtbeat,4045.93,IDR
William,Peterson,wpeterson5j@comsenz.com,Cameroon,Male,Tibati,Ozu,9031.57,XAF
Laura,Murray,lmurray5k@diigo.com,Peru,Female,Chapimarca,Dabjam,92379.42,PEN
Willie,Grant,wgrant5l@oaic.gov.au,Sweden,Male,Solna,Fivechat,29824.35,SEK
Deborah,Medina,dmedina5m@ycombinator.com,Indonesia,Female,Nihaona,Brightdog,52191.75,IDR
Theresa,Harper,tharper5n@twitter.com,Libya,Female,Al Bayḑā’,Latz,,LYD
Linda,Little,llittle5o@cpanel.net,China,Female,Aral,Linkbuzz,,CNY
Michael,Adams,madams5p@wsj.com,France,Male,Fontenay-sous-Bois,Jaxnation,54696.92,EUR
Debra,Perry,dperry5q@hhs.gov,Armenia,Female,Fantan,Wordify,,AMD
Alan,Ray,aray5r@pagesperso-orange.fr,Thailand,Male,Ra-ngae,Viva,39456.22,THB
Adam,Tucker,atucker5s@cbsnews.com,Finland,Male,Iniö,Jayo,60487.26,EUR
Bonnie,Roberts,broberts5t@instagram.com,Myanmar,Female,Taungoo,Trilia,53485.78,MMK
Edward,Harvey,eharvey5u@hatena.ne.jp,Philippines,Male,Burgos,Voonix,19816.51,PHP
Mildred,Freeman,mfreeman5v@wp.com,Canada,Female,Amherst,Kazu,12356.88,CAD
Beverly,Stone,bstone5w@youtube.com,Poland,Female,Osiek,Gigaclub,,PLN
Mary,Price,mprice5x@arizona.edu,Norway,Female,Oslo,Lajo,81283.27,NOK
Ashley,Warren,awarren5y@usa.gov,Indonesia,Female,Sambirata,Abatz,3752.69,IDR
Brian,Ward,bward5z@guardian.co.uk,China,Male,Xihu,Agimba,29061.81,CNY
John,Hayes,jhayes60@baidu.com,United States,Male,Little Rock,Minyx,19245.25,USD
Larry,Alexander,lalexander61@wix.com,Japan,Male,Yorii,Tekfly,44507.58,JPY
Emily,Gilbert,egilbert62@europa.eu,Thailand,Female,Yaring,Skinte,88353.73,THB
Ralph,Banks,rbanks63@dmoz.org,United States,Male,San Diego,Teklist,38788.62,USD
Amanda,Palmer,apalmer64@fema.gov,Indonesia,Female,Sumber,Dynava,,IDR
Irene,Barnes,ibarnes65@ifeng.com,United States,Female,Corona,Eabox,53768.21,USD
Sharon,Morrison,smorrison66@smugmug.com,Sweden,Female,Helsingborg,Divape,74490.31,SEK
Shawn,Moreno,smoreno67@soup.io,Colombia,Male,Río Viejo,Livetube,76153.01,COP
Howard,Woods,hwoods68@tuttocitta.it,China,Male,Altunemil,Dabvine,,CNY
Linda,Myers,lmyers69@usatoday.com,France,Female,Le Mans,Vinte,38156.33,EUR
Phyllis,Long,plong6a@wix.com,Spain,Female,Gijon,Rhycero,19626.13,EUR
Margaret,Garza,mgarza6b@google.fr,Portugal,Female,Alverca do Ribatejo,Camimbo,51982.73,EUR
Heather,Hicks,hhicks6c@com.com,Vietnam,Female,Sóc Trăng,Buzzbean,40555.42,VND
Ashley,Hall,ahall6d@barnesandnoble.com,Russia,Female,Yefremov,Ntags,56518.36,RUB
Gerald,Kim,gkim6e@nytimes.com,Ireland,Male,Kildare,Lazzy,19663.39,EUR
Kathy,Johnson,kjohnson6f@whitehouse.gov,Afghanistan,Female,Markaz-e Woluswalī-ye Āchīn,Voolia,3744.27,AFN
Brenda,Jordan,bjordan6g@census.gov,Ukraine,Female,Luts’k,Talane,93807.40,UAH
Christine,Dixon,cdixon6h@4shared.com,Portugal,Female,Figueiredo,Dynava,63459.03,EUR
Emily,Reid,ereid6i@topsy.com,Indonesia,Female,Maria,Livetube,18787.32,IDR
Kimberly,Jones,kjones6j@ebay.co.uk,Serbia,Female,Rumenka,Talane,92822.13,RSD
Fred,Little,flittle6k@mediafire.com,China,Male,Rentian,Buzzshare,80131.61,CNY
Ruby,Green,rgreen6l@usgs.gov,Portugal,Female,Senhor da Serra,Gigaclub,57513.70,EUR
Earl,Carroll,ecarroll6m@apache.org,Colombia,Male,Chigorodó,Twitterwire,40011.62,COP
Daniel,Reynolds,dreynolds6n@wisc.edu,China,Male,Daxing,Photobug,63668.55,CNY
Marie,Dean,mdean6o@tmall.com,Czech Republic,Female,Oldřišov,Ooba,11569.81,CZK
Juan,Mitchell,jmitchell6p@wikispaces.com,Colombia,Male,San Martín,Aimbo,9291.90,COP
Antonio,Montgomery,amontgomery6q@webeden.co.uk,Bulgaria,Male,Vidin,Meeveo,46968.53,BGN
Robin,Perkins,rperkins6r@ftc.gov,Ukraine,Female,Kotovs’k,Jayo,49587.95,UAH
Lori,Jackson,ljackson6s@wordpress.com,Thailand,Female,Lam Plai Mat,Photobean,,THB
Sarah,Hansen,shansen6t@tumblr.com,Philippines,Female,Cogon,Eabox,31271.10,PHP
Louis,Cruz,lcruz6u@hc360.com,Indonesia,Male,Mancagahar,Brightbean,97813.74,IDR
Raymond,Ross,rross6v@psu.edu,Indonesia,Male,Op,Tazzy,34893.79,IDR
Martha,Nelson,mnelson6w@cafepress.com,Indonesia,Female,Wangkung,Leexo,78263.96,IDR
Betty,Olson,bolson6x@infoseek.co.jp,Jamaica,Female,Portmore,Mynte,94673.01,JMD
Catherine,Hughes,chughes6y@harvard.edu,Ireland,Female,Portarlington,Mymm,10288.70,EUR
Carlos,Bailey,cbailey6z@imgur.com,Kenya,Male,Lodwar,Edgetag,61686.15,KES
Dennis,Berry,dberry70@jigsy.com,Belarus,Male,Zaslawye,Katz,45455.61,BYR
Joseph,Matthews,jmatthews71@statcounter.com,Brazil,Male,Bariri,Brightdog,,BRL
Daniel,Day,dday72@lulu.com,Philippines,Male,Taloy,Blognation,,PHP
Joe,Thomas,jthomas73@businessweek.com,Indonesia,Male,Getung,Roombo,9989.98,IDR
Kelly,Little,klittle74@elegantthemes.com,Portugal,Female,Brejos,Mymm,,EUR
Clarence,Wallace,cwallace75@bbb.org,China,Male,Zhitang,Aimbo,22161.86,CNY
James,Ortiz,jortiz76@hhs.gov,Philippines,Male,Pagsabangan,Feednation,8781.91,PHP
Linda,Romero,lromero77@sogou.com,China,Female,Heiiyugou,Demivee,99594.15,CNY
Theresa,Garza,tgarza78@google.com.br,Nigeria,Female,Ruma,Mydeo,91812.76,NGN
Kathy,Medina,kmedina79@umich.edu,China,Female,Chenqiao,Innotype,,CNY
Sarah,Welch,swelch7a@simplemachines.org,Nicaragua,Female,Managua,Devify,45254.34,NIO
Martin,Miller,mmiller7b@stumbleupon.com,Estonia,Male,Tõrva,Yambee,38733.95,EUR
Jose,Hart,jhart7c@eventbrite.com,Philippines,Male,Salinas,Dynazzy,95291.50,PHP
Tina,Martinez,tmartinez7d@multiply.com,China,Female,Yangkang,Kwimbee,10530.74,CNY
Kathleen,Woods,kwoods7e@hp.com,Philippines,Female,Tindog,Topicware,49929.86,PHP
Helen,Bowman,hbowman7f@about.com,China,Female,Xinji,Gigabox,28772.05,CNY
Sharon,Smith,ssmith7g@scientificamerican.com,Indonesia,Female,Lengkongsari,Yakidoo,28548.03,IDR
Thomas,Medina,tmedina7h@oaic.gov.au,China,Male,Xinshichang,Browsedrive,61641.60,CNY
Earl,Carter,ecarter7i@washington.edu,Indonesia,Male,Plalar,Mybuzz,54057.45,IDR
Michael,Chapman,mchapman7j@umich.edu,United States,Male,Huntsville,Dabshots,77538.64,USD
Patrick,Carpenter,pcarpenter7k@about.me,Iran,Male,Nūrābād,Thoughtbridge,48313.46,IRR
Brandon,Tucker,btucker7l@umn.edu,France,Male,Bonneuil-sur-Marne,Kwilith,3772.83,EUR
Marilyn,Henry,mhenry7m@ifeng.com,Peru,Female,Patambuco,Avaveo,3229.73,PEN
Daniel,Graham,dgraham7n@wikipedia.org,Bosnia and Herzegovina,Male,Maslovare,Realcube,92554.49,BAM
Scott,Anderson,sanderson7o@blogspot.com,Philippines,Male,Lusong,Cogidoo,72058.60,PHP
Ruth,Hernandez,rhernandez7p@nasa.gov,Iran,Female,Tīrān,Devcast,61945.01,IRR
Lois,Nelson,lnelson7q@theatlantic.com,Brazil,Female,Pacaembu,Gabtype,39407.08,BRL
Annie,Adams,aadams7r@macromedia.com,China,Female,Huiqi,Oyonder,59833.78,CNY
David,Richardson,drichardson7s@youtube.com,China,Male,Wangzha,Twitternation,,CNY
Victor,Bailey,vbailey7t@theatlantic.com,Ukraine,Male,Bezlyudivka,Thoughtsphere,,UAH
Gary,Ramos,gramos7u@wordpress.com,Macedonia,Male,Pehčevo,Youtags,75947.45,MKD
Aaron,Ramirez,aramirez7v@prnewswire.com,Poland,Male,Jastrzębia Góra,Twitterworks,44382.90,PLN
Michael,Davis,mdavis7w@va.gov,China,Male,Sicheng,Wordware,,CNY
Sandra,Harrison,sharrison7x@nhs.uk,China,Female,Yanling,Ooba,2360.92,CNY
Adam,Evans,aevans7y@gnu.org,Russia,Male,Severskaya,Zoomcast,,RUB
Earl,Reyes,ereyes7z@businesswire.com,Indonesia,Male,Abang,Chatterpoint,64971.64,IDR
Janice,Franklin,jfranklin80@1und1.de,Russia,Female,Khosta,Camimbo,93570.14,RUB
Clarence,Johnson,cjohnson81@businesswire.com,Indonesia,Male,Putukrejo,Devbug,89479.18,IDR
Juan,Garcia,jgarcia82@elpais.com,Canada,Male,Moncton,Jabbertype,47069.10,CAD
Joseph,Woods,jwoods83@com.com,Central African Republic,Male,Paoua,Mudo,27347.70,XAF
Shawn,Lawrence,slawrence84@flickr.com,Micronesia,Male,Lamotrek,Devpulse,95045.22,USD
Tammy,Elliott,telliott85@tumblr.com,Canada,Female,Kamloops,Thoughtsphere,40690.22,CAD
Charles,Ferguson,cferguson86@icq.com,Spain,Male,"Hospitalet De Llobregat, L'",Mynte,38378.03,EUR
Diane,Sullivan,dsullivan87@phoca.cz,United States,Female,Chicago,Skimia,91994.42,USD
Lillian,Mason,lmason88@cocolog-nifty.com,Thailand,Female,Kaeng Khoi,Rhyloo,,THB
Steven,Snyder,ssnyder89@liveinternet.ru,Serbia,Male,Novi Pazar,Brightbean,89716.49,RSD
Randy,Williams,rwilliams8a@yelp.com,China,Male,Tufang,Twiyo,5491.69,CNY
Scott,Owens,sowens8b@forbes.com,Indonesia,Male,Dusun Desa Bunter,Gigabox,33486.39,IDR
Tina,Shaw,tshaw8c@answers.com,Argentina,Female,Barranqueras,Izio,60537.57,ARS
Maria,Young,myoung8d@blog.com,Brazil,Female,Taiobeiras,Topicstorm,20319.28,BRL
Brenda,Murphy,bmurphy8e@dailymail.co.uk,Indonesia,Female,Rancasadang,Brainverse,72116.26,IDR
Donald,Mills,dmills8f@privacy.gov.au,Russia,Male,Petrovsk,Digitube,78484.26,RUB
Jane,Vasquez,jvasquez8g@list-manage.com,Suriname,Female,Albina,Tekfly,95049.72,SRD
Louis,Collins,lcollins8h@moonfruit.com,Ukraine,Male,Kovel’,Ntag,,UAH
Paula,Washington,pwashington8i@parallels.com,Botswana,Female,Tonota,Fivespan,99570.81,BWP
Douglas,Alvarez,dalvarez8j@stumbleupon.com,Peru,Male,Sicaya,Fivespan,7514.14,PEN
Randy,Hawkins,rhawkins8k@ocn.ne.jp,France,Male,Nanterre,Skinix,12477.85,EUR
Donald,Hernandez,dhernandez8l@yale.edu,Greece,Male,Kastélli,Innojam,32854.67,EUR
Donald,Holmes,dholmes8m@jalbum.net,France,Male,Lons-le-Saunier,Roodel,,EUR
Bonnie,Tucker,btucker8n@mozilla.com,Russia,Female,Semibratovo,Skyba,13622.10,RUB
Douglas,Patterson,dpatterson8o@blogger.com,United States,Male,Gainesville,Jayo,2740.41,USD
Helen,Butler,hbutler8p@microsoft.com,Indonesia,Female,Kupahandap,Photobug,53076.38,IDR
Louise,Mcdonald,lmcdonald8q@hugedomains.com,Portugal,Female,Foz do Arelho,Oyoyo,24301.27,EUR
Janice,Reyes,jreyes8r@china.com.cn,China,Female,Wuyun,Wikido,80201.61,CNY
Frank,Jacobs,fjacobs8s@apple.com,Indonesia,Male,Cikembang,Agivu,54159.21,IDR
Gary,Williams,gwilliams8t@hexun.com,Russia,Male,Stavropol’,Vipe,30462.86,RUB
Debra,Fox,dfox8u@printfriendly.com,China,Female,Wuqu,Tagfeed,38781.52,CNY
Patrick,Torres,ptorres8v@amazon.co.jp,Greece,Male,Chaniá,Edgetag,,EUR
Edward,Jackson,ejackson8w@reference.com,Indonesia,Male,Rejanegara,Youopia,77013.27,IDR
Billy,Stanley,bstanley8x@reddit.com,Russia,Male,Zainsk,Snaptags,,RUB
Ruth,Taylor,rtaylor8y@independent.co.uk,Philippines,Female,Agpangi,Thoughtbridge,19486.59,PHP
Julie,Hamilton,jhamilton8z@adobe.com,China,Female,Wangtai,Kazu,43372.11,CNY
Philip,Banks,pbanks90@sbwire.com,Poland,Male,Przyborów,Meevee,96221.56,PLN
Beverly,Montgomery,bmontgomery91@bbc.co.uk,Afghanistan,Female,Khadīr,Izio,19011.58,AFN
Justin,Webb,jwebb92@purevolume.com,China,Male,Markog,Tagcat,37420.14,CNY
Scott,Kim,skim93@ox.ac.uk,Venezuela,Male,Capacho Nuevo,Dabtype,75164.90,VEF
Bonnie,Gomez,bgomez94@bravesites.com,Indonesia,Female,Hepang,Gabtype,,IDR
Mary,Lee,mlee95@umn.edu,Bangladesh,Female,Char Bhadrāsan,Realbuzz,56598.02,BDT
Craig,Morales,cmorales96@walmart.com,Brazil,Male,Arujá,Twitterworks,95480.64,BRL
Carolyn,Coleman,ccoleman97@ustream.tv,China,Female,Jishui,Agimba,8750.46,CNY
Theresa,Hayes,thayes98@scribd.com,Russia,Female,Krasnyy Kholm,Plajo,22242.97,RUB
Doris,Bowman,dbowman99@accuweather.com,Poland,Female,Kamień Pomorski,Flipstorm,27433.27,PLN
Keith,Torres,ktorres9a@businessinsider.com,Nicaragua,Male,Matagalpa,Pixoboo,,NIO
Clarence,Morgan,cmorgan9b@hatena.ne.jp,Russia,Male,Lianozovo,Lazzy,33841.75,RUB
Karen,Powell,kpowell9c@google.pl,Argentina,Female,Victoria,Brainsphere,,ARS
David,Rivera,drivera9d@canalblog.com,Russia,Male,Voznesenskaya,Kwimbee,85838.22,RUB
Doris,Gilbert,dgilbert9e@hp.com,Russia,Female,Primorsko-Akhtarsk,Skinix,,RUB
Linda,Nichols,lnichols9f@arizona.edu,China,Female,Qiaotou,Podcat,31108.65,CNY
Laura,Carroll,lcarroll9g@fema.gov,China,Female,Shiquanhe,Jamia,61448.49,CNY
Fred,Ross,fross9h@guardian.co.uk,Peru,Male,Conchamarca,Quire,99454.99,PEN
Donna,Mendoza,dmendoza9i@netscape.com,Colombia,Female,Campoalegre,Centidel,,COP
Jonathan,Stevens,jstevens9j@wp.com,China,Male,Xinshi,Eadel,55565.07,CNY
Emily,Armstrong,earmstrong9k@army.mil,China,Female,Lingquan,Eidel,,CNY
Chris,Schmidt,cschmidt9l@wufoo.com,China,Male,Shunling,Bubblebox,72745.63,CNY
Melissa,Fernandez,mfernandez9m@tuttocitta.it,Dominican Republic,Female,Baní,Eire,87176.90,DOP
Elizabeth,Ortiz,eortiz9n@npr.org,China,Female,Luoshe,Roomm,,CNY
Brenda,Bradley,bbradley9o@google.ru,France,Female,Cestas,Vidoo,27303.18,EUR
George,Reed,greed9p@uiuc.edu,Azerbaijan,Male,Martakert,Avaveo,71629.46,AZN
Victor,Cook,vcook9q@sciencedaily.com,Peru,Male,Conchamarca,Blogspan,53834.50,PEN
Evelyn,Powell,epowell9r@state.gov,Denmark,Female,København,BlogXS,3011.01,DKK
Wanda,Walker,wwalker9s@prnewswire.com,Japan,Female,Katori-shi,Feedfish,85306.89,JPY
Daniel,Morgan,dmorgan9t@miitbeian.gov.cn,China,Male,Jianggezhuang,Eare,97025.45,CNY
Philip,Wilson,pwilson9u@adobe.com,Portugal,Male,Azeitão,Skimia,71055.41,EUR
Aaron,Gray,agray9v@salon.com,Paraguay,Male,Colonia Yguazú,Divavu,,PYG
Rebecca,Reynolds,rreynolds9w@walmart.com,Sri Lanka,Female,Hendala,Zoombeat,4248.85,LKR
Bobby,Allen,ballen9x@cnet.com,Indonesia,Male,Barengkok,Dazzlesphere,69868.98,IDR
Louis,King,lking9y@ucoz.ru,Brazil,Male,Demerval Lobão,Gevee,99049.36,BRL
Frances,Olson,folson9z@aboutads.info,Russia,Female,Stroitel’,Zava,44228.11,RUB
Jack,Garza,jgarzaa0@npr.org,Indonesia,Male,Ringinagung,Zoovu,93306.81,IDR
Shirley,Fields,sfieldsa1@prnewswire.com,Philippines,Female,Lusong,Flipopia,93576.23,PHP
Albert,Cunningham,acunninghama2@nsw.gov.au,Poland,Male,Solec Nad Wisłą,Edgeclub,82002.73,PLN
Anthony,Wagner,awagnera3@businesswire.com,Sweden,Male,Halmstad,Kwinu,85627.95,SEK
Joe,Pierce,jpiercea4@ning.com,Netherlands,Male,Amsterdam Noord west,Leexo,13274.01,EUR
Heather,Hicks,hhicksa5@macromedia.com,Japan,Female,Mobara,Browsetype,73975.32,JPY
Fred,Wagner,fwagnera6@bloomberg.com,Indonesia,Male,Cimanggu Wetan,Realbuzz,,IDR
Michael,Chavez,mchaveza7@utexas.edu,Japan,Male,Hōfu,Dabfeed,97473.52,JPY
Rebecca,Rodriguez,rrodrigueza8@cdc.gov,South Korea,Female,Pubal,Gabtype,35961.40,KRW
Ruby,Myers,rmyersa9@wunderground.com,China,Female,Lanyi,Trudoo,33880.59,CNY
Harold,Watkins,hwatkinsaa@weibo.com,China,Male,Heping,Devbug,56357.26,CNY
Karen,Mitchell,kmitchellab@gmpg.org,Argentina,Female,Tres Isletas,Agimba,22965.89,ARS
Annie,Matthews,amatthewsac@alexa.com,Albania,Female,Burrel,LiveZ,59760.40,ALL
Bonnie,Torres,btorresad@ow.ly,China,Female,Xingren,Riffpedia,88312.21,CNY
Donna,Cooper,dcooperae@flavors.me,China,Female,Zhichu,Geba,98696.84,CNY
Bonnie,Carroll,bcarrollaf@myspace.com,Colombia,Female,Granada,Rhybox,23250.61,COP
Andrew,Sims,asimsag@digg.com,Brazil,Male,Extrema,Youbridge,37186.05,BRL
Randy,Dunn,rdunnah@barnesandnoble.com,Canada,Male,Lac du Bonnet,Trudeo,,CAD
Mary,Holmes,mholmesai@gravatar.com,Russia,Female,Lesnoy,BlogXS,48567.28,RUB
Andrea,Lewis,alewisaj@godaddy.com,China,Female,Bajiao,Mynte,78451.58,CNY
Gregory,Garza,ggarzaak@sakura.ne.jp,Sweden,Male,Norrtälje,Yodo,26509.18,SEK
Cheryl,Clark,cclarkal@auda.org.au,China,Female,Nanqiao,Trudoo,91418.14,CNY
Louise,Romero,lromeroam@aboutads.info,China,Female,Huxi,Feednation,27406.23,CNY
Douglas,Hayes,dhayesan@discuz.net,Sweden,Male,Skelleftehamn,Podcat,69178.87,SEK
Ernest,Webb,ewebbao@alibaba.com,Philippines,Male,Sigma,Yakitri,48245.19,PHP
Dorothy,Wilson,dwilsonap@who.int,United States,Female,Charlottesville,Youfeed,86180.81,USD
Amy,Gomez,agomezaq@paginegialle.it,Ukraine,Female,Zdolbuniv,Flashpoint,92592.92,UAH
Jeremy,Graham,jgrahamar@hibu.com,Philippines,Male,Kabulusan,Jaxnation,73994.06,PHP
Shawn,Murray,smurrayas@google.fr,Ukraine,Male,Toshkivka,Mydo,382.43,UAH
Patrick,Collins,pcollinsat@delicious.com,Indonesia,Male,Sedatiagung,Wordtune,25177.13,IDR
Catherine,Hanson,chansonau@myspace.com,Russia,Female,Slantsy,Wordify,2780.44,RUB
Sara,Willis,swillisav@ezinearticles.com,China,Female,Xingang,Wordtune,5484.75,CNY
Billy,Hayes,bhayesaw@nyu.edu,China,Male,Jiangqiao,Brightbean,6284.66,CNY
Cynthia,Greene,cgreeneax@nsw.gov.au,Indonesia,Female,Parabon,Wordpedia,26654.31,IDR
Diana,Perez,dperezay@msn.com,Argentina,Female,Avellaneda,InnoZ,52609.44,ARS
Kevin,Dunn,kdunnaz@jiathis.com,China,Male,Kamru,Skiptube,54464.26,CNY
Jonathan,Cox,jcoxb0@wikimedia.org,Indonesia,Male,Bojong,Oozz,23279.95,IDR
Sara,Gordon,sgordonb1@usa.gov,China,Female,Xichangmen,Browsetype,5331.28,CNY
Ruth,Richards,rrichardsb2@myspace.com,China,Female,Nanshao,Browsetype,71903.55,CNY
Albert,Gibson,agibsonb3@ovh.net,Sweden,Male,Bankeryd,Nlounge,61248.74,SEK
Steve,Stone,sstoneb4@sakura.ne.jp,New Zealand,Male,Bulls,Oyonder,10885.04,NZD
Kimberly,Carpenter,kcarpenterb5@washingtonpost.com,China,Female,Zhanggongmiao,Tekfly,91655.32,CNY
Jane,Stewart,jstewartb6@nymag.com,Indonesia,Female,Pangkalan,Topicware,90437.14,IDR
Paul,Robertson,probertsonb7@cornell.edu,Brazil,Male,Cunha,Avamba,67595.11,BRL
Ruth,Grant,rgrantb8@adobe.com,Syria,Female,As Suwaydā’,Fadeo,4354.51,SYP
Carl,Robinson,crobinsonb9@delicious.com,China,Male,Daxindian,Jetwire,79903.78,CNY
Aaron,Reed,areedba@sphinn.com,Mexico,Male,La Escondida,Gabtype,71893.72,MXN
Mary,Burton,mburtonbb@who.int,South Korea,Female,Samsan,Einti,57960.89,KRW
Aaron,Wood,awoodbc@dagondesign.com,Venezuela,Male,Guacara,Trudoo,58788.58,VEF
Judith,Shaw,jshawbd@shop-pro.jp,New Caledonia,Female,Dumbéa,Kazio,55133.28,XPF
Nancy,Thompson,nthompsonbe@youku.com,China,Female,Guansheng,Bubblebox,51216.33,CNY
Tammy,Riley,trileybf@marketwatch.com,Sweden,Female,Norrköping,Dynabox,76243.97,SEK
Deborah,Holmes,dholmesbg@jugem.jp,South Africa,Female,Jeffrey’s Bay,Rooxo,14692.92,ZAR
Martha,Mills,mmillsbh@army.mil,Thailand,Female,Khon San,Tagchat,70760.56,THB
Wayne,Hansen,whansenbi@wunderground.com,Brazil,Male,Manaquiri,Fivespan,39590.12,BRL
Harry,Frazier,hfrazierbj@phoca.cz,Russia,Male,Aromashevo,Roombo,97973.38,RUB
Henry,Chavez,hchavezbk@blogspot.com,Poland,Male,Bystra,Brightdog,48203.02,PLN
Shawn,Myers,smyersbl@marriott.com,Iran,Male,Borāzjān,Thoughtblab,16158.88,IRR
Craig,Gray,cgraybm@cnn.com,Western Sahara,Male,Dakhla,Vitz,34941.01,MAD
Patricia,Ward,pwardbn@1688.com,Japan,Female,Yashiro,Feedfire,42744.51,JPY
Peter,Chavez,pchavezbo@scientificamerican.com,Australia,Male,Launceston,Livepath,31540.09,AUD
Carolyn,Roberts,crobertsbp@live.com,Philippines,Female,Paniqui,Livefish,61524.39,PHP
Laura,Cook,lcookbq@ask.com,Sweden,Female,Karlskrona,Npath,8280.89,SEK
Thomas,Sims,tsimsbr@diigo.com,Japan,Male,Fukayachō,Bubblemix,33590.84,JPY
Nancy,Hanson,nhansonbs@cpanel.net,China,Female,Donglu,Chatterpoint,45687.75,CNY
Joyce,Graham,jgrahambt@businesswire.com,Russia,Female,Kizema,Midel,64485.12,RUB
Rachel,Willis,rwillisbu@unblog.fr,Brazil,Female,Senador Canedo,Eidel,21875.05,BRL
Karen,Owens,kowensbv@histats.com,China,Female,Daliuhang,Quatz,78417.87,CNY
Rachel,Lane,rlanebw@geocities.jp,Belgium,Female,Ninove,Gabtype,70307.37,EUR
Louise,Nelson,lnelsonbx@narod.ru,Mexico,Female,Azteca,Rhycero,34608.95,MXN
Carlos,Evans,cevansby@ezinearticles.com,Lithuania,Male,Kretinga,Mynte,377.54,LTL
Jeremy,Watkins,jwatkinsbz@feedburner.com,Russia,Male,Chernukha,Skinte,37554.22,RUB
Anna,Fuller,afullerc0@google.co.uk,China,Female,Jinfeng,Livetube,30663.05,CNY
Ruth,Rice,rricec1@chronoengine.com,Luxembourg,Female,Helmsange,Kazu,49574.85,EUR
Scott,Jones,sjonesc2@tinypic.com,Brazil,Male,Tucumã,Topdrive,73179.15,BRL
Philip,Ward,pwardc3@parallels.com,China,Male,Jinsha,Topdrive,,CNY
Kevin,Roberts,krobertsc4@mapquest.com,Philippines,Male,Tingloy,Tavu,21996.12,PHP
Nancy,Gilbert,ngilbertc5@un.org,China,Female,Dongtundu,Oba,72966.33,CNY
Johnny,Reyes,jreyesc6@blog.com,France,Male,Montpellier,Photofeed,76892.86,EUR
Sharon,Mendoza,smendozac7@blogspot.com,Czech Republic,Female,Fryčovice,Pixope,21387.43,CZK
Chris,Holmes,cholmesc8@pcworld.com,Philippines,Male,Hinapalanan,Rhycero,,PHP
Tina,Parker,tparkerc9@wired.com,Ecuador,Female,Rosa Zarate,Devpulse,49288.08,USD
Eugene,Owens,eowensca@taobao.com,Portugal,Male,Lajeosa do Mondego,Aibox,18339.34,EUR
Richard,Cunningham,rcunninghamcb@uol.com.br,Indonesia,Male,Palangkaraya,Realblab,,IDR
Anna,Moore,amoorecc@freewebs.com,Philippines,Female,Ragay,Realbridge,87597.99,PHP
William,Coleman,wcolemancd@weather.com,Argentina,Male,Tres Arroyos,Eimbee,67931.01,ARS
Douglas,Boyd,dboydce@uiuc.edu,Hungary,Male,Pápa,Teklist,10674.74,HUF
Wayne,Peterson,wpetersoncf@deviantart.com,China,Male,Jianmin,Edgeify,76660.37,CNY
Billy,Miller,bmillercg@google.de,China,Male,Lefengzhen,Fanoodle,75409.90,CNY
Joseph,Hudson,jhudsonch@netscape.com,Philippines,Male,Tuburan,Izio,56085.53,PHP
Sean,West,swestci@github.com,Russia,Male,Klyuchevskiy,Wikibox,86511.81,RUB
Heather,Gordon,hgordoncj@mac.com,Venezuela,Female,Maturín,Yadel,65191.98,VEF
Carolyn,Dean,cdeanck@lulu.com,New Caledonia,Female,Nouméa,Brainsphere,81227.16,XPF
Samuel,Williamson,swilliamsoncl@bbc.co.uk,Indonesia,Male,Aikmel,Bluezoom,,IDR
Eugene,Howard,ehowardcm@sina.com.cn,Portugal,Male,Valença do Douro,Oyoloo,15326.97,EUR
Joshua,Daniels,jdanielscn@cpanel.net,Philippines,Male,San Francisco,Devpulse,,PHP
Robert,Burton,rburtonco@ed.gov,China,Male,Huangben,Vimbo,,CNY
Dorothy,Patterson,dpattersoncp@homestead.com,Dominican Republic,Female,Cana Chapetón,Ntag,90092.74,DOP
Denise,Larson,dlarsoncq@webnode.com,United States,Female,Grand Rapids,Livetube,78873.98,USD
Paula,Alvarez,palvarezcr@shop-pro.jp,China,Female,Gaoshibei,Twitterbridge,,CNY
Wanda,Miller,wmillercs@nsw.gov.au,Iran,Female,Meybod,Skajo,73821.38,IRR
Tammy,Spencer,tspencerct@infoseek.co.jp,Japan,Female,Saga-shi,Izio,56820.25,JPY
Barbara,Gutierrez,bgutierrezcu@buzzfeed.com,Macedonia,Female,Gevgelija,Devpulse,76730.97,MKD
Gary,Matthews,gmatthewscv@google.com.au,Philippines,Male,Basicao Coastal,Pixoboo,61688.56,PHP
Sandra,White,swhitecw@senate.gov,China,Female,Zhujiang,Skalith,66869.16,CNY
Katherine,Parker,kparkercx@newyorker.com,Chile,Female,Lota,Eidel,35507.09,CLP
Paula,Romero,promerocy@joomla.org,France,Female,Massy,Kwilith,62767.65,EUR
Steve,Frazier,sfraziercz@fc2.com,Kazakhstan,Male,Abay,Topdrive,92701.91,KZT
Ronald,Meyer,rmeyerd0@wikipedia.org,China,Male,Zhenjiang,Chatterbridge,96599.38,CNY
Phillip,White,pwhited1@bizjournals.com,Democratic Republic of the Congo,Male,Watsa,Mycat,57957.55,CDF
Johnny,Ramos,jramosd2@hostgator.com,Kazakhstan,Male,Ridder,Edgeclub,90777.86,KZT
Charles,Owens,cowensd3@hostgator.com,Portugal,Male,Portela,Edgeblab,23586.25,EUR
Betty,Matthews,bmatthewsd4@comcast.net,France,Female,Marseille,Thoughtbridge,33546.43,EUR
Anna,Robinson,arobinsond5@slideshare.net,China,Female,Shancheng,Youfeed,39546.12,CNY
Cheryl,Harrison,charrisond6@cam.ac.uk,China,Female,Songgai,Tagfeed,,CNY
Jane,Ramos,jramosd7@yandex.ru,United States,Female,Madison,Eimbee,65758.48,USD
Michael,George,mgeorged8@opera.com,Russia,Male,Tver,Jabberbean,,RUB
Carol,Green,cgreend9@cdbaby.com,China,Female,Lingqiao,Devcast,18230.24,CNY
Patrick,James,pjamesda@samsung.com,Philippines,Male,Ragay,Skajo,53119.43,PHP
Phyllis,Robinson,probinsondb@marriott.com,China,Female,Wantian,Rhybox,51178.98,CNY
Doris,Perkins,dperkinsdc@thetimes.co.uk,Peru,Female,Ilo,Lajo,39686.52,PEN
Christine,Walker,cwalkerdd@phpbb.com,Indonesia,Female,Munturkaju,Dabtype,68288.83,IDR
Larry,Burns,lburnsde@constantcontact.com,France,Male,Rennes,Feedbug,64616.11,EUR
Cynthia,Black,cblackdf@imgur.com,Japan,Female,Haebaru,Tanoodle,,JPY
Jacqueline,Gomez,jgomezdg@weather.com,Portugal,Female,Cruz de Pau,Jatri,,EUR
Heather,Mills,hmillsdh@twitpic.com,Greece,Female,Áno Liósia,Shuffletag,40097.89,EUR
Melissa,Garrett,mgarrettdi@acquirethisname.com,Greece,Female,Marína,Mita,77690.56,EUR
Judith,Bennett,jbennettdj@pagesperso-orange.fr,Portugal,Female,Malpique,Riffwire,98458.26,EUR
Andrea,Riley,arileydk@bizjournals.com,Indonesia,Female,Kubangkondanglapangan,Skiptube,49559.42,IDR
Louis,Ross,lrossdl@springer.com,Indonesia,Male,Sumberbening,Katz,52829.78,IDR
Teresa,Burns,tburnsdm@mapquest.com,Russia,Female,Severnoye,Jamia,94552.56,RUB
Ernest,Snyder,esnyderdn@nasa.gov,South Korea,Male,Kyonju,Kazio,84789.71,KRW
George,Flores,gfloresdo@nba.com,China,Male,Lianzhou,Eidel,15178.63,CNY
Keith,Warren,kwarrendp@bluehost.com,Indonesia,Male,Kadusirung Hilir,Twitterbeat,15587.41,IDR
Kenneth,Garcia,kgarciadq@mozilla.org,Indonesia,Male,Waimangura,Meezzy,98424.79,IDR
Lawrence,Bailey,lbaileydr@tamu.edu,China,Male,Yuhe,Ooba,39503.11,CNY
James,Little,jlittleds@pen.io,China,Male,Hualin,Avaveo,,CNY
Mary,Moore,mmooredt@typepad.com,China,Female,Yege,Skiptube,77706.57,CNY
Ryan,Snyder,rsnyderdu@nasa.gov,China,Male,Xiamazhuang,Oyondu,,CNY
Gregory,Kelley,gkelleydv@liveinternet.ru,Indonesia,Male,Sindangrasa,Zoomcast,42617.82,IDR
Wayne,Jones,wjonesdw@csmonitor.com,Poland,Male,Świdwin,Feedfire,56394.15,PLN
Christine,Bradley,cbradleydx@so-net.ne.jp,China,Female,Longshan,Jayo,55098.91,CNY
Annie,Reynolds,areynoldsdy@posterous.com,China,Female,Huanghai,Ntag,28138.99,CNY
Henry,Fox,hfoxdz@barnesandnoble.com,Mexico,Male,La Purisima,Avamm,56483.91,MXN
Shawn,Andrews,sandrewse0@vistaprint.com,Russia,Male,Kotlovka,Yakitri,43504.95,RUB
Deborah,Flores,dflorese1@auda.org.au,Thailand,Female,Ban Dan,Gigaclub,,THB
Karen,Duncan,kduncane2@plala.or.jp,Indonesia,Female,Woto,Edgeify,97225.11,IDR
Joshua,Meyer,jmeyere3@amazon.com,Jamaica,Male,Old Harbour Bay,Rhybox,,JMD
Lori,Little,llittlee4@examiner.com,Indonesia,Female,Pora,Kwinu,99868.81,IDR
Sarah,Richardson,srichardsone5@elegantthemes.com,Czech Republic,Female,Křenovice,Leexo,,CZK
Deborah,Riley,drileye6@paginegialle.it,Indonesia,Female,Bongbong,Trupe,65217.99,IDR
Sara,Robinson,srobinsone7@myspace.com,Sweden,Female,Linköping,Cogidoo,61281.84,SEK
Nancy,Jacobs,njacobse8@bloglovin.com,Colombia,Female,La Tola,Feednation,95150.17,COP
Michael,Perez,mpereze9@ebay.co.uk,Indonesia,Male,Cukangpanjang,Thoughtworks,94938.88,IDR
Chris,Cruz,ccruzea@upenn.edu,Greece,Male,Néa Karváli,Dynabox,33383.92,EUR
Terry,Patterson,tpattersoneb@utexas.edu,China,Male,Mentougou,Oodoo,67328.45,CNY
Jack,Cruz,jcruzec@diigo.com,China,Male,Tancheng,Yodo,51374.98,CNY
Fred,Barnes,fbarnesed@deliciousdays.com,Slovenia,Male,Zasip,Centidel,25702.88,EUR
Chris,Garcia,cgarciaee@seesaa.net,North Korea,Male,Yuktae-dong,BlogXS,56733.09,KPW
Philip,Arnold,parnoldef@netlog.com,China,Male,Maying,Skiptube,12288.77,CNY
Sandra,Carroll,scarrolleg@1688.com,Nigeria,Female,Kwatarkwashi,Skalith,8044.95,NGN
Annie,Grant,agranteh@histats.com,France,Female,Bourges,Mydo,28301.82,EUR
Earl,Washington,ewashingtonei@europa.eu,Niger,Male,Magaria,Edgewire,42043.22,XOF
Diana,Gonzalez,dgonzalezej@shinystat.com,Mexico,Female,San Jose,Quimba,49310.10,MXN
Jason,Stone,jstoneek@sciencedaily.com,China,Male,Haoyi,Kayveo,41183.84,CNY
Michael,Bishop,mbishopel@yellowpages.com,Netherlands,Male,Breda,Browsedrive,39283.95,EUR
Emily,Lane,elaneem@epa.gov,Philippines,Female,Irahuan,Fadeo,37704.03,PHP
George,Walker,gwalkeren@meetup.com,Democratic Republic of the Congo,Male,Kabalo,Jayo,54238.78,CDF
Anna,Ryan,aryaneo@paypal.com,Afghanistan,Female,Jurm,Thoughtbeat,,AFN
Doris,Day,ddayep@wisc.edu,Indonesia,Female,Sinabang,Livefish,27957.69,IDR
Justin,Welch,jwelcheq@bizjournals.com,Russia,Male,Dvurechensk,Browseblab,79371.77,RUB
Frank,Mitchell,fmitcheller@cbslocal.com,Kosovo,Male,Gllogjan,Flashdog,20217.44,EUR
Christopher,Nguyen,cnguyenes@census.gov,Sweden,Male,Smålandsstenar,Eayo,,SEK
Nicholas,Clark,nclarket@sogou.com,Brazil,Male,Torres,Eare,82351.53,BRL
Linda,Moore,lmooreeu@xrea.com,Yemen,Female,Al Khamīs,Chatterbridge,23463.41,YER
Frances,Wagner,fwagnerev@hao123.com,China,Female,Qiting,Digitube,33724.29,CNY
Richard,Lawson,rlawsonew@ezinearticles.com,Kazakhstan,Male,Zhabagly,Quire,53258.13,KZT
Donna,Lewis,dlewisex@usda.gov,China,Female,Qingzhou,Wordpedia,,CNY
Edward,Hughes,ehughesey@creativecommons.org,Russia,Male,Monastyrshchina,Gabcube,52385.54,RUB
Edward,Simpson,esimpsonez@usnews.com,Brazil,Male,Guará,Jabbercube,97023.46,BRL
Wanda,Green,wgreenf0@scientificamerican.com,Bulgaria,Female,Berkovitsa,Photojam,53774.62,BGN
Diane,Morgan,dmorganf1@yolasite.com,China,Female,Wangchang,Voomm,4814.98,CNY
Jeremy,Montgomery,jmontgomeryf2@bigcartel.com,Russia,Male,Gon’ba,Browsedrive,49566.10,RUB
Phillip,Spencer,pspencerf3@reuters.com,China,Male,Shanguang,Tagchat,12947.87,CNY
Fred,Davis,fdavisf4@omniture.com,China,Male,Lintingkou,Skivee,57940.79,CNY
Angela,Torres,atorresf5@goodreads.com,Malta,Female,Vittoriosa,Thoughtworks,,EUR
Paula,Gray,pgrayf6@squidoo.com,Poland,Female,Myślenice,Flashdog,42405.88,PLN
Alice,Wright,awrightf7@uol.com.br,Indonesia,Female,Tarub,Ozu,24353.97,IDR
Karen,Gonzales,kgonzalesf8@w3.org,Russia,Female,Poputnaya,Devbug,61070.59,RUB
Antonio,Hawkins,ahawkinsf9@google.nl,Brazil,Male,Caeté,Oozz,69541.90,BRL
Russell,Edwards,redwardsfa@netscape.com,Japan,Male,Tomioka,Tanoodle,79427.47,JPY
Patrick,Welch,pwelchfb@marketwatch.com,Philippines,Male,Pitogo,Realcube,2802.57,PHP
Kathy,Stone,kstonefc@wunderground.com,Indonesia,Female,Palopat,Ooba,30238.33,IDR
Anne,Wilson,awilsonfd@feedburner.com,Indonesia,Female,Lakbok,Realcube,,IDR
Marilyn,Thomas,mthomasfe@bloomberg.com,United Kingdom,Female,Birmingham,Katz,6517.07,GBP
Billy,Burton,bburtonff@mtv.com,Philippines,Male,Sugcad,Zoomcast,94850.46,PHP
Lois,Bowman,lbowmanfg@cbslocal.com,Argentina,Female,Huanchillas,Flashpoint,33334.80,ARS
Doris,Hanson,dhansonfh@squarespace.com,Cuba,Female,Puerto Padre,Omba,91670.52,CUP
Jessica,Lee,jleefi@meetup.com,China,Female,Rengang,Layo,60516.28,CNY
Heather,Kim,hkimfj@merriam-webster.com,Portugal,Female,Nogueira,Twitterworks,16538.07,EUR
Louise,Carter,lcarterfk@deviantart.com,Ukraine,Female,Storozhnytsya,Aimbo,27820.16,UAH
Christina,Morrison,cmorrisonfl@skyrock.com,Russia,Female,Podosinovets,Vimbo,63054.38,RUB
Richard,Fisher,rfisherfm@flickr.com,Greece,Male,Melíti,Wordtune,48954.80,EUR
Michael,Wood,mwoodfn@example.com,United States,Male,Aurora,Thoughtsphere,56382.38,USD
Wayne,Clark,wclarkfo@mozilla.com,Indonesia,Male,Bantu,Jetpulse,91676.70,IDR
Mary,Ortiz,mortizfp@rediff.com,Colombia,Female,Sincé,Twinder,19288.65,COP
Timothy,Banks,tbanksfq@huffingtonpost.com,Brazil,Male,Delmiro Gouveia,Yacero,56110.58,BRL
Elizabeth,Collins,ecollinsfr@huffingtonpost.com,Portugal,Female,Feteira Pequena,Zoomdog,41265.40,EUR
Larry,Evans,levansfs@hhs.gov,Indonesia,Male,Tempuran,Jazzy,71299.37,IDR
Jeffrey,Gibson,jgibsonft@google.co.uk,China,Male,Xujiafang,Quire,7606.00,CNY
Mark,Anderson,mandersonfu@sbwire.com,Serbia,Male,Kumane,Realfire,12048.39,RSD
Stephanie,Bishop,sbishopfv@wikimedia.org,China,Female,Sanyang,Eadel,23762.08,CNY
Emily,Fernandez,efernandezfw@people.com.cn,Indonesia,Female,Wangunsari,Chatterpoint,5468.90,IDR
Jerry,Hill,jhillfx@addtoany.com,Russia,Male,Surovikino,Linktype,13655.38,RUB
Timothy,Richardson,trichardsonfy@ask.com,France,Male,Arras,Trilith,8694.18,EUR
Ashley,Williamson,awilliamsonfz@mtv.com,Pakistan,Female,Minchinābād,Edgeify,97945.07,PKR
Jonathan,Hanson,jhansong0@ocn.ne.jp,Ghana,Male,Bibiani,Snaptags,21174.59,GHS
Antonio,Ruiz,aruizg1@state.gov,Nigeria,Male,Suleja,Tagpad,6521.08,NGN
Brenda,Johnson,bjohnsong2@twitter.com,Russia,Female,Makarov,Eabox,19779.12,RUB
Ashley,Fernandez,afernandezg3@ning.com,Indonesia,Female,Cijeungjing Kaler,Yodel,,IDR
Fred,Kennedy,fkennedyg4@youku.com,Vietnam,Male,Thị Trấn Nga Sơn,Photobug,,VND
Shawn,Stanley,sstanleyg5@omniture.com,Czech Republic,Male,Újezd,Yata,56633.21,CZK
Angela,Austin,aausting6@uol.com.br,Portugal,Female,Arnoia,Babbleset,67665.69,EUR
Laura,Franklin,lfrankling7@jigsy.com,China,Female,Xuedian,Fliptune,69536.64,CNY
Ernest,Cruz,ecruzg8@friendfeed.com,China,Male,Huaitu,Yoveo,31548.02,CNY
Ashley,Gonzalez,agonzalezg9@wikimedia.org,China,Female,Zangkaxa,Eadel,47353.20,CNY
Eric,Reynolds,ereynoldsga@jimdo.com,Indonesia,Male,Kalapadua,Wikibox,10931.35,IDR
Douglas,Cole,dcolegb@army.mil,Brazil,Male,Lages,Shufflebeat,31145.05,BRL
Randy,Henderson,rhendersongc@joomla.org,Portugal,Male,Boavista,Buzzshare,83037.57,EUR
Julia,Harvey,jharveygd@businessweek.com,Sweden,Female,Grästorp,Zava,1678.56,SEK
Jacqueline,Harrison,jharrisonge@howstuffworks.com,France,Female,Nanterre,Layo,23033.41,EUR
Helen,Wheeler,hwheelergf@whitehouse.gov,Norway,Female,Alta,Flipopia,77150.92,NOK
Gloria,Kennedy,gkennedygg@yellowbook.com,Colombia,Female,Cunday,Jabberstorm,82015.78,COP
Kathy,Williams,kwilliamsgh@nhs.uk,Indonesia,Female,Cibitung,Blogspan,,IDR
Emily,Price,epricegi@nymag.com,New Zealand,Female,Hamilton,Bluezoom,48980.33,NZD
Joe,Perkins,jperkinsgj@tinypic.com,Russia,Male,Ust’-Labinsk,Browsedrive,86151.27,RUB
Denise,James,djamesgk@amazon.co.jp,Sweden,Female,Luleå,Eadel,32378.54,SEK
Adam,Stephens,astephensgl@trellian.com,Philippines,Male,New Agutaya,Teklist,,PHP
Rose,Fernandez,rfernandezgm@studiopress.com,Netherlands,Female,Zwolle,Geba,29788.42,EUR
Joseph,Burke,jburkegn@usgs.gov,Russia,Male,Pechora,Topicblab,59366.47,RUB
Kimberly,Perez,kperezgo@aol.com,Pakistan,Female,Alīpur,Photobean,96469.04,PKR
Janice,Palmer,jpalmergp@usatoday.com,China,Female,Lanyang,Skippad,15342.65,CNY
Cynthia,Cruz,ccruzgq@baidu.com,Poland,Female,Józefów,Skinix,41638.05,PLN
Stephanie,Adams,sadamsgr@i2i.jp,China,Female,Aimin,Janyx,70714.31,CNY
Donald,Dean,ddeangs@blogspot.com,Brazil,Male,Lavras da Mangabeira,Avamba,,BRL
Angela,Washington,awashingtongt@rakuten.co.jp,Malaysia,Female,Kuala Pilah,Yombu,88446.35,MYR
Linda,Johnson,ljohnsongu@mediafire.com,Russia,Female,Shatki,Buzzdog,47536.15,RUB
Andrew,Rice,aricegv@lycos.com,Ukraine,Male,Olyshivka,Skimia,39742.12,UAH
Tina,Vasquez,tvasquezgw@reference.com,Japan,Female,Suzaka,Ntags,69693.35,JPY
Evelyn,Olson,eolsongx@theguardian.com,Syria,Female,Abū Qalqal,Rhyzio,26020.19,SYP
Judy,Walker,jwalkergy@hp.com,China,Female,Wufeng,Wikibox,11321.10,CNY
Gary,Rivera,griveragz@wunderground.com,Indonesia,Male,Harian,Mybuzz,12393.65,IDR
Deborah,Murphy,dmurphyh0@yandex.ru,China,Female,Huangtang,Gabtype,60594.89,CNY
Timothy,Burns,tburnsh1@berkeley.edu,Philippines,Male,San Juan,Zoomzone,35418.53,PHP
Katherine,Ramos,kramosh2@craigslist.org,Indonesia,Female,Kimakamak,Myworks,,IDR
Kathleen,Chapman,kchapmanh3@youtu.be,United States,Female,Corpus Christi,Tambee,8536.41,USD
Robert,King,rkingh4@dropbox.com,Israel,Male,Maghār,Skiba,82315.97,ILS
Steven,Richardson,srichardsonh5@reuters.com,Brazil,Male,Santa Helena,Yodoo,94082.88,BRL
Jessica,Chavez,jchavezh6@prnewswire.com,Argentina,Female,Napenay,Eazzy,21593.02,ARS
Harold,Griffin,hgriffinh7@goodreads.com,Brazil,Male,Pomerode,Aimbu,39463.22,BRL
Shirley,Willis,swillish8@4shared.com,Indonesia,Female,Oemofa,Dabjam,24985.17,IDR
Patrick,Robinson,probinsonh9@cdbaby.com,Sierra Leone,Male,Kassiri,Yotz,69818.48,SLL
Wanda,Watkins,wwatkinsha@g.co,Thailand,Female,Bang Krathum,Oyoba,3701.42,THB
Deborah,Murphy,dmurphyhb@irs.gov,Lebanon,Female,Bcharré,Topdrive,81020.16,LBP
Joyce,Patterson,jpattersonhc@utexas.edu,Peru,Female,Vitarte,Devpoint,61171.71,PEN
Steve,Martinez,smartinezhd@edublogs.org,Russia,Male,Kondrovo,Linkbridge,20368.55,RUB
Linda,Robertson,lrobertsonhe@so-net.ne.jp,Malaysia,Female,Kota Bharu,Zoonoodle,40643.81,MYR
Ralph,Jackson,rjacksonhf@cafepress.com,Philippines,Male,Bagroy,Zoomdog,91423.45,PHP
Shirley,Kelley,skelleyhg@toplist.cz,China,Female,Jiutai,Edgewire,28679.26,CNY
Mary,Stanley,mstanleyhh@rediff.com,Ethiopia,Female,Deder,Divavu,54452.19,ETB
Laura,Martinez,lmartinezhi@huffingtonpost.com,Spain,Female,Madrid,Skajo,31491.72,EUR
Jerry,Morrison,jmorrisonhj@aol.com,Swaziland,Male,Manzini,Kazu,3696.98,SZL
Jessica,Ryan,jryanhk@answers.com,Chile,Female,Valdivia,Voomm,13995.38,CLP
Frank,Jackson,fjacksonhl@wufoo.com,Indonesia,Male,Karangharjo,Skiba,86942.49,IDR
Janice,Carroll,jcarrollhm@unc.edu,Russia,Female,Nerchinsk,Jabberstorm,75345.82,RUB
Dorothy,Diaz,ddiazhn@umich.edu,Poland,Female,Smolec,Edgepulse,15831.66,PLN
Alice,Berry,aberryho@google.it,Reunion,Female,Le Tampon,Bubbletube,39059.34,EUR
James,Campbell,jcampbellhp@china.com.cn,China,Male,Dayushu,LiveZ,,CNY
Diana,Peterson,dpetersonhq@wunderground.com,Russia,Female,Borisova Griva,Thoughtbeat,92284.95,RUB
Annie,Simmons,asimmonshr@about.me,Russia,Female,Shushenskoye,Buzzdog,,RUB
Edward,Bennett,ebennetths@networksolutions.com,Philippines,Male,Payapa,Ntags,75726.17,PHP
Jack,Gilbert,jgilbertht@independent.co.uk,France,Male,Annecy,Omba,86864.68,EUR
Sean,Jackson,sjacksonhu@ycombinator.com,Indonesia,Male,Tembilahan,Zazio,69879.27,IDR
Victor,Romero,vromerohv@usgs.gov,Madagascar,Male,Mananjary,Meevee,91027.63,MGA
Roy,Long,rlonghw@technorati.com,Mexico,Male,Guadalupe,Devbug,89743.77,MXN
Johnny,Vasquez,jvasquezhx@storify.com,Thailand,Male,Nong Ki,Rhyloo,74211.27,THB
Richard,Miller,rmillerhy@newsvine.com,Czech Republic,Male,Pacov,Eayo,567.58,CZK
Raymond,Simpson,rsimpsonhz@feedburner.com,China,Male,Yongxing,Yozio,55154.05,CNY
Clarence,Adams,cadamsi0@bluehost.com,Peru,Male,Lajas,Gigabox,13403.87,PEN
Willie,Weaver,wweaveri1@diigo.com,Senegal,Male,Kaolack,Rhynyx,32410.94,XOF
Theresa,Nguyen,tnguyeni2@google.it,Philippines,Female,Magallon Cadre,Realfire,48830.52,PHP
Christopher,Schmidt,cschmidti3@upenn.edu,Peru,Male,Tamarindo,Vinder,81636.51,PEN
Angela,Morris,amorrisi4@diigo.com,Ukraine,Female,Krynychky,Jayo,58070.47,UAH
Bruce,Murphy,bmurphyi5@slate.com,China,Male,Wangzha,Shufflester,65131.15,CNY
Peter,Olson,polsoni6@patch.com,Mexico,Male,Buenos Aires,Realpoint,7321.13,MXN
Mary,Hall,mhalli7@jiathis.com,Russia,Female,Bronnitsy,Meevee,16941.51,RUB
Daniel,Watson,dwatsoni8@mapquest.com,Russia,Male,Svetlogorsk,Meeveo,10234.84,RUB
Antonio,Stewart,astewarti9@so-net.ne.jp,Canada,Male,Oak Bay,Chatterpoint,23023.06,CAD
Sharon,Ray,srayia@sakura.ne.jp,Indonesia,Female,Karang Tengah,Kwideo,8844.99,IDR
Teresa,Lawrence,tlawrenceib@paypal.com,Colombia,Female,Los Andes,Kare,9874.48,COP
Clarence,Hart,chartic@geocities.com,Belarus,Male,Horad Krychaw,Kazio,72536.43,BYR
Todd,Hughes,thughesid@google.it,Honduras,Male,La Sarrosa,Blognation,63502.53,HNL
Howard,Garrett,hgarrettie@qq.com,Iran,Male,Gālīkesh,Trilia,28847.29,IRR
Peter,Gomez,pgomezif@ning.com,Portugal,Male,Paradela,Devcast,,EUR
Catherine,Burns,cburnsig@slashdot.org,China,Female,Junxi,Oyonder,94743.44,CNY
Patricia,Day,pdayih@vimeo.com,Indonesia,Female,Cimuncang,Voomm,10774.97,IDR
Alan,Robertson,arobertsonii@myspace.com,Afghanistan,Male,Gereshk,Rhyzio,66509.80,AFN
Michelle,Olson,molsonij@zimbio.com,Peru,Female,Cojata,Skimia,84198.14,PEN
Betty,Mccoy,bmccoyik@topsy.com,Mexico,Female,Santa Cruz,Yakijo,14797.23,MXN
Kathleen,Coleman,kcolemanil@nsw.gov.au,Indonesia,Female,Karamat,Browsezoom,91263.18,IDR
Eugene,Olson,eolsonim@washington.edu,China,Male,Jiangchang,Voomm,94681.77,CNY
Shawn,Edwards,sedwardsin@clickbank.net,France,Male,Montpellier,Feedbug,12317.85,EUR
Rachel,Austin,raustinio@wisc.edu,Ukraine,Female,Chernivtsi,Trudeo,46685.19,UAH
Martin,Gilbert,mgilbertip@disqus.com,Venezuela,Male,El Pao,Realbuzz,63223.91,VEF
Wayne,Tucker,wtuckeriq@hugedomains.com,Russia,Male,Malaya Dubna,Devpoint,17809.64,RUB
Joseph,Hunter,jhunterir@microsoft.com,Slovenia,Male,Tišina,Meevee,62247.12,EUR
Jeremy,Gutierrez,jgutierrezis@statcounter.com,Czech Republic,Male,Raškovice,Riffwire,62623.35,CZK
Donald,Cruz,dcruzit@spiegel.de,China,Male,Ankou,Gabspot,10355.26,CNY
Arthur,James,ajamesiu@engadget.com,Brazil,Male,São Sebastião do Passé,Blogpad,,BRL
Shawn,Welch,swelchiv@scientificamerican.com,Portugal,Male,Seixo de Manhoses,Jaxbean,80281.81,EUR
Aaron,Bell,abelliw@noaa.gov,Burundi,Male,Bubanza,Voonix,52476.32,BIF
Janice,Gutierrez,jgutierrezix@ucla.edu,Philippines,Female,Mantampay,LiveZ,91491.48,PHP
Jessica,Morris,jmorrisiy@dagondesign.com,Venezuela,Female,Camatagua,Miboo,,VEF
Judith,Morrison,jmorrisoniz@bigcartel.com,Germany,Female,Berlin,Izio,89960.06,EUR
Jean,Schmidt,jschmidtj0@webmd.com,Sweden,Female,Johanneshov,Demizz,18748.14,SEK
Martin,Bradley,mbradleyj1@newyorker.com,Canada,Male,Princeton,Jabberbean,17298.72,CAD
Gregory,Hayes,ghayesj2@plala.or.jp,Japan,Male,Bibai,Kwilith,4948.16,JPY
Jesse,Kennedy,jkennedyj3@so-net.ne.jp,Thailand,Male,San Kamphaeng,Fivespan,56408.92,THB
Michelle,Pierce,mpiercej4@gmpg.org,Philippines,Female,Basiao,Livetube,95615.44,PHP
Michael,Wells,mwellsj5@uiuc.edu,Russia,Male,Pavlovka,Yambee,48765.13,RUB
Louise,Mitchell,lmitchellj6@istockphoto.com,United States,Female,Phoenix,Ntags,84498.40,USD
Donna,Mccoy,dmccoyj7@arizona.edu,French Polynesia,Female,Faaa,Twinder,8521.11,XPF
Harold,Hunt,hhuntj8@dagondesign.com,Brazil,Male,Patos de Minas,Zoomcast,95710.92,BRL
Jose,Gibson,jgibsonj9@soundcloud.com,Portugal,Male,Portela,Chatterpoint,98904.44,EUR
Russell,Lee,rleeja@arizona.edu,Russia,Male,Petrovskaya,Vipe,93772.85,RUB
Gloria,Hernandez,ghernandezjb@sakura.ne.jp,Poland,Female,Łęknica,Riffpedia,94361.44,PLN
Jose,Rogers,jrogersjc@themeforest.net,Spain,Male,Torrevieja,Pixonyx,74035.95,EUR
Bobby,Lopez,blopezjd@wikia.com,Cuba,Male,Cacocum,Ntags,32304.28,CUP
Brian,Nichols,bnicholsje@cnet.com,Armenia,Male,Tsiatsan,Tagcat,71911.30,AMD
Raymond,White,rwhitejf@engadget.com,Philippines,Male,Pulong Gubat,Oyonder,38838.85,PHP
Carol,Dixon,cdixonjg@csmonitor.com,China,Female,Shigu,Thoughtstorm,20554.53,CNY
Kathleen,Fuller,kfullerjh@networkadvertising.org,Brazil,Female,Vinhedo,Twimm,18269.96,BRL
Paul,Hudson,phudsonji@yahoo.co.jp,Kazakhstan,Male,Lenīnskīy,Browseblab,,KZT
Jimmy,Lynch,jlynchjj@myspace.com,Poland,Male,Zator,Thoughtstorm,61793.47,PLN
Ryan,James,rjamesjk@foxnews.com,Russia,Male,Tuchkovo,Avavee,57408.82,RUB
Steve,Sullivan,ssullivanjl@nsw.gov.au,Russia,Male,Bolotnoye,Photolist,89549.28,RUB
Anne,Chapman,achapmanjm@linkedin.com,Vietnam,Female,Thị Trấn Tà Lùng,Avavee,75096.16,VND
Carol,Armstrong,carmstrongjn@ocn.ne.jp,Uganda,Female,Bukedea,Quatz,,UGX
Karen,Arnold,karnoldjo@parallels.com,Indonesia,Female,Curug,Rhynoodle,69160.48,IDR
Wanda,Perry,wperryjp@constantcontact.com,Sweden,Female,Norrköping,InnoZ,69412.98,SEK
Stephen,Bishop,sbishopjq@tinyurl.com,Japan,Male,Yatsushiro,Tagpad,32821.24,JPY
Robert,Mccoy,rmccoyjr@forbes.com,China,Male,Laohugang,Skyvu,47051.47,CNY
Barbara,Porter,bporterjs@forbes.com,China,Female,Shangjia,Voonyx,28252.46,CNY
Joseph,Fowler,jfowlerjt@sun.com,Indonesia,Male,Cibogo,Devify,97924.63,IDR
Anna,Kennedy,akennedyju@naver.com,Indonesia,Female,Cimahi,Gigabox,25417.92,IDR
Kelly,Gilbert,kgilbertjv@nyu.edu,Philippines,Female,Maindang,Zoonoodle,78393.57,PHP
Kenneth,Thompson,kthompsonjw@e-recht24.de,China,Male,Pingle,Leexo,96175.60,CNY
Theresa,Harris,tharrisjx@theatlantic.com,Philippines,Female,Nagbukel,Mynte,43356.89,PHP
Douglas,Reid,dreidjy@globo.com,Tanzania,Male,Ngerengere,Jayo,50087.56,TZS
Howard,Barnes,hbarnesjz@ocn.ne.jp,Brazil,Male,Pereira Barreto,Meevee,,BRL
George,Hall,ghallk0@ebay.com,Russia,Male,Ishimbay,Skiba,75889.33,RUB
Christine,Patterson,cpattersonk1@goo.ne.jp,Japan,Female,Hagi,Twinder,9041.50,JPY
Tina,Fields,tfieldsk2@yolasite.com,Indonesia,Female,Sukacai,Youbridge,,IDR
Joshua,Gomez,jgomezk3@archive.org,China,Male,Xike,Buzzshare,70398.71,CNY
Kevin,Allen,kallenk4@adobe.com,Montenegro,Male,Plužine,Kwimbee,65443.43,EUR
Richard,Cole,rcolek5@dyndns.org,Philippines,Male,Saravia,Quatz,28485.70,PHP
Dennis,Gardner,dgardnerk6@nba.com,Mexico,Male,Guadalupe,Gabvine,,MXN
Gary,Hudson,ghudsonk7@mysql.com,China,Male,Bulianhe,Oloo,5063.65,CNY
Carlos,Bryant,cbryantk8@nasa.gov,Indonesia,Male,Jeruk,Youfeed,3116.47,IDR
Theresa,Harrison,tharrisonk9@cornell.edu,Ivory Coast,Female,Divo,Voonyx,5580.56,XOF
Martha,Porter,mporterka@unc.edu,Philippines,Female,Cogon,Dablist,83296.18,PHP
Mildred,Foster,mfosterkb@goo.ne.jp,Finland,Female,Ylämaa,BlogXS,1671.17,EUR
Edward,Andrews,eandrewskc@loc.gov,Tajikistan,Male,Khŭjand,Skajo,29797.32,TJS
Matthew,Mitchell,mmitchellkd@prnewswire.com,Philippines,Male,Lunec,Fanoodle,41440.60,PHP
Jane,Ellis,jelliske@bloglovin.com,Ukraine,Female,Krasnyy Luch,Zoombeat,77372.53,UAH
Raymond,Jenkins,rjenkinskf@globo.com,French Polynesia,Male,Afareaitu,Ntag,81893.19,XPF
Elizabeth,Burns,eburnskg@yahoo.co.jp,China,Female,Baipenzhu,Jaxnation,35602.52,CNY
Raymond,Reed,rreedkh@guardian.co.uk,China,Male,Xiongchi,LiveZ,89708.02,CNY
Arthur,Wood,awoodki@aol.com,China,Male,Longsha,Blogtag,6950.91,CNY
Ralph,Hanson,rhansonkj@smugmug.com,Philippines,Male,Bigaan,Voolia,63280.68,PHP
Ernest,Harvey,eharveykk@hc360.com,Russia,Male,Lebedyan’,Mynte,84709.19,RUB
Carolyn,Carroll,ccarrollkl@stumbleupon.com,France,Female,Orléans,Buzzdog,70105.54,EUR
Karen,Dunn,kdunnkm@unc.edu,Slovenia,Female,Kobilje,Rhyzio,81904.64,EUR
Roy,Murphy,rmurphykn@go.com,China,Male,Supu,Kayveo,87765.37,CNY
Ronald,Ryan,rryanko@barnesandnoble.com,China,Male,Ningshan Chengguanzhen,Brainlounge,76104.26,CNY
Marilyn,Cunningham,mcunninghamkp@friendfeed.com,Montenegro,Female,Kotor,Myworks,92126.49,EUR
Larry,Mendoza,lmendozakq@issuu.com,China,Male,Chixi,Viva,64424.71,CNY
Diana,Black,dblackkr@walmart.com,Portugal,Female,São Bartolomeu,Roomm,85749.63,EUR
Judith,Welch,jwelchks@vinaora.com,Poland,Female,Szczurowa,Skalith,79075.55,PLN
Donna,Richards,drichardskt@vinaora.com,Sweden,Female,Borås,Fivespan,36009.59,SEK
Jeremy,Gomez,jgomezku@webeden.co.uk,Russia,Male,Otradnaya,Cogibox,6083.50,RUB
Phillip,Gordon,pgordonkv@yale.edu,Portugal,Male,Vale de Figueira,Pixoboo,94997.81,EUR
Walter,Jenkins,wjenkinskw@alexa.com,China,Male,Dabu,Pixoboo,36602.46,CNY
Lori,Morales,lmoraleskx@forbes.com,Brazil,Female,Chapecó,Myworks,91670.47,BRL
Judy,Grant,jgrantky@netscape.com,Brazil,Female,Carazinho,Skipstorm,,BRL
Bruce,Holmes,bholmeskz@barnesandnoble.com,Mongolia,Male,Rashaant,Mynte,,MNT
Brandon,Bailey,bbaileyl0@twitter.com,China,Male,Hetang,Layo,85750.22,CNY
Patricia,Morrison,pmorrisonl1@dion.ne.jp,South Korea,Female,Hajeom,Quatz,82245.57,KRW
Andrea,Gutierrez,agutierrezl2@paypal.com,Philippines,Female,Bambang,Skivee,4885.49,PHP
Dorothy,Coleman,dcolemanl3@hatena.ne.jp,Philippines,Female,Guruyan,Skipfire,61017.03,PHP
Charles,Henderson,chendersonl4@networksolutions.com,Burkina Faso,Male,Bobo-Dioulasso,Twinte,5950.45,XOF
Gary,Reynolds,greynoldsl5@virginia.edu,China,Male,Liuzhuang,Flashpoint,15333.54,CNY
Philip,Sims,psimsl6@tumblr.com,Russia,Male,Pankrushikha,Photobug,33101.23,RUB
Margaret,Coleman,mcolemanl7@imageshack.us,Nigeria,Female,Benisheikh,Livetube,68793.96,NGN
Jason,Lynch,jlynchl8@myspace.com,Ukraine,Male,Zaliztsi,Zoombeat,50080.81,UAH
Mildred,Hudson,mhudsonl9@csmonitor.com,Ukraine,Female,Chapayevka,Zoomdog,15311.12,UAH
Helen,Ramirez,hramirezla@census.gov,Indonesia,Female,Purwodadi,Snaptags,55230.56,IDR
Ashley,Snyder,asnyderlb@flickr.com,China,Female,Dashiju,Yozio,50372.65,CNY
Robin,Lawson,rlawsonlc@sourceforge.net,Panama,Female,Panamá,Photojam,23764.61,PAB
Richard,Romero,rromerold@mtv.com,China,Male,Majin,Youspan,19521.18,CNY
Teresa,Shaw,tshawle@yellowbook.com,Russia,Female,Neklyudovo,Zoozzy,10251.08,RUB
Rebecca,Rose,rroself@java.com,Indonesia,Female,Bangil,Skyba,99755.54,IDR
Fred,Myers,fmyerslg@google.com,Sweden,Male,Boden,Tazzy,48320.11,SEK
Stephen,Richardson,srichardsonlh@cdbaby.com,Philippines,Male,Babak,Devpulse,45695.19,PHP
Scott,Stewart,sstewartli@plala.or.jp,Poland,Male,Nasielsk,Demizz,98241.62,PLN
Jane,Sanchez,jsanchezlj@irs.gov,China,Female,Changqiao,Dabvine,6451.34,CNY
Sarah,Larson,slarsonlk@upenn.edu,Argentina,Female,Nueve de Julio,Tagcat,95081.92,ARS
Douglas,Johnston,djohnstonll@cocolog-nifty.com,Jamaica,Male,Portmore,Skyble,31920.58,JMD
Michelle,Williamson,mwilliamsonlm@netlog.com,France,Female,Aix-en-Provence,Jaxworks,61963.06,EUR
Sean,Watson,swatsonln@walmart.com,Vietnam,Male,Plei Kần,Lazzy,52853.91,VND
Jeremy,Cox,jcoxlo@bbb.org,Portugal,Male,Agualva de Cima,Fanoodle,,EUR
Roy,Bennett,rbennettlp@senate.gov,Spain,Male,Madrid,Tagcat,95292.50,EUR
Jeffrey,Hawkins,jhawkinslq@blog.com,Philippines,Male,Ransang,Camido,,PHP
Doris,Wood,dwoodlr@tumblr.com,Tajikistan,Female,Adrasmon,Tagfeed,12381.19,TJS
Carlos,Rogers,crogersls@geocities.jp,Poland,Male,Wrząsowice,Wordtune,84021.31,PLN
Andrew,Ruiz,aruizlt@ebay.co.uk,United States,Male,Oklahoma City,Rhynyx,97444.55,USD
Juan,Rodriguez,jrodriguezlu@godaddy.com,Portugal,Male,Boucinhas,Skilith,,EUR
Joseph,Berry,jberrylv@infoseek.co.jp,Brazil,Male,São Borja,Pixoboo,86564.23,BRL
Cynthia,Adams,cadamslw@shinystat.com,Belarus,Female,Vyerkhnyadzvinsk,Voolith,87013.09,BYR
Tammy,Ramos,tramoslx@youtube.com,Madagascar,Female,Andramasina,Quimm,6981.33,MGA
Craig,Howard,chowardly@house.gov,China,Male,Baihua,Vitz,43295.36,CNY
Chris,Harrison,charrisonlz@go.com,Portugal,Male,Estreito Câmara de Lobos,Oyondu,14648.41,EUR
Ralph,Weaver,rweaverm0@oakley.com,Indonesia,Male,Wakapuken,Divape,4917.81,IDR
Phyllis,King,pkingm1@ucoz.com,Greece,Female,Goúrnes,Skynoodle,46236.63,EUR
Ryan,Bell,rbellm2@house.gov,Greece,Male,Kolympári,Skippad,40153.77,EUR
Bruce,Robinson,brobinsonm3@sakura.ne.jp,Indonesia,Male,Ebak,Quinu,24373.05,IDR
Joe,Jones,jjonesm4@hubpages.com,Portugal,Male,Alcanena,Meevee,78666.33,EUR
Howard,Cole,hcolem5@bigcartel.com,China,Male,Dongdu,Browseblab,9087.42,CNY
Eric,Hawkins,ehawkinsm6@dell.com,Portugal,Male,Portela,Agimba,15140.23,EUR
Martin,Lynch,mlynchm7@redcross.org,Burkina Faso,Male,Kaya,Yakidoo,15749.29,XOF
Paula,White,pwhitem8@elegantthemes.com,South Korea,Female,Cheonan,Thoughtblab,96784.23,KRW
Jessica,Cook,jcookm9@google.nl,Sweden,Female,Skoghall,Lazzy,11090.84,SEK
Jerry,Watkins,jwatkinsma@abc.net.au,Syria,Male,Jablah,Realblab,6631.03,SYP
Janice,Nguyen,jnguyenmb@smugmug.com,Sweden,Female,Vänersborg,Flashset,21544.31,SEK
Roger,Carroll,rcarrollmc@parallels.com,Portugal,Male,Outeiro,Plambee,48702.83,EUR
Philip,Cook,pcookmd@wunderground.com,Indonesia,Male,Karuk,Feedfish,55837.11,IDR
Lori,Oliver,loliverme@chicagotribune.com,Indonesia,Female,Neofbaun,Twitterwire,92556.67,IDR
Carl,Patterson,cpattersonmf@com.com,Chad,Male,Bébédja,Quimm,30251.77,XAF
Christina,Berry,cberrymg@answers.com,China,Female,Tuofeng,Devbug,,CNY
Sarah,Johnson,sjohnsonmh@unicef.org,Indonesia,Female,Terang,Bluejam,47375.97,IDR
Sarah,Hansen,shansenmi@aboutads.info,China,Female,Shatian,Jaloo,,CNY
Lillian,Dixon,ldixonmj@squidoo.com,Panama,Female,Bejuco,Browseblab,62357.75,PAB
Robin,Wheeler,rwheelermk@taobao.com,United States,Female,Garden Grove,Flashpoint,7515.07,USD
Jose,Ellis,jellisml@jiathis.com,Portugal,Male,Odivelas,Leexo,5955.21,EUR
Rose,Simmons,rsimmonsmm@dell.com,China,Female,Altay,Dynava,21833.33,CNY
Juan,Lewis,jlewismn@bigcartel.com,Poland,Male,Rudka,Gigazoom,39016.86,PLN
Carol,Castillo,ccastillomo@indiatimes.com,China,Female,Kongjiang,Oyoloo,81393.87,CNY
Jessica,Olson,jolsonmp@geocities.com,Cambodia,Female,Kampong Chhnang,Ainyx,61940.15,KHR
Jimmy,Morris,jmorrismq@booking.com,Brazil,Male,Vitória do Mearim,Meedoo,26223.09,BRL
Clarence,Hunter,chuntermr@biglobe.ne.jp,Argentina,Male,Villa Santa Rosa,Brainsphere,,ARS
Tina,Johnson,tjohnsonms@alibaba.com,Democratic Republic of the Congo,Female,Likasi,Meembee,70283.64,CDF
Harry,Pierce,hpiercemt@illinois.edu,Colombia,Male,Pital,Avamm,30209.84,COP
Brian,Castillo,bcastillomu@vinaora.com,China,Male,Lianshan,Realmix,45421.97,CNY
Kevin,Sullivan,ksullivanmv@mit.edu,Chile,Male,Los Ángeles,Eidel,,CLP
Rose,Brooks,rbrooksmw@youku.com,Iraq,Female,Al ‘Awjah,Jabbersphere,,IQD
Diane,Lawrence,dlawrencemx@bigcartel.com,United States,Female,El Paso,Oodoo,44236.28,USD
Joseph,Robertson,jrobertsonmy@eventbrite.com,China,Male,Xiliguantun,Zazio,84000.39,CNY
William,Stone,wstonemz@last.fm,Poland,Male,Puck,Trunyx,,PLN
Joan,Brooks,jbrooksn0@quantcast.com,Mexico,Female,Guadalupe,Skinder,29759.70,MXN
Phillip,Patterson,ppattersonn1@t.co,Chad,Male,Aozou,Wordtune,,XAF
Jimmy,Jones,jjonesn2@harvard.edu,Russia,Male,Svetlyy,Eadel,92291.43,RUB
Dorothy,Johnson,djohnsonn3@who.int,Bulgaria,Female,Vratsa,Trilith,97007.87,BGN
Nancy,Burton,nburtonn4@china.com.cn,China,Female,Huangnaihai,Geba,78241.83,CNY
Juan,Griffin,jgriffinn5@adobe.com,Portugal,Male,Lamoso,Skyba,22044.59,EUR
Jonathan,Berry,jberryn6@ning.com,Argentina,Male,San Fernando del Valle de Catamarca,Trilia,59897.18,ARS
Doris,Sanchez,dsanchezn7@issuu.com,Poland,Female,Jastrzębia Góra,Lazz,,PLN
Stephen,Kelley,skelleyn8@bbb.org,France,Male,Meudon,Voomm,68987.48,EUR
Phyllis,Perez,pperezn9@techcrunch.com,Pakistan,Female,Pasrūr,Mynte,99574.52,PKR
Judy,Wright,jwrightna@tmall.com,China,Female,Wangda,Tavu,2350.24,CNY
Nancy,Torres,ntorresnb@deviantart.com,Philippines,Female,Tuburan,Yotz,61550.53,PHP
Rachel,Fowler,rfowlernc@surveymonkey.com,Philippines,Female,Maslog,Blogtag,89073.21,PHP
Brandon,Scott,bscottnd@icq.com,Belarus,Male,Pruzhany,Thoughtblab,57742.60,BYR
Pamela,Stanley,pstanleyne@kickstarter.com,United States,Female,Lawrenceville,Roombo,28744.74,USD
Jeffrey,Howard,jhowardnf@cnn.com,Portugal,Male,Castedo,Mudo,49480.25,EUR
Michelle,Thomas,mthomasng@dagondesign.com,Peru,Female,Ayo,Buzzster,71660.27,PEN
Ronald,Hughes,rhughesnh@google.fr,Philippines,Male,Bonga,Quinu,73788.38,PHP
Richard,Fox,rfoxni@cbsnews.com,Portugal,Male,Carreira,Zazio,23519.94,EUR
Patricia,Nguyen,pnguyennj@abc.net.au,Poland,Female,Czarnożyły,Fivechat,69451.11,PLN
Rebecca,Pierce,rpiercenk@wired.com,Indonesia,Female,Cibolang,Browsecat,76528.58,IDR
Harry,Bailey,hbaileynl@ning.com,Portugal,Male,Calhetas,Browsezoom,60021.80,EUR
Gregory,Reed,greednm@loc.gov,China,Male,Piaocao,Riffwire,22145.80,CNY
Debra,Smith,dsmithnn@netvibes.com,Brazil,Female,Bom Conselho,Katz,23833.73,BRL
Carlos,Peterson,cpetersonno@tiny.cc,Serbia,Male,Dimitrovgrad,Edgeclub,87639.21,RSD
Stephen,Gutierrez,sgutierreznp@xinhuanet.com,Russia,Male,Borgustanskaya,Yozio,24703.66,RUB
Jimmy,Watkins,jwatkinsnq@ow.ly,Russia,Male,Muslyumovo,Trilith,10392.77,RUB
Alan,Gardner,agardnernr@hp.com,France,Male,Avignon,Blogpad,60111.67,EUR
Christopher,Greene,cgreenens@cocolog-nifty.com,Nigeria,Male,Numan,Ozu,90604.59,NGN
Eugene,Johnston,ejohnstonnt@cisco.com,Tanzania,Male,Kandete,Topicshots,10591.14,TZS
Rose,Wagner,rwagnernu@live.com,Canada,Female,Hanover,Innojam,72432.08,CAD
Lisa,Kennedy,lkennedynv@auda.org.au,Honduras,Female,Cucuyagua,Gigazoom,24518.00,HNL
Mildred,Collins,mcollinsnw@toplist.cz,Paraguay,Female,Concepción,Edgewire,16641.52,PYG
Joan,Ellis,jellisnx@parallels.com,Philippines,Female,Mindupok,Mymm,16301.23,PHP
David,Bishop,dbishopny@goodreads.com,Colombia,Male,El Retiro,Kanoodle,,COP
Wanda,Reed,wreednz@kickstarter.com,China,Female,Fangshan,Dabshots,9321.51,CNY
Harold,Gonzalez,hgonzalezo0@twitpic.com,Indonesia,Male,Citeluk,Demivee,,IDR
Robert,Wood,rwoodo1@elpais.com,Iran,Male,‘Alīābād-e Katūl,Kwideo,28668.95,IRR
Sandra,Flores,sfloreso2@vkontakte.ru,Indonesia,Female,Banjar Bau Kawan,Kanoodle,94435.08,IDR
Anthony,Jackson,ajacksono3@hibu.com,China,Male,Siqu,Riffwire,9380.85,CNY
Randy,Bell,rbello4@bandcamp.com,France,Male,Orange,Quinu,72780.85,EUR
Lisa,Nelson,lnelsono5@stanford.edu,Indonesia,Female,Krajan,Eabox,90756.35,IDR
Victor,Lopez,vlopezo6@house.gov,United States,Male,South Bend,Voolith,65740.68,USD
Beverly,Bishop,bbishopo7@youtube.com,China,Female,Tongle,Buzzshare,,CNY
Rebecca,Allen,ralleno8@microsoft.com,Russia,Female,Krasnogorskoye,Livetube,96938.38,RUB
Judy,Watkins,jwatkinso9@princeton.edu,Sweden,Female,Nossebro,Jaxbean,68629.56,SEK
Arthur,Long,alongoa@gizmodo.com,Peru,Male,Ayrihuanca,Mymm,7897.78,PEN
Sara,Mason,smasonob@plala.or.jp,Philippines,Female,Cabucgayan,Realmix,76979.35,PHP
Willie,Kelly,wkellyoc@umn.edu,El Salvador,Male,Cacaopera,Jetwire,20708.45,USD
Carl,Ryan,cryanod@engadget.com,Portugal,Male,Corujeira,Kwilith,9096.55,EUR
Steve,Fox,sfoxoe@state.gov,Thailand,Male,Tha Yang,Skyba,7529.92,THB
Chris,Stewart,cstewartof@multiply.com,China,Male,Haoxinying,Oyonder,11301.52,CNY
Judy,Robinson,jrobinsonog@huffingtonpost.com,Russia,Female,Kultayevo,Gigaclub,85216.86,RUB
Ruby,Moreno,rmorenooh@list-manage.com,China,Female,Mashan,Flipbug,91496.19,CNY
Jerry,Daniels,jdanielsoi@miibeian.gov.cn,Indonesia,Male,Palumbungan,Leenti,20265.94,IDR
Steve,Mendoza,smendozaoj@squidoo.com,Afghanistan,Male,Maymana,Gabspot,,AFN
Earl,West,ewestok@dyndns.org,Russia,Male,Monchegorsk,Bubbletube,61031.94,RUB
Shawn,Lawson,slawsonol@globo.com,China,Male,Sanquan,Kwideo,44347.59,CNY
Carlos,Greene,cgreeneom@studiopress.com,China,Male,Xinbu,Skyba,60148.90,CNY
Sandra,Larson,slarsonon@sakura.ne.jp,France,Female,Pau,Meetz,29700.14,EUR
Helen,Ross,hrossoo@sfgate.com,Syria,Female,Ar Riqāmā,Devpulse,4903.39,SYP
Raymond,Day,rdayop@hubpages.com,Portugal,Male,Paço,Livetube,7706.80,EUR
Carlos,Chavez,cchavezoq@4shared.com,Philippines,Male,Naga,Browsebug,87437.79,PHP
Brian,Peterson,bpetersonor@earthlink.net,Colombia,Male,Caicedonia,Centizu,59993.71,COP
Janice,Medina,jmedinaos@angelfire.com,Sweden,Female,Oxelösund,JumpXS,32293.16,SEK
Jeffrey,Snyder,jsnyderot@nytimes.com,Japan,Male,Obihiro,Skinder,2085.13,JPY
Helen,Lane,hlaneou@mozilla.org,Indonesia,Female,Citeureup,Flipbug,92572.32,IDR
Adam,Murray,amurrayov@barnesandnoble.com,China,Male,Chongru,Jaxworks,519.66,CNY
Teresa,Gardner,tgardnerow@deliciousdays.com,Honduras,Female,Salamá,Aimbo,28811.95,HNL
Carl,Baker,cbakerox@whitehouse.gov,Philippines,Male,Pitogo,Devpoint,93059.99,PHP
Christina,Ortiz,cortizoy@godaddy.com,Brazil,Female,Presidente Médici,Ooba,85689.42,BRL
Susan,Little,slittleoz@chron.com,Denmark,Female,København,Rhycero,43010.10,DKK
Elizabeth,Kim,ekimp0@amazonaws.com,China,Female,Zhuangbian,Fatz,50601.22,CNY
Nicholas,Bradley,nbradleyp1@webnode.com,Philippines,Male,Babak,Quimm,87241.38,PHP
Melissa,Rose,mrosep2@usnews.com,Croatia,Female,Jadranovo,Flashset,44146.14,HRK
Clarence,Bryant,cbryantp3@newsvine.com,Colombia,Male,Curití,Topiclounge,46252.99,COP
Louise,Ward,lwardp4@yahoo.co.jp,Indonesia,Female,Siding,Jabberstorm,40034.11,IDR
Ruby,Martinez,rmartinezp5@bizjournals.com,China,Female,Balitai,Reallinks,19902.12,CNY
Jerry,Rivera,jriverap6@scribd.com,Czech Republic,Male,Bechyně,Quinu,37234.99,CZK
Ernest,Wilson,ewilsonp7@disqus.com,Paraguay,Male,San Bernardino,Kazio,34036.48,PYG
Amy,Garrett,agarrettp8@tripod.com,China,Female,Yangdun,Aimbu,89092.99,CNY
Julie,George,jgeorgep9@bandcamp.com,Peru,Female,Pilpichaca,Skiba,80008.93,PEN
Amanda,Payne,apaynepa@reference.com,Ukraine,Female,Valky,Twitterworks,15515.16,UAH
Joshua,Graham,jgrahampb@marriott.com,Thailand,Male,Sawankhalok,Brainbox,5102.55,THB
Howard,Simmons,hsimmonspc@simplemachines.org,France,Male,Grenoble,Zoovu,53886.91,EUR
Brandon,Alvarez,balvarezpd@domainmarket.com,Mexico,Male,Independencia,Babbleopia,54114.05,MXN
Angela,Rice,aricepe@blinklist.com,Yemen,Female,Jawf al Maqbābah,Divavu,42853.79,YER
Jacqueline,Hawkins,jhawkinspf@behance.net,Germany,Female,Hamburg,Devshare,60757.50,EUR
Walter,Stanley,wstanleypg@java.com,Sweden,Male,Åstorp,Izio,1983.68,SEK
Ronald,Lawson,rlawsonph@nih.gov,Indonesia,Male,Karanglo,Gabtune,36519.80,IDR
James,Fox,jfoxpi@tmall.com,Greece,Male,Irákleion,Blogtags,14073.06,EUR
Karen,Jackson,kjacksonpj@vimeo.com,Indonesia,Female,Cimadang,Aivee,66522.02,IDR
Donna,Kennedy,dkennedypk@mediafire.com,Czech Republic,Female,Milíkov,Jabbertype,63120.59,CZK
Earl,Porter,eporterpl@hubpages.com,China,Male,Donggang,Lazz,57333.43,CNY
Shawn,Welch,swelchpm@discuz.net,Poland,Male,Paprotnia,Tagfeed,38520.62,PLN
Ruby,Fowler,rfowlerpn@marketwatch.com,Philippines,Female,San Roque,Blogtags,59530.75,PHP
Carl,Sims,csimspo@buzzfeed.com,Indonesia,Male,Kutamandarakan,Kwimbee,92495.41,IDR
Dennis,Holmes,dholmespp@vimeo.com,France,Male,Arbois,Gabvine,35300.03,EUR
Jesse,James,jjamespq@wisc.edu,Brazil,Male,Andradina,Camido,25987.94,BRL
Donna,Mills,dmillspr@twitter.com,Thailand,Female,Wang Sai Phun,Quatz,38145.61,THB
Ralph,Alvarez,ralvarezps@soundcloud.com,China,Male,Lianzhou,Yakidoo,96473.37,CNY
Daniel,Ferguson,dfergusonpt@fc2.com,Poland,Male,Wojaszówka,Bubbletube,79505.64,PLN
Heather,Webb,hwebbpu@hibu.com,Germany,Female,Ludwigshafen am Rhein,Thoughtmix,97282.68,EUR
Phyllis,Anderson,pandersonpv@google.ru,Mongolia,Female,Bayanbaraat,Shufflester,47018.91,MNT
Anna,Burns,aburnspw@google.ru,Philippines,Female,Badian,Agivu,18993.46,PHP
Gloria,Reynolds,greynoldspx@friendfeed.com,Philippines,Female,San Francisco,Skaboo,49233.79,PHP
Stephen,Cunningham,scunninghampy@wp.com,Japan,Male,Kamiichi,Dynabox,70694.70,JPY
Ernest,Bowman,ebowmanpz@salon.com,France,Male,Chantilly,Quimm,26865.44,EUR
Annie,Montgomery,amontgomeryq0@blogger.com,China,Female,Heping,Realblab,65757.56,CNY
Cynthia,Castillo,ccastilloq1@g.co,Russia,Female,Kurchaloy,Eare,88434.70,RUB
Rose,Henry,rhenryq2@cnbc.com,Poland,Female,Rymanów,Cogidoo,59495.99,PLN
Scott,Cooper,scooperq3@soundcloud.com,France,Male,Val-de-Reuil,Katz,,EUR
Frances,White,fwhiteq4@prlog.org,Finland,Female,Kiuruvesi,Thoughtworks,67098.32,EUR
Mark,Hamilton,mhamiltonq5@bloomberg.com,Portugal,Male,Arcos de Valdevez,Devbug,34361.35,EUR
Louise,Schmidt,lschmidtq6@wp.com,China,Female,Tongguan,Blogtag,65807.15,CNY
Jose,Harper,jharperq7@webeden.co.uk,United States,Male,Columbus,Yodoo,33976.06,USD
George,Flores,gfloresq8@prweb.com,Argentina,Male,Villa Ángela,Teklist,19714.57,ARS
Joan,Wagner,jwagnerq9@flavors.me,Indonesia,Female,Bosen,Vinder,37431.80,IDR
Anna,Lynch,alynchqa@meetup.com,China,Female,Xambabazar,Feedspan,81236.20,CNY
Stephanie,Collins,scollinsqb@cbslocal.com,Serbia,Female,Perlez,Twitterbeat,40859.26,RSD
David,Butler,dbutlerqc@examiner.com,Andorra,Male,la Massana,Browsedrive,96013.01,EUR
Melissa,Austin,maustinqd@seesaa.net,China,Female,Moshiyi,Yadel,37650.29,CNY
Bruce,Flores,bfloresqe@chron.com,Kazakhstan,Male,Atbasar,Aivee,,KZT
Amy,Dixon,adixonqf@omniture.com,Nigeria,Female,Gujba,Abata,,NGN
Anna,Fowler,afowlerqg@purevolume.com,Portugal,Female,Lamas,Quatz,351.66,EUR
Andrew,Harvey,aharveyqh@ezinearticles.com,Portugal,Male,Bombarral,Livetube,38077.70,EUR
Dennis,Reed,dreedqi@ezinearticles.com,Pakistan,Male,Mīrpur Māthelo,Cogibox,7274.25,PKR
Lois,Fisher,lfisherqj@wikia.com,Nigeria,Female,Orlu,Latz,67406.01,NGN
Ruby,Hayes,rhayesqk@samsung.com,Indonesia,Female,Bantengan,Twitterwire,31535.80,IDR
Sharon,Owens,sowensql@fema.gov,Israel,Female,Kefar Shemaryahu,Jabberstorm,,ILS
Billy,Flores,bfloresqm@ft.com,Ivory Coast,Male,San-Pédro,Edgeify,8550.55,XOF
Judith,Robinson,jrobinsonqn@oracle.com,Brazil,Female,Pacaembu,Avamm,41631.15,BRL
Timothy,Vasquez,tvasquezqo@howstuffworks.com,Tunisia,Male,Al Metlaoui,Oyoloo,54914.77,TND
Marie,Thomas,mthomasqp@opera.com,Ivory Coast,Female,Agnibilékrou,Roombo,27922.38,XOF
Maria,Cooper,mcooperqq@networksolutions.com,Canada,Female,Marathon,Voomm,1383.54,CAD
John,Torres,jtorresqr@washington.edu,Indonesia,Male,Pancanagara,Skipstorm,,IDR
Matthew,Cruz,mcruzqs@mac.com,Indonesia,Male,Bucu Lor,Cogilith,54590.62,IDR
Beverly,Riley,brileyqt@ycombinator.com,Brazil,Female,Ipauçu,Youspan,3928.28,BRL
Raymond,Freeman,rfreemanqu@ustream.tv,Indonesia,Male,Sukorambi,Dynabox,60825.49,IDR
Timothy,Williamson,twilliamsonqv@cdbaby.com,Ukraine,Male,Yizhivtsi,Topicstorm,36894.98,UAH
Judith,Henderson,jhendersonqw@google.cn,Bulgaria,Female,Mŭglizh,Trudeo,,BGN
Eric,Johnston,ejohnstonqx@japanpost.jp,Philippines,Male,Salogon,Ntags,30265.52,PHP
Cynthia,Wells,cwellsqy@theatlantic.com,China,Female,Nancang,Yakidoo,72172.89,CNY
Kathleen,Scott,kscottqz@free.fr,China,Female,Guluoshan,Meembee,53425.12,CNY
Anne,Frazier,afrazierr0@nhs.uk,Finland,Female,Joutseno,Katz,94878.97,EUR
Rachel,Crawford,rcrawfordr1@sina.com.cn,Indonesia,Female,Waso,Bluezoom,34839.17,IDR
Joe,Nguyen,jnguyenr2@cbsnews.com,Tunisia,Male,El Kef,LiveZ,63872.92,TND
Randy,Perez,rperezr3@bbb.org,China,Male,Nanwai,Pixope,65787.63,CNY
Susan,Carpenter,scarpenterr4@house.gov,Philippines,Female,Taytayan,Yodel,38066.75,PHP
Nancy,Alvarez,nalvarezr5@nytimes.com,Thailand,Female,Sam Phran,Youtags,,THB
Michael,Wright,mwrightr6@wufoo.com,Democratic Republic of the Congo,Male,Bandundu,Tagpad,,CDF
Brenda,Clark,bclarkr7@jigsy.com,Syria,Female,As Sawdā,Demizz,1096.45,SYP
Terry,Powell,tpowellr8@ibm.com,Russia,Male,Babushkin,Gabvine,20848.54,RUB
Christina,Morales,cmoralesr9@netvibes.com,Russia,Female,Semënovskoye,Edgewire,66614.14,RUB
Todd,Alexander,talexanderra@irs.gov,Croatia,Male,Bobota,Mydeo,98363.28,HRK
Sara,West,swestrb@sfgate.com,Peru,Female,Lonya Chico,Blogtag,25158.93,PEN
Pamela,Gibson,pgibsonrc@live.com,Macedonia,Female,Kisela Voda,Jabbertype,5193.39,MKD
Diane,Miller,dmillerrd@engadget.com,Finland,Female,Porvoo,Avamm,,EUR
John,Thomas,jthomasre@twitpic.com,Vietnam,Male,Phong Điền,Fatz,66907.27,VND
Paula,Barnes,pbarnesrf@linkedin.com,Czech Republic,Female,Postřelmov,Youtags,64134.55,CZK
Bonnie,Marshall,bmarshallrg@paginegialle.it,Japan,Female,Tsuyama,Jetpulse,92444.79,JPY
Carolyn,Gordon,cgordonrh@a8.net,France,Female,Issy-les-Moulineaux,Skyndu,23496.54,EUR
George,Hunt,ghuntri@marketwatch.com,Philippines,Male,Pindangan Centro,Quatz,10856.67,PHP
Clarence,Romero,cromerorj@shutterfly.com,Finland,Male,Kälviä,Voomm,49857.34,EUR
Katherine,Stevens,kstevensrk@marketwatch.com,China,Female,Tai’an,Flashspan,41554.24,CNY
Phyllis,Russell,prussellrl@domainmarket.com,China,Female,Ganpu,Gigashots,18383.18,CNY
Phyllis,Frazier,pfrazierrm@dion.ne.jp,Poland,Female,Klimontów,Mycat,30947.16,PLN
Brandon,Jacobs,bjacobsrn@vinaora.com,Argentina,Male,Curuzú Cuatiá,LiveZ,,ARS
Jeffrey,Payne,jpaynero@smh.com.au,Thailand,Male,Ban Fang,Plambee,18352.22,THB
Christopher,Edwards,cedwardsrp@technorati.com,Indonesia,Male,Darmasari,Tazzy,20235.65,IDR
Brian,Parker,bparkerrq@elpais.com,Sweden,Male,Värnamo,Tekfly,,SEK
Marilyn,Reyes,mreyesrr@friendfeed.com,Indonesia,Female,Tumpukrenteng,Shufflebeat,21172.13,IDR
