Jimmy,Lane,jlane0@psu.edu,Ukraine,Male,Navariya,Twimbo,80036.64,UAH
Kenneth,Baker,kbaker1@ucoz.com,Portugal,Male,Queluz de Baixo,Voonix,,EUR
Elizabeth,Gonzales,egonzales2@about.me,Japan,Female,Isawa,Realcube,52944.25,JPY
Donna,Moore,dmoore3@flavors.me,Panama,Female,Portobelo,Blogtags,,PAB
Randy,Carpenter,rcarpenter4@wix.com,Indonesia,Male,Desa Gegempalan,Blogtags,42958.06,IDR
Elizabeth,Moreno,emoreno5@telegraph.co.uk,Belarus,Female,Smilavichy,Pixonyx,15266.29,BYR
Mark,Rice,mrice6@ca.gov,Mongolia,Male,Dzüyl,Omba,50731.36,MNT
Jose,Brown,jbrown7@accuweather.com,Colombia,Male,La Paz,Rooxo,27267.78,COP
Amanda,Stephens,astephens8@nhs.uk,Indonesia,Female,Sukadana,Tagpad,,IDR
Beverly,Alexander,balexander9@smugmug.com,Honduras,Female,Guacamaya,Realmix,67402.75,HNL
Robert,Willis,rwillisa@feedburner.com,Canada,Male,Fairview,Trudoo,,CAD
Gloria,Bell,gbellb@utexas.edu,Greece,Female,Vathýlakkos,Youspan,,EUR
George,Butler,gbutlerc@list-manage.com,China,Male,Huangwan,Innojam,91554.09,CNY
Ernest,Stone,estoned@ucoz.ru,Angola,Male,Cabinda,Agivu,39133.47,AOA
Mark,Castillo,mcastilloe@chronoengine.com,Sweden,Male,Järna,Abatz,93606.58,SEK
Jeffrey,Collins,jcollinsf@squarespace.com,Japan,Male,Tennō,Voomm,72426.30,JPY
Judith,Morrison,jmorrisong@epa.gov,Guadeloupe,Female,Jarry,Omba,61862.67,EUR
Douglas,Hall,dhallh@deliciousdays.com,Indonesia,Male,Sepanjang,Topdrive,91548.10,IDR
Michelle,Hunter,mhunteri@over-blog.com,Croatia,Female,Retkovci,Avamm,1809.27,HRK
Paul,Murray,pmurrayj@biglobe.ne.jp,Pakistan,Male,Keti Bandar,Trilith,52566.01,PKR
Larry,Jenkins,ljenkinsk@huffingtonpost.com,Russia,Male,Kineshma,Jabbersphere,15290.61,RUB
Amanda,Foster,afosterl@wikimedia.org,Netherlands,Female,Hilversum,Realpoint,83128.51,EUR
Alan,Burton,aburtonm@live.com,Myanmar,Male,Kyaikkami,Zoombeat,29320.97,MMK
Raymond,Rogers,rrogersn@narod.ru,France,Male,Lyon,Thoughtblab,49023.25,EUR
Henry,Dixon,hdixono@drupal.org,Czech Republic,Male,Šumperk,Mudo,72370.59,CZK
Andrea,Ray,arayp@netscape.com,Sweden,Female,Ulricehamn,Dynazzy,31411.52,SEK
Russell,Stephens,rstephensq@epa.gov,Japan,Male,Ōdachō-ōda,Photolist,31816.03,JPY
Mark,Cook,mcookr@moonfruit.com,China,Male,Liugong,Quamba,72793.31,CNY
Lois,Gutierrez,lgutierrezs@stumbleupon.com,France,Female,Auxerre,Brightbean,15116.16,EUR
Angela,Dean,adeant@alexa.com,Mongolia,Female,Bayasgalant,Oyoyo,17398.72,MNT
Michael,Adams,madamsu@dropbox.com,Rwanda,Male,Nyanza,Flashspan,,RWF
Theresa,Ortiz,tortizv@twitpic.com,China,Female,Anhai,Dabvine,53052.67,CNY
Jessica,Jordan,jjordanw@sitemeter.com,China,Female,Huayuan,Abatz,57670.83,CNY
Jessica,Burke,jburkex@cornell.edu,China,Female,Ta’erqi,Twinte,31363.72,CNY
Juan,Reyes,jreyesy@naver.com,China,Male,Guli,Eidel,73834.40,CNY
Catherine,Fields,cfieldsz@dailymail.co.uk,Kosovo,Female,Lipljan,Eabox,11225.06,EUR
Alice,Armstrong,aarmstrong10@redcross.org,Indonesia,Female,Lebak,Yodoo,6346.16,IDR
Gary,Lopez,glopez11@cmu.edu,France,Male,Arras,Youtags,33577.55,EUR
Brandon,Greene,bgreene12@imdb.com,China,Male,Ciyu,Snaptags,27231.32,CNY
James,Gomez,jgomez13@yale.edu,China,Male,Dengyue,Thoughtstorm,66140.71,CNY
Martha,Wood,mwood14@e-recht24.de,China,Female,Laixi,Brainlounge,83241.28,CNY
Shirley,Howard,showard15@marriott.com,Indonesia,Female,Bebandem,Roomm,27975.50,IDR
Susan,Kelly,skelly16@engadget.com,China,Female,Sanjiao,Voomm,36242.06,CNY
Wayne,Lewis,wlewis17@comsenz.com,Greece,Male,Vanáton,Trudeo,,EUR
Adam,Wheeler,awheeler18@state.gov,Czech Republic,Male,Humpolec,Digitube,61641.74,CZK
Bobby,Kim,bkim19@typepad.com,United States,Male,Wilmington,BlogXS,85342.63,USD
Cynthia,Martin,cmartin1a@marriott.com,Russia,Female,Valerianovsk,Thoughtbeat,85152.43,RUB
Matthew,Rice,mrice1b@cam.ac.uk,Philippines,Male,Talavera,Yacero,42781.36,PHP
Victor,Mcdonald,vmcdonald1c@feedburner.com,Indonesia,Male,Utama Wetan,Bubblebox,5744.41,IDR
Mark,Williams,mwilliams1d@flavors.me,Indonesia,Male,Sabang,Zooveo,68090.11,IDR
Bruce,Chavez,bchavez1e@newyorker.com,Thailand,Male,Buriram,Voonte,22078.33,THB
Joseph,Mendoza,jmendoza1f@ucsd.edu,Poland,Male,Załuski,Zoozzy,76910.15,PLN
Joe,Cooper,jcooper1g@abc.net.au,Tajikistan,Male,Ayní,Realfire,81110.73,TJS
Anne,Burton,aburton1h@auda.org.au,Sweden,Female,Nyköping,Edgeify,89956.08,SEK
Brandon,Robertson,brobertson1i@mac.com,Syria,Male,Sulūk,Zava,61630.65,SYP
Cheryl,Alexander,calexander1j@aboutads.info,Poland,Female,Sulęcin,Kazio,96334.15,PLN
Kelly,Simpson,ksimpson1k@arizona.edu,Colombia,Female,Norcasia,Gabvine,80356.42,COP
Andrea,Berry,aberry1l@economist.com,Indonesia,Female,Banjar Buahan,Minyx,61051.91,IDR
Ashley,Campbell,acampbell1m@europa.eu,Vietnam,Female,An Châu,Skipstorm,28681.19,VND
Albert,Mendoza,amendoza1n@wordpress.com,Russia,Male,Kusak,Browseblab,,RUB
Lawrence,Hansen,lhansen1o@furl.net,Palestinian Territory,Male,Khān Yūnis,Gabtype,50175.54,ILS
Nicholas,Reyes,nreyes1p@quantcast.com,Japan,Male,Miyata,Wordify,89056.98,JPY
Stephen,Hunt,shunt1q@amazon.de,Greece,Male,Sérifos,Plajo,80448.23,EUR
Sharon,Turner,sturner1r@youtu.be,United States,Female,El Paso,Pixope,95849.46,USD
Rebecca,Willis,rwillis1s@reuters.com,Indonesia,Female,Nangewer,Kanoodle,13651.09,IDR
Stephen,Reid,sreid1t@mapquest.com,France,Male,Saintes,Feedfish,11043.81,EUR
Diane,Williamson,dwilliamson1u@flavors.me,Russia,Female,Usol’ye,Quatz,51984.73,RUB
Douglas,Castillo,dcastillo1v@etsy.com,Czech Republic,Male,Bystřice nad Pernštejnem,Vimbo,36232.37,CZK
Dennis,Elliott,delliott1w@ed.gov,Egypt,Male,Makadi Bay,Geba,68651.96,EGP
Irene,Wallace,iwallace1x@google.cn,Poland,Female,Trzebiatów,Zoomzone,11455.22,PLN
Earl,Walker,ewalker1y@netscape.com,Indonesia,Male,Cibeureum,Tekfly,31330.12,IDR
Jerry,Flores,jflores1z@jimdo.com,Indonesia,Male,Kedungbacin,Thoughtstorm,166.82,IDR
Louise,Chapman,lchapman20@free.fr,Peru,Female,Llocllapampa,Linktype,90423.90,PEN
Alan,Richardson,arichardson21@g.co,China,Male,Bulianhe,Yoveo,8861.64,CNY
Evelyn,Powell,epowell22@edublogs.org,China,Female,Dongyangzhen,Omba,87668.25,CNY
Virginia,Kim,vkim23@wordpress.com,Ukraine,Female,Karapyshi,Oyoloo,50081.34,UAH
Willie,Wheeler,wwheeler24@europa.eu,Switzerland,Male,Zürich,Gigaclub,57078.86,CHF
Mildred,Hernandez,mhernandez25@baidu.com,Indonesia,Female,Jembe Timur,Yodoo,34083.60,IDR
Todd,Ruiz,truiz26@whitehouse.gov,Kosovo,Male,Junik,Jazzy,81026.93,EUR
Katherine,Franklin,kfranklin27@ucsd.edu,China,Female,Huzhen,Zoombeat,7453.63,CNY
Christopher,Wallace,cwallace28@unesco.org,Mexico,Male,Bellavista,Skimia,1499.45,MXN
Stephanie,Reid,sreid29@flavors.me,China,Female,Bayan Hot,Trunyx,93131.95,CNY
Heather,White,hwhite2a@live.com,Slovenia,Female,Sv. Trojica v Slov. Goricah,Oodoo,42794.43,EUR
Bruce,Johnson,bjohnson2b@slate.com,Poland,Male,Świlcza,Meejo,98578.27,PLN
Lois,Jones,ljones2c@jalbum.net,Poland,Female,Nowosielce,Tambee,53812.43,PLN
Jean,Jackson,jjackson2d@geocities.com,Portugal,Female,Praia da Vitória,Fatz,93836.66,EUR
Carl,Rice,crice2e@businesswire.com,Nigeria,Male,Awgu,Meedoo,13786.98,NGN
Anna,Gonzalez,agonzalez2f@patch.com,China,Female,Haokou,Oba,36303.87,CNY
Nicole,Young,nyoung2g@blogs.com,Ukraine,Female,Kornyn,Tazzy,33976.92,UAH
Jacqueline,Campbell,jcampbell2h@weebly.com,France,Female,Villejuif,Gigashots,47896.35,EUR
Carl,Bishop,cbishop2i@canalblog.com,Ecuador,Male,Catamayo,Ozu,,USD
Dorothy,Evans,devans2j@berkeley.edu,China,Female,Fangtang,Eidel,48236.46,CNY
Harold,Peterson,hpeterson2k@nytimes.com,Russia,Male,Shilovo,Yakijo,7013.67,RUB
Kelly,Bradley,kbradley2l@hp.com,Kuwait,Female,Kuwait City,Devpulse,28899.66,KWD
Christopher,Martin,cmartin2m@hibu.com,United States,Male,Tacoma,Skyvu,78803.34,USD
Brenda,Gardner,bgardner2n@google.com,Venezuela,Female,Cúa,Yotz,40368.01,VEF
Robert,Sanders,rsanders2o@smugmug.com,Germany,Male,München,Tambee,94424.53,EUR
Thomas,Wright,twright2p@homestead.com,Indonesia,Male,Gombong,Fivechat,50410.12,IDR
Michael,Ross,mross2q@livejournal.com,Chile,Male,Frutillar,Dabtype,16708.95,CLP
Alan,Berry,aberry2r@newyorker.com,Sierra Leone,Male,Sumbuya,Eazzy,54820.93,SLL
Eric,Coleman,ecoleman2s@bizjournals.com,Russia,Male,Kaltan,Twinte,23240.21,RUB
Joshua,Mills,jmills2t@ask.com,China,Male,Sizhou,Skidoo,,CNY
Andrea,Duncan,aduncan2u@prweb.com,China,Female,Chengnan,Quire,59247.51,CNY
Raymond,Hayes,rhayes2v@xing.com,South Africa,Male,Izingolweni,Babbleblab,32347.27,ZAR
Brandon,Holmes,bholmes2w@utexas.edu,Brazil,Male,Paulista,Skilith,,BRL
Irene,Kim,ikim2x@freewebs.com,Indonesia,Female,Pogag,Ailane,,IDR
Heather,Scott,hscott2y@networksolutions.com,Nigeria,Female,Kumo,Mycat,90521.39,NGN
Justin,Gardner,jgardner2z@livejournal.com,China,Male,Jibu Hulangtu,Cogidoo,33350.87,CNY
Deborah,Moreno,dmoreno30@ucoz.com,Nepal,Female,Khāndbāri,Oyope,4452.60,NPR
Victor,Banks,vbanks31@irs.gov,Kosovo,Male,Lipljan,Npath,,EUR
Nancy,Bowman,nbowman32@dedecms.com,Philippines,Female,Cansolungon,Skinder,32421.83,PHP
Joe,Spencer,jspencer33@google.com.au,China,Male,Xiabeisi,Tambee,17506.61,CNY
Carlos,Burke,cburke34@yandex.ru,Brazil,Male,Barueri,Mydo,99908.19,BRL
Jimmy,Olson,jolson35@histats.com,Russia,Male,Bologoye,Fivebridge,89471.00,RUB
Anne,Phillips,aphillips36@aol.com,France,Female,Roissy Charles-de-Gaulle,Avaveo,76910.21,EUR
Linda,Reynolds,lreynolds37@tripod.com,China,Female,Liujiagou,Aimbu,76775.66,CNY
Phillip,Hughes,phughes38@cbsnews.com,Mongolia,Male,Khujirt,Trunyx,67427.81,MNT
Louis,Garza,lgarza39@admin.ch,Indonesia,Male,Ngadri,Npath,,IDR
Emily,Sanchez,esanchez3a@hao123.com,Russia,Female,Vodstroy,Pixoboo,65782.49,RUB
Barbara,Thomas,bthomas3b@com.com,Colombia,Female,Calarcá,Rhynoodle,83873.17,COP
Kenneth,Garza,kgarza3c@naver.com,Libya,Male,At Tāj,Topicware,15378.09,LYD
Carlos,Wells,cwells3d@nationalgeographic.com,Guatemala,Male,San José El Ídolo,Pixoboo,67562.14,GTQ
Anne,Stone,astone3e@cdbaby.com,Uzbekistan,Female,Tomdibuloq,Meeveo,79874.51,UZS
Carolyn,Dunn,cdunn3f@quantcast.com,Czech Republic,Female,Rokytnice nad Jizerou,Photospace,,CZK
Roy,Myers,rmyers3g@bigcartel.com,China,Male,Shangyi,Mudo,99301.53,CNY
Jane,Garcia,jgarcia3h@reference.com,Belarus,Female,Baranovichi,Tagtune,87530.17,BYR
Emily,Garrett,egarrett3i@studiopress.com,Guam,Female,Asan-Maina Village,Kazu,10617.49,USD
Brian,Wheeler,bwheeler3j@globo.com,Palestinian Territory,Male,Immātīn,Edgeify,3043.84,ILS
Betty,Martin,bmartin3k@hhs.gov,China,Female,Taoxi,Gevee,97058.06,CNY
Cheryl,Mills,cmills3l@geocities.jp,Chile,Female,Quilpué,Skyble,26612.83,CLP
Frank,Montgomery,fmontgomery3m@netscape.com,Peru,Male,Marcabamba,Kanoodle,,PEN
Alice,Gordon,agordon3n@google.com.br,China,Female,Qiaotou,Kimia,54794.31,CNY
Julia,Crawford,jcrawford3o@mapquest.com,Brazil,Female,Campos Belos,Latz,93481.02,BRL
Bonnie,Long,blong3p@smugmug.com,Russia,Female,Saryg-Sep,Innotype,27418.08,RUB
Brian,Schmidt,bschmidt3q@surveymonkey.com,United States,Male,Boston,Thoughtblab,72795.16,USD
Jimmy,Moore,jmoore3r@europa.eu,Indonesia,Male,Rantaupanjangkiri,Rhyzio,10152.83,IDR
Henry,Banks,hbanks3s@fema.gov,China,Male,Huandiqiao,Eidel,73326.12,CNY
Sarah,Ferguson,sferguson3t@ed.gov,China,Female,Mingyihe,Jabbersphere,42096.77,CNY
Kathy,Castillo,kcastillo3u@unc.edu,Estonia,Female,Tabasalu,Trunyx,95549.91,EUR
Joyce,Ruiz,jruiz3v@yellowbook.com,Nigeria,Female,Gashua,Zava,24782.78,NGN
Norma,Washington,nwashington3w@time.com,Russia,Female,Novyy Oskol,Edgeblab,40602.97,RUB
Irene,Scott,iscott3x@w3.org,Bahamas,Female,George Town,Kayveo,12959.25,BSD
Annie,Johnson,ajohnson3y@tripod.com,Finland,Female,Asikkala,Linklinks,86532.53,EUR
Jesse,Carpenter,jcarpenter3z@ovh.net,China,Male,Changzhou,Jabbersphere,46075.08,CNY
Jennifer,Harrison,jharrison40@vkontakte.ru,Colombia,Female,María la Baja,Divape,98539.02,COP
Nicole,Garza,ngarza41@woothemes.com,Nigeria,Female,Ondo,Youspan,50045.39,NGN
Frank,Garcia,fgarcia42@rediff.com,Egypt,Male,Sharm el-Sheikh,DabZ,98267.35,EGP
Alan,Nelson,anelson43@dyndns.org,China,Male,Yutan,Jabberstorm,84339.85,CNY
Carl,Burns,cburns44@answers.com,China,Male,Mayingzhuang,Leenti,22671.63,CNY
Rachel,Gardner,rgardner45@paypal.com,Ethiopia,Female,Debre Mark’os,Gabtype,98704.34,ETB
Eugene,Wells,ewells46@washington.edu,Philippines,Male,San Celestio,Wordpedia,97767.61,PHP
Paula,Bradley,pbradley47@usda.gov,Kenya,Female,Isiolo,Yamia,,KES
Rachel,Bishop,rbishop48@xrea.com,China,Female,Qingyun,Twimm,,CNY
Nancy,Taylor,ntaylor49@oracle.com,China,Female,Baihe,Avamm,70114.19,CNY
Rose,Mitchell,rmitchell4a@dell.com,Sweden,Female,Norrköping,Fliptune,38325.64,SEK
Norma,Rice,nrice4b@goo.ne.jp,Dominican Republic,Female,Fantino,Mita,20700.10,DOP
Paula,Ray,pray4c@cmu.edu,France,Female,Salon-de-Provence,Oyoyo,56410.87,EUR
Jesse,Kelley,jkelley4d@canalblog.com,Madagascar,Male,Belo sur Tsiribihina,Rhyzio,34272.04,MGA
Doris,Ford,dford4e@house.gov,Portugal,Female,Boticas,Buzzdog,72166.45,EUR
Shawn,Gardner,sgardner4f@google.de,Russia,Male,Novokuz’minki,Minyx,60472.37,RUB
Gary,Wood,gwood4g@twitter.com,Ukraine,Male,Kozelets’,Rhynyx,30522.90,UAH
Amy,Taylor,ataylor4h@fc2.com,Russia,Female,Lyambir’,Digitube,73967.98,RUB
Norma,Hicks,nhicks4i@hatena.ne.jp,Japan,Female,Ashiya,Zoombeat,12451.00,JPY
Kimberly,Ortiz,kortiz4j@xing.com,Philippines,Female,Loay,Avamba,6312.02,PHP
Carolyn,Banks,cbanks4k@feedburner.com,Peru,Female,Huamali,Voonix,20927.69,PEN
Teresa,Arnold,tarnold4l@nytimes.com,Barbados,Female,Bridgetown,Babbleblab,53673.77,BBD
Christine,Gray,cgray4m@chron.com,United States,Female,Washington,Zoomlounge,27096.20,USD
Victor,Russell,vrussell4n@bluehost.com,Latvia,Male,Cesvaine,Skiptube,8351.79,EUR
Diane,Foster,dfoster4o@cmu.edu,Iran,Female,Mākū,Feedmix,34918.55,IRR
Mary,Cook,mcook4p@simplemachines.org,China,Female,Baisha,Digitube,44280.33,CNY
Fred,Murray,fmurray4q@state.tx.us,Armenia,Male,Sovetakan,Oodoo,784.06,AMD
Adam,Foster,afoster4r@feedburner.com,Argentina,Male,La Calera,Roomm,7259.53,ARS
Kenneth,Williamson,kwilliamson4s@unicef.org,Tunisia,Male,Béja,Minyx,3059.42,TND
Annie,Bennett,abennett4t@prlog.org,Colombia,Female,Funza,Devcast,88092.11,COP
Brenda,Burns,bburns4u@tinyurl.com,Iran,Female,Mīāndoāb,Oyoyo,24687.37,IRR
Clarence,Weaver,cweaver4v@aboutads.info,Poland,Male,Kolsko,Vinder,14104.11,PLN
Larry,Nguyen,lnguyen4w@ucoz.com,Luxembourg,Male,Bous,Devshare,31272.14,EUR
Jesse,Perez,jperez4x@springer.com,France,Male,Bressuire,Fliptune,,EUR
Louise,Reid,lreid4y@hubpages.com,Indonesia,Female,Hamberang Sabrang,Dynazzy,20084.70,IDR
Janice,Bell,jbell4z@unesco.org,Brazil,Female,Limoeiro do Norte,Jayo,95362.56,BRL
Cynthia,Brooks,cbrooks50@craigslist.org,Tunisia,Female,Tunis,Brightbean,10344.73,TND
Patrick,Roberts,proberts51@springer.com,Russia,Male,Privodino,Mynte,3827.84,RUB
Alan,Matthews,amatthews52@rakuten.co.jp,Angola,Male,Cabinda,Devcast,81549.63,AOA
Charles,Crawford,ccrawford53@constantcontact.com,Armenia,Male,Shenavan,Gigazoom,99219.60,AMD
Theresa,Gomez,tgomez54@blinklist.com,Brazil,Female,Carmo do Paranaíba,Chatterbridge,,BRL
Carlos,Johnston,cjohnston55@springer.com,Colombia,Male,Montería,Janyx,12305.15,COP
Joshua,Banks,jbanks56@google.it,Nicaragua,Male,Diriamba,Yozio,55902.40,NIO
Gary,Simmons,gsimmons57@tinyurl.com,Serbia,Male,Subotica,Livepath,48178.33,RSD
Sean,Nguyen,snguyen58@tamu.edu,Peru,Male,San Pablo,Aivee,4885.52,PEN
Katherine,Carpenter,kcarpenter59@ezinearticles.com,Brazil,Female,Teresópolis,Zoomdog,61537.07,BRL
Katherine,Porter,kporter5a@squarespace.com,Canada,Female,Pictou,Jaxbean,22836.55,CAD
Albert,Miller,amiller5b@noaa.gov,Ukraine,Male,Spas’ke,Yambee,17982.31,UAH
Jimmy,Ruiz,jruiz5c@ask.com,Philippines,Male,Agpangi,Yodoo,29945.37,PHP
Andrea,Washington,awashington5d@bloglovin.com,Mexico,Female,Emiliano Zapata,Oyoba,79624.80,MXN
Carol,Carroll,ccarroll5e@ning.com,Haiti,Female,Ouanaminthe,Abata,46134.86,HTG
Douglas,Palmer,dpalmer5f@lulu.com,Argentina,Male,Contraalmirante Cordero,Agimba,40565.92,ARS
Amanda,Lawrence,alawrence5g@symantec.com,China,Female,Wanzhi,Dynabox,16193.82,CNY
Earl,Hayes,ehayes5h@bbc.co.uk,Cameroon,Male,Mora,Thoughtblab,68774.63,XAF
Johnny,Stevens,jstevens5i@blogger.com,Mexico,Male,Fovissste,Eayo,31812.87,MXN
Cynthia,Frazier,cfrazier5j@intel.com,Portugal,Female,Peroguarda,Quire,49931.38,EUR
Rose,Robinson,rrobinson5k@dmoz.org,Croatia,Female,Gračac,Linkbuzz,30075.91,HRK
Teresa,Gray,tgray5l@woothemes.com,China,Female,Lian,Yabox,44398.12,CNY
Angela,Reyes,areyes5m@skyrock.com,China,Female,Qingyang,Meedoo,90387.40,CNY
Ronald,Smith,rsmith5n@nba.com,Philippines,Male,Santiago,Aivee,48121.74,PHP
Deborah,Riley,driley5o@unicef.org,China,Female,Hongyan,Voomm,49699.18,CNY
Betty,Andrews,bandrews5p@printfriendly.com,Russia,Female,Pionerskiy,Skyba,50735.57,RUB
Joshua,Wallace,jwallace5q@ycombinator.com,Chad,Male,Moundou,Leexo,28524.26,XAF
Linda,Mason,lmason5r@marriott.com,Mongolia,Female,Naran-mandokhu Somon,Edgetag,78367.82,MNT
Deborah,Simpson,dsimpson5s@zimbio.com,Russia,Female,Kropotkin,Thoughtstorm,54186.93,RUB
Virginia,Coleman,vcoleman5t@google.it,Colombia,Female,Cabuyaro,Meejo,66108.20,COP
Betty,Powell,bpowell5u@netlog.com,Portugal,Female,Vila Nova de Milfontes,Flashset,39790.39,EUR
Richard,Alexander,ralexander5v@ucoz.ru,Russia,Male,Pereslavl’-Zalesskiy,Skipfire,,RUB
Carl,Sanders,csanders5w@oakley.com,Kazakhstan,Male,Oytal,Innotype,53083.82,KZT
Ashley,Cook,acook5x@icq.com,Philippines,Female,Baracatan,Fivechat,79226.05,PHP
Barbara,Williamson,bwilliamson5y@w3.org,Poland,Female,Cisiec,Skyble,82081.37,PLN
Rebecca,Chavez,rchavez5z@google.fr,China,Female,Quanling,Quatz,51249.39,CNY
Sarah,Stanley,sstanley60@hexun.com,China,Female,Liudu,Oyope,64931.36,CNY
Patrick,Reid,preid61@cmu.edu,China,Male,Guxi,Kamba,47576.98,CNY
David,Gutierrez,dgutierrez62@trellian.com,Peru,Male,Limatambo,Skajo,34346.55,PEN
Carol,Jacobs,cjacobs63@nps.gov,Indonesia,Female,Muncar,Oloo,43821.58,IDR
Evelyn,Bell,ebell64@vistaprint.com,Indonesia,Female,Tertek,Dabvine,86626.69,IDR
Sarah,Edwards,sedwards65@redcross.org,China,Female,Fangzheng,Oloo,94104.06,CNY
Barbara,Alexander,balexander66@hibu.com,Yemen,Female,Ḩabbān,Realmix,46673.44,YER
William,Mccoy,wmccoy67@jiathis.com,Russia,Male,Sosnogorsk,Oyoloo,34994.58,RUB
Eric,Roberts,eroberts68@bing.com,Poland,Male,Pantalowice,Jabberstorm,90904.80,PLN
Jessica,Peterson,jpeterson69@pcworld.com,Serbia,Female,Pančevo,Kwilith,543.66,RSD
Earl,Rice,erice6a@patch.com,Philippines,Male,Tapilon,Thoughtstorm,78581.02,PHP
Emily,Meyer,emeyer6b@webeden.co.uk,Brazil,Female,Altamira,Jabbersphere,84876.04,BRL
Matthew,Fox,mfox6c@eventbrite.com,Peru,Male,Ihuari,Meeveo,93217.66,PEN
Jacqueline,Bishop,jbishop6d@ted.com,Indonesia,Female,Cileueur,Twiyo,78086.65,IDR
Cheryl,Wilson,cwilson6e@pagesperso-orange.fr,Argentina,Female,Pellegrini,Agivu,22561.33,ARS
Jeremy,Moore,jmoore6f@google.pl,Indonesia,Male,Kadukaung,Oyoloo,45597.18,IDR
Nicholas,Turner,nturner6g@forbes.com,Hungary,Male,Dunaújváros,Riffwire,39736.14,HUF
Paula,Kim,pkim6h@webs.com,Argentina,Female,San Nicolás de los Arroyos,Dynabox,11893.10,ARS
Sharon,Mills,smills6i@marriott.com,Brazil,Female,Barroso,Zooxo,84580.13,BRL
Richard,Ramos,rramos6j@webnode.com,Kyrgyzstan,Male,Bishkek,Aimbu,41768.12,KGS
John,Simmons,jsimmons6k@washingtonpost.com,Russia,Male,Vanino,Yakijo,42237.28,RUB
Martha,Harrison,mharrison6l@elegantthemes.com,China,Female,Yingtou,Demimbu,9647.56,CNY
Nancy,Perry,nperry6m@opera.com,China,Female,Tonggu,Kwilith,17631.69,CNY
Christopher,Nguyen,cnguyen6n@behance.net,Netherlands,Male,Apeldoorn,Lajo,90823.92,EUR
Maria,Richardson,mrichardson6o@hugedomains.com,China,Female,Tanghua,Photospace,42012.53,CNY
Rachel,Dean,rdean6p@uol.com.br,Armenia,Female,Aygavan,Mynte,38890.07,AMD
Carl,Chavez,cchavez6q@smh.com.au,Argentina,Male,Anguil,Fadeo,8395.03,ARS
Lois,Hall,lhall6r@comsenz.com,Thailand,Female,Wiang Nuea,Bluejam,14155.56,THB
Elizabeth,Henderson,ehenderson6s@yahoo.co.jp,Serbia,Female,Sakule,Fadeo,86703.19,RSD
Kenneth,Kim,kkim6t@macromedia.com,Indonesia,Male,Sobeok,Skyndu,53669.96,IDR
Irene,Lee,ilee6u@devhub.com,Peru,Female,Oropesa,Babbleblab,49885.07,PEN
Wayne,Bailey,wbailey6v@wsj.com,Russia,Male,Rumyantsevo,Talane,88921.62,RUB
Raymond,Mcdonald,rmcdonald6w@instagram.com,Ukraine,Male,Izyum,Cogidoo,43255.39,UAH
Jason,Rose,jrose6x@china.com.cn,United States,Male,Long Beach,Chatterbridge,69220.34,USD
Sharon,Hart,shart6y@mediafire.com,Thailand,Female,Wang Yang,Yata,76185.80,THB
Chris,Frazier,cfrazier6z@slate.com,China,Male,Langchi,Roombo,34721.36,CNY
Ronald,Perkins,rperkins70@craigslist.org,Russia,Male,Novominskaya,Podcat,74075.01,RUB
Ruby,Spencer,rspencer71@boston.com,Japan,Female,Yuzawa,Realcube,11063.31,JPY
Debra,Burns,dburns72@statcounter.com,Russia,Female,Novosineglazovskiy,Aimbu,4933.52,RUB
Shirley,Allen,sallen73@ebay.com,China,Female,Xixiang,Youopia,23615.31,CNY
Harold,Simmons,hsimmons74@illinois.edu,Luxembourg,Male,Erpeldange,Dynava,21210.18,EUR
Beverly,Nelson,bnelson75@amazon.de,Japan,Female,Innoshima,Wikido,29344.44,JPY
Judith,Nelson,jnelson76@nps.gov,Philippines,Female,San Pedro,Eabox,12658.43,PHP
Joseph,Taylor,jtaylor77@phoca.cz,Finland,Male,Kajaani,Vipe,14730.67,EUR
Craig,Ford,cford78@google.com.br,China,Male,Daxi,Skyble,29879.78,CNY
Benjamin,Olson,bolson79@sun.com,China,Male,Pengchang,Centidel,86456.16,CNY
Sarah,Graham,sgraham7a@techcrunch.com,Japan,Female,Katsuyama,Voomm,52455.23,JPY
Johnny,Morris,jmorris7b@mashable.com,Poland,Male,Korczyna,Tazzy,42199.44,PLN
Ann,Turner,aturner7c@plala.or.jp,Belize,Female,Belize City,InnoZ,39528.13,BZD
Todd,Fox,tfox7d@list-manage.com,China,Male,Jianli,Meetz,21142.28,CNY
Timothy,Hunter,thunter7e@sciencedirect.com,Russia,Male,Klyuchi,Yotz,,RUB
Michael,Bradley,mbradley7f@thetimes.co.uk,Zambia,Male,Sinazongwe,Brainlounge,75201.03,ZMW
Tina,Bishop,tbishop7g@dion.ne.jp,Indonesia,Female,Mandesan,Devpoint,8007.12,IDR
Bonnie,Watkins,bwatkins7h@youtube.com,Azerbaijan,Female,Agdzhabedy,Pixonyx,20451.51,AZN
Roy,Hayes,rhayes7i@zdnet.com,Indonesia,Male,Muncar,Feedfire,83865.08,IDR
Carl,Scott,cscott7j@pen.io,North Korea,Male,Kapsan-ŭp,Yodoo,11515.58,KPW
Melissa,Black,mblack7k@indiatimes.com,Russia,Female,Ilek,Trilia,11138.11,RUB
Robert,Richards,rrichards7l@amazon.com,Haiti,Male,Kenscoff,Kazio,23563.42,HTG
Kimberly,Oliver,koliver7m@hp.com,Philippines,Female,Calanogas,Yozio,80999.61,PHP
Ashley,Rogers,arogers7n@gmpg.org,Poland,Female,Kowalewo Pomorskie,Innotype,46030.23,PLN
Jeffrey,Butler,jbutler7o@google.nl,Indonesia,Male,Gondanglegi Wetan,Meetz,40264.46,IDR
Sarah,Williamson,swilliamson7p@umich.edu,Russia,Female,Uchaly,Kwimbee,36333.05,RUB
Emily,Wallace,ewallace7q@reverbnation.com,China,Female,Jieguanting,Demivee,8941.25,CNY
Cynthia,Flores,cflores7r@usatoday.com,China,Female,Qianjiang,Livetube,23064.81,CNY
Katherine,Miller,kmiller7s@chron.com,Jamaica,Female,Mt Peto,Topdrive,62710.10,JMD
Thomas,Arnold,tarnold7t@mail.ru,Indonesia,Male,Sumberagung,Devcast,4195.93,IDR
Bobby,Ellis,bellis7u@weather.com,Mauritius,Male,Triolet,Skipstorm,55328.40,MUR
Ashley,Thomas,athomas7v@yahoo.com,United Arab Emirates,Female,Dibba Al-Hisn,LiveZ,96754.84,AED
Lawrence,Mitchell,lmitchell7w@altervista.org,Indonesia,Male,Kedungbulu,Yadel,,IDR
Howard,Jordan,hjordan7x@newsvine.com,Mexico,Male,Benito Juarez,Dazzlesphere,70459.79,MXN
Carol,Patterson,cpatterson7y@auda.org.au,China,Female,Huanxi,Wordpedia,42926.81,CNY
Frank,Edwards,fedwards7z@surveymonkey.com,Indonesia,Male,Oeleu,Kaymbo,56998.79,IDR
Joe,Ramos,jramos80@house.gov,Russia,Male,Kulotino,Linkbridge,65045.22,RUB
Teresa,Wells,twells81@senate.gov,Sweden,Female,Munkedal,Feednation,5608.05,SEK
Louise,Watkins,lwatkins82@weebly.com,Egypt,Female,Al Quşayr,Lazz,52351.66,EGP
Harold,Bishop,hbishop83@pen.io,Indonesia,Male,Semongkat,Fiveclub,53325.81,IDR
Juan,Wilson,jwilson84@example.com,Honduras,Male,Potrerillos,Kazio,73350.00,HNL
Arthur,Lane,alane85@oakley.com,Albania,Male,Mesopotam,Meembee,37357.28,ALL
Pamela,Hicks,phicks86@google.es,Indonesia,Female,Jetak Kulon,Twitterbridge,,IDR
Amanda,Reid,areid87@ow.ly,Indonesia,Female,Siak Sri Indrapura,Gabtype,96576.59,IDR
Andrea,Jacobs,ajacobs88@eepurl.com,United States,Female,Cedar Rapids,Shufflester,58854.40,USD
Robin,Ryan,rryan89@behance.net,Indonesia,Female,Banjar Dukuh,Zoomzone,29265.77,IDR
Jeffrey,Lawrence,jlawrence8a@prweb.com,Russia,Male,Leninogorsk,Photospace,44725.44,RUB
Katherine,Vasquez,kvasquez8b@blogger.com,China,Female,Wu’erbu Baolige,Rhynoodle,92137.06,CNY
Steven,Hunter,shunter8c@instagram.com,Poland,Male,Brzeszcze,Katz,37782.01,PLN
Kathryn,Jackson,kjackson8d@pcworld.com,Brazil,Female,Cruzeiro,Agivu,,BRL
Louise,Jacobs,ljacobs8e@buzzfeed.com,Indonesia,Female,Pesagen,Cogilith,53637.31,IDR
Russell,Jacobs,rjacobs8f@dmoz.org,China,Male,Jianfeng,Kwinu,64007.96,CNY
Justin,Morgan,jmorgan8g@networksolutions.com,Greece,Male,Grammatikó,Tambee,4654.79,EUR
Howard,Marshall,hmarshall8h@pen.io,Georgia,Male,Khashuri,Thoughtblab,55169.69,GEL
Donna,Pierce,dpierce8i@sciencedaily.com,United States,Female,Miami,Pixope,,USD
Sharon,Weaver,sweaver8j@shutterfly.com,China,Female,Lhakangtang,Nlounge,88062.51,CNY
Bonnie,Turner,bturner8k@desdev.cn,Poland,Female,Tarczyn,Bluezoom,75346.18,PLN
Terry,Robertson,trobertson8l@exblog.jp,Portugal,Male,Peso da Régua,Tazz,13316.30,EUR
Frank,Welch,fwelch8m@xinhuanet.com,Nigeria,Male,Toungo,Buzzdog,65136.89,NGN
Jerry,Lee,jlee8n@theguardian.com,Netherlands,Male,Rosmalen,Fanoodle,28825.50,EUR
George,Stevens,gstevens8o@scribd.com,Portugal,Male,Moscavide,Dabshots,10186.85,EUR
Antonio,Olson,aolson8p@tinypic.com,Azerbaijan,Male,Sumqayıt,Flipopia,,AZN
Pamela,Meyer,pmeyer8q@mapy.cz,Poland,Female,Biała,Eazzy,63463.38,PLN
Chris,Wright,cwright8r@people.com.cn,United States,Male,Naples,Jamia,44207.45,USD
Janice,Wood,jwood8s@pagesperso-orange.fr,Philippines,Female,Balaoang,Divavu,62113.94,PHP
Shawn,Myers,smyers8t@abc.net.au,Morocco,Male,Amizmiz,Voomm,78106.87,MAD
Anna,Smith,asmith8u@storify.com,Argentina,Female,Villa Atamisqui,Edgepulse,15273.86,ARS
Roger,Hall,rhall8v@drupal.org,Ukraine,Male,Shakhtars’k,Tagopia,31979.76,UAH
Paul,Bishop,pbishop8w@xing.com,Serbia,Male,Aradac,Plambee,46785.49,RSD
Pamela,Ferguson,pferguson8x@hhs.gov,China,Female,Altay,Brightdog,,CNY
Joyce,Chavez,jchavez8y@businessweek.com,Uzbekistan,Female,Yangirabot,Camimbo,60563.92,UZS
Joan,White,jwhite8z@sina.com.cn,Ivory Coast,Female,Aboisso,Realmix,29317.21,XOF
Ernest,Bell,ebell90@hatena.ne.jp,Solomon Islands,Male,Gizo,Quinu,91684.48,SBD
Andrea,Perry,aperry91@ocn.ne.jp,France,Female,Rennes,Zoomlounge,91506.54,EUR
Ann,Richards,arichards92@mozilla.com,Peru,Female,San Jerónimo,Skimia,98078.46,PEN
Ryan,Lynch,rlynch93@w3.org,Brazil,Male,Aimorés,Twiyo,,BRL
George,Larson,glarson94@loc.gov,Russia,Male,Artybash,Fivebridge,32634.95,RUB
Denise,Johnson,djohnson95@usda.gov,China,Female,Yujia,Meevee,55911.02,CNY
Roy,Rodriguez,rrodriguez96@flickr.com,Colombia,Male,Lorica,Plambee,68413.97,COP
James,Henderson,jhenderson97@hp.com,China,Male,Souziqiu,Gigaclub,,CNY
Norma,Day,nday98@narod.ru,China,Female,Heyou,Livefish,81292.09,CNY
Patrick,Cunningham,pcunningham99@gov.uk,Guam,Male,Agat Village,Meevee,80962.50,USD
Kevin,Reyes,kreyes9a@upenn.edu,Albania,Male,Frakulla e Madhe,Yabox,13976.32,ALL
Janet,Oliver,joliver9b@so-net.ne.jp,Poland,Female,Kosów Lacki,Jetpulse,,PLN
Sara,Medina,smedina9c@homestead.com,South Korea,Female,Munsan,Devpoint,46716.66,KRW
Katherine,Mitchell,kmitchell9d@joomla.org,Philippines,Female,Pitogo,Ntag,26075.72,PHP
Kevin,Rivera,krivera9e@mapquest.com,Colombia,Male,Sampués,Linkbridge,,COP
Mildred,Spencer,mspencer9f@oakley.com,Slovenia,Female,Moste,Rhynoodle,36489.84,EUR
Joe,Welch,jwelch9g@who.int,Russia,Male,Orekhovo-Zuyevo,Skivee,22349.34,RUB
George,Sullivan,gsullivan9h@nytimes.com,Colombia,Male,La Esperanza,Dablist,,COP
Patricia,Long,plong9i@nba.com,Central African Republic,Female,Ndélé,Brightbean,63019.54,XAF
Randy,Duncan,rduncan9j@hexun.com,France,Male,Villejuif,Tambee,13261.70,EUR
Jennifer,Reid,jreid9k@gmpg.org,Greece,Female,Kerasochóri,Dabjam,29241.02,EUR
Wanda,Powell,wpowell9l@de.vu,Czech Republic,Female,Rtyně v Podkrkonoší,Eabox,69447.01,CZK
Theresa,Powell,tpowell9m@bandcamp.com,Kyrgyzstan,Female,Osh,Camido,12359.87,KGS
Pamela,Wright,pwright9n@edublogs.org,China,Female,Shuiyuesi,Buzzbean,16908.26,CNY
Bonnie,Wright,bwright9o@whitehouse.gov,Indonesia,Female,Tawangsari,Avaveo,84359.66,IDR
Ronald,Berry,rberry9p@homestead.com,Russia,Male,Malgobek,Mycat,38215.01,RUB
Denise,Peterson,dpeterson9q@arizona.edu,Philippines,Female,Guadalupe,Flashspan,72435.81,PHP
Ronald,Lawrence,rlawrence9r@rakuten.co.jp,Canada,Male,Virden,Jaxnation,,CAD
Victor,Nichols,vnichols9s@addthis.com,Malta,Male,Mellieħa,Jabberstorm,,EUR
Douglas,Diaz,ddiaz9t@xrea.com,Armenia,Male,Lukashin,Shufflester,94776.90,AMD
Douglas,Howell,dhowell9u@biglobe.ne.jp,China,Male,Hongjiang,Brainlounge,19816.00,CNY
Lori,Vasquez,lvasquez9v@tuttocitta.it,China,Female,Wuma,Rhycero,28008.21,CNY
Matthew,Peterson,mpeterson9w@illinois.edu,France,Male,Aix-en-Provence,Voonder,,EUR
Kelly,Burton,kburton9x@google.co.uk,Netherlands,Female,Dordrecht,Meevee,7736.68,EUR
Debra,Lopez,dlopez9y@howstuffworks.com,Peru,Female,Echarate,Skyvu,13156.27,PEN
Sandra,Medina,smedina9z@mysql.com,Indonesia,Female,Baganhilir,Quimm,61574.24,IDR
Joan,Williams,jwilliamsa0@va.gov,Sweden,Female,Göteborg,Linklinks,64238.29,SEK
Daniel,Martin,dmartina1@nifty.com,Sweden,Male,Norrtälje,Janyx,43957.11,SEK
Carol,Berry,cberrya2@nasa.gov,Russia,Female,Severo-Yeniseyskiy,Npath,4986.07,RUB
Peter,Freeman,pfreemana3@ftc.gov,Japan,Male,Ōkawa,Babbleopia,6179.22,JPY
Donald,Wheeler,dwheelera4@51.la,Indonesia,Male,Baroh,Chatterbridge,90592.66,IDR
Edward,Simmons,esimmonsa5@mapy.cz,Portugal,Male,Boco,Babbleopia,,EUR
Evelyn,Woods,ewoodsa6@nasa.gov,Canada,Female,Clarence-Rockland,Rhynoodle,36898.99,CAD
Cynthia,Richards,crichardsa7@purevolume.com,Czech Republic,Female,Staré Město,Voolia,98018.27,CZK
Frances,Morrison,fmorrisona8@cbc.ca,Poland,Female,Wróblew,Feednation,,PLN
Lori,Meyer,lmeyera9@eventbrite.com,Indonesia,Female,Wotsogo,Skynoodle,51076.73,IDR
Ralph,Shaw,rshawaa@samsung.com,South Korea,Male,Seongnam-si,Gigashots,15749.00,KRW
Clarence,Bishop,cbishopab@opensource.org,Indonesia,Male,Jeponkrajan,Jaxbean,32576.78,IDR
Ruth,Harvey,rharveyac@lulu.com,Russia,Female,Pashkovskiy,Wordtune,98414.24,RUB
Douglas,Ramos,dramosad@tiny.cc,Russia,Male,Poputnaya,Twimbo,763.42,RUB
Ruth,Hill,rhillae@artisteer.com,Germany,Female,Münster,Yamia,56524.82,EUR
Jessica,Grant,jgrantaf@pcworld.com,Angola,Female,Camacupa,Livepath,70459.81,AOA
Christopher,Ellis,cellisag@bloomberg.com,Indonesia,Male,Tasikmalaya,Brainsphere,40916.54,IDR
Ashley,Lewis,alewisah@twitter.com,China,Female,Qiaotou,Linkbuzz,71867.82,CNY
Margaret,Smith,msmithai@admin.ch,Mozambique,Female,Macia,Cogilith,54901.88,MZN
Judith,Porter,jporteraj@t.co,Indonesia,Female,Paloh,Skilith,63924.07,IDR
Gary,Carter,gcarterak@senate.gov,Syria,Male,Duwayr Raslān,Aivee,33104.09,SYP
Mary,Cook,mcookal@angelfire.com,United States,Female,Savannah,Kimia,75986.30,USD
Harry,Grant,hgrantam@ebay.co.uk,Russia,Male,Mochishche,Twitterbridge,92210.61,RUB
Joseph,Wagner,jwagneran@amazonaws.com,Chad,Male,Aozou,Centidel,63298.28,XAF
Jimmy,Cooper,jcooperao@rakuten.co.jp,Germany,Male,Berlin,Yakidoo,37765.37,EUR
Jonathan,Flores,jfloresap@ocn.ne.jp,Burkina Faso,Male,Ouagadougou,Abata,18454.79,XOF
Matthew,Crawford,mcrawfordaq@indiegogo.com,Russia,Male,Igrim,Skajo,,RUB
Barbara,Chavez,bchavezar@example.com,Indonesia,Female,Sere,Voonix,68229.49,IDR
Shawn,Ward,swardas@narod.ru,China,Male,Xumu,Dynabox,61057.44,CNY
Melissa,Jacobs,mjacobsat@wikimedia.org,Argentina,Female,Cipolletti,Fivechat,97588.44,ARS
Emily,Fernandez,efernandezau@house.gov,China,Female,Sankeng,Buzzdog,80335.24,CNY
Brenda,Montgomery,bmontgomeryav@qq.com,Poland,Female,Klimontów,Gabtune,89118.28,PLN
Pamela,Walker,pwalkeraw@omniture.com,Netherlands,Female,'s-Hertogenbosch,Devify,89981.29,EUR
Victor,Fox,vfoxax@rediff.com,Russia,Male,Sosnovoborsk,Gigazoom,90580.40,RUB
Roger,Price,rpriceay@yahoo.co.jp,Mexico,Male,Morelos,Thoughtblab,86532.86,MXN
Walter,Stanley,wstanleyaz@de.vu,Portugal,Male,Vide,Skimia,2232.95,EUR
Wayne,Jones,wjonesb0@whitehouse.gov,Kenya,Male,Kakamega,Quatz,,KES
Larry,Fields,lfieldsb1@csmonitor.com,China,Male,Jiehu,Dabvine,,CNY
Craig,Spencer,cspencerb2@wordpress.com,China,Male,Nehe,Dabjam,8012.75,CNY
Chris,Rogers,crogersb3@economist.com,China,Male,Huangjin,Yombu,32903.19,CNY
Brenda,Mills,bmillsb4@myspace.com,Russia,Female,Novoderevyankovskaya,Eadel,10462.03,RUB
Janet,Welch,jwelchb5@nymag.com,Greece,Female,Diónysos,LiveZ,10895.08,EUR
Joshua,Chavez,jchavezb6@home.pl,Canada,Male,Saint-Bruno,Meevee,,CAD
Ruth,Ross,rrossb7@icio.us,Indonesia,Female,Nempel,Kazu,51781.04,IDR
Douglas,Crawford,dcrawfordb8@whitehouse.gov,China,Male,Gangdong,Roodel,,CNY
Jack,Olson,jolsonb9@cnbc.com,Sweden,Male,Skellefteå,Edgeify,29492.13,SEK
Kathryn,Franklin,kfranklinba@ted.com,Indonesia,Female,Sedatiagung,Realfire,,IDR
Martin,Carroll,mcarrollbb@dagondesign.com,Colombia,Male,Argelia,Babbleopia,93434.95,COP
Philip,Allen,pallenbc@google.ca,Nicaragua,Male,El Rosario,Zoomcast,45336.67,NIO
Scott,Gonzales,sgonzalesbd@cargocollective.com,United States,Male,Detroit,Muxo,18105.68,USD
Wanda,Fowler,wfowlerbe@netvibes.com,France,Female,Montesson,Meejo,58965.66,EUR
Julie,Cole,jcolebf@sun.com,Russia,Female,Marks,Meemm,59703.68,RUB
John,Smith,jsmithbg@smugmug.com,China,Male,Wuying,Thoughtbridge,17710.32,CNY
Benjamin,Scott,bscottbh@exblog.jp,China,Male,Tianmuhu,Latz,7234.79,CNY
Gerald,Mills,gmillsbi@google.com.hk,Sweden,Male,Hässelby,Meemm,32061.51,SEK
Jane,Davis,jdavisbj@flavors.me,Philippines,Female,Baquero Norte,Mymm,72113.31,PHP
Nancy,Alexander,nalexanderbk@theatlantic.com,Philippines,Female,Magsaysay,Oyope,33037.98,PHP
Louise,Welch,lwelchbl@slideshare.net,China,Female,Shuangxi,Thoughtworks,30025.81,CNY
Steve,Miller,smillerbm@i2i.jp,Indonesia,Male,Birowo,Yotz,9942.42,IDR
Heather,Thompson,hthompsonbn@ucsd.edu,Pakistan,Female,Shorko,Skimia,3677.81,PKR
Brian,Rose,brosebo@netscape.com,Indonesia,Male,Kuningan,Cogibox,,IDR
Aaron,Daniels,adanielsbp@ow.ly,Canada,Male,North Vancouver,Trupe,33080.76,CAD
Ernest,Gilbert,egilbertbq@netvibes.com,Philippines,Male,Santa Praxedes,Trilia,63576.56,PHP
Christine,Mitchell,cmitchellbr@squidoo.com,Indonesia,Female,Kajisara,Lazz,,IDR
Eugene,Banks,ebanksbs@usa.gov,Philippines,Male,Panalingaan,Reallinks,14738.25,PHP
Ryan,Ray,rraybt@ox.ac.uk,Philippines,Male,Kalbugan,Photobug,75695.51,PHP
Debra,Butler,dbutlerbu@sourceforge.net,China,Female,Boyu,Eabox,14505.68,CNY
Andrew,Richardson,arichardsonbv@sina.com.cn,China,Male,Daxindian,Yombu,35316.68,CNY
Julie,Coleman,jcolemanbw@npr.org,Indonesia,Female,Pedamaran,Skyble,,IDR
Charles,Ray,craybx@webs.com,Honduras,Male,El Rancho,Brainverse,8951.37,HNL
Lori,Ward,lwardby@gizmodo.com,China,Female,Hengfeng,Demimbu,82985.88,CNY
Shirley,Kim,skimbz@hp.com,China,Female,Zhonghouhe,Podcat,,CNY
Jack,Webb,jwebbc0@uol.com.br,Philippines,Male,Dimataling,Twiyo,71574.30,PHP
Annie,Frazier,afrazierc1@google.nl,Russia,Female,Berezayka,Yambee,22609.24,RUB
Timothy,Chavez,tchavezc2@odnoklassniki.ru,Indonesia,Male,Kapunduk,Babblestorm,13055.27,IDR
Emily,Holmes,eholmesc3@blog.com,Indonesia,Female,Banyulegi,Kaymbo,52197.92,IDR
Patricia,Mitchell,pmitchellc4@chron.com,Canada,Female,North York,Lazz,,CAD
Christina,Fisher,cfisherc5@goo.gl,Yemen,Female,Qa‘ţabah,Jabberstorm,40906.15,YER
Adam,Riley,arileyc6@paypal.com,Ireland,Male,Boyle,Browsetype,75690.08,EUR
Cynthia,Jenkins,cjenkinsc7@freewebs.com,Russia,Female,Pogranichnyy,Flipbug,26812.09,RUB
Jerry,Shaw,jshawc8@si.edu,Croatia,Male,Bestovje,Tagpad,64345.52,HRK
John,Sims,jsimsc9@icio.us,United States,Male,Salt Lake City,Fiveclub,68761.08,USD
Wayne,Berry,wberryca@clickbank.net,Thailand,Male,Khok Charoen,Wikizz,97326.49,THB
Angela,Mccoy,amccoycb@vinaora.com,Canada,Female,West Kelowna,Meevee,675.82,CAD
Carl,Gomez,cgomezcc@yahoo.co.jp,Saint Martin,Male,Marigot,Quatz,64139.58,EUR
Tina,Riley,trileycd@eepurl.com,Bulgaria,Female,Sevlievo,Skivee,73230.63,BGN
James,Sanders,jsandersce@imdb.com,Bolivia,Male,Samaipata,Kaymbo,77159.44,BOB
Mildred,Carroll,mcarrollcf@bravesites.com,Uganda,Female,Gulu,Linkbridge,29138.16,UGX
Virginia,Dean,vdeancg@histats.com,Poland,Female,Chociwel,Wikizz,80984.20,PLN
Barbara,Martin,bmartinch@google.es,China,Female,Laoxingchang,Browseblab,,CNY
Carlos,Elliott,celliottci@biblegateway.com,United States,Male,Milwaukee,Dabvine,,USD
Gloria,Myers,gmyerscj@bing.com,Peru,Female,Combapata,Edgeclub,22371.74,PEN
Antonio,Reid,areidck@aboutads.info,France,Male,Nice,Divape,35700.93,EUR
Kathy,Bowman,kbowmancl@latimes.com,China,Female,Changbao,Edgeclub,189.68,CNY
Evelyn,Moore,emoorecm@nasa.gov,Colombia,Female,Piojó,Demizz,18836.50,COP
Wayne,Hernandez,whernandezcn@reuters.com,China,Male,Xibu,Janyx,45311.70,CNY
Wanda,Wheeler,wwheelerco@nih.gov,China,Female,Ala,Jayo,24194.58,CNY
Katherine,Sims,ksimscp@nsw.gov.au,Angola,Female,Cuito,Yakitri,18318.82,AOA
Eugene,Woods,ewoodscq@prnewswire.com,Russia,Male,Psygansu,Dabshots,39597.08,RUB
Janet,Campbell,jcampbellcr@google.fr,New Zealand,Female,Lower Hutt,Janyx,99508.06,NZD
Robin,Watson,rwatsoncs@nhs.uk,China,Female,Jiangzhou,Divape,49465.92,CNY
Timothy,Ryan,tryanct@hibu.com,China,Male,Qinxi,Quinu,39875.34,CNY
Denise,Armstrong,darmstrongcu@shareasale.com,Panama,Female,La Peña,Gigashots,2740.45,PAB
Jeffrey,Morales,jmoralescv@mtv.com,Argentina,Male,Termas de Río Hondo,Feedfire,90417.04,ARS
Timothy,Harrison,tharrisoncw@is.gd,Philippines,Male,Balibago,Vinte,85549.40,PHP
Raymond,Crawford,rcrawfordcx@over-blog.com,United States,Male,Orlando,Mynte,57114.16,USD
Craig,Weaver,cweavercy@wired.com,Czech Republic,Male,Zbiroh,Blognation,72608.84,CZK
Linda,Hamilton,lhamiltoncz@163.com,Afghanistan,Female,Khānaqāh,Jetpulse,26220.41,AFN
Earl,Powell,epowelld0@4shared.com,Mauritius,Male,Port Louis,Zoozzy,11832.48,MUR
Jose,Elliott,jelliottd1@theatlantic.com,Ukraine,Male,Mala Danylivka,BlogXS,49522.06,UAH
Johnny,Perkins,jperkinsd2@newsvine.com,Thailand,Male,Ban Talat Nua,Pixope,76250.78,THB
Irene,Nguyen,inguyend3@ocn.ne.jp,Russia,Female,Khlevnoye,Meevee,53657.56,RUB
Ernest,Mendoza,emendozad4@tumblr.com,Philippines,Male,Apitong,Zoonoodle,31429.28,PHP
Alice,Nichols,anicholsd5@simplemachines.org,Russia,Female,Sysert’,Blogspan,25134.40,RUB
Annie,Armstrong,aarmstrongd6@slideshare.net,Indonesia,Female,Tasikmalaya,Thoughtblab,83302.72,IDR
Tina,Griffin,tgriffind7@wunderground.com,Sweden,Female,Vellinge,Voolia,84665.71,SEK
Douglas,Armstrong,darmstrongd8@squidoo.com,Russia,Male,Novogireyevo,Eabox,64830.08,RUB
Jonathan,Fuller,jfullerd9@hud.gov,Chad,Male,Bousso,Babblestorm,,XAF
Brandon,Oliver,boliverda@globo.com,Sweden,Male,Vimmerby,Twinte,,SEK
Louise,Morrison,lmorrisondb@biblegateway.com,Jordan,Female,Aqaba,Wordify,8344.51,JOD
George,Reynolds,greynoldsdc@paypal.com,Philippines,Male,Union,Podcat,76659.46,PHP
Jesse,Perry,jperrydd@google.com.br,Vietnam,Male,Vân Tùng,Quimm,83211.99,VND
Anthony,Reed,areedde@msn.com,Greece,Male,Tríkeri,Twitterlist,,EUR
Ruby,Morgan,rmorgandf@networksolutions.com,Ukraine,Female,Korets’,Babbleset,761.87,UAH
Christopher,Chavez,cchavezdg@nsw.gov.au,United States,Male,Washington,Teklist,50605.98,USD
Jacqueline,Jacobs,jjacobsdh@blogs.com,Greece,Female,Kastélli,Livetube,19813.37,EUR
Doris,Montgomery,dmontgomerydi@cafepress.com,China,Female,Tuojiang,Kazu,41691.69,CNY
Doris,Romero,dromerodj@mozilla.org,Japan,Female,Kawaguchi,Twiyo,90406.98,JPY
Mark,Black,mblackdk@opera.com,Panama,Male,Las Minas,Blogpad,58922.53,PAB
Scott,Harrison,sharrisondl@fema.gov,Poland,Male,Tarnowskie Góry,Realmix,11765.54,PLN
Benjamin,Ray,braydm@github.com,Russia,Male,Mosal’sk,Photobug,19088.00,RUB
Jesse,Watkins,jwatkinsdn@yahoo.co.jp,Portugal,Male,Capela,Yabox,98672.90,EUR
Jerry,Martinez,jmartinezdo@cisco.com,United States,Male,Waco,Wordware,70707.54,USD
Ruby,Taylor,rtaylordp@squidoo.com,Japan,Female,Hamamatsu,Meevee,79722.63,JPY
Gloria,Arnold,garnolddq@ed.gov,Portugal,Female,Mosteirô,Demivee,66416.42,EUR
Anne,Fuller,afullerdr@springer.com,Hungary,Female,Budapest,Realbridge,23856.89,HUF
Douglas,Morris,dmorrisds@pagesperso-orange.fr,Thailand,Male,Nong Khaem,Skidoo,79196.03,THB
Mary,Perkins,mperkinsdt@foxnews.com,China,Female,Baihua,Brainbox,86869.91,CNY
Clarence,Fisher,cfisherdu@microsoft.com,Norway,Male,Steinkjer,Jaxspan,11022.36,NOK
Juan,Porter,jporterdv@gov.uk,Russia,Male,Sokolovyy,Skimia,40525.67,RUB
John,George,jgeorgedw@weebly.com,Philippines,Male,Karungdong,Youopia,45269.16,PHP
Justin,Ford,jforddx@sina.com.cn,Palestinian Territory,Male,Ḩuwwārah,Edgewire,,ILS
Patrick,Wheeler,pwheelerdy@t-online.de,Japan,Male,Nishio,Brainlounge,,JPY
Marilyn,Butler,mbutlerdz@yahoo.com,Sweden,Female,Tyringe,Brainlounge,26786.20,SEK
Janice,Bradley,jbradleye0@admin.ch,Sweden,Female,Stockholm,Jabberbean,20583.41,SEK
Julia,Banks,jbankse1@example.com,Hungary,Female,Szombathely,Quaxo,34157.79,HUF
Justin,Jones,jjonese2@ucla.edu,China,Male,Baishi,Skipfire,96119.78,CNY
Denise,Carr,dcarre3@example.com,Russia,Female,Pokrov,Realbridge,,RUB
Jeffrey,Daniels,jdanielse4@1und1.de,Greece,Male,Patrída,Gabcube,9117.84,EUR
Judy,Diaz,jdiaze5@tiny.cc,Sweden,Female,Falun,Nlounge,52987.98,SEK
Brian,Cook,bcooke6@w3.org,Indonesia,Male,Asan Kumbang,Wikizz,58858.85,IDR
Christine,Carpenter,ccarpentere7@wunderground.com,Sweden,Female,Stockholm,Skyndu,64717.20,SEK
Diana,Stephens,dstephense8@uiuc.edu,Philippines,Female,Ampatuan,Wordtune,67056.69,PHP
Charles,Fields,cfieldse9@sakura.ne.jp,Albania,Male,Moglicë,Brightbean,60300.38,ALL
Jean,Franklin,jfranklinea@chron.com,South Africa,Female,Bothaville,Meetz,12119.39,ZAR
Juan,Chavez,jchavezeb@ebay.com,Poland,Male,Brzozów,Wordpedia,17046.27,PLN
Albert,Clark,aclarkec@nationalgeographic.com,Mexico,Male,Linda Vista,Dabvine,45712.47,MXN
Bobby,Baker,bbakered@reverbnation.com,Brazil,Male,Pedro Leopoldo,Photobug,87802.00,BRL
Jacqueline,Torres,jtorresee@businesswire.com,Guadeloupe,Female,Pointe-à-Pitre,Quamba,1635.71,EUR
Karen,Walker,kwalkeref@parallels.com,Philippines,Female,Ibung,Livepath,33168.65,PHP
Gregory,Parker,gparkereg@mtv.com,Peru,Male,Carhuac,Brainbox,15824.64,PEN
Linda,Berry,lberryeh@ustream.tv,Russia,Female,Novocherkassk,Youspan,9282.22,RUB
Craig,White,cwhiteei@symantec.com,French Polynesia,Male,Papeete,Fivebridge,21844.34,XPF
Dorothy,Clark,dclarkej@xinhuanet.com,Indonesia,Female,Bangbayang,Twinder,1670.38,IDR
Michael,Oliver,moliverek@netlog.com,China,Male,Wuyanquan,Tagfeed,84317.03,CNY
Cynthia,Perez,cperezel@wufoo.com,United States,Female,Baltimore,Voonyx,19962.07,USD
Edward,Griffin,egriffinem@taobao.com,China,Male,Gongming,Oyoba,51938.39,CNY
Carlos,Jones,cjonesen@tamu.edu,Dominican Republic,Male,San Francisco de Macorís,Yodoo,51704.20,DOP
Stephanie,Cole,scoleeo@vimeo.com,China,Female,Zhamog,Rhyloo,9456.60,CNY
Anna,Perez,aperezep@ox.ac.uk,Sweden,Female,Täby,Babbleblab,13616.47,SEK
David,Little,dlittleeq@163.com,Palestinian Territory,Male,Khursā,Flashset,33515.20,ILS
Kathy,Stewart,kstewarter@facebook.com,Portugal,Female,Fornelos,Zoovu,95779.92,EUR
Tina,Fernandez,tfernandezes@newyorker.com,Indonesia,Female,Suwatu,Roombo,84026.80,IDR
Andrew,Day,adayet@chron.com,China,Male,Beicheng,Mydo,82353.60,CNY
Anna,Campbell,acampbelleu@yellowpages.com,Pakistan,Female,Toba Tek Singh,Trupe,64025.34,PKR
Wanda,Cunningham,wcunninghamev@twitpic.com,China,Female,Weihe,Feedbug,84264.16,CNY
Helen,Stephens,hstephensew@baidu.com,China,Female,Zhongshan,Oyoba,92256.94,CNY
Lois,Jenkins,ljenkinsex@wikispaces.com,Turkmenistan,Female,Annau,Podcat,797.40,TMT
Martin,Morris,mmorrisey@nifty.com,Portugal,Male,Cabriz,Fivespan,,EUR
Jason,Powell,jpowellez@is.gd,China,Male,Taozhuang,Jetpulse,55195.72,CNY
Bonnie,King,bkingf0@hc360.com,Tunisia,Female,Al Maşdūr,Muxo,93987.30,TND
Antonio,Fernandez,afernandezf1@goodreads.com,Argentina,Male,Achiras,Twitterlist,3809.34,ARS
Donna,Hunter,dhunterf2@pagesperso-orange.fr,Portugal,Female,Macedo de Cavaleiros,Eabox,87534.70,EUR
Fred,Sanders,fsandersf3@ameblo.jp,Poland,Male,Głogówek,Skyba,2633.17,PLN
Thomas,Warren,twarrenf4@harvard.edu,China,Male,Hanjianglu,Yodoo,77372.03,CNY
Wanda,Foster,wfosterf5@reuters.com,Serbia,Female,Lok,Skinix,2588.86,RSD
Christina,Long,clongf6@craigslist.org,Denmark,Female,København,Riffwire,,DKK
Jimmy,Davis,jdavisf7@studiopress.com,Poland,Male,Narew,Einti,65376.95,PLN
Eric,Fernandez,efernandezf8@europa.eu,China,Male,Heishui,Pixonyx,99224.75,CNY
Michael,Dunn,mdunnf9@nasa.gov,El Salvador,Male,Antiguo Cuscatlán,Jabbersphere,19749.31,USD
Ann,Rodriguez,arodriguezfa@bbc.co.uk,Brazil,Female,Jequitinhonha,Wikizz,77345.17,BRL
Matthew,Burton,mburtonfb@about.com,Brazil,Male,Macaíba,Livetube,95909.46,BRL
Kelly,Grant,kgrantfc@etsy.com,Peru,Female,Limatambo,Omba,,PEN
Philip,Wright,pwrightfd@marriott.com,Peru,Male,Llipa,Linkbridge,63851.55,PEN
Denise,Rodriguez,drodriguezfe@php.net,Switzerland,Female,Zürich,Realbuzz,1519.57,CHF
Linda,Medina,lmedinaff@myspace.com,China,Female,Sancha,Trupe,80047.30,CNY
Arthur,Torres,atorresfg@guardian.co.uk,Finland,Male,Tampere,Voomm,11665.55,EUR
Robert,Nelson,rnelsonfh@nature.com,Poland,Male,Wyśmierzyce,Shufflebeat,73014.18,PLN
Fred,Jenkins,fjenkinsfi@surveymonkey.com,China,Male,Yushugou,Skinte,9933.58,CNY
John,Chavez,jchavezfj@bloomberg.com,Portugal,Male,Mujães,Realcube,56135.51,EUR
Peter,Scott,pscottfk@desdev.cn,Brazil,Male,Iporá,Bubblebox,86156.20,BRL
Frances,Holmes,fholmesfl@salon.com,France,Female,Lille,Innojam,600.86,EUR
Rebecca,Perkins,rperkinsfm@123-reg.co.uk,Portugal,Female,Silveiros,Aibox,72492.88,EUR
Julia,Cunningham,jcunninghamfn@bloglines.com,Sweden,Female,Nossebro,Shuffletag,22181.89,SEK
Ruth,Simpson,rsimpsonfo@boston.com,United States,Female,Detroit,Realbuzz,68305.91,USD
Steven,Gray,sgrayfp@yandex.ru,Brazil,Male,Penha,Dabvine,52808.04,BRL
Juan,Crawford,jcrawfordfq@stumbleupon.com,Nicaragua,Male,Puerto Cabezas,Ntag,91137.80,NIO
Ryan,Harvey,rharveyfr@youtu.be,Philippines,Male,Seres,Browsebug,96358.68,PHP
Jeffrey,Morrison,jmorrisonfs@twitter.com,United States,Male,Albany,Tavu,46753.36,USD
Roy,White,rwhiteft@reverbnation.com,Russia,Male,Zainsk,Zoomlounge,38680.06,RUB
Todd,Rodriguez,trodriguezfu@statcounter.com,Brazil,Male,Camaçari,Skipstorm,63881.92,BRL
Chris,Ray,crayfv@cyberchimps.com,Ecuador,Male,Eloy Alfaro,Topiczoom,89178.63,USD
Nicholas,Hill,nhillfw@fotki.com,China,Male,Shuangxikou,Teklist,22580.47,CNY
Daniel,Bennett,dbennettfx@hugedomains.com,Philippines,Male,Batarasa,Meemm,86262.10,PHP
Robin,Griffin,rgriffinfy@usa.gov,Norway,Female,Oslo,Bluejam,68206.26,NOK
Randy,Mcdonald,rmcdonaldfz@cnet.com,China,Male,Nanjie,Feednation,88772.94,CNY
Jason,Perry,jperryg0@msn.com,Poland,Male,Sarnów,Ainyx,52051.44,PLN
Douglas,Nichols,dnicholsg1@aol.com,China,Male,Dengmingsi,Avamm,69699.25,CNY
Ronald,Allen,ralleng2@delicious.com,Mexico,Male,Luis Donaldo Colosio,Jatri,15869.33,MXN
Carol,Boyd,cboydg3@linkedin.com,Italy,Female,Firenze,Oyoba,,EUR
Louise,Jenkins,ljenkinsg4@ebay.com,Indonesia,Female,Sidoger Lebak,Dabshots,55896.12,IDR
Henry,Grant,hgrantg5@hibu.com,Philippines,Male,Maluko,Livetube,2359.72,PHP
Henry,Porter,hporterg6@weibo.com,Finland,Male,Kontiolahti,Brainbox,72013.07,EUR
Gregory,Hunter,ghunterg7@ycombinator.com,China,Male,Heiheba,Oyondu,3037.25,CNY
Laura,Larson,llarsong8@privacy.gov.au,Albania,Female,Kashar,Flipopia,73051.60,ALL
Clarence,Foster,cfosterg9@dropbox.com,Ecuador,Male,La Libertad,Edgeclub,41511.53,USD
Nicholas,Hansen,nhansenga@desdev.cn,Uganda,Male,Amolatar,Rhyloo,70598.20,UGX
Benjamin,Cruz,bcruzgb@gizmodo.com,Peru,Male,Pacaraos,Thoughtstorm,35738.62,PEN
Rebecca,Parker,rparkergc@nyu.edu,Argentina,Female,Villa Atamisqui,Rhybox,82724.76,ARS
Kimberly,Henry,khenrygd@alexa.com,Thailand,Female,Ratchasan,Yombu,62068.59,THB
Brenda,Dixon,bdixonge@fotki.com,Brazil,Female,Campos Novos,Thoughtsphere,3157.72,BRL
Carlos,Carpenter,ccarpentergf@nasa.gov,Indonesia,Male,Jember,Divanoodle,41128.65,IDR
Henry,Hart,hhartgg@cpanel.net,Philippines,Male,Montecillo,Jabberbean,76909.62,PHP
Lori,Clark,lclarkgh@wordpress.com,Indonesia,Female,Cikadu,Twinder,84914.36,IDR
Alice,Arnold,aarnoldgi@google.com.hk,Netherlands,Female,Almere Haven,Yamia,24063.59,EUR
Diane,Turner,dturnergj@toplist.cz,China,Female,Yingcheng,Skidoo,83296.26,CNY
Lawrence,Lewis,llewisgk@un.org,Colombia,Male,Patía,Reallinks,34012.22,COP
Steve,Carpenter,scarpentergl@cam.ac.uk,Mexico,Male,La Soledad,Skyba,56914.55,MXN
Kelly,Morgan,kmorgangm@usgs.gov,Brazil,Female,Andradas,Kaymbo,4075.78,BRL
Louise,Garcia,lgarciagn@smugmug.com,France,Female,Strasbourg,Skajo,9043.07,EUR
Stephanie,Schmidt,sschmidtgo@google.cn,United States,Female,Lincoln,Realfire,8312.84,USD
Randy,Murphy,rmurphygp@wikia.com,Peru,Male,Mariposa,Brainsphere,63760.41,PEN
Bobby,Reid,breidgq@seesaa.net,Russia,Male,Burla,Yodo,1231.27,RUB
Ronald,Palmer,rpalmergr@xinhuanet.com,Indonesia,Male,Jajarkrajan,Topicware,20344.62,IDR
Jack,Graham,jgrahamgs@godaddy.com,Indonesia,Male,Pangkungparuk,Oyoyo,87910.19,IDR
Douglas,Cruz,dcruzgt@wikimedia.org,South Africa,Male,Phalaborwa,Zoonder,76974.32,ZAR
Anne,Rogers,arogersgu@jiathis.com,Bosnia and Herzegovina,Female,Careva Ćuprija,Wordpedia,,BAM
Larry,Cox,lcoxgv@hibu.com,China,Male,Yangping,Jabbertype,11138.32,CNY
Peter,Wood,pwoodgw@netvibes.com,Ukraine,Male,Subottsi,Yakidoo,23988.72,UAH
Jerry,Welch,jwelchgx@reddit.com,Australia,Male,Sydney South,Dynava,45097.18,AUD
Edward,Davis,edavisgy@ehow.com,Brazil,Male,Pimenta Bueno,Npath,41517.65,BRL
Willie,Jordan,wjordangz@seattletimes.com,China,Male,Chengzhong,Youspan,61431.39,CNY
Diana,Stephens,dstephensh0@chronoengine.com,Iraq,Female,Nāḩiyat Hīrān,Mybuzz,90564.64,IQD
Denise,Mitchell,dmitchellh1@shutterfly.com,Brazil,Female,Serra Negra,Flipbug,,BRL
Nicole,Stephens,nstephensh2@biblegateway.com,Panama,Female,El Espino,Quimm,62345.25,PAB
Michael,Moore,mmooreh3@hc360.com,Brazil,Male,Araxá,Yambee,68074.80,BRL
Theresa,Bradley,tbradleyh4@sourceforge.net,Venezuela,Female,San Francisco,Thoughtbeat,44710.75,VEF
Brian,Lawson,blawsonh5@economist.com,Czech Republic,Male,Bystřany,Jazzy,60501.00,CZK
Christina,Nguyen,cnguyenh6@naver.com,Philippines,Female,Tuburan,Skyvu,53457.13,PHP
Aaron,Bell,abellh7@pen.io,Indonesia,Male,Tuwa,Zoonder,58107.02,IDR
Virginia,Garcia,vgarciah8@sitemeter.com,Philippines,Female,Pañgobilian,Centidel,49142.21,PHP
Louise,Martinez,lmartinezh9@fema.gov,Greece,Female,Lakkíon,Youfeed,93480.18,EUR
Cheryl,Robinson,crobinsonha@squidoo.com,Indonesia,Female,Kalianget,Aimbu,22799.44,IDR
Irene,Tucker,ituckerhb@google.es,Mongolia,Female,Sharga,Dablist,48817.72,MNT
Lisa,Hunt,lhunthc@parallels.com,Serbia,Female,Sremčica,Centimia,95928.62,RSD
Stephanie,Collins,scollinshd@dedecms.com,Iran,Female,Abū Mūsā,Quinu,62861.93,IRR
Victor,Wright,vwrighthe@uol.com.br,Sweden,Male,Stockholm,Mydeo,26825.35,SEK
Craig,Hanson,chansonhf@addthis.com,Thailand,Male,Nakhon Ratchasima,Devpulse,31468.20,THB
Kimberly,Hayes,khayeshg@bravesites.com,Russia,Female,Novyy Uoyan,Vinte,22955.01,RUB
Judy,Wright,jwrighthh@usatoday.com,Ukraine,Female,Staryy Saltiv,Twitterwire,37713.38,UAH
Rachel,Adams,radamshi@sogou.com,Australia,Female,Hobart,Cogilith,15122.45,AUD
Margaret,Elliott,melliotthj@yelp.com,Slovenia,Female,Pesnica pri Mariboru,Yakijo,37287.97,EUR
William,Gordon,wgordonhk@cocolog-nifty.com,Estonia,Male,Maardu,Skajo,273.92,EUR
Lisa,Tucker,ltuckerhl@instagram.com,China,Female,Xin’andu,Ailane,81427.61,CNY
Julia,Ramirez,jramirezhm@techcrunch.com,Poland,Female,Sokółka,Photobug,85537.22,PLN
Louis,Garcia,lgarciahn@intel.com,Pakistan,Male,Kot Sultan,Twinte,20928.84,PKR
Joe,Rodriguez,jrodriguezho@imgur.com,Iran,Male,Shahrīār,Dabfeed,60667.69,IRR
Mark,Castillo,mcastillohp@cornell.edu,Latvia,Male,Rucava,Katz,61711.99,EUR
Eric,Sanders,esandershq@reference.com,China,Male,Futian,Edgewire,22089.93,CNY
George,Fisher,gfisherhr@cmu.edu,Bangladesh,Male,Muktāgācha,Muxo,9173.71,BDT
Sarah,Bradley,sbradleyhs@blogs.com,China,Female,Shigu,Jaxworks,61013.32,CNY
Bruce,Ortiz,bortizht@usgs.gov,China,Male,Banqiao,Eadel,68052.97,CNY
Theresa,Elliott,telliotthu@google.nl,China,Female,Jiacun,Skyble,48877.33,CNY
Paula,Stone,pstonehv@php.net,China,Female,Shangjin,Jetpulse,27181.58,CNY
Mark,Spencer,mspencerhw@sfgate.com,China,Male,Xinghe Chengguanzhen,Podcat,98996.78,CNY
Douglas,Mills,dmillshx@pbs.org,Nigeria,Male,Nkpor,Bubbletube,,NGN
Shawn,Lee,sleehy@google.it,Mexico,Male,Magisterial,Quamba,,MXN
Donald,Bailey,dbaileyhz@altervista.org,North Korea,Male,Ŭiju,InnoZ,13438.92,KPW
Eugene,Bryant,ebryanti0@ebay.co.uk,Russia,Male,Diveyevo,Omba,16453.90,RUB
Howard,Arnold,harnoldi1@berkeley.edu,France,Male,Longwy,Tagtune,69657.36,EUR
Dennis,Mason,dmasoni2@ocn.ne.jp,Lebanon,Male,Sîr ed Danniyé,Eabox,47219.37,LBP
Susan,Ray,srayi3@tinypic.com,Poland,Female,Szczecin,Kwimbee,34170.94,PLN
William,Austin,waustini4@deliciousdays.com,Indonesia,Male,Kaca,Aimbu,56960.61,IDR
Catherine,Johnston,cjohnstoni5@elpais.com,Indonesia,Female,Sinarjaya,Skyba,41036.35,IDR
Donna,Smith,dsmithi6@google.cn,Ukraine,Female,Blyznyuky,Gevee,68329.02,UAH
James,Green,jgreeni7@gmpg.org,France,Male,Soissons,Quatz,60205.46,EUR
Diana,Bowman,dbowmani8@alibaba.com,Indonesia,Female,Tangerang,Blognation,,IDR
Peter,Thomas,pthomasi9@myspace.com,Philippines,Male,Alegria,Eidel,71813.96,PHP
Margaret,Hayes,mhayesia@wikia.com,Indonesia,Female,Ujungpangkah,Centimia,12309.26,IDR
Larry,Ruiz,lruizib@elpais.com,Thailand,Male,Chaem Luang,Pixoboo,96977.21,THB
Irene,Marshall,imarshallic@example.com,China,Female,Xuebu,Gigazoom,,CNY
Teresa,Hunt,thuntid@comsenz.com,China,Female,Xinglongchang,Bluejam,5549.98,CNY
Scott,Snyder,ssnyderie@yellowbook.com,Philippines,Male,Hermosa,Digitube,53012.60,PHP
Jose,Rogers,jrogersif@ocn.ne.jp,China,Male,Nanjin,Aivee,73018.69,CNY
Joan,Fernandez,jfernandezig@cbslocal.com,China,Female,Guanlu,Fadeo,16810.71,CNY
Jeffrey,Howard,jhowardih@over-blog.com,Iran,Male,Jahrom,Edgetag,34477.20,IRR
Diane,Anderson,dandersonii@cdbaby.com,Nigeria,Female,Oyan,Jayo,96826.55,NGN
Matthew,Coleman,mcolemanij@mac.com,Mexico,Male,San Jose,Skimia,27172.33,MXN
Paula,Price,ppriceik@aol.com,Russia,Female,Rybatskoye,Zoomcast,77215.23,RUB
Jonathan,Shaw,jshawil@eepurl.com,Russia,Male,Dubna,Npath,29128.07,RUB
Kathleen,Carter,kcarterim@usatoday.com,China,Female,Xinghai,Jayo,3526.68,CNY
Christopher,Williams,cwilliamsin@rediff.com,Central African Republic,Male,Rafaï,Livepath,35425.49,XAF
Marie,Ramos,mramosio@google.de,France,Female,Maisons-Alfort,Bluejam,49249.87,EUR
Lois,Myers,lmyersip@photobucket.com,China,Female,Juancheng,Thoughtstorm,33591.27,CNY
Tammy,Clark,tclarkiq@unblog.fr,New Zealand,Female,Wanganui,Voonyx,86919.95,NZD
Henry,Mccoy,hmccoyir@csmonitor.com,Norway,Male,Oslo,Katz,,NOK
Victor,Fernandez,vfernandezis@noaa.gov,Poland,Male,Bolesławiec,Pixoboo,38754.20,PLN
Patrick,Hawkins,phawkinsit@virginia.edu,Colombia,Male,Los Córdobas,Browsetype,89913.30,COP
Debra,Adams,dadamsiu@devhub.com,Kazakhstan,Female,Shemonaīkha,Livetube,15566.07,KZT
Nicholas,Montgomery,nmontgomeryiv@zimbio.com,Sweden,Male,Mariestad,Roombo,52723.11,SEK
Phyllis,Harvey,pharveyiw@biglobe.ne.jp,Lithuania,Female,Skuodas,Pixope,87869.24,LTL
Martha,Sanders,msandersix@discuz.net,Indonesia,Female,Tanahmerah,Skipfire,63357.26,IDR
Gary,Fowler,gfowleriy@blogger.com,Syria,Male,Sabbah,Minyx,75626.20,SYP
Joyce,Scott,jscottiz@sitemeter.com,Greece,Female,Árgos,Dynabox,4523.29,EUR
Kimberly,Coleman,kcolemanj0@reddit.com,Sweden,Female,Kista,Jamia,40074.30,SEK
Douglas,Welch,dwelchj1@merriam-webster.com,Colombia,Male,Nunchía,Aivee,51245.25,COP
Angela,Butler,abutlerj2@telegraph.co.uk,Czech Republic,Female,Příbram,Ntag,27301.05,CZK
Stephanie,Mendoza,smendozaj3@eepurl.com,Germany,Female,Mülheim an der Ruhr,Reallinks,,EUR
Michelle,Castillo,mcastilloj4@uiuc.edu,Belarus,Female,Loyew,Jaxbean,77304.84,BYR
Sarah,Williams,swilliamsj5@zdnet.com,South Africa,Female,Tembisa,Zoonoodle,47109.36,ZAR
Gregory,Sims,gsimsj6@naver.com,Portugal,Male,Cete,Rhyzio,1679.57,EUR
Victor,Chapman,vchapmanj7@hao123.com,Indonesia,Male,Kraton,Browsecat,54549.59,IDR
Ann,Schmidt,aschmidtj8@loc.gov,Poland,Female,Kamieniec Ząbkowicki,Feedbug,22708.02,PLN
Katherine,Coleman,kcolemanj9@ustream.tv,China,Female,Shuidun,Skiptube,89809.38,CNY
Laura,Perry,lperryja@parallels.com,China,Female,Zhenlong,Zoonoodle,53098.29,CNY
Victor,Coleman,vcolemanjb@techcrunch.com,Afghanistan,Male,Karukh,Bubblebox,8009.33,AFN
Brenda,Hudson,bhudsonjc@yandex.ru,China,Female,Qiping,Feedfish,90105.23,CNY
John,West,jwestjd@scribd.com,Russia,Male,Pyshchug,Thoughtbridge,64099.25,RUB
Chris,Moreno,cmorenoje@is.gd,China,Male,Yongping,Vinte,71059.81,CNY
Andrea,Morgan,amorganjf@reddit.com,China,Female,Chaodi,Voomm,56294.75,CNY
Donald,Nguyen,dnguyenjg@usgs.gov,Namibia,Male,Ondangwa,Meevee,,NAD
Theresa,Thompson,tthompsonjh@csmonitor.com,Philippines,Female,Banquero,Mita,65100.15,PHP
Sandra,Palmer,spalmerji@about.me,Libya,Female,Mişrātah,Quatz,70777.16,LYD
Angela,Reed,areedjj@ehow.com,China,Female,Shiqiao,Blogpad,37133.19,CNY
Juan,Fuller,jfullerjk@washingtonpost.com,Argentina,Male,Río Tercero,Avamm,79249.62,ARS
Ernest,West,ewestjl@vkontakte.ru,Serbia,Male,Varna,Browseblab,20586.41,RSD
Evelyn,Harvey,eharveyjm@state.tx.us,Indonesia,Female,Oli,Ailane,54942.60,IDR
Roy,Cruz,rcruzjn@samsung.com,Philippines,Male,Tubajon,Mybuzz,23950.27,PHP
Lillian,Rivera,lriverajo@apple.com,Poland,Female,Januszkowice,Flipstorm,99536.96,PLN
Amanda,Miller,amillerjp@instagram.com,Brazil,Female,Abreu e Lima,Zoovu,85276.28,BRL
Jennifer,Garza,jgarzajq@ox.ac.uk,United States,Female,San Diego,Gabcube,4352.53,USD
Timothy,Mason,tmasonjr@addthis.com,Indonesia,Male,Penisihan,Edgetag,69234.48,IDR
Andrew,Burton,aburtonjs@blogspot.com,South Korea,Male,Pubal,Chatterpoint,50696.06,KRW
Susan,Brooks,sbrooksjt@phpbb.com,Ukraine,Female,Pidvolochys’k,Skimia,47122.92,UAH
Melissa,Palmer,mpalmerju@mapy.cz,Poland,Female,Bartniczka,Tazzy,53299.63,PLN
Earl,Willis,ewillisjv@spotify.com,Netherlands,Male,Bussum,Topicblab,81164.89,EUR
Robin,Harrison,rharrisonjw@themeforest.net,Japan,Female,Tomiya,Brainsphere,14542.50,JPY
Kenneth,Hamilton,khamiltonjx@dyndns.org,Thailand,Male,Loei,Yadel,,THB
David,Cox,dcoxjy@ow.ly,Egypt,Male,Al Manzilah,Youbridge,,EGP
Harold,Gilbert,hgilbertjz@homestead.com,Estonia,Male,Viljandi,Miboo,668.43,EUR
Jerry,Wilson,jwilsonk0@ask.com,Russia,Male,Verkhnevilyuysk,Dabfeed,,RUB
Patricia,White,pwhitek1@sohu.com,Tunisia,Female,Al Metlaoui,Voonder,89153.65,TND
Jerry,Reyes,jreyesk2@spotify.com,China,Male,Hengdaohezi,Vidoo,95309.27,CNY
Marilyn,Hernandez,mhernandezk3@oaic.gov.au,Guatemala,Female,El Jícaro,Yodoo,,GTQ
Timothy,Knight,tknightk4@businessinsider.com,Brazil,Male,Cajueiro,Pixonyx,24567.18,BRL
Kathleen,Chavez,kchavezk5@apple.com,China,Female,Haimen,Zoomdog,71479.25,CNY
Phyllis,Lawrence,plawrencek6@archive.org,Tanzania,Female,Nkove,Minyx,26465.45,TZS
Christina,Chapman,cchapmank7@prweb.com,Russia,Female,Kangalassy,Yombu,7739.60,RUB
Jesse,Cruz,jcruzk8@yale.edu,Armenia,Male,Hovtamej,Brainsphere,,AMD
Kathleen,Chavez,kchavezk9@yellowbook.com,Malaysia,Female,Klang,Dynava,82151.68,MYR
Joan,Peterson,jpetersonka@umich.edu,China,Female,Guohua,Skinte,90702.27,CNY
Betty,Jackson,bjacksonkb@ft.com,Philippines,Female,Carmen,Gabvine,45182.27,PHP
Amanda,Hudson,ahudsonkc@wunderground.com,Pakistan,Female,Talhār,Voonix,,PKR
Benjamin,Little,blittlekd@icq.com,China,Male,Zhumadian,Gigazoom,67662.40,CNY
Tammy,Gomez,tgomezke@geocities.com,Switzerland,Female,Basel,Livetube,81425.08,CHF
Martha,King,mkingkf@dion.ne.jp,Sweden,Female,Nybro,Tagchat,54987.32,SEK
George,Nelson,gnelsonkg@pagesperso-orange.fr,Lithuania,Male,Vievis,Quimm,,LTL
Irene,Lawson,ilawsonkh@oakley.com,Dominican Republic,Female,Nizao,Dabvine,53433.15,DOP
Marie,Mitchell,mmitchellki@google.pl,China,Female,Huangze,Youopia,43106.08,CNY
Jennifer,Chavez,jchavezkj@nsw.gov.au,Philippines,Female,Odiongan,Jamia,,PHP
Jennifer,Lane,jlanekk@reddit.com,Ivory Coast,Female,Odienné,Blogtag,33430.13,XOF
Edward,Mccoy,emccoykl@quantcast.com,Netherlands,Male,Doetinchem,BlogXS,89584.36,EUR
Ann,Richardson,arichardsonkm@tmall.com,Madagascar,Female,Vangaindrano,Avamba,54419.99,MGA
Ann,Ryan,aryankn@squarespace.com,Iran,Female,Solţānābād,Tagopia,45780.04,IRR
Jeffrey,Jenkins,jjenkinsko@cdc.gov,Moldova,Male,Cimişlia,Fivespan,24137.06,MDL
Lillian,Sims,lsimskp@reuters.com,Brazil,Female,Panambi,Muxo,24182.17,BRL
Henry,Carpenter,hcarpenterkq@linkedin.com,Cyprus,Male,Famagusta,Gabspot,63011.08,EUR
Karen,Rodriguez,krodriguezkr@shutterfly.com,China,Female,Qiaodi,Meetz,27569.01,CNY
Katherine,Boyd,kboydks@hud.gov,Ethiopia,Female,Giyon,Jaxworks,12485.08,ETB
Ruth,Morrison,rmorrisonkt@soup.io,Indonesia,Female,Buluh Kasap,Edgeclub,,IDR
Betty,Cook,bcookku@abc.net.au,Portugal,Female,Souto,Topdrive,46198.98,EUR
Edward,Alvarez,ealvarezkv@delicious.com,Bosnia and Herzegovina,Male,Ugljevik,BlogXS,3906.67,BAM
Paul,Rose,prosekw@senate.gov,Japan,Male,Shimoda,Dabvine,,JPY
Diane,Watkins,dwatkinskx@netlog.com,Kazakhstan,Female,Shu,Zoombeat,28729.04,KZT
Beverly,Stanley,bstanleyky@netlog.com,Portugal,Female,Refojos,Plambee,96135.73,EUR
Carl,Woods,cwoodskz@indiegogo.com,China,Male,Shanban,Aivee,83361.46,CNY
Patrick,Arnold,parnoldl0@princeton.edu,China,Male,Ninghai,Shuffletag,78869.57,CNY
Sarah,Wells,swellsl1@histats.com,Azerbaijan,Female,Mingelchaur,Tanoodle,18036.37,AZN
Cheryl,Gardner,cgardnerl2@aboutads.info,Malaysia,Female,Kuala Lumpur,Mita,23110.01,MYR
Ernest,Richardson,erichardsonl3@infoseek.co.jp,Philippines,Male,Concepcion,Voonte,29962.48,PHP
Kenneth,Richardson,krichardsonl4@hexun.com,Argentina,Male,Bahía Blanca,Mydo,20688.61,ARS
Clarence,Wood,cwoodl5@ycombinator.com,France,Male,Saint-Maur-des-Fossés,Photojam,25725.85,EUR
Henry,Arnold,harnoldl6@mac.com,Malta,Male,Kerċem,Kwinu,65670.36,EUR
Kevin,Martinez,kmartinezl7@tumblr.com,Paraguay,Male,Santa Rita,Tagfeed,35989.17,PYG
Cynthia,Kim,ckiml8@washington.edu,Ireland,Female,Athlone,Omba,28448.74,EUR
Joe,Black,jblackl9@oakley.com,Spain,Male,Donostia-San Sebastian,Photobug,35573.95,EUR
Jane,Smith,jsmithla@etsy.com,Comoros,Female,Ivouani,Gabtype,23198.40,KMF
Mary,Mendoza,mmendozalb@edublogs.org,Serbia,Female,Šimanovci,Skivee,26704.83,RSD
Wanda,Lewis,wlewislc@bbc.co.uk,Greece,Female,Símantra,Omba,,EUR
Jane,Perez,jperezld@va.gov,China,Female,Lugang,Livepath,11271.86,CNY
Rachel,Hanson,rhansonle@edublogs.org,Philippines,Female,Bitaogan,Wordtune,,PHP
Bruce,Perez,bperezlf@tinyurl.com,France,Male,Évreux,Twitterbeat,45413.05,EUR
Brian,Robertson,brobertsonlg@trellian.com,Portugal,Male,Veiros,Skalith,15809.66,EUR
Katherine,Dean,kdeanlh@kickstarter.com,Philippines,Female,Cawayan,Flashdog,99759.86,PHP
Walter,Burton,wburtonli@ucoz.com,Peru,Male,Duraznopampa,Youfeed,40295.39,PEN
Carlos,Knight,cknightlj@nymag.com,Indonesia,Male,Terang,Buzzbean,,IDR
Joyce,Carr,jcarrlk@histats.com,Yemen,Female,Şuwayr,Twimm,28051.44,YER
Janet,Reed,jreedll@angelfire.com,Argentina,Female,Tres Arroyos,Tanoodle,,ARS
Jennifer,Carter,jcarterlm@delicious.com,Germany,Female,Stuttgart,Buzzdog,59255.11,EUR
Kevin,Smith,ksmithln@moonfruit.com,Sweden,Male,Kalmar,Skipstorm,72179.82,SEK
Andrew,Stewart,astewartlo@alexa.com,Brazil,Male,Esperantina,Babbleblab,20080.71,BRL
Christina,Palmer,cpalmerlp@quantcast.com,China,Female,Bailai,Youtags,71579.15,CNY
Anne,Henderson,ahendersonlq@admin.ch,Indonesia,Female,Batanamang,Jaloo,86778.53,IDR
Jean,Henderson,jhendersonlr@google.co.jp,Poland,Female,Brody,Zava,72118.07,PLN
Debra,Greene,dgreenels@ow.ly,Russia,Female,Vrangel’,Browsezoom,76714.62,RUB
Randy,Long,rlonglt@accuweather.com,Brazil,Male,Gravataí,BlogXS,57918.95,BRL
Roy,Holmes,rholmeslu@surveymonkey.com,Colombia,Male,Fosca,Pixoboo,61032.70,COP
Stephen,Clark,sclarklv@google.co.jp,Poland,Male,Chełmża,Meedoo,38134.55,PLN
Antonio,Ross,arosslw@msn.com,China,Male,Dongshentou,Jabbertype,62898.90,CNY
Dennis,Stanley,dstanleylx@amazon.co.jp,Pakistan,Male,Kot Sultan,Centizu,48390.28,PKR
Jack,Gomez,jgomezly@samsung.com,Puerto Rico,Male,San Juan,Oozz,44101.11,USD
Teresa,Boyd,tboydlz@time.com,Indonesia,Female,Sumberwaru,Eamia,34986.85,IDR
Cheryl,Grant,cgrantm0@boston.com,Portugal,Female,Serzedo,Gigashots,36808.68,EUR
Paula,Hayes,phayesm1@prnewswire.com,Poland,Female,Syców,Wikido,17152.91,PLN
Louise,Henderson,lhendersonm2@admin.ch,Somalia,Female,Baidoa,Cogibox,90725.00,SOS
Jerry,Kennedy,jkennedym3@pcworld.com,Cuba,Male,San Miguel del Padrón,Buzzshare,68601.72,CUP
Russell,Lewis,rlewism4@ameblo.jp,Bulgaria,Male,Vratsa,Zava,48637.65,BGN
Albert,Fox,afoxm5@unc.edu,Indonesia,Male,Wewoloe,Linkbridge,82959.52,IDR
Cheryl,Austin,caustinm6@senate.gov,Indonesia,Female,Sawahan,Rhybox,584.19,IDR
Raymond,Wells,rwellsm7@ca.gov,Indonesia,Male,Bantardawa,Minyx,,IDR
Richard,Jordan,rjordanm8@soup.io,China,Male,Budayuan,Youspan,48891.21,CNY
Ryan,Holmes,rholmesm9@desdev.cn,Indonesia,Male,Cemplang,Yozio,89624.92,IDR
Marilyn,Williamson,mwilliamsonma@clickbank.net,Mongolia,Female,Bulag,Oozz,12767.03,MNT
Paul,Kim,pkimmb@devhub.com,Afghanistan,Male,Būrkah,Skyndu,51832.47,AFN
Samuel,Scott,sscottmc@cbc.ca,Russia,Male,Kazanskoye,Geba,71504.77,RUB
Raymond,Webb,rwebbmd@sciencedirect.com,Guatemala,Male,San Miguel Chicaj,Yabox,18817.34,GTQ
Johnny,Martinez,jmartinezme@4shared.com,France,Male,Caluire-et-Cuire,Dabtype,34161.72,EUR
Patricia,Ellis,pellismf@china.com.cn,Portugal,Female,Pedro Miguel,Roodel,17426.94,EUR
Louise,Ray,lraymg@ucla.edu,Greece,Female,Áyioi Apóstoloi,Trilia,78878.70,EUR
Gary,Austin,gaustinmh@alibaba.com,China,Male,Xomong,Agimba,3060.29,CNY
Jessica,Thomas,jthomasmi@ebay.co.uk,Colombia,Female,Baraya,Roombo,74015.82,COP
Jack,Castillo,jcastillomj@goodreads.com,Mozambique,Male,Xai-Xai,Oozz,45445.50,MZN
Wanda,Nichols,wnicholsmk@unblog.fr,El Salvador,Female,Santiago de María,Buzzbean,50396.15,USD
Ann,Ramos,aramosml@cafepress.com,Poland,Female,Ćmielów,Yambee,94304.78,PLN
Angela,Martinez,amartinezmm@thetimes.co.uk,China,Female,Beichengqu,Brainbox,65749.62,CNY
Craig,Crawford,ccrawfordmn@cdbaby.com,Indonesia,Male,Krajan Waturoyo,Kamba,,IDR
Frances,Howard,fhowardmo@nytimes.com,Peru,Female,Barranca,Flipstorm,,PEN
Judith,Gonzales,jgonzalesmp@nyu.edu,Syria,Female,Al Qamşīyah,Mydeo,87954.52,SYP
Robin,Tucker,rtuckermq@nytimes.com,Mexico,Female,Rancho Viejo,Wikizz,29972.95,MXN
Lawrence,Jackson,ljacksonmr@china.com.cn,Czech Republic,Male,Ledeč nad Sázavou,Reallinks,74874.73,CZK
Sharon,Ferguson,sfergusonms@archive.org,Germany,Female,Witzenhausen,Edgepulse,14591.19,EUR
Rachel,Nichols,rnicholsmt@arstechnica.com,Brazil,Female,Garibaldi,Realbridge,14512.22,BRL
Roger,Matthews,rmatthewsmu@woothemes.com,Kenya,Male,Mombasa,Divape,62271.17,KES
Martin,Tucker,mtuckermv@yelp.com,China,Male,Shimen,Flipbug,70154.44,CNY
Ashley,Bishop,abishopmw@ifeng.com,China,Female,Longlou,Gabtune,67541.19,CNY
Louis,Reed,lreedmx@hatena.ne.jp,Belarus,Male,Blon’,Eayo,45216.83,BYR
Sharon,Murray,smurraymy@google.fr,Czech Republic,Female,Strážnice,Skibox,56321.46,CZK
Kevin,Mendoza,kmendozamz@360.cn,Portugal,Male,Banzão,Divavu,866.03,EUR
Patricia,Thomas,pthomasn0@ftc.gov,Mongolia,Female,Altay sumu,Buzzdog,49121.33,MNT
Raymond,Ferguson,rfergusonn1@freewebs.com,Russia,Male,Belyye Berega,Twitternation,58816.85,RUB
Ashley,Franklin,afranklinn2@fastcompany.com,Japan,Female,Itō,Flashpoint,,JPY
Katherine,Powell,kpowelln3@example.com,Russia,Female,Suponevo,Twitternation,55025.70,RUB
Ruth,Henderson,rhendersonn4@nih.gov,South Korea,Female,Uijeongbu-si,Quaxo,63956.75,KRW
Robin,Peters,rpetersn5@imageshack.us,Philippines,Female,Maninihon,Oba,,PHP
Douglas,Freeman,dfreemann6@samsung.com,France,Male,Nice,Feedmix,83487.56,EUR
Ann,Parker,aparkern7@oakley.com,China,Female,Yangxi,Dynazzy,31853.83,CNY
Alice,Gonzalez,agonzalezn8@list-manage.com,China,Female,Nantian,Ozu,87308.98,CNY
Tammy,Hansen,thansenn9@rediff.com,Uganda,Female,Hoima,Tagfeed,44318.64,UGX
Juan,Spencer,jspencerna@harvard.edu,United States,Male,Dallas,Realpoint,27094.01,USD
Ronald,Warren,rwarrennb@last.fm,France,Male,Poissy,Quire,63512.81,EUR
Jeffrey,Gibson,jgibsonnc@huffingtonpost.com,Sudan,Male,Ar Rahad,Fivechat,70995.15,SDG
Brandon,Wright,bwrightnd@instagram.com,Philippines,Male,Muñoz East,Thoughtbridge,98143.05,PHP
Frank,Payne,fpaynene@unblog.fr,Indonesia,Male,Siluman,Blogtag,6448.79,IDR
Lawrence,Ray,lraynf@cpanel.net,China,Male,Xiaolou,Leenti,46063.26,CNY
Ernest,Mills,emillsng@furl.net,Argentina,Male,Bella Vista,Browsebug,57406.90,ARS
Maria,Cox,mcoxnh@themeforest.net,Czech Republic,Female,Batelov,Eimbee,38708.21,CZK
Anna,Barnes,abarnesni@dell.com,Poland,Female,Wrocław,Avamm,19572.97,PLN
Jeremy,Coleman,jcolemannj@blogtalkradio.com,Czech Republic,Male,Postoloprty,Lajo,25374.08,CZK
Mildred,Martin,mmartinnk@netlog.com,Malaysia,Female,Alor Setar,Skivee,38293.94,MYR
Gerald,Scott,gscottnl@list-manage.com,China,Male,Nanhai,Twitterwire,24842.72,CNY
Ernest,Dixon,edixonnm@walmart.com,China,Male,Xingong,Vinder,44980.99,CNY
Brian,Ellis,bellisnn@bing.com,Thailand,Male,Sakon Nakhon,Roomm,94680.70,THB
Martha,Fowler,mfowlerno@cam.ac.uk,Indonesia,Female,Muara,Skimia,45494.75,IDR
Stephanie,Chapman,schapmannp@japanpost.jp,Argentina,Female,San Antonio de los Cobres,Skivee,4803.70,ARS
Carol,Collins,ccollinsnq@clickbank.net,Philippines,Female,Cabanbanan,Vinder,16835.89,PHP
Billy,Gardner,bgardnernr@dyndns.org,Indonesia,Male,Sumberkemuning,Topiczoom,88040.03,IDR
Bonnie,Pierce,bpiercens@ox.ac.uk,Poland,Female,Skwierzyna,Photospace,92075.37,PLN
Earl,Lawson,elawsonnt@ehow.com,France,Male,Montpellier,Skyba,46173.27,EUR
Joseph,Burke,jburkenu@sohu.com,China,Male,Meilin,Trupe,,CNY
Annie,Carr,acarrnv@google.com,Russia,Female,Vostochnyy,Katz,76287.06,RUB
Louis,Woods,lwoodsnw@answers.com,Russia,Male,Svetogorsk,Babbleopia,43300.58,RUB
Marilyn,Nguyen,mnguyennx@com.com,Canada,Female,Bonavista,Devbug,27739.13,CAD
Paula,Chapman,pchapmanny@ucoz.ru,Peru,Female,Ccuntuma,Shufflester,8399.29,PEN
Carl,Jones,cjonesnz@imdb.com,Ukraine,Male,Mahdalynivka,Flipopia,30490.67,UAH
Lillian,Martinez,lmartinezo0@weebly.com,China,Female,Yangxi,Blogspan,32837.19,CNY
Dennis,Cunningham,dcunninghamo1@geocities.com,Poland,Male,Czchów,Skyndu,85614.56,PLN
Kenneth,Johnston,kjohnstono2@elegantthemes.com,Indonesia,Male,Cipari,Jabbersphere,92369.43,IDR
Antonio,Hansen,ahanseno3@rambler.ru,Philippines,Male,Napuro,Dablist,96006.05,PHP
Sean,Willis,swilliso4@themeforest.net,Poland,Male,Grabica,Vinte,,PLN
Louise,Butler,lbutlero5@wp.com,China,Female,Gegu,Zava,,CNY
Virginia,Adams,vadamso6@ycombinator.com,Brazil,Female,Morro Agudo,Fanoodle,24674.75,BRL
Stephanie,Nguyen,snguyeno7@usa.gov,Philippines,Female,Hingatungan,Twitterworks,71132.42,PHP
Douglas,Pierce,dpierceo8@oracle.com,Suriname,Male,Paramaribo,Meembee,26933.57,SRD
Wayne,Murphy,wmurphyo9@hostgator.com,Peru,Male,Huata,Viva,29372.23,PEN
Juan,Reyes,jreyesoa@wikispaces.com,Sweden,Male,Norrköping,Leenti,,SEK
Shawn,Walker,swalkerob@canalblog.com,Poland,Male,Jutrosin,Youspan,90944.02,PLN
Billy,Cruz,bcruzoc@utexas.edu,France,Male,Orléans,Tagchat,32965.86,EUR
Elizabeth,Romero,eromerood@cyberchimps.com,Philippines,Female,Payabon,Ozu,14379.58,PHP
Jacqueline,Freeman,jfreemanoe@mapquest.com,Indonesia,Female,Motong,Twinder,,IDR
Anna,Hawkins,ahawkinsof@twitter.com,China,Female,Yezhi,Camimbo,82191.86,CNY
Debra,Stone,dstoneog@artisteer.com,Poland,Female,Łużna,Voonix,69319.12,PLN
Anne,Brown,abrownoh@ft.com,China,Female,Tuhe,Twimbo,23135.51,CNY
Laura,Peterson,lpetersonoi@state.gov,Argentina,Female,General Manuel J. Campos,Ozu,40797.32,ARS
Stephanie,Dunn,sdunnoj@businessweek.com,China,Female,Denglong,Brainlounge,40491.80,CNY
Louis,Nichols,lnicholsok@statcounter.com,Indonesia,Male,Andir,Zoomzone,50936.20,IDR
Anthony,Wells,awellsol@wikispaces.com,Ukraine,Male,Komarno,Blognation,95249.01,UAH
Jane,Wright,jwrightom@google.co.jp,Finland,Female,Pernå,Demimbu,31675.70,EUR
Michael,Richards,mrichardson@amazon.co.jp,Indonesia,Male,Balong Wetan,Topiczoom,10139.76,IDR
Terry,Wallace,twallaceoo@a8.net,Brazil,Male,Orlândia,Camido,49.14,BRL
Harry,Murray,hmurrayop@posterous.com,Zimbabwe,Male,Insiza,Rhyloo,58576.34,ZWL
Irene,Stewart,istewartoq@omniture.com,Ukraine,Female,Horodyshche,Zoomzone,75848.38,UAH
Keith,Anderson,kandersonor@cdc.gov,Philippines,Male,Cartagena,Innotype,27944.16,PHP
Johnny,Alvarez,jalvarezos@mtv.com,Iran,Male,Ardabīl,Npath,72468.52,IRR
Mildred,Baker,mbakerot@so-net.ne.jp,Poland,Female,Rzeczenica,Kare,,PLN
Douglas,Phillips,dphillipsou@ask.com,China,Male,Xinbu,Ntag,61590.65,CNY
Judy,Howell,jhowellov@rediff.com,China,Female,Chang’an,Shuffledrive,2189.32,CNY
Roy,Walker,rwalkerow@unblog.fr,Argentina,Male,Chivilcoy,Twinte,95498.73,ARS
Jane,Bowman,jbowmanox@usda.gov,Ireland,Female,Aghada,Livetube,74075.70,EUR
Jason,Ward,jwardoy@google.nl,Nigeria,Male,Onitsha,Wikivu,7000.18,NGN
Jimmy,Diaz,jdiazoz@fema.gov,Portugal,Male,Gala,Thoughtstorm,28872.25,EUR
Willie,Richardson,wrichardsonp0@hp.com,Czech Republic,Male,Dobrá,Katz,,CZK
Michelle,Hunter,mhunterp1@networkadvertising.org,China,Female,Lianfa,Einti,1691.38,CNY
Ashley,Torres,atorresp2@eventbrite.com,France,Female,Creil,Voonte,39964.63,EUR
Larry,Moore,lmoorep3@nydailynews.com,Philippines,Male,San Diego,Ntag,76834.12,PHP
Joseph,Fuller,jfullerp4@parallels.com,Philippines,Male,San Antonio,Meeveo,69010.18,PHP
Susan,Diaz,sdiazp5@hugedomains.com,Indonesia,Female,Garahaji,Cogidoo,,IDR
Carl,Mills,cmillsp6@hc360.com,Bangladesh,Male,Pālang,Skimia,57625.35,BDT
Raymond,Stewart,rstewartp7@msu.edu,China,Male,Longxi,Kazu,58814.95,CNY
Diana,Burke,dburkep8@ft.com,Indonesia,Female,Rentung,Linklinks,37225.39,IDR
Deborah,Allen,dallenp9@gnu.org,Peru,Female,Julcamarca,Skinte,,PEN
Lori,Wells,lwellspa@fotki.com,Nigeria,Female,Amaigbo,Thoughtbridge,79645.32,NGN
Sara,Brown,sbrownpb@yolasite.com,China,Female,Purong,Voonix,50655.48,CNY
Lois,Walker,lwalkerpc@eventbrite.com,China,Female,Lingyuan,Brainverse,36249.51,CNY
Craig,Turner,cturnerpd@soundcloud.com,South Korea,Male,Asan,Trilia,,KRW
Diane,Ford,dfordpe@privacy.gov.au,Slovenia,Female,Pivka,Twinder,84498.31,EUR
Pamela,Grant,pgrantpf@sciencedaily.com,Russia,Female,Olenegorsk,Zooveo,22470.12,RUB
Kenneth,Wilson,kwilsonpg@pbs.org,Peru,Male,Corani,Ooba,,PEN
Rebecca,Gonzalez,rgonzalezph@de.vu,Ukraine,Female,Berezivka,Flashset,72219.23,UAH
Joyce,Torres,jtorrespi@nba.com,Spain,Female,Jaen,Gabcube,94787.43,EUR
Jeffrey,Rose,jrosepj@vistaprint.com,China,Male,Nancaicun,Jabbersphere,21746.33,CNY
Kevin,Carter,kcarterpk@instagram.com,Indonesia,Male,Pisangkemeng,Katz,,IDR
Martin,Diaz,mdiazpl@cbc.ca,Indonesia,Male,Duwakkandung,InnoZ,41175.02,IDR
Phyllis,Henderson,phendersonpm@homestead.com,China,Female,Gaomiaoji,Trilith,26258.74,CNY
Earl,Green,egreenpn@smugmug.com,China,Male,Xinjiezi,Realmix,56157.18,CNY
Bruce,Cooper,bcooperpo@google.com.au,China,Male,Herong,Bubbletube,79321.18,CNY
Jonathan,Martin,jmartinpp@ask.com,Uruguay,Male,Barra de Carrasco,Layo,16187.72,UYU
Anna,Tucker,atuckerpq@rakuten.co.jp,Indonesia,Female,Sambopinggir,Edgewire,16579.22,IDR
Keith,Cook,kcookpr@ocn.ne.jp,China,Male,Junyang,Kaymbo,,CNY
Shawn,Jones,sjonesps@ehow.com,Bolivia,Male,Boyuibe,Reallinks,53184.36,BOB
Anthony,King,akingpt@livejournal.com,Russia,Male,Yermolino,Dabjam,24292.26,RUB
Ronald,Young,ryoungpu@360.cn,Indonesia,Male,Mehona,Linkbridge,51298.12,IDR
Nancy,Adams,nadamspv@ftc.gov,Peru,Female,Tocota,Yambee,37427.33,PEN
William,Black,wblackpw@reddit.com,China,Male,Xialu,Browsecat,86046.75,CNY
Raymond,Reynolds,rreynoldspx@weebly.com,Russia,Male,Komsomolsk-on-Amur,Skidoo,36205.35,RUB
Irene,Martinez,imartinezpy@homestead.com,Kazakhstan,Female,Tekeli,Dabtype,19494.95,KZT
Lisa,Carter,lcarterpz@homestead.com,Ukraine,Female,Slavs’ke,Pixoboo,3624.50,UAH
Phyllis,Brown,pbrownq0@imageshack.us,Canada,Female,Cap-Santé,Twitterlist,55739.10,CAD
Katherine,Owens,kowensq1@technorati.com,Canada,Female,East Angus,Mudo,98427.31,CAD
Judy,Gutierrez,jgutierrezq2@yelp.com,Colombia,Female,Ríohacha,Quimm,85681.47,COP
William,Richards,wrichardsq3@rambler.ru,Brazil,Male,Itinga,Babblestorm,76249.11,BRL
Edward,Brooks,ebrooksq4@shinystat.com,Brazil,Male,União da Vitória,Yamia,,BRL
Linda,Dunn,ldunnq5@trellian.com,China,Female,Xintang,Gabvine,31851.27,CNY
Joseph,Mcdonald,jmcdonaldq6@ucoz.com,Paraguay,Male,Piribebuy,Twinder,47534.74,PYG
Aaron,Sanchez,asanchezq7@yale.edu,United Kingdom,Male,Burnside,Skimia,72515.80,GBP
Shirley,Ray,srayq8@cam.ac.uk,Finland,Female,Punkaharju,Babbleopia,11064.86,EUR
Catherine,Wood,cwoodq9@shutterfly.com,China,Female,Paingar,Gabtune,51613.32,CNY
Timothy,Gonzalez,tgonzalezqa@purevolume.com,Afghanistan,Male,Markaz-e Woluswalī-ye Āchīn,Realcube,90470.98,AFN
Ann,Harris,aharrisqb@usatoday.com,China,Female,Gaoqiao,Zoombeat,31702.92,CNY
Kathy,Black,kblackqc@facebook.com,Sierra Leone,Female,Seidu,Realbuzz,62109.31,SLL
Victor,Murphy,vmurphyqd@gizmodo.com,Sweden,Male,Linköping,Oyoba,61185.73,SEK
Terry,Moreno,tmorenoqe@forbes.com,Philippines,Male,Alupay,Katz,,PHP
Lisa,Garrett,lgarrettqf@hugedomains.com,Honduras,Female,Dulce Nombre,Leexo,69473.30,HNL
Elizabeth,Morris,emorrisqg@1und1.de,Poland,Female,Mszana Dolna,Zoonoodle,68879.65,PLN
Raymond,Johnston,rjohnstonqh@nifty.com,Philippines,Male,Tambong,Yotz,6816.40,PHP
Chris,Chavez,cchavezqi@g.co,China,Male,Meiyuan Xincun,Thoughtstorm,5467.19,CNY
Doris,Peters,dpetersqj@vinaora.com,Indonesia,Female,Delok,Twitterbridge,60672.07,IDR
Melissa,Bowman,mbowmanqk@japanpost.jp,Russia,Female,Mtsensk,Skinte,,RUB
Norma,Hughes,nhughesql@unc.edu,Colombia,Female,La Victoria,Oba,53105.99,COP
Denise,Andrews,dandrewsqm@comcast.net,Portugal,Female,Monte Branco,Tagopia,12710.13,EUR
Douglas,Hughes,dhughesqn@nationalgeographic.com,Australia,Male,Sydney,Nlounge,19771.80,AUD
Edward,Gilbert,egilbertqo@goo.ne.jp,Philippines,Male,San Jacinto,Voomm,49719.20,PHP
Donald,Burton,dburtonqp@spotify.com,Sweden,Male,Linköping,Meetz,99350.66,SEK
Elizabeth,Simmons,esimmonsqq@yale.edu,Honduras,Female,Monjarás,Youbridge,,HNL
Steve,Willis,swillisqr@comcast.net,Spain,Male,Malaga,Plambee,41015.78,EUR
David,Martin,dmartinqs@dedecms.com,China,Male,Jiujie,Fanoodle,37695.51,CNY
Julia,Ramirez,jramirezqt@fema.gov,Poland,Female,Winnica,Flipstorm,37590.68,PLN
Wayne,Ward,wwardqu@miibeian.gov.cn,Japan,Male,Hōjō,Myworks,,JPY
Mary,Perez,mperezqv@ucoz.ru,China,Female,Xuexi,Blogspan,43573.91,CNY
Sharon,Hart,shartqw@marketwatch.com,Belarus,Female,Pukhavichy,Photobug,39821.49,BYR
Lori,Simpson,lsimpsonqx@tinypic.com,China,Female,Haokou,Jazzy,1021.76,CNY
Catherine,Collins,ccollinsqy@naver.com,Argentina,Female,General La Madrid,Dabshots,75303.24,ARS
Harold,Armstrong,harmstrongqz@apple.com,Sweden,Male,Falun,Gabtype,18783.19,SEK
Howard,Watson,hwatsonr0@ted.com,Dominican Republic,Male,Bajos de Haina,Kwilith,,DOP
Robin,Carroll,rcarrollr1@cbc.ca,Ethiopia,Female,Fichē,Ooba,,ETB
Debra,Mills,dmillsr2@blogger.com,Brazil,Female,Santa Cruz das Palmeiras,Roombo,19490.03,BRL
David,Mendoza,dmendozar3@google.com.br,China,Male,Baorixile,Cogilith,67260.83,CNY
Marie,Spencer,mspencerr4@hostgator.com,China,Female,Shewopo,Oyope,98545.47,CNY
Ashley,Parker,aparkerr5@list-manage.com,Mongolia,Female,Murun-kuren,Gabtype,30742.55,MNT
Ruby,Harris,rharrisr6@patch.com,Serbia,Female,Veternik,Realcube,88155.57,RSD
Julia,Green,jgreenr7@salon.com,Indonesia,Female,Rajapeni,Dabjam,91980.25,IDR
Lisa,Williamson,lwilliamsonr8@dion.ne.jp,South Africa,Female,Heidelberg,Youspan,41801.71,ZAR
Kathryn,Fuller,kfullerr9@alexa.com,Russia,Female,Krasnoye,Yambee,49658.70,RUB
Arthur,Taylor,ataylorra@si.edu,Bangladesh,Male,Khulna,Topicware,51514.72,BDT
Randy,Marshall,rmarshallrb@free.fr,Indonesia,Male,Bangkal,Skyba,77300.28,IDR
Rose,Foster,rfosterrc@narod.ru,Indonesia,Female,Masebewa,Abatz,32682.15,IDR
Julia,Ferguson,jfergusonrd@miitbeian.gov.cn,United States,Female,Des Moines,Voonyx,97636.68,USD
Clarence,Oliver,coliverre@mail.ru,China,Male,Weiguo,Skajo,75784.07,CNY
Patricia,Hernandez,phernandezrf@telegraph.co.uk,Palestinian Territory,Female,Kafr Şūr,Flashspan,98528.73,ILS
Christine,Simpson,csimpsonrg@fotki.com,Kosovo,Female,Mamuša,Kimia,69855.17,EUR
Rachel,Hernandez,rhernandezrh@liveinternet.ru,China,Female,Yulong,Jabberbean,37415.12,CNY
Antonio,Rogers,arogersri@nyu.edu,China,Male,Beiyang,Gevee,26133.05,CNY
Jason,Bowman,jbowmanrj@prweb.com,United States,Male,Durham,Zoozzy,36042.06,USD
Sandra,Hudson,shudsonrk@whitehouse.gov,Philippines,Female,Teresa,Podcat,87407.53,PHP
Kathleen,Robertson,krobertsonrl@jigsy.com,Bangladesh,Female,Khagrachhari,Eamia,,BDT
Clarence,Alvarez,calvarezrm@google.ca,Argentina,Male,Catriló,Eabox,17524.17,ARS
Roy,Taylor,rtaylorrn@slideshare.net,China,Male,Dongqianhu,Layo,40029.80,CNY
Theresa,Meyer,tmeyerro@w3.org,France,Female,Laval,Oba,58505.49,EUR
Craig,Mills,cmillsrp@webeden.co.uk,China,Male,Jiangyin,Voonte,21426.28,CNY
Matthew,Welch,mwelchrq@seesaa.net,Burkina Faso,Male,Boulsa,Topicshots,38854.95,XOF
Alan,Wilson,awilsonrr@bandcamp.com,Philippines,Male,Kitapak,Yadel,,PHP
