Julie,Gibson,jgibson0@cbsnews.com,Nigeria,Female,Dakingari,Livetube,86365.95,NGN
Carol,Harrison,charrison1@list-manage.com,Nigeria,Female,Fika,Skaboo,31893.52,NGN
Gary,Larson,glarson2@hostgator.com,China,Male,Longmen,Ooba,,CNY
Ralph,Chapman,rchapman3@fda.gov,Russia,Male,Sviblovo,Pixope,86884.64,RUB
Frank,Owens,fowens4@narod.ru,Kazakhstan,Male,Akkol’,Riffpath,75775.87,KZT
Jason,Stewart,jstewart5@bigcartel.com,China,Male,Zhongxing,Bubblebox,18142.00,CNY
Stephen,Sanchez,ssanchez6@marriott.com,Sweden,Male,Uddevalla,Mynte,69101.63,SEK
Margaret,Greene,mgreene7@drupal.org,Indonesia,Female,Maesan,Mycat,83684.56,IDR
Deborah,Stevens,dstevens8@xing.com,Indonesia,Female,Ciracap,Livefish,21815.59,IDR
Justin,Hernandez,jhernandez9@ucla.edu,China,Male,Huangqiao,Brainsphere,99341.23,CNY
Janet,Gomez,jgomeza@disqus.com,Nigeria,Female,Igbor,Yodel,70778.24,NGN
Anthony,Elliott,aelliottb@discovery.com,Italy,Male,Verona,Tekfly,91795.77,EUR
Beverly,Richards,brichardsc@alexa.com,Guatemala,Female,San Juan Bautista,Skaboo,9515.90,GTQ
Betty,Hill,bhilld@oracle.com,Thailand,Female,Wiset Chaichan,Thoughtblab,9456.53,THB
Daniel,Kelley,dkelleye@google.cn,Russia,Male,Proletarskiy,Photospace,64867.27,RUB
Kelly,Robertson,krobertsonf@csmonitor.com,China,Female,Renhe,Fatz,,CNY
William,Stephens,wstephensg@imageshack.us,Tanzania,Male,Bagamoyo,Meevee,96026.49,TZS
Wanda,Bryant,wbryanth@prweb.com,Bangladesh,Female,Gafargaon,Linklinks,52392.96,BDT
Sandra,Cook,scooki@wiley.com,Greece,Female,Kalloní,Twimbo,14011.55,EUR
Sandra,Gonzalez,sgonzalezj@rediff.com,Sweden,Female,Mariestad,Meetz,61428.18,SEK
Kimberly,Thompson,kthompsonk@aboutads.info,China,Female,Jintan,Buzzbean,36913.70,CNY
Johnny,Griffin,jgriffinl@sina.com.cn,China,Male,Zhongying,Feedbug,92213.66,CNY
Rose,Boyd,rboydm@ucsd.edu,Venezuela,Female,Altagracia de Orituco,Skibox,,VEF
Russell,Harrison,rharrisonn@soup.io,China,Male,Wuyang,Skiba,86003.60,CNY
Gary,George,ggeorgeo@studiopress.com,Albania,Male,Steblevë,Camimbo,32713.83,ALL
Adam,Kelley,akelleyp@dell.com,Colombia,Male,San Agustín,Vidoo,30104.51,COP
Walter,Austin,waustinq@php.net,China,Male,Huangchuan,Brainsphere,49034.97,CNY
Cynthia,Rodriguez,crodriguezr@house.gov,Palestinian Territory,Female,Al Qarārah,Wordify,19289.96,ILS
Phillip,Reynolds,preynoldss@google.cn,Brazil,Male,Sinop,Tagpad,,BRL
Patrick,Gomez,pgomezt@hatena.ne.jp,Russia,Male,Martyush,Fatz,53291.17,RUB
Karen,Boyd,kboydu@nba.com,Portugal,Female,Abades,Aivee,58435.67,EUR
Ashley,Daniels,adanielsv@gmpg.org,Guatemala,Female,Champerico,Oyoyo,54945.40,GTQ
Stephen,Wilson,swilsonw@alexa.com,Moldova,Male,Călăraşi,Leexo,62231.53,MDL
Sharon,Vasquez,svasquezx@guardian.co.uk,Indonesia,Female,Moanemani,Jabbercube,3500.94,IDR
Paula,Mendoza,pmendozay@jalbum.net,Indonesia,Female,Warungbanten,Eazzy,58419.19,IDR
Keith,Little,klittlez@cocolog-nifty.com,United States,Male,Albuquerque,Oyondu,3947.73,USD
Jack,Perry,jperry10@hostgator.com,Indonesia,Male,Siding,Lajo,,IDR
Michael,Fernandez,mfernandez11@google.ru,Ireland,Male,Kilcullen,Vimbo,88636.85,EUR
Kelly,Collins,kcollins12@chicagotribune.com,Yemen,Female,Al ‘Udayn,Podcat,54715.23,YER
Walter,Williamson,wwilliamson13@amazon.co.uk,China,Male,Dayuan,Voolia,53117.97,CNY
Victor,Dunn,vdunn14@scribd.com,Brazil,Male,Santa Rosa de Viterbo,Photojam,14146.56,BRL
Phillip,Burton,pburton15@springer.com,Croatia,Male,Hodošan,Livetube,78857.49,HRK
Deborah,Reyes,dreyes16@mysql.com,Indonesia,Female,Ranisoba,Linktype,96053.89,IDR
Kathy,Ruiz,kruiz17@cocolog-nifty.com,Mayotte,Female,Mamoudzou,Twiyo,64586.97,EUR
Larry,Gordon,lgordon18@newsvine.com,China,Male,Xinghua,Kwinu,53386.18,CNY
Sandra,Vasquez,svasquez19@yahoo.co.jp,Portugal,Female,Alverca do Ribatejo,Meeveo,94555.42,EUR
Martha,Nelson,mnelson1a@umn.edu,Japan,Female,Yanai,Tambee,24285.55,JPY
Edward,Gonzales,egonzales1b@usnews.com,Nigeria,Male,Garko,Quamba,2639.11,NGN
Norma,Gonzalez,ngonzalez1c@google.com.hk,France,Female,Bordeaux,Flipbug,,EUR
Dorothy,Cox,dcox1d@chronoengine.com,Mexico,Female,La Paz,Camido,65691.47,MXN
Bobby,Flores,bflores1e@paypal.com,Russia,Male,Khelyulya,Jetwire,67543.64,RUB
Doris,Carroll,dcarroll1f@si.edu,Australia,Female,Hobart,Zoomcast,50645.62,AUD
Ruth,Alexander,ralexander1g@census.gov,Czech Republic,Female,Merklín,Zoomzone,9675.78,CZK
Virginia,Robertson,vrobertson1h@paginegialle.it,Philippines,Female,Napoles,Vipe,20010.70,PHP
Martha,Torres,mtorres1i@fastcompany.com,Sweden,Female,Västra Frölunda,Twitterbridge,60981.79,SEK
Emily,White,ewhite1j@netlog.com,China,Female,Handaqi,Jaxnation,72975.65,CNY
Evelyn,Sims,esims1k@msu.edu,Indonesia,Female,Dungkek Laok,Linkbridge,11659.89,IDR
Aaron,Rose,arose1l@cnn.com,Russia,Male,Pervomayskiy,Lazzy,,RUB
Julie,Lewis,jlewis1m@tmall.com,Philippines,Female,Nagbukel,Lazz,56752.19,PHP
Patricia,Reynolds,preynolds1n@issuu.com,Palestinian Territory,Female,Bayt Ūmmar,Mita,6925.48,ILS
Emily,Lawrence,elawrence1o@imdb.com,Peru,Female,Ollachea,Vinder,5658.93,PEN
Frances,Hamilton,fhamilton1p@baidu.com,China,Female,Baiyanghe,Skibox,6455.58,CNY
Jack,Montgomery,jmontgomery1q@vkontakte.ru,China,Male,Jingguan,Gigashots,28850.40,CNY
Christine,Reyes,creyes1r@clickbank.net,Poland,Female,Kozy,Quinu,3057.14,PLN
Charles,Burke,cburke1s@blogtalkradio.com,Macedonia,Male,Извор,Thoughtbeat,12219.01,MKD
Helen,Rivera,hrivera1t@arstechnica.com,Indonesia,Female,Sulang Tengah,Photolist,,IDR
Beverly,Rose,brose1u@huffingtonpost.com,Russia,Female,Kuvandyk,Twitterlist,26109.73,RUB
Nicholas,Reid,nreid1v@etsy.com,Indonesia,Male,Panggulan,Oyope,51997.28,IDR
Paul,Garcia,pgarcia1w@twitpic.com,Indonesia,Male,Kolaka,Dynava,14701.72,IDR
Edward,Boyd,eboyd1x@diigo.com,Indonesia,Male,Jayaraga Kaler,Tagopia,59114.98,IDR
Brenda,Pierce,bpierce1y@dropbox.com,China,Female,Linqu,Rhynyx,39533.07,CNY
Catherine,Simmons,csimmons1z@shop-pro.jp,Anguilla,Female,George Hill,Aimbu,68914.23,XCD
Nicholas,Perry,nperry20@fotki.com,Sweden,Male,Lidingö,Topiczoom,57998.20,SEK
Tammy,Torres,ttorres21@nature.com,Bangladesh,Female,Sarishābāri,Aimbo,,BDT
Antonio,Chavez,achavez22@amazon.co.uk,Yemen,Male,Markaz Bilād aţ Ţa‘ām,Buzzshare,55675.87,YER
Irene,Rivera,irivera23@woothemes.com,Russia,Female,Kanash,Skimia,21801.36,RUB
Joshua,Crawford,jcrawford24@fotki.com,Syria,Male,Tall Salḩab,Realmix,56121.07,SYP
Joe,Sanchez,jsanchez25@about.com,Azerbaijan,Male,Maştağa,Livetube,46435.48,AZN
Arthur,Garrett,agarrett26@usa.gov,Hungary,Male,Zselickislak,Jayo,22408.36,HUF
Howard,Gray,hgray27@nsw.gov.au,China,Male,Zhongzhai,Brainbox,20056.19,CNY
Jeremy,Wheeler,jwheeler28@geocities.com,Philippines,Male,Dimataling,Voonyx,21827.44,PHP
Tammy,Moore,tmoore29@amazon.co.uk,United States,Female,Whittier,LiveZ,13328.48,USD
Emily,Little,elittle2a@unicef.org,Russia,Female,Kulotino,Podcat,95406.45,RUB
Joan,Richardson,jrichardson2b@princeton.edu,Kazakhstan,Female,Taranovskoye,Mudo,,KZT
Lillian,Berry,lberry2c@bizjournals.com,Brazil,Female,Rio Grande,Twimm,87124.02,BRL
Shawn,Larson,slarson2d@whitehouse.gov,Philippines,Male,Quinipot,Eire,13697.90,PHP
Roy,Wallace,rwallace2e@ed.gov,Cuba,Male,San Cristobal,Minyx,55064.93,CUP
Sara,Miller,smiller2f@reference.com,Indonesia,Female,Panjerrejo,Cogibox,78032.82,IDR
Frances,Gomez,fgomez2g@virginia.edu,Afghanistan,Female,Balkh,Meejo,69632.67,AFN
Ruby,Andrews,randrews2h@icq.com,Philippines,Female,Boac,Thoughtsphere,,PHP
Diana,Gordon,dgordon2i@csmonitor.com,Philippines,Female,Manoc-Manoc,Yakijo,48097.92,PHP
Carl,Reynolds,creynolds2j@addthis.com,Indonesia,Male,Karangintan,Yodo,89322.66,IDR
Harold,Reed,hreed2k@google.fr,China,Male,Gaohong,Meevee,85314.76,CNY
Mary,Dean,mdean2l@earthlink.net,Slovenia,Female,Ormož,Innotype,16747.66,EUR
Elizabeth,Reed,ereed2m@fc2.com,Russia,Female,Chikola,Meemm,22550.27,RUB
Carlos,Cruz,ccruz2n@techcrunch.com,South Africa,Male,Delareyville,Gabvine,99452.11,ZAR
Douglas,Sanchez,dsanchez2o@deliciousdays.com,Ukraine,Male,Potelych,Fivechat,40889.37,UAH
Phillip,Jones,pjones2p@networkadvertising.org,Russia,Male,Sorokino,Topicblab,72402.76,RUB
Christopher,Cooper,ccooper2q@reference.com,China,Male,Daoxu,Fiveclub,,CNY
Wayne,Harrison,wharrison2r@reference.com,France,Male,Cherbourg-Octeville,Centidel,60661.16,EUR
James,Perry,jperry2s@sakura.ne.jp,Belarus,Male,Dashkawka,Voonix,52567.36,BYR
Louise,Spencer,lspencer2t@chicagotribune.com,Canada,Female,Belfast,Wordify,74579.31,CAD
Lois,Morrison,lmorrison2u@theatlantic.com,Indonesia,Female,Nungga,Gigashots,92279.04,IDR
Benjamin,Green,bgreen2v@icio.us,Sweden,Male,Huddinge,Meevee,31166.34,SEK
Richard,Ross,rross2w@vinaora.com,Indonesia,Male,Bojen Kulon,Twitterworks,8512.51,IDR
Donna,Hansen,dhansen2x@live.com,Sweden,Female,Sveg,Edgeify,29566.38,SEK
Patrick,Hudson,phudson2y@discovery.com,China,Male,Tanzhesi,Gigashots,33786.76,CNY
Phillip,Bennett,pbennett2z@t-online.de,Czech Republic,Male,Třešť,Jazzy,,CZK
Frank,Graham,fgraham30@drupal.org,Vietnam,Male,Lũng Hồ,Meemm,80443.86,VND
Roy,Berry,rberry31@plala.or.jp,Thailand,Male,Suan Luang,Mydo,82868.32,THB
Barbara,Gilbert,bgilbert32@jigsy.com,Portugal,Female,Quebradas,Tagopia,,EUR
Albert,Green,agreen33@mediafire.com,Canada,Male,Baie-D'Urfé,Yozio,36964.48,CAD
Edward,Fowler,efowler34@prweb.com,Canada,Male,Brant,Yotz,25498.85,CAD
Scott,Arnold,sarnold35@tuttocitta.it,Argentina,Male,General Guido,Linkbuzz,54257.63,ARS
Lawrence,Simmons,lsimmons36@auda.org.au,Ecuador,Male,Calceta,Gabtype,15607.53,USD
Craig,Johnson,cjohnson37@china.com.cn,Russia,Male,Burmakino,Mycat,73149.34,RUB
Jonathan,Bennett,jbennett38@theglobeandmail.com,Sweden,Male,Vilhelmina,Tekfly,48795.72,SEK
Cheryl,Alvarez,calvarez39@bing.com,Brazil,Female,Capitão Poço,Shufflester,75778.18,BRL
Diana,Young,dyoung3a@alexa.com,Indonesia,Female,Babakandesa,InnoZ,72988.25,IDR
Keith,Wallace,kwallace3b@amazonaws.com,Indonesia,Male,Air Bangis,Latz,25491.71,IDR
Philip,Howard,phoward3c@usnews.com,Thailand,Male,Phu Kam Yao,Avamba,42464.57,THB
Mark,Stevens,mstevens3d@auda.org.au,Philippines,Male,Cagdianao,Kwimbee,63665.42,PHP
Keith,Greene,kgreene3e@de.vu,Russia,Male,Blagodatnoye,Trunyx,25479.96,RUB
William,Kelley,wkelley3f@barnesandnoble.com,Argentina,Male,Castro Barros,Wikido,3617.39,ARS
Bruce,Carr,bcarr3g@blogspot.com,China,Male,Nanhe,Demivee,,CNY
Jeremy,Hamilton,jhamilton3h@utexas.edu,Japan,Male,Kakegawa,Bluejam,26047.06,JPY
Marie,Daniels,mdaniels3i@goodreads.com,China,Female,Hualingang,Twitterwire,,CNY
Wanda,Williamson,wwilliamson3j@instagram.com,China,Female,Duyun,DabZ,87620.69,CNY
Craig,Baker,cbaker3k@reuters.com,Slovenia,Male,Šentvid pri Stični,Twiyo,1228.44,EUR
Angela,Howell,ahowell3l@clickbank.net,Philippines,Female,Bularit,Jabberstorm,85860.70,PHP
Amanda,Ryan,aryan3m@barnesandnoble.com,Guatemala,Female,Huité,Snaptags,40453.18,GTQ
Mary,Oliver,moliver3n@storify.com,China,Female,Shuanghe,Eidel,22547.62,CNY
Frank,Robertson,frobertson3o@tiny.cc,Brazil,Male,Rio Real,Oodoo,51299.67,BRL
Kenneth,Kim,kkim3p@tripod.com,China,Male,Yingcheng,Jaxnation,85926.50,CNY
Lois,Holmes,lholmes3q@dyndns.org,Sweden,Female,Höganäs,Wikizz,72.95,SEK
Douglas,Johnston,djohnston3r@senate.gov,Brazil,Male,Bragança Paulista,Rhycero,86425.32,BRL
Sean,Watson,swatson3s@merriam-webster.com,Philippines,Male,Salimbalan,Ailane,72215.45,PHP
Lois,Kelley,lkelley3t@rediff.com,France,Female,Fontenay-sous-Bois,Thoughtstorm,46835.30,EUR
Carol,Lopez,clopez3u@google.cn,Indonesia,Female,Binangun,Twimbo,12063.16,IDR
Lois,Porter,lporter3v@so-net.ne.jp,Portugal,Female,Marco de Canaveses,Jayo,52335.10,EUR
Keith,Gardner,kgardner3w@t.co,Malaysia,Male,Johor Bahru,Wikizz,67277.00,MYR
Shirley,Phillips,sphillips3x@dedecms.com,Russia,Female,Turgenevo,Mybuzz,13295.24,RUB
Deborah,James,djames3y@amazon.com,Poland,Female,Łęki Szlacheckie,Babbleset,65067.65,PLN
Bruce,Little,blittle3z@alexa.com,Portugal,Male,Arganil,Yambee,28565.41,EUR
Emily,Ross,eross40@soundcloud.com,China,Female,Heiheba,Babbleblab,81167.87,CNY
Joseph,West,jwest41@shop-pro.jp,China,Male,Jinshanzui,Linklinks,14836.02,CNY
Lois,Knight,lknight42@paginegialle.it,Indonesia,Female,Trikora,Minyx,2147.04,IDR
Theresa,Stephens,tstephens43@issuu.com,China,Female,Beizhuang,Yabox,82742.69,CNY
Stephen,Ray,sray44@china.com.cn,Russia,Male,Yukhnov,Gigabox,1781.65,RUB
Diana,Stephens,dstephens45@upenn.edu,China,Female,Dogarmo,Jetwire,37921.73,CNY
Annie,Peters,apeters46@squidoo.com,Thailand,Female,Mae Fa Luang,Flipstorm,,THB
Barbara,Burton,bburton47@cpanel.net,Peru,Female,Huambo,Zooveo,11921.65,PEN
Nancy,Garcia,ngarcia48@harvard.edu,Philippines,Female,Union,Dabtype,98492.66,PHP
Christina,Wallace,cwallace49@newyorker.com,China,Female,Madang,Avamm,12234.22,CNY
Louise,Hill,lhill4a@google.ru,China,Female,Qiwen,Podcat,34121.65,CNY
Michelle,Gilbert,mgilbert4b@kickstarter.com,Indonesia,Female,Gupakan,Camido,83169.50,IDR
Steve,Jackson,sjackson4c@linkedin.com,Argentina,Male,Chivilcoy,Fiveclub,335.09,ARS
Victor,Nelson,vnelson4d@soup.io,China,Male,Guandian,Dynava,29385.80,CNY
Irene,Reyes,ireyes4e@cpanel.net,France,Female,Paris 06,Dazzlesphere,92002.27,EUR
Helen,Morrison,hmorrison4f@deliciousdays.com,Pakistan,Female,Chor,Skynoodle,88741.77,PKR
Fred,Carter,fcarter4g@miitbeian.gov.cn,China,Male,Qianfoling,Skidoo,65626.72,CNY
Alice,Scott,ascott4h@facebook.com,China,Female,Jianli,Thoughtstorm,67339.33,CNY
Steve,Burton,sburton4i@bizjournals.com,Portugal,Male,Nazaré,Zoomcast,,EUR
Mildred,Alvarez,malvarez4j@deliciousdays.com,Philippines,Female,Camiling,Feedfish,12598.78,PHP
Roger,Bryant,rbryant4k@elegantthemes.com,Portugal,Male,Pontinha,Photobug,57782.96,EUR
Adam,Walker,awalker4l@independent.co.uk,Poland,Male,Stąporków,Topicblab,21843.87,PLN
Roger,Lopez,rlopez4m@ehow.com,Bosnia and Herzegovina,Male,Donja Dubica,Quaxo,39308.12,BAM
Robin,Peters,rpeters4n@youtube.com,Czech Republic,Female,Pardubice,Zoomzone,73347.45,CZK
Justin,Howard,jhoward4o@state.gov,Nigeria,Male,Dankalwa,Photobug,55895.72,NGN
Harry,Montgomery,hmontgomery4p@unesco.org,Cyprus,Male,Kokkini Trimithia,Jabbercube,64819.02,EUR
Denise,Sanders,dsanders4q@hud.gov,China,Female,Jinghai,Talane,45070.83,CNY
Kathryn,Lynch,klynch4r@wordpress.org,Norway,Female,Sandefjord,Youopia,58238.51,NOK
Carlos,Garrett,cgarrett4s@businessweek.com,Indonesia,Male,Taimaman,Roomm,27849.44,IDR
Rose,Torres,rtorres4t@abc.net.au,Portugal,Female,Aldeia,Dablist,50214.01,EUR
Deborah,Moreno,dmoreno4u@canalblog.com,Indonesia,Female,Krajan Dukuhseti,Meembee,53064.28,IDR
Cheryl,Elliott,celliott4v@scribd.com,Poland,Female,Rzepiennik Strzyżewski,Aimbu,,PLN
Brenda,Green,bgreen4w@tamu.edu,China,Female,Rinbung,Skilith,,CNY
Steven,Marshall,smarshall4x@wufoo.com,Indonesia,Male,Masebewa,Voonix,33921.03,IDR
Jessica,Taylor,jtaylor4y@g.co,Portugal,Female,Carnaxide,Yoveo,60156.15,EUR
Doris,Brooks,dbrooks4z@soup.io,Macedonia,Female,Dobri Dol,Youtags,57395.61,MKD
Frances,Mason,fmason50@nih.gov,Ukraine,Female,Khartsyz’k,Realbuzz,63577.90,UAH
Martha,Alexander,malexander51@accuweather.com,Russia,Female,Siva,Abata,16740.33,RUB
Kevin,Ramos,kramos52@harvard.edu,China,Male,Dongluqiao,Tavu,,CNY
Gloria,Davis,gdavis53@deviantart.com,China,Female,Nianyushan,Topicstorm,,CNY
Walter,Rodriguez,wrodriguez54@addthis.com,Botswana,Male,Maunatlala,Zooveo,63066.07,BWP
Carolyn,Willis,cwillis55@alibaba.com,Vietnam,Female,Yên Lập,Skinte,85382.41,VND
Philip,Martinez,pmartinez56@paginegialle.it,China,Male,Lianzhou,Eamia,91078.72,CNY
Cheryl,Wagner,cwagner57@earthlink.net,China,Female,Zhaizigou,Jabberbean,46029.20,CNY
Evelyn,Owens,eowens58@hp.com,China,Female,Yuanmen,Photobean,65310.37,CNY
Linda,Henderson,lhenderson59@istockphoto.com,Slovenia,Female,Vnanje Gorice,Geba,31183.58,EUR
Kenneth,Harrison,kharrison5a@51.la,Malaysia,Male,Puchong,Tekfly,64949.72,MYR
Laura,Thompson,lthompson5b@prlog.org,Philippines,Female,Tabonok,Wikizz,15862.09,PHP
Roger,Barnes,rbarnes5c@forbes.com,Latvia,Male,Jaunpils,Realbuzz,9644.11,EUR
Edward,Ryan,eryan5d@mysql.com,Syria,Male,Sarāqib,Meevee,29667.90,SYP
Christine,Black,cblack5e@ucla.edu,Kosovo,Female,Prizren,Eazzy,40218.84,EUR
Shawn,Stone,sstone5f@disqus.com,Sweden,Male,Tranås,Latz,7098.19,SEK
Heather,Robertson,hrobertson5g@fema.gov,Russia,Female,Verkhnevilyuysk,Zava,86974.80,RUB
Diane,Powell,dpowell5h@live.com,Kazakhstan,Female,Karatau,Divanoodle,11404.07,KZT
Jerry,Robertson,jrobertson5i@mashable.com,Palestinian Territory,Male,Dūrā al Qar‘,Demimbu,1942.12,ILS
Julie,Garcia,jgarcia5j@washingtonpost.com,China,Female,Juancheng,Gabspot,39851.22,CNY
William,Kennedy,wkennedy5k@techcrunch.com,Sweden,Male,Göteborg,Jayo,71008.55,SEK
Evelyn,Morris,emorris5l@facebook.com,Canada,Female,Hudson,Realbridge,,CAD
Gloria,Baker,gbaker5m@constantcontact.com,Netherlands,Female,Nijmegen,Skippad,,EUR
Katherine,Walker,kwalker5n@umich.edu,Rwanda,Female,Nyanza,Skyble,,RWF
Anna,Evans,aevans5o@sphinn.com,Albania,Female,Fushë-Muhurr,Twitterbridge,31279.64,ALL
Evelyn,Hawkins,ehawkins5p@census.gov,Portugal,Female,Taveiro,Skimia,97616.80,EUR
Betty,Reed,breed5q@disqus.com,Poland,Female,Chociwel,Skibox,66701.50,PLN
Justin,Anderson,janderson5r@ucoz.com,Sweden,Male,Göteborg,Mybuzz,80072.80,SEK
Henry,Wagner,hwagner5s@chicagotribune.com,Indonesia,Male,Lowayu,Feedfire,25656.64,IDR
Tina,Wood,twood5t@friendfeed.com,Peru,Female,Licupis,Tagtune,97370.05,PEN
Bruce,James,bjames5u@odnoklassniki.ru,Egypt,Male,Hihyā,Centimia,6993.16,EGP
Joseph,White,jwhite5v@etsy.com,Russia,Male,Pankovka,Quatz,71435.45,RUB
Julie,Freeman,jfreeman5w@amazon.co.uk,Russia,Female,Serdobsk,Thoughtbeat,77171.54,RUB
Carolyn,Walker,cwalker5x@eepurl.com,Canada,Female,Mercier,Shuffletag,39002.24,CAD
Thomas,Bradley,tbradley5y@weather.com,Afghanistan,Male,Surkh Bilandī,Gabtype,,AFN
Andrew,Lane,alane5z@cbsnews.com,China,Male,Beidao,Ntags,57750.35,CNY
Benjamin,Sims,bsims60@businessweek.com,Bhutan,Male,Tsimasham,Realfire,96510.24,BTN
Billy,Hernandez,bhernandez61@cyberchimps.com,Ireland,Male,Granard,Photofeed,68096.32,EUR
Steven,Dixon,sdixon62@prweb.com,Portugal,Male,Odrinhas,Kazu,11673.65,EUR
Stephanie,Brown,sbrown63@mit.edu,Russia,Female,Kyshtym,Skivee,75496.09,RUB
Catherine,Thompson,cthompson64@skype.com,Philippines,Female,Salaza,Realcube,27040.06,PHP
Patrick,Riley,priley65@merriam-webster.com,Russia,Male,Pochep,Realcube,,RUB
Philip,Hall,phall66@chron.com,Poland,Male,Gryfów Śląski,JumpXS,41521.47,PLN
Jerry,Hunter,jhunter67@utexas.edu,Russia,Male,Olenegorsk,Brainverse,96134.49,RUB
Catherine,Graham,cgraham68@bloglovin.com,Armenia,Female,Haghartsin,Omba,9209.25,AMD
Sean,Mitchell,smitchell69@yellowbook.com,Croatia,Male,Jastrebarsko,Mycat,,HRK
Kenneth,Wells,kwells6a@angelfire.com,China,Male,Tuojiang,Realblab,50028.06,CNY
Heather,Phillips,hphillips6b@amazonaws.com,Afghanistan,Female,Qarāwul,Pixope,46666.89,AFN
Wanda,Scott,wscott6c@redcross.org,China,Female,Yuanmou,Podcat,15191.22,CNY
Ashley,Brown,abrown6d@wordpress.com,Indonesia,Female,Sindangheula,Mynte,18256.13,IDR
Ruby,Robinson,rrobinson6e@canalblog.com,Ireland,Female,Cavan,Yabox,53227.30,EUR
Diana,Owens,dowens6f@thetimes.co.uk,South Korea,Female,Goseong,Skivee,28954.00,KRW
Susan,Shaw,sshaw6g@wisc.edu,Kiribati,Female,Makin Village,Centidel,54819.39,AUD
Andrea,Boyd,aboyd6h@prweb.com,France,Female,Saint-Herblain,Dazzlesphere,61146.65,EUR
Catherine,Reed,creed6i@house.gov,Poland,Female,Obryte,Dynabox,44614.58,PLN
Barbara,Cook,bcook6j@theglobeandmail.com,Greece,Female,Kalloní,Snaptags,39493.74,EUR
Phyllis,Wright,pwright6k@pcworld.com,Nepal,Female,Butwāl,Flipopia,85158.88,NPR
Kelly,Sullivan,ksullivan6l@tamu.edu,China,Female,Danzao,Mynte,51221.35,CNY
Albert,Dunn,adunn6m@examiner.com,Argentina,Male,General Cabrera,Jazzy,22569.55,ARS
Joshua,Lewis,jlewis6n@flavors.me,Brazil,Male,Rubiataba,Geba,51531.64,BRL
Robert,Thomas,rthomas6o@sun.com,China,Male,Liuqiao,Feedspan,74925.41,CNY
Adam,Hill,ahill6p@surveymonkey.com,China,Male,Muzhou,Livepath,96767.87,CNY
Howard,Harvey,hharvey6q@uol.com.br,Greece,Male,Souflí,Realblab,27484.18,EUR
Patrick,Hernandez,phernandez6r@google.it,China,Male,Jiuhua,Zoozzy,11377.20,CNY
Robert,Patterson,rpatterson6s@elpais.com,China,Male,Huya,Flipstorm,81466.14,CNY
Carolyn,Phillips,cphillips6t@bbc.co.uk,China,Female,Zhangguanying,Skippad,18890.73,CNY
Janice,Fisher,jfisher6u@reference.com,Ethiopia,Female,Bahir Dar,Twimm,,ETB
Paul,Jacobs,pjacobs6v@moonfruit.com,Honduras,Male,El Triunfo,Topicshots,,HNL
Larry,Griffin,lgriffin6w@livejournal.com,Thailand,Male,Kut Chum,Yodel,76358.61,THB
Bonnie,Ruiz,bruiz6x@artisteer.com,Poland,Female,Łomazy,Myworks,21981.50,PLN
Louis,Knight,lknight6y@mayoclinic.com,Slovenia,Male,Šentjur,Livefish,66386.48,EUR
Doris,Mendoza,dmendoza6z@tripod.com,Indonesia,Female,Sitularang Landeuh,Wikido,10236.29,IDR
Barbara,Dunn,bdunn70@yolasite.com,Poland,Female,Klenica,Aibox,87400.65,PLN
Eugene,Rice,erice71@ask.com,China,Male,Jiuzhou,Flashdog,19367.65,CNY
Kathy,Morgan,kmorgan72@wufoo.com,Canada,Female,Saint-Joseph-de-Coleraine,Innojam,503.23,CAD
Laura,Martinez,lmartinez73@nih.gov,Czech Republic,Female,Nový Bydžov,Katz,12810.00,CZK
Jeremy,Schmidt,jschmidt74@nbcnews.com,Peru,Male,Taraco,Mydeo,11512.05,PEN
Nicole,Mitchell,nmitchell75@devhub.com,Syria,Female,Sirghāyā,Quinu,35752.75,SYP
Carolyn,Davis,cdavis76@bbb.org,Belarus,Female,Dowsk,Dynabox,32917.36,BYR
Karen,Baker,kbaker77@dot.gov,Colombia,Female,San Francisco,Dabtype,73522.66,COP
Evelyn,Harvey,eharvey78@fotki.com,Greece,Female,Pelasgía,Wordtune,54141.36,EUR
Bruce,Elliott,belliott79@latimes.com,United States,Male,Honolulu,Dablist,400.78,USD
Charles,Olson,colson7a@typepad.com,Maldives,Male,Muli,Skipstorm,88404.44,MVR
Anthony,Oliver,aoliver7b@godaddy.com,Netherlands,Male,Leeuwarden,Browsedrive,40780.46,EUR
David,Duncan,dduncan7c@nps.gov,Madagascar,Male,Tsiroanomandidy,Jayo,37055.48,MGA
Adam,Pierce,apierce7d@jimdo.com,Armenia,Male,Tsaghkadzor,Topicware,33797.62,AMD
Phyllis,Moore,pmoore7e@wufoo.com,Japan,Female,Kasamatsuchō,Camido,22115.59,JPY
Janice,Ellis,jellis7f@fotki.com,China,Female,Shazi,Vinder,,CNY
Albert,Garza,agarza7g@arizona.edu,Sweden,Male,Västerås,Feedbug,81170.12,SEK
Betty,Shaw,bshaw7h@ezinearticles.com,China,Female,Chidian,Realcube,65172.79,CNY
Janice,Anderson,janderson7i@japanpost.jp,France,Female,Plérin,Bubblebox,29485.11,EUR
Doris,Wright,dwright7j@themeforest.net,Greece,Female,Methóni,Reallinks,66435.52,EUR
Russell,Ford,rford7k@aboutads.info,Brazil,Male,Panorama,Yotz,38678.48,BRL
Jeffrey,Lawson,jlawson7l@4shared.com,Czech Republic,Male,Plasy,Browsetype,77947.03,CZK
Shawn,Hansen,shansen7m@latimes.com,Indonesia,Male,Tumpakkepuh,Yodoo,41502.99,IDR
Gregory,Lawrence,glawrence7n@imgur.com,China,Male,Tiemen,Linkbridge,85911.73,CNY
Wanda,Walker,wwalker7o@1und1.de,Sweden,Female,Svenljunga,Avamba,95754.05,SEK
Virginia,Fowler,vfowler7p@ning.com,Russia,Female,Anzhero-Sudzhensk,Skibox,72371.49,RUB
Carol,White,cwhite7q@hubpages.com,Peru,Female,Huallanca,Gigaclub,90481.77,PEN
Sarah,Lawrence,slawrence7r@163.com,Indonesia,Female,Harjamukti,Kanoodle,24641.52,IDR
Wayne,Hanson,whanson7s@google.es,Czech Republic,Male,Vřesina,Fatz,,CZK
Linda,Day,lday7t@people.com.cn,Poland,Female,Byczyna,Zoonder,91863.74,PLN
Amanda,Perry,aperry7u@sfgate.com,Brazil,Female,Itaqui,Yakijo,35060.38,BRL
Emily,Daniels,edaniels7v@mozilla.org,Indonesia,Female,Songkar B,Geba,52979.36,IDR
Frank,Meyer,fmeyer7w@time.com,Brazil,Male,Pimenta Bueno,Eadel,72637.84,BRL
Henry,Burke,hburke7x@cisco.com,China,Male,Wufeng,Voonyx,30606.65,CNY
Cynthia,Vasquez,cvasquez7y@sogou.com,Russia,Female,Yelets,Latz,7753.76,RUB
Doris,Mcdonald,dmcdonald7z@webnode.com,Tunisia,Female,Chebba,Edgeblab,97431.37,TND
Nicole,Lee,nlee80@npr.org,China,Female,Chang’an,Miboo,25826.02,CNY
Joshua,Rogers,jrogers81@last.fm,Indonesia,Male,Baler Baleagung,Browsezoom,77218.32,IDR
Christina,Green,cgreen82@bizjournals.com,Portugal,Female,São Pedro do Estoril,Browsedrive,72826.25,EUR
Teresa,Kennedy,tkennedy83@delicious.com,Thailand,Female,Phonphisai,Centidel,84369.53,THB
Gerald,Harper,gharper84@unc.edu,Brazil,Male,Petrolina de Goiás,Devbug,32040.58,BRL
Debra,Walker,dwalker85@cbc.ca,Croatia,Female,Marinići,Vinder,80915.48,HRK
Mark,Larson,mlarson86@amazon.de,Peru,Male,Lampa,Eimbee,84465.25,PEN
Mildred,Berry,mberry87@deviantart.com,Iran,Female,Galūgāh,Tekfly,82258.77,IRR
Daniel,Barnes,dbarnes88@goo.gl,Poland,Male,Dobre,Jabberbean,73676.13,PLN
Diana,Spencer,dspencer89@liveinternet.ru,China,Female,Niu,Eadel,78117.19,CNY
Jack,Henry,jhenry8a@icq.com,Indonesia,Male,Cihaur,Layo,42477.27,IDR
Jack,Moreno,jmoreno8b@hibu.com,France,Male,Mulhouse,Oozz,,EUR
Joshua,Walker,jwalker8c@usnews.com,Ukraine,Male,Komyshuvakha,Edgewire,44008.42,UAH
Kelly,Foster,kfoster8d@constantcontact.com,China,Female,Huangcun,Centimia,,CNY
Thomas,Barnes,tbarnes8e@army.mil,Armenia,Male,Voskehask,Buzzster,62093.51,AMD
Kenneth,Schmidt,kschmidt8f@eventbrite.com,Papua New Guinea,Male,Goroka,Talane,21672.44,PGK
Henry,Reyes,hreyes8g@creativecommons.org,Egypt,Male,Talā,Devbug,92113.73,EGP
Joshua,Fields,jfields8h@last.fm,North Korea,Male,Ŭiju,Livetube,64719.74,KPW
Anthony,Collins,acollins8i@t.co,China,Male,Jincheng,Tagfeed,58289.91,CNY
Gary,Elliott,gelliott8j@nymag.com,Bulgaria,Male,Tvŭrditsa,Yodel,59179.01,BGN
Marie,Young,myoung8k@ucla.edu,Sweden,Female,Helsingborg,Mynte,18614.55,SEK
Phillip,Perkins,pperkins8l@digg.com,Malta,Male,Kalkara,Zoomlounge,840.53,EUR
David,Garza,dgarza8m@tamu.edu,Indonesia,Male,Ciherang,Aibox,17984.78,IDR
Kathryn,Bishop,kbishop8n@ft.com,Russia,Female,Sim,Ntag,31147.23,RUB
Daniel,Black,dblack8o@hostgator.com,China,Male,Yujia,Zoomlounge,88521.12,CNY
Frances,Castillo,fcastillo8p@sogou.com,France,Female,Marmande,Eare,83620.87,EUR
Shawn,Hayes,shayes8q@eepurl.com,Indonesia,Male,Panggung,Feednation,56909.14,IDR
Frank,Willis,fwillis8r@smugmug.com,Czech Republic,Male,Ledeč nad Sázavou,Centizu,21717.18,CZK
Lois,Stephens,lstephens8s@nature.com,China,Female,Huangtugang,Skilith,37019.94,CNY
Patricia,Palmer,ppalmer8t@theatlantic.com,Indonesia,Female,Batulawang,Jamia,34125.40,IDR
Catherine,Jacobs,cjacobs8u@bloomberg.com,Indonesia,Female,Karangasem,Avamm,34246.17,IDR
Frank,James,fjames8v@imdb.com,Netherlands,Male,Sneek,Flipopia,59738.02,EUR
Julie,Simmons,jsimmons8w@tuttocitta.it,Peru,Female,Huayacundo Arma,Buzzster,55293.95,PEN
Deborah,Washington,dwashington8x@a8.net,China,Female,Gaoqiao,Riffpath,17909.85,CNY
Justin,Morgan,jmorgan8y@smugmug.com,France,Male,Lyon,Thoughtbridge,55583.00,EUR
Teresa,Morrison,tmorrison8z@blinklist.com,Philippines,Female,Tagana-an,Skibox,48800.95,PHP
Lawrence,Young,lyoung90@ihg.com,Yemen,Male,As Sūq al Jadīd,Trilith,1327.17,YER
Anna,Bishop,abishop91@mayoclinic.com,France,Female,Montpellier,Cogidoo,3536.38,EUR
Judith,Dunn,jdunn92@webeden.co.uk,Canada,Female,Lac-Brome,Browsetype,49563.42,CAD
Louise,Thomas,lthomas93@tripod.com,China,Female,Haiyangsuo,Photofeed,68907.01,CNY
Terry,Phillips,tphillips94@so-net.ne.jp,Philippines,Male,Saraza,Zoombox,,PHP
Carlos,Bennett,cbennett95@multiply.com,Russia,Male,Sovetsk,Ainyx,,RUB
Christina,Ortiz,cortiz96@chicagotribune.com,Afghanistan,Female,Qal‘ah-ye Shāhī,Jaxnation,28413.92,AFN
Gloria,Oliver,goliver97@columbia.edu,Indonesia,Female,Jeruk,Twitterlist,88411.07,IDR
Christine,Mitchell,cmitchell98@google.co.jp,France,Female,Saint-Brieuc,Dynava,54481.07,EUR
David,Cox,dcox99@hibu.com,Russia,Male,Pavlovka,LiveZ,65805.42,RUB
Lois,Rodriguez,lrodriguez9a@columbia.edu,China,Female,Heshui,Skipstorm,8275.27,CNY
Larry,Chapman,lchapman9b@amazon.com,China,Male,Baohe,Thoughtstorm,71019.84,CNY
Lawrence,Pierce,lpierce9c@craigslist.org,Netherlands,Male,Waalwijk,Talane,95485.13,EUR
Phyllis,Elliott,pelliott9d@europa.eu,Indonesia,Female,Prapen,Lajo,16683.83,IDR
Albert,Garcia,agarcia9e@nifty.com,Nigeria,Male,Badagry,Aivee,61368.43,NGN
Tammy,Hicks,thicks9f@mlb.com,China,Female,Huangzhuang,Meejo,,CNY
Scott,George,sgeorge9g@1und1.de,Peru,Male,Chalamarca,Bubblebox,95191.21,PEN
Clarence,Kelly,ckelly9h@oracle.com,China,Male,Huayuan,Realbuzz,63790.22,CNY
Johnny,Warren,jwarren9i@macromedia.com,Vanuatu,Male,Port-Vila,Dynazzy,,VUV
Helen,Palmer,hpalmer9j@epa.gov,Portugal,Female,Madalena,Linkbuzz,27028.61,EUR
Laura,Freeman,lfreeman9k@macromedia.com,Philippines,Female,Cafe,Tagpad,59306.45,PHP
Carl,Snyder,csnyder9l@bing.com,Mexico,Male,Emiliano Zapata,Roombo,81690.35,MXN
Peter,Mccoy,pmccoy9m@stanford.edu,Iran,Male,Nīkshahr,Riffwire,,IRR
Johnny,Nichols,jnichols9n@shinystat.com,Indonesia,Male,Babakanbandung,Brainverse,,IDR
Daniel,Daniels,ddaniels9o@delicious.com,Philippines,Male,Santo Tomas,Youbridge,43729.16,PHP
Elizabeth,Wright,ewright9p@1688.com,Peru,Female,Cerro de Pasco,Midel,14410.95,PEN
Julia,Lynch,jlynch9q@google.co.uk,Brazil,Female,Padre Paraíso,Babbleopia,37873.95,BRL
Frances,Ford,fford9r@washingtonpost.com,Russia,Female,Krasnoye,Blogtags,2854.84,RUB
Jean,Holmes,jholmes9s@google.ca,China,Female,Jialou,Dabjam,85070.32,CNY
Howard,Black,hblack9t@moonfruit.com,Ukraine,Male,Partenit,Zoomcast,4194.95,UAH
Steve,Johnston,sjohnston9u@umn.edu,Germany,Male,Hannover,Plajo,86175.04,EUR
Charles,Hansen,chansen9v@reuters.com,Philippines,Male,Maquiapo,Twitterbeat,30392.30,PHP
Tina,Burns,tburns9w@jugem.jp,China,Female,Guoyuan,Chatterpoint,99375.40,CNY
Patricia,Boyd,pboyd9x@amazon.com,China,Female,Hongchun,Jaxspan,22556.45,CNY
David,Holmes,dholmes9y@ibm.com,Sweden,Male,Svalöv,Rhynoodle,,SEK
Melissa,Kim,mkim9z@google.fr,Portugal,Female,Outeiro Seco,Skinder,82987.88,EUR
Gloria,Harris,gharrisa0@buzzfeed.com,China,Female,Changjiang,Yakitri,14659.15,CNY
Jeremy,Black,jblacka1@biglobe.ne.jp,Russia,Male,Malysheva,Twinder,81852.55,RUB
Kathryn,Mendoza,kmendozaa2@netlog.com,Russia,Female,Ukhta,Podcat,30737.67,RUB
Brian,Andrews,bandrewsa3@rambler.ru,France,Male,Arras,Eayo,15915.36,EUR
Paul,Boyd,pboyda4@thetimes.co.uk,China,Male,Sanjiangkou,Devify,99126.29,CNY
Bonnie,Griffin,bgriffina5@istockphoto.com,Canada,Female,Montague,Babbleset,58367.41,CAD
Diane,Pierce,dpiercea6@yale.edu,Afghanistan,Female,Chakaray,Browsedrive,13613.66,AFN
Jason,Cox,jcoxa7@pcworld.com,United States,Male,Dallas,Twitternation,,USD
Joan,Clark,jclarka8@globo.com,Sweden,Female,Linköping,Twinte,14590.75,SEK
Joan,Davis,jdavisa9@prweb.com,Japan,Female,Sano,Wikido,43615.91,JPY
Todd,Martin,tmartinaa@fastcompany.com,China,Male,Dabu,Cogibox,54169.34,CNY
Kathy,Adams,kadamsab@exblog.jp,China,Female,Butahai,Jabbersphere,83155.19,CNY
Sandra,Cole,scoleac@elpais.com,United States,Female,Cincinnati,Topiclounge,90993.86,USD
Larry,Hall,lhallad@feedburner.com,Japan,Male,Motegi,Brainverse,16177.21,JPY
Christina,Cruz,ccruzae@youtube.com,Azerbaijan,Female,Biny Selo,Agivu,1561.92,AZN
Daniel,Carroll,dcarrollaf@mail.ru,Thailand,Male,Si Narong,Jaxnation,99036.15,THB
Alice,Hunt,ahuntag@liveinternet.ru,Ethiopia,Female,Bahir Dar,Quimm,,ETB
Carlos,Watkins,cwatkinsah@yellowpages.com,Ukraine,Male,Yakymivka,Browsebug,44212.66,UAH
Andrea,Hayes,ahayesai@histats.com,Russia,Female,Sosnovo-Ozerskoye,Edgetag,70117.62,RUB
Wayne,Olson,wolsonaj@yellowbook.com,Uruguay,Male,Quebracho,Tavu,8076.23,UYU
Sean,Simmons,ssimmonsak@canalblog.com,Cameroon,Male,Mamfe,InnoZ,9674.94,XAF
Chris,Watkins,cwatkinsal@mapy.cz,China,Male,Fangyan,Kazu,60184.92,CNY
Brenda,Graham,bgrahamam@joomla.org,Czech Republic,Female,Zdíkov,Meezzy,93734.72,CZK
Bruce,Morris,bmorrisan@jalbum.net,Indonesia,Male,Pancoran,Livepath,30650.09,IDR
Nancy,Arnold,narnoldao@blogs.com,Greece,Female,Rizári,Youopia,,EUR
Margaret,Lane,mlaneap@webeden.co.uk,Philippines,Female,Sangat,Feedbug,87221.61,PHP
Anna,Fisher,afisheraq@thetimes.co.uk,Syria,Female,‘Ayn al Bayḑā,Linklinks,23284.02,SYP
Charles,Peterson,cpetersonar@examiner.com,United Kingdom,Male,Upton,Livepath,19958.16,GBP
Terry,Wells,twellsas@xrea.com,Colombia,Male,Funes,Topdrive,19873.42,COP
Anne,Lee,aleeat@about.me,Thailand,Female,Chatuchak,Roodel,33129.42,THB
Martha,Jordan,mjordanau@netscape.com,Indonesia,Female,Ciputat,Quimba,71197.56,IDR
Amanda,Jacobs,ajacobsav@cdc.gov,Libya,Female,At Tāj,Mynte,17355.74,LYD
Paula,Harris,pharrisaw@wiley.com,China,Female,Xingtai,Twiyo,8615.15,CNY
Joan,Nguyen,jnguyenax@wsj.com,Philippines,Female,San Isidro,Edgewire,11930.07,PHP
Ruby,Knight,rknightay@symantec.com,China,Female,Yuanjue,Rhybox,94176.40,CNY
Stephanie,Dixon,sdixonaz@goodreads.com,Philippines,Female,Tubod,Jabbersphere,18497.68,PHP
Beverly,Foster,bfosterb0@illinois.edu,Nigeria,Female,Wagini,LiveZ,20107.02,NGN
Roy,Ruiz,rruizb1@comsenz.com,China,Male,Yuhuang,Podcat,,CNY
Heather,Cook,hcookb2@sohu.com,Philippines,Female,Tagnanan,Jatri,51328.70,PHP
Juan,Peters,jpetersb3@vimeo.com,Luxembourg,Male,Sandweiler,Realpoint,94996.53,EUR
Robert,Stephens,rstephensb4@amazon.co.jp,Indonesia,Male,Tilang,Meevee,12521.20,IDR
Lori,Johnston,ljohnstonb5@people.com.cn,China,Female,Baoquanshan,Divape,,CNY
Ernest,Smith,esmithb6@shinystat.com,Indonesia,Male,Baturinggit Kaja,Photospace,84878.11,IDR
Amy,Bishop,abishopb7@unc.edu,Greece,Female,Ágios Pétros,Jaloo,20422.58,EUR
Thomas,Fuller,tfullerb8@rakuten.co.jp,France,Male,Caluire-et-Cuire,Skyba,79818.93,EUR
Robin,Little,rlittleb9@imageshack.us,Poland,Female,Raciąż,Realcube,72184.72,PLN
Timothy,White,twhiteba@reuters.com,China,Male,Dongtou,Eadel,36074.85,CNY
Jesse,Parker,jparkerbb@discovery.com,Brazil,Male,Simões Filho,Twitterbridge,75363.86,BRL
Susan,James,sjamesbc@photobucket.com,Philippines,Female,Concordia,Twimbo,97270.12,PHP
Amanda,Adams,aadamsbd@infoseek.co.jp,Malaysia,Female,Kota Bharu,Blogtags,43728.28,MYR
Norma,Wells,nwellsbe@vistaprint.com,Philippines,Female,Manicahan,Thoughtstorm,95612.23,PHP
Jerry,Wheeler,jwheelerbf@umn.edu,France,Male,Chilly-Mazarin,Demizz,96128.92,EUR
Lois,Murphy,lmurphybg@i2i.jp,China,Female,Sanban,Oozz,32304.18,CNY
John,Little,jlittlebh@amazon.co.jp,China,Male,Changchuan,Topiclounge,94943.67,CNY
Barbara,Jenkins,bjenkinsbi@who.int,Philippines,Female,Calape,Riffpedia,32117.72,PHP
Betty,Rodriguez,brodriguezbj@ustream.tv,China,Female,Xiushi,Fatz,1704.52,CNY
Todd,Larson,tlarsonbk@yelp.com,Syria,Male,Al Ghāriyah,Lazz,93860.04,SYP
Shawn,Brown,sbrownbl@icq.com,China,Male,Shanjiao,Voonte,52380.50,CNY
Raymond,Chavez,rchavezbm@google.fr,China,Male,Wanquan,Realmix,,CNY
Helen,Lawrence,hlawrencebn@reuters.com,Malaysia,Female,Kota Kinabalu,Rhyloo,48092.76,MYR
Rebecca,Hunt,rhuntbo@blinklist.com,China,Female,Oula Xiuma,Eabox,47609.36,CNY
Henry,Moreno,hmorenobp@ucla.edu,China,Male,Sankeyushu,Jabberbean,42935.76,CNY
Joshua,Alvarez,jalvarezbq@digg.com,China,Male,Liandu,Thoughtblab,43016.55,CNY
Lori,Campbell,lcampbellbr@thetimes.co.uk,Indonesia,Female,Cikijing,Voonyx,26015.71,IDR
Susan,Fields,sfieldsbs@zdnet.com,Poland,Female,Wolanów,Skidoo,97994.14,PLN
Pamela,Carter,pcarterbt@amazon.co.uk,Russia,Female,Rybnoye,Photofeed,58674.02,RUB
Jane,Brooks,jbrooksbu@fotki.com,Belarus,Female,Antopal’,Trunyx,,BYR
Sean,Marshall,smarshallbv@trellian.com,Tanzania,Male,Igurusi,Divavu,782.13,TZS
Nicholas,Cunningham,ncunninghambw@hud.gov,Ukraine,Male,Boyany,Twitterworks,27849.81,UAH
Doris,Allen,dallenbx@photobucket.com,Russia,Female,Konobeyevo,Lazz,52788.20,RUB
Lawrence,Kennedy,lkennedyby@hugedomains.com,Norway,Male,Oslo,Realblab,91914.75,NOK
Jennifer,Fowler,jfowlerbz@bloglines.com,Nigeria,Female,Maiyema,Thoughtstorm,67754.08,NGN
Kevin,Gordon,kgordonc0@mashable.com,Brazil,Male,Cotia,Rhynoodle,61586.80,BRL
Katherine,Ruiz,kruizc1@ucoz.ru,China,Female,Xinxing,Trilith,5019.23,CNY
Gregory,Thomas,gthomasc2@chron.com,Philippines,Male,Boljoon,Jazzy,48775.31,PHP
Justin,Morris,jmorrisc3@ucoz.com,Indonesia,Male,Krajan Bakalan,Rhycero,16070.44,IDR
Ruby,Mills,rmillsc4@cmu.edu,Ukraine,Female,Shevchenkove,Wordify,4323.77,UAH
Christine,Clark,cclarkc5@reference.com,Indonesia,Female,Krajan Curahcotok,Skinte,15923.78,IDR
Jimmy,Ward,jwardc6@yellowbook.com,France,Male,Châteauroux,Eamia,96606.71,EUR
Victor,Arnold,varnoldc7@booking.com,Canada,Male,Rosthern,Meezzy,36076.84,CAD
Dennis,Wright,dwrightc8@google.cn,China,Male,Fengping,Blogtags,2675.27,CNY
Elizabeth,Howard,ehowardc9@cafepress.com,Iran,Female,Piranshahr,Pixope,93889.44,IRR
Tina,Henderson,thendersonca@jigsy.com,Kenya,Female,Londiani,Zoomzone,72927.33,KES
Karen,Fields,kfieldscb@wix.com,Russia,Female,Kolyshley,Pixope,,RUB
Virginia,Cunningham,vcunninghamcc@twitpic.com,Croatia,Female,Domašinec,Oozz,16812.69,HRK
Russell,Chavez,rchavezcd@unblog.fr,Colombia,Male,Melgar,Voolith,8759.80,COP
Michael,Castillo,mcastilloce@ocn.ne.jp,Philippines,Male,Gocoton,Zoomcast,34082.11,PHP
Doris,Rivera,driveracf@cbc.ca,Bulgaria,Female,Razgrad,Fatz,43468.35,BGN
Andrew,Ferguson,afergusoncg@cdbaby.com,Azerbaijan,Male,Saatlı,Jayo,86567.05,AZN
Kathy,Holmes,kholmesch@mapy.cz,Honduras,Female,Duyure,Devify,49078.83,HNL
Amanda,Lynch,alynchci@hud.gov,Colombia,Female,La Virginia,Bubbletube,3454.29,COP
Evelyn,Smith,esmithcj@paypal.com,France,Female,Grenoble,Zoovu,70710.54,EUR
Marilyn,Reed,mreedck@marketwatch.com,Indonesia,Female,Wringinsari,Photojam,98280.10,IDR
Todd,Hill,thillcl@yandex.ru,Azerbaijan,Male,Pirallahı,Kaymbo,,AZN
Alan,Thomas,athomascm@google.ru,Indonesia,Male,Cisalak,Divavu,97245.37,IDR
Janet,Bennett,jbennettcn@wunderground.com,Philippines,Female,Agdangan,Yodo,15772.00,PHP
Carol,Peters,cpetersco@gizmodo.com,Germany,Female,Hannover,Izio,30325.64,EUR
Sara,Henry,shenrycp@google.ru,Brazil,Female,Barbacena,Pixope,89220.53,BRL
Elizabeth,Butler,ebutlercq@cornell.edu,Mexico,Female,San Miguel,Mydeo,9527.12,MXN
Jeffrey,Freeman,jfreemancr@themeforest.net,Brazil,Male,Quatro Barras,Photojam,32481.45,BRL
Bobby,Nelson,bnelsoncs@mozilla.org,Portugal,Male,Moita,Rhynyx,70990.74,EUR
Julie,Knight,jknightct@army.mil,Iraq,Female,Al Başrah,Aibox,90472.77,IQD
Phillip,Willis,pwilliscu@comsenz.com,Philippines,Male,Paldit,Linklinks,55286.78,PHP
Martha,Jacobs,mjacobscv@skyrock.com,China,Female,Nanxinxiang,Cogidoo,49931.93,CNY
Wayne,Gutierrez,wgutierrezcw@mysql.com,Portugal,Male,Jovim,Skaboo,5058.03,EUR
Christina,Kim,ckimcx@hostgator.com,China,Female,Guangdu,Tagopia,,CNY
Richard,Garza,rgarzacy@imageshack.us,China,Male,Haitou,Fatz,66097.83,CNY
Norma,Carr,ncarrcz@ucla.edu,Serbia,Female,Aranđelovac,Skyvu,6157.59,RSD
Raymond,Bailey,rbaileyd0@elegantthemes.com,Madagascar,Male,Sakaraha,Fatz,96443.16,MGA
Wanda,Richards,wrichardsd1@nps.gov,Portugal,Female,Viso,Trilith,28134.92,EUR
Robert,Gibson,rgibsond2@chronoengine.com,Philippines,Male,Union,Gigabox,24264.54,PHP
Virginia,Stephens,vstephensd3@webs.com,France,Female,Avignon,Babbleset,62400.60,EUR
Russell,Greene,rgreened4@e-recht24.de,China,Male,Zhishan,Skyvu,54404.72,CNY
Irene,Richardson,irichardsond5@ebay.com,China,Female,Qingshanhu,Oyondu,4458.29,CNY
Michael,Hawkins,mhawkinsd6@spotify.com,Croatia,Male,Žrnovnica,Oyoloo,64992.52,HRK
Tammy,Wilson,twilsond7@youtube.com,Colombia,Female,Pensilvania,Fliptune,,COP
Martin,Bradley,mbradleyd8@chronoengine.com,Portugal,Male,Seara,Pixope,26954.90,EUR
Doris,Oliver,doliverd9@independent.co.uk,Portugal,Female,Lobão,Minyx,53452.91,EUR
Fred,Perry,fperryda@shutterfly.com,Mexico,Male,Obrera,Gabtune,61785.88,MXN
Mary,Castillo,mcastillodb@earthlink.net,Russia,Female,Taganrog,Centimia,47230.93,RUB
Jonathan,Wallace,jwallacedc@cloudflare.com,Indonesia,Male,Kauhan,Trudeo,53154.97,IDR
Theresa,Hernandez,thernandezdd@cyberchimps.com,Costa Rica,Female,Juntas,Vidoo,83990.17,CRC
Stephen,Wilson,swilsonde@de.vu,China,Male,Cuozheqiangma,Vinte,,CNY
Diane,Hill,dhilldf@youtu.be,Panama,Female,Las Tablas,Jabberstorm,40979.49,PAB
Stephen,Romero,sromerodg@tumblr.com,Russia,Male,Dzhiginka,Ailane,86357.33,RUB
Nicholas,Reyes,nreyesdh@acquirethisname.com,Dominican Republic,Male,Ensanche Luperón,Riffpedia,70217.41,DOP
Christopher,Moore,cmooredi@over-blog.com,Russia,Male,Aksha,Twitterworks,85176.86,RUB
Harry,Austin,haustindj@google.co.jp,Yemen,Male,Ta‘izz,Flipopia,59644.78,YER
Kathryn,Torres,ktorresdk@bloglovin.com,Bangladesh,Female,Lakshmīpur,Dynabox,64877.86,BDT
Billy,Williamson,bwilliamsondl@ucla.edu,Brazil,Male,Santo Anastácio,Livetube,4977.57,BRL
Sara,Wells,swellsdm@t.co,Argentina,Female,Yacimiento Río Turbio,JumpXS,85698.74,ARS
Heather,Jackson,hjacksondn@theguardian.com,Indonesia,Female,Pasarnangka,Topicstorm,57826.66,IDR
Roy,Morgan,rmorgando@usnews.com,China,Male,Gaopu,Dabjam,40875.83,CNY
Christina,Cruz,ccruzdp@sogou.com,Ukraine,Female,Tyshkivka,Centidel,13681.19,UAH
Joan,Lawson,jlawsondq@dmoz.org,China,Female,Jinghai,Bubbletube,75648.98,CNY
Michael,Murphy,mmurphydr@so-net.ne.jp,China,Male,Beigucheng,Trudeo,67233.24,CNY
Nicole,Wagner,nwagnerds@theguardian.com,Argentina,Female,El Aguilar,Zoomcast,73919.46,ARS
Barbara,Ray,braydt@cpanel.net,China,Female,Chengnan,Zoonoodle,78931.39,CNY
Sarah,Elliott,selliottdu@live.com,China,Female,Lijiaping,Voomm,27391.47,CNY
Robert,Shaw,rshawdv@etsy.com,Philippines,Male,Pawa,Skyvu,22167.32,PHP
Tammy,Phillips,tphillipsdw@usda.gov,United Kingdom,Female,Upton,Kare,17072.27,GBP
Craig,Lewis,clewisdx@imdb.com,Russia,Male,Burlatskoye,Feedmix,,RUB
Marilyn,Flores,mfloresdy@bandcamp.com,Nicaragua,Female,Bocana de Paiwas,Riffpath,40890.50,NIO
Shirley,Russell,srusselldz@desdev.cn,Pakistan,Female,Shujāābād,Jabberstorm,9669.78,PKR
Debra,Moreno,dmorenoe0@icq.com,Russia,Female,Dubinino,Babblestorm,52346.66,RUB
Jonathan,Morrison,jmorrisone1@sourceforge.net,China,Male,Hali,Innotype,96794.42,CNY
Sara,Lewis,slewise2@jimdo.com,China,Female,Heshui,Dabvine,40370.51,CNY
Nicole,Brooks,nbrookse3@paginegialle.it,France,Female,Paris 12,Realfire,500.39,EUR
Christina,Fuller,cfullere4@pinterest.com,China,Female,Taiping,Wordpedia,72485.26,CNY
Gerald,Jacobs,gjacobse5@fastcompany.com,Russia,Male,Ust’-Labinsk,Photobug,98517.64,RUB
Kathleen,Castillo,kcastilloe6@gravatar.com,Canada,Female,Medicine Hat,Bubblebox,83099.90,CAD
Marilyn,Chapman,mchapmane7@g.co,Portugal,Female,Lisboa,Leenti,2775.77,EUR
Billy,Hamilton,bhamiltone8@vinaora.com,China,Male,Fengshan,Blogtags,88049.08,CNY
Larry,Frazier,lfraziere9@livejournal.com,Guatemala,Male,Jerez,Oyoba,581.93,GTQ
Steve,Nichols,snicholsea@last.fm,China,Male,Laohekou,Snaptags,35371.33,CNY
Patrick,Kennedy,pkennedyeb@imgur.com,China,Male,Helie,Zoozzy,77130.39,CNY
Ann,Chavez,achavezec@un.org,Indonesia,Female,Sobontoro,Photobug,88727.21,IDR
Rachel,Hawkins,rhawkinsed@nba.com,China,Female,Luokeng,Yombu,99311.26,CNY
Rebecca,Howell,rhowellee@bloglines.com,Vietnam,Female,Thị Trấn Mường Khến,Skidoo,93175.60,VND
Jimmy,Gibson,jgibsonef@qq.com,China,Male,Yaopi,Flashset,9562.67,CNY
Steve,Stephens,sstephenseg@bbb.org,Finland,Male,Ruukki,Roomm,93362.72,EUR
Aaron,Hart,aharteh@so-net.ne.jp,Brazil,Male,Jaguariaíva,Dynava,,BRL
Louis,Rogers,lrogersei@salon.com,Vietnam,Male,Kon Dơng,Thoughtblab,79639.04,VND
Steven,Stanley,sstanleyej@amazon.co.jp,China,Male,Jiling,InnoZ,18240.30,CNY
Earl,Willis,ewillisek@nasa.gov,Luxembourg,Male,Bous,Kare,34010.22,EUR
Roy,Cole,rcoleel@gmpg.org,China,Male,Taoyuan,Vimbo,88989.38,CNY
Beverly,Stone,bstoneem@live.com,Indonesia,Female,Sambongmulyo,Linktype,65452.40,IDR
Judy,Bowman,jbowmanen@wikispaces.com,Madagascar,Female,Antanifotsy,Livetube,57667.29,MGA
Rebecca,Weaver,rweavereo@unc.edu,Vietnam,Female,Chợ Mới,Trilith,44796.10,VND
Anne,Snyder,asnyderep@technorati.com,Brazil,Female,São Cristóvão,Wikizz,67402.59,BRL
Michelle,Graham,mgrahameq@google.pl,Japan,Female,Yorii,Mynte,,JPY
Adam,Alexander,aalexanderer@wordpress.com,Indonesia,Male,Kudus,Katz,63050.90,IDR
Craig,Carroll,ccarrolles@i2i.jp,Croatia,Male,Vis,Chatterbridge,8437.26,HRK
Steve,Barnes,sbarneset@123-reg.co.uk,Sweden,Male,Stockholm,Oba,71739.33,SEK
Emily,Weaver,eweavereu@shareasale.com,Argentina,Female,Maipú,Zoozzy,55530.02,ARS
Heather,Burton,hburtonev@technorati.com,Mexico,Female,Guadalupe,Wordware,,MXN
Brandon,Cruz,bcruzew@slashdot.org,Paraguay,Male,General Elizardo Aquino,Twitterbeat,40824.36,PYG
Amy,Wallace,awallaceex@webs.com,Indonesia,Female,Puteran Kidul,Riffpedia,41936.45,IDR
Annie,Gomez,agomezey@shop-pro.jp,Angola,Female,Luanda,Reallinks,13226.73,AOA
Catherine,Castillo,ccastilloez@state.tx.us,Guatemala,Female,San Benito,Buzzster,68876.18,GTQ
Raymond,Alexander,ralexanderf0@phoca.cz,Brazil,Male,Rio Verde de Mato Grosso,Fliptune,61007.78,BRL
Marilyn,Torres,mtorresf1@artisteer.com,Philippines,Female,Vizal San Pablo,Fivespan,77207.90,PHP
Tammy,Armstrong,tarmstrongf2@hhs.gov,United States,Female,Miami,Lazz,1816.13,USD
Karen,Dixon,kdixonf3@ovh.net,Indonesia,Female,Pahing Jalatrang,Devpulse,6688.48,IDR
Ann,Baker,abakerf4@yahoo.com,Philippines,Female,Malabago,Gabcube,45942.34,PHP
Peter,Medina,pmedinaf5@washingtonpost.com,Bulgaria,Male,Berkovitsa,Ainyx,91812.71,BGN
Norma,Stephens,nstephensf6@washington.edu,Brazil,Female,Itanhaém,Shufflester,25673.87,BRL
Christine,Henry,chenryf7@clickbank.net,Serbia,Female,Lajkovac,Skinder,42878.98,RSD
Judith,Elliott,jelliottf8@flickr.com,China,Female,Zhonghe,Oba,40945.78,CNY
Rose,Anderson,randersonf9@livejournal.com,Sweden,Female,Bromma,Feedmix,23113.38,SEK
Nicole,Watson,nwatsonfa@mozilla.com,Portugal,Female,Lamas,Skimia,,EUR
Samuel,Barnes,sbarnesfb@cbslocal.com,Poland,Male,Skołyszyn,Kamba,,PLN
Ruby,Phillips,rphillipsfc@technorati.com,Brazil,Female,Itaperuçu,Dabjam,41243.11,BRL
Stephen,Roberts,srobertsfd@digg.com,China,Male,Aba,Brainlounge,,CNY
Arthur,Carr,acarrfe@360.cn,Madagascar,Male,Anjepy,Photobug,49779.28,MGA
Richard,Harrison,rharrisonff@amazon.com,Russia,Male,Novosibirsk,Wordtune,96698.74,RUB
Norma,Willis,nwillisfg@wisc.edu,Vietnam,Female,Tân Hưng,Thoughtbridge,45069.25,VND
Julia,Nichols,jnicholsfh@toplist.cz,Portugal,Female,São Martinho do Campo,Yodo,74173.82,EUR
Jack,Dixon,jdixonfi@bing.com,Norway,Male,Hamar,Lajo,22077.40,NOK
Victor,Schmidt,vschmidtfj@php.net,Belarus,Male,Karanyowka,Minyx,45674.25,BYR
Rebecca,Hall,rhallfk@reuters.com,Indonesia,Female,Tanamiting,Eamia,,IDR
Cynthia,Williamson,cwilliamsonfl@dell.com,China,Female,Changning,Quire,85378.05,CNY
Tina,Ellis,tellisfm@stanford.edu,Morocco,Female,Tirhanimîne,Dabtype,39218.92,MAD
Linda,George,lgeorgefn@unblog.fr,Indonesia,Female,Kotakaya Dua,Flashspan,34302.63,IDR
Russell,Black,rblackfo@imageshack.us,United Kingdom,Male,Liverpool,Twimm,92299.75,GBP
Judy,Gray,jgrayfp@google.co.jp,Czech Republic,Female,Mostek,Myworks,,CZK
Marie,Patterson,mpattersonfq@themeforest.net,Serbia,Female,Gornji Breg,Camimbo,48722.90,RSD
Andrew,Robinson,arobinsonfr@cnet.com,China,Male,Lüjiabao,Jaxnation,33275.79,CNY
Helen,Martinez,hmartinezfs@earthlink.net,Czech Republic,Female,Darkovice,Trudoo,31977.43,CZK
Rebecca,Morris,rmorrisft@deliciousdays.com,Indonesia,Female,Higetegera,Skilith,29232.56,IDR
Cynthia,Morris,cmorrisfu@freewebs.com,Indonesia,Female,Gamping Lor,Youopia,99482.52,IDR
Ruby,Burns,rburnsfv@g.co,China,Female,Sihe,Jaxbean,21815.31,CNY
Margaret,Black,mblackfw@vk.com,Mali,Female,Ansongo,Chatterbridge,68032.82,XOF
Teresa,Bryant,tbryantfx@163.com,Sweden,Female,Nossebro,Flipbug,94920.80,SEK
Ruby,Vasquez,rvasquezfy@cornell.edu,Philippines,Female,Lagasit,Flipbug,53562.01,PHP
Harry,Carr,hcarrfz@oracle.com,Ecuador,Male,Pedro Carbo,Thoughtstorm,96150.68,USD
Carlos,Morgan,cmorgang0@netscape.com,Yemen,Male,Mabyan,Linkbridge,,YER
Patricia,Coleman,pcolemang1@elegantthemes.com,Croatia,Female,Trpinja,Nlounge,31749.06,HRK
Walter,Greene,wgreeneg2@cdbaby.com,Madagascar,Male,Ikongo,Thoughtblab,24866.32,MGA
Jane,Wallace,jwallaceg3@nature.com,Luxembourg,Female,Eschweiler,Feedmix,38326.90,EUR
Cheryl,Hughes,chughesg4@facebook.com,Argentina,Female,Monte Caseros,Quatz,55051.96,ARS
Samuel,Stone,sstoneg5@facebook.com,France,Male,Lyon,Tanoodle,88640.92,EUR
Anne,Hart,ahartg6@miitbeian.gov.cn,South Africa,Female,KwaMbonambi,Shufflebeat,6810.91,ZAR
Howard,Vasquez,hvasquezg7@vimeo.com,Japan,Male,Takehara,Quamba,69605.99,JPY
Denise,Jones,djonesg8@ibm.com,Chile,Female,Linares,Agivu,49663.26,CLP
Cynthia,Sullivan,csullivang9@ucoz.com,Somalia,Female,Baardheere,Abatz,,SOS
Martin,Carr,mcarrga@gravatar.com,Russia,Male,Kolyvan’,Bubblemix,26772.79,RUB
Albert,Russell,arussellgb@squarespace.com,Philippines,Male,Halayhayin,Brainverse,72876.91,PHP
Carlos,Walker,cwalkergc@arizona.edu,Indonesia,Male,Kawungsari,Kamba,,IDR
Christine,Parker,cparkergd@elegantthemes.com,Panama,Female,Río Sereno,Mymm,35907.46,PAB
Robert,Weaver,rweaverge@dot.gov,Syria,Male,Iḩsim,Midel,55171.35,SYP
Jeffrey,Carpenter,jcarpentergf@deliciousdays.com,Czech Republic,Male,Sepekov,Buzzshare,,CZK
Robin,Greene,rgreenegg@yellowbook.com,Ukraine,Female,Balta,Wordify,64328.66,UAH
Daniel,Price,dpricegh@meetup.com,Brazil,Male,Cândido Mota,Livetube,17546.78,BRL
Tina,Wheeler,twheelergi@economist.com,Poland,Female,Połomia,Tambee,91715.40,PLN
Robin,Martin,rmartingj@google.co.uk,China,Female,Yuetang,Photofeed,11052.64,CNY
Ralph,Carpenter,rcarpentergk@tamu.edu,Brazil,Male,Ribeirão Preto,Livetube,,BRL
Sarah,Graham,sgrahamgl@godaddy.com,China,Female,Peicheng,Yombu,23049.53,CNY
Joe,Washington,jwashingtongm@dailymotion.com,Brazil,Male,Toledo,Jayo,49006.42,BRL
David,Fisher,dfishergn@addthis.com,Chile,Male,Freire,Linklinks,78415.73,CLP
Jonathan,Lane,jlanego@microsoft.com,Austria,Male,Villach,Gabspot,,EUR
Thomas,Mills,tmillsgp@noaa.gov,Russia,Male,Khatanga,Abatz,,RUB
Rebecca,Hicks,rhicksgq@bigcartel.com,Indonesia,Female,Luntas,Buzzdog,23185.86,IDR
Pamela,Carpenter,pcarpentergr@tripadvisor.com,Vietnam,Female,Hà Tiên,Quinu,86859.23,VND
Todd,Williams,twilliamsgs@mapy.cz,Indonesia,Male,Kuningan,Zoovu,1200.94,IDR
Judy,Cook,jcookgt@nymag.com,Poland,Female,Łękawica,Jabberstorm,94278.68,PLN
Billy,Payne,bpaynegu@mediafire.com,Libya,Male,Ajdabiya,Feedmix,97045.77,LYD
Carol,George,cgeorgegv@devhub.com,Indonesia,Female,Bungkulan,Abata,28975.65,IDR
Albert,Kennedy,akennedygw@php.net,Indonesia,Male,Sumurasin,Thoughtstorm,3812.38,IDR
Carolyn,Duncan,cduncangx@ox.ac.uk,China,Female,Xicun,Innojam,88882.52,CNY
Kathleen,Ross,krossgy@newsvine.com,Indonesia,Female,Cimanggu Wetan,Zoovu,46796.49,IDR
Janice,Graham,jgrahamgz@deviantart.com,Yemen,Female,Al Miftāḩ,Ainyx,91601.68,YER
Timothy,Fuller,tfullerh0@earthlink.net,Japan,Male,Okegawa,Abata,85740.76,JPY
Paula,Price,ppriceh1@twitter.com,China,Female,Changgucheng,Edgeclub,37240.76,CNY
Virginia,Schmidt,vschmidth2@edublogs.org,Poland,Female,Siemiatycze,Edgeblab,21019.33,PLN
Jessica,Long,jlongh3@unesco.org,Sweden,Female,Halmstad,Yakitri,4790.89,SEK
Marie,Crawford,mcrawfordh4@dot.gov,Cyprus,Female,Émpa,Demivee,98912.50,EUR
Sharon,Brown,sbrownh5@nasa.gov,Indonesia,Female,Muaraenim,Roombo,24456.59,IDR
Bruce,Fisher,bfisherh6@tinyurl.com,Indonesia,Male,Gununglajang,Voonyx,28091.22,IDR
Kenneth,Banks,kbanksh7@1und1.de,United States,Male,Philadelphia,Zoonder,76117.96,USD
Debra,Cunningham,dcunninghamh8@histats.com,Indonesia,Female,Sungaikupang,Demivee,81661.74,IDR
Harry,Fields,hfieldsh9@simplemachines.org,Kazakhstan,Male,Makīnsk,Browsetype,18054.10,KZT
Frances,Hansen,fhansenha@ox.ac.uk,Thailand,Female,Chanthaburi,Devshare,88333.82,THB
Marilyn,King,mkinghb@amazonaws.com,Russia,Female,Krasnyy Oktyabr’,Quimm,67028.81,RUB
Barbara,Perry,bperryhc@google.com.au,Philippines,Female,Baunu-Timbangan,Edgeify,6690.45,PHP
Shirley,Bradley,sbradleyhd@soundcloud.com,Albania,Female,Tirana,Twimbo,6388.34,ALL
Angela,Ortiz,aortizhe@devhub.com,Indonesia,Female,Sumbersih,Plambee,6098.66,IDR
Louise,Carroll,lcarrollhf@people.com.cn,Sweden,Female,Mölndal,Photolist,,SEK
Jose,Woods,jwoodshg@vk.com,France,Male,Orléans,Wordtune,,EUR
Thomas,Rivera,triverahh@is.gd,Malaysia,Male,Kota Kinabalu,Youfeed,99142.37,MYR
Ann,Day,adayhi@tripod.com,Russia,Female,Repnoye,Jabberbean,7882.58,RUB
Steven,Oliver,soliverhj@rakuten.co.jp,China,Male,Haixing,Roombo,42143.69,CNY
Joshua,Gutierrez,jgutierrezhk@columbia.edu,Indonesia,Male,Mombok,Tambee,14142.53,IDR
Samuel,Alexander,salexanderhl@un.org,Dominican Republic,Male,Tamboril,Oyondu,65256.25,DOP
Julia,Gordon,jgordonhm@baidu.com,Benin,Female,Cové,Blogspan,,XOF
Cheryl,Torres,ctorreshn@biblegateway.com,Poland,Female,Czerniejewo,Demizz,45284.60,PLN
Annie,Foster,afosterho@phpbb.com,China,Female,Longlisuo,Zoomcast,,CNY
Julia,Cunningham,jcunninghamhp@phoca.cz,China,Female,Xingou,Gigabox,3325.37,CNY
Joe,Martinez,jmartinezhq@sciencedaily.com,Indonesia,Male,Tiang,Skyba,94104.97,IDR
Earl,Roberts,erobertshr@auda.org.au,Russia,Male,Medvedevo,Chatterpoint,30396.92,RUB
Diane,Long,dlonghs@nasa.gov,China,Female,Zhaoyuan,Feedfire,25660.72,CNY
Mark,Harvey,mharveyht@auda.org.au,China,Male,Shuangbaiyang,Oyope,34880.73,CNY
Denise,Hanson,dhansonhu@sourceforge.net,Indonesia,Female,Poja,Fanoodle,46407.61,IDR
Laura,Barnes,lbarneshv@google.pl,United States,Female,Lincoln,Jamia,,USD
Thomas,Young,tyounghw@guardian.co.uk,Philippines,Male,Salcedo,Topicware,3943.70,PHP
Judy,Foster,jfosterhx@weibo.com,Italy,Female,Padova,Eayo,15696.80,EUR
Clarence,Peterson,cpetersonhy@blogger.com,Philippines,Male,Sagrada Familia,Thoughtsphere,92625.70,PHP
Timothy,Stewart,tstewarthz@yahoo.co.jp,China,Male,Xumu,Vimbo,43573.16,CNY
Henry,Bradley,hbradleyi0@phpbb.com,Brazil,Male,Itaperuna,Tavu,36395.09,BRL
Jimmy,Jordan,jjordani1@cnn.com,Brazil,Male,Montenegro,Jabbersphere,,BRL
Gerald,Rivera,griverai2@weibo.com,Indonesia,Male,Ujungpangkah,Buzzshare,61639.38,IDR
Aaron,Burton,aburtoni3@mozilla.com,France,Male,Rennes,Linkbridge,74679.39,EUR
Bruce,Hansen,bhanseni4@usatoday.com,Portugal,Male,Cortes,Blogtag,50312.28,EUR
Eugene,Meyer,emeyeri5@tinypic.com,Nigeria,Male,Buni Yadi,Bubbletube,,NGN
Joshua,Adams,jadamsi6@google.com,China,Male,Pingli,Eabox,76068.06,CNY
George,Edwards,gedwardsi7@zimbio.com,Colombia,Male,La Celia,Zoombox,24288.51,COP
Jimmy,Stanley,jstanleyi8@aol.com,Indonesia,Male,Sampungu,Topiclounge,84303.38,IDR
Gary,Warren,gwarreni9@theatlantic.com,Indonesia,Male,Tasikmalaya,Edgeblab,42213.61,IDR
Michelle,Mccoy,mmccoyia@blogspot.com,China,Female,Baitang,Eabox,69232.44,CNY
Kathy,Berry,kberryib@hexun.com,Uganda,Female,Kibuku,Bluezoom,10369.22,UGX
Jacqueline,George,jgeorgeic@admin.ch,Philippines,Female,Balingcanaway,Kare,84520.13,PHP
Phyllis,Moore,pmooreid@wordpress.org,Sri Lanka,Female,Panadura,Skibox,45681.48,LKR
Andrew,Brooks,abrooksie@weather.com,China,Male,Huiwen,Trupe,,CNY
Jonathan,Burns,jburnsif@ftc.gov,Canada,Male,La Ronge,Voomm,80681.39,CAD
Joe,Roberts,jrobertsig@scribd.com,Indonesia,Male,Taraju,Vipe,75923.01,IDR
Maria,Hernandez,mhernandezih@youku.com,Chile,Female,San Felipe,Bluezoom,43143.09,CLP
Craig,West,cwestii@forbes.com,Peru,Male,Yanahuaya,Yodel,41997.43,PEN
Rebecca,Mason,rmasonij@umn.edu,Philippines,Female,Lampitak,Kaymbo,45214.82,PHP
Frances,Scott,fscottik@pinterest.com,China,Female,Yacheng,Skalith,58167.60,CNY
Ryan,Perkins,rperkinsil@fc2.com,Indonesia,Male,Oeba,Quinu,,IDR
Emily,Johnston,ejohnstonim@psu.edu,Ireland,Female,Blessington,Tagopia,,EUR
Kathryn,Ford,kfordin@elegantthemes.com,Indonesia,Female,Montongtebolak,Thoughtblab,43837.79,IDR
Aaron,Hanson,ahansonio@mlb.com,Lithuania,Male,Birzai,Linkbridge,97599.66,LTL
Ashley,Morgan,amorganip@about.com,Ukraine,Female,Budy,Quimm,50250.38,UAH
Sara,Morrison,smorrisoniq@wikispaces.com,Philippines,Female,Marilao,Avamba,,PHP
Wanda,Woods,wwoodsir@tinypic.com,Sweden,Female,Sala,Rooxo,12582.18,SEK
Sean,Coleman,scolemanis@list-manage.com,China,Male,Shuangnian,Skaboo,58257.92,CNY
Anna,Green,agreenit@discovery.com,France,Female,Maisons-Alfort,Dazzlesphere,52046.83,EUR
Annie,Sanders,asandersiu@tripod.com,Egypt,Female,Hurghada,Skipfire,26118.64,EGP
Keith,Marshall,kmarshalliv@prnewswire.com,Thailand,Male,Pho Thong,Vimbo,42682.82,THB
Janice,Boyd,jboydiw@theguardian.com,France,Female,Reims,Latz,70471.86,EUR
Antonio,Nguyen,anguyenix@soundcloud.com,Panama,Male,Cañazas,Jabbertype,42688.42,PAB
Karen,Sims,ksimsiy@nyu.edu,Japan,Female,Ōhara,Realbuzz,82092.21,JPY
Annie,West,awestiz@nationalgeographic.com,Thailand,Female,Don Chedi,Npath,20761.38,THB
Phillip,Greene,pgreenej0@sogou.com,Papua New Guinea,Male,Madang,Thoughtworks,58035.92,PGK
Bruce,Henry,bhenryj1@cam.ac.uk,Bulgaria,Male,Svilengrad,Aimbo,80942.57,BGN
Diane,Garrett,dgarrettj2@economist.com,Mexico,Female,San Miguel,Demimbu,89224.70,MXN
Susan,Gonzales,sgonzalesj3@dedecms.com,Greece,Female,Emporeío,Voolia,12601.36,EUR
Jesse,Howard,jhowardj4@scientificamerican.com,France,Male,Avignon,Minyx,32293.54,EUR
Terry,Green,tgreenj5@nsw.gov.au,Poland,Male,Augustów,Skibox,30109.55,PLN
Justin,Reid,jreidj6@blogger.com,Philippines,Male,Gabaldon,BlogXS,68613.95,PHP
Randy,Wilson,rwilsonj7@livejournal.com,Japan,Male,Kushikino,Eadel,70257.47,JPY
Brandon,Day,bdayj8@angelfire.com,Albania,Male,Fier-Çifçi,Yodoo,64579.29,ALL
Paula,Dunn,pdunnj9@multiply.com,Austria,Female,Burgkirchen,Minyx,48140.08,EUR
Eric,Dean,edeanja@youtu.be,Philippines,Male,Culacling,Shufflester,69663.88,PHP
Richard,Freeman,rfreemanjb@1und1.de,Philippines,Male,Nama,Wordpedia,83169.90,PHP
Jesse,Kelley,jkelleyjc@youtu.be,Lithuania,Male,Visaginas,Realblab,29047.43,LTL
Nancy,Wood,nwoodjd@shinystat.com,Cuba,Female,San Luis,Topdrive,51080.20,CUP
Rachel,Brown,rbrownje@example.com,Philippines,Female,Lanuza,Eabox,37392.68,PHP
Tammy,Henderson,thendersonjf@chicagotribune.com,Russia,Female,Khvorostyanka,Eadel,19242.76,RUB
Arthur,Collins,acollinsjg@mtv.com,Philippines,Male,Patria,Oozz,22888.46,PHP
Denise,Hernandez,dhernandezjh@nyu.edu,Philippines,Female,Buracan,Brainsphere,76899.28,PHP
Donald,Bennett,dbennettji@hao123.com,France,Male,Tours,Wikizz,59807.88,EUR
Jacqueline,Dean,jdeanjj@hhs.gov,Russia,Female,Vyaz’ma,Ooba,77716.36,RUB
Gloria,Rogers,grogersjk@livejournal.com,Czech Republic,Female,Štoky,Oyoyo,93531.90,CZK
Marie,Burns,mburnsjl@multiply.com,Norway,Female,Trondheim,Thoughtmix,68815.10,NOK
Frances,Greene,fgreenejm@patch.com,Mongolia,Female,Tsagaan-Owoo,Gabcube,6811.83,MNT
Roy,Morrison,rmorrisonjn@is.gd,France,Male,Lyon,Quaxo,15123.38,EUR
Joe,Romero,jromerojo@behance.net,China,Male,Qingminghe,Shuffledrive,47323.87,CNY
Antonio,Thompson,athompsonjp@eventbrite.com,Tajikistan,Male,Qalaikhumb,Feedspan,56033.04,TJS
Bruce,Martinez,bmartinezjq@redcross.org,China,Male,Jinnan,Realmix,64930.18,CNY
Tammy,Welch,twelchjr@dot.gov,Vietnam,Female,Hai Riêng,Tekfly,70082.28,VND
Nicholas,Hernandez,nhernandezjs@scientificamerican.com,China,Male,Suban,Fatz,57092.73,CNY
Beverly,Wallace,bwallacejt@issuu.com,Netherlands,Female,Heemskerk,Blogpad,51971.69,EUR
Martin,Day,mdayju@arstechnica.com,China,Male,Nanqiao,Jabberbean,5535.69,CNY
Jesse,Stephens,jstephensjv@sun.com,Japan,Male,Sakai-nakajima,Trilia,15479.85,JPY
Ruby,Young,ryoungjw@cyberchimps.com,Myanmar,Female,Taungoo,Zoomlounge,75978.11,MMK
Lillian,Webb,lwebbjx@hc360.com,Russia,Female,Agidel’,Skipfire,59362.19,RUB
Margaret,Greene,mgreenejy@creativecommons.org,Philippines,Female,Palomoc,Thoughtstorm,455.14,PHP
Lisa,James,ljamesjz@gnu.org,Czech Republic,Female,Zaječov,Aimbo,48165.05,CZK
Juan,Lane,jlanek0@telegraph.co.uk,Vietnam,Male,Ninh Giang,Tagchat,18839.49,VND
Sean,Lane,slanek1@cloudflare.com,China,Male,Zhuanqiang,Ainyx,32679.95,CNY
Lori,Spencer,lspencerk2@exblog.jp,Poland,Female,Wawrzeńczyce,Brightdog,31247.83,PLN
Wayne,Perkins,wperkinsk3@nature.com,Indonesia,Male,Ngurensiti,Photojam,35054.74,IDR
Heather,Watkins,hwatkinsk4@usgs.gov,Philippines,Female,Puricay,Skinte,51119.41,PHP
Linda,Reed,lreedk5@usda.gov,Indonesia,Female,Cipasung,Brightdog,3224.37,IDR
Stephanie,Cook,scookk6@gmpg.org,Portugal,Female,Vilarinho,Feedbug,6484.76,EUR
Laura,Foster,lfosterk7@house.gov,France,Female,Vesoul,Youspan,18974.98,EUR
Willie,Hamilton,whamiltonk8@barnesandnoble.com,Thailand,Male,Manorom,Edgeblab,35173.53,THB
Willie,Tucker,wtuckerk9@youku.com,China,Male,Jinglongqiao,Teklist,,CNY
Karen,Nichols,knicholska@hugedomains.com,Sri Lanka,Female,Peliyagoda,Skiptube,8175.65,LKR
Lisa,Perry,lperrykb@deviantart.com,China,Female,Kaji,Tambee,51235.39,CNY
Lillian,Murray,lmurraykc@dailymail.co.uk,China,Female,Tielong,Ozu,35834.51,CNY
Earl,Mason,emasonkd@guardian.co.uk,Yemen,Male,Laḩij,Skiba,9364.03,YER
Donna,Wheeler,dwheelerke@craigslist.org,Philippines,Female,Tambo,Realbuzz,73222.73,PHP
Peter,Hanson,phansonkf@sciencedirect.com,Peru,Male,Llusco,Wikizz,18615.01,PEN
Virginia,Ray,vraykg@dagondesign.com,Philippines,Female,Lupao,Ntag,64704.35,PHP
Irene,Baker,ibakerkh@youtu.be,Slovenia,Female,Škofljica,Jaxworks,42092.90,EUR
Justin,Austin,jaustinki@blinklist.com,China,Male,Wufeng,Tanoodle,92720.54,CNY
Willie,Austin,waustinkj@gmpg.org,Israel,Male,Rosh Ha‘Ayin,Wikivu,14272.28,ILS
Jacqueline,Wood,jwoodkk@bing.com,Indonesia,Female,Radamata,Meeveo,,IDR
Lawrence,Gonzalez,lgonzalezkl@walmart.com,United States,Male,El Paso,Jabbersphere,1952.81,USD
Nicholas,Miller,nmillerkm@jimdo.com,Russia,Male,Taldan,Demivee,47141.51,RUB
Jimmy,Welch,jwelchkn@oracle.com,Costa Rica,Male,San Vicente,Ailane,23458.30,CRC
Maria,Sanchez,msanchezko@ebay.co.uk,Greece,Female,Vlycháda,Mydeo,93655.96,EUR
Joe,Fowler,jfowlerkp@weibo.com,France,Male,Sélestat,Talane,53057.89,EUR
Anthony,Foster,afosterkq@comsenz.com,Sweden,Male,Vällingby,Ainyx,,SEK
Norma,Bell,nbellkr@loc.gov,Malaysia,Female,Kuching,Yodoo,61128.36,MYR
Douglas,Hall,dhallks@nbcnews.com,Brazil,Male,Carianos,Skipfire,20506.60,BRL
Ann,Cooper,acooperkt@friendfeed.com,China,Female,Jinhua,Wordify,26679.83,CNY
Richard,Carpenter,rcarpenterku@taobao.com,Uganda,Male,Kotido,Realcube,7117.52,UGX
Dennis,Lynch,dlynchkv@gmpg.org,Finland,Male,Kauniainen,Wikibox,53058.62,EUR
Adam,Mcdonald,amcdonaldkw@slate.com,Cuba,Male,Jiguaní,Jamia,74760.04,CUP
Judy,Williams,jwilliamskx@goodreads.com,Philippines,Female,Dolo,Demizz,54621.78,PHP
Maria,Snyder,msnyderky@blog.com,Somalia,Female,Baidoa,Minyx,18413.62,SOS
Kenneth,Ramirez,kramirezkz@etsy.com,China,Male,Jiangyan,Avaveo,39858.73,CNY
Thomas,Harper,tharperl0@theatlantic.com,Japan,Male,Asahi,Wordify,53640.76,JPY
Earl,Garcia,egarcial1@mlb.com,Moldova,Male,Edineţ,Rhycero,55418.56,MDL
Nicole,Bailey,nbaileyl2@yahoo.co.jp,Kazakhstan,Female,Burunday,Ntags,77226.27,KZT
Lawrence,Mason,lmasonl3@cdc.gov,Poland,Male,Szlachta,Innojam,55066.52,PLN
Cheryl,Ross,crossl4@devhub.com,Poland,Female,Rakszawa,Mynte,93421.17,PLN
Sandra,Fernandez,sfernandezl5@timesonline.co.uk,Greece,Female,Karpokhórion,Skinix,997.56,EUR
Scott,Garrett,sgarrettl6@census.gov,China,Male,Yiqi,Janyx,79097.49,CNY
Jacqueline,Ellis,jellisl7@arstechnica.com,Brazil,Female,Itapicuru,Edgeblab,77526.74,BRL
Norma,Matthews,nmatthewsl8@oaic.gov.au,Slovenia,Female,Črenšovci,Flipopia,97950.31,EUR
Christina,Anderson,candersonl9@mtv.com,Pakistan,Female,Shikārpur,Babbleset,11656.52,PKR
Gregory,Thomas,gthomasla@about.me,Indonesia,Male,Rancabelut,Dynazzy,,IDR
Denise,Simpson,dsimpsonlb@biblegateway.com,Brazil,Female,Elias Fausto,Quatz,65082.84,BRL
Joshua,Ortiz,jortizlc@163.com,Morocco,Male,Azilal,Roomm,80186.11,MAD
Thomas,Sanders,tsandersld@chronoengine.com,Philippines,Male,Loacan,Pixonyx,68121.36,PHP
Elizabeth,White,ewhitele@fastcompany.com,Russia,Female,Kuybyshevo,Izio,91837.36,RUB
Virginia,Sims,vsimslf@hostgator.com,Greece,Female,Angelochóri,Eadel,90468.98,EUR
Pamela,Gibson,pgibsonlg@imageshack.us,Colombia,Female,Socorro,Yoveo,,COP
Howard,Perkins,hperkinslh@surveymonkey.com,Morocco,Male,Settat,Youfeed,65882.73,MAD
Susan,Mills,smillsli@altervista.org,Dominican Republic,Female,Santo Domingo Este,Jabberstorm,8269.23,DOP
Patricia,Green,pgreenlj@xrea.com,Indonesia,Female,Cipondok,Blognation,,IDR
Theresa,Hunter,thunterlk@yahoo.com,Thailand,Female,Don Mueang,Oyonder,98152.24,THB
James,Clark,jclarkll@jalbum.net,Netherlands,Male,Wageningen,Thoughtblab,87898.12,EUR
Bruce,Owens,bowenslm@free.fr,Macedonia,Male,Gorobinci,Shufflester,86470.94,MKD
Jane,Morris,jmorrisln@redcross.org,Philippines,Female,Calamba,Jabbersphere,21449.76,PHP
Ernest,Edwards,eedwardslo@nytimes.com,Mexico,Male,Guadalupe Victoria,Linklinks,55237.77,MXN
Paula,Burns,pburnslp@blog.com,Indonesia,Female,Peuteuy,Jabbertype,20405.86,IDR
Linda,Clark,lclarklq@youtu.be,Czech Republic,Female,Žebrák,Yodo,14377.40,CZK
Nicholas,Hughes,nhugheslr@about.com,Thailand,Male,Uthai Thani,Talane,86672.70,THB
Carolyn,Murphy,cmurphyls@exblog.jp,North Korea,Female,Yŏnan-ŭp,Edgetag,3184.30,KPW
Steve,Parker,sparkerlt@typepad.com,Indonesia,Male,Balakasap,Tavu,58379.85,IDR
Joe,Smith,jsmithlu@1und1.de,Montserrat,Male,Plymouth,Skiptube,12915.97,XCD
Joyce,West,jwestlv@thetimes.co.uk,Afghanistan,Female,Pul-e Khumrī,Rhynyx,15747.81,AFN
Christine,Gilbert,cgilbertlw@webeden.co.uk,Laos,Female,Pakxong,Camimbo,42479.29,LAK
Kathy,Evans,kevanslx@springer.com,Panama,Female,Las Lomas,Dynazzy,77144.33,PAB
Melissa,Brooks,mbrooksly@about.me,North Korea,Female,Hŭkkyo-ri,Wikido,27310.30,KPW
Kathryn,Ramos,kramoslz@taobao.com,France,Female,Paris 10,Layo,98424.74,EUR
Debra,Harvey,dharveym0@infoseek.co.jp,Argentina,Female,San Justo,Oloo,78495.36,ARS
Diane,Ramos,dramosm1@omniture.com,Ethiopia,Female,Bahir Dar,Yombu,3446.35,ETB
Frank,Ruiz,fruizm2@xrea.com,China,Male,Yinhe,Meedoo,66219.56,CNY
Ann,Hawkins,ahawkinsm3@youku.com,Philippines,Female,Bangad,Voonix,,PHP
Betty,Dixon,bdixonm4@google.com,China,Female,Jiekou,Vipe,,CNY
Randy,Moore,rmoorem5@earthlink.net,Sweden,Male,Trollhättan,Bubbletube,85485.15,SEK
Brandon,Rogers,brogersm6@miibeian.gov.cn,Jamaica,Male,Stony Hill,Zoombeat,96752.54,JMD
David,Franklin,dfranklinm7@a8.net,Russia,Male,Novominskaya,Gigashots,77744.05,RUB
Tina,Bennett,tbennettm8@cbslocal.com,Morocco,Female,Touama,Quatz,,MAD
Alan,Medina,amedinam9@godaddy.com,Indonesia,Male,Jatiprahu,Twimm,90810.89,IDR
Rebecca,Morrison,rmorrisonma@scientificamerican.com,United States,Female,Salinas,Youspan,56494.61,USD
Donald,Perry,dperrymb@soup.io,China,Male,Caoxi,Twinder,113.79,CNY
Joseph,Warren,jwarrenmc@unc.edu,Ukraine,Male,Velyka Pysarivka,Innojam,26176.83,UAH
Victor,Mcdonald,vmcdonaldmd@newsvine.com,Brazil,Male,Barra dos Coqueiros,Quinu,61593.04,BRL
Justin,Payne,jpayneme@arizona.edu,Kyrgyzstan,Male,Uzgen,Voonyx,97544.82,KGS
Lois,Mason,lmasonmf@google.ca,Brazil,Female,Colatina,Flashpoint,77115.02,BRL
Ann,Stanley,astanleymg@yelp.com,Greece,Female,Alexandroúpoli,Realcube,55637.35,EUR
Kevin,Moore,kmooremh@reuters.com,Thailand,Male,Kui Buri,Meezzy,7354.95,THB
Chris,Bell,cbellmi@nature.com,Brazil,Male,Riachão do Jacuípe,Quimm,62373.75,BRL
Roy,Roberts,rrobertsmj@guardian.co.uk,Sierra Leone,Male,Segbwema,Edgewire,77656.21,SLL
Jane,Kelly,jkellymk@over-blog.com,Philippines,Female,Andres Bonifacio,Jamia,81019.11,PHP
Julia,Banks,jbanksml@twitter.com,Macedonia,Female,Студеничани,Skyvu,,MKD
Amanda,Fuller,afullermm@google.pl,Egypt,Female,Al Balyanā,Meezzy,,EGP
Joe,Walker,jwalkermn@ftc.gov,China,Male,Hengshitang,Shufflebeat,36287.64,CNY
Andrea,Sullivan,asullivanmo@geocities.com,Ireland,Female,Blarney,Browsecat,,EUR
Virginia,Powell,vpowellmp@cbc.ca,France,Female,Tournon-sur-Rhône,Avavee,,EUR
Janet,Wagner,jwagnermq@bloglines.com,China,Female,Bayan Hure,Einti,91638.50,CNY
Phillip,Brooks,pbrooksmr@geocities.jp,Nepal,Male,Bāglung,Jayo,94318.06,NPR
Ann,Lee,aleems@digg.com,Honduras,Female,San Jerónimo,Buzzbean,7572.96,HNL
Daniel,Peters,dpetersmt@spiegel.de,Czech Republic,Male,Chropyně,Babbleset,37416.75,CZK
Jessica,Alexander,jalexandermu@soundcloud.com,Venezuela,Female,Puerto de Nutrias,JumpXS,80552.54,VEF
Ernest,Brooks,ebrooksmv@google.com.au,Greenland,Male,Upernavik,Gigazoom,,DKK
Kathy,Ramirez,kramirezmw@mit.edu,Thailand,Female,Mae Lan,Ooba,,THB
Phyllis,Vasquez,pvasquezmx@shop-pro.jp,Argentina,Female,Río Gallegos,Thoughtstorm,30548.71,ARS
Henry,Riley,hrileymy@indiatimes.com,Indonesia,Male,Krajan Nglinggis,Innojam,73227.96,IDR
Joshua,Arnold,jarnoldmz@ucoz.ru,Russia,Male,Karagach,Dabvine,7066.52,RUB
Aaron,Elliott,aelliottn0@cargocollective.com,China,Male,Qintang,Roomm,,CNY
Ruby,Hudson,rhudsonn1@joomla.org,Poland,Female,Kluki,Fadeo,55506.52,PLN
Irene,Flores,ifloresn2@globo.com,Czech Republic,Female,Stará Ves nad Ondřejnicí,Buzzshare,68665.04,CZK
Robert,Gray,rgrayn3@technorati.com,Sweden,Male,Älvsbyn,Ooba,,SEK
Peter,Cox,pcoxn4@blogspot.com,Morocco,Male,Tifni,Skidoo,25123.82,MAD
Ernest,Hansen,ehansenn5@symantec.com,Poland,Male,Psary,Kazu,77553.97,PLN
William,Kim,wkimn6@oracle.com,Azerbaijan,Male,Ağdam,Einti,,AZN
Marie,Butler,mbutlern7@i2i.jp,Indonesia,Female,Gombang,Lazzy,11791.36,IDR
Louis,Murray,lmurrayn8@ask.com,Jordan,Male,Al Jubayhah,Viva,56196.45,JOD
Annie,Wells,awellsn9@smugmug.com,Thailand,Female,Ang Thong,Fivebridge,49011.47,THB
Joshua,Mendoza,jmendozana@ebay.com,Thailand,Male,Mae Hi,Jaxspan,60871.12,THB
Rachel,Green,rgreennb@yahoo.co.jp,China,Female,Guanbuqiao,Blogpad,95433.05,CNY
Robert,Armstrong,rarmstrongnc@theatlantic.com,China,Male,Huanghe,Yabox,71382.27,CNY
John,Dean,jdeannd@dailymail.co.uk,China,Male,Har Nur,Tambee,74976.56,CNY
Deborah,Alexander,dalexanderne@bandcamp.com,Indonesia,Female,Nilanapo,Divape,18593.32,IDR
Martin,Spencer,mspencernf@engadget.com,China,Male,Dongping,Flashspan,61421.37,CNY
Earl,Garrett,egarrettng@soundcloud.com,Kenya,Male,Maralal,Centidel,,KES
Martin,Burns,mburnsnh@spotify.com,Portugal,Male,Cancela,Gabcube,234.39,EUR
Brandon,Nelson,bnelsonni@time.com,China,Male,Zhenhai,Skiba,80847.11,CNY
Justin,Bailey,jbaileynj@trellian.com,China,Male,Shouzhan,Latz,76015.84,CNY
Dorothy,Sanders,dsandersnk@ed.gov,United States,Female,Los Angeles,Trudoo,51493.47,USD
Lisa,Ellis,lellisnl@opera.com,United States,Female,Dallas,Gigashots,39205.71,USD
Lawrence,Carr,lcarrnm@un.org,Serbia,Male,Badovinci,Kayveo,74153.60,RSD
Jose,Mills,jmillsnn@uiuc.edu,Yemen,Male,Dhī as Sufāl,Quimba,,YER
Charles,Chavez,cchavezno@mapquest.com,China,Male,Guanchi,Centizu,1424.39,CNY
Peter,Cunningham,pcunninghamnp@friendfeed.com,Maldives,Male,Eydhafushi,Centizu,12784.23,MVR
Brenda,Ryan,bryannq@ezinearticles.com,Poland,Female,Strachówka,Wikivu,92470.57,PLN
Debra,Burns,dburnsnr@phpbb.com,China,Female,Taiping,Tagopia,,CNY
Sean,James,sjamesns@theatlantic.com,Russia,Male,Semënovskoye,Aimbo,8782.39,RUB
Melissa,Gray,mgraynt@wp.com,Philippines,Female,Catungawan Sur,Geba,42551.53,PHP
Betty,Hicks,bhicksnu@live.com,Germany,Female,Magdeburg,Jamia,48287.70,EUR
Kenneth,Alvarez,kalvareznv@virginia.edu,Indonesia,Male,Bintang,Twiyo,88893.16,IDR
Frances,Hudson,fhudsonnw@barnesandnoble.com,Russia,Female,Antipino,Thoughtmix,72760.04,RUB
Jeremy,Stone,jstonenx@hostgator.com,Portugal,Male,Tabuadelo,Bluezoom,45393.18,EUR
Cynthia,Reid,creidny@dedecms.com,China,Female,Tianjin,Teklist,78017.06,CNY
Andrea,Frazier,afraziernz@privacy.gov.au,Philippines,Female,Mayorga,Voonder,81610.84,PHP
Bobby,Ross,brosso0@nytimes.com,Argentina,Male,Río Pico,Cogidoo,68293.82,ARS
Wayne,Oliver,wolivero1@webmd.com,Iran,Male,Kāshmar,Yambee,95604.97,IRR
Angela,Morales,amoraleso2@phpbb.com,Czech Republic,Female,Dambořice,Oozz,36588.38,CZK
Phillip,Kelly,pkellyo3@npr.org,China,Male,Guashe,Cogibox,51595.06,CNY
Beverly,Lewis,blewiso4@eventbrite.com,Ukraine,Female,Lopatyn,Riffwire,94533.56,UAH
Antonio,Carroll,acarrollo5@clickbank.net,Russia,Male,Kuzhorskaya,Edgeblab,35846.18,RUB
Joyce,Freeman,jfreemano6@pinterest.com,Russia,Female,Fershampenuaz,Linkbridge,49345.68,RUB
Shawn,Ramirez,sramirezo7@google.com.hk,China,Male,Linxi,BlogXS,52829.48,CNY
Arthur,Montgomery,amontgomeryo8@msu.edu,Venezuela,Male,Santa Elena de Uairén,Quinu,93513.16,VEF
Anthony,Payne,apayneo9@wisc.edu,North Korea,Male,Kowŏn-ŭp,Rooxo,2763.58,KPW
Laura,Bailey,lbaileyoa@shutterfly.com,Sri Lanka,Female,Sri Jayewardenepura Kotte,Buzzster,73688.19,LKR
Deborah,Foster,dfosterob@whitehouse.gov,Indonesia,Female,Banjarjo,Eabox,42281.63,IDR
Brandon,Ross,brossoc@zdnet.com,Indonesia,Male,Tanggeung Kolot,Livepath,20371.72,IDR
Janet,Payne,jpayneod@infoseek.co.jp,Belarus,Female,Zamostochcha,Skinix,62670.90,BYR
Ann,Morrison,amorrisonoe@t-online.de,Russia,Female,Biryulëvo Zapadnoye,Youopia,434.67,RUB
Judith,Stephens,jstephensof@last.fm,Croatia,Female,Metković,Jaxworks,81656.51,HRK
Howard,Snyder,hsnyderog@bravesites.com,Nicaragua,Male,La Libertad,Flipstorm,49899.19,NIO
Samuel,Ray,srayoh@csmonitor.com,Czech Republic,Male,Vacov,Buzzdog,99024.13,CZK
Diana,Hanson,dhansonoi@berkeley.edu,China,Female,Bilian,Aimbu,87561.01,CNY
Harold,Schmidt,hschmidtoj@hhs.gov,Poland,Male,Raczki,Rhynoodle,,PLN
Stephanie,Moore,smooreok@google.ru,Indonesia,Female,Karangbenda,Tekfly,99112.80,IDR
Diane,Evans,devansol@cisco.com,China,Female,Jianxincun,Skynoodle,,CNY
Eric,Henderson,ehendersonom@japanpost.jp,Czech Republic,Male,Hovězí,Yodoo,38858.49,CZK
Peter,Gomez,pgomezon@apache.org,China,Male,Ezhou,Browsecat,99849.70,CNY
Martin,Fowler,mfowleroo@sciencedaily.com,Nigeria,Male,Gujba,Teklist,74021.96,NGN
Joseph,Jacobs,jjacobsop@feedburner.com,Belarus,Male,Sharkawshchyna,Flipstorm,76765.05,BYR
Phyllis,Jacobs,pjacobsoq@eepurl.com,Russia,Female,Kirovskaya,Skiptube,,RUB
David,White,dwhiteor@time.com,Greece,Male,Limín Khersonísou,Youtags,75057.86,EUR
Phyllis,Ortiz,portizos@abc.net.au,Colombia,Female,La Jagua de Ibirico,Fivespan,9603.82,COP
Tina,Andrews,tandrewsot@canalblog.com,France,Female,Bourgoin-Jallieu,Dynava,19.95,EUR
Wayne,Gray,wgrayou@wikimedia.org,South Korea,Male,Nonsan,Flashspan,23442.14,KRW
Jeffrey,Peters,jpetersov@wsj.com,Sweden,Male,Tanumshede,Kimia,11758.05,SEK
Jack,Adams,jadamsow@blogtalkradio.com,China,Male,Tangyin,Meemm,86643.56,CNY
Jack,Franklin,jfranklinox@networkadvertising.org,Russia,Male,Yaroslavskaya,Thoughtworks,91522.96,RUB
Julia,Medina,jmedinaoy@histats.com,Indonesia,Female,Ketapang,Devify,72096.53,IDR
Kathleen,Ramirez,kramirezoz@berkeley.edu,Sweden,Female,Spånga,Rhyloo,2878.91,SEK
Gerald,Elliott,gelliottp0@arstechnica.com,China,Male,Yinglan,Eamia,48740.93,CNY
Theresa,Rice,tricep1@cafepress.com,Netherlands,Female,Apeldoorn,Roombo,42455.93,EUR
Ernest,Price,epricep2@discovery.com,Mexico,Male,Providencia,Photospace,92782.19,MXN
Debra,Grant,dgrantp3@seesaa.net,Czech Republic,Female,Mikulovice,Zoonoodle,64469.86,CZK
Nancy,Williamson,nwilliamsonp4@sfgate.com,Germany,Female,Bremerhaven,Eabox,68419.73,EUR
Donna,Miller,dmillerp5@oracle.com,China,Female,Hucheng,Skaboo,7557.67,CNY
Ashley,Hernandez,ahernandezp6@g.co,Cameroon,Female,Dschang,Mydeo,38363.41,XAF
Matthew,Kim,mkimp7@amazon.de,France,Male,Chantilly,Twitterbridge,,EUR
Irene,Duncan,iduncanp8@archive.org,China,Female,Lubao,Pixoboo,19852.51,CNY
Jonathan,Stone,jstonep9@blogger.com,Philippines,Male,La Carlota,Meetz,11056.37,PHP
Wayne,Diaz,wdiazpa@yelp.com,France,Male,Romilly-sur-Seine,Geba,5122.00,EUR
Mildred,Cooper,mcooperpb@yellowbook.com,China,Female,Sangmu,Quimba,487.34,CNY
Willie,Simmons,wsimmonspc@yahoo.com,Czech Republic,Male,Vladislav,Rhynyx,43626.32,CZK
Henry,Chavez,hchavezpd@squidoo.com,Indonesia,Male,Cisiih,Edgewire,26298.16,IDR
Julia,Alvarez,jalvarezpe@indiegogo.com,Botswana,Female,Francistown,Quinu,29314.28,BWP
Arthur,James,ajamespf@nbcnews.com,Philippines,Male,Panaytayon,Mydo,,PHP
Beverly,Ross,brosspg@cnn.com,China,Female,Meixi,Livetube,59841.29,CNY
Clarence,Rodriguez,crodriguezph@dagondesign.com,Portugal,Male,Chaínça,Zoomcast,3254.81,EUR
Matthew,Martin,mmartinpi@smh.com.au,Palestinian Territory,Male,Burqah,Mycat,65786.69,ILS
Eugene,Jackson,ejacksonpj@friendfeed.com,China,Male,Tongzilin,Pixoboo,14374.53,CNY
Kathleen,Coleman,kcolemanpk@discuz.net,South Africa,Female,Tarkastad,Innojam,58927.87,ZAR
Robin,Perez,rperezpl@usa.gov,China,Female,Jiwei,Centizu,96932.52,CNY
Paul,Diaz,pdiazpm@google.cn,Philippines,Male,Tolosa,Riffpedia,24546.17,PHP
Steve,Knight,sknightpn@myspace.com,China,Male,Zhuge,Twinder,78695.41,CNY
Anne,Stephens,astephenspo@google.nl,France,Female,Meudon,Realpoint,,EUR
Dorothy,Bishop,dbishoppp@nba.com,Brazil,Female,Campo Alegre,Lajo,17138.93,BRL
Catherine,Hernandez,chernandezpq@oaic.gov.au,Philippines,Female,Tubo,Skiba,45620.05,PHP
Aaron,Gomez,agomezpr@tamu.edu,Russia,Male,Sernur,Thoughtbridge,16904.87,RUB
Deborah,Nguyen,dnguyenps@zimbio.com,United States,Female,Provo,Flashpoint,,USD
Evelyn,Davis,edavispt@ycombinator.com,Guatemala,Female,Santa Ana,Youfeed,1193.62,GTQ
Dennis,Ryan,dryanpu@nhs.uk,France,Male,Béthune,Centidel,14938.00,EUR
Kevin,Larson,klarsonpv@indiegogo.com,Indonesia,Male,Cikawung,Dynazzy,74939.40,IDR
Jimmy,Long,jlongpw@storify.com,Thailand,Male,Santi Suk,Skimia,40112.78,THB
Earl,Riley,erileypx@pbs.org,South Korea,Male,Beopwon,Talane,64448.16,KRW
Katherine,Sanchez,ksanchezpy@creativecommons.org,Thailand,Female,Koh Tao,Voonix,30550.01,THB
Donald,Wagner,dwagnerpz@oaic.gov.au,Sweden,Male,Bollnäs,Fadeo,34060.71,SEK
Fred,Robinson,frobinsonq0@salon.com,Indonesia,Male,Sulahan,Mycat,71161.41,IDR
Amy,Shaw,ashawq1@infoseek.co.jp,Croatia,Female,Stari Grad,Realpoint,53338.79,HRK
Debra,Murray,dmurrayq2@google.co.uk,Croatia,Female,Špišić-Bukovica,Twitterbeat,79951.37,HRK
Pamela,Burke,pburkeq3@economist.com,Georgia,Female,Dioknisi,Rhynoodle,11885.84,GEL
Jacqueline,Garcia,jgarciaq4@g.co,France,Female,Bry-sur-Marne,Voonder,52928.24,EUR
Clarence,Romero,cromeroq5@alexa.com,Poland,Male,Sulmierzyce,Feedfire,86077.88,PLN
Andrew,Ferguson,afergusonq6@telegraph.co.uk,Brazil,Male,Coronel Fabriciano,Topicware,26499.80,BRL
Jean,Hansen,jhansenq7@wired.com,Indonesia,Female,Mojorembun,Dynava,73030.98,IDR
Virginia,Bryant,vbryantq8@alexa.com,China,Female,Kuishan,Meevee,1503.54,CNY
Martin,Berry,mberryq9@columbia.edu,Ukraine,Male,Manhush,Skimia,41672.61,UAH
Lawrence,Larson,llarsonqa@umich.edu,Philippines,Male,Pananaw,Flashpoint,98409.49,PHP
Martin,Phillips,mphillipsqb@kickstarter.com,Indonesia,Male,Rahayu,Centizu,64996.40,IDR
Alan,Edwards,aedwardsqc@ocn.ne.jp,China,Male,Pingxiang,Jabbersphere,58317.77,CNY
Kathleen,Stanley,kstanleyqd@unc.edu,Sweden,Female,Ängelholm,InnoZ,34840.60,SEK
Wayne,Harris,wharrisqe@indiatimes.com,Russia,Male,Tashtagol,Talane,53712.27,RUB
Emily,Washington,ewashingtonqf@state.gov,China,Female,Sanlei,Realfire,73959.64,CNY
Roy,Willis,rwillisqg@quantcast.com,Indonesia,Male,Kedungcangkring,Dabjam,56376.05,IDR
Theresa,Morrison,tmorrisonqh@people.com.cn,France,Female,Metz,Fadeo,54546.03,EUR
Adam,Wilson,awilsonqi@phpbb.com,Argentina,Male,La Calera,Voonder,,ARS
Eugene,Reynolds,ereynoldsqj@sun.com,China,Male,Jianxi,Blogtag,,CNY
Marie,Fernandez,mfernandezqk@engadget.com,Indonesia,Female,Tegalagung,Rhynyx,64592.50,IDR
Kevin,Hanson,khansonql@businessinsider.com,Russia,Male,Pechora,Meevee,2595.51,RUB
Justin,Hunt,jhuntqm@va.gov,Canada,Male,Notre-Dame-de-l'Île-Perrot,Bubblebox,94489.31,CAD
Donna,Ellis,dellisqn@mashable.com,Philippines,Female,Talavera,Kwilith,,PHP
Jessica,Harper,jharperqo@huffingtonpost.com,Indonesia,Female,Hepang,Voomm,80809.05,IDR
Mildred,Carpenter,mcarpenterqp@ucla.edu,China,Female,Meitang,Dynava,51341.62,CNY
Deborah,Ward,dwardqq@salon.com,Czech Republic,Female,Dolní Lhota,Bubblemix,57023.92,CZK
Phyllis,Collins,pcollinsqr@mit.edu,China,Female,Hubei,Browsedrive,54290.89,CNY
Robert,Gray,rgrayqs@nba.com,Japan,Male,Kawanishi,Aimbu,49596.01,JPY
Maria,Fernandez,mfernandezqt@1und1.de,Poland,Female,Łobez,Voonte,35140.00,PLN
Michelle,Richards,mrichardsqu@adobe.com,Guam,Female,Agat Village,Quatz,16567.01,USD
Terry,Larson,tlarsonqv@theguardian.com,China,Male,Yalukou,Skiptube,67259.23,CNY
Jane,Ward,jwardqw@umn.edu,Russia,Female,Shchëkino,Realcube,46306.15,RUB
Mark,Fields,mfieldsqx@biglobe.ne.jp,Russia,Male,Novo-Peredelkino,Riffpedia,83376.78,RUB
Paula,Phillips,pphillipsqy@phpbb.com,Indonesia,Female,Bantardawa,Dablist,87770.32,IDR
Ralph,George,rgeorgeqz@cornell.edu,Thailand,Male,Bang Nam Priao,Realmix,56303.37,THB
Ruth,Turner,rturnerr0@netvibes.com,Indonesia,Female,Gununglarang,Thoughtworks,19551.67,IDR
Philip,Hayes,phayesr1@ameblo.jp,China,Male,Chenzui,Oodoo,76284.54,CNY
Walter,Perez,wperezr2@tiny.cc,Russia,Male,Shumyachi,Yacero,35150.89,RUB
Marilyn,Simpson,msimpsonr3@alibaba.com,Pakistan,Female,Vihāri,Camimbo,95906.90,PKR
Lisa,Bowman,lbowmanr4@sphinn.com,China,Female,Chaoyang,Tagchat,51840.21,CNY
Jason,Willis,jwillisr5@parallels.com,Russia,Male,Serdobsk,Gabtype,29073.02,RUB
Ronald,Robinson,rrobinsonr6@nih.gov,New Zealand,Male,Bluff,Buzzster,78825.65,NZD
Julie,Henry,jhenryr7@alexa.com,Russia,Female,Sosnogorsk,Plajo,72188.04,RUB
Frances,Webb,fwebbr8@berkeley.edu,Indonesia,Female,Numeto,Twitternation,46305.49,IDR
Russell,Little,rlittler9@live.com,Russia,Male,Tyazhinskiy,Gigazoom,63846.91,RUB
Jane,Long,jlongra@va.gov,Japan,Female,Oyama,Browsedrive,69941.01,JPY
Louise,Chapman,lchapmanrb@4shared.com,Philippines,Female,Calidñgan,Vinder,88824.02,PHP
Janet,Russell,jrussellrc@cloudflare.com,China,Female,Yanjiang,Aivee,22763.28,CNY
Peter,Rogers,progersrd@yellowpages.com,East Timor,Male,Same,Browseblab,78107.41,USD
Diane,Riley,drileyre@berkeley.edu,Brazil,Female,Reserva,Skaboo,47038.23,BRL
Sean,Ross,srossrf@census.gov,Philippines,Male,Allen,Skinte,51964.56,PHP
Irene,Walker,iwalkerrg@sogou.com,Sweden,Female,Oxelösund,Kaymbo,87188.51,SEK
Andrea,Kelly,akellyrh@people.com.cn,China,Female,Liaoyang,Browsedrive,31001.20,CNY
Amanda,Johnson,ajohnsonri@newsvine.com,Indonesia,Female,Amahusu,Roomm,5015.22,IDR
Diane,Hamilton,dhamiltonrj@free.fr,Slovenia,Female,Kranj,Skynoodle,49015.77,EUR
Jessica,Stephens,jstephensrk@mayoclinic.com,China,Female,Wudui,Meembee,24665.09,CNY
Jose,Smith,jsmithrl@topsy.com,Portugal,Male,Póvoa,Oyoloo,91787.14,EUR
Jennifer,Gardner,jgardnerrm@deviantart.com,Russia,Female,Mikhaylovsk,Feedspan,7217.21,RUB
Maria,Matthews,mmatthewsrn@devhub.com,Czech Republic,Female,Lučina,Photojam,35751.59,CZK
Karen,Fox,kfoxro@skype.com,Thailand,Female,Wichian Buri,Jetwire,65373.66,THB
Albert,Olson,aolsonrp@cocolog-nifty.com,Indonesia,Male,Neofbaun,Eayo,,IDR
Kathy,Stevens,kstevensrq@purevolume.com,China,Female,Shunling,Realcube,14336.63,CNY
Carlos,Duncan,cduncanrr@tinypic.com,Mauritius,Male,Chamouny,Rhybox,,MUR
