David,Mccoy,dmccoy0@pen.io,Greece,Male,Mirsíni,Vitz,73888.16,EUR
Helen,Gilbert,hgilbert1@hao123.com,China,Female,Zhamao,Bluejam,63189.88,CNY
Arthur,Dunn,adunn2@globo.com,South Africa,Male,Eshowe,Voonder,74218.88,ZAR
Shawn,Murphy,smurphy3@php.net,Japan,Male,Masaki-chō,Oyoba,,JPY
Lois,Andrews,landrews4@state.gov,Ukraine,Female,Kamyshevka Vtoraya,Realcube,59019.38,UAH
Phyllis,Payne,ppayne5@about.me,Vietnam,Female,Gò Quao,Vimbo,13727.51,VND
Angela,Elliott,aelliott6@wordpress.org,Serbia,Female,Niš,Digitube,49372.98,RSD
Helen,Myers,hmyers7@histats.com,Russia,Female,Sinegorskiy,Twinder,51140.90,RUB
Joshua,Warren,jwarren8@edublogs.org,Indonesia,Male,Tiyingtali Kelod,Tambee,75106.43,IDR
Jacqueline,Bishop,jbishop9@bloomberg.com,Greece,Female,Níkiti,Fadeo,91880.03,EUR
Janet,Sanchez,jsancheza@last.fm,China,Female,Dayong,Ntag,92627.58,CNY
Carolyn,Price,cpriceb@moonfruit.com,Japan,Female,Yasugichō,Yambee,24850.11,JPY
Rebecca,Campbell,rcampbellc@istockphoto.com,Brazil,Female,Quirinópolis,Brightdog,33947.79,BRL
Karen,Williamson,kwilliamsond@deliciousdays.com,Brazil,Female,Resende,Thoughtblab,86115.85,BRL
Cynthia,Spencer,cspencere@livejournal.com,China,Female,Zhongnan,Bluezoom,58843.05,CNY
Willie,Moreno,wmorenof@imgur.com,China,Male,Sanbaishan,Skivee,5764.94,CNY
Irene,Lawrence,ilawrenceg@lycos.com,Peru,Female,Pueblo Nuevo,Jaxworks,80156.43,PEN
Craig,Moreno,cmorenoh@smh.com.au,Ecuador,Male,Boca Suno,Tagpad,75737.20,USD
Harry,Jordan,hjordani@apple.com,Russia,Male,Donskoy,Livetube,,RUB
Tammy,Russell,trussellj@earthlink.net,China,Female,Zhoushan,Topiczoom,13231.51,CNY
Barbara,Chapman,bchapmank@list-manage.com,Botswana,Female,Letlhakeng,Aibox,31607.51,BWP
Shawn,Schmidt,sschmidtl@myspace.com,Portugal,Male,Serra D'El Rei,Yodoo,2038.92,EUR
Kimberly,Scott,kscottm@engadget.com,Ukraine,Female,Shabo,Gabspot,80651.72,UAH
Clarence,Oliver,colivern@google.com,North Korea,Male,Namp’o,Leexo,86404.39,KPW
Anthony,Long,alongo@ca.gov,China,Male,Xiting,Reallinks,77258.03,CNY
Katherine,Murphy,kmurphyp@netscape.com,Belarus,Female,Dzyarzhynsk,Tambee,85175.89,BYR
Richard,Robinson,rrobinsonq@ask.com,Czech Republic,Male,Bystré,Zooveo,60051.85,CZK
Donna,Fisher,dfisherr@china.com.cn,Ukraine,Female,Terpinnya,Quatz,74170.92,UAH
Ruth,Day,rdays@multiply.com,China,Female,Yanmenkou,Thoughtbridge,70309.04,CNY
Phyllis,Fernandez,pfernandezt@house.gov,Mongolia,Female,Jargalant,Voonte,947.91,MNT
Adam,Henry,ahenryu@wufoo.com,Cape Verde,Male,Vila Nova Sintra,Skipstorm,17519.73,CVE
Victor,Castillo,vcastillov@constantcontact.com,Indonesia,Male,Gunung Talang,Mycat,61765.06,IDR
Earl,Peterson,epetersonw@seattletimes.com,Switzerland,Male,Bern,Zoomdog,81161.05,CHF
Sean,Campbell,scampbellx@hatena.ne.jp,Indonesia,Male,Cigintung,Quire,20683.86,IDR
Jacqueline,Hall,jhally@vk.com,Philippines,Female,Paitan,Blogtag,58123.79,PHP
Andrew,Brown,abrownz@bigcartel.com,Vietnam,Male,Tân An,Centizu,,VND
Maria,Porter,mporter10@creativecommons.org,Japan,Female,Fujieda,Innojam,62646.75,JPY
Aaron,Wallace,awallace11@smugmug.com,Kazakhstan,Male,Aqtaū,Yabox,17481.43,KZT
William,Gutierrez,wgutierrez12@themeforest.net,Saudi Arabia,Male,Al Muţayrifī,Skynoodle,86300.06,SAR
Christina,Stone,cstone13@last.fm,Mexico,Female,Vicente Guerrero,Jetpulse,51694.78,MXN
Aaron,Lee,alee14@yale.edu,China,Male,Wuping,Linktype,2310.49,CNY
Jean,Hansen,jhansen15@yellowbook.com,Syria,Female,Al Ghandūrah,Gabtype,82648.85,SYP
Louis,Gutierrez,lgutierrez16@flavors.me,Sweden,Male,Lidingö,Meezzy,58476.73,SEK
Carolyn,Gray,cgray17@photobucket.com,China,Female,Jinshanzui,Skivee,12250.69,CNY
Ryan,Edwards,redwards18@a8.net,Philippines,Male,Opol,Zoomdog,51288.12,PHP
Maria,Turner,mturner19@theglobeandmail.com,Indonesia,Female,Patemon,Dynabox,49878.96,IDR
Jane,Chavez,jchavez1a@163.com,Indonesia,Female,Cikadongdong,Brainbox,83600.94,IDR
Roy,Romero,rromero1b@csmonitor.com,Brazil,Male,Igarapava,Voolia,21693.11,BRL
William,Bennett,wbennett1c@cbc.ca,Iceland,Male,Stykkishólmur,Centizu,99430.37,ISK
Todd,Kelley,tkelley1d@pbs.org,Indonesia,Male,Parabon,Youbridge,98925.51,IDR
Patricia,Moreno,pmoreno1e@theatlantic.com,Mongolia,Female,Ulaan Khat,Rhynyx,51176.38,MNT
Scott,Hawkins,shawkins1f@bloomberg.com,Portugal,Male,Póvoa,Blogtags,70830.30,EUR
Carolyn,Armstrong,carmstrong1g@mediafire.com,Portugal,Female,Eira da Pedra,Edgeify,,EUR
Janice,Watson,jwatson1h@statcounter.com,Colombia,Female,Villamaría,Jabbersphere,15408.20,COP
Adam,Burns,aburns1i@dropbox.com,Portugal,Male,Sanfins,Digitube,46815.32,EUR
Jimmy,Butler,jbutler1j@cargocollective.com,Philippines,Male,Bucay,Aimbu,83966.02,PHP
Martha,Knight,mknight1k@epa.gov,Philippines,Female,Mapulo,Feedfire,8815.58,PHP
Emily,Greene,egreene1l@cnbc.com,Canada,Female,Campbellton,Chatterpoint,80714.17,CAD
Carlos,Robinson,crobinson1m@hp.com,Iran,Male,Marāveh Tappeh,Yoveo,20508.56,IRR
Mary,Peterson,mpeterson1n@biglobe.ne.jp,Czech Republic,Female,Úštěk,Yacero,23280.99,CZK
Edward,Perez,eperez1o@bing.com,Indonesia,Male,Danauparis,Brightdog,96346.60,IDR
Margaret,Hansen,mhansen1p@mtv.com,Norway,Female,Oslo,Twitterbeat,74707.09,NOK
Joseph,Richards,jrichards1q@theguardian.com,China,Male,Mugan,Katz,,CNY
Andrew,Mcdonald,amcdonald1r@typepad.com,Netherlands,Male,Amsterdam,Npath,89198.42,EUR
Martha,Gilbert,mgilbert1s@devhub.com,Philippines,Female,Bingawan,Eazzy,84267.71,PHP
Eugene,Gonzalez,egonzalez1t@sina.com.cn,Argentina,Male,Corral de Bustos,Kwimbee,79868.96,ARS
Eric,Johnston,ejohnston1u@yolasite.com,Indonesia,Male,Bofuer,Zoomcast,9031.12,IDR
Amy,Bishop,abishop1v@tamu.edu,Finland,Female,Lammi,Vimbo,4851.70,EUR
Tammy,Berry,tberry1w@stumbleupon.com,Portugal,Female,Colmeal,Brainbox,32721.63,EUR
Craig,Reed,creed1x@icio.us,Portugal,Male,Fazenda de Santa Cruz,Linkbridge,,EUR
Robert,Dunn,rdunn1y@pinterest.com,Brazil,Male,Nobres,Kwilith,34507.14,BRL
Cheryl,Anderson,canderson1z@jimdo.com,China,Female,Yuqian,Skippad,77446.07,CNY
William,Ruiz,wruiz20@hugedomains.com,Indonesia,Male,Muararupit,Skiptube,38806.59,IDR
Joan,Morrison,jmorrison21@youtube.com,Iran,Female,Sūrīān,Babbleopia,61012.79,IRR
Earl,Fernandez,efernandez22@discovery.com,China,Male,Hongqi,Jabbercube,,CNY
Kathryn,Rogers,krogers23@sogou.com,Indonesia,Female,Pakel,Quatz,91204.44,IDR
Harry,Hunter,hhunter24@bandcamp.com,Poland,Male,Choroszcz,Blogtags,79416.58,PLN
Lillian,Gonzalez,lgonzalez25@ow.ly,Bhutan,Female,Sarpang,Trudeo,19631.08,BTN
Debra,James,djames26@squarespace.com,Russia,Female,Kochenëvo,Digitube,22027.38,RUB
Julia,Carpenter,jcarpenter27@tumblr.com,Colombia,Female,Acevedo,Thoughtmix,40884.60,COP
David,Collins,dcollins28@prweb.com,Russia,Male,Rybinsk,Wordware,98359.09,RUB
Susan,Ramirez,sramirez29@skyrock.com,Russia,Female,Vetluga,Chatterbridge,33998.22,RUB
Anne,Fields,afields2a@yandex.ru,China,Female,Xinxing,Viva,1577.25,CNY
Harry,Burns,hburns2b@skyrock.com,Japan,Male,Hamanoichi,Kwideo,78536.05,JPY
Patricia,Thomas,pthomas2c@google.ca,Thailand,Female,Pak Phanang,Jaxbean,8660.58,THB
Harold,Coleman,hcoleman2d@youku.com,Vietnam,Male,La Gi,Plajo,33774.88,VND
Edward,Crawford,ecrawford2e@wired.com,Togo,Male,Bassar,Ainyx,71413.29,XOF
Phillip,Carpenter,pcarpenter2f@umn.edu,Russia,Male,Kaltan,Quatz,96333.29,RUB
Ashley,Owens,aowens2g@oakley.com,Yemen,Female,Ar Rawḑ,Jabberbean,,YER
Randy,Sanchez,rsanchez2h@who.int,Greece,Male,Filiátes,Lajo,18135.96,EUR
Michelle,Morales,mmorales2i@slideshare.net,Brazil,Female,Manoel Urbano,Photobug,75230.90,BRL
Arthur,Gonzales,agonzales2j@dropbox.com,Hungary,Male,Pécs,Linklinks,58718.97,HUF
Kimberly,Wallace,kwallace2k@homestead.com,Indonesia,Female,Ketapang,Browseblab,29697.41,IDR
Mildred,Cunningham,mcunningham2l@scribd.com,China,Female,Jincun,Bubblebox,86118.01,CNY
Catherine,Morales,cmorales2m@360.cn,China,Female,Hushi,Abata,2114.70,CNY
Doris,Boyd,dboyd2n@comsenz.com,Isle of Man,Female,Laxey,Vidoo,87084.55,GBP
Daniel,Howell,dhowell2o@msu.edu,Indonesia,Male,Mandapajaya,Yakidoo,31709.92,IDR
John,Garza,jgarza2p@hhs.gov,China,Male,Chishui,Jaxnation,20005.05,CNY
Wanda,Young,wyoung2q@yandex.ru,Indonesia,Female,Jatisari,Wikibox,2441.81,IDR
Ann,Porter,aporter2r@nature.com,Luxembourg,Female,Larochette,Oyoyo,21632.65,EUR
Wanda,Perry,wperry2s@comcast.net,Slovenia,Female,Solkan,Jaxspan,46726.71,EUR
Jean,Chavez,jchavez2t@biglobe.ne.jp,Indonesia,Female,Wajak,Bubblebox,50340.12,IDR
John,Ortiz,jortiz2u@vimeo.com,China,Male,Caoping,Blognation,88500.70,CNY
Janice,Berry,jberry2v@weebly.com,Indonesia,Female,Nangabulik,Youtags,85872.44,IDR
Julie,Palmer,jpalmer2w@mtv.com,Czech Republic,Female,Kamenický Šenov,Wordpedia,12359.37,CZK
Debra,Bishop,dbishop2x@house.gov,Philippines,Female,Catbalogan,Twimm,91707.15,PHP
Laura,Frazier,lfrazier2y@tamu.edu,South Africa,Female,Boshof,Reallinks,94020.12,ZAR
Howard,Webb,hwebb2z@hud.gov,Canada,Male,Warwick,Skinix,68398.75,CAD
Lawrence,Elliott,lelliott30@dot.gov,China,Male,Anyu,Browseblab,79375.85,CNY
Larry,Gardner,lgardner31@mayoclinic.com,Indonesia,Male,Romba,Topiclounge,48879.27,IDR
Judy,Knight,jknight32@clickbank.net,Indonesia,Female,Mriyunan,Lazzy,71658.97,IDR
Jennifer,Fuller,jfuller33@umich.edu,Macedonia,Female,Ilinden,Tekfly,40677.63,MKD
Antonio,Ellis,aellis34@whitehouse.gov,China,Male,Yujia’ao,Skinte,64471.58,CNY
Maria,Kelley,mkelley35@wiley.com,Belize,Female,San Ignacio,Yotz,48502.80,BZD
Alice,Hart,ahart36@ocn.ne.jp,Greece,Female,Sérvia,Devpulse,20152.43,EUR
Joshua,Bell,jbell37@bbc.co.uk,Poland,Male,Krotoszyn,Wordify,99769.95,PLN
Laura,Bailey,lbailey38@ning.com,Russia,Female,Verkhniye Achaluki,Mybuzz,79383.73,RUB
Laura,Fuller,lfuller39@google.com.au,Kenya,Female,Karuri,Jaloo,91580.59,KES
Ryan,Williams,rwilliams3a@1und1.de,Macedonia,Male,Крива Паланка,Snaptags,74165.75,MKD
Evelyn,Wilson,ewilson3b@spiegel.de,China,Female,Henglu,Yodoo,74507.14,CNY
Howard,Wilson,hwilson3c@comcast.net,Netherlands,Male,Zeewolde,Zooxo,65507.45,EUR
Robert,Duncan,rduncan3d@macromedia.com,Czech Republic,Male,Krupka,Linktype,87042.51,CZK
Harry,Simpson,hsimpson3e@ning.com,Indonesia,Male,Palampal,Mita,3117.30,IDR
Sarah,Pierce,spierce3f@flavors.me,Colombia,Female,Corinto,Yadel,83456.45,COP
Debra,Allen,dallen3g@github.io,Venezuela,Female,San Juan Bautista,Quamba,44460.86,VEF
Robert,Wagner,rwagner3h@boston.com,China,Male,Xiaopingba,Minyx,19970.40,CNY
Brian,Bell,bbell3i@youtube.com,China,Male,Buchou,Browsetype,19149.93,CNY
Charles,Wright,cwright3j@princeton.edu,China,Male,Beima,Bubblebox,81064.10,CNY
Virginia,Perry,vperry3k@theatlantic.com,Indonesia,Female,Sukakarya,Babbleopia,34022.08,IDR
Larry,Wells,lwells3l@list-manage.com,Guyana,Male,Bartica,Oodoo,91824.08,GYD
Dorothy,Sanders,dsanders3m@china.com.cn,China,Female,Meixi,Kamba,30989.21,CNY
Christopher,Torres,ctorres3n@mapy.cz,Portugal,Male,Estarreja,Vinder,33944.37,EUR
Raymond,Schmidt,rschmidt3o@wikipedia.org,Japan,Male,Wakimachi,Edgepulse,39190.67,JPY
Kathleen,Carpenter,kcarpenter3p@zdnet.com,China,Female,Jijiazhuang,Dynabox,98829.93,CNY
Raymond,Gardner,rgardner3q@techcrunch.com,Philippines,Male,Santa Rita Aplaya,Podcat,1315.17,PHP
Keith,Dixon,kdixon3r@opera.com,China,Male,Heshang,Tazzy,25992.54,CNY
Fred,Welch,fwelch3s@dyndns.org,Indonesia,Male,Cilampuyang,Gabtype,21271.52,IDR
Lisa,Matthews,lmatthews3t@smugmug.com,Russia,Female,Tselinnoye,Twitterwire,,RUB
Evelyn,Perkins,eperkins3u@addtoany.com,Philippines,Female,Calabaca,Viva,27994.45,PHP
Melissa,West,mwest3v@liveinternet.ru,Macedonia,Female,Jankovec,Blogtag,,MKD
Earl,Long,elong3w@twitter.com,China,Male,Tuanchengshan,Innojam,38238.47,CNY
Steve,Clark,sclark3x@skyrock.com,Thailand,Male,Sathon,Avaveo,22486.30,THB
Kenneth,Montgomery,kmontgomery3y@fda.gov,Tanzania,Male,Konde,Geba,89953.24,TZS
Joshua,Schmidt,jschmidt3z@spiegel.de,Brazil,Male,Cabo Frio,Yoveo,29665.46,BRL
Melissa,Lynch,mlynch40@blogger.com,Thailand,Female,Ban Dung,Browsebug,75738.96,THB
Louis,Reid,lreid41@multiply.com,China,Male,Huangchen,Mynte,56833.20,CNY
Jeremy,Crawford,jcrawford42@hhs.gov,Colombia,Male,Riofrío,Blognation,92310.74,COP
Jose,Bennett,jbennett43@nationalgeographic.com,France,Male,Châtillon,Agivu,78503.11,EUR
Aaron,Morrison,amorrison44@spotify.com,Afghanistan,Male,Sang-e Māshah,Ooba,78941.15,AFN
Nicholas,Hunt,nhunt45@umich.edu,Indonesia,Male,Mekarsari,Eazzy,94603.89,IDR
Mary,Sanchez,msanchez46@apple.com,Japan,Female,Hondo,Yamia,85524.51,JPY
Samuel,Morris,smorris47@mozilla.org,Czech Republic,Male,Kájov,Viva,58008.37,CZK
Ronald,Berry,rberry48@usgs.gov,China,Male,Tantu,Ntag,98960.67,CNY
Shirley,Ray,sray49@homestead.com,Thailand,Female,Wang Muang,Aibox,,THB
Carolyn,Ramirez,cramirez4a@mapy.cz,China,Female,Daxing,Youspan,40409.44,CNY
Anthony,Alexander,aalexander4b@epa.gov,Philippines,Male,Jolo,Blogtags,62515.65,PHP
Billy,Carroll,bcarroll4c@statcounter.com,Czech Republic,Male,Bílovice,Yotz,4806.72,CZK
Louise,Fox,lfox4d@independent.co.uk,Portugal,Female,Canhas,Innojam,17895.08,EUR
Ruby,Woods,rwoods4e@jalbum.net,Russia,Female,Zhireken,Topdrive,37779.73,RUB
Michael,Adams,madams4f@europa.eu,South Africa,Male,Messina,Oyoba,53090.44,ZAR
Robin,Fields,rfields4g@multiply.com,South Africa,Female,Daniëlskuil,Oozz,18947.60,ZAR
Lois,Tucker,ltucker4h@sakura.ne.jp,China,Female,Huanggexi,Eabox,59141.84,CNY
Betty,Peterson,bpeterson4i@yellowpages.com,Russia,Female,Dzerzhinsk,Tagopia,98341.53,RUB
Chris,Richards,crichards4j@springer.com,Israel,Male,Tiberias,Abata,87991.94,ILS
Ryan,Rogers,rrogers4k@homestead.com,Costa Rica,Male,San Felipe,Jabberbean,90117.32,CRC
Linda,Hill,lhill4l@rambler.ru,United States,Female,Phoenix,Devpulse,13877.89,USD
Charles,Watkins,cwatkins4m@theatlantic.com,Russia,Male,Amga,Innotype,33212.96,RUB
Carol,Garrett,cgarrett4n@businessinsider.com,Philippines,Female,Clarin,Flashset,,PHP
Doris,Hughes,dhughes4o@illinois.edu,Russia,Female,Karaidel’,Demizz,19827.94,RUB
Andrea,Carr,acarr4p@pagesperso-orange.fr,Japan,Female,Zushi,Topdrive,62565.36,JPY
Gary,Roberts,groberts4q@forbes.com,China,Male,Taihua,Voonyx,,CNY
Anne,Ferguson,aferguson4r@google.co.uk,Brazil,Female,Cajazeiras,Kwimbee,44607.53,BRL
Howard,Ramirez,hramirez4s@hugedomains.com,Indonesia,Male,Klampis,Babbleblab,77480.89,IDR
Harry,Wilson,hwilson4t@simplemachines.org,China,Male,Xinying,Quimm,35977.39,CNY
Robin,Tucker,rtucker4u@sciencedaily.com,Palestinian Territory,Female,Al Midyah,Vitz,,ILS
Joseph,Butler,jbutler4v@bbb.org,Austria,Male,Wolfsberg,Realbuzz,89195.24,EUR
David,Wright,dwright4w@addthis.com,Indonesia,Male,Growong Kidul,Kazio,66756.25,IDR
Richard,Smith,rsmith4x@ebay.co.uk,China,Male,Kunshan,Janyx,41457.51,CNY
Norma,Snyder,nsnyder4y@cbc.ca,Myanmar,Female,Mudon,Aimbu,90279.18,MMK
Anna,Ramirez,aramirez4z@unblog.fr,Portugal,Female,Granja do Tedo,Dynazzy,1976.59,EUR
Phillip,Brooks,pbrooks50@yahoo.com,Poland,Male,Lubin,Shufflester,47239.76,PLN
Lillian,Brown,lbrown51@mysql.com,United States,Female,Mesa,Shufflebeat,,USD
Louis,Pierce,lpierce52@fc2.com,China,Male,Xishiqiao,Dabjam,,CNY
Christina,Shaw,cshaw53@mlb.com,China,Female,Xiapu,Wikizz,62904.41,CNY
Martha,Larson,mlarson54@ow.ly,Portugal,Female,Messejana,Twiyo,3198.89,EUR
Emily,Howard,ehoward55@house.gov,Thailand,Female,Salaya,Feedspan,8719.85,THB
Phillip,Johnson,pjohnson56@comsenz.com,China,Male,Beidou,Photolist,79278.01,CNY
Lillian,Patterson,lpatterson57@issuu.com,China,Female,Luntai,Brightbean,70841.80,CNY
Robert,Willis,rwillis58@blogs.com,Portugal,Male,Lisboa,Centimia,9665.10,EUR
Sharon,Jordan,sjordan59@infoseek.co.jp,China,Female,Xinghe Chengguanzhen,Demizz,34950.97,CNY
Lois,Watkins,lwatkins5a@a8.net,Philippines,Female,Bateria,Twitterworks,64084.63,PHP
Jose,Hicks,jhicks5b@newyorker.com,Brazil,Male,Porecatu,Tagtune,,BRL
Anne,Foster,afoster5c@example.com,United States,Female,Canton,Layo,79283.02,USD
Samuel,Peterson,speterson5d@163.com,China,Male,Yongqin,Jabbersphere,,CNY
Martin,Graham,mgraham5e@cam.ac.uk,Croatia,Male,Jelisavac,Trunyx,,HRK
Ashley,Armstrong,aarmstrong5f@prnewswire.com,Philippines,Female,Palompon,Devify,77999.62,PHP
Jimmy,Ferguson,jferguson5g@geocities.com,Sweden,Male,Sävedalen,Jaxspan,,SEK
Scott,Woods,swoods5h@behance.net,Venezuela,Male,Carrizal,Dablist,14717.79,VEF
Louise,Carter,lcarter5i@blogger.com,Sweden,Female,Borås,Youfeed,63542.70,SEK
Randy,Webb,rwebb5j@jugem.jp,Ivory Coast,Male,Korhogo,Gabspot,84940.97,XOF
Ruth,Murray,rmurray5k@artisteer.com,Greece,Female,Chalandrítsa,Riffpath,53217.78,EUR
Maria,Owens,mowens5l@answers.com,Poland,Female,Wisła,Yakidoo,42729.60,PLN
Emily,Clark,eclark5m@cornell.edu,China,Female,Liyang,Trudoo,88951.78,CNY
Robert,Hunter,rhunter5n@friendfeed.com,Netherlands,Male,Heerlen,Dynabox,42578.07,EUR
Stephanie,Stephens,sstephens5o@google.com.hk,Canada,Female,Oromocto,Aibox,37382.42,CAD
Ronald,Mccoy,rmccoy5p@cpanel.net,Japan,Male,Komatsushimachō,Voonyx,5034.48,JPY
Robert,Shaw,rshaw5q@youtu.be,Brazil,Male,Itaberaba,Skinte,28097.16,BRL
Martha,Murphy,mmurphy5r@hud.gov,China,Female,Zhaxirabdain,Kamba,96460.12,CNY
Christina,Harvey,charvey5s@cnet.com,Colombia,Female,Pamplona,Meedoo,16217.92,COP
Jane,Richards,jrichards5t@craigslist.org,Poland,Female,Góra Kalwaria,Skimia,22817.02,PLN
Michelle,Lynch,mlynch5u@addthis.com,Thailand,Female,Uthai Thani,Innojam,34313.78,THB
Martin,Williamson,mwilliamson5v@devhub.com,Indonesia,Male,Kadaka,Buzzdog,47061.25,IDR
Frank,Lane,flane5w@so-net.ne.jp,Kazakhstan,Male,Embi,Skimia,,KZT
Maria,Medina,mmedina5x@hatena.ne.jp,Indonesia,Female,Arosbaya,Zoomcast,77619.79,IDR
Jennifer,Meyer,jmeyer5y@squarespace.com,Thailand,Female,Bang Krathum,Yambee,26701.13,THB
Joe,Grant,jgrant5z@yahoo.co.jp,Philippines,Male,Tabalong,Tagcat,,PHP
Ashley,Jackson,ajackson60@pinterest.com,Kuwait,Female,Ar Rumaythīyah,Photospace,65129.62,KWD
Keith,Evans,kevans61@noaa.gov,Japan,Male,Hirakata,Zoonder,30118.19,JPY
Annie,Stevens,astevens62@hostgator.com,Indonesia,Female,Krajan,Meevee,74371.18,IDR
Lois,Chapman,lchapman63@last.fm,Japan,Female,Ōtawara,Topicblab,81587.75,JPY
Kathleen,Martin,kmartin64@home.pl,Sweden,Female,Sala,Yodo,21480.22,SEK
Anne,Fowler,afowler65@mediafire.com,Burkina Faso,Female,Fada N'gourma,Zoomzone,86424.23,XOF
Theresa,Hill,thill66@soup.io,China,Female,Zhishan,Gabtype,51316.98,CNY
Lisa,Adams,ladams67@go.com,Russia,Female,Rogachëvo,Realbuzz,,RUB
Tammy,Stanley,tstanley68@java.com,China,Female,Huayuan,Voonix,49992.89,CNY
Norma,Hudson,nhudson69@arstechnica.com,Russia,Female,Sasovo,Aimbo,5736.30,RUB
Arthur,Mendoza,amendoza6a@exblog.jp,Indonesia,Male,Kaliwates,Voonte,,IDR
Tina,Sullivan,tsullivan6b@paypal.com,Philippines,Female,Ungca,Agivu,18728.04,PHP
Laura,Wheeler,lwheeler6c@google.nl,Peru,Female,Changuillo,Agivu,49930.37,PEN
Shirley,Stanley,sstanley6d@dailymotion.com,Indonesia,Female,Bonik,Edgeify,49415.60,IDR
Ashley,Rivera,arivera6e@google.de,Indonesia,Female,Ratilangi,Geba,74959.69,IDR
Todd,Peters,tpeters6f@europa.eu,Kyrgyzstan,Male,Naryn,Meembee,18350.80,KGS
Theresa,Lee,tlee6g@discovery.com,China,Female,Chengxiang,Blogpad,47617.99,CNY
Diana,Wilson,dwilson6h@networkadvertising.org,France,Female,Domont,Yodo,88439.38,EUR
Rose,Daniels,rdaniels6i@ameblo.jp,Russia,Female,Mosrentgen,Quatz,30092.86,RUB
Denise,Thompson,dthompson6j@unesco.org,Nicaragua,Female,Masaya,Jabberstorm,22779.58,NIO
Annie,Flores,aflores6k@msu.edu,United States,Female,El Paso,Voonix,37676.46,USD
Alice,Fox,afox6l@bbc.co.uk,Morocco,Female,Had Kourt,Fliptune,53210.21,MAD
Joseph,Harper,jharper6m@bloomberg.com,Venezuela,Male,Píritu,Ntags,82822.08,VEF
Carlos,Washington,cwashington6n@vinaora.com,Indonesia,Male,Banjar Yehsatang,Flashdog,70691.95,IDR
Randy,Watkins,rwatkins6o@sohu.com,Argentina,Male,Ciervo Petiso,Blognation,82463.89,ARS
Paul,Watkins,pwatkins6p@fotki.com,Indonesia,Male,Krajan Alasdowo,Layo,74102.91,IDR
Catherine,Ford,cford6q@vistaprint.com,France,Female,Grenoble,Blognation,98615.78,EUR
Anna,Cunningham,acunningham6r@narod.ru,Argentina,Female,Neuquén,Vimbo,60343.75,ARS
Brenda,Allen,ballen6s@columbia.edu,Argentina,Female,Villa Carlos Paz,Skidoo,93274.61,ARS
Jack,Thompson,jthompson6t@mlb.com,Madagascar,Male,Ambovombe,Myworks,30945.51,MGA
Joseph,Stone,jstone6u@ehow.com,France,Male,Romilly-sur-Seine,Miboo,88496.00,EUR
Ronald,Mitchell,rmitchell6v@nasa.gov,Indonesia,Male,Ketampak,Muxo,9352.14,IDR
Billy,Hunter,bhunter6w@addtoany.com,China,Male,Hetou,Yakijo,80483.28,CNY
Anthony,Fisher,afisher6x@slate.com,United States,Male,Chicago,Thoughtstorm,,USD
Christina,Meyer,cmeyer6y@unicef.org,Cambodia,Female,Stung Treng,Voolith,27692.01,KHR
Catherine,Patterson,cpatterson6z@gmpg.org,China,Female,Yixi,Latz,39457.08,CNY
Jeffrey,Gordon,jgordon70@house.gov,China,Male,Xiaochuan,Devbug,69884.11,CNY
Justin,Sanchez,jsanchez71@yandex.ru,Canada,Male,Wolfville,Feedbug,7333.71,CAD
Patricia,Burton,pburton72@purevolume.com,Portugal,Female,Santos Evos,Oyope,76001.38,EUR
Keith,Garza,kgarza73@miibeian.gov.cn,China,Male,Jingyang,Aimbu,33191.07,CNY
Patrick,Mccoy,pmccoy74@amazon.co.jp,Japan,Male,Uozu,Zooxo,40164.94,JPY
Rachel,Martinez,rmartinez75@techcrunch.com,Albania,Female,Patos Fshat,Fiveclub,3969.95,ALL
Angela,Moore,amoore76@mtv.com,China,Female,Zhoutian,Latz,88494.88,CNY
Sarah,Hughes,shughes77@kickstarter.com,Guinea,Female,Kankan,Fivechat,35662.80,GNF
Elizabeth,Hicks,ehicks78@exblog.jp,Russia,Female,Zhigulevsk,Gigazoom,84152.81,RUB
Kenneth,Daniels,kdaniels79@hubpages.com,Malta,Male,Għaxaq,Lazz,28060.70,EUR
Ernest,Taylor,etaylor7a@berkeley.edu,Indonesia,Male,Muting,Roodel,,IDR
Gerald,West,gwest7b@squarespace.com,China,Male,Qingshan,Blogpad,31165.57,CNY
David,Wells,dwells7c@e-recht24.de,Indonesia,Male,Babakantugu,Aivee,,IDR
Laura,Anderson,landerson7d@nymag.com,Indonesia,Female,Cibinong,Fivechat,15966.01,IDR
Kathryn,Turner,kturner7e@dot.gov,China,Female,Yangsi,Linktype,26751.37,CNY
Richard,Reid,rreid7f@gizmodo.com,Kazakhstan,Male,Borovskoy,Einti,73822.62,KZT
Joshua,Brooks,jbrooks7g@mozilla.org,Czech Republic,Male,Žlutava,Roombo,40776.46,CZK
Amy,Taylor,ataylor7h@microsoft.com,China,Female,Qiawan,Edgetag,61542.74,CNY
Sharon,Stone,sstone7i@intel.com,China,Female,Guiping,Quatz,,CNY
Andrew,Boyd,aboyd7j@discovery.com,China,Male,Huancheng,Mynte,22319.89,CNY
Ann,Hamilton,ahamilton7k@cmu.edu,Iran,Female,Bandar-e Māhshahr,Feedmix,168.83,IRR
Timothy,Matthews,tmatthews7l@archive.org,Russia,Male,Tuymazy,Kanoodle,,RUB
Craig,Young,cyoung7m@businessweek.com,Philippines,Male,Santo Tomas,Tagfeed,27008.03,PHP
Ruth,Campbell,rcampbell7n@smugmug.com,Afghanistan,Female,La‘l,Fanoodle,39425.26,AFN
Lawrence,Hicks,lhicks7o@census.gov,San Marino,Male,Fiorentino,Vidoo,19718.74,EUR
Fred,Fields,ffields7p@google.it,Portugal,Male,Vermelha,Centidel,90798.03,EUR
Alan,Alvarez,aalvarez7q@boston.com,China,Male,Xiangride,Mydo,83174.60,CNY
Albert,Montgomery,amontgomery7r@mail.ru,Russia,Male,Salekhard,Thoughtblab,98622.94,RUB
Chris,Peters,cpeters7s@miitbeian.gov.cn,Egypt,Male,Banī Mazār,Latz,35850.89,EGP
Thomas,Richards,trichards7t@mit.edu,Philippines,Male,Banos,Flashdog,71764.06,PHP
Karen,Hayes,khayes7u@google.fr,Russia,Female,Yasnogorsk,Kazio,30032.44,RUB
Doris,Collins,dcollins7v@free.fr,Indonesia,Female,Mekarjaya,Wordify,,IDR
Jonathan,Lewis,jlewis7w@unc.edu,France,Male,Saumur,Chatterpoint,,EUR
Ralph,Reynolds,rreynolds7x@bigcartel.com,Thailand,Male,Mae Sot,Oodoo,49949.87,THB
Stephanie,Green,sgreen7y@aboutads.info,Indonesia,Female,Tanjungagung,Ntags,5951.84,IDR
Phillip,Palmer,ppalmer7z@blog.com,Poland,Male,Choroszcz,Browsetype,16142.08,PLN
Ralph,Meyer,rmeyer80@e-recht24.de,Russia,Male,Primorsko-Akhtarsk,Gevee,67013.96,RUB
Maria,Burton,mburton81@seattletimes.com,Afghanistan,Female,Asadābād,Twimbo,63721.44,AFN
Rachel,Ramirez,rramirez82@ed.gov,Indonesia,Female,Sukatani,Trupe,96470.75,IDR
Barbara,Garrett,bgarrett83@techcrunch.com,China,Female,Baochang,Fatz,,CNY
Ralph,Palmer,rpalmer84@mac.com,Mongolia,Male,Baruunsuu,Meembee,96772.19,MNT
Ernest,Reed,ereed85@bloglovin.com,Indonesia,Male,Coratatal,Roombo,,IDR
Frances,Scott,fscott86@paginegialle.it,Ukraine,Female,Kamyshevka Vtoraya,Skyble,96780.76,UAH
Fred,Mills,fmills87@dmoz.org,Mongolia,Male,Dzel,Rhyloo,61920.74,MNT
Louise,Little,llittle88@bloglines.com,Poland,Female,Wąbrzeźno,Babblestorm,58557.77,PLN
Andrew,Young,ayoung89@dailymotion.com,Russia,Male,Naurskaya,LiveZ,71247.61,RUB
Heather,Ward,hward8a@cdbaby.com,China,Female,Qingyuan,Kanoodle,35792.53,CNY
Victor,Smith,vsmith8b@pcworld.com,Indonesia,Male,Tuatuka,Photolist,54315.58,IDR
Marie,Diaz,mdiaz8c@phpbb.com,China,Female,Caqu,Thoughtblab,79296.26,CNY
Louise,Perez,lperez8d@netvibes.com,Gambia,Female,Baro Kunda,Skinte,44133.93,GMD
Christine,Oliver,coliver8e@mtv.com,China,Female,Xiaolou,Ooba,7011.38,CNY
Adam,Johnston,ajohnston8f@walmart.com,China,Male,Mijiang,Ailane,2524.07,CNY
Amanda,Torres,atorres8g@google.pl,Philippines,Female,Bagacay,Mymm,47889.74,PHP
Mildred,Cook,mcook8h@nydailynews.com,Indonesia,Female,Ulee Gle,Gabvine,,IDR
Todd,Ramos,tramos8i@sphinn.com,Brazil,Male,Cícero Dantas,Oyoba,86050.93,BRL
Raymond,Perry,rperry8j@earthlink.net,Norway,Male,Oslo,Skyndu,96664.06,NOK
Ryan,Murphy,rmurphy8k@diigo.com,Malaysia,Male,Kuantan,Aibox,61736.87,MYR
Randy,Dean,rdean8l@sun.com,China,Male,Huifeng,Abata,50890.76,CNY
Norma,Fernandez,nfernandez8m@booking.com,Barbados,Female,Speightstown,Skipfire,45374.62,BBD
Rachel,Hunter,rhunter8n@nhs.uk,Albania,Female,Vreshtas,Yakitri,64921.05,ALL
Amy,Arnold,aarnold8o@ft.com,Indonesia,Female,Geneng,Edgeclub,36971.54,IDR
Evelyn,Taylor,etaylor8p@unesco.org,China,Female,Jugezhuang,Wordware,9943.04,CNY
Lori,Edwards,ledwards8q@drupal.org,Japan,Female,Tsubame,Yombu,20261.06,JPY
Tina,Phillips,tphillips8r@bigcartel.com,Greece,Female,Alepoú,Mudo,65098.72,EUR
Virginia,Richardson,vrichardson8s@liveinternet.ru,Mongolia,Female,Sergelen,Thoughtbridge,94150.94,MNT
Irene,Mason,imason8t@liveinternet.ru,China,Female,Yaxi,Yambee,84001.38,CNY
Theresa,Fowler,tfowler8u@cbslocal.com,Namibia,Female,Outjo,Babblestorm,39099.56,NAD
Carl,Gutierrez,cgutierrez8v@google.it,Mongolia,Male,Altanbulag,Quimba,38209.81,MNT
Rachel,Harris,rharris8w@home.pl,Costa Rica,Female,Paraíso,Gabcube,,CRC
Lawrence,Burton,lburton8x@un.org,Philippines,Male,Bautista,Realblab,45239.89,PHP
Victor,Weaver,vweaver8y@macromedia.com,China,Male,Linjiang,Twimbo,34122.39,CNY
Jacqueline,Johnston,jjohnston8z@hubpages.com,Poland,Female,Czarnocin,JumpXS,34319.44,PLN
Emily,Russell,erussell90@blogs.com,Poland,Female,Jedlińsk,Voolia,75408.06,PLN
Charles,Howell,chowell91@cnn.com,Russia,Male,Bokhan,Rhycero,9771.36,RUB
Carlos,Wagner,cwagner92@desdev.cn,Russia,Male,Krivodanovka,Oyoyo,12525.09,RUB
Lisa,Meyer,lmeyer93@techcrunch.com,Sweden,Female,Hallstavik,Babbleset,56349.02,SEK
James,Phillips,jphillips94@networksolutions.com,China,Male,Huanglong,DabZ,8745.15,CNY
Earl,Dunn,edunn95@comsenz.com,Indonesia,Male,Baranusa,Zoombox,57184.12,IDR
Amy,Wagner,awagner96@paypal.com,China,Female,Dayanggezhuang,Meevee,,CNY
Anna,Howard,ahoward97@google.com,Tanzania,Female,Mtwara,Photojam,74102.70,TZS
Philip,Nguyen,pnguyen98@wikispaces.com,Argentina,Male,Trelew,Browsebug,33783.91,ARS
Carolyn,Kelley,ckelley99@biblegateway.com,China,Female,Litian,Oyonder,84392.18,CNY
Carolyn,Evans,cevans9a@google.pl,France,Female,Tarbes,Minyx,50007.33,EUR
Judith,Chavez,jchavez9b@yale.edu,Philippines,Female,Davao,Miboo,30081.66,PHP
Harold,Reid,hreid9c@globo.com,Philippines,Male,Libon,Dabvine,72635.20,PHP
Thomas,Parker,tparker9d@ft.com,Bulgaria,Male,Malko Tŭrnovo,Katz,4810.49,BGN
Brian,Richards,brichards9e@earthlink.net,El Salvador,Male,El Paisnal,Kamba,4070.54,USD
Amy,Peterson,apeterson9f@pagesperso-orange.fr,Czech Republic,Female,Topolná,Browsecat,90239.84,CZK
Victor,Stone,vstone9g@webnode.com,Zimbabwe,Male,Marondera,Wordpedia,71855.20,ZWL
Harold,Campbell,hcampbell9h@weather.com,Indonesia,Male,Wuluhan,Mydo,2987.03,IDR
Melissa,Peters,mpeters9i@jiathis.com,Norway,Female,Arendal,Jetwire,3562.67,NOK
Brenda,Morales,bmorales9j@desdev.cn,Russia,Female,Tomsk,Teklist,6530.31,RUB
Irene,Chavez,ichavez9k@cbslocal.com,Indonesia,Female,Banjar Lalangpasek,Tambee,41498.15,IDR
Diana,Carter,dcarter9l@theguardian.com,Nigeria,Female,Kiyawa,Fatz,42825.86,NGN
Ashley,Spencer,aspencer9m@artisteer.com,Tanzania,Female,Liwale,Fatz,87412.44,TZS
Janice,Jackson,jjackson9n@bloglines.com,Peru,Female,Cabanaconde,Youfeed,76972.90,PEN
Diane,Turner,dturner9o@hostgator.com,China,Female,Sixi,Skyvu,,CNY
Larry,Butler,lbutler9p@dell.com,Argentina,Male,Villa La Angostura,Skilith,29931.69,ARS
Gary,Hill,ghill9q@163.com,Indonesia,Male,Bodeh,Plambee,88899.60,IDR
Robert,Hamilton,rhamilton9r@tmall.com,Poland,Male,Koszyce Wielkie,Skynoodle,65114.70,PLN
Linda,Stevens,lstevens9s@dion.ne.jp,Russia,Female,Plavsk,Eimbee,,RUB
Sandra,White,swhite9t@taobao.com,Argentina,Female,Gobernador Gálvez,Wordpedia,31049.10,ARS
Roy,James,rjames9u@yellowpages.com,Argentina,Male,Huerta Grande,Yakitri,45585.07,ARS
Samuel,Brown,sbrown9v@usnews.com,Ukraine,Male,Kobleve,Jabbersphere,16763.93,UAH
John,Welch,jwelch9w@dot.gov,China,Male,Zhangcun,Pixonyx,90226.43,CNY
Donna,Gibson,dgibson9x@bluehost.com,Argentina,Female,Termas de Río Hondo,Youtags,90067.06,ARS
Janet,Richards,jrichards9y@jalbum.net,Sweden,Female,Dalsjöfors,Edgeify,39887.77,SEK
Annie,Hunter,ahunter9z@unicef.org,Brazil,Female,Matão,Demimbu,91474.19,BRL
Ryan,Green,rgreena0@examiner.com,Indonesia,Male,Mangli,Wordtune,,IDR
Kathy,Clark,kclarka1@mozilla.com,China,Female,Dongyuan,Riffpedia,67058.68,CNY
Arthur,Perkins,aperkinsa2@hc360.com,Indonesia,Male,Kembang,Latz,82536.29,IDR
Karen,Medina,kmedinaa3@tinypic.com,Georgia,Female,Zhinvali,Linklinks,38992.28,GEL
Marie,Price,mpricea4@cbslocal.com,France,Female,Poligny,Aivee,56047.41,EUR
Daniel,Russell,drussella5@themeforest.net,Afghanistan,Male,Tsapêraī,Livetube,,AFN
Andrew,Watkins,awatkinsa6@facebook.com,China,Male,Wuxihe,Devshare,71879.97,CNY
Marie,Hughes,mhughesa7@usa.gov,United States,Female,Las Vegas,Jazzy,19608.32,USD
Barbara,Richardson,brichardsona8@sun.com,Indonesia,Female,Selajambe Satu,Vidoo,34379.74,IDR
Mildred,Snyder,msnydera9@timesonline.co.uk,Brazil,Female,Itabaiana,Edgeclub,153.92,BRL
Phillip,Mccoy,pmccoyaa@cargocollective.com,Philippines,Male,Cavinti,Tagopia,55883.07,PHP
Julia,Rogers,jrogersab@redcross.org,Albania,Female,Shijak,Skiba,49660.97,ALL
Julie,Hunt,jhuntac@parallels.com,Colombia,Female,Elías,Skyvu,51108.70,COP
Marilyn,Wells,mwellsad@geocities.com,Philippines,Female,Malilipot,Meevee,27550.31,PHP
Denise,Evans,devansae@jugem.jp,China,Female,Lishu,Fadeo,78076.77,CNY
Douglas,Kelly,dkellyaf@gov.uk,China,Male,Linfen,Yakitri,34699.15,CNY
Antonio,Frazier,afrazierag@creativecommons.org,Sweden,Male,Lidköping,Zoombeat,16622.83,SEK
Catherine,Romero,cromeroah@wunderground.com,Honduras,Female,El Llano,Blognation,61617.27,HNL
Philip,Carpenter,pcarpenterai@hugedomains.com,France,Male,Saint-Pierre-Montlimart,Topicshots,25152.35,EUR
Steve,Kennedy,skennedyaj@joomla.org,China,Male,Taiping,Zoozzy,39832.42,CNY
Philip,Sanchez,psanchezak@scientificamerican.com,Portugal,Male,Igreja,Jazzy,60795.34,EUR
Anna,Nelson,anelsonal@walmart.com,Uzbekistan,Female,Qŭshkŭpir,Skajo,69650.66,UZS
Patrick,Reed,preedam@walmart.com,Indonesia,Male,Krebet,Riffpath,80630.97,IDR
Jimmy,Bowman,jbowmanan@bizjournals.com,Benin,Male,Dogbo,Feednation,61443.48,XOF
Amy,Hudson,ahudsonao@lulu.com,Poland,Female,Twardogóra,Rhynoodle,69305.33,PLN
Clarence,Gordon,cgordonap@independent.co.uk,Indonesia,Male,Berbek,Topicstorm,37565.79,IDR
Alice,Tucker,atuckeraq@infoseek.co.jp,Saudi Arabia,Female,Al Jumūm,Skalith,24360.34,SAR
Katherine,Long,klongar@aol.com,Portugal,Female,Boavista,Yambee,87632.20,EUR
Ruth,Peterson,rpetersonas@4shared.com,Syria,Female,Jāsim,Kayveo,87254.35,SYP
Carlos,Butler,cbutlerat@biglobe.ne.jp,Brazil,Male,Salto de Pirapora,Quaxo,91628.41,BRL
Louis,Lewis,llewisau@icio.us,Indonesia,Male,Terara,Meetz,40218.97,IDR
Jason,Barnes,jbarnesav@oakley.com,Poland,Male,Piątnica,BlogXS,79726.49,PLN
Heather,Marshall,hmarshallaw@yolasite.com,Indonesia,Female,Gunajaya,Eabox,27334.87,IDR
Shirley,Richardson,srichardsonax@liveinternet.ru,China,Female,Xiaheqing,Skidoo,75761.77,CNY
Evelyn,Ferguson,efergusonay@chronoengine.com,Philippines,Female,San Ramon,Kimia,99813.18,PHP
Joe,Cunningham,jcunninghamaz@china.com.cn,Liechtenstein,Male,Mauren,Linkbridge,85617.21,CHF
Linda,Rogers,lrogersb0@i2i.jp,China,Female,Beishan,Tavu,,CNY
Jimmy,Stone,jstoneb1@nih.gov,Thailand,Male,Bang Lamung,Skiptube,34295.51,THB
Thomas,Day,tdayb2@booking.com,Indonesia,Male,Era,Fivespan,,IDR
Lori,Berry,lberryb3@yolasite.com,Poland,Female,Dukla,Mynte,21028.54,PLN
Christopher,Long,clongb4@tripadvisor.com,China,Male,Shuanghe,Oyonder,,CNY
Gary,Porter,gporterb5@com.com,China,Male,Wukang,Skyble,35886.92,CNY
Scott,Murphy,smurphyb6@clickbank.net,France,Male,Cran-Gevrier,Camido,4256.11,EUR
Christopher,Thompson,cthompsonb7@fc2.com,Nepal,Male,Wāling,Tanoodle,48635.17,NPR
Michael,Schmidt,mschmidtb8@constantcontact.com,Brazil,Male,Itamarandiba,JumpXS,53926.94,BRL
Joseph,Nguyen,jnguyenb9@seattletimes.com,China,Male,Sanxi,Bubbletube,88472.99,CNY
Andrew,Stewart,astewartba@fotki.com,New Zealand,Male,Whakatane,Skyndu,41575.67,NZD
Michael,Gonzales,mgonzalesbb@parallels.com,Indonesia,Male,Bantarjati,Vinte,92043.36,IDR
Jeffrey,Hawkins,jhawkinsbc@netlog.com,China,Male,Dayuanhuizu,Linklinks,66734.82,CNY
Antonio,Mcdonald,amcdonaldbd@jigsy.com,China,Male,Daixi,Skinte,,CNY
William,Harvey,wharveybe@github.com,Luxembourg,Male,Mertert,Mymm,49397.10,EUR
Samuel,Woods,swoodsbf@sun.com,Indonesia,Male,Oelaba,Mudo,2250.20,IDR
Judy,Hill,jhillbg@hexun.com,Iran,Female,Nowshahr,Mymm,81362.32,IRR
Jean,Butler,jbutlerbh@google.fr,Portugal,Female,Mina de São Domingos,Oozz,51417.81,EUR
Donna,Daniels,ddanielsbi@istockphoto.com,France,Female,La Garenne-Colombes,Wordtune,17160.99,EUR
Sara,Richards,srichardsbj@oaic.gov.au,Sweden,Female,Östhammar,Photospace,17970.30,SEK
Ruth,Kennedy,rkennedybk@oakley.com,Vietnam,Female,Pho Duc,Browsebug,1746.97,VND
Brandon,Woods,bwoodsbl@google.de,Pakistan,Male,Naushahro Fīroz,Dynazzy,52798.62,PKR
Denise,Ruiz,druizbm@ucoz.ru,Russia,Female,Kvitok,Linktype,27450.40,RUB
Nancy,Bradley,nbradleybn@amazon.co.uk,China,Female,Xiashuitou,Yabox,51672.13,CNY
Rebecca,Vasquez,rvasquezbo@chron.com,Indonesia,Female,Kalangbret,Quire,49145.24,IDR
Mildred,Ross,mrossbp@networksolutions.com,China,Female,Daxin,Youopia,1771.47,CNY
James,Washington,jwashingtonbq@twitpic.com,Philippines,Male,Alicia,Skinder,55986.45,PHP
Nicole,Stone,nstonebr@furl.net,Philippines,Female,Bamban,Kwimbee,28943.01,PHP
Pamela,Rose,prosebs@list-manage.com,Lithuania,Female,Kazlų Rūda,Zoonoodle,67733.92,LTL
Joseph,Burke,jburkebt@nasa.gov,Libya,Male,Ajdabiya,Riffpath,83157.82,LYD
Harold,Kim,hkimbu@stanford.edu,Chad,Male,N'Djamena,Avamm,10346.24,XAF
Richard,Rice,rricebv@ted.com,Russia,Male,Mikhaylov,Jaxnation,34096.61,RUB
Rose,Morrison,rmorrisonbw@mail.ru,Canada,Female,Fort Macleod,Tambee,80097.36,CAD
Jean,Garza,jgarzabx@t-online.de,Philippines,Female,Santa Paz,Dablist,67298.08,PHP
David,Alexander,dalexanderby@google.co.uk,Myanmar,Male,Loikaw,LiveZ,23795.78,MMK
Anne,Kelley,akelleybz@elegantthemes.com,Indonesia,Female,Krajan Selatan,Midel,,IDR
Ernest,Walker,ewalkerc0@infoseek.co.jp,Croatia,Male,Dežanovac,Roomm,29533.48,HRK
Lori,Morrison,lmorrisonc1@mozilla.org,Argentina,Female,Firmat,Browsezoom,30322.84,ARS
Albert,Wallace,awallacec2@live.com,United States,Male,Baton Rouge,Mydeo,12147.34,USD
Judy,Burton,jburtonc3@uiuc.edu,El Salvador,Female,San Antonio del Monte,InnoZ,84471.68,USD
Tammy,Burns,tburnsc4@toplist.cz,Serbia,Female,Zvezdara,Kaymbo,,RSD
Victor,Riley,vrileyc5@usgs.gov,China,Male,Da’ao,Browsebug,93606.70,CNY
Kathryn,Larson,klarsonc6@lulu.com,Vietnam,Female,Phùng,Podcat,60089.71,VND
Jennifer,Dunn,jdunnc7@globo.com,Poland,Female,Sułkowice,InnoZ,77484.26,PLN
Chris,Wagner,cwagnerc8@soundcloud.com,Nepal,Male,Kathmandu,Quinu,,NPR
Keith,Montgomery,kmontgomeryc9@pinterest.com,France,Male,Paris 08,Skipstorm,24289.82,EUR
Margaret,Watkins,mwatkinsca@ning.com,Brazil,Female,Itambé,Edgeclub,12809.34,BRL
Ernest,Cruz,ecruzcb@t-online.de,China,Male,Shuiche,Skimia,31846.04,CNY
Ralph,Sanchez,rsanchezcc@nifty.com,China,Male,Xinpeicun,Dazzlesphere,27491.52,CNY
Arthur,Carpenter,acarpentercd@slideshare.net,France,Male,Paris 17,Jabbertype,51590.99,EUR
Helen,Gardner,hgardnerce@uol.com.br,Czech Republic,Female,Moravská Nová Ves,Gabtype,,CZK
Russell,Berry,rberrycf@csmonitor.com,United States,Male,Huntsville,Jaxworks,56856.79,USD
Lawrence,Anderson,landersoncg@marketwatch.com,China,Male,Luofang,Jabbertype,,CNY
Scott,Dunn,sdunnch@seattletimes.com,China,Male,Hangkou,BlogXS,26792.91,CNY
Elizabeth,Miller,emillerci@purevolume.com,Russia,Female,Kudinovo,Riffpath,52337.20,RUB
Earl,Allen,eallencj@irs.gov,Indonesia,Male,Sempu,Flashdog,42651.30,IDR
John,Sanders,jsandersck@amazon.com,Argentina,Male,Valcheta,Zoombeat,91786.00,ARS
Mark,Murray,mmurraycl@dropbox.com,Dominican Republic,Male,Rincón,Youfeed,86024.95,DOP
Joshua,Wheeler,jwheelercm@bigcartel.com,Russia,Male,Usman’,Brainsphere,31316.75,RUB
George,Day,gdaycn@printfriendly.com,Poland,Male,Namysłów,Centidel,9128.10,PLN
Shirley,Peterson,spetersonco@weather.com,Sweden,Female,Borås,Chatterbridge,59607.20,SEK
Todd,Burns,tburnscp@altervista.org,United States,Male,Erie,Latz,41104.06,USD
Patrick,Cooper,pcoopercq@histats.com,China,Male,Qintang,Twitterbeat,17420.24,CNY
Carlos,Duncan,cduncancr@freewebs.com,Philippines,Male,Tudela,Ntag,58985.91,PHP
Victor,Reyes,vreyescs@themeforest.net,Philippines,Male,Rebe,Blogtag,86947.03,PHP
Gloria,Jordan,gjordanct@aboutads.info,Indonesia,Female,Sukowono,Dabvine,53631.03,IDR
Brandon,Howell,bhowellcu@statcounter.com,China,Male,Maomiaoji,Fivebridge,95713.82,CNY
Christina,Roberts,crobertscv@rambler.ru,Argentina,Female,James Craik,Meejo,21117.95,ARS
Cheryl,Lee,cleecw@about.com,Indonesia,Female,Ketanggi,Lazzy,36574.12,IDR
William,George,wgeorgecx@yahoo.co.jp,United States,Male,Chicago,Livetube,82286.17,USD
Jimmy,Turner,jturnercy@163.com,Haiti,Male,Caracol,Zoombeat,26347.27,HTG
Phyllis,Hart,phartcz@issuu.com,Russia,Female,Babushkin,Jabbercube,68125.11,RUB
Phyllis,Flores,pfloresd0@angelfire.com,France,Female,Saint-Jean-de-Braye,Flashspan,7004.28,EUR
Beverly,Henry,bhenryd1@wordpress.org,United States,Female,Racine,Browsezoom,93521.80,USD
Shirley,Fowler,sfowlerd2@amazon.co.jp,Nigeria,Female,Pategi,Voonix,94698.77,NGN
Paula,Warren,pwarrend3@utexas.edu,Venezuela,Female,San Fernando de Atabapo,Cogidoo,,VEF
Lisa,Long,llongd4@hatena.ne.jp,Russia,Female,Gornorechenskiy,Layo,19050.22,RUB
Karen,Elliott,kelliottd5@dagondesign.com,Albania,Female,Memaliaj,Realbuzz,23919.49,ALL
Jonathan,Montgomery,jmontgomeryd6@slashdot.org,Russia,Male,Gvardeysk,Kanoodle,113.51,RUB
Louis,Myers,lmyersd7@alexa.com,Poland,Male,Naprawa,Buzzster,40890.12,PLN
Douglas,Adams,dadamsd8@gravatar.com,Morocco,Male,Mhamid,Trilith,75549.20,MAD
Joyce,Cruz,jcruzd9@sun.com,China,Female,La’ershan,Ntags,71987.24,CNY
George,Bailey,gbaileyda@hp.com,Mexico,Male,Benito Juarez,Plambee,35077.53,MXN
Laura,Martin,lmartindb@cdc.gov,Sweden,Female,Linköping,Divape,84702.93,SEK
Roger,Nelson,rnelsondc@jiathis.com,Sweden,Male,Sundbyberg,Tagtune,,SEK
Kevin,Cooper,kcooperdd@china.com.cn,Mexico,Male,San Antonio,Twimm,53477.19,MXN
Debra,Cruz,dcruzde@ca.gov,China,Female,Xinghai,Voomm,9406.91,CNY
Walter,Watson,wwatsondf@dot.gov,Uganda,Male,Ntoroko,Realbuzz,54151.53,UGX
Matthew,Wright,mwrightdg@myspace.com,China,Male,Yuekou,Jabbertype,36223.78,CNY
Christina,Arnold,carnolddh@google.pl,Philippines,Female,San Juan,Twimm,96503.76,PHP
Jeremy,Dean,jdeandi@ted.com,Philippines,Male,Alcala,Fanoodle,17046.79,PHP
Timothy,Holmes,tholmesdj@fc2.com,Indonesia,Male,Brengkok,Devbug,13938.93,IDR
Phillip,Watson,pwatsondk@about.com,China,Male,Yandang,Oloo,,CNY
Terry,Pierce,tpiercedl@yale.edu,Qatar,Male,Az̧ Z̧a‘āyin,Edgeclub,81447.17,QAR
Jacqueline,Stewart,jstewartdm@telegraph.co.uk,China,Female,Tong’an,Twinder,39429.12,CNY
Nancy,Howard,nhowarddn@stanford.edu,Slovenia,Female,Luče,Browsebug,93585.29,EUR
Jeremy,Flores,jfloresdo@fc2.com,Ireland,Male,Crumlin,Trunyx,82284.64,EUR
Catherine,Vasquez,cvasquezdp@bloglines.com,Indonesia,Female,Bungkal,Livepath,97583.01,IDR
Ashley,Clark,aclarkdq@tmall.com,Brazil,Female,Jutaí,Demimbu,9626.13,BRL
Marilyn,Vasquez,mvasquezdr@nymag.com,China,Female,Zhaxirabdain,Feedbug,42984.77,CNY
Philip,Campbell,pcampbellds@illinois.edu,Venezuela,Male,Aricagua,Camido,50622.46,VEF
Janet,Baker,jbakerdt@foxnews.com,New Zealand,Female,Ngaruawahia,Bluejam,,NZD
Lois,Burton,lburtondu@ovh.net,Israel,Female,El Fureidīs,Wikizz,77041.11,ILS
Roy,Owens,rowensdv@de.vu,Finland,Male,Siikajoki,Dabshots,64848.37,EUR
Irene,Mcdonald,imcdonalddw@ovh.net,Indonesia,Female,Bocowanti,Feedspan,92962.41,IDR
Louis,Andrews,landrewsdx@geocities.com,China,Male,Hengfan,Tagtune,44979.49,CNY
Judith,Romero,jromerody@chron.com,Philippines,Female,Lapaz,Wordtune,,PHP
Phillip,Jordan,pjordandz@thetimes.co.uk,Latvia,Male,Daugavpils,Dynabox,30962.79,EUR
Bonnie,Parker,bparkere0@tamu.edu,Serbia,Female,Lebane,JumpXS,,RSD
Sandra,Hunter,shuntere1@youku.com,Czech Republic,Female,Velká Dobrá,Katz,23266.16,CZK
Sarah,Jacobs,sjacobse2@indiatimes.com,Portugal,Female,Chãos,Meetz,34722.61,EUR
Peter,Brown,pbrowne3@goo.ne.jp,Russia,Male,Ozëry,Wikivu,40756.53,RUB
Emily,Sullivan,esullivane4@ehow.com,Philippines,Female,Tiguion,Jaxnation,49855.53,PHP
Diana,Peterson,dpetersone5@naver.com,Honduras,Female,Dulce Nombre de Culmí,Realcube,4204.95,HNL
Stephanie,Martinez,smartineze6@hugedomains.com,Russia,Female,Staroderevyankovskaya,Wikizz,20533.39,RUB
Sandra,Watson,swatsone7@businessinsider.com,Venezuela,Female,Sierra Imataca,Gigabox,,VEF
Robin,Webb,rwebbe8@networksolutions.com,Lebanon,Female,Beirut,Bubblemix,83456.49,LBP
Kathleen,Martin,kmartine9@shop-pro.jp,China,Female,Guiping,Thoughtblab,24720.32,CNY
Christopher,Harper,charperea@w3.org,Mexico,Male,20 de Noviembre,Babblestorm,43593.84,MXN
Roy,Austin,raustineb@privacy.gov.au,China,Male,Lijia,Dynabox,,CNY
William,Fox,wfoxec@chronoengine.com,China,Male,Shouxihu,Shufflester,25790.38,CNY
Virginia,Little,vlittleed@bbc.co.uk,Russia,Female,Nesterov,Mudo,1753.68,RUB
Harold,Duncan,hduncanee@cisco.com,Czech Republic,Male,Mikulášovice,Tagcat,,CZK
Debra,Harvey,dharveyef@hatena.ne.jp,Netherlands,Female,Schiedam postbusnummers,Buzzbean,32507.25,EUR
Cynthia,Taylor,ctayloreg@mediafire.com,Indonesia,Female,Bulu,Jayo,33022.36,IDR
Edward,Tucker,etuckereh@yelp.com,Slovenia,Male,Juršinci,Yozio,86566.78,EUR
Nancy,Stephens,nstephensei@walmart.com,Czech Republic,Female,Jaroměřice nad Rokytnou,Dabtype,91226.22,CZK
Betty,Patterson,bpattersonej@samsung.com,China,Female,Suqu,Voomm,,CNY
Joshua,Stone,jstoneek@newyorker.com,Brazil,Male,Mucuri,Brightdog,67354.67,BRL
Kimberly,Sullivan,ksullivanel@studiopress.com,South Korea,Female,Pohang,Minyx,6658.92,KRW
Sharon,Morris,smorrisem@shinystat.com,Portugal,Female,Montalegre,Livefish,80790.69,EUR
Adam,Stanley,astanleyen@symantec.com,New Caledonia,Male,Mont-Dore,Kaymbo,92253.71,XPF
Jesse,Garza,jgarzaeo@twitter.com,Slovenia,Male,Lipovci,Ntag,62543.93,EUR
John,Chapman,jchapmanep@ow.ly,Ireland,Male,Castleknock,Voonyx,54850.89,EUR
Arthur,Carter,acartereq@flavors.me,Poland,Male,Gowarczów,Divavu,76274.89,PLN
Cynthia,George,cgeorgeer@de.vu,Thailand,Female,Khlung,Gabcube,62443.38,THB
Betty,Wilson,bwilsones@census.gov,China,Female,Xiyuan,Skipstorm,95562.01,CNY
Ruth,Castillo,rcastilloet@github.com,Russia,Female,Slavyansk-na-Kubani,Dabvine,59029.69,RUB
Joe,Bailey,jbaileyeu@php.net,Ecuador,Male,Huaquillas,Devpulse,23528.78,USD
Aaron,Mills,amillsev@amazonaws.com,Serbia,Male,Krupanj,Avamm,89590.90,RSD
Patricia,Berry,pberryew@simplemachines.org,Iran,Female,Falāvarjān,LiveZ,,IRR
Rebecca,Murphy,rmurphyex@squidoo.com,Sweden,Female,Uddevalla,Reallinks,,SEK
Andrea,Simmons,asimmonsey@apache.org,China,Female,Yongfeng,Camido,13714.14,CNY
Ann,Henry,ahenryez@ftc.gov,Sweden,Female,Göteborg,Miboo,,SEK
Katherine,George,kgeorgef0@biglobe.ne.jp,France,Female,Poitiers,Feedbug,35987.81,EUR
Charles,Howell,chowellf1@google.com.br,Indonesia,Male,Asamboka,DabZ,,IDR
Gary,Harris,gharrisf2@stumbleupon.com,China,Male,Shiwan,Roombo,76856.56,CNY
Diane,Campbell,dcampbellf3@wiley.com,Sweden,Female,Haparanda,Devbug,96224.29,SEK
Carl,Morris,cmorrisf4@seesaa.net,China,Male,Pingdingshan,Browsebug,15875.38,CNY
Mary,Reynolds,mreynoldsf5@imgur.com,Indonesia,Female,Karanggeneng,Browseblab,76744.65,IDR
Joe,Ward,jwardf6@artisteer.com,Philippines,Male,Bulan,Linklinks,97854.17,PHP
Benjamin,Stephens,bstephensf7@unicef.org,China,Male,Jetaral,Dynazzy,68477.03,CNY
Ryan,Elliott,relliottf8@ezinearticles.com,Poland,Male,Kaczory,Thoughtmix,72870.95,PLN
Gary,Watkins,gwatkinsf9@wikia.com,Russia,Male,Taganskiy,Kare,57678.12,RUB
Rebecca,Chavez,rchavezfa@oracle.com,Indonesia,Female,Lokuuy,Feednation,91232.06,IDR
Ashley,Campbell,acampbellfb@deliciousdays.com,China,Female,Wanhu,Edgeclub,4670.63,CNY
Linda,Ellis,lellisfc@homestead.com,China,Female,Jiuheyuan,Photobug,8468.35,CNY
Linda,Hill,lhillfd@hibu.com,Thailand,Female,Ban Na Muang,Janyx,69625.41,THB
Sarah,Perkins,sperkinsfe@usnews.com,France,Female,Bordeaux,Divavu,17466.37,EUR
Scott,Evans,sevansff@flickr.com,China,Male,Chidian,Brainsphere,51659.89,CNY
Anne,Mills,amillsfg@instagram.com,Japan,Female,Takeo,Blogpad,16101.85,JPY
Patricia,Olson,polsonfh@fema.gov,China,Female,Huagu,Yodo,66940.93,CNY
Jane,Washington,jwashingtonfi@liveinternet.ru,Luxembourg,Female,Mompach,Eadel,23501.28,EUR
Earl,Ramos,eramosfj@msu.edu,Morocco,Male,Khemisset,Jaxnation,26135.56,MAD
Benjamin,Flores,bfloresfk@reference.com,China,Male,Fengyang,Aimbo,31633.27,CNY
Antonio,Perry,aperryfl@jimdo.com,France,Male,Marne-la-Vallée,Oyoloo,,EUR
Phyllis,Ford,pfordfm@joomla.org,Argentina,Female,Villa Santa Rita,Latz,19480.76,ARS
Diane,Allen,dallenfn@bizjournals.com,Switzerland,Female,Zürich,Meembee,86681.00,CHF
Brian,Morris,bmorrisfo@engadget.com,Portugal,Male,Cabriz,Chatterbridge,2245.58,EUR
Todd,Stephens,tstephensfp@examiner.com,Nigeria,Male,Ajasse Ipo,Avamba,,NGN
Russell,Burton,rburtonfq@cocolog-nifty.com,Portugal,Male,Gavinhos de Baixo,Realblab,34524.39,EUR
Emily,Duncan,eduncanfr@geocities.jp,Argentina,Female,Goya,Oyoloo,59434.07,ARS
Carl,Patterson,cpattersonfs@cloudflare.com,Portugal,Male,Canelas,Oyoloo,99221.41,EUR
John,Daniels,jdanielsft@bbc.co.uk,Brazil,Male,Morada Nova,InnoZ,,BRL
Lois,Washington,lwashingtonfu@lulu.com,Japan,Female,Yamazakichō-nakabirose,Meevee,57913.85,JPY
Patricia,Franklin,pfranklinfv@youtube.com,China,Female,Bao’an,Pixoboo,16856.72,CNY
Richard,Daniels,rdanielsfw@dmoz.org,Pakistan,Male,Khairpur,Jaxnation,33529.84,PKR
Heather,Welch,hwelchfx@taobao.com,Guatemala,Female,Concepción,Skimia,43385.33,GTQ
Annie,Simmons,asimmonsfy@unblog.fr,Philippines,Female,Burauen,Mita,829.28,PHP
Frances,Bennett,fbennettfz@npr.org,Jamaica,Female,Malvern,Centizu,44859.74,JMD
Margaret,Larson,mlarsong0@nih.gov,United Kingdom,Female,Eaton,Layo,87786.83,GBP
Walter,Kim,wkimg1@ebay.com,Afghanistan,Male,Markaz-e Ḩukūmat-e Darwēshān,Babbleset,,AFN
Sara,Lewis,slewisg2@usatoday.com,Poland,Female,Dzwola,Youtags,60650.74,PLN
Dennis,Knight,dknightg3@loc.gov,France,Male,Nanterre,Zoonder,76199.73,EUR
Benjamin,Moreno,bmorenog4@yahoo.co.jp,Madagascar,Male,Soavinandriana,Browsebug,96028.95,MGA
Wanda,Morgan,wmorgang5@webs.com,South Africa,Female,Claremont,JumpXS,31390.52,ZAR
Walter,Wallace,wwallaceg6@opera.com,Argentina,Male,Vera,Twitterworks,33822.16,ARS
Sarah,Rose,sroseg7@usatoday.com,China,Female,Baoping,Quatz,80434.19,CNY
Jimmy,Morales,jmoralesg8@who.int,Nigeria,Male,Kuta,Avaveo,37291.14,NGN
Shawn,Bennett,sbennettg9@paginegialle.it,China,Male,Gaotian,Jaxnation,48370.53,CNY
Dorothy,Ortiz,dortizga@exblog.jp,Russia,Female,Charyshskoye,Dabfeed,55248.46,RUB
Amy,Riley,arileygb@exblog.jp,Indonesia,Female,Kotaagung,Buzzbean,88658.58,IDR
Joe,Howard,jhowardgc@free.fr,Mexico,Male,Guadalupe Victoria,Yodel,34908.53,MXN
Gerald,Rose,grosegd@creativecommons.org,Portugal,Male,Bicesse,Yodel,47652.41,EUR
Joe,Marshall,jmarshallge@bigcartel.com,Indonesia,Male,Sebegen,Brightdog,17406.70,IDR
Alice,Barnes,abarnesgf@amazonaws.com,Tunisia,Female,Midoun,Zoomlounge,16157.89,TND
Kelly,Grant,kgrantgg@springer.com,Portugal,Female,Paços,Browsetype,10589.16,EUR
Sara,Morgan,smorgangh@nationalgeographic.com,China,Female,Fanyang,Voolith,,CNY
Irene,Reyes,ireyesgi@slate.com,France,Female,Paris La Défense,Youbridge,42343.83,EUR
Helen,Richardson,hrichardsongj@accuweather.com,Brazil,Female,Resende,Mynte,4907.86,BRL
Dorothy,Wood,dwoodgk@list-manage.com,China,Female,Balidian,Jabberstorm,87322.40,CNY
Denise,Torres,dtorresgl@rakuten.co.jp,Indonesia,Female,Simpang,Edgepulse,31800.55,IDR
Lois,Hill,lhillgm@twitter.com,United States,Female,New Orleans,Voomm,1411.21,USD
Philip,Barnes,pbarnesgn@list-manage.com,Gabon,Male,Franceville,Lazzy,44896.44,XAF
Angela,Graham,agrahamgo@twitter.com,South Korea,Female,Hanam,Feedmix,5569.98,KRW
Shawn,Lawrence,slawrencegp@macromedia.com,Nigeria,Male,Aku,Youbridge,4526.89,NGN
Debra,Fuller,dfullergq@privacy.gov.au,China,Female,Chuangwang,Oloo,40746.12,CNY
Justin,Lopez,jlopezgr@virginia.edu,Poland,Male,Boguszów-Gorce,Jaxspan,57355.97,PLN
Bobby,Alvarez,balvarezgs@hubpages.com,China,Male,Yuecheng,Skippad,72037.65,CNY
Cynthia,Mason,cmasongt@ifeng.com,China,Female,Huangyuan Chengguanzhen,Devify,58104.74,CNY
Raymond,Johnson,rjohnsongu@ted.com,Greece,Male,Ampelákia,Quaxo,7520.02,EUR
Jane,Arnold,jarnoldgv@independent.co.uk,China,Female,Dayuanhuizu,Innojam,85693.32,CNY
Marie,Day,mdaygw@paypal.com,Honduras,Female,Reitoca,Jaxbean,17189.31,HNL
Christina,Mendoza,cmendozagx@theguardian.com,Philippines,Female,Panay,Fliptune,,PHP
Rebecca,Morrison,rmorrisongy@imageshack.us,China,Female,Hezhi,Quatz,42949.93,CNY
Kimberly,Matthews,kmatthewsgz@sciencedirect.com,Morocco,Female,Taounza,Rhyloo,12678.31,MAD
Steve,Sanders,ssandersh0@sfgate.com,China,Male,Sanyang,Dabshots,24392.14,CNY
Deborah,Rivera,driverah1@goo.gl,Mexico,Female,Las Flores,Cogidoo,56580.95,MXN
Anthony,Hansen,ahansenh2@dropbox.com,Peru,Male,Jeberos,Bubblebox,58054.00,PEN
Diana,Hunter,dhunterh3@whitehouse.gov,Poland,Female,Dębowiec,Chatterbridge,55012.65,PLN
Kenneth,West,kwesth4@vk.com,Philippines,Male,Magarao,Mycat,,PHP
Keith,Lynch,klynchh5@businessweek.com,China,Male,Wugong,Podcat,3309.80,CNY
Victor,Murray,vmurrayh6@weebly.com,Indonesia,Male,Sarulla,Buzzbean,,IDR
Jessica,Gibson,jgibsonh7@wix.com,China,Female,Xilu,Miboo,,CNY
Melissa,Medina,mmedinah8@wiley.com,Russia,Female,Rasskazovo,Zoomcast,11653.35,RUB
Johnny,Thompson,jthompsonh9@indiatimes.com,Russia,Male,Ukhta,Jaxbean,82673.41,RUB
Helen,Thomas,hthomasha@house.gov,France,Female,Limoges,Photobean,76258.56,EUR
Louis,Jordan,ljordanhb@newsvine.com,Argentina,Male,Fernández,Skipfire,52386.94,ARS
Anthony,Pierce,apiercehc@harvard.edu,Malaysia,Male,Kuala Terengganu,Oozz,89350.66,MYR
Lisa,Palmer,lpalmerhd@prweb.com,Poland,Female,Niedrzwica Duża,Oloo,57612.95,PLN
Jeffrey,Mccoy,jmccoyhe@go.com,Uzbekistan,Male,Zafar,Aimbo,66446.92,UZS
Kelly,Hanson,khansonhf@sphinn.com,Mexico,Female,Linda Vista,Babblestorm,82769.25,MXN
Jack,Garza,jgarzahg@bigcartel.com,Vietnam,Male,Thị Trấn Ngải Giao,Thoughtstorm,43769.80,VND
Emily,Evans,eevanshh@dropbox.com,China,Female,Guleluke,Omba,71013.08,CNY
Chris,Lynch,clynchhi@tamu.edu,Philippines,Male,Ani-e,Zoonder,,PHP
Jerry,Jacobs,jjacobshj@fc2.com,China,Male,Longquan,Yotz,,CNY
Justin,Mccoy,jmccoyhk@paypal.com,Indonesia,Male,Padas,Fatz,45654.24,IDR
Peter,Hudson,phudsonhl@cornell.edu,Colombia,Male,Riosucio,Skimia,89573.37,COP
Frank,Hunt,fhunthm@google.de,China,Male,Xiapu,Realbuzz,8952.57,CNY
Roy,Roberts,rrobertshn@php.net,Mexico,Male,Emiliano Zapata,Skibox,46726.46,MXN
Laura,Reid,lreidho@utexas.edu,Thailand,Female,Muang Sam Sip,Buzzster,98233.00,THB
Carlos,Schmidt,cschmidthp@scribd.com,China,Male,Dushan,Agivu,,CNY
Benjamin,Williamson,bwilliamsonhq@bigcartel.com,Indonesia,Male,Lantera,Topicware,18168.92,IDR
Ralph,Lopez,rlopezhr@bing.com,Bulgaria,Male,Khisarya,Zoovu,25967.11,BGN
Aaron,Davis,adavishs@purevolume.com,Angola,Male,Cuito,Ailane,,AOA
Nicholas,Miller,nmillerht@house.gov,Indonesia,Male,Menampukrajan,Innotype,10432.27,IDR
Susan,Nguyen,snguyenhu@usa.gov,Mexico,Female,Lazaro Cardenas,Eadel,35119.16,MXN
Carlos,Crawford,ccrawfordhv@npr.org,Russia,Male,Nizhnyaya Omka,Tagpad,14936.41,RUB
Diane,Watkins,dwatkinshw@elpais.com,China,Female,Caomiao,Zoomcast,43248.30,CNY
Mildred,Moreno,mmorenohx@php.net,Iran,Female,Qā’en,Quire,23588.18,IRR
Patricia,Hughes,phugheshy@zimbio.com,Swaziland,Female,Siteki,Skinder,75942.97,SZL
Juan,Crawford,jcrawfordhz@boston.com,China,Male,Heka,Riffwire,,CNY
Cheryl,Reyes,creyesi0@printfriendly.com,China,Female,Nanzhai,Skipstorm,92123.69,CNY
Jennifer,Lawson,jlawsoni1@ocn.ne.jp,Greece,Female,Panaitólion,Kaymbo,99099.82,EUR
Norma,Ryan,nryani2@usatoday.com,Sweden,Female,Kista,Eabox,52267.61,SEK
Howard,Ray,hrayi3@hc360.com,China,Male,Taizhou,Gigazoom,44286.28,CNY
Stephanie,White,swhitei4@stanford.edu,Sweden,Female,Jönköping,Photolist,18263.74,SEK
Evelyn,Ruiz,eruizi5@dailymotion.com,Philippines,Female,Bunawan,Riffpath,,PHP
Laura,Lewis,llewisi6@google.co.jp,Tunisia,Female,Zouila,Zooveo,50710.94,TND
Jesse,Burton,jburtoni7@hubpages.com,Honduras,Male,El Plan,Skiba,41139.63,HNL
Barbara,Marshall,bmarshalli8@cisco.com,Poland,Female,Bogatynia,Cogibox,31102.30,PLN
Brian,Wallace,bwallacei9@webeden.co.uk,Mexico,Male,Fovissste,Plambee,99330.22,MXN
Paula,Warren,pwarrenia@google.es,Mexico,Female,Fovissste,Babbleopia,97631.10,MXN
Patricia,Harris,pharrisib@fotki.com,Mexico,Female,Alameda,Npath,63883.00,MXN
Todd,Diaz,tdiazic@cmu.edu,China,Male,Maodao,Jabbercube,5014.30,CNY
Dennis,Palmer,dpalmerid@goodreads.com,Argentina,Male,Buena Esperanza,Wikido,62051.76,ARS
George,Torres,gtorresie@lycos.com,Russia,Male,Yug,Divanoodle,70591.85,RUB
Steven,Lewis,slewisif@tinypic.com,Russia,Male,Rodionovo-Nesvetayskaya,Voolia,80007.29,RUB
Marilyn,Bryant,mbryantig@yahoo.co.jp,Brazil,Female,Maracaçumé,Vinte,3596.14,BRL
Cheryl,Rodriguez,crodriguezih@reuters.com,Pakistan,Female,Nazir Town,Centidel,52132.50,PKR
Carl,Reyes,creyesii@wiley.com,Portugal,Male,Espinho,Wordify,84806.06,EUR
Elizabeth,Garcia,egarciaij@icq.com,Indonesia,Female,Banjar Bali,Blogspan,86909.47,IDR
Brenda,Rivera,briveraik@creativecommons.org,Russia,Female,Severo-Zadonsk,LiveZ,59236.16,RUB
Howard,Spencer,hspenceril@businessinsider.com,China,Male,Caojia,Plambee,54401.02,CNY
Carolyn,Watson,cwatsonim@techcrunch.com,Kosovo,Female,Pristina,Quimm,,EUR
James,Moreno,jmorenoin@github.io,China,Male,Hujiagou,Katz,896.28,CNY
Alice,Watkins,awatkinsio@purevolume.com,Philippines,Female,Cumadcad,Aimbu,49309.46,PHP
Emily,Lawson,elawsonip@yelp.com,China,Female,Xiangyun,Kimia,66810.09,CNY
Michelle,Romero,mromeroiq@simplemachines.org,Indonesia,Female,Sindangrasa,Twinder,89863.90,IDR
Carolyn,Perez,cperezir@diigo.com,Russia,Female,Stavropol’,Eidel,38071.54,RUB
Carl,Fowler,cfowleris@digg.com,Russia,Male,Yelan’-Kolenovskiy,Oyoba,81994.41,RUB
Jacqueline,Lawson,jlawsonit@harvard.edu,Russia,Female,Malinovskiy,Topicware,7384.86,RUB
Melissa,Mccoy,mmccoyiu@cnbc.com,Sierra Leone,Female,Kambia,Quatz,33392.97,SLL
Judith,Chapman,jchapmaniv@myspace.com,Brazil,Female,Aparecida,Twitterwire,65711.16,BRL
Brandon,Peters,bpetersiw@woothemes.com,Chile,Male,El Tabo,Rhyzio,5338.34,CLP
Julie,Oliver,joliverix@who.int,Latvia,Female,Gulbene,Tagpad,,EUR
Kathy,Wells,kwellsiy@princeton.edu,Indonesia,Female,Seso,Edgepulse,74837.02,IDR
Randy,Henry,rhenryiz@yandex.ru,China,Male,Mengxi,Eadel,,CNY
Wayne,Long,wlongj0@nbcnews.com,Philippines,Male,Lanat,Abatz,90895.93,PHP
Craig,Reed,creedj1@tinypic.com,China,Male,Gexi,Thoughtbeat,43088.77,CNY
Catherine,Mason,cmasonj2@flickr.com,China,Female,Weiyuankou,Yadel,40317.73,CNY
Samuel,Owens,sowensj3@cdc.gov,Brazil,Male,Videira,Gabtune,,BRL
Mark,Kim,mkimj4@economist.com,China,Male,Rengang,Abatz,42112.97,CNY
Judy,Carter,jcarterj5@army.mil,Germany,Female,Mannheim,Tagtune,54200.57,EUR
Michael,Elliott,melliottj6@yale.edu,France,Male,Villeneuve-d'Ascq,Yodel,,EUR
Sandra,Pierce,spiercej7@sourceforge.net,Indonesia,Female,Kutasari,Quaxo,50689.23,IDR
Fred,Rogers,frogersj8@yellowbook.com,Peru,Male,Ondores,Buzzster,86705.46,PEN
Kelly,Little,klittlej9@uiuc.edu,Vietnam,Female,Thị Trấn Mộc Châu,Kanoodle,21030.18,VND
Ryan,Washington,rwashingtonja@paypal.com,Russia,Male,Kotlyarevskaya,Meezzy,79419.86,RUB
Judith,Wallace,jwallacejb@dropbox.com,Indonesia,Female,Maguan,Omba,294.07,IDR
Annie,Kelly,akellyjc@ezinearticles.com,Philippines,Female,Barbaza,Feedbug,,PHP
Jose,Russell,jrusselljd@bloglovin.com,China,Male,Tongyang,Ainyx,47406.46,CNY
Michael,Stewart,mstewartje@hugedomains.com,Honduras,Male,El Suyatal,Divape,83503.77,HNL
Jimmy,Mitchell,jmitchelljf@wufoo.com,Ukraine,Male,Tyshkivka,Roombo,70190.64,UAH
Samuel,Franklin,sfranklinjg@g.co,Philippines,Male,Manacsac,Jaxspan,93171.59,PHP
Paula,Nelson,pnelsonjh@prlog.org,Ukraine,Female,Chornyanka,Bubbletube,9983.63,UAH
Christopher,Kelley,ckelleyji@zdnet.com,Russia,Male,Yermish’,Skaboo,11349.67,RUB
Charles,Richardson,crichardsonjj@netlog.com,Canada,Male,Sainte-Anne-de-Bellevue,Dabvine,16584.78,CAD
Roy,Fields,rfieldsjk@princeton.edu,Cameroon,Male,Bankim,Wikibox,72944.60,XAF
Rachel,Harvey,rharveyjl@ehow.com,Uganda,Female,Bundibugyo,Twinte,38094.18,UGX
Jennifer,Davis,jdavisjm@phoca.cz,Finland,Female,Mouhijärvi,Quamba,52906.71,EUR
Richard,Grant,rgrantjn@apple.com,Nigeria,Male,Tofa,Teklist,66546.84,NGN
Frances,Foster,ffosterjo@abc.net.au,Poland,Female,Dziewin,Topicblab,13378.65,PLN
Cynthia,Porter,cporterjp@weibo.com,China,Female,Jianping,Shufflebeat,66101.95,CNY
Ryan,Henderson,rhendersonjq@yahoo.com,Brazil,Male,Trindade,Kare,98146.62,BRL
Sharon,Young,syoungjr@parallels.com,Slovenia,Female,Verd,Innotype,46596.14,EUR
Joe,Martinez,jmartinezjs@rediff.com,South Korea,Male,Kyonju,Skinder,85817.22,KRW
Nicholas,Gutierrez,ngutierrezjt@clickbank.net,Russia,Male,Gorskaya,Blognation,96911.46,RUB
Donna,Perry,dperryju@biblegateway.com,French Polynesia,Female,Vaitape,Youspan,,XPF
Carol,Wheeler,cwheelerjv@google.cn,Ukraine,Female,Snizhne,Gabcube,19011.00,UAH
Ruby,Price,rpricejw@newyorker.com,Poland,Female,Boronów,Livetube,20801.57,PLN
Kathryn,Green,kgreenjx@japanpost.jp,Chad,Female,Bardaï,Brightbean,78988.58,XAF
Todd,Arnold,tarnoldjy@phoca.cz,Thailand,Male,Nong Kung Si,Topicware,13025.73,THB
Jason,Baker,jbakerjz@vistaprint.com,Russia,Male,Urazovo,Photobean,,RUB
Antonio,Bailey,abaileyk0@posterous.com,South Korea,Male,Wanju,Chatterbridge,26807.74,KRW
Ashley,Brown,abrownk1@cargocollective.com,Jordan,Female,Al Jīzah,Browseblab,74916.06,JOD
Jane,Gilbert,jgilbertk2@xinhuanet.com,France,Female,Romorantin-Lanthenay,Twitterbridge,81268.99,EUR
Gary,Miller,gmillerk3@blogtalkradio.com,Indonesia,Male,Pandak,Skimia,6126.53,IDR
Keith,Kim,kkimk4@patch.com,China,Male,Nanfeng,Talane,52293.96,CNY
Clarence,Stevens,cstevensk5@123-reg.co.uk,China,Male,Lukou,Zoomdog,96113.25,CNY
Dorothy,Long,dlongk6@china.com.cn,United Kingdom,Female,Stapleford,Shufflester,75587.30,GBP
Louise,Burns,lburnsk7@alibaba.com,Indonesia,Female,Kadugede,Brainverse,,IDR
Eugene,Kim,ekimk8@smugmug.com,Indonesia,Male,Sukamaju,Voomm,6128.56,IDR
Billy,James,bjamesk9@oracle.com,China,Male,Zhuoshui,Talane,76547.91,CNY
Shawn,Griffin,sgriffinka@myspace.com,Czech Republic,Male,Bystřice nad Pernštejnem,Thoughtworks,1791.25,CZK
Emily,Nguyen,enguyenkb@over-blog.com,Czech Republic,Female,Čáslav,Thoughtbeat,67828.02,CZK
Martha,Hunter,mhunterkc@microsoft.com,Philippines,Female,Bulacan,Skiptube,2525.59,PHP
Edward,Murphy,emurphykd@google.ca,Macedonia,Male,Крива Паланка,Gigabox,94198.16,MKD
Walter,Reyes,wreyeske@hibu.com,Poland,Male,Osiek nad Notecią,Linktype,39877.06,PLN
Joe,Mendoza,jmendozakf@unc.edu,Philippines,Male,Tabu,Skynoodle,91965.38,PHP
Douglas,Torres,dtorreskg@stanford.edu,China,Male,Hengli,Brightbean,48630.05,CNY
James,Gonzales,jgonzaleskh@blogger.com,Malaysia,Male,Kota Kinabalu,Skalith,90043.17,MYR
Jason,Bishop,jbishopki@liveinternet.ru,Nigeria,Male,Maiduguri,Trilith,,NGN
Peter,Scott,pscottkj@sina.com.cn,Japan,Male,Toyama-shi,Linkbuzz,68495.82,JPY
Rachel,Castillo,rcastillokk@sohu.com,Afghanistan,Female,Sangar Sarāy,Realfire,97197.72,AFN
Helen,James,hjameskl@google.co.jp,Serbia,Female,Salaš Crnobarski,Livefish,76981.79,RSD
Jonathan,Hansen,jhansenkm@sfgate.com,Brazil,Male,Janaúba,Zoomcast,71069.84,BRL
Timothy,Wells,twellskn@fema.gov,Brazil,Male,Ibiá,Quinu,47937.56,BRL
Jacqueline,Woods,jwoodsko@chronoengine.com,Poland,Female,Barlinek,Leexo,28973.83,PLN
Rachel,Fernandez,rfernandezkp@cloudflare.com,Kosovo,Female,Gllogjan,Topdrive,67850.07,EUR
Laura,Gordon,lgordonkq@usda.gov,United States,Female,Jackson,Voolith,96424.02,USD
Ronald,Bell,rbellkr@123-reg.co.uk,Lithuania,Male,Pasvalys,Photofeed,61762.26,LTL
Mark,Mccoy,mmccoyks@furl.net,Argentina,Male,Aviá Terai,Leenti,46107.51,ARS
Billy,Austin,baustinkt@geocities.com,Indonesia,Male,Puutuga,Flashpoint,3844.10,IDR
Beverly,Greene,bgreeneku@netscape.com,Peru,Female,San Felipe,Pixope,40952.19,PEN
Albert,Porter,aporterkv@github.com,China,Male,Bajiao,Zoonder,12371.83,CNY
Amy,Wheeler,awheelerkw@amazon.co.jp,Ukraine,Female,Krasnyy Lyman,Thoughtblab,23530.05,UAH
Howard,Welch,hwelchkx@surveymonkey.com,Ukraine,Male,Ivano-Frankove,Trunyx,67501.59,UAH
Larry,Griffin,lgriffinky@ezinearticles.com,El Salvador,Male,Delgado,Viva,88417.53,USD
Jennifer,Jones,jjoneskz@imdb.com,Colombia,Female,Armenia,Ntag,72747.95,COP
Rebecca,Pierce,rpiercel0@behance.net,Zambia,Female,Kitwe,Quatz,21982.95,ZMW
Arthur,Rose,arosel1@bbc.co.uk,United States,Male,Long Beach,Zoomlounge,12446.05,USD
Carlos,Nichols,cnicholsl2@elpais.com,Mongolia,Male,Khujirt,Jatri,636.58,MNT
Eugene,Pierce,epiercel3@blog.com,Czech Republic,Male,Pilníkov,Yombu,67147.84,CZK
Julia,Baker,jbakerl4@pagesperso-orange.fr,China,Female,Suhong,Linklinks,11227.69,CNY
Jonathan,Nichols,jnicholsl5@issuu.com,Serbia,Male,Klenje,Mybuzz,24210.66,RSD
Howard,Dunn,hdunnl6@blog.com,China,Male,Fangxian,Kwinu,89237.86,CNY
Gloria,Scott,gscottl7@harvard.edu,Philippines,Female,Giawang,Aibox,145.93,PHP
Bobby,Hansen,bhansenl8@4shared.com,Russia,Male,Rayevskaya,Twitterbridge,68082.44,RUB
Judy,Porter,jporterl9@telegraph.co.uk,Iran,Female,Dasht-e Lati,Demizz,26694.72,IRR
Elizabeth,Dean,edeanla@nature.com,Brazil,Female,Joaçaba,Eabox,20868.17,BRL
Debra,Meyer,dmeyerlb@cnn.com,South Africa,Female,Hennenman,Jabbersphere,96550.03,ZAR
Larry,Ruiz,lruizlc@wikispaces.com,Syria,Male,Khanāşir,Jazzy,52408.82,SYP
Wayne,Wagner,wwagnerld@pen.io,Japan,Male,Makabe,Wordtune,71907.19,JPY
Mary,Frazier,mfrazierle@intel.com,Canada,Female,Beloeil,Dynabox,69629.99,CAD
Judith,Day,jdaylf@cnbc.com,Indonesia,Female,Sambirejo,Tagchat,21716.69,IDR
Peter,Howard,phowardlg@aboutads.info,Czech Republic,Male,Uherský Brod,Avaveo,,CZK
Wayne,Hansen,whansenlh@archive.org,Russia,Male,Rublëvo,Oyoloo,74018.76,RUB
Jeremy,Bell,jbellli@t-online.de,China,Male,Nanhe,Gigashots,45009.25,CNY
Jacqueline,Gutierrez,jgutierrezlj@apache.org,France,Female,Guyancourt,Aibox,60821.78,EUR
Todd,Reyes,treyeslk@netvibes.com,Russia,Male,Tanzybey,Zava,4622.20,RUB
Heather,Meyer,hmeyerll@trellian.com,Nigeria,Female,Ozubulu,Demimbu,68673.44,NGN
Randy,Reid,rreidlm@creativecommons.org,China,Male,Changhua,Wordpedia,11027.90,CNY
Tina,Sanders,tsandersln@nationalgeographic.com,China,Female,Fengxi,Gabcube,55829.09,CNY
Denise,Gray,dgraylo@eepurl.com,Peru,Female,Pocohuanca,Fatz,23118.19,PEN
Alice,Green,agreenlp@wired.com,Portugal,Female,Vermelha,Dabtype,96458.73,EUR
Irene,Wallace,iwallacelq@blogs.com,Russia,Female,Ramon’,Blogspan,11236.73,RUB
Paul,Black,pblacklr@ed.gov,Peru,Male,Corani,InnoZ,98899.46,PEN
Roger,James,rjamesls@tiny.cc,Indonesia,Male,Tambaksumur,Livetube,26280.39,IDR
Alan,Wilson,awilsonlt@theglobeandmail.com,Portugal,Male,Ereira,Rhynoodle,21410.16,EUR
Richard,Gardner,rgardnerlu@nba.com,Philippines,Male,Minglanilla,Zoomlounge,,PHP
Shirley,Carpenter,scarpenterlv@fema.gov,China,Female,Wanmingang,Livetube,21103.24,CNY
Jesse,Anderson,jandersonlw@i2i.jp,China,Male,Longsheng,Kaymbo,77397.29,CNY
Carolyn,Flores,cfloreslx@tiny.cc,Indonesia,Female,Telgawah,Rhynoodle,60642.78,IDR
Jeffrey,Clark,jclarkly@nba.com,Russia,Male,Krasnaya Polyana,Snaptags,53058.97,RUB
Diana,Warren,dwarrenlz@surveymonkey.com,Palestinian Territory,Female,Ţammūn,Browsezoom,99746.97,ILS
Thomas,Rodriguez,trodriguezm0@rakuten.co.jp,United States,Male,Phoenix,Linkbridge,21372.44,USD
Diane,Larson,dlarsonm1@statcounter.com,Iran,Female,Sanandaj,Rhycero,77831.30,IRR
Barbara,Moreno,bmorenom2@webeden.co.uk,China,Female,Xiangcheng,Oyoloo,,CNY
Henry,Stanley,hstanleym3@arstechnica.com,Russia,Male,Protvino,Talane,62713.56,RUB
Louise,Morris,lmorrism4@buzzfeed.com,Peru,Female,Lloque,Zoonoodle,10844.75,PEN
Jeffrey,Lopez,jlopezm5@wikimedia.org,Armenia,Male,Arevshat,Linktype,,AMD
Justin,Andrews,jandrewsm6@edublogs.org,Peru,Male,Sicaya,Photobean,73117.43,PEN
Lisa,Bailey,lbaileym7@amazonaws.com,Spain,Female,Sevilla,Npath,34895.46,EUR
Victor,Diaz,vdiazm8@bizjournals.com,Ireland,Male,Castlepollard,Youtags,29832.84,EUR
Henry,Martinez,hmartinezm9@nih.gov,Pakistan,Male,Athmuqam,Reallinks,29200.57,PKR
Roy,Daniels,rdanielsma@house.gov,China,Male,Zhouxi,Fivechat,68134.50,CNY
Joshua,Harper,jharpermb@theguardian.com,Bosnia and Herzegovina,Male,Jelah,Twitterlist,77952.86,BAM
Theresa,Crawford,tcrawfordmc@stanford.edu,Vietnam,Female,Chơn Thành,Voolia,71254.18,VND
Alan,Morgan,amorganmd@army.mil,Serbia,Male,Krivaja,Eayo,21212.65,RSD
Frank,Carter,fcarterme@jiathis.com,Sudan,Male,Kutum,Chatterpoint,40792.14,SDG
Arthur,Weaver,aweavermf@facebook.com,Argentina,Male,Molinos,Jabbertype,24454.91,ARS
Michael,Henderson,mhendersonmg@aboutads.info,Macedonia,Male,Butel,Photolist,56421.45,MKD
Anthony,Gibson,agibsonmh@a8.net,Sweden,Male,Askersund,Feedmix,92839.33,SEK
Judy,Hudson,jhudsonmi@yolasite.com,Portugal,Female,Lagoa,Browseblab,19957.86,EUR
Karen,Mendoza,kmendozamj@irs.gov,Bulgaria,Female,Vetrino,Linklinks,11967.78,BGN
Evelyn,Harper,eharpermk@harvard.edu,Portugal,Female,Poiares,Gabcube,91107.70,EUR
Dorothy,Alexander,dalexanderml@narod.ru,Nigeria,Female,Fika,Thoughtstorm,60687.73,NGN
Donald,Brooks,dbrooksmm@de.vu,Vietnam,Male,Thành Phố Bà Rịa,BlogXS,34799.24,VND
Andrea,Bennett,abennettmn@umn.edu,Canada,Female,Langenburg,Vinder,33693.50,CAD
Jonathan,Sanders,jsandersmo@amazon.co.uk,China,Male,Gaoping,Bluejam,92535.17,CNY
Stephen,Reid,sreidmp@ox.ac.uk,China,Male,Tianchang,Topicware,41863.12,CNY
Alan,Day,adaymq@un.org,Russia,Male,Kaduy,Jabbercube,,RUB
Robert,Lawrence,rlawrencemr@ed.gov,Palestinian Territory,Male,Jūrat ash Sham‘ah,Ntags,65411.97,ILS
Jeffrey,Jordan,jjordanms@bluehost.com,Georgia,Male,Surami,Innojam,46270.79,GEL
Bonnie,Robinson,brobinsonmt@studiopress.com,France,Female,Ajaccio,Dabfeed,99043.55,EUR
Patricia,Mills,pmillsmu@ucla.edu,Greece,Female,Mouzourás,Bluezoom,,EUR
Billy,Spencer,bspencermv@exblog.jp,Indonesia,Male,Sembungan Kidul,Aivee,41494.18,IDR
Kevin,Ruiz,kruizmw@indiegogo.com,Russia,Male,Uglegorsk,Agimba,61275.18,RUB
Bruce,Hicks,bhicksmx@wikia.com,Yemen,Male,Maţarah,Ooba,87053.18,YER
Billy,Russell,brussellmy@imageshack.us,Czech Republic,Male,Hradec Králové,Teklist,73852.64,CZK
Angela,Turner,aturnermz@gnu.org,Sri Lanka,Female,Battaramulla South,Gigabox,89376.18,LKR
Rebecca,Bryant,rbryantn0@rakuten.co.jp,Indonesia,Female,Sumberdadi,Skynoodle,1068.17,IDR
Jonathan,Alexander,jalexandern1@biglobe.ne.jp,Greece,Male,Palaióchora,Quimba,95616.74,EUR
Phillip,Perry,pperryn2@twitpic.com,Russia,Male,Vatutino,Aimbo,73144.25,RUB
Paula,Simpson,psimpsonn3@youtube.com,South Korea,Female,Hongch’ŏn,Camido,50869.22,KRW
Mary,Wright,mwrightn4@cnbc.com,Nigeria,Female,Adani,Tazz,27007.39,NGN
Catherine,Porter,cportern5@stanford.edu,Norway,Female,Tromsø,Teklist,27306.95,NOK
Jacqueline,Fisher,jfishern6@github.com,Sweden,Female,Kungälv,Digitube,3948.28,SEK
Bobby,Frazier,bfraziern7@nationalgeographic.com,Philippines,Male,Tubajon,Twitterbeat,69989.10,PHP
Bruce,Harper,bharpern8@scribd.com,Malaysia,Male,Ipoh,Avamba,5239.60,MYR
Phillip,Gray,pgrayn9@ted.com,China,Male,Haixing,Voonyx,73176.26,CNY
Roy,Cunningham,rcunninghamna@usa.gov,China,Male,Lanyang,Rhynoodle,59022.42,CNY
Jesse,Cruz,jcruznb@cam.ac.uk,Belarus,Male,Kamyanyuki,Tekfly,90431.97,BYR
Ruth,Grant,rgrantnc@ning.com,Croatia,Female,Komletinci,Youspan,,HRK
Samuel,Washington,swashingtonnd@webs.com,Thailand,Male,Surin,Buzzdog,,THB
Ann,Nguyen,anguyenne@sciencedirect.com,Dominican Republic,Female,Arroyo Salado,Kanoodle,24733.04,DOP
Frank,George,fgeorgenf@flavors.me,Russia,Male,Urozhaynoye,Brightdog,25046.31,RUB
Jeremy,Frazier,jfrazierng@google.de,Portugal,Male,Queluz de Baixo,Feedfire,64822.01,EUR
Anna,Perkins,aperkinsnh@smh.com.au,Sweden,Female,Bollstabruk,Skajo,67068.95,SEK
Doris,Mills,dmillsni@msu.edu,Philippines,Female,Libas,Voonyx,69964.22,PHP
Teresa,Shaw,tshawnj@angelfire.com,Ecuador,Female,El Ángel,Devpulse,49885.29,USD
Lillian,Spencer,lspencernk@photobucket.com,Czech Republic,Female,Blučina,Skaboo,,CZK
Jennifer,Banks,jbanksnl@google.nl,China,Female,Shimen,Rhynyx,75313.88,CNY
Christopher,West,cwestnm@clickbank.net,China,Male,Fengpo,Eimbee,86537.86,CNY
Charles,Willis,cwillisnn@dell.com,Iran,Male,Āq Qāyeh,Zoomdog,94412.91,IRR
Cheryl,Cole,ccoleno@issuu.com,Poland,Female,Góra,Feedfish,18716.04,PLN
Louis,Ferguson,lfergusonnp@cnet.com,Netherlands,Male,Alkmaar,Gigabox,46387.17,EUR
Nicholas,Medina,nmedinanq@cnn.com,Indonesia,Male,Tambaksari,Yacero,7710.40,IDR
Mildred,Harvey,mharveynr@wp.com,Laos,Female,Không,Rooxo,78059.48,LAK
Kelly,Morales,kmoralesns@bigcartel.com,China,Female,Huancheng,Jaxworks,20656.95,CNY
Ronald,Montgomery,rmontgomerynt@dropbox.com,Portugal,Male,Vila Fria,Photobug,64865.81,EUR
Irene,Fuller,ifullernu@utexas.edu,Sweden,Female,Växjö,Eire,84540.52,SEK
Deborah,Scott,dscottnv@nymag.com,Ukraine,Female,Voyinka,Layo,55614.35,UAH
Doris,Jackson,djacksonnw@ycombinator.com,Thailand,Female,Damnoen Saduak,Thoughtstorm,24793.12,THB
Lisa,Porter,lporternx@answers.com,United States,Female,Philadelphia,Eazzy,25786.65,USD
Ronald,Palmer,rpalmerny@state.tx.us,Portugal,Male,Mina de São Domingos,Zooxo,69130.72,EUR
Anthony,Hicks,ahicksnz@free.fr,Philippines,Male,Santa Catalina Norte,Wikivu,93599.90,PHP
Kelly,Garrett,kgarretto0@nydailynews.com,South Africa,Female,Tembisa,Wordpedia,68542.28,ZAR
Ryan,Daniels,rdanielso1@cmu.edu,China,Male,Yuanmou,Youfeed,89815.39,CNY
Tina,Mills,tmillso2@narod.ru,Croatia,Female,Osekovo,Jayo,76342.53,HRK
George,Gardner,ggardnero3@weebly.com,Philippines,Male,Langpas,Blogpad,79591.14,PHP
Helen,James,hjameso4@skype.com,Argentina,Female,San Carlos,Layo,3174.56,ARS
Joan,Bradley,jbradleyo5@salon.com,Greece,Female,Vanáton,Meejo,26392.21,EUR
Ruby,Chapman,rchapmano6@squidoo.com,China,Female,Suhong,Thoughtblab,63.44,CNY
Irene,Moore,imooreo7@whitehouse.gov,Mongolia,Female,Javarthushuu,Realmix,26182.73,MNT
Janet,Crawford,jcrawfordo8@example.com,Nigeria,Female,Agbor,Pixoboo,44370.02,NGN
David,Cooper,dcoopero9@jalbum.net,Thailand,Male,Bangkok,Dablist,80867.29,THB
Judith,Moore,jmooreoa@wisc.edu,Indonesia,Female,Samangawah,Bubbletube,29879.16,IDR
Aaron,Lane,alaneob@dell.com,Croatia,Male,Hvar,Jaxbean,46882.33,HRK
Randy,Ortiz,rortizoc@wordpress.org,Argentina,Male,Palpalá,Trudoo,2064.21,ARS
Johnny,Harrison,jharrisonod@google.it,Dominican Republic,Male,Constanza,Ooba,94036.85,DOP
Charles,Burke,cburkeoe@census.gov,China,Male,Wangdain,Riffwire,4269.64,CNY
Deborah,Snyder,dsnyderof@csmonitor.com,Portugal,Female,Madalena,Zooveo,,EUR
Christina,Romero,cromeroog@pcworld.com,Uruguay,Female,Nueva Helvecia,Youtags,75736.91,UYU
Sandra,Cooper,scooperoh@trellian.com,Brazil,Female,Conde,Ainyx,94435.47,BRL
Roger,Johnston,rjohnstonoi@google.ru,Tunisia,Male,Kairouan,Jayo,77564.83,TND
Jennifer,Hudson,jhudsonoj@newyorker.com,China,Female,Baisha,Jetwire,79679.43,CNY
Christina,Brooks,cbrooksok@soup.io,United States,Female,Buffalo,Zoozzy,23940.43,USD
Gerald,Black,gblackol@msn.com,Ukraine,Male,Rybache,Twitterwire,22894.04,UAH
Christine,Elliott,celliottom@state.gov,Vietnam,Female,Cam Lâm,Centimia,77960.03,VND
Ernest,Young,eyoungon@hc360.com,Tunisia,Male,El Hamma,Twimbo,13955.43,TND
Ronald,Harvey,rharveyoo@domainmarket.com,Vietnam,Male,Thị Trấn Thuận Châu,Thoughtmix,24347.24,VND
Kenneth,Coleman,kcolemanop@biblegateway.com,Poland,Male,Osiek,Mudo,23278.16,PLN
Ruby,Baker,rbakeroq@ca.gov,Poland,Female,Drogomyśl,Janyx,39535.17,PLN
Robert,Sullivan,rsullivanor@howstuffworks.com,United States,Male,Akron,Tagpad,72159.00,USD
Timothy,Robertson,trobertsonos@sina.com.cn,China,Male,Changlin,Feedbug,41102.33,CNY
Andrew,Berry,aberryot@hexun.com,Portugal,Male,Balazar,Minyx,49106.45,EUR
Cheryl,White,cwhiteou@foxnews.com,Mauritius,Female,Le Hochet,Quamba,39752.85,MUR
Carolyn,Foster,cfosterov@mail.ru,Indonesia,Female,Kambingan,Ainyx,,IDR
John,Garza,jgarzaow@boston.com,Indonesia,Male,Sumberrejo,Divanoodle,39735.26,IDR
Eugene,Robertson,erobertsonox@so-net.ne.jp,Philippines,Male,Luzon,Topicware,22606.25,PHP
Ernest,Marshall,emarshalloy@icq.com,Lithuania,Male,Utena,Tavu,75769.78,LTL
Gerald,Gutierrez,ggutierrezoz@timesonline.co.uk,China,Male,Shaping,Ainyx,64269.45,CNY
Roy,King,rkingp0@lulu.com,Syria,Male,Mahīn,Kwinu,6293.08,SYP
Justin,Hudson,jhudsonp1@state.tx.us,China,Male,Jiangkou,Rhynyx,71681.07,CNY
Rachel,Reyes,rreyesp2@studiopress.com,Mongolia,Female,Örgön,Flipbug,58995.09,MNT
Mark,Gutierrez,mgutierrezp3@nasa.gov,Philippines,Male,Malabonot,Mydeo,,PHP
Christina,Wagner,cwagnerp4@wiley.com,Czech Republic,Female,Mnichovo Hradiště,Devshare,,CZK
Catherine,Harris,charrisp5@telegraph.co.uk,Comoros,Female,Séléa,Twitterbridge,1985.67,KMF
Daniel,Ortiz,dortizp6@slate.com,China,Male,Motge,Tavu,,CNY
Albert,Griffin,agriffinp7@ameblo.jp,Mauritius,Male,Centre de Flacq,Realpoint,77412.18,MUR
Adam,Harvey,aharveyp8@devhub.com,Philippines,Male,Aurora,Yamia,39659.31,PHP
Carlos,Wallace,cwallacep9@fotki.com,France,Male,Cognac,Myworks,49284.84,EUR
Julia,Evans,jevanspa@scientificamerican.com,Russia,Female,Cherëmushki,Yata,44614.71,RUB
Cheryl,Hernandez,chernandezpb@hud.gov,Russia,Female,Solnechnoye,Vimbo,23612.85,RUB
Carol,Moore,cmoorepc@webs.com,Ecuador,Female,Ventanas,Brainverse,19334.82,USD
Lois,Burke,lburkepd@histats.com,China,Female,Tiaodeng,Wordware,37052.21,CNY
Ernest,Grant,egrantpe@flavors.me,Bolivia,Male,Santa Rosa del Sara,Dabvine,98637.05,BOB
Tammy,Bell,tbellpf@pagesperso-orange.fr,Portugal,Female,Riba de Ave,Kaymbo,14356.14,EUR
Wayne,Watson,wwatsonpg@devhub.com,Indonesia,Male,Anin,Edgewire,374.08,IDR
Sandra,Morris,smorrisph@shop-pro.jp,Libya,Female,Tobruk,Yata,88626.68,LYD
Charles,Peterson,cpetersonpi@state.tx.us,Japan,Male,Minokamo,Linktype,69188.14,JPY
Evelyn,Hernandez,ehernandezpj@reference.com,Finland,Female,Siilinjärvi,Tagpad,58651.39,EUR
Antonio,Morales,amoralespk@prnewswire.com,Indonesia,Male,Kolor,Skyvu,32933.82,IDR
Diana,Palmer,dpalmerpl@studiopress.com,China,Female,Zhuqi,Twitterworks,20571.82,CNY
Debra,Nichols,dnicholspm@example.com,Azerbaijan,Female,Terter,Gigaclub,82017.74,AZN
Elizabeth,Bailey,ebaileypn@omniture.com,China,Female,Shuangpu,Quatz,57133.87,CNY
Walter,Cooper,wcooperpo@gnu.org,Indonesia,Male,Curug,Edgeify,63850.61,IDR
Daniel,Roberts,drobertspp@prlog.org,Morocco,Male,Tadrart,Devshare,75005.77,MAD
Debra,Edwards,dedwardspq@marriott.com,Poland,Female,Zaniemyśl,Meedoo,6530.70,PLN
Martha,King,mkingpr@stanford.edu,China,Female,Shanguang,Skyble,83221.79,CNY
Jason,Hayes,jhayesps@nasa.gov,China,Male,Qiandeng,Skajo,24199.53,CNY
Brandon,Bishop,bbishoppt@elegantthemes.com,Portugal,Male,Cortinhas,Dynava,44075.93,EUR
Arthur,Arnold,aarnoldpu@parallels.com,Russia,Male,Gus’-Khrustal’nyy,Photobug,55582.17,RUB
Kevin,Shaw,kshawpv@yandex.ru,Belarus,Male,Druya,Feedspan,58793.81,BYR
Louise,Cruz,lcruzpw@bbc.co.uk,Czech Republic,Female,Hostomice,Divavu,86396.48,CZK
Sandra,Bishop,sbishoppx@mtv.com,Switzerland,Female,Zürich,Brainsphere,72630.20,CHF
Jose,Snyder,jsnyderpy@google.nl,Argentina,Male,El Carmen,Thoughtblab,72265.32,ARS
Terry,Day,tdaypz@tamu.edu,Haiti,Male,Gros Morne,Tavu,53756.56,HTG
Nicholas,Watkins,nwatkinsq0@histats.com,Colombia,Male,Patía,Jatri,34711.31,COP
Kimberly,Gonzales,kgonzalesq1@paypal.com,China,Female,Caoxi,Zooveo,18860.47,CNY
Kelly,Clark,kclarkq2@hhs.gov,Indonesia,Female,Kokar,Brainlounge,55252.99,IDR
Adam,Scott,ascottq3@vistaprint.com,Poland,Male,Piaski,Gigazoom,17608.69,PLN
Louise,Alexander,lalexanderq4@craigslist.org,Bosnia and Herzegovina,Female,Prozor,Podcat,62036.02,BAM
Russell,Evans,revansq5@123-reg.co.uk,United States,Male,Peoria,Buzzbean,56886.71,USD
Chris,Reyes,creyesq6@unc.edu,Portugal,Male,Mosteiro,Riffwire,72066.13,EUR
Jeffrey,Evans,jevansq7@php.net,China,Male,Bazi,Thoughtbridge,83151.37,CNY
Catherine,Riley,crileyq8@msu.edu,China,Female,Huangcai,Lajo,4244.05,CNY
Steve,Murray,smurrayq9@sitemeter.com,Ireland,Male,Kiltamagh,Tagopia,92623.30,EUR
Pamela,Bradley,pbradleyqa@un.org,Russia,Female,Azovo,Dabshots,60841.95,RUB
Christine,Kim,ckimqb@1und1.de,Portugal,Female,Vale de Mendiz,Tagchat,4312.46,EUR
Victor,Gutierrez,vgutierrezqc@technorati.com,Sierra Leone,Male,Kayima,Flashpoint,49226.41,SLL
Billy,Dixon,bdixonqd@arizona.edu,Russia,Male,Zapolyarnyy,Gabcube,41475.49,RUB
Carolyn,Medina,cmedinaqe@arstechnica.com,Palestinian Territory,Female,Mislīyah,Yakitri,72660.45,ILS
Jason,Stevens,jstevensqf@tripod.com,Serbia,Male,Platičevo,Kanoodle,46163.21,RSD
Rachel,Scott,rscottqg@freewebs.com,Greece,Female,Kárystos,Camimbo,89272.66,EUR
Robert,Flores,rfloresqh@harvard.edu,China,Male,Zhongcheng,Devbug,3008.85,CNY
Daniel,Carpenter,dcarpenterqi@blog.com,Russia,Male,Promyshlennaya,Jaxworks,70613.34,RUB
Heather,Vasquez,hvasquezqj@vkontakte.ru,China,Female,Wenquan,Realbuzz,,CNY
Virginia,Lawrence,vlawrenceqk@diigo.com,Japan,Female,Fujishiro,Tagopia,,JPY
Judith,Coleman,jcolemanql@ucsd.edu,Indonesia,Female,Buaran,Browsedrive,76251.99,IDR
Catherine,Sanders,csandersqm@economist.com,Venezuela,Female,Tinaco,Jaxworks,19323.37,VEF
Steve,Hudson,shudsonqn@apple.com,China,Male,Xiadu,Thoughtstorm,24368.97,CNY
Anna,Gibson,agibsonqo@myspace.com,China,Female,Chengnan,Eayo,77744.62,CNY
Sara,Howell,showellqp@ovh.net,Cyprus,Female,Ergates,Photobug,34700.72,EUR
Alice,Carroll,acarrollqq@ebay.com,Philippines,Female,Barotac Nuevo,Twitterworks,43782.03,PHP
Jimmy,Medina,jmedinaqr@domainmarket.com,Portugal,Male,Vila do Bispo,Quire,,EUR
Mildred,Johnson,mjohnsonqs@biblegateway.com,China,Female,Yuyue,Plajo,18878.38,CNY
Brian,Lynch,blynchqt@sourceforge.net,China,Male,Letuyi,Voolia,97601.38,CNY
Eric,Peterson,epetersonqu@goodreads.com,Russia,Male,Kalino,Meemm,23004.97,RUB
Steve,Fuller,sfullerqv@shutterfly.com,Philippines,Male,Jetafe,Thoughtblab,57270.49,PHP
Julia,Brooks,jbrooksqw@yolasite.com,Netherlands,Female,Rosmalen,Topicstorm,33465.38,EUR
Deborah,Flores,dfloresqx@livejournal.com,Libya,Female,Tagiura,Dynabox,33602.54,LYD
Ann,Flores,afloresqy@jimdo.com,Kazakhstan,Female,Zharkent,Thoughtblab,,KZT
Anna,Reid,areidqz@1und1.de,China,Female,Yaohua,Rhyloo,37190.85,CNY
Wanda,Hicks,whicksr0@sohu.com,China,Female,Chengguan,Katz,10365.26,CNY
Debra,Porter,dporterr1@soup.io,China,Female,Zengtian,Meembee,24422.41,CNY
Sharon,Morrison,smorrisonr2@miitbeian.gov.cn,Ukraine,Female,Spas,Oozz,,UAH
Anna,Rodriguez,arodriguezr3@amazonaws.com,Portugal,Female,Olival Basto,Vidoo,60578.47,EUR
Maria,Flores,mfloresr4@1und1.de,Indonesia,Female,Puncaksempur,Avamba,67983.83,IDR
Susan,Sanders,ssandersr5@sun.com,Indonesia,Female,Negla,Innotype,69395.98,IDR
Sarah,Shaw,sshawr6@woothemes.com,Argentina,Female,Rada Tilly,Linkbuzz,61999.46,ARS
Anne,Burke,aburker7@last.fm,Iran,Female,Bāft,Shufflebeat,44726.52,IRR
Louis,Scott,lscottr8@nationalgeographic.com,Taiwan,Male,Yilan,Gigaclub,23338.45,TWD
Andrea,Fox,afoxr9@yahoo.com,Indonesia,Female,Panggunguni,Quimba,,IDR
Susan,Armstrong,sarmstrongra@163.com,France,Female,Paris 15,Oozz,98867.11,EUR
Marilyn,Austin,maustinrb@slate.com,China,Female,Chengxi,Voomm,57554.40,CNY
Ann,Austin,aaustinrc@usatoday.com,Thailand,Female,Si Sa Ket,Trunyx,23525.41,THB
Jean,Powell,jpowellrd@mozilla.org,France,Female,Tours,Agivu,45691.46,EUR
Ruth,Black,rblackre@symantec.com,Poland,Female,Jabłonka,Trupe,99741.94,PLN
Joan,Foster,jfosterrf@networkadvertising.org,Italy,Female,Laspezia,Twimbo,,EUR
Jean,Watkins,jwatkinsrg@icio.us,Philippines,Female,Budta,Jayo,83525.06,PHP
Jose,Davis,jdavisrh@narod.ru,Portugal,Male,Cardal,Tagcat,69775.95,EUR
Walter,Diaz,wdiazri@smh.com.au,Portugal,Male,Alcaria da Serra,Fivechat,34690.71,EUR
Kathryn,Lawson,klawsonrj@opera.com,Philippines,Female,Alae,Quinu,94348.45,PHP
Mildred,Rice,mricerk@de.vu,Portugal,Female,Sobral,Livepath,34500.60,EUR
Christina,Thomas,cthomasrl@barnesandnoble.com,Malaysia,Female,Kangar,Bubblemix,53193.55,MYR
Paul,Wilson,pwilsonrm@com.com,Indonesia,Male,Kedungtuban,Topiclounge,57545.45,IDR
Linda,Porter,lporterrn@thetimes.co.uk,France,Female,Caen,Vitz,16185.82,EUR
Paula,Young,pyoungro@salon.com,Poland,Female,Czernikowo,Gabtune,58005.23,PLN
Linda,Mendoza,lmendozarp@ameblo.jp,Indonesia,Female,Tanjung,Dabshots,60098.10,IDR
Scott,Henry,shenryrq@mashable.com,Canada,Male,Carleton-sur-Mer,Youfeed,29433.59,CAD
Carl,Wheeler,cwheelerrr@usnews.com,Serbia,Male,Svrljig,Quinu,97811.13,RSD
