Catherine,Bennett,cbennett0@cornell.edu,South Africa,Female,Richards Bay,Realblab,53418.95,ZAR
Maria,Stone,mstone1@indiatimes.com,Philippines,Female,Himaya,Oodoo,9834.39,PHP
Stephen,Watkins,swatkins2@washingtonpost.com,Peru,Male,Bernal,Thoughtblab,47668.69,PEN
Donald,Oliver,doliver3@hud.gov,Czech Republic,Male,Lenešice,Pixoboo,9753.48,CZK
Rose,Banks,rbanks4@hud.gov,Canada,Female,Nelson,Shuffletag,18204.20,CAD
Raymond,Tucker,rtucker5@yandex.ru,China,Male,Changliu,Jamia,,CNY
Christina,Edwards,cedwards6@surveymonkey.com,United States,Female,Fresno,Gevee,40530.67,USD
Melissa,Miller,mmiller7@zimbio.com,Costa Rica,Female,San José,Flashspan,62493.41,CRC
Phyllis,Wallace,pwallace8@printfriendly.com,China,Female,Yinxi,Mydo,36761.83,CNY
Juan,Wilson,jwilson9@ebay.co.uk,Paraguay,Male,Mbocayaty,Yakijo,71282.17,PYG
Brian,Cooper,bcoopera@hexun.com,China,Male,Baiyan,Voomm,44069.05,CNY
Richard,Burns,rburnsb@google.nl,South Africa,Male,Matatiele,Bluejam,28895.28,ZAR
Norma,Ramirez,nramirezc@wordpress.com,Indonesia,Female,Oesao,Riffwire,22403.63,IDR
Jennifer,Ramirez,jramirezd@usatoday.com,Bolivia,Female,Tarata,Janyx,79477.17,BOB
Johnny,Wilson,jwilsone@apple.com,Philippines,Male,Calingcuan,Dabvine,,PHP
Stephanie,Ford,sfordf@google.es,Argentina,Female,Añatuya,Bluejam,77810.77,ARS
Rachel,Simpson,rsimpsong@sohu.com,China,Female,Jiedu,Meejo,,CNY
Peter,Medina,pmedinah@weibo.com,Ukraine,Male,Velykoploske,Wikivu,89170.20,UAH
Sara,Payne,spaynei@mlb.com,Syria,Female,Hisya,Dabjam,97637.79,SYP
Michael,Dunn,mdunnj@usatoday.com,Indonesia,Male,Ciherang,Camimbo,61652.42,IDR
Katherine,Warren,kwarrenk@usnews.com,Iran,Female,Zahedan,Fatz,1220.83,IRR
Angela,Reid,areidl@blog.com,Slovenia,Female,Videm pri Ptuju,Bluejam,64426.08,EUR
Alice,Greene,agreenem@dedecms.com,Czech Republic,Female,Šluknov,Dabtype,54893.85,CZK
Jack,Duncan,jduncann@ihg.com,Canada,Male,Bells Corners,Zooveo,53105.13,CAD
Kathryn,Reyes,kreyeso@trellian.com,South Africa,Female,Villiers,Snaptags,72145.44,ZAR
Angela,Stone,astonep@springer.com,China,Female,Huating,Fivebridge,,CNY
Pamela,King,pkingq@theatlantic.com,China,Female,Pagnag,Skibox,18823.52,CNY
Betty,Mendoza,bmendozar@g.co,France,Female,Amiens,Tekfly,,EUR
Martin,Mills,mmillss@fotki.com,Venezuela,Male,Cabudare,Aimbu,82189.54,VEF
Ruth,Rose,rroset@friendfeed.com,Portugal,Female,Sarrazola,Geba,14372.91,EUR
Sandra,Morgan,smorganu@typepad.com,Nigeria,Female,Ipoti,Photofeed,55970.68,NGN
Michael,Boyd,mboydv@free.fr,Western Sahara,Male,Smara,Meevee,47573.94,MAD
Angela,Kim,akimw@fastcompany.com,Philippines,Female,Sapol,Trudeo,,PHP
Chris,Scott,cscottx@unblog.fr,Argentina,Male,Laguna Paiva,Oloo,71740.19,ARS
Shirley,Garcia,sgarciay@infoseek.co.jp,Colombia,Female,Rivera,Wordpedia,45793.80,COP
Diana,Chavez,dchavezz@nhs.uk,China,Female,Dagang,Rhybox,75689.89,CNY
David,Matthews,dmatthews10@samsung.com,Russia,Male,Kupavna,Chatterpoint,44432.75,RUB
Albert,Knight,aknight11@t-online.de,Venezuela,Male,Píritu,Zoomzone,46614.11,VEF
Gloria,Roberts,groberts12@printfriendly.com,Poland,Female,Jeziorzany,Realpoint,38660.31,PLN
Kevin,Turner,kturner13@dailymotion.com,Jamaica,Male,Port Antonio,Fiveclub,1049.00,JMD
Daniel,Burns,dburns14@patch.com,China,Male,Jiepai,Aivee,32589.53,CNY
Carlos,Sanders,csanders15@spiegel.de,Nigeria,Male,Deba Habe,Rhycero,73829.93,NGN
Brenda,Nelson,bnelson16@linkedin.com,Vietnam,Female,Vân Canh,Mydeo,57341.24,VND
Victor,Ryan,vryan17@geocities.jp,South Korea,Male,Sindong,Rooxo,15401.71,KRW
Matthew,Gibson,mgibson18@youtube.com,Portugal,Male,Estoi,Centizu,28478.54,EUR
Joan,King,jking19@google.ru,Colombia,Female,Purificación,Youspan,16146.36,COP
Sharon,Richardson,srichardson1a@google.co.uk,Latvia,Female,Murmuiža,Youbridge,87019.51,EUR
Daniel,Moreno,dmoreno1b@mashable.com,France,Male,Hendaye,Jabbersphere,23078.32,EUR
Melissa,Lopez,mlopez1c@timesonline.co.uk,Portugal,Female,São Paio de Gramaços,Izio,98855.83,EUR
Anthony,Burke,aburke1d@guardian.co.uk,Russia,Male,Shamanka,Brainlounge,81095.88,RUB
Donald,Oliver,doliver1e@amazon.co.jp,Ukraine,Male,Lanchyn,Quire,47272.14,UAH
Matthew,Hall,mhall1f@t.co,Costa Rica,Male,Alajuela,Topicshots,41731.91,CRC
Deborah,Harper,dharper1g@nasa.gov,Belarus,Female,Svislach,Chatterbridge,95145.09,BYR
Mary,Payne,mpayne1h@simplemachines.org,France,Female,Meaux,Roombo,93784.68,EUR
Barbara,Wells,bwells1i@sbwire.com,France,Female,Coutances,Teklist,81957.08,EUR
Mark,Mills,mmills1j@bbb.org,Armenia,Male,Bartsrashen,Topdrive,68520.15,AMD
Gloria,West,gwest1k@apache.org,Portugal,Female,Valença do Douro,Cogibox,57829.85,EUR
Marie,Cunningham,mcunningham1l@amazon.co.jp,Ukraine,Female,Banyliv,Voonyx,57287.43,UAH
Phyllis,Kim,pkim1m@slashdot.org,Bhutan,Female,Punākha,Chatterbridge,3080.58,BTN
Sara,Stone,sstone1n@multiply.com,China,Female,Huainan,Eazzy,,CNY
Catherine,Castillo,ccastillo1o@homestead.com,Venezuela,Female,Altamira,Ainyx,53845.83,VEF
Julia,Gardner,jgardner1p@surveymonkey.com,Finland,Female,Loppi,Yambee,,EUR
Joseph,Phillips,jphillips1q@nymag.com,France,Male,Clermont-Ferrand,Voonte,93370.31,EUR
Irene,Warren,iwarren1r@fc2.com,Zimbabwe,Female,Bindura,Skiptube,35352.56,ZWL
Johnny,Fowler,jfowler1s@bbc.co.uk,North Korea,Male,Kimch’aek-si,Abata,17383.79,KPW
Gerald,Howard,ghoward1t@stanford.edu,Brazil,Male,Iaçu,Fivechat,17415.31,BRL
Doris,Meyer,dmeyer1u@adobe.com,Finland,Female,Tuupovaara,Skyba,99943.37,EUR
Carolyn,Allen,callen1v@ucoz.ru,Philippines,Female,Lupon,Skinte,97127.52,PHP
Linda,Howard,lhoward1w@google.ca,United States,Female,Bakersfield,Jayo,9855.78,USD
Eric,King,eking1x@sciencedaily.com,Dominican Republic,Male,Salvaleón de Higüey,Topicshots,70545.82,DOP
Johnny,Pierce,jpierce1y@com.com,China,Male,Huaqiao,Fadeo,47892.00,CNY
Brian,Moreno,bmoreno1z@blog.com,China,Male,Fengshan,Yacero,95722.78,CNY
Jason,Reynolds,jreynolds20@redcross.org,United Kingdom,Male,Kingston,Edgeblab,,GBP
Stephanie,Cole,scole21@facebook.com,Indonesia,Female,Cibeusi,LiveZ,37883.53,IDR
Gloria,Reyes,greyes22@acquirethisname.com,Brazil,Female,Nossa Senhora da Glória,JumpXS,94248.80,BRL
Gloria,Robinson,grobinson23@acquirethisname.com,Argentina,Female,Puerto Eldorado,Camido,1381.37,ARS
Rose,Fuller,rfuller24@4shared.com,Uruguay,Female,Treinta y Tres,Babbleset,77249.21,UYU
Arthur,Bennett,abennett25@slideshare.net,Poland,Male,Łąck,Gevee,,PLN
Dorothy,Johnson,djohnson26@cam.ac.uk,Russia,Female,Zavoronezhskoye,Youspan,98383.22,RUB
Aaron,Elliott,aelliott27@flickr.com,Czech Republic,Male,Jakartovice,Skinix,6887.69,CZK
Louis,Campbell,lcampbell28@parallels.com,China,Male,Shouchun,Gabspot,36931.37,CNY
Donna,Boyd,dboyd29@netlog.com,China,Female,Lunang,Layo,80884.76,CNY
Carol,James,cjames2a@shutterfly.com,Russia,Female,Sudislavl’,Devpoint,78203.62,RUB
Nicholas,Stone,nstone2b@vinaora.com,Kazakhstan,Male,Akkol’,Dabshots,86883.99,KZT
Brandon,Rice,brice2c@usatoday.com,China,Male,Yuanping,Twitterworks,53923.13,CNY
Doris,Dunn,ddunn2d@ucoz.com,China,Female,Nu’erbage,Bluezoom,59739.08,CNY
Jane,Reynolds,jreynolds2e@twitpic.com,Poland,Female,Lębork,Meemm,95956.78,PLN
Rachel,Henderson,rhenderson2f@toplist.cz,China,Female,Pantang,Yabox,93300.15,CNY
Sharon,Morgan,smorgan2g@elegantthemes.com,Portugal,Female,Beijós,Jaxbean,9942.84,EUR
Wanda,Simmons,wsimmons2h@wordpress.org,Indonesia,Female,Temuji,Feedbug,91019.47,IDR
Amanda,Gutierrez,agutierrez2i@weibo.com,Indonesia,Female,Bungtiang Barat,Divavu,41087.64,IDR
Andrea,Walker,awalker2j@twitter.com,Colombia,Female,Bogotá,Innojam,69957.46,COP
Nancy,James,njames2k@feedburner.com,Indonesia,Female,Heret,Yoveo,40604.74,IDR
Lois,Ferguson,lferguson2l@fotki.com,Palestinian Territory,Female,Kafr Thulth,Demizz,59664.46,ILS
John,Perry,jperry2m@ucoz.ru,Russia,Male,Moscow,Shuffletag,22343.24,RUB
Louise,Hall,lhall2n@virginia.edu,Poland,Female,Kolonowskie,Cogidoo,26843.39,PLN
Stephanie,Mills,smills2o@nymag.com,Sweden,Female,Nol,Yamia,83708.34,SEK
Diane,Henderson,dhenderson2p@list-manage.com,Iraq,Female,Zākhū,Quire,82774.73,IQD
Maria,Brooks,mbrooks2q@squidoo.com,Indonesia,Female,Kedungasem,Eadel,30126.22,IDR
Larry,Armstrong,larmstrong2r@intel.com,Philippines,Male,San Pedro,Vidoo,46019.48,PHP
Arthur,Banks,abanks2s@vimeo.com,China,Male,Loudi,Edgewire,19347.77,CNY
George,Riley,griley2t@bigcartel.com,Canada,Male,Maniwaki,Mudo,25942.12,CAD
Frances,Burns,fburns2u@kickstarter.com,Indonesia,Female,Semambung,Dynava,7276.98,IDR
Robert,Cole,rcole2v@jiathis.com,Hong Kong,Male,Yuen Long Kau Hui,Quimba,24047.59,HKD
Peter,Richardson,prichardson2w@who.int,China,Male,Liuji,Youopia,19333.24,CNY
Philip,Woods,pwoods2x@jalbum.net,Peru,Male,Pueblo Nuevo,Fatz,49783.66,PEN
Jose,Alvarez,jalvarez2y@arizona.edu,Latvia,Male,Varakļāni,Riffpedia,92613.78,EUR
Gregory,Parker,gparker2z@eepurl.com,China,Male,Daping,Mudo,43435.84,CNY
Jimmy,Hart,jhart30@friendfeed.com,New Zealand,Male,Porirua,Feednation,38959.91,NZD
Adam,Ellis,aellis31@printfriendly.com,Malawi,Male,Chikwawa,Brightbean,,MWK
Susan,Taylor,staylor32@arizona.edu,Canada,Female,Oak Bay,Zoovu,36795.58,CAD
Annie,Hunt,ahunt33@php.net,Brazil,Female,Paiçandu,Camimbo,95160.37,BRL
Carol,Andrews,candrews34@cyberchimps.com,Turkmenistan,Female,Köneürgench,Yombu,,TMT
Carolyn,Garcia,cgarcia35@redcross.org,Poland,Female,Aleksandrów,Mita,64015.76,PLN
Judy,Webb,jwebb36@admin.ch,Philippines,Female,Kitapak,Rooxo,67890.15,PHP
Anna,Mccoy,amccoy37@stanford.edu,Philippines,Female,Alupay,Demimbu,11092.23,PHP
Randy,Ford,rford38@state.gov,Cameroon,Male,Fundong,Jamia,68179.12,XAF
Todd,Stewart,tstewart39@google.ru,China,Male,Jinling,Dynava,68670.35,CNY
Nicholas,Crawford,ncrawford3a@cafepress.com,Argentina,Male,Morrison,Browsezoom,86189.78,ARS
Jacqueline,Myers,jmyers3b@marriott.com,Brazil,Female,Várzea Grande,Youspan,13801.10,BRL
Chris,Stanley,cstanley3c@nydailynews.com,Czech Republic,Male,Dolní Čermná,Topiczoom,,CZK
Jeffrey,Diaz,jdiaz3d@networksolutions.com,Indonesia,Male,Kudus,Plambee,80449.92,IDR
Cheryl,Dixon,cdixon3e@printfriendly.com,Japan,Female,Mitake,Kazu,10441.18,JPY
Donna,Allen,dallen3f@wired.com,China,Female,Luxi,Abata,40863.35,CNY
Kathy,Welch,kwelch3g@hostgator.com,Indonesia,Female,Kandangsapi,Dabvine,71495.10,IDR
Jeffrey,Gardner,jgardner3h@amazon.de,China,Male,Ziyuan,Mymm,5392.69,CNY
Rachel,Jackson,rjackson3i@rediff.com,Portugal,Female,Queluz,Dabfeed,,EUR
Steve,Patterson,spatterson3j@senate.gov,Cuba,Male,Cabaiguán,Centizu,22539.24,CUP
Joyce,Lewis,jlewis3k@sun.com,Philippines,Female,Manalongon,Quire,93762.20,PHP
Jessica,Morales,jmorales3l@gmpg.org,Luxembourg,Female,Lenningen,Gabtype,94113.18,EUR
Sean,Howell,showell3m@rakuten.co.jp,South Korea,Male,Busan,Vimbo,31094.94,KRW
Marilyn,Robinson,mrobinson3n@about.com,China,Female,Xidajie,Mita,39353.76,CNY
Martha,Cooper,mcooper3o@parallels.com,Philippines,Female,Maao,Dabjam,81559.51,PHP
Ernest,Jackson,ejackson3p@wunderground.com,Russia,Male,Roza,Innojam,1260.24,RUB
Russell,Tucker,rtucker3q@chron.com,China,Male,Rentian,Eazzy,86783.20,CNY
Antonio,Gordon,agordon3r@salon.com,South Africa,Male,Centurion,Yozio,57243.60,ZAR
Earl,Olson,eolson3s@vkontakte.ru,Mexico,Male,San Jose,Realcube,72897.20,MXN
Kathy,Rice,krice3t@mayoclinic.com,Colombia,Female,Granada,Ntag,84569.14,COP
Donald,Fuller,dfuller3u@bloglines.com,Morocco,Male,Tazouta,Yadel,88290.79,MAD
Kevin,Ruiz,kruiz3v@cyberchimps.com,Portugal,Male,Odeleite,Yabox,1305.51,EUR
Jane,Owens,jowens3w@diigo.com,Sri Lanka,Female,Wattala,Mycat,70666.59,LKR
Ronald,Willis,rwillis3x@indiegogo.com,France,Male,Pont-à-Mousson,Eamia,30148.57,EUR
Martha,Medina,mmedina3y@boston.com,Indonesia,Female,Sembakung,Twitterbridge,31224.61,IDR
George,Phillips,gphillips3z@latimes.com,Vietnam,Male,Tân Hòa,Jaxnation,15800.20,VND
Deborah,Ortiz,dortiz40@wisc.edu,Luxembourg,Female,Schengen,Yakidoo,47124.47,EUR
Sharon,Elliott,selliott41@paginegialle.it,Sweden,Female,Enköping,Jatri,41608.24,SEK
Alice,Day,aday42@scientificamerican.com,Ukraine,Female,Batiovo,Oba,65710.25,UAH
Douglas,Jacobs,djacobs43@fc2.com,Japan,Male,Ueki,Blognation,59805.34,JPY
Jose,Green,jgreen44@devhub.com,Mexico,Male,La Cruz,Voolia,24768.85,MXN
Sarah,Fuller,sfuller45@tamu.edu,Indonesia,Female,Mekarsari,Fliptune,15803.39,IDR
Michelle,Ferguson,mferguson46@amazonaws.com,Serbia,Female,Trstenik,DabZ,31528.12,RSD
Deborah,Williamson,dwilliamson47@usatoday.com,Argentina,Female,Tartagal,Eidel,50954.05,ARS
Jessica,Schmidt,jschmidt48@ning.com,Denmark,Female,København,Podcat,,DKK
Eric,Anderson,eanderson49@dedecms.com,Indonesia,Male,Kediren,Skippad,11742.94,IDR
Eugene,Harper,eharper4a@abc.net.au,Nigeria,Male,Gorgoram,Brainverse,65227.62,NGN
Mark,Hart,mhart4b@posterous.com,China,Male,Dazhangzhuang,Rhyloo,68051.18,CNY
Frank,Ryan,fryan4c@edublogs.org,United States,Male,Shawnee Mission,Flashpoint,92842.65,USD
Adam,Bryant,abryant4d@gravatar.com,Indonesia,Male,Parlilitan,Buzzster,52276.62,IDR
Randy,James,rjames4e@earthlink.net,Philippines,Male,Tipo-Tipo,Edgetag,91642.63,PHP
Gerald,Stevens,gstevens4f@e-recht24.de,Indonesia,Male,Curuggoong,Tazz,17459.09,IDR
Albert,Schmidt,aschmidt4g@webnode.com,Norway,Male,Oslo,Eimbee,21769.01,NOK
Philip,Cunningham,pcunningham4h@example.com,Indonesia,Male,Krajan,Photojam,,IDR
Jesse,Ray,jray4i@netlog.com,China,Male,Kanbula,Dabjam,40395.07,CNY
Willie,Kennedy,wkennedy4j@360.cn,Cuba,Male,Manzanillo,Zoomcast,46694.11,CUP
Kimberly,Payne,kpayne4k@wikispaces.com,Indonesia,Female,Pare,Digitube,84203.13,IDR
Karen,Moreno,kmoreno4l@go.com,Czech Republic,Female,Březová nad Svitavou,Quamba,39102.28,CZK
Denise,Hanson,dhanson4m@mapquest.com,Mozambique,Female,Pemba,Realbridge,55500.06,MZN
Maria,Mason,mmason4n@webmd.com,Indonesia,Female,Kaduranca,Browsedrive,35663.34,IDR
Howard,Price,hprice4o@wp.com,China,Male,Shicheng,Photofeed,93698.00,CNY
Rose,Stevens,rstevens4p@arstechnica.com,Czech Republic,Female,Chrást,Kwinu,27494.31,CZK
Gregory,Thomas,gthomas4q@bloomberg.com,Syria,Male,Al Qaryatayn,Dabjam,,SYP
Stephanie,Carter,scarter4r@redcross.org,Portugal,Female,Casal Novo,Babbleopia,72615.37,EUR
Louis,Stevens,lstevens4s@cloudflare.com,Poland,Male,Słupno,Camido,24547.31,PLN
Melissa,Daniels,mdaniels4t@si.edu,Malaysia,Female,Kangar,Feedfire,,MYR
Ryan,Stone,rstone4u@unc.edu,Namibia,Male,Ongandjera,Zoombeat,60347.25,NAD
Daniel,Lopez,dlopez4v@reddit.com,Portugal,Male,Abade de Neiva,Oyoba,83015.35,EUR
Rebecca,Collins,rcollins4w@fda.gov,Indonesia,Female,Ngeni,Flipopia,12608.89,IDR
Joseph,Cruz,jcruz4x@ucsd.edu,China,Male,Suizhou,Janyx,,CNY
Frank,Weaver,fweaver4y@uol.com.br,Indonesia,Male,Pasirlaja,Eare,64363.01,IDR
Andrea,Washington,awashington4z@ocn.ne.jp,United States,Female,Bakersfield,Roombo,,USD
Arthur,White,awhite50@dmoz.org,Palestinian Territory,Male,Kafr al Labad,Skibox,10041.00,ILS
Betty,Gonzales,bgonzales51@google.fr,Brazil,Female,Cambé,Quamba,1754.38,BRL
Patricia,Ortiz,portiz52@telegraph.co.uk,Japan,Female,Yao,Dynabox,55295.92,JPY
Susan,Rogers,srogers53@shutterfly.com,Serbia,Female,Koceljeva,Dabvine,64603.21,RSD
Judy,Bryant,jbryant54@bigcartel.com,Pakistan,Female,Topi,Yoveo,97985.88,PKR
Charles,Wright,cwright55@blogs.com,Brazil,Male,Parobé,Browsetype,2842.43,BRL
Mildred,White,mwhite56@unicef.org,Argentina,Female,Vera,Ozu,38208.69,ARS
Louis,Lewis,llewis57@wikispaces.com,Czech Republic,Male,Potštát,Divanoodle,17675.24,CZK
Lois,Young,lyoung58@webmd.com,China,Female,Dapeng,Voonder,10861.88,CNY
Shawn,Garrett,sgarrett59@mapy.cz,Brazil,Male,Alagoinhas,Ooba,22449.04,BRL
Robert,Hanson,rhanson5a@princeton.edu,Brazil,Male,Valença,Flashspan,,BRL
Annie,Matthews,amatthews5b@kickstarter.com,China,Female,Chengnan,InnoZ,74532.46,CNY
Ruth,Rodriguez,rrodriguez5c@ed.gov,Indonesia,Female,Ciroyom,Wikido,83257.40,IDR
Phyllis,Stephens,pstephens5d@posterous.com,Zambia,Female,Isoka,Livefish,80084.69,ZMW
Dennis,Riley,driley5e@purevolume.com,Canada,Male,Willowdale,Devbug,45777.37,CAD
Christine,Bryant,cbryant5f@hp.com,Indonesia,Female,Krajan Gajahmati,Tagchat,1781.68,IDR
Philip,Garza,pgarza5g@cloudflare.com,China,Male,Cishan,Yoveo,98117.20,CNY
Margaret,Sanders,msanders5h@google.nl,Indonesia,Female,Keroak,Dabvine,56002.05,IDR
David,Carr,dcarr5i@prnewswire.com,China,Male,Jiulong,Blogspan,30985.49,CNY
Keith,Robinson,krobinson5j@a8.net,Macedonia,Male,Kumanovo,Kaymbo,6235.31,MKD
Terry,Butler,tbutler5k@ca.gov,San Marino,Male,Serravalle,Tagchat,14384.40,EUR
Carol,Bishop,cbishop5l@home.pl,Argentina,Female,Embalse,Jaxspan,34770.06,ARS
Timothy,Elliott,telliott5m@mtv.com,Japan,Male,Iyo,Voolith,39055.05,JPY
Joe,Perry,jperry5n@opensource.org,Russia,Male,Nikolo-Pavlovskoye,Cogilith,43308.24,RUB
Carolyn,Garrett,cgarrett5o@canalblog.com,Argentina,Female,Jardín América,Dablist,98855.69,ARS
Amy,Kelley,akelley5p@geocities.com,China,Female,Lianshan,Geba,42566.72,CNY
Jane,Howell,jhowell5q@wufoo.com,Syria,Female,Jāsim,Twitterbeat,20426.55,SYP
Antonio,Austin,aaustin5r@tinyurl.com,China,Male,Qixing,Yamia,22654.07,CNY
Bobby,Watkins,bwatkins5s@list-manage.com,Bangladesh,Male,Bhairab Bāzār,Rhyloo,47885.86,BDT
Peter,Fuller,pfuller5t@arizona.edu,Russia,Male,Russkaya Polyana,Skidoo,47076.19,RUB
Alice,Sims,asims5u@friendfeed.com,Russia,Female,Vysotskoye,Yambee,,RUB
Raymond,Palmer,rpalmer5v@thetimes.co.uk,China,Male,Jincheng,Buzzshare,14461.40,CNY
Bruce,Wallace,bwallace5w@tinyurl.com,Bolivia,Male,Paurito,Blogpad,17167.14,BOB
Frances,Cunningham,fcunningham5x@census.gov,Philippines,Female,Mapalad,Chatterpoint,,PHP
Nancy,Schmidt,nschmidt5y@printfriendly.com,Maldives,Female,Muli,Edgeify,,MVR
Mark,Fields,mfields5z@apache.org,Portugal,Male,Figueira,Devify,27157.89,EUR
Ashley,Arnold,aarnold60@eventbrite.com,Portugal,Female,São Martinho do Campo,Yabox,82363.92,EUR
Nancy,Armstrong,narmstrong61@artisteer.com,China,Female,Panxi,Ainyx,84972.74,CNY
Shirley,Pierce,spierce62@delicious.com,Madagascar,Female,Moramanga,Viva,76226.02,MGA
Thomas,Cooper,tcooper63@ow.ly,Poland,Male,Świętajno,Skyba,11611.40,PLN
Howard,Cook,hcook64@dmoz.org,Syria,Male,Tadmur,Eabox,63207.14,SYP
Ernest,Daniels,edaniels65@telegraph.co.uk,Armenia,Male,Kamaris,Quire,,AMD
Todd,Jackson,tjackson66@photobucket.com,Indonesia,Male,Pawitan,Dynazzy,33169.12,IDR
Louise,Olson,lolson67@ucoz.ru,Sudan,Female,Kutum,Jaloo,93896.81,SDG
Cheryl,Thomas,cthomas68@cam.ac.uk,China,Female,Lingqian,Lazz,62903.63,CNY
Louise,Stanley,lstanley69@desdev.cn,Indonesia,Female,Cireundang,Photobean,83377.30,IDR
Cheryl,Holmes,cholmes6a@hc360.com,Indonesia,Female,Krajan,Voomm,14400.31,IDR
Teresa,Russell,trussell6b@economist.com,Sweden,Female,Stockholm,Skinder,87734.79,SEK
Christina,Elliott,celliott6c@pinterest.com,Brazil,Female,Feira de Santana,Kwilith,,BRL
Lois,Wheeler,lwheeler6d@exblog.jp,Sweden,Female,Halmstad,Ozu,69629.20,SEK
Lawrence,Hudson,lhudson6e@clickbank.net,Argentina,Male,San Antonio Oeste,Divanoodle,35201.31,ARS
Timothy,Diaz,tdiaz6f@squarespace.com,Tanzania,Male,Mlalo,Buzzster,75299.40,TZS
Ann,Henderson,ahenderson6g@canalblog.com,Greece,Female,Tílisos,Skimia,74444.00,EUR
Philip,Hawkins,phawkins6h@google.com,Russia,Male,Frolovo,Photobean,,RUB
Shirley,Rogers,srogers6i@nih.gov,Uganda,Female,Wakiso,Oozz,8268.09,UGX
Nicholas,Scott,nscott6j@home.pl,China,Male,Hepingjie,Voomm,88951.87,CNY
Edward,Frazier,efrazier6k@independent.co.uk,Thailand,Male,Non Sung,Buzzbean,13892.49,THB
Mildred,Hayes,mhayes6l@wired.com,Peru,Female,Sucre,Mycat,12576.40,PEN
Irene,Wagner,iwagner6m@barnesandnoble.com,Morocco,Female,Tétouan,Oba,47186.33,MAD
Aaron,Simpson,asimpson6n@comsenz.com,China,Male,Jingzhuang,Jaxworks,86836.11,CNY
Beverly,Dunn,bdunn6o@tripod.com,Czech Republic,Female,Chyšky,Roodel,40969.60,CZK
Rebecca,Knight,rknight6p@blogs.com,Sweden,Female,Norrköping,Voonte,23159.43,SEK
Julie,Carr,jcarr6q@ucoz.ru,Vietnam,Female,Ngô Đồng,Twinder,22967.69,VND
Douglas,Carr,dcarr6r@howstuffworks.com,United States,Male,Jacksonville,Twinte,70033.70,USD
Carlos,Taylor,ctaylor6s@dailymail.co.uk,Indonesia,Male,Bebedahan,Trunyx,17135.16,IDR
Juan,Simpson,jsimpson6t@columbia.edu,Japan,Male,Matsutō,Flashset,18216.97,JPY
Michael,Morrison,mmorrison6u@blogtalkradio.com,China,Male,Shetangpo,Wikivu,15454.46,CNY
Joan,Austin,jaustin6v@plala.or.jp,China,Female,Huangcun,Skidoo,80227.65,CNY
Joseph,Jenkins,jjenkins6w@delicious.com,Philippines,Male,Valencia,Tanoodle,79560.33,PHP
Anthony,Griffin,agriffin6x@unesco.org,China,Male,Taiping,Demizz,11551.69,CNY
Beverly,Nelson,bnelson6y@usatoday.com,Thailand,Female,Bang Mun Nak,Rhybox,32795.05,THB
Steven,Stevens,sstevens6z@home.pl,Peru,Male,Quinuabamba,JumpXS,18236.00,PEN
Adam,Patterson,apatterson70@cbsnews.com,Brazil,Male,Esperança,Wikizz,,BRL
Debra,Jenkins,djenkins71@paypal.com,Poland,Female,Pszczyna,Voonte,74255.49,PLN
Kathryn,Freeman,kfreeman72@cafepress.com,Greece,Female,Chavárion,Edgewire,53120.64,EUR
Judy,Hunt,jhunt73@wunderground.com,Japan,Female,Sendai,Gigabox,,JPY
Pamela,Jacobs,pjacobs74@apple.com,Uruguay,Female,San José de Mayo,Brainlounge,80663.21,UYU
Joseph,Russell,jrussell75@infoseek.co.jp,South Africa,Male,Potchefstroom,Kamba,37584.18,ZAR
Robin,Jordan,rjordan76@cbslocal.com,Philippines,Female,Parang,Gevee,13665.04,PHP
Sara,Dean,sdean77@cdc.gov,Portugal,Female,Sines,Realfire,97886.89,EUR
Bobby,Alexander,balexander78@istockphoto.com,Philippines,Male,Nuing,Twinder,7262.58,PHP
Steven,Hunter,shunter79@craigslist.org,South Africa,Male,Willowmore,Blogtags,70231.40,ZAR
Melissa,Cruz,mcruz7a@moonfruit.com,Iran,Female,Shahrīār,Lazzy,3390.66,IRR
Jason,Peters,jpeters7b@wikipedia.org,China,Male,Fengchan,Snaptags,43858.20,CNY
Jimmy,Burton,jburton7c@gizmodo.com,Colombia,Male,Samacá,Brainlounge,21744.74,COP
Jennifer,Cunningham,jcunningham7d@bluehost.com,Russia,Female,Kholbon,Aimbo,95088.48,RUB
Jerry,Willis,jwillis7e@networkadvertising.org,China,Male,Majiadu,Wordware,33736.02,CNY
Andrew,Kelley,akelley7f@t.co,China,Male,Sa’erhusong,Meemm,6763.23,CNY
Andrea,George,ageorge7g@walmart.com,Poland,Female,Wojciechów,Thoughtstorm,66376.29,PLN
Robert,Price,rprice7h@qq.com,Germany,Male,Berlin,Aivee,16756.89,EUR
Jean,Fernandez,jfernandez7i@istockphoto.com,Brazil,Female,Nova Odessa,Blogspan,18277.41,BRL
Lisa,Cunningham,lcunningham7j@clickbank.net,Philippines,Female,Botao,Vipe,12680.15,PHP
Margaret,Roberts,mroberts7k@timesonline.co.uk,Sweden,Female,Stockholm,Voomm,80512.83,SEK
Scott,Wheeler,swheeler7l@netscape.com,United States,Male,Los Angeles,Skinte,39574.62,USD
Marie,Carroll,mcarroll7m@mit.edu,Netherlands,Female,Leeuwarden,Aimbu,54331.87,EUR
Lawrence,Thomas,lthomas7n@sun.com,China,Male,Chengguan,Pixonyx,82951.19,CNY
Judy,Brooks,jbrooks7o@constantcontact.com,Indonesia,Female,Mriyunan,Rhycero,298.52,IDR
Larry,Armstrong,larmstrong7p@thetimes.co.uk,Russia,Male,Rodniki,Jaxworks,61678.22,RUB
Marilyn,Ramirez,mramirez7q@bloglines.com,China,Female,Dongdajie,Realbridge,8827.99,CNY
Philip,Morrison,pmorrison7r@ucsd.edu,China,Male,Runsonglaozhai,Trupe,2847.49,CNY
Patricia,Allen,pallen7s@washington.edu,United States,Female,Oklahoma City,Thoughtbeat,18791.48,USD
Jeremy,Bryant,jbryant7t@discovery.com,Palestinian Territory,Male,Arţās,Lajo,33463.19,ILS
Christopher,Burns,cburns7u@engadget.com,France,Male,Rennes,Kimia,99136.37,EUR
Patrick,Gilbert,pgilbert7v@oakley.com,Sweden,Male,Strängnäs,Youspan,,SEK
Margaret,Weaver,mweaver7w@hostgator.com,Sweden,Female,Vimmerby,Tagfeed,70616.67,SEK
Bobby,Ford,bford7x@tuttocitta.it,Philippines,Male,Unidos,Ailane,83211.19,PHP
Alan,Crawford,acrawford7y@feedburner.com,Argentina,Male,Pocito,Thoughtsphere,72576.44,ARS
Roy,Anderson,randerson7z@techcrunch.com,Finland,Male,Tuupovaara,Gigazoom,18347.82,EUR
Mark,Howell,mhowell80@deviantart.com,Austria,Male,Altenberg bei Linz,Blognation,22201.91,EUR
Mildred,Ford,mford81@omniture.com,France,Female,La Rochelle,Kaymbo,18171.09,EUR
Stephen,Adams,sadams82@ow.ly,Cuba,Male,Encrucijada,Topicshots,47461.33,CUP
Peter,Alexander,palexander83@intel.com,Poland,Male,Chełmiec,Lajo,56890.19,PLN
Dennis,Holmes,dholmes84@jimdo.com,Micronesia,Male,Elato,Trunyx,39396.15,USD
Nicole,Austin,naustin85@comsenz.com,Gambia,Female,Abuko,Jabbersphere,81207.26,GMD
Angela,Bryant,abryant86@myspace.com,Philippines,Female,Toledo,Eare,50666.07,PHP
Jose,Alexander,jalexander87@virginia.edu,Chad,Male,Goz Béïda,Demivee,35613.12,XAF
Jason,Powell,jpowell88@wordpress.com,Japan,Male,Gojō,Divanoodle,87803.32,JPY
Eugene,Moreno,emoreno89@google.ru,China,Male,Yunhe,Kaymbo,24643.98,CNY
Margaret,Campbell,mcampbell8a@example.com,Philippines,Female,President Roxas,Fanoodle,23141.83,PHP
Raymond,Austin,raustin8b@walmart.com,Belarus,Male,Dzyarzhynsk,Ntags,43458.89,BYR
Fred,Thompson,fthompson8c@wikispaces.com,China,Male,Sidaohezi,Omba,44756.86,CNY
Kathy,Coleman,kcoleman8d@dot.gov,China,Female,Wuguishan,Brainlounge,3775.65,CNY
Diane,Adams,dadams8e@ihg.com,Belarus,Female,Kirawsk,Katz,89670.83,BYR
Brian,Stanley,bstanley8f@over-blog.com,France,Male,Nogent-sur-Marne,Edgepulse,46752.65,EUR
Annie,Burke,aburke8g@marriott.com,China,Female,Shuangpu,Fivespan,,CNY
Sharon,Harvey,sharvey8h@globo.com,Albania,Female,Fushëkuqe,Viva,10856.17,ALL
Stephen,Turner,sturner8i@tmall.com,China,Male,Xiaowuzhan,Geba,37461.99,CNY
Joshua,Harvey,jharvey8j@google.pl,Russia,Male,Furmanov,Jabberstorm,96749.65,RUB
Evelyn,Montgomery,emontgomery8k@trellian.com,Poland,Female,Belsk Duży,DabZ,68272.80,PLN
Timothy,Carter,tcarter8l@slideshare.net,Sweden,Male,Enskededalen,Yabox,14623.44,SEK
Jessica,Rodriguez,jrodriguez8m@blogger.com,Sudan,Female,Al Masallamiyya,Gabspot,26991.58,SDG
Beverly,Knight,bknight8n@amazon.co.jp,Philippines,Female,San Isidro,Miboo,87974.35,PHP
Clarence,Crawford,ccrawford8o@sina.com.cn,China,Male,Akebielidou,Wordify,53604.95,CNY
Stephen,Gonzalez,sgonzalez8p@sohu.com,Philippines,Male,Sebu,Wordtune,,PHP
Clarence,Barnes,cbarnes8q@vinaora.com,Indonesia,Male,Karoya,Latz,30136.45,IDR
Alan,Allen,aallen8r@tinyurl.com,Thailand,Male,Bang Kruai,Meevee,58403.93,THB
Irene,Carr,icarr8s@virginia.edu,China,Female,Heshan,Yodo,17100.76,CNY
Pamela,Cooper,pcooper8t@sogou.com,China,Female,Dongshentou,Rhyzio,87915.92,CNY
Antonio,Andrews,aandrews8u@ifeng.com,Guatemala,Male,San Lorenzo,Thoughtstorm,8304.76,GTQ
Benjamin,Dunn,bdunn8v@cocolog-nifty.com,Serbia,Male,Lukićevo,Realcube,3873.74,RSD
Jonathan,Oliver,joliver8w@wunderground.com,Japan,Male,Ōnojō,Mynte,440.53,JPY
Deborah,Jacobs,djacobs8x@weibo.com,Indonesia,Female,Salinggara,Yombu,96059.88,IDR
Joshua,Alexander,jalexander8y@newsvine.com,China,Male,Qianjin,Chatterbridge,46063.80,CNY
Peter,Allen,pallen8z@live.com,Kyrgyzstan,Male,Kaindy,Roomm,8086.22,KGS
Phyllis,Holmes,pholmes90@ted.com,China,Female,Wangmeng,Talane,20629.84,CNY
Frances,Simpson,fsimpson91@dot.gov,Indonesia,Female,Pulopaya,Dynazzy,8396.10,IDR
Emily,Jenkins,ejenkins92@nbcnews.com,Thailand,Female,Phra Pradaeng,Wordpedia,87221.55,THB
Gary,Cox,gcox93@cnn.com,Serbia,Male,Valjevo,Jetpulse,60877.90,RSD
Douglas,Mason,dmason94@gizmodo.com,China,Male,Changhao,Aibox,64526.59,CNY
Kathy,Hernandez,khernandez95@eventbrite.com,China,Female,Dongping,Realblab,58476.16,CNY
Helen,Stone,hstone96@boston.com,Russia,Female,Rzhev,Buzzshare,30012.45,RUB
Theresa,Wagner,twagner97@state.gov,Germany,Female,Freiburg im Breisgau,Twinder,77600.17,EUR
James,Woods,jwoods98@biglobe.ne.jp,China,Male,Zhuxi Chengguanzhen,Kamba,7969.44,CNY
Teresa,Arnold,tarnold99@4shared.com,Vietnam,Female,Tam Kỳ,Rhynyx,16592.89,VND
Patrick,Palmer,ppalmer9a@fema.gov,Indonesia,Male,Kamal,Roombo,48953.73,IDR
Joe,Rose,jrose9b@merriam-webster.com,United States,Male,Los Angeles,Youopia,41854.54,USD
Virginia,Green,vgreen9c@alexa.com,Sweden,Female,Borås,Topiczoom,2254.41,SEK
Adam,Armstrong,aarmstrong9d@wiley.com,Czech Republic,Male,Rybí,JumpXS,65590.34,CZK
Earl,Garza,egarza9e@oakley.com,Canada,Male,Boucherville,Quire,,CAD
Johnny,Hart,jhart9f@sourceforge.net,China,Male,Lizhai,Yadel,76191.36,CNY
Anthony,Nichols,anichols9g@yale.edu,China,Male,Nandong,Leenti,97001.35,CNY
Rebecca,Gonzalez,rgonzalez9h@issuu.com,Indonesia,Female,Singgugu,Rhycero,26062.04,IDR
Charles,Wells,cwells9i@phpbb.com,Poland,Male,Bełżec,Eazzy,98160.30,PLN
Bobby,Johnson,bjohnson9j@ifeng.com,Indonesia,Male,Liliba,Skyndu,,IDR
Billy,Peterson,bpeterson9k@barnesandnoble.com,Poland,Male,Kluczbork,Oozz,39725.25,PLN
Sean,Morgan,smorgan9l@washington.edu,China,Male,Liutan,Edgeclub,82858.82,CNY
Paul,Lopez,plopez9m@naver.com,Mauritius,Male,Saint Hubert,Voonix,45822.98,MUR
Rebecca,Snyder,rsnyder9n@microsoft.com,Colombia,Female,Dibulla,Riffpedia,36731.52,COP
Judy,Henderson,jhenderson9o@furl.net,China,Female,Shangchewan,Twitterbridge,19776.86,CNY
Roy,Patterson,rpatterson9p@goo.ne.jp,Pakistan,Male,Jāmpur,Yakidoo,12725.00,PKR
Heather,Watkins,hwatkins9q@imgur.com,France,Female,Roissy Charles-de-Gaulle,Jabberstorm,91172.08,EUR
Wayne,Flores,wflores9r@newsvine.com,Guatemala,Male,Taxisco,Jabberbean,21730.84,GTQ
Kimberly,Sanders,ksanders9s@engadget.com,Portugal,Female,Paço,Thoughtstorm,29187.79,EUR
Raymond,Bowman,rbowman9t@eventbrite.com,Thailand,Male,Noen Maprang,Dabtype,35546.94,THB
Ashley,Mendoza,amendoza9u@ovh.net,China,Female,Maomiaoji,Rhyzio,32236.65,CNY
Benjamin,Walker,bwalker9v@drupal.org,France,Male,Vesoul,Feednation,73190.74,EUR
Ruth,Adams,radams9w@wsj.com,Pakistan,Female,Miān Channūn,Livetube,55608.38,PKR
Christine,Bishop,cbishop9x@va.gov,Democratic Republic of the Congo,Female,Lodja,Meemm,17796.09,CDF
Carl,Howell,chowell9y@usnews.com,Serbia,Male,Debeljača,Yata,,RSD
Rebecca,Hicks,rhicks9z@storify.com,Kazakhstan,Female,Kentau,Eidel,35052.80,KZT
Sharon,Smith,ssmitha0@devhub.com,Kuwait,Female,Ar Rumaythīyah,Tanoodle,39648.16,KWD
Doris,Welch,dwelcha1@list-manage.com,Philippines,Female,Minuyan,Photolist,22231.42,PHP
Rachel,Webb,rwebba2@netvibes.com,China,Female,Chuantang,Jaloo,,CNY
Ralph,Hicks,rhicksa3@google.pl,Russia,Male,Vatutino,Wikizz,832.53,RUB
Judy,Perkins,jperkinsa4@comcast.net,Ethiopia,Female,Metu,Ntag,23026.34,ETB
Terry,Vasquez,tvasqueza5@amazon.co.uk,Czech Republic,Male,Rtyně v Podkrkonoší,Snaptags,98356.74,CZK
Helen,Morgan,hmorgana6@sbwire.com,Indonesia,Female,Bunutan,Photospace,,IDR
Jane,Morris,jmorrisa7@blog.com,Honduras,Female,Salamá,Trilia,73784.02,HNL
Emily,Ruiz,eruiza8@hp.com,Nepal,Female,Dailekh,Zoozzy,11382.77,NPR
Randy,Alexander,ralexandera9@odnoklassniki.ru,Nigeria,Male,Ipoti,Wordify,45315.30,NGN
Tina,Gordon,tgordonaa@mail.ru,Russia,Female,Lugovskoy,BlogXS,57589.70,RUB
Martha,Reyes,mreyesab@hao123.com,Bhutan,Female,Tsimasham,Mynte,3602.06,BTN
Amanda,Moore,amooreac@unblog.fr,Indonesia,Female,Sumberbening,Eayo,85573.79,IDR
Andrew,Reid,areidad@cdbaby.com,Chad,Male,Massaguet,Voomm,10962.75,XAF
Norma,Gray,ngrayae@naver.com,Colombia,Female,Girón,Layo,36688.59,COP
Nancy,Morales,nmoralesaf@devhub.com,China,Female,Luoluopu,Jaxspan,78077.72,CNY
Donna,Price,dpriceag@who.int,China,Female,Haiyanmiao,Edgetag,55029.19,CNY
Paul,Fuller,pfullerah@deliciousdays.com,Bangladesh,Male,Sarishābāri,Thoughtmix,62532.96,BDT
Earl,Griffin,egriffinai@arizona.edu,Russia,Male,Staroyur’yevo,Zava,93025.92,RUB
Steve,Perry,sperryaj@instagram.com,Russia,Male,Puksoozero,Quire,35865.92,RUB
Ronald,Parker,rparkerak@europa.eu,Indonesia,Male,Golopau,Voonix,13706.43,IDR
Ann,Powell,apowellal@facebook.com,Bosnia and Herzegovina,Female,Karadaglije,Blogtag,75488.42,BAM
Eric,Evans,eevansam@dailymotion.com,Lithuania,Male,Seda,Janyx,61195.50,LTL
Scott,Moreno,smorenoan@amazonaws.com,Russia,Male,Spas-Klepiki,Wikivu,8691.49,RUB
Gregory,Frazier,gfrazierao@ning.com,China,Male,Qiaozi,Fivespan,69281.52,CNY
Lillian,Adams,ladamsap@prlog.org,Russia,Female,Rayevskaya,Rhyloo,,RUB
Lois,Greene,lgreeneaq@jugem.jp,Poland,Female,Jeziorany,Muxo,72806.35,PLN
Michael,Bennett,mbennettar@cafepress.com,Japan,Male,Ōdate,Skipstorm,47646.12,JPY
Virginia,Ryan,vryanas@webeden.co.uk,South Sudan,Female,Leer,Eazzy,55645.87,SSP
Wanda,Bowman,wbowmanat@google.fr,Poland,Female,Gwoźnica Górna,Photolist,,PLN
Julie,Carroll,jcarrollau@eepurl.com,Bangladesh,Female,Comilla,Voomm,45750.59,BDT
Nancy,Edwards,nedwardsav@histats.com,France,Female,Bayeux,Photobug,81943.69,EUR
Dorothy,Gonzalez,dgonzalezaw@pbs.org,Pakistan,Female,Bhāi Pheru,Wikibox,2103.64,PKR
Doris,Carroll,dcarrollax@ycombinator.com,Philippines,Female,Masiga,Avamba,64806.28,PHP
Anna,Foster,afosteray@samsung.com,France,Female,Béziers,Aimbo,49110.61,EUR
Harold,Lee,hleeaz@github.io,Russia,Male,Diveyevo,Quimba,28216.01,RUB
Annie,Porter,aporterb0@springer.com,Japan,Female,Kakogawachō-honmachi,Devify,59881.69,JPY
Chris,Vasquez,cvasquezb1@csmonitor.com,Canada,Male,Midland,Voomm,56198.82,CAD
Alice,Bennett,abennettb2@ted.com,Portugal,Female,Gião,Tagopia,90643.84,EUR
Martin,Henderson,mhendersonb3@tumblr.com,Russia,Male,Sestroretsk,Buzzbean,23482.81,RUB
Nancy,Scott,nscottb4@xrea.com,Norway,Female,Oslo,Jazzy,24085.79,NOK
Louise,Brooks,lbrooksb5@wikispaces.com,China,Female,Hongshan,Jaxnation,53981.54,CNY
Ruby,Payne,rpayneb6@wix.com,Haiti,Female,Ouanaminthe,Eayo,73916.00,HTG
Anna,Duncan,aduncanb7@histats.com,Japan,Female,Iwai,Browsebug,24711.77,JPY
Brenda,Howell,bhowellb8@tiny.cc,Latvia,Female,Vecumnieki,Photojam,12639.37,EUR
Anna,Fields,afieldsb9@deviantart.com,Czech Republic,Female,Ledenice,Meezzy,61922.94,CZK
Phyllis,Long,plongba@pcworld.com,Bulgaria,Female,Yakimovo,Voomm,32079.05,BGN
Matthew,Nguyen,mnguyenbb@cbc.ca,Senegal,Male,Polel Diaoubé,Mymm,14189.55,XOF
Earl,Gardner,egardnerbc@usa.gov,Czech Republic,Male,Moutnice,Mymm,10978.04,CZK
Donald,Reyes,dreyesbd@cmu.edu,Philippines,Male,Candelaria,Kazu,,PHP
Frances,Mcdonald,fmcdonaldbe@ameblo.jp,Russia,Female,Suzdal’,Lazzy,64656.00,RUB
Christine,Stone,cstonebf@chicagotribune.com,Czech Republic,Female,Březová nad Svitavou,Flashpoint,,CZK
Rachel,Gilbert,rgilbertbg@php.net,China,Female,Gongxi,Skippad,64399.10,CNY
Lillian,Taylor,ltaylorbh@si.edu,Spain,Female,"Coruña, A",Flashspan,63943.34,EUR
Aaron,Dunn,adunnbi@yahoo.co.jp,Philippines,Male,Daguma,Yabox,36743.27,PHP
Michelle,Fernandez,mfernandezbj@exblog.jp,Russia,Female,Ventsy,BlogXS,29149.94,RUB
Howard,Hughes,hhughesbk@themeforest.net,Indonesia,Male,Citundun,Rhybox,20001.46,IDR
Andrew,Meyer,ameyerbl@godaddy.com,Canada,Male,Minnedosa,Mynte,85819.45,CAD
Raymond,Mccoy,rmccoybm@businesswire.com,Thailand,Male,Yala,Mudo,,THB
Stephanie,Turner,sturnerbn@time.com,Colombia,Female,Dos Quebradas,Aivee,65038.95,COP
Judy,Mcdonald,jmcdonaldbo@slashdot.org,Poland,Female,Sulbiny Górne,Wordify,,PLN
Kathryn,Nguyen,knguyenbp@vkontakte.ru,Russia,Female,Oster,Yabox,93895.16,RUB
Michelle,Smith,msmithbq@princeton.edu,China,Female,Shanyang,Kazu,10312.32,CNY
Craig,Mills,cmillsbr@seesaa.net,China,Male,Yulin,Devshare,92175.81,CNY
Emily,Johnston,ejohnstonbs@pcworld.com,Russia,Female,Berëzovyy,Brainbox,72057.16,RUB
Stephen,Johnston,sjohnstonbt@skyrock.com,Estonia,Male,Narva,Kaymbo,82443.72,EUR
Antonio,Wells,awellsbu@whitehouse.gov,Tunisia,Male,El Fahs,Brightbean,,TND
Anna,Cole,acolebv@plala.or.jp,Japan,Female,Okegawa,Cogibox,45730.13,JPY
Margaret,Lewis,mlewisbw@etsy.com,China,Female,Xieji,Zoomdog,93259.89,CNY
Sean,Garza,sgarzabx@naver.com,Panama,Male,Guararé,JumpXS,86577.12,PAB
Carol,Rice,criceby@hostgator.com,Japan,Female,Tomiya,Jaxspan,88874.22,JPY
Andrew,Burns,aburnsbz@dyndns.org,Peru,Male,Huanipaca,Meemm,14589.04,PEN
Linda,Garza,lgarzac0@omniture.com,Haiti,Female,Roche-à-Bateau,Oodoo,60213.00,HTG
John,Johnston,jjohnstonc1@tamu.edu,Indonesia,Male,Oeleon,Aibox,57162.53,IDR
Evelyn,White,ewhitec2@zdnet.com,Russia,Female,Novopokrovskaya,Tambee,7141.77,RUB
Edward,Gordon,egordonc3@zimbio.com,Russia,Male,Zamoskvorech’ye,Fadeo,61309.29,RUB
Daniel,Watson,dwatsonc4@intel.com,Egypt,Male,Al Fayyūm,Topicshots,95074.10,EGP
Edward,Porter,eporterc5@ebay.co.uk,Nigeria,Male,Owode,Fivechat,20042.58,NGN
Pamela,Sullivan,psullivanc6@cpanel.net,Netherlands,Female,'s-Hertogenbosch,Twiyo,24617.58,EUR
Doris,Perkins,dperkinsc7@nasa.gov,China,Female,Renhe,Dynabox,37014.02,CNY
Marie,Barnes,mbarnesc8@yale.edu,Ghana,Female,Foso,Tagtune,,GHS
Shawn,Hughes,shughesc9@themeforest.net,China,Male,Fengkou,Fivechat,,CNY
Stephanie,Edwards,sedwardsca@yahoo.com,Kyrgyzstan,Female,Ala-Buka,Twinder,18017.91,KGS
Matthew,Nguyen,mnguyencb@bluehost.com,Canada,Male,Jonquière,Oyope,73685.37,CAD
Jacqueline,James,jjamescc@smugmug.com,China,Female,Changchuan,Ntags,73641.67,CNY
Robin,Wood,rwoodcd@skyrock.com,United States,Female,Houston,Flashdog,71596.85,USD
Roy,Graham,rgrahamce@wisc.edu,China,Male,Qushi’an,Kwinu,12370.05,CNY
Mildred,Reed,mreedcf@slashdot.org,Czech Republic,Female,Albrechtice,Meetz,22911.52,CZK
Victor,Wallace,vwallacecg@youtu.be,Indonesia,Male,Gaplek,Zoomcast,84628.77,IDR
Anthony,Rogers,arogersch@earthlink.net,Denmark,Male,København,Vimbo,96414.96,DKK
Denise,Carr,dcarrci@ustream.tv,China,Female,Maoming,Trunyx,32694.20,CNY
Rose,Fernandez,rfernandezcj@noaa.gov,Colombia,Female,Hispania,Bluezoom,71221.43,COP
Ralph,Lawson,rlawsonck@slideshare.net,Guinea,Male,Labé,Flipstorm,71494.18,GNF
William,Richards,wrichardscl@unblog.fr,Peru,Male,Pilluana,Mudo,78380.34,PEN
Marilyn,Phillips,mphillipscm@amazon.co.jp,Sweden,Female,Sundsvall,Gigashots,81600.79,SEK
Andrew,Young,ayoungcn@chicagotribune.com,Russia,Male,Valuyki,Dynava,65973.36,RUB
Gerald,Armstrong,garmstrongco@admin.ch,Greece,Male,Irákleion,LiveZ,39214.56,EUR
Pamela,Dixon,pdixoncp@elegantthemes.com,Brazil,Female,Miguelópolis,Omba,26393.70,BRL
Edward,James,ejamescq@businessinsider.com,Poland,Male,Lwówek Śląski,Camimbo,13457.86,PLN
Karen,Wheeler,kwheelercr@telegraph.co.uk,China,Female,Dajing,Yozio,50375.51,CNY
William,Ramirez,wramirezcs@bloglovin.com,Brazil,Male,Ponte Nova,Yakijo,19362.92,BRL
Eric,Ellis,eellisct@comsenz.com,Brazil,Male,Pedra Branca,Meevee,65967.55,BRL
Rebecca,Freeman,rfreemancu@soundcloud.com,China,Female,Zhangjiayuan,Skinder,33659.16,CNY
George,Collins,gcollinscv@ifeng.com,China,Male,Jiangxiangzhen,Skibox,,CNY
Harold,Sanders,hsanderscw@oakley.com,South Africa,Male,Victoria West,Demizz,95709.24,ZAR
Patricia,Turner,pturnercx@yellowbook.com,India,Female,Sadar Bazar,Janyx,73925.05,INR
Joe,King,jkingcy@whitehouse.gov,China,Male,Yangjiang,Flipbug,73484.01,CNY
Charles,Patterson,cpattersoncz@google.ru,Peru,Male,Huaranchal,Skivee,7035.84,PEN
Carolyn,Hernandez,chernandezd0@youku.com,Norway,Female,Mo I Rana,Realmix,38759.25,NOK
Thomas,Robertson,trobertsond1@wikimedia.org,Yemen,Male,Al Ḩarajah,Jabbertype,55252.07,YER
Harold,Nguyen,hnguyend2@hc360.com,Russia,Male,Ivanovskoye,Blogpad,28810.69,RUB
Ronald,West,rwestd3@webmd.com,Philippines,Male,Isulan,Kwinu,60008.00,PHP
Todd,Hunter,thunterd4@163.com,Philippines,Male,Bacnotan,Feedmix,74971.17,PHP
Angela,Webb,awebbd5@exblog.jp,Indonesia,Female,Kimakamak,Yodel,26785.61,IDR
Dorothy,Ramos,dramosd6@geocities.jp,Indonesia,Female,Pelabuhanratu,Mynte,34281.14,IDR
Barbara,Smith,bsmithd7@dailymotion.com,Japan,Female,Aioi,Jayo,,JPY
Cynthia,King,ckingd8@weibo.com,Mexico,Female,Solidaridad,Katz,68653.02,MXN
Eric,Jones,ejonesd9@simplemachines.org,China,Male,Baolin,Eire,83945.18,CNY
Rebecca,Wallace,rwallaceda@mlb.com,Greece,Female,Yimnón,Dablist,97492.93,EUR
Larry,Lane,llanedb@wikipedia.org,Indonesia,Male,Cidadap,Twinder,83327.21,IDR
Stephanie,Wagner,swagnerdc@macromedia.com,Indonesia,Female,Saripin,Edgewire,19325.87,IDR
Louis,Andrews,landrewsdd@eventbrite.com,Canada,Male,Skatepark,Gigazoom,12229.08,CAD
Jerry,Franklin,jfranklinde@bloglovin.com,Indonesia,Male,Tlogosadang,Wordify,43959.06,IDR
Billy,Freeman,bfreemandf@cmu.edu,Guatemala,Male,Santa Bárbara,Jaxspan,62538.03,GTQ
Robin,Henderson,rhendersondg@sfgate.com,Indonesia,Female,Gresik,Meedoo,17275.41,IDR
Todd,Coleman,tcolemandh@discuz.net,United States,Male,Oklahoma City,Pixonyx,17998.87,USD
Steven,Kim,skimdi@i2i.jp,Netherlands,Male,Amsterdam Westpoort,Zazio,28142.35,EUR
Larry,Graham,lgrahamdj@mapy.cz,China,Male,Jiang’an,Divavu,60775.73,CNY
Ernest,Garrett,egarrettdk@surveymonkey.com,Palestinian Territory,Male,Gaza,InnoZ,69316.33,ILS
Joe,Jordan,jjordandl@dropbox.com,China,Male,Shima,Yodo,60468.22,CNY
Todd,Nguyen,tnguyendm@patch.com,Macedonia,Male,Makedonski Brod,Dynabox,,MKD
Dorothy,Gray,dgraydn@ocn.ne.jp,Iran,Female,Eslāmābād,Jabbersphere,41704.29,IRR
Christopher,Tucker,ctuckerdo@cnn.com,Indonesia,Male,Sidaurip,Zoomlounge,45405.38,IDR
Kelly,Wood,kwooddp@360.cn,China,Female,Dingshan,Thoughtblab,74675.31,CNY
Theresa,Stone,tstonedq@miibeian.gov.cn,China,Female,Laiyuan,Voonyx,82522.90,CNY
Helen,Daniels,hdanielsdr@cocolog-nifty.com,Russia,Female,Yessentuki,Gabcube,,RUB
Billy,Jacobs,bjacobsds@free.fr,Panama,Male,Gómez,Wikivu,84960.43,PAB
Mary,Smith,msmithdt@ucsd.edu,Zimbabwe,Female,Nyazura,Skidoo,32854.26,ZWL
Sandra,Larson,slarsondu@netvibes.com,Indonesia,Female,Ipuh,Gabspot,70204.56,IDR
Martha,Wells,mwellsdv@devhub.com,Philippines,Female,San Jose,Gevee,13072.39,PHP
Joseph,Martinez,jmartinezdw@nymag.com,Greece,Male,Nestório,Realbridge,,EUR
Anne,Reynolds,areynoldsdx@nbcnews.com,Indonesia,Female,Ciudian,Meezzy,74493.98,IDR
Walter,Gilbert,wgilbertdy@reuters.com,China,Male,Liujiage,Eabox,60905.29,CNY
Christina,Green,cgreendz@nsw.gov.au,China,Female,Jiulong,Yombu,23337.84,CNY
Gregory,Reyes,greyese0@indiatimes.com,Iran,Male,Jājarm,Jaloo,86927.77,IRR
Pamela,Gonzalez,pgonzaleze1@pcworld.com,Indonesia,Female,Pringgoboyo,Midel,86595.19,IDR
Linda,Watkins,lwatkinse2@posterous.com,Myanmar,Female,Kyaiklat,Realbridge,99043.53,MMK
Julie,Gonzalez,jgonzaleze3@apple.com,Philippines,Female,Lañgub,Fliptune,82351.55,PHP
Scott,Ford,sforde4@macromedia.com,Afghanistan,Male,Dasht-e Archī,Twitterworks,5334.05,AFN
Phillip,Cooper,pcoopere5@webs.com,China,Male,Guandian,Youopia,15593.12,CNY
Diana,Marshall,dmarshalle6@theglobeandmail.com,Portugal,Female,Quinta,Edgewire,42945.91,EUR
Keith,Collins,kcollinse7@e-recht24.de,Sweden,Male,Stockholm,Leenti,22644.68,SEK
Stephen,Harris,sharrise8@4shared.com,Croatia,Male,Vinež,Babblestorm,29939.11,HRK
Wanda,Kelly,wkellye9@wp.com,Poland,Female,Jeziora Wielkie,Jaloo,40796.67,PLN
Linda,Evans,levansea@va.gov,Sweden,Female,Haparanda,Tagtune,93432.94,SEK
Jeremy,Burton,jburtoneb@feedburner.com,Brazil,Male,Ipu,Geba,,BRL
Melissa,Rodriguez,mrodriguezec@topsy.com,Brazil,Female,Nazaré,Wikizz,72858.48,BRL
Sharon,Riley,srileyed@sohu.com,Iraq,Female,Mosul,Einti,34152.57,IQD
Jean,Ross,jrossee@jiathis.com,France,Female,Le Mans,Realblab,,EUR
Jessica,Reed,jreedef@so-net.ne.jp,Nigeria,Female,Jebba,Layo,60264.52,NGN
James,White,jwhiteeg@tinyurl.com,Cape Verde,Male,Tarrafal,Vidoo,80687.09,CVE
George,Russell,grusselleh@fda.gov,Czech Republic,Male,Domanín,Zooveo,33828.22,CZK
Howard,Lawrence,hlawrenceei@japanpost.jp,China,Male,Qingping,Oloo,67997.96,CNY
Justin,Flores,jfloresej@ox.ac.uk,Czech Republic,Male,Šumperk,Ainyx,55113.37,CZK
Joan,Hernandez,jhernandezek@msu.edu,Ukraine,Female,Kalchevaya,Einti,63291.37,UAH
Christine,Mendoza,cmendozael@seesaa.net,China,Female,Huansheng,Podcat,71231.53,CNY
Raymond,Stanley,rstanleyem@shop-pro.jp,China,Male,Shagedu,Twimm,,CNY
Martin,Knight,mknighten@addthis.com,Colombia,Male,Puerto Colombia,Bubbletube,8398.19,COP
Debra,Simmons,dsimmonseo@exblog.jp,Philippines,Female,Hernani,Plambee,52284.76,PHP
Christopher,Carter,ccarterep@altervista.org,Cyprus,Male,Pergamos,Zoomzone,51330.32,EUR
Denise,Banks,dbankseq@xing.com,Croatia,Female,Umag,Realcube,,HRK
Jean,Jordan,jjordaner@ning.com,China,Female,Yuanzhou,Gigashots,1546.32,CNY
Julia,Ramos,jramoses@ow.ly,Indonesia,Female,Daleman,Yodel,36379.58,IDR
Jessica,Brooks,jbrookset@mysql.com,Indonesia,Female,Banjar Madangan Kaja,Dabshots,90888.88,IDR
Ann,Reid,areideu@unesco.org,Argentina,Female,Pergamino,Flashpoint,24381.30,ARS
Judith,White,jwhiteev@si.edu,Chile,Female,Puente Alto,Jabbersphere,63174.43,CLP
Dennis,Burton,dburtonew@multiply.com,China,Male,Peixing,Ooba,17153.70,CNY
Kathy,Brown,kbrownex@ftc.gov,China,Female,Tongquan,Pixonyx,,CNY
Anne,Gutierrez,agutierrezey@meetup.com,Brazil,Female,Pedro Leopoldo,Linktype,48648.05,BRL
Henry,Wheeler,hwheelerez@foxnews.com,Poland,Male,Jejkowice,Ntag,79241.39,PLN
Richard,Martinez,rmartinezf0@free.fr,Estonia,Male,Maardu,Topiclounge,62623.31,EUR
Shawn,Sanchez,ssanchezf1@squarespace.com,France,Male,Sceaux,Yambee,,EUR
George,Montgomery,gmontgomeryf2@marriott.com,United States,Male,Milwaukee,Linkbuzz,93779.83,USD
Fred,Wagner,fwagnerf3@github.com,Egypt,Male,Kawm Umbū,Dabjam,20693.62,EGP
Adam,Howard,ahowardf4@blogs.com,Sweden,Male,Sandviken,Thoughtbeat,94601.37,SEK
Joshua,Mcdonald,jmcdonaldf5@reuters.com,China,Male,Xiwanzi,DabZ,93631.38,CNY
Ashley,George,ageorgef6@clickbank.net,Russia,Female,Iset’,Yakijo,,RUB
Philip,Reynolds,preynoldsf7@reverbnation.com,China,Male,Beisijiazi,Skibox,14164.31,CNY
Diana,Richards,drichardsf8@yelp.com,Canada,Female,Sherwood Park,Tazz,9710.56,CAD
Stephanie,Sanders,ssandersf9@redcross.org,Sweden,Female,Arboga,Tagfeed,38870.31,SEK
Carol,Bryant,cbryantfa@twitter.com,Poland,Female,Kuczbork-Osada,Lajo,69433.57,PLN
Lillian,Gomez,lgomezfb@house.gov,Nigeria,Female,Gajiram,Mydeo,55742.04,NGN
Billy,Thomas,bthomasfc@dropbox.com,Indonesia,Male,Karangparwa,Yodo,94714.87,IDR
Earl,Alvarez,ealvarezfd@admin.ch,China,Male,Efeng,Twitternation,19746.07,CNY
Stephanie,Parker,sparkerfe@acquirethisname.com,Thailand,Female,Lom Sak,Jazzy,56949.86,THB
Phillip,Schmidt,pschmidtff@bluehost.com,Ukraine,Male,Vorzel’,Zooveo,23649.62,UAH
Judy,Wilson,jwilsonfg@berkeley.edu,Indonesia,Female,Bangus Kulon,Gigabox,56665.62,IDR
Margaret,White,mwhitefh@phoca.cz,France,Female,Saint-Julien-en-Genevois,Viva,85572.34,EUR
Frank,Ross,frossfi@jigsy.com,Sweden,Male,Flen,Oyoloo,53903.76,SEK
Rose,Banks,rbanksfj@indiegogo.com,United States,Female,Reading,Miboo,62941.41,USD
Stephen,Grant,sgrantfk@jugem.jp,Malaysia,Male,Kota Bharu,Gigaclub,,MYR
Timothy,Cook,tcookfl@boston.com,Argentina,Male,Embalse,Quimba,43954.54,ARS
Jesse,Rice,jricefm@hatena.ne.jp,Brazil,Male,Matriz de Camaragibe,Janyx,14361.68,BRL
Carlos,Griffin,cgriffinfn@statcounter.com,Panama,Male,Las Palmas,Realmix,36486.63,PAB
Edward,Baker,ebakerfo@dagondesign.com,Japan,Male,Iwakuni,Topicstorm,47962.40,JPY
Nicholas,Tucker,ntuckerfp@forbes.com,Russia,Male,Chernigovka,Riffpath,6723.59,RUB
Katherine,Stone,kstonefq@fotki.com,China,Female,Dongyu,Edgeify,65110.61,CNY
Douglas,Bennett,dbennettfr@sohu.com,Vietnam,Male,Thị Trấn Phú Mỹ,Oodoo,,VND
Todd,Crawford,tcrawfordfs@blinklist.com,Thailand,Male,Khemarat,Shufflebeat,93277.93,THB
Kenneth,Campbell,kcampbellft@admin.ch,China,Male,Keyinhe,Kimia,6511.76,CNY
Julie,Weaver,jweaverfu@ehow.com,China,Female,Gaoxiang,DabZ,63488.38,CNY
Wanda,Thomas,wthomasfv@godaddy.com,Mexico,Female,Jose Maria Morelos,Buzzdog,30028.10,MXN
Angela,Castillo,acastillofw@technorati.com,Egypt,Female,Sharm el-Sheikh,Thoughtstorm,53704.02,EGP
Catherine,Welch,cwelchfx@businesswire.com,Vietnam,Female,Trảng Bom,Twitternation,89954.39,VND
Dorothy,Rivera,driverafy@privacy.gov.au,China,Female,Shanyang,Muxo,81638.75,CNY
Irene,Riley,irileyfz@who.int,Morocco,Female,Riah,Kwinu,66341.10,MAD
Annie,Peterson,apetersong0@issuu.com,Brazil,Female,Araucária,Feedmix,2392.98,BRL
Christopher,Mcdonald,cmcdonaldg1@sogou.com,Argentina,Male,Arrufó,Thoughtmix,21344.59,ARS
Dorothy,Carroll,dcarrollg2@aboutads.info,Argentina,Female,Rosario,Zooxo,50235.81,ARS
Tina,Bishop,tbishopg3@vkontakte.ru,Indonesia,Female,Gemuruh,Browsedrive,877.64,IDR
Bonnie,King,bkingg4@friendfeed.com,Russia,Female,Krasnokamensk,Topicware,56616.82,RUB
Margaret,Sims,msimsg5@amazon.co.uk,Finland,Female,Siikajoki,Mynte,89509.92,EUR
Steven,Garcia,sgarciag6@arstechnica.com,Denmark,Male,Frederiksberg,Linkbridge,,DKK
Jessica,Ramos,jramosg7@cnbc.com,China,Female,Longping,Fanoodle,,CNY
Cheryl,Martin,cmarting8@desdev.cn,Iran,Female,Malārd,Eimbee,68119.12,IRR
Roger,Elliott,relliottg9@scribd.com,Indonesia,Male,Bebedahan,Eimbee,13612.23,IDR
Earl,Griffin,egriffinga@smh.com.au,Luxembourg,Male,Pétange,Vipe,26375.74,EUR
Shawn,Foster,sfostergb@opera.com,China,Male,Tongqing,Thoughtsphere,47736.54,CNY
Juan,Reid,jreidgc@51.la,China,Male,Baochang,Gevee,21738.48,CNY
Barbara,Romero,bromerogd@github.io,Kenya,Female,Chepareria,Leenti,59566.76,KES
Rachel,King,rkingge@squidoo.com,El Salvador,Female,Ilopango,Zoonoodle,98535.13,USD
John,Romero,jromerogf@sphinn.com,Canada,Male,Moosomin,Zoomzone,50638.47,CAD
Kenneth,Bryant,kbryantgg@about.com,Sweden,Male,Norrköping,Eadel,26792.11,SEK
Denise,Boyd,dboydgh@ocn.ne.jp,Argentina,Female,General Lavalle,Youspan,33061.42,ARS
Sandra,Hunt,shuntgi@gmpg.org,Czech Republic,Female,Terezín,Kayveo,55453.67,CZK
Mary,Snyder,msnydergj@state.gov,Belarus,Female,Vishnyeva,Twitternation,,BYR
Richard,Gonzales,rgonzalesgk@google.de,France,Male,Limoges,Shufflester,97308.04,EUR
Margaret,Lee,mleegl@bloglovin.com,Indonesia,Female,Simpang,Fliptune,,IDR
Ernest,Cunningham,ecunninghamgm@tinyurl.com,Russia,Male,Vyborg,Browsebug,19674.85,RUB
Victor,Hawkins,vhawkinsgn@amazon.co.uk,Russia,Male,Kovdor,Twitterwire,10726.70,RUB
David,Meyer,dmeyergo@discuz.net,China,Male,Pingzhuang,Jabbersphere,22518.88,CNY
Deborah,Carpenter,dcarpentergp@google.de,Senegal,Female,Diofior,Lazz,82761.02,XOF
Julia,Garrett,jgarrettgq@163.com,China,Female,Changfa,Eire,27796.61,CNY
Russell,Fowler,rfowlergr@ehow.com,Samoa,Male,Vailoa,Rooxo,84560.49,WST
Peter,Reynolds,preynoldsgs@t-online.de,Indonesia,Male,Krajan,Kazio,1308.97,IDR
Aaron,Cox,acoxgt@nsw.gov.au,Indonesia,Male,Telgawah,Rhycero,61776.81,IDR
Richard,Fox,rfoxgu@princeton.edu,Albania,Male,Përmet,Babbleset,87224.33,ALL
Shawn,Robinson,srobinsongv@about.me,China,Male,Biguo,Oodoo,59010.94,CNY
Joseph,Lane,jlanegw@nationalgeographic.com,Bangladesh,Male,Mirzāpur,Lazz,68774.78,BDT
Laura,Russell,lrussellgx@theglobeandmail.com,China,Female,Kalaxilike,Blogtags,82602.03,CNY
Jane,Stone,jstonegy@a8.net,Peru,Female,Chinchaypujio,Riffpedia,,PEN
Randy,Alvarez,ralvarezgz@washingtonpost.com,China,Male,Fushi,Buzzster,46864.23,CNY
Kenneth,Gonzales,kgonzalesh0@instagram.com,Vietnam,Male,Thuận Nam,Jamia,,VND
Nicole,Freeman,nfreemanh1@over-blog.com,Lithuania,Female,Utena,Centidel,,LTL
Stephen,Torres,storresh2@yolasite.com,China,Male,Yihe,Gigashots,,CNY
Steve,Black,sblackh3@washington.edu,Russia,Male,Kolobovo,Skippad,53622.82,RUB
Frances,Rodriguez,frodriguezh4@google.cn,Uruguay,Female,Colonia Nicolich,Blogtags,41957.10,UYU
Christine,Edwards,cedwardsh5@dailymail.co.uk,France,Female,Châteaurenard,Twitterbeat,75590.14,EUR
Gregory,Green,ggreenh6@alibaba.com,Philippines,Male,Batasan Bata,Nlounge,1071.52,PHP
Susan,Turner,sturnerh7@hhs.gov,China,Female,Xilin,Oyoyo,26547.47,CNY
Raymond,Allen,rallenh8@ox.ac.uk,Russia,Male,Mogzon,Tagcat,63469.18,RUB
Shirley,Cole,scoleh9@goo.gl,China,Female,Zhili,Eamia,30973.31,CNY
Jennifer,Rivera,jriveraha@slideshare.net,Philippines,Female,Kauran,Plajo,63458.36,PHP
Sharon,Davis,sdavishb@goodreads.com,Ireland,Female,Foxrock,Vitz,15003.60,EUR
Jonathan,Hughes,jhugheshc@nhs.uk,China,Male,Mubo,Youfeed,33893.62,CNY
David,Myers,dmyershd@qq.com,Portugal,Male,Várzea de Sintra,Flipstorm,22382.84,EUR
Walter,Jones,wjoneshe@usa.gov,Thailand,Male,Kaset Wisai,Blognation,6294.39,THB
Craig,Myers,cmyershf@answers.com,China,Male,Shimen,Tambee,67904.55,CNY
Deborah,Martin,dmartinhg@sohu.com,Philippines,Female,Natonin,Meevee,37464.56,PHP
Nicole,Harrison,nharrisonhh@netscape.com,Portugal,Female,Burgau,Youtags,51505.94,EUR
Elizabeth,Mason,emasonhi@sun.com,China,Female,Yanshou,Devpulse,47646.75,CNY
Margaret,Martinez,mmartinezhj@cnbc.com,China,Female,Fangtian,Flashset,44752.23,CNY
Shawn,Ortiz,sortizhk@instagram.com,France,Male,Mitry-Mory,Thoughtworks,54828.28,EUR
Clarence,Greene,cgreenehl@diigo.com,Serbia,Male,Klenak,Photojam,78253.23,RSD
Carl,Montgomery,cmontgomeryhm@seesaa.net,China,Male,Jianguang,Trupe,75027.77,CNY
Larry,Cruz,lcruzhn@toplist.cz,Sweden,Male,Skinnskatteberg,Twinte,98617.86,SEK
Marie,Banks,mbanksho@psu.edu,Finland,Female,Lammi,Jabberstorm,40036.21,EUR
Scott,Torres,storreshp@ovh.net,Mongolia,Male,Uliastay,Riffpath,20412.35,MNT
Gloria,Greene,ggreenehq@tiny.cc,Philippines,Female,San Isidro,Bluezoom,59320.58,PHP
Jose,Greene,jgreenehr@rediff.com,Poland,Male,Rybie,Zoonder,54118.61,PLN
Ralph,Knight,rknighths@bloomberg.com,Sri Lanka,Male,Shanjeev Home,Gabtype,87036.03,LKR
Todd,Carroll,tcarrollht@cdc.gov,China,Male,Zhongzhang,Tagfeed,27356.55,CNY
Mark,King,mkinghu@yale.edu,Martinique,Male,Fort-de-France,Livepath,,EUR
Deborah,Payne,dpaynehv@patch.com,China,Female,Hongsi,Gabtype,71635.38,CNY
Teresa,Willis,twillishw@mapquest.com,Madagascar,Female,Ampasimanolotra,Edgewire,93559.00,MGA
Sara,Greene,sgreenehx@google.co.uk,Democratic Republic of the Congo,Female,Mbandaka,Eire,12781.97,CDF
Norma,Cox,ncoxhy@theglobeandmail.com,China,Female,Fengyuan,Livefish,27725.60,CNY
Lisa,Schmidt,lschmidthz@prnewswire.com,Nigeria,Female,Katsina-Ala,Gabcube,,NGN
Ralph,Smith,rsmithi0@behance.net,Sudan,Male,Talodi,Einti,96565.67,SDG
Robin,Barnes,rbarnesi1@samsung.com,France,Female,Le Teil,Jabbersphere,9610.34,EUR
Kevin,Austin,kaustini2@liveinternet.ru,Indonesia,Male,Kotabesi,Fliptune,3289.22,IDR
Edward,Bennett,ebennetti3@ebay.com,China,Male,Qingqu,Meemm,58033.73,CNY
Lawrence,Frazier,lfrazieri4@cnet.com,Ireland,Male,Tralee,Roombo,24918.32,EUR
Kenneth,Edwards,kedwardsi5@webs.com,France,Male,Montpellier,Yoveo,48535.32,EUR
Michelle,Castillo,mcastilloi6@hubpages.com,Indonesia,Female,Cibolang,Yodel,38673.79,IDR
Cheryl,Hawkins,chawkinsi7@yahoo.co.jp,Cyprus,Female,Erími,Talane,10735.52,EUR
Carol,Bradley,cbradleyi8@imdb.com,Canada,Female,Langford,Aimbu,,CAD
Gregory,Burton,gburtoni9@scientificamerican.com,China,Male,Xicheng,Feedfish,,CNY
Kimberly,Reyes,kreyesia@seattletimes.com,China,Female,Zhutian,Wikibox,89787.22,CNY
Kathleen,Knight,kknightib@goodreads.com,Croatia,Female,Knin,Jabbercube,,HRK
Bonnie,Hall,bhallic@de.vu,Morocco,Female,Mellila,Devshare,99745.04,MAD
Julie,Payne,jpayneid@taobao.com,Lesotho,Female,Quthing,Myworks,64362.17,LSL
Craig,Henry,chenryie@princeton.edu,Tanzania,Male,Urambo,Flashpoint,66281.30,TZS
Robin,Morales,rmoralesif@jiathis.com,China,Female,Daming,Linktype,11590.46,CNY
Arthur,Turner,aturnerig@wikimedia.org,Poland,Male,Lisewo Malborskie,Shufflester,40484.16,PLN
Joyce,Hill,jhillih@amazon.de,Philippines,Female,Mabiton,Thoughtmix,23027.65,PHP
Jane,Hayes,jhayesii@japanpost.jp,Cuba,Female,Jatibonico,Meeveo,,CUP
Kenneth,Chapman,kchapmanij@vimeo.com,Portugal,Male,Canha,Dynabox,90177.93,EUR
Janice,Day,jdayik@facebook.com,Poland,Female,Rząśnik,Vimbo,71588.72,PLN
Henry,Garza,hgarzail@sohu.com,Philippines,Male,Moog,Jatri,79166.50,PHP
Carlos,Diaz,cdiazim@homestead.com,Vietnam,Male,Yên Bái,Eayo,73062.88,VND
Jonathan,Stevens,jstevensin@spotify.com,Mongolia,Male,Chandmanĭ,Buzzbean,68316.65,MNT
George,Perry,gperryio@elegantthemes.com,Brazil,Male,Espírito Santo do Pinhal,Mymm,82033.98,BRL
Shawn,Wells,swellsip@netlog.com,China,Male,Zhongluotan,Mynte,,CNY
Phillip,Lawrence,plawrenceiq@harvard.edu,Nigeria,Male,Kankara,Gigazoom,45864.75,NGN
Julia,Elliott,jelliottir@instagram.com,Brazil,Female,Presidente Epitácio,Jabbersphere,61703.80,BRL
Andrea,Coleman,acolemanis@disqus.com,Armenia,Female,Arrap’i,Realpoint,,AMD
Andrew,Edwards,aedwardsit@hexun.com,France,Male,Marseille,Jabbersphere,18980.31,EUR
Kathryn,Riley,krileyiu@blinklist.com,Poland,Female,Trzcianka,Innojam,,PLN
Alan,Adams,aadamsiv@yelp.com,Indonesia,Male,Rentung,Zoomcast,20082.69,IDR
Sandra,Jackson,sjacksoniw@ucoz.ru,Indonesia,Female,Poja,Yotz,47024.81,IDR
Kenneth,James,kjamesix@dropbox.com,Azerbaijan,Male,Sheki,Janyx,29268.38,AZN
Shirley,Schmidt,sschmidtiy@myspace.com,Russia,Female,Starodub,Snaptags,96075.37,RUB
Sarah,Ray,srayiz@zdnet.com,Russia,Female,Oranzherei,Gabtune,62488.84,RUB
Karen,Frazier,kfrazierj0@hhs.gov,France,Female,Bourges,Meevee,6342.34,EUR
Joan,Gonzales,jgonzalesj1@over-blog.com,China,Female,Liangchahe,Mycat,98713.31,CNY
Martha,Stevens,mstevensj2@gnu.org,Thailand,Female,Bang Kaeo,Omba,81525.95,THB
Mildred,Cox,mcoxj3@soup.io,Tunisia,Female,Qal‘at al Andalus,Rhyloo,8867.59,TND
Angela,Rice,aricej4@wp.com,Rwanda,Female,Nyanza,Trilia,54648.71,RWF
Clarence,Butler,cbutlerj5@washingtonpost.com,China,Male,Erba,Meetz,84925.79,CNY
Janice,Walker,jwalkerj6@sciencedirect.com,Finland,Female,Ranua,Pixoboo,34121.62,EUR
Stephanie,Bowman,sbowmanj7@webs.com,Canada,Female,Dorval,Flashspan,24948.70,CAD
Norma,Evans,nevansj8@pen.io,Indonesia,Female,Kotabaru,Tazz,73259.69,IDR
Emily,Garcia,egarciaj9@rediff.com,Saint Martin,Female,Marigot,Demizz,96939.93,EUR
Johnny,Hanson,jhansonja@goo.ne.jp,Colombia,Male,Mutis,Eare,33784.65,COP
Tina,Crawford,tcrawfordjb@multiply.com,China,Female,Emin,Livepath,23249.89,CNY
Edward,Hall,ehalljc@nature.com,Russia,Male,Sertolovo,InnoZ,54893.40,RUB
Carolyn,Porter,cporterjd@simplemachines.org,Czech Republic,Female,Horní Štěpánov,Oyoba,27730.15,CZK
Rachel,Rogers,rrogersje@zdnet.com,Afghanistan,Female,Dū Laīnah,Dabjam,96156.99,AFN
Randy,Sanders,rsandersjf@jigsy.com,Russia,Male,Kamenka,Wikibox,11069.72,RUB
Linda,Johnson,ljohnsonjg@xinhuanet.com,South Korea,Female,Jangheung,Eadel,81399.87,KRW
Craig,Cox,ccoxjh@privacy.gov.au,Pakistan,Male,Daultāla,Edgepulse,63498.48,PKR
Cheryl,Freeman,cfreemanji@google.nl,France,Female,Poitiers,Skiba,63782.73,EUR
Nicole,Reed,nreedjj@aol.com,Philippines,Female,Abaca,Oyoyo,29695.15,PHP
Katherine,Ray,krayjk@wired.com,Finland,Female,Kylmäkoski,Kwilith,40672.54,EUR
Matthew,White,mwhitejl@nhs.uk,Brazil,Male,Alegrete,Dynazzy,1173.48,BRL
Lori,Armstrong,larmstrongjm@bbc.co.uk,Djibouti,Female,Ḏânan,Miboo,5796.20,DJF
Daniel,Lynch,dlynchjn@jalbum.net,Russia,Male,Blagodatnoye,Avaveo,13563.84,RUB
Christopher,Reid,creidjo@hugedomains.com,Brazil,Male,Xique Xique,Fivechat,95743.84,BRL
Debra,Little,dlittlejp@army.mil,Thailand,Female,Laem Sing,Dynazzy,47150.50,THB
Diana,Mason,dmasonjq@wikipedia.org,Tanzania,Female,Magugu,Skivee,19231.83,TZS
Maria,Palmer,mpalmerjr@businessweek.com,Ukraine,Female,Chernelytsya,Ozu,59804.99,UAH
Alice,Weaver,aweaverjs@weibo.com,Sweden,Female,Gävle,Devify,37335.93,SEK
Jonathan,Nguyen,jnguyenjt@pinterest.com,China,Male,Xindai,Vinder,40921.08,CNY
Emily,Gibson,egibsonju@ustream.tv,Kenya,Female,Ol Kalou,Babbleopia,54758.22,KES
David,Carter,dcarterjv@squidoo.com,Brazil,Male,Araraquara,Thoughtbridge,92120.79,BRL
Karen,Ellis,kellisjw@google.com.hk,Morocco,Female,Fkih Ben Salah,Oba,14587.91,MAD
Jerry,Patterson,jpattersonjx@mapquest.com,Argentina,Male,Cinco Saltos,Riffpath,16926.33,ARS
Norma,Tucker,ntuckerjy@theglobeandmail.com,Croatia,Female,Novi Zagreb,Photospace,,HRK
Peter,Robinson,probinsonjz@diigo.com,Nicaragua,Male,Moyogalpa,Oloo,10472.28,NIO
Steve,Olson,solsonk0@nhs.uk,Brazil,Male,Brumadinho,Brightbean,65746.23,BRL
Chris,Ferguson,cfergusonk1@ning.com,Colombia,Male,Cali,Linkbuzz,38905.47,COP
Paula,Meyer,pmeyerk2@jugem.jp,Portugal,Female,Arrepiado,Skimia,98869.87,EUR
Kathryn,Henry,khenryk3@canalblog.com,Russia,Female,Dubrovka,Meevee,79095.34,RUB
Andrew,Jordan,ajordank4@cafepress.com,China,Male,Panzhou,Jayo,70145.05,CNY
Angela,Gutierrez,agutierrezk5@whitehouse.gov,Sweden,Female,Sölvesborg,Youfeed,90325.44,SEK
Kathleen,Stevens,kstevensk6@de.vu,Spain,Female,Fuenlabrada,Realbridge,99368.52,EUR
Mildred,Hill,mhillk7@parallels.com,Poland,Female,Rokietnica,Devcast,,PLN
Arthur,Ortiz,aortizk8@sourceforge.net,Portugal,Male,Quinta,Pixope,24291.21,EUR
Diana,Thompson,dthompsonk9@shop-pro.jp,Japan,Female,Tanashichō,Twitterlist,26694.23,JPY
Mildred,Ferguson,mfergusonka@cnet.com,France,Female,Grenoble,Meevee,11532.70,EUR
Shirley,Stevens,sstevenskb@nyu.edu,China,Female,Daduchuan,Devshare,90326.64,CNY
Carol,Nguyen,cnguyenkc@webeden.co.uk,Argentina,Female,Charata,Avamba,14074.94,ARS
Johnny,Perkins,jperkinskd@sphinn.com,Indonesia,Male,Babakansalam,Flashset,23393.51,IDR
Kathleen,Ford,kfordke@people.com.cn,China,Female,Lianzhou,Youfeed,90237.56,CNY
Jeffrey,Greene,jgreenekf@linkedin.com,Haiti,Male,Port-de-Paix,Izio,1318.64,HTG
Stephanie,Woods,swoodskg@un.org,Lithuania,Female,Taurage,Omba,66103.37,LTL
Gloria,Gonzalez,ggonzalezkh@hp.com,Indonesia,Female,Karoya,Fivebridge,46521.93,IDR
Louise,Ortiz,lortizki@trellian.com,Poland,Female,Suchedniów,Jaxworks,18618.57,PLN
Karen,Moore,kmoorekj@harvard.edu,Japan,Female,Ōtsu-shi,Browsecat,94921.28,JPY
Anne,Thomas,athomaskk@baidu.com,Yemen,Female,Al Ḩudaydah,Agivu,9506.79,YER
Amy,Medina,amedinakl@com.com,Mexico,Female,El Calvario,Thoughtmix,91367.21,MXN
Jeffrey,Cook,jcookkm@sogou.com,Japan,Male,Tennō,Devify,20121.23,JPY
Sharon,Bishop,sbishopkn@ucsd.edu,Thailand,Female,Phimai,Quatz,51599.47,THB
Roy,Hansen,rhansenko@dailymail.co.uk,Philippines,Male,Maddarulug Norte,Yacero,13886.12,PHP
Jose,Sanders,jsanderskp@yelp.com,Ukraine,Male,Sheshory,Linktype,99395.30,UAH
Catherine,Hughes,chugheskq@histats.com,Sweden,Female,Jönköping,Avaveo,91882.58,SEK
Judy,Rodriguez,jrodriguezkr@woothemes.com,Sweden,Female,Göteborg,Meembee,29850.66,SEK
Raymond,Greene,rgreeneks@networksolutions.com,Russia,Male,Vodnyy,Buzzster,,RUB
Joshua,Thompson,jthompsonkt@flavors.me,China,Male,Wanghu,BlogXS,,CNY
Donald,Castillo,dcastilloku@sakura.ne.jp,China,Male,Wangdian,Meeveo,39484.00,CNY
Gloria,Long,glongkv@clickbank.net,Tanzania,Female,Igunga,Livefish,94442.02,TZS
Timothy,Sanders,tsanderskw@paginegialle.it,Russia,Male,Gorelki,Flashpoint,21273.75,RUB
Steven,Carter,scarterkx@google.ru,China,Male,Qingban,Zoonder,42536.94,CNY
Diana,Garza,dgarzaky@smh.com.au,Indonesia,Female,Bungereng,Youbridge,79399.63,IDR
Bobby,Arnold,barnoldkz@51.la,Palestinian Territory,Male,‘Anātā,Twinder,16969.41,ILS
Louis,Hansen,lhansenl0@skyrock.com,France,Male,Lille,Yacero,13142.29,EUR
Wayne,Ortiz,wortizl1@va.gov,Costa Rica,Male,Tejar,Tagpad,66084.11,CRC
Karen,Davis,kdavisl2@about.com,Russia,Female,Vologda,Jaxspan,81978.62,RUB
Rachel,Baker,rbakerl3@ucla.edu,Colombia,Female,Oporapa,Realmix,68068.76,COP
Norma,Garcia,ngarcial4@youku.com,Thailand,Female,Phanom Phrai,Gigazoom,23681.73,THB
Elizabeth,Jenkins,ejenkinsl5@tmall.com,Portugal,Female,Penhascoso,Feedspan,,EUR
Wayne,Hill,whilll6@jugem.jp,Philippines,Male,Dagohoy,Dabvine,84483.51,PHP
Kevin,Moore,kmoorel7@mediafire.com,Indonesia,Male,Tangguhang,Zoomcast,28958.47,IDR
Jacqueline,Banks,jbanksl8@irs.gov,Mexico,Female,Adolfo Lopez Mateos,Zoovu,,MXN
Nicole,Chavez,nchavezl9@last.fm,Mexico,Female,Benito Juarez,Brightdog,35678.17,MXN
Angela,Wagner,awagnerla@newsvine.com,Poland,Female,Budzów,Oba,3441.86,PLN
Robin,Wright,rwrightlb@ucla.edu,United States,Female,Reno,Jabberbean,82981.60,USD
Brenda,Medina,bmedinalc@unblog.fr,Greece,Female,Katsikás,Meemm,35349.28,EUR
Jonathan,Foster,jfosterld@cbc.ca,China,Male,Zhuanqukou,Youbridge,12162.03,CNY
Katherine,Dean,kdeanle@ocn.ne.jp,China,Female,Taipingguan,Zoomzone,,CNY
Willie,Woods,wwoodslf@zdnet.com,Indonesia,Male,Ciengang,Mydo,88001.84,IDR
Margaret,Davis,mdavislg@dagondesign.com,Philippines,Female,Kaligutan,Browsecat,8799.40,PHP
Gregory,Baker,gbakerlh@oracle.com,Colombia,Male,La Plata,Voonix,93645.04,COP
Joshua,Green,jgreenli@pbs.org,China,Male,Zaoshi,Yakidoo,21467.26,CNY
Doris,Ramirez,dramirezlj@netvibes.com,Comoros,Female,Kangani,Fatz,,KMF
Todd,Perez,tperezlk@disqus.com,Afghanistan,Male,Dowlatyār,Yadel,95544.86,AFN
Chris,Fernandez,cfernandezll@fc2.com,Poland,Male,Bojano,Roodel,47203.10,PLN
Jimmy,Spencer,jspencerlm@joomla.org,Bosnia and Herzegovina,Male,Polje,Brainlounge,35908.58,BAM
Brenda,Ross,brossln@cyberchimps.com,Norway,Female,Sandefjord,Muxo,11722.82,NOK
Kelly,Woods,kwoodslo@skype.com,Japan,Female,Ishioka,Lazzy,31511.98,JPY
Carl,Wagner,cwagnerlp@freewebs.com,Indonesia,Male,Kampungbajo,Quatz,89362.71,IDR
Shawn,Hunt,shuntlq@1und1.de,Italy,Male,Milano,JumpXS,38294.30,EUR
Helen,Warren,hwarrenlr@mediafire.com,Czech Republic,Female,Doudleby nad Orlicí,Zoomlounge,96711.83,CZK
Doris,Ferguson,dfergusonls@opera.com,Indonesia,Female,Karangharjo,Midel,59438.64,IDR
Arthur,Morris,amorrislt@yale.edu,Netherlands,Male,Haarlem,Thoughtmix,29234.86,EUR
David,Brown,dbrownlu@csmonitor.com,Philippines,Male,Biga,Tagchat,32739.65,PHP
Carl,Little,clittlelv@4shared.com,Portugal,Male,Malhão,Muxo,65424.10,EUR
Julia,Garcia,jgarcialw@sina.com.cn,South Africa,Female,Vredefort,Browseblab,53955.26,ZAR
Jack,Wells,jwellslx@intel.com,Philippines,Male,Allen,Wikivu,9639.48,PHP
Steven,Ramos,sramosly@edublogs.org,Mozambique,Male,Ilha de Moçambique,Fatz,24787.61,MZN
Jeffrey,Hanson,jhansonlz@smugmug.com,Philippines,Male,Magtangol,Mydo,62743.67,PHP
Rebecca,Murray,rmurraym0@ox.ac.uk,Nigeria,Female,Owode,Twitterbeat,45939.91,NGN
Peter,Evans,pevansm1@ted.com,Mexico,Male,La Soledad,Thoughtmix,48954.94,MXN
Laura,Perry,lperrym2@bloglovin.com,Myanmar,Female,Pyinmana,Ozu,47364.51,MMK
Christina,Wagner,cwagnerm3@goodreads.com,Georgia,Female,Gali,Gevee,94551.85,GEL
Barbara,Griffin,bgriffinm4@reuters.com,Republic of the Congo,Female,Madingou,Skimia,85745.65,XAF
Janet,Mitchell,jmitchellm5@usa.gov,Brazil,Female,Timbaúba,Kamba,81071.34,BRL
Jeremy,Rivera,jriveram6@gnu.org,United Kingdom,Male,West End,Ailane,32834.40,GBP
Alan,Barnes,abarnesm7@wufoo.com,Vietnam,Male,Vĩnh Tường,Kwilith,51674.55,VND
Matthew,Parker,mparkerm8@thetimes.co.uk,Niger,Male,Tibiri,Tekfly,94208.96,XOF
Eric,Schmidt,eschmidtm9@amazon.co.uk,Indonesia,Male,Bendan,Skinte,,IDR
Angela,Watkins,awatkinsma@ucsd.edu,Pakistan,Female,Kālābāgh,Devcast,77967.57,PKR
Katherine,Martin,kmartinmb@google.co.jp,China,Female,Zuolan,Trudoo,39043.18,CNY
Kelly,Brown,kbrownmc@networkadvertising.org,Poland,Female,Pawłowiczki,Meeveo,45123.02,PLN
Phyllis,Arnold,parnoldmd@gnu.org,China,Female,Luotaping,Oyoba,60137.62,CNY
Maria,Reynolds,mreynoldsme@jalbum.net,Mexico,Female,Lazaro Cardenas,Chatterbridge,51577.43,MXN
Daniel,Nguyen,dnguyenmf@ucla.edu,Panama,Male,El Coco,Topicstorm,79130.65,PAB
Amy,Morgan,amorganmg@google.com.br,South Africa,Female,Tugela Ferry,Mycat,47880.86,ZAR
Kelly,Porter,kportermh@weibo.com,France,Female,Auch,Realpoint,,EUR
Jane,Daniels,jdanielsmi@cpanel.net,Ecuador,Female,Sucre,Aivee,95210.98,USD
Deborah,Fields,dfieldsmj@yahoo.com,Belarus,Female,Slawharad,Tekfly,81903.07,BYR
Betty,Woods,bwoodsmk@time.com,Latvia,Female,Mārupe,Wordify,66137.38,EUR
Judy,Edwards,jedwardsml@arstechnica.com,Sri Lanka,Female,Katunayaka,Ooba,43213.71,LKR
Roy,Carter,rcartermm@reverbnation.com,Russia,Male,Lesnikovo,Gigaclub,81418.80,RUB
Aaron,Powell,apowellmn@multiply.com,Czech Republic,Male,Měřín,Youopia,30176.06,CZK
Mark,Moore,mmooremo@wufoo.com,Poland,Male,Nysa,Dabvine,61720.21,PLN
Samuel,Franklin,sfranklinmp@forbes.com,Egypt,Male,‘Izbat al Burj,Skiptube,88573.56,EGP
Diana,Lynch,dlynchmq@yelp.com,Costa Rica,Female,Chacarita,Kimia,12599.51,CRC
Ralph,Gardner,rgardnermr@intel.com,China,Male,Nailung,Babbleopia,831.46,CNY
Martha,Matthews,mmatthewsms@nyu.edu,China,Female,Xiadu,Divanoodle,54783.27,CNY
Teresa,Johnston,tjohnstonmt@squidoo.com,China,Female,Shicheng,Myworks,,CNY
Bobby,Morrison,bmorrisonmu@addthis.com,Morocco,Male,Tabia,Rhynyx,18304.89,MAD
Mary,Brooks,mbrooksmv@home.pl,Philippines,Female,Odiongan,Twitterwire,40265.28,PHP
Carolyn,Bennett,cbennettmw@networkadvertising.org,Brazil,Female,Tietê,Brightbean,96480.03,BRL
Patrick,Diaz,pdiazmx@over-blog.com,Panama,Male,Las Minas,Dabtype,16362.57,PAB
Nicole,Johnston,njohnstonmy@usatoday.com,Peru,Female,El Cardo,JumpXS,11378.83,PEN
Elizabeth,Hall,ehallmz@de.vu,Finland,Female,Kiihtelysvaara,Quatz,9427.21,EUR
Sara,Dunn,sdunnn0@joomla.org,Denmark,Female,København,Gigaclub,87538.14,DKK
Doris,Hicks,dhicksn1@rambler.ru,China,Female,Baizhong,Quatz,8419.72,CNY
Jeffrey,Bradley,jbradleyn2@cmu.edu,Philippines,Male,Cabodiongan,Quatz,60508.57,PHP
Andrea,Rice,aricen3@pcworld.com,United States,Female,Murfreesboro,Devify,92203.68,USD
Anna,Davis,adavisn4@amazonaws.com,Iran,Female,Alīgūdarz,Lazz,19261.79,IRR
Billy,Arnold,barnoldn5@booking.com,Mauritius,Male,Camp Diable,Ailane,90831.22,MUR
Robert,Wells,rwellsn6@weibo.com,Nigeria,Male,Ruma,Oyoyo,6062.25,NGN
Brandon,Stephens,bstephensn7@wsj.com,Peru,Male,Pueblo Nuevo,Ainyx,34746.66,PEN
Jonathan,Perkins,jperkinsn8@ebay.co.uk,Canada,Male,Boisbriand,Photobug,,CAD
Anne,Taylor,ataylorn9@springer.com,China,Female,Moxi,Brainlounge,62634.52,CNY
Charles,Greene,cgreenena@jugem.jp,France,Male,Caen,Zoonder,24801.81,EUR
Nancy,Nichols,nnicholsnb@wikimedia.org,United States,Female,Lincoln,Livefish,70288.56,USD
Jesse,Ramos,jramosnc@mail.ru,Brazil,Male,São Marcos,Muxo,87936.13,BRL
Cheryl,Wilson,cwilsonnd@ifeng.com,Sweden,Female,Huddinge,Browseblab,37946.21,SEK
Annie,Graham,agrahamne@virginia.edu,Philippines,Female,Talisay,Jamia,,PHP
Rachel,Hart,rhartnf@jugem.jp,Netherlands,Female,Lelystad,Kwimbee,,EUR
Paula,Fields,pfieldsng@vinaora.com,China,Female,Yangyu,Photojam,80221.44,CNY
Gloria,Reyes,greyesnh@hc360.com,Philippines,Female,Caburan,Topiczoom,20909.63,PHP
Tammy,Coleman,tcolemanni@mit.edu,Chile,Female,Tomé,Jazzy,58907.11,CLP
Wayne,Boyd,wboydnj@slashdot.org,Sweden,Male,Älvsjö,Devify,15379.43,SEK
Frank,Ramirez,framireznk@shinystat.com,Portugal,Male,Pobral,Shufflester,,EUR
Heather,Brooks,hbrooksnl@istockphoto.com,Jordan,Female,Judita,Skimia,87665.02,JOD
Cheryl,Spencer,cspencernm@dion.ne.jp,China,Female,Jiangxi,Kamba,41226.66,CNY
Stephanie,Simmons,ssimmonsnn@yale.edu,Philippines,Female,Tanlad,Kwilith,94681.12,PHP
Walter,Carter,wcarterno@ucsd.edu,Cuba,Male,San Miguel del Padrón,Eare,21309.64,CUP
Martin,Nguyen,mnguyennp@amazon.de,China,Male,Tumen,Mydeo,81568.89,CNY
Lori,Dunn,ldunnnq@usa.gov,Ukraine,Female,Savran’,Oyoloo,44647.38,UAH
Ernest,Black,eblacknr@mysql.com,France,Male,Grenoble,Yamia,70867.96,EUR
Henry,Phillips,hphillipsns@digg.com,Nigeria,Male,Bin Yauri,Wordware,4727.83,NGN
Cheryl,Frazier,cfraziernt@nature.com,China,Female,Ganjiachang,Edgewire,63974.05,CNY
Debra,Lane,dlanenu@bing.com,Russia,Female,Slantsy,Browsetype,24606.14,RUB
Betty,Owens,bowensnv@princeton.edu,Brazil,Female,Orleans,Tazz,77692.08,BRL
Jacqueline,Howell,jhowellnw@npr.org,Argentina,Female,Pehuajó,Kwilith,91223.55,ARS
Cheryl,Hunt,chuntnx@china.com.cn,Russia,Female,Severobaykal’sk,Oozz,62187.52,RUB
Linda,Price,lpriceny@state.gov,Czech Republic,Female,Radnice,Jetwire,24718.38,CZK
Louise,Nelson,lnelsonnz@github.io,Philippines,Female,East Migpulao,Tambee,31504.94,PHP
Tammy,Ross,trosso0@redcross.org,Poland,Female,Tomaszów Mazowiecki,Meejo,47485.39,PLN
Judith,Turner,jturnero1@nature.com,Indonesia,Female,Oepula,Centimia,42626.46,IDR
Julia,Carr,jcarro2@vkontakte.ru,Sweden,Female,Njurunda,Vitz,21338.98,SEK
Jacqueline,Grant,jgranto3@phoca.cz,South Africa,Female,Claremont,Lajo,,ZAR
Kathy,Ford,kfordo4@vkontakte.ru,France,Female,Marseille,Photobug,97275.12,EUR
Kevin,Fisher,kfishero5@npr.org,Argentina,Male,Gobernador Costa,Brainsphere,85437.78,ARS
Wayne,Turner,wturnero6@goodreads.com,France,Male,Paris La Défense,Muxo,52895.89,EUR
Helen,Robinson,hrobinsono7@list-manage.com,China,Female,Yingdianjie,Lajo,93268.79,CNY
Jonathan,Bowman,jbowmano8@wiley.com,Brazil,Male,Santo Antônio do Monte,Linktype,,BRL
Sarah,Ramirez,sramirezo9@printfriendly.com,Russia,Female,Chaltyr,Skajo,58128.86,RUB
Robin,Adams,radamsoa@theatlantic.com,United States,Female,Washington,Vinder,55904.16,USD
Michelle,Warren,mwarrenob@netscape.com,China,Female,Fuling,Topicshots,41165.49,CNY
Beverly,Greene,bgreeneoc@chicagotribune.com,United States,Female,Petaluma,Myworks,,USD
Terry,Kelly,tkellyod@unc.edu,Liechtenstein,Male,Mauren,Babblestorm,73579.79,CHF
Ryan,Castillo,rcastillooe@purevolume.com,China,Male,Kaiyun,Rhynyx,51138.95,CNY
Cheryl,Lee,cleeof@simplemachines.org,Israel,Female,El Fureidīs,Tagopia,6224.99,ILS
Johnny,Mendoza,jmendozaog@dropbox.com,Mongolia,Male,Tsagaanders,Izio,74391.60,MNT
Justin,Vasquez,jvasquezoh@pagesperso-orange.fr,Portugal,Male,Granja do Tedo,Wikizz,91369.49,EUR
Jane,Gonzales,jgonzalesoi@4shared.com,Estonia,Female,Sillamäe,Skaboo,75468.00,EUR
Nicole,Brooks,nbrooksoj@intel.com,Brazil,Female,Guararapes,Skilith,35092.69,BRL
Carl,Austin,caustinok@prweb.com,China,Male,Tatrang,Vipe,92277.21,CNY
Arthur,Graham,agrahamol@homestead.com,Brazil,Male,Mairinque,Centizu,28998.17,BRL
James,Smith,jsmithom@blinklist.com,Nepal,Male,Pokhara,Photobug,16655.84,NPR
Julie,Bennett,jbennetton@nifty.com,Ukraine,Female,Sheshory,Divape,10423.89,UAH
Terry,Fields,tfieldsoo@angelfire.com,Luxembourg,Male,Kopstal,Skivee,53829.98,EUR
Lillian,Carter,lcarterop@phpbb.com,Armenia,Female,Zhdanov,Eidel,4600.55,AMD
Walter,Taylor,wtayloroq@cdbaby.com,Macedonia,Male,Арачиново,Twiyo,93400.21,MKD
Ruby,Banks,rbanksor@noaa.gov,Indonesia,Female,Nempel,Trudoo,72172.01,IDR
Helen,Hall,hhallos@toplist.cz,China,Female,Hejiayan,Zoozzy,38943.12,CNY
Samuel,Woods,swoodsot@scientificamerican.com,Thailand,Male,Chian Yai,Podcat,7923.86,THB
Jonathan,Shaw,jshawou@home.pl,Bolivia,Male,Colquechaca,Centimia,9712.81,BOB
Andrea,Burns,aburnsov@lycos.com,China,Female,Shaguotun,Centizu,52933.13,CNY
Catherine,Perkins,cperkinsow@google.com.br,Indonesia,Female,Bagok,Skinix,21875.83,IDR
Arthur,Knight,aknightox@is.gd,Indonesia,Male,Mentaras,InnoZ,26268.97,IDR
Harry,Richards,hrichardsoy@unblog.fr,China,Male,Jiuzhou,Linklinks,21295.18,CNY
Lillian,Morales,lmoralesoz@prnewswire.com,Uganda,Female,Nyachera,Devcast,85921.11,UGX
Jacqueline,Campbell,jcampbellp0@time.com,Portugal,Female,Sobreira,Dynabox,74093.71,EUR
Eric,Perez,eperezp1@wp.com,Czech Republic,Male,Zborovice,Youbridge,73755.31,CZK
Annie,Stanley,astanleyp2@blog.com,Panama,Female,La Loma,Gevee,9689.78,PAB
Randy,Ellis,rellisp3@geocities.jp,China,Male,Sankoutang,Jabberstorm,34910.12,CNY
James,Murphy,jmurphyp4@pen.io,China,Male,Bilian,Vinder,46187.99,CNY
Lisa,Marshall,lmarshallp5@abc.net.au,Poland,Female,Belsk Duży,Abata,94986.92,PLN
Mary,Sullivan,msullivanp6@ft.com,Colombia,Female,Dagua,Dabshots,,COP
Amanda,Reed,areedp7@tamu.edu,United States,Female,Reading,Realcube,90524.39,USD
Brenda,Nichols,bnicholsp8@goo.gl,Sweden,Female,Strängnäs,Quinu,85078.41,SEK
Douglas,Larson,dlarsonp9@hatena.ne.jp,Thailand,Male,Khok Sung,Meezzy,32825.48,THB
Albert,Pierce,apiercepa@yahoo.co.jp,France,Male,Brest,Rhycero,55993.18,EUR
Walter,Rogers,wrogerspb@craigslist.org,Turkmenistan,Male,Annau,Skilith,,TMT
Karen,Morrison,kmorrisonpc@ft.com,Japan,Female,Kashihara-shi,Eayo,41434.59,JPY
Christopher,Bryant,cbryantpd@cloudflare.com,Sweden,Male,Mölnlycke,Bubblebox,52257.86,SEK
Catherine,Ellis,cellispe@shinystat.com,Russia,Female,Podol’sk,Zoonder,16646.05,RUB
Brenda,Perkins,bperkinspf@ifeng.com,Brazil,Female,Lagoa Seca,Podcat,63926.90,BRL
Wanda,Black,wblackpg@wiley.com,France,Female,Montreuil,Buzzdog,,EUR
Carol,Riley,crileyph@unc.edu,Philippines,Female,Bagong Barrio,Blogpad,,PHP
Julia,Meyer,jmeyerpi@topsy.com,South Korea,Female,Hwado,Oozz,49967.29,KRW
Phyllis,Moreno,pmorenopj@phpbb.com,China,Female,Dabachang,Oyoba,,CNY
Sean,Hunt,shuntpk@meetup.com,Philippines,Male,San Francisco,Midel,22709.35,PHP
Jimmy,Romero,jromeropl@businessweek.com,Greece,Male,Kerasochóri,Wikibox,63057.26,EUR
Marie,Ward,mwardpm@census.gov,Canada,Female,Saint-Rémi,Innojam,38606.70,CAD
Andrew,Fowler,afowlerpn@geocities.jp,Sweden,Male,Stockholm,Yabox,73348.43,SEK
Stephen,Murphy,smurphypo@photobucket.com,Russia,Male,Valerianovsk,Realcube,85503.77,RUB
Terry,Frazier,tfrazierpp@google.co.uk,China,Male,Huatai,Voomm,25612.27,CNY
Susan,Reed,sreedpq@webmd.com,Philippines,Female,Lagangilang,Oyoloo,89603.35,PHP
Denise,Cox,dcoxpr@mapy.cz,Nigeria,Female,Wukari,Dynazzy,91992.67,NGN
Joyce,Mitchell,jmitchellps@webmd.com,Colombia,Female,Nariño,Buzzshare,69906.59,COP
Karen,Stone,kstonept@goodreads.com,China,Female,Woniuhe,Oyoba,89305.00,CNY
Lawrence,Hill,lhillpu@apache.org,Philippines,Male,Tandag,Yoveo,30997.39,PHP
Mary,Alvarez,malvarezpv@amazon.co.uk,Sweden,Female,Åtvidaberg,Digitube,70629.03,SEK
Andrew,Frazier,afrazierpw@vimeo.com,Portugal,Male,Valada,Devcast,72724.69,EUR
Annie,Carpenter,acarpenterpx@bing.com,Denmark,Female,København,Thoughtstorm,83643.03,DKK
Debra,Sullivan,dsullivanpy@studiopress.com,Ukraine,Female,Energodar,Edgeblab,99599.64,UAH
Victor,Cunningham,vcunninghampz@globo.com,France,Male,Tours,Yodel,67970.61,EUR
Marilyn,Thomas,mthomasq0@livejournal.com,Philippines,Female,Veruela,BlogXS,93571.01,PHP
Betty,Cole,bcoleq1@friendfeed.com,Poland,Female,Bieniewice,Blogspan,,PLN
Brenda,Hall,bhallq2@icq.com,Portugal,Female,Quintão,Babbleopia,48029.26,EUR
Ryan,Ross,rrossq3@theglobeandmail.com,Germany,Male,Berlin,Devpoint,83193.26,EUR
Gary,Gibson,ggibsonq4@flavors.me,Uruguay,Male,Dolores,Ntags,7322.07,UYU
Emily,Mitchell,emitchellq5@paginegialle.it,Indonesia,Female,Karangpapak,Eare,55945.19,IDR
Rebecca,Russell,rrussellq6@about.com,Afghanistan,Female,Manogay,Vinte,67999.31,AFN
Carol,Lawrence,clawrenceq7@ezinearticles.com,Philippines,Female,Damawato,Dynava,71487.70,PHP
Craig,Long,clongq8@mozilla.com,South Korea,Male,Yangsa,Edgepulse,30978.36,KRW
Anna,Snyder,asnyderq9@xinhuanet.com,Philippines,Female,Ferrol,Browsezoom,9802.73,PHP
Wayne,Jordan,wjordanqa@godaddy.com,Honduras,Male,Orocuina,Voomm,85763.49,HNL
Edward,Butler,ebutlerqb@blinklist.com,Czech Republic,Male,Heřmanův Městec,Oyondu,33955.04,CZK
Amanda,Burns,aburnsqc@360.cn,United States,Female,Augusta,Shuffledrive,41811.27,USD
Katherine,Morrison,kmorrisonqd@amazon.com,Uruguay,Female,La Paloma,Dabtype,30315.55,UYU
Nicholas,Bell,nbellqe@cbslocal.com,Poland,Male,Krzemieniewo,Riffpedia,60382.38,PLN
Sharon,Jordan,sjordanqf@ft.com,China,Female,Baima,Voomm,52351.00,CNY
Mark,Kennedy,mkennedyqg@telegraph.co.uk,Chad,Male,Melfi,Buzzshare,96643.95,XAF
Keith,Burns,kburnsqh@salon.com,Poland,Male,Jasień,Thoughtstorm,91206.06,PLN
Bonnie,Oliver,boliverqi@flavors.me,Sweden,Female,Robertsfors,Ailane,59551.41,SEK
Evelyn,West,ewestqj@amazon.com,Indonesia,Female,Hegarmanah,Pixoboo,82443.32,IDR
Sarah,White,swhiteqk@creativecommons.org,Panama,Female,Los Boquerones,Buzzster,,PAB
Lisa,West,lwestql@vkontakte.ru,China,Female,Changle,Realcube,72258.03,CNY
Chris,Fox,cfoxqm@nhs.uk,Myanmar,Male,Pyu,Jabbersphere,19395.84,MMK
Kathleen,Bailey,kbaileyqn@usa.gov,China,Female,Daliu,Pixonyx,48078.92,CNY
Anne,Collins,acollinsqo@netvibes.com,Ukraine,Female,Volodarka,Tazzy,96193.54,UAH
Annie,Simpson,asimpsonqp@columbia.edu,Iran,Female,Neyrīz,Centidel,75802.94,IRR
Denise,Crawford,dcrawfordqq@jugem.jp,Portugal,Female,São João das Lampas,Shuffledrive,,EUR
Alan,Flores,afloresqr@networksolutions.com,Peru,Male,Cuchumbaya,Kanoodle,47983.01,PEN
Tammy,Pierce,tpierceqs@amazonaws.com,China,Female,Meishan,Skyvu,71003.29,CNY
Marie,Fields,mfieldsqt@i2i.jp,Portugal,Female,Paço de Arcos,Shuffletag,52415.67,EUR
Keith,Banks,kbanksqu@nih.gov,Thailand,Male,Phlapphla Chai,Kazio,67279.05,THB
Amanda,Armstrong,aarmstrongqv@stanford.edu,Indonesia,Female,Gelang,Chatterbridge,21576.74,IDR
Annie,Mitchell,amitchellqw@mapquest.com,Israel,Female,Mitzpe Ramon,Flipstorm,879.12,ILS
John,Grant,jgrantqx@eepurl.com,China,Male,Shuinan,Livefish,18536.02,CNY
Jack,Mitchell,jmitchellqy@seattletimes.com,Colombia,Male,Rovira,Wikibox,28079.15,COP
Shawn,Harrison,sharrisonqz@taobao.com,France,Male,Avignon,Wikizz,9233.62,EUR
Irene,Larson,ilarsonr0@timesonline.co.uk,Saudi Arabia,Female,Al Jumūm,Ooba,42176.62,SAR
Lois,Carter,lcarterr1@lulu.com,China,Female,Tange Zhen,Jabbercube,84093.02,CNY
Jimmy,Wilson,jwilsonr2@gnu.org,Indonesia,Male,Cigaleuh Kulon,Linkbridge,99139.29,IDR
Maria,Wagner,mwagnerr3@last.fm,China,Female,Baishui,Dabtype,17838.46,CNY
Steven,Reed,sreedr4@cpanel.net,Angola,Male,Caála,Photofeed,79122.03,AOA
Steve,Washington,swashingtonr5@house.gov,Indonesia,Male,Babakan,Centizu,83345.06,IDR
Roy,Coleman,rcolemanr6@uiuc.edu,South Africa,Male,Garies,Thoughtbeat,33475.36,ZAR
Earl,Lee,eleer7@t.co,Cuba,Male,Guáimaro,Thoughtblab,95419.75,CUP
George,Perry,gperryr8@eepurl.com,China,Male,Niuzhuang,Edgepulse,42543.43,CNY
Benjamin,Matthews,bmatthewsr9@berkeley.edu,Azerbaijan,Male,Zaqatala,Quaxo,17154.13,AZN
Jesse,Jordan,jjordanra@edublogs.org,Russia,Male,Yur’yev-Pol’skiy,Feednation,60420.85,RUB
Sharon,Mitchell,smitchellrb@sciencedirect.com,Russia,Female,Ivanovka,Jatri,,RUB
Clarence,Hunter,chunterrc@pbs.org,Indonesia,Male,Wailebe,Gabtype,16586.62,IDR
Shawn,Harris,sharrisrd@blogspot.com,Myanmar,Male,Pyinmana,Zava,41590.95,MMK
Jose,Little,jlittlere@rambler.ru,Russia,Male,Ozërsk,Bubblebox,73252.30,RUB
Gloria,Clark,gclarkrf@ameblo.jp,Greece,Female,Yiánnouli,Zooxo,15382.77,EUR
Nancy,Hart,nhartrg@yale.edu,Indonesia,Female,Kadubadak,Kimia,58220.44,IDR
Teresa,Torres,ttorresrh@artisteer.com,New Zealand,Female,Papakura,Brainverse,20074.95,NZD
Jane,Burns,jburnsri@wsj.com,Thailand,Female,Bang Racham,Omba,80732.19,THB
Michelle,West,mwestrj@comsenz.com,China,Female,Qiligang,Centimia,46788.95,CNY
Juan,Harvey,jharveyrk@xrea.com,China,Male,Kelin,Dabfeed,73179.35,CNY
Judith,Perry,jperryrl@geocities.com,Norway,Female,Oslo,Buzzster,78587.50,NOK
Margaret,Arnold,marnoldrm@nba.com,Tajikistan,Female,Ishqoshim,Digitube,38543.92,TJS
Virginia,Carr,vcarrrn@ebay.co.uk,Poland,Female,Gorzyce,Realcube,59242.59,PLN
Richard,Jacobs,rjacobsro@mapy.cz,China,Male,Hongtian,Photospace,91783.60,CNY
Peter,Fowler,pfowlerrp@wisc.edu,Colombia,Male,Buga,Wordpedia,,COP
Ronald,Hudson,rhudsonrq@360.cn,Poland,Male,Ostrów Wielkopolski,Mybuzz,63309.97,PLN
Antonio,Lee,aleerr@flickr.com,Russia,Male,Zakan-Yurt,Edgetag,99265.10,RUB
