Eugene,Ray,eray0@taobao.com,China,Male,Baishuitan,Innojam,22123.61,CNY
Mary,Lopez,mlopez1@toplist.cz,United States,Female,Los Angeles,Viva,94474.31,USD
Mildred,Carpenter,mcarpenter2@hostgator.com,Indonesia,Female,Cimanggu,Yodo,34152.40,IDR
Christopher,Mcdonald,cmcdonald3@ovh.net,Ukraine,Male,Kalynivka,Cogibox,71415.02,UAH
Joyce,Fowler,jfowler4@usgs.gov,Netherlands,Female,Apeldoorn,Brainsphere,11632.36,EUR
Gloria,Barnes,gbarnes5@tuttocitta.it,Portugal,Female,Rates,Eidel,34360.12,EUR
Richard,Hunt,rhunt6@nydailynews.com,Philippines,Male,Lalig,Rhynoodle,67713.23,PHP
Patrick,Lopez,plopez7@gnu.org,Zambia,Male,Luwingu,Feedfire,67542.80,ZMW
Kathryn,Palmer,kpalmer8@google.cn,Argentina,Female,San José de Jáchal,Thoughtstorm,39926.74,ARS
Joshua,Simmons,jsimmons9@ask.com,France,Male,Toul,Blogpad,,EUR
Phillip,Reynolds,preynoldsa@bloomberg.com,France,Male,Brest,Jabbertype,77683.02,EUR
Elizabeth,Reyes,ereyesb@cloudflare.com,Indonesia,Female,Aengceleng,Flashdog,48110.17,IDR
Lisa,Woods,lwoodsc@tamu.edu,China,Female,Xiashihao,Jaxbean,1218.71,CNY
Anna,Alexander,aalexanderd@dyndns.org,Portugal,Female,Meia Via,Meembee,91726.81,EUR
Eric,Shaw,eshawe@redcross.org,Nepal,Male,Kathmandu,Oyonder,50430.71,NPR
Howard,Brooks,hbrooksf@indiegogo.com,Russia,Male,Bryansk,Fiveclub,99047.40,RUB
Doris,Crawford,dcrawfordg@amazon.de,United States,Female,Los Angeles,Bluejam,11734.69,USD
Joyce,Meyer,jmeyerh@google.pl,China,Female,Hongqiao,Kwinu,53710.92,CNY
Ruby,Mitchell,rmitchelli@smugmug.com,Canada,Female,Chilliwack,Skinte,74387.74,CAD
Richard,Hansen,rhansenj@diigo.com,Indonesia,Male,Nangalimang,Tekfly,30457.08,IDR
Andrea,Hicks,ahicksk@trellian.com,Brazil,Female,Itapicuru,Browsebug,58579.77,BRL
Paul,Franklin,pfranklinl@myspace.com,Philippines,Male,San Felipe Old,Fiveclub,5532.26,PHP
Janet,Brown,jbrownm@networksolutions.com,China,Female,Jindaoxia,Skyndu,85086.50,CNY
Melissa,Hamilton,mhamiltonn@quantcast.com,China,Female,Chengxi,Plajo,51337.00,CNY
Harold,Garza,hgarzao@wunderground.com,Norway,Male,Steinkjer,Oyoloo,4728.67,NOK
Rachel,Price,rpricep@yahoo.com,China,Female,Xuedian,Eadel,70299.60,CNY
Irene,Pierce,ipierceq@squidoo.com,China,Female,Jiujiang,Cogibox,80343.53,CNY
Chris,Harrison,charrisonr@exblog.jp,Portugal,Male,Loivos,Zoombox,93689.96,EUR
Clarence,Morrison,cmorrisons@hp.com,France,Male,Nantes,Brightbean,60553.65,EUR
Brandon,Duncan,bduncant@baidu.com,North Korea,Male,Songnim,Vimbo,16501.29,KPW
Martin,Cook,mcooku@deliciousdays.com,Ukraine,Male,Kobleve,Skivee,17116.94,UAH
Rachel,Boyd,rboydv@virginia.edu,Brunei,Female,Bandar Seri Begawan,Skipfire,81901.87,BND
Ronald,Mitchell,rmitchellw@biblegateway.com,China,Male,Xinshao,Teklist,,CNY
Matthew,Clark,mclarkx@ca.gov,Indonesia,Male,Sidomulyo,Camido,30833.42,IDR
Frank,Gomez,fgomezy@ifeng.com,Sweden,Male,Kungsbacka,Teklist,71297.53,SEK
Charles,Anderson,candersonz@hugedomains.com,Peru,Male,Uripa,Thoughtmix,,PEN
Donald,Howard,dhoward10@ox.ac.uk,Indonesia,Male,Kopen,Mydo,60006.87,IDR
Judith,Berry,jberry11@stanford.edu,Botswana,Female,Mmathubudukwane,Wordware,64854.87,BWP
Sean,Young,syoung12@bluehost.com,China,Male,Hanyin Chengguanzhen,Aivee,69367.54,CNY
Helen,Henderson,hhenderson13@creativecommons.org,Poland,Female,Janów,Rhycero,74404.40,PLN
Phillip,Perez,pperez14@google.co.jp,China,Male,Chaoyangdong,Skivee,27681.37,CNY
Shirley,Lopez,slopez15@adobe.com,China,Female,Huaibei,Tagchat,88492.66,CNY
Kevin,Kennedy,kkennedy16@cafepress.com,Tanzania,Male,Usa River,Fanoodle,59200.22,TZS
Jennifer,Clark,jclark17@nationalgeographic.com,Russia,Female,Sharan,Babbleset,98122.89,RUB
Nancy,Little,nlittle18@disqus.com,Venezuela,Female,San Fernando de Atabapo,Yombu,97528.18,VEF
Sharon,Robertson,srobertson19@dropbox.com,China,Female,Liangyaping,Kamba,45615.78,CNY
Jonathan,Robertson,jrobertson1a@telegraph.co.uk,Indonesia,Male,Noenoni,Geba,99064.93,IDR
Wayne,Stanley,wstanley1b@upenn.edu,Croatia,Male,Punat,Skimia,56229.62,HRK
Joshua,Campbell,jcampbell1c@nbcnews.com,Indonesia,Male,Aliuroba,Edgewire,65182.32,IDR
Jack,Ruiz,jruiz1d@shareasale.com,Indonesia,Male,Beraim,Gigaclub,33417.51,IDR
Charles,Hill,chill1e@pinterest.com,Thailand,Male,Ban Chalong,JumpXS,17968.91,THB
Janet,Scott,jscott1f@theatlantic.com,Portugal,Female,Ifanes,Youopia,,EUR
Howard,Martinez,hmartinez1g@imdb.com,Philippines,Male,Polo,Lajo,36612.94,PHP
Albert,Reyes,areyes1h@dmoz.org,Brazil,Male,Nova Prata,Yozio,49050.83,BRL
Ralph,Richardson,rrichardson1i@google.com.au,Norway,Male,Trondheim,Pixoboo,61541.69,NOK
Ruth,Rice,rrice1j@google.ca,Indonesia,Female,Kebonkaret,Pixonyx,87315.25,IDR
Carlos,Carpenter,ccarpenter1k@bing.com,Mauritius,Male,Laventure,Eare,70939.14,MUR
George,Rose,grose1l@elpais.com,Philippines,Male,Camias,Demivee,50268.77,PHP
Amanda,Green,agreen1m@eventbrite.com,Brazil,Female,Wenceslau Braz,Thoughtbridge,23810.89,BRL
Steven,Mcdonald,smcdonald1n@mayoclinic.com,Tunisia,Male,Banbalah,Skyndu,87220.84,TND
Emily,Butler,ebutler1o@yelp.com,Argentina,Female,San José de Jáchal,Devshare,49060.44,ARS
Anthony,Robinson,arobinson1p@bloglines.com,China,Male,Wuxi,Zooxo,,CNY
Aaron,Gonzales,agonzales1q@youtube.com,Russia,Male,Vol’no-Nadezhdinskoye,Zoomzone,20564.55,RUB
Doris,Thomas,dthomas1r@ucla.edu,Malawi,Female,Kasungu,Skidoo,,MWK
Michael,Peters,mpeters1s@sciencedirect.com,China,Male,Sanhe,Agimba,24912.57,CNY
Jeremy,Stephens,jstephens1t@usa.gov,Japan,Male,Aki,Realpoint,5755.07,JPY
Harold,Torres,htorres1u@xinhuanet.com,Portugal,Male,Santo André,Skinte,16115.82,EUR
Ryan,James,rjames1v@stumbleupon.com,El Salvador,Male,Concepción de Ataco,Lazz,34659.51,USD
Janet,Henry,jhenry1w@freewebs.com,France,Female,Auxerre,Dynava,79060.48,EUR
Judith,Evans,jevans1x@symantec.com,Indonesia,Female,Gayam,Yacero,,IDR
Louis,Montgomery,lmontgomery1y@dropbox.com,Portugal,Male,Vila Chã,Feednation,2455.15,EUR
Gloria,Perkins,gperkins1z@nbcnews.com,Syria,Female,Dārayyā,Mynte,99905.83,SYP
Fred,Montgomery,fmontgomery20@europa.eu,China,Male,Baoluan,Kazu,,CNY
Roy,Evans,revans21@dmoz.org,Indonesia,Male,Kaduela,Skinix,,IDR
Terry,Patterson,tpatterson22@state.gov,Cuba,Male,San Cristobal,Oyoloo,,CUP
Irene,Cooper,icooper23@com.com,Philippines,Female,San Pascual,Realfire,12597.13,PHP
Brenda,Berry,bberry24@go.com,China,Female,Yifaquan,Rhyloo,75507.71,CNY
Norma,Fields,nfields25@adobe.com,Brazil,Female,Poá,Realbridge,31732.55,BRL
Clarence,Powell,cpowell26@behance.net,Greece,Male,Kerasochóri,Brightdog,95527.17,EUR
Janice,Burns,jburns27@moonfruit.com,Brazil,Female,Diamantino,Thoughtbridge,22665.84,BRL
Mary,Edwards,medwards28@dedecms.com,China,Female,Rongcheng,Katz,50187.28,CNY
Andrea,Sanchez,asanchez29@cpanel.net,China,Female,Lancheng,Twinder,94282.51,CNY
Mildred,Banks,mbanks2a@samsung.com,Poland,Female,Przybyszówka,Dynabox,48070.93,PLN
Andrea,Kim,akim2b@prnewswire.com,Indonesia,Female,Krajan Jamprong,Dynabox,84121.04,IDR
Joe,Daniels,jdaniels2c@omniture.com,China,Male,Heling,Photolist,67031.81,CNY
Adam,Owens,aowens2d@wikipedia.org,Thailand,Male,Khong,Topiclounge,,THB
Emily,Snyder,esnyder2e@opensource.org,Georgia,Female,Ts’khinvali,Youspan,2422.06,GEL
Stephanie,Miller,smiller2f@digg.com,China,Female,Sanxi,Yodo,14702.50,CNY
Craig,Rivera,crivera2g@elpais.com,Philippines,Male,Bonga,Innotype,71446.76,PHP
Shirley,Brown,sbrown2h@bloglovin.com,France,Female,Rodez,Zoomzone,64564.94,EUR
William,Young,wyoung2i@nsw.gov.au,Malta,Male,Sliema,Devshare,,EUR
Heather,Cooper,hcooper2j@imageshack.us,Estonia,Female,Viimsi,Wordpedia,52647.27,EUR
Beverly,Watkins,bwatkins2k@elegantthemes.com,Peru,Female,Santa Ana,Wordpedia,,PEN
Matthew,Hunter,mhunter2l@cargocollective.com,Latvia,Male,Kocēni,Fivespan,7705.08,EUR
Ernest,Rose,erose2m@cbc.ca,Poland,Male,Skarbimierz Osiedle,Edgeify,84688.45,PLN
Ann,Hernandez,ahernandez2n@addthis.com,China,Female,Longmen,Quinu,,CNY
Robert,Hart,rhart2o@reuters.com,China,Male,Laohekou,Wordware,70676.24,CNY
Kelly,Young,kyoung2p@google.cn,Portugal,Female,Lagoaça,Thoughtblab,64362.52,EUR
Robert,Hudson,rhudson2q@un.org,Guatemala,Male,Comitancillo,Skippad,,GTQ
Ronald,Jordan,rjordan2r@opensource.org,Yemen,Male,Zakhim,Linktype,25697.56,YER
Deborah,Ramirez,dramirez2s@dmoz.org,Indonesia,Female,Karangtanjung,Babbleblab,78721.02,IDR
Cynthia,White,cwhite2t@etsy.com,Brazil,Female,Monte Aprazível,Cogibox,56792.75,BRL
Johnny,Weaver,jweaver2u@unicef.org,China,Male,Taihe,Digitube,89183.81,CNY
Janice,Flores,jflores2v@skyrock.com,Philippines,Female,Imus,Dabjam,13702.05,PHP
Irene,Harris,iharris2w@amazon.co.jp,China,Female,Temeke,Twitterwire,76289.29,CNY
Ann,Ford,aford2x@diigo.com,Indonesia,Female,Banyumas,Tagopia,31876.17,IDR
Virginia,Kelly,vkelly2y@hubpages.com,Serbia,Female,Zrenjanin,Dynabox,37596.11,RSD
Victor,Ryan,vryan2z@timesonline.co.uk,Ukraine,Male,Hulyaypole,Eabox,41911.93,UAH
Kathy,Rogers,krogers30@ed.gov,Poland,Female,Dąbie,Riffwire,77543.50,PLN
Bonnie,Ryan,bryan31@imdb.com,China,Female,Changhe,Dablist,38170.29,CNY
Terry,Bennett,tbennett32@washington.edu,Indonesia,Male,Sumberrejo,Linkbuzz,46282.26,IDR
Brenda,King,bking33@youku.com,Norway,Female,Sarpsborg,Katz,35588.33,NOK
Lillian,Gonzales,lgonzales34@cisco.com,Solomon Islands,Female,Gizo,Meevee,,SBD
Arthur,Richardson,arichardson35@moonfruit.com,Bosnia and Herzegovina,Male,Dvorovi,Photobug,43157.87,BAM
Annie,Jones,ajones36@shutterfly.com,Portugal,Female,Benavila,Vipe,51004.38,EUR
Douglas,Rodriguez,drodriguez37@skyrock.com,Brazil,Male,Itororó,Nlounge,34276.13,BRL
Jane,Smith,jsmith38@answers.com,Ethiopia,Female,Gīdolē,Bubblemix,24731.86,ETB
Nicole,Dixon,ndixon39@amazon.com,Indonesia,Female,Dawuhan,Photobug,,IDR
Martha,Simmons,msimmons3a@comcast.net,Vietnam,Female,Núi Đối,Oozz,28929.06,VND
Randy,Dean,rdean3b@shutterfly.com,China,Male,Longxi,Riffpath,52391.64,CNY
Rose,Grant,rgrant3c@taobao.com,Poland,Female,Paprotnia,Topicware,70578.52,PLN
Benjamin,Gray,bgray3d@illinois.edu,Brazil,Male,Paranaíba,Meezzy,59262.76,BRL
Shirley,Ward,sward3e@nbcnews.com,China,Female,Jiaoshanhe,Quatz,23520.14,CNY
Joe,Ryan,jryan3f@cnn.com,Indonesia,Male,Pinrang,Topiclounge,85315.93,IDR
Jessica,Austin,jaustin3g@google.co.jp,Japan,Female,Masaki-chō,Kanoodle,66913.80,JPY
Beverly,Harris,bharris3h@blog.com,Costa Rica,Female,San Francisco,Wikivu,77043.48,CRC
Steven,Gonzalez,sgonzalez3i@simplemachines.org,China,Male,Jurh,Voomm,9038.69,CNY
Donald,Coleman,dcoleman3j@dell.com,Mali,Male,Bafoulabé,Kamba,66043.27,XOF
Douglas,Boyd,dboyd3k@japanpost.jp,Indonesia,Male,Pandean,Divanoodle,71413.13,IDR
Aaron,Torres,atorres3l@techcrunch.com,Brazil,Male,Neópolis,Edgeclub,22367.81,BRL
Anna,Chavez,achavez3m@chron.com,Serbia,Female,Niška Banja,Katz,,RSD
Amanda,Willis,awillis3n@livejournal.com,Sweden,Female,Örebro,Skaboo,,SEK
Karen,Kelley,kkelley3o@chronoengine.com,Syria,Female,‘Ayn an Nasr,Quamba,1375.21,SYP
Juan,Hanson,jhanson3p@virginia.edu,France,Male,Lille,Jabberbean,28198.61,EUR
John,Hansen,jhansen3q@disqus.com,Morocco,Male,Saddina,Realfire,,MAD
Patrick,Alexander,palexander3r@behance.net,France,Male,Dunkerque,Wikizz,7950.70,EUR
Wayne,Hamilton,whamilton3s@dagondesign.com,China,Male,Xinjiebu,Yacero,43452.15,CNY
Betty,Hawkins,bhawkins3t@dailymotion.com,Sweden,Female,Skara,Thoughtblab,61007.99,SEK
Lillian,Lee,llee3u@examiner.com,France,Female,Besançon,Devpoint,81156.62,EUR
Janet,Hunt,jhunt3v@oracle.com,Colombia,Female,Gualmatán,Trudeo,93155.30,COP
Carol,Harris,charris3w@imdb.com,Russia,Female,Soldato-Aleksandrovskoye,Meevee,41246.09,RUB
Wayne,Ward,wward3x@networksolutions.com,China,Male,Mangdang,Tagfeed,67527.60,CNY
Daniel,Murphy,dmurphy3y@hud.gov,Sweden,Male,Tierp,Ailane,24312.91,SEK
Joe,Armstrong,jarmstrong3z@taobao.com,Czech Republic,Male,Buchlovice,Feedspan,37828.00,CZK
Fred,Chapman,fchapman40@jiathis.com,France,Male,Bry-sur-Marne,Youopia,86638.45,EUR
Victor,Gonzalez,vgonzalez41@dedecms.com,Vietnam,Male,Thị Trấn Nguyên Bình,Roodel,46175.02,VND
Joyce,Reynolds,jreynolds42@si.edu,Greece,Female,Xylókastro,Quimm,39685.71,EUR
Roy,Morrison,rmorrison43@delicious.com,Honduras,Male,San José de Colinas,Zoonder,13930.57,HNL
Nancy,Gilbert,ngilbert44@geocities.com,Peru,Female,Rosaspata,Fatz,94049.18,PEN
Ronald,Owens,rowens45@oracle.com,France,Male,Pau,Fadeo,81665.12,EUR
Sandra,Taylor,staylor46@netlog.com,Chile,Female,La Laja,Talane,60967.19,CLP
Russell,Ramirez,rramirez47@mozilla.org,South Africa,Male,Bela-Bela,Latz,63331.81,ZAR
Lisa,Little,llittle48@ebay.com,Georgia,Female,Tsinandali,Centizu,82991.15,GEL
Howard,Green,hgreen49@wp.com,Serbia,Male,Bukor,Shuffledrive,96966.85,RSD
Carl,Carroll,ccarroll4a@jiathis.com,Philippines,Male,Nagcarlan,Quinu,25387.44,PHP
Joan,Foster,jfoster4b@nhs.uk,United States,Female,Scottsdale,Wikizz,52636.64,USD
Juan,Williams,jwilliams4c@ca.gov,Portugal,Male,Anadia,Shufflester,35988.27,EUR
Todd,Stanley,tstanley4d@japanpost.jp,China,Male,Huishi,Realcube,94040.38,CNY
Judith,Crawford,jcrawford4e@i2i.jp,Russia,Female,Petukhovo,Oyope,85912.38,RUB
Matthew,Kelley,mkelley4f@hugedomains.com,Thailand,Male,Chulabhorn,Skinder,32291.80,THB
Walter,Payne,wpayne4g@i2i.jp,Mongolia,Male,Khujirt,Tagfeed,31964.52,MNT
Alice,Kelly,akelly4h@ucsd.edu,Colombia,Female,Lorica,Skipstorm,757.84,COP
Jerry,Gray,jgray4i@ucoz.ru,Czech Republic,Male,Otaslavice,Topicstorm,85236.30,CZK
Terry,Howell,thowell4j@linkedin.com,China,Male,Xiaowuzhan,Dynava,63119.46,CNY
Terry,Shaw,tshaw4k@abc.net.au,Colombia,Male,La Jagua de Ibirico,Devshare,37902.62,COP
Rachel,Frazier,rfrazier4l@independent.co.uk,Sweden,Female,Stockholm,Jaloo,95099.02,SEK
Debra,Wheeler,dwheeler4m@indiatimes.com,Greece,Female,Palaiochóri,Brightdog,28014.84,EUR
Bobby,Kelly,bkelly4n@auda.org.au,China,Male,Cikai,Riffpath,81969.20,CNY
Timothy,Torres,ttorres4o@hubpages.com,China,Male,Huzhen,Oyoba,34128.37,CNY
Tina,Medina,tmedina4p@issuu.com,Saint Helena,Female,Edinburgh of the Seven Seas,Dynazzy,98975.81,SHP
Todd,Shaw,tshaw4q@cyberchimps.com,Chad,Male,Moussoro,Skyba,,XAF
Paul,Phillips,pphillips4r@microsoft.com,China,Male,Heishui,Skimia,3641.31,CNY
Brandon,Collins,bcollins4s@rakuten.co.jp,Thailand,Male,Den Chai,Brightdog,74782.85,THB
Kelly,Taylor,ktaylor4t@addtoany.com,Indonesia,Female,Kujung,Quamba,76145.90,IDR
Amanda,Henry,ahenry4u@dagondesign.com,Honduras,Female,Belén Gualcho,Youbridge,21992.62,HNL
Annie,Jackson,ajackson4v@linkedin.com,Russia,Female,Lesogorsk,Minyx,72055.68,RUB
Keith,Duncan,kduncan4w@miitbeian.gov.cn,China,Male,Jincheng,Skyndu,81599.80,CNY
Gary,Long,glong4x@google.it,Russia,Male,Sertolovo,Zoonoodle,83102.99,RUB
Margaret,Stewart,mstewart4y@gizmodo.com,Russia,Female,Il’ka,Yabox,31777.47,RUB
Ronald,Ray,rray4z@discovery.com,Cuba,Male,Calimete,Meevee,90088.96,CUP
Adam,Ray,aray50@epa.gov,Uganda,Male,Luuka Town,Yozio,,UGX
Lori,Williamson,lwilliamson51@free.fr,Portugal,Female,Várzea,Jaxworks,18915.14,EUR
Rebecca,Smith,rsmith52@g.co,Slovenia,Female,Preserje pri Radomljah,Katz,60291.67,EUR
Victor,Sanders,vsanders53@qq.com,Estonia,Male,Jõgeva,Buzzbean,6821.73,EUR
Joe,Barnes,jbarnes54@networksolutions.com,Botswana,Male,Kanye,Cogidoo,91117.29,BWP
Bonnie,Mccoy,bmccoy55@multiply.com,China,Female,Shimen,Gevee,9640.35,CNY
Earl,Grant,egrant56@skyrock.com,Mexico,Male,San Francisco,Thoughtbeat,41207.32,MXN
Sara,Davis,sdavis57@si.edu,Thailand,Female,Thap Than,Katz,43954.46,THB
George,Rodriguez,grodriguez58@ezinearticles.com,United States,Male,Evansville,Miboo,27381.87,USD
Rachel,Perez,rperez59@flavors.me,Zimbabwe,Female,Shamva,Babblestorm,1486.67,ZWL
Melissa,Perez,mperez5a@homestead.com,Belarus,Female,Pryvol’ny,Viva,26802.79,BYR
Randy,Moore,rmoore5b@purevolume.com,Serbia,Male,Bukor,Einti,99254.17,RSD
Bonnie,Carter,bcarter5c@unesco.org,China,Female,Jiangpan,Avamba,13440.48,CNY
Lillian,Butler,lbutler5d@tumblr.com,Guatemala,Female,Santa Apolonia,Skynoodle,80326.24,GTQ
Brenda,Johnson,bjohnson5e@amazon.de,Russia,Female,Novikovo,Jazzy,39853.66,RUB
Aaron,Phillips,aphillips5f@smugmug.com,Brazil,Male,Fonte Boa,Jatri,65073.38,BRL
Kelly,Wood,kwood5g@t.co,Peru,Female,Andarapa,Skyba,92601.75,PEN
Tina,Collins,tcollins5h@hc360.com,Zambia,Female,Limulunga,Browseblab,36786.97,ZMW
Chris,Hawkins,chawkins5i@theguardian.com,Czech Republic,Male,Telč,Plambee,59728.50,CZK
Marie,Lee,mlee5j@toplist.cz,Sweden,Female,Stockholm,Oyoloo,,SEK
Aaron,Montgomery,amontgomery5k@dailymail.co.uk,China,Male,Lujing Zhen,Riffwire,43294.60,CNY
Jessica,Nichols,jnichols5l@psu.edu,Thailand,Female,Tha Yang,Zoozzy,23415.34,THB
Chris,Elliott,celliott5m@dell.com,Portugal,Male,Serra D'El Rei,JumpXS,73359.97,EUR
Susan,Allen,sallen5n@fema.gov,China,Female,Aiguo,Gigabox,65976.53,CNY
Gregory,Snyder,gsnyder5o@psu.edu,France,Male,Rouen,Blogtags,19982.67,EUR
Matthew,Nguyen,mnguyen5p@oakley.com,Palestinian Territory,Male,Ḩablah,Skalith,,ILS
Roger,Watson,rwatson5q@shop-pro.jp,Kazakhstan,Male,Baykonyr,Demizz,55373.70,KZT
Victor,Dunn,vdunn5r@jiathis.com,China,Male,Huashu,Bluezoom,16579.60,CNY
Angela,Burton,aburton5s@nih.gov,Cyprus,Female,Nicosia,Quinu,17965.24,EUR
Harold,Stephens,hstephens5t@privacy.gov.au,Sweden,Male,Burträsk,Shufflester,49970.76,SEK
Beverly,Lee,blee5u@patch.com,Netherlands,Female,Tilburg,Skiptube,9639.55,EUR
Jerry,Henry,jhenry5v@pinterest.com,Netherlands,Male,Enschede,Dynazzy,53348.77,EUR
Dorothy,Johnson,djohnson5w@booking.com,Vietnam,Female,Phong Điền,Youspan,26048.02,VND
Stephanie,Scott,sscott5x@cornell.edu,China,Female,Puhechang,Zoomdog,2111.60,CNY
Thomas,Holmes,tholmes5y@time.com,Indonesia,Male,Kebunkelapa,Agivu,52222.91,IDR
Christine,Martin,cmartin5z@goodreads.com,Czech Republic,Female,Hřebeč,Livetube,36354.71,CZK
Joyce,Castillo,jcastillo60@ezinearticles.com,Greece,Female,Páchni,Midel,39493.45,EUR
Raymond,Hart,rhart61@cpanel.net,Indonesia,Male,Garisul,Voolia,94832.94,IDR
Elizabeth,Taylor,etaylor62@sciencedaily.com,Thailand,Female,Kosum Phisai,Aibox,87762.74,THB
Mary,Robertson,mrobertson63@theatlantic.com,Morocco,Female,Moulay Abdallah,Minyx,41669.32,MAD
Diana,Pierce,dpierce64@t.co,Brazil,Female,Paripiranga,Babblestorm,30853.46,BRL
Harold,Hill,hhill65@wikispaces.com,Russia,Male,Chastyye,Trunyx,70376.32,RUB
Billy,Webb,bwebb66@google.co.uk,China,Male,Zhetian,Realblab,6424.57,CNY
Jack,Black,jblack67@webs.com,Indonesia,Male,Takengon,Leenti,,IDR
Ruby,Johnston,rjohnston68@weebly.com,Slovenia,Female,Log pri Brezovici,Photobug,6258.40,EUR
George,Harrison,gharrison69@reverbnation.com,Russia,Male,Shumyachi,Browsedrive,29498.45,RUB
Paula,Morales,pmorales6a@who.int,Indonesia,Female,Semamung,Blognation,2642.36,IDR
Robert,Scott,rscott6b@ucoz.ru,Philippines,Male,San Juan,Youtags,38050.02,PHP
Terry,Carter,tcarter6c@delicious.com,Uruguay,Male,La Floresta,Minyx,99577.00,UYU
Brenda,Hawkins,bhawkins6d@wunderground.com,Colombia,Female,Distracción,Aivee,31624.21,COP
Rebecca,Long,rlong6e@themeforest.net,Ukraine,Female,Chuhuyiv,Dynava,76922.96,UAH
Cynthia,Snyder,csnyder6f@dropbox.com,Libya,Female,Az Zintān,Zooxo,57965.54,LYD
Henry,Willis,hwillis6g@xing.com,France,Male,Meylan,Aivee,8076.69,EUR
Terry,Alexander,talexander6h@opera.com,France,Male,Douarnenez,Reallinks,54832.01,EUR
Debra,Hunt,dhunt6i@nsw.gov.au,Sweden,Female,Lidingö,Kimia,66018.42,SEK
Steve,Woods,swoods6j@last.fm,Sweden,Male,Göteborg,Katz,36064.19,SEK
Jean,Williams,jwilliams6k@webeden.co.uk,Russia,Female,Devitsa,Riffpath,61836.69,RUB
Denise,Kelly,dkelly6l@hostgator.com,Madagascar,Female,Ambanja,Realcube,74827.54,MGA
Kathleen,Scott,kscott6m@xrea.com,Indonesia,Female,Babirik,Youtags,79302.47,IDR
Victor,Ray,vray6n@cbsnews.com,Kosovo,Male,Nishor,Avavee,9865.52,EUR
Phillip,White,pwhite6o@fotki.com,Vietnam,Male,Ai Tu,Devshare,3141.96,VND
Pamela,Nelson,pnelson6p@chron.com,China,Female,Dongzhou,Skaboo,78518.97,CNY
Joe,Hanson,jhanson6q@cdc.gov,Mauritius,Male,Goodlands,Edgewire,61853.40,MUR
Sarah,Adams,sadams6r@pbs.org,Costa Rica,Female,Guápiles,Zoonoodle,51778.13,CRC
Irene,Williams,iwilliams6s@sohu.com,China,Female,Xiaojian,Yata,40443.47,CNY
Edward,Daniels,edaniels6t@live.com,Peru,Male,Pampachiri,Bubblemix,29258.23,PEN
Cynthia,Fields,cfields6u@bravesites.com,China,Female,Jilin,Twinte,87649.29,CNY
Elizabeth,Palmer,epalmer6v@va.gov,Portugal,Female,São Mateus,Oyoyo,96060.85,EUR
Phyllis,Hunt,phunt6w@prnewswire.com,China,Female,Alakak,Devbug,5337.32,CNY
Norma,Brooks,nbrooks6x@cocolog-nifty.com,Portugal,Female,Boavista,Quimba,97330.09,EUR
William,Chavez,wchavez6y@blogs.com,Brazil,Male,Bambuí,Skiba,52121.84,BRL
Alice,Richardson,arichardson6z@google.com.br,Croatia,Female,Opuzen,Flipopia,54310.28,HRK
Kelly,Payne,kpayne70@spotify.com,United States,Female,Honolulu,Mybuzz,51566.67,USD
Michelle,Lane,mlane71@gizmodo.com,Greece,Female,Megáli Khóra,Feednation,14162.77,EUR
Andrew,Kim,akim72@dedecms.com,China,Male,Wuqishan,Tagtune,84517.10,CNY
Terry,Simpson,tsimpson73@cnbc.com,France,Male,Bondoufle,Skajo,25518.97,EUR
Maria,Mitchell,mmitchell74@biblegateway.com,China,Female,Chengtou,Topiclounge,49703.76,CNY
Brian,Alvarez,balvarez75@gov.uk,Philippines,Male,Binalbagan,Divavu,95571.07,PHP
Rose,Robertson,rrobertson76@gizmodo.com,Colombia,Female,Barranco de Loba,Gigaclub,40710.77,COP
Steven,Hunt,shunt77@rediff.com,Uzbekistan,Male,Kegeyli Shahar,Yodel,67074.68,UZS
Steven,Brooks,sbrooks78@google.ru,Sweden,Male,Borås,Roombo,32456.18,SEK
Jerry,Palmer,jpalmer79@examiner.com,Brazil,Male,Criciúma,Thoughtstorm,7123.22,BRL
Albert,Williamson,awilliamson7a@hugedomains.com,Brazil,Male,São Mateus do Maranhão,Latz,83539.72,BRL
Jack,Hart,jhart7b@homestead.com,France,Male,Saint-Grégoire,Thoughtstorm,15963.49,EUR
Robin,Simpson,rsimpson7c@nih.gov,Philippines,Female,Kawit,Youspan,5589.03,PHP
Frances,Ramirez,framirez7d@theguardian.com,Sweden,Female,Nybro,Viva,71167.60,SEK
Cheryl,Nichols,cnichols7e@webs.com,Portugal,Female,Criação Velha,Trudoo,69162.01,EUR
Alan,Schmidt,aschmidt7f@usnews.com,Indonesia,Male,Woto,Camido,75677.19,IDR
Andrew,Harvey,aharvey7g@ftc.gov,Ireland,Male,Gorey,Bluejam,48805.23,EUR
Jane,Knight,jknight7h@edublogs.org,Philippines,Female,San Juan,Youtags,34100.19,PHP
Denise,Ferguson,dferguson7i@fastcompany.com,Serbia,Female,Stari Banovci,Avamm,78994.49,RSD
Catherine,Barnes,cbarnes7j@flavors.me,China,Female,Xiaomei,Zoonoodle,78504.77,CNY
Benjamin,Simpson,bsimpson7k@arizona.edu,Estonia,Male,Uuemõisa,Trudeo,34330.54,EUR
Mildred,Rose,mrose7l@nba.com,Colombia,Female,Segovia,Edgetag,92589.85,COP
Sharon,Rivera,srivera7m@cdc.gov,Brazil,Female,Iranduba,Livefish,49807.58,BRL
Robert,Fisher,rfisher7n@discovery.com,Philippines,Male,Danao,Dabtype,1874.99,PHP
Ann,Grant,agrant7o@php.net,Mexico,Female,Emiliano Zapata,Zoomdog,32009.70,MXN
Gregory,Arnold,garnold7p@phoca.cz,Malaysia,Male,Taiping,Avamm,90680.73,MYR
Donald,Berry,dberry7q@symantec.com,Vietnam,Male,Qui Nhon,Chatterbridge,63231.13,VND
Marilyn,Chapman,mchapman7r@pinterest.com,China,Female,Shuqiao,Cogibox,14296.89,CNY
Philip,Sims,psims7s@google.ca,Vietnam,Male,Dĩ An,Skajo,22979.20,VND
Brian,Gomez,bgomez7t@paginegialle.it,Indonesia,Male,Kalidawir,Topicblab,,IDR
Kelly,Henderson,khenderson7u@de.vu,Indonesia,Female,Samburat,Flashset,89825.57,IDR
Martin,Kelly,mkelly7v@biglobe.ne.jp,Greece,Male,Katoúna,Eimbee,71953.00,EUR
Sara,Gonzales,sgonzales7w@google.com.hk,Ireland,Female,Tullamore,Roombo,73864.40,EUR
Joe,Jordan,jjordan7x@nifty.com,Oman,Male,Shināş,Tazz,6145.25,OMR
Maria,Cook,mcook7y@reuters.com,Indonesia,Female,Kentongan,Yoveo,81623.06,IDR
Gregory,Greene,ggreene7z@over-blog.com,Brazil,Male,João Monlevade,Skiptube,80528.16,BRL
Sharon,Ward,sward80@gmpg.org,Ecuador,Female,Montecristi,Gabtune,51469.23,USD
Earl,Phillips,ephillips81@t.co,Philippines,Male,Guiuan,Topicstorm,34864.07,PHP
Teresa,Day,tday82@homestead.com,Poland,Female,Kortowo,Skipstorm,21405.09,PLN
Virginia,Martin,vmartin83@weibo.com,Brazil,Female,Videira,Shuffletag,66156.58,BRL
Beverly,Palmer,bpalmer84@wsj.com,China,Female,Bei’an,Skiba,17703.81,CNY
Jacqueline,Stanley,jstanley85@yellowpages.com,Guatemala,Female,Mataquescuintla,Wikido,22012.57,GTQ
Linda,Foster,lfoster86@earthlink.net,China,Female,Baimaqiao,Shufflebeat,28203.35,CNY
Jason,Sanchez,jsanchez87@nyu.edu,Russia,Male,Izhmorskiy,Photobug,60050.77,RUB
Albert,Washington,awashington88@engadget.com,Philippines,Male,San Fernando,Oodoo,446.88,PHP
Robert,Andrews,randrews89@pinterest.com,Peru,Male,Acas,Centimia,,PEN
Philip,Clark,pclark8a@wikispaces.com,Finland,Male,Ruokolahti,Fadeo,79106.23,EUR
Nicholas,Hall,nhall8b@sohu.com,China,Male,Hukeng,Ooba,,CNY
Harry,Moore,hmoore8c@github.com,Philippines,Male,Mabilog,Bubblemix,72810.71,PHP
Henry,Hawkins,hhawkins8d@typepad.com,Zimbabwe,Male,Mutoko,Browsedrive,,ZWL
Janice,Chavez,jchavez8e@accuweather.com,Indonesia,Female,Segong,Skalith,88269.43,IDR
Gary,Fowler,gfowler8f@hubpages.com,China,Male,Shuangxi,Flashpoint,40943.92,CNY
Scott,Wright,swright8g@youtu.be,Indonesia,Male,Gemblengmulyo,Babbleset,28568.89,IDR
Gary,Hall,ghall8h@surveymonkey.com,Thailand,Male,Sapphaya,Vitz,80253.65,THB
Sara,Mccoy,smccoy8i@about.com,Yemen,Female,Al ‘Anān,Wikizz,8382.53,YER
Albert,Cole,acole8j@who.int,China,Male,Shizong,Rhynoodle,43716.39,CNY
Gregory,George,ggeorge8k@yolasite.com,Japan,Male,Kashihara,Quimm,42629.70,JPY
Stephanie,Stone,sstone8l@constantcontact.com,Poland,Female,Ryjewo,Oba,,PLN
Brian,Hill,bhill8m@bandcamp.com,Niger,Male,Téra,Oyope,,XOF
Nicholas,Howell,nhowell8n@squidoo.com,Kazakhstan,Male,Shu,Youfeed,82583.01,KZT
Fred,Harvey,fharvey8o@auda.org.au,Ivory Coast,Male,Bongouanou,Npath,37345.85,XOF
Ruth,Austin,raustin8p@narod.ru,China,Female,Nanqiao,Aimbu,23731.32,CNY
Jane,Moore,jmoore8q@blog.com,Peru,Female,Sacsamarca,Realblab,,PEN
Daniel,Perkins,dperkins8r@wordpress.com,Afghanistan,Male,Markaz-e Woluswalī-ye Āchīn,Tanoodle,5405.73,AFN
Jason,Mills,jmills8s@lulu.com,Indonesia,Male,Sangoleng,Photobug,10316.61,IDR
Frances,Gomez,fgomez8t@vinaora.com,Kenya,Female,Keroka,Thoughtworks,64739.24,KES
Timothy,Fisher,tfisher8u@cmu.edu,Indonesia,Male,Nobinobi,Katz,,IDR
Joyce,Peters,jpeters8v@hibu.com,Uganda,Female,Mubende,Jatri,1563.15,UGX
Aaron,Meyer,ameyer8w@example.com,Indonesia,Male,Tiyingtali Kelod,Blogpad,18778.72,IDR
Samuel,Simmons,ssimmons8x@arstechnica.com,Macedonia,Male,Beranci,Quimm,96528.59,MKD
Margaret,Fowler,mfowler8y@cloudflare.com,Poland,Female,Czemierniki,Topicshots,26252.73,PLN
Janet,Tucker,jtucker8z@vinaora.com,China,Female,Chenchang,Youspan,95487.87,CNY
Jack,Fisher,jfisher90@youku.com,Portugal,Male,Igreja,Skilith,82024.78,EUR
Anna,Fox,afox91@sphinn.com,Philippines,Female,Buliwao,Feedspan,81375.13,PHP
Marie,Mason,mmason92@statcounter.com,Ukraine,Female,Vodyane,Pixonyx,31198.84,UAH
Cheryl,Cruz,ccruz93@yandex.ru,Indonesia,Female,Putrajawa,Quatz,50307.38,IDR
Justin,Harper,jharper94@51.la,Russia,Male,Beloostrov,Flashset,,RUB
Cynthia,Hunter,chunter95@un.org,France,Female,Hyères,Edgeblab,86054.68,EUR
Chris,Boyd,cboyd96@aol.com,Indonesia,Male,Cimanggu Girang,Brightdog,4555.74,IDR
Ralph,Porter,rporter97@domainmarket.com,France,Male,Balma,Wordtune,,EUR
Sarah,Adams,sadams98@jugem.jp,United States,Female,Laurel,Voomm,6995.97,USD
Robert,Carpenter,rcarpenter99@diigo.com,Tajikistan,Male,Orzu,Divavu,36643.90,TJS
Terry,Edwards,tedwards9a@delicious.com,China,Male,Qiaole,Edgepulse,63365.02,CNY
Denise,Roberts,droberts9b@hostgator.com,United States,Female,San Antonio,Mita,2483.47,USD
Jennifer,Welch,jwelch9c@gnu.org,China,Female,Baini,InnoZ,,CNY
Katherine,Carroll,kcarroll9d@nps.gov,Russia,Female,Kuznechikha,Shufflester,21023.13,RUB
Kimberly,Matthews,kmatthews9e@odnoklassniki.ru,China,Female,Huainan,Mudo,95814.77,CNY
Carl,Webb,cwebb9f@mashable.com,China,Male,Youdunjie,Yodo,77775.17,CNY
Jeremy,Fox,jfox9g@oracle.com,Sweden,Male,Gränna,Gabtune,73676.50,SEK
Phillip,Garza,pgarza9h@infoseek.co.jp,Portugal,Male,Castanheiro do Sul,Gigazoom,,EUR
Jerry,Spencer,jspencer9i@aboutads.info,Sudan,Male,Al Masallamiyya,Babbleblab,,SDG
Jimmy,Fields,jfields9j@sciencedaily.com,Japan,Male,Gujō,Riffpath,63632.98,JPY
Diana,Clark,dclark9k@un.org,Indonesia,Female,Simpang,InnoZ,,IDR
Todd,Greene,tgreene9l@netscape.com,Germany,Male,Wuppertal,Agimba,56471.20,EUR
Kenneth,Garcia,kgarcia9m@creativecommons.org,Philippines,Male,Balibago,Minyx,35427.87,PHP
Anthony,Meyer,ameyer9n@miitbeian.gov.cn,Morocco,Male,Tazarine,Cogibox,61365.70,MAD
Ann,Johnston,ajohnston9o@nhs.uk,United States,Female,Mobile,Feedmix,55629.49,USD
Theresa,Wells,twells9p@infoseek.co.jp,Philippines,Female,Mauhao,Oloo,91563.94,PHP
James,White,jwhite9q@webs.com,Czech Republic,Male,Libice nad Cidlinou,Muxo,12959.28,CZK
Juan,Fowler,jfowler9r@google.co.uk,Vietnam,Male,Đồng Mỏ,Eazzy,85914.30,VND
Amy,Kennedy,akennedy9s@jigsy.com,China,Female,Yanqian,Plajo,4883.89,CNY
Alice,Webb,awebb9t@yellowbook.com,Indonesia,Female,Kedungsumurkrajan,Gabtune,48663.46,IDR
Diana,Garcia,dgarcia9u@topsy.com,China,Female,Dali,Feedbug,28235.23,CNY
Debra,Sims,dsims9v@i2i.jp,Montenegro,Female,Bar,Tanoodle,25664.41,EUR
Julia,Riley,jriley9w@furl.net,Philippines,Female,Napalitan,Realpoint,33803.57,PHP
Antonio,Mitchell,amitchell9x@thetimes.co.uk,Pakistan,Male,Amangarh,Zooxo,83822.55,PKR
Kathy,Wallace,kwallace9y@ca.gov,Spain,Female,Torrevieja,Cogilith,52482.69,EUR
Willie,Boyd,wboyd9z@1und1.de,Indonesia,Male,Cileueur,Omba,58439.88,IDR
Ruth,Cunningham,rcunninghama0@spotify.com,Brazil,Female,Oliveira,BlogXS,55794.51,BRL
Steve,Cruz,scruza1@shareasale.com,China,Male,Zhendong,Dabvine,49209.57,CNY
Mary,Spencer,mspencera2@timesonline.co.uk,China,Female,Changshan,Fiveclub,2993.28,CNY
Tina,Ellis,tellisa3@europa.eu,Russia,Female,Yermish’,Oodoo,,RUB
Teresa,Rogers,trogersa4@foxnews.com,Indonesia,Female,Cimara,Twimm,61128.32,IDR
Edward,Kelly,ekellya5@qq.com,Sweden,Male,Falun,Zooxo,11043.07,SEK
Kelly,Greene,kgreenea6@eepurl.com,China,Female,Shangfang,Edgetag,68610.56,CNY
Martin,Warren,mwarrena7@hubpages.com,Namibia,Male,Ondangwa,Mudo,16289.29,NAD
Michael,Moore,mmoorea8@etsy.com,Cuba,Male,Baraguá,Trilia,85976.56,CUP
Ann,Anderson,aandersona9@cbslocal.com,Indonesia,Female,Gunung,Zooveo,45643.73,IDR
Joe,Jenkins,jjenkinsaa@zdnet.com,Finland,Male,Töysä,Bubblemix,62173.17,EUR
Jason,Austin,jaustinab@angelfire.com,Indonesia,Male,Ganding,Yamia,,IDR
Judith,Bell,jbellac@clickbank.net,Ethiopia,Female,Āwash,Oyope,,ETB
Alan,Welch,awelchad@webmd.com,Sweden,Male,Solna,Kwideo,30947.13,SEK
Mildred,Armstrong,marmstrongae@mozilla.org,Canada,Female,Oromocto,Twitterbridge,27064.85,CAD
Wanda,Ramirez,wramirezaf@slashdot.org,Panama,Female,Pueblo Viejo,Oba,59849.48,PAB
Keith,Howard,khowardag@i2i.jp,United States,Male,Huntington,Pixoboo,79991.36,USD
Jessica,Hill,jhillah@edublogs.org,Chile,Female,Calbuco,Voomm,34014.07,CLP
Beverly,Martin,bmartinai@umn.edu,Turkmenistan,Female,Atamyrat,Divanoodle,98230.91,TMT
Diane,Boyd,dboydaj@utexas.edu,China,Female,Lujiao,Dabvine,38831.75,CNY
Debra,Hunter,dhunterak@nih.gov,Finland,Female,Loppi,Tanoodle,25423.88,EUR
Jacqueline,Richards,jrichardsal@plala.or.jp,China,Female,Meicheng,Zoomcast,81006.16,CNY
Stephanie,Riley,srileyam@privacy.gov.au,Philippines,Female,Mangero,Wordtune,93918.18,PHP
Andrew,Hawkins,ahawkinsan@shareasale.com,Brazil,Male,Campos Sales,Voonte,67773.10,BRL
Lois,Wright,lwrightao@yellowbook.com,Canada,Female,Viking,Thoughtstorm,2438.87,CAD
Rebecca,Moreno,rmorenoap@seattletimes.com,Pakistan,Female,Warburton,Topicstorm,27486.49,PKR
Ernest,Perkins,eperkinsaq@domainmarket.com,Portugal,Male,Ribeira Seca,Meejo,37396.75,EUR
Christine,Edwards,cedwardsar@furl.net,Indonesia,Female,Medang,Voomm,28338.88,IDR
Johnny,Lawrence,jlawrenceas@hatena.ne.jp,Nigeria,Male,Gandi,Mynte,7539.41,NGN
Ronald,Hicks,rhicksat@addtoany.com,Indonesia,Male,Sidomulyo Kulon,Demivee,10817.48,IDR
Samuel,Mccoy,smccoyau@123-reg.co.uk,Argentina,Male,Quilmes,Gigashots,72724.79,ARS
Matthew,Mills,mmillsav@behance.net,Montserrat,Male,Plymouth,Realblab,65280.97,XCD
Marilyn,Andrews,mandrewsaw@skyrock.com,Brazil,Female,Campina Grande,Realmix,12014.78,BRL
Peter,Jordan,pjordanax@state.gov,Pakistan,Male,Nazir Town,Layo,,PKR
Anthony,Ruiz,aruizay@berkeley.edu,Pakistan,Male,Sehwān,Wordware,75054.85,PKR
Nancy,Richardson,nrichardsonaz@apache.org,Albania,Female,Voskopojë,Youtags,97938.53,ALL
Justin,Armstrong,jarmstrongb0@plala.or.jp,Indonesia,Male,Tanggung,Tekfly,89810.86,IDR
Willie,Ellis,wellisb1@boston.com,Russia,Male,Anuchino,Divape,25355.67,RUB
Catherine,Crawford,ccrawfordb2@tamu.edu,China,Female,Huxiaoqiao,Mydeo,92878.83,CNY
Stephanie,Hernandez,shernandezb3@xing.com,Indonesia,Female,Long Loreh,Feedfish,58092.17,IDR
Pamela,Nguyen,pnguyenb4@arizona.edu,China,Female,Caigongzhuang,Yodoo,21567.47,CNY
Willie,Larson,wlarsonb5@gnu.org,Japan,Male,Jōetsu,Wordpedia,51687.41,JPY
Lawrence,Nelson,lnelsonb6@bluehost.com,Indonesia,Male,Danidehe,Agimba,28866.29,IDR
Diane,Palmer,dpalmerb7@cbsnews.com,United States,Female,Saint Louis,Yodel,63065.78,USD
Christopher,Freeman,cfreemanb8@japanpost.jp,Malta,Male,Żabbar,Voonder,10676.36,EUR
Terry,Thomas,tthomasb9@reference.com,Russia,Male,Chechen-Aul,Thoughtsphere,37292.80,RUB
Walter,Watkins,wwatkinsba@indiatimes.com,Portugal,Male,Algoz,Tekfly,72653.50,EUR
Ruth,Martin,rmartinbb@fda.gov,Poland,Female,Krzeczów,Zoomdog,97911.59,PLN
Lisa,Richardson,lrichardsonbc@google.co.uk,Philippines,Female,Caracal,Myworks,1129.53,PHP
Michelle,Hernandez,mhernandezbd@theguardian.com,Russia,Female,Ostashkov,Blogpad,,RUB
Pamela,Ford,pfordbe@wikimedia.org,Russia,Female,Kardzhin,Brightdog,47304.44,RUB
Russell,Weaver,rweaverbf@ask.com,China,Male,Nagqu,Mita,42074.66,CNY
Jeremy,Howard,jhowardbg@telegraph.co.uk,Czech Republic,Male,Bílovec,Twinder,55465.52,CZK
Michael,Price,mpricebh@hc360.com,United Kingdom,Male,Denton,Wordtune,46926.04,GBP
Denise,Myers,dmyersbi@admin.ch,China,Female,Shimen,Innotype,32943.75,CNY
Sharon,Chapman,schapmanbj@naver.com,Peru,Female,Granada,Myworks,,PEN
Shawn,Mitchell,smitchellbk@irs.gov,China,Male,Wangcao,Shufflester,60736.23,CNY
Brandon,Smith,bsmithbl@theatlantic.com,Australia,Male,Sydney,Centimia,3689.75,AUD
Dennis,Matthews,dmatthewsbm@toplist.cz,Argentina,Male,San Antonio Oeste,Chatterbridge,10018.44,ARS
Alice,Alexander,aalexanderbn@wsj.com,Indonesia,Female,Paledang,Quinu,73235.09,IDR
Lisa,Garcia,lgarciabo@census.gov,China,Female,Huichang,Twinte,,CNY
Louis,Sims,lsimsbp@state.gov,Yemen,Male,Dhamār,Fivespan,64564.36,YER
Doris,Ruiz,druizbq@apple.com,El Salvador,Female,Concepción de Ataco,Reallinks,78876.89,USD
Nancy,Palmer,npalmerbr@bloglines.com,Philippines,Female,Balindong,Chatterbridge,29047.17,PHP
Joseph,Ellis,jellisbs@geocities.com,Czech Republic,Male,Velké Karlovice,Oodoo,57684.53,CZK
Bruce,Dunn,bdunnbt@devhub.com,Sweden,Male,Saltsjöbaden,Buzzshare,,SEK
Terry,Bryant,tbryantbu@nbcnews.com,Malaysia,Male,Nusajaya,Cogibox,88077.91,MYR
Julia,Sanchez,jsanchezbv@nymag.com,Colombia,Female,Chita,Brainsphere,50807.11,COP
Michelle,Rose,mrosebw@admin.ch,China,Female,Chongxing,Vinder,32619.52,CNY
Albert,Arnold,aarnoldbx@dmoz.org,South Africa,Male,Worcester,Browsetype,95725.66,ZAR
Catherine,Kelley,ckelleyby@time.com,Russia,Female,Chuguyevka,Wikido,46236.76,RUB
Daniel,Cruz,dcruzbz@marketwatch.com,Russia,Male,Motygino,Dabshots,41287.85,RUB
Eugene,Carr,ecarrc0@theglobeandmail.com,United States,Male,Fort Lauderdale,Quire,45985.06,USD
Ralph,Hicks,rhicksc1@moonfruit.com,Norway,Male,Mo I Rana,Riffpedia,,NOK
Walter,Hernandez,whernandezc2@squarespace.com,China,Male,Chengtian,Blogspan,76908.60,CNY
Anna,Medina,amedinac3@goo.ne.jp,China,Female,Yuncheng,Linktype,66766.29,CNY
Sean,Cooper,scooperc4@umich.edu,China,Male,Yanliang,Skalith,77474.45,CNY
Craig,Burke,cburkec5@jalbum.net,Sweden,Male,Hallsberg,Jaxspan,,SEK
John,Smith,jsmithc6@unc.edu,Philippines,Male,Liwan,Twitterlist,54263.74,PHP
Lois,Diaz,ldiazc7@multiply.com,Poland,Female,Mierzęcice,Roomm,63922.60,PLN
Shawn,Gomez,sgomezc8@a8.net,France,Male,Avignon,Dabvine,54918.17,EUR
Ryan,Black,rblackc9@acquirethisname.com,Palestinian Territory,Male,‘Ayn al Bayḑā,Divanoodle,,ILS
Tina,Kim,tkimca@jimdo.com,Vietnam,Female,Chợ Mới,Buzzbean,34427.16,VND
Samuel,Knight,sknightcb@arstechnica.com,Russia,Male,Belovo,Devpoint,,RUB
Alice,Richardson,arichardsoncc@icio.us,Slovenia,Female,Ravne na Koroškem,Vipe,14055.13,EUR
Jesse,Gonzales,jgonzalescd@cdbaby.com,Portugal,Male,Urrô,Eadel,29517.12,EUR
Tammy,Jordan,tjordance@cisco.com,Poland,Female,Winnica,Flipbug,39626.93,PLN
Todd,Fowler,tfowlercf@tiny.cc,China,Male,Minle,Talane,31425.88,CNY
Carl,Hernandez,chernandezcg@istockphoto.com,Russia,Male,Rodnikovskaya,Dynazzy,4790.36,RUB
Frances,Boyd,fboydch@soup.io,Ecuador,Female,Balzar,Jabbersphere,45274.79,USD
Eugene,Fox,efoxci@msu.edu,Pakistan,Male,Panjgūr,Mycat,92145.61,PKR
Rebecca,Shaw,rshawcj@cisco.com,Jordan,Female,Jarash,Roombo,37134.16,JOD
Adam,Hamilton,ahamiltonck@cnet.com,Poland,Male,Wolbrom,Brightbean,6341.83,PLN
Martha,Henry,mhenrycl@thetimes.co.uk,Brazil,Female,Uberaba,Jaxworks,18890.03,BRL
Harry,Johnson,hjohnsoncm@wordpress.org,China,Male,Jingcheng,Twitternation,38600.30,CNY
William,West,wwestcn@so-net.ne.jp,Colombia,Male,Luruaco,Dablist,74981.11,COP
Gerald,Nelson,gnelsonco@arstechnica.com,Spain,Male,Castellon De La Plana/Castello De La Pla,DabZ,76739.70,EUR
Harold,Hicks,hhickscp@usda.gov,Portugal,Male,Cercal,Gevee,,EUR
Angela,Martin,amartincq@deliciousdays.com,China,Female,Zhushan,Dynabox,39213.09,CNY
Joyce,Gibson,jgibsoncr@ucoz.ru,Venezuela,Female,Tacarigua,Browsetype,23261.76,VEF
Denise,Henry,dhenrycs@csmonitor.com,New Zealand,Female,Pleasant Point,Fanoodle,95150.98,NZD
Lois,Armstrong,larmstrongct@ning.com,Sweden,Female,Nässjö,Dynava,92318.82,SEK
Jose,Carter,jcartercu@tmall.com,Chad,Male,Kelo,Zoombeat,64736.44,XAF
Terry,George,tgeorgecv@businesswire.com,Iran,Male,Mahābād,Meejo,,IRR
Rachel,Perry,rperrycw@utexas.edu,Russia,Female,Krasnogorskiy,Youfeed,22410.93,RUB
Diane,Black,dblackcx@hc360.com,Vietnam,Female,An Châu,Yadel,80474.53,VND
Diana,Webb,dwebbcy@timesonline.co.uk,China,Female,Huandiqiao,Twitterwire,11198.68,CNY
Jose,Sullivan,jsullivancz@dell.com,Philippines,Male,Calapan,Thoughtworks,,PHP
Sharon,Green,sgreend0@independent.co.uk,Portugal,Female,Castelões,Leexo,22153.27,EUR
Beverly,Smith,bsmithd1@g.co,Italy,Female,Messina,Wordpedia,61642.86,EUR
Edward,Ross,erossd2@webs.com,China,Male,Biqiao,Gabtune,41336.34,CNY
Tina,Hamilton,thamiltond3@mapy.cz,Russia,Female,Zelenogorsk,Thoughtmix,66869.26,RUB
Earl,Mcdonald,emcdonaldd4@rambler.ru,Czech Republic,Male,Hrušovany u Brna,Leenti,,CZK
Nancy,Morgan,nmorgand5@xing.com,China,Female,Dapuchaihe,Vipe,54000.25,CNY
Wanda,Young,wyoungd6@hatena.ne.jp,Czech Republic,Female,Petrovice u Karviné,Browsecat,69387.63,CZK
Rachel,Mcdonald,rmcdonaldd7@geocities.com,United States,Female,Pompano Beach,Oloo,23213.95,USD
Irene,Fowler,ifowlerd8@census.gov,China,Female,Lingdong,Demimbu,5755.29,CNY
Chris,Phillips,cphillipsd9@si.edu,Philippines,Male,Balingueo,Thoughtworks,74111.37,PHP
Carolyn,Wells,cwellsda@oaic.gov.au,Estonia,Female,Tabivere,Fiveclub,79673.45,EUR
Wanda,Garcia,wgarciadb@i2i.jp,France,Female,Lyon,Pixonyx,53507.41,EUR
Jason,Phillips,jphillipsdc@yahoo.com,Italy,Male,Roma,Voonder,87697.57,EUR
Sarah,Little,slittledd@sogou.com,China,Female,Dengfang,Fiveclub,13606.58,CNY
Patrick,Fox,pfoxde@exblog.jp,Colombia,Male,Cajicá,Tanoodle,,COP
Carl,Jacobs,cjacobsdf@linkedin.com,China,Male,Beichengqu,Brightdog,17218.65,CNY
Anne,Howard,ahowarddg@myspace.com,France,Female,Paris 05,Tagfeed,40286.29,EUR
George,Stevens,gstevensdh@1und1.de,Indonesia,Male,Kaduketug,Eayo,28485.13,IDR
Joe,Hall,jhalldi@bigcartel.com,China,Male,Heshui,Blognation,80730.53,CNY
Janice,Hughes,jhughesdj@newsvine.com,Ivory Coast,Female,Arrah,Tavu,12290.61,XOF
Linda,Long,llongdk@mail.ru,Indonesia,Female,Ketapang,Topicshots,85969.12,IDR
Phyllis,Edwards,pedwardsdl@ftc.gov,Afghanistan,Female,Pachīr wa Āgām,Leenti,31937.26,AFN
Jose,Simpson,jsimpsondm@shinystat.com,Philippines,Male,Tampakan,Eire,57832.21,PHP
Timothy,Warren,twarrendn@arstechnica.com,Czech Republic,Male,Žamberk,Jabbercube,74551.86,CZK
Sean,Nelson,snelsondo@blogger.com,Kiribati,Male,Temaiku Village,Quimba,2437.77,AUD
Rachel,Ramirez,rramirezdp@nasa.gov,Brazil,Female,Macaé,Devpulse,59627.80,BRL
Russell,Bowman,rbowmandq@patch.com,Thailand,Male,Bang Saphan,Divavu,27286.54,THB
Anna,Marshall,amarshalldr@ebay.co.uk,Bosnia and Herzegovina,Female,Živinice,Gigaclub,36555.03,BAM
Gerald,Morgan,gmorgands@psu.edu,China,Male,Huji,Demivee,18806.82,CNY
Alice,Foster,afosterdt@tuttocitta.it,Japan,Female,Iwamizawa,Feedfire,80802.27,JPY
Carlos,Russell,crusselldu@princeton.edu,Honduras,Male,Armenia,Gigashots,69730.52,HNL
Willie,Graham,wgrahamdv@merriam-webster.com,Greece,Male,Lávara,Tavu,60785.73,EUR
Stephanie,Russell,srusselldw@i2i.jp,Russia,Female,Severnyy,Meeveo,13707.82,RUB
Antonio,Price,apricedx@netvibes.com,Portugal,Male,Porto Alto,Yadel,63775.08,EUR
Robin,Wright,rwrightdy@com.com,Russia,Female,Samagaltay,Buzzshare,7715.54,RUB
Sharon,Chapman,schapmandz@last.fm,Indonesia,Female,Sitularang Landeuh,Babbleopia,29330.52,IDR
Jason,Burton,jburtone0@wunderground.com,China,Male,Guozhuang,Centizu,,CNY
Elizabeth,Morales,emoralese1@ycombinator.com,Honduras,Female,Belén Gualcho,Dynava,21718.55,HNL
Antonio,Adams,aadamse2@nsw.gov.au,Iran,Male,Zābolī,Thoughtmix,71057.48,IRR
Andrew,Henry,ahenrye3@spiegel.de,China,Male,Hantai,Rhyzio,9930.38,CNY
Diana,Welch,dwelche4@home.pl,Syria,Female,Ash Shaddādah,InnoZ,15065.67,SYP
Donna,Kelly,dkellye5@mysql.com,Russia,Female,Kurgan,Youopia,96848.40,RUB
Wanda,Lynch,wlynche6@virginia.edu,Iran,Female,Manūjān,Rhynyx,56328.43,IRR
Howard,Boyd,hboyde7@slideshare.net,Ethiopia,Male,Nejo,Gabtune,15691.60,ETB
Clarence,Watkins,cwatkinse8@wp.com,Portugal,Male,Vale Flores,Youopia,43553.99,EUR
Julia,Morgan,jmorgane9@noaa.gov,Belgium,Female,Momignies,Photobean,93431.83,EUR
Charles,Brooks,cbrooksea@rambler.ru,China,Male,Qingdao,Mycat,36049.23,CNY
Christopher,Henderson,chendersoneb@amazonaws.com,Colombia,Male,Inírida,Quimm,51618.86,COP
Rebecca,Riley,rrileyec@naver.com,Portugal,Female,Mina de São Domingos,Thoughtmix,21693.08,EUR
Ralph,Greene,rgreeneed@blogs.com,Russia,Male,Beloyarskiy,Flashspan,24909.02,RUB
Anne,Jordan,ajordanee@salon.com,Brazil,Female,Nepomuceno,Eire,85240.69,BRL
Melissa,Gray,mgrayef@netscape.com,China,Female,Xuetian,Minyx,61001.47,CNY
Carol,Vasquez,cvasquezeg@cpanel.net,China,Female,Sui’an,Skimia,85342.34,CNY
Earl,Ross,erosseh@blog.com,Russia,Male,Naurskaya,Vinder,71086.19,RUB
Eugene,Cunningham,ecunninghamei@cargocollective.com,France,Male,Besançon,Bluejam,27238.21,EUR
Maria,Chavez,mchavezej@godaddy.com,El Salvador,Female,Tenancingo,Yamia,69858.85,USD
Dennis,Smith,dsmithek@buzzfeed.com,Indonesia,Male,Jatirejo,Skippad,77412.77,IDR
Samuel,Wheeler,swheelerel@rediff.com,Indonesia,Male,Puan Selatan,Linkbridge,37452.88,IDR
Joyce,Kim,jkimem@addthis.com,Serbia,Female,Kupusina,Livepath,80993.43,RSD
Dorothy,Reyes,dreyesen@hud.gov,Mexico,Female,Guadalupe,Teklist,75630.38,MXN
Robin,Hamilton,rhamiltoneo@webmd.com,China,Female,Guicheng,Jaloo,12760.85,CNY
Joshua,Bryant,jbryantep@free.fr,Vietnam,Male,Tiên Lãng,Yambee,94710.42,VND
Judy,Peterson,jpetersoneq@php.net,Poland,Female,Kosakowo,Dazzlesphere,97406.18,PLN
Christina,Montgomery,cmontgomeryer@amazon.com,Poland,Female,Błonie,Kare,99625.65,PLN
Scott,Gray,sgrayes@independent.co.uk,South Africa,Male,Botshabelo,Jabberstorm,,ZAR
Shirley,Scott,sscottet@usatoday.com,Sweden,Female,Kalmar,Kanoodle,,SEK
Robin,Hall,rhalleu@shop-pro.jp,Indonesia,Female,Mrongi Daja,Demimbu,47742.35,IDR
Nicole,Chapman,nchapmanev@tripadvisor.com,China,Female,Qixing,Rhycero,25517.86,CNY
Shawn,Jackson,sjacksonew@house.gov,Philippines,Male,Aurelliana,Oyoyo,84542.90,PHP
Carol,Porter,cporterex@state.gov,Russia,Female,Mendeleyevskiy,Quimba,75990.49,RUB
Peter,Hunter,phunterey@bing.com,China,Male,Lingdi,Quinu,97712.49,CNY
Andrew,Burton,aburtonez@blogtalkradio.com,China,Male,Tianzhuang,Youtags,59556.52,CNY
Peter,Morrison,pmorrisonf0@nationalgeographic.com,China,Male,Pangguang,Topdrive,68805.93,CNY
Justin,Simmons,jsimmonsf1@biglobe.ne.jp,China,Male,Shibi,Jaxnation,12536.99,CNY
Robert,Kim,rkimf2@dagondesign.com,Egypt,Male,Al Minyā,Abatz,41705.17,EGP
Joan,Marshall,jmarshallf3@yahoo.com,Brazil,Female,Iraquara,Yodoo,58254.85,BRL
Doris,Ross,drossf4@europa.eu,Poland,Female,Bardo,Twitterworks,68455.22,PLN
Diane,Barnes,dbarnesf5@pagesperso-orange.fr,China,Female,Heitan,Bubblebox,43619.68,CNY
Shirley,Burke,sburkef6@shinystat.com,China,Female,Fubin,Trudoo,35270.90,CNY
Jennifer,Scott,jscottf7@imageshack.us,China,Female,Jingtailu,Gigazoom,,CNY
Betty,Peterson,bpetersonf8@pcworld.com,United States,Female,New York City,Ntags,75048.01,USD
Gregory,Fernandez,gfernandezf9@friendfeed.com,Philippines,Male,Santa Lucia,Demizz,46447.59,PHP
Doris,Lynch,dlynchfa@elegantthemes.com,Russia,Female,Shkurinskaya,Realmix,24039.46,RUB
Thomas,Hunt,thuntfb@blog.com,Dominican Republic,Male,Las Matas de Farfán,Skalith,,DOP
Tammy,Butler,tbutlerfc@photobucket.com,Myanmar,Female,Kanbe,Vinder,1388.05,MMK
Bobby,Simpson,bsimpsonfd@ycombinator.com,Indonesia,Male,Koblain,Photolist,91431.61,IDR
Gloria,Graham,ggrahamfe@uol.com.br,Russia,Female,Rzhavki,Livefish,71115.28,RUB
Daniel,Davis,ddavisff@economist.com,Central African Republic,Male,Ndélé,Snaptags,93515.52,XAF
Judith,Dunn,jdunnfg@ezinearticles.com,Slovenia,Female,Slovenska Bistrica,Avamba,3757.22,EUR
Kelly,Lee,kleefh@google.it,Indonesia,Female,Kokar,Tagpad,86927.73,IDR
Charles,Watson,cwatsonfi@bbb.org,Indonesia,Male,Sidomukti,Demizz,7861.29,IDR
Kathryn,Perry,kperryfj@example.com,United States,Female,Fort Lauderdale,Reallinks,7339.73,USD
Margaret,Watkins,mwatkinsfk@vkontakte.ru,China,Female,Chong’ansi,Tanoodle,64558.61,CNY
Joe,Butler,jbutlerfl@wikipedia.org,Sweden,Male,Kista,Zoomlounge,15689.36,SEK
Jennifer,Duncan,jduncanfm@photobucket.com,Guinea-Bissau,Female,Quebo,Demimbu,75578.19,XOF
Gary,Collins,gcollinsfn@xing.com,Canada,Male,Carbonear,Thoughtworks,5760.51,CAD
Charles,Bradley,cbradleyfo@deviantart.com,Sweden,Male,Nybro,Tagcat,51886.05,SEK
Eric,Myers,emyersfp@theglobeandmail.com,China,Male,Balitai,Realcube,,CNY
Diana,Parker,dparkerfq@opensource.org,Ukraine,Female,Tsyurupyns’k,Meevee,19924.16,UAH
Harry,Carpenter,hcarpenterfr@so-net.ne.jp,Ukraine,Male,Chortkiv,Wikizz,45798.02,UAH
Anna,Ramos,aramosfs@amazonaws.com,South Africa,Female,Mpophomeni,Devshare,5202.57,ZAR
Laura,Murphy,lmurphyft@salon.com,Ireland,Female,Athlone,Wikizz,30114.89,EUR
Bruce,Gray,bgrayfu@mail.ru,Indonesia,Male,Parung,Divanoodle,80148.92,IDR
Louise,Foster,lfosterfv@earthlink.net,China,Female,Qukuhu,Twitterbridge,41465.56,CNY
Tammy,Elliott,telliottfw@paypal.com,Russia,Female,Skhodnya,Leexo,58742.50,RUB
Randy,Morgan,rmorganfx@answers.com,China,Male,Guanmian,Yambee,24360.10,CNY
Carol,Coleman,ccolemanfy@sogou.com,China,Female,Jinhe,Gevee,82210.01,CNY
Louise,Webb,lwebbfz@biglobe.ne.jp,Peru,Female,Mancos,Realblab,78576.95,PEN
Ernest,Taylor,etaylorg0@who.int,France,Male,Montpellier,Topdrive,55643.13,EUR
Annie,Reed,areedg1@creativecommons.org,Pakistan,Female,Faisalābād,Yabox,14039.39,PKR
Daniel,Diaz,ddiazg2@ask.com,Canada,Male,L'Épiphanie,Latz,45621.54,CAD
Thomas,Gomez,tgomezg3@netlog.com,Sweden,Male,Uppsala,Photobean,77259.93,SEK
Mary,Payne,mpayneg4@lycos.com,United States,Female,Reno,Livepath,74267.67,USD
Betty,Dunn,bdunng5@tuttocitta.it,Ukraine,Female,Semenivka,Dynava,41881.21,UAH
Alan,Robertson,arobertsong6@youtu.be,Colombia,Male,Ubaté,Avaveo,20757.34,COP
Kelly,Hamilton,khamiltong7@phpbb.com,Bulgaria,Female,Zlataritsa,Latz,27137.30,BGN
Harold,Brown,hbrowng8@mashable.com,China,Male,Jinchuan,Jatri,22555.85,CNY
Walter,Fowler,wfowlerg9@digg.com,Reunion,Male,Le Port,Yadel,,EUR
Kathy,Larson,klarsonga@senate.gov,Russia,Female,Medvedovskaya,Skidoo,,RUB
Steve,Henry,shenrygb@cbslocal.com,China,Male,Gaoxiang,Yacero,90083.54,CNY
Laura,Sullivan,lsullivangc@state.gov,Russia,Female,Stulovo,Aimbu,90850.61,RUB
Betty,Moreno,bmorenogd@ihg.com,Poland,Female,Golcowa,Voonte,,PLN
Carol,Duncan,cduncange@nasa.gov,Paraguay,Female,Horqueta,Rhycero,54611.31,PYG
Elizabeth,Perry,eperrygf@skyrock.com,Japan,Female,Kawanoechō,Tagchat,15025.73,JPY
Ralph,Lopez,rlopezgg@bloglovin.com,China,Male,Yangqiaodian,Oyondu,66784.25,CNY
Wanda,Moreno,wmorenogh@elpais.com,Mayotte,Female,Dzaoudzi,Gabcube,9383.90,EUR
Ashley,Sims,asimsgi@intel.com,China,Female,Lintan Chengguanzhen,Brainsphere,162.42,CNY
Timothy,Welch,twelchgj@ftc.gov,Russia,Male,Tpig,Vinder,28728.90,RUB
Billy,Chapman,bchapmangk@people.com.cn,Ukraine,Male,Kirovohrad,Devbug,12540.06,UAH
Heather,Bell,hbellgl@skype.com,Egypt,Female,Al Wāsiţah,Kimia,,EGP
Kathleen,Nelson,knelsongm@bloomberg.com,United States,Female,Santa Cruz,Quimba,,USD
Michael,Butler,mbutlergn@kickstarter.com,Thailand,Male,Tha Wang Pha,Browsebug,51558.10,THB
Amy,Bradley,abradleygo@t-online.de,Czech Republic,Female,Telnice,Izio,21179.21,CZK
Clarence,Jones,cjonesgp@goo.ne.jp,Myanmar,Male,Thayetmyo,Divavu,74898.98,MMK
David,Mills,dmillsgq@bloglovin.com,Portugal,Male,Cruz,Skyvu,,EUR
Chris,Cook,ccookgr@stumbleupon.com,Greece,Male,Palaióchora,Flashset,66516.39,EUR
Margaret,Hunter,mhuntergs@ebay.com,Bulgaria,Female,Ruse,Youfeed,22385.64,BGN
Steven,Sanders,ssandersgt@printfriendly.com,Indonesia,Male,Cibinong Satu,Twitterbeat,94902.33,IDR
Benjamin,Banks,bbanksgu@tmall.com,Tunisia,Male,Al ‘Āliyah,Flashpoint,73732.49,TND
Stephanie,Smith,ssmithgv@icio.us,Peru,Female,Caballococha,Yoveo,,PEN
Chris,Powell,cpowellgw@ed.gov,Indonesia,Male,Rancapare,Gigabox,55424.12,IDR
Martha,Mason,mmasongx@xinhuanet.com,China,Female,Xiehu,LiveZ,61344.18,CNY
Catherine,Grant,cgrantgy@wsj.com,Sweden,Female,Helsingborg,Npath,43947.91,SEK
Jose,Phillips,jphillipsgz@webeden.co.uk,Latvia,Male,Viļaka,Viva,13010.08,EUR
Melissa,Grant,mgranth0@aboutads.info,Philippines,Female,San Pablo,Topiczoom,21083.13,PHP
Dennis,Harper,dharperh1@addthis.com,China,Male,Hengshitang,Photojam,18906.19,CNY
Shawn,Lynch,slynchh2@hibu.com,Portugal,Male,Arrabal,Youspan,96777.38,EUR
John,Jones,jjonesh3@webeden.co.uk,Russia,Male,Maloye Verevo,Jaxnation,,RUB
Gary,Morris,gmorrish4@a8.net,China,Male,Chencun,Dabjam,96478.66,CNY
Russell,Myers,rmyersh5@newyorker.com,Brazil,Male,Bastos,Livetube,94374.31,BRL
Philip,Edwards,pedwardsh6@yellowbook.com,Czech Republic,Male,Dobšice,Vinder,39979.45,CZK
Louise,Greene,lgreeneh7@ihg.com,Sweden,Female,Arlöv,Roodel,98223.97,SEK
Amanda,Ellis,aellish8@meetup.com,Czech Republic,Female,Hřebeč,Twinte,93727.62,CZK
Mark,Ramos,mramosh9@bravesites.com,Honduras,Male,Corpus,Thoughtblab,89401.76,HNL
Phillip,Warren,pwarrenha@fema.gov,China,Male,Xiangfu,Trunyx,60356.34,CNY
Phyllis,Hunt,phunthb@naver.com,Philippines,Female,Masarayao,Chatterpoint,47668.28,PHP
Arthur,Matthews,amatthewshc@newsvine.com,China,Male,Dingshu,Yotz,21026.13,CNY
Jose,Mitchell,jmitchellhd@epa.gov,Argentina,Male,Jardín América,Mydeo,9604.36,ARS
Sharon,Berry,sberryhe@forbes.com,Indonesia,Female,Krajanbaturno,Vinder,52117.32,IDR
Denise,Banks,dbankshf@japanpost.jp,Sweden,Female,Härnösand,Skiba,9752.66,SEK
Linda,Pierce,lpiercehg@barnesandnoble.com,Georgia,Female,Qvareli,Zoomzone,68785.87,GEL
Rachel,Hughes,rhugheshh@opensource.org,United States,Female,Seattle,Lazz,4108.23,USD
Sara,Black,sblackhi@biglobe.ne.jp,Malaysia,Female,Seremban,Tazzy,26320.93,MYR
Beverly,Hernandez,bhernandezhj@live.com,Serbia,Female,Ljukovo,Reallinks,5929.44,RSD
Rachel,Butler,rbutlerhk@sina.com.cn,Mexico,Female,Lazaro Cardenas,Layo,76365.66,MXN
Brian,Jones,bjoneshl@reuters.com,China,Male,Zhengwan,Buzzdog,89733.86,CNY
Maria,Day,mdayhm@springer.com,Portugal,Female,Mosteiro,Vinder,92444.85,EUR
Victor,Bishop,vbishophn@ning.com,Indonesia,Male,Sengeti,Myworks,65853.31,IDR
Annie,Ortiz,aortizho@mashable.com,Dominican Republic,Female,Nizao,Pixoboo,93385.46,DOP
Maria,Perez,mperezhp@nationalgeographic.com,Serbia,Female,Bogojevo,Voonder,29448.81,RSD
Gloria,Graham,ggrahamhq@nsw.gov.au,Peru,Female,Cullhuas,Blogpad,40304.66,PEN
Timothy,Henderson,thendersonhr@fotki.com,Estonia,Male,Kohtla-Järve,Babbleset,17741.77,EUR
Lori,Ortiz,lortizhs@webnode.com,Italy,Female,Cagliari,Meedoo,16428.05,EUR
Kevin,Allen,kallenht@reference.com,Brazil,Male,Palotina,Ntag,51226.99,BRL
Louise,Moreno,lmorenohu@cbc.ca,Slovenia,Female,Idrija,Rooxo,24843.01,EUR
Jeremy,Perry,jperryhv@plala.or.jp,Czech Republic,Male,Plasy,Blogtags,77474.08,CZK
Shawn,Brown,sbrownhw@tamu.edu,United States,Male,Midland,Thoughtstorm,,USD
Antonio,Fisher,afisherhx@cmu.edu,Philippines,Male,Sigaboy,Topiclounge,17340.24,PHP
Catherine,Brooks,cbrookshy@arstechnica.com,Cameroon,Female,Bamenda,Twitterbridge,16611.77,XAF
Gary,Washington,gwashingtonhz@fda.gov,China,Male,Weishui,Skyble,47603.31,CNY
Martha,Alvarez,malvarezi0@phpbb.com,Kazakhstan,Female,Shashūbay,Meemm,18584.96,KZT
Jessica,Carter,jcarteri1@goo.ne.jp,Argentina,Female,Tecka,Zoovu,61713.92,ARS
Julie,Harris,jharrisi2@google.co.jp,Nigeria,Female,Kankara,Cogilith,,NGN
Emily,Bryant,ebryanti3@biglobe.ne.jp,China,Female,Kuleqi,Jayo,14840.00,CNY
Andrew,Franklin,afranklini4@xrea.com,China,Male,Dianya,Shufflebeat,5234.77,CNY
Cynthia,Pierce,cpiercei5@wix.com,Poland,Female,Korczyna,Ntag,19219.63,PLN
Judith,Russell,jrusselli6@goo.gl,Indonesia,Female,Duwaktenggi,Wikizz,35303.99,IDR
Kathy,Martinez,kmartinezi7@phoca.cz,Nigeria,Female,Obiaruku Quarters,Topdrive,21773.58,NGN
Roger,Pierce,rpiercei8@sciencedirect.com,China,Male,Taiping,Mynte,92761.11,CNY
Andrew,Gomez,agomezi9@springer.com,China,Male,Baishi,Skiptube,54953.25,CNY
James,Robertson,jrobertsonia@google.co.uk,Russia,Male,Ochër,Vitz,33319.27,RUB
David,Robertson,drobertsonib@squidoo.com,Latvia,Male,Ādaži,Wikido,9089.22,EUR
Christine,Williams,cwilliamsic@cdc.gov,Brazil,Female,Guanambi,Pixoboo,40651.89,BRL
Chris,Bradley,cbradleyid@zdnet.com,France,Male,La Rochelle,Tavu,33292.32,EUR
Gary,Harris,gharrisie@desdev.cn,Philippines,Male,Montilla,Jaxworks,57799.80,PHP
Tina,Bryant,tbryantif@chronoengine.com,Haiti,Female,Caracol,Vipe,23453.99,HTG
Alan,Smith,asmithig@issuu.com,China,Male,Zhangcaizhuang,Yodoo,59950.88,CNY
Howard,Bryant,hbryantih@deliciousdays.com,Ghana,Male,Bekwai,Wikibox,83531.60,GHS
Jesse,Larson,jlarsonii@cbc.ca,United States,Male,Phoenix,Tagcat,75725.78,USD
Scott,Wheeler,swheelerij@nydailynews.com,Russia,Male,Taremskoye,Blognation,18095.82,RUB
Jerry,Bennett,jbennettik@nasa.gov,Sweden,Male,Umeå,Flashspan,99007.93,SEK
Harold,Berry,hberryil@dropbox.com,Colombia,Male,La Tebaida,Ainyx,98250.35,COP
Gloria,Nelson,gnelsonim@unicef.org,Poland,Female,Brzyska,Topiczoom,34640.98,PLN
Russell,Richards,rrichardsin@imdb.com,Sweden,Male,Katrineholm,Pixope,72120.69,SEK
Harold,Perry,hperryio@google.pl,Russia,Male,Staraya Stanitsa,Meeveo,47321.47,RUB
Steve,Cunningham,scunninghamip@businesswire.com,Brazil,Male,Itambé,Livetube,,BRL
Norma,Patterson,npattersoniq@github.com,Canada,Female,Kensington,Yakijo,,CAD
Anthony,Butler,abutlerir@aol.com,China,Male,Heshi,Camido,843.73,CNY
Harold,West,hwestis@youtube.com,Colombia,Male,Florida,Brainlounge,12256.22,COP
Brandon,Flores,bfloresit@huffingtonpost.com,Mexico,Male,Venustiano Carranza,Gabspot,61905.49,MXN
Rose,Brooks,rbrooksiu@purevolume.com,Philippines,Female,Tiwi,Voonte,33716.47,PHP
Joyce,Fowler,jfowleriv@digg.com,China,Female,Oroqen Zizhiqi,Pixope,64139.34,CNY
Debra,Morris,dmorrisiw@yellowbook.com,Czech Republic,Female,Ropice,Jabberstorm,28673.57,CZK
Carlos,Crawford,ccrawfordix@tripadvisor.com,China,Male,Xixiang,Teklist,71089.92,CNY
Christopher,Dunn,cdunniy@paginegialle.it,Bolivia,Male,Aiquile,Tagpad,,BOB
Paula,Torres,ptorresiz@ted.com,China,Female,Huang’ao,Zooveo,69459.30,CNY
Joe,Frazier,jfrazierj0@moonfruit.com,Tanzania,Male,Singida,Zoomcast,35563.45,TZS
Kimberly,Gilbert,kgilbertj1@sun.com,Nicaragua,Female,Valle San Francisco,Avamm,6784.19,NIO
Keith,Ramirez,kramirezj2@buzzfeed.com,Finland,Male,Lieksa,Blognation,19338.93,EUR
Ann,Peters,apetersj3@yandex.ru,Russia,Female,Bayangol,Eazzy,,RUB
Andrea,Perkins,aperkinsj4@indiatimes.com,United States,Female,Fort Wayne,Browsetype,74378.89,USD
Judith,Price,jpricej5@t-online.de,Philippines,Female,Josefina,Trilia,83767.52,PHP
Roger,Scott,rscottj6@boston.com,China,Male,Benzilan,BlogXS,1571.30,CNY
Amy,Kim,akimj7@psu.edu,United States,Female,Columbus,Aimbu,96105.00,USD
Anthony,Harris,aharrisj8@berkeley.edu,Peru,Male,Pimentel,Cogilith,87684.16,PEN
Lawrence,Harris,lharrisj9@amazon.com,Colombia,Male,Lérida,Kwimbee,20184.72,COP
Janet,Dean,jdeanja@oaic.gov.au,Czech Republic,Female,Šenov,Tagcat,43541.57,CZK
Cynthia,Rogers,crogersjb@delicious.com,Indonesia,Female,Ambon,Latz,,IDR
Bruce,Lynch,blynchjc@craigslist.org,Kenya,Male,Konza,Meezzy,67781.60,KES
Shawn,Watkins,swatkinsjd@unc.edu,Costa Rica,Male,San Diego,Yabox,18144.34,CRC
Judy,Lynch,jlynchje@wordpress.org,China,Female,Jiacun,Zoombox,44602.92,CNY
Mildred,Black,mblackjf@howstuffworks.com,Ukraine,Female,Uzhhorod,Twinder,6242.92,UAH
Joyce,Porter,jporterjg@smh.com.au,Russia,Female,Tyoply Stan,Oyope,86586.90,RUB
Julie,Elliott,jelliottjh@mtv.com,Finland,Female,Joutsa,Avamm,59662.60,EUR
Beverly,Hicks,bhicksji@hud.gov,Tonga,Female,Neiafu,Dynabox,14517.57,TOP
Anna,Daniels,adanielsjj@samsung.com,Ukraine,Female,Pervomays’ke,Skippad,99837.48,UAH
Gerald,Woods,gwoodsjk@rambler.ru,Philippines,Male,Jarigue,Divavu,84944.31,PHP
Benjamin,Crawford,bcrawfordjl@prweb.com,Poland,Male,Szczawno-Zdrój,Leexo,99623.33,PLN
Richard,Ford,rfordjm@homestead.com,China,Male,Zhongshan Donglu,Yodoo,95066.66,CNY
Randy,Palmer,rpalmerjn@walmart.com,China,Male,Xiaopingba,Bubblemix,59116.83,CNY
Bruce,Bennett,bbennettjo@nydailynews.com,Mexico,Male,La Esperanza,Aivee,73142.66,MXN
Willie,Warren,wwarrenjp@businessweek.com,Poland,Male,Ciepielów,Devpoint,91899.55,PLN
Marie,Bailey,mbaileyjq@163.com,Indonesia,Female,Dukuhsawah,Gevee,14587.83,IDR
Sarah,Moore,smoorejr@list-manage.com,Greece,Female,Páchni,Wordify,24948.75,EUR
Matthew,Sims,msimsjs@sourceforge.net,Japan,Male,Fukuechō,Kamba,86036.76,JPY
Cheryl,Fields,cfieldsjt@reddit.com,Canada,Female,Thompson,Vinte,,CAD
Sharon,Watkins,swatkinsju@illinois.edu,Morocco,Female,Sidi Moussa,Muxo,89552.99,MAD
Marie,Henry,mhenryjv@apple.com,Indonesia,Female,Oni,Twinte,93462.67,IDR
Raymond,Jenkins,rjenkinsjw@ameblo.jp,Ukraine,Male,Velyka Lepetykha,Wikido,20670.89,UAH
Keith,Welch,kwelchjx@bloglovin.com,Russia,Male,Kugesi,Oyoloo,,RUB
Terry,Sanchez,tsanchezjy@thetimes.co.uk,China,Male,Lizi,Devpulse,80768.86,CNY
David,Wood,dwoodjz@unesco.org,Brazil,Male,Resplendor,Talane,87900.45,BRL
Thomas,Gardner,tgardnerk0@seattletimes.com,Serbia,Male,Banatska Topola,Buzzshare,14314.30,RSD
Frank,Franklin,ffranklink1@histats.com,South Africa,Male,Burgersfort,Mycat,31703.07,ZAR
Dennis,Kelley,dkelleyk2@free.fr,Nicaragua,Male,El Almendro,Realbuzz,54025.54,NIO
Donald,Nichols,dnicholsk3@dedecms.com,United States,Male,Fort Wayne,Wordtune,,USD
Paul,Thompson,pthompsonk4@rediff.com,Niger,Male,Zinder,Zava,9372.66,XOF
Joshua,Hall,jhallk5@so-net.ne.jp,China,Male,Baidian,Kwilith,31086.20,CNY
Louise,Kelly,lkellyk6@wix.com,China,Female,Huimin,Livetube,87839.20,CNY
Denise,Turner,dturnerk7@mail.ru,Portugal,Female,Burgau,Babbleset,6855.06,EUR
Jessica,Dunn,jdunnk8@nasa.gov,Armenia,Female,Spandaryan,Innotype,26409.96,AMD
Julie,Reyes,jreyesk9@home.pl,China,Female,Dongping,Jabbersphere,2804.27,CNY
Diane,Black,dblackka@so-net.ne.jp,France,Female,Rouen,Leexo,46410.82,EUR
Thomas,Griffin,tgriffinkb@seesaa.net,Tanzania,Male,Mtinko,Topicblab,,TZS
Paula,Black,pblackkc@amazon.de,Brazil,Female,Realeza,Skyndu,55465.91,BRL
Arthur,Jenkins,ajenkinskd@prnewswire.com,United States,Male,Knoxville,Zoomlounge,89506.86,USD
Gloria,Bishop,gbishopke@addthis.com,Portugal,Female,Abade de Neiva,Vitz,2299.63,EUR
Heather,Elliott,helliottkf@altervista.org,Vietnam,Female,Hai Riêng,Quinu,31627.75,VND
Ruth,Crawford,rcrawfordkg@squidoo.com,Tunisia,Female,Şaqānis,Edgewire,26398.36,TND
Gerald,Hughes,ghugheskh@wsj.com,China,Male,Shixian,Twitterwire,40725.41,CNY
Catherine,Riley,crileyki@nbcnews.com,China,Female,Yangkou,Meedoo,73599.44,CNY
Nicholas,Edwards,nedwardskj@is.gd,China,Male,Ma’an,Meevee,,CNY
Ruby,Williams,rwilliamskk@oaic.gov.au,China,Female,Gongnong,Mynte,67827.05,CNY
Teresa,Nelson,tnelsonkl@newsvine.com,China,Female,Xihuachi,Zava,,CNY
Amy,Fuller,afullerkm@flavors.me,Indonesia,Female,Borehbangle,Jayo,,IDR
Mary,Lewis,mlewiskn@wikipedia.org,Greece,Female,Ágios Matthaíos,Abatz,68151.29,EUR
Alice,Holmes,aholmesko@cyberchimps.com,Norway,Female,Tromsø,Skipfire,75183.57,NOK
Donald,Bell,dbellkp@yandex.ru,China,Male,Jingjiang,Bluezoom,75896.98,CNY
Beverly,Arnold,barnoldkq@sina.com.cn,Uzbekistan,Female,Beruniy,Buzzbean,49878.63,UZS
Bobby,Harrison,bharrisonkr@skyrock.com,Vietnam,Male,Chợ Chu,Vitz,26726.05,VND
Roy,Carpenter,rcarpenterks@imageshack.us,Indonesia,Male,Pisangkemeng,Youtags,72152.77,IDR
Edward,Rodriguez,erodriguezkt@boston.com,Mexico,Male,Azteca,Twitterlist,75430.61,MXN
Ann,Lynch,alynchku@yandex.ru,Germany,Female,Hamburg,Thoughtstorm,62353.93,EUR
Edward,Alexander,ealexanderkv@columbia.edu,Kosovo,Male,Prizren,Fivechat,,EUR
Paula,Long,plongkw@i2i.jp,Indonesia,Female,Sepulu,Yambee,94527.23,IDR
Bruce,Watkins,bwatkinskx@hexun.com,Finland,Male,Rauma,Zoombeat,75106.07,EUR
Victor,Bradley,vbradleyky@spotify.com,China,Male,Jinhua,Trupe,45934.33,CNY
Rachel,Warren,rwarrenkz@bravesites.com,China,Female,Duli,Wordtune,15321.95,CNY
Thomas,Washington,twashingtonl0@bluehost.com,Greece,Male,Kérkyra,Skivee,56494.36,EUR
Theresa,Mitchell,tmitchelll1@i2i.jp,Finland,Female,Karkkila,Abatz,59088.10,EUR
Andrea,Gonzalez,agonzalezl2@behance.net,Zimbabwe,Female,Mvuma,Edgetag,31256.33,ZWL
Nancy,Perry,nperryl3@bravesites.com,Philippines,Female,Lombog,Twitterwire,64639.14,PHP
Julie,Welch,jwelchl4@wufoo.com,Indonesia,Female,Tanahbeureum,Meezzy,20763.19,IDR
Todd,Ford,tfordl5@nba.com,Yemen,Male,Al Ḩarajah,Jaxbean,92356.45,YER
Anne,Patterson,apattersonl6@squidoo.com,Egypt,Female,Al Ibrāhīmīyah,Jabbersphere,33682.99,EGP
Elizabeth,Fernandez,efernandezl7@mtv.com,Syria,Female,Duwayr Raslān,Jaxbean,31198.98,SYP
Kathy,Dunn,kdunnl8@ebay.co.uk,Denmark,Female,København,Buzzbean,39599.68,DKK
Janet,Kim,jkiml9@dedecms.com,Oman,Female,Ādam,Zoomcast,92966.38,OMR
Fred,Perry,fperryla@fda.gov,France,Male,Marseille,Twiyo,72250.17,EUR
Timothy,Riley,trileylb@nps.gov,Mauritius,Male,Camp Diable,Twimbo,1341.84,MUR
Eric,Taylor,etaylorlc@scribd.com,Mexico,Male,Benito Juarez,Thoughtworks,18702.04,MXN
Sarah,Parker,sparkerld@auda.org.au,Ukraine,Female,Chyhyryn,Muxo,47153.00,UAH
Amanda,Wilson,awilsonle@biglobe.ne.jp,Philippines,Female,Sagud-Bahley,Jetwire,94207.47,PHP
Brandon,Williams,bwilliamslf@accuweather.com,China,Male,Gulonggang,Jayo,,CNY
Albert,Davis,adavislg@hp.com,Japan,Male,Minamata,Zoozzy,40389.02,JPY
Paula,Schmidt,pschmidtlh@parallels.com,Croatia,Female,Vinica,Jaxbean,57344.09,HRK
Ernest,Payne,epayneli@blogs.com,Indonesia,Male,Bentar Girang,Yakijo,384.14,IDR
Brenda,Cox,bcoxlj@weibo.com,China,Female,Xinzha,Quinu,8260.68,CNY
Dorothy,Webb,dwebblk@rakuten.co.jp,China,Female,Huimin,Jabbersphere,17894.89,CNY
Randy,Lopez,rlopezll@google.co.uk,Indonesia,Male,Kalisangkrah Lor,Twitterbeat,9511.70,IDR
Teresa,Young,tyounglm@geocities.jp,Argentina,Female,Villa Constitución,Kwinu,55526.06,ARS
Todd,Gordon,tgordonln@yellowbook.com,Luxembourg,Male,Strassen,Jaxworks,37491.31,EUR
Louise,Romero,lromerolo@cbc.ca,Guatemala,Female,Teculután,Quimm,5325.13,GTQ
Patricia,Mendoza,pmendozalp@fotki.com,China,Female,Xunhe,Yozio,,CNY
Bonnie,Nichols,bnicholslq@rediff.com,Yemen,Female,Al Madīd,Trilia,2100.67,YER
Carol,Howard,chowardlr@ftc.gov,Russia,Female,Pavino,Fliptune,,RUB
Paula,Reed,preedls@homestead.com,Brazil,Female,Cajamar,Pixoboo,48131.41,BRL
Michelle,Campbell,mcampbelllt@trellian.com,Philippines,Female,Kitapak,Chatterpoint,15056.39,PHP
Victor,Rivera,vriveralu@google.com.hk,China,Male,Xuezhen,Riffpath,,CNY
Judy,Chapman,jchapmanlv@guardian.co.uk,Indonesia,Female,Bendungan,Feedspan,94491.88,IDR
Frank,Cooper,fcooperlw@usa.gov,Portugal,Male,Póvoa de Santo António,Fliptune,31647.25,EUR
Justin,Lawson,jlawsonlx@loc.gov,Philippines,Male,San Quintin,Agimba,66035.04,PHP
Tammy,Parker,tparkerly@nytimes.com,American Samoa,Female,Vailoatai,Digitube,34350.17,USD
Victor,Day,vdaylz@free.fr,China,Male,Daixi,Oodoo,60951.51,CNY
Jeremy,Alvarez,jalvarezm0@theglobeandmail.com,Poland,Male,Skomlin,Cogibox,864.75,PLN
Beverly,Watkins,bwatkinsm1@sohu.com,Turkmenistan,Female,Bayramaly,Quaxo,18356.78,TMT
Bobby,Bryant,bbryantm2@samsung.com,China,Male,Huyang,Kazu,24052.91,CNY
Bruce,Reid,breidm3@ning.com,Argentina,Male,Telsen,Devify,17219.30,ARS
Tammy,Moore,tmoorem4@fema.gov,China,Female,Shangfang,Rhynyx,92875.12,CNY
Scott,Reed,sreedm5@nytimes.com,Indonesia,Male,Krikil,Yozio,98599.19,IDR
Ronald,Lawson,rlawsonm6@nih.gov,Russia,Male,Khlevnoye,Feedspan,55638.71,RUB
Julie,Fuller,jfullerm7@dedecms.com,Greece,Female,Psará,Skiptube,44811.00,EUR
George,Berry,gberrym8@seattletimes.com,Argentina,Male,Guernica,Youbridge,38961.24,ARS
Douglas,Nichols,dnicholsm9@cloudflare.com,China,Male,Jiushe,Fadeo,66782.73,CNY
Gloria,Gray,ggrayma@infoseek.co.jp,Philippines,Female,Paitan,Jabbersphere,89812.16,PHP
Todd,Collins,tcollinsmb@examiner.com,Peru,Male,Mancos,Ainyx,,PEN
Jerry,Anderson,jandersonmc@cnbc.com,Poland,Male,Fabianki,Flipopia,54388.67,PLN
Louise,Fowler,lfowlermd@devhub.com,Indonesia,Female,Sukorejo,Thoughtstorm,,IDR
Julia,Kelly,jkellyme@sciencedaily.com,Colombia,Female,Cáceres,Tagopia,6704.74,COP
Adam,Stewart,astewartmf@techcrunch.com,Indonesia,Male,Pericik,Thoughtstorm,3646.39,IDR
Paul,Murphy,pmurphymg@springer.com,Egypt,Male,Awsīm,Avamba,53792.77,EGP
Barbara,Ruiz,bruizmh@bbb.org,Estonia,Female,Räpina,Jabberbean,86881.43,EUR
Raymond,West,rwestmi@samsung.com,Antigua and Barbuda,Male,Liberta,Realbridge,48566.85,XCD
Jacqueline,James,jjamesmj@mtv.com,China,Female,Zheyuan,Lajo,85719.08,CNY
Scott,Hernandez,shernandezmk@soundcloud.com,France,Male,Senlis,Divanoodle,58455.35,EUR
Lori,Green,lgreenml@tripod.com,Albania,Female,Buçimas,Rhynoodle,,ALL
Carol,Elliott,celliottmm@bbb.org,China,Female,Duhu,Quinu,41245.53,CNY
Albert,Johnson,ajohnsonmn@soup.io,China,Male,Xuri,Trudeo,,CNY
Michael,Bowman,mbowmanmo@simplemachines.org,Indonesia,Male,Rowokangkung,DabZ,77010.84,IDR
Catherine,Gilbert,cgilbertmp@latimes.com,Poland,Female,Goworowo,Youopia,12393.77,PLN
Theresa,West,twestmq@washingtonpost.com,China,Female,Zhongling,Jatri,26084.55,CNY
Steven,Weaver,sweavermr@reverbnation.com,Sweden,Male,Stockholm,Rhybox,51162.72,SEK
Roger,Crawford,rcrawfordms@miibeian.gov.cn,China,Male,Keluke,Eimbee,9838.41,CNY
Betty,Cook,bcookmt@census.gov,Uzbekistan,Female,Nurota Shahri,Flashdog,8227.78,UZS
Bruce,Graham,bgrahammu@cisco.com,Brazil,Male,Morro Agudo,Voomm,92303.93,BRL
William,Fisher,wfishermv@reverbnation.com,Macedonia,Male,Kumanovo,Voonyx,65005.94,MKD
Bonnie,Long,blongmw@topsy.com,China,Female,Longhuashan,Oba,87746.82,CNY
Lawrence,Thompson,lthompsonmx@tuttocitta.it,Sweden,Male,Helsingborg,Realpoint,23146.38,SEK
Jerry,Morrison,jmorrisonmy@i2i.jp,Sweden,Male,Älvsjö,BlogXS,12502.00,SEK
Joseph,Graham,jgrahammz@newsvine.com,Poland,Male,Siekierczyn,Wordpedia,43507.11,PLN
Nicole,Morgan,nmorgann0@jalbum.net,Pakistan,Female,Nankāna Sāhib,Livetube,52966.67,PKR
Alan,Howell,ahowelln1@ovh.net,France,Male,Martigues,Skippad,97282.55,EUR
Andrew,Romero,aromeron2@archive.org,Indonesia,Male,Kotabaru,Meembee,64129.97,IDR
Janice,Sanders,jsandersn3@weebly.com,Peru,Female,Limatambo,InnoZ,94587.16,PEN
Kathy,Riley,krileyn4@tuttocitta.it,Macedonia,Female,Крива Паланка,Meejo,98999.76,MKD
Willie,Austin,waustinn5@icq.com,Russia,Male,Reshetikha,Eidel,82116.21,RUB
Jacqueline,Matthews,jmatthewsn6@sakura.ne.jp,Indonesia,Female,Likwatang Timur,Lajo,65622.01,IDR
Paula,Myers,pmyersn7@ycombinator.com,Indonesia,Female,Wewit,Quinu,47366.66,IDR
Louise,Reynolds,lreynoldsn8@opera.com,Senegal,Female,Rosso,Oyondu,,XOF
Kathy,Jackson,kjacksonn9@google.nl,Brazil,Female,Itagibá,Blogtag,,BRL
Adam,Simmons,asimmonsna@berkeley.edu,Russia,Male,Donskoy,Skyvu,36072.12,RUB
Thomas,Johnson,tjohnsonnb@hexun.com,China,Male,Huotong,Thoughtbridge,47218.71,CNY
Jennifer,Ferguson,jfergusonnc@wikimedia.org,Estonia,Female,Loo,Flashspan,81511.08,EUR
Jimmy,Stewart,jstewartnd@booking.com,Philippines,Male,Lagangilang,Zoombeat,12040.21,PHP
Paul,Montgomery,pmontgomeryne@jimdo.com,Indonesia,Male,Rapas,Edgeclub,61762.38,IDR
Anthony,Lynch,alynchnf@si.edu,China,Male,Beibei,Brightdog,47684.74,CNY
Doris,Porter,dporterng@angelfire.com,France,Female,Paris La Défense,Trilia,3680.72,EUR
Raymond,Hawkins,rhawkinsnh@123-reg.co.uk,Ireland,Male,Castlemartyr,Avamm,73361.50,EUR
Janet,Fisher,jfisherni@xing.com,Philippines,Female,Tabug,Avamm,37969.01,PHP
Christine,Stephens,cstephensnj@latimes.com,Canada,Female,Vaudreuil-Dorion,Flashdog,90600.16,CAD
Tammy,Carr,tcarrnk@fema.gov,China,Female,Yajin,Demizz,,CNY
Dennis,Stone,dstonenl@devhub.com,Poland,Male,Pilzno,Quaxo,46877.78,PLN
Stephen,Richards,srichardsnm@photobucket.com,Chile,Male,Puente Alto,Zooveo,37863.81,CLP
Andrew,Gutierrez,agutierreznn@huffingtonpost.com,Indonesia,Male,Hamberang Sabrang,Chatterpoint,,IDR
Earl,Dixon,edixonno@npr.org,Palestinian Territory,Male,Jūrīsh,Janyx,96407.38,ILS
Maria,Weaver,mweavernp@yelp.com,Japan,Female,Kanuma,Rhynoodle,96376.94,JPY
Louise,James,ljamesnq@devhub.com,Indonesia,Female,Wonoharjo,Blognation,16863.65,IDR
Amanda,Morris,amorrisnr@ask.com,Mali,Female,Ansongo,Realbuzz,71463.23,XOF
Jason,Wheeler,jwheelerns@cloudflare.com,China,Male,Xilai,Trilith,60321.61,CNY
Philip,Stewart,pstewartnt@sakura.ne.jp,Indonesia,Male,Sidomulyo,Photolist,49128.28,IDR
Johnny,Arnold,jarnoldnu@blogs.com,China,Male,Mataigou,Kwimbee,8633.07,CNY
Ronald,Lane,rlanenv@imageshack.us,France,Male,Molsheim,Geba,25501.37,EUR
Jesse,Lynch,jlynchnw@java.com,Russia,Male,Tambovka,Kimia,86725.43,RUB
Ann,Harvey,aharveynx@artisteer.com,Iran,Female,Konārak,Chatterpoint,35551.70,IRR
Carl,Nelson,cnelsonny@goodreads.com,Argentina,Male,General Enrique Mosconi,Rhynoodle,27661.08,ARS
Shawn,Wright,swrightnz@state.tx.us,Czech Republic,Male,Žlutice,Avamm,81060.21,CZK
Amy,Murphy,amurphyo0@spiegel.de,Brazil,Female,Santana de Parnaíba,Jatri,90077.17,BRL
Frank,Williams,fwilliamso1@typepad.com,Indonesia,Male,Op,Bubblebox,28077.52,IDR
Fred,Martinez,fmartinezo2@craigslist.org,United States,Male,Detroit,Riffpedia,22683.32,USD
Mary,Fields,mfieldso3@simplemachines.org,China,Female,Qiulu,Bubbletube,50066.72,CNY
Bobby,Reid,breido4@feedburner.com,China,Male,Shiquan,Yoveo,68005.16,CNY
Shirley,Payne,spayneo5@dailymail.co.uk,Czech Republic,Female,Smidary,Jatri,20598.14,CZK
John,Anderson,jandersono6@booking.com,Guyana,Male,Bartica,Flipstorm,75297.17,GYD
Antonio,Bell,abello7@zimbio.com,Russia,Male,Korolev,Mydeo,47750.44,RUB
Carolyn,Ortiz,cortizo8@microsoft.com,Japan,Female,Itoman,Gabtune,64542.90,JPY
Joshua,Hughes,jhugheso9@ihg.com,Peru,Male,Ucuncha,Meevee,92753.45,PEN
Stephen,Davis,sdavisoa@forbes.com,Greece,Male,Provatás,Layo,37397.67,EUR
Nicholas,Cooper,ncooperob@china.com.cn,Russia,Male,Vidyayevo,Kwinu,17199.25,RUB
Theresa,Reynolds,treynoldsoc@nifty.com,Nicaragua,Female,Yalagüina,Myworks,93170.63,NIO
Maria,Robertson,mrobertsonod@phoca.cz,Greece,Female,Kanáli,Browsetype,59750.42,EUR
Ralph,Ross,rrossoe@ezinearticles.com,Philippines,Male,Panacan,Kazio,88690.13,PHP
Jonathan,Boyd,jboydof@wiley.com,Philippines,Male,Infanta,Vinte,97489.35,PHP
Joshua,Garza,jgarzaog@com.com,Chile,Male,Parral,Jabbersphere,79743.39,CLP
Angela,Ford,afordoh@quantcast.com,Greece,Female,Mikrókampos,Yakitri,84579.27,EUR
Daniel,Sims,dsimsoi@slideshare.net,Philippines,Male,Pagatin,Youtags,3361.11,PHP
Katherine,Edwards,kedwardsoj@narod.ru,Cameroon,Female,Guider,Abata,65788.77,XAF
Jack,Hart,jhartok@pen.io,China,Male,Changsheng,Skiptube,72359.12,CNY
Paula,Brown,pbrownol@yale.edu,South Africa,Female,Dundee,Skiba,25648.07,ZAR
Karen,Lawson,klawsonom@unblog.fr,Portugal,Female,Banzão,Realblab,73681.41,EUR
Jason,Powell,jpowellon@g.co,France,Male,Saint-Péray,Flashspan,,EUR
Louis,Sullivan,lsullivanoo@csmonitor.com,Brazil,Male,Sena Madureira,Blognation,54423.20,BRL
Raymond,Wheeler,rwheelerop@chronoengine.com,Portugal,Male,Cabeças Verdes,Bluejam,62541.87,EUR
Brian,Allen,ballenoq@surveymonkey.com,Portugal,Male,Companhia de Baixo,Yodel,,EUR
Ruth,Hawkins,rhawkinsor@list-manage.com,Cape Verde,Female,Cova Figueira,Dynazzy,31267.75,CVE
Jonathan,Turner,jturneros@ed.gov,South Africa,Male,Clanwilliam,Skiba,25971.89,ZAR
Nicholas,Mccoy,nmccoyot@discuz.net,Philippines,Male,Manalad,Tekfly,24162.56,PHP
Alan,Elliott,aelliottou@mapquest.com,France,Male,Arcueil,Oyope,41568.36,EUR
Walter,Patterson,wpattersonov@cargocollective.com,Sweden,Male,Hallstavik,Mydo,15462.30,SEK
Stephanie,Williamson,swilliamsonow@123-reg.co.uk,Ireland,Female,Sandyford,Oba,72811.95,EUR
Angela,Daniels,adanielsox@mediafire.com,France,Female,Laon,Tagpad,75392.33,EUR
Alice,Ferguson,afergusonoy@ibm.com,Indonesia,Female,Secang Barat,Ooba,17035.37,IDR
Marie,Andrews,mandrewsoz@weebly.com,Japan,Female,Okunoya,Twitterlist,62791.56,JPY
Benjamin,Garcia,bgarciap0@reuters.com,Indonesia,Male,Ciranca Satu,Yambee,,IDR
Kenneth,Lane,klanep1@yolasite.com,Russia,Male,Gryazovets,Brainbox,43482.81,RUB
Kathy,Burns,kburnsp2@google.es,Poland,Female,Lipnica Wielka,Vipe,38726.62,PLN
Craig,Mitchell,cmitchellp3@cnbc.com,Russia,Male,Asino,Meevee,96984.66,RUB
Teresa,Morrison,tmorrisonp4@is.gd,Yemen,Female,Kushar,Edgetag,,YER
Mildred,Graham,mgrahamp5@nydailynews.com,Azerbaijan,Female,Baku,Vinte,5815.16,AZN
Laura,Reid,lreidp6@unc.edu,Philippines,Female,Cagwait,Edgeblab,42145.70,PHP
Elizabeth,Bennett,ebennettp7@vistaprint.com,Tunisia,Female,Qal‘at al Andalus,Edgeify,58936.39,TND
Ronald,Lee,rleep8@sciencedaily.com,Mexico,Male,Lazaro Cardenas,Fliptune,38316.98,MXN
Carol,Gardner,cgardnerp9@timesonline.co.uk,Armenia,Female,Fantan,Voolith,15015.67,AMD
Sara,Bailey,sbaileypa@google.nl,Macedonia,Female,Нераште,Flashpoint,5289.67,MKD
Howard,Mcdonald,hmcdonaldpb@va.gov,Guatemala,Male,San José Acatempa,Eidel,71212.42,GTQ
Roger,Burke,rburkepc@hc360.com,China,Male,Xinhuang,Demivee,27657.78,CNY
Timothy,Price,tpricepd@admin.ch,Brazil,Male,Jaguaribe,Roomm,43711.53,BRL
Ruby,Alexander,ralexanderpe@europa.eu,China,Female,Yong’an,Realpoint,58549.26,CNY
Robert,Gutierrez,rgutierrezpf@umn.edu,Indonesia,Male,Pringsewu,Feednation,34961.27,IDR
Mildred,Jenkins,mjenkinspg@cisco.com,Russia,Female,Bobrovka,Linkbridge,48112.96,RUB
Carolyn,Sanders,csandersph@nymag.com,China,Female,Honglai,Midel,,CNY
Alan,Bell,abellpi@amazon.co.jp,Belarus,Male,Sharkawshchyna,Gigazoom,67863.95,BYR
Carl,Hughes,chughespj@imgur.com,Haiti,Male,Cerca la Source,Realmix,90567.35,HTG
Frank,James,fjamespk@google.es,Russia,Male,Spasskoye-Lutovinovo,Tagchat,32180.42,RUB
Albert,Alvarez,aalvarezpl@usa.gov,Peru,Male,Cahuanuyo,Realfire,47805.87,PEN
Daniel,King,dkingpm@patch.com,Canada,Male,Sicamous,Linklinks,75842.91,CAD
Shirley,Adams,sadamspn@reference.com,Philippines,Female,Angono,Realcube,71020.40,PHP
Louis,Morales,lmoralespo@homestead.com,China,Male,Dadong,Jabbersphere,,CNY
Anne,Hawkins,ahawkinspp@shutterfly.com,Indonesia,Female,Waihibar,Dabfeed,95013.57,IDR
Keith,Little,klittlepq@salon.com,Portugal,Male,Alminhas,Yodoo,69925.40,EUR
Frances,Dean,fdeanpr@de.vu,Philippines,Female,Sabang,Jetpulse,94562.57,PHP
Patricia,Hicks,phicksps@google.pl,Poland,Female,Łąka Prudnicka,Devshare,73052.22,PLN
Ann,Peterson,apetersonpt@sakura.ne.jp,Nigeria,Female,Katsina,Ntag,65180.34,NGN
Louise,Bryant,lbryantpu@bbb.org,China,Female,Baitang,Photofeed,43500.40,CNY
Mildred,Gonzales,mgonzalespv@columbia.edu,Argentina,Female,Ordóñez,Rhynoodle,12727.49,ARS
Kevin,Garcia,kgarciapw@mashable.com,China,Male,Lidu,Geba,,CNY
Scott,Hawkins,shawkinspx@nature.com,Kenya,Male,Butere,Fivechat,48132.07,KES
Rebecca,Sullivan,rsullivanpy@bloglovin.com,France,Female,Roissy Charles-de-Gaulle,Aibox,93807.34,EUR
Donna,Phillips,dphillipspz@symantec.com,China,Female,Wenhe,Rhynoodle,,CNY
Benjamin,Green,bgreenq0@scientificamerican.com,Portugal,Male,Rio,Geba,46813.69,EUR
Teresa,Riley,trileyq1@acquirethisname.com,Guatemala,Female,El Estor,Fanoodle,,GTQ
Michelle,Gonzales,mgonzalesq2@t-online.de,China,Female,Chenzui,Skyvu,,CNY
Antonio,Reyes,areyesq3@bloomberg.com,Bulgaria,Male,Svoge,Thoughtmix,42490.13,BGN
Johnny,Wilson,jwilsonq4@wisc.edu,Slovenia,Male,Šentilj v Slov. Goricah,Izio,,EUR
Jerry,Dixon,jdixonq5@merriam-webster.com,France,Male,Lucé,Trilith,47805.07,EUR
Roger,Greene,rgreeneq6@unc.edu,Colombia,Male,Ibagué,Quatz,16352.94,COP
Kelly,Gutierrez,kgutierrezq7@geocities.com,China,Female,Beicang,Roodel,61835.06,CNY
Jesse,Sanchez,jsanchezq8@is.gd,Latvia,Male,Līvāni,Thoughtworks,68762.53,EUR
Rachel,Cox,rcoxq9@geocities.com,France,Female,Nantes,Twitternation,14648.23,EUR
Doris,Wells,dwellsqa@vistaprint.com,Chile,Female,Panguipulli,Miboo,48576.90,CLP
David,Wallace,dwallaceqb@infoseek.co.jp,China,Male,Taishanmiao,Eabox,31042.58,CNY
Stephen,Hernandez,shernandezqc@hao123.com,Russia,Male,Kotlas,Brainsphere,20260.16,RUB
Rose,Hawkins,rhawkinsqd@independent.co.uk,Indonesia,Female,Sopla,Kimia,77543.36,IDR
Andrea,Simpson,asimpsonqe@china.com.cn,Finland,Female,Kiuruvesi,Tagchat,,EUR
Craig,Montgomery,cmontgomeryqf@spiegel.de,Russia,Male,Budagovo,Buzzster,40463.02,RUB
Anthony,Jackson,ajacksonqg@icq.com,Serbia,Male,Štitar,Youspan,,RSD
Louise,Payne,lpayneqh@dion.ne.jp,Philippines,Female,Sanghan,Feedfire,58824.94,PHP
Scott,Hernandez,shernandezqi@angelfire.com,China,Male,Hechuan,Tagopia,68811.08,CNY
Christine,Moreno,cmorenoqj@deviantart.com,Mauritius,Female,Grande Rivière Noire,Livetube,19634.03,MUR
Martin,Kim,mkimqk@cyberchimps.com,Poland,Male,Przytyk,Gabtype,30165.06,PLN
Matthew,Gray,mgrayql@uiuc.edu,Indonesia,Male,Abang,Jabbercube,81085.69,IDR
Brenda,Lynch,blynchqm@si.edu,China,Female,Lianghekou,Cogibox,,CNY
Phyllis,Kennedy,pkennedyqn@mozilla.org,China,Female,Awat,Feedbug,74240.08,CNY
Paula,Moore,pmooreqo@icq.com,Colombia,Female,Betania,Wordify,74257.76,COP
Theresa,Reid,treidqp@google.fr,France,Female,Fontainebleau,Babblestorm,16094.57,EUR
Teresa,Carpenter,tcarpenterqq@weibo.com,China,Female,Qikeshu,Twitterbeat,67558.36,CNY
Ruby,Lawrence,rlawrenceqr@ihg.com,Czech Republic,Female,Višňové,Photofeed,,CZK
Edward,Alexander,ealexanderqs@spotify.com,Guatemala,Male,Yepocapa,Mymm,,GTQ
Chris,Miller,cmillerqt@blogger.com,Thailand,Male,Si Mahosot,Twinder,37801.04,THB
Kathy,Ford,kfordqu@flavors.me,Russia,Female,Lebyazh’ye,Divanoodle,22322.93,RUB
Shawn,Griffin,sgriffinqv@mac.com,Afghanistan,Male,Chisht-e Sharīf,Jamia,66153.33,AFN
Jacqueline,Cunningham,jcunninghamqw@chicagotribune.com,Indonesia,Female,Pali,Tagopia,14839.49,IDR
Walter,Tucker,wtuckerqx@blogger.com,France,Male,Thiers,Tagpad,,EUR
Louise,Welch,lwelchqy@pcworld.com,South Korea,Female,Andong,Gabvine,82196.92,KRW
Shawn,Burns,sburnsqz@scribd.com,Chile,Male,San Bernardo,Voonix,,CLP
Samuel,Phillips,sphillipsr0@pagesperso-orange.fr,Portugal,Male,Abuxarda,Leexo,58691.82,EUR
Laura,Davis,ldavisr1@bbb.org,Ireland,Female,Dunleer,Roodel,79496.15,EUR
Catherine,Ellis,cellisr2@de.vu,Peru,Female,Huancarqui,Wordify,89908.91,PEN
Edward,King,ekingr3@omniture.com,Indonesia,Male,Batulayang,Ozu,22905.99,IDR
Evelyn,Washington,ewashingtonr4@alexa.com,China,Female,Guajiasi,Flashdog,54850.75,CNY
Brian,Johnson,bjohnsonr5@merriam-webster.com,China,Male,Nan’ao,Kimia,18698.97,CNY
Kelly,Chavez,kchavezr6@reddit.com,China,Female,Dahua,Demimbu,78619.56,CNY
Johnny,Payne,jpayner7@pcworld.com,China,Male,Tuqiao,Edgeify,129.57,CNY
James,Lee,jleer8@printfriendly.com,China,Male,Zhoujiadian,Tanoodle,,CNY
Andrew,Fields,afieldsr9@lycos.com,Mongolia,Male,Doloon,Browsebug,20676.03,MNT
Kenneth,Reynolds,kreynoldsra@netscape.com,Japan,Male,Kukichūō,Devify,49264.32,JPY
Anne,Schmidt,aschmidtrb@wordpress.com,China,Female,Jiegan,Dablist,78440.78,CNY
Charles,Stone,cstonerc@berkeley.edu,Indonesia,Male,Karangsumber,Kazio,14317.98,IDR
Kevin,Hanson,khansonrd@vkontakte.ru,Bangladesh,Male,Sarishābāri,Plajo,48006.82,BDT
Stephen,Myers,smyersre@shutterfly.com,Spain,Male,"Palmas De Gran Canaria, Las",Skyndu,48892.46,EUR
Ronald,Martinez,rmartinezrf@nyu.edu,Indonesia,Male,Puger,Dabtype,2985.52,IDR
Norma,Fields,nfieldsrg@accuweather.com,Afghanistan,Female,Alah Sāy,Topicblab,7724.37,AFN
Andrew,Holmes,aholmesrh@sitemeter.com,Philippines,Male,Bacolod,Divanoodle,79001.24,PHP
Elizabeth,Ramos,eramosri@oracle.com,Indonesia,Female,Parengan,Jaxworks,55040.40,IDR
Carlos,Reid,creidrj@blinklist.com,China,Male,Gaojiazhuang,Kazio,,CNY
Janice,George,jgeorgerk@thetimes.co.uk,Indonesia,Female,Pajung,Jamia,22860.79,IDR
Frances,Moore,fmoorerl@tumblr.com,China,Female,Gaxung,Omba,24654.31,CNY
Lori,Knight,lknightrm@bigcartel.com,Afghanistan,Female,Zaranj,Katz,38937.16,AFN
Andrew,Snyder,asnyderrn@acquirethisname.com,Philippines,Male,Bungsuan,Yakitri,48155.61,PHP
Marilyn,Romero,mromeroro@issuu.com,Pakistan,Female,Pīr jo Goth,Tagchat,54846.27,PKR
Carol,Alexander,calexanderrp@people.com.cn,China,Female,Hetou,Bubblemix,55860.92,CNY
Edward,Tucker,etuckerrq@behance.net,Philippines,Male,Palauig,Edgeclub,95406.13,PHP
Victor,Williamson,vwilliamsonrr@vimeo.com,Madagascar,Male,Ikongo,Plajo,62056.65,MGA
