Victor,Palmer,vpalmer0@taobao.com,Vietnam,Male,Gò Quao,Twimbo,,VND
Anna,Morrison,amorrison1@com.com,Paraguay,Female,Fram,Trilia,50462.78,PYG
Martin,Armstrong,marmstrong2@liveinternet.ru,Russia,Male,Seymchan,Oodoo,65083.64,RUB
Donald,Bailey,dbailey3@europa.eu,Indonesia,Male,Sinarwangi,Jetwire,78649.34,IDR
Debra,Webb,dwebb4@loc.gov,Guatemala,Female,Jocotenango,Centidel,1958.85,GTQ
Willie,Olson,wolson5@wikimedia.org,Mauritania,Male,Néma,Kazu,41770.72,MRO
Irene,Mills,imills6@dion.ne.jp,Georgia,Female,Abastumani,Browsetype,44546.53,GEL
Doris,Black,dblack7@chicagotribune.com,United States,Female,Indianapolis,Thoughtstorm,39292.08,USD
Joseph,Lynch,jlynch8@va.gov,Thailand,Male,Sattahip,Yabox,52507.17,THB
Frank,Porter,fporter9@so-net.ne.jp,Russia,Male,Svetlyy,Quatz,91756.47,RUB
Bonnie,Taylor,btaylora@g.co,Indonesia,Female,Kubang,Kamba,97404.56,IDR
Alan,West,awestb@about.com,Russia,Male,Somovo,Gigabox,54410.13,RUB
Ralph,Ramos,rramosc@mayoclinic.com,Japan,Male,Nemuro,Brightdog,55626.59,JPY
Kimberly,Lee,kleed@spotify.com,Indonesia,Female,Terong,Vinte,47072.56,IDR
Todd,Little,tlittlee@epa.gov,Iran,Male,Farrokh Shahr,Kimia,84831.75,IRR
Beverly,Montgomery,bmontgomeryf@pinterest.com,Canada,Female,Beauharnois,Edgetag,78950.48,CAD
Raymond,Castillo,rcastillog@youtu.be,Peru,Male,Río Grande,Podcat,,PEN
Jose,Willis,jwillish@edublogs.org,Venezuela,Male,Boconó,Jabbercube,46011.52,VEF
Julia,Andrews,jandrewsi@ocn.ne.jp,Canada,Female,Dollard-Des Ormeaux,Tambee,,CAD
Robin,Chapman,rchapmanj@google.co.jp,Japan,Female,Iwai,Devshare,69644.70,JPY
Kelly,Jordan,kjordank@imageshack.us,France,Female,Chenôve,Latz,53327.33,EUR
Susan,Lawson,slawsonl@shareasale.com,Indonesia,Female,Muaralembu,Thoughtmix,61465.37,IDR
Albert,Ford,afordm@acquirethisname.com,Philippines,Male,Lavezares,Agivu,41988.10,PHP
Melissa,Banks,mbanksn@ocn.ne.jp,United Arab Emirates,Female,Adh Dhayd,Ailane,95195.17,AED
Lois,Gonzales,lgonzaleso@sogou.com,Latvia,Female,Aizkraukle,Realpoint,60650.64,EUR
Keith,Moore,kmoorep@unc.edu,Brazil,Male,Ariquemes,Quire,59471.24,BRL
Jane,Carroll,jcarrollq@telegraph.co.uk,Brazil,Female,Guaíba,Tazz,9623.91,BRL
Jacqueline,Harvey,jharveyr@squarespace.com,France,Female,Montpellier,Gabtune,70548.18,EUR
Paula,Morales,pmoraless@independent.co.uk,China,Female,Longsheng,Flashdog,,CNY
Mark,Alvarez,malvarezt@blogtalkradio.com,Portugal,Male,Portela,Livepath,92892.16,EUR
Kimberly,Rice,kriceu@hostgator.com,United States,Female,North Little Rock,Gigashots,,USD
Lillian,Sanders,lsandersv@yandex.ru,China,Female,Wuying,Twitterworks,24025.10,CNY
Donald,Alvarez,dalvarezw@hc360.com,Brazil,Male,Francisco Morato,Thoughtblab,37628.93,BRL
Paula,Williams,pwilliamsx@fc2.com,Afghanistan,Female,Lashkar Gāh,Edgewire,73837.19,AFN
Angela,Wilson,awilsony@google.de,United States,Female,Houston,Quaxo,28143.38,USD
Pamela,Hanson,phansonz@princeton.edu,Chad,Female,Mao,Jaloo,,XAF
Pamela,Reid,preid10@wordpress.com,Poland,Female,Tomice,Gigashots,48561.25,PLN
Bruce,Campbell,bcampbell11@house.gov,Indonesia,Male,Kauman,Bluezoom,93626.74,IDR
Teresa,Brooks,tbrooks12@si.edu,Brazil,Female,Laranjal Paulista,Jayo,75707.27,BRL
Sean,Perry,sperry13@csmonitor.com,Lithuania,Male,Dūkštas,Leenti,61064.10,LTL
Ryan,Arnold,rarnold14@com.com,Indonesia,Male,Napel,Flashpoint,93413.64,IDR
Shirley,Fuller,sfuller15@sphinn.com,Mexico,Female,Las Animas,Cogibox,1196.80,MXN
Howard,Grant,hgrant16@uol.com.br,China,Male,Liujiachang,Tanoodle,49222.94,CNY
Roy,Kelly,rkelly17@dagondesign.com,Philippines,Male,Ungca,Twitterbeat,28649.91,PHP
Beverly,Marshall,bmarshall18@blogs.com,China,Female,Zhaike,Quinu,12690.11,CNY
Robert,Burns,rburns19@photobucket.com,China,Male,Shihudang,Innojam,95774.91,CNY
Heather,Gardner,hgardner1a@scribd.com,Russia,Female,Volot,Eire,80349.66,RUB
Amy,Marshall,amarshall1b@washingtonpost.com,China,Female,Haiyangsuo,Kazu,19856.08,CNY
Elizabeth,Daniels,edaniels1c@ifeng.com,Colombia,Female,Cachipay,Oozz,99468.83,COP
Paul,Daniels,pdaniels1d@redcross.org,Ireland,Male,Leixlip,Babbleset,,EUR
Brandon,Brown,bbrown1e@t-online.de,Portugal,Male,Tarouca,Avavee,7418.15,EUR
Jeffrey,Reid,jreid1f@google.co.uk,Philippines,Male,La Paz,Zoozzy,96473.29,PHP
Elizabeth,Kelly,ekelly1g@imgur.com,Panama,Female,Río Sereno,Aivee,95343.32,PAB
Shirley,Perry,sperry1h@vk.com,Ukraine,Female,Myronivka,Zoomlounge,37213.06,UAH
Raymond,Marshall,rmarshall1i@barnesandnoble.com,Liberia,Male,Buchanan,Innojam,,LRD
Phillip,Dean,pdean1j@va.gov,Guatemala,Male,La Reforma,Brainsphere,22471.33,GTQ
Rebecca,Moore,rmoore1k@nba.com,Philippines,Female,Labuan,Wikivu,92712.16,PHP
Mildred,Martin,mmartin1l@vk.com,Russia,Female,Dmitriyevskoye,Twimm,50275.27,RUB
Helen,Thomas,hthomas1m@opera.com,Bangladesh,Female,Bāndarban,Browseblab,7320.08,BDT
Patricia,Morgan,pmorgan1n@google.fr,Nigeria,Female,Kwolla,Vitz,75388.30,NGN
Laura,Garza,lgarza1o@sciencedirect.com,China,Female,Chendong,Photobean,16313.36,CNY
Terry,Hughes,thughes1p@is.gd,Portugal,Male,Vila Alva,Snaptags,8523.53,EUR
Janet,Hernandez,jhernandez1q@reference.com,Mongolia,Female,Bayanbaraat,Oodoo,14448.93,MNT
Virginia,Ellis,vellis1r@last.fm,Latvia,Female,Aloja,Dablist,,EUR
Brenda,Watkins,bwatkins1s@berkeley.edu,France,Female,Villeneuve-sur-Lot,Twitterbeat,69737.58,EUR
Thomas,Baker,tbaker1t@zdnet.com,Indonesia,Male,Bunisari,Oyoyo,22612.71,IDR
Andrea,Reyes,areyes1u@slate.com,Serbia,Female,Šid,Skyndu,58342.79,RSD
Anna,Simpson,asimpson1v@si.edu,Ukraine,Female,Rakiv Lis,Gigazoom,99849.82,UAH
Phyllis,Green,pgreen1w@ustream.tv,Sudan,Female,Al Qiţena,Zoozzy,2977.44,SDG
Ashley,Graham,agraham1x@joomla.org,Portugal,Female,Monte de Trigo,Pixoboo,,EUR
Louis,Carr,lcarr1y@nifty.com,Belarus,Male,Parychy,Fiveclub,,BYR
Timothy,Frazier,tfrazier1z@facebook.com,China,Male,Shuangxing,Youopia,60344.72,CNY
Helen,Cooper,hcooper20@marriott.com,China,Female,Xiaoruo,Yakijo,41523.49,CNY
Linda,Bell,lbell21@vimeo.com,Democratic Republic of the Congo,Female,Kampene,Babbleset,43569.13,CDF
Anthony,Hunt,ahunt22@gravatar.com,China,Male,Acheng,Digitube,35628.69,CNY
Mark,Black,mblack23@washingtonpost.com,Indonesia,Male,Panji,Wordtune,40833.31,IDR
Michelle,Clark,mclark24@sbwire.com,Russia,Female,Dorogobuzh,Flipopia,,RUB
Douglas,Carroll,dcarroll25@yellowbook.com,China,Male,Shiban,Dabtype,,CNY
Katherine,Day,kday26@wufoo.com,Greece,Female,Ierápetra,Rhyloo,31758.58,EUR
Brenda,Day,bday27@naver.com,China,Female,Zhangshui,Chatterbridge,77729.97,CNY
Laura,Larson,llarson28@ehow.com,Vietnam,Female,Thị Trấn Lâm,Quamba,49417.06,VND
Samuel,Boyd,sboyd29@buzzfeed.com,China,Male,Zhujiatai,Gigashots,2746.79,CNY
Susan,Adams,sadams2a@tamu.edu,Honduras,Female,San Buenaventura,Realblab,11858.49,HNL
William,Snyder,wsnyder2b@epa.gov,Peru,Male,Juliaca,Oyope,35049.52,PEN
Kathleen,Matthews,kmatthews2c@acquirethisname.com,Argentina,Female,Bernardo de Irigoyen,Dynazzy,,ARS
Willie,Gibson,wgibson2d@freewebs.com,Argentina,Male,Alderetes,Skippad,72626.33,ARS
Theresa,Wagner,twagner2e@youtu.be,Ukraine,Female,Rybache,Oyonder,40114.97,UAH
Phyllis,Martinez,pmartinez2f@reddit.com,China,Female,Yuanmen,Photojam,59507.09,CNY
Louise,Burton,lburton2g@webeden.co.uk,Croatia,Female,Jagodnjak,Ntag,28071.65,HRK
Steven,Riley,sriley2h@vkontakte.ru,South Korea,Male,Wŏnju,Topiclounge,41226.87,KRW
Christina,Washington,cwashington2i@squidoo.com,Azerbaijan,Female,Ganja,Jetwire,5586.78,AZN
Carol,Thomas,cthomas2j@smugmug.com,Russia,Female,Yaroslavskiy,Yotz,48488.42,RUB
Clarence,Hunter,chunter2k@chron.com,Portugal,Male,Além,Jazzy,17272.32,EUR
Jacqueline,Brooks,jbrooks2l@disqus.com,Finland,Female,Himanka,Trilia,62409.15,EUR
Diane,Ortiz,dortiz2m@meetup.com,Hong Kong,Female,Tai Po,Yadel,26899.53,HKD
Kenneth,Knight,kknight2n@uol.com.br,Russia,Male,Ferapontovo,Bubblemix,95414.48,RUB
Joseph,Grant,jgrant2o@cargocollective.com,Poland,Male,Świeradów-Zdrój,Cogibox,44272.29,PLN
Cheryl,Gordon,cgordon2p@google.ca,Greece,Female,Féres,Latz,27637.30,EUR
Nicole,Sanchez,nsanchez2q@posterous.com,Indonesia,Female,Watodei,Avavee,50081.38,IDR
Doris,Warren,dwarren2r@taobao.com,China,Female,Lingqiao,Eamia,40825.78,CNY
Alan,Riley,ariley2s@theglobeandmail.com,Indonesia,Male,Semampir,Shufflester,97764.27,IDR
Cheryl,Wheeler,cwheeler2t@is.gd,Portugal,Female,Vale das Mós,Vinder,82647.84,EUR
Jose,Harper,jharper2u@virginia.edu,Poland,Male,Bledzew,Ainyx,23834.83,PLN
Thomas,Morales,tmorales2v@sakura.ne.jp,Sweden,Male,Kristianstad,Feedfish,,SEK
Lori,Hart,lhart2w@diigo.com,Russia,Female,Novoul’yanovsk,Realfire,91751.46,RUB
Jennifer,Jones,jjones2x@usa.gov,Nigeria,Female,Deba Habe,Flipstorm,20712.26,NGN
John,Williamson,jwilliamson2y@livejournal.com,Argentina,Male,Nueve de Julio,Rhynyx,85648.75,ARS
Sarah,Crawford,scrawford2z@fotki.com,Colombia,Female,Socorro,Shuffledrive,10005.25,COP
Justin,Lawrence,jlawrence30@reddit.com,Philippines,Male,Gibato,Browsezoom,95331.07,PHP
Jacqueline,Wells,jwells31@comsenz.com,China,Female,Xianyan,Cogibox,16740.42,CNY
Jack,Murphy,jmurphy32@noaa.gov,Sweden,Male,Vårgårda,Photojam,29128.41,SEK
Helen,Pierce,hpierce33@google.com,Argentina,Female,Samuhú,Tazzy,56480.63,ARS
Irene,Perez,iperez34@joomla.org,Thailand,Female,Sam Phran,Zoozzy,36539.71,THB
Steven,Carroll,scarroll35@redcross.org,Bulgaria,Male,Svilengrad,Meevee,,BGN
Elizabeth,Mcdonald,emcdonald36@people.com.cn,China,Female,Taoling,Feedspan,94615.41,CNY
Anna,Schmidt,aschmidt37@youtu.be,China,Female,Xitou,Aibox,26688.26,CNY
Russell,Ramos,rramos38@list-manage.com,Poland,Male,Chynów,Wordpedia,79105.57,PLN
Elizabeth,Campbell,ecampbell39@cnbc.com,United States,Female,Spartanburg,Zoomlounge,21652.09,USD
Paula,Johnson,pjohnson3a@canalblog.com,China,Female,Nanwai,Flipstorm,44106.76,CNY
Anna,Riley,ariley3b@usnews.com,Cyprus,Female,Ýpsonas,Brainlounge,13543.75,EUR
Clarence,Martinez,cmartinez3c@tiny.cc,Greece,Male,Stratónion,Oyoloo,77540.28,EUR
Irene,Grant,igrant3d@360.cn,Ukraine,Female,Horodnya,Fliptune,71649.11,UAH
Russell,Carpenter,rcarpenter3e@wikia.com,Indonesia,Male,Bajingmeduro,Realfire,82211.39,IDR
Joyce,Mills,jmills3f@harvard.edu,China,Female,Huoqiu Chengguanzhen,Skimia,97283.43,CNY
Joseph,Alvarez,jalvarez3g@europa.eu,Jordan,Male,Mādabā,Tagtune,47921.97,JOD
Phillip,Fields,pfields3h@dailymotion.com,Bolivia,Male,Tarata,Topiczoom,6331.68,BOB
Kevin,Porter,kporter3i@pcworld.com,Indonesia,Male,Oefatu,Eadel,36085.38,IDR
Robert,Andrews,randrews3j@noaa.gov,France,Male,Grenoble,Fivebridge,32277.48,EUR
Kimberly,Garza,kgarza3k@miibeian.gov.cn,China,Female,Oujiangcha,Fiveclub,12284.49,CNY
Teresa,Gonzales,tgonzales3l@ebay.co.uk,Thailand,Female,Ban Phue,Browsecat,59804.17,THB
Richard,Holmes,rholmes3m@multiply.com,United States,Male,San Antonio,Midel,87814.70,USD
Brandon,Cruz,bcruz3n@narod.ru,United States,Male,Young America,Devbug,84213.62,USD
Larry,Weaver,lweaver3o@wiley.com,Mexico,Male,Roma,Blognation,,MXN
Patrick,Tucker,ptucker3p@tumblr.com,Russia,Male,Mytishchi,Babblestorm,21414.73,RUB
Frank,Weaver,fweaver3q@t-online.de,Yemen,Male,Dhī as Sufāl,Quinu,,YER
Joan,Andrews,jandrews3r@com.com,Poland,Female,Wąbrzeźno,Babbleset,75977.15,PLN
Melissa,Grant,mgrant3s@xing.com,Palestinian Territory,Female,Sīrīs,Quaxo,64424.62,ILS
Joe,Duncan,jduncan3t@globo.com,Thailand,Male,Yasothon,Feednation,83367.56,THB
Judy,Walker,jwalker3u@sina.com.cn,Laos,Female,Mounlapamôk,Oyondu,77521.16,LAK
Mark,Bryant,mbryant3v@nih.gov,Czech Republic,Male,Černožice,Photobug,,CZK
Shirley,Andrews,sandrews3w@moonfruit.com,Russia,Female,Murmino,Vitz,60106.48,RUB
Kenneth,Martin,kmartin3x@com.com,France,Male,Hyères,Mymm,96648.30,EUR
Randy,Bishop,rbishop3y@statcounter.com,Bhutan,Male,Sarpang,Voomm,20535.44,BTN
Matthew,Nelson,mnelson3z@nature.com,Philippines,Male,Cabiguan,Rhynoodle,93548.26,PHP
Steve,Oliver,soliver40@berkeley.edu,Russia,Male,Gorodishche,Dabtype,83513.40,RUB
Jimmy,Sanchez,jsanchez41@economist.com,Nigeria,Male,Sapele,Rhyzio,1282.13,NGN
Lillian,Grant,lgrant42@stanford.edu,Japan,Female,Takahama,Vitz,217.18,JPY
Steve,Duncan,sduncan43@pagesperso-orange.fr,Albania,Male,Berat,Kayveo,87314.85,ALL
Chris,Lane,clane44@scribd.com,France,Male,La Garde,Gabtune,46972.60,EUR
Joshua,Richards,jrichards45@liveinternet.ru,Argentina,Male,Chichinales,Flipstorm,73767.98,ARS
Roy,Diaz,rdiaz46@mashable.com,Russia,Male,Yessentukskaya,Brainbox,48434.60,RUB
Linda,Rice,lrice47@biblegateway.com,Indonesia,Female,Bantilan,Devshare,85313.34,IDR
Johnny,Kim,jkim48@ucoz.ru,China,Male,Hangwula,Zava,55243.27,CNY
Sara,Grant,sgrant49@cmu.edu,China,Female,Jinglongqiao,Zava,83273.37,CNY
Randy,Nichols,rnichols4a@howstuffworks.com,United States,Male,Staten Island,Oozz,25106.06,USD
Annie,West,awest4b@histats.com,Colombia,Female,Popayán,Thoughtbridge,53711.06,COP
Carlos,Frazier,cfrazier4c@hubpages.com,Palestinian Territory,Male,An Naşşārīyah,Aimbu,46806.98,ILS
Emily,Lawson,elawson4d@cnet.com,China,Female,Xichuan,Aimbo,,CNY
Judith,Romero,jromero4e@nyu.edu,Russia,Female,Chernyshevsk,Quimm,22765.23,RUB
Amanda,Gardner,agardner4f@devhub.com,China,Female,Hufeng,Bubblebox,51274.66,CNY
Cheryl,Young,cyoung4g@forbes.com,Russia,Female,Taremskoye,Shuffletag,53940.37,RUB
Jennifer,Knight,jknight4h@pen.io,Colombia,Female,Puerto Nariño,Fivechat,89185.59,COP
Mary,King,mking4i@nymag.com,Indonesia,Female,Pili,Skipstorm,3692.03,IDR
Laura,Jacobs,ljacobs4j@sohu.com,Greece,Female,Sápes,Skiptube,53721.39,EUR
Clarence,Bell,cbell4k@disqus.com,Colombia,Male,Puerto Guzmán,Rhyloo,12393.35,COP
Anne,Spencer,aspencer4l@paypal.com,Peru,Female,Congas,Mita,58125.06,PEN
Lawrence,Garrett,lgarrett4m@oakley.com,Poland,Male,Błaszki,Geba,85141.21,PLN
Judy,Lawson,jlawson4n@devhub.com,Brazil,Female,Barras,Topicblab,,BRL
Matthew,Austin,maustin4o@hp.com,Peru,Male,Canis,Avavee,44709.62,PEN
Nicole,Gardner,ngardner4p@photobucket.com,China,Female,Dengmu,Pixonyx,80504.51,CNY
Michelle,Harper,mharper4q@mail.ru,Japan,Female,Ishioka,Zooveo,41233.28,JPY
Louis,Young,lyoung4r@blogger.com,France,Male,Neuilly-sur-Marne,Kamba,86742.62,EUR
Aaron,Hicks,ahicks4s@taobao.com,Russia,Male,Bolkhov,Brainverse,42168.92,RUB
Kevin,Mills,kmills4t@scribd.com,Macedonia,Male,Неготино,Zoomcast,13330.40,MKD
Jose,Daniels,jdaniels4u@digg.com,China,Male,Mabu,Myworks,8278.97,CNY
Bruce,Clark,bclark4v@canalblog.com,Indonesia,Male,Kundung,Oozz,9342.72,IDR
Patricia,Patterson,ppatterson4w@hostgator.com,Madagascar,Female,Andovoranto,Twitterbridge,61624.28,MGA
Rose,Kelley,rkelley4x@stanford.edu,China,Female,Tuofeng,Oyoyo,,CNY
Jimmy,Dunn,jdunn4y@google.ca,Indonesia,Male,Pasatan,Edgeblab,85847.08,IDR
Julie,Cook,jcook4z@mozilla.org,Croatia,Female,Opuzen,Leexo,74488.33,HRK
Clarence,Crawford,ccrawford50@live.com,China,Male,Chaka,Jabbercube,,CNY
Donna,Morris,dmorris51@360.cn,Sierra Leone,Female,Moyamba,Blogspan,60916.73,SLL
Jose,Ruiz,jruiz52@yahoo.com,Indonesia,Male,Cibebek,Gigaclub,,IDR
Elizabeth,Vasquez,evasquez53@dion.ne.jp,Portugal,Female,Várzea da Serra,Skajo,10706.27,EUR
Sara,Castillo,scastillo54@theguardian.com,Ireland,Female,Listowel,Skyndu,53361.72,EUR
Albert,Holmes,aholmes55@usnews.com,Czech Republic,Male,Vrbno pod Pradědem,Pixonyx,85281.74,CZK
Judith,Gibson,jgibson56@boston.com,Norway,Female,Oslo,Realblab,89931.84,NOK
Irene,Richards,irichards57@sfgate.com,China,Female,Ebu,Kanoodle,29247.06,CNY
Scott,Garza,sgarza58@t.co,Indonesia,Male,Mangunjaya,Oyope,83182.32,IDR
Joe,Oliver,joliver59@canalblog.com,South Africa,Male,Mount Ayliff,Aimbu,47082.45,ZAR
Christina,Rice,crice5a@tinyurl.com,China,Female,Lianhua,Skyndu,65486.03,CNY
Martha,Taylor,mtaylor5b@dmoz.org,China,Female,Xiage,Tagpad,51346.15,CNY
Gloria,Smith,gsmith5c@biglobe.ne.jp,Canada,Female,Windsor,Ailane,57184.19,CAD
Jane,Lane,jlane5d@cloudflare.com,United States,Female,Denver,Twimm,96775.61,USD
Barbara,Franklin,bfranklin5e@vkontakte.ru,Russia,Female,Petrovskoye,Photojam,,RUB
Ruby,Harris,rharris5f@ehow.com,Kenya,Female,Chepareria,Linktype,30742.17,KES
Anna,Sullivan,asullivan5g@wsj.com,Brazil,Female,Igarapava,Izio,4258.64,BRL
Tina,Ortiz,tortiz5h@list-manage.com,Russia,Female,Staraya Ladoga,Tagchat,27412.94,RUB
Chris,Simmons,csimmons5i@plala.or.jp,Indonesia,Male,Sumenep,Oyonder,,IDR
Angela,Nelson,anelson5j@pbs.org,Egypt,Female,Siwa Oasis,Ozu,5793.90,EGP
Justin,Thompson,jthompson5k@sbwire.com,Afghanistan,Male,Salām Khēl,Meejo,,AFN
Frances,Willis,fwillis5l@google.de,Philippines,Female,Bigaan,Mynte,87447.33,PHP
Virginia,Rice,vrice5m@uol.com.br,Philippines,Female,Gulod,Podcat,15975.94,PHP
Carol,Scott,cscott5n@sitemeter.com,Peru,Female,Mórrope,Skynoodle,8989.17,PEN
Tina,White,twhite5o@free.fr,Colombia,Female,Santuario,Skiba,35315.27,COP
Shawn,Torres,storres5p@epa.gov,Vietnam,Male,Gò Dầu,Eire,51806.80,VND
Charles,Lawson,clawson5q@photobucket.com,Poland,Male,Rajsko,Devbug,77505.83,PLN
Bruce,Cunningham,bcunningham5r@ihg.com,China,Male,Jiujie,Devbug,,CNY
Michael,Reyes,mreyes5s@blogs.com,Russia,Male,Nezhinka,Gigaclub,49006.69,RUB
Douglas,Griffin,dgriffin5t@lulu.com,Thailand,Male,Pak Phanang,Izio,35117.98,THB
Amy,Thomas,athomas5u@artisteer.com,Vietnam,Female,Thị Trấn Kim Tân,Dynazzy,92474.55,VND
Norma,Hart,nhart5v@irs.gov,Malaysia,Female,Kuala Lumpur,Meevee,19996.07,MYR
Timothy,Wood,twood5w@europa.eu,Mauritius,Male,Goodlands,Divape,59703.64,MUR
Terry,Kelley,tkelley5x@mozilla.com,Poland,Male,Sabnie,Dablist,69658.74,PLN
Stephanie,Davis,sdavis5y@cafepress.com,Thailand,Female,Wiset Chaichan,Kwilith,,THB
Angela,Cunningham,acunningham5z@ucoz.ru,Ecuador,Female,Gualaceo,Dabshots,34235.07,USD
Helen,Mason,hmason60@tmall.com,Armenia,Female,Yeghegnut,Divanoodle,76226.45,AMD
George,Ellis,gellis61@woothemes.com,Poland,Male,Nowosielce-Gniewosz,Viva,4209.57,PLN
Roy,Richards,rrichards62@newsvine.com,Russia,Male,Zavolzh’ye,Realcube,56214.97,RUB
Jerry,Murphy,jmurphy63@skype.com,Indonesia,Male,Paleran,Skynoodle,,IDR
Lori,Matthews,lmatthews64@zimbio.com,Poland,Female,Mogilany,Browsecat,4284.84,PLN
Carol,Lopez,clopez65@hugedomains.com,Philippines,Female,Jolo,Eidel,22870.95,PHP
Eugene,Arnold,earnold66@freewebs.com,Argentina,Male,San Pedro,Feedfire,9994.45,ARS
Lori,Martin,lmartin67@geocities.com,China,Female,Sanhe,Vipe,72595.32,CNY
Nancy,Hill,nhill68@tripod.com,Indonesia,Female,Sangojar,Gigashots,87321.41,IDR
Timothy,Bryant,tbryant69@weather.com,France,Male,Rumilly,Livetube,93571.02,EUR
Robert,Armstrong,rarmstrong6a@theguardian.com,Kazakhstan,Male,Shchūchīnsk,Centimia,,KZT
Robert,Fuller,rfuller6b@alexa.com,Russia,Male,Berëza,Yodoo,60240.61,RUB
Mark,Bailey,mbailey6c@shinystat.com,Philippines,Male,Santa Teresita,Kazu,36365.53,PHP
Terry,Cruz,tcruz6d@nymag.com,Poland,Male,Wyszków,Vinte,83098.06,PLN
Robin,Walker,rwalker6e@webnode.com,Panama,Female,El Progreso,Linklinks,97020.98,PAB
Wanda,Nichols,wnichols6f@patch.com,Sweden,Female,Örebro,Kwinu,50096.85,SEK
David,Parker,dparker6g@biblegateway.com,China,Male,Suozhen,Npath,87935.13,CNY
Thomas,Sanchez,tsanchez6h@go.com,Indonesia,Male,Balai,Fliptune,50425.12,IDR
Jonathan,Garrett,jgarrett6i@google.es,Guadeloupe,Male,Jarry,Brainbox,88087.77,EUR
Robin,Foster,rfoster6j@uol.com.br,China,Female,Huaminglou,Thoughtstorm,,CNY
Elizabeth,Ortiz,eortiz6k@google.es,China,Female,Kanshi,Dabtype,66668.77,CNY
Jesse,Gilbert,jgilbert6l@scientificamerican.com,Iran,Male,Dogonbadan,Skajo,95653.93,IRR
Jose,Greene,jgreene6m@delicious.com,Syria,Male,Tall Abyaḑ,Skalith,,SYP
Lois,Boyd,lboyd6n@cloudflare.com,Greece,Female,Pánormos,Abatz,87239.15,EUR
Dennis,Wagner,dwagner6o@yandex.ru,China,Male,Dalai,Youfeed,,CNY
James,Ray,jray6p@sbwire.com,China,Male,Fengshan,Trilia,58012.46,CNY
Fred,Riley,friley6q@yahoo.com,China,Male,Sandaogou,Skyble,94331.99,CNY
Joyce,Ellis,jellis6r@mtv.com,Germany,Female,Berlin,Fanoodle,32046.62,EUR
Paul,Hamilton,phamilton6s@sciencedaily.com,Malaysia,Male,Ipoh,Kwimbee,91773.14,MYR
Wayne,Ford,wford6t@cbsnews.com,Sweden,Male,Karlstad,Yakijo,,SEK
Kenneth,Ortiz,kortiz6u@noaa.gov,Russia,Male,Pavlovsk,Lajo,22314.00,RUB
David,Hawkins,dhawkins6v@friendfeed.com,Argentina,Male,Tilcara,Quimba,49194.77,ARS
Betty,Henderson,bhenderson6w@nih.gov,Philippines,Female,Norzagaray,Twinte,38301.34,PHP
Ronald,Morales,rmorales6x@techcrunch.com,France,Male,Niort,Youspan,34444.84,EUR
Alice,Butler,abutler6y@creativecommons.org,Indonesia,Female,Krajan Battal,Tavu,3600.76,IDR
Jesse,Lynch,jlynch6z@wix.com,Russia,Male,Samashki,Meemm,23611.46,RUB
William,Austin,waustin70@fema.gov,Philippines,Male,Tagnanan,Zoombeat,48831.83,PHP
Billy,Gibson,bgibson71@lulu.com,Poland,Male,Ińsko,Kwilith,38218.11,PLN
Jason,Powell,jpowell72@ycombinator.com,Macedonia,Male,Karbinci,Dabshots,70341.73,MKD
Arthur,Schmidt,aschmidt73@blogtalkradio.com,China,Male,Yunxi,Quinu,16761.98,CNY
Kimberly,Moore,kmoore74@cloudflare.com,Russia,Female,Glubokiy,Jayo,14418.13,RUB
Doris,Thomas,dthomas75@tinyurl.com,Philippines,Female,Tulay,Kwimbee,76115.23,PHP
Heather,Chapman,hchapman76@google.com.hk,Thailand,Female,Bang Rakam,Photojam,,THB
Julie,Jacobs,jjacobs77@berkeley.edu,France,Female,Carcassonne,Dabfeed,41716.14,EUR
Teresa,Rose,trose78@va.gov,France,Female,Massy,Wordtune,,EUR
Todd,Wells,twells79@feedburner.com,China,Male,Huaibei,Wikido,42445.15,CNY
Amy,Nelson,anelson7a@nature.com,Bulgaria,Female,Cherven Bryag,Eazzy,58436.24,BGN
Virginia,Morris,vmorris7b@blogtalkradio.com,Portugal,Female,Lameiras,Dabjam,10477.22,EUR
Russell,Richards,rrichards7c@spotify.com,Czech Republic,Male,Uherský Ostroh,Dabjam,33219.23,CZK
Jesse,Burns,jburns7d@buzzfeed.com,China,Male,Huapi,Zazio,49244.69,CNY
Jacqueline,Wood,jwood7e@angelfire.com,China,Female,Zhaozhen,Voolith,,CNY
Kimberly,Johnson,kjohnson7f@howstuffworks.com,Japan,Female,Maizuru,Voomm,81353.98,JPY
Sara,Wood,swood7g@theatlantic.com,Indonesia,Female,Sedayulawas,Kayveo,17117.71,IDR
Daniel,Garrett,dgarrett7h@illinois.edu,Taiwan,Male,Fengshan,Voonix,10323.13,TWD
Peter,Foster,pfoster7i@phpbb.com,Peru,Male,Alca,Oba,79029.28,PEN
Benjamin,Hernandez,bhernandez7j@ed.gov,China,Male,Jinguoping,Talane,34532.55,CNY
Chris,Coleman,ccoleman7k@biglobe.ne.jp,Portugal,Male,Almeirim,Thoughtworks,,EUR
Todd,Peters,tpeters7l@usatoday.com,United States,Male,Anaheim,Twimm,67155.28,USD
Lisa,Nguyen,lnguyen7m@geocities.jp,Argentina,Female,Unquillo,Thoughtworks,81859.04,ARS
Alan,Green,agreen7n@yandex.ru,Russia,Male,Pavlodol’skaya,Devpulse,51766.32,RUB
Dennis,Peters,dpeters7o@xinhuanet.com,Portugal,Male,Alverca do Ribatejo,Pixope,96070.72,EUR
Doris,Wheeler,dwheeler7p@cnn.com,Brazil,Female,Amparo,InnoZ,67924.94,BRL
Jessica,Ford,jford7q@blogtalkradio.com,Mauritius,Female,Pailles,Wordtune,,MUR
Louise,Dunn,ldunn7r@is.gd,Argentina,Female,Leones,Kwinu,61362.37,ARS
Brian,Brown,bbrown7s@wikipedia.org,China,Male,Wumahe,Skipfire,70059.43,CNY
Eugene,Cook,ecook7t@myspace.com,Israel,Male,Mitzpe Ramon,Fivechat,4859.76,ILS
Brenda,Harris,bharris7u@wikimedia.org,Cameroon,Female,Bankim,Edgeclub,98533.32,XAF
Carolyn,Cook,ccook7v@engadget.com,China,Female,Weizheng,Wikizz,93408.68,CNY
Dennis,Perkins,dperkins7w@yandex.ru,Japan,Male,Komaki,Voonyx,36328.01,JPY
Alice,Marshall,amarshall7x@qq.com,Guatemala,Female,Chicacao,Roodel,,GTQ
Wayne,Larson,wlarson7y@google.cn,China,Male,Shangsanji,Oyoyo,76264.39,CNY
Earl,Stanley,estanley7z@chron.com,China,Male,Lengshuitan,Innojam,44177.87,CNY
Lisa,Payne,lpayne80@msn.com,Russia,Female,Rybinsk,Meemm,,RUB
Emily,Lee,elee81@adobe.com,Kuwait,Female,Al Aḩmadī,Eimbee,99383.01,KWD
Bruce,West,bwest82@geocities.jp,New Zealand,Male,Otorohanga,Kazio,52765.67,NZD
Henry,Morales,hmorales83@yahoo.co.jp,Czech Republic,Male,Kladruby,Photobug,83670.92,CZK
Paula,Warren,pwarren84@tumblr.com,China,Female,Damu,Kanoodle,33715.68,CNY
Henry,Cole,hcole85@joomla.org,South Africa,Male,Harding,Rhynyx,95585.20,ZAR
Aaron,Gilbert,agilbert86@noaa.gov,Indonesia,Male,Oetuke,Eamia,2546.40,IDR
Jeffrey,Hudson,jhudson87@infoseek.co.jp,Russia,Male,Navashino,Skaboo,27053.31,RUB
Martha,Robertson,mrobertson88@msn.com,Afghanistan,Female,Chimtāl,Livepath,67448.23,AFN
Beverly,Ortiz,bortiz89@icq.com,Indonesia,Female,Senduro,Dynabox,16591.59,IDR
Bonnie,Diaz,bdiaz8a@slashdot.org,China,Female,Mishixiang,Yodoo,5068.78,CNY
Dennis,Owens,dowens8b@mediafire.com,Philippines,Male,Sinacaban,Yoveo,47858.63,PHP
Lisa,Cook,lcook8c@joomla.org,Thailand,Female,Phanom Sarakham,Avaveo,28341.49,THB
Adam,Bradley,abradley8d@plala.or.jp,France,Male,Noisy-le-Grand,Dynazzy,80641.02,EUR
Paula,Perry,pperry8e@friendfeed.com,Brazil,Female,Itaperuçu,Teklist,,BRL
Karen,Fernandez,kfernandez8f@barnesandnoble.com,Greece,Female,Oinoússes,Realfire,29216.95,EUR
Amanda,Sanchez,asanchez8g@free.fr,China,Female,Sigou,Topicware,5429.29,CNY
Jack,Henry,jhenry8h@rakuten.co.jp,Liberia,Male,Zwedru,Yodoo,51148.11,LRD
Fred,Flores,fflores8i@weibo.com,Democratic Republic of the Congo,Male,Sake,Muxo,17728.77,CDF
Debra,Sullivan,dsullivan8j@purevolume.com,France,Female,Mérignac,Npath,33385.16,EUR
Jeffrey,Bradley,jbradley8k@flavors.me,Poland,Male,Miasteczko Śląskie,Buzzbean,,PLN
Douglas,Mitchell,dmitchell8l@taobao.com,Brazil,Male,São Carlos,Zoomzone,37643.83,BRL
Alan,Ferguson,aferguson8m@free.fr,China,Male,Diancun,Vidoo,70285.93,CNY
Wayne,Day,wday8n@nationalgeographic.com,Netherlands,Male,'s-Hertogenbosch,Trudeo,13406.52,EUR
Gloria,Fields,gfields8o@tinyurl.com,China,Female,Guankou,Oyoloo,67047.06,CNY
Anthony,Ryan,aryan8p@posterous.com,Philippines,Male,Lanat,Ooba,64923.84,PHP
Bobby,Harvey,bharvey8q@howstuffworks.com,Colombia,Male,Mompós,Ozu,,COP
Timothy,Welch,twelch8r@sakura.ne.jp,Philippines,Male,Subusub,Trilith,39748.55,PHP
Heather,Wood,hwood8s@tumblr.com,Russia,Female,Vysokogornyy,Yakijo,14517.23,RUB
Melissa,Black,mblack8t@blogtalkradio.com,Colombia,Female,Ciénaga,Gigaclub,,COP
Sarah,Hansen,shansen8u@cam.ac.uk,China,Female,Huangqi,Roomm,58588.60,CNY
Ashley,Greene,agreene8v@wufoo.com,China,Female,Yunshan,Yakijo,98407.34,CNY
Roy,Wagner,rwagner8w@sogou.com,Japan,Male,Yōkaichiba,Yozio,6485.36,JPY
Margaret,Hunter,mhunter8x@cam.ac.uk,Russia,Female,Khadyzhensk,Edgetag,64233.70,RUB
Rebecca,Clark,rclark8y@rediff.com,Uganda,Female,Kampala,Brainbox,20514.91,UGX
Linda,Gonzales,lgonzales8z@nhs.uk,China,Female,Tangwu,Avavee,2434.11,CNY
Paul,Reed,preed90@etsy.com,Russia,Male,Zheleznodorozhnyy,Gabspot,78538.13,RUB
Jean,Long,jlong91@ameblo.jp,Guatemala,Female,Teculután,Rhycero,,GTQ
Robert,Davis,rdavis92@over-blog.com,Lithuania,Male,Rusnė,Mycat,16354.66,LTL
Katherine,Gordon,kgordon93@rediff.com,United States,Female,Rochester,Jetpulse,94339.67,USD
Judith,Bailey,jbailey94@noaa.gov,Guatemala,Female,Santa Apolonia,Agimba,,GTQ
Kevin,Mason,kmason95@slashdot.org,Dominican Republic,Male,Las Matas de Farfán,Zoonder,52931.25,DOP
Carolyn,Burns,cburns96@pbs.org,Switzerland,Female,Luzern,Yamia,,CHF
Arthur,Anderson,aanderson97@wisc.edu,Pakistan,Male,Sinjhoro,Youtags,68325.56,PKR
Jane,Kim,jkim98@51.la,Indonesia,Female,Kendaruan,Flashset,89921.57,IDR
Dorothy,Hicks,dhicks99@go.com,Russia,Female,Novo-Nikol’skoye,Oloo,92254.63,RUB
Heather,Ortiz,hortiz9a@sitemeter.com,China,Female,Dadamtu,Mydeo,87164.60,CNY
Nicholas,Snyder,nsnyder9b@booking.com,China,Male,Huangshan,Kayveo,40203.05,CNY
Henry,Stephens,hstephens9c@deviantart.com,Czech Republic,Male,Staré Město,Zoozzy,22548.49,CZK
Norma,Ford,nford9d@barnesandnoble.com,Sweden,Female,Lidköping,Twimbo,68739.59,SEK
Wayne,Hamilton,whamilton9e@bandcamp.com,China,Male,Chengdong,Kwinu,4867.30,CNY
Shirley,Hughes,shughes9f@google.nl,Thailand,Female,Si Mahosot,Tavu,42385.57,THB
Harold,Burton,hburton9g@issuu.com,China,Male,Xiniu,Bubblebox,74539.38,CNY
Lillian,Ferguson,lferguson9h@intel.com,Philippines,Female,Mangaldan,Wikizz,76512.94,PHP
Carolyn,Elliott,celliott9i@ehow.com,Brazil,Female,Itapecuru Mirim,Jamia,56995.09,BRL
Kathryn,Ryan,kryan9j@skype.com,Indonesia,Female,Bondokodi,Brightdog,4273.55,IDR
Roger,Dixon,rdixon9k@earthlink.net,China,Male,Renhe,Yoveo,1856.58,CNY
George,Simpson,gsimpson9l@edublogs.org,China,Male,Chashan,Oba,51370.27,CNY
Harry,Patterson,hpatterson9m@t-online.de,Cuba,Male,Güines,Demizz,11035.01,CUP
Albert,Morrison,amorrison9n@vistaprint.com,Ukraine,Male,Velyka Bilozerka,Devify,8077.81,UAH
James,Castillo,jcastillo9o@goodreads.com,France,Male,Hénin-Beaumont,Devbug,,EUR
Ruby,Taylor,rtaylor9p@utexas.edu,Oman,Female,Ādam,Yodoo,74018.72,OMR
Christina,Johnston,cjohnston9q@fc2.com,Greece,Female,Perístasi,Rhyzio,68147.28,EUR
Mark,Lawson,mlawson9r@europa.eu,South Africa,Male,Kraaifontein,Linkbuzz,21039.27,ZAR
Laura,Simpson,lsimpson9s@macromedia.com,China,Female,Ningzhong,Bubblemix,64524.85,CNY
Roger,Nelson,rnelson9t@ask.com,Brazil,Male,Uberlândia,Flipbug,8330.79,BRL
Raymond,Sullivan,rsullivan9u@posterous.com,Poland,Male,Skoczów,Cogibox,14155.21,PLN
Julie,Stephens,jstephens9v@constantcontact.com,Sweden,Female,Lomma,Quire,80.78,SEK
Gloria,Lopez,glopez9w@cocolog-nifty.com,United States,Female,Newark,Zoombox,93475.44,USD
Laura,Howard,lhoward9x@reuters.com,Russia,Female,Vyborg,Oba,17742.67,RUB
Shawn,Watkins,swatkins9y@photobucket.com,Portugal,Male,Castanheira,Quimm,17462.24,EUR
Heather,Reed,hreed9z@1688.com,China,Female,Ninghai,Blogtag,66797.47,CNY
Gerald,Dunn,gdunna0@typepad.com,Mayotte,Male,Tsingoni,Eidel,88277.68,EUR
Jose,Lewis,jlewisa1@a8.net,China,Male,Huangtan,Rhyloo,72321.14,CNY
Steve,Phillips,sphillipsa2@yandex.ru,Indonesia,Male,Margasari,Vimbo,64934.65,IDR
Melissa,Ellis,mellisa3@phoca.cz,Russia,Female,Kholmsk,Twitterworks,86169.90,RUB
Brandon,Hunt,bhunta4@oaic.gov.au,Mexico,Male,Independencia,Mydeo,85491.79,MXN
Walter,Powell,wpowella5@mapquest.com,Portugal,Male,Feteira Pequena,Twitterbridge,47832.60,EUR
Michael,Robertson,mrobertsona6@parallels.com,Egypt,Male,Banī Mazār,Divape,45127.33,EGP
Ronald,Elliott,relliotta7@prweb.com,Russia,Male,Tukan,Digitube,37609.86,RUB
Victor,Morales,vmoralesa8@businesswire.com,China,Male,Xiaogang,Gabtune,71267.28,CNY
Deborah,Allen,dallena9@wordpress.org,Bosnia and Herzegovina,Female,Čelinac,Voonyx,71391.82,BAM
Michelle,Hill,mhillaa@jimdo.com,China,Female,Xuxiake,Mybuzz,99373.69,CNY
Gary,Austin,gaustinab@wikispaces.com,Colombia,Male,Candelaria,Twitterwire,36736.46,COP
Mary,Chavez,mchavezac@instagram.com,Japan,Female,Shimabara,Roomm,10721.98,JPY
Jesse,Lee,jleead@1und1.de,Portugal,Male,Capela,DabZ,50812.98,EUR
Thomas,Foster,tfosterae@amazon.de,South Africa,Male,Kutloanong,Jabbertype,10654.71,ZAR
Louise,Gutierrez,lgutierrezaf@digg.com,Philippines,Female,Morong,Brainsphere,8686.15,PHP
Anne,Gutierrez,agutierrezag@sfgate.com,Greece,Female,Rizári,Youopia,41536.44,EUR
Billy,Banks,bbanksah@chron.com,Chile,Male,Antofagasta,Demivee,86169.04,CLP
Jacqueline,Arnold,jarnoldai@mozilla.org,Nigeria,Female,Modakeke,Jaxnation,42375.27,NGN
Jerry,Gibson,jgibsonaj@scribd.com,Bulgaria,Male,Dimitrovgrad,Eazzy,3286.32,BGN
Antonio,Howell,ahowellak@addtoany.com,Peru,Male,Lacabamba,Topicblab,94850.25,PEN
Frances,Romero,fromeroal@arstechnica.com,France,Female,Dijon,Bubblemix,77062.16,EUR
Billy,Scott,bscottam@indiatimes.com,Liberia,Male,Zwedru,Thoughtmix,41423.76,LRD
Denise,Perez,dperezan@php.net,China,Female,Shuiquan,Quaxo,20568.13,CNY
Linda,Stone,lstoneao@ow.ly,Kuwait,Female,Janūb as Surrah,Ainyx,40477.15,KWD
Angela,Graham,agrahamap@hexun.com,Mexico,Female,Anahuac,Abatz,12361.17,MXN
Nicholas,George,ngeorgeaq@domainmarket.com,Nigeria,Male,Vom,Gevee,98337.87,NGN
Susan,Black,sblackar@vinaora.com,China,Female,Yangzhuang,Realbridge,2183.66,CNY
Carol,Johnson,cjohnsonas@nsw.gov.au,China,Female,Dongfeng,Brightbean,67856.64,CNY
Marilyn,Turner,mturnerat@skyrock.com,Portugal,Female,Igreja,Dablist,93579.25,EUR
Jacqueline,Smith,jsmithau@diigo.com,Kazakhstan,Female,Zhangatas,Browsezoom,52012.05,KZT
Donald,Arnold,darnoldav@com.com,Poland,Male,Jagiełła,Skidoo,60925.62,PLN
Joshua,Dunn,jdunnaw@parallels.com,Dominican Republic,Male,La Caya,Jaxnation,22751.98,DOP
Clarence,Butler,cbutlerax@histats.com,Croatia,Male,Vuka,Twinder,24560.04,HRK
Ruby,Washington,rwashingtonay@chronoengine.com,Colombia,Female,Magangué,Zazio,10022.87,COP
Doris,Ford,dfordaz@usatoday.com,China,Female,Gyamco,Zoomcast,47226.96,CNY
Jeremy,Wallace,jwallaceb0@purevolume.com,Norway,Male,Bergen,Gabvine,1017.35,NOK
Wanda,Hanson,whansonb1@g.co,China,Female,Huolianpo,Ailane,3622.98,CNY
Mark,Larson,mlarsonb2@hubpages.com,France,Male,Villeneuve-la-Garenne,Dablist,28173.32,EUR
Jose,Fields,jfieldsb3@liveinternet.ru,Japan,Male,Komono,Thoughtstorm,68291.81,JPY
Walter,Sanders,wsandersb4@lulu.com,Belarus,Male,Uzda,Skajo,30174.47,BYR
Alan,Alvarez,aalvarezb5@people.com.cn,Russia,Male,Mytishchi,Skidoo,,RUB
Theresa,Alvarez,talvarezb6@pbs.org,France,Female,Rive-de-Gier,Zoonoodle,70708.90,EUR
Rebecca,Reid,rreidb7@ustream.tv,Australia,Female,Sydney,Kazio,98155.92,AUD
Craig,Ellis,cellisb8@pcworld.com,United States,Male,Phoenix,Voonte,63047.39,USD
Johnny,Hunt,jhuntb9@whitehouse.gov,United States,Male,Boise,Feedbug,74906.30,USD
Emily,Thompson,ethompsonba@aboutads.info,Canada,Female,Crossfield,Flashspan,,CAD
Irene,Allen,iallenbb@amazon.co.jp,Nepal,Female,Tulsīpur,Innotype,81074.09,NPR
Dorothy,Willis,dwillisbc@webmd.com,Russia,Female,Novotitarovskaya,Eayo,67813.95,RUB
Christine,Gonzalez,cgonzalezbd@networksolutions.com,China,Female,Hehe,Shuffledrive,52511.00,CNY
Marilyn,Price,mpricebe@bloglovin.com,Ukraine,Female,Kamieniec Podolski,Zoomzone,90116.09,UAH
Gregory,Cole,gcolebf@geocities.com,Indonesia,Male,Labuhansumbawa,Wordify,89320.78,IDR
Antonio,Brooks,abrooksbg@nba.com,Philippines,Male,Tariji,Oozz,61304.38,PHP
Juan,Berry,jberrybh@aol.com,Croatia,Male,Martin,Kazio,50551.91,HRK
Jessica,Garrett,jgarrettbi@examiner.com,China,Female,Huanglong,Roodel,29576.66,CNY
Robin,Hamilton,rhamiltonbj@theglobeandmail.com,China,Female,Yulin,Pixonyx,45632.24,CNY
Walter,Cunningham,wcunninghambk@wunderground.com,Philippines,Male,Anuling,Thoughtsphere,83427.87,PHP
Russell,Fuller,rfullerbl@bigcartel.com,Brazil,Male,Pomerode,DabZ,39647.67,BRL
Alice,Hart,ahartbm@oakley.com,China,Female,Taipingxi,Camimbo,61656.73,CNY
Albert,Woods,awoodsbn@wufoo.com,Portugal,Male,Casa Nova,Trudoo,42128.04,EUR
Joe,Garcia,jgarciabo@redcross.org,Indonesia,Male,Ratilangi,Twimbo,70272.33,IDR
Elizabeth,Stone,estonebp@taobao.com,Portugal,Female,Vilar,Avamm,29822.84,EUR
Janice,Banks,jbanksbq@typepad.com,Philippines,Female,Tigbinan,Dabfeed,,PHP
Antonio,Ray,araybr@cmu.edu,Russia,Male,Muravlenko,Buzzbean,75925.51,RUB
Laura,Medina,lmedinabs@sun.com,Indonesia,Female,Keroak,Realmix,19035.46,IDR
Teresa,Daniels,tdanielsbt@epa.gov,Philippines,Female,Bangonay,Meembee,56019.81,PHP
Teresa,Ramos,tramosbu@vimeo.com,Indonesia,Female,Pasarkuok,Oyoba,5165.53,IDR
Christine,Sanchez,csanchezbv@yellowbook.com,Burkina Faso,Female,Boussé,Zoozzy,94796.01,XOF
Angela,White,awhitebw@webnode.com,China,Female,Liushun,Quamba,28457.13,CNY
Russell,Bishop,rbishopbx@jiathis.com,Lithuania,Male,Eiguliai,Tambee,72363.39,LTL
Peter,Cook,pcookby@prweb.com,Russia,Male,Sut-Khol’,Realfire,88581.06,RUB
Virginia,Griffin,vgriffinbz@yellowbook.com,Portugal,Female,Póvoa,Browsecat,92014.05,EUR
Jack,Armstrong,jarmstrongc0@hugedomains.com,Bangladesh,Male,Badarganj,Wordtune,66530.39,BDT
Jean,Harvey,jharveyc1@npr.org,Laos,Female,Muang Sing,Trunyx,49564.72,LAK
Maria,Wheeler,mwheelerc2@un.org,Colombia,Female,La Paz,Mita,31436.51,COP
Andrea,Stewart,astewartc3@tinypic.com,Colombia,Female,Linares,Vipe,40158.92,COP
Gloria,Bowman,gbowmanc4@1688.com,Brazil,Female,Pantanal,Twimbo,77378.47,BRL
Jane,Robinson,jrobinsonc5@phoca.cz,China,Female,Baojia,Skivee,,CNY
Roy,Morris,rmorrisc6@princeton.edu,Indonesia,Male,Lokokrangan,Centizu,2255.57,IDR
Pamela,Anderson,pandersonc7@geocities.jp,Russia,Female,Cherga,Linkbuzz,58714.10,RUB
Frances,Freeman,ffreemanc8@army.mil,Thailand,Female,Phonphisai,Layo,26225.54,THB
Martin,Ramos,mramosc9@so-net.ne.jp,Netherlands,Male,Zwolle,Livetube,24442.04,EUR
Sarah,Carroll,scarrollca@vistaprint.com,Poland,Female,Pokój,Kwinu,53898.75,PLN
Christine,Patterson,cpattersoncb@ehow.com,Russia,Female,Sterlibashevo,Wikido,,RUB
Henry,Williamson,hwilliamsoncc@artisteer.com,Cameroon,Male,Bafia,Topiczoom,75855.72,XAF
Marie,Nichols,mnicholscd@blogtalkradio.com,Japan,Female,Handa,Jetpulse,48756.49,JPY
Mark,Stanley,mstanleyce@moonfruit.com,Canada,Male,Crossfield,Layo,49359.22,CAD
Bonnie,Carroll,bcarrollcf@surveymonkey.com,Nigeria,Female,Disina,Aivee,79890.85,NGN
Christopher,Butler,cbutlercg@hibu.com,Philippines,Male,Sison,Kazu,27703.26,PHP
Debra,Fernandez,dfernandezch@miitbeian.gov.cn,South Africa,Female,Heidelberg,Dynabox,72627.13,ZAR
Jimmy,Hayes,jhayesci@redcross.org,Russia,Male,Marevo,Yamia,25517.98,RUB
Jessica,Griffin,jgriffincj@w3.org,Ukraine,Female,Zalesnoye,Gigabox,59056.60,UAH
Tammy,Stone,tstoneck@dedecms.com,Thailand,Female,Chaloem Phra Kiat,Buzzdog,,THB
Phillip,Bishop,pbishopcl@soundcloud.com,Indonesia,Male,Koblain,Thoughtbridge,,IDR
Kenneth,Brown,kbrowncm@nsw.gov.au,Indonesia,Male,Bangbayang,Blogtag,,IDR
Anne,Stephens,astephenscn@accuweather.com,Central African Republic,Female,Carnot,Innojam,13041.63,XAF
Rachel,Berry,rberryco@moonfruit.com,Brazil,Female,Lajeado,Twinder,,BRL
Judy,Chapman,jchapmancp@boston.com,Mexico,Female,Santa Anita,Ailane,68930.64,MXN
Anna,Diaz,adiazcq@constantcontact.com,Morocco,Female,Targuist,Flipbug,6392.19,MAD
Lillian,Richardson,lrichardsoncr@fema.gov,Colombia,Female,Salamina,Mydeo,76642.55,COP
Christina,Bradley,cbradleycs@jalbum.net,Indonesia,Female,Kekeri,Oyoba,,IDR
Douglas,Peterson,dpetersonct@tripadvisor.com,China,Male,Daying,Quinu,37661.60,CNY
Kelly,Porter,kportercu@mozilla.com,Brazil,Female,Nova Russas,Fivespan,54231.58,BRL
Ashley,Carpenter,acarpentercv@skyrock.com,Greece,Female,Pappadátes,Shuffledrive,27184.78,EUR
Lawrence,Shaw,lshawcw@scientificamerican.com,Bosnia and Herzegovina,Male,Šipovo,Avaveo,67423.09,BAM
Henry,Frazier,hfraziercx@cyberchimps.com,Indonesia,Male,Petiga,Shufflester,68237.00,IDR
Jacqueline,Grant,jgrantcy@timesonline.co.uk,Philippines,Female,Bacnotan,Buzzdog,42656.04,PHP
Louis,Reyes,lreyescz@cmu.edu,China,Male,Xiheshan,Gigashots,,CNY
Kathleen,Ortiz,kortizd0@devhub.com,Argentina,Female,Capitán Sarmiento,Photojam,43289.70,ARS
Gerald,Oliver,goliverd1@shinystat.com,Sweden,Male,Ystad,Gabspot,95329.89,SEK
Jacqueline,Jones,jjonesd2@usa.gov,Philippines,Female,Kaligutan,Youtags,87655.64,PHP
Rachel,Moreno,rmorenod3@hhs.gov,Guatemala,Female,Cunén,Twiyo,42719.68,GTQ
Jacqueline,Ortiz,jortizd4@dedecms.com,France,Female,Nantes,Zoombox,83150.68,EUR
Cynthia,Cooper,ccooperd5@goo.ne.jp,Philippines,Female,Manaoag,Oyonder,77940.14,PHP
Patricia,Coleman,pcolemand6@ted.com,Greece,Female,Zákynthos,Tazzy,42305.90,EUR
Roger,Young,ryoungd7@yellowpages.com,Poland,Male,Sośnie,Dynava,91044.17,PLN
Denise,Olson,dolsond8@marriott.com,Czech Republic,Female,Velké Hoštice,Minyx,37712.37,CZK
Diana,Jordan,djordand9@google.pl,Indonesia,Female,Cinyawar,Mynte,83581.42,IDR
Sean,Jackson,sjacksonda@miitbeian.gov.cn,China,Male,Fenghuangshan,Oyope,13437.18,CNY
Angela,Freeman,afreemandb@oaic.gov.au,South Africa,Female,Bhisho,Roomm,2359.11,ZAR
Juan,Harper,jharperdc@sbwire.com,Mexico,Male,La Cañada,Photolist,73021.40,MXN
Emily,Scott,escottdd@nih.gov,Vietnam,Female,Chư Ty,Eimbee,49457.79,VND
Willie,Brown,wbrownde@msu.edu,Honduras,Male,Vallecillo,Fiveclub,,HNL
Joe,Gutierrez,jgutierrezdf@google.fr,China,Male,Erping,Quamba,86548.62,CNY
Emily,Hansen,ehansendg@dedecms.com,Nigeria,Female,Gwadabawa,Babbleblab,80511.40,NGN
Beverly,Frazier,bfrazierdh@mysql.com,Uzbekistan,Female,Namangan,Kwimbee,31676.88,UZS
Ryan,Freeman,rfreemandi@vkontakte.ru,Mongolia,Male,Hatavch,Skimia,16924.06,MNT
Johnny,Elliott,jelliottdj@seattletimes.com,Czech Republic,Male,Hořice,Zoonder,40589.33,CZK
Todd,Hicks,thicksdk@usgs.gov,Peru,Male,Julcamarca,Jabbersphere,1451.71,PEN
Benjamin,Thomas,bthomasdl@w3.org,China,Male,Jiutai,Dynabox,,CNY
Patricia,Mason,pmasondm@netscape.com,China,Female,Baiguo,Jabberstorm,53485.70,CNY
Edward,Scott,escottdn@yale.edu,Russia,Male,Novyy Nekouz,Trilith,,RUB
Janet,Franklin,jfranklindo@earthlink.net,Bolivia,Female,Sipe Sipe,Kwilith,8153.90,BOB
Pamela,Palmer,ppalmerdp@ftc.gov,China,Female,Gongji,Yotz,50993.15,CNY
Nancy,Ruiz,nruizdq@constantcontact.com,Indonesia,Female,Krajan Demit,Zoonoodle,7022.03,IDR
Kimberly,Harris,kharrisdr@dmoz.org,Indonesia,Female,Kalebun,Yozio,86704.48,IDR
William,Wheeler,wwheelerds@jimdo.com,Bolivia,Male,Pocpo,Ainyx,7465.51,BOB
Laura,Gutierrez,lgutierrezdt@free.fr,Argentina,Female,Las Parejas,Wordware,6458.11,ARS
Carolyn,Schmidt,cschmidtdu@arizona.edu,France,Female,Châlons-en-Champagne,Topdrive,25204.38,EUR
Katherine,Porter,kporterdv@wired.com,China,Female,Fengyuan,Jaxbean,84955.57,CNY
Samuel,Henry,shenrydw@blog.com,Canada,Male,Roberval,Meedoo,32797.23,CAD
Richard,Green,rgreendx@i2i.jp,Ukraine,Male,Neresnytsya,Twimm,52314.78,UAH
Carlos,Perry,cperrydy@europa.eu,France,Male,Colmar,Zoonoodle,45477.23,EUR
Joyce,Hart,jhartdz@i2i.jp,Portugal,Female,Esposende,Livetube,26965.82,EUR
Karen,James,kjamese0@youtube.com,Haiti,Female,Anse à Galets,Yozio,31689.02,HTG
Sandra,Simmons,ssimmonse1@pinterest.com,Russia,Female,Nazran’,Eazzy,27993.27,RUB
Teresa,Peters,tpeterse2@scribd.com,China,Female,Hengjian,Blognation,92477.57,CNY
Denise,Ramos,dramose3@canalblog.com,China,Female,Jinchuan,Jabberstorm,12365.78,CNY
Walter,Rodriguez,wrodrigueze4@behance.net,China,Male,Huangtukuang,Oozz,15032.16,CNY
Arthur,Gutierrez,agutierreze5@ustream.tv,China,Male,Yunmen,Vitz,,CNY
Benjamin,Harvey,bharveye6@surveymonkey.com,Indonesia,Male,Luar,Katz,,IDR
Jack,Collins,jcollinse7@deliciousdays.com,Philippines,Male,Tulay,Topicware,96491.15,PHP
Juan,Green,jgreene8@liveinternet.ru,Peru,Male,La Esperanza,Ozu,15034.60,PEN
Gerald,Fowler,gfowlere9@usa.gov,France,Male,Créteil,Feednation,76623.77,EUR
Bruce,Myers,bmyersea@ox.ac.uk,China,Male,Zhutang,Bluejam,,CNY
Frank,Reyes,freyeseb@npr.org,Niger,Male,Tchintabaraden,Meezzy,85610.01,XOF
Larry,Gonzalez,lgonzalezec@blogs.com,China,Male,Shengmi,Eazzy,27191.91,CNY
Jeffrey,Nelson,jnelsoned@virginia.edu,Portugal,Male,Raposeira,Yozio,3942.86,EUR
Mildred,Porter,mporteree@nationalgeographic.com,Pakistan,Female,Nazir Town,Mycat,90473.16,PKR
Sharon,Riley,srileyef@businessinsider.com,Albania,Female,Kajan,Oba,,ALL
Christopher,Ramos,cramoseg@google.cn,China,Male,Xunzhong,Cogilith,98656.34,CNY
Teresa,Cole,tcoleeh@businessinsider.com,Indonesia,Female,Watangan,Jabberstorm,56915.71,IDR
Daniel,Brooks,dbrooksei@blogs.com,Thailand,Male,Sing Buri,Fivespan,14889.74,THB
Louis,Morrison,lmorrisonej@bloglines.com,Malaysia,Male,Putrajaya,Kazu,99006.44,MYR
Billy,Lawson,blawsonek@sogou.com,Luxembourg,Male,Müllendorf,Meevee,46229.03,EUR
Maria,Martin,mmartinel@webs.com,Peru,Female,Acomayo,Thoughtstorm,14882.23,PEN
Kathryn,Dean,kdeanem@europa.eu,Indonesia,Female,Rundeng,Dazzlesphere,8021.18,IDR
Terry,Williamson,twilliamsonen@who.int,Indonesia,Male,Karangsonojabon,Wordware,40709.55,IDR
Linda,Snyder,lsnydereo@microsoft.com,Russia,Female,Priyutovo,Thoughtblab,50143.48,RUB
Susan,Garcia,sgarciaep@si.edu,Croatia,Female,Piškorevci,Linkbridge,30598.54,HRK
Julia,Carter,jcartereq@ycombinator.com,Indonesia,Female,Nggalak,Camido,55430.90,IDR
James,Chavez,jchavezer@multiply.com,China,Male,Longgang,Meemm,9243.80,CNY
Rachel,Gutierrez,rgutierrezes@canalblog.com,Mexico,Female,San Agustin,Aimbu,27197.62,MXN
Linda,Snyder,lsnyderet@nytimes.com,Denmark,Female,København,Devify,33233.56,DKK
Ernest,Williams,ewilliamseu@oaic.gov.au,Brazil,Male,Pinheiro Machado,Zoombox,62017.14,BRL
Evelyn,Foster,efosterev@smugmug.com,Finland,Female,Alavieska,Rhycero,92527.17,EUR
Stephanie,Kennedy,skennedyew@issuu.com,Samoa,Female,Malie,Realblab,44416.81,WST
Paul,Patterson,ppattersonex@mediafire.com,Indonesia,Male,Cikaung,Edgepulse,123.60,IDR
Robert,Stewart,rstewartey@amazon.de,China,Male,Shanmuqiao,Omba,70113.49,CNY
Gregory,Barnes,gbarnesez@walmart.com,Mexico,Male,La Virgen,Gigazoom,19003.68,MXN
Rachel,Sanders,rsandersf0@elpais.com,Japan,Female,Suwa,Katz,139.31,JPY
Jennifer,Hicks,jhicksf1@mit.edu,Russia,Female,Korkino,Trudeo,99211.66,RUB
Patrick,Miller,pmillerf2@ed.gov,Laos,Male,Soukkouma,Skimia,,LAK
Karen,Shaw,kshawf3@phoca.cz,China,Female,Honglong,Kimia,96513.12,CNY
Marie,Stevens,mstevensf4@baidu.com,France,Female,Wasquehal,Brainlounge,45170.23,EUR
George,Cruz,gcruzf5@alibaba.com,Dominican Republic,Male,Constanza,Kanoodle,49990.85,DOP
Todd,Riley,trileyf6@elegantthemes.com,Philippines,Male,Macarse,Agimba,28509.06,PHP
Thomas,Walker,twalkerf7@businesswire.com,Brazil,Male,Salgado,Kaymbo,4284.40,BRL
Lois,Mills,lmillsf8@ovh.net,Philippines,Female,Luna,Vinte,,PHP
Pamela,Scott,pscottf9@zdnet.com,Czech Republic,Female,Rajhrad,Chatterpoint,90733.49,CZK
Johnny,Ward,jwardfa@vimeo.com,Japan,Male,Kitahiroshima,Muxo,53621.46,JPY
Paul,Brown,pbrownfb@marketwatch.com,Syria,Male,Badāmā,Tazzy,25932.25,SYP
Jennifer,Hamilton,jhamiltonfc@wikipedia.org,Russia,Female,Marfino,Quinu,89854.43,RUB
Patrick,Ross,prossfd@bloglovin.com,Myanmar,Male,Wakema,Wordtune,,MMK
Joshua,Fisher,jfisherfe@va.gov,China,Male,Dahuang,BlogXS,60751.60,CNY
Linda,Butler,lbutlerff@is.gd,Mauritius,Female,Cluny,Fadeo,52243.36,MUR
Diana,Fowler,dfowlerfg@blogtalkradio.com,Malaysia,Female,Kota Bharu,Katz,69526.01,MYR
Brandon,Fisher,bfisherfh@sourceforge.net,Greece,Male,Afántou,Tavu,7808.52,EUR
Lois,Foster,lfosterfi@mapquest.com,Mexico,Female,San Jose,Shuffletag,12165.19,MXN
Lillian,Graham,lgrahamfj@dot.gov,North Korea,Female,Yŏnggwang-ŭp,Trupe,91738.40,KPW
Susan,Fox,sfoxfk@free.fr,Bosnia and Herzegovina,Female,Ilići,Browsetype,68118.67,BAM
Joe,Nichols,jnicholsfl@hc360.com,China,Male,Baixi,JumpXS,31838.25,CNY
Mildred,Gutierrez,mgutierrezfm@histats.com,Malaysia,Female,Kuala Terengganu,Fanoodle,42011.88,MYR
Karen,Thomas,kthomasfn@shop-pro.jp,Madagascar,Female,Maintirano,Brainlounge,38031.79,MGA
Maria,Carpenter,mcarpenterfo@deliciousdays.com,Azerbaijan,Female,Vurğun,Eidel,19566.91,AZN
Shirley,Tucker,stuckerfp@narod.ru,Pakistan,Female,Murree,Flashset,90735.71,PKR
Joyce,Barnes,jbarnesfq@wikia.com,Chile,Female,Traiguén,Kare,90734.99,CLP
Kimberly,Price,kpricefr@columbia.edu,China,Female,Xambabazar,Avavee,94636.13,CNY
Norma,Howard,nhowardfs@prnewswire.com,Russia,Female,Sovetsk,Kare,84821.90,RUB
Teresa,Martinez,tmartinezft@google.co.uk,Colombia,Female,Hispania,Kazu,5827.13,COP
Albert,Woods,awoodsfu@hatena.ne.jp,Sweden,Male,Haparanda,Jabbercube,93950.39,SEK
Joan,Shaw,jshawfv@i2i.jp,France,Female,Nancy,Youopia,28752.44,EUR
Donald,Romero,dromerofw@biglobe.ne.jp,Russia,Male,Vladivostok,Thoughtsphere,86056.60,RUB
Gloria,Crawford,gcrawfordfx@globo.com,Argentina,Female,Hernández,Camido,22462.76,ARS
Michelle,Nguyen,mnguyenfy@istockphoto.com,Indonesia,Female,Sonorejo,Voomm,83014.33,IDR
Willie,Simmons,wsimmonsfz@blogspot.com,China,Male,Wucheng,Linkbuzz,63839.43,CNY
Debra,Campbell,dcampbellg0@cloudflare.com,Philippines,Female,Basista,Plajo,34639.49,PHP
Elizabeth,Cook,ecookg1@usgs.gov,China,Female,Wanjia,Oyope,29954.86,CNY
Tina,Smith,tsmithg2@amazon.com,Canada,Female,Carleton Place,Pixope,31040.05,CAD
Evelyn,Peters,epetersg3@statcounter.com,China,Female,Cheping,Abatz,29162.64,CNY
Stephen,Arnold,sarnoldg4@archive.org,Russia,Male,Sotnikovskoye,Gigaclub,36779.93,RUB
Jacqueline,Carr,jcarrg5@theguardian.com,China,Female,Zhuangke,Vitz,,CNY
Evelyn,Gordon,egordong6@loc.gov,Indonesia,Female,Kotabaru,Jetwire,86698.91,IDR
Wanda,Lawrence,wlawrenceg7@prweb.com,Sweden,Female,Övertorneå,Yadel,43577.47,SEK
Roy,Stevens,rstevensg8@vkontakte.ru,Chile,Male,Santiago,Lazz,10700.25,CLP
Harry,Fowler,hfowlerg9@blogspot.com,Palestinian Territory,Male,Dayr Dibwān,Npath,39201.29,ILS
Amy,Gomez,agomezga@wsj.com,Greece,Female,Saronída,Ainyx,,EUR
Lawrence,Gonzales,lgonzalesgb@boston.com,Japan,Male,Hamakita,Yodel,63458.27,JPY
Jacqueline,Stone,jstonegc@state.gov,China,Female,Ala,Youopia,99516.01,CNY
Carlos,Boyd,cboydgd@wsj.com,Thailand,Male,Borabue,Flashdog,17719.36,THB
Linda,Ryan,lryange@nyu.edu,Peru,Female,Quillabamba,Quimba,24700.14,PEN
Katherine,Ward,kwardgf@ow.ly,South Africa,Female,Kriel,Wordtune,61426.63,ZAR
Bobby,Morgan,bmorgangg@twitpic.com,China,Male,Dongfeng,Twitterlist,91466.93,CNY
Kathy,Gardner,kgardnergh@cargocollective.com,Indonesia,Female,Sidoger Lebak,Oyoba,78499.35,IDR
Denise,Wagner,dwagnergi@jiathis.com,Philippines,Female,San Juan,Izio,,PHP
Antonio,Walker,awalkergj@freewebs.com,Indonesia,Male,Tanjungrejo Lor,Digitube,33094.76,IDR
Betty,Hunter,bhuntergk@google.co.uk,Russia,Female,Zelenograd,Yamia,9783.55,RUB
Lisa,Stewart,lstewartgl@blinklist.com,Netherlands,Female,Woerden,Layo,63929.51,EUR
Robin,Martin,rmartingm@va.gov,China,Female,Dahuang,Quaxo,11159.34,CNY
Betty,Myers,bmyersgn@a8.net,United States,Female,Jamaica,Tagfeed,7469.46,USD
Charles,Stewart,cstewartgo@prlog.org,China,Male,Huayuanli,Wordify,29325.48,CNY
Jeffrey,Henry,jhenrygp@independent.co.uk,Poland,Male,Bledzew,Photobug,96348.52,PLN
Janet,Ford,jfordgq@angelfire.com,France,Female,Mazamet,Kare,58243.37,EUR
Martin,Gonzales,mgonzalesgr@sfgate.com,Argentina,Male,Arrufó,Twinte,21684.24,ARS
Julia,Rice,jricegs@walmart.com,Russia,Female,Kamenka,Dabtype,99942.48,RUB
Eugene,Matthews,ematthewsgt@baidu.com,Macedonia,Male,Могила,Realcube,72263.23,MKD
Douglas,Garrett,dgarrettgu@ameblo.jp,Brazil,Male,Juiz de Fora,Feedspan,59972.68,BRL
Eric,Price,epricegv@wordpress.com,China,Male,Jinsha,Trilith,60919.41,CNY
Donald,White,dwhitegw@ibm.com,Russia,Male,Votkinsk,Yodoo,62973.71,RUB
Douglas,Richardson,drichardsongx@aol.com,Colombia,Male,Florencia,Divanoodle,57178.95,COP
Mary,Alvarez,malvarezgy@instagram.com,France,Female,Chalon-sur-Saône,Fivebridge,78609.34,EUR
William,Holmes,wholmesgz@blinklist.com,Indonesia,Male,Sindangsari,Gigazoom,95450.81,IDR
Theresa,Lawson,tlawsonh0@auda.org.au,China,Female,Haibeitou,Skippad,25662.41,CNY
Gregory,Wood,gwoodh1@hibu.com,China,Male,Xunzhai,Realbridge,87898.95,CNY
William,Franklin,wfranklinh2@timesonline.co.uk,Portugal,Male,Aldeia da Mata,Jazzy,18003.34,EUR
Charles,Carr,ccarrh3@omniture.com,Portugal,Male,Engenho,Thoughtstorm,95683.83,EUR
Philip,Nelson,pnelsonh4@businessinsider.com,Russia,Male,Shemursha,Roombo,80546.93,RUB
Albert,Stephens,astephensh5@wiley.com,Colombia,Male,La Tola,Browsebug,76590.54,COP
Ruth,Henry,rhenryh6@biglobe.ne.jp,Indonesia,Female,Balesari,Yakitri,14630.50,IDR
Jeremy,Griffin,jgriffinh7@hud.gov,Philippines,Male,Cordova,Ozu,35004.67,PHP
Adam,Ross,arossh8@yale.edu,Mauritius,Male,Petit Raffray,Quimm,,MUR
Patrick,Edwards,pedwardsh9@hp.com,Portugal,Male,Castelo,Bubbletube,14985.26,EUR
Martha,Price,mpriceha@youtube.com,Indonesia,Female,Kalunan,Plajo,,IDR
Roger,Fernandez,rfernandezhb@tiny.cc,China,Male,Diancun,Chatterpoint,42094.75,CNY
Joan,Black,jblackhc@timesonline.co.uk,Canada,Female,Laval,Rooxo,,CAD
Bobby,Mitchell,bmitchellhd@wikipedia.org,Peru,Male,Tambobamba,Voomm,59303.48,PEN
Debra,Hamilton,dhamiltonhe@booking.com,China,Female,Baishi,Fiveclub,20283.83,CNY
Patricia,Stephens,pstephenshf@com.com,China,Female,Shimen,DabZ,,CNY
Ashley,Medina,amedinahg@utexas.edu,Serbia,Female,Ljukovo,Flashset,76130.98,RSD
Irene,Hart,iharthh@umich.edu,Indonesia,Female,Pasinan Barat,Babbleblab,86550.59,IDR
Louis,Alvarez,lalvarezhi@psu.edu,Vietnam,Male,Thị Trấn Nga Sơn,Browsetype,,VND
Terry,Fuller,tfullerhj@intel.com,Macedonia,Male,Skopje,Flashset,15233.60,MKD
Brian,Elliott,belliotthk@irs.gov,Afghanistan,Male,Qal‘ah-ye Kuhnah,Gigabox,33255.82,AFN
Samuel,Webb,swebbhl@epa.gov,Philippines,Male,Maasin,Gigaclub,64027.54,PHP
Kevin,Matthews,kmatthewshm@mapquest.com,Russia,Male,Sosnovo-Ozerskoye,Lajo,80773.68,RUB
Eugene,Dunn,edunnhn@fotki.com,Poland,Male,Orneta,Myworks,93658.82,PLN
Cheryl,Mcdonald,cmcdonaldho@archive.org,United States,Female,Chico,Brainlounge,87568.49,USD
Elizabeth,Wood,ewoodhp@tuttocitta.it,Indonesia,Female,Tondano,Mydo,61643.22,IDR
Clarence,Carpenter,ccarpenterhq@washington.edu,Indonesia,Male,Jenang Selatan,Eire,13052.41,IDR
Virginia,Watson,vwatsonhr@blogger.com,Portugal,Female,Quarteira,Avamm,49654.30,EUR
Patricia,Griffin,pgriffinhs@trellian.com,United Arab Emirates,Female,Abu Dhabi,Oodoo,4023.05,AED
Amanda,Matthews,amatthewsht@yahoo.com,Czech Republic,Female,Včelná,Oyondu,48025.97,CZK
Anna,Rose,arosehu@ucsd.edu,China,Female,Majiao,Wikivu,7859.89,CNY
Johnny,Perez,jperezhv@digg.com,Brazil,Male,Capâo Bonito,Oba,98575.90,BRL
Margaret,Moore,mmoorehw@creativecommons.org,France,Female,Nuits-Saint-Georges,Aimbu,84338.08,EUR
Martha,Peters,mpetershx@live.com,China,Female,Dazhigu,Gigabox,4195.62,CNY
Judy,Fernandez,jfernandezhy@nymag.com,France,Female,Lyon,Brainverse,88579.76,EUR
Harold,Peterson,hpetersonhz@opensource.org,Philippines,Male,Bukid,Dabvine,70454.46,PHP
Bobby,Harper,bharperi0@xing.com,China,Male,Fujiayan,Thoughtmix,6588.89,CNY
Edward,Harvey,eharveyi1@go.com,United States,Male,Inglewood,Zoomzone,87313.51,USD
Ernest,Ferguson,efergusoni2@aboutads.info,Greece,Male,Aíyira,Quinu,98417.33,EUR
Thomas,Perry,tperryi3@oracle.com,Albania,Male,Moglicë,Zooxo,86679.36,ALL
Karen,Matthews,kmatthewsi4@discovery.com,Czech Republic,Female,Třebíč,Thoughtbridge,16627.22,CZK
Brandon,Rodriguez,brodriguezi5@umn.edu,Slovenia,Male,Ankaran,Quamba,42143.01,EUR
Douglas,Washington,dwashingtoni6@elegantthemes.com,Russia,Male,Budënnovsk,Wordpedia,25373.67,RUB
Kelly,Wheeler,kwheeleri7@scribd.com,Poland,Female,Koronowo,Eimbee,,PLN
Sara,Mcdonald,smcdonaldi8@instagram.com,Indonesia,Female,Sukasari,Photobug,92235.30,IDR
Ryan,Fields,rfieldsi9@cyberchimps.com,Philippines,Male,Panganiban,Cogibox,67542.13,PHP
Jacqueline,Richardson,jrichardsonia@discuz.net,China,Female,Menglie,Abata,73283.44,CNY
Christopher,Armstrong,carmstrongib@opera.com,Mexico,Male,Cuauhtemoc,Devpulse,97414.99,MXN
Carl,Payne,cpayneic@google.com.hk,Spain,Male,Madrid,Jazzy,85757.30,EUR
Amanda,Davis,adavisid@histats.com,Mexico,Female,La Esperanza,Yodel,8071.17,MXN
Donna,Romero,dromeroie@xinhuanet.com,Ivory Coast,Female,Abidjan,Zoomcast,9845.19,XOF
Frances,Wallace,fwallaceif@apple.com,Mexico,Female,San Antonio,Jabbersphere,79236.17,MXN
Beverly,Lopez,blopezig@huffingtonpost.com,China,Female,Huancheng,Blogtags,41511.09,CNY
Paul,Garza,pgarzaih@bandcamp.com,Indonesia,Male,Neglasari,Katz,65095.85,IDR
Sara,Mcdonald,smcdonaldii@miibeian.gov.cn,Yemen,Female,Al Jabīn,Twitterworks,31005.39,YER
Susan,Anderson,sandersonij@shop-pro.jp,China,Female,Xiaochuan,Edgetag,19752.08,CNY
Harry,Robertson,hrobertsonik@youtu.be,China,Male,Mao’er,Yabox,,CNY
Judith,Henry,jhenryil@engadget.com,China,Female,Jibu Hulangtu,Gabtune,47388.33,CNY
Paula,Richardson,prichardsonim@google.ca,Sweden,Female,Billdal,Devbug,50881.04,SEK
Jack,Hawkins,jhawkinsin@loc.gov,China,Male,Dongjiao,Twitternation,64260.02,CNY
Catherine,Crawford,ccrawfordio@bloglines.com,United States,Female,Raleigh,Twitterwire,,USD
Lori,Butler,lbutlerip@4shared.com,Uganda,Female,Bukomansimbi,Browsebug,50081.75,UGX
Ralph,Oliver,roliveriq@godaddy.com,Philippines,Male,Mercedes,Minyx,,PHP
Roger,Duncan,rduncanir@slate.com,Mexico,Male,La Palma,Ntag,,MXN
Beverly,Gomez,bgomezis@netlog.com,Finland,Female,Perniö,Camido,71433.17,EUR
Keith,Morrison,kmorrisonit@tinypic.com,China,Male,Lindong,Skimia,65794.47,CNY
Teresa,Perry,tperryiu@mit.edu,Brazil,Female,Tanabi,Tagtune,,BRL
Heather,Mills,hmillsiv@cbslocal.com,Dominican Republic,Female,La Julia,Bubblebox,30289.75,DOP
Joseph,Griffin,jgriffiniw@elpais.com,Mexico,Male,Providencia,Fivechat,46159.24,MXN
Kelly,Cunningham,kcunninghamix@boston.com,South Korea,Female,Gumi,Camimbo,79612.16,KRW
Melissa,Morrison,mmorrisoniy@usnews.com,Russia,Female,Lesnyye Polyany,Camido,,RUB
Timothy,Miller,tmilleriz@is.gd,Costa Rica,Male,Bejuco,Plambee,93710.50,CRC
Judy,Parker,jparkerj0@hc360.com,Peru,Female,Acolla,Feedmix,,PEN
Martin,Reid,mreidj1@jigsy.com,China,Male,Lianyun,Thoughtmix,48102.09,CNY
Craig,Young,cyoungj2@t-online.de,Syria,Male,‘Uqayribāt,Digitube,24044.12,SYP
Jesse,Morrison,jmorrisonj3@nba.com,Sweden,Male,Vargön,Browsetype,66793.38,SEK
Beverly,Gilbert,bgilbertj4@amazon.de,China,Female,Cheping,Myworks,94838.00,CNY
Rachel,White,rwhitej5@cyberchimps.com,Philippines,Female,Paitan Este,Mydo,48151.76,PHP
Ernest,Wells,ewellsj6@princeton.edu,Indonesia,Male,Kampungsusah,Devbug,,IDR
Maria,Hernandez,mhernandezj7@chronoengine.com,Ukraine,Female,Berdyans’k,Twitterbridge,44270.73,UAH
Eric,Burns,eburnsj8@rambler.ru,Turkmenistan,Male,Gazanjyk,Meevee,56669.00,TMT
Juan,Powell,jpowellj9@mashable.com,China,Male,Hengxizhen,Browsetype,79323.15,CNY
Raymond,Hansen,rhansenja@webs.com,Indonesia,Male,Watodei,Mybuzz,59533.62,IDR
Michael,Nguyen,mnguyenjb@examiner.com,Colombia,Male,Cúcuta,Pixoboo,57542.71,COP
Lisa,Rivera,lriverajc@constantcontact.com,China,Female,Dengnan,Gabvine,29786.25,CNY
Johnny,Watson,jwatsonjd@washington.edu,South Africa,Male,Ermelo,Buzzdog,74813.35,ZAR
John,Oliver,joliverje@hibu.com,China,Male,Huixian Chengguanzhen,Aimbu,55532.71,CNY
Lois,Lawson,llawsonjf@yelp.com,Poland,Female,Cisiec,Voonder,72125.92,PLN
Marilyn,Cruz,mcruzjg@discuz.net,Comoros,Female,Moya,Flashdog,99762.85,KMF
Richard,Owens,rowensjh@samsung.com,Portugal,Male,Santa Cruz das Flores,Tambee,80377.79,EUR
Pamela,Patterson,ppattersonji@baidu.com,Slovenia,Female,Razvanje,Midel,9184.36,EUR
Debra,Williamson,dwilliamsonjj@merriam-webster.com,Indonesia,Female,Ambarawa,Agimba,16685.55,IDR
Timothy,Cruz,tcruzjk@sitemeter.com,Russia,Male,Nagornyy,Thoughtbridge,11957.59,RUB
Randy,Gonzales,rgonzalesjl@blogspot.com,Greece,Male,Pappadátes,Blogtag,27842.42,EUR
Shirley,Vasquez,svasquezjm@forbes.com,France,Female,Paris 09,Babblestorm,77174.01,EUR
Joseph,Snyder,jsnyderjn@ibm.com,China,Male,Zhangfeng,Brainverse,9324.63,CNY
Jerry,Sullivan,jsullivanjo@vinaora.com,China,Male,Lanlongkou,Riffwire,16714.21,CNY
Kevin,Simpson,ksimpsonjp@prlog.org,Russia,Male,Nazyvayevsk,Gabtype,19972.64,RUB
Roger,Pierce,rpiercejq@sbwire.com,Greece,Male,Áyios Vasílios,Kanoodle,,EUR
Billy,Diaz,bdiazjr@woothemes.com,United States,Male,Baltimore,Brightbean,98707.56,USD
Sean,Turner,sturnerjs@webnode.com,Portugal,Male,Carreira,Zoomlounge,53545.69,EUR
Douglas,Bowman,dbowmanjt@uol.com.br,China,Male,Xiashan,Topiclounge,38216.30,CNY
Daniel,Ortiz,dortizju@github.io,Japan,Male,Kawage,Buzzdog,63098.51,JPY
Gary,Scott,gscottjv@scientificamerican.com,Sudan,Male,El Fasher,Lajo,4820.84,SDG
Ryan,Tucker,rtuckerjw@weibo.com,Indonesia,Male,Malabar,Yadel,74374.60,IDR
Mary,Brown,mbrownjx@jalbum.net,Cameroon,Female,Kumba,Lajo,61655.00,XAF
Benjamin,Boyd,bboydjy@devhub.com,Brazil,Male,Registro,Feedmix,86753.76,BRL
Julie,Harrison,jharrisonjz@ebay.com,Japan,Female,Toki,Oodoo,,JPY
Catherine,Arnold,carnoldk0@blogs.com,Indonesia,Female,Muarabuliti,Yombu,475.23,IDR
Louise,Griffin,lgriffink1@theguardian.com,China,Female,Tangyin,Edgewire,38597.95,CNY
Ernest,Snyder,esnyderk2@twitter.com,Indonesia,Male,Mancogeh,Jetpulse,46330.80,IDR
Kelly,Hunt,khuntk3@stumbleupon.com,Nicaragua,Female,Matagalpa,Photobug,,NIO
Cynthia,Elliott,celliottk4@latimes.com,Spain,Female,Valladolid,Thoughtbridge,48082.71,EUR
Brandon,Elliott,belliottk5@slashdot.org,Philippines,Male,San Jacinto,Yakidoo,83387.74,PHP
Joan,Hansen,jhansenk6@techcrunch.com,United States,Female,Columbus,Vidoo,17948.58,USD
Ronald,Reid,rreidk7@usatoday.com,Indonesia,Male,Bantul,Ozu,67891.84,IDR
Judith,Lane,jlanek8@ftc.gov,Mexico,Female,Buenavista,Zava,,MXN
Julia,Martinez,jmartinezk9@wiley.com,China,Female,Bahuang,Vitz,47216.20,CNY
Eugene,Gomez,egomezka@sakura.ne.jp,Iran,Male,Dalgān,Realmix,33529.66,IRR
Diane,Johnston,djohnstonkb@bbb.org,Russia,Female,Krasnyye Chetai,Voomm,84862.25,RUB
Bonnie,Burton,bburtonkc@nsw.gov.au,Poland,Female,Żarów,Realcube,53287.28,PLN
Beverly,Foster,bfosterkd@umn.edu,Vietnam,Female,Mỹ Thọ,Quire,3230.85,VND
Keith,Williamson,kwilliamsonke@unesco.org,China,Male,Xomong,Edgewire,39545.46,CNY
Steven,Owens,sowenskf@symantec.com,China,Male,Hongqi,Yata,75150.64,CNY
John,Turner,jturnerkg@sphinn.com,Indonesia,Male,Pakemitan,Kazu,76397.67,IDR
Debra,Stewart,dstewartkh@hatena.ne.jp,Indonesia,Female,Awarawar,Brainverse,26116.92,IDR
Sandra,Burns,sburnski@nps.gov,Russia,Female,Ivanovka,Eazzy,79409.90,RUB
Benjamin,Hudson,bhudsonkj@xrea.com,Indonesia,Male,Dawuhan,Jaxnation,44055.82,IDR
Joan,Harris,jharriskk@histats.com,Gambia,Female,Kaiaf,DabZ,2680.30,GMD
Antonio,Harrison,aharrisonkl@washington.edu,Russia,Male,Vysotskoye,Quatz,7100.77,RUB
Doris,Gonzales,dgonzaleskm@huffingtonpost.com,Peru,Female,Soras,Thoughtblab,48695.92,PEN
Mary,Howard,mhowardkn@github.com,China,Female,Longshan,Kaymbo,97722.38,CNY
Paula,Richardson,prichardsonko@bluehost.com,Colombia,Female,El Guamo,Wikizz,33569.47,COP
Evelyn,Hansen,ehansenkp@cdbaby.com,China,Female,Wenxi,Devify,,CNY
Virginia,Evans,vevanskq@army.mil,Tonga,Female,Neiafu,Vinte,49675.05,TOP
Cynthia,Burton,cburtonkr@berkeley.edu,Peru,Female,Iñapari,Riffpath,86307.70,PEN
Bonnie,Marshall,bmarshallks@comsenz.com,Colombia,Female,Pasto,Jaloo,26337.94,COP
Jean,Griffin,jgriffinkt@amazon.co.jp,Albania,Female,Mamurras,Photobean,82775.61,ALL
Billy,Payne,bpayneku@amazon.co.jp,Philippines,Male,Talisay,Quimm,41346.88,PHP
Angela,Gonzales,agonzaleskv@fotki.com,Indonesia,Female,Minian,Twinte,,IDR
Louis,Tucker,ltuckerkw@indiatimes.com,Vietnam,Male,Châu Thành,Trudeo,76446.07,VND
Lillian,Morgan,lmorgankx@zdnet.com,Ukraine,Female,Tsarychanka,Wordpedia,7053.80,UAH
Norma,Garza,ngarzaky@myspace.com,Canada,Female,Fairview,Tagpad,74679.01,CAD
Karen,Tucker,ktuckerkz@skype.com,Indonesia,Female,Pondokrejo Wetan,Viva,17141.42,IDR
Pamela,Johnson,pjohnsonl0@wisc.edu,Albania,Female,Shijak,Yodo,31117.27,ALL
Daniel,Harper,dharperl1@xrea.com,Estonia,Male,Rakvere,Vipe,58881.50,EUR
Samuel,Tucker,stuckerl2@godaddy.com,China,Male,Zheng’an,Riffpath,69515.70,CNY
Ashley,Little,alittlel3@dmoz.org,Democratic Republic of the Congo,Female,Tshela,Zoomdog,53433.00,CDF
Robert,Hart,rhartl4@prlog.org,Philippines,Male,Palanas,Brainlounge,50811.77,PHP
Joseph,Hill,jhilll5@booking.com,Portugal,Male,Vila Franca da Beira,Feedbug,,EUR
Billy,Frazier,bfrazierl6@bloglines.com,Philippines,Male,Santa Barbara,Vitz,,PHP
Ronald,Medina,rmedinal7@taobao.com,France,Male,Mougins,Yodo,68865.46,EUR
Amanda,Snyder,asnyderl8@addthis.com,China,Female,Pangguang,Gabtype,97883.95,CNY
Lawrence,Lopez,llopezl9@mozilla.org,East Timor,Male,Liquica,Wordware,96997.36,USD
Susan,Morris,smorrisla@weather.com,China,Female,Zhoushizhuang,Brainlounge,91010.69,CNY
Jack,Garcia,jgarcialb@noaa.gov,South Africa,Male,Allanridge,Yoveo,88035.93,ZAR
Keith,Baker,kbakerlc@wordpress.org,Azerbaijan,Male,Geoktschai,Fatz,56865.51,AZN
Linda,Olson,lolsonld@github.com,China,Female,Miaoya,Photobug,31507.30,CNY
Deborah,Baker,dbakerle@nytimes.com,Belarus,Female,Khotsimsk,Topiczoom,,BYR
Jean,Little,jlittlelf@webeden.co.uk,China,Female,Meilin,Wikibox,37100.00,CNY
Maria,Davis,mdavislg@twitpic.com,China,Female,Zhumadian,Yacero,85644.08,CNY
Catherine,Hicks,chickslh@twitter.com,Ukraine,Female,Rozhnyativ,Brainlounge,97802.12,UAH
Maria,Sanchez,msanchezli@google.de,Ukraine,Female,Savran’,Ntag,12499.80,UAH
Anthony,Rice,aricelj@oakley.com,Canada,Male,Chambly,Browsedrive,86930.08,CAD
Brenda,Moreno,bmorenolk@state.gov,Zimbabwe,Female,Filabusi,Twimbo,48067.66,ZWL
Judy,Rice,jricell@posterous.com,China,Female,Tanghua,Brainlounge,42938.33,CNY
Susan,Stone,sstonelm@baidu.com,Republic of the Congo,Female,Sémbé,Edgepulse,88513.23,XAF
Sara,Reed,sreedln@jigsy.com,Portugal,Female,Carregal,Oodoo,84025.06,EUR
Kevin,Sims,ksimslo@nhs.uk,China,Male,Shuangxi,Agimba,59553.56,CNY
Carl,Ross,crosslp@cloudflare.com,Indonesia,Male,Sumberbaru,Meevee,7386.30,IDR
Brandon,Ortiz,bortizlq@slideshare.net,Philippines,Male,Salinas,Tagopia,78123.37,PHP
Lillian,Kelly,lkellylr@moonfruit.com,Mongolia,Female,Enhtal,LiveZ,54641.88,MNT
Christine,Spencer,cspencerls@bluehost.com,Dominican Republic,Female,Cotuí,Wordtune,27409.02,DOP
Gary,Ray,graylt@wordpress.org,Israel,Male,El Fureidīs,Dazzlesphere,90101.10,ILS
Sean,Morales,smoraleslu@biblegateway.com,Portugal,Male,Vinha,Realfire,73818.04,EUR
Maria,Alvarez,malvarezlv@surveymonkey.com,Kosovo,Female,Glogovac,Jetwire,73934.92,EUR
Ralph,James,rjameslw@liveinternet.ru,Indonesia,Male,Huineno,Flashdog,25459.28,IDR
Martin,Brown,mbrownlx@naver.com,China,Male,Baisha,Divape,94018.50,CNY
Justin,Simpson,jsimpsonly@unblog.fr,Ukraine,Male,Roskoshnyy,Flashdog,31254.93,UAH
Sarah,Miller,smillerlz@list-manage.com,Niger,Female,Dosso,Zooveo,,XOF
Ralph,Jacobs,rjacobsm0@sciencedirect.com,Philippines,Male,San Andres,Pixoboo,91942.95,PHP
Carl,Foster,cfosterm1@archive.org,China,Male,Guang’an,Voolith,341.90,CNY
Margaret,Morrison,mmorrisonm2@opensource.org,Portugal,Female,Casal Velho,Topiclounge,95078.69,EUR
Bruce,Gardner,bgardnerm3@friendfeed.com,China,Male,Matou,Oyondu,10423.62,CNY
Shirley,Bell,sbellm4@house.gov,Indonesia,Female,Gontar,JumpXS,77220.61,IDR
Steve,Ellis,sellism5@ow.ly,Palestinian Territory,Male,Khallat ad Dār,Avaveo,69317.63,ILS
Emily,Franklin,efranklinm6@simplemachines.org,Nigeria,Female,Obonoma,Twitterbeat,54979.45,NGN
Jack,Thompson,jthompsonm7@cargocollective.com,Philippines,Male,Halayhay,Jaloo,34099.92,PHP
Judith,Robertson,jrobertsonm8@cnbc.com,Colombia,Female,Dagua,Brightbean,317.25,COP
Rachel,Bell,rbellm9@vinaora.com,China,Female,Chixi,Photospace,68391.16,CNY
Julie,Lawrence,jlawrencema@seesaa.net,Indonesia,Female,Piru,Babblestorm,35595.85,IDR
Carl,Brown,cbrownmb@discuz.net,Indonesia,Male,Baturaja,Yodoo,17738.29,IDR
Judy,Gordon,jgordonmc@hao123.com,South Korea,Female,Jeonju,Yabox,96565.97,KRW
Bruce,Perez,bperezmd@squarespace.com,Indonesia,Male,Ciherang,Eamia,97948.24,IDR
Carolyn,Day,cdayme@example.com,Argentina,Female,Lobos,Wordware,3952.99,ARS
Bobby,Lee,bleemf@npr.org,Ukraine,Male,Chapayevka,Realcube,32839.61,UAH
Evelyn,Adams,eadamsmg@altervista.org,Honduras,Female,El Escanito,Thoughtworks,29508.56,HNL
Dennis,Hill,dhillmh@hibu.com,China,Male,Ganzi,Yabox,26063.84,CNY
Wayne,Lawson,wlawsonmi@berkeley.edu,Indonesia,Male,Pajoreja,Flashspan,14904.08,IDR
Jeremy,Fields,jfieldsmj@sbwire.com,Portugal,Male,Eixo,Avavee,80065.71,EUR
Emily,Gardner,egardnermk@go.com,Guatemala,Female,Esquipulas Palo Gordo,Topiclounge,98945.89,GTQ
Nancy,Flores,nfloresml@nsw.gov.au,United States,Female,Winter Haven,Edgeblab,38954.13,USD
Susan,Morris,smorrismm@gmpg.org,Brazil,Female,Rio Grande da Serra,Kamba,,BRL
Antonio,Wheeler,awheelermn@addthis.com,Ethiopia,Male,Werota,Divanoodle,52575.36,ETB
Jason,Porter,jportermo@tamu.edu,Russia,Male,Tashanta,Gabvine,73959.58,RUB
Brenda,Moore,bmooremp@theglobeandmail.com,Indonesia,Female,Asempapan,Twitterlist,89906.45,IDR
Helen,Hayes,hhayesmq@imdb.com,Indonesia,Female,Oesain,Latz,6171.63,IDR
Teresa,Hicks,thicksmr@github.io,Poland,Female,Czarna,Edgewire,60339.97,PLN
Elizabeth,Kelley,ekelleyms@php.net,China,Female,Yushugou,Chatterbridge,6237.15,CNY
Lisa,Black,lblackmt@cpanel.net,Finland,Female,Otaniemi,Devify,814.73,EUR
Roger,Martin,rmartinmu@google.de,Brazil,Male,Cajuru,Kazu,,BRL
Ernest,Burke,eburkemv@nih.gov,Dominican Republic,Male,Jaquimeyes,Photobean,1671.04,DOP
Thomas,Morgan,tmorganmw@squidoo.com,Bosnia and Herzegovina,Male,Janja,Zoovu,97090.16,BAM
Tina,Patterson,tpattersonmx@furl.net,Philippines,Female,Palagao Norte,Snaptags,54289.75,PHP
Julie,Ryan,jryanmy@apache.org,Azerbaijan,Female,Qusar,Oyoloo,43336.40,AZN
Anne,Gibson,agibsonmz@gnu.org,China,Female,Zhujiang,Blogtag,38535.76,CNY
Kathleen,Smith,ksmithn0@huffingtonpost.com,Philippines,Female,Calidñgan,Babblestorm,46127.96,PHP
Kenneth,Flores,kfloresn1@twitter.com,Philippines,Male,San Rafael,Twinder,81010.97,PHP
Annie,Martin,amartinn2@bloglovin.com,Portugal,Female,Baião,Latz,51757.38,EUR
Russell,Holmes,rholmesn3@tamu.edu,Peru,Male,La Unión,Eimbee,80.98,PEN
Antonio,Hill,ahilln4@samsung.com,Indonesia,Male,Gotputuk,Meembee,,IDR
Angela,Richards,arichardsn5@dailymail.co.uk,China,Female,Xiachu,Rhybox,30037.02,CNY
Phyllis,Palmer,ppalmern6@ucsd.edu,Greece,Female,Pýli,Fliptune,43205.70,EUR
Brian,Bailey,bbaileyn7@ycombinator.com,Indonesia,Male,Oekuu,Livetube,19753.15,IDR
Diana,Brown,dbrownn8@indiegogo.com,Angola,Female,Catabola,Quinu,4004.17,AOA
Pamela,White,pwhiten9@google.co.jp,Czech Republic,Female,Bouzov,Blogtag,44624.35,CZK
Ruth,Hamilton,rhamiltonna@gizmodo.com,China,Female,Gunziying,Cogidoo,32032.44,CNY
Robin,Perry,rperrynb@umich.edu,Brazil,Female,Florianópolis,Photojam,78772.02,BRL
Chris,Simmons,csimmonsnc@icio.us,Palestinian Territory,Male,Bayt Maqdūm,Realfire,54913.50,ILS
Christina,Morris,cmorrisnd@google.ru,Indonesia,Female,Nyapar,Oodoo,68324.97,IDR
Carol,Henry,chenryne@theglobeandmail.com,Russia,Female,Yakovlevskoye,Skinix,62424.53,RUB
Patricia,Collins,pcollinsnf@cisco.com,China,Female,Dengfang,Gigabox,10250.43,CNY
Henry,Barnes,hbarnesng@gravatar.com,Greece,Male,Rodhítsa,Mycat,39443.40,EUR
Charles,Dean,cdeannh@macromedia.com,Swaziland,Male,Siteki,Blogtags,48298.59,SZL
Todd,Jenkins,tjenkinsni@bravesites.com,Namibia,Male,Katima Mulilo,Meedoo,76590.63,NAD
Richard,Riley,rrileynj@google.de,New Zealand,Male,Waitara,Buzzbean,,NZD
Shirley,Bowman,sbowmannk@dailymail.co.uk,Poland,Female,Otyń,Twiyo,,PLN
Kathleen,Marshall,kmarshallnl@nsw.gov.au,Croatia,Female,Rezovac,Flipstorm,56534.15,HRK
Joseph,Anderson,jandersonnm@list-manage.com,Indonesia,Male,Likwatang Timur,Linkbridge,69364.38,IDR
William,Morales,wmoralesnn@wunderground.com,Brazil,Male,Prudentópolis,Mymm,77518.71,BRL
Edward,Nichols,enicholsno@npr.org,Peru,Male,Huasahuasi,Brainbox,76117.27,PEN
Linda,Dean,ldeannp@friendfeed.com,Brazil,Female,Guarulhos,Fivechat,41573.52,BRL
Jason,Romero,jromeronq@google.it,China,Male,Taibai,Mudo,74794.17,CNY
Amanda,Jacobs,ajacobsnr@sciencedirect.com,China,Female,Heping,Roombo,17800.29,CNY
Alan,White,awhitens@wikimedia.org,Thailand,Male,Thung Song,Twitterbridge,97080.02,THB
Michael,Sanders,msandersnt@thetimes.co.uk,China,Male,Hengshui,Twinte,48309.93,CNY
Scott,Nelson,snelsonnu@independent.co.uk,Indonesia,Male,Retenggoma,Trudoo,83504.05,IDR
Steven,Gordon,sgordonnv@jugem.jp,Indonesia,Male,Bangbayang,Latz,49832.63,IDR
Edward,Sanders,esandersnw@printfriendly.com,Indonesia,Male,Rengat,Flashset,12552.65,IDR
Jessica,Garrett,jgarrettnx@bbb.org,China,Female,Kunmi Erdi,Thoughtmix,81320.06,CNY
Eugene,Lynch,elynchny@devhub.com,Brazil,Male,São Joaquim,Yakijo,97095.44,BRL
Frank,Cunningham,fcunninghamnz@exblog.jp,Vietnam,Male,Đắk Mil,Blogpad,55007.36,VND
Jimmy,Jones,jjoneso0@washingtonpost.com,Ukraine,Male,Kamieniec Podolski,Kazio,45805.10,UAH
Johnny,Wallace,jwallaceo1@google.com.br,Portugal,Male,Palhais,Mynte,,EUR
Ryan,Jackson,rjacksono2@ifeng.com,Croatia,Male,Belica,Jaxnation,40097.96,HRK
Henry,Morales,hmoraleso3@phpbb.com,China,Male,Yueyang,Quamba,43753.12,CNY
Catherine,Spencer,cspencero4@ebay.co.uk,China,Female,Gaozhou,Realcube,59085.97,CNY
Janice,Smith,jsmitho5@alibaba.com,Venezuela,Female,Alto Barinas,Jetpulse,57821.72,VEF
Sharon,Ramos,sramoso6@xrea.com,Indonesia,Female,Cimaragas,Fadeo,37647.90,IDR
William,Ortiz,wortizo7@dmoz.org,China,Male,Mafang,Devbug,10307.04,CNY
Robert,Hughes,rhugheso8@fastcompany.com,Indonesia,Male,Bendilwungu Lor,Tagopia,62498.02,IDR
Stephanie,Gonzales,sgonzaleso9@gov.uk,Russia,Female,Vol’nyy Aul,Yodo,37575.07,RUB
Amy,Robertson,arobertsonoa@narod.ru,Chile,Female,Longaví,Geba,74064.66,CLP
Jacqueline,Allen,jallenob@sohu.com,Brazil,Female,Itaituba,Youopia,65439.36,BRL
Julie,Andrews,jandrewsoc@sciencedirect.com,Russia,Female,Североморск-3,Buzzdog,17719.23,RUB
Jason,Kim,jkimod@wikia.com,Comoros,Male,Ourovéni,Wikizz,44142.89,KMF
Paul,Warren,pwarrenoe@guardian.co.uk,China,Male,Eshan,Flashspan,21522.18,CNY
Elizabeth,Stanley,estanleyof@merriam-webster.com,Guatemala,Female,Santa Clara La Laguna,Eayo,77693.90,GTQ
Jacqueline,Wagner,jwagnerog@howstuffworks.com,Peru,Female,Tambo,Feedbug,21977.15,PEN
Martin,Ryan,mryanoh@chicagotribune.com,Japan,Male,Nagato,Twitternation,,JPY
Peter,Hernandez,phernandezoi@hatena.ne.jp,China,Male,Chengguan,Ozu,81883.14,CNY
Walter,Dean,wdeanoj@nyu.edu,China,Male,Youdian,Shuffledrive,54702.21,CNY
Bobby,Ford,bfordok@google.pl,China,Male,Xinzhou,Gigashots,78641.12,CNY
Christina,Murphy,cmurphyol@bloglines.com,France,Female,Lille,Aibox,,EUR
Steve,Fisher,sfisherom@nature.com,Mongolia,Male,Bayanhoshuu,Kazu,35559.84,MNT
Joan,Lee,jleeon@admin.ch,China,Female,Huangjin,Browsebug,55036.36,CNY
Edward,Morrison,emorrisonoo@ifeng.com,Indonesia,Male,Manokwari,Skipstorm,60329.56,IDR
Mildred,White,mwhiteop@phoca.cz,Philippines,Female,Tungao,BlogXS,41337.72,PHP
Shawn,Porter,sporteroq@elpais.com,Ukraine,Male,Kolochava,Vimbo,,UAH
Janice,Thomas,jthomasor@scribd.com,Poland,Female,Straszyn,Topicblab,55086.06,PLN
Harry,Rodriguez,hrodriguezos@npr.org,China,Male,Longmenfan,Yadel,83262.55,CNY
Donald,Carroll,dcarrollot@telegraph.co.uk,Venezuela,Male,Chaguaramas,Mita,19524.90,VEF
Benjamin,Lynch,blynchou@mozilla.org,France,Male,Orléans,Chatterpoint,,EUR
Marie,Ruiz,mruizov@house.gov,China,Female,Leye,Zooxo,,CNY
Deborah,Rose,droseow@census.gov,Brazil,Female,Buriti Alegre,Devbug,27101.21,BRL
Judy,Mason,jmasonox@google.co.jp,Kuwait,Female,Al Finţās,Linklinks,13622.98,KWD
Jason,Daniels,jdanielsoy@shutterfly.com,Indonesia,Male,Cikandang,Aibox,,IDR
Robert,Carpenter,rcarpenteroz@ezinearticles.com,China,Male,Qijiang,Rhybox,,CNY
Raymond,Mills,rmillsp0@archive.org,China,Male,Longcun,Devshare,92046.46,CNY
Kimberly,Webb,kwebbp1@ox.ac.uk,South Africa,Female,Rosebank,Feedbug,92718.47,ZAR
Ernest,Richards,erichardsp2@nps.gov,Indonesia,Male,Sarimukti Kaler,Dazzlesphere,30450.13,IDR
Julia,Nguyen,jnguyenp3@yale.edu,Cyprus,Female,Pégeia,Ozu,62089.83,EUR
Jeffrey,Anderson,jandersonp4@wp.com,China,Male,Baota,LiveZ,62940.08,CNY
Samuel,Griffin,sgriffinp5@discovery.com,Poland,Male,Bałtów,Teklist,59538.80,PLN
Juan,Jones,jjonesp6@liveinternet.ru,Norway,Male,Hamar,Skidoo,81634.64,NOK
Anna,Perkins,aperkinsp7@chicagotribune.com,China,Female,Wu’erqihan,Rhybox,5086.80,CNY
Pamela,Martin,pmartinp8@devhub.com,Russia,Female,Staraya Ladoga,Ailane,1736.34,RUB
Dennis,Evans,devansp9@usda.gov,United States,Male,Lafayette,Twitterbeat,81504.30,USD
Laura,Armstrong,larmstrongpa@cdbaby.com,Portugal,Female,São Manços,Flipbug,25594.21,EUR
Timothy,Kelley,tkelleypb@cisco.com,Philippines,Male,Buang,Brightbean,59397.82,PHP
Dennis,Hamilton,dhamiltonpc@merriam-webster.com,Peru,Male,Ilo,Kimia,88103.29,PEN
Walter,Richards,wrichardspd@aol.com,France,Male,Courtaboeuf,Voomm,69833.39,EUR
Brian,Roberts,brobertspe@kickstarter.com,Sweden,Male,Norrköping,Yoveo,,SEK
Adam,Wagner,awagnerpf@admin.ch,Russia,Male,Pamyat’ Parizhskoy Kommuny,Fivebridge,96348.88,RUB
Evelyn,Henry,ehenrypg@webmd.com,Russia,Female,Poretskoye,InnoZ,20519.84,RUB
Mildred,Grant,mgrantph@state.gov,Ethiopia,Female,Genet,Demimbu,71992.94,ETB
Benjamin,Evans,bevanspi@nifty.com,China,Male,Xinpu,Buzzshare,5686.37,CNY
Carol,Freeman,cfreemanpj@china.com.cn,Guatemala,Female,Ciudad Tecún Umán,Buzzshare,8776.06,GTQ
Jason,Cox,jcoxpk@ustream.tv,Chile,Male,Nueva Imperial,Yodel,43342.95,CLP
Lillian,Howard,lhowardpl@tumblr.com,Indonesia,Female,Cilongkrang,Devbug,4098.76,IDR
Julie,Ruiz,jruizpm@cdbaby.com,Greece,Female,Marína,Skippad,38750.90,EUR
Robin,Rice,rricepn@github.io,Indonesia,Female,Situbondo,Dabtype,63366.80,IDR
Evelyn,Franklin,efranklinpo@reference.com,Vietnam,Female,Thanh Chương,Pixonyx,27924.36,VND
Linda,Gibson,lgibsonpp@jalbum.net,China,Female,Tiantai,Blogspan,53032.03,CNY
Beverly,Carroll,bcarrollpq@hubpages.com,Thailand,Female,Pong,Photofeed,2605.52,THB
Robert,Lopez,rlopezpr@merriam-webster.com,China,Male,Kefang,Rhycero,99700.96,CNY
Sharon,Kim,skimps@technorati.com,United States,Female,Detroit,Divavu,4756.74,USD
Nicole,Payne,npaynept@hud.gov,France,Female,Évreux,Rhyloo,19900.11,EUR
Donna,Dixon,ddixonpu@tumblr.com,Greece,Female,Ágios Andréas,Brainsphere,54846.37,EUR
Shirley,Frazier,sfrazierpv@japanpost.jp,Sweden,Female,Älvängen,Miboo,7918.46,SEK
Timothy,Campbell,tcampbellpw@bigcartel.com,Uzbekistan,Male,Qorashina,Kwinu,54820.93,UZS
Jeffrey,Wells,jwellspx@newyorker.com,France,Male,Créteil,Devcast,21146.37,EUR
Jessica,Ramos,jramospy@exblog.jp,China,Female,Xiaojin,Avavee,9359.76,CNY
Julia,Marshall,jmarshallpz@fc2.com,China,Female,Jingyang,Dynava,65307.13,CNY
Robert,Fields,rfieldsq0@cnbc.com,Indonesia,Male,Tarakan,Midel,89847.14,IDR
Alan,Ramirez,aramirezq1@dagondesign.com,China,Male,Meizhuang,Feednation,,CNY
Lisa,Cox,lcoxq2@simplemachines.org,Argentina,Female,Luján,Photobean,1618.28,ARS
Brian,Rodriguez,brodriguezq3@illinois.edu,Indonesia,Male,Selorejo,Fivespan,99179.89,IDR
Fred,Simmons,fsimmonsq4@facebook.com,Russia,Male,Gvardeysk,Lajo,,RUB
Sean,Ray,srayq5@geocities.com,Haiti,Male,Miragoâne,Zava,1481.51,HTG
Victor,Hansen,vhansenq6@wufoo.com,Syria,Male,As Sukhnah,Roodel,89120.70,SYP
Chris,Gilbert,cgilbertq7@economist.com,Argentina,Male,Las Junturas,Mynte,73344.32,ARS
Charles,Larson,clarsonq8@reference.com,Argentina,Male,Posadas,Ozu,424.19,ARS
Wayne,Reynolds,wreynoldsq9@aboutads.info,Croatia,Male,Novalja,Linklinks,57942.01,HRK
Jean,Thompson,jthompsonqa@virginia.edu,Philippines,Female,San Jose,Skibox,27738.18,PHP
Ronald,Jackson,rjacksonqb@cbslocal.com,Republic of the Congo,Male,Djambala,Riffpedia,19086.06,XAF
Pamela,Hughes,phughesqc@gmpg.org,Vietnam,Female,Quận Phú Nhuận,Fatz,52604.74,VND
Kathleen,Price,kpriceqd@oaic.gov.au,Indonesia,Female,Tebanah,Kazio,69908.09,IDR
Alan,Johnson,ajohnsonqe@samsung.com,China,Male,Cheban,Centizu,58448.23,CNY
Edward,Price,epriceqf@g.co,Peru,Male,Huata,Plambee,36417.14,PEN
Chris,Ford,cfordqg@nhs.uk,Russia,Male,Yakovlevo,Fivebridge,82847.82,RUB
Matthew,Ellis,mellisqh@nationalgeographic.com,Thailand,Male,Sawaengha,Kaymbo,73034.34,THB
Joan,Wagner,jwagnerqi@simplemachines.org,China,Female,Fengmu,Camido,4440.99,CNY
Ruby,Schmidt,rschmidtqj@privacy.gov.au,China,Female,Qingduizi,Jetpulse,80254.37,CNY
Lois,Evans,levansqk@washingtonpost.com,Ivory Coast,Female,Akoupé,Devcast,32242.61,XOF
Lori,George,lgeorgeql@apache.org,Poland,Female,Stary Sącz,BlogXS,54636.62,PLN
Virginia,Perez,vperezqm@yelp.com,Indonesia,Female,Pasongsongan,Flipopia,37730.45,IDR
Wanda,Knight,wknightqn@webmd.com,Malaysia,Female,Kota Bharu,Blogtag,41785.32,MYR
Nicholas,Nguyen,nnguyenqo@mapy.cz,China,Male,Huilong,Skyndu,50616.50,CNY
Peter,Rodriguez,prodriguezqp@pbs.org,Russia,Male,Pavlovka,Kwilith,72261.55,RUB
Michael,Fernandez,mfernandezqq@bbc.co.uk,Indonesia,Male,Ambat,Youfeed,55117.40,IDR
Maria,Gilbert,mgilbertqr@ocn.ne.jp,Indonesia,Female,Jurangjero,Zoovu,67564.79,IDR
Bonnie,Washington,bwashingtonqs@slideshare.net,Russia,Female,Nagornyy,Voomm,66259.40,RUB
Julia,Cox,jcoxqt@hp.com,Brazil,Female,Barreiro do Jaíba,Izio,85895.35,BRL
Kimberly,Murphy,kmurphyqu@guardian.co.uk,China,Female,Gaotang,Blognation,,CNY
Carol,Lewis,clewisqv@photobucket.com,Mongolia,Female,Erdenet,Abatz,83250.47,MNT
Phillip,Crawford,pcrawfordqw@issuu.com,France,Male,Arras,Livepath,,EUR
Scott,Hunt,shuntqx@imgur.com,Indonesia,Male,Koroyo,Plajo,69331.90,IDR
Ernest,Burke,eburkeqy@quantcast.com,Chile,Male,Futaleufú,Jamia,51472.21,CLP
Chris,Hayes,chayesqz@histats.com,China,Male,Xiyuan,Yotz,15704.69,CNY
Donna,Jenkins,djenkinsr0@flickr.com,Indonesia,Female,Gondanglegi Wetan,Youbridge,89586.41,IDR
Keith,Hawkins,khawkinsr1@google.it,Indonesia,Male,Rokoy,Livetube,19908.67,IDR
Todd,Mccoy,tmccoyr2@printfriendly.com,Ukraine,Male,Kamyshevka Vtoraya,Wordware,,UAH
Jason,Brooks,jbrooksr3@webmd.com,China,Male,Leping,Reallinks,,CNY
Jose,Knight,jknightr4@wikipedia.org,Brazil,Male,Tambaú,Chatterpoint,9652.13,BRL
Anne,Palmer,apalmerr5@jimdo.com,Russia,Female,Pavlovsk,Gabtune,14629.80,RUB
Lawrence,Jacobs,ljacobsr6@woothemes.com,China,Male,Zhulin,Gabtune,10994.45,CNY
Edward,Mills,emillsr7@walmart.com,Ukraine,Male,Merefa,Roomm,13900.44,UAH
Paul,Grant,pgrantr8@squarespace.com,Russia,Male,Sosnovo-Ozerskoye,Twitterbeat,15887.18,RUB
Martha,Spencer,mspencerr9@thetimes.co.uk,Brazil,Female,Ibaiti,Livefish,58137.75,BRL
Larry,Andrews,landrewsra@dyndns.org,Russia,Male,Shaami-Yurt,Centimia,74799.49,RUB
William,Palmer,wpalmerrb@independent.co.uk,Vietnam,Male,Đà Bắc,Roodel,73565.84,VND
Daniel,Young,dyoungrc@chronoengine.com,Indonesia,Male,Kapinango,Meevee,77552.93,IDR
Steve,Fisher,sfisherrd@instagram.com,Martinique,Male,Le Lamentin,Quamba,21841.10,EUR
Lisa,Johnson,ljohnsonre@ifeng.com,Indonesia,Female,Krajan Tanjungrejo,Oyoyo,74107.59,IDR
Angela,Gonzales,agonzalesrf@go.com,China,Female,Zhiqu,Babbleopia,21546.02,CNY
Philip,Morrison,pmorrisonrg@abc.net.au,Peru,Male,Pocsi,Skidoo,85904.23,PEN
Beverly,Bowman,bbowmanrh@sbwire.com,South Africa,Female,Ficksburg,Kare,34011.79,ZAR
Kevin,Lane,klaneri@samsung.com,France,Male,Illkirch-Graffenstaden,Meeveo,99001.43,EUR
Jason,Gonzales,jgonzalesrj@yolasite.com,Czech Republic,Male,Doksy,Yodoo,76866.43,CZK
Karen,Jones,kjonesrk@gravatar.com,Mexico,Female,Infonavit,Avavee,44966.01,MXN
Linda,Sullivan,lsullivanrl@usgs.gov,Czech Republic,Female,Brniště,Centidel,27372.94,CZK
Jerry,Garcia,jgarciarm@economist.com,Mauritius,Male,Petit Raffray,Aimbu,21971.75,MUR
Joan,Warren,jwarrenrn@surveymonkey.com,Greece,Female,Nikísiani,Feedfish,97839.70,EUR
Judith,Kim,jkimro@biblegateway.com,Japan,Female,Saitama,Edgepulse,56131.34,JPY
Jonathan,Cruz,jcruzrp@geocities.com,Brazil,Male,São Gonçalo do Sapucaí,Realblab,,BRL
Tammy,Watson,twatsonrq@bbb.org,Thailand,Female,Tha Wang Pha,Topicstorm,41119.60,THB
Katherine,Harrison,kharrisonrr@microsoft.com,Thailand,Female,Chatturat,Kazio,36110.57,THB
