Irene,Gutierrez,igutierrez0@oracle.com,Netherlands,Female,Dongen,Ooba,19986.48,EUR
Aaron,Ward,award1@chron.com,Democratic Republic of the Congo,Male,Bongandanga,Jayo,,CDF
Mary,Lee,mlee2@gmpg.org,China,Female,Yuankeng,Skaboo,98734.93,CNY
Cheryl,Gardner,cgardner3@reuters.com,Canada,Female,Espanola,Jamia,48003.99,CAD
Dennis,Burke,dburke4@bloomberg.com,Denmark,Male,København,Meejo,26786.62,DKK
Paula,Rodriguez,prodriguez5@dailymail.co.uk,Malaysia,Female,Kangar,Minyx,32833.44,MYR
Melissa,Nelson,mnelson6@hud.gov,Netherlands,Female,Maastricht,Feedmix,56944.09,EUR
Laura,Harris,lharris7@de.vu,China,Female,Shengli,Flashdog,91667.07,CNY
Janice,Gilbert,jgilbert8@springer.com,Japan,Female,Yao,Shufflebeat,26531.80,JPY
Richard,Diaz,rdiaz9@discuz.net,Bosnia and Herzegovina,Male,Derventa,Feedspan,60793.68,BAM
Ronald,Baker,rbakera@globo.com,Tunisia,Male,Mateur,Ozu,60166.73,TND
Justin,Cox,jcoxb@about.com,Philippines,Male,Tranca,BlogXS,69688.18,PHP
Brandon,Lawson,blawsonc@godaddy.com,China,Male,Gulong,Blognation,85418.54,CNY
Stephanie,Jenkins,sjenkinsd@webs.com,Sweden,Female,Kalmar,Devcast,43198.96,SEK
Arthur,Richardson,arichardsone@dagondesign.com,China,Male,Tangping,Topdrive,63988.24,CNY
Gregory,Harris,gharrisf@ihg.com,Sweden,Male,Gävle,Fanoodle,9451.91,SEK
Teresa,Chavez,tchavezg@etsy.com,Thailand,Female,Sattahip,Mynte,24564.89,THB
Ashley,Coleman,acolemanh@topsy.com,Japan,Female,Takamatsu-shi,Rhyzio,37825.49,JPY
Ruby,Gonzalez,rgonzalezi@cloudflare.com,Ukraine,Female,Shums’k,Voonder,3283.42,UAH
Shirley,Jackson,sjacksonj@alexa.com,Ukraine,Female,Vynohradove,Realfire,39890.26,UAH
Kimberly,Stephens,kstephensk@abc.net.au,Azerbaijan,Female,Hacıhüseynli,Janyx,88178.96,AZN
David,Wilson,dwilsonl@usnews.com,China,Male,Guangchen,Mymm,66877.29,CNY
Gary,Ross,grossm@mediafire.com,Armenia,Male,Nor Gyugh,Fiveclub,38342.88,AMD
Clarence,Stephens,cstephensn@theguardian.com,Serbia,Male,Leskovac,Divanoodle,17884.63,RSD
Thomas,Morris,tmorriso@so-net.ne.jp,Panama,Male,Cartí Suitupo,Cogibox,11283.67,PAB
Robin,Fowler,rfowlerp@ucla.edu,China,Female,Kuangshan,Centimia,24064.62,CNY
Jesse,Hudson,jhudsonq@comsenz.com,Japan,Male,Kamimaruko,Dabshots,58076.47,JPY
Justin,Bennett,jbennettr@state.tx.us,China,Male,Magutian,Pixope,34764.29,CNY
Louise,Rose,lroses@gnu.org,Costa Rica,Female,San Vicente,Mynte,,CRC
Martha,Adams,madamst@cloudflare.com,Sweden,Female,Vårgårda,Yodoo,,SEK
Frances,Kim,fkimu@washington.edu,United States,Female,Tampa,Jaxworks,38439.83,USD
Jane,White,jwhitev@symantec.com,Brazil,Female,Jardim do Seridó,Jabbersphere,60760.11,BRL
Christopher,Robinson,crobinsonw@yandex.ru,China,Male,Yengimahalla,Bubblemix,8319.56,CNY
Sean,Henry,shenryx@ocn.ne.jp,Portugal,Male,Quintela,Jetwire,37322.44,EUR
Sarah,Gibson,sgibsony@gmpg.org,South Africa,Female,Frankfort,Minyx,,ZAR
Johnny,Anderson,jandersonz@imdb.com,China,Male,Luoping,Skinder,,CNY
Jose,Boyd,jboyd10@ebay.com,Indonesia,Male,Balong,Ozu,81503.38,IDR
Anne,Weaver,aweaver11@cpanel.net,Indonesia,Female,Ngangpo,Devify,59605.40,IDR
Phillip,Kelley,pkelley12@nba.com,Indonesia,Male,Nagarakembang,Geba,19337.02,IDR
Daniel,Marshall,dmarshall13@opera.com,South Africa,Male,Lephalale,Ainyx,32519.49,ZAR
Thomas,Gilbert,tgilbert14@nature.com,Indonesia,Male,Pasirmanggu,Edgepulse,,IDR
Carol,Castillo,ccastillo15@msu.edu,China,Female,Juanshui,Thoughtbeat,15499.16,CNY
Matthew,Allen,mallen16@cdc.gov,Bulgaria,Male,Chelopech,Trunyx,54957.12,BGN
Louise,Ross,lross17@domainmarket.com,Indonesia,Female,Colendra,Eire,93574.94,IDR
Carlos,Sanders,csanders18@newyorker.com,Indonesia,Male,Krajansumbermujur,Skilith,23882.07,IDR
Randy,Hunt,rhunt19@github.io,China,Male,Zhongying,Twimm,59590.79,CNY
David,Oliver,doliver1a@unesco.org,Canada,Male,Amherst,Yodel,94711.42,CAD
Margaret,Nguyen,mnguyen1b@comsenz.com,Bangladesh,Female,Sātkania,Tanoodle,42209.39,BDT
Kelly,Nguyen,knguyen1c@cargocollective.com,Japan,Female,Tendō,Layo,68191.66,JPY
Gregory,Parker,gparker1d@cisco.com,Sierra Leone,Male,Lunsar,Aivee,90177.17,SLL
Anthony,Stephens,astephens1e@amazon.co.jp,Poland,Male,Lelkowo,Brainbox,87869.96,PLN
Steven,Nelson,snelson1f@arstechnica.com,Morocco,Male,Taza,Browsezoom,17104.09,MAD
Gary,Carroll,gcarroll1g@example.com,Indonesia,Male,Serang,Vinte,67877.54,IDR
Teresa,Green,tgreen1h@chron.com,Indonesia,Female,Pakusari,Ooba,,IDR
Lawrence,Cook,lcook1i@comcast.net,Norway,Male,Oslo,Feedfish,84326.17,NOK
Alice,Hawkins,ahawkins1j@sfgate.com,Poland,Female,Trzebieszów,Wikivu,68402.34,PLN
Ashley,Carter,acarter1k@dot.gov,Indonesia,Female,Rantaupanjangkiri,Topdrive,55153.94,IDR
Willie,Mendoza,wmendoza1l@cbc.ca,Dominican Republic,Male,Otra Banda,Devify,685.08,DOP
Karen,Jackson,kjackson1m@de.vu,Bulgaria,Female,Mŭglizh,Twitterbeat,79895.02,BGN
Brenda,Fox,bfox1n@mapquest.com,Botswana,Female,Maun,Oyoba,83378.03,BWP
Margaret,Phillips,mphillips1o@lycos.com,Russia,Female,Amurzet,Quatz,95139.06,RUB
Mary,Alvarez,malvarez1p@fastcompany.com,China,Female,Qiaozhuang,Topiczoom,51935.97,CNY
Russell,Hart,rhart1q@berkeley.edu,Kazakhstan,Male,Georgīevka,Meezzy,50443.79,KZT
Martha,Ray,mray1r@theatlantic.com,Portugal,Female,Alcabideche,Voonyx,87235.95,EUR
Anthony,Morgan,amorgan1s@census.gov,China,Male,Zhanping,Myworks,16907.41,CNY
Brandon,Brooks,bbrooks1t@ucsd.edu,China,Male,Qiwen,Flashpoint,69950.67,CNY
Ashley,Walker,awalker1u@tmall.com,China,Female,Taipingxu,Digitube,45305.13,CNY
Matthew,Owens,mowens1v@sbwire.com,South Korea,Male,Eisen,Buzzshare,18195.88,KRW
Melissa,Carter,mcarter1w@webeden.co.uk,Indonesia,Female,Citangtu Kaler,Chatterpoint,88404.49,IDR
Phyllis,Henry,phenry1x@squidoo.com,Nigeria,Female,Dan Sadau,Innojam,52235.11,NGN
Jeffrey,Edwards,jedwards1y@moonfruit.com,China,Male,Qiling,Edgeblab,32417.13,CNY
Susan,Wagner,swagner1z@dagondesign.com,Burkina Faso,Female,Réo,Skippad,29962.21,XOF
Sarah,Bowman,sbowman20@arstechnica.com,Poland,Female,Sieniawa Żarska,Skibox,76059.11,PLN
Virginia,Welch,vwelch21@vinaora.com,Argentina,Female,San Javier,JumpXS,52711.44,ARS
Gerald,Allen,gallen22@eepurl.com,Colombia,Male,Puerto López,Shuffledrive,,COP
Eugene,Jacobs,ejacobs23@nhs.uk,Ukraine,Male,Zahvizdya,Rhynyx,33896.09,UAH
Scott,Diaz,sdiaz24@auda.org.au,Peru,Male,Zaña,Quatz,,PEN
Larry,Cunningham,lcunningham25@stumbleupon.com,Thailand,Male,Ra-ngae,Gigashots,49044.19,THB
Raymond,Morgan,rmorgan26@paginegialle.it,China,Male,Hongdu,Quimm,,CNY
Gregory,Harper,gharper27@indiatimes.com,Indonesia,Male,Mranggen,Reallinks,,IDR
Ashley,Wright,awright28@blogs.com,Sweden,Female,Vellinge,Zoovu,41756.57,SEK
Harold,Wilson,hwilson29@bloglovin.com,China,Male,Tonglin,Flashset,3700.53,CNY
Heather,Nguyen,hnguyen2a@fotki.com,China,Female,Dietaisi,Shufflester,40297.13,CNY
Earl,Burns,eburns2b@a8.net,Thailand,Male,Tha Bo,Thoughtbridge,25677.97,THB
Katherine,Patterson,kpatterson2c@parallels.com,Japan,Female,Morioka-shi,Devbug,62832.94,JPY
Marie,Hall,mhall2d@umn.edu,Guatemala,Female,San Lucas Sacatepéquez,Wikivu,54526.43,GTQ
Bonnie,Adams,badams2e@gravatar.com,Thailand,Female,Na Kae,Nlounge,92120.83,THB
Ruby,Fernandez,rfernandez2f@tuttocitta.it,Mexico,Female,5 de Mayo,Babblestorm,60656.42,MXN
Barbara,Lynch,blynch2g@freewebs.com,China,Female,Xinjiebu,Lazzy,93422.93,CNY
Diane,Gomez,dgomez2h@hud.gov,Mexico,Female,El Alamo,Livefish,62210.80,MXN
Christopher,Johnston,cjohnston2i@boston.com,Indonesia,Male,Nabire,Rhynyx,58114.28,IDR
Debra,Lawson,dlawson2j@ibm.com,Palestinian Territory,Female,‘Arab ar Rashāydah,Demizz,7944.17,ILS
Charles,Hunter,chunter2k@home.pl,Russia,Male,Kochenëvo,Zooveo,30204.03,RUB
Margaret,Sims,msims2l@issuu.com,China,Female,Shiyaogou,Feednation,91393.26,CNY
Susan,Lawson,slawson2m@acquirethisname.com,Canada,Female,Saint-Sauveur,Gigabox,23240.43,CAD
Pamela,Riley,priley2n@samsung.com,China,Female,Yingchengzi,Eare,25756.18,CNY
Kenneth,Flores,kflores2o@newsvine.com,Portugal,Male,Aveleda,Gevee,95758.26,EUR
Walter,Chavez,wchavez2p@pen.io,Philippines,Male,Alangilanan,Lazzy,73100.69,PHP
Nicholas,Welch,nwelch2q@apple.com,Portugal,Male,Seixo de Manhoses,Dynabox,3557.31,EUR
Lois,Howard,lhoward2r@jigsy.com,China,Female,Dolati,Skilith,,CNY
Jonathan,Hughes,jhughes2s@ca.gov,China,Male,Huizhou,Zoomcast,69969.66,CNY
Victor,Knight,vknight2t@typepad.com,Brazil,Male,Araçuaí,Jabbersphere,77386.34,BRL
Lillian,Garza,lgarza2u@ca.gov,China,Female,Beijiang,Livefish,28012.74,CNY
Martha,Tucker,mtucker2v@bigcartel.com,Colombia,Female,Quibdó,Skippad,82758.08,COP
Todd,Fields,tfields2w@ed.gov,Gambia,Male,Brikama Nding,Zava,53145.84,GMD
Jacqueline,Davis,jdavis2x@pinterest.com,Indonesia,Female,Lhokkruet,Skynoodle,92153.32,IDR
Walter,Rodriguez,wrodriguez2y@businesswire.com,Brazil,Male,Paranaíba,Skinder,59875.40,BRL
Ruby,Long,rlong2z@dion.ne.jp,Nigeria,Female,Bugana,Skivee,97510.43,NGN
Sarah,Bowman,sbowman30@altervista.org,Canada,Female,Sainte-Agathe-des-Monts,Jayo,19551.64,CAD
Barbara,Fuller,bfuller31@amazon.co.uk,Tajikistan,Female,Khovaling,Devpoint,38094.69,TJS
Sarah,Duncan,sduncan32@homestead.com,China,Female,Hanjiaji,Twiyo,63715.11,CNY
Sara,Ruiz,sruiz33@meetup.com,United States,Female,Salt Lake City,Kare,77666.55,USD
Joe,Ross,jross34@sciencedaily.com,Colombia,Male,La Unión,Tazzy,65911.60,COP
Gary,Fisher,gfisher35@cam.ac.uk,Czech Republic,Male,Teplice,Innotype,35275.43,CZK
Donna,Cooper,dcooper36@simplemachines.org,China,Female,Yueyang,Quire,7739.72,CNY
Benjamin,Kelley,bkelley37@un.org,South Africa,Male,Ndwedwe,Yata,67878.48,ZAR
Kathy,Scott,kscott38@patch.com,Indonesia,Female,Winduraja,Linkbridge,95711.82,IDR
Brenda,Perry,bperry39@taobao.com,Indonesia,Female,Sungaipuntik,Babbleblab,16349.93,IDR
Michelle,Flores,mflores3a@github.io,Brazil,Female,Piraí do Sul,Wikizz,21196.97,BRL
Ryan,Hansen,rhansen3b@soundcloud.com,China,Male,Xianyan,Trilia,74695.47,CNY
Jessica,Shaw,jshaw3c@rakuten.co.jp,Czech Republic,Female,Topolná,Jetwire,53536.56,CZK
Anthony,Jacobs,ajacobs3d@guardian.co.uk,Syria,Male,As Sūsah,Tazz,83619.87,SYP
Antonio,Snyder,asnyder3e@hatena.ne.jp,Laos,Male,Xamtay,Geba,,LAK
Victor,Burke,vburke3f@usda.gov,Philippines,Male,Monamon,Youopia,79634.21,PHP
Cynthia,Stone,cstone3g@scientificamerican.com,Colombia,Female,Carepa,Meemm,46284.99,COP
Billy,James,bjames3h@jimdo.com,China,Male,Baoshan,Ailane,96558.83,CNY
Kevin,Rose,krose3i@scribd.com,China,Male,Songhe,Katz,4057.31,CNY
Terry,Ortiz,tortiz3j@msu.edu,Mexico,Male,Benito Juarez,Skilith,40668.35,MXN
James,Roberts,jroberts3k@who.int,Mexico,Male,San Jose,Plajo,13065.51,MXN
Louise,Cruz,lcruz3l@google.pl,Poland,Female,Rzozów,Meevee,70132.92,PLN
Daniel,Garza,dgarza3m@studiopress.com,Palestinian Territory,Male,Az Zaytūnīyah,Quatz,24794.02,ILS
Henry,Alexander,halexander3n@qq.com,Kazakhstan,Male,Ayagoz,Centimia,12212.26,KZT
Timothy,Nichols,tnichols3o@earthlink.net,Indonesia,Male,Sukabatu,Topicblab,28648.70,IDR
Joan,Larson,jlarson3p@hp.com,Moldova,Female,Chişinău,Rhyloo,,MDL
Clarence,Lewis,clewis3q@1und1.de,China,Male,Dunhao,Tavu,83658.07,CNY
Daniel,Gordon,dgordon3r@w3.org,Indonesia,Male,Sukadami,Oyoyo,,IDR
Adam,Garcia,agarcia3s@bluehost.com,China,Male,Sandaoba,Riffwire,11383.60,CNY
Jane,Perkins,jperkins3t@cyberchimps.com,China,Female,Maikun,Yata,74406.89,CNY
Victor,Reyes,vreyes3u@sohu.com,Russia,Male,Rostov-na-Donu,Brainverse,9681.39,RUB
Joseph,Cole,jcole3v@cocolog-nifty.com,Kazakhstan,Male,Ust-Kamenogorsk,Skaboo,20374.38,KZT
Daniel,Morales,dmorales3w@plala.or.jp,Philippines,Male,Tapilon,Kazio,,PHP
Beverly,Thomas,bthomas3x@istockphoto.com,Russia,Female,Cherga,Bluezoom,77847.72,RUB
Louise,Smith,lsmith3y@jalbum.net,Greece,Female,Pámfylla,Jazzy,58980.26,EUR
Ruby,Hughes,rhughes3z@ucla.edu,France,Female,Charenton-le-Pont,Zoovu,93610.00,EUR
Maria,Washington,mwashington40@icio.us,Comoros,Female,Koni-Djodjo,Brainsphere,,KMF
Betty,Jenkins,bjenkins41@yahoo.co.jp,China,Female,Tatou,Devcast,,CNY
Peter,Hill,phill42@kickstarter.com,Mongolia,Male,Manhan,Innotype,59631.64,MNT
Brian,Freeman,bfreeman43@boston.com,Portugal,Male,Monção,Vinte,84648.58,EUR
Gregory,Wells,gwells44@cpanel.net,Poland,Male,Jagiełła,Eadel,61701.96,PLN
Antonio,Wright,awright45@myspace.com,Honduras,Male,San Juan Pueblo,Devcast,23243.27,HNL
Norma,Gomez,ngomez46@github.io,Japan,Female,Ōfunato,Muxo,81908.74,JPY
Douglas,Jordan,djordan47@dmoz.org,Serbia,Male,Niška Banja,Twitterbridge,82397.98,RSD
Janet,Cook,jcook48@chronoengine.com,Poland,Female,Grybów,Quimm,68440.74,PLN
Amanda,Griffin,agriffin49@irs.gov,France,Female,Lyon,Linklinks,42043.64,EUR
Dorothy,Morrison,dmorrison4a@blog.com,China,Female,Qiaosi,Oyope,17450.55,CNY
Beverly,Owens,bowens4b@walmart.com,China,Female,Caocun,Skyble,18187.15,CNY
Kathleen,Jordan,kjordan4c@bizjournals.com,Poland,Female,Wodzisław Śląski,Realbridge,68498.35,PLN
Jane,Stephens,jstephens4d@techcrunch.com,Luxembourg,Female,Gœsdorf,Tambee,60592.98,EUR
Walter,Richardson,wrichardson4e@google.ca,Portugal,Male,Quinta,Feedspan,82056.91,EUR
Gregory,Cole,gcole4f@moonfruit.com,Indonesia,Male,Arjawinangun,Riffpath,80916.10,IDR
Marie,Lee,mlee4g@google.com.br,Thailand,Female,Raman,Innojam,33393.84,THB
Ronald,Stephens,rstephens4h@japanpost.jp,Philippines,Male,Alupay,Fivebridge,2849.11,PHP
Lori,Oliver,loliver4i@skyrock.com,Poland,Female,Gardawice,Zoozzy,14503.36,PLN
Patricia,Reynolds,preynolds4j@walmart.com,France,Female,Montpellier,Yambee,69755.03,EUR
Anne,Murray,amurray4k@fotki.com,Czech Republic,Female,Radiměř,Photospace,39421.70,CZK
Patricia,Martin,pmartin4l@tripadvisor.com,Indonesia,Female,Tiro,Topiczoom,52726.27,IDR
Evelyn,Peterson,epeterson4m@mediafire.com,France,Female,Massy,Janyx,45118.91,EUR
Henry,Sullivan,hsullivan4n@ed.gov,Finland,Male,Kiihtelysvaara,Quatz,90894.60,EUR
Susan,Carter,scarter4o@webeden.co.uk,Poland,Female,Borzechów,Zoozzy,1290.45,PLN
Earl,Rivera,erivera4p@census.gov,Indonesia,Male,Gayam,Jamia,34896.13,IDR
Linda,Webb,lwebb4q@google.com.hk,Indonesia,Female,Tawaran,Photojam,7315.59,IDR
Willie,Hughes,whughes4r@nsw.gov.au,Pakistan,Male,Jalālpur,Babbleblab,74849.21,PKR
George,Mitchell,gmitchell4s@admin.ch,Sweden,Male,Stockholm,Devcast,20585.55,SEK
Joyce,Graham,jgraham4t@oracle.com,Cyprus,Female,Meneou,Centidel,79614.59,EUR
Jack,Schmidt,jschmidt4u@oakley.com,Ireland,Male,Listowel,Izio,74114.28,EUR
Louise,Harrison,lharrison4v@admin.ch,Thailand,Female,Chom Bueng,Vitz,7072.52,THB
Janice,Campbell,jcampbell4w@i2i.jp,China,Female,Zhongshan,Myworks,77398.93,CNY
Russell,Reid,rreid4x@wsj.com,Japan,Male,Asahikawa,Quamba,8171.27,JPY
Betty,Weaver,bweaver4y@hugedomains.com,Costa Rica,Female,San Francisco,Feedfire,,CRC
Arthur,Lynch,alynch4z@canalblog.com,France,Male,Carquefou,Demizz,89058.82,EUR
Daniel,Wright,dwright50@dyndns.org,Russia,Male,Gereykhanovskoye,Innotype,63197.55,RUB
Lois,Wagner,lwagner51@gmpg.org,China,Female,Duishan,Eayo,22220.21,CNY
Terry,Arnold,tarnold52@kickstarter.com,Bolivia,Male,San Pedro,Abata,53964.45,BOB
Jennifer,Burke,jburke53@flickr.com,Chile,Female,Bulnes,Devpulse,,CLP
Jacqueline,Burke,jburke54@virginia.edu,Poland,Female,Długosiodło,Thoughtbridge,,PLN
Harold,Greene,hgreene55@so-net.ne.jp,United States,Male,Norwalk,Trilith,36733.16,USD
Stephanie,Foster,sfoster56@example.com,Argentina,Female,Villa Mercedes,Roodel,57416.31,ARS
Melissa,Willis,mwillis57@techcrunch.com,China,Female,Taiyu,Eayo,,CNY
Phyllis,Pierce,ppierce58@mtv.com,Uzbekistan,Female,Chimboy Shahri,Eire,37391.57,UZS
Pamela,Bell,pbell59@topsy.com,Ukraine,Female,Sutysky,Rhybox,4467.00,UAH
Jane,Perry,jperry5a@parallels.com,Mexico,Female,El Limon,Feednation,53673.84,MXN
Diane,Alexander,dalexander5b@indiatimes.com,South Korea,Female,Hongsung,Skalith,34342.92,KRW
Ralph,Arnold,rarnold5c@hibu.com,Philippines,Male,Zamboanga,Pixope,23440.79,PHP
Raymond,Boyd,rboyd5d@un.org,China,Male,Xinhua,Thoughtmix,4400.35,CNY
Todd,Gardner,tgardner5e@phoca.cz,France,Male,Besançon,Edgeblab,20018.60,EUR
Bobby,Hall,bhall5f@umich.edu,Kyrgyzstan,Male,Bishkek,Quire,59265.37,KGS
Linda,Porter,lporter5g@so-net.ne.jp,Japan,Female,Obanazawa,Quatz,35401.17,JPY
Douglas,Hunt,dhunt5h@meetup.com,China,Male,Lianhe,Agimba,54607.52,CNY
Antonio,Chavez,achavez5i@newyorker.com,Croatia,Male,Starigrad,Kazio,54094.98,HRK
Virginia,Rivera,vrivera5j@wiley.com,Ethiopia,Female,Kibre Mengist,Thoughtsphere,22219.35,ETB
Wanda,Barnes,wbarnes5k@theatlantic.com,Belarus,Female,Gomel,Kimia,3946.32,BYR
Angela,Fox,afox5l@gmpg.org,China,Female,Qingu,Meembee,69453.50,CNY
Larry,Andrews,landrews5m@japanpost.jp,China,Male,Tangnan,Thoughtworks,73695.82,CNY
Diane,White,dwhite5n@hostgator.com,Yemen,Female,Aḑ Ḑil‘,Chatterpoint,74584.45,YER
Clarence,Henry,chenry5o@jimdo.com,Pakistan,Male,Miān Channūn,Twimbo,,PKR
Laura,Hanson,lhanson5p@nasa.gov,France,Female,Valence,Shuffledrive,,EUR
Ruth,Howard,rhoward5q@live.com,Poland,Female,Polanica-Zdrój,Mydo,87087.13,PLN
Susan,Phillips,sphillips5r@pcworld.com,Indonesia,Female,Kauhan,Roombo,92085.20,IDR
Marilyn,Bryant,mbryant5s@instagram.com,Russia,Female,Poshekhon’ye,Fivechat,45623.11,RUB
John,Henderson,jhenderson5t@wikia.com,South Africa,Male,Ficksburg,Rhycero,32478.52,ZAR
Norma,Holmes,nholmes5u@blogspot.com,China,Female,Gaotan,Skipstorm,58435.08,CNY
Shawn,Warren,swarren5v@google.com.au,Poland,Male,Świętajno,Eabox,90861.95,PLN
Kimberly,Owens,kowens5w@constantcontact.com,Indonesia,Female,Pancoran,Vitz,70919.68,IDR
Frank,Wheeler,fwheeler5x@zdnet.com,China,Male,Tujing,Flashdog,46542.06,CNY
Shirley,Ramos,sramos5y@scribd.com,Czech Republic,Female,Kobylí,Riffwire,83324.54,CZK
Michael,Hill,mhill5z@cafepress.com,Croatia,Male,Buzet,Feedfish,28078.63,HRK
Heather,Allen,hallen60@cornell.edu,China,Female,Peixing,Livetube,92905.74,CNY
Roy,Robertson,rrobertson61@amazon.co.jp,France,Male,Paris 19,Edgeblab,75490.92,EUR
Roy,Simmons,rsimmons62@chicagotribune.com,Poland,Male,Sośno,Abata,,PLN
Henry,Collins,hcollins63@blogspot.com,Indonesia,Male,Madura,Abatz,61580.76,IDR
Diane,West,dwest64@fastcompany.com,Russia,Female,Snegiri,Eimbee,91156.73,RUB
Harry,Rice,hrice65@ning.com,Bangladesh,Male,Phultala,Vidoo,,BDT
Jesse,Bowman,jbowman66@dropbox.com,Sweden,Male,Tungelsta,Edgepulse,52095.41,SEK
Ann,Meyer,ameyer67@wunderground.com,United States,Female,Minneapolis,Yodel,51302.30,USD
Julie,Harrison,jharrison68@diigo.com,Mexico,Female,Francisco I Madero,Leenti,60737.45,MXN
Karen,Fowler,kfowler69@soundcloud.com,China,Female,Baitang,Riffwire,50344.38,CNY
Frances,Hughes,fhughes6a@simplemachines.org,China,Female,Zhengcun,Ooba,71742.47,CNY
Keith,Mcdonald,kmcdonald6b@yandex.ru,Philippines,Male,Lugui,Youspan,5415.03,PHP
Daniel,Brooks,dbrooks6c@photobucket.com,Greece,Male,Vanáton,Linkbuzz,15290.38,EUR
Phillip,Henry,phenry6d@behance.net,China,Male,Guali,Bubblemix,90368.82,CNY
Diana,Garrett,dgarrett6e@jiathis.com,Morocco,Female,Tifni,Skinder,,MAD
Sharon,Taylor,staylor6f@pinterest.com,Brazil,Female,Estrela,Chatterpoint,37675.78,BRL
Teresa,Cook,tcook6g@wix.com,Kazakhstan,Female,Belogorskīy,Kazu,84890.37,KZT
Jane,Ellis,jellis6h@issuu.com,Brazil,Female,Patos de Minas,Wordpedia,,BRL
Margaret,Williamson,mwilliamson6i@disqus.com,Croatia,Female,Raša,Bluezoom,84437.34,HRK
Keith,Moore,kmoore6j@163.com,Russia,Male,Iznoski,Mynte,52451.55,RUB
Heather,Spencer,hspencer6k@hud.gov,Greece,Female,Lakkíon,Wordtune,8704.58,EUR
Bruce,Taylor,btaylor6l@google.fr,China,Male,Songshan,Meejo,1567.33,CNY
Heather,Duncan,hduncan6m@livejournal.com,Indonesia,Female,Cikuning,Ozu,28979.98,IDR
Ruby,Jordan,rjordan6n@lycos.com,Serbia,Female,Bojnik,Zoomdog,69111.14,RSD
Carolyn,Fernandez,cfernandez6o@dagondesign.com,Brazil,Female,Itaperuçu,Trupe,56842.78,BRL
Justin,Henry,jhenry6p@godaddy.com,Czech Republic,Male,Sedlčany,Mydeo,,CZK
Brandon,Stanley,bstanley6q@123-reg.co.uk,Croatia,Male,Novi Vinodolski,Skibox,55906.52,HRK
Patricia,Ferguson,pferguson6r@amazon.com,China,Female,Daji,Yambee,76350.20,CNY
Kimberly,Young,kyoung6s@deviantart.com,Nigeria,Female,Riyom,Brainsphere,349.12,NGN
Kathy,Fox,kfox6t@people.com.cn,China,Female,Gubu,Ooba,13701.63,CNY
Arthur,Harris,aharris6u@springer.com,Russia,Male,Tyumen,Wikizz,29702.34,RUB
Katherine,Burns,kburns6v@yale.edu,China,Female,Hecheng,Brainverse,15579.68,CNY
Nicole,Washington,nwashington6w@is.gd,China,Female,Baoshan,Browsezoom,62259.96,CNY
Martha,Nguyen,mnguyen6x@booking.com,Indonesia,Female,Montongtebolak,Skilith,42223.18,IDR
Jason,Burns,jburns6y@webeden.co.uk,Serbia,Male,Gornji Milanovac,Tazzy,32654.92,RSD
Ruth,Griffin,rgriffin6z@bigcartel.com,Morocco,Female,Mosquée,Eidel,77286.16,MAD
Anthony,Jones,ajones70@youtube.com,Indonesia,Male,Rejoyoso,Zoomdog,50552.28,IDR
Susan,Garza,sgarza71@baidu.com,Ukraine,Female,Ivano-Frankove,Pixonyx,27158.77,UAH
Christina,Frazier,cfrazier72@chron.com,United States,Female,Mobile,Mudo,26669.62,USD
Louise,Willis,lwillis73@g.co,Philippines,Female,Dugcal,Jazzy,18567.51,PHP
James,Bell,jbell74@foxnews.com,Italy,Male,Palermo,Katz,,EUR
Brandon,Riley,briley75@de.vu,Malawi,Male,Balaka,Babbleopia,,MWK
Christopher,Gomez,cgomez76@java.com,Croatia,Male,Belica,Gabcube,16585.82,HRK
Benjamin,Ray,bray77@discuz.net,Czech Republic,Male,Černošice,Feedspan,34868.68,CZK
Ashley,Brooks,abrooks78@youku.com,China,Female,Gengma,Pixonyx,40136.38,CNY
Tammy,Hudson,thudson79@posterous.com,Japan,Female,Higashine,Voonder,23073.15,JPY
Lillian,Hunter,lhunter7a@icq.com,Portugal,Female,Figueiras,Innotype,23301.18,EUR
Louise,Jordan,ljordan7b@shinystat.com,Philippines,Female,Minapan,Mynte,62266.67,PHP
Patricia,Evans,pevans7c@indiegogo.com,Brazil,Female,Cravinhos,Ainyx,45880.43,BRL
Catherine,Perry,cperry7d@delicious.com,South Africa,Female,Kokstad,Demimbu,90690.36,ZAR
Phillip,Banks,pbanks7e@geocities.jp,Philippines,Male,Quintong,Katz,70353.51,PHP
Marilyn,Parker,mparker7f@elpais.com,Vietnam,Female,Thị Trấn Phú Mỹ,Wikivu,49162.40,VND
Clarence,Oliver,coliver7g@bigcartel.com,Russia,Male,Pshada,Twinder,21473.53,RUB
Carlos,Rodriguez,crodriguez7h@trellian.com,Poland,Male,Bozkow,Nlounge,5328.12,PLN
Maria,Austin,maustin7i@github.io,Peru,Female,Coayllo,Wordify,9628.28,PEN
Jack,Willis,jwillis7j@google.it,Serbia,Male,Sremska Mitrovica,Skibox,34689.74,RSD
Andrew,Jackson,ajackson7k@blogtalkradio.com,Philippines,Male,Saguing,Jaxworks,69920.44,PHP
Aaron,Medina,amedina7l@newyorker.com,Nigeria,Male,Ijebu-Ife,Meevee,51154.53,NGN
Brandon,Franklin,bfranklin7m@ucsd.edu,France,Male,Paris La Défense,Rhynyx,33579.39,EUR
Beverly,Carter,bcarter7n@blogs.com,Honduras,Female,Las Lajas,Realcube,87924.84,HNL
Ronald,Marshall,rmarshall7o@linkedin.com,Indonesia,Male,Goge,Buzzshare,35875.60,IDR
Frank,Ford,fford7p@cbc.ca,China,Male,Baiguo,Thoughtmix,9727.70,CNY
Roy,Williamson,rwilliamson7q@jimdo.com,Brazil,Male,Rancharia,Vimbo,11290.52,BRL
Diane,Wheeler,dwheeler7r@nymag.com,Armenia,Female,Gagarin,Wordware,15343.22,AMD
Nancy,Olson,nolson7s@xing.com,Portugal,Female,Monte de Trigo,Yotz,,EUR
Linda,Gilbert,lgilbert7t@blogs.com,Yemen,Female,Sūq Sibāḩ,Jaxspan,35067.99,YER
Harold,Robertson,hrobertson7u@webmd.com,Indonesia,Male,Citundun,Thoughtblab,22895.92,IDR
Nicholas,Johnston,njohnston7v@japanpost.jp,Russia,Male,Novopavlovsk,Eadel,16393.89,RUB
Craig,Olson,colson7w@timesonline.co.uk,Sweden,Male,Nacka,Camido,28357.24,SEK
Andrea,Collins,acollins7x@nymag.com,Czech Republic,Female,Znojmo,Brainlounge,,CZK
Terry,Warren,twarren7y@gov.uk,Bangladesh,Male,Jhingergācha,Vimbo,,BDT
Lawrence,Howard,lhoward7z@cafepress.com,Haiti,Male,Caracol,Kazu,25466.26,HTG
Jason,Fields,jfields80@paypal.com,China,Male,Lianhe,Twiyo,39856.80,CNY
Joshua,Bowman,jbowman81@phpbb.com,Philippines,Male,Doong,Trupe,25203.41,PHP
Amanda,Porter,aporter82@china.com.cn,Argentina,Female,Tandil,Realpoint,73889.26,ARS
Clarence,Oliver,coliver83@dedecms.com,Czech Republic,Male,Brušperk,Topiclounge,41074.06,CZK
Judy,Green,jgreen84@dedecms.com,Japan,Female,Fukiage-fujimi,Yombu,62050.62,JPY
Roy,Cook,rcook85@yelp.com,Honduras,Male,Ilama,Feednation,73107.67,HNL
Lisa,Burns,lburns86@flavors.me,Indonesia,Female,Munjungan,Edgeify,21290.74,IDR
Brenda,Cunningham,bcunningham87@smugmug.com,China,Female,Gongrong,Meejo,79482.66,CNY
Amanda,Cruz,acruz88@imdb.com,Indonesia,Female,Wahawaha,Rhyzio,,IDR
Ann,Ford,aford89@ow.ly,China,Female,Nancheng,Voomm,,CNY
Christina,Burns,cburns8a@blogger.com,China,Female,Taodian,Zoonoodle,12113.45,CNY
Kelly,Jackson,kjackson8b@soup.io,Serbia,Female,Veternik,Oyope,72619.02,RSD
Jennifer,Garza,jgarza8c@businesswire.com,Greece,Female,Pánormos,Flashpoint,48076.30,EUR
Margaret,Marshall,mmarshall8d@admin.ch,Russia,Female,Popovo,Voolith,2228.67,RUB
Brian,Frazier,bfrazier8e@jigsy.com,Brazil,Male,Paraty,Oyonder,60454.84,BRL
Samuel,Harvey,sharvey8f@csmonitor.com,Slovenia,Male,Tržič,Feedmix,44140.24,EUR
Irene,Martinez,imartinez8g@mapquest.com,Philippines,Female,Binubusan,Skinix,24220.35,PHP
Fred,Murray,fmurray8h@upenn.edu,Ivory Coast,Male,Yamoussoukro,Jabbersphere,16886.55,XOF
Stephen,Cox,scox8i@oakley.com,Jordan,Male,Jarash,Divape,22295.03,JOD
Kenneth,Crawford,kcrawford8j@devhub.com,Nepal,Male,Jomsom,Skyvu,18090.71,NPR
Rebecca,Simpson,rsimpson8k@shinystat.com,Russia,Female,Kamenka,Mycat,,RUB
Shawn,Henderson,shenderson8l@yellowpages.com,China,Male,Shuanghekou,Gigashots,26751.87,CNY
Jacqueline,Jackson,jjackson8m@comsenz.com,China,Female,Hushi,Oyope,31809.75,CNY
Ruby,Morrison,rmorrison8n@cnn.com,China,Female,Leping,Mydeo,39849.85,CNY
Juan,Gomez,jgomez8o@patch.com,Central African Republic,Male,Batangafo,Meejo,93355.20,XAF
William,Richards,wrichards8p@hp.com,Ireland,Male,Fairview,Zoomlounge,14155.01,EUR
Evelyn,Perez,eperez8q@google.fr,Brazil,Female,Macaé,Skalith,2097.04,BRL
Larry,Nguyen,lnguyen8r@surveymonkey.com,Poland,Male,Bełk,Flashspan,5879.33,PLN
Joseph,Johnston,jjohnston8s@umich.edu,Philippines,Male,Pudoc North,Zoomcast,23764.93,PHP
Laura,Arnold,larnold8t@wikia.com,Brazil,Female,Cordeiro,Mynte,78413.01,BRL
Joshua,Flores,jflores8u@newyorker.com,China,Male,Nankun,Edgeify,78137.17,CNY
Diana,Morris,dmorris8v@diigo.com,Russia,Female,Zhiletovo,Buzzshare,16454.61,RUB
Charles,Oliver,coliver8w@geocities.com,China,Male,Guniushan,Skimia,51916.85,CNY
Scott,Ortiz,sortiz8x@sogou.com,El Salvador,Male,Chirilagua,Digitube,97935.78,USD
Lois,Grant,lgrant8y@techcrunch.com,Portugal,Female,Paços de Ferreira,Voomm,10616.26,EUR
Paul,Gray,pgray8z@tmall.com,Belarus,Male,Karanyowka,Zoombeat,44757.34,BYR
Amanda,Rice,arice90@wikispaces.com,Mexico,Female,Lazaro Cardenas,Jabbersphere,49900.09,MXN
Lori,Griffin,lgriffin91@techcrunch.com,Denmark,Female,Frederiksberg,Yakidoo,88649.67,DKK
Stephen,Marshall,smarshall92@prweb.com,Australia,Male,Perth,Rhynyx,58662.34,AUD
Julie,Berry,jberry93@google.co.uk,Sweden,Female,Stockholm,Devbug,39858.32,SEK
Rebecca,Nguyen,rnguyen94@ow.ly,France,Female,Rivesaltes,Dabjam,5741.61,EUR
Jose,Henry,jhenry95@php.net,Lebanon,Male,Zghartā,Gigaclub,74662.59,LBP
Anna,Harvey,aharvey96@about.me,China,Female,Qiwen,Layo,97889.31,CNY
Sandra,Davis,sdavis97@latimes.com,Papua New Guinea,Female,Kieta,Topicstorm,56726.79,PGK
Donna,Jordan,djordan98@wordpress.com,Peru,Female,Macari,Thoughtmix,27164.98,PEN
Janet,Morales,jmorales99@pcworld.com,United States,Female,Fort Wayne,Gabtune,73776.65,USD
Mary,Cox,mcox9a@japanpost.jp,United States,Female,Fort Pierce,Ntags,42051.83,USD
Juan,Murray,jmurray9b@tinyurl.com,Poland,Male,Twardogóra,Kaymbo,72764.87,PLN
Deborah,Riley,driley9c@macromedia.com,Indonesia,Female,Pasirhaur,Devify,9656.92,IDR
Doris,Lewis,dlewis9d@pen.io,China,Female,Yuanquan,Yakitri,18152.00,CNY
Matthew,Montgomery,mmontgomery9e@mashable.com,Venezuela,Male,Pueblo Nuevo,Oyoloo,40761.33,VEF
Chris,Hunter,chunter9f@china.com.cn,Russia,Male,Ostankinskiy,Muxo,45541.82,RUB
Deborah,Lane,dlane9g@people.com.cn,Russia,Female,Yëlkino,Oyonder,,RUB
Nancy,Wood,nwood9h@digg.com,China,Female,Shangrao,Oyope,92463.93,CNY
Benjamin,Robinson,brobinson9i@tumblr.com,Senegal,Male,Thiès Nones,Devify,50157.50,XOF
Judith,Kennedy,jkennedy9j@gizmodo.com,China,Female,Dongdu,Kare,95231.22,CNY
Albert,Moore,amoore9k@va.gov,Syria,Male,Tall aḑ Ḑamān,Twimbo,48680.97,SYP
Lori,Cunningham,lcunningham9l@is.gd,Philippines,Female,Barong,Yadel,53426.72,PHP
Christopher,Griffin,cgriffin9m@phoca.cz,Yemen,Male,Mawza‘,Trilith,12776.10,YER
Timothy,Chapman,tchapman9n@washingtonpost.com,China,Male,Xin’an,Wikizz,89255.24,CNY
Henry,Turner,hturner9o@netscape.com,Russia,Male,Nal’chik,Oloo,16035.08,RUB
Gerald,Hernandez,ghernandez9p@de.vu,Canada,Male,Sarnia,Yambee,99017.00,CAD
Christina,Young,cyoung9q@furl.net,Libya,Female,Şabrātah,Zooxo,25293.48,LYD
Eugene,Crawford,ecrawford9r@sbwire.com,Brazil,Male,Artur Nogueira,Youtags,,BRL
Jennifer,Payne,jpayne9s@simplemachines.org,Indonesia,Female,Cukanguncal,Devbug,70256.39,IDR
Johnny,Brown,jbrown9t@wikispaces.com,China,Male,Chenda,Zoonoodle,56804.01,CNY
Clarence,Oliver,coliver9u@hatena.ne.jp,China,Male,Xihanling,Avavee,69341.75,CNY
Margaret,Hunter,mhunter9v@wikipedia.org,Indonesia,Female,Kutamandarakan,Jaxworks,21554.77,IDR
Deborah,Austin,daustin9w@1688.com,Philippines,Female,Limbo,Miboo,71409.13,PHP
Louise,Jordan,ljordan9x@bloomberg.com,China,Female,Taiping,Kwideo,,CNY
Tina,Lawson,tlawson9y@timesonline.co.uk,Uganda,Female,Bukomansimbi,Jaloo,74373.12,UGX
Louis,Dean,ldean9z@hp.com,Philippines,Male,San Julian,Minyx,,PHP
Louise,Lewis,llewisa0@discuz.net,Brazil,Female,Cascavel,Tagtune,45774.84,BRL
Craig,Larson,clarsona1@nature.com,Iran,Male,Tāybād,Voolia,80183.95,IRR
Earl,Watson,ewatsona2@infoseek.co.jp,Philippines,Male,Loyola,Flipopia,29295.62,PHP
Carl,Moreno,cmorenoa3@ca.gov,Venezuela,Male,Capacho Nuevo,Brainsphere,33350.05,VEF
Harold,Matthews,hmatthewsa4@disqus.com,China,Male,Jinhua,Vidoo,,CNY
Jesse,Watson,jwatsona5@ed.gov,Armenia,Male,Dalar,Quinu,84099.64,AMD
Albert,Ruiz,aruiza6@tinypic.com,Netherlands,Male,Emmen,Gigashots,60456.43,EUR
Rachel,Payne,rpaynea7@netvibes.com,Portugal,Female,Quintã,Yodoo,50644.95,EUR
Joe,Riley,jrileya8@zimbio.com,Palestinian Territory,Male,Al Fukhkhārī,Voomm,69637.56,ILS
Laura,Ross,lrossa9@symantec.com,Portugal,Female,Silgueiros,Blogtag,30067.75,EUR
Johnny,Campbell,jcampbellaa@stumbleupon.com,China,Male,Wangdain,Devpoint,352.40,CNY
Judith,West,jwestab@163.com,Poland,Female,Nałęczów,Zooxo,14550.34,PLN
Cynthia,Franklin,cfranklinac@mashable.com,Indonesia,Female,Sidayu,Latz,,IDR
Katherine,Wright,kwrightad@yahoo.com,Cameroon,Female,Mbalmayo,Photobug,97245.22,XAF
Carlos,Harvey,charveyae@twitpic.com,Pakistan,Male,Amangarh,Meevee,31081.43,PKR
Paul,Rivera,priveraaf@mlb.com,China,Male,Yucun,Quimm,46897.75,CNY
Judy,Lawson,jlawsonag@cbslocal.com,Indonesia,Female,Bantal,Babbleopia,4943.21,IDR
Donald,Young,dyoungah@arizona.edu,Brazil,Male,Muritiba,Mudo,33640.88,BRL
Ryan,Gomez,rgomezai@shinystat.com,China,Male,Wan’an,Mynte,23726.10,CNY
Michael,Adams,madamsaj@blogspot.com,Russia,Male,Solnechnoye,Blogtags,42409.29,RUB
Joseph,Flores,jfloresak@cbslocal.com,United States,Male,Roanoke,Linkbuzz,224.59,USD
Johnny,Rose,jroseal@loc.gov,Poland,Male,Korczew,Rhynyx,68206.92,PLN
Nancy,Jones,njonesam@deliciousdays.com,Sweden,Female,Vetlanda,Rhyzio,,SEK
Larry,Oliver,loliveran@shutterfly.com,Argentina,Male,Camilo Aldao,Layo,35473.64,ARS
Roy,Anderson,randersonao@youtube.com,Portugal,Male,Quinta dos Frades,Centidel,91362.55,EUR
Roy,Fields,rfieldsap@telegraph.co.uk,United States,Male,Houston,Wordify,72897.37,USD
Christine,Fox,cfoxaq@jigsy.com,China,Female,Ralung,Abatz,31006.11,CNY
Amanda,Thompson,athompsonar@foxnews.com,Indonesia,Female,Argasari,Jabbercube,73821.71,IDR
Howard,Williams,hwilliamsas@yale.edu,Croatia,Male,Kastav,Quire,21769.61,HRK
Teresa,Reynolds,treynoldsat@skype.com,Poland,Female,Pruchnik,Yamia,41712.33,PLN
Kathleen,Kelly,kkellyau@icio.us,China,Female,Helin,Meemm,22406.07,CNY
Kathy,Coleman,kcolemanav@furl.net,Indonesia,Female,Randuagung,Npath,,IDR
Eric,Lane,elaneaw@digg.com,Yemen,Male,Şanā’,Quinu,18726.00,YER
Louis,Nguyen,lnguyenax@opensource.org,Pakistan,Male,Tando Muhammad Khān,Agimba,95881.56,PKR
Dorothy,Payne,dpayneay@umich.edu,France,Female,Clisson,Vinte,40507.14,EUR
Laura,Brooks,lbrooksaz@stumbleupon.com,China,Female,Huangbei,Twimm,30290.11,CNY
Judy,Morales,jmoralesb0@miitbeian.gov.cn,Canada,Female,Martensville,Jaxworks,42463.97,CAD
Virginia,Walker,vwalkerb1@auda.org.au,China,Female,Meilin,Shuffledrive,94345.56,CNY
Barbara,Payne,bpayneb2@nymag.com,China,Female,Xiping,Kwilith,26355.90,CNY
Christine,Mcdonald,cmcdonaldb3@mail.ru,Sierra Leone,Female,Magburaka,Agivu,,SLL
Jose,Meyer,jmeyerb4@yahoo.co.jp,Russia,Male,Zamoskvorech’ye,Eare,27384.96,RUB
Mark,Cook,mcookb5@reverbnation.com,Indonesia,Male,Sukamanah,Photolist,29834.13,IDR
Martha,Mccoy,mmccoyb6@ow.ly,Indonesia,Female,Wongsorejo,Tagtune,,IDR
Kenneth,Gomez,kgomezb7@wikimedia.org,Netherlands,Male,Almere Stad,Livetube,90459.54,EUR
Jimmy,Welch,jwelchb8@springer.com,Argentina,Male,Azara,Vitz,66271.17,ARS
Jerry,Brooks,jbrooksb9@samsung.com,Uzbekistan,Male,Kogon,Zoombeat,39138.98,UZS
Nicholas,Kelley,nkelleyba@auda.org.au,Colombia,Male,Chigorodó,Tagfeed,92620.97,COP
Albert,Burns,aburnsbb@ycombinator.com,Brazil,Male,Coromandel,Thoughtbridge,67902.34,BRL
Kenneth,Mcdonald,kmcdonaldbc@prnewswire.com,Indonesia,Male,Rawaglagah,Skyble,71308.17,IDR
Steve,Mills,smillsbd@bbc.co.uk,Portugal,Male,Vila Nova de Milfontes,Tavu,7324.81,EUR
Chris,Ellis,cellisbe@fda.gov,Philippines,Male,Bayabas,Quimba,,PHP
Billy,Evans,bevansbf@list-manage.com,France,Male,Cergy-Pontoise,Shuffledrive,30591.37,EUR
Steven,Clark,sclarkbg@trellian.com,France,Male,Vitrolles,Tagchat,62222.15,EUR
Kenneth,Lane,klanebh@zdnet.com,China,Male,Longqiao,Browsetype,34600.48,CNY
Carl,Diaz,cdiazbi@theatlantic.com,Indonesia,Male,Pangradin Satu,Skimia,49704.53,IDR
Alice,Allen,aallenbj@cnbc.com,Guatemala,Female,Atescatempa,Yadel,8694.20,GTQ
Irene,Day,idaybk@yellowpages.com,Palestinian Territory,Female,Jūrīsh,Thoughtworks,87127.89,ILS
Paul,Reyes,preyesbl@barnesandnoble.com,China,Male,Changqing,Realbridge,53420.73,CNY
Kathy,Washington,kwashingtonbm@china.com.cn,Sweden,Female,Åmål,Zoomdog,98389.81,SEK
Christina,Cook,ccookbn@tamu.edu,Indonesia,Female,Telagasari,Linkbuzz,87920.30,IDR
Russell,Baker,rbakerbo@disqus.com,Indonesia,Male,Karang Daye,Talane,32954.72,IDR
Susan,Howard,showardbp@sfgate.com,Indonesia,Female,Sidaraja,Skidoo,74766.61,IDR
Andrew,Price,apricebq@dmoz.org,China,Male,Beiwucha,Podcat,29796.95,CNY
Irene,Fisher,ifisherbr@vk.com,Brazil,Female,Ubaitaba,Skinix,,BRL
Michelle,Ford,mfordbs@indiatimes.com,China,Female,Xiaojia,Babbleopia,90878.18,CNY
Sara,Morrison,smorrisonbt@elegantthemes.com,Philippines,Female,Rimus,Gigabox,76320.93,PHP
Arthur,Cruz,acruzbu@weather.com,Japan,Male,Miyazaki-shi,Brightbean,44356.67,JPY
Arthur,Carroll,acarrollbv@webmd.com,China,Male,Anren,Topiclounge,44131.14,CNY
Martin,Wallace,mwallacebw@topsy.com,Serbia,Male,Palilula,Agivu,41865.18,RSD
Ernest,Harris,eharrisbx@ustream.tv,United States,Male,Charlotte,Yodoo,20880.96,USD
Michael,Mendoza,mmendozaby@howstuffworks.com,Brazil,Male,Garibaldi,Wordtune,78114.31,BRL
Ralph,Mitchell,rmitchellbz@istockphoto.com,New Zealand,Male,Wiri,Agimba,24097.52,NZD
Sandra,Kennedy,skennedyc0@thetimes.co.uk,South Africa,Female,Saldanha,Yakitri,43274.26,ZAR
Jason,Robertson,jrobertsonc1@globo.com,Brazil,Male,Artur Nogueira,Kwideo,,BRL
Henry,Kim,hkimc2@slate.com,Russia,Male,Maykopskoye,Meembee,56526.88,RUB
Douglas,Simpson,dsimpsonc3@wordpress.com,Pakistan,Male,Pākpattan,Divape,4304.04,PKR
Steven,Thompson,sthompsonc4@acquirethisname.com,Indonesia,Male,Kaem,Katz,,IDR
Paul,Mills,pmillsc5@examiner.com,Mongolia,Male,Tsagaan-Owoo,Eamia,92087.83,MNT
Edward,Henry,ehenryc6@yellowbook.com,Saudi Arabia,Male,Tārūt,Topicware,54388.58,SAR
Sean,Mccoy,smccoyc7@tripadvisor.com,China,Male,Huichang,Oloo,91122.34,CNY
Diana,Black,dblackc8@fastcompany.com,Russia,Female,Olonets,Dabfeed,37019.75,RUB
Philip,Russell,prussellc9@prweb.com,United States,Male,Detroit,Devpoint,89908.15,USD
Judy,Franklin,jfranklinca@tumblr.com,Greece,Female,Angelochóri,Yamia,67744.96,EUR
Peter,Richards,prichardscb@youtu.be,China,Male,Longsha,Eabox,52125.38,CNY
Teresa,Black,tblackcc@cloudflare.com,China,Female,Qingyun,Skalith,68940.26,CNY
Keith,Harris,kharriscd@elegantthemes.com,New Zealand,Male,Burnham,BlogXS,97496.08,NZD
Alice,Spencer,aspencerce@nifty.com,China,Female,Boyu,Shuffledrive,,CNY
Terry,Holmes,tholmescf@opensource.org,Poland,Male,Malbork,InnoZ,12396.51,PLN
Anne,Griffin,agriffincg@altervista.org,Poland,Female,Ludwin,Skyble,36727.75,PLN
Russell,Snyder,rsnyderch@narod.ru,Macedonia,Male,Srbinovo,Quinu,73462.26,MKD
Raymond,Kim,rkimci@dyndns.org,Portugal,Male,Oliveira do Conde,Thoughtsphere,,EUR
Alice,Cunningham,acunninghamcj@state.tx.us,Czech Republic,Female,Chvaletice,Innotype,65258.56,CZK
Jeremy,Kim,jkimck@flickr.com,Mexico,Male,San Antonio,Yoveo,38590.19,MXN
Larry,Day,ldaycl@wisc.edu,Guatemala,Male,Sayaxché,Gabtune,71961.74,GTQ
Antonio,Welch,awelchcm@zdnet.com,Honduras,Male,San Esteban,Fivespan,88955.54,HNL
Jerry,Williams,jwilliamscn@yellowpages.com,Switzerland,Male,Zürich,Youopia,37958.79,CHF
Maria,Riley,mrileyco@nih.gov,Colombia,Female,Dagua,Twinder,93590.57,COP
Carol,Lee,cleecp@google.com,Chile,Female,Mulchén,Ntag,66234.81,CLP
Louise,Henderson,lhendersoncq@amazon.co.uk,Chad,Female,Ngama,Jabbersphere,40707.04,XAF
Kevin,Marshall,kmarshallcr@woothemes.com,Japan,Male,Yashiro,Yamia,,JPY
Earl,Chavez,echavezcs@abc.net.au,United States,Male,Schenectady,Gabvine,14042.73,USD
Patricia,Lewis,plewisct@typepad.com,Luxembourg,Female,Larochette,Browsedrive,20036.94,EUR
Dennis,Wright,dwrightcu@tinyurl.com,China,Male,Yajiang,Katz,15616.43,CNY
Annie,Gonzalez,agonzalezcv@psu.edu,France,Female,Sélestat,Bluezoom,77496.29,EUR
Barbara,Arnold,barnoldcw@biblegateway.com,Tunisia,Female,Chebba,Riffpedia,93778.74,TND
Matthew,Williams,mwilliamscx@paginegialle.it,Philippines,Male,Ani-e,Rhynoodle,66208.86,PHP
Christina,Garrett,cgarrettcy@illinois.edu,Russia,Female,Badar,Abata,35975.47,RUB
Joseph,Baker,jbakercz@facebook.com,El Salvador,Male,Chirilagua,Twitterbeat,80060.76,USD
Judith,Cole,jcoled0@intel.com,Russia,Female,Salekhard,Youspan,58239.60,RUB
Ashley,Bryant,abryantd1@printfriendly.com,Russia,Female,Trubchevsk,Divape,74648.96,RUB
Lois,Richards,lrichardsd2@example.com,Madagascar,Female,Ampanihy,Babblestorm,2363.29,MGA
Diane,Price,dpriced3@mozilla.org,Honduras,Female,San José de Río Tinto,Youopia,,HNL
Sharon,Elliott,selliottd4@bluehost.com,China,Female,Bulianhe,Katz,17288.65,CNY
Denise,Morrison,dmorrisond5@xing.com,China,Female,Shijing,Yodo,29920.63,CNY
Jeffrey,Evans,jevansd6@reference.com,Greece,Male,Karditsomagoúla,Youfeed,94127.80,EUR
Sara,Jenkins,sjenkinsd7@ovh.net,Venezuela,Female,Barinitas,Rhycero,92098.79,VEF
Judy,Ruiz,jruizd8@fastcompany.com,China,Female,Luopu,Roombo,19393.95,CNY
Karen,Johnston,kjohnstond9@chron.com,Czech Republic,Female,Bílovice,Eayo,67599.82,CZK
Jerry,Parker,jparkerda@eepurl.com,Portugal,Male,Seixas do Douro,Twinder,69834.34,EUR
Ruby,Flores,rfloresdb@ft.com,China,Female,Jingyang,Jetpulse,82541.27,CNY
Stephanie,Williams,swilliamsdc@apple.com,United States,Female,Denver,Edgeblab,53496.56,USD
Ryan,Washington,rwashingtondd@twitpic.com,Brazil,Male,Porteirinha,Babbleset,99418.95,BRL
Frank,Reed,freedde@engadget.com,Indonesia,Male,Hila,Thoughtworks,44960.84,IDR
Larry,Peterson,lpetersondf@jigsy.com,Russia,Male,Strelka,Topicblab,27358.83,RUB
Angela,Hansen,ahansendg@cbslocal.com,Indonesia,Female,Gunungangka,Jaxbean,,IDR
Jose,Thompson,jthompsondh@over-blog.com,Italy,Male,Padova,Ntag,99822.13,EUR
Tammy,Ruiz,truizdi@seattletimes.com,Portugal,Female,Lajeosa,Fivespan,11117.06,EUR
Bonnie,Duncan,bduncandj@imgur.com,Indonesia,Female,Ketawang,Leenti,33227.89,IDR
Ashley,Brown,abrowndk@flickr.com,Poland,Female,Januszkowice,Yozio,83443.39,PLN
Lois,Hunter,lhunterdl@tamu.edu,China,Female,Shanjie,Vimbo,67967.60,CNY
Pamela,Wheeler,pwheelerdm@biglobe.ne.jp,Poland,Female,Lelkowo,Blognation,16122.50,PLN
Joan,Walker,jwalkerdn@newsvine.com,Russia,Female,Fakel,Rhynyx,52319.15,RUB
Daniel,Hudson,dhudsondo@home.pl,Cuba,Male,Artemisa,Vinte,38425.62,CUP
Jacqueline,Kim,jkimdp@flickr.com,Croatia,Female,Belišće,Wikizz,20514.10,HRK
Samuel,Burns,sburnsdq@ameblo.jp,Nicaragua,Male,Niquinohomo,Tagpad,86288.86,NIO
Michelle,Riley,mrileydr@xrea.com,Ukraine,Female,Yevpatoriya,Plambee,53166.26,UAH
Thomas,Williamson,twilliamsonds@edublogs.org,United Kingdom,Male,Weston,Centimia,12953.23,GBP
Harold,White,hwhitedt@ow.ly,Poland,Male,Świebodzice,Devcast,28776.79,PLN
Chris,Howard,chowarddu@usnews.com,Poland,Male,Lgota Wielka,Devcast,37942.86,PLN
Catherine,Stone,cstonedv@rakuten.co.jp,France,Female,Paris 08,Leexo,78269.63,EUR
Sarah,Wheeler,swheelerdw@ucla.edu,Greece,Female,Irákleia,Oyondu,82616.04,EUR
Mark,Harrison,mharrisondx@oakley.com,China,Male,Hecheng,Cogilith,15611.42,CNY
Earl,Mcdonald,emcdonalddy@nytimes.com,Indonesia,Male,Caringin,Quatz,47933.46,IDR
Stephen,Reynolds,sreynoldsdz@google.com.br,Japan,Male,Ōmihachiman,Flashdog,13948.69,JPY
Anne,Bennett,abennette0@example.com,Poland,Female,Zbytków,Tagfeed,41393.64,PLN
Douglas,Garza,dgarzae1@yelp.com,Indonesia,Male,Dengok,Talane,,IDR
Diane,Graham,dgrahame2@google.co.uk,Portugal,Female,Agrela,Mymm,,EUR
Alan,Hayes,ahayese3@cbsnews.com,Poland,Male,Jarocin,Zoombeat,33087.32,PLN
Laura,Grant,lgrante4@yolasite.com,Peru,Female,La Coipa,Plambee,74480.52,PEN
Gary,Sanders,gsanderse5@tripod.com,China,Male,Xiangcunxiang,Topicshots,15576.11,CNY
Clarence,Garza,cgarzae6@amazon.co.uk,Mongolia,Male,Altay sumu,Mita,67962.58,MNT
Joan,Carpenter,jcarpentere7@gnu.org,Indonesia,Female,Kebonkaret,Einti,81360.82,IDR
Gregory,Brooks,gbrookse8@merriam-webster.com,Poland,Male,Plewiska,Oba,230.79,PLN
Mildred,Hicks,mhickse9@google.ca,China,Female,Longxing,Abata,96398.59,CNY
Julie,Martin,jmartinea@wired.com,Slovenia,Female,Apače,Avavee,19305.11,EUR
Ronald,Fields,rfieldseb@biglobe.ne.jp,China,Male,Jingdezhen,Muxo,46727.29,CNY
Dorothy,Myers,dmyersec@webmd.com,Indonesia,Female,Samir,Topiczoom,35385.89,IDR
Jane,Palmer,jpalmered@lycos.com,China,Female,Dazu,Devpulse,18930.02,CNY
Randy,Chapman,rchapmanee@hugedomains.com,Indonesia,Male,Brongkah,Zoonoodle,53058.57,IDR
Janet,Simmons,jsimmonsef@virginia.edu,Ukraine,Female,Selydove,Rhyzio,21466.80,UAH
Joyce,Powell,jpowelleg@dyndns.org,Philippines,Female,Lampari,Topicware,49165.49,PHP
Carlos,Carter,ccartereh@ow.ly,France,Male,Romorantin-Lanthenay,Avamm,52891.09,EUR
Christopher,Bowman,cbowmanei@bloglines.com,Brazil,Male,Santa Cruz do Capibaribe,Mynte,61961.34,BRL
Lori,Henry,lhenryej@slashdot.org,Sweden,Female,Göteborg,Blogpad,31636.33,SEK
Ashley,Myers,amyersek@unesco.org,Portugal,Female,Vila Franca do Campo,Bubblebox,5893.20,EUR
Terry,Knight,tknightel@squarespace.com,Portugal,Male,Cela,Blogtag,76266.19,EUR
Amanda,Medina,amedinaem@lycos.com,Venezuela,Female,Tucaní,Ainyx,73605.33,VEF
Ruth,Nichols,rnicholsen@huffingtonpost.com,China,Female,Henglishan,Midel,66266.78,CNY
Betty,Morris,bmorriseo@cnn.com,Malaysia,Female,Putrajaya,Tavu,88789.59,MYR
Ruth,Mccoy,rmccoyep@pagesperso-orange.fr,Philippines,Female,Kabuynan,Talane,80108.02,PHP
Lori,Kim,lkimeq@pagesperso-orange.fr,Indonesia,Female,Bireun,Jazzy,46437.81,IDR
Earl,Ellis,eelliser@umn.edu,Sweden,Male,Västerås,Flipbug,87063.25,SEK
Peter,Kennedy,pkennedyes@webeden.co.uk,Argentina,Male,Arraga,Realcube,35246.49,ARS
Harry,Reynolds,hreynoldset@github.io,Russia,Male,Fryazino,Kazu,19175.45,RUB
Emily,Mason,emasoneu@sogou.com,Bulgaria,Female,Akhtopol,Mymm,61567.74,BGN
Howard,Dunn,hdunnev@tmall.com,Peru,Male,Coishco,Zooveo,2518.89,PEN
Gloria,Matthews,gmatthewsew@cam.ac.uk,Portugal,Female,São Bartolomeu,Buzzbean,25341.64,EUR
Harry,Peters,hpetersex@imgur.com,China,Male,Cuntan,Demivee,70110.59,CNY
Jeffrey,Olson,jolsoney@columbia.edu,Indonesia,Male,Tlatah,Yadel,72.44,IDR
Aaron,Rodriguez,arodriguezez@creativecommons.org,China,Male,Liangting,Oyonder,30772.05,CNY
Dorothy,Ryan,dryanf0@surveymonkey.com,Thailand,Female,Lom Kao,Livetube,35879.99,THB
Roy,Garza,rgarzaf1@cmu.edu,Russia,Male,Vyborg,Twitterbridge,99358.24,RUB
Laura,Garrett,lgarrettf2@unc.edu,Philippines,Female,Tigbaw,Trunyx,76711.76,PHP
Amanda,Adams,aadamsf3@cloudflare.com,Netherlands,Female,Arnhem,Tagchat,92360.83,EUR
Debra,Ross,drossf4@google.co.uk,Russia,Female,Vostryakovo,Skimia,33754.86,RUB
Eugene,Coleman,ecolemanf5@umn.edu,Vietnam,Male,Hồ Xá,Ntag,80083.75,VND
Roger,Nguyen,rnguyenf6@infoseek.co.jp,Germany,Male,Chemnitz,Fivespan,27423.72,EUR
Doris,Lynch,dlynchf7@usda.gov,Russia,Female,Saraktash,Edgeblab,2920.04,RUB
Paula,Berry,pberryf8@oaic.gov.au,Ethiopia,Female,Mendī,Meejo,6817.23,ETB
Henry,Collins,hcollinsf9@techcrunch.com,Serbia,Male,Nova Pazova,Buzzshare,23515.80,RSD
Matthew,Armstrong,marmstrongfa@example.com,Estonia,Male,Põltsamaa,Zoomlounge,16776.42,EUR
Alan,Dunn,adunnfb@umn.edu,Czech Republic,Male,Velký Újezd,Skimia,42733.49,CZK
Terry,Gutierrez,tgutierrezfc@hp.com,Mexico,Male,San Pedro,Fatz,13511.78,MXN
Jason,Hall,jhallfd@shinystat.com,China,Male,Dawangzhuang,Meeveo,,CNY
Kevin,Reed,kreedfe@slideshare.net,Portugal,Male,Biscoitos,Aimbu,60946.34,EUR
Doris,Crawford,dcrawfordff@odnoklassniki.ru,Argentina,Female,Las Breñas,Lazzy,18070.12,ARS
Patrick,Armstrong,parmstrongfg@cisco.com,Sierra Leone,Male,Kassiri,Vitz,,SLL
Heather,Anderson,handersonfh@disqus.com,Russia,Female,Polevskoy,Meedoo,3245.29,RUB
Martin,West,mwestfi@woothemes.com,Nigeria,Male,Nkpor,Feednation,73141.91,NGN
Diane,Arnold,darnoldfj@wp.com,Czech Republic,Female,Milín,Oyoyo,41631.95,CZK
Pamela,Freeman,pfreemanfk@wp.com,China,Female,Gelin,Rhyloo,2385.99,CNY
Raymond,Gray,rgrayfl@narod.ru,Mexico,Male,San Francisco,Yodel,88541.63,MXN
Jeremy,Reid,jreidfm@xrea.com,Brazil,Male,Conceição da Barra,Wikizz,6976.27,BRL
Beverly,Mason,bmasonfn@imageshack.us,United States,Female,Las Vegas,Trupe,70329.28,USD
Kathryn,Murphy,kmurphyfo@msu.edu,United States,Female,Joliet,Realbridge,92660.93,USD
Victor,Barnes,vbarnesfp@illinois.edu,China,Male,Xinchenglu,Yakijo,30275.82,CNY
Donna,Bradley,dbradleyfq@google.co.jp,United States,Female,Phoenix,Reallinks,28722.81,USD
Ruby,Campbell,rcampbellfr@hibu.com,Portugal,Female,Camacha,Wikido,,EUR
Donna,Watkins,dwatkinsfs@i2i.jp,China,Female,Shifang,InnoZ,,CNY
Jacqueline,Cox,jcoxft@cam.ac.uk,Mexico,Female,Emiliano Zapata,Wikizz,66325.59,MXN
Justin,James,jjamesfu@amazon.de,Haiti,Male,Limonade,Meejo,71973.88,HTG
Adam,Scott,ascottfv@csmonitor.com,China,Male,Wangren,Riffpedia,,CNY
Daniel,Mcdonald,dmcdonaldfw@comcast.net,Argentina,Male,Empedrado,Flashdog,84540.38,ARS
Kevin,Porter,kporterfx@wunderground.com,Finland,Male,Viitasaari,Oba,6815.16,EUR
Marie,Snyder,msnyderfy@pinterest.com,Portugal,Female,Ermelo,InnoZ,39022.91,EUR
Jacqueline,Stone,jstonefz@jugem.jp,Cyprus,Female,Meniko,Mymm,3019.45,EUR
Brandon,Anderson,bandersong0@uol.com.br,China,Male,Yangyuan,Agivu,25134.23,CNY
Patricia,Jenkins,pjenkinsg1@seesaa.net,China,Female,Wanglian,JumpXS,73675.00,CNY
Carlos,Mcdonald,cmcdonaldg2@prnewswire.com,Colombia,Male,Campo de la Cruz,Oodoo,3609.39,COP
Nancy,Dean,ndeang3@flavors.me,France,Female,Villeneuve-la-Garenne,Skibox,63396.82,EUR
Rachel,Reed,rreedg4@google.com,Poland,Female,Gierłoż,Bluejam,10137.82,PLN
Betty,Turner,bturnerg5@paypal.com,Myanmar,Female,Paungde,Brainbox,31447.02,MMK
Alan,Williams,awilliamsg6@scientificamerican.com,Brazil,Male,Medina,Realpoint,66463.35,BRL
Linda,Henry,lhenryg7@163.com,Azerbaijan,Female,Geoktschai,Vipe,46237.24,AZN
Irene,Hernandez,ihernandezg8@newsvine.com,Indonesia,Female,Ngluwuk,Meezzy,21112.94,IDR
Chris,Rose,croseg9@state.tx.us,China,Male,Hongshunli,Gabtype,44970.99,CNY
Angela,Walker,awalkerga@comcast.net,Canada,Female,Nicolet,Chatterbridge,22506.62,CAD
Gary,Bennett,gbennettgb@eventbrite.com,Brazil,Male,Vazante,Viva,90120.04,BRL
Doris,Gonzalez,dgonzalezgc@instagram.com,China,Female,Sangesi,Katz,61228.51,CNY
Alice,Bennett,abennettgd@jalbum.net,Philippines,Female,Bilad,Thoughtworks,35219.59,PHP
Ruth,Ramos,rramosge@spotify.com,Nigeria,Female,Ohafia-Ifigh,Quimm,91982.45,NGN
Pamela,Berry,pberrygf@netscape.com,Indonesia,Female,Dalo,Realpoint,38224.57,IDR
Robin,Butler,rbutlergg@tmall.com,Philippines,Female,Lapu-Lapu City,Avavee,46064.98,PHP
Beverly,Hayes,bhayesgh@cbsnews.com,Malaysia,Female,Kuala Terengganu,Skimia,24101.57,MYR
David,Cole,dcolegi@ezinearticles.com,United States,Male,Phoenix,Flipopia,66964.16,USD
Eric,Powell,epowellgj@mlb.com,Paraguay,Male,San Miguel,Brainverse,,PYG
Victor,Dunn,vdunngk@springer.com,Brazil,Male,Igarassu,Eayo,55939.48,BRL
Brenda,Vasquez,bvasquezgl@hud.gov,Russia,Female,Berezniki,Vinte,79702.45,RUB
Todd,Olson,tolsongm@csmonitor.com,China,Male,Shaxi,Jayo,74087.44,CNY
Marilyn,Carr,mcarrgn@wordpress.org,Morocco,Female,Ouijjane,Midel,66284.15,MAD
Dennis,Arnold,darnoldgo@ihg.com,Spain,Male,Valencia,DabZ,69156.39,EUR
Stephanie,Dean,sdeangp@google.co.uk,China,Female,Tangwu,Buzzshare,58392.95,CNY
Tina,Wilson,twilsongq@cafepress.com,China,Female,Taoshan,Fivebridge,41889.46,CNY
Mildred,Myers,mmyersgr@clickbank.net,China,Female,Baoziba,Dynazzy,52881.76,CNY
Kelly,Taylor,ktaylorgs@about.me,U.S. Virgin Islands,Female,Saint Croix,Pixope,21067.29,USD
Matthew,Williamson,mwilliamsongt@webmd.com,China,Male,Meicheng,Camido,14394.85,CNY
Gerald,Davis,gdavisgu@typepad.com,Poland,Male,Mirsk,Lajo,79840.61,PLN
Joyce,Ryan,jryangv@miibeian.gov.cn,Spain,Female,Leon,Mita,8128.34,EUR
Rebecca,Washington,rwashingtongw@xing.com,Japan,Female,Himi,Nlounge,89126.02,JPY
Kathleen,Coleman,kcolemangx@odnoklassniki.ru,Japan,Female,Hondo,Thoughtbeat,12817.57,JPY
Wayne,Burton,wburtongy@behance.net,Brazil,Male,Afogados da Ingazeira,Janyx,14089.89,BRL
Joshua,Lynch,jlynchgz@psu.edu,Indonesia,Male,Tajur,Agimba,,IDR
Shirley,Perry,sperryh0@google.nl,Brazil,Female,Pontes e Lacerda,Camimbo,82644.12,BRL
Phillip,Bishop,pbishoph1@answers.com,China,Male,Xugu,Flipbug,36537.15,CNY
Jane,Richardson,jrichardsonh2@china.com.cn,Russia,Female,Lobanovo,Wikivu,68714.82,RUB
Martin,Stone,mstoneh3@newyorker.com,Zimbabwe,Male,Plumtree,Skajo,96024.30,ZWL
Kelly,Crawford,kcrawfordh4@psu.edu,China,Female,Jomda,Oloo,87702.43,CNY
Anthony,Taylor,ataylorh5@dropbox.com,China,Male,Sanxiang,Eimbee,94651.48,CNY
Elizabeth,Cruz,ecruzh6@tuttocitta.it,Paraguay,Female,Antequera,Avaveo,66970.07,PYG
Kenneth,Ray,krayh7@telegraph.co.uk,Indonesia,Male,Wadung,Centidel,76942.75,IDR
Debra,Adams,dadamsh8@chron.com,Philippines,Female,Sagbayan,Aimbu,97558.13,PHP
Martin,Hanson,mhansonh9@tripadvisor.com,Cook Islands,Male,Avarua,Trunyx,88102.88,NZD
Carolyn,Jenkins,cjenkinsha@wp.com,Indonesia,Female,Nanganumba,Browsedrive,32476.11,IDR
Anna,Olson,aolsonhb@columbia.edu,Uganda,Female,Kyankwanzi,Feedbug,24560.89,UGX
Daniel,Howell,dhowellhc@miitbeian.gov.cn,Syria,Male,Al Khushnīyah,Twitterlist,32492.79,SYP
Jason,Garza,jgarzahd@craigslist.org,Bolivia,Male,Sotomayor,Quire,49662.12,BOB
Carolyn,Peterson,cpetersonhe@ucoz.ru,Tunisia,Female,Houmt Souk,Centimia,40724.81,TND
Theresa,Freeman,tfreemanhf@webmd.com,China,Female,Xinyang,Youspan,,CNY
Donna,Gibson,dgibsonhg@istockphoto.com,China,Female,Baiyang,LiveZ,28651.43,CNY
Kathleen,Simmons,ksimmonshh@livejournal.com,North Korea,Female,Najin,Tavu,85365.66,KPW
Mark,Burns,mburnshi@yahoo.com,China,Male,Jingkou,Skajo,15649.56,CNY
Earl,Campbell,ecampbellhj@elegantthemes.com,Philippines,Male,Patique,Edgeblab,52071.03,PHP
Christine,Hayes,chayeshk@berkeley.edu,Indonesia,Female,Tombatu,Wikizz,58377.84,IDR
Juan,Edwards,jedwardshl@omniture.com,Thailand,Male,Nakhon Pathom,Mynte,26328.55,THB
Mildred,Crawford,mcrawfordhm@foxnews.com,Colombia,Female,Chía,Jaxworks,32642.80,COP
Melissa,Long,mlonghn@163.com,Ukraine,Female,Chyhyryn,Babbleset,57017.31,UAH
Eugene,Stewart,estewartho@xinhuanet.com,Sweden,Male,Degeberga,Ozu,54005.11,SEK
Robin,Chapman,rchapmanhp@prlog.org,Tanzania,Female,Ngerengere,Rhybox,58286.38,TZS
Joseph,Reynolds,jreynoldshq@etsy.com,Mexico,Male,Francisco Villa,Blogspan,43514.57,MXN
Nicholas,Lynch,nlynchhr@devhub.com,China,Male,Agarsin,Quinu,74766.66,CNY
Jeffrey,Elliott,jelliotths@wikipedia.org,Guatemala,Male,Cuilco,Zooxo,,GTQ
Alice,Griffin,agriffinht@gravatar.com,Portugal,Female,Calde,Bubbletube,78452.07,EUR
Steven,Porter,sporterhu@joomla.org,China,Male,Chaihu,Avamm,71205.49,CNY
Bruce,Wood,bwoodhv@soundcloud.com,Brazil,Male,Santo Antônio de Pádua,Blogspan,82043.36,BRL
Peter,Jacobs,pjacobshw@mapquest.com,Uzbekistan,Male,Chimboy Shahri,Zooveo,67946.74,UZS
Robin,Ellis,rellishx@yellowbook.com,Costa Rica,Female,Paquera,Browsedrive,22105.22,CRC
Nicole,Gonzales,ngonzaleshy@com.com,Indonesia,Female,Puncakwangi,Eire,30973.33,IDR
Rose,Ramos,rramoshz@un.org,Armenia,Female,Areni,Jabbersphere,70899.70,AMD
Alan,Johnson,ajohnsoni0@unblog.fr,Indonesia,Male,Candi Prambanan,Meejo,85290.66,IDR
Stephanie,Holmes,sholmesi1@netvibes.com,Indonesia,Female,Buniaga,Tekfly,78886.02,IDR
Brandon,Stevens,bstevensi2@sbwire.com,China,Male,Qiaodi,Aimbo,96665.46,CNY
Christina,Mccoy,cmccoyi3@example.com,Russia,Female,Rossosh’,Flashspan,58482.55,RUB
Katherine,Parker,kparkeri4@goodreads.com,Mauritius,Female,Bambous Virieux,Katz,544.80,MUR
Keith,Cunningham,kcunninghami5@harvard.edu,Zimbabwe,Male,Marondera,Jaxnation,39024.78,ZWL
Donald,Howard,dhowardi6@accuweather.com,Indonesia,Male,Bulupayung,Dazzlesphere,89617.40,IDR
Phyllis,Garrett,pgarretti7@dot.gov,Russia,Female,Sysert’,Edgeclub,45098.10,RUB
Christine,Banks,cbanksi8@go.com,Indonesia,Female,Banjar Dauhpangkung,Vinder,95328.11,IDR
Richard,Rodriguez,rrodriguezi9@reference.com,Bangladesh,Male,Chittagong,Feedmix,6609.59,BDT
Howard,Riley,hrileyia@dell.com,Suriname,Male,Paramaribo,Voonyx,18338.61,SRD
Earl,Daniels,edanielsib@alibaba.com,Indonesia,Male,Cangkreng,LiveZ,9621.00,IDR
Jose,Tucker,jtuckeric@apple.com,Mongolia,Male,Tsagaan-Olom,Demivee,69959.53,MNT
Terry,Grant,tgrantid@chron.com,Palestinian Territory,Male,An Naşşārīyah,Gabcube,45392.55,ILS
John,Hudson,jhudsonie@boston.com,France,Male,Saint-Quentin,Vinte,33654.94,EUR
Norma,Williams,nwilliamsif@opera.com,Colombia,Female,Mutis,Jaxbean,42809.21,COP
Alice,Palmer,apalmerig@lycos.com,Dominican Republic,Female,Monte Plata,Edgetag,34221.61,DOP
James,Robertson,jrobertsonih@hp.com,Indonesia,Male,Jalatrang,Skipstorm,15045.50,IDR
Kathy,Vasquez,kvasquezii@csmonitor.com,Belarus,Female,Lyozna,Leenti,2587.77,BYR
Frank,Kennedy,fkennedyij@creativecommons.org,Thailand,Male,Ban Khlong Bang Sao Thong,Photojam,97194.21,THB
Anne,Wright,awrightik@mac.com,Japan,Female,Iiyama,Riffpedia,33662.87,JPY
Laura,Rivera,lriverail@e-recht24.de,Portugal,Female,Goim,Twitterbridge,61517.90,EUR
Bruce,Garza,bgarzaim@infoseek.co.jp,Portugal,Male,Charneca da Cotovia,Babbleset,,EUR
Benjamin,Mccoy,bmccoyin@prnewswire.com,Indonesia,Male,Kurnia,Wikizz,37658.65,IDR
Jerry,Perez,jperezio@constantcontact.com,China,Male,Yancheng,Livefish,44825.10,CNY
Eugene,Adams,eadamsip@ustream.tv,Indonesia,Male,Karangdawa Barat,Kare,35880.05,IDR
Kimberly,Perkins,kperkinsiq@mtv.com,Portugal,Female,Taveiro,Blogtags,71336.06,EUR
Peter,Jones,pjonesir@github.com,China,Male,Shuanggang,Zooxo,28404.45,CNY
Phillip,Burns,pburnsis@abc.net.au,Micronesia,Male,Kolonia Town,Jabbersphere,40243.59,USD
Carlos,Riley,crileyit@netscape.com,Bangladesh,Male,Cox’s Bāzār,Centidel,,BDT
Janet,Henderson,jhendersoniu@harvard.edu,Russia,Female,Shebekino,Photobug,7658.37,RUB
Shawn,Rivera,sriveraiv@youtu.be,Czech Republic,Male,Studená,Vinder,61154.39,CZK
Martha,Long,mlongiw@umich.edu,Philippines,Female,Limulan,Nlounge,3953.93,PHP
Joshua,Garza,jgarzaix@unblog.fr,China,Male,Yunlong,Skalith,61117.62,CNY
Robert,Kim,rkimiy@t.co,United States,Male,Jamaica,Rhybox,21381.30,USD
Lisa,Hughes,lhughesiz@army.mil,Democratic Republic of the Congo,Female,Bumba,Thoughtstorm,33785.53,CDF
Betty,Flores,bfloresj0@shareasale.com,New Zealand,Female,Patea,Aivee,40835.28,NZD
Shawn,Rice,sricej1@netscape.com,Philippines,Male,Caminauit,Minyx,89945.30,PHP
Sharon,Murphy,smurphyj2@geocities.com,Honduras,Female,El Marañón,Brainlounge,54116.40,HNL
Gregory,Richards,grichardsj3@hc360.com,Indonesia,Male,Bangunsari,Buzzster,66411.28,IDR
Emily,Stevens,estevensj4@nasa.gov,Brazil,Female,Barreiro do Jaíba,Zoombox,48791.92,BRL
Juan,Rodriguez,jrodriguezj5@google.nl,Pakistan,Male,Chaman,Dabfeed,60518.14,PKR
Chris,Palmer,cpalmerj6@parallels.com,Portugal,Male,Carvalheira,Livetube,37291.03,EUR
Eric,Flores,efloresj7@odnoklassniki.ru,Iceland,Male,Neskaupstaður,Viva,26921.98,ISK
Earl,Henderson,ehendersonj8@deliciousdays.com,France,Male,Cluses,Quatz,7326.21,EUR
Louis,Miller,lmillerj9@dedecms.com,Sweden,Male,Huddinge,Brainsphere,66122.68,SEK
Walter,Pierce,wpierceja@tripod.com,Latvia,Male,Riga,Lazz,89749.76,EUR
Irene,Powell,ipowelljb@hc360.com,Portugal,Female,Jardoeira,Riffwire,65062.67,EUR
Julia,Carter,jcarterjc@nps.gov,Mauritius,Female,Centre de Flacq,Feedbug,33988.56,MUR
Brandon,Perkins,bperkinsjd@ameblo.jp,Mexico,Male,Santa Cruz,Centidel,,MXN
Mildred,Gonzales,mgonzalesje@skype.com,Russia,Female,Shalushka,Yacero,15098.40,RUB
Theresa,Meyer,tmeyerjf@npr.org,Netherlands,Female,Brunssum,Feednation,25964.23,EUR
Beverly,Mcdonald,bmcdonaldjg@uiuc.edu,Ukraine,Female,Verkhnyaya Belka,Youfeed,,UAH
Christina,Gardner,cgardnerjh@barnesandnoble.com,Mexico,Female,Las Flores,Snaptags,59494.63,MXN
Jack,Hansen,jhansenji@rediff.com,Poland,Male,Purda,Fanoodle,81086.95,PLN
Elizabeth,Schmidt,eschmidtjj@indiatimes.com,United States,Female,Baton Rouge,Youspan,14059.75,USD
Shawn,Howell,showelljk@ucla.edu,Vietnam,Male,Vân Tùng,Fivechat,60744.57,VND
Lori,Mitchell,lmitchelljl@nationalgeographic.com,Portugal,Female,Maceda,Meezzy,,EUR
Brandon,Greene,bgreenejm@zdnet.com,China,Male,Longbu,Trupe,4668.60,CNY
Ann,Sims,asimsjn@taobao.com,Thailand,Female,Nong Khae,Pixope,80204.78,THB
Martha,Nichols,mnicholsjo@boston.com,Laos,Female,Phôngsali,Wordware,28336.47,LAK
Eugene,Armstrong,earmstrongjp@cdc.gov,Indonesia,Male,Kolobolon,Aibox,35753.80,IDR
Virginia,Lawson,vlawsonjq@thetimes.co.uk,Brazil,Female,Caçapava do Sul,Muxo,47838.01,BRL
Patrick,Cole,pcolejr@parallels.com,Sweden,Male,Skogås,Voolith,99449.33,SEK
Kathryn,Berry,kberryjs@cbslocal.com,China,Female,Huangguan,Realmix,86316.06,CNY
Elizabeth,Weaver,eweaverjt@ehow.com,Mongolia,Female,Naran-mandokhu Somon,Yadel,32085.15,MNT
Eric,Mills,emillsju@deviantart.com,Russia,Male,Balyaga,Yambee,70661.53,RUB
Roy,Sanders,rsandersjv@cafepress.com,Philippines,Male,Talakag,Blogtag,32448.16,PHP
Jack,Diaz,jdiazjw@biglobe.ne.jp,China,Male,Changxing,Yambee,,CNY
Mark,Perkins,mperkinsjx@meetup.com,Croatia,Male,Biograd na Moru,Photospace,14593.80,HRK
Katherine,Kennedy,kkennedyjy@adobe.com,China,Female,Changning,Brainverse,38938.65,CNY
Catherine,Stephens,cstephensjz@g.co,Philippines,Female,Maquiapo,Devify,46075.93,PHP
Timothy,Banks,tbanksk0@webeden.co.uk,United States,Male,Maple Plain,Fanoodle,,USD
Nicholas,Black,nblackk1@cmu.edu,China,Male,Xiumei,Dabvine,91003.56,CNY
Justin,Butler,jbutlerk2@economist.com,Afghanistan,Male,Sar-e Pul,Devshare,43903.79,AFN
Betty,Perry,bperryk3@goo.ne.jp,China,Female,Supu,Realbridge,38865.58,CNY
Kevin,Carr,kcarrk4@slate.com,Brazil,Male,Costa Rica,Linklinks,,BRL
Brian,Jenkins,bjenkinsk5@com.com,Laos,Male,Pakxé,Photojam,54292.41,LAK
Patricia,Cox,pcoxk6@booking.com,China,Female,Houbai,Skynoodle,4438.46,CNY
Earl,Willis,ewillisk7@npr.org,Russia,Male,Malysheva,Photojam,44595.14,RUB
Terry,Hanson,thansonk8@ucsd.edu,France,Male,Puteaux,Jabberstorm,,EUR
Anna,Watkins,awatkinsk9@shinystat.com,China,Female,Guidong Chengguanzhen,Meezzy,65205.61,CNY
Rose,Sullivan,rsullivanka@booking.com,Bulgaria,Female,Gotse Delchev,Brainverse,13020.34,BGN
Shawn,Powell,spowellkb@github.com,Sweden,Male,Sundbyberg,Jayo,89658.68,SEK
Harry,Woods,hwoodskc@time.com,Philippines,Male,Mat-i,Ozu,38296.50,PHP
Benjamin,Black,bblackkd@cnet.com,Swaziland,Male,Big Bend,Avaveo,,SZL
Julia,King,jkingke@irs.gov,Tajikistan,Female,Dushanbe,Devbug,48471.71,TJS
Martin,Webb,mwebbkf@chron.com,China,Male,Heshan,Lazz,9868.76,CNY
Larry,Robertson,lrobertsonkg@irs.gov,Russia,Male,Rechitsy,Tagfeed,93542.88,RUB
Anne,Montgomery,amontgomerykh@google.com.hk,China,Female,Mali,Feedfish,80343.84,CNY
William,West,wwestki@pen.io,Russia,Male,Ikryanoye,Eire,,RUB
Bruce,Daniels,bdanielskj@marriott.com,Brazil,Male,Caldas Novas,Oyoba,,BRL
Craig,Adams,cadamskk@theguardian.com,China,Male,Jiuzhai,Meevee,2254.10,CNY
Johnny,Howell,jhowellkl@cbc.ca,China,Male,Yuzhai,Rooxo,,CNY
Tammy,Lawrence,tlawrencekm@ihg.com,Portugal,Female,Arco de Baúlhe,Wikivu,80538.50,EUR
Chris,Nelson,cnelsonkn@marriott.com,Japan,Male,Ōami,Eamia,,JPY
Earl,Taylor,etaylorko@deliciousdays.com,Poland,Male,Żychlin,Bluejam,77262.74,PLN
Beverly,Ray,braykp@xrea.com,China,Female,Jihui,Skaboo,42820.43,CNY
Jason,Barnes,jbarneskq@blogs.com,Indonesia,Male,Cikomara,Dynabox,71765.02,IDR
Tammy,Bennett,tbennettkr@bluehost.com,Uruguay,Female,Vichadero,Browsebug,60485.14,UYU
Alice,Cooper,acooperks@tmall.com,Sweden,Female,Gävle,Tagcat,84626.78,SEK
Joe,Bishop,jbishopkt@mapquest.com,Poland,Male,Sidzina,Pixonyx,33821.54,PLN
Walter,Rogers,wrogersku@artisteer.com,Hungary,Male,Pécs,BlogXS,33978.99,HUF
Jimmy,Ramirez,jramirezkv@columbia.edu,Poland,Male,Włosienica,Topicware,12826.01,PLN
Jesse,Morris,jmorriskw@ed.gov,China,Male,Hefu,Demimbu,17633.37,CNY
Lois,Jenkins,ljenkinskx@delicious.com,Poland,Female,Wieniawa,Izio,23117.51,PLN
Frank,Mendoza,fmendozaky@sogou.com,South Sudan,Male,Leer,Reallinks,13290.70,SSP
David,Hunt,dhuntkz@nytimes.com,China,Male,Xinghua,Edgeclub,61454.08,CNY
Gary,Murray,gmurrayl0@wiley.com,Philippines,Male,Communal,Livetube,71714.43,PHP
Judith,Mitchell,jmitchelll1@jugem.jp,Canada,Female,Pemberton,Abatz,94468.82,CAD
Carl,Duncan,cduncanl2@techcrunch.com,Brazil,Male,Juripiranga,Realblab,52632.07,BRL
Kimberly,Woods,kwoodsl3@toplist.cz,Brazil,Female,Sumaré,Devify,30501.87,BRL
Sarah,Butler,sbutlerl4@surveymonkey.com,Dominican Republic,Female,Jarabacoa,Zoovu,28512.61,DOP
David,Olson,dolsonl5@dmoz.org,Indonesia,Male,Banjarsari,Wikido,58721.75,IDR
Susan,Reynolds,sreynoldsl6@oracle.com,China,Female,Chengyue,Voolia,,CNY
Heather,Stewart,hstewartl7@instagram.com,Brazil,Female,Lago dos Rodrigues,Edgepulse,70334.96,BRL
Lillian,Porter,lporterl8@sbwire.com,Papua New Guinea,Female,Kokopo,Wikizz,77512.14,PGK
Paul,Warren,pwarrenl9@tripod.com,Portugal,Male,Cabeça Gorda,Riffpedia,89742.65,EUR
Robert,Daniels,rdanielsla@businessinsider.com,Brazil,Male,Penedo,Mudo,25846.72,BRL
Beverly,Lane,blanelb@gizmodo.com,Norway,Female,Tromsø,Browseblab,7445.84,NOK
Ryan,Powell,rpowelllc@goo.ne.jp,Russia,Male,Dno,Jaxbean,41981.13,RUB
Terry,Ellis,tellisld@geocities.jp,United Arab Emirates,Male,Al Ain,Topicblab,,AED
Nicole,Edwards,nedwardsle@un.org,Indonesia,Female,Wonotirto,Omba,55763.84,IDR
Tina,Davis,tdavislf@nba.com,Tunisia,Female,Zarzis,Photospace,89761.80,TND
Elizabeth,Rivera,eriveralg@vk.com,Thailand,Female,Sam Phran,Avamba,42421.23,THB
Kimberly,Webb,kwebblh@fc2.com,China,Female,Shuangshi,Mydeo,99516.66,CNY
Todd,Graham,tgrahamli@behance.net,Indonesia,Male,Baratleke,Tavu,78894.57,IDR
Martin,Garza,mgarzalj@qq.com,China,Male,Chengdong,Ainyx,61037.82,CNY
Teresa,Nelson,tnelsonlk@mapy.cz,China,Female,Datong,Mybuzz,29704.23,CNY
Tammy,Diaz,tdiazll@delicious.com,Portugal,Female,Cavalões,Fatz,92201.12,EUR
Mary,Bowman,mbowmanlm@amazon.co.uk,Indonesia,Female,Obesi,Aimbu,59877.07,IDR
Nicole,Moore,nmooreln@gmpg.org,Belarus,Female,Ivanava,Zoomdog,85270.38,BYR
Susan,Garcia,sgarcialo@cisco.com,Argentina,Female,El Soberbio,Dynabox,59516.00,ARS
Diane,Nelson,dnelsonlp@home.pl,Mexico,Female,Los Pinos,Brainsphere,84389.79,MXN
Rebecca,Stevens,rstevenslq@cmu.edu,China,Female,Leluo,Wordware,57949.78,CNY
Patricia,Williamson,pwilliamsonlr@arstechnica.com,Egypt,Female,Al Ḩāmūl,Oyondu,35836.93,EGP
Ernest,Cox,ecoxls@domainmarket.com,Indonesia,Male,Cikomara,Quimm,98260.33,IDR
Patricia,Daniels,pdanielslt@usda.gov,Philippines,Female,Basak,Avamba,33299.40,PHP
Gregory,Howard,ghowardlu@linkedin.com,Poland,Male,Sępólno Krajeńskie,Agivu,11724.89,PLN
Nancy,Ortiz,nortizlv@arizona.edu,Indonesia,Female,Cimaragas,Brainlounge,,IDR
Todd,Lawson,tlawsonlw@blog.com,China,Male,Shuozhou,Youopia,55923.01,CNY
Norma,Myers,nmyerslx@hc360.com,Indonesia,Female,Karangwungu Lor,Demizz,79016.97,IDR
Dennis,Stevens,dstevensly@creativecommons.org,Philippines,Male,Balinad,Bluejam,783.34,PHP
Rebecca,Day,rdaylz@woothemes.com,Indonesia,Female,Jugantang,Twiyo,78031.30,IDR
Bobby,Evans,bevansm0@meetup.com,Ukraine,Male,Voronkov,Skajo,59304.14,UAH
Antonio,Sanchez,asanchezm1@bigcartel.com,Greece,Male,Karpokhórion,Tazz,76433.56,EUR
Willie,Perkins,wperkinsm2@mail.ru,Japan,Male,Sandachō,Gabspot,,JPY
Lori,Knight,lknightm3@reddit.com,Ukraine,Female,Krinichnaya,Linktype,67088.33,UAH
Paul,Jones,pjonesm4@sakura.ne.jp,China,Male,Tangzhuang,Linklinks,39363.80,CNY
Ralph,Cruz,rcruzm5@fc2.com,China,Male,Gulou,Avamm,38382.52,CNY
Nicholas,Hall,nhallm6@ycombinator.com,China,Male,Changtu,Meeveo,84515.90,CNY
Juan,Anderson,jandersonm7@princeton.edu,Japan,Male,Hirosaki,Feedmix,49223.40,JPY
Phyllis,Robinson,probinsonm8@odnoklassniki.ru,United States,Female,Carson City,Tagopia,48711.96,USD
Margaret,Thompson,mthompsonm9@reverbnation.com,Japan,Female,Izumiōtsu,Fivechat,15693.40,JPY
Carolyn,Brooks,cbrooksma@seesaa.net,United States,Female,Pasadena,Avamm,9458.39,USD
Aaron,Hughes,ahughesmb@php.net,France,Male,Longjumeau,Quamba,48583.94,EUR
Richard,Chapman,rchapmanmc@amazon.co.uk,Indonesia,Male,Halat,Photofeed,56965.80,IDR
Marilyn,Green,mgreenmd@earthlink.net,United States,Female,Whittier,Kwilith,59930.51,USD
Anna,Bishop,abishopme@360.cn,China,Female,Jixian,Flipbug,59481.20,CNY
Debra,Green,dgreenmf@moonfruit.com,North Korea,Female,Hongwŏn,Camimbo,,KPW
Judy,Jenkins,jjenkinsmg@tuttocitta.it,Russia,Female,Krasnomayskiy,Devshare,4515.81,RUB
Lawrence,Kelley,lkelleymh@npr.org,Indonesia,Male,Togu,Livetube,66654.07,IDR
Virginia,Garza,vgarzami@booking.com,Serbia,Female,Smederevo,Fatz,66797.00,RSD
Nancy,Howell,nhowellmj@europa.eu,Italy,Female,Messina,Zoomlounge,78363.93,EUR
Michael,Payne,mpaynemk@joomla.org,Portugal,Male,Benavila,Feedbug,,EUR
Timothy,Martin,tmartinml@europa.eu,Russia,Male,Dal’neye Konstantinovo,Tazz,23910.26,RUB
Donald,Hunt,dhuntmm@ezinearticles.com,Portugal,Male,Casal das Figueiras,Photobug,78730.65,EUR
Judith,Armstrong,jarmstrongmn@ocn.ne.jp,Argentina,Female,Villa Santa Rita,Tazz,35444.70,ARS
Roy,Sanders,rsandersmo@oaic.gov.au,Indonesia,Male,Nobinobi,Aivee,5521.00,IDR
Phillip,White,pwhitemp@ebay.com,China,Male,Laocheng,Divavu,56518.34,CNY
Frank,Fisher,ffishermq@ustream.tv,Poland,Male,Święciechowa,Yakidoo,54609.09,PLN
Ronald,Holmes,rholmesmr@oaic.gov.au,China,Male,Aoyang,Kayveo,52398.30,CNY
Pamela,Johnson,pjohnsonms@hao123.com,Sweden,Female,Trelleborg,Kwinu,97996.06,SEK
Joe,Brown,jbrownmt@homestead.com,Indonesia,Male,Karangturi,Kaymbo,38590.87,IDR
Jonathan,Alvarez,jalvarezmu@nyu.edu,China,Male,Pingdu,Topiczoom,79594.22,CNY
Diane,Clark,dclarkmv@reddit.com,Russia,Female,Taremskoye,Aimbo,,RUB
Andrew,Pierce,apiercemw@skyrock.com,Japan,Male,Hamakita,Camimbo,86177.45,JPY
Laura,Bennett,lbennettmx@comcast.net,China,Female,Xiwanzi,Abatz,38698.36,CNY
Kenneth,Hamilton,khamiltonmy@qq.com,Poland,Male,Łeba,Jaloo,62445.60,PLN
Mildred,Matthews,mmatthewsmz@skyrock.com,Papua New Guinea,Female,Kavieng,Babbleset,,PGK
Cynthia,Miller,cmillern0@ted.com,United States,Female,Chandler,Feednation,89444.60,USD
Bruce,Greene,bgreenen1@ucoz.ru,Indonesia,Male,Kotabaru,Voomm,66168.74,IDR
Juan,Torres,jtorresn2@google.ru,China,Male,Gaoxu,Jaxbean,83970.56,CNY
Julie,Chapman,jchapmann3@51.la,Ivory Coast,Female,Béoumi,Fiveclub,36144.18,XOF
Dorothy,Holmes,dholmesn4@cmu.edu,China,Female,Niushou,Tagchat,36187.54,CNY
Jimmy,Fox,jfoxn5@dailymail.co.uk,China,Male,Tantu,Skimia,10918.37,CNY
Antonio,Griffin,agriffinn6@npr.org,Indonesia,Male,Hantara,Katz,70320.19,IDR
Larry,Carpenter,lcarpentern7@engadget.com,Israel,Male,Mazkeret Batya,Quimba,98080.66,ILS
Pamela,Hamilton,phamiltonn8@domainmarket.com,China,Female,Huangyang,Wikizz,5737.51,CNY
Tina,Hayes,thayesn9@hexun.com,China,Female,Huishangang,Edgepulse,48399.59,CNY
Elizabeth,Riley,erileyna@moonfruit.com,Indonesia,Female,Bakunase,Minyx,66047.26,IDR
Adam,Garcia,agarcianb@indiatimes.com,Argentina,Male,Santo Tomé,Skilith,30181.05,ARS
Judith,Harris,jharrisnc@yelp.com,Portugal,Female,Mondim de Basto,Wordtune,81350.49,EUR
Eugene,Woods,ewoodsnd@blogspot.com,Indonesia,Male,Nglengkong,Kimia,76244.52,IDR
Frances,Morris,fmorrisne@yellowpages.com,Sierra Leone,Female,Port Loko,Riffpath,25135.99,SLL
Antonio,Hansen,ahansennf@webnode.com,Nigeria,Male,Magumeri,Muxo,87049.65,NGN
Ann,James,ajamesng@edublogs.org,Philippines,Female,Guiniculalay,Kanoodle,14015.13,PHP
Anthony,Graham,agrahamnh@usatoday.com,China,Male,Beitou,Rhynoodle,61668.94,CNY
Kimberly,Ryan,kryanni@disqus.com,Japan,Female,Ashibetsu,Layo,77226.61,JPY
Sara,Hunt,shuntnj@twitter.com,Russia,Female,Staraya Stanitsa,Skinix,45116.80,RUB
Brenda,Black,bblacknk@csmonitor.com,Angola,Female,Luau,Izio,9862.63,AOA
Laura,Gray,lgraynl@dot.gov,Philippines,Female,Marbel,Minyx,55227.19,PHP
Heather,Robertson,hrobertsonnm@wikipedia.org,Indonesia,Female,Mentaraman Satu,Bluejam,14427.19,IDR
Randy,Martinez,rmartineznn@google.co.uk,Indonesia,Male,Umanggudang,Cogidoo,52182.06,IDR
Stephen,Williamson,swilliamsonno@gnu.org,Thailand,Male,Mueang Phuket,Realbridge,93847.95,THB
Michelle,Freeman,mfreemannp@miitbeian.gov.cn,Indonesia,Female,Radamata,Npath,94702.22,IDR
Lori,Franklin,lfranklinnq@arstechnica.com,Colombia,Female,Villamaría,Tagopia,7814.49,COP
Gregory,Evans,gevansnr@fastcompany.com,South Korea,Male,Gapyeong,Meevee,92470.64,KRW
Christopher,Mccoy,cmccoyns@behance.net,Russia,Male,Volkhovskiy,Thoughtmix,56388.01,RUB
Marilyn,Ryan,mryannt@berkeley.edu,Portugal,Female,Real,Blognation,40865.65,EUR
Sarah,Lane,slanenu@mail.ru,Indonesia,Female,Pagersari,Photospace,,IDR
Diane,Hudson,dhudsonnv@rakuten.co.jp,Philippines,Female,Irirum,Dabtype,29836.05,PHP
Alice,Alexander,aalexandernw@unblog.fr,Japan,Female,Sumoto,Jabberbean,85987.93,JPY
Jeremy,Ray,jraynx@apache.org,Russia,Male,Pavlodol’skaya,Yadel,30697.50,RUB
Henry,Davis,hdavisny@printfriendly.com,Sri Lanka,Male,Peliyagoda,Mydeo,64022.42,LKR
Sharon,Wheeler,swheelernz@hp.com,Philippines,Female,Don Carlos,Realcube,52669.53,PHP
Steve,Foster,sfostero0@imdb.com,Slovenia,Male,Trzin,Jetwire,49472.36,EUR
Pamela,Ferguson,pfergusono1@gov.uk,Brazil,Female,Ribeirão Pires,Jaloo,87446.53,BRL
Jimmy,Olson,jolsono2@topsy.com,Indonesia,Male,Bebandem,Npath,,IDR
Judith,Smith,jsmitho3@slate.com,Portugal,Female,Miraflores,Rhynoodle,60850.97,EUR
Shirley,Hart,sharto4@dmoz.org,Latvia,Female,Vaiņode,Lazzy,63166.19,EUR
Eric,Ryan,eryano5@state.tx.us,Vietnam,Male,Vạn Giã,Pixoboo,47235.09,VND
Earl,Harper,eharpero6@quantcast.com,Georgia,Male,Abastumani,Dazzlesphere,96674.92,GEL
Shawn,Greene,sgreeneo7@nasa.gov,Indonesia,Male,Kademangan,Demimbu,96699.55,IDR
Arthur,Wallace,awallaceo8@va.gov,Azerbaijan,Male,Hacıhüseynli,Centimia,79350.79,AZN
Kenneth,Larson,klarsono9@apple.com,Indonesia,Male,Sindangkerta,Yotz,37662.93,IDR
Bonnie,Clark,bclarkoa@comsenz.com,Serbia,Female,Kulpin,Photospace,49188.27,RSD
Bonnie,Parker,bparkerob@spotify.com,Canada,Female,Fairview,Linkbridge,84487.65,CAD
Richard,Watson,rwatsonoc@google.it,Poland,Male,Glinojeck,Camimbo,39056.89,PLN
Roy,Porter,rporterod@reuters.com,Sweden,Male,Karlskrona,Fadeo,38021.18,SEK
Todd,Hudson,thudsonoe@quantcast.com,China,Male,Xuedian,Browseblab,45843.16,CNY
Wayne,Chapman,wchapmanof@wp.com,Argentina,Male,Castro Barros,Gabtype,58525.58,ARS
Cheryl,Carr,ccarrog@dedecms.com,China,Female,Woken,Twitterlist,36509.99,CNY
George,Knight,gknightoh@hexun.com,Russia,Male,Naushki,InnoZ,75891.17,RUB
Ann,Matthews,amatthewsoi@berkeley.edu,Russia,Female,Polovinnoye,Topiclounge,12970.09,RUB
Janet,Martinez,jmartinezoj@xrea.com,Bulgaria,Female,Rakitovo,Divanoodle,40645.61,BGN
Matthew,Hicks,mhicksok@is.gd,Russia,Male,Troitskiy,Katz,48025.70,RUB
Billy,Sims,bsimsol@auda.org.au,China,Male,Dananshan,Ainyx,22818.24,CNY
Benjamin,Hunter,bhunterom@forbes.com,China,Male,Huangjiabu,Realcube,,CNY
Rose,Baker,rbakeron@un.org,China,Female,Altan Emel,Youspan,64657.69,CNY
Harry,Smith,hsmithoo@arizona.edu,Indonesia,Male,Talangbetutu,Photofeed,61856.68,IDR
Shirley,Olson,solsonop@gravatar.com,Portugal,Female,Mosteiro,Plambee,82752.77,EUR
Alice,Diaz,adiazoq@parallels.com,Bolivia,Female,La Cueva,Kaymbo,68208.28,BOB
Anne,Phillips,aphillipsor@uiuc.edu,Brazil,Female,Paranaíba,Kazio,23207.76,BRL
Matthew,Sims,msimsos@stanford.edu,Philippines,Male,Mainit,Bubblemix,30885.11,PHP
Craig,Stevens,cstevensot@cnet.com,Brazil,Male,Muzambinho,Roomm,40764.87,BRL
Lisa,Henry,lhenryou@tripod.com,Croatia,Female,Galovac,Demizz,,HRK
Alan,Ford,afordov@deliciousdays.com,China,Male,Huangduobu,Roodel,,CNY
Bonnie,Gibson,bgibsonow@google.ca,Indonesia,Female,Asamboka,Jabbercube,32194.64,IDR
Evelyn,Fowler,efowlerox@techcrunch.com,Sweden,Female,Tumba,Ozu,,SEK
Andrew,Gonzales,agonzalesoy@thetimes.co.uk,China,Male,Sanhe,Demivee,12287.83,CNY
Ann,Roberts,arobertsoz@webmd.com,China,Female,Jingshan,Quinu,56597.81,CNY
Russell,Perkins,rperkinsp0@deliciousdays.com,Guatemala,Male,Pueblo Nuevo Viñas,Eazzy,32345.21,GTQ
Michael,Ward,mwardp1@who.int,Vietnam,Male,Ninh Giang,Kimia,86220.73,VND
Nicholas,Barnes,nbarnesp2@moonfruit.com,China,Male,Beiyuan,Zooveo,86864.44,CNY
Howard,Daniels,hdanielsp3@nasa.gov,Russia,Male,Vanino,Meejo,90993.02,RUB
Emily,Fisher,efisherp4@webnode.com,Indonesia,Female,Cikiwul Satu,Flashdog,43229.33,IDR
Bruce,White,bwhitep5@blogger.com,Indonesia,Male,Waingapu,Devpoint,33232.98,IDR
Maria,Hunter,mhunterp6@google.fr,Nigeria,Female,Offa,Divanoodle,21639.02,NGN
Martin,Long,mlongp7@businessinsider.com,Norway,Male,Oslo,Skimia,89674.88,NOK
Michelle,Spencer,mspencerp8@washingtonpost.com,Indonesia,Female,Pedaringan,Kimia,39860.96,IDR
Robin,Watson,rwatsonp9@cyberchimps.com,Indonesia,Female,Dajasongai,Buzzbean,34150.22,IDR
Richard,White,rwhitepa@netvibes.com,Tanzania,Male,Mlimba,Meevee,40135.60,TZS
Patricia,Peters,ppeterspb@goodreads.com,China,Female,Qishui,Rhyzio,15987.48,CNY
Irene,Gordon,igordonpc@pinterest.com,Argentina,Female,Maipú,Realfire,15888.53,ARS
Jeffrey,Thomas,jthomaspd@apache.org,Portugal,Male,Lourido,Gigazoom,47455.45,EUR
Ronald,Tucker,rtuckerpe@theglobeandmail.com,Syria,Male,Duwayr Raslān,Eayo,47466.23,SYP
Margaret,Little,mlittlepf@pagesperso-orange.fr,China,Female,Hanjia,Meembee,81005.87,CNY
Gloria,Ray,graypg@bloglovin.com,Poland,Female,Kamieniec Ząbkowicki,Youopia,93186.15,PLN
Joshua,Hill,jhillph@instagram.com,China,Male,Dongshi,Skyba,27753.86,CNY
Howard,Alvarez,halvarezpi@hud.gov,Russia,Male,Terney,Aimbu,77440.66,RUB
Carl,Lane,clanepj@msu.edu,China,Male,Xinpo,Oyoba,48915.09,CNY
Jonathan,Cunningham,jcunninghampk@livejournal.com,Palestinian Territory,Male,Rūjayb,Yabox,47700.89,ILS
Wayne,Snyder,wsnyderpl@rakuten.co.jp,Philippines,Male,Tabuating,Topicware,2086.63,PHP
Kathy,Lopez,klopezpm@nps.gov,Peru,Female,Coayllo,Riffwire,19943.95,PEN
Jerry,Alexander,jalexanderpn@vk.com,Portugal,Male,Fontaínhas,Thoughtstorm,54354.21,EUR
Debra,Hansen,dhansenpo@telegraph.co.uk,France,Female,Charleville-Mézières,Skivee,94433.34,EUR
Howard,Tucker,htuckerpp@yolasite.com,Japan,Male,Takaoka,Midel,18671.05,JPY
Mary,Bowman,mbowmanpq@walmart.com,Venezuela,Female,Camatagua,Oyoloo,92431.90,VEF
Debra,Ward,dwardpr@bravesites.com,Russia,Female,Kalinovo,Blognation,85552.71,RUB
Fred,Kim,fkimps@techcrunch.com,India,Male,Agraharam,Myworks,93960.40,INR
Gary,Armstrong,garmstrongpt@wired.com,Ireland,Male,Dunmanway,Roomm,,EUR
Raymond,Berry,rberrypu@hugedomains.com,China,Male,Fengyi,Oyoyo,43924.31,CNY
Scott,Lynch,slynchpv@cam.ac.uk,China,Male,Yaotian,Meembee,21670.10,CNY
Nicholas,Nelson,nnelsonpw@vkontakte.ru,Indonesia,Male,Lokatadho,Zazio,22158.41,IDR
Kenneth,Kennedy,kkennedypx@oakley.com,South Africa,Male,Germiston,Jaxspan,76249.14,ZAR
Donald,Meyer,dmeyerpy@japanpost.jp,France,Male,Nantes,Gabtune,9053.08,EUR
Sara,Rose,srosepz@virginia.edu,Philippines,Female,Tumauini,Trudoo,31891.47,PHP
Albert,Collins,acollinsq0@dedecms.com,Finland,Male,Kirkkonummi,Jaxworks,42872.90,EUR
Clarence,Stanley,cstanleyq1@tumblr.com,Nigeria,Male,Yuli,Browsebug,34817.73,NGN
Janet,Miller,jmillerq2@sina.com.cn,China,Female,Lianfa,Livefish,75235.25,CNY
Anthony,Wallace,awallaceq3@census.gov,Belarus,Male,Mosar,Skaboo,,BYR
Theresa,Marshall,tmarshallq4@cloudflare.com,Malta,Female,Balzan,Zoovu,55076.63,EUR
Justin,Reed,jreedq5@guardian.co.uk,Indonesia,Male,Bulangan,Yozio,55518.29,IDR
Randy,Daniels,rdanielsq6@phpbb.com,Bulgaria,Male,Suvorovo,Omba,,BGN
Howard,Ortiz,hortizq7@samsung.com,China,Male,Anyuan,Skajo,97169.96,CNY
Rose,Turner,rturnerq8@abc.net.au,China,Female,Shidu,Voolia,98620.32,CNY
Aaron,Hughes,ahughesq9@go.com,China,Male,Yalukou,Viva,93130.83,CNY
Aaron,Cox,acoxqa@ucsd.edu,Thailand,Male,Non Sila,Dynava,47879.23,THB
Harry,Nichols,hnicholsqb@desdev.cn,South Korea,Male,Moppo,Yozio,,KRW
Annie,Owens,aowensqc@acquirethisname.com,Indonesia,Female,Padas,Gigazoom,38371.90,IDR
Brandon,Johnson,bjohnsonqd@tumblr.com,Portugal,Male,Lentisqueira,Quimba,53587.33,EUR
Jack,Jacobs,jjacobsqe@sourceforge.net,Indonesia,Male,Kedungbulu,Fivespan,52329.21,IDR
Todd,Bradley,tbradleyqf@deviantart.com,Japan,Male,Kawanoechō,Quimba,32891.33,JPY
Karen,Ellis,kellisqg@mapy.cz,Philippines,Female,Balogo,Vitz,94760.22,PHP
Ryan,Flores,rfloresqh@microsoft.com,Portugal,Male,Castedo,Rhyloo,86677.13,EUR
Ann,George,ageorgeqi@list-manage.com,Portugal,Female,Celeirós,Pixope,45303.47,EUR
Julia,Alexander,jalexanderqj@fda.gov,Guyana,Female,Lethem,Teklist,90346.38,GYD
Victor,Green,vgreenqk@huffingtonpost.com,Poland,Male,Rzgów,Roodel,80846.26,PLN
Donna,Peters,dpetersql@facebook.com,Indonesia,Female,Kakaek,Thoughtmix,7333.18,IDR
Michael,Gordon,mgordonqm@addthis.com,Russia,Male,Mullovka,Feedmix,10129.72,RUB
Elizabeth,Reed,ereedqn@disqus.com,Portugal,Female,Cardal,Jayo,6327.05,EUR
Joseph,Shaw,jshawqo@nhs.uk,Philippines,Male,Pangpang,Kare,62454.17,PHP
Frank,Webb,fwebbqp@wikimedia.org,United States,Male,Fargo,Livetube,85314.68,USD
Ashley,Ferguson,afergusonqq@ftc.gov,Belarus,Female,Kalinkavichy,Skibox,58987.76,BYR
Sean,Watson,swatsonqr@ucoz.com,Philippines,Male,Borbon,Viva,714.97,PHP
Heather,Tucker,htuckerqs@fotki.com,China,Female,Jiucaigou,Yabox,82184.29,CNY
Angela,Bell,abellqt@who.int,China,Female,Songying,Dablist,81786.04,CNY
Joyce,Freeman,jfreemanqu@sina.com.cn,Canada,Female,Prévost,Vidoo,6482.80,CAD
Sean,Daniels,sdanielsqv@wunderground.com,United States,Male,Durham,Yodel,97492.78,USD
Debra,Davis,ddavisqw@ftc.gov,Japan,Female,Shiroishi,Skiba,11251.93,JPY
Cheryl,Wright,cwrightqx@technorati.com,China,Female,Gaokan,Twimm,43760.90,CNY
Dennis,Howard,dhowardqy@nba.com,Indonesia,Male,Taposan,Livetube,34839.51,IDR
Ruth,Dixon,rdixonqz@51.la,Portugal,Female,Serra de Água,Yotz,85204.46,EUR
Sandra,Jackson,sjacksonr0@netvibes.com,Sweden,Female,Karlshamn,Avamba,6777.99,SEK
Phillip,Ortiz,portizr1@deviantart.com,Sweden,Male,Göteborg,Rhycero,22145.25,SEK
Susan,Bradley,sbradleyr2@i2i.jp,Colombia,Female,La Ceja,Eamia,80539.78,COP
Paul,Crawford,pcrawfordr3@yolasite.com,China,Male,Hechuan,Jaxspan,75198.98,CNY
Donald,Bowman,dbowmanr4@altervista.org,China,Male,Fulong,Voonyx,60980.96,CNY
Jeffrey,George,jgeorger5@artisteer.com,Peru,Male,Saño,Skyble,83772.75,PEN
Janice,Hart,jhartr6@pagesperso-orange.fr,Russia,Female,Lesnikovo,Flashdog,90001.11,RUB
Brian,Dixon,bdixonr7@nymag.com,Indonesia,Male,Sarimukti Kaler,Topicware,27514.87,IDR
Robert,Fowler,rfowlerr8@studiopress.com,Morocco,Male,Riah,Eidel,91637.95,MAD
Ann,Spencer,aspencerr9@comsenz.com,Japan,Female,Takatsuki,Yadel,80089.96,JPY
Debra,Gordon,dgordonra@deviantart.com,China,Female,Xiayang,Browsecat,7821.78,CNY
Sara,Ferguson,sfergusonrb@macromedia.com,Poland,Female,Barwałd Górny,Zoonder,91957.96,PLN
Christina,Hanson,chansonrc@whitehouse.gov,Russia,Female,Kamenka,Lazzy,38950.21,RUB
Laura,Collins,lcollinsrd@delicious.com,Armenia,Female,Arzakan,Yotz,,AMD
Raymond,Edwards,redwardsre@purevolume.com,Finland,Male,Karvia,Oodoo,42830.29,EUR
Carolyn,Lawrence,clawrencerf@booking.com,United States,Female,Salt Lake City,Tagopia,82241.91,USD
Patricia,Cooper,pcooperrg@vinaora.com,Syria,Female,Qārah,Bubblemix,,SYP
Ernest,Black,eblackrh@photobucket.com,North Korea,Male,Hoeryŏng,Miboo,85443.87,KPW
Joe,Bailey,jbaileyri@wsj.com,France,Male,Mende,Oyope,44292.35,EUR
Katherine,Johnston,kjohnstonrj@seattletimes.com,Tanzania,Female,Kihangara,Thoughtstorm,,TZS
Carl,Frazier,cfrazierrk@tinyurl.com,Indonesia,Male,Sumbersewu,Pixoboo,6960.93,IDR
Earl,Dunn,edunnrl@360.cn,Canada,Male,Thetford-Mines,Linktype,93753.51,CAD
Sarah,Reed,sreedrm@go.com,Portugal,Female,Pinhal Novo,Ozu,,EUR
Lisa,Diaz,ldiazrn@skype.com,Ukraine,Female,Novyy Svit,Dabvine,25789.05,UAH
Keith,Sanders,ksandersro@kickstarter.com,Tunisia,Male,La Mohammedia,Wikibox,8742.04,TND
Jennifer,Young,jyoungrp@huffingtonpost.com,Sweden,Female,Mölndal,Feedmix,63609.03,SEK
Phyllis,Marshall,pmarshallrq@icq.com,Mexico,Female,San Agustin,Skynoodle,86103.01,MXN
Nancy,Allen,nallenrr@sbwire.com,Nigeria,Female,Bomadi,Teklist,13306.05,NGN
