Peter,Oliver,poliver0@prnewswire.com,Japan,Male,Tennō,Yotz,96967.98,JPY
Frank,Hunter,fhunter1@dot.gov,Philippines,Male,Cabusao,Livepath,62869.62,PHP
Roy,Johnston,rjohnston2@nytimes.com,United States,Male,Tacoma,Jabberbean,79299.58,USD
Diane,Gardner,dgardner3@disqus.com,Thailand,Female,Ratchathewi,Podcat,,THB
Raymond,Brown,rbrown4@photobucket.com,Russia,Male,Rozhdestveno,Yotz,39461.84,RUB
Laura,Ryan,lryan5@people.com.cn,China,Female,Xinwu,Jazzy,9194.64,CNY
Christopher,Lynch,clynch6@unesco.org,Japan,Male,Shingū,Browsedrive,56543.36,JPY
Brandon,Ross,bross7@amazonaws.com,Indonesia,Male,Nungga,Divape,47019.06,IDR
Stephen,Henry,shenry8@shinystat.com,Chad,Male,Moundou,Shuffletag,92139.26,XAF
Laura,Bennett,lbennett9@lycos.com,China,Female,Qingshu,Fivebridge,48715.05,CNY
Gregory,Reynolds,greynoldsa@list-manage.com,Indonesia,Male,Bombu,Skinte,92278.29,IDR
Virginia,Gardner,vgardnerb@google.it,China,Female,Xilin Hot,Mita,,CNY
Alan,Perez,aperezc@hhs.gov,Indonesia,Male,Pugeran,Shuffletag,16597.48,IDR
Marie,Wright,mwrightd@huffingtonpost.com,Netherlands,Female,Utrecht (stad),Thoughtblab,71725.22,EUR
Kenneth,Perkins,kperkinse@cisco.com,Brazil,Male,Livramento do Brumado,Meedoo,29477.14,BRL
Shirley,Brooks,sbrooksf@phoca.cz,Brazil,Female,Carmo do Paranaíba,Dynabox,74361.31,BRL
Douglas,Berry,dberryg@dell.com,Russia,Male,Balakhninskiy,Twitterbeat,94510.55,RUB
Donna,Hill,dhillh@google.nl,China,Female,Zhongchuan,Realbridge,87964.09,CNY
Michelle,Wells,mwellsi@reference.com,Portugal,Female,Fontinha,Linktype,3798.96,EUR
Todd,Ramos,tramosj@vk.com,Russia,Male,Leninsk,Dynava,62926.01,RUB
Brandon,Garrett,bgarrettk@oracle.com,Afghanistan,Male,Qal‘ah-ye Fārsī,Jaxworks,63947.08,AFN
Jacqueline,Shaw,jshawl@homestead.com,China,Female,Zhongxinqiao,Thoughtbridge,34043.08,CNY
Nicholas,Chavez,nchavezm@i2i.jp,Canada,Male,Beausejour,Zoovu,43420.94,CAD
Angela,Ross,arossn@time.com,Sweden,Female,Västra Frölunda,Aivee,48461.68,SEK
Nancy,Mills,nmillso@sun.com,Indonesia,Female,Merapit,Viva,3381.70,IDR
Paula,Henderson,phendersonp@samsung.com,Azerbaijan,Female,Xudat,Yata,,AZN
Kathy,Gardner,kgardnerq@google.it,China,Female,Tailing,Quinu,76605.54,CNY
Brenda,Morgan,bmorganr@woothemes.com,Bulgaria,Female,Gabrovo,Miboo,9087.08,BGN
Laura,Murray,lmurrays@newsvine.com,Iran,Female,Omīdcheh,Gabtype,19967.06,IRR
Lillian,Perkins,lperkinst@tinyurl.com,China,Female,Laozhuang,Fadeo,26311.72,CNY
Randy,Sanders,rsandersu@intel.com,Panama,Male,Dolega District,Feedmix,65458.19,PAB
Juan,Perez,jperezv@comsenz.com,Mexico,Male,La Aurora,Cogilith,96813.28,MXN
Kimberly,Lopez,klopezw@cnbc.com,Brazil,Female,Londrina,Quatz,75304.07,BRL
Anna,Mason,amasonx@wsj.com,Russia,Female,Roshchino,Yabox,35372.46,RUB
Bruce,Morgan,bmorgany@deviantart.com,Indonesia,Male,Sindangsari,Shufflebeat,,IDR
Brandon,Thomas,bthomasz@lulu.com,Japan,Male,Kobe,Gabtype,99091.69,JPY
Arthur,Hernandez,ahernandez10@imdb.com,Brazil,Male,Cascavel,Devshare,98363.05,BRL
Steven,Kim,skim11@weibo.com,Sweden,Male,Vilhelmina,Oyoba,54291.55,SEK
Charles,Brown,cbrown12@mysql.com,Poland,Male,Potęgowo,Zoozzy,469.43,PLN
Dennis,Perkins,dperkins13@mayoclinic.com,Philippines,Male,Buruanga,Skippad,28377.80,PHP
Donald,Barnes,dbarnes14@yale.edu,Russia,Male,Bykov,Divape,11013.94,RUB
Joshua,Carr,jcarr15@wufoo.com,Russia,Male,Kukushtan,Rhybox,71105.49,RUB
Stephanie,Thompson,sthompson16@github.com,Indonesia,Female,Kubangwaru,Rhynoodle,3129.31,IDR
Samuel,Willis,swillis17@pcworld.com,Russia,Male,Novonukutskiy,Gevee,42711.70,RUB
Walter,Rivera,wrivera18@nymag.com,Bangladesh,Male,Bhola,Jabberstorm,21974.38,BDT
Jerry,Kelly,jkelly19@google.it,Portugal,Male,Cabriz,Abatz,70667.01,EUR
Julia,Williams,jwilliams1a@cbc.ca,Canada,Female,Altona,Buzzster,6087.08,CAD
Howard,Hanson,hhanson1b@g.co,Pakistan,Male,Khāngāh Dogrān,Rhyzio,87314.44,PKR
Jeffrey,Campbell,jcampbell1c@tiny.cc,Indonesia,Male,Sidaurip,Topiczoom,86817.55,IDR
Shirley,Hernandez,shernandez1d@w3.org,Brazil,Female,Peabiru,Twimm,,BRL
Russell,Wagner,rwagner1e@usatoday.com,Brazil,Male,Biguaçu,Zoombeat,87071.37,BRL
Bobby,Dunn,bdunn1f@blogtalkradio.com,Japan,Male,Koga,Mynte,12169.11,JPY
Joan,Kelley,jkelley1g@cloudflare.com,Lithuania,Female,Varėna,Bubbletube,30663.34,LTL
Kelly,Carter,kcarter1h@networksolutions.com,Myanmar,Female,Myingyan,Dabfeed,43539.62,MMK
Sarah,Barnes,sbarnes1i@amazon.co.jp,China,Female,Huichang,Lazz,65567.55,CNY
Amanda,Williams,awilliams1j@usa.gov,China,Female,Nanhe,Kayveo,13105.58,CNY
Eugene,Martinez,emartinez1k@instagram.com,Peru,Male,Acobamba,Janyx,96563.81,PEN
Anthony,Gardner,agardner1l@booking.com,Philippines,Male,Pontevedra,Flashset,76690.34,PHP
Fred,Fowler,ffowler1m@multiply.com,Syria,Male,Aţ Ţawāḩīn,Divanoodle,,SYP
Rose,Morris,rmorris1n@cam.ac.uk,Sweden,Female,Sundsvall,Gigashots,243.11,SEK
Deborah,Burton,dburton1o@plala.or.jp,Malaysia,Female,Kuala Lumpur,Thoughtstorm,13487.44,MYR
Jennifer,Robertson,jrobertson1p@baidu.com,Kazakhstan,Female,Ekibastuz,Eidel,36182.90,KZT
James,Little,jlittle1q@yale.edu,China,Male,Dayushu,Zava,5270.31,CNY
Martha,Fowler,mfowler1r@wikimedia.org,Ivory Coast,Female,Adiaké,Zoonder,,XOF
Stephanie,Turner,sturner1s@flickr.com,China,Female,Yebaishou,Edgeclub,90825.17,CNY
Christine,Simpson,csimpson1t@google.co.uk,Ukraine,Female,Vyzhnytsya,Eare,68816.36,UAH
Christina,Gibson,cgibson1u@youku.com,Brazil,Female,Augusto Corrêa,Rhycero,30333.07,BRL
Philip,Brooks,pbrooks1v@webeden.co.uk,Canada,Male,Jonquière,Meeveo,47716.47,CAD
Anne,Peterson,apeterson1w@fc2.com,Poland,Female,Pruszcz Gdański,Zoonder,83402.19,PLN
Kenneth,Smith,ksmith1x@census.gov,Sweden,Male,Göteborg,Twitterwire,,SEK
Peter,Watkins,pwatkins1y@mashable.com,France,Male,Amiens,Quimm,57131.41,EUR
Kevin,Cox,kcox1z@yahoo.com,Sweden,Male,Ludvika,Edgetag,7942.75,SEK
Robin,Greene,rgreene20@ted.com,Belarus,Female,Hotsk,Dabfeed,43985.50,BYR
Charles,Woods,cwoods21@thetimes.co.uk,Jordan,Male,Ar Ramthā,Dabtype,87313.42,JOD
Justin,Ward,jward22@answers.com,China,Male,Longgang,Teklist,16189.85,CNY
Terry,Lynch,tlynch23@examiner.com,Thailand,Male,Si That,Fivebridge,76815.63,THB
Dorothy,Carpenter,dcarpenter24@geocities.jp,Poland,Female,Żychlin,Topicblab,49047.43,PLN
Deborah,Cruz,dcruz25@amazon.co.uk,Portugal,Female,Ermidas do Sado,Livefish,91719.27,EUR
Ann,Romero,aromero26@1und1.de,Argentina,Female,Lobos,Zoonoodle,46671.07,ARS
Frances,Holmes,fholmes27@yelp.com,China,Female,Zhongshan,Twitterbeat,32124.46,CNY
Thomas,Hall,thall28@soundcloud.com,Panama,Male,Dolega District,Flipopia,4387.38,PAB
Cheryl,Richardson,crichardson29@reference.com,Slovenia,Female,Šentjur,Vinte,40778.84,EUR
Charles,Hayes,chayes2a@stanford.edu,Russia,Male,Kipen’,Kanoodle,96615.85,RUB
Anne,Foster,afoster2b@nymag.com,China,Female,Lanhe,Oloo,73952.13,CNY
Diana,Larson,dlarson2c@tiny.cc,Russia,Female,Chaplygin,Jabbersphere,31068.70,RUB
Lawrence,Hayes,lhayes2d@google.ru,Serbia,Male,Tršić,Kare,75788.78,RSD
Marilyn,Lewis,mlewis2e@census.gov,Serbia,Female,Negotin,Youspan,11907.20,RSD
Lois,Elliott,lelliott2f@shop-pro.jp,Peru,Female,Sucre,Buzzbean,67018.96,PEN
David,Wood,dwood2g@marketwatch.com,Indonesia,Male,Sebuku,Blogtags,6042.21,IDR
Victor,Bowman,vbowman2h@ucla.edu,Indonesia,Male,Loga,Roombo,,IDR
Kelly,Armstrong,karmstrong2i@google.it,China,Female,Miaoxi,Youbridge,68211.30,CNY
Scott,Nguyen,snguyen2j@geocities.jp,Indonesia,Male,Getung,Pixope,91005.93,IDR
Mark,Marshall,mmarshall2k@parallels.com,Philippines,Male,Bansalan,Flashpoint,,PHP
Tammy,Fox,tfox2l@businessweek.com,Russia,Female,Kurchatov,Photofeed,57128.61,RUB
Matthew,Harrison,mharrison2m@uiuc.edu,Indonesia,Male,Bumirejo,Miboo,46699.85,IDR
Jose,Hansen,jhansen2n@illinois.edu,China,Male,Gangnan,Blognation,98918.42,CNY
Walter,Bennett,wbennett2o@newyorker.com,Uruguay,Male,Quebracho,Layo,,UYU
James,Henry,jhenry2p@photobucket.com,Czech Republic,Male,Liběšice,Tagchat,92660.29,CZK
Ruby,Allen,rallen2q@cafepress.com,Philippines,Female,Tampocon,Tagchat,,PHP
Mary,Gardner,mgardner2r@who.int,Sri Lanka,Female,Badulla,Jaxspan,60754.37,LKR
Timothy,Perez,tperez2s@google.co.uk,China,Male,Jinbo,Plambee,46793.84,CNY
Diane,Harper,dharper2t@technorati.com,Luxembourg,Female,Bergem,Fatz,62418.17,EUR
Kathy,Martinez,kmartinez2u@dailymail.co.uk,Philippines,Female,Sagana,Miboo,207.54,PHP
Susan,Foster,sfoster2v@cafepress.com,China,Female,Dazhangzhuang,Fatz,54072.32,CNY
Paula,Gilbert,pgilbert2w@tripod.com,Brazil,Female,Euclides da Cunha,Avamba,93218.02,BRL
Roy,Gomez,rgomez2x@ow.ly,Japan,Male,Tokushima-shi,Eazzy,59285.11,JPY
Antonio,Watkins,awatkins2y@pcworld.com,Colombia,Male,El Retorno,Realbridge,93549.03,COP
Edward,Ramos,eramos2z@spiegel.de,Indonesia,Male,Kertosari,Pixonyx,46945.40,IDR
Nancy,Nguyen,nnguyen30@wordpress.org,Malaysia,Female,Putrajaya,Ainyx,7545.82,MYR
Samuel,Hamilton,shamilton31@slideshare.net,China,Male,Fenchen,Dabshots,37990.41,CNY
Cheryl,Ryan,cryan32@dropbox.com,Argentina,Female,Río Grande,Tazz,73010.59,ARS
Beverly,Young,byoung33@bizjournals.com,Kazakhstan,Female,Shemonaīkha,Realbridge,85463.96,KZT
Mary,Long,mlong34@squarespace.com,Indonesia,Female,Bojongsari,Voomm,18556.69,IDR
Matthew,Daniels,mdaniels35@harvard.edu,Sweden,Male,Kungälv,Topicshots,70654.92,SEK
Nancy,Cruz,ncruz36@myspace.com,Peru,Female,Sayán,Feedspan,6820.80,PEN
Patricia,Martinez,pmartinez37@angelfire.com,China,Female,Bei’an,Vitz,27140.37,CNY
Katherine,James,kjames38@deviantart.com,Indonesia,Female,Banjarmasin,Trupe,29103.55,IDR
Ryan,Perry,rperry39@foxnews.com,Portugal,Male,Castelo,Vinder,20313.46,EUR
Melissa,Garcia,mgarcia3a@diigo.com,Ireland,Female,Arklow,Gevee,97643.48,EUR
Aaron,Hamilton,ahamilton3b@paypal.com,China,Male,Mi’ersi,Thoughtstorm,86049.92,CNY
Kathleen,Robertson,krobertson3c@virginia.edu,Philippines,Female,Aanislag,Divanoodle,89982.65,PHP
Dennis,Lane,dlane3d@pbs.org,China,Male,Tangwang,Jetwire,23185.57,CNY
Sean,Gutierrez,sgutierrez3e@scribd.com,Canada,Male,Lévis,Meejo,84885.94,CAD
Carlos,Sanders,csanders3f@elpais.com,Albania,Male,Fier-Çifçi,Yakidoo,72215.54,ALL
Lori,Hicks,lhicks3g@artisteer.com,Pakistan,Female,Karachi,Mudo,93089.82,PKR
Denise,Parker,dparker3h@chron.com,Bangladesh,Female,Dinājpur,Mudo,33781.15,BDT
Ashley,Alexander,aalexander3i@nymag.com,China,Female,Chuoyuan,Tagfeed,76466.71,CNY
Steve,Flores,sflores3j@nps.gov,Indonesia,Male,Ciputih,Einti,62635.48,IDR
Norma,Harvey,nharvey3k@yahoo.co.jp,South Africa,Female,Mooirivier,Browsezoom,12446.13,ZAR
Margaret,Graham,mgraham3l@livejournal.com,China,Female,Wenshao,Centimia,2578.78,CNY
Paula,Watkins,pwatkins3m@techcrunch.com,Bahamas,Female,West End,Omba,52455.87,BSD
Dennis,Griffin,dgriffin3n@apple.com,Niger,Male,Maïné Soroa,Devify,,XOF
Joan,Hudson,jhudson3o@sina.com.cn,Ecuador,Female,Loja,Mydo,80078.22,USD
Peter,Baker,pbaker3p@answers.com,Indonesia,Male,Ketapang,Voonix,12159.31,IDR
Dorothy,Brooks,dbrooks3q@nasa.gov,Sri Lanka,Female,Talawakele,Twimbo,72051.41,LKR
Rebecca,Frazier,rfrazier3r@typepad.com,China,Female,Shuiyang,Cogibox,41191.63,CNY
Diana,Lynch,dlynch3s@harvard.edu,China,Female,Huangliang,Tambee,27592.16,CNY
Walter,Brooks,wbrooks3t@constantcontact.com,Kazakhstan,Male,Merke,Katz,11232.33,KZT
Linda,Andrews,landrews3u@prweb.com,Indonesia,Female,Pakuwon,Devpoint,54081.24,IDR
David,Stone,dstone3v@google.cn,China,Male,Luokeng,Babbleset,59636.74,CNY
David,Peterson,dpeterson3w@php.net,Ghana,Male,Mpraeso,Realmix,36327.53,GHS
Martin,Washington,mwashington3x@plala.or.jp,Indonesia,Male,Sukoanyar,Zava,,IDR
Mildred,Campbell,mcampbell3y@mac.com,Philippines,Female,Pilar,LiveZ,44453.03,PHP
Annie,Murray,amurray3z@walmart.com,China,Female,Yege,Dynabox,26783.85,CNY
Stephanie,Williamson,swilliamson40@nasa.gov,Mongolia,Female,Bayanhoshuu,Edgewire,,MNT
Charles,Fisher,cfisher41@amazonaws.com,Ukraine,Male,Rozivka,Avamba,60724.94,UAH
Russell,Wood,rwood42@dell.com,Zambia,Male,Nyimba,Abata,67684.47,ZMW
Paula,Hicks,phicks43@diigo.com,Indonesia,Female,Ciklapa,Vidoo,18375.37,IDR
Mary,Henderson,mhenderson44@nydailynews.com,Sweden,Female,Fristad,Yotz,88604.46,SEK
Nancy,Parker,nparker45@blinklist.com,Thailand,Female,Ko Pha Ngan,Tagtune,98630.36,THB
Gary,Webb,gwebb46@washingtonpost.com,Netherlands,Male,Rosmalen,Gabtune,4953.28,EUR
Matthew,Ryan,mryan47@thetimes.co.uk,Nicaragua,Male,Tola,Skyvu,57213.01,NIO
Dennis,Lawrence,dlawrence48@answers.com,Ukraine,Male,Bile,Rooxo,22668.06,UAH
Patrick,Dean,pdean49@sitemeter.com,Bosnia and Herzegovina,Male,Vidoši,Npath,71408.55,BAM
Judy,Morrison,jmorrison4a@nbcnews.com,Portugal,Female,Erada,Avamba,68371.17,EUR
Louis,Bennett,lbennett4b@tmall.com,Russia,Male,Bryansk,Centizu,66398.15,RUB
Gloria,Morgan,gmorgan4c@arstechnica.com,Kenya,Female,Malindi,Meevee,60246.78,KES
Anthony,Myers,amyers4d@princeton.edu,Israel,Male,Savyon,Kare,84126.68,ILS
Gloria,Mason,gmason4e@ft.com,Indonesia,Female,Tangkanpulit,Vidoo,42641.37,IDR
Terry,Cooper,tcooper4f@princeton.edu,Slovenia,Male,Slovenska Bistrica,Jabbersphere,84587.11,EUR
Timothy,Spencer,tspencer4g@usda.gov,Poland,Male,Puńsk,Dabtype,98482.94,PLN
Paul,Wagner,pwagner4h@posterous.com,China,Male,Daban,Chatterbridge,19812.94,CNY
Samuel,Thomas,sthomas4i@biglobe.ne.jp,Barbados,Male,Speightstown,Oyoloo,58654.84,BBD
Rachel,Ross,rross4j@home.pl,China,Female,Chengxi,Meevee,51981.54,CNY
Clarence,Freeman,cfreeman4k@bandcamp.com,Ukraine,Male,Nikopol’,Devcast,,UAH
David,Kim,dkim4l@zdnet.com,China,Male,Taoyuan,Cogidoo,56603.02,CNY
Stephanie,Riley,sriley4m@ihg.com,Peru,Female,Yunguyo,Trudoo,34746.73,PEN
Jesse,Payne,jpayne4n@princeton.edu,Germany,Male,Köln,Zoombox,61967.46,EUR
Craig,Holmes,cholmes4o@google.it,China,Male,Zhuyang,Gevee,57361.51,CNY
Denise,Green,dgreen4p@timesonline.co.uk,Peru,Female,Cotahuasi,Voonte,85920.63,PEN
Elizabeth,Matthews,ematthews4q@issuu.com,Netherlands,Female,Leeuwarden,Eabox,44980.30,EUR
Kelly,Wallace,kwallace4r@booking.com,Germany,Female,Stuttgart,Meeveo,78061.93,EUR
Maria,Clark,mclark4s@ebay.co.uk,Colombia,Female,Colosó,Ntags,21194.61,COP
Karen,Vasquez,kvasquez4t@squarespace.com,Indonesia,Female,Bojonggaling,Skibox,3119.71,IDR
Jose,Lee,jlee4u@sohu.com,Indonesia,Male,Koba,Devify,58444.48,IDR
Doris,Smith,dsmith4v@xinhuanet.com,Poland,Female,Przeworsk,Camido,40322.57,PLN
Karen,Miller,kmiller4w@hibu.com,Russia,Female,Yekaterinovka,Jazzy,37463.94,RUB
Patrick,Carter,pcarter4x@skype.com,Indonesia,Male,Pecatu,Abata,24798.21,IDR
Julie,Watkins,jwatkins4y@devhub.com,Laos,Female,Bolikhan,Meemm,92621.31,LAK
Catherine,Schmidt,cschmidt4z@nymag.com,Philippines,Female,Basista,Shufflester,52569.96,PHP
Patricia,Alexander,palexander50@answers.com,China,Female,Huqiu,Yakitri,26115.35,CNY
Juan,Holmes,jholmes51@sphinn.com,Jamaica,Male,Sandy Bay,Voonix,88122.21,JMD
Johnny,Hansen,jhansen52@ifeng.com,South Korea,Male,Kwangju,Viva,43112.04,KRW
Karen,Bailey,kbailey53@statcounter.com,France,Female,Paris 07,Tanoodle,71409.37,EUR
Louis,Greene,lgreene54@theglobeandmail.com,France,Male,Paris 14,Twinder,33758.43,EUR
Helen,Henry,hhenry55@xrea.com,Thailand,Female,Samut Songkhram,Centimia,95434.54,THB
Judith,Cruz,jcruz56@cisco.com,Thailand,Female,Bang Mun Nak,Zoombox,80958.63,THB
Robert,Rice,rrice57@hostgator.com,Kyrgyzstan,Male,Karakol,Quaxo,44685.26,KGS
Tina,Bailey,tbailey58@cdbaby.com,Indonesia,Female,Pining,Zoombeat,96471.99,IDR
Steve,Patterson,spatterson59@xing.com,Canada,Male,Miramichi,Topicshots,30900.92,CAD
Ronald,Russell,rrussell5a@wsj.com,Kyrgyzstan,Male,At-Bashi,Tagopia,36873.19,KGS
Karen,Morales,kmorales5b@dell.com,Colombia,Female,Aipe,Roombo,6859.42,COP
Jose,Harris,jharris5c@cbslocal.com,China,Male,Yongping,Zazio,47153.81,CNY
Marie,Evans,mevans5d@smh.com.au,Cambodia,Female,Kampot,Aimbo,57286.56,KHR
Andrea,Cole,acole5e@a8.net,China,Female,Chifeng,Abatz,38013.75,CNY
Shawn,George,sgeorge5f@amazonaws.com,Philippines,Male,Placer,Dablist,23290.63,PHP
Donna,Mason,dmason5g@ed.gov,Indonesia,Female,Tanjungbahagia,Brightbean,77217.30,IDR
Arthur,Spencer,aspencer5h@google.com.br,Syria,Male,Kafr Baţnā,Jabberbean,68494.86,SYP
Evelyn,Morgan,emorgan5i@mysql.com,Poland,Female,Czarnowąsy,Wordify,32914.73,PLN
Katherine,Welch,kwelch5j@dyndns.org,Philippines,Female,San Mariano,Fadeo,67252.21,PHP
Carolyn,Fisher,cfisher5k@prweb.com,Peru,Female,Lampa,Rhyzio,,PEN
Nicole,Myers,nmyers5l@squidoo.com,United States,Female,Lubbock,Cogidoo,71701.97,USD
Elizabeth,Cooper,ecooper5m@kickstarter.com,China,Female,Wangcheng,Innotype,8238.08,CNY
Mildred,Howard,mhoward5n@virginia.edu,Indonesia,Female,Loa Janan,Mynte,13480.07,IDR
Tina,Snyder,tsnyder5o@studiopress.com,Bolivia,Female,Pocpo,Gabtype,4478.04,BOB
Angela,Elliott,aelliott5p@cornell.edu,Poland,Female,Skrzyszów,Kwideo,35448.13,PLN
Sharon,Hamilton,shamilton5q@51.la,Indonesia,Female,Duwakbuter,Abatz,38266.85,IDR
Ann,Carr,acarr5r@ocn.ne.jp,United States,Female,Albuquerque,Skinte,,USD
Deborah,Armstrong,darmstrong5s@theguardian.com,Russia,Female,Peski,Realmix,834.11,RUB
Antonio,Lopez,alopez5t@nba.com,Indonesia,Male,Guyangan,Snaptags,27655.09,IDR
Clarence,Hayes,chayes5u@ihg.com,China,Male,Zhongcun,Photobug,79114.15,CNY
Teresa,Burton,tburton5v@berkeley.edu,Argentina,Female,Jesús María,Midel,52521.08,ARS
Denise,Hayes,dhayes5w@cnn.com,China,Female,Ningzhong,Zoomcast,20909.74,CNY
Michelle,Reyes,mreyes5x@gmpg.org,China,Female,Dianzi,Mynte,36776.70,CNY
Jason,Banks,jbanks5y@noaa.gov,France,Male,Nanterre,Thoughtmix,90234.46,EUR
Susan,Schmidt,sschmidt5z@cdbaby.com,Lithuania,Female,Žiežmariai,Kanoodle,15646.54,LTL
Jeremy,Wheeler,jwheeler60@jalbum.net,China,Male,Dushu,Jatri,36409.77,CNY
Margaret,Frazier,mfrazier61@etsy.com,China,Female,Yisuhe,Centizu,76678.53,CNY
Tammy,Johnson,tjohnson62@simplemachines.org,Poland,Female,Częstochowa,Oloo,66354.66,PLN
Christopher,Edwards,cedwards63@mlb.com,Mongolia,Male,Shireet,Flashdog,,MNT
Lillian,Murphy,lmurphy64@soundcloud.com,Indonesia,Female,Krajan Caluk,Leenti,15253.69,IDR
Joyce,Payne,jpayne65@constantcontact.com,Portugal,Female,Penhascoso,Zoombeat,3303.45,EUR
Dennis,Weaver,dweaver66@indiegogo.com,China,Male,Karmai,Twitterbridge,27231.04,CNY
Brian,Pierce,bpierce67@netlog.com,Czech Republic,Male,Zlaté Hory,Photojam,95393.83,CZK
Judy,Mccoy,jmccoy68@google.nl,Indonesia,Female,Krajan,Eidel,50518.63,IDR
Tina,Moore,tmoore69@goo.ne.jp,Russia,Female,Kenzhe,Zoombox,77947.65,RUB
Lori,Garcia,lgarcia6a@dell.com,Sweden,Female,Sölvesborg,Kayveo,54477.20,SEK
Roy,Wallace,rwallace6b@csmonitor.com,China,Male,Fangbu,Eabox,82434.44,CNY
Jerry,Baker,jbaker6c@ftc.gov,China,Male,Guanchi,Zooveo,,CNY
Billy,Elliott,belliott6d@cyberchimps.com,Russia,Male,Galyugayevskaya,Kwimbee,63146.15,RUB
Jennifer,Shaw,jshaw6e@topsy.com,Vietnam,Female,Trâu Quỳ,Digitube,92042.46,VND
Wanda,Brown,wbrown6f@hatena.ne.jp,Croatia,Female,Krasica,Realcube,,HRK
Teresa,Crawford,tcrawford6g@seattletimes.com,Vietnam,Female,Nhà Bàng,Kwimbee,69585.00,VND
Jean,Matthews,jmatthews6h@lulu.com,Bolivia,Female,Santa Rosa del Sara,Yodo,2369.10,BOB
Rose,Flores,rflores6i@twitter.com,Croatia,Female,Raša,Minyx,40377.46,HRK
Patrick,Hart,phart6j@engadget.com,China,Male,Baini,Bluezoom,77872.71,CNY
Norma,Stanley,nstanley6k@google.de,Netherlands,Female,Zeewolde,Latz,57914.04,EUR
Johnny,Schmidt,jschmidt6l@smh.com.au,China,Male,Huohua,Rhybox,90565.42,CNY
Jose,Hill,jhill6m@smh.com.au,Latvia,Male,Pļaviņas,Linklinks,41378.86,EUR
Scott,Mendoza,smendoza6n@ustream.tv,Venezuela,Male,Baruta,Quaxo,71669.72,VEF
Jane,Ward,jward6o@umich.edu,Russia,Female,Dzerzhinskiy,Dabtype,95181.50,RUB
Jerry,Thomas,jthomas6p@washington.edu,China,Male,Tongyu,Quinu,60361.62,CNY
Susan,Rose,srose6q@comcast.net,Lithuania,Female,Seda,Photobean,6283.93,LTL
Johnny,Wagner,jwagner6r@ameblo.jp,Poland,Male,Wielichowo,Kayveo,69146.83,PLN
Keith,Young,kyoung6s@buzzfeed.com,French Guiana,Male,Cayenne,Twitterlist,12357.69,EUR
Jeffrey,Burke,jburke6t@wufoo.com,Portugal,Male,Taveiro,Aimbo,81570.89,EUR
Michelle,Kelley,mkelley6u@examiner.com,Macedonia,Female,Srbinovo,Blogpad,15182.40,MKD
Julia,Rodriguez,jrodriguez6v@tripod.com,China,Female,Shiyu,Quire,57770.61,CNY
Diana,Lee,dlee6w@tumblr.com,Brazil,Female,Tupanciretã,Meejo,,BRL
Carolyn,Robinson,crobinson6x@guardian.co.uk,Saudi Arabia,Female,Tanūmah,Edgewire,66245.96,SAR
Jack,Ramos,jramos6y@webs.com,Sri Lanka,Male,Kandana,Livetube,15251.16,LKR
Stephen,Edwards,sedwards6z@hexun.com,Honduras,Male,Gracias,Divavu,96938.14,HNL
Paul,Griffin,pgriffin70@privacy.gov.au,Russia,Male,Zhirnovsk,Trunyx,59561.01,RUB
Alice,Alvarez,aalvarez71@earthlink.net,China,Female,Wanxian,Twinder,,CNY
Matthew,Burns,mburns72@virginia.edu,China,Male,Ganjiachang,Yodoo,66219.04,CNY
Stephen,Little,slittle73@purevolume.com,Russia,Male,Kultayevo,Thoughtsphere,91669.09,RUB
Steve,Nguyen,snguyen74@people.com.cn,China,Male,Jinbo,Skipstorm,50908.23,CNY
Bobby,Price,bprice75@ihg.com,Russia,Male,Kalino,Brainbox,59257.92,RUB
Larry,Fisher,lfisher76@dion.ne.jp,Poland,Male,Połajewo,Devify,75979.46,PLN
Stephanie,Bradley,sbradley77@ft.com,Philippines,Female,Pata,Shuffletag,,PHP
Jonathan,Carter,jcarter78@microsoft.com,China,Male,Hetou,Youbridge,62537.19,CNY
Johnny,Greene,jgreene79@house.gov,Peru,Male,El Ingenio,Gabspot,92357.34,PEN
Janet,Mccoy,jmccoy7a@huffingtonpost.com,South Africa,Female,Mount Frere,Dynava,88388.05,ZAR
Douglas,Diaz,ddiaz7b@homestead.com,China,Male,Laozhuang,Viva,17086.81,CNY
Jonathan,Barnes,jbarnes7c@addtoany.com,Honduras,Male,Salamá,Miboo,5469.90,HNL
Bruce,Watkins,bwatkins7d@dion.ne.jp,China,Male,Cairima,Brightdog,66205.88,CNY
Sara,Gibson,sgibson7e@sakura.ne.jp,Brazil,Female,Jaú,Eabox,51965.00,BRL
Johnny,Stewart,jstewart7f@4shared.com,Hungary,Male,Miskolc,Twitterlist,74476.44,HUF
Henry,Jones,hjones7g@time.com,Sweden,Male,Västerås,Abatz,11232.75,SEK
Tammy,Montgomery,tmontgomery7h@hatena.ne.jp,China,Female,Magaozhuang,Feedfire,12044.94,CNY
George,Pierce,gpierce7i@boston.com,Portugal,Male,Carnaxide,Jabbersphere,,EUR
Alan,Taylor,ataylor7j@microsoft.com,China,Male,Guanyang,Rhyloo,77925.93,CNY
Stephanie,Long,slong7k@smh.com.au,China,Female,Bingfang,Eidel,69821.53,CNY
Alan,Roberts,aroberts7l@mysql.com,Indonesia,Male,Tekik Wetan,Jaxspan,88075.03,IDR
Heather,Watkins,hwatkins7m@umich.edu,Belarus,Female,Kobryn,Quinu,,BYR
Joyce,Moore,jmoore7n@imdb.com,Canada,Female,Pierreville,Realfire,84777.98,CAD
Douglas,Harvey,dharvey7o@mysql.com,Pakistan,Male,Khānpur,Yakidoo,1058.72,PKR
Carolyn,Rogers,crogers7p@wordpress.org,Portugal,Female,Azueira,Jatri,32962.46,EUR
Jennifer,Wallace,jwallace7q@pcworld.com,Russia,Female,Syktyvkar,Kwimbee,71874.56,RUB
Jack,Murphy,jmurphy7r@theguardian.com,Honduras,Male,La Libertad,Aimbo,52842.90,HNL
Earl,Ford,eford7s@ovh.net,China,Male,Chixi,Realblab,16207.62,CNY
Laura,Rogers,lrogers7t@usa.gov,Portugal,Female,Carvalhal,Plambee,13640.79,EUR
Samuel,Patterson,spatterson7u@ask.com,Malta,Male,Kerċem,Voonte,86645.43,EUR
Barbara,Matthews,bmatthews7v@paginegialle.it,Indonesia,Female,Kawengan,Zoonoodle,8117.21,IDR
Virginia,Mcdonald,vmcdonald7w@redcross.org,Portugal,Female,Castedo,Tagcat,41591.08,EUR
Gregory,Elliott,gelliott7x@nyu.edu,Canada,Male,South River,Linkbuzz,6626.22,CAD
Angela,Thomas,athomas7y@ehow.com,Indonesia,Female,Banjaranyar,Zazio,96974.16,IDR
Jimmy,Price,jprice7z@google.com.br,Indonesia,Male,Plereyan,Youspan,7392.70,IDR
Steven,Shaw,sshaw80@hexun.com,Thailand,Male,Wang Sombun,Gabvine,96216.32,THB
Wanda,Shaw,wshaw81@usnews.com,Indonesia,Female,Ngurenrejo,Meevee,8147.42,IDR
Craig,Jacobs,cjacobs82@narod.ru,France,Male,Niort,Avamm,40056.97,EUR
Cheryl,Burton,cburton83@stumbleupon.com,China,Female,Nyima,Skajo,88947.07,CNY
Randy,Payne,rpayne84@slashdot.org,China,Male,Taiping,Camido,1832.28,CNY
Amy,Garrett,agarrett85@upenn.edu,France,Female,Saint-Quentin-en-Yvelines,Voomm,,EUR
Brenda,Lynch,blynch86@domainmarket.com,Indonesia,Female,Ngadri,Voonte,66555.85,IDR
Walter,Hayes,whayes87@domainmarket.com,Tanzania,Male,Kisarawe,Yadel,21576.26,TZS
Deborah,Richardson,drichardson88@behance.net,China,Female,Xinchengpu,Wikizz,51979.37,CNY
Judy,Little,jlittle89@eepurl.com,China,Female,Yuankeng,Oba,94215.82,CNY
Rachel,Fernandez,rfernandez8a@feedburner.com,Sri Lanka,Female,Moratuwa,Browsedrive,49340.85,LKR
Mark,Holmes,mholmes8b@youtu.be,Russia,Male,Kotlovka,Meevee,50419.26,RUB
Robert,Robinson,rrobinson8c@uiuc.edu,United States,Male,Charlotte,Yodoo,,USD
Roger,Mendoza,rmendoza8d@t-online.de,Indonesia,Male,Bradag,Tazzy,95664.38,IDR
Andrea,Mitchell,amitchell8e@live.com,Colombia,Female,Caparrapí,Realfire,77210.39,COP
Margaret,Young,myoung8f@house.gov,Philippines,Female,Naga,Mynte,11880.45,PHP
Norma,Dixon,ndixon8g@feedburner.com,Guatemala,Female,Santa Apolonia,Eazzy,22536.91,GTQ
Brandon,Hughes,bhughes8h@discuz.net,Yemen,Male,Sayḩūt,Tagcat,19381.33,YER
Mary,Payne,mpayne8i@prlog.org,Ukraine,Female,Storozhynets’,Quimba,438.61,UAH
Christine,Howard,choward8j@ca.gov,Mauritius,Female,Amaury,Ainyx,20599.30,MUR
Amanda,Jones,ajones8k@devhub.com,North Korea,Female,Nanam,Zoonder,30589.18,KPW
Lillian,Morales,lmorales8l@flickr.com,Venezuela,Female,Casigua El Cubo,Eabox,93478.36,VEF
Phyllis,Ferguson,pferguson8m@123-reg.co.uk,Portugal,Female,Chaves,Twitterbeat,,EUR
Kathy,Martinez,kmartinez8n@house.gov,Brazil,Female,Santa Quitéria do Maranhão,Topicware,94649.36,BRL
Kenneth,Gonzalez,kgonzalez8o@tamu.edu,China,Male,Fanzhuang,Shuffletag,83172.29,CNY
Sara,Wheeler,swheeler8p@elegantthemes.com,Egypt,Female,Shibīn al Kawm,Mita,42559.36,EGP
Philip,Bowman,pbowman8q@hugedomains.com,Turkmenistan,Male,Gazanjyk,Dabjam,67709.45,TMT
Aaron,Reid,areid8r@forbes.com,Indonesia,Male,Kawangu,Rhyzio,16326.20,IDR
Henry,Fields,hfields8s@addthis.com,Mexico,Male,Miguel Aleman,Skyndu,8687.21,MXN
Peter,Burke,pburke8t@npr.org,Poland,Male,Zaleszany,Jabbersphere,1333.73,PLN
Joe,Ramirez,jramirez8u@xinhuanet.com,China,Male,Taoxi,Mynte,47870.45,CNY
Adam,Morgan,amorgan8v@engadget.com,Vietnam,Male,Hà Tiên,Skinte,38607.96,VND
Theresa,Lopez,tlopez8w@usa.gov,Iran,Female,Aleshtar,Wordtune,12476.24,IRR
Victor,Henderson,vhenderson8x@acquirethisname.com,Armenia,Male,Arevik,Plajo,2159.65,AMD
Cheryl,Foster,cfoster8y@tripadvisor.com,Lithuania,Female,Mastaiciai,Mudo,46297.03,LTL
Julia,Olson,jolson8z@theatlantic.com,Czech Republic,Female,Louny,Quaxo,43584.34,CZK
Mark,Stanley,mstanley90@people.com.cn,Spain,Male,Ceuta,Linkbridge,2375.07,EUR
Julie,Walker,jwalker91@twitter.com,Luxembourg,Female,Pétange,Centizu,74856.08,EUR
Kelly,Peters,kpeters92@economist.com,Sweden,Female,Skoghall,Mynte,46799.27,SEK
Shirley,Reyes,sreyes93@printfriendly.com,Indonesia,Female,Panggungsari,Ozu,93317.55,IDR
Virginia,Boyd,vboyd94@flickr.com,China,Female,Dasongshu,Yadel,6820.55,CNY
Melissa,Jones,mjones95@canalblog.com,Haiti,Female,Roche-à-Bateau,Tagpad,79246.34,HTG
Gerald,Gutierrez,ggutierrez96@sina.com.cn,Russia,Male,Karpinsk,Photospace,60853.19,RUB
Donald,Collins,dcollins97@timesonline.co.uk,China,Male,Beihuaidian,Tagfeed,,CNY
Sandra,Rivera,srivera98@biblegateway.com,Indonesia,Female,Sadabumi,Brainlounge,68431.98,IDR
Judy,Berry,jberry99@netvibes.com,Bolivia,Female,Vallegrande,Zoomdog,,BOB
Raymond,Bailey,rbailey9a@prlog.org,Belgium,Male,Charleroi,Zoombox,6304.09,EUR
Raymond,Ferguson,rferguson9b@fotki.com,Ireland,Male,Swinford,Kwilith,91701.57,EUR
Ashley,Moreno,amoreno9c@a8.net,France,Female,Épinal,Aibox,54215.42,EUR
Tammy,Nichols,tnichols9d@studiopress.com,Peru,Female,Yanacancha,Zoomlounge,31006.41,PEN
Heather,Baker,hbaker9e@reference.com,Germany,Female,Erfurt,Photobug,41789.55,EUR
Ann,Burke,aburke9f@tamu.edu,Mauritius,Female,Centre de Flacq,Zooxo,78928.66,MUR
Walter,Romero,wromero9g@wufoo.com,Bulgaria,Male,Samokov,Leexo,34870.72,BGN
Sharon,Green,sgreen9h@ucsd.edu,Russia,Female,Navashino,Realbuzz,35183.53,RUB
Debra,Cook,dcook9i@flavors.me,Kazakhstan,Female,Shemonaīkha,Photobean,64102.96,KZT
Wayne,Freeman,wfreeman9j@yandex.ru,Kazakhstan,Male,Temirtau,Brainlounge,,KZT
Ralph,Mason,rmason9k@dagondesign.com,Ireland,Male,Cloyne,Meezzy,55958.68,EUR
Jessica,Rose,jrose9l@ucla.edu,China,Female,Shuangqiaoping,Centimia,,CNY
Virginia,Tucker,vtucker9m@instagram.com,France,Female,La Chapelle-sur-Erdre,Abata,,EUR
Anna,Chapman,achapman9n@gravatar.com,China,Female,Xiabuji,Vimbo,80274.28,CNY
Terry,Lawson,tlawson9o@shutterfly.com,Portugal,Male,Nelas,Youspan,91295.13,EUR
Heather,Cook,hcook9p@joomla.org,Bulgaria,Female,Suvorovo,Oodoo,20052.59,BGN
Steven,Rose,srose9q@google.es,Russia,Male,Lyaskelya,Devbug,2645.72,RUB
Gloria,Thomas,gthomas9r@biglobe.ne.jp,Zimbabwe,Female,Chivhu,Buzzster,69336.06,ZWL
Carlos,Chapman,cchapman9s@ask.com,Nigeria,Male,Funtua,Pixope,20902.27,NGN
Anna,Garcia,agarcia9t@de.vu,Bulgaria,Female,Dobrich,Lajo,75855.37,BGN
Donald,Hill,dhill9u@pen.io,Brazil,Male,Patos,Leenti,28977.13,BRL
Sara,Wagner,swagner9v@vinaora.com,Myanmar,Female,Pyapon,Chatterpoint,65452.66,MMK
Juan,Robertson,jrobertson9w@oaic.gov.au,Philippines,Male,Pindangan Centro,BlogXS,78997.41,PHP
Keith,Ruiz,kruiz9x@printfriendly.com,Afghanistan,Male,Chisht-e Sharīf,Rhynoodle,36733.02,AFN
Jacqueline,Dean,jdean9y@smh.com.au,Philippines,Female,Danao,Riffwire,31329.66,PHP
Frank,Burns,fburns9z@parallels.com,Liberia,Male,Zwedru,Linktype,47396.33,LRD
Kenneth,Myers,kmyersa0@adobe.com,Russia,Male,Prokhladnyy,Jabberstorm,14644.40,RUB
Sharon,Hunter,shuntera1@prnewswire.com,Egypt,Female,Al Qanāyāt,Avavee,48392.68,EGP
Bonnie,Frazier,bfraziera2@imdb.com,Yemen,Female,Ad Dīs ash Sharqīyah,Skipfire,,YER
Martha,Garza,mgarzaa3@si.edu,China,Female,Shanghu,Trilia,40080.12,CNY
Dorothy,Rogers,drogersa4@cargocollective.com,United States,Female,Santa Rosa,Feedfish,,USD
Shawn,Hansen,shansena5@arizona.edu,Tanzania,Male,Kahama,Twinte,48894.19,TZS
Willie,Brown,wbrowna6@home.pl,Syria,Male,Al Fākhūrah,Tekfly,34800.24,SYP
Patrick,Bailey,pbaileya7@jigsy.com,Pakistan,Male,Islāmkot,Midel,94772.58,PKR
Julia,Wheeler,jwheelera8@tinyurl.com,Russia,Female,Sigayevo,Thoughtstorm,15081.68,RUB
Wayne,Collins,wcollinsa9@wsj.com,Brazil,Male,Paraisópolis,Gabvine,72662.07,BRL
Amanda,Williamson,awilliamsonaa@blogs.com,Tanzania,Female,Kibondo,Twinte,35347.54,TZS
Sara,Stevens,sstevensab@biglobe.ne.jp,Malaysia,Female,Kota Kinabalu,Roombo,91664.32,MYR
Antonio,Thomas,athomasac@scientificamerican.com,Indonesia,Male,Negararatu,Eabox,50435.91,IDR
Anthony,Davis,adavisad@comcast.net,France,Male,Marseille,Skiptube,60540.62,EUR
Theresa,Cole,tcoleae@sphinn.com,Yemen,Female,As Suwaydā,Teklist,58472.03,YER
Jeremy,Henderson,jhendersonaf@slashdot.org,Indonesia,Male,Maliang,Meevee,16064.99,IDR
Donald,Perkins,dperkinsag@nih.gov,Russia,Male,Usman’,Zoombox,6434.14,RUB
Kathryn,Sims,ksimsah@phpbb.com,Dominican Republic,Female,Duvergé,Fivechat,44293.12,DOP
Keith,Riley,krileyai@ifeng.com,Guatemala,Male,San Juan Ixcoy,Midel,22977.97,GTQ
Irene,Hughes,ihughesaj@jiathis.com,China,Female,Honghe,Skibox,,CNY
William,Knight,wknightak@netscape.com,Czech Republic,Male,Záhorovice,Edgeblab,37.49,CZK
Jean,Crawford,jcrawfordal@wordpress.com,China,Female,Honggang,Ainyx,41462.81,CNY
Helen,Webb,hwebbam@zdnet.com,Poland,Female,Jaworze,Yakidoo,12955.66,PLN
Evelyn,Cruz,ecruzan@cdc.gov,Russia,Female,Peremyshl’,Aimbo,20165.81,RUB
Adam,Coleman,acolemanao@nbcnews.com,Indonesia,Male,Jembangan,Yakitri,64832.04,IDR
Ann,Payne,apayneap@tuttocitta.it,Nepal,Female,Khāndbāri,Chatterbridge,67935.26,NPR
Jerry,Little,jlittleaq@feedburner.com,Palestinian Territory,Male,Karney Shomron,Dynabox,25510.03,ILS
Matthew,Howell,mhowellar@soundcloud.com,Indonesia,Male,Triteh,Twiyo,13393.87,IDR
Susan,Medina,smedinaas@cloudflare.com,France,Female,Saint-Étienne,Yombu,39844.71,EUR
Jane,Mccoy,jmccoyat@apple.com,China,Female,Qilin,Aivee,45975.80,CNY
Joe,Williamson,jwilliamsonau@feedburner.com,Portugal,Male,Maia,Demizz,72793.53,EUR
Nancy,White,nwhiteav@vinaora.com,Portugal,Female,Agrela,Brainsphere,89958.17,EUR
Harry,Ramirez,hramirezaw@nytimes.com,Sweden,Male,Åkersberga,Flipbug,86532.88,SEK
Teresa,Ortiz,tortizax@fc2.com,Portugal,Female,Quintão,Skivee,26114.03,EUR
Peter,Boyd,pboyday@dot.gov,Chile,Male,Santiago,Riffpedia,6846.96,CLP
James,Snyder,jsnyderaz@gnu.org,Indonesia,Male,Karangbenda,Jabbertype,42013.11,IDR
Debra,Morgan,dmorganb0@army.mil,China,Female,Jihui,Divavu,44753.26,CNY
Elizabeth,Henderson,ehendersonb1@unc.edu,Indonesia,Female,Pekijing,Avaveo,43369.00,IDR
Paula,Rogers,progersb2@europa.eu,Philippines,Female,Atok,Jazzy,89473.52,PHP
Nicole,Ford,nfordb3@cbsnews.com,Mexico,Female,Lazaro Cardenas,Realbuzz,36275.89,MXN
Sharon,Graham,sgrahamb4@amazon.com,China,Female,Fengzhou,Chatterbridge,43429.13,CNY
Alan,Kennedy,akennedyb5@qq.com,Russia,Male,Komsomolets,Twinder,95575.47,RUB
Beverly,Hicks,bhicksb6@java.com,China,Female,Gusong,Skyble,3480.62,CNY
William,Phillips,wphillipsb7@dailymotion.com,Botswana,Male,Selebi-Phikwe,Blogpad,76721.17,BWP
Virginia,Rogers,vrogersb8@smugmug.com,South Africa,Female,Mount Frere,Jatri,,ZAR
Michael,Diaz,mdiazb9@about.com,Croatia,Male,Vojnić,Edgeclub,75478.05,HRK
Juan,Owens,jowensba@amazon.de,Tanzania,Male,Igunga,Twitterlist,15491.59,TZS
Sharon,Meyer,smeyerbb@infoseek.co.jp,Philippines,Female,Santiago,Npath,,PHP
Michael,Gibson,mgibsonbc@japanpost.jp,Finland,Male,Äänekoski,Voolia,16770.04,EUR
Robin,Taylor,rtaylorbd@npr.org,China,Female,Lian,Youspan,55560.30,CNY
Ryan,Oliver,roliverbe@people.com.cn,China,Male,Dongshangguan,Aibox,26954.57,CNY
Jacqueline,Snyder,jsnyderbf@dailymail.co.uk,Zambia,Female,Kalengwa,Jazzy,77851.14,ZMW
Paula,Riley,prileybg@foxnews.com,Brazil,Female,Santa Cruz,Twitterwire,93349.08,BRL
Gloria,Powell,gpowellbh@shareasale.com,Russia,Female,Sterlitamak,Flashspan,47375.73,RUB
Russell,Bowman,rbowmanbi@prweb.com,Russia,Male,Manturovo,Camimbo,,RUB
Anthony,Bell,abellbj@mit.edu,Indonesia,Male,Pasar,Shuffledrive,36830.09,IDR
Lois,Larson,llarsonbk@issuu.com,China,Female,Xuanzhou,Gigaclub,44500.73,CNY
Anne,Young,ayoungbl@xinhuanet.com,Russia,Female,Galyugayevskaya,Feedfire,35786.02,RUB
Kelly,Little,klittlebm@nba.com,China,Female,Ningchegu,Feedmix,98621.63,CNY
Bonnie,Sims,bsimsbn@bbb.org,Indonesia,Female,Gajah,Thoughtbridge,3666.23,IDR
Ann,Ramos,aramosbo@networkadvertising.org,Honduras,Female,Potrerillos,Yoveo,77540.62,HNL
Annie,Ward,awardbp@hugedomains.com,Canada,Female,Thorold,Kare,,CAD
John,Gray,jgraybq@technorati.com,Thailand,Male,Nan,Realfire,70823.95,THB
Lisa,Wells,lwellsbr@google.ca,Serbia,Female,Kumane,Zooxo,19444.29,RSD
Lawrence,Frazier,lfrazierbs@about.me,Poland,Male,Pawłosiów,Izio,78039.58,PLN
Charles,Sims,csimsbt@intel.com,Uzbekistan,Male,Jomboy,Oyoyo,76693.89,UZS
Christina,Reynolds,creynoldsbu@wp.com,Afghanistan,Female,Faīẕābād,Devpoint,71532.46,AFN
Lawrence,Wells,lwellsbv@unblog.fr,Indonesia,Male,Pora,Flipstorm,8916.46,IDR
Edward,Parker,eparkerbw@ihg.com,Indonesia,Male,Pantaihambawang,Yodel,37891.22,IDR
Anthony,Cruz,acruzbx@utexas.edu,Poland,Male,Rędziny,Edgeblab,36368.48,PLN
Jerry,Ross,jrossby@reverbnation.com,Brazil,Male,Iporá,Thoughtbeat,73474.07,BRL
Kelly,Brooks,kbrooksbz@t-online.de,United States,Female,Clearwater,Brightbean,67844.40,USD
Steven,Patterson,spattersonc0@wordpress.com,Peru,Male,Zaña,Mymm,,PEN
Lori,Hamilton,lhamiltonc1@army.mil,Sweden,Female,Kil,Wikizz,18041.49,SEK
Russell,Stevens,rstevensc2@google.cn,Greece,Male,Féres,Katz,70645.15,EUR
Katherine,Price,kpricec3@cornell.edu,Macedonia,Female,Kičevo,Pixonyx,90144.85,MKD
Peter,Palmer,ppalmerc4@wsj.com,Finland,Male,Nagu,Meembee,7871.84,EUR
Fred,Bennett,fbennettc5@fema.gov,Bulgaria,Male,Kilifarevo,Kaymbo,6241.66,BGN
Angela,Morales,amoralesc6@icq.com,Peru,Female,Olleros,Shuffledrive,,PEN
Norma,Gray,ngrayc7@cnn.com,Colombia,Female,Pupiales,Topicstorm,60886.45,COP
Ronald,Carr,rcarrc8@devhub.com,Serbia,Male,Joševa,Zoonder,25322.20,RSD
Johnny,Lewis,jlewisc9@oracle.com,Syria,Male,Al Buţayḩah,Quimm,20518.39,SYP
Kathy,Butler,kbutlerca@cbsnews.com,China,Female,Xintian,Tagchat,22784.13,CNY
Evelyn,Garza,egarzacb@istockphoto.com,Portugal,Female,Seara,JumpXS,21961.59,EUR
Shirley,Alexander,salexandercc@discuz.net,France,Female,Issy-les-Moulineaux,Mita,31706.11,EUR
William,Edwards,wedwardscd@bbb.org,Thailand,Male,Wang Yang,Zava,2146.87,THB
Stephen,Collins,scollinsce@e-recht24.de,Canada,Male,Weyburn,Roombo,55441.30,CAD
Nicholas,Ramirez,nramirezcf@live.com,Uzbekistan,Male,Namangan Shahri,Gabtype,27148.38,UZS
George,Ryan,gryancg@163.com,Argentina,Male,Unión,Ntag,50731.52,ARS
Alice,Vasquez,avasquezch@weibo.com,France,Female,Royan,Zooxo,55312.52,EUR
Betty,Daniels,bdanielsci@51.la,Brazil,Female,Itamaraju,Rhynyx,81288.83,BRL
Debra,Moore,dmoorecj@csmonitor.com,Panama,Female,Mulatupo,Eazzy,99492.89,PAB
Wanda,Cook,wcookck@bloglines.com,France,Female,Tours,Yacero,69733.52,EUR
Rachel,Owens,rowenscl@ftc.gov,Indonesia,Female,Margasari,Skimia,19798.29,IDR
Gerald,Martinez,gmartinezcm@blinklist.com,Costa Rica,Male,Guadalupe,Flashdog,27306.60,CRC
Joshua,Powell,jpowellcn@delicious.com,Brazil,Male,Porto Alegre,Voonte,,BRL
Brandon,Stone,bstoneco@techcrunch.com,Ukraine,Male,Dashev,Oyoloo,1667.72,UAH
Frances,Austin,faustincp@networkadvertising.org,Chile,Female,Los Ángeles,Babbleblab,2170.12,CLP
Harry,Harris,hharriscq@scientificamerican.com,South Sudan,Male,Bor,Twitterbridge,15726.13,SSP
Henry,Matthews,hmatthewscr@nationalgeographic.com,Pakistan,Male,Haveli,Meetz,55846.45,PKR
Gerald,Bishop,gbishopcs@cornell.edu,Canada,Male,Lunenburg,Fiveclub,,CAD
Charles,Crawford,ccrawfordct@mapquest.com,Indonesia,Male,Bajingmeduro,Pixoboo,21532.32,IDR
Juan,Boyd,jboydcu@aol.com,Indonesia,Male,Lukrejo,Photobug,12135.63,IDR
Doris,Gilbert,dgilbertcv@samsung.com,Ukraine,Female,Kozyatyn,Oyoyo,65291.36,UAH
Shirley,Flores,sflorescw@cmu.edu,Indonesia,Female,Pamakayo,Flashset,,IDR
Norma,Ryan,nryancx@bbb.org,Ukraine,Female,Partenit,Topicblab,40470.30,UAH
Bonnie,Ferguson,bfergusoncy@washington.edu,New Zealand,Female,Gore,Gigazoom,15234.71,NZD
Judy,Mills,jmillscz@answers.com,Indonesia,Female,Tayu,Rhynyx,38642.29,IDR
Catherine,Johnson,cjohnsond0@youku.com,China,Female,Tongqian,Einti,49741.56,CNY
Judith,Gonzales,jgonzalesd1@macromedia.com,China,Female,Jiuhua,Zoozzy,17866.77,CNY
Jesse,Burns,jburnsd2@thetimes.co.uk,Sudan,Male,Kināna,Devcast,29770.17,SDG
Linda,Gonzales,lgonzalesd3@ow.ly,Indonesia,Female,Ungaran,Skyvu,15528.60,IDR
William,Alvarez,walvarezd4@nydailynews.com,United States,Male,Huntsville,Tagchat,39276.50,USD
Mary,Fox,mfoxd5@csmonitor.com,China,Female,Jincun,Skajo,84971.97,CNY
Bonnie,Hawkins,bhawkinsd6@bluehost.com,China,Female,Sancha,Divanoodle,34253.98,CNY
Brenda,Burns,bburnsd7@wikipedia.org,Cuba,Female,Guanabacoa,Agimba,34187.47,CUP
Brian,Carroll,bcarrolld8@fema.gov,Japan,Male,Yamaga,Divanoodle,61585.22,JPY
Carolyn,Bowman,cbowmand9@hostgator.com,China,Female,Xingang,Einti,60760.86,CNY
Joshua,Anderson,jandersonda@psu.edu,Russia,Male,Charyshskoye,Roombo,32731.84,RUB
Willie,Morrison,wmorrisondb@narod.ru,South Africa,Male,Victoria West,Jabbercube,24917.03,ZAR
Lori,Gardner,lgardnerdc@cbc.ca,Indonesia,Female,Sungaigerong,Quimba,28099.67,IDR
Albert,Moore,amooredd@bbb.org,China,Male,Songgang,Edgeclub,21829.73,CNY
Justin,Burton,jburtonde@msn.com,France,Male,Amboise,Ntag,49263.31,EUR
Beverly,Black,bblackdf@a8.net,China,Female,Taihua,Twimbo,13484.32,CNY
Lawrence,Wagner,lwagnerdg@ihg.com,Belarus,Male,Konstantinovo,Trilith,6836.76,BYR
Patricia,Gilbert,pgilbertdh@thetimes.co.uk,North Korea,Female,Yŏnan-ŭp,Livetube,66045.83,KPW
Timothy,Banks,tbanksdi@apache.org,Mongolia,Male,Altay sumu,Riffpath,97604.79,MNT
Irene,Freeman,ifreemandj@livejournal.com,Indonesia,Female,Karengan,Agivu,81495.62,IDR
Betty,Smith,bsmithdk@house.gov,Philippines,Female,Guyam Malaki,Avamm,1764.11,PHP
Victor,Bradley,vbradleydl@earthlink.net,Portugal,Male,Oliveira,Thoughtbeat,54041.22,EUR
Rose,Duncan,rduncandm@usatoday.com,China,Female,Jinnan,Aimbo,11959.35,CNY
Ashley,Carpenter,acarpenterdn@wisc.edu,Afghanistan,Female,Mūsá Qal‘ah,Zoomzone,93252.63,AFN
Gregory,Long,glongdo@unicef.org,Poland,Male,Końskowola,Trunyx,92721.52,PLN
Theresa,Miller,tmillerdp@hibu.com,United States,Female,Louisville,Gabcube,59016.62,USD
Kimberly,Simmons,ksimmonsdq@addtoany.com,United States,Female,Hagerstown,Kwilith,64360.13,USD
Kathy,Edwards,kedwardsdr@fema.gov,Mexico,Female,Bellavista,Linkbuzz,55494.18,MXN
Catherine,Washington,cwashingtonds@devhub.com,China,Female,Changchi,Feedspan,9828.55,CNY
Janice,Johnston,jjohnstondt@nba.com,China,Female,Tiannan,Skyba,91699.92,CNY
Carol,Banks,cbanksdu@state.tx.us,China,Female,Qingliu,Zava,83877.40,CNY
Marilyn,Brooks,mbrooksdv@dion.ne.jp,Western Sahara,Female,Smara,Meezzy,39346.39,MAD
Richard,Parker,rparkerdw@dot.gov,Colombia,Male,Socorro,Skinix,33604.87,COP
Nicholas,Armstrong,narmstrongdx@e-recht24.de,Jamaica,Male,Bull Savanna,Realblab,69435.24,JMD
Joseph,Henry,jhenrydy@scientificamerican.com,Zimbabwe,Male,Mvuma,Innojam,8479.10,ZWL
Kathryn,Stephens,kstephensdz@soundcloud.com,China,Female,Kaiyun,Einti,75472.72,CNY
Robert,Howard,rhowarde0@opera.com,Iran,Male,Īz̄eh,Skibox,85361.11,IRR
Mildred,Boyd,mboyde1@uiuc.edu,Indonesia,Female,Konga,Chatterbridge,84501.14,IDR
Roy,Hanson,rhansone2@mediafire.com,Slovenia,Male,Cerklje na Gorenjskem,Mybuzz,69097.76,EUR
Anna,Barnes,abarnese3@who.int,China,Female,Huadian,Eabox,44750.18,CNY
Dorothy,Bishop,dbishope4@squarespace.com,Macedonia,Female,Srbinovo,Eire,99102.88,MKD
Jacqueline,Wallace,jwallacee5@bbb.org,Uganda,Female,Kapchorwa,Plambee,50812.62,UGX
Ruby,Ruiz,rruize6@clickbank.net,Ethiopia,Female,Hāgere Hiywet,Photobug,77410.45,ETB
Roy,Rice,rricee7@virginia.edu,Thailand,Male,Tha Bo,Brainverse,,THB
Robin,Ward,rwarde8@ebay.com,China,Female,Jincheng,Bubbletube,12153.87,CNY
Edward,Ross,erosse9@constantcontact.com,United States,Male,Savannah,Geba,9939.70,USD
Beverly,Cunningham,bcunninghamea@cdbaby.com,Indonesia,Female,Prupuh,Devpoint,,IDR
Bruce,Thompson,bthompsoneb@slideshare.net,Russia,Male,Strezhevoy,Quimm,21358.52,RUB
Carol,Burke,cburkeec@bloomberg.com,Sweden,Female,Onsala,Twinder,81959.01,SEK
Sandra,Hicks,shicksed@hp.com,Madagascar,Female,Miandrarivo,Skinix,44460.93,MGA
Rose,Anderson,randersonee@jugem.jp,New Zealand,Female,Wiri,Browsedrive,65239.02,NZD
Samuel,Rogers,srogersef@google.de,China,Male,Yancheng,Plajo,54364.91,CNY
Adam,Hughes,ahugheseg@cdc.gov,China,Male,Yanliang,Jabbercube,94365.95,CNY
Rebecca,Ray,rrayeh@npr.org,Morocco,Female,Telouet,Agimba,97488.88,MAD
Barbara,Jacobs,bjacobsei@wordpress.org,Belarus,Female,Vitebsk,Photobean,44963.98,BYR
Albert,Simmons,asimmonsej@tumblr.com,China,Male,Jingmen,Devify,11115.66,CNY
Samuel,Baker,sbakerek@alibaba.com,China,Male,Yujia’ao,Tagtune,32745.53,CNY
Wanda,Anderson,wandersonel@wisc.edu,Argentina,Female,Cerrillos,Linklinks,58629.81,ARS
Matthew,Evans,mevansem@soundcloud.com,Russia,Male,Yutsa,Jabberbean,,RUB
Carl,Black,cblacken@com.com,Colombia,Male,Buenaventura,Photobug,23225.79,COP
Jessica,Nichols,jnicholseo@yandex.ru,Mexico,Female,Emiliano Zapata,Demizz,66336.98,MXN
Ruby,Ryan,rryanep@rambler.ru,Ireland,Female,Templeogue,Browsetype,51633.16,EUR
Rachel,Hansen,rhanseneq@blinklist.com,France,Female,Grenoble,Zoombox,,EUR
Jeremy,Perry,jperryer@ovh.net,Poland,Male,Lubichowo,Oyoyo,22188.35,PLN
Jesse,Hill,jhilles@g.co,China,Male,Xin’an,Photojam,16188.71,CNY
Donna,Hunter,dhunteret@behance.net,Jamaica,Female,Richmond,Dabvine,58966.17,JMD
Peter,Reid,preideu@alexa.com,Ukraine,Male,Rozhniv,Livefish,24005.54,UAH
Richard,Lee,rleeev@lycos.com,China,Male,Luowan,Layo,62936.92,CNY
Kathy,Peters,kpetersew@plala.or.jp,Afghanistan,Female,Ghazni,Vinte,74398.27,AFN
Shirley,Russell,srussellex@msu.edu,Czech Republic,Female,Vysehrad,Katz,27470.70,CZK
Judith,Dean,jdeaney@icq.com,Portugal,Female,Cential,Quinu,24401.00,EUR
Bonnie,Payne,bpayneez@addtoany.com,Albania,Female,Bulqizë,Chatterbridge,94202.19,ALL
Mildred,Murphy,mmurphyf0@jiathis.com,Brazil,Female,Osasco,Thoughtblab,63192.39,BRL
Aaron,Coleman,acolemanf1@odnoklassniki.ru,Ukraine,Male,Rozvadov,Fliptune,,UAH
Jennifer,Roberts,jrobertsf2@ft.com,Equatorial Guinea,Female,Nsok,Devpulse,36087.63,XAF
Larry,Wright,lwrightf3@prlog.org,Japan,Male,Hiroshima-shi,Yozio,16597.20,JPY
Lori,Russell,lrussellf4@google.it,Czech Republic,Female,Poříčany,Kazio,19201.64,CZK
Cheryl,Sanchez,csanchezf5@tiny.cc,Czech Republic,Female,Pražmo,Ailane,19328.31,CZK
Stephanie,Greene,sgreenef6@free.fr,Ireland,Female,Youghal,Youspan,,EUR
Angela,Crawford,acrawfordf7@google.com.hk,Canada,Female,Sainte-Anne-des-Monts,Youfeed,1727.45,CAD
David,Moreno,dmorenof8@xing.com,China,Male,Darong,Tagcat,57586.06,CNY
Jennifer,Boyd,jboydf9@mediafire.com,Kazakhstan,Female,Ilyich,Topiczoom,13027.53,KZT
Martha,Morgan,mmorganfa@hubpages.com,Latvia,Female,Jaunpils,Wordpedia,36260.45,EUR
Jean,Miller,jmillerfb@census.gov,Norway,Female,Kristiansand S,Yotz,76431.43,NOK
Jack,Wells,jwellsfc@taobao.com,Ukraine,Male,Volovets,Zoonoodle,17328.04,UAH
Ryan,Morrison,rmorrisonfd@tumblr.com,Sweden,Male,Gråbo,Thoughtmix,95231.20,SEK
Beverly,Green,bgreenfe@cnbc.com,Philippines,Female,Teresa,Plajo,30795.03,PHP
Patricia,Duncan,pduncanff@adobe.com,Denmark,Female,Frederiksberg,Tagtune,81317.03,DKK
Diane,Chapman,dchapmanfg@surveymonkey.com,France,Female,Orly aérogare,Tagtune,84160.23,EUR
Michael,Reyes,mreyesfh@about.com,China,Male,Huacheng,Quatz,35438.47,CNY
Anna,Parker,aparkerfi@nba.com,Indonesia,Female,Atawutung,Jayo,46323.09,IDR
Barbara,Little,blittlefj@woothemes.com,Ethiopia,Female,Shakīso,Tagfeed,1350.31,ETB
Diana,Moore,dmoorefk@google.ca,Philippines,Female,Danao,Trudoo,3383.07,PHP
Timothy,Simmons,tsimmonsfl@thetimes.co.uk,China,Male,Chanhe,Livepath,58372.74,CNY
Marie,Peterson,mpetersonfm@mashable.com,Argentina,Female,Río Ceballos,Wikizz,71430.35,ARS
Ann,Bennett,abennettfn@timesonline.co.uk,China,Female,Jinzhou,InnoZ,34800.67,CNY
Marie,Cunningham,mcunninghamfo@independent.co.uk,China,Female,Dalongdong,Eimbee,49488.38,CNY
Jimmy,Murray,jmurrayfp@cloudflare.com,Sweden,Male,Kristianstad,Flashspan,14156.13,SEK
Frances,Baker,fbakerfq@ibm.com,Philippines,Female,Santa Lucia,Yambee,35007.98,PHP
Lisa,Rice,lricefr@ning.com,Indonesia,Female,Rawaapu,Omba,40660.15,IDR
Frank,Robertson,frobertsonfs@phoca.cz,Netherlands,Male,Apeldoorn,Kare,6764.24,EUR
Fred,Thompson,fthompsonft@biglobe.ne.jp,China,Male,Xiawa,Kanoodle,15378.93,CNY
Tina,Bell,tbellfu@oracle.com,Indonesia,Female,Meringkik,Jamia,,IDR
Cheryl,Campbell,ccampbellfv@state.gov,Netherlands,Female,Leidschendam,Quatz,,EUR
Jessica,Sanchez,jsanchezfw@hao123.com,China,Female,Qingfa,Topicshots,36077.56,CNY
Ruby,Scott,rscottfx@sphinn.com,Philippines,Female,Tabon,Divavu,48456.36,PHP
Doris,Kennedy,dkennedyfy@macromedia.com,China,Female,Huangtukuang,Devcast,88362.54,CNY
Heather,Payne,hpaynefz@arizona.edu,Brazil,Female,Pinhais,Voonix,89822.30,BRL
Marilyn,Howell,mhowellg0@drupal.org,Palestinian Territory,Female,Şānūr,Kare,90105.11,ILS
Ronald,Chavez,rchavezg1@so-net.ne.jp,Philippines,Male,Caminauit,Tazz,10635.68,PHP
Henry,Burke,hburkeg2@feedburner.com,Indonesia,Male,Arbais,Jabbersphere,90349.52,IDR
Joe,Morrison,jmorrisong3@delicious.com,Madagascar,Male,Marovoay,Skyble,56661.88,MGA
Judy,Henderson,jhendersong4@youku.com,China,Female,Liji,Youtags,51159.00,CNY
Arthur,Torres,atorresg5@usgs.gov,Brazil,Male,Andradas,Yodo,94706.45,BRL
Cynthia,Gilbert,cgilbertg6@mashable.com,China,Female,Zhexiao,Edgeclub,56858.13,CNY
Mildred,Hamilton,mhamiltong7@yolasite.com,China,Female,Tianjiaba,Kimia,98934.95,CNY
Kenneth,Clark,kclarkg8@51.la,Indonesia,Male,Cabak Satu,Photospace,1124.76,IDR
Gerald,Phillips,gphillipsg9@mapquest.com,Indonesia,Male,Cileunyi,Divanoodle,68825.84,IDR
Henry,Castillo,hcastilloga@live.com,Russia,Male,Khrebtovaya,Babbleopia,,RUB
Linda,Rivera,lriveragb@soundcloud.com,Turkmenistan,Female,Farap,Wordtune,47458.13,TMT
Howard,Johnson,hjohnsongc@blinklist.com,Poland,Male,Okocim,Agimba,5166.41,PLN
Debra,Pierce,dpiercegd@mlb.com,Peru,Female,Piura,Muxo,26701.65,PEN
Todd,Ramos,tramosge@ted.com,Greece,Male,Megáli Khóra,Layo,47696.41,EUR
Stephanie,Rivera,sriveragf@constantcontact.com,Papua New Guinea,Female,Angoram,Ailane,32473.66,PGK
Donna,Richardson,drichardsongg@godaddy.com,China,Female,Yingta,Oozz,4016.91,CNY
Judith,Bowman,jbowmangh@acquirethisname.com,Poland,Female,Kolsko,Skivee,29556.41,PLN
Nancy,Woods,nwoodsgi@java.com,Bosnia and Herzegovina,Female,Prozor,Rhyloo,84930.94,BAM
Charles,Cooper,ccoopergj@unblog.fr,Peru,Male,Nanchoc,Livetube,,PEN
Kimberly,Johnson,kjohnsongk@spotify.com,Greece,Female,Sísion,Chatterpoint,33338.71,EUR
Patricia,Ross,prossgl@taobao.com,China,Female,Zhili,Vipe,65289.82,CNY
Douglas,Reed,dreedgm@imageshack.us,Sweden,Male,Täby,Cogilith,97578.28,SEK
Lillian,Chavez,lchavezgn@google.co.jp,China,Female,Hengjiang,Aimbu,37367.79,CNY
Albert,Weaver,aweavergo@microsoft.com,Poland,Male,Jastrowie,Rooxo,18063.40,PLN
Willie,Frazier,wfraziergp@yelp.com,Vietnam,Male,An Châu,Quinu,36581.23,VND
Christopher,Bryant,cbryantgq@slideshare.net,Maldives,Male,Meedhoo,Yabox,89424.83,MVR
Joan,Knight,jknightgr@vk.com,Indonesia,Female,Laleng,Buzzdog,24718.14,IDR
Joyce,Parker,jparkergs@altervista.org,China,Female,Meilin,Bubblemix,79068.60,CNY
Paul,Fuller,pfullergt@taobao.com,China,Male,Jingmao,Eare,52237.63,CNY
Timothy,Mcdonald,tmcdonaldgu@webeden.co.uk,China,Male,Hepu,Flipstorm,63215.66,CNY
Jessica,Barnes,jbarnesgv@ebay.co.uk,China,Female,Dongkeng,Cogibox,72051.88,CNY
Craig,Wood,cwoodgw@state.tx.us,China,Male,Fengmu,Kwideo,7700.18,CNY
Ruth,Ortiz,rortizgx@goo.gl,Dominican Republic,Female,Gaspar Hernández,Vipe,52833.14,DOP
Paula,Walker,pwalkergy@wikimedia.org,South Korea,Female,Pubal,Cogilith,83967.43,KRW
Amy,Gomez,agomezgz@techcrunch.com,China,Female,Duzhenwan,Flashdog,50220.80,CNY
Albert,Turner,aturnerh0@narod.ru,Poland,Male,Hajnówka,Innojam,44981.71,PLN
Mildred,Carr,mcarrh1@reference.com,France,Female,Hénin-Beaumont,Tekfly,34481.08,EUR
Kenneth,Kelley,kkelleyh2@jimdo.com,Ukraine,Male,Zarichchya,Jabberbean,67221.57,UAH
Joe,Ortiz,jortizh3@discuz.net,Argentina,Male,Comandante Luis Piedra Buena,Devshare,49251.68,ARS
Barbara,Perkins,bperkinsh4@sciencedaily.com,Philippines,Female,Labnig,Kayveo,,PHP
Harold,Marshall,hmarshallh5@nbcnews.com,Indonesia,Male,Lojigawaran,Riffpath,68768.96,IDR
Angela,Gardner,agardnerh6@bbb.org,Russia,Female,Opechenskiy Posad,Camido,75683.10,RUB
Richard,Bowman,rbowmanh7@nationalgeographic.com,Finland,Male,Lumijoki,Browseblab,13928.93,EUR
Doris,Hawkins,dhawkinsh8@vinaora.com,China,Female,Zhoukou,Meembee,37379.17,CNY
Lawrence,Rose,lroseh9@washington.edu,South Korea,Male,Iksan,Livetube,55895.78,KRW
Douglas,Thomas,dthomasha@nyu.edu,Thailand,Male,Lao Suea Kok,Eayo,33664.60,THB
Howard,Gilbert,hgilberthb@comsenz.com,Peru,Male,Urpay,Buzzdog,34431.47,PEN
Anna,Rogers,arogershc@photobucket.com,Brazil,Female,Paraipaba,Riffpedia,47946.95,BRL
Irene,Reid,ireidhd@1und1.de,Iran,Female,Bandar-e Lengeh,Roombo,80569.95,IRR
Paula,Reyes,preyeshe@independent.co.uk,Poland,Female,Kowala,Devcast,27272.66,PLN
James,Arnold,jarnoldhf@mediafire.com,China,Male,Longgao,Skilith,85908.65,CNY
Gary,Schmidt,gschmidthg@cornell.edu,Serbia,Male,Banatski Dvor,Meemm,22880.12,RSD
Helen,Ellis,hellishh@ebay.co.uk,Philippines,Female,Janiuay,Tagchat,47788.89,PHP
Andrew,Perkins,aperkinshi@wikimedia.org,Japan,Male,Hitachi,Fivebridge,21070.89,JPY
Joyce,Harris,jharrishj@state.gov,Colombia,Female,Coromoro,Aimbu,71561.39,COP
Lillian,Davis,ldavishk@opensource.org,Czech Republic,Female,Želetava,Browsetype,26979.87,CZK
Pamela,Baker,pbakerhl@nationalgeographic.com,Bosnia and Herzegovina,Female,Vukovije Donje,Kazu,50514.89,BAM
Janice,Ross,jrosshm@comsenz.com,Sierra Leone,Female,Kambia,Wikizz,91190.74,SLL
Terry,Elliott,telliotthn@miitbeian.gov.cn,Tajikistan,Male,Khŭjand,Buzzbean,52706.87,TJS
John,Henderson,jhendersonho@github.io,Slovenia,Male,Črenšovci,Eadel,54969.10,EUR
Kenneth,Martin,kmartinhp@godaddy.com,Poland,Male,Nowy Dwór Mazowiecki,Demizz,40443.21,PLN
Robert,Alexander,ralexanderhq@ihg.com,Sweden,Male,Helsingborg,Dabjam,38355.05,SEK
Andrea,Brooks,abrookshr@sciencedirect.com,Kazakhstan,Female,Derzhavīnsk,Skyba,42188.24,KZT
Fred,Evans,fevanshs@diigo.com,Thailand,Male,Wiang Nuea,Skimia,81106.34,THB
Jerry,Fields,jfieldsht@globo.com,China,Male,Luodian,Jabbersphere,18553.60,CNY
Sarah,Torres,storreshu@tuttocitta.it,Italy,Female,Genova,Skajo,96738.28,EUR
Anna,Gibson,agibsonhv@techcrunch.com,Thailand,Female,Phanom Sarakham,Eabox,57702.97,THB
Matthew,Wright,mwrighthw@t-online.de,Philippines,Male,Batarasa,Innotype,61445.16,PHP
Timothy,Fowler,tfowlerhx@yale.edu,Thailand,Male,Khemarat,Voolia,,THB
Benjamin,Wilson,bwilsonhy@ox.ac.uk,Russia,Male,Pokachi,Twitterworks,14165.15,RUB
Lillian,Perkins,lperkinshz@1688.com,Philippines,Female,Isla,Brightbean,21365.14,PHP
Shirley,Arnold,sarnoldi0@sciencedaily.com,Czech Republic,Female,Teplice,Zooxo,96285.26,CZK
George,Baker,gbakeri1@ow.ly,Brazil,Male,Rio Bonito,Thoughtbridge,14074.36,BRL
Nancy,Hunt,nhunti2@dmoz.org,Sweden,Female,Lycksele,Edgepulse,62618.28,SEK
Katherine,Dean,kdeani3@fema.gov,France,Female,Bordeaux,Janyx,50270.61,EUR
Tina,Black,tblacki4@liveinternet.ru,Venezuela,Female,Barbacoas,Plajo,46012.79,VEF
Joseph,Patterson,jpattersoni5@usnews.com,Albania,Male,Kukur,Feednation,10507.61,ALL
Kathy,Adams,kadamsi6@google.nl,Portugal,Female,Boavista,Fatz,14189.76,EUR
Ruby,Cunningham,rcunninghami7@goo.gl,Poland,Female,Lubenia,Shufflester,90944.49,PLN
Craig,Simmons,csimmonsi8@netscape.com,Philippines,Male,Okiot,Devshare,29893.96,PHP
Kathy,Cook,kcooki9@oakley.com,South Korea,Female,Okcheon,Oyope,33919.92,KRW
Joshua,Gordon,jgordonia@prlog.org,Philippines,Male,Buldon,Plajo,98422.27,PHP
Denise,Gardner,dgardnerib@jiathis.com,Kenya,Female,Migori,Mymm,94598.87,KES
Beverly,Scott,bscottic@dyndns.org,Peru,Female,Tisco,Skinte,77188.48,PEN
Eric,Black,eblackid@joomla.org,Ukraine,Male,Dashev,Jaxworks,452.29,UAH
Steven,Johnson,sjohnsonie@spiegel.de,Russia,Male,Mayma,Twitterworks,,RUB
Antonio,Ferguson,afergusonif@stumbleupon.com,Palestinian Territory,Male,Jayyūs,Eadel,13790.34,ILS
Jeremy,Murphy,jmurphyig@wikispaces.com,Ukraine,Male,Medenychi,Aivee,39675.75,UAH
Joyce,Armstrong,jarmstrongih@adobe.com,Indonesia,Female,Ringinagung,Browseblab,53833.88,IDR
Arthur,Taylor,ataylorii@stanford.edu,United States,Male,Clearwater,Browsecat,4524.98,USD
Ronald,Lopez,rlopezij@nymag.com,Philippines,Male,Rizal,Linkbuzz,11409.26,PHP
Mark,Young,myoungik@sakura.ne.jp,China,Male,Jingping,Kanoodle,71831.85,CNY
Paul,Lawrence,plawrenceil@usatoday.com,Norway,Male,Trondheim,Yozio,19995.70,NOK
Julia,Roberts,jrobertsim@intel.com,Thailand,Female,Bang Na,Zooveo,70204.50,THB
Eric,Bradley,ebradleyin@springer.com,China,Male,Huangjinbu,Vinte,85976.85,CNY
Clarence,Lawrence,clawrenceio@tinyurl.com,Russia,Male,Pospelikha,Bubblebox,60716.10,RUB
Heather,Lynch,hlynchip@example.com,Colombia,Female,Palmar de Varela,Jaxspan,78405.54,COP
Irene,Williamson,iwilliamsoniq@ed.gov,Argentina,Female,Pilcaniyeu,Roomm,3979.13,ARS
Jessica,Rodriguez,jrodriguezir@prweb.com,Sweden,Female,Umeå,Babbleblab,,SEK
Jean,Washington,jwashingtonis@cloudflare.com,Kyrgyzstan,Female,Karakol,Talane,28956.97,KGS
Jacqueline,Howell,jhowellit@hugedomains.com,Chile,Female,San Vicente,Realbridge,74582.50,CLP
Randy,Duncan,rduncaniu@constantcontact.com,Kyrgyzstan,Male,Gul’cha,Wordtune,35929.17,KGS
Ashley,Mills,amillsiv@friendfeed.com,Indonesia,Female,Sorren Daya,Lazz,,IDR
Steven,Hicks,shicksiw@biblegateway.com,Georgia,Male,Shuakhevi,Roodel,58486.92,GEL
Gregory,Weaver,gweaverix@amazonaws.com,El Salvador,Male,Guazapa,Voonyx,53322.92,USD
Daniel,Lawson,dlawsoniy@mtv.com,China,Male,Jingzi,Yakidoo,,CNY
Gerald,Murphy,gmurphyiz@google.fr,Japan,Male,Umi,Kamba,97463.74,JPY
Aaron,Wheeler,awheelerj0@hhs.gov,United States,Male,Trenton,Jaxnation,59215.96,USD
Frances,Howard,fhowardj1@ameblo.jp,Philippines,Female,Rizal,Plambee,23309.89,PHP
Earl,Gonzales,egonzalesj2@amazon.com,China,Male,Wujiabao,Skaboo,84830.88,CNY
Ronald,Price,rpricej3@mapy.cz,Czech Republic,Male,Francova Lhota,Zoomlounge,85966.18,CZK
Beverly,Burton,bburtonj4@ca.gov,Brazil,Female,Petrópolis,Divanoodle,44401.69,BRL
Kimberly,Harvey,kharveyj5@webnode.com,Russia,Female,Zandak,Wordpedia,47503.45,RUB
Nicole,Carpenter,ncarpenterj6@microsoft.com,China,Female,Bajingzi,Tagcat,19778.69,CNY
Donald,Cruz,dcruzj7@infoseek.co.jp,Portugal,Male,Aranhas,Zava,20522.50,EUR
Larry,Matthews,lmatthewsj8@sun.com,China,Male,Zhenhai,Skimia,37411.88,CNY
Margaret,Williams,mwilliamsj9@twitter.com,Mauritius,Female,Centre de Flacq,Ailane,67972.03,MUR
Jane,Wheeler,jwheelerja@psu.edu,Philippines,Female,Pulupandan,Skyndu,58530.31,PHP
Nancy,Simpson,nsimpsonjb@cdc.gov,Chile,Female,Ovalle,Plambee,54698.23,CLP
Christine,Johnston,cjohnstonjc@blogs.com,Iran,Female,Shaft,Fivechat,79466.15,IRR
Jason,Ramos,jramosjd@umn.edu,Argentina,Male,Brea Pozo,Linklinks,21252.85,ARS
Larry,Baker,lbakerje@bloomberg.com,China,Male,Suzhou,Meemm,57190.95,CNY
Debra,Reyes,dreyesjf@bigcartel.com,China,Female,Qinglin,Skilith,38101.57,CNY
Paul,West,pwestjg@wordpress.org,Brazil,Male,Pinhão,Skyvu,45409.83,BRL
Carol,Tucker,ctuckerjh@gmpg.org,Nigeria,Female,Langtang,Browsecat,,NGN
Amanda,Ward,awardji@naver.com,China,Female,Heyan,Cogibox,64917.02,CNY
Sean,Wheeler,swheelerjj@nps.gov,Haiti,Male,Ennery,Katz,,HTG
Sharon,Price,spricejk@goo.gl,Vietnam,Female,Một Ngàn,Topdrive,46329.76,VND
Jesse,Fuller,jfullerjl@reddit.com,Philippines,Male,Malasila,Rhyzio,21125.56,PHP
Lawrence,Allen,lallenjm@wiley.com,Philippines,Male,Agoncillo,Muxo,26442.87,PHP
Gregory,Watson,gwatsonjn@theguardian.com,Indonesia,Male,Negara,Yakitri,29516.72,IDR
Benjamin,Harrison,bharrisonjo@dell.com,Philippines,Male,Davila,Babbleblab,86103.93,PHP
Shawn,Matthews,smatthewsjp@slashdot.org,Indonesia,Male,Timbulsari,Kare,85161.51,IDR
Jose,Ross,jrossjq@issuu.com,Russia,Male,Khlevnoye,Brainsphere,12336.56,RUB
Kenneth,Rice,kricejr@nationalgeographic.com,Colombia,Male,La Jagua de Ibirico,Avaveo,,COP
John,Kim,jkimjs@creativecommons.org,Armenia,Male,Goght’,Teklist,94765.97,AMD
Diane,King,dkingjt@g.co,Greece,Female,Fálanna,Dablist,37577.89,EUR
Victor,Robertson,vrobertsonju@si.edu,Peru,Male,Carhuac,Devshare,,PEN
Matthew,Morgan,mmorganjv@newyorker.com,Colombia,Male,Pasto,Flipstorm,72820.08,COP
Shirley,Bishop,sbishopjw@hostgator.com,Switzerland,Female,Zürich,Dabtype,49987.03,CHF
Patrick,Howard,phowardjx@myspace.com,Brazil,Male,Lucas,Ainyx,77872.45,BRL
Martha,Crawford,mcrawfordjy@ted.com,Ukraine,Female,Talalayivka,Jabbersphere,479.37,UAH
Juan,Warren,jwarrenjz@ebay.com,China,Male,Beidaihehaibin,Kwinu,,CNY
Mark,Arnold,marnoldk0@dyndns.org,Maldives,Male,Manadhoo,Livefish,,MVR
Joseph,George,jgeorgek1@java.com,Tanzania,Male,Mlangali,Quimm,52386.69,TZS
John,Daniels,jdanielsk2@angelfire.com,China,Male,Jizhou,Twitterbridge,98954.57,CNY
Charles,Kelly,ckellyk3@ycombinator.com,Portugal,Male,Macieira de Rates,Meevee,,EUR
Antonio,Jenkins,ajenkinsk4@nature.com,Czech Republic,Male,Orlová,Skidoo,53985.82,CZK
Judith,Nichols,jnicholsk5@google.com.hk,Ukraine,Female,Novoukrayinka,Jaxspan,42442.23,UAH
Antonio,Mitchell,amitchellk6@123-reg.co.uk,Albania,Male,Fier,Thoughtblab,75485.88,ALL
Steven,Wells,swellsk7@vinaora.com,Philippines,Male,Lumbatan,Skyndu,99649.15,PHP
Willie,Fields,wfieldsk8@dropbox.com,China,Male,Shalang,Feedbug,28692.92,CNY
Angela,Fields,afieldsk9@sbwire.com,Thailand,Female,Rattanawapi,Gabtune,33654.98,THB
Nicole,Henderson,nhendersonka@eventbrite.com,Nigeria,Female,Obiaruku Quarters,Tambee,74950.16,NGN
Fred,Morris,fmorriskb@gizmodo.com,Honduras,Male,Valle de Ángeles,Snaptags,76134.02,HNL
Alice,Spencer,aspencerkc@over-blog.com,Brazil,Female,Ubatuba,Edgepulse,328.11,BRL
Kathryn,Miller,kmillerkd@facebook.com,Brazil,Female,Baturité,Aimbu,,BRL
Patrick,Stanley,pstanleyke@dailymail.co.uk,China,Male,Wenping,Dabtype,95722.30,CNY
Debra,Meyer,dmeyerkf@businesswire.com,Indonesia,Female,Banjar Serangan,Photobug,24905.10,IDR
Jacqueline,Hudson,jhudsonkg@intel.com,Poland,Female,Tylicz,Youfeed,18635.37,PLN
Brian,Gardner,bgardnerkh@uiuc.edu,Indonesia,Male,Kedungwungu,Skajo,71943.70,IDR
Bonnie,Carpenter,bcarpenterki@berkeley.edu,Sri Lanka,Female,Monaragala,Bubbletube,12778.05,LKR
Walter,Bennett,wbennettkj@loc.gov,France,Male,Saint-Herblain,Topdrive,78650.08,EUR
Stephen,Carroll,scarrollkk@japanpost.jp,Nepal,Male,Butwāl,Flashdog,25711.15,NPR
Carlos,Henderson,chendersonkl@bing.com,Philippines,Male,Alae,Tekfly,61228.98,PHP
Frances,Alexander,falexanderkm@prnewswire.com,Russia,Female,Gurbuki,Oloo,15695.42,RUB
Susan,Myers,smyerskn@zimbio.com,Indonesia,Female,Ngasinan,Thoughtblab,18656.08,IDR
Phyllis,Olson,polsonko@noaa.gov,Philippines,Female,Binabaan,Tagcat,14578.80,PHP
Joseph,Henderson,jhendersonkp@archive.org,Azerbaijan,Male,Divichibazar,Skynoodle,35927.28,AZN
Terry,Gordon,tgordonkq@europa.eu,Indonesia,Male,Kandangan,Kazio,82003.35,IDR
Patrick,Coleman,pcolemankr@furl.net,Latvia,Male,Vaiņode,Feedbug,54984.99,EUR
Amanda,Price,apriceks@devhub.com,Indonesia,Female,Girihieum,Trudeo,43197.83,IDR
Willie,Pierce,wpiercekt@google.nl,Sweden,Male,Bromma,Shuffletag,,SEK
James,Torres,jtorresku@epa.gov,China,Male,Pingpu,Topicblab,31702.74,CNY
Samuel,Bradley,sbradleykv@addtoany.com,China,Male,Yingtou,Fiveclub,5448.39,CNY
Philip,Mills,pmillskw@theglobeandmail.com,Japan,Male,Mooka,Skidoo,53356.38,JPY
Lori,Parker,lparkerkx@hatena.ne.jp,Czech Republic,Female,Žulová,Brainverse,53358.45,CZK
Jeremy,Price,jpriceky@alexa.com,China,Male,Sanxi,Pixope,38034.86,CNY
Juan,Payne,jpaynekz@blogs.com,China,Male,Shahezi,LiveZ,70076.02,CNY
Stephen,Howard,showardl0@qq.com,Portugal,Male,Miratejo,Skyba,32382.21,EUR
Shirley,Porter,sporterl1@51.la,Cuba,Female,Caibarién,Jazzy,12667.10,CUP
Jose,Flores,jfloresl2@senate.gov,Philippines,Male,Puncan,Skynoodle,42491.79,PHP
Ronald,Murphy,rmurphyl3@google.com,Indonesia,Male,Denpasar,Lazzy,37081.37,IDR
Harold,Martinez,hmartinezl4@un.org,China,Male,Xinfeng,Yacero,89070.19,CNY
Elizabeth,Brown,ebrownl5@paypal.com,Uganda,Female,Soroti,Skimia,20568.21,UGX
Patricia,Berry,pberryl6@shop-pro.jp,Canada,Female,Little Current,Skippad,75142.69,CAD
Terry,Lee,tleel7@imdb.com,Brazil,Male,Morada Nova,Dynabox,34461.19,BRL
Kelly,Hunt,khuntl8@chronoengine.com,Moldova,Female,Briceni,Jaxworks,58646.36,MDL
Beverly,Hughes,bhughesl9@cam.ac.uk,China,Female,Sufang,Devpulse,7305.39,CNY
Todd,Stevens,tstevensla@a8.net,Philippines,Male,Cogtong,Linkbuzz,17117.28,PHP
Johnny,Ford,jfordlb@dell.com,Norway,Male,Oslo,Devpoint,63214.88,NOK
Jane,Carpenter,jcarpenterlc@free.fr,Ukraine,Female,Velyka Bilozerka,Dabshots,41183.53,UAH
Alice,Ford,afordld@gmpg.org,South Korea,Female,Daejeon,Rhyzio,19179.93,KRW
Jose,Gonzales,jgonzalesle@tripadvisor.com,Philippines,Male,Mat-i,Quimm,85710.24,PHP
Cynthia,Jordan,cjordanlf@jugem.jp,Honduras,Female,El Suyatal,Yabox,90461.97,HNL
Amy,Peterson,apetersonlg@berkeley.edu,Portugal,Female,Monte Novo,Izio,64451.39,EUR
Julie,Sanchez,jsanchezlh@networksolutions.com,Mongolia,Female,Hüremt,Twitterwire,45804.15,MNT
Christopher,Ramos,cramosli@shutterfly.com,Philippines,Male,San Miguel,Kwideo,2402.95,PHP
Betty,Henderson,bhendersonlj@state.gov,Spain,Female,Lleida,Dazzlesphere,39307.67,EUR
Christina,Lynch,clynchlk@wix.com,Portugal,Female,Conqueiros,Rooxo,93826.51,EUR
Teresa,Turner,tturnerll@thetimes.co.uk,Thailand,Female,Pa Phayom,Jatri,99334.94,THB
Anthony,Tucker,atuckerlm@paypal.com,Bhutan,Male,Tsirang,Centidel,,BTN
Adam,Gordon,agordonln@homestead.com,China,Male,Shuiyuesi,Quatz,,CNY
Kenneth,Welch,kwelchlo@blogtalkradio.com,Ukraine,Male,Korotych,Voomm,,UAH
Matthew,Hudson,mhudsonlp@webmd.com,China,Male,Chenji,Yabox,33366.95,CNY
Ryan,Jordan,rjordanlq@elegantthemes.com,China,Male,Sanhe,Mycat,60504.72,CNY
Philip,Vasquez,pvasquezlr@people.com.cn,Pakistan,Male,Kotri,Abatz,30121.75,PKR
Timothy,George,tgeorgels@uol.com.br,Sweden,Male,Östersund,Realfire,,SEK
Janice,Patterson,jpattersonlt@myspace.com,Canada,Female,Sainte-Marthe-sur-le-Lac,Demivee,75533.42,CAD
Clarence,Elliott,celliottlu@hc360.com,Aland Islands,Male,Eckerö,Chatterbridge,4581.14,EUR
Harry,Bowman,hbowmanlv@blogger.com,Iraq,Male,Ḩalabjah,Oyonder,47113.07,IQD
Amy,Nichols,anicholslw@marriott.com,Philippines,Female,Malabugas,Skippad,,PHP
Kevin,Woods,kwoodslx@paginegialle.it,Russia,Male,Admiralteisky,Twitterbeat,30726.59,RUB
Kevin,Burns,kburnsly@creativecommons.org,Canada,Male,Moosomin,Yodel,3560.88,CAD
Rebecca,Matthews,rmatthewslz@mtv.com,China,Female,Tianyuan,Twimbo,32858.00,CNY
Laura,Perkins,lperkinsm0@abc.net.au,China,Female,Yulin,Meemm,94057.19,CNY
Bobby,Rogers,brogersm1@shinystat.com,Nigeria,Male,Idah,Bubblebox,61054.33,NGN
Douglas,Kennedy,dkennedym2@vinaora.com,Russia,Male,Volokonovka,Vinder,17348.14,RUB
David,Hernandez,dhernandezm3@blogspot.com,Nepal,Male,Dhangarhi,Aivee,,NPR
Mark,Burton,mburtonm4@prweb.com,Argentina,Male,Marcos Juárez,Zoomdog,85242.98,ARS
Edward,Gordon,egordonm5@purevolume.com,Macedonia,Male,Крушево,Tagtune,65634.66,MKD
Earl,Romero,eromerom6@freewebs.com,China,Male,Qijiawan,Dabtype,49401.11,CNY
Mark,Franklin,mfranklinm7@cbc.ca,Poland,Male,Stalowa Wola,InnoZ,,PLN
Sara,Matthews,smatthewsm8@edublogs.org,Brazil,Female,Matão,Yakitri,,BRL
Ralph,Moreno,rmorenom9@adobe.com,Greece,Male,Melíti,Pixope,87807.40,EUR
Kevin,Armstrong,karmstrongma@ucoz.com,Mexico,Male,La Mesa,Twitterbridge,46623.95,MXN
Nancy,Marshall,nmarshallmb@amazon.co.jp,Philippines,Female,Kalbugan,Flashdog,98622.90,PHP
Randy,Torres,rtorresmc@irs.gov,Poland,Male,Rudna,Devbug,89665.48,PLN
Pamela,Tucker,ptuckermd@wix.com,Indonesia,Female,Banjar Budakeling,Plajo,,IDR
Virginia,Wright,vwrightme@businesswire.com,Colombia,Female,Bucaramanga,Riffpath,53596.79,COP
Mark,Ryan,mryanmf@princeton.edu,France,Male,Voiron,Layo,11781.65,EUR
Katherine,Carter,kcartermg@buzzfeed.com,Japan,Female,Nagaoka,Kwinu,22789.91,JPY
Harry,Miller,hmillermh@t.co,Portugal,Male,Mosteiró,Zoombox,51821.38,EUR
Gregory,Gordon,ggordonmi@amazon.co.jp,China,Male,Zhongcheng,Photospace,,CNY
Ann,Castillo,acastillomj@virginia.edu,Serbia,Female,Voždovac,Yoveo,46815.93,RSD
Carl,Russell,crussellmk@nba.com,Croatia,Male,Lipovljani,Wordpedia,,HRK
Ruby,Bryant,rbryantml@e-recht24.de,China,Female,Longshan,Agimba,59124.56,CNY
Gregory,Elliott,gelliottmm@hud.gov,Indonesia,Male,Sumurber,Topdrive,30431.57,IDR
Teresa,Gray,tgraymn@tamu.edu,Norway,Female,Skien,Pixoboo,81311.14,NOK
Tammy,Cook,tcookmo@bloglovin.com,China,Female,Shangdundu,Aibox,48803.94,CNY
Samuel,Long,slongmp@freewebs.com,Japan,Male,Kamogatachō-kamogata,Voolith,28696.69,JPY
Joseph,Hamilton,jhamiltonmq@addthis.com,China,Male,Liucheng,Yoveo,9023.92,CNY
Roy,Price,rpricemr@ning.com,Armenia,Male,Kamaris,Oyoloo,67127.64,AMD
Jack,Powell,jpowellms@altervista.org,Ivory Coast,Male,Affery,Devshare,18481.19,XOF
Stephanie,Holmes,sholmesmt@purevolume.com,Bolivia,Female,San Pedro,Jayo,58410.25,BOB
Billy,Day,bdaymu@dell.com,Sweden,Male,Sundbyberg,Dynabox,,SEK
Marie,Edwards,medwardsmv@patch.com,Ukraine,Female,Petrivka,Twitterlist,74332.87,UAH
Ashley,Richardson,arichardsonmw@live.com,Ukraine,Female,Klavdiyevo-Tarasove,Plajo,34348.14,UAH
Wayne,Pierce,wpiercemx@si.edu,Indonesia,Male,Krajan Menggare,Zoomcast,,IDR
Rebecca,Diaz,rdiazmy@prweb.com,Japan,Female,Yaizu,Skinix,81810.35,JPY
Ralph,Wallace,rwallacemz@pagesperso-orange.fr,Canada,Male,Richmond,Avamm,20407.82,CAD
Timothy,Rice,tricen0@sfgate.com,Czech Republic,Male,Uherský Ostroh,Zava,54829.62,CZK
Steve,Carroll,scarrolln1@flickr.com,Philippines,Male,Butubut Norte,Oyoyo,82892.31,PHP
Jane,Clark,jclarkn2@ibm.com,China,Female,Huangqiang,Demimbu,51392.72,CNY
Gloria,Henderson,ghendersonn3@statcounter.com,Indonesia,Female,Puncaksari,Podcat,32099.15,IDR
Elizabeth,Garza,egarzan4@salon.com,China,Female,Mujiangping,Jamia,54235.73,CNY
Lillian,Gray,lgrayn5@soup.io,China,Female,Hougong,Voomm,4659.18,CNY
Rebecca,Schmidt,rschmidtn6@digg.com,Germany,Female,Köln,Buzzster,3246.23,EUR
Steve,Foster,sfostern7@technorati.com,Indonesia,Male,Mondoteko,Fiveclub,39199.47,IDR
Nicholas,Peters,npetersn8@seesaa.net,Canada,Male,Meadow Lake,Voonder,47919.50,CAD
Raymond,Hanson,rhansonn9@dropbox.com,Indonesia,Male,Balengbeng,Kimia,32944.72,IDR
Donald,Carpenter,dcarpenterna@google.com.au,Philippines,Male,Tagnanan,Riffpedia,,PHP
Larry,Chavez,lchaveznb@drupal.org,Belarus,Male,Horki,Dynabox,77135.20,BYR
Jeffrey,Wagner,jwagnernc@shop-pro.jp,Japan,Male,Miki,Brainsphere,67036.06,JPY
Howard,Jones,hjonesnd@tripod.com,China,Male,Fenjie,Yodoo,90451.42,CNY
Gary,Collins,gcollinsne@t-online.de,Botswana,Male,Gaphatshwe,Twitterbeat,85916.18,BWP
Frank,Jacobs,fjacobsnf@360.cn,Finland,Male,Siikainen,Yodoo,15177.46,EUR
Julie,Powell,jpowellng@smh.com.au,Colombia,Female,Magangué,Eire,14808.96,COP
Jerry,Rodriguez,jrodrigueznh@homestead.com,Nicaragua,Male,Tola,Jetpulse,1650.71,NIO
Carlos,Gutierrez,cgutierrezni@4shared.com,Spain,Male,Aviles,Shufflebeat,47573.89,EUR
Samuel,Davis,sdavisnj@google.com.hk,France,Male,Alès,Izio,,EUR
Fred,Porter,fporternk@umich.edu,Afghanistan,Male,Cool űrhajó,Meevee,96642.67,AFN
Mary,Sims,msimsnl@deliciousdays.com,Cuba,Female,Manzanillo,Brainsphere,62263.41,CUP
Stephen,Powell,spowellnm@live.com,Mongolia,Male,Sergelen,Meeveo,,MNT
Diana,Montgomery,dmontgomerynn@icq.com,Indonesia,Female,Terentang,Brainbox,48185.29,IDR
Kathleen,Burton,kburtonno@soup.io,Syria,Female,Izra‘,Skilith,71834.42,SYP
Nicholas,Carter,ncarternp@zimbio.com,Brazil,Male,Seabra,Vidoo,23631.67,BRL
Sara,Peters,spetersnq@mapy.cz,Poland,Female,Radymno,Mynte,32583.15,PLN
Rachel,Hart,rhartnr@cbsnews.com,Philippines,Female,Amucao,Flashpoint,43618.91,PHP
John,Martin,jmartinns@yahoo.com,Saint Vincent and the Grenadines,Male,Barrouallie,Gigazoom,70480.91,XCD
Aaron,Greene,agreenent@seattletimes.com,China,Male,Baoluan,Aivee,70294.22,CNY
Paul,Hunt,phuntnu@fastcompany.com,Canada,Male,Maple Creek,Shufflebeat,41105.35,CAD
Laura,Hicks,lhicksnv@typepad.com,Brazil,Female,Jales,Quire,85189.16,BRL
Robert,Daniels,rdanielsnw@kickstarter.com,Serbia,Male,Donji Dobrić,Ozu,94588.98,RSD
Joseph,Williams,jwilliamsnx@who.int,Brazil,Male,Caçador,Myworks,63351.02,BRL
Jane,Stewart,jstewartny@123-reg.co.uk,Portugal,Female,Penelas,Yakidoo,36044.26,EUR
Betty,Gray,bgraynz@dagondesign.com,Argentina,Female,La Quiaca,Skiba,61340.33,ARS
Fred,Bradley,fbradleyo0@nps.gov,Nicaragua,Male,Nuevo Amanecer,Cogilith,,NIO
Andrea,Jenkins,ajenkinso1@blogspot.com,China,Female,Pailou,Jaxspan,13250.32,CNY
Paul,Sullivan,psullivano2@salon.com,Philippines,Male,Tanjay,Yakitri,96333.17,PHP
Christina,Reid,creido3@about.me,Nigeria,Female,Wurno,Yabox,75755.50,NGN
Mildred,Lee,mleeo4@deliciousdays.com,Peru,Female,Concordia,Jabberstorm,49781.96,PEN
Michelle,Lewis,mlewiso5@pcworld.com,Norway,Female,Kongsvinger,Jetwire,15405.60,NOK
Gerald,Myers,gmyerso6@epa.gov,Indonesia,Male,Panenggoede,Ainyx,26366.04,IDR
Kevin,Dixon,kdixono7@aol.com,France,Male,Nancy,Muxo,734.41,EUR
Laura,Holmes,lholmeso8@pbs.org,Brazil,Female,Venâncio Aires,Shufflebeat,73498.84,BRL
Peter,Duncan,pduncano9@studiopress.com,Indonesia,Male,Sadahayu,Tagcat,86787.84,IDR
Jeremy,Garcia,jgarciaoa@oaic.gov.au,Portugal,Male,Celeirós,Jabbertype,27970.82,EUR
Virginia,Young,vyoungob@jugem.jp,Egypt,Female,Quwaysinā,Eabox,45910.37,EGP
Shawn,Bell,sbelloc@behance.net,Lebanon,Male,Jdaidet el Matn,Browsecat,21267.16,LBP
Raymond,Kelly,rkellyod@redcross.org,Greenland,Male,Uummannaq,Teklist,15012.09,DKK
Anthony,Dixon,adixonoe@nsw.gov.au,Switzerland,Male,Luzern,Blogtags,48451.01,CHF
Karen,Wilson,kwilsonof@nyu.edu,Russia,Female,Vitim,Trudeo,,RUB
David,Owens,dowensog@wix.com,Thailand,Male,Nakhon Pathom,Voomm,83075.42,THB
Gary,Smith,gsmithoh@de.vu,Indonesia,Male,Tlogoagung,Eayo,44916.13,IDR
Walter,King,wkingoi@statcounter.com,China,Male,Mengxi,Brightbean,4536.00,CNY
Jack,Dean,jdeanoj@independent.co.uk,Indonesia,Male,Rimpakgede,Feedbug,84851.14,IDR
Ann,Ward,awardok@engadget.com,Luxembourg,Female,Sandweiler,Blogpad,22563.12,EUR
Johnny,Ford,jfordol@businesswire.com,France,Male,Lunel,Twimm,86428.41,EUR
Jonathan,Schmidt,jschmidtom@china.com.cn,Philippines,Male,Granada,Quinu,52808.02,PHP
Brenda,Taylor,btayloron@tinypic.com,Sweden,Female,Lidköping,Oyoloo,1269.08,SEK
Wanda,Chapman,wchapmanoo@sitemeter.com,Ethiopia,Female,Desē,Twinder,28259.77,ETB
Edward,Jones,ejonesop@paypal.com,Indonesia,Male,Kembang,Flipstorm,3806.86,IDR
Matthew,Graham,mgrahamoq@mapquest.com,China,Male,Wenping,Linklinks,88561.91,CNY
Judith,Diaz,jdiazor@storify.com,Portugal,Female,Alcanhões,Twitterworks,41622.23,EUR
Ashley,Hunter,ahunteros@npr.org,Indonesia,Female,Mari,Zooxo,51238.18,IDR
Bonnie,Howell,bhowellot@sun.com,Yemen,Female,Ash Shaykh ‘Uthmān,Twitterlist,57279.24,YER
Victor,Bell,vbellou@state.gov,Portugal,Male,Picoto,Meedoo,,EUR
Julie,Ramirez,jramirezov@is.gd,Indonesia,Female,Sumberagung,Myworks,10549.89,IDR
Eugene,Carpenter,ecarpenterow@npr.org,Uruguay,Male,San José de Mayo,Twitterworks,36908.47,UYU
Jane,Cruz,jcruzox@geocities.com,Finland,Female,Kinnula,Vinder,,EUR
Amy,Morris,amorrisoy@cocolog-nifty.com,Uganda,Female,Jinja,Blogpad,71153.69,UGX
Eric,Bishop,ebishopoz@ibm.com,Poland,Male,Milanów,Blognation,83516.50,PLN
Jessica,Griffin,jgriffinp0@sbwire.com,Sweden,Female,Stockholm,Yodo,77922.56,SEK
Paula,Fernandez,pfernandezp1@alexa.com,Brazil,Female,Barroso,Twitterbeat,11495.94,BRL
Larry,Peters,lpetersp2@lycos.com,Ukraine,Male,Lypnyazhka,Edgeclub,60646.42,UAH
Kimberly,Gilbert,kgilbertp3@disqus.com,China,Female,Shangqiu,Yozio,40531.81,CNY
Henry,James,hjamesp4@mlb.com,Philippines,Male,San Juan,Kimia,52039.52,PHP
Irene,Fowler,ifowlerp5@jigsy.com,Azerbaijan,Female,Astara,Wikido,,AZN
Robin,Thompson,rthompsonp6@ow.ly,China,Female,Dacun,Topicshots,47705.88,CNY
Steve,Baker,sbakerp7@tmall.com,Iran,Male,Neqāb,Tanoodle,29052.39,IRR
Russell,Hill,rhillp8@wix.com,Canada,Male,Strathmore,Yacero,89414.91,CAD
Deborah,Armstrong,darmstrongp9@vimeo.com,Tunisia,Female,Sfax,Yoveo,61223.40,TND
Nancy,Daniels,ndanielspa@unc.edu,China,Female,Tiantai,Topdrive,6764.65,CNY
Christina,Mills,cmillspb@bing.com,Ukraine,Female,Nyzhnya Krynka,Gigaclub,54874.71,UAH
Donald,Schmidt,dschmidtpc@dot.gov,Indonesia,Male,Sumberrojokrajan,Tagfeed,38433.79,IDR
Brenda,Chavez,bchavezpd@blogger.com,Indonesia,Female,Biyan,Oyoyo,12236.74,IDR
Earl,Rice,ericepe@naver.com,Philippines,Male,San Vicente,Dynabox,6806.35,PHP
Teresa,Payne,tpaynepf@redcross.org,Mexico,Female,La Soledad,Gabtune,41508.84,MXN
Jesse,Parker,jparkerpg@chronoengine.com,China,Male,Shucheng Chengguanzhen,Npath,73381.32,CNY
Cheryl,Henry,chenryph@google.ru,Peru,Female,Arenal,Quimm,49725.73,PEN
Frank,Snyder,fsnyderpi@amazon.co.uk,Indonesia,Male,Cibungur,Oyoloo,43119.39,IDR
Mildred,Reid,mreidpj@woothemes.com,Portugal,Female,Conde,Tavu,4305.97,EUR
Harold,Hanson,hhansonpk@bing.com,Argentina,Male,Venado Tuerto,Leenti,24146.22,ARS
Benjamin,James,bjamespl@delicious.com,Portugal,Male,Malhou,Thoughtbeat,26110.48,EUR
Robin,Murray,rmurraypm@a8.net,Indonesia,Female,Bendo,Aimbo,324.90,IDR
Lori,Myers,lmyerspn@webs.com,Thailand,Female,Nakhon Nayok,Jaxbean,3106.58,THB
Chris,Williams,cwilliamspo@ucla.edu,Croatia,Male,Dežanovac,Vimbo,44311.21,HRK
Paul,Meyer,pmeyerpp@lycos.com,Brazil,Male,Itupiranga,Cogibox,,BRL
Martin,Burton,mburtonpq@nhs.uk,Brazil,Male,Caxias,Skyvu,252.19,BRL
Ernest,Williams,ewilliamspr@about.com,Bosnia and Herzegovina,Male,Čajniče,Fatz,44852.23,BAM
Gregory,Greene,ggreeneps@alibaba.com,China,Male,Benchu,Dabjam,9563.73,CNY
Sandra,Sullivan,ssullivanpt@imageshack.us,Argentina,Female,Puerto Iguazú,Yodoo,34723.36,ARS
Antonio,George,ageorgepu@ovh.net,Czech Republic,Male,Poniklá,Skynoodle,84762.18,CZK
Cynthia,West,cwestpv@wikipedia.org,Nicaragua,Female,Laguna de Perlas,Oyope,38849.39,NIO
Victor,Martin,vmartinpw@biglobe.ne.jp,China,Male,Xian’an,Feedbug,605.86,CNY
Anna,Bradley,abradleypx@tuttocitta.it,Serbia,Female,Stari Lec,Jetpulse,54058.12,RSD
John,Graham,jgrahampy@baidu.com,Portugal,Male,Zibreira,Rhyzio,2398.33,EUR
Martha,Bell,mbellpz@salon.com,China,Female,Sunfang,Topdrive,97850.42,CNY
Peter,Johnston,pjohnstonq0@census.gov,Ghana,Male,Mamponteng,Youspan,33997.00,GHS
Martha,Snyder,msnyderq1@ihg.com,China,Female,Zhangjiawan,Gigaclub,65664.77,CNY
Dennis,Day,ddayq2@gmpg.org,Russia,Male,Tolbazy,Edgeify,72650.88,RUB
Sara,Johnson,sjohnsonq3@quantcast.com,Morocco,Female,Sidi Slimane,Devify,,MAD
Carolyn,Schmidt,cschmidtq4@geocities.jp,Brazil,Female,Unaí,Plambee,76975.58,BRL
Irene,Rogers,irogersq5@cisco.com,United States,Female,Richmond,Photobug,22140.89,USD
Walter,Meyer,wmeyerq6@hostgator.com,Indonesia,Male,Panawuan,Innotype,30761.27,IDR
Melissa,Welch,mwelchq7@aboutads.info,Philippines,Female,San Isidro,Cogidoo,81697.30,PHP
Brenda,Richardson,brichardsonq8@sciencedaily.com,Portugal,Female,Baraçais,Trilith,14360.94,EUR
Norma,Knight,nknightq9@europa.eu,Peru,Female,Huacrachuco,Realfire,,PEN
Victor,Jones,vjonesqa@so-net.ne.jp,Brazil,Male,Caruaru,Brainverse,74076.12,BRL
Kathryn,Cooper,kcooperqb@elpais.com,China,Female,Dainan,Snaptags,30855.59,CNY
Amy,Shaw,ashawqc@senate.gov,Ecuador,Female,Huaquillas,Meeveo,71386.85,USD
Ronald,Ellis,rellisqd@uol.com.br,Indonesia,Male,Balung,Skimia,68162.08,IDR
Judith,Rose,jroseqe@cargocollective.com,Russia,Female,Kineshma,Brightbean,90763.16,RUB
Brandon,Hunt,bhuntqf@sohu.com,Russia,Male,Bogoroditsk,Browsezoom,79348.78,RUB
Philip,Gordon,pgordonqg@barnesandnoble.com,Philippines,Male,Carig,Rhybox,762.56,PHP
Patrick,Schmidt,pschmidtqh@facebook.com,China,Male,Wangchang,Edgepulse,29290.79,CNY
Karen,Reed,kreedqi@blogtalkradio.com,Sweden,Female,Oskarshamn,Pixope,15369.57,SEK
Ashley,Peters,apetersqj@webmd.com,China,Female,Gulou,Twimm,63752.26,CNY
Peter,Parker,pparkerqk@cdc.gov,Czech Republic,Male,Františkovy Lázně,Buzzshare,98647.17,CZK
Mary,Miller,mmillerql@google.co.jp,United States,Female,Philadelphia,Jabbersphere,,USD
Amy,Dunn,adunnqm@squarespace.com,Poland,Female,Iława,Jetpulse,85508.58,PLN
Samuel,Arnold,sarnoldqn@wiley.com,Mexico,Male,Emiliano Zapata,Wikibox,26320.29,MXN
Harold,Martinez,hmartinezqo@themeforest.net,American Samoa,Male,Fagatogo,Reallinks,54513.13,USD
Matthew,Stone,mstoneqp@cloudflare.com,China,Male,Bahaodi,Meetz,97179.54,CNY
Margaret,Simmons,msimmonsqq@hubpages.com,Colombia,Female,Caicedonia,Wordify,72954.32,COP
Patrick,Hanson,phansonqr@stanford.edu,Peru,Male,Végueta,Dabjam,17409.67,PEN
Julie,Ryan,jryanqs@chicagotribune.com,Philippines,Female,Tumbagaan,Wikizz,30651.89,PHP
Chris,Kelley,ckelleyqt@dailymotion.com,Colombia,Male,Galapa,Omba,52293.46,COP
Jack,Turner,jturnerqu@google.es,Philippines,Male,Taytayan,Realblab,58510.98,PHP
Rose,Sims,rsimsqv@constantcontact.com,Colombia,Female,Cajamarca,Riffwire,13172.44,COP
Stephanie,Arnold,sarnoldqw@1688.com,Afghanistan,Female,Kunduz,Dazzlesphere,,AFN
Rebecca,Collins,rcollinsqx@yellowpages.com,China,Female,Jianxin,Thoughtsphere,2415.93,CNY
Andrew,Montgomery,amontgomeryqy@webnode.com,Philippines,Male,Pudoc North,Tekfly,85412.53,PHP
Mildred,Perez,mperezqz@lulu.com,Russia,Female,Kazinka,Centizu,,RUB
Paula,Carroll,pcarrollr0@bloglovin.com,China,Female,Taoyao,Zoomdog,54181.06,CNY
Donald,Morgan,dmorganr1@dell.com,China,Male,Sanxi,Yodoo,675.64,CNY
Angela,Frazier,afrazierr2@disqus.com,Malta,Female,Żabbar,Gevee,38414.52,EUR
Marie,Arnold,marnoldr3@gravatar.com,Indonesia,Female,Pasir,Demimbu,40806.27,IDR
Frances,Ellis,fellisr4@histats.com,Philippines,Female,Dawa-Dawa,Npath,16541.02,PHP
Jeremy,Wright,jwrightr5@accuweather.com,Colombia,Male,Rovira,Kazio,32653.32,COP
Gregory,Lopez,glopezr6@cdbaby.com,Greece,Male,Agía Triáda,Zoovu,84886.00,EUR
Jacqueline,Hicks,jhicksr7@weebly.com,China,Female,Mawang,Wordify,17653.33,CNY
Victor,Davis,vdavisr8@ihg.com,Indonesia,Male,Salanegara,Yodel,64170.73,IDR
Charles,Mason,cmasonr9@wired.com,Burkina Faso,Male,Léo,Twinte,,XOF
Steve,Black,sblackra@wiley.com,Finland,Male,Kangaslampi,Rooxo,47005.26,EUR
Russell,Perez,rperezrb@wordpress.com,Mongolia,Male,Öldziyt,Livepath,22315.47,MNT
Bonnie,Rodriguez,brodriguezrc@slideshare.net,Russia,Female,Vostochnyy,Rhynoodle,92698.90,RUB
Billy,Greene,bgreenerd@un.org,Russia,Male,Osa,Yacero,,RUB
Douglas,Hunter,dhunterre@gravatar.com,China,Male,Longhua,Miboo,91906.02,CNY
Linda,Baker,lbakerrf@feedburner.com,Ghana,Female,Kete Krachi,Twitterlist,28025.16,GHS
Martha,Fields,mfieldsrg@ocn.ne.jp,Russia,Female,Kommunar,Mudo,53800.02,RUB
Sharon,Stewart,sstewartrh@shop-pro.jp,Brazil,Female,Rolante,Buzzdog,15733.18,BRL
Julie,Barnes,jbarnesri@pagesperso-orange.fr,Indonesia,Female,Taman,Npath,74822.73,IDR
Timothy,Thomas,tthomasrj@ustream.tv,Thailand,Male,Sukhirin,Blogtags,14271.97,THB
Betty,Anderson,bandersonrk@edublogs.org,Russia,Female,Murmansk,Gigaclub,,RUB
Willie,Stevens,wstevensrl@github.com,Sweden,Male,Älvsbyn,Bubblebox,,SEK
Ruby,Sanchez,rsanchezrm@parallels.com,Philippines,Female,Caibiran,Tagcat,39407.98,PHP
Irene,Reid,ireidrn@unesco.org,France,Female,Aubenas,Dabfeed,,EUR
Victor,Webb,vwebbro@tiny.cc,North Korea,Male,Hyesan-si,Mynte,57407.73,KPW
Marie,Hansen,mhansenrp@house.gov,South Africa,Female,Thabazimbi,Meezzy,98200.67,ZAR
Larry,Alexander,lalexanderrq@domainmarket.com,China,Male,Wenci,Midel,87007.93,CNY
Paul,Lopez,plopezrr@chronoengine.com,Poland,Male,Chojnów,Gabspot,84540.42,PLN
