Kimberly,Ford,kford0@skyrock.com,Czech Republic,Female,Litvínov,Thoughtblab,,CZK
Mark,Fuller,mfuller1@usa.gov,Thailand,Male,Tak Bai,Thoughtstorm,49778.15,THB
Diana,Morales,dmorales2@marriott.com,Dominican Republic,Female,Hato Mayor del Rey,Skyvu,,DOP
Diane,Gutierrez,dgutierrez3@drupal.org,Thailand,Female,Khlong Hat,Skippad,5551.64,THB
Judy,Rose,jrose4@plala.or.jp,China,Female,Chengzhong,Dabshots,58922.15,CNY
David,Garcia,dgarcia5@thetimes.co.uk,Ecuador,Male,Machachi,Realpoint,5251.29,USD
Kelly,Lane,klane6@dailymail.co.uk,Indonesia,Female,Banjar Kawan,Agimba,96705.68,IDR
Phillip,Garrett,pgarrett7@wordpress.org,France,Male,Fontenay-sous-Bois,Izio,50434.34,EUR
Lois,Russell,lrussell8@army.mil,China,Female,Zhongxing,Photospace,46036.95,CNY
Albert,Harris,aharris9@apple.com,Ukraine,Male,Ochakiv,Dabjam,58867.18,UAH
Eugene,Walker,ewalkera@example.com,Thailand,Male,Sawaengha,Fanoodle,,THB
Nicole,Lewis,nlewisb@wordpress.org,Nigeria,Female,Gusau,JumpXS,39215.74,NGN
Ryan,Walker,rwalkerc@amazon.co.uk,Poland,Male,Żelistrzewo,Gigazoom,13088.71,PLN
Ashley,Adams,aadamsd@about.me,Malta,Female,Pembroke,Avamba,82383.56,EUR
Jesse,Freeman,jfreemane@t-online.de,Philippines,Male,Cabarroguis,Zazio,52221.84,PHP
Andrew,Palmer,apalmerf@de.vu,Yemen,Male,Al Ḩarf,Photolist,4482.74,YER
Dennis,Oliver,doliverg@smugmug.com,Armenia,Male,Margara,Dynava,88488.95,AMD
Victor,Ryan,vryanh@nhs.uk,Philippines,Male,San Rafael,Tagcat,40610.15,PHP
Fred,Olson,folsoni@plala.or.jp,Argentina,Male,Merlo,Oyondu,10586.72,ARS
Betty,Stanley,bstanleyj@epa.gov,China,Female,Duyanggang,Gigazoom,40692.23,CNY
Donna,Cole,dcolek@bbb.org,China,Female,Dongdu,Aibox,,CNY
Margaret,Burke,mburkel@tripadvisor.com,China,Female,Yimamu,Quatz,92676.22,CNY
Teresa,Lopez,tlopezm@tiny.cc,Bangladesh,Female,Gafargaon,Chatterpoint,47177.78,BDT
Shawn,Hill,shilln@nasa.gov,Zambia,Male,Livingstone,Katz,2772.20,ZMW
Michelle,Sanders,msanderso@independent.co.uk,Namibia,Female,Ongandjera,Camimbo,79370.00,NAD
Norma,Payne,npaynep@google.fr,Russia,Female,Kurortnyy,Gabvine,47910.04,RUB
Katherine,Elliott,kelliottq@virginia.edu,Azerbaijan,Female,Qusar,Livetube,24509.08,AZN
Sarah,Rivera,sriverar@google.nl,China,Female,Macheng,Twitternation,13511.22,CNY
Christopher,Mcdonald,cmcdonalds@about.me,Argentina,Male,Azul,Skyvu,56187.56,ARS
Pamela,Butler,pbutlert@hud.gov,China,Female,Changgai,Browsebug,40798.44,CNY
Raymond,Black,rblacku@reference.com,China,Male,Nan’an,Demivee,91776.08,CNY
Pamela,Lawrence,plawrencev@foxnews.com,Philippines,Female,Manquiring,Blogtag,1048.29,PHP
Nicole,Fowler,nfowlerw@arstechnica.com,Indonesia,Female,Kertahayu,Wordpedia,97389.19,IDR
Paula,Banks,pbanksx@lycos.com,Panama,Female,Colón,Agimba,95835.15,PAB
Jerry,Hunt,jhunty@wufoo.com,Honduras,Male,Iralaya,Midel,,HNL
Doris,Ross,drossz@cmu.edu,Ukraine,Female,Zhashkiv,Kwilith,4397.72,UAH
Kathleen,Ryan,kryan10@furl.net,Sweden,Female,Nol,Linkbuzz,25230.73,SEK
Susan,Dunn,sdunn11@ifeng.com,Czech Republic,Female,Nýdek,Skyvu,90835.59,CZK
Amanda,Adams,aadams12@marketwatch.com,China,Female,Shuiyuan,Skaboo,85347.37,CNY
Johnny,Phillips,jphillips13@microsoft.com,China,Male,Heshui,Yakitri,6341.49,CNY
Alan,Reyes,areyes14@hugedomains.com,Mexico,Male,Emiliano Zapata,Fliptune,53104.69,MXN
Timothy,Nguyen,tnguyen15@meetup.com,France,Male,Créteil,Gigazoom,34550.88,EUR
Linda,Edwards,ledwards16@cbc.ca,Indonesia,Female,Majan,Babblestorm,29633.26,IDR
Ralph,Collins,rcollins17@vinaora.com,Indonesia,Male,Banakaja,Pixoboo,67365.46,IDR
Michelle,Robertson,mrobertson18@cdc.gov,China,Female,Tianyu,Plambee,43845.85,CNY
Sarah,Simmons,ssimmons19@angelfire.com,China,Female,Xian’an,Midel,,CNY
Kelly,Duncan,kduncan1a@house.gov,Thailand,Female,Khlong Hat,Mynte,36731.77,THB
Elizabeth,Hall,ehall1b@bbc.co.uk,Madagascar,Female,Ampasimanolotra,Shufflester,12048.33,MGA
Virginia,Edwards,vedwards1c@techcrunch.com,Portugal,Female,Pomar,Feedbug,11918.64,EUR
Sara,Perry,sperry1d@goodreads.com,Serbia,Female,Štitar,Kamba,71887.97,RSD
Joshua,Payne,jpayne1e@washington.edu,Russia,Male,Monchegorsk,Feedmix,,RUB
Jessica,Webb,jwebb1f@xinhuanet.com,China,Female,Changcun,Wikizz,,CNY
Angela,Boyd,aboyd1g@xing.com,France,Female,Chambéry,Zoomdog,30346.57,EUR
Lois,Ryan,lryan1h@goo.gl,Pakistan,Female,Jhang Sadr,Einti,65695.14,PKR
Howard,Ramos,hramos1i@qq.com,China,Male,Maikun,Plambee,22075.08,CNY
Phillip,Garrett,pgarrett1j@creativecommons.org,Kenya,Male,Keruguya,Brainsphere,4461.53,KES
Sara,Stevens,sstevens1k@deliciousdays.com,Russia,Female,Kirovskaya,Oyoyo,90655.86,RUB
Victor,Mason,vmason1l@slideshare.net,United States,Male,Denver,Zoomlounge,13517.92,USD
William,Lawrence,wlawrence1m@issuu.com,China,Male,Ligang,Mycat,3509.86,CNY
Howard,Dean,hdean1n@rediff.com,China,Male,Lianzhou,Gabtype,27094.10,CNY
Diana,Meyer,dmeyer1o@ed.gov,Eritrea,Female,Asmara,Youbridge,2643.43,ERN
Jacqueline,Reynolds,jreynolds1p@mozilla.org,Canada,Female,Norman Wells,Kamba,44281.85,CAD
Samuel,Ferguson,sferguson1q@phpbb.com,China,Male,Miaoling,Browseblab,7150.14,CNY
Amy,Bishop,abishop1r@weebly.com,Russia,Female,Aleksandrovsk-Sakhalinskiy,Edgepulse,,RUB
Nicole,Murphy,nmurphy1s@nasa.gov,Brazil,Female,Estância,Devshare,58762.13,BRL
Joshua,Jackson,jjackson1t@shinystat.com,Russia,Male,Gritsovskiy,Mynte,19583.97,RUB
Fred,Frazier,ffrazier1u@miitbeian.gov.cn,Indonesia,Male,Lahat,Shuffledrive,559.45,IDR
Patrick,Daniels,pdaniels1v@altervista.org,China,Male,Denglong,Skivee,24577.25,CNY
Peter,Freeman,pfreeman1w@elpais.com,Malaysia,Male,Kuala Terengganu,Feednation,9163.01,MYR
Phillip,Wallace,pwallace1x@booking.com,Sweden,Male,Arvika,Trilia,49351.77,SEK
Gary,Baker,gbaker1y@webmd.com,Sierra Leone,Male,Kabala,Fatz,7298.39,SLL
Clarence,Long,clong1z@e-recht24.de,Cuba,Male,Güira de Melena,Twimbo,,CUP
Joyce,Young,jyoung20@redcross.org,China,Female,Fengyang,Jazzy,69803.30,CNY
Cheryl,Hughes,chughes21@timesonline.co.uk,Costa Rica,Female,San Isidro,Browsedrive,87368.26,CRC
Rose,Ruiz,rruiz22@soundcloud.com,Indonesia,Female,Talok,Zoonoodle,79322.44,IDR
Jimmy,Hall,jhall23@usnews.com,Lithuania,Male,Panevėžys,Voolith,57986.01,LTL
Kathleen,Johnston,kjohnston24@guardian.co.uk,Philippines,Female,Alae,Rhynoodle,72543.08,PHP
Christine,Mendoza,cmendoza25@aboutads.info,United States,Female,Atlanta,Rhycero,9211.59,USD
Norma,Banks,nbanks26@cdbaby.com,Poland,Female,Stalowa Wola,Fliptune,48099.25,PLN
Clarence,Taylor,ctaylor27@princeton.edu,Slovenia,Male,Vuzenica,Dazzlesphere,96915.56,EUR
Robin,Torres,rtorres28@desdev.cn,Japan,Female,Shingū,Camimbo,53073.09,JPY
Denise,Day,dday29@kickstarter.com,China,Female,Ezhou,Riffpedia,37539.49,CNY
Jimmy,Adams,jadams2a@gravatar.com,Peru,Male,Calango,Fliptune,7466.25,PEN
Richard,Campbell,rcampbell2b@newsvine.com,Poland,Male,Sędziejowice,Chatterbridge,47131.70,PLN
Michelle,Nichols,mnichols2c@cbc.ca,Indonesia,Female,Cikendi,Bubblebox,19447.05,IDR
Ruby,Webb,rwebb2d@weibo.com,China,Female,Bayan Hot,Plambee,36301.29,CNY
Carl,Martin,cmartin2e@indiatimes.com,Bosnia and Herzegovina,Male,Gornja Koprivna,Thoughtmix,25608.95,BAM
Ralph,Little,rlittle2f@blogspot.com,Croatia,Male,Ludbreg,Shuffledrive,61244.29,HRK
Juan,Burton,jburton2g@blog.com,Japan,Male,Daitōchō,Youspan,51792.13,JPY
Barbara,Perkins,bperkins2h@businesswire.com,China,Female,Jieyang,Youspan,20961.90,CNY
Stephen,Gonzalez,sgonzalez2i@merriam-webster.com,Argentina,Male,Charata,Shufflester,77534.42,ARS
Kelly,Harvey,kharvey2j@latimes.com,Nepal,Female,Jaleswar,Brainbox,83700.71,NPR
Julie,Arnold,jarnold2k@example.com,Paraguay,Female,Nueva Italia,Podcat,54359.78,PYG
Betty,Lawson,blawson2l@webeden.co.uk,Thailand,Female,Sung Noen,Jazzy,49696.74,THB
Phyllis,Black,pblack2m@google.com,Brazil,Female,Ponta Porã,Thoughtsphere,31358.31,BRL
Anne,Ray,aray2n@xinhuanet.com,Russia,Female,Priozërsk,Cogilith,18634.91,RUB
Antonio,Berry,aberry2o@youtube.com,Russia,Male,Sergeyevka,Npath,2107.80,RUB
Patrick,Anderson,panderson2p@icio.us,Canada,Male,Airdrie,Aimbo,34136.28,CAD
Jason,Jenkins,jjenkins2q@skype.com,Finland,Male,Janakkala,Feedspan,5463.80,EUR
Lisa,Torres,ltorres2r@mashable.com,Portugal,Female,Água Retorta,Flipbug,43396.65,EUR
Julia,Payne,jpayne2s@ocn.ne.jp,China,Female,Baoshan,Tazz,49510.92,CNY
Carlos,Alvarez,calvarez2t@illinois.edu,Mexico,Male,Emiliano Zapata,Yamia,1919.65,MXN
Rachel,Elliott,relliott2u@cam.ac.uk,Armenia,Female,Sarukhan,Innojam,66254.57,AMD
Jimmy,Kelly,jkelly2v@google.es,Croatia,Male,Hodošan,Kwideo,68092.61,HRK
Samuel,Arnold,sarnold2w@earthlink.net,Poland,Male,Kaliska,Jabbertype,10008.24,PLN
Peter,Foster,pfoster2x@tripadvisor.com,Argentina,Male,San Fernando del Valle de Catamarca,Topdrive,56885.88,ARS
Nicholas,Bell,nbell2y@flickr.com,Lithuania,Male,Rūdiškės,Kwimbee,70272.64,LTL
Deborah,Franklin,dfranklin2z@cisco.com,Russia,Female,Ekazhevo,Myworks,67164.76,RUB
Janice,Young,jyoung30@elpais.com,China,Female,Dongla,Tazz,62942.28,CNY
Sandra,Harvey,sharvey31@google.com.br,Finland,Female,Tampere,Realpoint,30466.55,EUR
Carl,Green,cgreen32@meetup.com,Palestinian Territory,Male,‘Ābūd,Linktype,,ILS
Kathryn,Fernandez,kfernandez33@webs.com,Canada,Female,Dollard-Des Ormeaux,Topiczoom,91153.09,CAD
Judy,Peters,jpeters34@geocities.jp,Ukraine,Female,Lopatyn,Trudoo,38347.72,UAH
Susan,Simmons,ssimmons35@va.gov,Ghana,Female,Mamponteng,Blogtag,85552.72,GHS
Bonnie,Payne,bpayne36@sohu.com,China,Female,Wushi,Eidel,48219.54,CNY
Samuel,Stanley,sstanley37@ycombinator.com,Brazil,Male,Jardim,Rhybox,72551.42,BRL
Janice,Snyder,jsnyder38@hexun.com,Cook Islands,Female,Avarua,Ainyx,65240.09,NZD
Wanda,Schmidt,wschmidt39@github.io,Sweden,Female,Vänersborg,Pixoboo,82650.04,SEK
Lawrence,Hamilton,lhamilton3a@google.com,Brazil,Male,Andradina,Skippad,11968.70,BRL
Jason,Kennedy,jkennedy3b@odnoklassniki.ru,Finland,Male,Taavetti,Bluejam,90132.50,EUR
Brenda,Cunningham,bcunningham3c@google.es,Russia,Female,Kungur,Flashset,22118.22,RUB
Kathryn,Ellis,kellis3d@gnu.org,Portugal,Female,Pedrulheira,Edgepulse,86321.88,EUR
Doris,Diaz,ddiaz3e@ezinearticles.com,Philippines,Female,Caraga,Quinu,25497.34,PHP
Charles,Harvey,charvey3f@wiley.com,Poland,Male,Giebułtów,Digitube,50802.89,PLN
Robert,Nguyen,rnguyen3g@wix.com,Iraq,Male,Ar Ruţbah,Youspan,62732.62,IQD
Karen,Frazier,kfrazier3h@redcross.org,Czech Republic,Female,Štoky,Fivebridge,14295.54,CZK
Betty,Cooper,bcooper3i@jugem.jp,Ukraine,Female,Pidvynohradiv,Thoughtsphere,26939.18,UAH
Donna,Olson,dolson3j@berkeley.edu,Japan,Female,Chōfugaoka,Babbleopia,,JPY
Donna,Wood,dwood3k@utexas.edu,China,Female,Huangjindong,Livefish,37811.40,CNY
Justin,Garza,jgarza3l@baidu.com,Indonesia,Male,Paka,Thoughtblab,73657.26,IDR
Anna,Carpenter,acarpenter3m@aol.com,Iran,Female,Garmeh,Quimba,60622.98,IRR
Peter,Sanchez,psanchez3n@pen.io,Indonesia,Male,Gombangan,Vitz,12732.31,IDR
Sharon,Palmer,spalmer3o@va.gov,Russia,Female,Novyye Kuz’minki,Minyx,73066.56,RUB
Judith,Marshall,jmarshall3p@smh.com.au,Poland,Female,Balice,Blogpad,24553.03,PLN
Irene,Carr,icarr3q@indiegogo.com,Mexico,Female,Emiliano Zapata,Feedfish,73483.41,MXN
Alan,Oliver,aoliver3r@yellowpages.com,China,Male,Chengxiang,Ntag,,CNY
Sharon,Gomez,sgomez3s@live.com,Russia,Female,Burmakino,Minyx,29995.65,RUB
Samuel,Gutierrez,sgutierrez3t@netscape.com,Portugal,Male,Seixas do Douro,Yodo,,EUR
Doris,Perez,dperez3u@dedecms.com,Colombia,Female,Circasia,Yata,96463.89,COP
Jonathan,Reed,jreed3v@google.cn,China,Male,Daoxu,Youspan,51643.15,CNY
Susan,Bishop,sbishop3w@delicious.com,Indonesia,Female,Gabahan,Dynava,5707.87,IDR
Kathy,Smith,ksmith3x@time.com,France,Female,Cholet,Eabox,13769.93,EUR
Janet,Rivera,jrivera3y@oaic.gov.au,Indonesia,Female,Cikaludan,Myworks,47143.17,IDR
Samuel,Richards,srichards3z@berkeley.edu,China,Male,Shijing,Agimba,86546.62,CNY
Clarence,Carpenter,ccarpenter40@phoca.cz,Belarus,Male,Zaslawye,Browsedrive,93302.99,BYR
Kenneth,Duncan,kduncan41@ask.com,China,Male,Gutang,Riffpedia,94281.67,CNY
Dorothy,James,djames42@prweb.com,China,Female,Rifeng,Voonyx,39897.07,CNY
Lillian,Perry,lperry43@comsenz.com,Cyprus,Female,Akaki,Skinix,9770.79,EUR
Maria,Wright,mwright44@wired.com,Indonesia,Female,Kedungharjo,Eamia,98162.65,IDR
Daniel,Ramos,dramos45@flavors.me,Russia,Male,Romanovskaya,Thoughtstorm,21156.77,RUB
Johnny,Fisher,jfisher46@quantcast.com,Philippines,Male,Teresa,Yacero,98061.28,PHP
Larry,Hunt,lhunt47@webs.com,Kuwait,Male,Şabāḩ as Sālim,Zoovu,4535.83,KWD
Alice,Williamson,awilliamson48@army.mil,Honduras,Female,Carbajales,Realbuzz,20249.21,HNL
Jennifer,Bennett,jbennett49@irs.gov,Philippines,Female,Okiot,Dazzlesphere,49429.76,PHP
Philip,Allen,pallen4a@amazon.de,Argentina,Male,Coronda,Yodel,83621.72,ARS
Karen,Garrett,kgarrett4b@google.it,Japan,Female,Iwaki,Quamba,63489.63,JPY
Kelly,Stone,kstone4c@discovery.com,Pakistan,Female,Hāla,Linklinks,82781.54,PKR
Roger,Evans,revans4d@studiopress.com,Bulgaria,Male,Bratsigovo,Flashspan,81825.05,BGN
Jack,Vasquez,jvasquez4e@delicious.com,France,Male,Lyon,Mycat,38933.54,EUR
Jeffrey,Gilbert,jgilbert4f@twitpic.com,China,Male,Lujiao,Demizz,13050.68,CNY
Beverly,Walker,bwalker4g@umn.edu,Russia,Female,Petro-Slavyanka,Tekfly,76217.29,RUB
Rebecca,Richardson,rrichardson4h@nasa.gov,Norway,Female,Bergen,Realblab,19779.56,NOK
Joseph,Carpenter,jcarpenter4i@oracle.com,Russia,Male,Tyumen,Kazio,89650.48,RUB
Brian,Green,bgreen4j@bloglovin.com,Thailand,Male,Wang Muang,Dynabox,84145.95,THB
Jerry,Woods,jwoods4k@ihg.com,France,Male,Colombes,Browsedrive,54993.31,EUR
Christina,Banks,cbanks4l@livejournal.com,Paraguay,Female,Itacurubí del Rosario,Zoozzy,32912.18,PYG
Marilyn,Rivera,mrivera4m@tiny.cc,France,Female,Goussainville,Eamia,30827.50,EUR
Lawrence,Myers,lmyers4n@posterous.com,China,Male,Mabu,Mita,13030.15,CNY
Robert,Black,rblack4o@unesco.org,Russia,Male,Krasnokamsk,Plajo,65650.24,RUB
Jesse,Sanders,jsanders4p@icq.com,Poland,Male,Koszyce Wielkie,Riffpedia,47726.76,PLN
Joe,Greene,jgreene4q@infoseek.co.jp,China,Male,Mengxi,Meejo,63027.66,CNY
Beverly,Jones,bjones4r@bizjournals.com,Russia,Female,Pervoural’sk,Lajo,23165.77,RUB
Andrea,Mcdonald,amcdonald4s@google.fr,China,Female,Taishan,Wikizz,15699.34,CNY
Michelle,Stephens,mstephens4t@example.com,China,Female,Xianchiyu,Fanoodle,973.65,CNY
Brian,Lee,blee4u@webnode.com,Russia,Male,Khomutovo,Babblestorm,,RUB
Helen,Richards,hrichards4v@joomla.org,Indonesia,Female,Hauhena,Brightbean,68898.04,IDR
Kathy,Gilbert,kgilbert4w@cmu.edu,Indonesia,Female,Kudang,Tagpad,69032.05,IDR
Willie,Ferguson,wferguson4x@jiathis.com,Mexico,Male,Francisco I Madero,Twimm,25629.59,MXN
Donald,Scott,dscott4y@networksolutions.com,Estonia,Male,Tõrva,Thoughtstorm,,EUR
Samuel,Pierce,spierce4z@army.mil,Portugal,Male,Alpiarça,Latz,69912.56,EUR
Chris,Carpenter,ccarpenter50@hostgator.com,Indonesia,Male,Sukaratu,Topiczoom,6947.21,IDR
Carl,Hawkins,chawkins51@cdbaby.com,China,Male,Huipinggeng,Cogidoo,63228.58,CNY
Harry,Brown,hbrown52@engadget.com,Mexico,Male,Independencia,Kwimbee,85437.52,MXN
Harold,Riley,hriley53@cbsnews.com,Ukraine,Male,Pomichna,Aimbo,64428.08,UAH
Walter,Gardner,wgardner54@china.com.cn,Russia,Male,Novoanninskiy,Skyndu,93113.38,RUB
Kathy,Berry,kberry55@newsvine.com,Mexico,Female,El Mirador,Jabbersphere,24060.12,MXN
Ronald,Torres,rtorres56@dropbox.com,Indonesia,Male,Nanggorak,Blogtags,82054.94,IDR
Jonathan,Green,jgreen57@bloglovin.com,Philippines,Male,Santa Barbara,Pixoboo,89235.94,PHP
Wayne,Carpenter,wcarpenter58@hc360.com,China,Male,Liubo,Dynabox,14677.76,CNY
Doris,Bennett,dbennett59@dagondesign.com,China,Female,Shiyuetian,Oyoloo,20989.35,CNY
Lisa,Reyes,lreyes5a@ted.com,Germany,Female,München,Snaptags,36174.27,EUR
Victor,Sanders,vsanders5b@thetimes.co.uk,China,Male,Liudong,Oyope,49983.07,CNY
Ronald,Little,rlittle5c@unicef.org,Indonesia,Male,Asempapan,Jetpulse,27752.66,IDR
Ashley,Hayes,ahayes5d@wunderground.com,Philippines,Female,Santiago,Innojam,6078.01,PHP
Margaret,Martinez,mmartinez5e@cornell.edu,Afghanistan,Female,Panjāb,Meevee,90299.69,AFN
Carolyn,Richardson,crichardson5f@foxnews.com,Poland,Female,Miętne,Meevee,74082.99,PLN
Craig,Dunn,cdunn5g@list-manage.com,Denmark,Male,København,Talane,45911.06,DKK
Patricia,Lewis,plewis5h@imgur.com,Belarus,Female,Kruhlaye,Rhybox,98421.13,BYR
Julia,Hawkins,jhawkins5i@biglobe.ne.jp,Turkmenistan,Female,Türkmenabat,Topiczoom,73565.85,TMT
Diane,Griffin,dgriffin5j@state.gov,Philippines,Female,Calamba,Eabox,,PHP
Joe,Harper,jharper5k@springer.com,Indonesia,Male,Pulautemiang,Devify,76603.86,IDR
Frank,Bowman,fbowman5l@webs.com,Ireland,Male,Castlepollard,Cogilith,23572.17,EUR
Antonio,Dean,adean5m@whitehouse.gov,Philippines,Male,San Narciso,Demizz,,PHP
Jimmy,Harvey,jharvey5n@weather.com,China,Male,Pinghu,Blogspan,74621.31,CNY
Larry,Watkins,lwatkins5o@joomla.org,Sweden,Male,Stockholm,Katz,59849.71,SEK
Jason,Nichols,jnichols5p@homestead.com,Venezuela,Male,Tucupido,Ntags,40736.56,VEF
Evelyn,Sims,esims5q@skype.com,Russia,Female,Karmaskaly,Izio,87790.48,RUB
Debra,Ortiz,dortiz5r@artisteer.com,Argentina,Female,Villa La Angostura,Livetube,68895.59,ARS
Diane,Williamson,dwilliamson5s@fc2.com,Russia,Female,Tigil’,Riffwire,71364.99,RUB
Roger,Frazier,rfrazier5t@fema.gov,China,Male,Shuiyuan,Tagchat,61262.93,CNY
Sara,Larson,slarson5u@acquirethisname.com,New Zealand,Female,Taradale,Lajo,13120.08,NZD
Janet,Jenkins,jjenkins5v@over-blog.com,Colombia,Female,Puerto Boyacá,Blogpad,9940.94,COP
Frank,Robinson,frobinson5w@dell.com,Indonesia,Male,Puamata,Gabtune,63690.82,IDR
Jessica,Ruiz,jruiz5x@altervista.org,Syria,Female,Al Bāriqīyah,Shuffletag,81679.70,SYP
Margaret,Palmer,mpalmer5y@w3.org,Palau,Female,Melekeok Village,Yotz,18305.05,USD
Norma,Turner,nturner5z@usnews.com,Malaysia,Female,Kuala Lumpur,Ooba,83930.16,MYR
Kathryn,Scott,kscott60@wsj.com,Canada,Female,Chester,Skilith,56222.54,CAD
Stephen,Lawson,slawson61@icq.com,Luxembourg,Male,Schieren,Centimia,31518.87,EUR
Keith,Burton,kburton62@apple.com,Israel,Male,Azor,Wordware,38209.44,ILS
Susan,Mason,smason63@washingtonpost.com,China,Female,Shidu,Kazu,65930.29,CNY
Patrick,Boyd,pboyd64@cbslocal.com,Indonesia,Male,Bomomani,Riffwire,92885.09,IDR
Alan,Schmidt,aschmidt65@amazon.co.uk,China,Male,Chengji,Tagfeed,49619.78,CNY
Matthew,Jordan,mjordan66@java.com,Brazil,Male,Caeté,Fiveclub,61205.20,BRL
Wayne,Young,wyoung67@reddit.com,Russia,Male,Kyzyl,Riffpath,,RUB
Juan,Fernandez,jfernandez68@oaic.gov.au,Bermuda,Male,Hamilton,Lazz,82686.70,BMD
Samuel,Dixon,sdixon69@reuters.com,Indonesia,Male,Homeyo,Divape,31061.64,IDR
Justin,Rodriguez,jrodriguez6a@mtv.com,Peru,Male,Pacaycasa,Jazzy,80638.88,PEN
Karen,Reynolds,kreynolds6b@macromedia.com,Russia,Female,Almaznyy,Blogspan,27915.52,RUB
Christina,Fields,cfields6c@home.pl,Guatemala,Female,Ipala,Trudeo,50443.67,GTQ
Harry,Medina,hmedina6d@printfriendly.com,Brazil,Male,Rio de Janeiro,Mymm,,BRL
Jeffrey,Harvey,jharvey6e@wsj.com,Argentina,Male,Cipolletti,Vipe,45755.94,ARS
Bonnie,Ortiz,bortiz6f@nasa.gov,Russia,Female,Peredovaya,Jaxworks,42729.67,RUB
Arthur,Burke,aburke6g@spotify.com,Portugal,Male,Vale de Madeiros,Skimia,45355.46,EUR
Helen,Chavez,hchavez6h@linkedin.com,United States,Female,Akron,Divanoodle,41975.23,USD
Eugene,Mitchell,emitchell6i@globo.com,Poland,Male,Gąsocin,Jetpulse,26489.12,PLN
Virginia,Mitchell,vmitchell6j@shinystat.com,Syria,Female,Khirbat Tīn Nūr,Yodo,85267.94,SYP
Kathleen,Anderson,kanderson6k@vinaora.com,Portugal,Female,Vila Franca das Naves,Feedfire,67227.44,EUR
Daniel,Hansen,dhansen6l@craigslist.org,Philippines,Male,San Carlos,Izio,11351.55,PHP
Roy,Pierce,rpierce6m@photobucket.com,China,Male,Mazha,Meedoo,59180.38,CNY
Janice,White,jwhite6n@devhub.com,China,Female,Miaotang,Rhyloo,17928.48,CNY
Jennifer,James,jjames6o@smh.com.au,Cuba,Female,Holguín,Brightdog,4089.98,CUP
Cheryl,Woods,cwoods6p@businesswire.com,Japan,Female,Chitose,Yotz,86967.13,JPY
Randy,Jones,rjones6q@bbb.org,Democratic Republic of the Congo,Male,Mbuji-Mayi,Livefish,29712.58,CDF
Henry,Cruz,hcruz6r@chronoengine.com,Cameroon,Male,Garoua,Quatz,90441.47,XAF
Michael,Chavez,mchavez6s@kickstarter.com,Italy,Male,Genova,Roombo,91525.81,EUR
Charles,Peterson,cpeterson6t@engadget.com,Indonesia,Male,Pineleng,Dynava,53207.87,IDR
Maria,Brooks,mbrooks6u@marriott.com,Dominican Republic,Female,Bella Vista,Jaxworks,95285.45,DOP
Thomas,Bailey,tbailey6v@weibo.com,Philippines,Male,Taboc,Meevee,83624.07,PHP
Earl,Wallace,ewallace6w@ehow.com,China,Male,Sandaohezi,Kwimbee,47292.85,CNY
Benjamin,Riley,briley6x@godaddy.com,Palestinian Territory,Male,Dayr Sharaf,Trunyx,45343.23,ILS
Cynthia,Russell,crussell6y@desdev.cn,Russia,Female,Yegor’yevsk,Camido,69798.48,RUB
Lisa,Porter,lporter6z@bravesites.com,Netherlands,Female,Den Haag,Eadel,49116.88,EUR
Nancy,Frazier,nfrazier70@ftc.gov,Brazil,Female,Ubatuba,Fatz,31990.31,BRL
Bonnie,Morgan,bmorgan71@marketwatch.com,Indonesia,Female,Palue,Pixonyx,80587.84,IDR
Denise,Garrett,dgarrett72@scientificamerican.com,Mexico,Female,La Cruz,Dabfeed,,MXN
Scott,Murray,smurray73@tumblr.com,France,Male,Arbois,Skinder,,EUR
Eugene,Weaver,eweaver74@edublogs.org,Uzbekistan,Male,Qiziltepa Shahri,Quamba,88155.90,UZS
Beverly,Parker,bparker75@spotify.com,United States,Female,West Palm Beach,Devbug,53874.82,USD
George,Clark,gclark76@uiuc.edu,Finland,Male,Uurainen,Blogtag,74142.18,EUR
Teresa,Stewart,tstewart77@utexas.edu,Croatia,Female,Klana,Demimbu,84992.62,HRK
Tina,Wright,twright78@dropbox.com,Czech Republic,Female,Týnec,Photospace,3858.72,CZK
Eugene,Martin,emartin79@tuttocitta.it,Macedonia,Male,Pršovce,Twitterbridge,71496.81,MKD
Lois,Smith,lsmith7a@census.gov,China,Female,Huaxian,Minyx,7596.58,CNY
Emily,Adams,eadams7b@forbes.com,Mexico,Female,5 de Mayo,Realcube,42170.75,MXN
Joseph,Lawson,jlawson7c@indiegogo.com,Palestinian Territory,Male,Dūrā al Qar‘,Twinder,34300.89,ILS
Charles,Alexander,calexander7d@technorati.com,Argentina,Male,Quimilí,Aimbo,82007.90,ARS
Sara,Harrison,sharrison7e@google.cn,China,Female,Ningdun,Livetube,80186.44,CNY
Scott,Richards,srichards7f@microsoft.com,United States,Male,Kansas City,Gigazoom,39005.46,USD
Juan,Ortiz,jortiz7g@t.co,Philippines,Male,San Andres,Tagtune,,PHP
Gloria,Banks,gbanks7h@skype.com,Indonesia,Female,Nuasepu,Voonder,50317.57,IDR
Walter,Cruz,wcruz7i@nhs.uk,Ireland,Male,Ballymun,Yodo,51236.37,EUR
Katherine,Frazier,kfrazier7j@google.pl,Philippines,Female,San Andres,Eabox,6944.67,PHP
Larry,Lopez,llopez7k@ox.ac.uk,Poland,Male,Pecna,Rhyloo,91983.21,PLN
Julie,James,jjames7l@biglobe.ne.jp,Russia,Female,Priob’ye,Skyndu,63533.34,RUB
Patrick,Evans,pevans7m@nydailynews.com,Kazakhstan,Male,Kostanay,Fivebridge,71598.82,KZT
Lois,Harrison,lharrison7n@cbslocal.com,Djibouti,Female,Obock,Jabberbean,83067.76,DJF
Katherine,Thompson,kthompson7o@nymag.com,Sweden,Female,Borås,BlogXS,97559.19,SEK
Henry,Harvey,hharvey7p@godaddy.com,China,Male,Langzhong,Oozz,8283.81,CNY
Albert,Ferguson,aferguson7q@sfgate.com,China,Male,Bao’an,Feedbug,33533.82,CNY
Janice,Jones,jjones7r@mysql.com,China,Female,Hekou,Yodel,69672.87,CNY
Thomas,Gray,tgray7s@live.com,Iran,Male,Rāvar,Wordware,62979.29,IRR
Gregory,Gray,ggray7t@devhub.com,Indonesia,Male,Boncong,Izio,90399.67,IDR
Samuel,Roberts,sroberts7u@freewebs.com,China,Male,Tancheng,Divanoodle,52049.60,CNY
Ronald,Edwards,redwards7v@icq.com,Germany,Male,München,Kanoodle,24497.49,EUR
Diane,Lawrence,dlawrence7w@apple.com,Chile,Female,Viña del Mar,Dynabox,75309.08,CLP
Jeffrey,Simmons,jsimmons7x@com.com,Indonesia,Male,Awilega,Topicstorm,93503.58,IDR
Lois,Fernandez,lfernandez7y@histats.com,United States,Female,Miami,Linklinks,25579.35,USD
Denise,Flores,dflores7z@addthis.com,Sweden,Female,Umeå,Tagpad,64243.97,SEK
Daniel,Little,dlittle80@skype.com,Venezuela,Male,Santa Elena de Uairén,Edgetag,9437.47,VEF
Brandon,Fields,bfields81@paypal.com,Honduras,Male,Corquín,Fatz,15473.54,HNL
Juan,Richards,jrichards82@timesonline.co.uk,Japan,Male,Murakami,Twitterworks,7251.93,JPY
Ryan,Martin,rmartin83@webmd.com,Indonesia,Male,Karano,Janyx,76244.49,IDR
Dennis,Bishop,dbishop84@time.com,Poland,Male,Zubrzyca Dolna,Riffpath,3550.09,PLN
Howard,Williams,hwilliams85@unblog.fr,Poland,Male,Janowiec,Yombu,39626.40,PLN
Marilyn,Shaw,mshaw86@usa.gov,China,Female,Xiejia,Aimbu,40835.15,CNY
Benjamin,Rodriguez,brodriguez87@youku.com,China,Male,Xiangshi,Livefish,3619.66,CNY
Jennifer,Vasquez,jvasquez88@miibeian.gov.cn,Japan,Female,Hitoyoshi,Quinu,28269.45,JPY
Jose,Allen,jallen89@baidu.com,China,Male,Fankeng,Lazzy,62583.42,CNY
Gerald,Cole,gcole8a@theguardian.com,United States,Male,Topeka,Youspan,28212.91,USD
Judy,Matthews,jmatthews8b@scientificamerican.com,China,Female,Wumahe,Skippad,35732.41,CNY
Joshua,George,jgeorge8c@gov.uk,China,Male,Yuecheng,Skinte,97516.33,CNY
Jose,Wilson,jwilson8d@chronoengine.com,Indonesia,Male,Tuateta,Fiveclub,77035.23,IDR
Robin,Dean,rdean8e@amazon.com,Czech Republic,Female,Opatov,Demivee,35160.87,CZK
James,Carroll,jcarroll8f@wikimedia.org,Portugal,Male,Pereira,Wikizz,23368.19,EUR
Victor,Chapman,vchapman8g@gmpg.org,Colombia,Male,Villa del Rosario,Blogpad,37653.48,COP
Kenneth,Turner,kturner8h@youtu.be,China,Male,Longzui,Chatterbridge,,CNY
Barbara,Burke,bburke8i@usda.gov,Russia,Female,Dalakovo,Quatz,,RUB
Sarah,Rogers,srogers8j@who.int,China,Female,Baicun,Browseblab,5560.41,CNY
Carolyn,Riley,criley8k@comcast.net,Tajikistan,Female,Sarband,Realbridge,51944.51,TJS
Martha,Peterson,mpeterson8l@economist.com,Thailand,Female,Khlong Toei,Ailane,5357.81,THB
Stephanie,Jordan,sjordan8m@tripadvisor.com,Malaysia,Female,Putrajaya,Gabvine,45285.21,MYR
Scott,Hernandez,shernandez8n@clickbank.net,Bosnia and Herzegovina,Male,Maglaj,Tagchat,61425.55,BAM
Andrew,Patterson,apatterson8o@comcast.net,Portugal,Male,Calhetas,Kaymbo,6997.93,EUR
Kimberly,Williamson,kwilliamson8p@wikispaces.com,Sweden,Female,Växjö,Ailane,45488.13,SEK
Cynthia,Mccoy,cmccoy8q@state.gov,China,Female,Guhuai,Meeveo,96123.74,CNY
Steve,Knight,sknight8r@google.fr,Sweden,Male,Olofström,Gigaclub,,SEK
Ann,Burns,aburns8s@webmd.com,Brazil,Female,Carmo do Paranaíba,Meembee,63850.57,BRL
Julie,Stanley,jstanley8t@imageshack.us,Russia,Female,Taremskoye,Jayo,24606.61,RUB
Lawrence,Morgan,lmorgan8u@npr.org,Czech Republic,Male,Domanín,Mymm,77164.67,CZK
Tammy,Harper,tharper8v@globo.com,Slovenia,Female,Bistrica pri Tržiču,Dynabox,58083.23,EUR
Kathleen,Gonzalez,kgonzalez8w@cornell.edu,Canada,Female,Montréal-Ouest,Skipfire,66825.12,CAD
Joshua,Crawford,jcrawford8x@mapy.cz,Zambia,Male,Kaoma,Dazzlesphere,,ZMW
Albert,Smith,asmith8y@friendfeed.com,Philippines,Male,Milagros,Dabtype,62757.10,PHP
Frances,Reynolds,freynolds8z@omniture.com,Ecuador,Female,Chone,Browsecat,96541.28,USD
Christina,Porter,cporter90@blinklist.com,Portugal,Female,Água Retorta,Mudo,28983.40,EUR
Brenda,Freeman,bfreeman91@ted.com,Indonesia,Female,Masape,Wikivu,31746.11,IDR
Lori,Fox,lfox92@tmall.com,Denmark,Female,København,Divape,74487.25,DKK
Chris,Gibson,cgibson93@google.de,Peru,Male,Chaviña,Trunyx,82094.20,PEN
Patricia,Graham,pgraham94@pbs.org,Costa Rica,Female,San Felipe,Twitterbeat,,CRC
Irene,Moore,imoore95@patch.com,Russia,Female,Lyaskelya,Zoozzy,,RUB
Betty,Meyer,bmeyer96@ucoz.ru,Venezuela,Female,Santa Bárbara,Thoughtmix,,VEF
Nicole,Welch,nwelch97@mapquest.com,Mali,Female,Diré,Browsecat,91855.85,XOF
Norma,Fowler,nfowler98@tripadvisor.com,Russia,Female,Vykhino-Zhulebino,Skynoodle,92211.78,RUB
Cynthia,Woods,cwoods99@cdbaby.com,Ukraine,Female,Volodymyr-Volyns’kyy,Riffpedia,35996.07,UAH
Samuel,Pierce,spierce9a@123-reg.co.uk,Serbia,Male,Badovinci,Gabtype,784.83,RSD
Susan,Edwards,sedwards9b@latimes.com,China,Female,Fulin,Flipopia,31807.06,CNY
Joan,Gonzales,jgonzales9c@oracle.com,United States,Female,Waco,Photojam,2721.11,USD
Russell,Coleman,rcoleman9d@fda.gov,Colombia,Male,Quibdó,Fivespan,23045.75,COP
Deborah,Berry,dberry9e@addthis.com,Indonesia,Female,Lengkong,Aimbo,11804.89,IDR
Norma,Ross,nross9f@trellian.com,Georgia,Female,Kelasuri,Thoughtblab,95150.27,GEL
Jesse,Moreno,jmoreno9g@addtoany.com,Indonesia,Male,Bogi,Voolia,44350.11,IDR
Christine,Freeman,cfreeman9h@alibaba.com,United States,Female,Wichita,Babbleblab,22602.49,USD
Gary,Hawkins,ghawkins9i@mozilla.com,Argentina,Male,Doblas,Eazzy,20933.19,ARS
Mildred,Frazier,mfrazier9j@foxnews.com,Pakistan,Female,Shahkot,Mynte,,PKR
Gary,Medina,gmedina9k@unblog.fr,Philippines,Male,Tipaz,Kwinu,84358.32,PHP
Martin,Harrison,mharrison9l@cloudflare.com,Indonesia,Male,Kawahmanuk,Dabshots,63038.87,IDR
Martha,Vasquez,mvasquez9m@dyndns.org,China,Female,Mizhou,Chatterpoint,57104.82,CNY
Elizabeth,Wagner,ewagner9n@biblegateway.com,Sweden,Female,Järfälla,Devcast,52101.07,SEK
Brian,Franklin,bfranklin9o@thetimes.co.uk,China,Male,Hongzhou,InnoZ,,CNY
Kathryn,Graham,kgraham9p@godaddy.com,China,Female,Jieshan,Topicware,94843.70,CNY
Howard,Ferguson,hferguson9q@twitter.com,Indonesia,Male,Pondokrejo Wetan,Jatri,23229.80,IDR
Rachel,Patterson,rpatterson9r@google.com,Chile,Female,Puyehue,Shuffletag,45801.40,CLP
Evelyn,Graham,egraham9s@stanford.edu,Ethiopia,Female,Bako,Devify,10445.36,ETB
Keith,Elliott,kelliott9t@geocities.com,Indonesia,Male,Ciheras,Eabox,29820.23,IDR
Aaron,Lane,alane9u@linkedin.com,Libya,Male,Tūkrah,Zoomlounge,50728.76,LYD
Ralph,Garza,rgarza9v@mit.edu,Bangladesh,Male,Shibganj,Feednation,67056.20,BDT
Evelyn,Wilson,ewilson9w@miitbeian.gov.cn,Russia,Female,Sosnovaya Polyana,Quamba,,RUB
Tammy,Davis,tdavis9x@skyrock.com,Kenya,Female,Lodwar,Mydeo,9407.28,KES
Stephen,Carter,scarter9y@angelfire.com,Argentina,Male,Tostado,Realbridge,23934.72,ARS
Paul,Nguyen,pnguyen9z@imgur.com,Sweden,Male,Haninge,Flipopia,49013.05,SEK
Russell,Dunn,rdunna0@ning.com,Ethiopia,Male,Gorē,Yodoo,36969.99,ETB
Daniel,Cook,dcooka1@yale.edu,Japan,Male,Shimo-furano,Linktype,,JPY
Jose,Holmes,jholmesa2@photobucket.com,Russia,Male,Solotcha,Flipbug,67594.14,RUB
Tammy,Ford,tforda3@cisco.com,Finland,Female,Jäppilä,Wordtune,13857.81,EUR
Debra,Campbell,dcampbella4@exblog.jp,Sweden,Female,Nyköping,Kwimbee,,SEK
Gloria,Hayes,ghayesa5@bbb.org,China,Female,Jieduo,Twitterlist,2758.66,CNY
Debra,Morrison,dmorrisona6@washingtonpost.com,Poland,Female,Bieniewice,Trilith,96192.38,PLN
Janet,Robertson,jrobertsona7@yelp.com,Brazil,Female,Coaraci,Roomm,68293.92,BRL
Jennifer,Diaz,jdiaza8@artisteer.com,Sweden,Female,Borås,Dynabox,45357.43,SEK
Henry,Chavez,hchaveza9@cpanel.net,Albania,Male,Poroçan,Voolith,46064.66,ALL
Frances,Jordan,fjordanaa@nymag.com,China,Female,Youxikou,Oyoba,19738.26,CNY
Shawn,Alvarez,salvarezab@ed.gov,Indonesia,Male,Bojongloa,Wikido,68273.75,IDR
Robert,Tucker,rtuckerac@globo.com,United States,Male,Fargo,Riffwire,84070.09,USD
Joseph,Snyder,jsnyderad@go.com,Moldova,Male,Floreşti,Voonix,41595.60,MDL
Ashley,King,akingae@statcounter.com,Brazil,Female,São João del Rei,Trudoo,93228.23,BRL
Shawn,Garcia,sgarciaaf@howstuffworks.com,Cayman Islands,Male,East End,Bubbletube,,KYD
Julie,Jenkins,jjenkinsag@tinypic.com,Colombia,Female,Nariño,Gigaclub,53339.90,COP
Lori,Spencer,lspencerah@utexas.edu,Indonesia,Female,Oebobo,Tagpad,6176.17,IDR
Phyllis,Bennett,pbennettai@exblog.jp,Finland,Female,Kimito,Viva,17221.73,EUR
Justin,Reid,jreidaj@newsvine.com,Russia,Male,Kurovskoye,Linktype,67294.81,RUB
Janet,Duncan,jduncanak@infoseek.co.jp,Indonesia,Female,Bantarpanjang,Einti,22691.90,IDR
Eugene,Chavez,echavezal@posterous.com,Russia,Male,Morshansk,Dabjam,60063.94,RUB
Johnny,Ward,jwardam@macromedia.com,Philippines,Male,Kagawasan,Shuffledrive,56972.20,PHP
Laura,Meyer,lmeyeran@usatoday.com,Portugal,Female,Barrosas,Twitterlist,,EUR
Evelyn,Howell,ehowellao@zdnet.com,Peru,Female,Quillabamba,Meeveo,,PEN
Wanda,Burns,wburnsap@google.co.jp,Philippines,Female,Pandan,Pixonyx,11184.21,PHP
Dennis,Nguyen,dnguyenaq@dailymail.co.uk,Canada,Male,South River,Rhyzio,42089.07,CAD
Benjamin,Castillo,bcastilloar@facebook.com,China,Male,Yangsha,Livetube,40970.52,CNY
Julia,Bishop,jbishopas@123-reg.co.uk,Indonesia,Female,Cipeucang,Jabbersphere,26417.51,IDR
Linda,Armstrong,larmstrongat@wikipedia.org,Colombia,Female,Socorro,Meezzy,41840.75,COP
Denise,King,dkingau@merriam-webster.com,Sudan,Female,Kutum,Thoughtstorm,87843.46,SDG
David,Grant,dgrantav@ovh.net,China,Male,Tadianjie,Oyope,53117.38,CNY
Anne,Hernandez,ahernandezaw@guardian.co.uk,Ukraine,Female,Rudky,Meemm,98062.16,UAH
Robert,Bowman,rbowmanax@house.gov,China,Male,Wangcheng,Vitz,5981.53,CNY
Randy,Wilson,rwilsonay@dailymotion.com,Tunisia,Male,Dar Chabanne,Ailane,27562.20,TND
Carol,Perry,cperryaz@nba.com,Japan,Female,Sakata,Roombo,,JPY
Bonnie,Webb,bwebbb0@newyorker.com,Vietnam,Female,Thị Trấn Bắc Hà,Edgeclub,37394.96,VND
Michelle,Harper,mharperb1@census.gov,Croatia,Female,Brijest,Photospace,5649.82,HRK
David,Mccoy,dmccoyb2@mediafire.com,Greece,Male,Sofádes,Tekfly,60685.20,EUR
Chris,Dunn,cdunnb3@zdnet.com,Indonesia,Male,Kedungsumurkrajan,Realmix,19965.57,IDR
Clarence,White,cwhiteb4@army.mil,Russia,Male,Ustyuzhna,LiveZ,66505.76,RUB
Bruce,Robertson,brobertsonb5@mediafire.com,Indonesia,Male,Ploso Wetan,Minyx,48793.82,IDR
Scott,Edwards,sedwardsb6@google.de,China,Male,Renchaoxi,Livetube,87862.57,CNY
Antonio,Weaver,aweaverb7@si.edu,Philippines,Male,Dapitan,Topiczoom,18589.63,PHP
Chris,Montgomery,cmontgomeryb8@stanford.edu,Russia,Male,Gorbatov,Oyoba,38599.14,RUB
Harold,Fields,hfieldsb9@cisco.com,Czech Republic,Male,Černošice,Meetz,66907.67,CZK
Anna,Price,apriceba@topsy.com,China,Female,Jiangchuan,Quimba,,CNY
Dorothy,Hunt,dhuntbb@umn.edu,United States,Female,Memphis,Skilith,47032.11,USD
Jesse,Alvarez,jalvarezbc@ebay.co.uk,China,Male,Miaoquan,Thoughtworks,,CNY
Ruth,Knight,rknightbd@slate.com,China,Female,Jilong,Muxo,59208.35,CNY
Evelyn,Sullivan,esullivanbe@bigcartel.com,Poland,Female,Pyrzyce,Voolia,71832.72,PLN
Arthur,Banks,abanksbf@devhub.com,Egypt,Male,Shibīn al Qanāţir,Photobean,53580.15,EGP
Paula,Reid,preidbg@hud.gov,Indonesia,Female,Babakan Baru,Lazz,84715.64,IDR
Adam,Foster,afosterbh@cnbc.com,South Korea,Male,Hongsung,Feedfire,32934.25,KRW
Terry,Ortiz,tortizbi@cisco.com,Czech Republic,Male,Kobeřice,Photospace,86238.83,CZK
Paul,Ruiz,pruizbj@nbcnews.com,China,Male,Dushi,Realcube,71703.64,CNY
Charles,Webb,cwebbbk@reference.com,Solomon Islands,Male,Tulaghi,Pixonyx,88501.57,SBD
Donald,Sims,dsimsbl@twitter.com,Indonesia,Male,Sindangbarang,Wordpedia,12921.81,IDR
Alan,Green,agreenbm@usnews.com,Bhutan,Male,Lhuentse,Tavu,,BTN
Steve,Myers,smyersbn@fda.gov,United States,Male,Phoenix,Topicware,35146.66,USD
Lori,Mitchell,lmitchellbo@smh.com.au,Japan,Female,Tsurusaki,Wikido,,JPY
Amanda,Lawrence,alawrencebp@discuz.net,Indonesia,Female,Obesi,Gabcube,42086.75,IDR
Jonathan,Foster,jfosterbq@twitter.com,Sweden,Male,Danderyd,Dabfeed,98307.31,SEK
Alice,Johnston,ajohnstonbr@yelp.com,Sweden,Female,Kista,Aibox,55076.74,SEK
Edward,Murray,emurraybs@mashable.com,Costa Rica,Male,Batán,Rhynyx,21663.83,CRC
Beverly,White,bwhitebt@cam.ac.uk,China,Female,Juxing,Quaxo,29281.53,CNY
Jesse,Owens,jowensbu@soup.io,China,Male,Hekou,Wikibox,72590.71,CNY
Brian,Berry,bberrybv@howstuffworks.com,Sweden,Male,Köping,Avamba,52372.36,SEK
Gregory,Oliver,goliverbw@altervista.org,China,Male,Xiliguantun,Shuffledrive,2062.48,CNY
Anna,Clark,aclarkbx@hostgator.com,United States,Female,Anchorage,Trilith,7916.77,USD
Martha,Bell,mbellby@accuweather.com,Brazil,Female,Brejo da Madre de Deus,Izio,56077.26,BRL
David,Hunt,dhuntbz@va.gov,Brazil,Male,Nova Lima,Riffpedia,49512.38,BRL
Denise,Ruiz,druizc0@wikispaces.com,Tunisia,Female,Menzel Jemil,Tagfeed,63583.91,TND
Matthew,Peterson,mpetersonc1@walmart.com,Poland,Male,Ruda Maleniecka,Topiczoom,21249.06,PLN
Dorothy,Montgomery,dmontgomeryc2@discuz.net,Philippines,Female,Hinunangan,Ainyx,89833.74,PHP
Virginia,Morgan,vmorganc3@zimbio.com,Japan,Female,Kamigyō-ku,Demizz,95240.99,JPY
Fred,Medina,fmedinac4@dagondesign.com,Indonesia,Male,Babantar,Youopia,77876.77,IDR
Ann,Scott,ascottc5@virginia.edu,Venezuela,Female,San Silvestre,Zoonoodle,32656.80,VEF
Todd,Simpson,tsimpsonc6@icio.us,Palestinian Territory,Male,Zubūbah,Lazzy,4319.31,ILS
Marilyn,Lane,mlanec7@de.vu,United States,Female,Pensacola,Edgewire,65026.11,USD
Sean,Ortiz,sortizc8@businesswire.com,Portugal,Male,Silvares,Yamia,29675.67,EUR
Tammy,Morales,tmoralesc9@google.com,Czech Republic,Female,Štítina,Dabtype,67545.11,CZK
Donna,Hudson,dhudsonca@hud.gov,Botswana,Female,Kang,Mydo,27942.70,BWP
Juan,Hunter,jhuntercb@yahoo.com,Brazil,Male,Avaré,Brainbox,45886.43,BRL
Carol,Shaw,cshawcc@ustream.tv,Indonesia,Female,Panineungan,Gevee,,IDR
Roy,Castillo,rcastillocd@tinyurl.com,China,Male,Zhangdu,Livetube,49069.09,CNY
Irene,Phillips,iphillipsce@networkadvertising.org,Cambodia,Female,Pailin,Teklist,,KHR
Pamela,Hart,phartcf@cisco.com,Vietnam,Female,Cầu Giấy,Kayveo,80649.89,VND
Clarence,Hall,challcg@abc.net.au,Croatia,Male,Slobodnica,Innotype,36600.05,HRK
Julia,Brooks,jbrooksch@vimeo.com,Germany,Female,Köln,Edgepulse,12537.30,EUR
Catherine,George,cgeorgeci@yahoo.com,Cambodia,Female,Sâmraông,Linktype,,KHR
Edward,Matthews,ematthewscj@wsj.com,Indonesia,Male,Boto,Quaxo,17063.17,IDR
Nancy,Wood,nwoodck@slashdot.org,Philippines,Female,Kabulusan,Rhyloo,90403.13,PHP
Phyllis,Tucker,ptuckercl@aboutads.info,Indonesia,Female,Ambarawa,Jabberbean,77369.37,IDR
Angela,Bradley,abradleycm@jigsy.com,China,Female,Dongzhou,Vitz,89064.32,CNY
Irene,Hanson,ihansoncn@baidu.com,Argentina,Female,Villa Ángela,Zoombox,94936.11,ARS
Harry,Reyes,hreyesco@google.com.au,Sweden,Male,Vallentuna,Jamia,67189.62,SEK
Roger,Lane,rlanecp@miitbeian.gov.cn,Greece,Male,Pýli,Eimbee,43260.06,EUR
Willie,Hill,whillcq@ustream.tv,China,Male,Beisijia,Tambee,26304.28,CNY
Fred,Morales,fmoralescr@hostgator.com,Kazakhstan,Male,Oytal,Quaxo,8590.39,KZT
Ralph,Meyer,rmeyercs@qq.com,Indonesia,Male,Gunem,Linkbuzz,30441.71,IDR
John,Owens,jowensct@last.fm,Indonesia,Male,Detik Satu,Twinder,,IDR
James,Davis,jdaviscu@cnbc.com,Argentina,Male,Capitán Bermúdez,Innojam,54651.57,ARS
Jean,Russell,jrussellcv@answers.com,Russia,Female,Karaidel’,Yamia,45853.18,RUB
Louis,Wagner,lwagnercw@dagondesign.com,Kosovo,Male,Partesh,Skidoo,32541.97,EUR
Howard,Johnson,hjohnsoncx@ehow.com,Japan,Male,Ōbu,Voomm,52546.99,JPY
Amanda,Harrison,aharrisoncy@google.de,Indonesia,Female,Kotatengah,Fanoodle,76183.86,IDR
Annie,Russell,arussellcz@google.de,Philippines,Female,Esperanza,Gigashots,52492.17,PHP
Jane,Lynch,jlynchd0@simplemachines.org,Colombia,Female,Montería,Abata,45438.71,COP
Cheryl,Fisher,cfisherd1@telegraph.co.uk,Russia,Female,Gostagayevskaya,Shufflester,38127.02,RUB
Marilyn,Patterson,mpattersond2@facebook.com,Russia,Female,Kabakovo,Twitterworks,,RUB
Matthew,Hamilton,mhamiltond3@ebay.com,Ivory Coast,Male,Guiglo,Dynabox,32218.70,XOF
Joyce,Bryant,jbryantd4@bizjournals.com,Mexico,Female,Ignacio Zaragoza,Skyble,94219.98,MXN
Kathryn,Barnes,kbarnesd5@list-manage.com,Indonesia,Female,Jajaway,Browsezoom,60936.44,IDR
Timothy,Stewart,tstewartd6@mapquest.com,France,Male,Créteil,Flashpoint,40667.36,EUR
Margaret,Jones,mjonesd7@nba.com,Poland,Female,Annopol,Mycat,91887.85,PLN
Joseph,Garrett,jgarrettd8@un.org,Antigua and Barbuda,Male,Saint John’s,Meejo,,XCD
Maria,Crawford,mcrawfordd9@google.fr,China,Female,Jubaoshan,Blognation,,CNY
Douglas,Bennett,dbennettda@miitbeian.gov.cn,Argentina,Male,Nueve de Julio,Zoombeat,,ARS
Roger,Reed,rreeddb@discuz.net,Tajikistan,Male,Yovon,Trilith,90813.55,TJS
Jimmy,Armstrong,jarmstrongdc@ustream.tv,Mexico,Male,Vicente Guerrero,Youbridge,,MXN
Melissa,Olson,molsondd@123-reg.co.uk,China,Female,Shicheng,Vimbo,30067.55,CNY
Carl,Hughes,chughesde@aboutads.info,China,Male,Shen’ao,Tazzy,21931.27,CNY
Rachel,Carpenter,rcarpenterdf@simplemachines.org,China,Female,Qiankeng,Meemm,95094.34,CNY
Jimmy,Thompson,jthompsondg@alexa.com,France,Male,Avignon,Twimm,43501.53,EUR
Helen,Bailey,hbaileydh@wordpress.com,Indonesia,Female,Mranggen,Realmix,87382.18,IDR
Janice,Mason,jmasondi@sciencedirect.com,China,Female,Fenghui,Mudo,,CNY
Laura,Garza,lgarzadj@unblog.fr,South Korea,Female,Songgang-dong,Camido,35478.27,KRW
Willie,Sullivan,wsullivandk@buzzfeed.com,France,Male,Asnières-sur-Seine,Fanoodle,75240.08,EUR
Jacqueline,Wood,jwooddl@craigslist.org,Russia,Female,Orlovskiy,Rhycero,16888.44,RUB
Alice,Lynch,alynchdm@youtu.be,China,Female,Baofeng,Riffpath,91044.44,CNY
Philip,Martinez,pmartinezdn@slashdot.org,Myanmar,Male,Myeik,Tavu,40334.22,MMK
Kelly,Austin,kaustindo@newsvine.com,Greece,Female,Káto Nevrokópi,Feednation,65946.68,EUR
David,Jones,djonesdp@furl.net,Poland,Male,Dąbrowa,Mudo,94500.75,PLN
Sara,Frazier,sfrazierdq@china.com.cn,Argentina,Female,Rada Tilly,Topicblab,50560.10,ARS
Christopher,Parker,cparkerdr@fema.gov,Poland,Male,Brześć Kujawski,Leenti,81033.22,PLN
Jeremy,Stone,jstoneds@livejournal.com,France,Male,Saint-Julien-en-Genevois,Meejo,68603.86,EUR
Walter,Welch,wwelchdt@nydailynews.com,Indonesia,Male,Pogag,Thoughtstorm,24359.40,IDR
Joyce,Jackson,jjacksondu@salon.com,Czech Republic,Female,Černovice,Gabvine,29461.64,CZK
Margaret,Spencer,mspencerdv@weibo.com,Sweden,Female,Uppsala,Gabtype,16714.64,SEK
Heather,Shaw,hshawdw@imgur.com,Sweden,Female,Kista,Rhynyx,80698.14,SEK
Steven,Oliver,soliverdx@prlog.org,Philippines,Male,Pandakan,Kayveo,72866.30,PHP
Helen,Ford,hforddy@ning.com,China,Female,Siqu,Yadel,31137.82,CNY
Susan,Garcia,sgarciadz@symantec.com,France,Female,Arras,Babbleopia,52293.53,EUR
Jessica,Ruiz,jruize0@bravesites.com,Denmark,Female,København,Devpulse,2838.77,DKK
Charles,Little,clittlee1@telegraph.co.uk,Philippines,Male,Hernani,Vinte,7740.70,PHP
Juan,Jackson,jjacksone2@aol.com,Brazil,Male,Jaboatão,Flashdog,5850.63,BRL
Rose,Jenkins,rjenkinse3@businessweek.com,Portugal,Female,Rio de Mouro,Kwideo,30744.11,EUR
Frances,Matthews,fmatthewse4@ning.com,Indonesia,Female,Tambarangan,Browsetype,8437.89,IDR
Albert,Lawrence,alawrencee5@oracle.com,Czech Republic,Male,Mikulášovice,Realpoint,18111.95,CZK
Cheryl,White,cwhitee6@flickr.com,Ireland,Female,Kanturk,Oloo,93177.47,EUR
Roy,Jackson,rjacksone7@jimdo.com,Ukraine,Male,Osypenko,Mita,82186.73,UAH
Diana,Castillo,dcastilloe8@ucla.edu,Russia,Female,Shali,Lazz,78453.56,RUB
Earl,Lawson,elawsone9@sakura.ne.jp,Philippines,Male,Ilagan,Meetz,83019.03,PHP
Norma,Chavez,nchavezea@tiny.cc,Colombia,Female,Mocoa,Linkbridge,77049.74,COP
Gregory,King,gkingeb@intel.com,Russia,Male,Budenovetc,Dynazzy,17245.07,RUB
Shawn,Bowman,sbowmanec@dot.gov,Mongolia,Male,Sergelen,LiveZ,,MNT
Douglas,Rose,droseed@hibu.com,Indonesia,Male,Kudang,Aimbo,52864.93,IDR
Paula,Perez,pperezee@reference.com,China,Female,Guzhan,Cogilith,,CNY
Sharon,Graham,sgrahamef@japanpost.jp,Estonia,Female,Kiviõli,Tazz,,EUR
Larry,Nelson,lnelsoneg@unc.edu,Philippines,Male,Bolong,Browsezoom,53370.33,PHP
Andrew,Black,ablackeh@fotki.com,Colombia,Male,El Espino,Realblab,31454.68,COP
Brenda,Morrison,bmorrisonei@mapquest.com,United States,Female,New York City,Realblab,642.00,USD
Eugene,Collins,ecollinsej@gov.uk,Colombia,Male,Argelia,Twitternation,,COP
Christopher,Bowman,cbowmanek@yahoo.com,China,Male,Yujing,Yodel,95106.36,CNY
Debra,Wood,dwoodel@apache.org,Russia,Female,Antipino,Twitterworks,39625.76,RUB
Marie,Jackson,mjacksonem@google.ca,Indonesia,Female,Tangguhang,Trunyx,,IDR
Debra,Mendoza,dmendozaen@ucsd.edu,Canada,Female,Harbour Breton,Skipstorm,9093.84,CAD
Tammy,Banks,tbankseo@digg.com,France,Female,Poligny,Twimbo,70162.57,EUR
Phyllis,Boyd,pboydep@tinypic.com,Ukraine,Female,Pohrebyshche,Dynazzy,30184.42,UAH
Steve,Stephens,sstephenseq@mozilla.org,China,Male,Xinshi,Rhyzio,72679.38,CNY
Kevin,Patterson,kpattersoner@wired.com,China,Male,Houping,Gabtune,9743.10,CNY
Sara,Gonzales,sgonzaleses@disqus.com,Indonesia,Female,Pekalongan,Eidel,14317.32,IDR
Janet,Mason,jmasonet@linkedin.com,Philippines,Female,Libato,Babbleblab,35385.48,PHP
David,Ross,drosseu@t.co,Philippines,Male,Sangali,Bluezoom,18086.01,PHP
Marie,Carter,mcarterev@upenn.edu,Latvia,Female,Madona,Quimm,14715.35,EUR
Marilyn,Hill,mhillew@amazon.com,Canada,Female,Oromocto,Eimbee,96099.07,CAD
Lois,Henderson,lhendersonex@senate.gov,Indonesia,Female,Cantuk Kidul,Tazz,65366.33,IDR
Robin,Morales,rmoralesey@mit.edu,Indonesia,Female,Halteu,Flipopia,70501.10,IDR
Gregory,Kim,gkimez@xing.com,Japan,Male,Suzuka,Yakidoo,59548.08,JPY
Jeffrey,Kelly,jkellyf0@cnn.com,Brazil,Male,Vassouras,Twiyo,71389.53,BRL
Benjamin,Olson,bolsonf1@usnews.com,Russia,Male,Novaya Igirma,Blogtag,8453.75,RUB
Victor,Ferguson,vfergusonf2@ask.com,Nigeria,Male,Umunede,Lazz,48922.87,NGN
Nicole,Burke,nburkef3@dell.com,Poland,Female,Lębork,Zava,82983.30,PLN
Timothy,Mitchell,tmitchellf4@g.co,Indonesia,Male,Awayan,Yabox,,IDR
Brian,James,bjamesf5@myspace.com,Croatia,Male,Bistrinci,Zoomdog,,HRK
Catherine,Ferguson,cfergusonf6@hostgator.com,Portugal,Female,Gândara de Aquém,Mita,1221.39,EUR
Ralph,Dunn,rdunnf7@prlog.org,Kosovo,Male,Prilep,Talane,49695.13,EUR
Ashley,Ramos,aramosf8@seesaa.net,Panama,Female,Agua Buena,Rhycero,20442.14,PAB
Margaret,Moore,mmooref9@si.edu,Russia,Female,Kukoboy,Rhynyx,56547.58,RUB
Gerald,Ryan,gryanfa@simplemachines.org,Ecuador,Male,San Gabriel,Kwilith,,USD
Joshua,Howard,jhowardfb@mapy.cz,Ukraine,Male,Dzvinogrud,Topdrive,16922.29,UAH
Deborah,Shaw,dshawfc@vkontakte.ru,Portugal,Female,Baleal,Oloo,87077.29,EUR
Roger,Anderson,randersonfd@wordpress.com,China,Male,Meitang,Voonix,35917.14,CNY
Susan,Perkins,sperkinsfe@digg.com,Greece,Female,Varnávas,Buzzster,,EUR
Brandon,Freeman,bfreemanff@com.com,Kazakhstan,Male,Aqsay,Teklist,14457.37,KZT
Cynthia,Stone,cstonefg@globo.com,Indonesia,Female,Parungjawa,Meeveo,87708.13,IDR
Christopher,Harper,charperfh@springer.com,Cape Verde,Male,São Filipe,Yabox,,CVE
Raymond,Rivera,rriverafi@moonfruit.com,Canada,Male,Parry Sound,Centizu,45691.64,CAD
Susan,Ramos,sramosfj@omniture.com,Syria,Female,An Nāşirah,Meezzy,62109.57,SYP
Evelyn,Mills,emillsfk@smugmug.com,Indonesia,Female,Kadugadung,Centizu,45476.17,IDR
Jason,Stanley,jstanleyfl@1und1.de,France,Male,Guyancourt,Yakidoo,,EUR
Marilyn,Hart,mhartfm@timesonline.co.uk,Portugal,Female,Pexiligais,Zoomlounge,60184.15,EUR
Douglas,Williamson,dwilliamsonfn@apple.com,Brazil,Male,Rio das Ostras,Zooxo,74514.13,BRL
Nancy,Ruiz,nruizfo@topsy.com,Democratic Republic of the Congo,Female,Lusambo,Fadeo,68308.75,CDF
Rose,Gonzales,rgonzalesfp@edublogs.org,United States,Female,Chicago,Divavu,34257.67,USD
Doris,Coleman,dcolemanfq@clickbank.net,Greece,Female,Melissochóri,Katz,,EUR
Maria,Lynch,mlynchfr@odnoklassniki.ru,Mongolia,Female,Undurkhaan,Kwimbee,61127.91,MNT
Alice,Fields,afieldsfs@senate.gov,Sweden,Female,Tingsryd,Agivu,57337.08,SEK
Louise,Armstrong,larmstrongft@technorati.com,France,Female,Saint-Jean-de-Braye,Npath,9447.84,EUR
Joshua,Richardson,jrichardsonfu@istockphoto.com,Russia,Male,Berëzovyy,Zazio,3931.05,RUB
Diane,Arnold,darnoldfv@pcworld.com,Indonesia,Female,Jajarkrajan,Thoughtworks,51991.29,IDR
Cynthia,Williams,cwilliamsfw@businessweek.com,China,Female,Wanjiazhuang,Thoughtmix,40439.58,CNY
Joshua,Daniels,jdanielsfx@discuz.net,Brazil,Male,Rio das Pedras,JumpXS,47624.23,BRL
Lois,Richards,lrichardsfy@macromedia.com,France,Female,Carpentras,Yotz,,EUR
Jessica,Mills,jmillsfz@123-reg.co.uk,China,Female,Haoping,Meezzy,,CNY
Philip,Myers,pmyersg0@nasa.gov,Madagascar,Male,Soavinandriana,Jetwire,51808.22,MGA
Carol,Simpson,csimpsong1@issuu.com,Japan,Female,Kariya,Demizz,95399.61,JPY
Brandon,Anderson,bandersong2@tuttocitta.it,China,Male,Xiangyang,Voonyx,76168.27,CNY
Emily,Porter,eporterg3@a8.net,Portugal,Female,Casal,Meembee,53578.38,EUR
Andrea,Hawkins,ahawkinsg4@arizona.edu,Dominican Republic,Female,Pedro García,Gigabox,,DOP
George,Pierce,gpierceg5@clickbank.net,Vietnam,Male,Quận Mười,Jabbercube,61116.73,VND
Ernest,Lee,eleeg6@paginegialle.it,Bulgaria,Male,Dupnitsa,Realpoint,84600.06,BGN
Adam,Fox,afoxg7@google.com.au,South Korea,Male,Gongju,Rhycero,96154.02,KRW
Roy,Lynch,rlynchg8@un.org,Russia,Male,Gorelki,Skiptube,80574.40,RUB
Gerald,Watson,gwatsong9@creativecommons.org,Russia,Male,Bryukhovetskaya,Jetwire,15643.17,RUB
Dennis,Lane,dlanega@odnoklassniki.ru,Philippines,Male,Subusub,Yakidoo,70041.44,PHP
Bobby,Brooks,bbrooksgb@gov.uk,Russia,Male,Chechen-Aul,Nlounge,,RUB
Nicole,Turner,nturnergc@ca.gov,Belarus,Female,Lyozna,Divanoodle,64415.83,BYR
Emily,Hawkins,ehawkinsgd@imageshack.us,Indonesia,Female,Muara,Babbleopia,2071.43,IDR
Phyllis,Thomas,pthomasge@upenn.edu,United States,Female,Daytona Beach,Skyvu,,USD
Russell,Edwards,redwardsgf@plala.or.jp,Russia,Male,Verkhniye Achaluki,Blogtag,89745.27,RUB
Jennifer,Morales,jmoralesgg@wikispaces.com,Indonesia,Female,Ciparasi,Vinte,22227.40,IDR
Amy,Stone,astonegh@google.com.hk,China,Female,Mingshuihe,Trilith,28218.84,CNY
Irene,Price,ipricegi@dyndns.org,Portugal,Female,Setúbal,Thoughtstorm,65072.76,EUR
Timothy,Vasquez,tvasquezgj@addthis.com,Nigeria,Male,Lokoja,Youopia,10699.83,NGN
Nicholas,Stanley,nstanleygk@ox.ac.uk,Bulgaria,Male,Bratsigovo,Jabbersphere,,BGN
Kevin,Weaver,kweavergl@dion.ne.jp,China,Male,Jingyao,Jaloo,25099.98,CNY
Brenda,Reid,breidgm@census.gov,Portugal,Female,Taveiro,Riffwire,8606.83,EUR
Patrick,Reid,preidgn@about.me,Indonesia,Male,Perreng,Feedfish,83852.52,IDR
Stephanie,Cruz,scruzgo@usgs.gov,Gambia,Female,Sankwia,Wordpedia,,GMD
Howard,Rodriguez,hrodriguezgp@wordpress.com,Brazil,Male,Bento Gonçalves,Browsedrive,25054.45,BRL
Robert,Lane,rlanegq@xrea.com,Indonesia,Male,Barapas,Kaymbo,26985.48,IDR
Catherine,Snyder,csnydergr@simplemachines.org,Azerbaijan,Female,Şuraabad,Dablist,2543.28,AZN
Justin,Ward,jwardgs@imageshack.us,Russia,Male,Radovitskiy,Browsezoom,54958.33,RUB
Beverly,Bishop,bbishopgt@wisc.edu,Brazil,Female,Resende,Dabvine,68062.18,BRL
Mark,Daniels,mdanielsgu@edublogs.org,Sweden,Male,Boxholm,Devcast,34425.82,SEK
Cheryl,Lynch,clynchgv@canalblog.com,Russia,Female,Kholmsk,Brainsphere,98284.80,RUB
Patricia,Day,pdaygw@yelp.com,Qatar,Female,Umm Şalāl ‘Alī,Jabberbean,10426.95,QAR
Kimberly,Gonzalez,kgonzalezgx@cam.ac.uk,China,Female,Liuji,Tavu,46901.36,CNY
Melissa,Morris,mmorrisgy@goodreads.com,Indonesia,Female,Awilega,Twinte,12590.59,IDR
Tina,Wheeler,twheelergz@youtu.be,Turkmenistan,Female,Saýat,Blogtags,,TMT
Melissa,Sanchez,msanchezh0@acquirethisname.com,Czech Republic,Female,Tvrdonice,Dynabox,24316.74,CZK
Dennis,Williamson,dwilliamsonh1@webmd.com,Philippines,Male,Bodega,Demimbu,82398.08,PHP
Eugene,Ruiz,eruizh2@webs.com,Russia,Male,Saraktash,Trunyx,81559.81,RUB
Ralph,Matthews,rmatthewsh3@51.la,Nigeria,Male,Yuli,Edgeify,,NGN
Michelle,Wright,mwrighth4@dropbox.com,Sweden,Female,Ulricehamn,Zoomlounge,,SEK
Evelyn,Clark,eclarkh5@home.pl,China,Female,Liuhe,Myworks,3956.42,CNY
Shirley,Daniels,sdanielsh6@tinypic.com,China,Female,Fanyang,Trudoo,33374.59,CNY
Earl,Burton,eburtonh7@g.co,French Polynesia,Male,Arue,Yamia,2890.05,XPF
Clarence,Gonzales,cgonzalesh8@umich.edu,Vietnam,Male,Phùng,Plajo,57905.98,VND
Jimmy,Hunter,jhunterh9@fema.gov,China,Male,Dongshan,Skiba,70738.53,CNY
Patricia,Murphy,pmurphyha@edublogs.org,Canada,Female,Ucluelet,Eabox,59546.62,CAD
Deborah,Frazier,dfrazierhb@princeton.edu,Bosnia and Herzegovina,Female,Jajce,Zoomzone,14829.94,BAM
Sara,Kelley,skelleyhc@usatoday.com,Colombia,Female,Guaitarilla,Dazzlesphere,54619.82,COP
Adam,Snyder,asnyderhd@desdev.cn,China,Male,Yimamu,Meembee,62741.11,CNY
Melissa,Richards,mrichardshe@pcworld.com,China,Female,Panshan,Quire,49881.54,CNY
Paula,Chapman,pchapmanhf@ebay.com,United States,Female,Greensboro,Blogtag,91129.39,USD
Larry,Knight,lknighthg@diigo.com,China,Male,Shendang,Oyope,46181.58,CNY
Nicholas,Reed,nreedhh@about.me,Iceland,Male,Eskifjörður,Bubblemix,98115.47,ISK
Elizabeth,Russell,erussellhi@cnn.com,Pakistan,Female,Chitral,Avamm,83842.56,PKR
Martin,White,mwhitehj@dmoz.org,Greece,Male,Kouloúra,Skyndu,,EUR
Joseph,Ruiz,jruizhk@google.com,Latvia,Male,Riga,Dynazzy,92255.30,EUR
Scott,Bradley,sbradleyhl@vinaora.com,Colombia,Male,Sampués,Demimbu,22214.92,COP
Andrea,Turner,aturnerhm@webnode.com,Indonesia,Female,Pasatan,Kayveo,44663.54,IDR
Louise,Mitchell,lmitchellhn@nps.gov,Philippines,Female,San Nicolas,Katz,12521.68,PHP
Scott,Grant,sgrantho@ihg.com,Russia,Male,Popova,Devpulse,97614.86,RUB
Janet,Hall,jhallhp@reuters.com,China,Female,Dawusu,Blogtag,26508.60,CNY
Juan,Elliott,jelliotthq@paginegialle.it,Bulgaria,Male,Tervel,Yakidoo,20428.49,BGN
Rachel,Riley,rrileyhr@oracle.com,Brazil,Female,Cachoeirinha,Yozio,86783.42,BRL
James,Gordon,jgordonhs@dion.ne.jp,Russia,Male,Vysotskoye,Skimia,42163.56,RUB
Russell,Pierce,rpierceht@columbia.edu,China,Male,Tangdukou,Zoombox,46234.62,CNY
George,Shaw,gshawhu@google.co.jp,Palestinian Territory,Male,Al Midyah,Dynabox,97570.07,ILS
Chris,Gilbert,cgilberthv@dagondesign.com,Indonesia,Male,Kadupinang,Dabfeed,65482.21,IDR
Bobby,George,bgeorgehw@ezinearticles.com,Philippines,Male,Buray,Babbleblab,73050.61,PHP
Anthony,Cook,acookhx@g.co,Indonesia,Male,Ngujung,Gigaclub,195.94,IDR
Bobby,Duncan,bduncanhy@feedburner.com,Russia,Male,Danilov,Oodoo,,RUB
Jonathan,Simmons,jsimmonshz@microsoft.com,China,Male,Wan’an,Npath,56202.13,CNY
Gary,Knight,gknighti0@meetup.com,Bosnia and Herzegovina,Male,Cazin,Viva,6833.37,BAM
Michelle,Graham,mgrahami1@earthlink.net,Indonesia,Female,Tenjolaya,Rooxo,,IDR
Carl,Bryant,cbryanti2@examiner.com,Guinea,Male,Beyla,Pixope,9075.67,GNF
Antonio,Mills,amillsi3@hhs.gov,Kazakhstan,Male,Temirtau,Dabshots,74265.66,KZT
Jane,Mills,jmillsi4@amazon.co.jp,Russia,Female,Ursk,Twinte,76140.69,RUB
Mark,Ramirez,mramirezi5@hatena.ne.jp,Slovenia,Male,Bovec,Tagfeed,19909.20,EUR
Walter,Lynch,wlynchi6@loc.gov,United Kingdom,Male,Swindon,Mynte,67608.12,GBP
Lillian,Campbell,lcampbelli7@shareasale.com,China,Female,Dongcheng,Cogibox,14525.99,CNY
Brandon,Carter,bcarteri8@weebly.com,Poland,Male,Kańczuga,Devpoint,34650.71,PLN
Charles,Owens,cowensi9@lycos.com,Colombia,Male,Aldana,Voomm,90161.71,COP
Robin,Davis,rdavisia@mashable.com,Portugal,Female,Lisboa,Mudo,,EUR
Virginia,Fernandez,vfernandezib@twitter.com,Colombia,Female,Piedecuesta,Linklinks,29806.17,COP
Teresa,Gonzalez,tgonzalezic@amazon.de,Germany,Female,Berlin,Tazzy,,EUR
Jane,Vasquez,jvasquezid@oaic.gov.au,China,Female,Jinsha,Feedmix,33919.22,CNY
Angela,Lane,alaneie@adobe.com,Colombia,Female,Cubará,Izio,96340.64,COP
Jane,Chavez,jchavezif@mayoclinic.com,China,Female,Shunde,Browsezoom,80008.17,CNY
Laura,Garcia,lgarciaig@tripod.com,Chile,Female,Linares,Tavu,86505.30,CLP
Howard,Hanson,hhansonih@fastcompany.com,Philippines,Male,Lambayong,Twitterwire,96540.15,PHP
Phyllis,Richards,prichardsii@nyu.edu,Brazil,Female,Conchal,Thoughtstorm,56339.06,BRL
Jeffrey,Castillo,jcastilloij@kickstarter.com,China,Male,Zhangjia,Twinte,18739.79,CNY
Margaret,Simpson,msimpsonik@prnewswire.com,Belarus,Female,Zaslawye,Bluejam,6981.10,BYR
Albert,Hunt,ahuntil@oakley.com,Philippines,Male,Panikihan,Camido,26564.88,PHP
Judith,Bowman,jbowmanim@state.tx.us,Colombia,Female,Sampués,Blogtags,35488.59,COP
Diana,Morales,dmoralesin@cafepress.com,China,Female,Narong,Eabox,50740.08,CNY
Douglas,Frazier,dfrazierio@blogtalkradio.com,France,Male,Aix-en-Provence,Topicstorm,26386.20,EUR
Kenneth,Perez,kperezip@opensource.org,Poland,Male,Mysiadło,Twitterwire,53067.34,PLN
Anna,Vasquez,avasqueziq@merriam-webster.com,Luxembourg,Female,Helmsange,Zoomdog,82076.45,EUR
Amy,Hunt,ahuntir@google.fr,United States,Female,Washington,Nlounge,75374.95,USD
Sara,Andrews,sandrewsis@devhub.com,Palau,Female,Koror,Photobean,55579.13,USD
Lisa,Moreno,lmorenoit@hud.gov,Russia,Female,Teeli,Skippad,46085.34,RUB
Sharon,Walker,swalkeriu@youtu.be,Israel,Female,Rosh Ha‘Ayin,Feednation,67228.96,ILS
Ernest,Fox,efoxiv@goo.ne.jp,Philippines,Male,Tambak,Photospace,10264.10,PHP
Larry,Wilson,lwilsoniw@nbcnews.com,Ukraine,Male,Tayirove,Zoomzone,24496.89,UAH
Terry,Jackson,tjacksonix@linkedin.com,China,Male,Xin’an,Voolia,45565.09,CNY
Anna,Young,ayoungiy@oracle.com,Argentina,Female,Villa La Angostura,Eadel,11369.93,ARS
Emily,West,ewestiz@51.la,Portugal,Female,Porto Martins,Roombo,13527.82,EUR
Anthony,Adams,aadamsj0@rediff.com,Poland,Male,Jasienica Rosielna,Fanoodle,72357.14,PLN
Elizabeth,Wells,ewellsj1@princeton.edu,Russia,Female,Nizhnekamsk,Agivu,46107.05,RUB
Linda,White,lwhitej2@hibu.com,France,Female,Saint-Grégoire,Izio,84287.12,EUR
Harold,Chavez,hchavezj3@studiopress.com,Russia,Male,Chernyakhovsk,Twitterbridge,78092.32,RUB
Peter,Johnston,pjohnstonj4@over-blog.com,France,Male,Gaillac,Voomm,49834.58,EUR
Barbara,Simpson,bsimpsonj5@google.com.br,Sweden,Female,Strängnäs,Wikizz,53614.97,SEK
Walter,Lawrence,wlawrencej6@microsoft.com,Nicaragua,Male,Matiguás,Divape,,NIO
Jesse,Mendoza,jmendozaj7@netlog.com,Russia,Male,Kovrov,Izio,52529.79,RUB
Pamela,Garza,pgarzaj8@comsenz.com,Comoros,Female,Vouani,Feedspan,60794.48,KMF
Amy,Mccoy,amccoyj9@deliciousdays.com,Azerbaijan,Female,Mardakyany,Jamia,27853.20,AZN
James,Gomez,jgomezja@ft.com,Slovenia,Male,Limbuš,Vimbo,59666.42,EUR
Diane,Miller,dmillerjb@washingtonpost.com,Japan,Female,Kazuno,Gigabox,80089.58,JPY
Mark,Sims,msimsjc@indiatimes.com,Rwanda,Male,Musanze,Eadel,49742.44,RWF
Robin,Wilson,rwilsonjd@histats.com,China,Female,Bailang,Edgepulse,13053.60,CNY
Joan,Stewart,jstewartje@cbsnews.com,Philippines,Female,Victoria,Janyx,,PHP
Beverly,Flores,bfloresjf@cisco.com,Russia,Female,Serebryanyye Prudy,Jamia,50339.76,RUB
Nicholas,Porter,nporterjg@indiegogo.com,Russia,Male,Sukhobezvodnoye,Jaxspan,79937.61,RUB
Heather,Nichols,hnicholsjh@vimeo.com,Philippines,Female,Pangpang,Skiba,23153.76,PHP
Jonathan,Campbell,jcampbellji@prweb.com,China,Male,Xialaba,Brainbox,91932.38,CNY
Jerry,Rose,jrosejj@chron.com,Portugal,Male,Pavia,Buzzdog,85611.22,EUR
Joe,Peterson,jpetersonjk@techcrunch.com,Thailand,Male,Chat Trakan,Voolith,80303.95,THB
Sandra,Mills,smillsjl@ycombinator.com,Czech Republic,Female,Zásmuky,Photobug,88382.57,CZK
Katherine,Black,kblackjm@comcast.net,Nigeria,Female,Rabah,Zoozzy,82471.39,NGN
Gerald,Little,glittlejn@xing.com,Indonesia,Male,Lembongan Kawan,Gigazoom,33826.47,IDR
Donna,Fields,dfieldsjo@boston.com,Russia,Female,Perelyub,Avamba,69774.81,RUB
Marie,Lewis,mlewisjp@amazon.co.uk,Honduras,Female,San Juan de Planes,Vitz,37929.85,HNL
Steve,Perry,sperryjq@webmd.com,China,Male,Doumen,Quimba,,CNY
Jose,Cooper,jcooperjr@patch.com,Indonesia,Male,Rikitgaib,Jaxworks,83143.79,IDR
Chris,Rose,crosejs@cisco.com,Thailand,Male,Trat,Tagchat,4968.43,THB
Kimberly,Matthews,kmatthewsjt@cbc.ca,Indonesia,Female,Majennang,Photobean,39473.00,IDR
Patrick,Montgomery,pmontgomeryju@washington.edu,Canada,Male,Fort Smith,Roombo,87221.14,CAD
Thomas,Cooper,tcooperjv@google.it,China,Male,Batou,Fatz,,CNY
John,Watkins,jwatkinsjw@diigo.com,Ireland,Male,Castlebellingham,Meejo,82644.07,EUR
Deborah,Peters,dpetersjx@usatoday.com,Morocco,Female,Zaïo,Blogtags,,MAD
Tammy,Gray,tgrayjy@sfgate.com,Norway,Female,Bergen,Skivee,67270.58,NOK
Amanda,Washington,awashingtonjz@networksolutions.com,Croatia,Female,Retkovci,Dabjam,54063.84,HRK
Justin,Willis,jwillisk0@yale.edu,China,Male,Honglu,Wikizz,46397.43,CNY
Pamela,Simmons,psimmonsk1@abc.net.au,Poland,Female,Sanok,InnoZ,5594.03,PLN
Jack,Dean,jdeank2@gizmodo.com,Indonesia,Male,Sindang,Gigazoom,,IDR
Doris,Andrews,dandrewsk3@abc.net.au,Mexico,Female,20 de Noviembre,Voonyx,91261.74,MXN
Shirley,Hudson,shudsonk4@auda.org.au,Poland,Female,Ludwin,Lajo,88757.85,PLN
James,Chavez,jchavezk5@weibo.com,Ukraine,Male,Ternopil’,Innojam,66397.40,UAH
Joe,Shaw,jshawk6@wired.com,Greece,Male,Káto Miliá,Innojam,42913.59,EUR
Dennis,Sims,dsimsk7@multiply.com,Syria,Male,Nāḩiyat as Sab‘ Biyār,Brainlounge,80449.06,SYP
Gregory,Foster,gfosterk8@sogou.com,Poland,Male,Kowale,BlogXS,59670.77,PLN
Clarence,Hill,chillk9@wikipedia.org,Russia,Male,Novoaleksandrovsk,Flipbug,55370.85,RUB
Anthony,Woods,awoodska@jalbum.net,Russia,Male,Kholbon,Eare,75209.07,RUB
Clarence,Crawford,ccrawfordkb@reddit.com,Brazil,Male,Paracambi,Riffpath,99431.25,BRL
Justin,Bell,jbellkc@salon.com,Brazil,Male,Valença,Skiba,70124.41,BRL
Ashley,Hicks,ahickskd@cpanel.net,Indonesia,Female,Japerejo,Babbleopia,13391.16,IDR
Fred,Walker,fwalkerke@ow.ly,Colombia,Male,Caramanta,Twitterbridge,59662.64,COP
Joan,Gonzalez,jgonzalezkf@4shared.com,Philippines,Female,Nalus,Fanoodle,39627.57,PHP
Margaret,Harper,mharperkg@twitpic.com,Serbia,Female,Kruševac,BlogXS,13841.28,RSD
Tammy,Harper,tharperkh@1und1.de,China,Female,Shuangquan,Twimm,91827.27,CNY
Sean,Willis,swilliski@trellian.com,Sweden,Male,Grästorp,Kayveo,37894.88,SEK
Ralph,Butler,rbutlerkj@aol.com,Philippines,Male,Esperanza,Skinder,11323.40,PHP
Kimberly,Schmidt,kschmidtkk@washington.edu,China,Female,Beiqiao,Skimia,44510.48,CNY
Evelyn,Pierce,epiercekl@wix.com,Portugal,Female,Lama,Abata,4171.67,EUR
Anthony,Parker,aparkerkm@netvibes.com,Czech Republic,Male,Červené Pečky,Skinder,60719.47,CZK
Beverly,Sims,bsimskn@hostgator.com,Philippines,Female,Sapu Padidu,Quatz,,PHP
Joyce,Woods,jwoodsko@guardian.co.uk,China,Female,Nanmu,Wordify,6121.36,CNY
Rachel,Lane,rlanekp@e-recht24.de,Russia,Female,Protvino,Tekfly,12510.81,RUB
Daniel,Bell,dbellkq@about.me,Indonesia,Male,Wadung,Skilith,71213.42,IDR
Marilyn,Elliott,melliottkr@sbwire.com,Tanzania,Female,Kabanga,Wordpedia,50581.69,TZS
Ernest,Hawkins,ehawkinsks@scribd.com,Israel,Male,‘Afula ‘Illit,Trudoo,81267.29,ILS
Christopher,Roberts,crobertskt@indiatimes.com,France,Male,Méru,Katz,86419.58,EUR
Jessica,Graham,jgrahamku@imgur.com,France,Female,Wintzenheim,Katz,22352.02,EUR
Ralph,Gutierrez,rgutierrezkv@umich.edu,China,Male,Gangkoujie,Vinte,,CNY
Maria,Johnston,mjohnstonkw@netlog.com,Comoros,Female,Madjeouéni,Mynte,30557.88,KMF
Anna,Johnston,ajohnstonkx@cbsnews.com,Portugal,Female,Rates,Brainbox,,EUR
Brenda,Myers,bmyersky@wikia.com,Afghanistan,Female,Bāzārak,Skinix,,AFN
Lois,Hayes,lhayeskz@un.org,Portugal,Female,São Mateus,Realfire,6382.77,EUR
Andrew,Rice,aricel0@huffingtonpost.com,Ecuador,Male,Calceta,Kazio,83214.46,USD
Roy,Robinson,rrobinsonl1@virginia.edu,Brazil,Male,Caculé,Jaxbean,,BRL
Sharon,Sims,ssimsl2@foxnews.com,China,Female,Hohhot,Eire,37097.04,CNY
Daniel,Freeman,dfreemanl3@imdb.com,Peru,Male,Viñac,Miboo,,PEN
Laura,Armstrong,larmstrongl4@mail.ru,Iceland,Female,Neskaupstaður,Fatz,56764.46,ISK
Sara,Washington,swashingtonl5@mashable.com,China,Female,Liuzhou,Jazzy,70780.54,CNY
Janet,Boyd,jboydl6@hud.gov,China,Female,Mazha,Lazz,16985.93,CNY
Diane,Oliver,doliverl7@umich.edu,Russia,Female,Krasnoyarka,Flipstorm,52327.31,RUB
Lisa,Baker,lbakerl8@princeton.edu,France,Female,Le Mans,Dazzlesphere,89393.18,EUR
Phyllis,Hicks,phicksl9@mapquest.com,Russia,Female,Rostov-na-Donu,Topicshots,92314.32,RUB
Christopher,Phillips,cphillipsla@hud.gov,Philippines,Male,Bitin,Eadel,82033.97,PHP
Arthur,Banks,abankslb@nasa.gov,Indonesia,Male,Sambogunung,Yodel,51192.04,IDR
Keith,Stevens,kstevenslc@bing.com,Philippines,Male,Apitong,Vidoo,,PHP
Joan,Powell,jpowellld@cloudflare.com,Sweden,Female,Dorotea,Twiyo,94215.37,SEK
Jonathan,Hill,jhillle@japanpost.jp,Indonesia,Male,Lebak,Innojam,77026.01,IDR
Helen,Matthews,hmatthewslf@wikimedia.org,China,Female,Xixi,Latz,63772.14,CNY
Michael,Bowman,mbowmanlg@altervista.org,Mexico,Male,5 de Mayo,Feednation,98195.11,MXN
Paul,Martinez,pmartinezlh@themeforest.net,Argentina,Male,Mar del Plata,Dazzlesphere,9655.42,ARS
Albert,Lewis,alewisli@cdbaby.com,China,Male,Sanjiang,Vinte,39683.00,CNY
Janet,Owens,jowenslj@hexun.com,Ukraine,Female,Medenychi,Dynazzy,93374.37,UAH
Joan,Harris,jharrislk@infoseek.co.jp,Pakistan,Female,Amangarh,Voonix,91266.11,PKR
William,Ray,wrayll@canalblog.com,Brazil,Male,Bocaiúva,Kaymbo,78267.08,BRL
Betty,Morgan,bmorganlm@dmoz.org,Brazil,Female,Manhuaçu,Photobug,25826.78,BRL
Samuel,Wheeler,swheelerln@boston.com,China,Male,Dafengdui,Twitternation,20301.21,CNY
Ryan,Moore,rmoorelo@youku.com,Canada,Male,Casselman,Jabbertype,86787.14,CAD
Karen,Howard,khowardlp@about.com,Thailand,Female,Ra-ngae,Zoomzone,22833.41,THB
Eric,Walker,ewalkerlq@opera.com,Comoros,Male,Mtsamdou,Eire,60620.87,KMF
William,Robertson,wrobertsonlr@accuweather.com,Sweden,Male,Tierp,Photolist,40502.51,SEK
Ryan,Sullivan,rsullivanls@etsy.com,China,Male,Nankai,Oozz,30687.46,CNY
Anne,Carter,acarterlt@census.gov,France,Female,Arpajon,Jatri,30254.84,EUR
Tina,Duncan,tduncanlu@upenn.edu,Sudan,Female,El Obeid,Wikivu,19685.27,SDG
Julia,Jordan,jjordanlv@dell.com,Finland,Female,Kristinestad,Photolist,43348.52,EUR
Carolyn,Thomas,cthomaslw@google.co.uk,Canada,Female,Delaware,Buzzshare,86290.25,CAD
Nancy,Garza,ngarzalx@free.fr,Peru,Female,San Pedro de Lloc,Quimm,,PEN
Fred,Alexander,falexanderly@umn.edu,China,Male,Liulin,Youtags,42204.33,CNY
Julie,Carpenter,jcarpenterlz@theglobeandmail.com,Japan,Female,Ōbu,Shuffledrive,74251.92,JPY
Mark,Porter,mporterm0@myspace.com,Aruba,Male,Arasji,Jabbertype,68789.70,AWG
Todd,Ramirez,tramirezm1@ftc.gov,Belarus,Male,Tsimkavichy,Meejo,80444.27,BYR
Roy,Hicks,rhicksm2@foxnews.com,China,Male,Heqiao,Devify,81375.14,CNY
Beverly,Oliver,boliverm3@etsy.com,Philippines,Female,Enrile,Voonyx,6138.85,PHP
Timothy,Harris,tharrism4@wikimedia.org,Croatia,Male,Ozalj,Zoovu,,HRK
Arthur,Perry,aperrym5@tumblr.com,Indonesia,Male,Sidorejo,Quatz,47846.26,IDR
Johnny,Henderson,jhendersonm6@ow.ly,China,Male,Jinhe,Kimia,42906.49,CNY
Arthur,Gilbert,agilbertm7@printfriendly.com,El Salvador,Male,Santiago Nonualco,Skinder,82218.28,USD
Joyce,Gilbert,jgilbertm8@vinaora.com,Finland,Female,Kivijärvi,Divanoodle,8624.51,EUR
Stephanie,Nichols,snicholsm9@gnu.org,Belarus,Female,Baruny,Zoomlounge,67078.51,BYR
Eric,Burns,eburnsma@creativecommons.org,Mexico,Male,San Miguel,Trilia,38947.62,MXN
Rose,Peters,rpetersmb@angelfire.com,Indonesia,Female,Buaran,Jabbertype,60961.19,IDR
Sandra,Jordan,sjordanmc@ezinearticles.com,Nigeria,Female,Mutum Biyu,Photolist,4510.26,NGN
Annie,Mendoza,amendozamd@csmonitor.com,Macedonia,Female,Sredno Konjare,Realbridge,,MKD
Virginia,Ward,vwardme@mashable.com,Latvia,Female,Jaunpils,Mybuzz,27111.79,EUR
Jennifer,Frazier,jfraziermf@whitehouse.gov,Democratic Republic of the Congo,Female,Likasi,Voonder,55623.80,CDF
Joseph,Lee,jleemg@dailymotion.com,Philippines,Male,Cabiguan,Eadel,5252.17,PHP
Debra,Fox,dfoxmh@bing.com,Philippines,Female,Bagahanlad,Voonyx,16450.07,PHP
Dorothy,Mcdonald,dmcdonaldmi@unblog.fr,Greece,Female,Palaió Fáliro,Abatz,17412.81,EUR
Gary,Mccoy,gmccoymj@arstechnica.com,Indonesia,Male,Weetobula,Edgeify,75958.09,IDR
Adam,Henderson,ahendersonmk@google.com.hk,Poland,Male,Żabno,Ozu,64349.22,PLN
Chris,James,cjamesml@xing.com,Ukraine,Male,Dubno,Eabox,32385.77,UAH
Mary,Henry,mhenrymm@yolasite.com,France,Female,Angers,Kwilith,72391.75,EUR
Howard,Rose,hrosemn@bloglovin.com,United States,Male,Pompano Beach,Mycat,6114.34,USD
Gerald,Andrews,gandrewsmo@booking.com,Indonesia,Male,Tangguhang,Feedfire,45870.42,IDR
Alan,Morales,amoralesmp@disqus.com,Uzbekistan,Male,Daxbet,Skyndu,40405.49,UZS
Brandon,Smith,bsmithmq@taobao.com,Japan,Male,Kōchi-shi,Edgeblab,64715.54,JPY
Jesse,Crawford,jcrawfordmr@pcworld.com,Russia,Male,Ovsyanka,Ainyx,32113.86,RUB
Jesse,Sims,jsimsms@ucoz.ru,United States,Male,Indianapolis,Meevee,48226.81,USD
Alan,Hudson,ahudsonmt@hc360.com,Mauritius,Male,Curepipe,Meezzy,,MUR
Chris,Reynolds,creynoldsmu@squidoo.com,Poland,Male,Dzięgielów,Oyoloo,37173.17,PLN
Benjamin,Henderson,bhendersonmv@sogou.com,Germany,Male,Reutlingen,Zoonder,27790.66,EUR
Bruce,Snyder,bsnydermw@kickstarter.com,Russia,Male,Yashalta,Eidel,80482.35,RUB
Sean,Nguyen,snguyenmx@netscape.com,China,Male,Hechun,Midel,63957.21,CNY
Patricia,Moore,pmooremy@sciencedirect.com,Serbia,Female,Valjevo,Meemm,73660.29,RSD
Melissa,Ferguson,mfergusonmz@csmonitor.com,France,Female,Clermont-Ferrand,Kayveo,43296.06,EUR
Roger,Allen,rallenn0@desdev.cn,France,Male,Avignon,Fanoodle,37051.10,EUR
Carl,Jenkins,cjenkinsn1@taobao.com,China,Male,Liangshan,Yoveo,75302.89,CNY
Thomas,Kennedy,tkennedyn2@marketwatch.com,China,Male,Tiehe,Voomm,43359.65,CNY
Roger,Bradley,rbradleyn3@github.com,Indonesia,Male,Mondokan,Twitterwire,5761.50,IDR
Joyce,Cruz,jcruzn4@yahoo.co.jp,France,Female,Niort,Kwimbee,,EUR
Jessica,Sims,jsimsn5@prnewswire.com,Argentina,Female,Cintra,Gigashots,61077.72,ARS
Harold,Olson,holsonn6@mashable.com,Portugal,Male,Vila Real de Santo António,Linklinks,65806.27,EUR
Patricia,Garcia,pgarcian7@fema.gov,France,Female,Reims,Ntags,23538.61,EUR
Ruby,Bishop,rbishopn8@chicagotribune.com,China,Female,Wuhao,Tazz,51416.46,CNY
Annie,Bishop,abishopn9@artisteer.com,Indonesia,Female,Potlot,Meevee,,IDR
Nicholas,Thompson,nthompsonna@boston.com,Norway,Male,Oslo,Podcat,21640.41,NOK
Jimmy,Wright,jwrightnb@netscape.com,China,Male,Guocun,Yombu,,CNY
Carolyn,Gordon,cgordonnc@mtv.com,France,Female,Fécamp,Avamm,4916.98,EUR
Bruce,Morgan,bmorgannd@dropbox.com,Armenia,Male,Khoronk’,Thoughtmix,,AMD
Jean,Garrett,jgarrettne@opera.com,Ukraine,Female,Dobropillya,Ailane,15488.24,UAH
Timothy,Moreno,tmorenonf@goo.gl,Poland,Male,Pomiechówek,Topicstorm,79575.60,PLN
Annie,Hall,ahallng@ask.com,Iran,Female,Shāzand,Tagfeed,55330.70,IRR
Clarence,Robertson,crobertsonnh@tumblr.com,Indonesia,Male,Tempurejo,Jazzy,31765.62,IDR
Kimberly,Turner,kturnerni@independent.co.uk,China,Female,Chuanpu,Lazz,92192.26,CNY
Patricia,Montgomery,pmontgomerynj@spotify.com,Malawi,Female,Karonga,Yacero,5629.09,MWK
Louis,Castillo,lcastillonk@t.co,Nicaragua,Male,Matiguás,Katz,97962.14,NIO
Deborah,Jordan,djordannl@parallels.com,Portugal,Female,Sezures,Topiczoom,86571.11,EUR
Tammy,Allen,tallennm@dailymail.co.uk,Chad,Female,Abéché,Oodoo,,XAF
Brenda,Jordan,bjordannn@usgs.gov,Honduras,Female,Oropéndolas,Aimbu,81236.16,HNL
Juan,Adams,jadamsno@live.com,Portugal,Male,Lameira,Fiveclub,71493.61,EUR
Tammy,Franklin,tfranklinnp@smugmug.com,Norway,Female,Oslo,Dazzlesphere,58097.51,NOK
Christina,Mccoy,cmccoynq@simplemachines.org,Spain,Female,Leon,Wordware,33373.69,EUR
Christopher,Garza,cgarzanr@nbcnews.com,Indonesia,Male,Kawaliwu,Mybuzz,90934.38,IDR
Juan,James,jjamesns@gov.uk,China,Male,Shengli,Brainbox,58194.46,CNY
Alan,Clark,aclarknt@irs.gov,Sweden,Male,Alingsås,Innojam,28321.23,SEK
Kathy,Murray,kmurraynu@flickr.com,China,Female,Jiashi,Brightdog,78012.66,CNY
Gerald,Harvey,gharveynv@hc360.com,Indonesia,Male,Cisasak,Avaveo,21660.39,IDR
Lillian,Kelley,lkelleynw@cbc.ca,China,Female,Yuexi,JumpXS,64645.93,CNY
Steve,Taylor,staylornx@theguardian.com,Bolivia,Male,Azurduy,Lazzy,54294.29,BOB
Patrick,Cunningham,pcunninghamny@examiner.com,Indonesia,Male,Sukapura,Topicshots,51060.89,IDR
Jose,Stewart,jstewartnz@si.edu,Iran,Male,Oshnavīyeh,Innojam,33502.57,IRR
Henry,Ward,hwardo0@ovh.net,Slovenia,Male,Cerklje na Gorenjskem,Aimbu,12429.66,EUR
Earl,Fox,efoxo1@si.edu,Malaysia,Male,Alor Setar,Kwilith,70289.08,MYR
Judith,Alvarez,jalvarezo2@youtu.be,Norway,Female,Haugesund,Snaptags,44470.24,NOK
Jane,Wheeler,jwheelero3@moonfruit.com,Portugal,Female,Portalegre,BlogXS,29462.27,EUR
Christopher,Hernandez,chernandezo4@wp.com,Peru,Male,Pueblo Nuevo,Dynabox,,PEN
Jimmy,Martinez,jmartinezo5@themeforest.net,Paraguay,Male,Santiago,Realblab,54257.61,PYG
Howard,Johnson,hjohnsono6@ted.com,Thailand,Male,Bang Racham,Buzzster,68729.33,THB
Carlos,Boyd,cboydo7@disqus.com,Indonesia,Male,Resapombo,Brightdog,88802.80,IDR
Antonio,Wells,awellso8@bigcartel.com,Ethiopia,Male,Debre Zeyit,Eire,29697.43,ETB
Jerry,Morales,jmoraleso9@irs.gov,Indonesia,Male,Banjar Dauhpura,Tekfly,27503.39,IDR
Carolyn,Medina,cmedinaoa@si.edu,China,Female,Helie,Realmix,35189.42,CNY
Raymond,Alexander,ralexanderob@sohu.com,Indonesia,Male,Tumpakkepuh,Oyoyo,28738.98,IDR
Harry,Watkins,hwatkinsoc@ucoz.com,China,Male,Qiujima,Fiveclub,31929.96,CNY
Virginia,Nguyen,vnguyenod@mapy.cz,Sweden,Female,Halmstad,Eamia,68066.84,SEK
William,Ward,wwardoe@surveymonkey.com,Philippines,Male,Jarigue,Camido,50842.91,PHP
Scott,Tucker,stuckerof@cisco.com,China,Male,Ke’erlun,Wikivu,,CNY
Theresa,Kim,tkimog@mozilla.org,United States,Female,San Diego,Oyonder,90184.92,USD
Jerry,Gonzales,jgonzalesoh@amazon.de,Nicaragua,Male,Dolores,Zooxo,61960.80,NIO
Steve,Spencer,sspenceroi@elpais.com,Cyprus,Male,Akaki,Jatri,11183.06,EUR
Margaret,Murray,mmurrayoj@shareasale.com,Indonesia,Female,Kandang Timur,Jaxnation,17944.20,IDR
Andrea,Jackson,ajacksonok@t.co,China,Female,Dahe,Flashpoint,74808.21,CNY
Albert,Dean,adeanol@jiathis.com,Uganda,Male,Lwengo,Twitterlist,,UGX
Evelyn,Lopez,elopezom@miitbeian.gov.cn,China,Female,Feicheng,Meejo,27492.14,CNY
Carol,Holmes,cholmeson@sogou.com,China,Female,Gaozhou,Gevee,67553.94,CNY
Ann,Hudson,ahudsonoo@slate.com,Indonesia,Female,Jetis,Thoughtblab,90277.83,IDR
Cheryl,Knight,cknightop@parallels.com,Peru,Female,El Carmen,Fivespan,68776.04,PEN
Johnny,Lewis,jlewisoq@mashable.com,Palestinian Territory,Male,Banī Suhaylā,Tagpad,75332.52,ILS
Sara,Morris,smorrisor@bandcamp.com,Greece,Female,Sápes,Katz,68520.22,EUR
Patricia,Stevens,pstevensos@ow.ly,China,Female,Taosha,Yodoo,96953.26,CNY
Kathleen,Arnold,karnoldot@nba.com,Russia,Female,Pervomayskoye,Quaxo,88569.48,RUB
Kathryn,Murphy,kmurphyou@forbes.com,United States,Female,Fort Worth,Gabcube,45591.63,USD
Jean,Hawkins,jhawkinsov@etsy.com,Sweden,Female,Eslöv,Brainbox,,SEK
Andrew,Lewis,alewisow@economist.com,Brazil,Male,Macapá,Twimm,,BRL
Rachel,Weaver,rweaverox@who.int,Portugal,Female,Odivelas,Dynava,52033.69,EUR
Stephanie,Harvey,sharveyoy@bigcartel.com,Russia,Female,Kotovo,Mydo,6308.95,RUB
Aaron,Young,ayoungoz@moonfruit.com,Peru,Male,Sinchao,Brightdog,34194.78,PEN
Jerry,Wilson,jwilsonp0@imgur.com,Colombia,Male,Riosucio,Mydo,25022.59,COP
Sean,Williams,swilliamsp1@imageshack.us,Poland,Male,Frydrychowice,Brainbox,62089.26,PLN
Rebecca,Hunter,rhunterp2@si.edu,Brazil,Female,Herval,Dynazzy,30784.87,BRL
Roy,Banks,rbanksp3@nps.gov,China,Male,Xianxi,Blogpad,88175.20,CNY
Jerry,Collins,jcollinsp4@tumblr.com,Philippines,Male,Lubuagan,Kwilith,78182.57,PHP
Jeremy,Bailey,jbaileyp5@umn.edu,Malta,Male,Sliema,Kwinu,,EUR
Anne,Wheeler,awheelerp6@ezinearticles.com,Bulgaria,Female,Kyustendil,Yata,45328.29,BGN
Dorothy,Mccoy,dmccoyp7@spotify.com,Indonesia,Female,Daniwato,Jabbercube,50155.52,IDR
Nancy,Washington,nwashingtonp8@cmu.edu,China,Female,Dong’an,Voolia,80383.60,CNY
Kathy,Johnson,kjohnsonp9@spiegel.de,Philippines,Female,Bairan,Bluezoom,4147.18,PHP
Gary,Fields,gfieldspa@amazon.com,France,Male,Paris 17,Flipbug,,EUR
Russell,Larson,rlarsonpb@netvibes.com,Portugal,Male,Ladário,Shuffletag,78952.41,EUR
Fred,Jenkins,fjenkinspc@about.me,Brazil,Male,Juàzeirinho,Jabbertype,17245.79,BRL
Thomas,Bishop,tbishoppd@trellian.com,Colombia,Male,Morales,Skyndu,,COP
Shawn,Grant,sgrantpe@wired.com,Tunisia,Male,La Goulette,Thoughtbridge,92003.18,TND
Walter,Wagner,wwagnerpf@chron.com,Ukraine,Male,Torez,Viva,92506.36,UAH
Daniel,Simmons,dsimmonspg@hatena.ne.jp,Philippines,Male,Sexmoan,Jabbertype,99406.75,PHP
Eric,Ferguson,efergusonph@networksolutions.com,Philippines,Male,Bundoc,Yadel,99768.80,PHP
Catherine,Grant,cgrantpi@soundcloud.com,Sweden,Female,Stenungsund,Pixoboo,1356.81,SEK
Anthony,Daniels,adanielspj@samsung.com,Philippines,Male,Santa Monica,Skyvu,62974.75,PHP
Raymond,Montgomery,rmontgomerypk@ezinearticles.com,China,Male,Fengxian,Thoughtstorm,27328.31,CNY
Karen,Patterson,kpattersonpl@bizjournals.com,China,Female,Tuqiao,DabZ,7588.76,CNY
Ruth,Dunn,rdunnpm@netvibes.com,Russia,Female,Dachnoye,Skivee,31497.21,RUB
Kathryn,Daniels,kdanielspn@jigsy.com,Philippines,Female,Cabcaben,Aivee,97658.61,PHP
Evelyn,Shaw,eshawpo@ibm.com,Indonesia,Female,Karasgede,Blogspan,25024.17,IDR
Jonathan,Payne,jpaynepp@adobe.com,Macedonia,Male,Gostivar,Eayo,21823.37,MKD
Rachel,Brooks,rbrookspq@ucoz.com,Japan,Female,Togitsu,Mydeo,35379.34,JPY
Jack,Harrison,jharrisonpr@salon.com,Brazil,Male,Venâncio Aires,Divape,,BRL
Scott,Bryant,sbryantps@altervista.org,Papua New Guinea,Male,Aitape,Youbridge,55606.49,PGK
Raymond,Cooper,rcooperpt@google.ru,Honduras,Male,Tocoa,Realbridge,35650.23,HNL
Johnny,Long,jlongpu@mozilla.com,Russia,Male,Isheyevka,Browsedrive,19217.93,RUB
Keith,Peterson,kpetersonpv@netscape.com,Bolivia,Male,San Francisco,Zoomzone,,BOB
Johnny,Mendoza,jmendozapw@globo.com,Micronesia,Male,Houk,Innotype,55808.30,USD
Matthew,Gutierrez,mgutierrezpx@squarespace.com,China,Male,Zhenzhushan,Chatterbridge,47622.78,CNY
Frances,Knight,fknightpy@posterous.com,France,Female,Cavaillon,Linktype,77883.93,EUR
Anne,Sims,asimspz@redcross.org,Indonesia,Female,Gelatik,Mymm,2633.67,IDR
Bobby,Hill,bhillq0@trellian.com,Faroe Islands,Male,Eystur,Vidoo,53645.63,DKK
Wayne,Snyder,wsnyderq1@yahoo.co.jp,Colombia,Male,San Juan Nepomuceno,Photojam,30649.22,COP
Nancy,Davis,ndavisq2@ameblo.jp,Yemen,Female,Al Ma‘allā’,Wikivu,20785.10,YER
Robin,Sanders,rsandersq3@cdbaby.com,Micronesia,Female,Kuttu,Skilith,94946.54,USD
Janet,Lewis,jlewisq4@gravatar.com,Russia,Female,Moshenskoye,Skinder,18378.79,RUB
Clarence,Meyer,cmeyerq5@geocities.jp,Indonesia,Male,Urek-urek,Flashspan,35449.63,IDR
Andrea,Willis,awillisq6@apache.org,France,Female,Romorantin-Lanthenay,Podcat,88121.80,EUR
Michael,Gonzalez,mgonzalezq7@aol.com,East Timor,Male,Maliana,Fadeo,37540.17,USD
Janet,Boyd,jboydq8@cnn.com,China,Female,Houjie,Skipstorm,82823.33,CNY
Jesse,Harrison,jharrisonq9@sina.com.cn,South Africa,Male,Thabazimbi,Realblab,60437.74,ZAR
Samuel,Hanson,shansonqa@newyorker.com,France,Male,Béziers,Kimia,76180.54,EUR
Stephen,Watson,swatsonqb@vk.com,France,Male,Arcueil,Edgeclub,5525.72,EUR
Antonio,Ortiz,aortizqc@harvard.edu,Indonesia,Male,Sekongkang Bawah,Eadel,27742.22,IDR
George,Bell,gbellqd@artisteer.com,South Africa,Male,Ventersdorp,Oodoo,1335.60,ZAR
Bruce,Vasquez,bvasquezqe@mtv.com,Indonesia,Male,Komes,Kaymbo,54599.72,IDR
Joyce,King,jkingqf@narod.ru,Brazil,Female,Itapira,Myworks,68311.40,BRL
Rachel,Perry,rperryqg@fc2.com,Indonesia,Female,Sukosari,Topiczoom,7163.31,IDR
Angela,Jones,ajonesqh@salon.com,China,Female,Hexi,Wikizz,61639.34,CNY
Lois,James,ljamesqi@linkedin.com,Portugal,Female,Póvoa de Santo António,Gabspot,74925.75,EUR
Fred,Jordan,fjordanqj@walmart.com,China,Male,Hengli,Jetpulse,27713.32,CNY
Henry,Gonzalez,hgonzalezqk@mozilla.org,Brazil,Male,Santos Dumont,Yamia,58552.73,BRL
Jennifer,Romero,jromeroql@wix.com,Argentina,Female,San Roque,Gevee,45849.57,ARS
Jose,Rivera,jriveraqm@slate.com,Indonesia,Male,Wonosari,Centimia,8126.02,IDR
Tina,Fuller,tfullerqn@msn.com,Vietnam,Female,Thị Trấn Triệu Sơn,JumpXS,8028.20,VND
Patricia,Andrews,pandrewsqo@ifeng.com,France,Female,Paris 07,Devpulse,52204.09,EUR
Roger,Larson,rlarsonqp@ustream.tv,France,Male,Saint-Nazaire,Quinu,,EUR
Donald,Gonzales,dgonzalesqq@ihg.com,Indonesia,Male,Kauditan,Tagcat,36765.55,IDR
Anne,Woods,awoodsqr@plala.or.jp,China,Female,Kuasha,Tagfeed,22993.29,CNY
Matthew,Gardner,mgardnerqs@lulu.com,China,Male,Zhaitou,Eadel,6640.58,CNY
Jennifer,Peterson,jpetersonqt@clickbank.net,Russia,Female,Yershov,Demizz,52885.70,RUB
Sara,Stephens,sstephensqu@theguardian.com,Indonesia,Female,Segong,Twitternation,92515.72,IDR
Michelle,Stevens,mstevensqv@army.mil,Philippines,Female,Tolosa,Centimia,15456.98,PHP
Christina,Gonzalez,cgonzalezqw@latimes.com,China,Female,Ganting,Digitube,27036.90,CNY
Patricia,Palmer,ppalmerqx@prweb.com,Serbia,Female,Dobrica,Mydo,43512.23,RSD
Kathryn,Johnston,kjohnstonqy@whitehouse.gov,Philippines,Female,Tabonoc,Ainyx,,PHP
Louise,Campbell,lcampbellqz@google.de,Democratic Republic of the Congo,Female,Bolobo,Voonix,78253.86,CDF
Louis,Coleman,lcolemanr0@intel.com,Croatia,Male,Žrnovnica,Jatri,52555.00,HRK
Brenda,Jones,bjonesr1@princeton.edu,Iran,Female,Īz̄eh,Thoughtworks,55610.36,IRR
Ronald,Stone,rstoner2@hc360.com,Canada,Male,Wabana,Zoomlounge,,CAD
Ruth,Oliver,roliverr3@facebook.com,Norway,Female,Moss,Zoomdog,59328.84,NOK
Daniel,Bishop,dbishopr4@icio.us,South Africa,Male,Middelburg,Tagtune,14974.36,ZAR
Terry,Flores,tfloresr5@ovh.net,Philippines,Male,Dapitan,Livetube,40512.66,PHP
Tina,Fox,tfoxr6@si.edu,China,Female,Beishan,Kamba,43997.31,CNY
Antonio,Alvarez,aalvarezr7@epa.gov,Philippines,Male,Libog,Ainyx,67971.50,PHP
Lois,Walker,lwalkerr8@mac.com,Italy,Female,Brescia,Browseblab,43734.30,EUR
Nicholas,Rice,nricer9@bbb.org,Sweden,Male,Jönköping,Mudo,31423.28,SEK
Scott,Garcia,sgarciara@ed.gov,China,Male,Santai,Yozio,96957.71,CNY
Ashley,Thompson,athompsonrb@utexas.edu,Russia,Female,Luga,Babbleblab,10203.72,RUB
Clarence,Stone,cstonerc@ustream.tv,Brazil,Male,Itambacuri,Youopia,79094.82,BRL
Michelle,Taylor,mtaylorrd@google.ca,Cyprus,Female,Acherítou,Vitz,1445.28,EUR
Jonathan,Payne,jpaynere@com.com,Indonesia,Male,Sumberan,BlogXS,13000.80,IDR
Cheryl,Bradley,cbradleyrf@constantcontact.com,Brazil,Female,São Sebastião,Vidoo,50294.74,BRL
Phillip,Daniels,pdanielsrg@cmu.edu,China,Male,Yingshouyingzi,Jabbercube,75293.59,CNY
Judy,Robertson,jrobertsonrh@chronoengine.com,Peru,Female,Santa Eulalia,Feedfish,71487.88,PEN
Frances,Diaz,fdiazri@dailymotion.com,Indonesia,Female,Melikkrajan,Youbridge,86340.75,IDR
Todd,Hansen,thansenrj@sphinn.com,France,Male,Rennes,Digitube,83246.61,EUR
Stephen,Roberts,srobertsrk@redcross.org,Poland,Male,Dzięgielów,Yozio,,PLN
Joshua,Green,jgreenrl@usnews.com,Ukraine,Male,Nyzhnya Krynka,Devify,84.47,UAH
Sean,Franklin,sfranklinrm@samsung.com,China,Male,Wan’an,Mycat,62085.90,CNY
Julia,Crawford,jcrawfordrn@zdnet.com,Norway,Female,Arendal,Plajo,53023.16,NOK
Frances,Shaw,fshawro@constantcontact.com,Philippines,Female,Ginatilan,Tambee,15693.07,PHP
Ernest,Willis,ewillisrp@amazon.co.uk,Argentina,Male,Casilda,Mycat,79368.97,ARS
Kathleen,Bryant,kbryantrq@craigslist.org,Argentina,Female,Tres Isletas,Linklinks,77020.05,ARS
Lori,Thompson,lthompsonrr@xinhuanet.com,Russia,Female,Kenzhe,Buzzdog,57630.23,RUB
