Randy,Morrison,rmorrison0@xing.com,France,Male,Rungis,Zava,67526.00,EUR
Sean,Andrews,sandrews1@sbwire.com,Japan,Male,Tenri,Brightdog,46682.05,JPY
Harold,Mason,hmason2@fda.gov,China,Male,Zhangfeng,Divavu,1762.31,CNY
Doris,Brown,dbrown3@tumblr.com,Russia,Female,Nizhniy Tagil,Brightbean,57872.24,RUB
Ernest,Patterson,epatterson4@goo.gl,China,Male,Hancheng,Quamba,32192.01,CNY
Frances,Schmidt,fschmidt5@odnoklassniki.ru,Serbia,Female,Bogojevo,Minyx,,RSD
Patricia,Long,plong6@ucoz.com,South Korea,Female,Kyonju,Topiclounge,74172.45,KRW
Douglas,Jackson,djackson7@ifeng.com,Myanmar,Male,Pathein,Voonyx,60068.63,MMK
Jessica,Morgan,jmorgan8@redcross.org,Nigeria,Female,Bama,Tanoodle,36428.12,NGN
Aaron,Jenkins,ajenkins9@netvibes.com,Portugal,Male,Vila Nova de Gaia,Babbleopia,47720.39,EUR
Betty,Willis,bwillisa@1688.com,Vietnam,Female,Buôn Trấp,Dablist,91731.69,VND
Jason,Woods,jwoodsb@tripadvisor.com,China,Male,Chadi,Mudo,65728.34,CNY
Teresa,Morgan,tmorganc@rakuten.co.jp,China,Female,Ouyang,Chatterbridge,16922.24,CNY
Mark,Snyder,msnyderd@webnode.com,Czech Republic,Male,Strání,Brainbox,25157.58,CZK
Shawn,Lawrence,slawrencee@samsung.com,Peru,Male,Breu,Tagopia,51997.25,PEN
Laura,Reed,lreedf@narod.ru,Sweden,Female,Vellinge,Dabvine,13353.64,SEK
Melissa,Garza,mgarzag@ask.com,Poland,Female,Gorzyce,Meevee,98731.08,PLN
Karen,Berry,kberryh@sourceforge.net,Indonesia,Female,Cimuncang,Twitterlist,68259.45,IDR
Brandon,Alexander,balexanderi@typepad.com,Brazil,Male,Cabreúva,Chatterbridge,89007.31,BRL
Teresa,Lewis,tlewisj@blogger.com,Malaysia,Female,Seremban,Twimbo,86080.90,MYR
Mildred,Stewart,mstewartk@g.co,Peru,Female,Uticyacu,Realcube,5367.85,PEN
Jennifer,Chavez,jchavezl@reuters.com,China,Female,Taibao,Livepath,30088.67,CNY
Nancy,Gomez,ngomezm@princeton.edu,Japan,Female,Kuroda,Yamia,84703.62,JPY
Kathleen,Young,kyoungn@nsw.gov.au,United States,Female,Kansas City,Zoomzone,3999.24,USD
Julie,Jenkins,jjenkinso@elpais.com,Ireland,Female,Cobh,Kwilith,22000.04,EUR
Shirley,Perkins,sperkinsp@goo.gl,Argentina,Female,San Pedro,Oodoo,34159.87,ARS
Theresa,Gilbert,tgilbertq@ucsd.edu,Poland,Female,Zamarski,Tagcat,8357.33,PLN
Steve,Grant,sgrantr@weibo.com,Brazil,Male,Floresta,Bubblebox,35466.49,BRL
Jessica,Perez,jperezs@123-reg.co.uk,Ivory Coast,Female,Guiglo,Kaymbo,63998.53,XOF
Laura,Alexander,lalexandert@bloomberg.com,China,Female,Liqiao,Quimba,,CNY
Judy,Knight,jknightu@unicef.org,Togo,Female,Vogan,Pixope,12455.26,XOF
Chris,Day,cdayv@upenn.edu,Honduras,Male,Salamá,Skynoodle,99154.41,HNL
Virginia,Martin,vmartinw@google.de,Russia,Female,Khorinsk,Shufflester,23401.07,RUB
Susan,Mason,smasonx@mediafire.com,China,Female,Baojia,Fanoodle,99070.66,CNY
Judith,Ortiz,jortizy@weibo.com,Russia,Female,Verkhniy Avzyan,Voonix,22574.74,RUB
Ernest,Evans,eevansz@yelp.com,China,Male,Shangjiangxu,Brainbox,6446.78,CNY
Harold,Stanley,hstanley10@yandex.ru,Canada,Male,Saint-Félicien,Edgepulse,44444.81,CAD
Marie,Wallace,mwallace11@prlog.org,Philippines,Female,Navatat,Eabox,66731.31,PHP
Jessica,Gomez,jgomez12@canalblog.com,Colombia,Female,Caucasia,Eidel,55230.90,COP
Joan,Moore,jmoore13@mysql.com,Tajikistan,Female,Mehron,Skimia,79061.66,TJS
Wanda,Thompson,wthompson14@army.mil,Sweden,Female,Åkersberga,Oloo,97836.61,SEK
Janet,Nelson,jnelson15@jigsy.com,China,Female,Sanzao,Skyvu,15551.39,CNY
Jean,Hawkins,jhawkins16@ocn.ne.jp,Colombia,Female,Buenaventura,Kare,12886.09,COP
Louis,Garcia,lgarcia17@bloomberg.com,China,Male,Chuantang,Devshare,210.86,CNY
Cynthia,Flores,cflores18@google.com.hk,Comoros,Female,Ourovéni,Youspan,5619.67,KMF
Karen,Franklin,kfranklin19@gov.uk,China,Female,Yangping,Kwideo,86022.79,CNY
Gary,Cook,gcook1a@1und1.de,Germany,Male,Rostock,Jetpulse,37699.37,EUR
Julia,Alvarez,jalvarez1b@e-recht24.de,Georgia,Female,Tqibuli,Lazz,61565.80,GEL
Thomas,Brooks,tbrooks1c@springer.com,Philippines,Male,Cervantes,Janyx,48567.54,PHP
Albert,Ford,aford1d@artisteer.com,Kenya,Male,Homa Bay,Zoozzy,57324.49,KES
Lois,Ortiz,lortiz1e@t-online.de,China,Female,Dongjiang Matoukou,Ntags,14.90,CNY
Paula,Andrews,pandrews1f@twitpic.com,Dominica,Female,Pont Cassé,Photobug,3415.58,XCD
Kimberly,Johnson,kjohnson1g@mashable.com,Malaysia,Female,Melaka,Shuffletag,,MYR
Douglas,Moreno,dmoreno1h@fc2.com,Israel,Male,Petaẖ Tiqwa,Zoonder,56864.67,ILS
Frank,King,fking1i@drupal.org,China,Male,Yushu,Photobug,45421.83,CNY
Rebecca,Lee,rlee1j@cocolog-nifty.com,France,Female,Lunéville,Jabberstorm,,EUR
Wanda,Elliott,welliott1k@imdb.com,China,Female,Xixiang,Innotype,69172.82,CNY
Gerald,Miller,gmiller1l@hubpages.com,Indonesia,Male,Galis,Realmix,43250.28,IDR
Jason,Hudson,jhudson1m@princeton.edu,Iran,Male,Kelīshād va Sūdarjān,Chatterpoint,85515.77,IRR
Paul,Marshall,pmarshall1n@sitemeter.com,Japan,Male,Kasukabe,Brainsphere,55518.92,JPY
Jack,Perkins,jperkins1o@123-reg.co.uk,China,Male,Xujiaqiao,Aibox,33528.09,CNY
Kathy,Reed,kreed1p@scribd.com,China,Female,Zangkaxa,Voonyx,37900.04,CNY
Kelly,Reed,kreed1q@fema.gov,China,Female,Xiaoya,Dazzlesphere,49198.54,CNY
Howard,Meyer,hmeyer1r@exblog.jp,Israel,Male,Tiberias,Avavee,36046.45,ILS
Roy,Greene,rgreene1s@exblog.jp,China,Male,Wentang,Livefish,98274.73,CNY
Alan,Day,aday1t@edublogs.org,Bosnia and Herzegovina,Male,Bužim,Yabox,4844.84,BAM
Rose,Weaver,rweaver1u@loc.gov,Indonesia,Female,Mbongawani,Eabox,69848.51,IDR
William,Bryant,wbryant1v@blogtalkradio.com,China,Male,Sandaogou,Photojam,44567.53,CNY
Elizabeth,Johnston,ejohnston1w@goodreads.com,Honduras,Female,Bálsamo Oriental,Oyondu,25689.75,HNL
George,Stewart,gstewart1x@ft.com,Indonesia,Male,Sumberjati,Zoomlounge,49796.67,IDR
Tammy,Martinez,tmartinez1y@nbcnews.com,Ukraine,Female,Varva,Youopia,70978.10,UAH
Sarah,Stephens,sstephens1z@japanpost.jp,Greece,Female,Korydallós,Dabshots,81745.20,EUR
Nicole,Wallace,nwallace20@seattletimes.com,Luxembourg,Female,Beckerich,Twiyo,26014.48,EUR
Diane,Ramirez,dramirez21@usatoday.com,Poland,Female,Mieścisko,Thoughtsphere,20757.88,PLN
Patrick,Schmidt,pschmidt22@cdbaby.com,United States,Male,Pittsburgh,Leenti,,USD
Charles,Sanders,csanders23@timesonline.co.uk,Botswana,Male,Mahalapye,Devbug,59562.95,BWP
Lori,Foster,lfoster24@linkedin.com,China,Female,Shuren,Thoughtbridge,80742.78,CNY
Carol,Howard,choward25@unicef.org,Brazil,Female,Teresópolis,Oyope,6164.71,BRL
Keith,Kennedy,kkennedy26@discuz.net,China,Male,Luotuo,Divape,37797.05,CNY
Linda,Franklin,lfranklin27@angelfire.com,Poland,Female,Jasionów,Agimba,22837.98,PLN
Patrick,Watkins,pwatkins28@artisteer.com,Argentina,Male,Pico Truncado,Livetube,56878.68,ARS
Brenda,Peters,bpeters29@imgur.com,France,Female,Troyes,Pixoboo,35216.81,EUR
Anthony,Ruiz,aruiz2a@miitbeian.gov.cn,Russia,Male,Kovdor,Photobug,54052.79,RUB
Dennis,White,dwhite2b@cdbaby.com,Rwanda,Male,Nzega,Aibox,12729.72,RWF
Carlos,Howard,choward2c@businesswire.com,Thailand,Male,Wat Sing,Yodel,44520.04,THB
Cheryl,Rogers,crogers2d@hostgator.com,Portugal,Female,Almendra,Talane,30564.60,EUR
Jonathan,Day,jday2e@reuters.com,Tanzania,Male,Makuyuni,Skiptube,12001.37,TZS
Deborah,Myers,dmyers2f@booking.com,Tajikistan,Female,Proletar,Yabox,70492.05,TJS
Matthew,Pierce,mpierce2g@amazon.co.jp,Mongolia,Male,Bayantal,Photospace,70421.81,MNT
Randy,Vasquez,rvasquez2h@bandcamp.com,Czech Republic,Male,Lysá nad Labem,Jabbersphere,79863.28,CZK
Nicholas,Wagner,nwagner2i@wordpress.org,Portugal,Male,Palhais,Zooveo,73809.03,EUR
Rose,Woods,rwoods2j@tripadvisor.com,Greece,Female,Souflí,Zoombeat,16549.40,EUR
Wayne,Sullivan,wsullivan2k@admin.ch,Indonesia,Male,Labangka Satu,Youopia,25273.81,IDR
Edward,Nelson,enelson2l@github.io,United Kingdom,Male,Sheffield,Gigashots,5698.89,GBP
Albert,Knight,aknight2m@mozilla.com,Philippines,Male,Novallas,Tekfly,48304.89,PHP
Joseph,Ellis,jellis2n@kickstarter.com,China,Male,Hanji,Eamia,69748.47,CNY
Andrew,Flores,aflores2o@example.com,China,Male,Shanxi,Camido,13751.22,CNY
Dorothy,Wheeler,dwheeler2p@spiegel.de,Armenia,Female,Geghanist,Lazzy,23307.90,AMD
Johnny,Black,jblack2q@nifty.com,Greece,Male,Axioúpoli,Pixope,73905.00,EUR
Kathleen,Peterson,kpeterson2r@xing.com,Chile,Female,San Bernardo,Mudo,72539.91,CLP
Ernest,Snyder,esnyder2s@istockphoto.com,China,Male,Anxi,Dablist,13970.95,CNY
Marie,Morales,mmorales2t@wiley.com,Russia,Female,Pashkovskiy,Katz,,RUB
Larry,Myers,lmyers2u@usa.gov,North Korea,Male,Sariwŏn,Zoombeat,32922.41,KPW
Brian,Kelley,bkelley2v@salon.com,Sweden,Male,Gustavsberg,Vinder,53512.87,SEK
Louise,Holmes,lholmes2w@archive.org,Bulgaria,Female,Perushtitsa,Centidel,94563.50,BGN
Catherine,Tucker,ctucker2x@pinterest.com,Portugal,Female,Penalva de Alva,InnoZ,23555.80,EUR
Jeremy,Kennedy,jkennedy2y@t.co,China,Male,Tujing,Katz,56248.81,CNY
Irene,Kim,ikim2z@unc.edu,Brazil,Female,Mutum,Gigaclub,9929.33,BRL
Emily,Lynch,elynch30@army.mil,Indonesia,Female,Klumpit,Camimbo,21432.22,IDR
Sarah,Collins,scollins31@nsw.gov.au,Brazil,Female,Taboão da Serra,Eidel,83395.56,BRL
Judith,Lawson,jlawson32@netscape.com,Ukraine,Female,Pomichna,Zooveo,36741.98,UAH
Barbara,Russell,brussell33@rakuten.co.jp,Vietnam,Female,Phù Cát,Mydo,,VND
Arthur,Smith,asmith34@blinklist.com,Vietnam,Male,Đống Đa,Feedmix,99020.75,VND
Brian,Oliver,boliver35@harvard.edu,Sweden,Male,Nol,Gigazoom,52510.90,SEK
Albert,Bailey,abailey36@amazonaws.com,South Africa,Male,Senekal,Wordify,50132.91,ZAR
Eric,Burke,eburke37@yale.edu,China,Male,Guanqian,Voomm,29553.04,CNY
Albert,Mcdonald,amcdonald38@biglobe.ne.jp,Sweden,Male,Älvsjö,Livefish,18093.05,SEK
Clarence,Bailey,cbailey39@twitpic.com,Thailand,Male,Lamduan,Wikizz,47077.65,THB
Martin,Graham,mgraham3a@cpanel.net,Sudan,Male,Bārah,Realblab,7713.45,SDG
Mildred,Lane,mlane3b@answers.com,France,Female,Bagneux,Yodel,77670.02,EUR
Frances,Murray,fmurray3c@technorati.com,Russia,Female,Divnomorskoye,Feedbug,44880.94,RUB
Todd,Romero,tromero3d@theatlantic.com,Serbia,Male,Stepojevac,Skynoodle,30631.36,RSD
Matthew,Scott,mscott3e@webeden.co.uk,Lithuania,Male,Kybartai,Gigabox,20215.73,LTL
Samuel,Tucker,stucker3f@dailymail.co.uk,Morocco,Male,Sidi Redouane,Fivebridge,,MAD
Ashley,Butler,abutler3g@flickr.com,Brazil,Female,Palmas,Topiclounge,14527.93,BRL
Catherine,James,cjames3h@ocn.ne.jp,Indonesia,Female,Semanding,Meedoo,70470.68,IDR
Kathy,Edwards,kedwards3i@huffingtonpost.com,China,Female,Tuodian,Shuffletag,,CNY
Anna,Butler,abutler3j@imageshack.us,China,Female,Changsha,Skinix,40971.41,CNY
Lori,Nguyen,lnguyen3k@amazon.co.uk,Venezuela,Female,Tucaní,Roodel,98980.91,VEF
Laura,Williams,lwilliams3l@lulu.com,Indonesia,Female,Rancabelut,Edgeify,98875.10,IDR
Douglas,Jordan,djordan3m@rambler.ru,Philippines,Male,Balogo,Voonte,75256.78,PHP
Carlos,Carroll,ccarroll3n@paypal.com,France,Male,Troyes,Meemm,96079.67,EUR
Jennifer,Graham,jgraham3o@engadget.com,Russia,Female,Ovsyanka,Kaymbo,5419.74,RUB
Terry,Mcdonald,tmcdonald3p@slashdot.org,Indonesia,Male,Mojorembun,Skipfire,38571.58,IDR
Eugene,Henderson,ehenderson3q@woothemes.com,Czech Republic,Male,Studená,Browsezoom,76681.44,CZK
Michael,Foster,mfoster3r@answers.com,Lithuania,Male,Eiguliai,Yakijo,79373.75,LTL
Kelly,Hanson,khanson3s@blog.com,Ukraine,Female,Khorostkiv,Minyx,73968.13,UAH
Eric,Cunningham,ecunningham3t@vk.com,China,Male,Lintingkou,Oyoloo,99297.59,CNY
Willie,Parker,wparker3u@miibeian.gov.cn,Indonesia,Male,Peuara,Tagchat,,IDR
Catherine,Burton,cburton3v@over-blog.com,China,Female,Luoting,Skalith,32061.93,CNY
Carolyn,Schmidt,cschmidt3w@odnoklassniki.ru,Czech Republic,Female,Uherské Hradiště,Zoombox,35987.75,CZK
Bruce,Webb,bwebb3x@mozilla.com,Russia,Male,Dukhovshchina,Wikivu,2833.66,RUB
Debra,Dixon,ddixon3y@wired.com,France,Female,Pamiers,Photospace,669.45,EUR
Richard,Knight,rknight3z@amazon.co.uk,Portugal,Male,Eido,Mymm,78444.51,EUR
Dorothy,Cole,dcole40@opensource.org,Japan,Female,Naha-shi,Zoozzy,12108.29,JPY
Eugene,Romero,eromero41@issuu.com,China,Male,Baiquesi,Jayo,21236.38,CNY
Joyce,Willis,jwillis42@liveinternet.ru,Azerbaijan,Female,Mingelchaur,Skiba,82671.74,AZN
Kevin,Stevens,kstevens43@bloglovin.com,Uruguay,Male,Porvenir,Brightdog,,UYU
Margaret,Greene,mgreene44@alibaba.com,Indonesia,Female,Gunung,Skyvu,41211.64,IDR
Catherine,Harper,charper45@yelp.com,Canada,Female,Roberval,Flashset,60389.36,CAD
Jesse,Long,jlong46@addthis.com,Ukraine,Male,Komyshany,Vinder,47377.05,UAH
Edward,Watson,ewatson47@upenn.edu,Indonesia,Male,Sundawenang,Zoovu,8629.22,IDR
Julia,Taylor,jtaylor48@stanford.edu,Canada,Female,Lumsden,Dynazzy,80558.51,CAD
Alan,Ruiz,aruiz49@virginia.edu,Chile,Male,Rauco,Eadel,26920.25,CLP
Chris,Rivera,crivera4a@ycombinator.com,Indonesia,Male,Kotatengah,Centimia,,IDR
Patrick,Gibson,pgibson4b@un.org,Philippines,Male,Bagacay,Voomm,67294.09,PHP
Thomas,Roberts,troberts4c@ocn.ne.jp,Paraguay,Male,Capiíbary,Cogidoo,42850.87,PYG
Joseph,Daniels,jdaniels4d@creativecommons.org,Lithuania,Male,Zarasai,Trudoo,94768.89,LTL
Antonio,Ruiz,aruiz4e@harvard.edu,Philippines,Male,Pangantocan,Thoughtmix,84331.41,PHP
Jerry,Ellis,jellis4f@gizmodo.com,Poland,Male,Sępopol,Quamba,63085.46,PLN
John,Sanders,jsanders4g@accuweather.com,Cameroon,Male,Garoua,Skibox,30046.48,XAF
Terry,Carr,tcarr4h@google.nl,Honduras,Male,Armenta,Buzzdog,67231.09,HNL
Bruce,Medina,bmedina4i@noaa.gov,France,Male,Paris 13,Eabox,71893.34,EUR
Kathy,Young,kyoung4j@over-blog.com,Indonesia,Female,Ankola,Flashdog,2740.36,IDR
Kenneth,George,kgeorge4k@skype.com,Philippines,Male,Guiuan,Dazzlesphere,23094.95,PHP
Sara,Wells,swells4l@seesaa.net,China,Female,Chengzhong,Dabtype,61293.54,CNY
Kenneth,Fox,kfox4m@forbes.com,France,Male,Villeurbanne,Yabox,17631.12,EUR
Clarence,Wood,cwood4n@samsung.com,Colombia,Male,Ibagué,Demimbu,15876.69,COP
Doris,Ramirez,dramirez4o@senate.gov,China,Female,Sanjiangkou,Thoughtstorm,66669.27,CNY
Kathy,Baker,kbaker4p@gravatar.com,Serbia,Female,Banatsko Karađorđevo,Quimm,17076.99,RSD
Jennifer,Stone,jstone4q@soundcloud.com,Costa Rica,Female,Alajuela,Meedoo,17992.45,CRC
Antonio,Freeman,afreeman4r@bloglovin.com,Libya,Male,Ghāt,Realbuzz,26993.61,LYD
Juan,Palmer,jpalmer4s@washington.edu,China,Male,Dongxiao,Roodel,61892.80,CNY
Justin,Baker,jbaker4t@booking.com,Albania,Male,Laç,Meeveo,14662.64,ALL
Lois,Powell,lpowell4u@nature.com,Brazil,Female,Matinha,Agivu,89352.13,BRL
Mary,Ramirez,mramirez4v@soup.io,Canada,Female,Morris,Bluejam,63429.53,CAD
Brian,Powell,bpowell4w@moonfruit.com,Portugal,Male,Vermoim,Thoughtbridge,31886.35,EUR
Fred,Ellis,fellis4x@studiopress.com,Philippines,Male,Kayapa,Zazio,1238.54,PHP
Alan,Ortiz,aortiz4y@flickr.com,Indonesia,Male,Gandong,Vipe,83331.55,IDR
Randy,Nguyen,rnguyen4z@meetup.com,China,Male,Dalu,Kazio,91065.21,CNY
Paula,Washington,pwashington50@biblegateway.com,Croatia,Female,Srinjine,Reallinks,95568.82,HRK
Dennis,Carpenter,dcarpenter51@indiatimes.com,Pakistan,Male,Shujāābād,Browseblab,24587.41,PKR
Diane,Fuller,dfuller52@privacy.gov.au,Philippines,Female,Motrico,Bubblebox,94308.87,PHP
Brian,Hansen,bhansen53@mapy.cz,China,Male,Heku,Rhynoodle,28045.50,CNY
Debra,Smith,dsmith54@go.com,Thailand,Female,Ban Na,Demimbu,39724.69,THB
Clarence,Lawrence,clawrence55@printfriendly.com,Saudi Arabia,Male,Tārūt,Thoughtbridge,62307.15,SAR
Sean,Richardson,srichardson56@ucoz.com,China,Male,Liuzhi,Blogpad,79176.61,CNY
Angela,Rice,arice57@geocities.com,China,Female,Sanzao,Tagfeed,16811.93,CNY
Teresa,Washington,twashington58@deliciousdays.com,Canada,Female,Revelstoke,Babbleset,40493.14,CAD
Albert,Butler,abutler59@fema.gov,Russia,Male,Tutayev,Eabox,90005.39,RUB
Catherine,Jones,cjones5a@nifty.com,Brazil,Female,Marialva,Jetwire,78483.55,BRL
Earl,West,ewest5b@unblog.fr,Indonesia,Male,Kediren,Divavu,701.35,IDR
Ruby,Gibson,rgibson5c@hostgator.com,Tunisia,Female,Sfax,Jetpulse,28376.06,TND
Michelle,Hanson,mhanson5d@bbc.co.uk,China,Female,Diaowei,Demizz,91642.49,CNY
Benjamin,Romero,bromero5e@domainmarket.com,Portugal,Male,Pedrogão,Vinte,67036.06,EUR
Theresa,Burke,tburke5f@japanpost.jp,Iceland,Female,Hafnarfjörður,Trudoo,,ISK
Betty,Hart,bhart5g@ox.ac.uk,Poland,Female,Wola Jachowa,Quimba,26135.32,PLN
Anne,Freeman,afreeman5h@ask.com,Poland,Female,Przeworsk,Wikizz,94820.54,PLN
Bruce,Bradley,bbradley5i@fc2.com,Poland,Male,Czerniewice,Dynazzy,63163.95,PLN
Aaron,Long,along5j@sohu.com,Ukraine,Male,Tarakaniv,Izio,6400.33,UAH
Julia,Hansen,jhansen5k@shop-pro.jp,Indonesia,Female,Kliteh,Youspan,8685.21,IDR
Tina,Jenkins,tjenkins5l@360.cn,China,Female,Jimusa’er,Zoonder,4633.73,CNY
Nicole,Riley,nriley5m@elpais.com,China,Female,Yejia,Mycat,34717.57,CNY
Keith,Mcdonald,kmcdonald5n@wikimedia.org,China,Male,Baishuitan,Bubblebox,84570.07,CNY
Jonathan,Sims,jsims5o@loc.gov,Afghanistan,Male,Baghlān,Babbleblab,1661.75,AFN
Martin,Lawson,mlawson5p@storify.com,Palestinian Territory,Male,Tarqūmyā,Dabshots,4402.45,ILS
Tina,Berry,tberry5q@boston.com,China,Female,Pengshi,Oyoloo,34450.67,CNY
Kevin,Elliott,kelliott5r@meetup.com,China,Male,Leicheng,Oodoo,52554.63,CNY
Beverly,Oliver,boliver5s@deliciousdays.com,Czech Republic,Female,Dolní Cerekev,Realcube,36266.53,CZK
Catherine,Rice,crice5t@marriott.com,Czech Republic,Female,Horní Suchá,Linklinks,37199.76,CZK
Joyce,Fisher,jfisher5u@reuters.com,Portugal,Female,Calçada,Demizz,7652.01,EUR
Michael,Lee,mlee5v@is.gd,Russia,Male,Verkhniy Avzyan,Gabcube,63664.88,RUB
Thomas,Greene,tgreene5w@usnews.com,Palestinian Territory,Male,Baytīn,Eidel,74178.29,ILS
Carlos,Rodriguez,crodriguez5x@networksolutions.com,Martinique,Male,Schœlcher,Eabox,11773.74,EUR
Carl,Barnes,cbarnes5y@biblegateway.com,Colombia,Male,San Francisco,Eidel,49033.71,COP
Ernest,Richards,erichards5z@livejournal.com,Morocco,Male,Tadrart,Bubbletube,14120.40,MAD
Jack,Bowman,jbowman60@1und1.de,Syria,Male,Al Buţayḩah,Vinder,9958.72,SYP
Theresa,Oliver,toliver61@theatlantic.com,Germany,Female,Braunschweig,Meevee,93745.52,EUR
Carolyn,Fuller,cfuller62@is.gd,Philippines,Female,Magtaking,Skibox,61762.02,PHP
Helen,Martin,hmartin63@cnet.com,France,Female,Calais,Thoughtsphere,,EUR
Doris,Davis,ddavis64@drupal.org,Colombia,Female,Corozal,Zoozzy,54421.53,COP
Victor,Hayes,vhayes65@umich.edu,Sweden,Male,Töreboda,Browseblab,7739.26,SEK
Amy,Marshall,amarshall66@gnu.org,Indonesia,Female,Purabaya,Quinu,80320.84,IDR
Thomas,Gonzalez,tgonzalez67@lulu.com,China,Male,Tanggu,Photobean,15443.36,CNY
Denise,Reyes,dreyes68@tuttocitta.it,Indonesia,Female,Kapasan,Realmix,44559.90,IDR
Eugene,Hall,ehall69@ustream.tv,Bolivia,Male,Riberalta,Quinu,72825.90,BOB
Ruby,Harrison,rharrison6a@hao123.com,Chile,Female,Illapel,Layo,28999.26,CLP
Phillip,Daniels,pdaniels6b@meetup.com,Colombia,Male,El Cairo,Browsezoom,76042.16,COP
Mark,Roberts,mroberts6c@symantec.com,China,Male,Zengjia,Yozio,,CNY
Beverly,Jenkins,bjenkins6d@dropbox.com,Indonesia,Female,Keleng,Gabcube,,IDR
Ruby,Payne,rpayne6e@1688.com,Philippines,Female,Bulan,Shuffletag,75970.38,PHP
Patricia,Grant,pgrant6f@ameblo.jp,Serbia,Female,Kraljevo,Yacero,88986.79,RSD
Daniel,Boyd,dboyd6g@mail.ru,China,Male,Luzhuangzi,Kwimbee,72762.03,CNY
Victor,Williamson,vwilliamson6h@chron.com,Norway,Male,Moss,Quamba,42984.58,NOK
Tina,Daniels,tdaniels6i@google.com.hk,Thailand,Female,Ranong,Thoughtstorm,25389.88,THB
Mark,Gonzales,mgonzales6j@ustream.tv,Ecuador,Male,Ventanas,Talane,12102.29,USD
Fred,Gutierrez,fgutierrez6k@scientificamerican.com,Indonesia,Male,Tawangsari,Blognation,82870.82,IDR
Janet,Bradley,jbradley6l@livejournal.com,France,Female,Suresnes,Zoomlounge,28174.77,EUR
Joshua,Matthews,jmatthews6m@washington.edu,Russia,Male,Chagoda,Twitternation,94319.44,RUB
Craig,Reyes,creyes6n@icq.com,Germany,Male,Düsseldorf,Realpoint,28422.95,EUR
Anna,Kelley,akelley6o@woothemes.com,Portugal,Female,Póvoa,Innotype,861.71,EUR
Jean,Dunn,jdunn6p@arizona.edu,China,Female,Xuwei,Fadeo,86835.79,CNY
Catherine,Rose,crose6q@freewebs.com,China,Female,Beilun,Flashpoint,32692.63,CNY
Deborah,Riley,driley6r@photobucket.com,Costa Rica,Female,Colima,Browseblab,5344.09,CRC
Ernest,Burke,eburke6s@irs.gov,China,Male,Meilong,Meejo,5937.98,CNY
Julia,Carpenter,jcarpenter6t@patch.com,Sweden,Female,Spånga,Buzzster,73732.21,SEK
Amanda,King,aking6u@google.fr,Czech Republic,Female,Postřelmov,Pixope,86019.42,CZK
Fred,Thompson,fthompson6v@tiny.cc,Colombia,Male,Turbaco,Mybuzz,,COP
Ronald,Sullivan,rsullivan6w@ovh.net,Poland,Male,Śniadowo,Ntags,29797.95,PLN
Douglas,Rivera,drivera6x@wikispaces.com,New Zealand,Male,Maketu,Brightbean,96869.44,NZD
Christopher,Harris,charris6y@cocolog-nifty.com,Norway,Male,Isdalstø,Lazzy,13570.81,NOK
Janice,Alvarez,jalvarez6z@blogspot.com,France,Female,Évry,Youtags,40598.59,EUR
Phillip,Rice,price70@myspace.com,Syria,Male,Dhībīn,Quamba,80890.29,SYP
Roger,Snyder,rsnyder71@howstuffworks.com,Philippines,Male,Atipuluhan,Npath,,PHP
Jeffrey,Burke,jburke72@stumbleupon.com,Bosnia and Herzegovina,Male,Careva Ćuprija,Jabberstorm,5811.76,BAM
Michael,Armstrong,marmstrong73@si.edu,Norway,Male,Oslo,Shuffletag,41345.41,NOK
Douglas,White,dwhite74@hao123.com,Russia,Male,Roshal’,Realmix,91225.10,RUB
Benjamin,Stephens,bstephens75@techcrunch.com,Serbia,Male,Tršić,Flipstorm,203.85,RSD
Joyce,Ray,jray76@is.gd,Croatia,Female,Ljubešćica,Roodel,47793.74,HRK
Keith,Ryan,kryan77@live.com,Philippines,Male,Bigaa,Edgeclub,23253.83,PHP
Christina,Green,cgreen78@1und1.de,Greece,Female,Skotoússa,Gabvine,38444.37,EUR
Ashley,Walker,awalker79@youtube.com,Croatia,Female,Hrvatska Kostajnica,Agivu,21211.56,HRK
Sean,Mendoza,smendoza7a@123-reg.co.uk,Indonesia,Male,Cisaat,Jabbercube,66373.99,IDR
Teresa,Austin,taustin7b@skype.com,China,Female,Majie,Wordpedia,75610.41,CNY
Martin,Fox,mfox7c@gravatar.com,China,Male,Changjiang,Quire,97234.36,CNY
Eugene,Banks,ebanks7d@nydailynews.com,Paraguay,Male,General Elizardo Aquino,Mudo,5555.70,PYG
Wayne,Howell,whowell7e@amazon.de,France,Male,Nantes,Chatterbridge,68178.61,EUR
Carlos,Reed,creed7f@mapy.cz,Russia,Male,Soloneshnoye,Voonix,22609.13,RUB
Terry,Garrett,tgarrett7g@ucla.edu,Yemen,Male,At Tawāhī,Pixoboo,72250.24,YER
Ronald,Jenkins,rjenkins7h@mashable.com,Czech Republic,Male,Doloplazy,Trupe,,CZK
Rebecca,Garza,rgarza7i@paypal.com,France,Female,Montigny-lès-Metz,Dazzlesphere,78846.42,EUR
Louise,Warren,lwarren7j@fotki.com,Greece,Female,Pentaplátano,Skinder,68855.49,EUR
Diane,Payne,dpayne7k@amazon.de,Bulgaria,Female,Gorna Oryakhovitsa,Photojam,87517.29,BGN
Johnny,Martin,jmartin7l@creativecommons.org,Venezuela,Male,Píritu,Photobean,24782.72,VEF
Martha,Howell,mhowell7m@cargocollective.com,Czech Republic,Female,Rosice,Rhynyx,46827.74,CZK
Jesse,Green,jgreen7n@bizjournals.com,Philippines,Male,Okiot,Midel,39177.71,PHP
Phyllis,Patterson,ppatterson7o@squidoo.com,China,Female,Huangshan,Browseblab,19537.71,CNY
Justin,Nguyen,jnguyen7p@psu.edu,Poland,Male,Kramarzówka,JumpXS,82306.42,PLN
Robert,Harvey,rharvey7q@nature.com,China,Male,Xuji,Livetube,53262.03,CNY
Jennifer,Reed,jreed7r@shareasale.com,Portugal,Female,Belverde,Pixoboo,,EUR
Kathryn,Ortiz,kortiz7s@tuttocitta.it,China,Female,Lubei,Mydeo,21715.48,CNY
Johnny,Schmidt,jschmidt7t@ezinearticles.com,Norway,Male,Oslo,Buzzster,24623.25,NOK
Kathryn,Harvey,kharvey7u@amazon.de,Mozambique,Female,Beira,Lazz,31042.25,MZN
Kevin,Castillo,kcastillo7v@altervista.org,Japan,Male,Tondabayashichō,Rhyloo,64727.35,JPY
Charles,Day,cday7w@hubpages.com,Brazil,Male,Piraju,Linkbuzz,88962.17,BRL
Justin,Gibson,jgibson7x@geocities.com,Colombia,Male,Curumaní,Topiclounge,73126.38,COP
Billy,Meyer,bmeyer7y@last.fm,China,Male,Matou,Feedspan,,CNY
Ralph,Brown,rbrown7z@illinois.edu,China,Male,Aoyang,Dabshots,59934.48,CNY
Amy,Harrison,aharrison80@wikispaces.com,Indonesia,Female,Jangkungkusumo,Oba,17772.43,IDR
Deborah,Brooks,dbrooks81@vimeo.com,Armenia,Female,Artsvanist,Shuffletag,17519.13,AMD
Theresa,Gomez,tgomez82@theguardian.com,Russia,Female,Shikhazany,Zoovu,83012.58,RUB
Barbara,Lynch,blynch83@histats.com,China,Female,Wenxing,Teklist,90873.46,CNY
Russell,Morgan,rmorgan84@1und1.de,France,Male,Marseille,Bubblebox,36082.97,EUR
Nancy,Vasquez,nvasquez85@live.com,China,Female,Boshan,Pixonyx,57689.06,CNY
Shawn,Powell,spowell86@soundcloud.com,Brazil,Male,Paripiranga,Dabtype,27719.76,BRL
Jean,Cook,jcook87@unesco.org,Portugal,Female,Custóias,Layo,50193.78,EUR
Lillian,Rogers,lrogers88@ebay.com,Japan,Female,Hirosaki,Vipe,85881.87,JPY
Martha,Nelson,mnelson89@vinaora.com,Malaysia,Female,Seremban,Youfeed,26078.63,MYR
Randy,Frazier,rfrazier8a@washingtonpost.com,China,Male,Qingshui,Zoovu,99344.98,CNY
Edward,Banks,ebanks8b@google.com,Indonesia,Male,Banjar Bali,Voonyx,45879.75,IDR
Henry,Robinson,hrobinson8c@tripod.com,France,Male,Saint-Julien-en-Genevois,Photolist,96695.24,EUR
Paul,Washington,pwashington8d@redcross.org,Peru,Male,Quinocay,Riffwire,44980.71,PEN
Bonnie,Martinez,bmartinez8e@vimeo.com,Afghanistan,Female,Ghurayd Gharamē,Trudoo,54124.24,AFN
Benjamin,Washington,bwashington8f@pinterest.com,Japan,Male,Kazo,Divavu,39054.44,JPY
Irene,Gutierrez,igutierrez8g@furl.net,Russia,Female,Strelitsa,Jabberbean,34132.36,RUB
Steven,Gardner,sgardner8h@bigcartel.com,Russia,Male,Bol’shoy Kamen’,Brightbean,95805.58,RUB
Jacqueline,Schmidt,jschmidt8i@yale.edu,Indonesia,Female,Pajoreja,Camimbo,66622.73,IDR
Julie,Stephens,jstephens8j@tuttocitta.it,Argentina,Female,Neuquén,Oyoba,7904.91,ARS
Craig,Wright,cwright8k@live.com,Iran,Male,Khalīlābād,Bubbletube,88773.72,IRR
Paul,Green,pgreen8l@weibo.com,Syria,Male,Kurnāz,Mita,34369.78,SYP
Alan,Bradley,abradley8m@posterous.com,Colombia,Male,Buenavista,Rhynyx,39915.33,COP
Ernest,Murray,emurray8n@goodreads.com,Ukraine,Male,Blahodatne,Rhynyx,39114.81,UAH
Ashley,Phillips,aphillips8o@loc.gov,Australia,Female,Strawberry Hills,Abatz,10090.96,AUD
Terry,Carroll,tcarroll8p@loc.gov,Cuba,Male,Ciro Redondo,Cogilith,35418.47,CUP
Arthur,Black,ablack8q@vistaprint.com,China,Male,Qilin,Yodel,90042.93,CNY
Howard,Martin,hmartin8r@google.co.uk,Chile,Male,Coihaique,Rhybox,24398.61,CLP
Marilyn,Fowler,mfowler8s@hubpages.com,China,Female,Bobai,Jabberbean,95723.80,CNY
Jacqueline,Price,jprice8t@cafepress.com,Portugal,Female,Barqueiro,Leexo,11438.06,EUR
Patricia,Gomez,pgomez8u@google.com.br,Afghanistan,Female,Qarāwul,Photobean,78604.08,AFN
Ruth,Tucker,rtucker8v@topsy.com,Russia,Female,Kalinovo,Jabbersphere,50188.06,RUB
Diana,Lawson,dlawson8w@gizmodo.com,Indonesia,Female,Dungkek Laok,Avavee,35715.47,IDR
Paula,Morrison,pmorrison8x@taobao.com,Indonesia,Female,Banakaja,Latz,,IDR
Mary,Palmer,mpalmer8y@netlog.com,Czech Republic,Female,Vilémov,Voonyx,47174.54,CZK
Joseph,Hernandez,jhernandez8z@dyndns.org,China,Male,Bailang,Realcube,8265.45,CNY
Martha,Baker,mbaker90@dot.gov,Portugal,Female,Belverde,Brainbox,61151.54,EUR
Elizabeth,Gomez,egomez91@parallels.com,United States,Female,Wilkes Barre,Topicblab,93793.55,USD
Sean,Butler,sbutler92@desdev.cn,Philippines,Male,Balabac,Babbleset,25374.60,PHP
Russell,Romero,rromero93@mtv.com,Indonesia,Male,Kudus,Topicware,5051.78,IDR
Joseph,Moore,jmoore94@dell.com,China,Male,Kuasha,Youfeed,55943.88,CNY
Jean,Montgomery,jmontgomery95@de.vu,Japan,Female,Kitsuki,Babblestorm,18826.64,JPY
Stephen,Matthews,smatthews96@t.co,Benin,Male,Pobé,Gabspot,20536.18,XOF
Patricia,Hall,phall97@gravatar.com,United States,Female,Washington,Plambee,24713.82,USD
Steven,Lopez,slopez98@moonfruit.com,Taiwan,Male,Taibao,Wikizz,85423.98,TWD
Martin,Robertson,mrobertson99@dailymail.co.uk,Russia,Male,Kazanskoye,Agivu,80027.34,RUB
Alan,Greene,agreene9a@unicef.org,Vietnam,Male,Gò Dầu,Fadeo,17397.86,VND
Kimberly,Franklin,kfranklin9b@so-net.ne.jp,Indonesia,Female,Desa Borogojol,Demivee,93621.41,IDR
Clarence,Medina,cmedina9c@upenn.edu,Indonesia,Male,Manado,Feednation,89922.92,IDR
Emily,Harvey,eharvey9d@lycos.com,Central African Republic,Female,Paoua,Skiba,64133.38,XAF
Wanda,Harvey,wharvey9e@stanford.edu,Philippines,Female,Basa,Eabox,20165.35,PHP
Jesse,Ross,jross9f@deliciousdays.com,China,Male,Lukou,Gigashots,83571.70,CNY
Craig,Alvarez,calvarez9g@cnbc.com,Canada,Male,Grand Bank,Ooba,92113.66,CAD
Louise,Hicks,lhicks9h@comsenz.com,China,Female,Gyamco,Jaxbean,77851.41,CNY
Ernest,Jacobs,ejacobs9i@4shared.com,Belarus,Male,Uzda,Eabox,25968.80,BYR
Brenda,Ramirez,bramirez9j@globo.com,Russia,Female,Krasnaya Gorka,Gabvine,17496.26,RUB
Frank,Foster,ffoster9k@latimes.com,Macedonia,Male,Sekirnik,Edgeify,10277.45,MKD
Harold,Fox,hfox9l@yahoo.co.jp,Paraguay,Male,Naranjal,Blognation,19691.98,PYG
Judy,Barnes,jbarnes9m@geocities.jp,Ghana,Female,Ho,Devify,17686.70,GHS
Andrew,Jordan,ajordan9n@linkedin.com,Ukraine,Male,Tsybli,Digitube,28302.53,UAH
Randy,Palmer,rpalmer9o@hexun.com,Colombia,Male,Pedraza,Twitterbridge,19792.69,COP
Jimmy,Flores,jflores9p@tinyurl.com,Sweden,Male,Hallstahammar,Mynte,,SEK
Andrea,Washington,awashington9q@cpanel.net,Indonesia,Female,Pasirtundun,Blognation,82492.37,IDR
Janice,Carr,jcarr9r@youtube.com,China,Female,Baitashan,Browsebug,98212.99,CNY
Matthew,Hughes,mhughes9s@lycos.com,China,Male,Huayuan,Jayo,91084.78,CNY
Larry,Reyes,lreyes9t@fc2.com,France,Male,Évry,Photolist,61359.83,EUR
Martha,Clark,mclark9u@gravatar.com,China,Female,Dayou,Kazu,,CNY
Chris,Moore,cmoore9v@gravatar.com,China,Male,Longshe,Oyoyo,47774.39,CNY
Ryan,Griffin,rgriffin9w@dailymotion.com,Nicaragua,Male,Diriamba,Photobug,49743.03,NIO
Carol,Perry,cperry9x@blogs.com,Peru,Female,Laramate,Tagcat,12594.24,PEN
Rebecca,Bennett,rbennett9y@wikipedia.org,Indonesia,Female,Ponggok,Agimba,16111.51,IDR
Roger,Jacobs,rjacobs9z@google.com.au,South Africa,Male,Fort Beaufort,Livetube,85900.01,ZAR
Ruby,Carr,rcarra0@vistaprint.com,Sweden,Female,Norrköping,Wordware,74086.73,SEK
Johnny,Olson,jolsona1@nih.gov,Nigeria,Male,Numan,Ainyx,1452.20,NGN
Maria,Tucker,mtuckera2@com.com,Estonia,Female,Saue,Mycat,51014.59,EUR
Sean,Martinez,smartineza3@soup.io,United States,Male,Mobile,Realblab,66319.48,USD
Anna,Price,apricea4@blogspot.com,China,Female,Matoupu,Skiba,19576.62,CNY
Stephanie,Matthews,smatthewsa5@weebly.com,Ireland,Female,Watergrasshill,Skiptube,19707.73,EUR
Ruth,Reid,rreida6@thetimes.co.uk,Indonesia,Female,Kalibaru,Mydo,,IDR
Kenneth,Shaw,kshawa7@yelp.com,Indonesia,Male,Sunduk,Trudoo,55700.52,IDR
Harry,Mcdonald,hmcdonalda8@yelp.com,Costa Rica,Male,Paraíso,Quaxo,24843.24,CRC
Billy,Carr,bcarra9@desdev.cn,Brazil,Male,Campo Mourão,Mydo,35384.27,BRL
Keith,Daniels,kdanielsaa@twitpic.com,Mexico,Male,Reforma,DabZ,96521.94,MXN
Linda,Lawson,llawsonab@time.com,Netherlands,Female,Tilburg,Divavu,11828.98,EUR
Carl,Wood,cwoodac@dropbox.com,Russia,Male,Trudovoye,Chatterbridge,14468.87,RUB
Ashley,Watson,awatsonad@xrea.com,Japan,Female,Hayama,Quinu,18372.80,JPY
Judith,Burns,jburnsae@ca.gov,Bulgaria,Female,Ikhtiman,Gabvine,,BGN
Ronald,Henderson,rhendersonaf@sogou.com,China,Male,Liudaogou,Cogibox,,CNY
Gloria,Vasquez,gvasquezag@usatoday.com,Spain,Female,Leganes,Skiba,45759.48,EUR
John,Ortiz,jortizah@go.com,China,Male,Tianxingchang,Feedfish,80925.06,CNY
Steven,Ramirez,sramirezai@merriam-webster.com,China,Male,Xingfeng,Topicware,16519.80,CNY
Carol,Daniels,cdanielsaj@hhs.gov,Cuba,Female,Arroyo Naranjo,Jaxspan,11515.56,CUP
Benjamin,Cooper,bcooperak@plala.or.jp,Netherlands,Male,Deventer,Tagfeed,15691.23,EUR
Adam,Bryant,abryantal@amazon.com,Indonesia,Male,Rambatan,Flashset,80792.63,IDR
Howard,Evans,hevansam@salon.com,Georgia,Male,Bolnisi,Vinder,12121.92,GEL
Justin,Medina,jmedinaan@economist.com,Equatorial Guinea,Male,Aconibe,Buzzbean,20508.33,XAF
William,Thomas,wthomasao@stumbleupon.com,Indonesia,Male,Tenjolaya,Pixoboo,54506.04,IDR
Deborah,Grant,dgrantap@amazon.co.jp,Chile,Female,Rancagua,Bluezoom,50535.44,CLP
Mark,Day,mdayaq@lulu.com,Argentina,Male,Castelli,Devbug,74996.86,ARS
Steven,Stone,sstonear@plala.or.jp,Cuba,Male,Cumanayagua,Quatz,30027.54,CUP
Janice,Duncan,jduncanas@friendfeed.com,Peru,Female,Cotaparaco,Eidel,67163.45,PEN
Nancy,Payne,npayneat@geocities.jp,Indonesia,Female,Lebak,Jaxnation,22896.40,IDR
Clarence,Fuller,cfullerau@netvibes.com,France,Male,Bordeaux,BlogXS,72868.83,EUR
Sharon,Owens,sowensav@shinystat.com,France,Female,Le Bourget-du-Lac,Blogspan,36702.35,EUR
Frank,Palmer,fpalmeraw@nsw.gov.au,Greece,Male,Vokhaïkó,Trudeo,,EUR
Theresa,Henderson,thendersonax@nba.com,Philippines,Female,Dacudao,Blogpad,83137.36,PHP
Scott,Harrison,sharrisonay@hc360.com,Cuba,Male,Güines,Kwideo,92784.71,CUP
Diana,Hudson,dhudsonaz@unblog.fr,Kenya,Female,Kiambu,Aivee,75201.92,KES
Carol,Burke,cburkeb0@reference.com,Nigeria,Female,Madara,Photofeed,12323.05,NGN
Steve,Warren,swarrenb1@home.pl,China,Male,Xinkai,Pixoboo,67644.04,CNY
Johnny,Wood,jwoodb2@comsenz.com,Poland,Male,Roczyny,Lazz,44269.01,PLN
Timothy,Davis,tdavisb3@ehow.com,Denmark,Male,København,Thoughtstorm,80511.87,DKK
Donna,Day,ddayb4@washingtonpost.com,China,Female,Jichang,Pixope,69395.11,CNY
John,Wheeler,jwheelerb5@reference.com,Indonesia,Male,Toroy,Fivebridge,54591.31,IDR
Michelle,Mcdonald,mmcdonaldb6@nih.gov,Indonesia,Female,Maredakalada,Yoveo,5991.74,IDR
Katherine,Scott,kscottb7@answers.com,China,Female,Yancheng,Mynte,73532.36,CNY
Jacqueline,Hall,jhallb8@nifty.com,Poland,Female,Sędziszów,Vitz,83726.01,PLN
Jean,Lee,jleeb9@cbsnews.com,Sweden,Female,Kumla,Avamba,72036.71,SEK
Wayne,Ford,wfordba@paginegialle.it,Mexico,Male,Guadalupe,Pixope,,MXN
Juan,Berry,jberrybb@hibu.com,China,Male,Yuanzhou,Oodoo,,CNY
Bruce,Weaver,bweaverbc@go.com,France,Male,Saumur,Agivu,69413.93,EUR
Andrea,Snyder,asnyderbd@mozilla.com,China,Female,Dongping,Edgepulse,24914.45,CNY
Melissa,Stone,mstonebe@nydailynews.com,Sweden,Female,Tyresö,Plajo,73791.25,SEK
Nicholas,Russell,nrussellbf@cornell.edu,Sweden,Male,Stockholm,Rhyloo,96492.62,SEK
Carl,Alvarez,calvarezbg@tinypic.com,Ukraine,Male,Vyshneve,Browseblab,,UAH
Albert,Coleman,acolemanbh@wordpress.com,China,Male,Xinzhuang,Skinix,57510.12,CNY
Howard,Rogers,hrogersbi@webs.com,Poland,Male,Mieścisko,Roodel,,PLN
Rachel,Garza,rgarzabj@netlog.com,Russia,Female,Kayasula,Linkbridge,,RUB
Christopher,Murray,cmurraybk@mail.ru,Indonesia,Male,Bualu,Zoomdog,47846.77,IDR
Heather,Gordon,hgordonbl@hp.com,Argentina,Female,Buta Ranquil,Thoughtbeat,,ARS
Evelyn,Ray,eraybm@reverbnation.com,Peru,Female,Cuchumbaya,Oyoba,33739.13,PEN
Emily,Crawford,ecrawfordbn@vkontakte.ru,Indonesia,Female,Rancanyenang,Browsecat,42721.92,IDR
Margaret,Adams,madamsbo@umn.edu,Philippines,Female,Carriedo,Tagfeed,8943.99,PHP
Paula,Fox,pfoxbp@networkadvertising.org,New Zealand,Female,Hamilton,Skyba,24278.54,NZD
Stephanie,Evans,sevansbq@macromedia.com,Portugal,Female,Regueiro,Topicware,65588.66,EUR
Peter,Sanders,psandersbr@de.vu,Norway,Male,Bergen,Topdrive,45810.58,NOK
Randy,Porter,rporterbs@360.cn,Poland,Male,Świętochłowice,Tagopia,98451.00,PLN
Samuel,Weaver,sweaverbt@unblog.fr,Afghanistan,Male,Zaranj,Wordtune,752.97,AFN
Nicole,Perez,nperezbu@arizona.edu,Russia,Female,Vereshchagino,Aimbo,54809.74,RUB
Angela,Meyer,ameyerbv@wiley.com,Canada,Female,Catalina,Voomm,48622.29,CAD
Amy,Hunt,ahuntbw@google.it,Switzerland,Female,Luzern,Voomm,68873.84,CHF
Annie,Harris,aharrisbx@moonfruit.com,France,Female,Bordeaux,Avamba,24711.61,EUR
Heather,Miller,hmillerby@elegantthemes.com,Russia,Female,Mayma,Voonix,71954.71,RUB
Louis,Butler,lbutlerbz@youtu.be,Sweden,Male,Farsta,Katz,39941.66,SEK
Jacqueline,Dean,jdeanc0@gizmodo.com,Jordan,Female,Aydūn,Vitz,7877.06,JOD
Kelly,Cook,kcookc1@columbia.edu,Philippines,Female,Pitogo,Photofeed,,PHP
Karen,Reyes,kreyesc2@amazon.de,Japan,Female,Miyazaki-shi,Jabbercube,70649.91,JPY
Diana,Little,dlittlec3@ustream.tv,Russia,Female,Kafyr-Kumukh,Trilith,64176.58,RUB
Evelyn,Ray,erayc4@wp.com,Indonesia,Female,Selaparang Timur,Photospace,23214.90,IDR
Janice,Butler,jbutlerc5@google.ca,China,Female,Maopingchang,Kwideo,32965.54,CNY
Patrick,Franklin,pfranklinc6@ox.ac.uk,South Africa,Male,Tugela Ferry,Quinu,80851.41,ZAR
Michael,Austin,maustinc7@twitter.com,Indonesia,Male,Temperak,Wordpedia,33402.85,IDR
Martin,Armstrong,marmstrongc8@mozilla.org,Brazil,Male,Jaguariúna,Tagfeed,,BRL
Robin,Sims,rsimsc9@ucla.edu,China,Female,Shiren,Topicware,55617.76,CNY
Bonnie,Castillo,bcastilloca@cmu.edu,Madagascar,Female,Antanifotsy,Jaloo,84385.94,MGA
Helen,Walker,hwalkercb@list-manage.com,Cyprus,Female,Sotíra,Skilith,81283.68,EUR
Russell,Jones,rjonescc@delicious.com,China,Male,Pu’er,Oyoyo,90435.05,CNY
Kathy,Owens,kowenscd@shinystat.com,Indonesia,Female,Batulawang,Jaxnation,50273.38,IDR
Patrick,Andrews,pandrewsce@woothemes.com,China,Male,Xiaoyangqi,Cogibox,68259.39,CNY
Wayne,Richards,wrichardscf@myspace.com,Portugal,Male,Sobreiro,Rhybox,93911.50,EUR
Stephanie,Fernandez,sfernandezcg@pen.io,Ukraine,Female,Shostka,Myworks,,UAH
Rachel,Reid,rreidch@yelp.com,Russia,Female,Pokrov,Zoomdog,44008.33,RUB
Johnny,Johnson,jjohnsonci@cnbc.com,Qatar,Male,Madīnat ash Shamāl,Skilith,66144.75,QAR
Lawrence,Brooks,lbrookscj@ted.com,Macedonia,Male,Tetovo,Gabtype,85869.07,MKD
Gregory,Lopez,glopezck@prweb.com,Portugal,Male,Bicesse,Reallinks,65344.01,EUR
Eugene,Mills,emillscl@mayoclinic.com,Philippines,Male,Caracal,Eamia,,PHP
Juan,Davis,jdaviscm@t.co,Azerbaijan,Male,Geoktschai,Jetwire,6813.38,AZN
Donna,Mcdonald,dmcdonaldcn@webmd.com,Albania,Female,Poroçan,Midel,68959.76,ALL
Jerry,Stone,jstoneco@cbsnews.com,Russia,Male,Kusak,Fadeo,6047.30,RUB
Carolyn,Young,cyoungcp@independent.co.uk,Philippines,Female,Cabusao,Youspan,43083.38,PHP
Sandra,Moore,smoorecq@wix.com,China,Female,Shiren,Agimba,25955.74,CNY
Douglas,Ross,drosscr@lycos.com,Russia,Male,Nogliki,Quinu,21593.05,RUB
Rachel,James,rjamescs@reverbnation.com,Japan,Female,Gushikawa,Oodoo,23026.22,JPY
Jimmy,Fowler,jfowlerct@cargocollective.com,Russia,Male,Dzerzhinsk,Bluejam,70263.64,RUB
Arthur,Gomez,agomezcu@4shared.com,China,Male,Hongtang,Devify,,CNY
Diane,Watkins,dwatkinscv@addthis.com,Morocco,Female,Boulaouane,Agimba,29042.49,MAD
Steven,Scott,sscottcw@lycos.com,United States,Male,Evansville,Fivechat,7586.14,USD
Debra,Lawson,dlawsoncx@bloglines.com,Japan,Female,Komono,Tagpad,13052.49,JPY
Carolyn,Sims,csimscy@so-net.ne.jp,Russia,Female,Novyy Karachay,Npath,,RUB
Gloria,Russell,grussellcz@census.gov,Poland,Female,Łużna,Nlounge,96015.74,PLN
Nicole,Rogers,nrogersd0@technorati.com,China,Female,Yangxiang,Realbuzz,,CNY
Roy,Evans,revansd1@chron.com,Brazil,Male,Itaúna,Zoomlounge,93680.08,BRL
Billy,Moreno,bmorenod2@tripod.com,China,Male,Haodian,Oba,39453.42,CNY
Anne,Mccoy,amccoyd3@goodreads.com,Indonesia,Female,Rokem Barat,Kaymbo,,IDR
Jonathan,Powell,jpowelld4@yelp.com,Argentina,Male,Quilino,Skipstorm,52089.30,ARS
Linda,Fuller,lfullerd5@seattletimes.com,China,Female,Daba,Wordpedia,8956.47,CNY
Irene,Murphy,imurphyd6@time.com,Cape Verde,Female,Cidade Velha,Photojam,97670.01,CVE
Patricia,Harper,pharperd7@dyndns.org,Russia,Female,Stupino,Twinder,,RUB
Jane,Gomez,jgomezd8@cisco.com,South Korea,Female,Tonghae,Tagopia,38064.67,KRW
Bruce,Larson,blarsond9@paypal.com,China,Male,Shuinanxu,Livetube,52154.13,CNY
Johnny,George,jgeorgeda@flavors.me,Indonesia,Male,Pante Raja,Jatri,87973.95,IDR
Richard,Sims,rsimsdb@latimes.com,Russia,Male,Slobodka,Trupe,9996.54,RUB
Henry,Murray,hmurraydc@dmoz.org,Brazil,Male,Rio Piracicaba,Jabbercube,1739.93,BRL
Ronald,Davis,rdavisdd@trellian.com,Canada,Male,Nakusp,Shuffledrive,45906.49,CAD
Larry,Ortiz,lortizde@gmpg.org,Poland,Male,Grzęska,Yotz,43397.71,PLN
George,Warren,gwarrendf@arizona.edu,Mexico,Male,El Mirador,Fiveclub,76213.52,MXN
David,Simpson,dsimpsondg@wordpress.org,Iran,Male,Eyvān,Skivee,76026.27,IRR
Edward,Holmes,eholmesdh@hp.com,Honduras,Male,"Las Vegas, Santa Barbara",Rhynyx,39206.16,HNL
Annie,Mills,amillsdi@hao123.com,Ukraine,Female,Marshintsy,Jaloo,81898.44,UAH
Judy,Wagner,jwagnerdj@sohu.com,Russia,Female,Ternovka,Jaxbean,10753.17,RUB
Jonathan,Cooper,jcooperdk@vinaora.com,China,Male,Daidaon,Jaxspan,35476.41,CNY
Frank,Berry,fberrydl@gizmodo.com,Indonesia,Male,Sumberbatas,Camido,,IDR
Janice,Romero,jromerodm@amazon.de,Nigeria,Female,Kukawa,Demivee,65678.09,NGN
Joseph,Olson,jolsondn@arizona.edu,China,Male,Xianghu,Katz,,CNY
Nancy,Alexander,nalexanderdo@123-reg.co.uk,Argentina,Female,Colonia Elía,Linkbridge,,ARS
Randy,Bradley,rbradleydp@networksolutions.com,Philippines,Male,Placer,Quatz,53069.65,PHP
Roy,Crawford,rcrawforddq@example.com,Ukraine,Male,Bila Krynytsya,Dynava,49128.89,UAH
Steven,Ruiz,sruizdr@acquirethisname.com,Thailand,Male,Somdet,Digitube,62747.68,THB
Phyllis,Stevens,pstevensds@skype.com,Indonesia,Female,Suci Kaler,Zoombox,74905.58,IDR
Janice,Gardner,jgardnerdt@telegraph.co.uk,United States,Female,Conroe,Flashset,97241.76,USD
Elizabeth,Greene,egreenedu@instagram.com,China,Female,Mayang,Devpulse,44833.61,CNY
Carolyn,Baker,cbakerdv@ebay.co.uk,Bahamas,Female,Duncan Town,Vimbo,93471.91,BSD
Marilyn,Wagner,mwagnerdw@quantcast.com,Madagascar,Female,Vangaindrano,Buzzdog,92641.80,MGA
Daniel,Dixon,ddixondx@ow.ly,Canada,Male,Airdrie,Aivee,77669.40,CAD
Samuel,Franklin,sfranklindy@wufoo.com,Thailand,Male,Phitsanulok,Zoovu,63977.82,THB
Henry,Owens,howensdz@dropbox.com,Nigeria,Male,Omoku,Janyx,99846.20,NGN
Jason,Wagner,jwagnere0@163.com,Portugal,Male,Nogueira do Cravo,Meeveo,81009.33,EUR
Ernest,Mills,emillse1@mapy.cz,Philippines,Male,Talisayan,Oba,,PHP
Justin,Hernandez,jhernandeze2@scientificamerican.com,Colombia,Male,Leticia,Innojam,86933.03,COP
Phyllis,Mason,pmasone3@omniture.com,Peru,Female,Lloque,Jaxworks,89228.34,PEN
Martin,Walker,mwalkere4@opensource.org,Dominican Republic,Male,Villa Altagracia,Trunyx,83094.98,DOP
Teresa,Smith,tsmithe5@omniture.com,Peru,Female,Muqui,Rhycero,9215.46,PEN
Adam,Ross,arosse6@yandex.ru,Morocco,Male,Chefchaouene,Gabvine,92485.23,MAD
Nicholas,Gomez,ngomeze7@eventbrite.com,Sweden,Male,Kolmården,Skajo,23627.05,SEK
Anthony,Hawkins,ahawkinse8@techcrunch.com,Portugal,Male,Azaruja,Mynte,56090.52,EUR
Robert,Bishop,rbishope9@about.me,China,Male,Gabasumdo,Browsecat,21113.72,CNY
Michelle,Morales,mmoralesea@washingtonpost.com,Czech Republic,Female,Ledeč nad Sázavou,Bubblebox,97496.91,CZK
Debra,Sullivan,dsullivaneb@cbc.ca,United States,Female,San Diego,Kimia,16556.56,USD
Kathy,Martinez,kmartinezec@ed.gov,Japan,Female,Usuki,Chatterpoint,78285.07,JPY
Emily,Robinson,erobinsoned@washington.edu,Belarus,Female,Zhlobin,Skynoodle,67231.08,BYR
Ruth,Chapman,rchapmanee@yahoo.co.jp,Malaysia,Female,Lahad Datu,Layo,,MYR
Todd,Harris,tharrisef@printfriendly.com,Ukraine,Male,Dykan’ka,Avamm,96660.45,UAH
Jason,Rogers,jrogerseg@tamu.edu,Russia,Male,Yelets,Voonte,42926.77,RUB
Willie,Miller,wmillereh@mac.com,China,Male,Beizhang,Plajo,65069.72,CNY
Alice,Bennett,abennettei@theatlantic.com,Tanzania,Female,Magomeni,Dynava,94248.45,TZS
Wanda,Thompson,wthompsonej@home.pl,China,Female,Daxing,Skyba,46674.42,CNY
Dennis,Simpson,dsimpsonek@psu.edu,Venezuela,Male,Bachaquero,Dynazzy,53657.34,VEF
Robert,Mendoza,rmendozael@bigcartel.com,China,Male,Meishan,Topicblab,61397.33,CNY
Jimmy,Burton,jburtonem@canalblog.com,Philippines,Male,Sapol,Trilith,30830.16,PHP
Benjamin,Jacobs,bjacobsen@guardian.co.uk,China,Male,Xiancun,Twinte,,CNY
Andrew,Daniels,adanielseo@macromedia.com,France,Male,Blois,Buzzbean,50849.21,EUR
Andrea,Greene,agreeneep@slideshare.net,Guinea,Female,Nzérékoré,Nlounge,53007.02,GNF
Harry,Bryant,hbryanteq@rakuten.co.jp,Thailand,Male,Sirindhorn,Yakijo,,THB
Pamela,Oliver,poliverer@angelfire.com,Brazil,Female,Itapemirim,Gabvine,,BRL
Jane,Warren,jwarrenes@state.tx.us,China,Female,Shuangqiao,Flashspan,83405.28,CNY
Roy,Woods,rwoodset@reuters.com,Indonesia,Male,Aliuroba,Blognation,37212.79,IDR
Rose,Hill,rhilleu@paypal.com,Brazil,Female,Itapagé,Flashdog,32242.05,BRL
Carol,Sullivan,csullivanev@netvibes.com,Japan,Female,Nakanojōmachi,Fliptune,7402.19,JPY
Margaret,Gibson,mgibsonew@sohu.com,Saudi Arabia,Female,Sakākā,Oyoloo,7557.55,SAR
Linda,Black,lblackex@chronoengine.com,Macedonia,Female,Shtip,Quatz,,MKD
Ryan,Franklin,rfrankliney@meetup.com,Indonesia,Male,Banjar Bali,Trudeo,50301.95,IDR
Ronald,Bailey,rbaileyez@oaic.gov.au,Mexico,Male,Fernando Gutierrez Barrios,Yambee,67321.16,MXN
Doris,Robertson,drobertsonf0@mapy.cz,Indonesia,Female,Kuangsan,Centizu,59214.50,IDR
Alan,Warren,awarrenf1@springer.com,Tanzania,Male,Mafinga,Shufflester,6614.92,TZS
Billy,Bryant,bbryantf2@discuz.net,Sweden,Male,Östersund,Topiclounge,86488.39,SEK
Kathryn,Baker,kbakerf3@wix.com,Philippines,Female,Naga,Twinder,70795.37,PHP
Annie,Armstrong,aarmstrongf4@simplemachines.org,Poland,Female,Wysoka,Eire,,PLN
Rachel,Lawson,rlawsonf5@google.de,Czech Republic,Female,Kryry,Buzzshare,38158.39,CZK
Phillip,Mason,pmasonf6@usgs.gov,China,Male,Huangjin,Tavu,61323.27,CNY
Mark,Jones,mjonesf7@youku.com,Ukraine,Male,Pereyaslav-Khmel’nyts’kyy,Brightbean,4712.23,UAH
Fred,Bennett,fbennettf8@bizjournals.com,Indonesia,Male,Suwangi Utara,Dabtype,45407.41,IDR
Joshua,Moore,jmooref9@google.es,France,Male,Toulouse,Einti,67683.96,EUR
Robin,Allen,rallenfa@slate.com,Angola,Female,Saurimo,Dabjam,58109.93,AOA
Doris,Mccoy,dmccoyfb@amazon.co.uk,Indonesia,Female,Kajar,Babbleset,37745.54,IDR
Craig,Williamson,cwilliamsonfc@constantcontact.com,Philippines,Male,San Vicente,Linkbuzz,92272.70,PHP
Jonathan,Snyder,jsnyderfd@miibeian.gov.cn,Trinidad and Tobago,Male,Scarborough,Vinder,2956.51,TTD
Margaret,Morris,mmorrisfe@marriott.com,China,Female,Kupu,Ooba,,CNY
Amy,Stanley,astanleyff@examiner.com,Yemen,Female,Al Matūn,Zoozzy,68113.96,YER
Roger,Gordon,rgordonfg@deliciousdays.com,Sweden,Male,Stockholm,Avaveo,96611.95,SEK
Keith,Burton,kburtonfh@statcounter.com,Indonesia,Male,Baroh,Fivespan,45189.86,IDR
Marie,Gibson,mgibsonfi@seesaa.net,Mongolia,Female,Buga,Zoovu,64729.24,MNT
Judith,Hart,jhartfj@dot.gov,Yemen,Female,Khawrah,Skimia,22611.26,YER
George,Bradley,gbradleyfk@illinois.edu,Brazil,Male,Presidente Venceslau,Photojam,,BRL
Christina,Pierce,cpiercefl@arizona.edu,Czech Republic,Female,Třinec,Youspan,2302.13,CZK
Marilyn,Boyd,mboydfm@samsung.com,Poland,Female,Tyczyn,Mycat,52227.59,PLN
Harry,Bishop,hbishopfn@umn.edu,Norway,Male,Oslo,Dynazzy,29493.78,NOK
Robert,Mcdonald,rmcdonaldfo@godaddy.com,Malaysia,Male,Lahad Datu,Voonte,17905.01,MYR
Lisa,Carr,lcarrfp@nyu.edu,France,Female,Marseille,Zooveo,60645.79,EUR
Julia,Mills,jmillsfq@ifeng.com,China,Female,Yunyang,Jabbersphere,98405.88,CNY
Donna,Payne,dpaynefr@redcross.org,Venezuela,Female,Catia La Mar,Yozio,86637.31,VEF
Scott,Mason,smasonfs@sakura.ne.jp,China,Male,Jihuluntu Sumu,Oodoo,86488.22,CNY
Alan,Bailey,abaileyft@discuz.net,Poland,Male,Mirocin,Meembee,36371.42,PLN
Virginia,Murphy,vmurphyfu@cafepress.com,Japan,Female,Moriguchi,Photospace,20227.96,JPY
Daniel,Reyes,dreyesfv@yahoo.co.jp,Canada,Male,Dorval,Skilith,65950.25,CAD
Louise,Stevens,lstevensfw@walmart.com,Indonesia,Female,Bulusari,Mymm,71254.73,IDR
Steven,Morris,smorrisfx@eventbrite.com,Botswana,Male,Serowe,Abatz,12829.21,BWP
Susan,Hamilton,shamiltonfy@comsenz.com,China,Female,Xiaojiangba,Skimia,,CNY
Richard,Greene,rgreenefz@wordpress.org,Indonesia,Male,Kadubadak,Realbuzz,99770.12,IDR
Helen,Peterson,hpetersong0@toplist.cz,Nigeria,Female,Kano,Buzzster,,NGN
Earl,Dixon,edixong1@npr.org,Indonesia,Male,Pantai Ceuremen,Gabtype,83816.64,IDR
Lois,Price,lpriceg2@google.com.au,China,Female,Huangludian,Tagopia,38728.88,CNY
Teresa,Pierce,tpierceg3@blog.com,Colombia,Female,Iles,Dynava,67392.62,COP
Frank,Walker,fwalkerg4@google.ca,Bosnia and Herzegovina,Male,Potoci,Dynabox,444.07,BAM
Amanda,Snyder,asnyderg5@1und1.de,Japan,Female,Takamatsu-shi,Gigabox,96328.71,JPY
John,Wells,jwellsg6@godaddy.com,South Africa,Male,Tzaneen,Rhyloo,53025.14,ZAR
Gloria,Sanchez,gsanchezg7@slate.com,China,Female,Xianglong,Gigaclub,53818.54,CNY
Catherine,Chavez,cchavezg8@ycombinator.com,Mauritania,Female,Atar,Brightbean,73484.65,MRO
Louise,Chapman,lchapmang9@mashable.com,China,Female,Youshan,Kwideo,40591.26,CNY
Virginia,Dunn,vdunnga@wix.com,United States,Female,Vienna,Edgepulse,56750.45,USD
Benjamin,Rice,bricegb@skype.com,Sweden,Male,Mölndal,Reallinks,72321.64,SEK
Ashley,Simpson,asimpsongc@tumblr.com,Sierra Leone,Female,Baiima,Voomm,33992.94,SLL
Eugene,Bradley,ebradleygd@imgur.com,Russia,Male,Mirskoy,Meevee,12263.74,RUB
Amy,Griffin,agriffinge@sakura.ne.jp,Denmark,Female,København,Twimm,,DKK
Donald,Wilson,dwilsongf@sakura.ne.jp,China,Male,Macheng,Skajo,2413.63,CNY
Nancy,Austin,naustingg@berkeley.edu,New Caledonia,Female,Mont-Dore,Topicshots,23634.61,XPF
Donna,Hill,dhillgh@shareasale.com,Libya,Female,Al Jawf,Mydeo,53966.10,LYD
Gary,Castillo,gcastillogi@engadget.com,Venezuela,Male,Farriar,Kare,65416.35,VEF
Helen,Castillo,hcastillogj@istockphoto.com,Czech Republic,Female,Koryčany,Jaxbean,89408.41,CZK
Theresa,Williams,twilliamsgk@army.mil,Palestinian Territory,Female,Tayāsīr,Kwilith,86231.45,ILS
Roy,Matthews,rmatthewsgl@dagondesign.com,Indonesia,Male,Marisgama,Gigaclub,78433.40,IDR
Timothy,Cole,tcolegm@chron.com,Mongolia,Male,Delgermörön,Voomm,6086.75,MNT
Michael,Fox,mfoxgn@godaddy.com,Indonesia,Male,Sempu,Fliptune,12123.19,IDR
Julia,Williams,jwilliamsgo@eventbrite.com,Bosnia and Herzegovina,Female,Stanari,Devbug,4880.00,BAM
Jerry,Ward,jwardgp@ehow.com,Russia,Male,Tolbazy,Vimbo,15611.20,RUB
Paula,Romero,promerogq@eepurl.com,Bangladesh,Female,Pirojpur,Yacero,,BDT
Phyllis,Robertson,probertsongr@economist.com,Palestinian Territory,Female,Qalqīlyah,Twitterworks,13262.62,ILS
Juan,Gray,jgraygs@nifty.com,Philippines,Male,Jolo,Tekfly,39848.15,PHP
Alan,Larson,alarsongt@geocities.jp,Indonesia,Male,Cipesing,Wordtune,,IDR
Lawrence,Dixon,ldixongu@slate.com,Egypt,Male,Saint Catherine,Realpoint,,EGP
Walter,Robertson,wrobertsongv@nyu.edu,Brazil,Male,Jatobá,Meembee,45950.43,BRL
Howard,Hunt,hhuntgw@plala.or.jp,Canada,Male,Owen Sound,Feedfire,69282.49,CAD
Barbara,Porter,bportergx@cdc.gov,Canada,Female,Cap-Santé,Janyx,35435.36,CAD
Jeremy,Moreno,jmorenogy@friendfeed.com,Croatia,Male,Sigetec,Twiyo,98625.76,HRK
Robin,Foster,rfostergz@salon.com,Indonesia,Female,Krajan,Zoombox,96111.28,IDR
Edward,Cooper,ecooperh0@hubpages.com,China,Male,Sangongqiao,Aibox,69468.95,CNY
Judy,Campbell,jcampbellh1@cnbc.com,China,Female,Jiayi,Oyonder,13113.76,CNY
Kevin,Jenkins,kjenkinsh2@e-recht24.de,Mongolia,Male,Bayanbulag,Yata,10417.90,MNT
Eugene,Williams,ewilliamsh3@geocities.jp,China,Male,Beiyang,Divavu,15490.18,CNY
Eugene,Ramos,eramosh4@mapy.cz,Sweden,Male,Jönköping,Viva,33923.17,SEK
Harold,Garcia,hgarciah5@gizmodo.com,China,Male,Haicheng,Rooxo,3197.07,CNY
Deborah,Mccoy,dmccoyh6@independent.co.uk,Indonesia,Female,Mulandoro,Thoughtsphere,42371.14,IDR
Shirley,Day,sdayh7@yelp.com,United Kingdom,Female,West End,Photojam,,GBP
Denise,Howard,dhowardh8@yellowbook.com,China,Female,Baomin,Avamba,82760.27,CNY
Adam,Medina,amedinah9@tinyurl.com,China,Male,Baiju,Tazz,42892.83,CNY
Bonnie,Harvey,bharveyha@bluehost.com,China,Female,Changzhi,Teklist,18756.44,CNY
Charles,Lopez,clopezhb@g.co,Macedonia,Male,Kisela Voda,Meevee,61283.40,MKD
Irene,Reid,ireidhc@printfriendly.com,Philippines,Female,San Ricardo,Agivu,65416.80,PHP
Johnny,Stone,jstonehd@tumblr.com,Poland,Male,Gromadka,Jayo,57709.83,PLN
Debra,Cook,dcookhe@google.cn,China,Female,Shuangxing,Tanoodle,15468.92,CNY
Diane,Kelly,dkellyhf@wired.com,Philippines,Female,Pondaguitan,Wordify,34235.20,PHP
Norma,Martin,nmartinhg@bing.com,Philippines,Female,Batiano,Thoughtstorm,47843.80,PHP
Willie,Carroll,wcarrollhh@cocolog-nifty.com,Poland,Male,Malec,Photobean,47049.31,PLN
Roger,Morales,rmoraleshi@dyndns.org,Russia,Male,Tolbazy,Miboo,83241.38,RUB
Bobby,Torres,btorreshj@quantcast.com,Canada,Male,Matagami,Browseblab,14671.96,CAD
Maria,Martin,mmartinhk@jiathis.com,Indonesia,Female,Randegan,Gabvine,7574.03,IDR
Ruth,Cole,rcolehl@wordpress.org,China,Female,Longde Chengguanzhen,Thoughtbeat,,CNY
Walter,Richards,wrichardshm@discovery.com,Indonesia,Male,Parabon,Riffwire,,IDR
Janice,Adams,jadamshn@businessweek.com,Saudi Arabia,Female,Tabūk,Oozz,47363.25,SAR
Anne,Jordan,ajordanho@qq.com,Brazil,Female,Tamandaré,Gigashots,75685.12,BRL
Emily,Flores,efloreshp@blog.com,Philippines,Female,San Vicente,Voolia,66491.34,PHP
Anthony,Rice,aricehq@telegraph.co.uk,Niger,Male,Tahoua,Kwinu,8300.12,XOF
Irene,Lee,ileehr@prlog.org,Jordan,Female,Aydūn,Avamba,62938.11,JOD
Aaron,Bishop,abishophs@gmpg.org,Russia,Male,Svetlograd,Wordpedia,95072.52,RUB
Michelle,Cruz,mcruzht@goo.gl,China,Female,Dengtang,Devbug,21885.31,CNY
Johnny,Reyes,jreyeshu@epa.gov,Russia,Male,Krasnoznamensk,Vimbo,,RUB
Katherine,Morrison,kmorrisonhv@wix.com,Brazil,Female,Votuporanga,Voonder,2949.03,BRL
Lisa,Morris,lmorrishw@ucoz.ru,Vietnam,Female,Lương Bằng,Centidel,49819.26,VND
Lillian,James,ljameshx@google.de,Brazil,Female,Pacaembu,Devcast,75375.18,BRL
Walter,Ruiz,wruizhy@webmd.com,Israel,Male,Neẖalim,Myworks,33546.63,ILS
Victor,Miller,vmillerhz@sciencedaily.com,Israel,Male,Revava,Babbleset,11633.30,ILS
Clarence,Lopez,clopezi0@europa.eu,Indonesia,Male,Lupak,Feedbug,,IDR
Kevin,Fernandez,kfernandezi1@canalblog.com,Croatia,Male,Novoselec,Dabfeed,29276.05,HRK
Sandra,Hunter,shunteri2@dmoz.org,China,Female,Rangxi,Tazz,65507.58,CNY
Douglas,Lawrence,dlawrencei3@digg.com,Indonesia,Male,Cibinong Satu,Youbridge,9800.82,IDR
Laura,Burke,lburkei4@wikispaces.com,Portugal,Female,Azeitão,Centizu,26174.91,EUR
John,Rivera,jriverai5@booking.com,Mexico,Male,Adolfo Lopez Mateos,Ozu,92889.11,MXN
Fred,Miller,fmilleri6@amazon.co.jp,Albania,Male,Kolsh,Oyonder,9748.48,ALL
Catherine,Washington,cwashingtoni7@google.co.jp,Indonesia,Female,Semerak,Aivee,66713.00,IDR
Harold,Burton,hburtoni8@nationalgeographic.com,Philippines,Male,Lagayan,Fanoodle,28167.79,PHP
Ashley,Carter,acarteri9@bluehost.com,Nigeria,Female,Warri,Wordtune,42187.47,NGN
Samuel,Gardner,sgardneria@behance.net,Croatia,Male,Belica,Zoozzy,79116.43,HRK
Aaron,Franklin,afranklinib@webeden.co.uk,China,Male,Laojunmiao,Gabtune,61241.63,CNY
Ernest,Washington,ewashingtonic@themeforest.net,Netherlands,Male,Almere Haven,Photofeed,62754.53,EUR
Aaron,Richards,arichardsid@census.gov,China,Male,Lijia,Mymm,3508.38,CNY
Willie,Frazier,wfrazierie@people.com.cn,Indonesia,Male,Sridadi,Youspan,10768.37,IDR
Robert,Bowman,rbowmanif@nytimes.com,Croatia,Male,Rude,Eidel,33687.71,HRK
Norma,Bell,nbellig@istockphoto.com,Slovenia,Female,Štore,Tagpad,54664.70,EUR
James,Rivera,jriveraih@people.com.cn,Bosnia and Herzegovina,Male,Dubravica,Linktype,76728.65,BAM
Fred,Howard,fhowardii@apache.org,China,Male,Dayan,Fatz,74928.49,CNY
Edward,Dean,edeanij@nytimes.com,Afghanistan,Male,Qarchī Gak,Feednation,,AFN
Christina,Price,cpriceik@xing.com,Japan,Female,Sanjō,Gigabox,37290.96,JPY
Larry,Murray,lmurrayil@omniture.com,Tunisia,Male,Douz,Feedfire,93667.99,TND
Aaron,Gilbert,agilbertim@blog.com,Indonesia,Male,Banjar Desa,Tavu,76563.26,IDR
Linda,Myers,lmyersin@wordpress.org,Indonesia,Female,Galtek,Yadel,67395.41,IDR
Susan,Dean,sdeanio@patch.com,Ukraine,Female,Volodymyr-Volyns’kyy,Youspan,85258.51,UAH
Billy,Roberts,brobertsip@admin.ch,Philippines,Male,Pansoy,Roodel,23166.45,PHP
Larry,Gonzales,lgonzalesiq@biglobe.ne.jp,Russia,Male,Nizhniy Ufaley,Browsebug,21832.51,RUB
Lawrence,Peters,lpetersir@msn.com,Malaysia,Male,Seremban,Browsezoom,,MYR
Craig,Freeman,cfreemanis@edublogs.org,Japan,Male,Minokamo,Flashdog,47612.95,JPY
Ernest,Fernandez,efernandezit@last.fm,China,Male,Yangyuan,Photobug,87951.92,CNY
Anne,Thomas,athomasiu@newyorker.com,China,Female,Shangju,Voonix,18935.13,CNY
Clarence,Burton,cburtoniv@furl.net,China,Male,Pendiqing,Zoombox,17302.45,CNY
Amy,Gutierrez,agutierreziw@blogs.com,Nigeria,Female,Isanlu Itedoijowa,Vimbo,9664.08,NGN
Anna,Kennedy,akennedyix@answers.com,Japan,Female,Ōkawa,Mydo,60109.00,JPY
Tammy,Watkins,twatkinsiy@java.com,China,Female,Xuyong,Skipstorm,,CNY
Andrea,Cole,acoleiz@aol.com,China,Female,Gaoyan,Voonix,83611.17,CNY
Ryan,Baker,rbakerj0@delicious.com,Ukraine,Male,Novhorodka,Cogilith,21985.45,UAH
Keith,Franklin,kfranklinj1@freewebs.com,China,Male,Chuanbu,Skinix,92046.19,CNY
Theresa,James,tjamesj2@zimbio.com,Philippines,Female,Bukal,LiveZ,88657.16,PHP
Shawn,Ferguson,sfergusonj3@amazon.co.jp,Brazil,Male,Mari,Kare,96596.06,BRL
Jimmy,Carroll,jcarrollj4@yellowpages.com,Russia,Male,Verkhniy Mamon,Aibox,40769.95,RUB
Wayne,Porter,wporterj5@phpbb.com,Guatemala,Male,Santa Bárbara,Tavu,19341.73,GTQ
Peter,Flores,pfloresj6@umn.edu,Slovenia,Male,Mokronog,Twimm,10899.12,EUR
Pamela,Butler,pbutlerj7@miitbeian.gov.cn,Argentina,Female,San Nicolás de los Arroyos,Oba,,ARS
Jean,Duncan,jduncanj8@hexun.com,Russia,Female,Strogino,Rooxo,3648.81,RUB
Edward,Rose,erosej9@ft.com,New Zealand,Male,Winton,Zoonoodle,55529.22,NZD
Katherine,Graham,kgrahamja@huffingtonpost.com,Portugal,Female,Santarém,Kaymbo,96442.19,EUR
Arthur,Perez,aperezjb@goo.ne.jp,Japan,Male,Hekinan,Gabtune,65972.99,JPY
Arthur,Fisher,afisherjc@examiner.com,Hungary,Male,Debrecen,Yakidoo,33265.75,HUF
Karen,Hunt,khuntjd@cbsnews.com,Portugal,Female,Lages,Nlounge,60857.60,EUR
Kathryn,Coleman,kcolemanje@tiny.cc,China,Female,Shixi,Topicblab,83062.74,CNY
Sara,Perez,sperezjf@dailymail.co.uk,China,Female,Honglu,Dabshots,67222.01,CNY
Jack,Long,jlongjg@friendfeed.com,Colombia,Male,Candelaria,Trudeo,57938.00,COP
Eugene,Bradley,ebradleyjh@va.gov,Indonesia,Male,Brondong,Feedfire,33206.99,IDR
Ernest,Powell,epowellji@state.tx.us,Russia,Male,Yermish’,Flipbug,83799.84,RUB
Tammy,Young,tyoungjj@noaa.gov,China,Female,Huoqiu Chengguanzhen,Yakijo,76159.22,CNY
Robin,Johnson,rjohnsonjk@intel.com,Peru,Female,Acobamba,Realfire,71686.46,PEN
Scott,Cox,scoxjl@about.me,Brazil,Male,Guarapuava,Zoomdog,21821.98,BRL
Teresa,Banks,tbanksjm@ebay.com,Russia,Female,Bobrovka,Aimbo,,RUB
Ronald,Ellis,rellisjn@google.ca,Indonesia,Male,Cungking,Zoonder,68638.72,IDR
Phyllis,Tucker,ptuckerjo@usnews.com,Indonesia,Female,Sambungjaya,Twitterbridge,29741.27,IDR
Stephanie,Ferguson,sfergusonjp@dell.com,Russia,Female,Ust’-Omchug,Tazz,14283.11,RUB
Teresa,Morgan,tmorganjq@marketwatch.com,China,Female,Zhuping,Skinte,83695.30,CNY
Robin,Patterson,rpattersonjr@howstuffworks.com,Israel,Female,Mitzpe Ramon,Photospace,79330.29,ILS
Anne,Burns,aburnsjs@nationalgeographic.com,China,Female,Guandiping,Quaxo,38748.35,CNY
Eric,Harvey,eharveyjt@linkedin.com,Sweden,Male,Örebro,Gigashots,11625.99,SEK
Christine,Pierce,cpierceju@jalbum.net,China,Female,Xuetian,Yamia,96677.47,CNY
Cynthia,Bryant,cbryantjv@nih.gov,Sweden,Female,Kalix,Oyondu,45751.32,SEK
Jerry,Washington,jwashingtonjw@nsw.gov.au,Brazil,Male,Lagoa Santa,Devcast,55545.41,BRL
Christopher,Perry,cperryjx@ehow.com,Peru,Male,Ayo,Linktype,10464.93,PEN
Matthew,Gonzalez,mgonzalezjy@instagram.com,Sweden,Male,Norrahammar,Eamia,61135.57,SEK
Patrick,Evans,pevansjz@state.gov,Russia,Male,Turan,Mudo,77482.70,RUB
Gregory,Nguyen,gnguyenk0@dailymail.co.uk,China,Male,Yixi,Yodoo,84909.79,CNY
Sandra,Brown,sbrownk1@google.pl,Indonesia,Female,Mekarsari,Skivee,21849.40,IDR
Johnny,Perkins,jperkinsk2@nymag.com,Russia,Male,Olenegorsk,Edgepulse,11312.02,RUB
Donald,Simpson,dsimpsonk3@imgur.com,Poland,Male,Raciążek,Fadeo,97532.79,PLN
Roy,Ross,rrossk4@macromedia.com,Macedonia,Male,Ilinden,Babblestorm,44052.89,MKD
Jose,Hall,jhallk5@hostgator.com,France,Male,Albertville,Flashdog,97053.00,EUR
Steven,Mitchell,smitchellk6@globo.com,Ukraine,Male,Knyazhichi,Zoomdog,25176.80,UAH
Patrick,Thomas,pthomask7@chicagotribune.com,Philippines,Male,Gocoton,Photojam,11136.74,PHP
Anne,Sims,asimsk8@rediff.com,China,Female,Weihai,Yodoo,33279.73,CNY
Annie,Howell,ahowellk9@cnbc.com,Poland,Female,Bobowa,Quatz,28087.10,PLN
Joseph,Shaw,jshawka@ft.com,Portugal,Male,Ribeiro,Tagchat,47143.73,EUR
Eugene,Harrison,eharrisonkb@google.com.au,Greece,Male,Spétses,Divanoodle,75113.90,EUR
Jesse,Myers,jmyerskc@macromedia.com,Ukraine,Male,Chapayevka,Tagfeed,50989.54,UAH
Raymond,Russell,rrussellkd@whitehouse.gov,China,Male,Jiefu,Kwimbee,69498.96,CNY
Carl,Coleman,ccolemanke@cam.ac.uk,Morocco,Male,Tit Mellil,Edgeify,81015.92,MAD
Jesse,Hughes,jhugheskf@un.org,Central African Republic,Male,Birao,Yoveo,,XAF
Walter,Palmer,wpalmerkg@nsw.gov.au,United States,Male,Chattanooga,Linkbridge,57538.79,USD
Willie,Lee,wleekh@chron.com,France,Male,Paris La Défense,Youfeed,88812.42,EUR
Betty,Medina,bmedinaki@bizjournals.com,Syria,Female,‘Arīqah,Brainlounge,17415.72,SYP
Russell,Little,rlittlekj@yahoo.co.jp,China,Male,Changshu City,Realfire,2630.46,CNY
Shawn,Harrison,sharrisonkk@linkedin.com,Mali,Male,Tessalit,Riffpath,48712.07,XOF
Sean,Wood,swoodkl@nytimes.com,Ireland,Male,Piltown,Brightbean,131.27,EUR
Annie,Carr,acarrkm@google.co.jp,Poland,Female,Lutowiska,Tagopia,,PLN
Adam,Brown,abrownkn@ucoz.com,Sweden,Male,Uppsala,Linktype,74101.80,SEK
Gerald,Dunn,gdunnko@123-reg.co.uk,Jordan,Male,Kafr Sawm,Youopia,55333.23,JOD
Jane,Palmer,jpalmerkp@auda.org.au,Portugal,Female,Seixas,Wordware,85435.57,EUR
Nicole,Carr,ncarrkq@ca.gov,France,Female,Choisy-le-Roi,Oyoyo,99959.12,EUR
Martin,Lawson,mlawsonkr@prlog.org,China,Male,Jiudu,Geba,47764.00,CNY
Walter,Baker,wbakerks@bigcartel.com,France,Male,Angers,Topicstorm,54442.80,EUR
Tina,Peterson,tpetersonkt@wisc.edu,Brazil,Female,Januária,Aimbo,77943.59,BRL
Robert,Bailey,rbaileyku@abc.net.au,United States,Male,Atlanta,Flashpoint,72109.83,USD
Antonio,Wallace,awallacekv@prweb.com,Brunei,Male,Tutong,Janyx,8322.22,BND
Jean,Harvey,jharveykw@desdev.cn,Indonesia,Female,Sembalunbumbung,Eire,78255.67,IDR
Todd,Reynolds,treynoldskx@sfgate.com,Japan,Male,Tokushima-shi,Aivee,33051.73,JPY
Johnny,Bell,jbellky@naver.com,Poland,Male,Kazimierz Dolny,Edgeclub,71161.95,PLN
Russell,Wallace,rwallacekz@noaa.gov,Belarus,Male,Bal’shavik,Kazu,72968.73,BYR
Pamela,Black,pblackl0@deliciousdays.com,Czech Republic,Female,Rtyně v Podkrkonoší,Innotype,32253.50,CZK
Julie,Lawson,jlawsonl1@topsy.com,Tanzania,Female,Kibiti,Skalith,20531.14,TZS
Anne,Woods,awoodsl2@cam.ac.uk,Poland,Female,Lyski,Centizu,19036.63,PLN
Mark,Ellis,mellisl3@weather.com,North Korea,Male,Sinanju,Wordware,88267.72,KPW
Anthony,Wallace,awallacel4@jugem.jp,Indonesia,Male,Sayang Lauq,Bluezoom,,IDR
Donald,Ross,drossl5@163.com,Sweden,Male,Visby,Tagtune,20393.10,SEK
Lori,Barnes,lbarnesl6@google.co.uk,United States,Female,Brooklyn,Viva,777.75,USD
Helen,Morris,hmorrisl7@ehow.com,China,Female,Huanggu,Vidoo,8609.47,CNY
Earl,Meyer,emeyerl8@newsvine.com,Bangladesh,Male,Kālia,Jatri,95557.19,BDT
Robin,Powell,rpowelll9@kickstarter.com,Indonesia,Female,Druju,Roodel,59312.71,IDR
Eugene,Morales,emoralesla@patch.com,Philippines,Male,Tamorong,Zoombeat,14824.42,PHP
Deborah,Hansen,dhansenlb@independent.co.uk,Belarus,Female,Malaryta,Camido,,BYR
Heather,Reed,hreedlc@hubpages.com,Canada,Female,Alma,Meevee,56890.45,CAD
Gregory,Watkins,gwatkinsld@goo.ne.jp,Greece,Male,Pedinó,Abatz,,EUR
Michelle,Kelly,mkellyle@nytimes.com,Philippines,Female,Ani-e,Viva,36189.61,PHP
Juan,Powell,jpowelllf@flavors.me,Egypt,Male,Tanda,Avamba,81894.28,EGP
Bonnie,Wells,bwellslg@free.fr,Indonesia,Female,Banjar Batanpoh,Browsebug,36416.31,IDR
Samuel,Nelson,snelsonlh@aol.com,Poland,Male,Baranowo,Livetube,97793.92,PLN
Catherine,Fernandez,cfernandezli@google.co.jp,Colombia,Female,Balboa,Topiclounge,86518.10,COP
Brenda,Gilbert,bgilbertlj@google.cn,Philippines,Female,Pilar,Meeveo,80758.85,PHP
Ronald,Moore,rmoorelk@examiner.com,Russia,Male,Izobil’nyy,Skynoodle,89316.48,RUB
Brenda,Diaz,bdiazll@cornell.edu,China,Female,Beizhuang,Muxo,74771.73,CNY
Anthony,Hudson,ahudsonlm@telegraph.co.uk,France,Male,Goussainville,Jabbertype,,EUR
Brenda,Little,blittleln@php.net,Serbia,Female,Inđija,Brainbox,89010.46,RSD
Randy,Ortiz,rortizlo@stumbleupon.com,China,Male,Mangqu,Eamia,75884.89,CNY
David,Thompson,dthompsonlp@dropbox.com,China,Male,Xinshui,Podcat,86127.18,CNY
Alice,Warren,awarrenlq@go.com,Poland,Female,Domaradz,Eire,6877.70,PLN
Robert,Harper,rharperlr@blogs.com,Argentina,Male,Espinillo,Voonix,,ARS
Diana,Wilson,dwilsonls@reverbnation.com,Peru,Female,Buenos Aires,Browseblab,59480.06,PEN
Lillian,Howell,lhowelllt@printfriendly.com,French Guiana,Female,Cayenne,Realcube,4654.85,EUR
Shawn,Martinez,smartinezlu@squidoo.com,China,Male,Ershilipu,Feednation,96895.67,CNY
Robin,Peters,rpeterslv@guardian.co.uk,Indonesia,Female,Andekantor,Browsetype,28563.57,IDR
Philip,Myers,pmyerslw@devhub.com,China,Male,Shi’ao,Mudo,81839.35,CNY
Heather,Powell,hpowelllx@scribd.com,Russia,Female,Pridonskoy,Einti,56475.26,RUB
Jimmy,Little,jlittlely@paypal.com,China,Male,Beipai,Realcube,36824.19,CNY
Stephen,Edwards,sedwardslz@ox.ac.uk,Ivory Coast,Male,Dabou,Riffpedia,37282.65,XOF
Kimberly,Stewart,kstewartm0@scribd.com,Thailand,Female,Songkhla,Oyoba,,THB
Debra,Matthews,dmatthewsm1@cargocollective.com,Indonesia,Female,Datarkadu,Lazz,9078.46,IDR
Samuel,Olson,solsonm2@redcross.org,Micronesia,Male,Lukunor,Gigabox,35035.95,USD
Melissa,Lewis,mlewism3@spiegel.de,Portugal,Female,Lavradio,Lajo,30835.01,EUR
Chris,Vasquez,cvasquezm4@forbes.com,Poland,Male,Obryte,Tagchat,13027.53,PLN
Eugene,Fox,efoxm5@dot.gov,Russia,Male,Kalinovo,Babbleopia,9760.30,RUB
Jeffrey,Bishop,jbishopm6@nature.com,Russia,Male,Shebalino,Dabtype,18048.05,RUB
Justin,Anderson,jandersonm7@ameblo.jp,Croatia,Male,Smokvica,Janyx,91702.10,HRK
Kimberly,Brown,kbrownm8@nifty.com,United States,Female,Jacksonville,Browsedrive,57080.19,USD
Peter,Alvarez,palvarezm9@cargocollective.com,Malta,Male,Gudja,Youbridge,98534.82,EUR
Jane,Simpson,jsimpsonma@nytimes.com,China,Female,Liulin,Tazz,96076.57,CNY
Billy,Turner,bturnermb@yahoo.co.jp,United States,Male,Chicago,Dabtype,31312.57,USD
Dennis,Armstrong,darmstrongmc@posterous.com,Indonesia,Male,Warmare,Trudoo,47182.05,IDR
Debra,Hamilton,dhamiltonmd@indiegogo.com,Belize,Female,Orange Walk,Skiptube,52592.78,BZD
Paul,Perez,pperezme@cnbc.com,Nicaragua,Male,Santo Tomás,Quaxo,72454.27,NIO
Katherine,Ferguson,kfergusonmf@hhs.gov,China,Female,Baiyushan,Wordtune,11764.83,CNY
Jean,Torres,jtorresmg@spotify.com,Russia,Female,Shirochanka,Babbleset,32193.39,RUB
Louis,Hanson,lhansonmh@va.gov,Indonesia,Male,Genyem,Mudo,,IDR
Annie,Jacobs,ajacobsmi@hugedomains.com,Venezuela,Female,Valencia,Meedoo,24028.99,VEF
Linda,Brooks,lbrooksmj@drupal.org,Russia,Female,Rybinsk,Zoomlounge,60704.26,RUB
Paul,Peterson,ppetersonmk@wisc.edu,Philippines,Male,Esperanza,Gabtune,2126.25,PHP
Shawn,Cook,scookml@nymag.com,Lithuania,Male,Žagarė,Trunyx,55705.76,LTL
Howard,Robinson,hrobinsonmm@pagesperso-orange.fr,China,Male,Yinghua,Devcast,89521.54,CNY
Jennifer,Porter,jportermn@sphinn.com,Greece,Female,Íasmos,Shuffledrive,10713.96,EUR
Ronald,Ramos,rramosmo@spiegel.de,Peru,Male,Pujocucho,Izio,15602.88,PEN
Douglas,Hall,dhallmp@java.com,Ireland,Male,Manorhamilton,Topdrive,84443.16,EUR
Stephen,Greene,sgreenemq@nytimes.com,Czech Republic,Male,Těšetice,Wikizz,95447.49,CZK
Raymond,Russell,rrussellmr@wix.com,China,Male,Haolin,Photospace,,CNY
John,Nelson,jnelsonms@rediff.com,China,Male,Wuda,Mymm,26404.59,CNY
Terry,Morales,tmoralesmt@mail.ru,France,Male,Nice,Wordify,94638.86,EUR
Katherine,Jordan,kjordanmu@canalblog.com,Norway,Female,Trondheim,Voomm,4651.51,NOK
Karen,Webb,kwebbmv@hubpages.com,Honduras,Female,San Luis,Zazio,88088.35,HNL
Laura,Owens,lowensmw@flavors.me,Philippines,Female,Tigbao,Aimbu,33907.73,PHP
Lillian,Webb,lwebbmx@bravesites.com,Germany,Female,Stuttgart,Youbridge,,EUR
Doris,Wallace,dwallacemy@scientificamerican.com,Costa Rica,Female,Pejibaye,Tagchat,81606.28,CRC
Ralph,Long,rlongmz@narod.ru,Chile,Male,Chillán,Livetube,12906.69,CLP
Bruce,Russell,brusselln0@etsy.com,Greece,Male,Zákynthos,Vimbo,94855.61,EUR
Kathy,Watkins,kwatkinsn1@epa.gov,United States,Female,Santa Cruz,Meemm,14413.38,USD
Bruce,Griffin,bgriffinn2@deliciousdays.com,Poland,Male,Osieczna,Jazzy,3042.29,PLN
Christine,Washington,cwashingtonn3@europa.eu,Indonesia,Female,Banjar Danginsema,Quatz,88852.87,IDR
David,Duncan,dduncann4@irs.gov,China,Male,Benzilan,Buzzshare,36523.65,CNY
Barbara,Harrison,bharrisonn5@boston.com,Malaysia,Female,Kangar,Vidoo,56465.27,MYR
George,Ryan,gryann6@elegantthemes.com,Portugal,Male,Porto Martins,Youfeed,67876.45,EUR
Ralph,Gonzalez,rgonzalezn7@answers.com,Mexico,Male,18 de Marzo,Photospace,69166.85,MXN
Paul,Bowman,pbowmann8@issuu.com,Thailand,Male,Det Udom,Minyx,30067.23,THB
Mildred,Phillips,mphillipsn9@php.net,China,Female,Daminggong,Tagfeed,68769.24,CNY
Paula,Fields,pfieldsna@state.gov,Bulgaria,Female,Trŭn,Voomm,97979.90,BGN
Joan,Dean,jdeannb@tumblr.com,Czech Republic,Female,Staré Město,Camimbo,36151.04,CZK
Nicole,Medina,nmedinanc@ow.ly,China,Female,Miyang,Mydo,94218.19,CNY
Amanda,Sanders,asandersnd@wired.com,China,Female,Dushan,Fiveclub,91103.55,CNY
Brenda,Russell,brussellne@twitpic.com,Russia,Female,Amurzet,Demivee,7313.81,RUB
Lori,Garcia,lgarcianf@amazonaws.com,Norway,Female,Porsgrunn,Devify,50670.09,NOK
Jeremy,Hawkins,jhawkinsng@nifty.com,Poland,Male,Nałęczów,Divanoodle,16241.76,PLN
Rachel,Warren,rwarrennh@acquirethisname.com,Colombia,Female,Orocué,Thoughtbridge,1689.38,COP
Jacqueline,Martinez,jmartinezni@ow.ly,Russia,Female,Chernogorsk,Reallinks,94838.13,RUB
Kathleen,Garrett,kgarrettnj@homestead.com,Philippines,Female,Bantacan,Twitterbridge,9275.54,PHP
Harold,Ray,hraynk@drupal.org,France,Male,Dijon,Thoughtstorm,,EUR
Betty,Ramirez,bramireznl@delicious.com,Indonesia,Female,Kotabumi,Skajo,38317.20,IDR
Ruth,Stephens,rstephensnm@imgur.com,Uruguay,Female,Quebracho,Jaloo,7904.31,UYU
Jason,Peters,jpetersnn@oaic.gov.au,Saudi Arabia,Male,Al Jubayl,Jabbercube,64338.09,SAR
Annie,Duncan,aduncanno@slashdot.org,Ukraine,Female,Lebedyn,Twimbo,53522.20,UAH
Cynthia,Weaver,cweavernp@skype.com,Canada,Female,Metchosin,Browsedrive,69519.07,CAD
Christina,Bishop,cbishopnq@about.me,Faroe Islands,Female,Miðvágur,Oozz,91809.32,DKK
Nicholas,Little,nlittlenr@rambler.ru,Ukraine,Male,Bilovods'k,Oloo,91658.05,UAH
Craig,Gray,cgrayns@devhub.com,Poland,Male,Trzcinica,Realbuzz,50384.56,PLN
Deborah,Barnes,dbarnesnt@nydailynews.com,Netherlands,Female,Zaandam,Wikido,,EUR
Larry,Jordan,ljordannu@census.gov,Czech Republic,Male,Velké Pavlovice,Topicstorm,15918.61,CZK
Sandra,Garcia,sgarcianv@businesswire.com,Iran,Female,Gīvī,Innojam,97238.43,IRR
Irene,Warren,iwarrennw@networkadvertising.org,China,Female,Shenshu,Gigashots,41650.03,CNY
Amanda,Oliver,aolivernx@last.fm,Poland,Female,Węgierska Górka,Flipbug,5772.20,PLN
Jerry,Evans,jevansny@sbwire.com,China,Male,Longping,Nlounge,58804.19,CNY
Catherine,Morris,cmorrisnz@usgs.gov,China,Female,Xiahan,Babbleblab,6563.62,CNY
Scott,Turner,sturnero0@pagesperso-orange.fr,Palestinian Territory,Male,Mislīyah,Mydeo,60199.06,ILS
William,Andrews,wandrewso1@europa.eu,Poland,Male,Podebłocie,Mycat,,PLN
Julie,Myers,jmyerso2@hugedomains.com,Indonesia,Female,Dateng,Thoughtmix,9016.35,IDR
Linda,Ford,lfordo3@acquirethisname.com,Nepal,Female,Birātnagar,Thoughtstorm,1501.58,NPR
Dennis,Turner,dturnero4@ft.com,Ukraine,Male,Brusyliv,Realblab,,UAH
Todd,Bowman,tbowmano5@wikia.com,Mozambique,Male,Dondo,Browsedrive,66978.53,MZN
Doris,Adams,dadamso6@walmart.com,France,Female,Angers,Photobean,17801.03,EUR
Wayne,Gutierrez,wgutierrezo7@wikipedia.org,Poland,Male,Suraż,Babbleopia,73512.43,PLN
Jack,Owens,jowenso8@usatoday.com,Ireland,Male,Prosperous,Zoomzone,94226.33,EUR
Paula,Cunningham,pcunninghamo9@fastcompany.com,Ukraine,Female,Ternopil’,Feedfish,34051.93,UAH
Kelly,Hart,khartoa@blogspot.com,Russia,Female,Gremyachinsk,Wordware,98681.53,RUB
Raymond,Rodriguez,rrodriguezob@fda.gov,Argentina,Male,Catriel,Avamba,98109.04,ARS
Christina,Spencer,cspenceroc@bing.com,Portugal,Female,Antas,Fadeo,93852.11,EUR
Albert,Graham,agrahamod@jiathis.com,China,Male,Xiwu,Topicstorm,8591.95,CNY
Kathy,Porter,kporteroe@opera.com,Peru,Female,Simbal,Skivee,89454.32,PEN
Edward,Webb,ewebbof@unicef.org,China,Male,Chang’an,Livepath,52646.94,CNY
Daniel,Freeman,dfreemanog@exblog.jp,China,Male,Xiangrong,Shuffledrive,65806.58,CNY
Diane,Hall,dhalloh@nature.com,Peru,Female,Huambalpa,Trilith,31126.39,PEN
Linda,Armstrong,larmstrongoi@infoseek.co.jp,Colombia,Female,Pailitas,Lazzy,58020.38,COP
Debra,Stevens,dstevensoj@mac.com,Indonesia,Female,Klau,Yabox,2868.95,IDR
Philip,Carter,pcarterok@utexas.edu,China,Male,Wuguishan,Livepath,,CNY
Alice,Reynolds,areynoldsol@google.it,China,Female,Nanshi,Kayveo,83527.33,CNY
Jack,Martinez,jmartinezom@forbes.com,China,Male,Geshan,Mymm,5530.33,CNY
Anne,Gonzales,agonzaleson@multiply.com,France,Female,Tourcoing,Pixoboo,17002.26,EUR
Kevin,Hansen,khansenoo@dedecms.com,Mexico,Male,5 de Mayo,Mycat,63298.93,MXN
Lawrence,Watson,lwatsonop@mayoclinic.com,Ireland,Male,Cill Airne,Youfeed,95665.59,EUR
Frank,Simmons,fsimmonsoq@google.ru,Sweden,Male,Nora,Wordware,99702.48,SEK
Karen,Ruiz,kruizor@hibu.com,China,Female,Mali,Mymm,9911.12,CNY
Mark,Ford,mfordos@cloudflare.com,Angola,Male,Lubango,Shufflebeat,61844.30,AOA
Nicole,Perez,nperezot@parallels.com,Indonesia,Female,Holoriang,Voolith,,IDR
Justin,Harrison,jharrisonou@about.com,China,Male,Changma,Flashspan,59341.36,CNY
Jose,Alvarez,jalvarezov@clickbank.net,Russia,Male,Rostov,InnoZ,,RUB
Harry,Gordon,hgordonow@jiathis.com,China,Male,Lingquan,Babbleblab,65313.02,CNY
Jessica,Jackson,jjacksonox@tmall.com,Colombia,Female,Puerto Asís,Shuffletag,93192.58,COP
Brian,Ward,bwardoy@unesco.org,China,Male,Taihe,Realpoint,8602.89,CNY
Ruth,Harris,rharrisoz@t.co,Haiti,Female,Acul du Nord,Tagopia,49585.41,HTG
Joseph,Dixon,jdixonp0@xrea.com,Russia,Male,Shushenskoye,Yamia,,RUB
Joe,Gordon,jgordonp1@rambler.ru,Argentina,Male,Calilegua,Gabtype,67433.85,ARS
Randy,Montgomery,rmontgomeryp2@so-net.ne.jp,Portugal,Male,Santo António das Areias,Gabvine,72337.67,EUR
Edward,Perry,eperryp3@elegantthemes.com,United States,Male,San Jose,Meejo,43967.22,USD
Denise,Jones,djonesp4@addthis.com,Cameroon,Female,Bafoussam,Topdrive,23199.55,XAF
Cheryl,Perez,cperezp5@ycombinator.com,Greece,Female,Kalampáka,Livepath,,EUR
Emily,Mendoza,emendozap6@cornell.edu,Ecuador,Female,La Troncal,Babbleblab,,USD
Betty,Adams,badamsp7@odnoklassniki.ru,Russia,Female,Bezenchuk,Vinder,64760.75,RUB
Judith,Olson,jolsonp8@webeden.co.uk,China,Female,Xihu,Yata,31469.76,CNY
Catherine,Mcdonald,cmcdonaldp9@skype.com,France,Female,Chantilly,Linkbuzz,29907.44,EUR
Dorothy,Burke,dburkepa@hc360.com,Laos,Female,Muang Long,Twitterbeat,44684.65,LAK
Kathleen,Edwards,kedwardspb@smh.com.au,China,Female,Lüjiabao,Dynazzy,77997.85,CNY
Antonio,Collins,acollinspc@abc.net.au,Sweden,Male,Ljungby,Gabspot,56793.68,SEK
Robert,Carr,rcarrpd@wikispaces.com,China,Male,Boshan,Fivechat,82528.79,CNY
Carl,Myers,cmyerspe@weather.com,Guinea-Bissau,Male,Bafatá,Jatri,47510.88,XOF
Robin,Hill,rhillpf@usda.gov,Indonesia,Female,Kebon,Zoonoodle,39173.37,IDR
Christopher,Hill,chillpg@answers.com,United States,Male,Pittsburgh,Katz,80061.11,USD
Arthur,Brown,abrownph@smugmug.com,Russia,Male,Losino-Petrovskiy,Katz,75993.42,RUB
Beverly,Hart,bhartpi@woothemes.com,China,Female,Guan’e,Leexo,46245.14,CNY
Julie,Nguyen,jnguyenpj@dmoz.org,France,Female,Blois,Kwimbee,8867.42,EUR
Harold,Morrison,hmorrisonpk@com.com,Poland,Male,Michałowo,Oyoyo,35662.82,PLN
Rachel,Rodriguez,rrodriguezpl@twitter.com,Pakistan,Female,Mach,Tagtune,13622.83,PKR
Stephanie,Holmes,sholmespm@sun.com,Colombia,Female,Cali,Tagopia,95659.34,COP
Robin,Little,rlittlepn@diigo.com,Indonesia,Female,Gayam,Thoughtbeat,62120.96,IDR
Martin,Burke,mburkepo@utexas.edu,Belarus,Male,Smarhon’,Eayo,88400.70,BYR
David,White,dwhitepp@soup.io,Philippines,Male,Madrid,JumpXS,29237.67,PHP
Carl,Willis,cwillispq@tumblr.com,China,Male,Xiapu,Skiba,13155.10,CNY
Anna,Fields,afieldspr@msn.com,Philippines,Female,Biasong,Photobug,15565.32,PHP
Antonio,Bell,abellps@netscape.com,Russia,Male,Petrodvorets,Kazio,77564.78,RUB
Victor,Peterson,vpetersonpt@vinaora.com,Russia,Male,Nizhnyaya Tavda,Vinder,24309.13,RUB
Larry,Mccoy,lmccoypu@cnet.com,Mexico,Male,El Salitre,Jetpulse,26159.20,MXN
Billy,Armstrong,barmstrongpv@is.gd,Pakistan,Male,Hangu,Quatz,96411.43,PKR
Laura,Harvey,lharveypw@ycombinator.com,United States,Female,Virginia Beach,Thoughtstorm,34291.39,USD
Gloria,Ryan,gryanpx@washington.edu,Israel,Female,Haifa,Brainsphere,38294.39,ILS
Anne,Stone,astonepy@spiegel.de,China,Female,Tangtuzhui,Jamia,12024.26,CNY
Wayne,Stephens,wstephenspz@admin.ch,Reunion,Male,Saint-Denis,Yakijo,98350.07,EUR
Nancy,Garrett,ngarrettq0@virginia.edu,Madagascar,Female,Vohipaho,Shuffledrive,42987.78,MGA
Patricia,Stanley,pstanleyq1@hud.gov,China,Female,Baqiao,Gabcube,40296.93,CNY
Maria,Cook,mcookq2@webnode.com,Japan,Female,Saitama,Shufflester,30424.64,JPY
Dorothy,Bell,dbellq3@networkadvertising.org,Nigeria,Female,Agbor,Gigaclub,93005.59,NGN
Mary,Edwards,medwardsq4@indiatimes.com,China,Female,Huangbayi,Roomm,8906.94,CNY
Earl,Williamson,ewilliamsonq5@independent.co.uk,Ukraine,Male,Kotsyubyns’ke,Pixonyx,93630.03,UAH
Willie,West,wwestq6@slate.com,Finland,Male,Kouvola,Quimm,27126.27,EUR
Mary,Schmidt,mschmidtq7@google.de,Indonesia,Female,Cimanggu,Quimm,91558.50,IDR
Ralph,Morgan,rmorganq8@pagesperso-orange.fr,Sweden,Male,Staffanstorp,Dabjam,91753.61,SEK
Lois,Davis,ldavisq9@t-online.de,Indonesia,Female,Gunung Talang,Viva,26839.56,IDR
Raymond,Wheeler,rwheelerqa@businesswire.com,Denmark,Male,København,Eidel,67895.04,DKK
Arthur,Marshall,amarshallqb@i2i.jp,Russia,Male,Verkhnevilyuysk,Meedoo,41334.12,RUB
Christopher,Edwards,cedwardsqc@nba.com,Poland,Male,Nowosielce-Gniewosz,Trunyx,62717.20,PLN
Sandra,Howell,showellqd@mit.edu,Indonesia,Female,Cibanten,Meedoo,19084.21,IDR
Steven,Andrews,sandrewsqe@google.com.au,Ukraine,Male,Ukrainka,BlogXS,1800.69,UAH
Margaret,Moreno,mmorenoqf@fotki.com,Sweden,Female,Huddinge,Snaptags,3457.33,SEK
Ernest,Mitchell,emitchellqg@indiegogo.com,Portugal,Male,Dois Portos,Thoughtsphere,91850.78,EUR
Alice,Roberts,arobertsqh@cisco.com,Albania,Female,Kombësi,Thoughtblab,24984.76,ALL
Benjamin,Jordan,bjordanqi@instagram.com,Russia,Male,Pallasovka,Yozio,56297.02,RUB
Jacqueline,Robinson,jrobinsonqj@plala.or.jp,China,Female,Weichanglu,Mynte,68509.13,CNY
Scott,Mitchell,smitchellqk@wikia.com,Philippines,Male,Pinayagan Norte,Omba,39840.43,PHP
Rose,Banks,rbanksql@macromedia.com,China,Female,Nancun,Demizz,22883.74,CNY
Kathryn,Hunter,khunterqm@surveymonkey.com,Brazil,Female,Ouro Preto,Edgeblab,30502.72,BRL
Margaret,Rogers,mrogersqn@reverbnation.com,Argentina,Female,Paso de los Libres,Mynte,22595.79,ARS
Teresa,Johnson,tjohnsonqo@creativecommons.org,China,Female,Haiyanmiao,Gigabox,13330.80,CNY
Randy,Collins,rcollinsqp@plala.or.jp,Togo,Male,Dapaong,Vinder,35883.83,XOF
Earl,Castillo,ecastilloqq@flavors.me,Cameroon,Male,Mbanga,Linkbuzz,73392.98,XAF
Nancy,Bradley,nbradleyqr@tmall.com,Brazil,Female,Pôrto Barra do Ivinheima,Roomm,74876.89,BRL
Roy,Smith,rsmithqs@ow.ly,Ethiopia,Male,Ādīs Zemen,Shuffletag,28240.61,ETB
Wayne,Medina,wmedinaqt@auda.org.au,China,Male,Luobuqiongzi,Browsecat,99159.87,CNY
Jose,Price,jpricequ@weibo.com,Saudi Arabia,Male,Riyadh,Gigaclub,10876.90,SAR
Paula,Chapman,pchapmanqv@meetup.com,Mexico,Female,Emiliano Zapata,Wordtune,12828.52,MXN
Margaret,Murphy,mmurphyqw@psu.edu,Indonesia,Female,Montongtebolak,Aibox,26200.59,IDR
Albert,Hawkins,ahawkinsqx@upenn.edu,China,Male,Xinji,Tagchat,68491.03,CNY
Sandra,Fox,sfoxqy@cnet.com,China,Female,Xingdian,Aimbo,98335.62,CNY
Walter,Brown,wbrownqz@guardian.co.uk,Russia,Male,Ust’-Omchug,Mynte,83204.27,RUB
Ronald,Gibson,rgibsonr0@ask.com,Philippines,Male,Acli,Eimbee,68079.59,PHP
Donald,Willis,dwillisr1@devhub.com,Russia,Male,Il’inskiy Pogost,Yakidoo,54048.17,RUB
Elizabeth,Hunter,ehunterr2@icq.com,Japan,Female,Shido,Yakijo,63275.53,JPY
Beverly,Garrett,bgarrettr3@earthlink.net,Luxembourg,Female,Itzig,Zava,8416.65,EUR
Sara,James,sjamesr4@t.co,Ghana,Female,Asamankese,Oozz,79027.56,GHS
Mildred,Freeman,mfreemanr5@wunderground.com,Dominican Republic,Female,Santiago de los Caballeros,Katz,,DOP
Randy,Bennett,rbennettr6@pcworld.com,China,Male,Yuncao,Avamba,44888.58,CNY
Wayne,Johnston,wjohnstonr7@jimdo.com,France,Male,Grenoble,Divape,,EUR
Bruce,Chavez,bchavezr8@ezinearticles.com,Sweden,Male,Strängnäs,Jabberstorm,94212.33,SEK
Dorothy,Johnston,djohnstonr9@yale.edu,Canada,Female,South River,Realbuzz,37488.71,CAD
Marie,Meyer,mmeyerra@fotki.com,Ukraine,Female,Horlivka,Livetube,53355.77,UAH
Ruth,Lawson,rlawsonrb@youtu.be,Peru,Female,Zaña,Yata,73396.07,PEN
Judy,Cruz,jcruzrc@blogs.com,Morocco,Female,Amizmiz,Shufflester,29407.55,MAD
Carlos,Gutierrez,cgutierrezrd@php.net,Portugal,Male,Gaula,Shuffletag,58397.28,EUR
Albert,Patterson,apattersonre@pinterest.com,Indonesia,Male,Keleng,Demivee,44549.32,IDR
Christine,Montgomery,cmontgomeryrf@cisco.com,Nigeria,Female,Vom,BlogXS,60527.35,NGN
Kevin,Scott,kscottrg@nature.com,Portugal,Male,Azenhas do Mar,Bluezoom,37074.76,EUR
Joshua,Reyes,jreyesrh@intel.com,Peru,Male,Concepción,Twitterlist,72934.59,PEN
Brandon,Bradley,bbradleyri@networkadvertising.org,Nicaragua,Male,Ciudad Darío,Teklist,99152.44,NIO
Barbara,Robinson,brobinsonrj@epa.gov,Russia,Female,Solnechnyy,Abatz,583.61,RUB
Walter,Ortiz,wortizrk@delicious.com,China,Male,Tanlin,Blogspan,,CNY
Kathryn,Cunningham,kcunninghamrl@jimdo.com,Kuwait,Female,Ash Shāmīyah,Rooxo,65793.16,KWD
Todd,Hanson,thansonrm@goo.ne.jp,Philippines,Male,Cullalabo del Sur,Zooveo,82945.00,PHP
Diane,Ellis,dellisrn@about.com,Lithuania,Female,Prienai,Meevee,49716.48,LTL
Kathleen,Hawkins,khawkinsro@ca.gov,Lithuania,Female,Panevėžys,Eidel,65524.60,LTL
Alice,Moore,amoorerp@wordpress.com,China,Female,Xinxu,Voonder,52806.31,CNY
Laura,Burton,lburtonrq@ocn.ne.jp,Canada,Female,Peterborough,Mycat,52951.00,CAD
Justin,Phillips,jphillipsrr@usa.gov,Philippines,Male,Caminauit,Viva,56148.74,PHP
