Sara,Stevens,sstevens0@mail.ru,China,Female,Huanglian,Bubbletube,58835.91,CNY
Carlos,Simmons,csimmons1@squarespace.com,United States,Male,Gainesville,Twitterbridge,92232.10,USD
Kathryn,Romero,kromero2@discuz.net,Portugal,Female,Candelária,Zazio,38761.52,EUR
Rose,Webb,rwebb3@wix.com,Philippines,Female,Binulasan,Youopia,23923.81,PHP
Carol,Richards,crichards4@imgur.com,Portugal,Female,Barrunchal,Mynte,75760.25,EUR
Marie,Ross,mross5@dagondesign.com,Zambia,Female,Namwala,Mynte,,ZMW
Anthony,Powell,apowell6@yahoo.co.jp,Syria,Male,Ma‘arrat an Nu‘mān,Wordtune,58048.13,SYP
Laura,Montgomery,lmontgomery7@com.com,Sweden,Female,Eskilstuna,Eabox,54158.49,SEK
Stephanie,Hayes,shayes8@live.com,China,Female,Mudanjiang,Fiveclub,81957.82,CNY
Walter,Wells,wwells9@shinystat.com,New Zealand,Male,Foxton,Wikizz,53707.72,NZD
Jose,Wright,jwrighta@php.net,Democratic Republic of the Congo,Male,Watsa,Ainyx,35871.93,CDF
Keith,Rodriguez,krodriguezb@yolasite.com,Indonesia,Male,Igir-igir,Wordtune,15983.96,IDR
Nancy,Holmes,nholmesc@tmall.com,Peru,Female,Llipa,Dablist,,PEN
Juan,Smith,jsmithd@unc.edu,Canada,Male,Spirit River,Eimbee,,CAD
James,Perez,jpereze@vinaora.com,Kazakhstan,Male,Lenger,Photojam,,KZT
Matthew,Taylor,mtaylorf@china.com.cn,China,Male,Yantang,Shuffletag,91354.67,CNY
Billy,Burke,bburkeg@mail.ru,Portugal,Male,Setúbal,Trudoo,57754.05,EUR
Rachel,Hall,rhallh@psu.edu,Indonesia,Female,Balekambang,Roombo,17093.68,IDR
Margaret,Frazier,mfrazieri@mit.edu,Palestinian Territory,Female,Al Bīrah,Dabshots,,ILS
Margaret,Russell,mrussellj@skype.com,China,Female,Yiyang,Trunyx,92596.45,CNY
Raymond,Wells,rwellsk@mit.edu,China,Male,Huangshi,Feedmix,15584.93,CNY
Jane,Perry,jperryl@answers.com,Morocco,Female,Hassi Berkane,Linklinks,77555.07,MAD
Scott,Ramos,sramosm@about.me,Syria,Male,Shaykh al Ḩadīd,Jabberstorm,47012.75,SYP
Richard,Adams,radamsn@google.ru,Philippines,Male,Flora,Yadel,27597.85,PHP
Timothy,Butler,tbutlero@livejournal.com,Poland,Male,Zamość,Wikivu,67934.35,PLN
Andrea,Welch,awelchp@ucla.edu,Poland,Female,Sędziszów,Plajo,38985.34,PLN
Ann,Weaver,aweaverq@4shared.com,Honduras,Female,San Diego,Topicshots,3122.52,HNL
Todd,Hanson,thansonr@indiegogo.com,Poland,Male,Waśniów,Brightbean,72444.25,PLN
Lori,Welch,lwelchs@unblog.fr,Greece,Female,Spárti,Zoonoodle,57196.62,EUR
Laura,Hayes,lhayest@csmonitor.com,Morocco,Female,Sidi Qacem,Oyondu,17457.46,MAD
David,Ryan,dryanu@nature.com,Pakistan,Male,Khurriānwāla,Realblab,24032.90,PKR
Joe,Thomas,jthomasv@cisco.com,Philippines,Male,Rosario,Chatterpoint,16342.84,PHP
Earl,Bradley,ebradleyw@google.ca,Portugal,Male,Foz Sousa,Rooxo,51760.87,EUR
Roger,Griffin,rgriffinx@uiuc.edu,Brazil,Male,Barra Bonita,Avaveo,27179.11,BRL
Edward,Nelson,enelsony@geocities.jp,Thailand,Male,Sop Pong,Twinte,74847.42,THB
Paula,Peterson,ppetersonz@ebay.co.uk,Czech Republic,Female,Kralice na Hané,Yamia,,CZK
Nicholas,Wood,nwood10@photobucket.com,United States,Male,Mobile,Lazz,53144.58,USD
Eugene,Thomas,ethomas11@bigcartel.com,Peru,Male,Carapo,Midel,90527.97,PEN
Daniel,Harrison,dharrison12@mtv.com,Ukraine,Male,Pechenizhyn,Kazu,76937.55,UAH
Carlos,Harrison,charrison13@blogtalkradio.com,China,Male,Qili,Vitz,38071.94,CNY
Patrick,Butler,pbutler14@businessweek.com,Kosovo,Male,Vitina,Jazzy,26770.16,EUR
Joan,Holmes,jholmes15@jimdo.com,Tajikistan,Female,Khodzha-Maston,Skivee,23437.55,TJS
Lillian,Rice,lrice16@japanpost.jp,Morocco,Female,Timezgadiouine,Wikivu,20560.82,MAD
Jose,Peters,jpeters17@biblegateway.com,Japan,Male,Tōgane,Bluejam,11998.20,JPY
Jason,Ruiz,jruiz18@weebly.com,Panama,Male,Alto del Espino,Jaxspan,17597.06,PAB
Roy,Hernandez,rhernandez19@w3.org,Slovenia,Male,Grosuplje,Brightdog,48368.49,EUR
Angela,Harvey,aharvey1a@independent.co.uk,Indonesia,Female,Pule,Yodoo,37079.51,IDR
Ernest,Gilbert,egilbert1b@ox.ac.uk,Indonesia,Male,Pangradin Satu,Gabtune,31601.05,IDR
Diane,Daniels,ddaniels1c@phpbb.com,Pakistan,Female,Dhanot,Abata,,PKR
James,Harris,jharris1d@yellowbook.com,Nigeria,Male,Idah,Camido,65260.62,NGN
Matthew,Campbell,mcampbell1e@linkedin.com,Lithuania,Male,Žemaičių Naumiestis,Voomm,91368.46,LTL
Anthony,Johnston,ajohnston1f@census.gov,Bangladesh,Male,Tungi,Jabbersphere,83567.98,BDT
George,Marshall,gmarshall1g@flavors.me,Iran,Male,Rey,Zoomlounge,84647.01,IRR
Fred,Hudson,fhudson1h@technorati.com,Iran,Male,Hashtpar,Yabox,1844.57,IRR
Steve,Fowler,sfowler1i@e-recht24.de,Haiti,Male,Milot,Voonyx,52273.63,HTG
Raymond,Edwards,redwards1j@uiuc.edu,Indonesia,Male,Cibitung,Yakijo,,IDR
Adam,Palmer,apalmer1k@twitpic.com,Vietnam,Male,Thị Trấn Yên Ninh,Twinte,,VND
Jack,Nelson,jnelson1l@reuters.com,France,Male,Villefranche-sur-Mer,Quaxo,22001.85,EUR
Heather,Day,hday1m@ox.ac.uk,Mozambique,Female,Tete,Vidoo,,MZN
Keith,Fernandez,kfernandez1n@g.co,Thailand,Male,Hankha,Plambee,92645.51,THB
Robert,Duncan,rduncan1o@reddit.com,Indonesia,Male,Sumberjo,Janyx,38124.85,IDR
Tammy,Williams,twilliams1p@cisco.com,Greece,Female,Pentéli,Mymm,82649.83,EUR
Jesse,Simpson,jsimpson1q@behance.net,Indonesia,Male,Wololele A,Voolia,89257.48,IDR
Ralph,Gordon,rgordon1r@theatlantic.com,Netherlands,Male,Emmen,Myworks,25347.26,EUR
Bruce,Ellis,bellis1s@usda.gov,Bulgaria,Male,Isperikh,Dabshots,64513.24,BGN
David,Smith,dsmith1t@tumblr.com,Afghanistan,Male,Chimtāl,Voonyx,,AFN
Justin,Lee,jlee1u@globo.com,Malawi,Male,Mangochi,Skaboo,10581.29,MWK
Mark,Lawrence,mlawrence1v@umn.edu,Czech Republic,Male,Jablonec nad Jizerou,Riffwire,93122.90,CZK
Gloria,Mills,gmills1w@umn.edu,Philippines,Female,Sabangan,Latz,75308.89,PHP
Cheryl,Anderson,canderson1x@prlog.org,Sweden,Female,Skellefteå,Twinder,57559.77,SEK
Dennis,Adams,dadams1y@plala.or.jp,Indonesia,Male,Purwa,Kazio,88655.58,IDR
Johnny,Williamson,jwilliamson1z@histats.com,Indonesia,Male,Putatbasiun,Realfire,21648.69,IDR
Tammy,Flores,tflores20@census.gov,Philippines,Female,Tubajon,Thoughtworks,146.27,PHP
Catherine,Olson,colson21@ow.ly,Portugal,Female,Venda do Valador,Dablist,70731.28,EUR
Dorothy,Hill,dhill22@bbb.org,Ecuador,Female,Celica,Eire,13556.92,USD
Jeremy,Black,jblack23@huffingtonpost.com,France,Male,Aix-les-Bains,Gabvine,11113.03,EUR
Ashley,Nguyen,anguyen24@indiegogo.com,China,Female,Zuhu,Flipopia,48543.99,CNY
Steve,Cole,scole25@devhub.com,Poland,Male,Tuchów,Rhynyx,59537.49,PLN
Jean,Kennedy,jkennedy26@aboutads.info,Zimbabwe,Female,Redcliff,Linkbuzz,68390.98,ZWL
Nicholas,Davis,ndavis27@instagram.com,Egypt,Male,Ziftá,Roombo,66277.24,EGP
Frank,Perry,fperry28@who.int,Armenia,Male,Yerevan,Divape,98405.77,AMD
Melissa,Mitchell,mmitchell29@microsoft.com,Philippines,Female,Santo Niño,Skyble,78784.75,PHP
Norma,Greene,ngreene2a@washington.edu,Colombia,Female,Concepción,Tavu,55658.01,COP
Timothy,Kelley,tkelley2b@infoseek.co.jp,Canada,Male,Renfrew,Skipstorm,71276.11,CAD
Randy,Nelson,rnelson2c@cdbaby.com,Austria,Male,Schäffern,Skiptube,40080.40,EUR
Scott,Lee,slee2d@indiatimes.com,Russia,Male,Gimry,Flipbug,90501.70,RUB
Walter,Franklin,wfranklin2e@bizjournals.com,Hungary,Male,Ózd,Abatz,10209.48,HUF
Janet,Myers,jmyers2f@blogs.com,United States,Female,Huntsville,Skiba,10027.82,USD
Jose,Miller,jmiller2g@vistaprint.com,Poland,Male,Kamienna Góra,Blogtags,46058.73,PLN
Stephen,Lynch,slynch2h@umich.edu,China,Male,Xibali,Buzzster,61938.08,CNY
Ruby,Woods,rwoods2i@photobucket.com,United States,Female,Lincoln,Wordtune,97742.88,USD
Michelle,Wood,mwood2j@npr.org,Indonesia,Female,Ciengang,Topiczoom,99601.68,IDR
Dennis,Wallace,dwallace2k@quantcast.com,Philippines,Male,Siruma,Topiclounge,36788.21,PHP
Karen,Spencer,kspencer2l@dedecms.com,Ecuador,Female,Catamayo,Photolist,25215.71,USD
Joyce,Black,jblack2m@geocities.jp,Guatemala,Female,Puerto Barrios,Flashset,,GTQ
Sara,Moreno,smoreno2n@usnews.com,Philippines,Female,Santa Nino,Tambee,59366.45,PHP
Howard,Reid,hreid2o@about.com,China,Male,Huangcun,Yodoo,64031.82,CNY
Jane,Stewart,jstewart2p@businessinsider.com,Poland,Female,Osieck,Demimbu,49217.65,PLN
Mark,Andrews,mandrews2q@etsy.com,China,Male,Xiangyun,Vimbo,88525.55,CNY
Robert,Butler,rbutler2r@google.de,Ireland,Male,Piltown,Ainyx,3219.35,EUR
Paula,Edwards,pedwards2s@ocn.ne.jp,Guatemala,Female,Cabricán,Brainlounge,85346.36,GTQ
Stephanie,Hansen,shansen2t@github.io,Poland,Female,Tyczyn,Eidel,55512.13,PLN
Todd,Ray,tray2u@ibm.com,Sweden,Male,Kramfors,Skidoo,37530.29,SEK
Alice,Montgomery,amontgomery2v@bravesites.com,Cameroon,Female,Mbouda,Dynazzy,22506.60,XAF
Ralph,Gibson,rgibson2w@uol.com.br,China,Male,Yongfeng,Wordpedia,14704.06,CNY
Willie,Ferguson,wferguson2x@ftc.gov,Indonesia,Male,Sepanjang,Jabbersphere,,IDR
Marilyn,Edwards,medwards2y@mysql.com,Portugal,Female,Riachos,Yakijo,81331.05,EUR
Cynthia,Carpenter,ccarpenter2z@biblegateway.com,China,Female,Caohe,Camido,75016.62,CNY
Clarence,Meyer,cmeyer30@lulu.com,Colombia,Male,Calarcá,Gevee,96849.25,COP
Billy,Coleman,bcoleman31@github.com,Greece,Male,Erétria,Cogilith,,EUR
Phillip,Wilson,pwilson32@theatlantic.com,China,Male,Xishan,Janyx,55649.15,CNY
Billy,Ellis,bellis33@cisco.com,France,Male,Bourges,Kwideo,,EUR
Gregory,Roberts,groberts34@fotki.com,Peru,Male,Oropesa,Plambee,22456.57,PEN
Carol,Brooks,cbrooks35@php.net,Poland,Female,Kamionka,Gabtune,66558.56,PLN
Annie,Foster,afoster36@businessweek.com,Nicaragua,Female,San Jorge,Kamba,54160.51,NIO
Randy,Chavez,rchavez37@goo.gl,Mexico,Male,El Mirador,Roombo,38480.01,MXN
Steven,Gonzalez,sgonzalez38@t.co,Mongolia,Male,Bayangol,Dynazzy,91952.76,MNT
Joshua,Hayes,jhayes39@flickr.com,China,Male,Shuiyuan,Jetwire,42558.82,CNY
Deborah,Evans,devans3a@zdnet.com,Indonesia,Female,Laban,Janyx,79664.20,IDR
Daniel,Marshall,dmarshall3b@vkontakte.ru,Philippines,Male,Buenavista,Voomm,89425.74,PHP
Charles,Barnes,cbarnes3c@cbsnews.com,Portugal,Male,Quintã,Youopia,18847.40,EUR
Jeffrey,Burton,jburton3d@webeden.co.uk,Greece,Male,Ýdra,Twitterbridge,,EUR
Henry,Richards,hrichards3e@xrea.com,Poland,Male,Nieszawa,Blogtag,47392.32,PLN
Mildred,Ruiz,mruiz3f@typepad.com,Vietnam,Female,Hòa Bình,Quatz,70308.86,VND
Catherine,Campbell,ccampbell3g@youtu.be,Portugal,Female,Outeiro,Babbleset,58184.91,EUR
Robin,Davis,rdavis3h@artisteer.com,Portugal,Female,Montes,Podcat,20910.42,EUR
Mark,Austin,maustin3i@amazon.co.uk,Indonesia,Male,Passo,Photojam,88450.46,IDR
Stephanie,Dunn,sdunn3j@cyberchimps.com,China,Female,Xiaojiangba,Jatri,74976.07,CNY
Joshua,Robinson,jrobinson3k@va.gov,China,Male,Cangzhou,Innotype,12356.39,CNY
Ruth,Wood,rwood3l@toplist.cz,New Caledonia,Female,Pouébo,Yata,84229.18,XPF
Donald,Harris,dharris3m@sogou.com,Rwanda,Male,Nyanza,Vimbo,94033.91,RWF
William,Ortiz,wortiz3n@skype.com,Poland,Male,Gierłoż,Fivespan,89634.98,PLN
Ernest,Stone,estone3o@soundcloud.com,China,Male,Chuntai,Voomm,53460.37,CNY
Alice,Stevens,astevens3p@vinaora.com,Malaysia,Female,Kota Kinabalu,Vidoo,19254.13,MYR
Donald,Hughes,dhughes3q@whitehouse.gov,Taiwan,Male,Miaoli,Abata,92759.46,TWD
Earl,Parker,eparker3r@mtv.com,Argentina,Male,Samuhú,Roodel,,ARS
Kathryn,Stephens,kstephens3s@twitter.com,Russia,Female,Rzhavki,Jaxnation,53291.98,RUB
Jeremy,Mcdonald,jmcdonald3t@exblog.jp,Portugal,Male,Azinhal,Flashpoint,,EUR
Jimmy,Myers,jmyers3u@nps.gov,Philippines,Male,Manika,Vimbo,,PHP
Antonio,Wheeler,awheeler3v@trellian.com,Russia,Male,Novoderevyankovskaya,Thoughtsphere,29537.74,RUB
John,Watkins,jwatkins3w@geocities.jp,Peru,Male,Viñac,Thoughtbridge,20588.64,PEN
Pamela,Murray,pmurray3x@go.com,Philippines,Female,Linan,Wikizz,14857.92,PHP
Matthew,Gilbert,mgilbert3y@loc.gov,Lithuania,Male,Jonava,Pixonyx,86010.07,LTL
Peter,Gonzales,pgonzales3z@hatena.ne.jp,Nigeria,Male,Okpo,Skyndu,89024.94,NGN
Jennifer,Rivera,jrivera40@nbcnews.com,Panama,Female,Tonosí,Vipe,4040.96,PAB
Patricia,Hawkins,phawkins41@angelfire.com,Russia,Female,Marevo,Meejo,47699.03,RUB
Eric,Spencer,espencer42@forbes.com,Zambia,Male,Mpongwe,Linkbuzz,,ZMW
Joshua,Cunningham,jcunningham43@reuters.com,Finland,Male,Yläne,Layo,25310.95,EUR
Ryan,Hansen,rhansen44@sohu.com,Nigeria,Male,Yandev,Omba,86495.94,NGN
Catherine,Hamilton,chamilton45@mlb.com,China,Female,Dancheng,Youspan,50762.62,CNY
Robin,Stone,rstone46@state.tx.us,China,Female,Banqiao,Oyoba,19318.90,CNY
Sandra,Perez,sperez47@examiner.com,Philippines,Female,Aglalana,Podcat,41185.22,PHP
Juan,Butler,jbutler48@slate.com,Croatia,Male,Krapina,Topicstorm,24278.57,HRK
Maria,Romero,mromero49@edublogs.org,United States,Female,Schenectady,Katz,98786.81,USD
Jose,Cruz,jcruz4a@so-net.ne.jp,France,Male,Seynod,Dynava,95022.69,EUR
Raymond,Marshall,rmarshall4b@sitemeter.com,Paraguay,Male,Colonia Mauricio José Troche,Katz,45537.61,PYG
Jane,Fernandez,jfernandez4c@squidoo.com,China,Female,Beizhang,Rhybox,70716.27,CNY
Andrew,Armstrong,aarmstrong4d@vkontakte.ru,Thailand,Male,Phu Kradueng,Yozio,84732.75,THB
Julia,Snyder,jsnyder4e@narod.ru,China,Female,Shitun,Topiclounge,7899.46,CNY
Julie,Diaz,jdiaz4f@jigsy.com,China,Female,Xinpu,Brainbox,59139.68,CNY
Jeremy,Morrison,jmorrison4g@naver.com,China,Male,Jianxi,Latz,58092.71,CNY
Willie,Black,wblack4h@is.gd,Philippines,Male,Biñan,Topicshots,55550.30,PHP
Samuel,Simpson,ssimpson4i@ted.com,France,Male,Paris 16,Rhynyx,63500.94,EUR
Billy,Freeman,bfreeman4j@mozilla.org,Brazil,Male,Ituberá,Tekfly,27009.79,BRL
Anna,Ellis,aellis4k@state.gov,Netherlands,Female,Zwolle,Yoveo,53837.07,EUR
Walter,Armstrong,warmstrong4l@msn.com,Sweden,Male,Ekerö,Shufflester,11130.67,SEK
Henry,Stevens,hstevens4m@trellian.com,Ukraine,Male,Sholokhove,Skippad,84945.41,UAH
Roger,Rivera,rrivera4n@aboutads.info,France,Male,Saint-Maixent-l'École,Blogpad,43981.62,EUR
Robin,Jones,rjones4o@cargocollective.com,China,Female,Wanzu,Yombu,51686.26,CNY
Gerald,Spencer,gspencer4p@baidu.com,United States,Male,Jackson,Yamia,860.32,USD
Jason,Patterson,jpatterson4q@harvard.edu,China,Male,Hujigou,Mymm,75866.89,CNY
Melissa,Dean,mdean4r@unicef.org,Poland,Female,Wiązownica,Avamba,89875.57,PLN
Jose,Mendoza,jmendoza4s@opera.com,Angola,Male,Menongue,Gabtype,88181.26,AOA
Marilyn,Ellis,mellis4t@home.pl,Bangladesh,Female,Sarishābāri,Oyoyo,10965.12,BDT
Diana,Lewis,dlewis4u@bloglines.com,Philippines,Female,Guinabsan,Tazzy,14902.70,PHP
Albert,Robertson,arobertson4v@blogger.com,Philippines,Male,Concordia,Devpoint,64681.50,PHP
Anthony,Howard,ahoward4w@discovery.com,Greece,Male,Alíartos,Digitube,56679.99,EUR
Bobby,Jordan,bjordan4x@accuweather.com,Japan,Male,Maebashi-shi,Eare,,JPY
David,Hall,dhall4y@ehow.com,China,Male,Donggaohuang,Geba,,CNY
Todd,Perkins,tperkins4z@feedburner.com,Kazakhstan,Male,Tekeli,Gigaclub,51480.73,KZT
Teresa,Kennedy,tkennedy50@npr.org,China,Female,Dalongdong,Wordpedia,,CNY
Patrick,Gutierrez,pgutierrez51@samsung.com,Costa Rica,Male,Escazú,Tagcat,21131.57,CRC
Joseph,Martin,jmartin52@phoca.cz,Benin,Male,Ouidah,Gevee,36463.02,XOF
Sharon,Roberts,sroberts53@geocities.jp,Sweden,Female,Västerås,Aimbu,87794.74,SEK
Jessica,Peterson,jpeterson54@dailymotion.com,Sweden,Female,Solna,Gigazoom,4052.58,SEK
Bruce,Howard,bhoward55@moonfruit.com,France,Male,Nîmes,Zazio,49439.24,EUR
Timothy,Gilbert,tgilbert56@php.net,Sweden,Male,Södertälje,Feednation,2229.12,SEK
Steven,Fuller,sfuller57@hp.com,Indonesia,Male,Tugusirna,Buzzshare,34810.31,IDR
Eric,Montgomery,emontgomery58@seesaa.net,Serbia,Male,Aleksandrovac,Podcat,58334.26,RSD
Juan,Alvarez,jalvarez59@reddit.com,Kenya,Male,Keruguya,Kwideo,,KES
Willie,Ruiz,wruiz5a@usatoday.com,Peru,Male,Cahuac,Midel,,PEN
Patricia,Richardson,prichardson5b@google.com,Indonesia,Female,Suwatu,Tazz,21884.85,IDR
Phyllis,George,pgeorge5c@ca.gov,Poland,Female,Krzczonów,Linkbridge,94432.28,PLN
Willie,Ward,wward5d@ehow.com,France,Male,Fontenay-sous-Bois,Dabtype,22222.30,EUR
Robin,Weaver,rweaver5e@is.gd,Poland,Female,Siemiątkowo,Jabbersphere,62832.23,PLN
Linda,Baker,lbaker5f@chron.com,Greece,Female,Profítis Ilías,Bubblebox,14892.15,EUR
Lois,Montgomery,lmontgomery5g@unc.edu,Colombia,Female,San Francisco,Oyonder,55464.42,COP
Susan,Williams,swilliams5h@about.me,China,Female,Shuiquan,Twinder,43165.29,CNY
Kelly,Lee,klee5i@ftc.gov,Cuba,Female,Bayamo,Twinder,87310.07,CUP
Bonnie,Rodriguez,brodriguez5j@gravatar.com,Argentina,Female,Doblas,Avamm,93630.25,ARS
Sandra,Richardson,srichardson5k@who.int,Pakistan,Female,New Mīrpur,Browsedrive,36909.09,PKR
Evelyn,Armstrong,earmstrong5l@netvibes.com,Jordan,Female,Al Azraq ash Shamālī,Vipe,56550.27,JOD
Wanda,Scott,wscott5m@narod.ru,Mexico,Female,Buenavista,Tazz,,MXN
Betty,Lynch,blynch5n@people.com.cn,Portugal,Female,Colmeal,Edgepulse,43874.03,EUR
Arthur,Green,agreen5o@freewebs.com,Brazil,Male,Pontalina,Mydo,45330.44,BRL
Patricia,Morrison,pmorrison5p@g.co,United States,Female,Youngstown,Voolith,5945.62,USD
Frank,Mendoza,fmendoza5q@quantcast.com,Philippines,Male,Santa Cruz,Dazzlesphere,12578.48,PHP
Deborah,Fernandez,dfernandez5r@plala.or.jp,Japan,Female,Yokohama,Twitterbridge,72685.67,JPY
David,Ramirez,dramirez5s@seesaa.net,Pakistan,Male,Dadu,Tagtune,16471.89,PKR
Carl,Stewart,cstewart5t@newsvine.com,Philippines,Male,Patique,Miboo,,PHP
Charles,Jones,cjones5u@tumblr.com,China,Male,Zhaoqing,Skinte,17162.66,CNY
Christopher,Wright,cwright5v@yelp.com,Brazil,Male,Brodósqui,Kimia,22468.11,BRL
Andrew,Fox,afox5w@cnbc.com,Indonesia,Male,Tekikbanyuurip,InnoZ,23212.15,IDR
Ralph,Harris,rharris5x@state.gov,Brazil,Male,Pedro Leopoldo,Wordtune,57360.09,BRL
Nancy,Edwards,nedwards5y@princeton.edu,Palestinian Territory,Female,Bidyā,Omba,64964.36,ILS
Marie,Austin,maustin5z@fastcompany.com,Russia,Female,Ust’-Uda,Quire,82851.90,RUB
Timothy,Howard,thoward60@icio.us,Ukraine,Male,Stari Bohorodchany,Midel,98928.45,UAH
Earl,Larson,elarson61@surveymonkey.com,China,Male,Qi’an,Centidel,49495.92,CNY
Aaron,Weaver,aweaver62@etsy.com,United States,Male,Detroit,Jaloo,27072.45,USD
Barbara,Elliott,belliott63@csmonitor.com,Indonesia,Female,Bendilwungu Lor,Brainsphere,12937.91,IDR
Eric,Perez,eperez64@amazon.co.uk,Indonesia,Male,Cibeusi,Kanoodle,82517.90,IDR
David,Russell,drussell65@telegraph.co.uk,Macedonia,Male,Gurgurnica,Zoonder,64271.15,MKD
Samuel,Simpson,ssimpson66@php.net,Argentina,Male,Añatuya,Eabox,43999.55,ARS
Bruce,Crawford,bcrawford67@cornell.edu,Morocco,Male,Taghazout,Realbuzz,,MAD
Brian,Stone,bstone68@reverbnation.com,Panama,Male,Los Santos,Blogtags,7925.39,PAB
Marie,Olson,molson69@w3.org,China,Female,Jinggongqiao,Twimm,66251.49,CNY
Shirley,Palmer,spalmer6a@scientificamerican.com,Vietnam,Female,Hòa Bình,Centizu,,VND
Amy,Adams,aadams6b@tripod.com,Czech Republic,Female,Vrbice,Edgeclub,4349.78,CZK
Laura,Perkins,lperkins6c@umich.edu,United Arab Emirates,Female,Ras al-Khaimah,Devpulse,87617.50,AED
Sara,Nelson,snelson6d@smugmug.com,Ireland,Female,Kanturk,Nlounge,7231.67,EUR
Jennifer,Lynch,jlynch6e@pinterest.com,Kazakhstan,Female,Aqtoghay,Eamia,74116.01,KZT
Virginia,Scott,vscott6f@irs.gov,Greece,Female,Metsovo,Fadeo,19373.86,EUR
Harry,Payne,hpayne6g@amazonaws.com,Brazil,Male,Itaperuçu,Skiptube,86792.52,BRL
Patrick,Hudson,phudson6h@artisteer.com,Philippines,Male,Payao,Janyx,13244.73,PHP
Frances,Wright,fwright6i@ucoz.com,Netherlands,Female,Sneek,Jaxspan,51203.36,EUR
Louise,Ortiz,lortiz6j@ovh.net,Thailand,Female,Pa Kham,Feedbug,8288.99,THB
William,Knight,wknight6k@squidoo.com,Portugal,Male,Freiria,Feedbug,51195.07,EUR
Sara,Collins,scollins6l@japanpost.jp,Brazil,Female,Vargem Grande Paulista,Skalith,71071.22,BRL
Shawn,Clark,sclark6m@imdb.com,Cuba,Male,Unión de Reyes,Linkbuzz,26582.09,CUP
Joseph,Morrison,jmorrison6n@mtv.com,Indonesia,Male,Waihibar,Riffwire,,IDR
Terry,Palmer,tpalmer6o@google.cn,Mexico,Male,Francisco I Madero,Jabberbean,91032.40,MXN
Stephen,George,sgeorge6p@soundcloud.com,China,Male,Jiaoziya,Riffwire,50850.19,CNY
Howard,Wright,hwright6q@si.edu,Philippines,Male,Tilik,Gabvine,78879.18,PHP
Juan,Morgan,jmorgan6r@sciencedaily.com,China,Male,Fanrong,Blogtag,6461.70,CNY
Ruth,Jacobs,rjacobs6s@addtoany.com,North Korea,Female,Kujang-ŭp,Vidoo,73250.29,KPW
Melissa,Armstrong,marmstrong6t@digg.com,Indonesia,Female,Dawuhanmangli,Zoozzy,16687.13,IDR
Jose,Williams,jwilliams6u@huffingtonpost.com,Japan,Male,Otofuke,Skipstorm,61226.37,JPY
Melissa,Ramirez,mramirez6v@google.com.br,Indonesia,Female,Sukorejo,Teklist,73990.58,IDR
John,Ramos,jramos6w@amazon.de,China,Male,Xialaxiu,Edgetag,,CNY
Roy,Gonzales,rgonzales6x@buzzfeed.com,China,Male,Siqu,Plambee,29374.24,CNY
Bobby,Carter,bcarter6y@biglobe.ne.jp,China,Male,Huichang,Eare,15398.00,CNY
Kelly,Franklin,kfranklin6z@tiny.cc,Germany,Female,Berlin,Miboo,3219.48,EUR
Sean,Banks,sbanks70@narod.ru,France,Male,Aime,Layo,76339.07,EUR
Lawrence,Peterson,lpeterson71@so-net.ne.jp,China,Male,Longbei,Yodo,63880.39,CNY
Kimberly,Scott,kscott72@canalblog.com,Russia,Female,Svetlanovskiy,Rhynyx,,RUB
Kevin,Morgan,kmorgan73@clickbank.net,China,Male,Hexi,Jaloo,,CNY
Pamela,Palmer,ppalmer74@uol.com.br,Russia,Female,Centralniy,Yozio,63044.82,RUB
Jeffrey,Hudson,jhudson75@cbc.ca,Kuwait,Male,Ar Riqqah,Oyoloo,6803.61,KWD
Kathy,Harris,kharris76@sourceforge.net,Poland,Female,Imielin,Flashdog,11910.14,PLN
Keith,Gonzalez,kgonzalez77@sakura.ne.jp,Poland,Male,Uherce Mineralne,Mita,44230.80,PLN
Antonio,Wilson,awilson78@craigslist.org,Indonesia,Male,Sukodono,Jayo,21488.89,IDR
Eric,Harrison,eharrison79@fda.gov,Canada,Male,Kensington,Oyoyo,93345.49,CAD
Matthew,Alexander,malexander7a@livejournal.com,Jersey,Male,Saint Helier,Voomm,2153.51,GBP
Angela,Palmer,apalmer7b@freewebs.com,Serbia,Female,Ljig,Devify,89118.61,RSD
Albert,Mason,amason7c@virginia.edu,Philippines,Male,Bantacan,Meeveo,73273.70,PHP
Harry,James,hjames7d@51.la,Togo,Male,Aného,Gabtype,20882.71,XOF
Arthur,Russell,arussell7e@bloglovin.com,Indonesia,Male,Nglengkong,Oyoyo,30834.34,IDR
Kathy,Dixon,kdixon7f@bbc.co.uk,Qatar,Female,Umm Sa‘īd,Tanoodle,55138.67,QAR
Evelyn,Brown,ebrown7g@zdnet.com,Panama,Female,Las Tablas,Youfeed,9950.00,PAB
Anthony,Ruiz,aruiz7h@businessweek.com,Mexico,Male,El Paraiso,Brightdog,26917.27,MXN
Melissa,Allen,mallen7i@tiny.cc,Tanzania,Female,Izazi,Roombo,1677.15,TZS
Matthew,Jackson,mjackson7j@storify.com,Madagascar,Male,Antsohimbondrona,Jamia,24415.94,MGA
Jeffrey,Snyder,jsnyder7k@360.cn,China,Male,Meijiang,Meembee,,CNY
Kevin,Hansen,khansen7l@slate.com,Sweden,Male,Norrköping,Flipstorm,83421.01,SEK
Joe,Mitchell,jmitchell7m@arstechnica.com,China,Male,Fuhe,Skibox,,CNY
Emily,Sullivan,esullivan7n@microsoft.com,China,Female,Xiaozhen,Oyoloo,28164.74,CNY
Brenda,Ray,bray7o@eventbrite.com,Belarus,Female,Masty,Zooveo,14732.60,BYR
Jane,Reid,jreid7p@istockphoto.com,Brazil,Female,Rio de Janeiro,Roomm,98061.43,BRL
Roy,Montgomery,rmontgomery7q@bbc.co.uk,Indonesia,Male,Tibakisa,Vinte,69825.73,IDR
George,Kim,gkim7r@bbb.org,Azerbaijan,Male,Beylagan,Kwideo,47324.85,AZN
Kenneth,Morris,kmorris7s@chicagotribune.com,Finland,Male,Teuva,Muxo,49321.81,EUR
Martha,Porter,mporter7t@netlog.com,Ivory Coast,Female,Tengrela,Topicblab,,XOF
Jesse,Freeman,jfreeman7u@ca.gov,Croatia,Male,Omiš,Rhycero,46868.82,HRK
Alice,Gray,agray7v@illinois.edu,Indonesia,Female,Tanakawu Dua,Gigaclub,1830.72,IDR
Amy,Russell,arussell7w@bluehost.com,China,Female,Yangzi Jianglu,Shuffledrive,87378.62,CNY
Donna,Frazier,dfrazier7x@example.com,Japan,Female,Ōzu,Meevee,53444.52,JPY
Amanda,Campbell,acampbell7y@mediafire.com,Indonesia,Female,Dahu Satu,Yambee,45706.04,IDR
Roy,Murphy,rmurphy7z@cafepress.com,China,Male,Xilu,Topicstorm,22684.02,CNY
Karen,Gray,kgray80@alexa.com,Nigeria,Female,Misau,Avamba,95794.22,NGN
Andrew,Reid,areid81@earthlink.net,Japan,Male,Nishiwaki,LiveZ,50191.67,JPY
Dorothy,Gibson,dgibson82@blogger.com,Russia,Female,Salekhard,Voonte,67328.27,RUB
Carol,Austin,caustin83@simplemachines.org,Iran,Female,Mākū,Zoonoodle,50694.55,IRR
Beverly,Hall,bhall84@youtube.com,Albania,Female,Xhafzotaj,Quatz,96790.35,ALL
Antonio,Olson,aolson85@yandex.ru,Cuba,Male,Santa Clara,Blogtag,74646.28,CUP
Heather,Perkins,hperkins86@washington.edu,Chile,Female,Cartagena,Topiczoom,45448.10,CLP
Ruth,Fields,rfields87@ask.com,China,Female,Nanbao,Zoomcast,,CNY
Judith,Watkins,jwatkins88@vimeo.com,China,Female,Kangxung,Jaxspan,,CNY
Albert,Robinson,arobinson89@nasa.gov,Indonesia,Male,Kroya,Babblestorm,79055.07,IDR
Ashley,Kennedy,akennedy8a@marriott.com,Serbia,Female,Ljubovija,Photolist,4503.26,RSD
Kimberly,Freeman,kfreeman8b@canalblog.com,Russia,Female,Khlevnoye,Twinder,45397.21,RUB
Anna,Weaver,aweaver8c@google.ca,Armenia,Female,Tsaghkaber,Trudoo,,AMD
George,Hawkins,ghawkins8d@slideshare.net,Portugal,Male,Vila Nova da Baronia,Youopia,42100.12,EUR
Beverly,Jordan,bjordan8e@soundcloud.com,United States,Female,Houston,Blogtags,27602.32,USD
William,Hernandez,whernandez8f@google.ca,China,Male,Ximapo,Kwinu,41411.18,CNY
Denise,Brown,dbrown8g@miibeian.gov.cn,China,Female,Songgang,Kanoodle,49456.10,CNY
Maria,Perez,mperez8h@opensource.org,Canada,Female,Parrsboro,Kanoodle,41980.44,CAD
Mary,Hamilton,mhamilton8i@tinypic.com,China,Female,Yangping,Realpoint,64179.59,CNY
Earl,Gomez,egomez8j@phpbb.com,Russia,Male,Rasskazovo,Oodoo,98810.75,RUB
Nancy,Boyd,nboyd8k@cam.ac.uk,Russia,Female,Paratunka,Aivee,84304.18,RUB
Ruth,Scott,rscott8l@odnoklassniki.ru,Belarus,Female,Vyerkhnyadzvinsk,Skipstorm,84185.87,BYR
Samuel,Hanson,shanson8m@globo.com,Tunisia,Male,Banī Khallād,Zava,5658.49,TND
Rachel,Howell,rhowell8n@smh.com.au,Netherlands,Female,Harderwijk,Skiba,83530.80,EUR
Eugene,Perkins,eperkins8o@addtoany.com,Argentina,Male,Colón,Skalith,25433.85,ARS
Bobby,Torres,btorres8p@domainmarket.com,United States,Male,Pensacola,Zoozzy,20763.22,USD
Michelle,Mendoza,mmendoza8q@adobe.com,China,Female,Luoqiao,Linktype,75452.60,CNY
Marilyn,Martinez,mmartinez8r@slideshare.net,Vietnam,Female,Thị Trấn Na Hang,Kimia,84885.20,VND
Nancy,Pierce,npierce8s@weather.com,China,Female,Shiban,Dabvine,96401.41,CNY
Joe,Webb,jwebb8t@wufoo.com,Haiti,Male,Ennery,Dynazzy,66135.02,HTG
Diana,Fields,dfields8u@ehow.com,Indonesia,Female,Sumberrojokrajan,Bluejam,,IDR
Wayne,Oliver,woliver8v@altervista.org,South Africa,Male,Thabazimbi,Skyvu,,ZAR
Donald,Bishop,dbishop8w@sakura.ne.jp,Sweden,Male,Piteå,Ntags,91233.73,SEK
Nicholas,Wright,nwright8x@soup.io,Portugal,Male,Goim,Eidel,93691.90,EUR
Emily,Burke,eburke8y@deliciousdays.com,Indonesia,Female,Gayam,Quire,51495.71,IDR
Patricia,Mccoy,pmccoy8z@businessweek.com,Greece,Female,Archángelos,Minyx,5845.52,EUR
Jacqueline,Lee,jlee90@ihg.com,Greece,Female,Lýkeio,Latz,22450.09,EUR
Emily,Martinez,emartinez91@biblegateway.com,Tanzania,Female,Izazi,Yabox,58711.94,TZS
Joseph,Sanders,jsanders92@cargocollective.com,United Kingdom,Male,Seaton,Kaymbo,85631.75,GBP
Donald,Hawkins,dhawkins93@salon.com,Poland,Male,Dębno,Quire,38803.54,PLN
Sharon,Mendoza,smendoza94@1688.com,Indonesia,Female,Ramaram,Wikibox,90543.66,IDR
Eugene,Stevens,estevens95@about.me,Canada,Male,Bay Roberts,Quinu,82015.37,CAD
Lois,Olson,lolson96@blinklist.com,Indonesia,Female,Bongsri,Yata,37641.22,IDR
Heather,Mitchell,hmitchell97@eventbrite.com,South Africa,Female,Mthatha,Katz,17057.58,ZAR
Gerald,Castillo,gcastillo98@phoca.cz,China,Male,Xinzhuang,Blogtag,82705.43,CNY
Anne,Wright,awright99@home.pl,Portugal,Female,Quinta do Anjo,Edgeclub,58008.74,EUR
Wanda,Armstrong,warmstrong9a@jalbum.net,Sweden,Female,Borgholm,Ntags,1231.78,SEK
Virginia,Reyes,vreyes9b@tuttocitta.it,Bosnia and Herzegovina,Female,Banja Luka,Podcat,93844.41,BAM
Stephen,Ramos,sramos9c@google.es,France,Male,Lescar,Skiba,44482.79,EUR
Lois,Turner,lturner9d@infoseek.co.jp,New Zealand,Female,Kawakawa,Jaxspan,86318.39,NZD
Adam,Reynolds,areynolds9e@foxnews.com,Czech Republic,Male,Postřekov,Vinder,60973.16,CZK
Mildred,Ray,mray9f@state.tx.us,Peru,Female,Huacaschuque,Youspan,47926.78,PEN
Angela,Mills,amills9g@tamu.edu,Russia,Female,Ten’gushevo,Voonyx,51373.63,RUB
Frank,White,fwhite9h@eepurl.com,Brazil,Male,Itaberaí,Tagopia,22931.48,BRL
Judy,Grant,jgrant9i@godaddy.com,Portugal,Female,Quintãs,Pixope,21906.67,EUR
Steve,Duncan,sduncan9j@twitter.com,Sweden,Male,Göteborg,Feednation,,SEK
Clarence,Stone,cstone9k@timesonline.co.uk,Brazil,Male,Vazante,Tavu,16985.49,BRL
Raymond,Hamilton,rhamilton9l@google.com,Russia,Male,Tomari,Devcast,16711.33,RUB
Bobby,Warren,bwarren9m@sfgate.com,Canada,Male,Harbour Breton,Oyope,27685.67,CAD
John,Moreno,jmoreno9n@epa.gov,Thailand,Male,Ban Takhun,Topiclounge,36057.32,THB
Martha,Collins,mcollins9o@t-online.de,Portugal,Female,Quintãs,Jabbercube,14568.68,EUR
Patrick,Watkins,pwatkins9p@telegraph.co.uk,Mexico,Male,San Jose,Izio,33621.39,MXN
Douglas,Mills,dmills9q@miibeian.gov.cn,Philippines,Male,Igang,Browseblab,70211.68,PHP
John,Smith,jsmith9r@issuu.com,Indonesia,Male,Jumpangdua,Quatz,17709.63,IDR
Martha,Fuller,mfuller9s@yellowbook.com,Mexico,Female,Las Palmas,Edgeify,67604.01,MXN
Eric,Collins,ecollins9t@tinypic.com,Macedonia,Male,Чегране,Trilia,69092.20,MKD
Daniel,Young,dyoung9u@tamu.edu,Indonesia,Male,Pakapasan Girang,Fivechat,,IDR
Joan,Roberts,jroberts9v@sphinn.com,Honduras,Female,Agalteca,Twinder,97003.75,HNL
Ruth,Baker,rbaker9w@home.pl,Sweden,Female,Ljusdal,Vipe,,SEK
Philip,Sims,psims9x@digg.com,China,Male,Sishiba,Jatri,80164.94,CNY
Jeffrey,Black,jblack9y@jigsy.com,New Zealand,Male,Otorohanga,Meezzy,57619.13,NZD
Paula,Harper,pharper9z@house.gov,Azerbaijan,Female,Sabirabad,Jabbersphere,92895.23,AZN
Diane,Gordon,dgordona0@ucla.edu,Uzbekistan,Female,Bulung’ur,Quire,33942.04,UZS
Jesse,Ortiz,jortiza1@berkeley.edu,Armenia,Male,Artsvanist,Meembee,23540.39,AMD
Joshua,Boyd,jboyda2@edublogs.org,Philippines,Male,Santisimo Rosario,Topiczoom,18706.71,PHP
Lawrence,Washington,lwashingtona3@kickstarter.com,United States,Male,Kansas City,Yamia,82049.62,USD
Nicole,Hill,nhilla4@last.fm,Argentina,Female,Loreto,Linkbridge,73828.56,ARS
Cynthia,Moore,cmoorea5@arizona.edu,Japan,Female,Shin’ichi,Jamia,56285.04,JPY
Susan,Harris,sharrisa6@usnews.com,Poland,Female,Sędziejowice,Youtags,58851.51,PLN
Andrew,Mendoza,amendozaa7@joomla.org,Chile,Male,Villa Alemana,Jayo,,CLP
Robert,Peters,rpetersa8@ucla.edu,China,Male,Tanghu,Zoonder,19859.69,CNY
Joseph,Montgomery,jmontgomerya9@blog.com,Russia,Male,Uritsk,Gabtype,22981.63,RUB
Karen,Reyes,kreyesaa@dion.ne.jp,Mexico,Female,San Antonio,Zoombox,21547.45,MXN
Donna,Mitchell,dmitchellab@wunderground.com,Kazakhstan,Female,Saryözek,Twimm,24264.74,KZT
Paul,Torres,ptorresac@newyorker.com,Uzbekistan,Male,Charxin,Twiyo,41964.99,UZS
Rachel,Bailey,rbaileyad@altervista.org,China,Female,Leicheng,Pixope,73698.63,CNY
Christine,Price,cpriceae@dailymail.co.uk,Cameroon,Female,Ébolowa,Dabvine,37521.85,XAF
Linda,Carroll,lcarrollaf@cloudflare.com,Norway,Female,Ålesund,Teklist,22720.93,NOK
Arthur,Gonzales,agonzalesag@umn.edu,Philippines,Male,Panique,Brainsphere,73458.19,PHP
Denise,Day,ddayah@umich.edu,Nigeria,Female,Jimeta,Gigaclub,52418.56,NGN
Matthew,Gutierrez,mgutierrezai@blogspot.com,China,Male,Tanshan,Lajo,59438.29,CNY
Jeffrey,Ward,jwardaj@rambler.ru,China,Male,Zuoxi,Agimba,41263.56,CNY
Kimberly,Peters,kpetersak@home.pl,Czech Republic,Female,Holýšov,Voomm,55046.06,CZK
Joyce,Boyd,jboydal@theguardian.com,China,Female,Longbei,Yotz,46676.51,CNY
Lawrence,Wilson,lwilsonam@xinhuanet.com,Peru,Male,Motupe,Oodoo,63390.88,PEN
Cheryl,Howard,chowardan@npr.org,China,Female,Guogan,Mita,8891.13,CNY
Brian,Bishop,bbishopao@kickstarter.com,Philippines,Male,Tambong,Npath,70850.30,PHP
Amanda,Fisher,afisherap@ovh.net,Russia,Female,Kalashnikovo,Flashspan,23681.50,RUB
Catherine,Nichols,cnicholsaq@psu.edu,Iran,Female,Kaleybar,Janyx,34980.09,IRR
Linda,King,lkingar@tripadvisor.com,Philippines,Female,Tigbaw,Riffpedia,6234.89,PHP
Bonnie,Smith,bsmithas@uiuc.edu,Japan,Female,Kaizuka,Devify,79862.20,JPY
Rose,Willis,rwillisat@canalblog.com,Poland,Female,Boronów,Devcast,95484.48,PLN
Jack,Kelley,jkelleyau@tamu.edu,China,Male,Zhongshan,Tambee,3645.17,CNY
Emily,Anderson,eandersonav@webs.com,China,Female,Yuhang,Shufflebeat,47623.79,CNY
Julie,Sims,jsimsaw@networksolutions.com,China,Female,Dongshi,Plambee,36402.17,CNY
Carlos,Price,cpriceax@booking.com,Ukraine,Male,Krasni Okny,Linktype,78067.79,UAH
Cheryl,Payne,cpayneay@huffingtonpost.com,Indonesia,Female,Leles,Midel,56632.34,IDR
Brenda,Fernandez,bfernandezaz@e-recht24.de,Russia,Female,Privolzhsk,Aimbo,83099.50,RUB
Roy,Watkins,rwatkinsb0@ovh.net,Poland,Male,Nidek,Realcube,79756.39,PLN
Benjamin,Smith,bsmithb1@washington.edu,China,Male,Zaojiacheng,Voolith,24222.05,CNY
Samuel,Woods,swoodsb2@un.org,Nigeria,Male,Yuli,Yacero,31133.88,NGN
Gary,Marshall,gmarshallb3@usatoday.com,United States,Male,Denver,Twiyo,8492.44,USD
Alice,Mills,amillsb4@seesaa.net,Poland,Female,Strachówka,Divavu,80153.26,PLN
Louise,Castillo,lcastillob5@merriam-webster.com,Argentina,Female,General Enrique Mosconi,Aivee,98846.62,ARS
Edward,Hanson,ehansonb6@wiley.com,Ukraine,Male,Kodyma,Kare,27683.47,UAH
Theresa,Sanchez,tsanchezb7@miibeian.gov.cn,Ukraine,Female,Pochayiv,Blogpad,,UAH
David,West,dwestb8@usa.gov,Japan,Male,Yokotemachi,Skajo,73558.39,JPY
Jesse,Morgan,jmorganb9@elegantthemes.com,Guinea,Male,Faranah,Nlounge,92983.37,GNF
Roger,Harvey,rharveyba@ezinearticles.com,Russia,Male,Il’skiy,Jazzy,98709.73,RUB
Elizabeth,Fields,efieldsbb@cdbaby.com,Bosnia and Herzegovina,Female,Šipovo,Jabbercube,45484.96,BAM
Joan,Wilson,jwilsonbc@jugem.jp,Indonesia,Female,Krajan,Wordpedia,6751.83,IDR
Arthur,Chapman,achapmanbd@mapy.cz,China,Male,Guangshun,Youbridge,,CNY
Julia,Mills,jmillsbe@archive.org,Philippines,Female,Antipolo,Eare,90984.49,PHP
Victor,Chavez,vchavezbf@ucla.edu,Sint Maarten,Male,Philipsburg,Lajo,41561.60,ANG
Jennifer,Duncan,jduncanbg@mayoclinic.com,Bangladesh,Female,Sylhet,Devbug,16916.14,BDT
Ashley,Spencer,aspencerbh@networkadvertising.org,Indonesia,Female,Lasusua,Aibox,72658.43,IDR
Julia,Morgan,jmorganbi@webeden.co.uk,Poland,Female,Sieniawa Żarska,Youfeed,588.39,PLN
Kimberly,Ruiz,kruizbj@digg.com,Honduras,Female,El Marañón,Fivespan,97263.06,HNL
Adam,Ruiz,aruizbk@webnode.com,China,Male,Hongdu,Centimia,52934.55,CNY
Russell,Roberts,rrobertsbl@gov.uk,China,Male,Doushaguan,Realpoint,97635.70,CNY
Ruby,Mcdonald,rmcdonaldbm@about.me,Venezuela,Female,Las Tejerías,Fadeo,80086.33,VEF
Rebecca,Hamilton,rhamiltonbn@google.nl,Kazakhstan,Female,Kyzylzhar,Eire,13241.32,KZT
Andrea,Hudson,ahudsonbo@state.tx.us,China,Female,Mingyu,Zoomcast,19672.82,CNY
Ruth,Robertson,rrobertsonbp@bravesites.com,Mauritius,Female,Saint Pierre,Photobug,,MUR
Carol,Ross,crossbq@comcast.net,Haiti,Female,Dondon,Twitterbridge,6220.51,HTG
Michelle,Long,mlongbr@angelfire.com,China,Female,Boji,Edgeclub,95968.92,CNY
Katherine,Warren,kwarrenbs@imdb.com,Ukraine,Female,Kodyma,Centidel,16966.17,UAH
Donna,Hill,dhillbt@deviantart.com,China,Female,Luoxiong,Lazzy,9603.22,CNY
Sharon,Morris,smorrisbu@twitter.com,United States,Female,Washington,Mynte,67120.58,USD
Philip,Burke,pburkebv@java.com,Brazil,Male,Vitória do Mearim,Camimbo,42234.06,BRL
Jason,Evans,jevansbw@live.com,Indonesia,Male,Winangun,Flipopia,75468.74,IDR
George,Richardson,grichardsonbx@nbcnews.com,South Sudan,Male,Malakal,Tambee,26891.77,SSP
Johnny,Ramirez,jramirezby@statcounter.com,Philippines,Male,Takub,Rooxo,63364.89,PHP
Jesse,Rice,jricebz@mozilla.com,Botswana,Male,Mogapi,Vinte,47567.82,BWP
Cheryl,Edwards,cedwardsc0@theglobeandmail.com,China,Female,Dayuan,Riffpath,3838.25,CNY
Ernest,Moreno,emorenoc1@so-net.ne.jp,Ecuador,Male,Santa Elena,Oba,81534.70,USD
Beverly,Schmidt,bschmidtc2@a8.net,Ukraine,Female,Rodatychi,Blognation,33478.87,UAH
Sandra,Perkins,sperkinsc3@fotki.com,Indonesia,Female,Jami,Rooxo,93974.44,IDR
Jean,Ortiz,jortizc4@usa.gov,Brazil,Female,São Pedro da Aldeia,Trilia,2166.09,BRL
Stephen,Greene,sgreenec5@moonfruit.com,Greece,Male,Loutrá,Skilith,37006.00,EUR
Theresa,Frazier,tfrazierc6@imageshack.us,China,Female,Haiyan,Twinte,,CNY
Linda,Murphy,lmurphyc7@netvibes.com,Indonesia,Female,Kedungharjo,Skinix,49165.20,IDR
Willie,Rose,wrosec8@cnbc.com,Nicaragua,Male,Nuevo Amanecer,Realbridge,36159.55,NIO
Evelyn,Bennett,ebennettc9@ucla.edu,Indonesia,Female,Banjar Tiga,Blognation,66111.68,IDR
Kimberly,Ford,kfordca@narod.ru,Cameroon,Female,Foumban,Meezzy,52839.66,XAF
Karen,Grant,kgrantcb@github.com,Japan,Female,Tamamura,Tagcat,29416.07,JPY
Adam,Vasquez,avasquezcc@kickstarter.com,Russia,Male,Kostomuksha,Twinder,36404.11,RUB
Carolyn,Perry,cperrycd@feedburner.com,Ivory Coast,Female,Akoupé,Centizu,27610.09,XOF
Willie,Watson,wwatsonce@mozilla.org,France,Male,Vitry-sur-Seine,Browsedrive,28691.04,EUR
Louis,Morales,lmoralescf@weather.com,Cuba,Male,Habana del Este,Meedoo,13433.55,CUP
Earl,Henderson,ehendersoncg@biblegateway.com,Kenya,Male,Keruguya,Blogtags,,KES
Rebecca,Ford,rfordch@sohu.com,Czech Republic,Female,Hostivice,Agivu,76996.40,CZK
Stephanie,Fowler,sfowlerci@icio.us,China,Female,Haduohe,Linkbridge,14130.92,CNY
Patricia,Powell,ppowellcj@oracle.com,Ukraine,Female,Sheshory,Voomm,33633.82,UAH
Rachel,Price,rpriceck@xrea.com,China,Female,Mengdadazhuang,Babbleset,84172.48,CNY
Carlos,Chapman,cchapmancl@slate.com,Poland,Male,Olsztyn,Mita,90037.41,PLN
Todd,Murray,tmurraycm@nasa.gov,Philippines,Male,La Libertad,Plajo,18462.28,PHP
Paula,Stewart,pstewartcn@discovery.com,United States,Female,Los Angeles,Realcube,24379.75,USD
Kathryn,Berry,kberryco@nih.gov,Palestinian Territory,Female,Al ‘Ayzarīyah,Kayveo,53556.35,ILS
Catherine,Myers,cmyerscp@jigsy.com,Estonia,Female,Laagri,Oba,29500.11,EUR
Lillian,Riley,lrileycq@go.com,Indonesia,Female,Campor,Gabcube,51287.51,IDR
Jason,Frazier,jfraziercr@yahoo.com,Philippines,Male,Becerril,Izio,74653.70,PHP
Kimberly,Romero,kromerocs@cloudflare.com,Greece,Female,Néa Mákri,Linktype,92676.96,EUR
Jeffrey,Williams,jwilliamsct@google.com.hk,Ireland,Male,Daingean,Zoombeat,68034.39,EUR
Wayne,Phillips,wphillipscu@time.com,Mauritius,Male,Notre Dame,Oloo,,MUR
Jesse,Duncan,jduncancv@icio.us,Czech Republic,Male,Teplice,Ntag,35511.96,CZK
Steve,Hansen,shansencw@arstechnica.com,Afghanistan,Male,Pachīr wa Āgām,Mydeo,48176.60,AFN
Lois,Foster,lfostercx@redcross.org,Philippines,Female,Quibal,Zoozzy,70479.15,PHP
Diane,Montgomery,dmontgomerycy@hostgator.com,Russia,Female,Bogoroditsk,Livefish,54362.65,RUB
Dorothy,Torres,dtorrescz@amazon.de,Indonesia,Female,Sidomulyo,Buzzdog,35273.15,IDR
Paula,Thomas,pthomasd0@yellowpages.com,Myanmar,Female,Taunggyi,Zoombeat,58293.44,MMK
Raymond,Wood,rwoodd1@google.es,Azerbaijan,Male,Ujar,Eazzy,64766.42,AZN
Jacqueline,Thomas,jthomasd2@google.ru,Portugal,Female,Baganha,Tazz,93247.86,EUR
Ashley,Griffin,agriffind3@uol.com.br,Peru,Female,Huacaschuque,Vidoo,96972.64,PEN
Thomas,Snyder,tsnyderd4@simplemachines.org,Poland,Male,Lipsko,Mynte,47974.69,PLN
Teresa,Owens,towensd5@elpais.com,Mexico,Female,Emiliano Zapata,Muxo,9237.47,MXN
Julia,Carr,jcarrd6@livejournal.com,Philippines,Female,Sangali,Twitterbeat,86370.22,PHP
Jeffrey,Graham,jgrahamd7@g.co,France,Male,Ussel,Dabshots,31893.69,EUR
Jimmy,Howard,jhowardd8@yale.edu,Vietnam,Male,Quận Phú Nhuận,Browsedrive,40501.17,VND
Julie,Gibson,jgibsond9@ihg.com,Philippines,Female,Santa Fe,Centidel,32441.47,PHP
Kelly,Alexander,kalexanderda@miibeian.gov.cn,China,Female,Hongshan,Wikizz,17523.28,CNY
Margaret,Crawford,mcrawforddb@smugmug.com,Nigeria,Female,Agbor,Mynte,74534.57,NGN
Joseph,Watkins,jwatkinsdc@4shared.com,Argentina,Male,Villa del Rosario,Digitube,,ARS
Jacqueline,Lewis,jlewisdd@google.ru,Poland,Female,Lipsko,Skimia,90049.65,PLN
Joseph,Coleman,jcolemande@wikimedia.org,China,Male,Jinji,Gigaclub,93609.39,CNY
Steve,Mccoy,smccoydf@studiopress.com,Japan,Male,Hiratsuka,Twimm,68662.10,JPY
Mildred,Simpson,msimpsondg@google.fr,China,Female,Baizhang,Riffwire,65454.20,CNY
Rebecca,Griffin,rgriffindh@un.org,Indonesia,Female,Pancoran,Browsebug,9631.99,IDR
Jeremy,Stanley,jstanleydi@cafepress.com,Philippines,Male,Daet,Meetz,52111.60,PHP
Tina,Sullivan,tsullivandj@ibm.com,China,Female,Duru,Rhyzio,47954.42,CNY
Susan,Thompson,sthompsondk@mashable.com,Czech Republic,Female,Ratíškovice,Photobug,34643.11,CZK
Carlos,Bryant,cbryantdl@census.gov,Czech Republic,Male,Horní Bečva,Chatterpoint,57044.61,CZK
Matthew,Howell,mhowelldm@geocities.jp,Canada,Male,Nackawic,Skinder,65869.56,CAD
Sean,Anderson,sandersondn@harvard.edu,China,Male,Yangdang,Mydeo,87638.24,CNY
Diana,Hughes,dhughesdo@latimes.com,Czech Republic,Female,Strančice,Thoughtworks,55335.63,CZK
Harold,Griffin,hgriffindp@ovh.net,China,Male,Chuanpu,Brightdog,90817.32,CNY
Martha,Kim,mkimdq@meetup.com,Guinea-Bissau,Female,Mansôa,Brightbean,4134.96,XOF
Shirley,Mitchell,smitchelldr@dell.com,Indonesia,Female,Taramana,Blogtag,24900.61,IDR
Janice,Payne,jpayneds@cbslocal.com,Malaysia,Female,Seremban,Katz,6151.53,MYR
Julie,Hamilton,jhamiltondt@delicious.com,China,Female,Nanshan,Reallinks,94635.29,CNY
Jessica,Washington,jwashingtondu@apple.com,Ukraine,Female,Kobelyaky,Dabtype,70052.86,UAH
Jacqueline,Richardson,jrichardsondv@bloglines.com,United States,Female,Greensboro,Aimbo,21129.94,USD
Lori,Hunter,lhunterdw@mapy.cz,Indonesia,Female,Puutura,Ailane,30504.94,IDR
Billy,Watson,bwatsondx@newsvine.com,Greece,Male,Gouménissa,Twitterlist,82267.15,EUR
Annie,Russell,arusselldy@businessinsider.com,Sweden,Female,Järna,Avavee,4678.17,SEK
Roy,Greene,rgreenedz@answers.com,Indonesia,Male,Pandaan,Yata,,IDR
Jeremy,Campbell,jcampbelle0@fda.gov,Indonesia,Male,Krajan Rowokangkung,Mydo,83838.21,IDR
Cynthia,Lawrence,clawrencee1@wikispaces.com,Russia,Female,Privolzhskiy,Zoonoodle,23891.73,RUB
Jesse,Stevens,jstevense2@jiathis.com,Greece,Male,Próti,Skaboo,93752.00,EUR
Jennifer,Jacobs,jjacobse3@xrea.com,Jordan,Female,Mādabā,Yadel,7259.50,JOD
David,Mitchell,dmitchelle4@imgur.com,Finland,Male,Lappi,Edgewire,15039.34,EUR
Laura,Murray,lmurraye5@slashdot.org,Greece,Female,Oinófyta,Brainbox,14898.37,EUR
Deborah,Willis,dwillise6@cargocollective.com,Peru,Female,Pomacocha,Twiyo,92657.90,PEN
Annie,Hanson,ahansone7@gizmodo.com,Poland,Female,Nowe Brzesko,Riffwire,8136.74,PLN
Rachel,Green,rgreene8@1688.com,China,Female,Baiqi,Meedoo,45895.85,CNY
Earl,Peterson,epetersone9@naver.com,China,Male,Dawu,Edgewire,75271.51,CNY
Sharon,Martinez,smartinezea@pcworld.com,France,Female,Marseille,Quinu,5156.85,EUR
Joe,Murphy,jmurphyeb@nbcnews.com,France,Male,Paris 15,Kamba,,EUR
Denise,Green,dgreenec@sogou.com,Ukraine,Female,Nemyriv,Zazio,19806.53,UAH
Billy,Wright,bwrighted@ustream.tv,Brazil,Male,Rio Formoso,Mymm,10382.81,BRL
Samuel,Bradley,sbradleyee@ox.ac.uk,Macedonia,Male,Sekirnik,Devpulse,39727.43,MKD
Diane,Sullivan,dsullivanef@xing.com,China,Female,Jinji,Skipfire,13053.05,CNY
Phillip,Alvarez,palvarezeg@a8.net,Netherlands,Male,Delft,Mycat,,EUR
Mary,Gilbert,mgilberteh@naver.com,Czech Republic,Female,Klášterec nad Ohří,Voonix,9218.07,CZK
Russell,Rivera,rriveraei@mozilla.com,Russia,Male,Chekmagush,Kazio,33292.38,RUB
Dennis,Riley,drileyej@lycos.com,Indonesia,Male,Cikuda,Voomm,89414.00,IDR
Craig,Collins,ccollinsek@google.cn,China,Male,Shuyuan,Kayveo,42823.95,CNY
Joshua,Reyes,jreyesel@springer.com,China,Male,Jiujie,Jabbercube,54971.74,CNY
Jerry,Payne,jpayneem@youku.com,Bulgaria,Male,Chernomorets,Photojam,33224.52,BGN
Sean,Harrison,sharrisonen@soup.io,Sweden,Male,Linköping,Browseblab,,SEK
Patricia,Garza,pgarzaeo@spiegel.de,Indonesia,Female,Tegalheras,Skimia,92194.66,IDR
Steve,Hill,shillep@pinterest.com,Philippines,Male,Talavera,Brainbox,97495.76,PHP
Chris,Bishop,cbishopeq@miibeian.gov.cn,Colombia,Male,Sabanalarga,Thoughtmix,64494.81,COP
Amanda,Montgomery,amontgomeryer@bravesites.com,Cuba,Female,Ranchuelo,Rhynoodle,40213.17,CUP
Scott,Roberts,srobertses@lycos.com,China,Male,Wulan Haye,Rhycero,31872.96,CNY
Kenneth,Nichols,knicholset@prweb.com,Bolivia,Male,Quime,Skyba,54231.23,BOB
Diane,Carroll,dcarrolleu@histats.com,Russia,Female,Tyumen,Devshare,,RUB
Heather,Morgan,hmorganev@pagesperso-orange.fr,Poland,Female,Zalewo,Kazu,55382.81,PLN
Laura,Marshall,lmarshallew@apache.org,Argentina,Female,Zapala,InnoZ,42223.43,ARS
Philip,Ramos,pramosex@mapquest.com,Nigeria,Male,Dapchi,Brightdog,86756.56,NGN
Paula,Black,pblackey@paypal.com,Portugal,Female,Rego de Água,Devshare,53474.45,EUR
Rose,Walker,rwalkerez@netvibes.com,Czech Republic,Female,Pardubice,Realblab,34099.21,CZK
Ruby,Rivera,rriveraf0@stumbleupon.com,Indonesia,Female,Wairiang,Oyondu,99697.51,IDR
Shawn,Franklin,sfranklinf1@instagram.com,China,Male,Xiaoweizhai,Oyondu,99599.56,CNY
Kelly,Carpenter,kcarpenterf2@vinaora.com,Peru,Female,Angasmarca,Realmix,54829.48,PEN
Edward,Scott,escottf3@altervista.org,Togo,Male,Dapaong,Photofeed,17799.45,XOF
Deborah,Hamilton,dhamiltonf4@cdc.gov,Malaysia,Female,Shah Alam,Skiba,5523.16,MYR
Sean,Gonzales,sgonzalesf5@uiuc.edu,Czech Republic,Male,Vnorovy,Linktype,60874.01,CZK
Cynthia,Willis,cwillisf6@xinhuanet.com,Albania,Female,Luftinjë,Trudoo,21440.45,ALL
Donna,Hansen,dhansenf7@psu.edu,Philippines,Female,Ajuy,Omba,89287.10,PHP
Antonio,Collins,acollinsf8@newyorker.com,Venezuela,Male,San Fernando de Atabapo,Eabox,6866.91,VEF
Angela,Young,ayoungf9@dmoz.org,China,Female,Zhendong,Quimba,29941.89,CNY
Helen,Ryan,hryanfa@cdbaby.com,Brazil,Female,São Caetano do Sul,Jaxspan,52799.49,BRL
Clarence,Mason,cmasonfb@pagesperso-orange.fr,Indonesia,Male,Koncang,Thoughtstorm,98511.49,IDR
Bruce,Stewart,bstewartfc@si.edu,Japan,Male,Kanazawa-shi,Realcube,98368.48,JPY
Ashley,Kelley,akelleyfd@eepurl.com,Kazakhstan,Female,Koktal,Dabtype,83107.79,KZT
Marilyn,King,mkingfe@mysql.com,Indonesia,Female,Nabire,Tekfly,,IDR
Michael,Harrison,mharrisonff@utexas.edu,Guatemala,Male,Santa María de Jesús,Feednation,24935.65,GTQ
Jimmy,Cook,jcookfg@newyorker.com,Indonesia,Male,Daja Lorong,Vidoo,91529.31,IDR
Ann,Stewart,astewartfh@zimbio.com,Cuba,Female,Abreus,Yombu,50264.29,CUP
Elizabeth,Hall,ehallfi@cnet.com,Montenegro,Female,Ulcinj,Livetube,55655.95,EUR
Janice,Henderson,jhendersonfj@shinystat.com,China,Female,Gensi,Flashset,51284.04,CNY
Joe,Woods,jwoodsfk@netvibes.com,China,Male,Haikoudajie,Topiczoom,3757.00,CNY
Teresa,Torres,ttorresfl@smugmug.com,Belarus,Female,Klyetsk,Demizz,96720.42,BYR
Mary,Wood,mwoodfm@cocolog-nifty.com,China,Female,Dongcheng,Meembee,33289.80,CNY
Bonnie,Gilbert,bgilbertfn@discuz.net,Slovenia,Female,Zgornje Jezersko,Camimbo,66593.32,EUR
Scott,Green,sgreenfo@acquirethisname.com,Colombia,Male,Puerto Parra,Ailane,40344.91,COP
Angela,Weaver,aweaverfp@latimes.com,Indonesia,Female,Kertosari,Tagopia,31734.53,IDR
Maria,Graham,mgrahamfq@marketwatch.com,Philippines,Female,Casuguran,Rhyloo,66825.60,PHP
Arthur,Nichols,anicholsfr@comcast.net,Indonesia,Male,Tene,Oyoyo,117.84,IDR
Brian,George,bgeorgefs@addthis.com,China,Male,Yuetang,Aibox,,CNY
William,Torres,wtorresft@shinystat.com,China,Male,Wangba,Skimia,,CNY
Richard,Allen,rallenfu@cdbaby.com,Philippines,Male,Panganiban,Devpoint,18063.02,PHP
Heather,Jacobs,hjacobsfv@mit.edu,Gambia,Female,Bakau,Kwimbee,8042.44,GMD
Lisa,Rice,lricefw@webeden.co.uk,United States,Female,West Hartford,Tagpad,26779.48,USD
Peter,Griffin,pgriffinfx@lulu.com,United States,Male,San Francisco,Innotype,5260.43,USD
Margaret,Hicks,mhicksfy@washington.edu,China,Female,Biaokou,Voonyx,59837.95,CNY
Bruce,Bowman,bbowmanfz@reverbnation.com,China,Male,Chengxiang,Fanoodle,62849.83,CNY
Kelly,Hanson,khansong0@nps.gov,France,Female,Épernay,Quinu,81546.36,EUR
Mark,Cox,mcoxg1@myspace.com,Brazil,Male,Vacaria,Leexo,51194.96,BRL
Antonio,Chapman,achapmang2@mozilla.org,France,Male,Clichy,Skyvu,13874.42,EUR
Kelly,Rose,kroseg3@smh.com.au,China,Female,Qionghai,Skalith,29664.98,CNY
Jean,Brooks,jbrooksg4@hp.com,Russia,Female,Vistino,Eire,95865.69,RUB
Linda,Kelley,lkelleyg5@wikia.com,Latvia,Female,Cesvaine,Yakitri,71153.11,EUR
Joan,Morgan,jmorgang6@nsw.gov.au,Azerbaijan,Female,Birinci Aşıqlı,Vidoo,77599.77,AZN
Marie,Lane,mlaneg7@craigslist.org,China,Female,Moba,Livetube,11305.96,CNY
Ruby,Chavez,rchavezg8@wikispaces.com,China,Female,Reshui,Riffpedia,9962.76,CNY
Gregory,Cooper,gcooperg9@pagesperso-orange.fr,Costa Rica,Male,La Fortuna,Thoughtstorm,40497.90,CRC
Jason,Cook,jcookga@bloomberg.com,Nicaragua,Male,Granada,Skippad,71471.47,NIO
Harold,Diaz,hdiazgb@amazon.com,Russia,Male,Nurlat,Browsetype,82571.68,RUB
Jessica,Meyer,jmeyergc@github.com,Greece,Female,Asíni,Rhycero,75443.61,EUR
Johnny,Mcdonald,jmcdonaldgd@macromedia.com,China,Male,Beidong,Feedspan,42701.12,CNY
Jose,Rivera,jriverage@google.cn,Mexico,Male,Bellavista,Voonix,82964.13,MXN
Antonio,Roberts,arobertsgf@lycos.com,Argentina,Male,Mar del Plata,Yata,4807.56,ARS
Sean,Bailey,sbaileygg@nhs.uk,Russia,Male,Boksitogorsk,Zoomlounge,38288.20,RUB
Julia,Spencer,jspencergh@tmall.com,Russia,Female,Polyarnyy,Kare,76050.91,RUB
Eric,Ray,eraygi@bloglovin.com,Bangladesh,Male,Kālia,Meezzy,21362.87,BDT
Linda,Garza,lgarzagj@mac.com,Poland,Female,Kaliska,Kanoodle,93035.51,PLN
Irene,Banks,ibanksgk@mozilla.com,North Korea,Female,Kujang-ŭp,Npath,3674.59,KPW
Janet,Bennett,jbennettgl@statcounter.com,China,Female,Suicheng,Zoomlounge,72305.27,CNY
Jose,Alvarez,jalvarezgm@berkeley.edu,Czech Republic,Male,Milín,Youopia,85762.08,CZK
Anna,Kennedy,akennedygn@g.co,Indonesia,Female,Bojonggenteng,Realcube,14825.18,IDR
Amy,Thompson,athompsongo@hibu.com,Mauritius,Female,Olivia,Chatterbridge,93434.47,MUR
Jeffrey,Porter,jportergp@psu.edu,Egypt,Male,Akhmīm,Thoughtstorm,18595.50,EGP
Antonio,Johnston,ajohnstongq@joomla.org,Sri Lanka,Male,Trincomalee,Livepath,90223.93,LKR
Martin,Mitchell,mmitchellgr@gnu.org,Brazil,Male,Nova Petrópolis,Gabtype,12051.83,BRL
Pamela,Stephens,pstephensgs@php.net,Czech Republic,Female,Dolní Černilov,Dabshots,66784.27,CZK
Robin,Reynolds,rreynoldsgt@wikia.com,South Africa,Female,Ganyesa,Skimia,,ZAR
Judy,Williamson,jwilliamsongu@epa.gov,Netherlands,Female,Zwolle,Thoughtmix,8439.83,EUR
Judy,Gilbert,jgilbertgv@google.fr,Thailand,Female,Sadao,Muxo,56103.00,THB
Judith,Reynolds,jreynoldsgw@ftc.gov,Colombia,Female,Zarzal,Eimbee,23754.80,COP
Michael,Elliott,melliottgx@mayoclinic.com,Sweden,Male,Hörby,Edgeblab,24670.42,SEK
Sharon,Fields,sfieldsgy@vimeo.com,China,Female,Baliang,Yoveo,77563.79,CNY
Todd,Sanders,tsandersgz@unblog.fr,Indonesia,Male,Guradog,Photolist,,IDR
Tina,Lopez,tlopezh0@cbc.ca,Russia,Female,Ozerki,Skiptube,40295.82,RUB
Ryan,George,rgeorgeh1@diigo.com,Poland,Male,Kazimierz Dolny,Quire,45179.96,PLN
Wanda,Hill,whillh2@squarespace.com,Republic of the Congo,Female,Loandjili,Tavu,28504.49,XAF
Roger,Kennedy,rkennedyh3@smugmug.com,Armenia,Male,Myasnikyan,Tanoodle,84240.57,AMD
Dorothy,Mccoy,dmccoyh4@cisco.com,China,Female,Shimen,Rhynyx,89642.45,CNY
Kathleen,Harrison,kharrisonh5@cargocollective.com,Brazil,Female,São João de Meriti,Trudoo,43007.29,BRL
Russell,Hill,rhillh6@sourceforge.net,China,Male,Yilkiqi,Tavu,50914.99,CNY
Bobby,Spencer,bspencerh7@forbes.com,Poland,Male,Rybczewice,Tagcat,49814.87,PLN
Raymond,Larson,rlarsonh8@zimbio.com,Brazil,Male,João Pessoa,Wikido,53315.32,BRL
Patricia,Diaz,pdiazh9@nps.gov,Russia,Female,Bronnitsy,Oozz,21778.28,RUB
Sarah,Garrett,sgarrettha@a8.net,Brazil,Female,Cachoeiro de Itapemirim,Tagchat,54313.23,BRL
Jack,Romero,jromerohb@dyndns.org,Russia,Male,Novogireyevo,Mycat,51154.69,RUB
Nicholas,Sullivan,nsullivanhc@sourceforge.net,Oman,Male,Yanqul,Yacero,,OMR
Amy,Lawrence,alawrencehd@usnews.com,Sweden,Female,Stockholm,Voomm,31433.25,SEK
Sharon,Allen,sallenhe@live.com,Mexico,Female,Magisterial,Quamba,,MXN
Arthur,Ford,afordhf@umich.edu,China,Male,Henglin,Jetwire,44096.79,CNY
Eugene,Bryant,ebryanthg@princeton.edu,Japan,Male,Chigasaki,Realbuzz,91880.51,JPY
Martin,Rice,mricehh@skype.com,Poland,Male,Leńcze,Tambee,76130.54,PLN
Phyllis,Morris,pmorrishi@harvard.edu,Mongolia,Female,Bayanhongor,Dabshots,75400.13,MNT
Robin,Little,rlittlehj@quantcast.com,Tanzania,Female,Makumbako,Jabbertype,54638.03,TZS
Jack,Payne,jpaynehk@google.it,Costa Rica,Male,Purral,Oyope,,CRC
Ronald,Moreno,rmorenohl@printfriendly.com,Czech Republic,Male,Tovačov,Wikido,59017.17,CZK
Ashley,Rodriguez,arodriguezhm@yale.edu,Czech Republic,Female,Bystřany,Tanoodle,94735.07,CZK
Karen,Ward,kwardhn@kickstarter.com,Indonesia,Female,Dahu,Feedfire,71749.68,IDR
Norma,Bowman,nbowmanho@typepad.com,Japan,Female,Kisai,Tazzy,60536.58,JPY
Christopher,Romero,cromerohp@ustream.tv,Philippines,Male,Dugongan,Blogpad,12818.07,PHP
Richard,Flores,rfloreshq@vk.com,Italy,Male,Firenze,Skinder,68890.00,EUR
Charles,Washington,cwashingtonhr@photobucket.com,Brazil,Male,Biritiba Mirim,Brainverse,86013.61,BRL
Lawrence,Stanley,lstanleyhs@unesco.org,Russia,Male,Mar’ina Roshcha,Kwimbee,94490.09,RUB
Linda,Wagner,lwagnerht@webs.com,Lithuania,Female,Taurage,Gigashots,72899.28,LTL
Lori,Gonzalez,lgonzalezhu@apache.org,China,Female,Hedong,Dablist,47413.16,CNY
Harold,Gomez,hgomezhv@theatlantic.com,Brazil,Male,Mendes,InnoZ,49768.03,BRL
Robin,Wallace,rwallacehw@xinhuanet.com,Bulgaria,Female,Kostinbrod,Dazzlesphere,,BGN
Jerry,Peterson,jpetersonhx@marriott.com,Poland,Male,Bogdaniec,Layo,14485.01,PLN
Victor,Sanchez,vsanchezhy@rambler.ru,Kenya,Male,Ol Kalou,Mydo,84868.07,KES
Willie,Carroll,wcarrollhz@1688.com,Ukraine,Male,Popasna,Zooveo,10871.77,UAH
Bobby,Washington,bwashingtoni0@mac.com,Canada,Male,Lanigan,Photobean,36369.12,CAD
Amanda,Johnson,ajohnsoni1@tumblr.com,Colombia,Female,Jardín,Skiba,37289.46,COP
Jeremy,Williams,jwilliamsi2@dagondesign.com,Indonesia,Male,Emplak,Quatz,52389.13,IDR
Eugene,Reid,ereidi3@woothemes.com,Maldives,Male,Kudahuvadhoo,Flipbug,18094.00,MVR
Shirley,Fuller,sfulleri4@chron.com,China,Female,Aqqan,Zooveo,89621.24,CNY
Daniel,King,dkingi5@skyrock.com,South Korea,Male,Ulsan,Shuffletag,63555.23,KRW
Scott,Armstrong,sarmstrongi6@bloglines.com,Indonesia,Male,Neundeut,Zava,97797.08,IDR
Doris,Sims,dsimsi7@fotki.com,Portugal,Female,Vila Nova de Milfontes,Bubblebox,36729.42,EUR
Sean,Nichols,snicholsi8@shutterfly.com,France,Male,Niort,Layo,18947.13,EUR
Anthony,Hill,ahilli9@telegraph.co.uk,France,Male,Montpellier,Browsetype,83736.21,EUR
Cheryl,Butler,cbutleria@rambler.ru,Indonesia,Female,Aengceleng,Midel,54045.21,IDR
Carol,Gardner,cgardnerib@google.ca,Portugal,Female,Moreira de Geraz do Lima,Oloo,42735.72,EUR
Lisa,Berry,lberryic@t-online.de,China,Female,Dukou,Feedfish,823.41,CNY
Patricia,Freeman,pfreemanid@comsenz.com,New Zealand,Female,Winton,Oyonder,74669.12,NZD
Sara,Willis,swillisie@prweb.com,Faroe Islands,Female,Argir,Thoughtstorm,24849.70,DKK
Sharon,Oliver,soliverif@adobe.com,Indonesia,Female,Lebahseri,Jaxnation,96639.09,IDR
Deborah,Tucker,dtuckerig@is.gd,Sweden,Female,Fagersta,Plajo,,SEK
Randy,Ford,rfordih@squidoo.com,Philippines,Male,Taypano,Zava,91784.51,PHP
Roger,Johnston,rjohnstonii@alexa.com,China,Male,Xianzong,Trilia,36496.87,CNY
Phillip,Frazier,pfrazierij@apple.com,Indonesia,Male,Rentung,Gabtune,27250.37,IDR
Paula,Wilson,pwilsonik@ycombinator.com,United States,Female,Austin,Twitterwire,98276.37,USD
Aaron,Sanchez,asanchezil@sohu.com,Portugal,Male,Astromil,Vitz,66636.03,EUR
Carol,Reid,creidim@amazon.com,Iran,Female,Sarāb,Devpulse,71522.64,IRR
Stephen,King,skingin@mapy.cz,Moldova,Male,Călăraşi,Realbridge,99557.44,MDL
Nicole,Day,ndayio@dion.ne.jp,Argentina,Female,Villa Carlos Paz,Roodel,4547.76,ARS
Christopher,Lane,claneip@webs.com,Thailand,Male,Ban Ratsada,Skiptube,3729.08,THB
Doris,Cole,dcoleiq@g.co,Croatia,Female,Andrijaševci,Pixoboo,32106.50,HRK
Theresa,Lee,tleeir@mayoclinic.com,China,Female,Qiaoxi,Eadel,63352.70,CNY
Angela,Shaw,ashawis@arizona.edu,Japan,Female,Ryōtsu-minato,Dabjam,2483.77,JPY
Frances,Larson,flarsonit@ocn.ne.jp,Dominican Republic,Female,San Francisco de Macorís,Eimbee,95438.95,DOP
Anna,Berry,aberryiu@techcrunch.com,Bolivia,Female,Okinawa Número Uno,Miboo,38707.47,BOB
Ralph,Carter,rcarteriv@yellowpages.com,China,Male,Wutan,Photobug,23157.17,CNY
Phyllis,Fisher,pfisheriw@jigsy.com,China,Female,Lanyi,Eamia,83004.92,CNY
Joyce,Jackson,jjacksonix@ox.ac.uk,Egypt,Female,Suez,Eabox,29074.35,EGP
Paula,Hill,philliy@prnewswire.com,China,Female,Laiyuan,Mydeo,34368.36,CNY
Brenda,Kelley,bkelleyiz@pbs.org,Russia,Female,Svetogorsk,Skynoodle,50160.93,RUB
Terry,Woods,twoodsj0@dedecms.com,Colombia,Male,Córdoba,Roombo,,COP
Johnny,Tucker,jtuckerj1@nasa.gov,North Korea,Male,Hŭkkyo-ri,Talane,,KPW
Jonathan,Banks,jbanksj2@ed.gov,Russia,Male,Dzhalka,Thoughtstorm,53750.24,RUB
Carol,Little,clittlej3@edublogs.org,Vietnam,Female,Chư Prông,Fadeo,94870.77,VND
Anthony,Brooks,abrooksj4@google.nl,Indonesia,Male,Siso,Mita,71032.01,IDR
Jimmy,Scott,jscottj5@artisteer.com,Greece,Male,Náfplio,Eabox,,EUR
Helen,Miller,hmillerj6@unblog.fr,Nigeria,Female,Rijau,Nlounge,51834.70,NGN
Philip,Peterson,ppetersonj7@pagesperso-orange.fr,Peru,Male,Putina,Wikido,34517.83,PEN
Victor,Grant,vgrantj8@time.com,Costa Rica,Male,Ciudad Cortés,Aimbo,9959.31,CRC
Phyllis,Romero,promeroj9@friendfeed.com,Poland,Female,Kawęczyn,Voonder,92759.58,PLN
Ernest,Romero,eromeroja@sbwire.com,Russia,Male,Novki,Avaveo,87166.53,RUB
Nicole,Fisher,nfisherjb@flavors.me,Haiti,Female,Belle-Anse,Quaxo,8288.36,HTG
Katherine,Carroll,kcarrolljc@tripadvisor.com,Argentina,Female,El Carril,Rhycero,61448.17,ARS
Kathryn,Turner,kturnerjd@biblegateway.com,Iraq,Female,Ar Rumaythah,Midel,6966.01,IQD
Jacqueline,Carroll,jcarrollje@rambler.ru,Philippines,Female,Mailag,Ozu,,PHP
Melissa,Schmidt,mschmidtjf@illinois.edu,Indonesia,Female,Tangkilsari,Abata,23991.84,IDR
Jesse,Peters,jpetersjg@un.org,Japan,Male,Muramatsu,Gabtype,92036.83,JPY
Tammy,Stewart,tstewartjh@360.cn,United States,Female,Baton Rouge,Quamba,57646.30,USD
Willie,Welch,wwelchji@tinyurl.com,Ethiopia,Male,Addiet Canna,Kamba,24843.77,ETB
Clarence,Riley,crileyjj@walmart.com,Thailand,Male,Khon Buri,Photospace,81424.38,THB
Joseph,Weaver,jweaverjk@nature.com,Indonesia,Male,Sukarame,Camimbo,30074.51,IDR
Phillip,Alvarez,palvarezjl@digg.com,Brazil,Male,Veranópolis,Eabox,88920.13,BRL
Diana,Hicks,dhicksjm@xinhuanet.com,Serbia,Female,Aradac,Meeveo,59311.00,RSD
Lisa,Russell,lrusselljn@reddit.com,Russia,Female,Myshkin,Dazzlesphere,88790.00,RUB
Ryan,Gonzales,rgonzalesjo@omniture.com,China,Male,Wantan,Wikibox,89668.50,CNY
Kevin,Ross,krossjp@blogtalkradio.com,China,Male,Wufeng,Riffpedia,97540.32,CNY
Kathy,Stewart,kstewartjq@unblog.fr,Indonesia,Female,Kaliterus,Blogspan,68713.59,IDR
Dorothy,Cooper,dcooperjr@plala.or.jp,China,Female,Lizhai,Gevee,8815.90,CNY
Jerry,Garrett,jgarrettjs@dailymotion.com,Taiwan,Male,Yilan,Photobean,56678.97,TWD
Clarence,Matthews,cmatthewsjt@fc2.com,Ukraine,Male,Netishyn,Quinu,,UAH
Walter,Moreno,wmorenoju@dell.com,Syria,Male,Tasīl,Oloo,78729.14,SYP
Jonathan,Riley,jrileyjv@amazon.com,Egypt,Male,Madīnat Sittah Uktūbar,Tavu,82364.46,EGP
Jason,Gutierrez,jgutierrezjw@statcounter.com,Pakistan,Male,Kohāt,Topicware,4349.52,PKR
Carol,Arnold,carnoldjx@slashdot.org,Russia,Female,Opechenskiy Posad,Tagpad,75299.15,RUB
Ronald,Vasquez,rvasquezjy@huffingtonpost.com,Philippines,Male,Lunec,Browseblab,88623.40,PHP
Katherine,Flores,kfloresjz@foxnews.com,Ukraine,Female,Rudky,Twinder,63358.98,UAH
Kathy,Lopez,klopezk0@a8.net,Macedonia,Female,Otlja,Zava,95699.59,MKD
Carlos,Green,cgreenk1@sourceforge.net,Ireland,Male,Dungarvan,Oyope,1235.65,EUR
Matthew,Frazier,mfrazierk2@fc2.com,Costa Rica,Male,Ángeles,Skinder,34110.44,CRC
James,Reynolds,jreynoldsk3@blogtalkradio.com,Germany,Male,Berlin,Muxo,5951.51,EUR
Roger,Gonzales,rgonzalesk4@prnewswire.com,Honduras,Male,El Corpus,Jayo,63157.21,HNL
Phyllis,Tucker,ptuckerk5@google.de,Sweden,Female,Norberg,Browsetype,64872.55,SEK
Henry,Coleman,hcolemank6@blogtalkradio.com,Indonesia,Male,Cibunut,Cogibox,56111.62,IDR
Rose,Wilson,rwilsonk7@weather.com,Argentina,Female,Camilo Aldao,Wikizz,42098.79,ARS
Frances,Stone,fstonek8@stanford.edu,China,Female,Gaide,Yodo,82336.80,CNY
Patricia,Alvarez,palvarezk9@posterous.com,Ireland,Female,Gort,Babbleset,91239.07,EUR
Ernest,Woods,ewoodska@posterous.com,China,Male,Xuexi,Zooveo,12802.35,CNY
Jose,Johnson,jjohnsonkb@time.com,Canada,Male,North Bay,Eazzy,86345.37,CAD
Barbara,Patterson,bpattersonkc@mail.ru,Mexico,Female,Francisco Villa,Photofeed,22604.01,MXN
Ann,Mendoza,amendozakd@fda.gov,Canada,Female,Burgeo,Zooveo,83739.47,CAD
Judith,Cunningham,jcunninghamke@examiner.com,China,Female,Shuitian,Jaxnation,13572.02,CNY
Roy,Gonzales,rgonzaleskf@examiner.com,Philippines,Male,Tagbina,Devify,66199.33,PHP
Joan,Spencer,jspencerkg@seesaa.net,Poland,Female,Wapno,Ntags,89286.61,PLN
Joshua,Perry,jperrykh@senate.gov,Albania,Male,Fushë-Muhurr,Browseblab,82953.77,ALL
Jane,Wagner,jwagnerki@engadget.com,Indonesia,Female,Mrongi Daja,Zoovu,55288.50,IDR
Shirley,Reed,sreedkj@sogou.com,Chile,Female,Puerto Aisén,Tagfeed,8967.77,CLP
Denise,Morales,dmoraleskk@deviantart.com,Philippines,Female,Malilipot,Jaloo,26498.85,PHP
Aaron,Dixon,adixonkl@ustream.tv,Sweden,Male,Heby,Tagpad,,SEK
George,Thomas,gthomaskm@japanpost.jp,Japan,Male,Hirosaki,Wordtune,20059.25,JPY
Annie,White,awhitekn@quantcast.com,Peru,Female,Marco,Kanoodle,47648.45,PEN
Lawrence,Lynch,llynchko@ifeng.com,United States,Male,Cincinnati,Rhybox,6024.08,USD
Joseph,Henderson,jhendersonkp@columbia.edu,Paraguay,Male,Cerrito,Buzzshare,65525.33,PYG
Joshua,Henry,jhenrykq@nature.com,Morocco,Male,Nouaseur,Browsetype,71243.48,MAD
Jacqueline,Rice,jricekr@last.fm,Bosnia and Herzegovina,Female,Velika Kladuša,Yakijo,38143.77,BAM
Andrea,Ryan,aryanks@europa.eu,Indonesia,Female,Dadiharja,Youspan,,IDR
Paula,Graham,pgrahamkt@booking.com,Iraq,Female,Tozkhurmato,DabZ,9989.66,IQD
Kenneth,Wagner,kwagnerku@newyorker.com,Comoros,Male,Foumbouni,Aimbo,91149.14,KMF
Jacqueline,Knight,jknightkv@free.fr,Sweden,Female,Trosa,Brainlounge,13743.63,SEK
Jacqueline,Hughes,jhugheskw@furl.net,Azerbaijan,Female,Çalxanqala,Jayo,94526.44,AZN
Juan,Morales,jmoraleskx@seesaa.net,Indonesia,Male,Muesanaik,Aimbo,54392.96,IDR
Wayne,Hill,whillky@vinaora.com,Luxembourg,Male,Sandweiler,Kayveo,29747.95,EUR
Linda,Ellis,lelliskz@opera.com,Philippines,Female,Panitan,Zoovu,10541.05,PHP
Amy,Kelley,akelleyl0@cnbc.com,China,Female,Shicong,Gevee,,CNY
Michael,Dean,mdeanl1@oracle.com,China,Male,Yiyang,Linklinks,49428.11,CNY
Sean,Castillo,scastillol2@facebook.com,Honduras,Male,Santa María del Real,Mybuzz,62193.43,HNL
Sean,Diaz,sdiazl3@alibaba.com,France,Male,Limoges,Rooxo,36691.86,EUR
Diane,Burns,dburnsl4@alibaba.com,Turkey,Female,Merkezköy,Divavu,46415.91,TRY
Robin,Peterson,rpetersonl5@addtoany.com,China,Female,Zaoxi,Avaveo,,CNY
Ruby,Murphy,rmurphyl6@unesco.org,Mauritius,Female,Souillac,Quatz,22616.27,MUR
Rachel,Gonzales,rgonzalesl7@sciencedaily.com,China,Female,Hongmiao,Linktype,17795.78,CNY
Christopher,Gray,cgrayl8@hud.gov,Indonesia,Male,Dinititi,Demivee,41754.74,IDR
Frances,Alexander,falexanderl9@samsung.com,Sweden,Female,Oskarshamn,Pixoboo,15627.65,SEK
Ruby,Myers,rmyersla@youtu.be,France,Female,Boé,Centidel,9818.37,EUR
Adam,Cox,acoxlb@spotify.com,Philippines,Male,Talalora,LiveZ,,PHP
Phillip,Martinez,pmartinezlc@desdev.cn,Panama,Male,David,Divape,72181.74,PAB
Samuel,Powell,spowellld@nature.com,Sweden,Male,Kumla,Babbleset,93381.58,SEK
Gary,Cole,gcolele@t.co,China,Male,Huangtan,Snaptags,42201.72,CNY
Karen,Lopez,klopezlf@nasa.gov,United States,Female,Jackson,Kazio,52466.60,USD
Pamela,Carpenter,pcarpenterlg@phpbb.com,Argentina,Female,Londres,Twitternation,69595.50,ARS
Michael,Peters,mpeterslh@typepad.com,Philippines,Male,Santa Rita Aplaya,Yadel,98495.26,PHP
Phyllis,Robertson,probertsonli@amazonaws.com,Poland,Female,Świnice Warckie,Fiveclub,62984.31,PLN
Cheryl,Perkins,cperkinslj@bigcartel.com,Argentina,Female,Chichinales,Oyoloo,84464.11,ARS
William,Rodriguez,wrodriguezlk@tuttocitta.it,Nepal,Male,Banepa,Skiba,82676.03,NPR
Joe,Jacobs,jjacobsll@bbc.co.uk,Philippines,Male,Maasin,Devshare,57734.48,PHP
Cynthia,Garrett,cgarrettlm@narod.ru,Bulgaria,Female,Mineralni Bani,Vidoo,60598.58,BGN
James,Harper,jharperln@oaic.gov.au,Greece,Male,Vólos,Quaxo,,EUR
Gloria,Wood,gwoodlo@va.gov,Poland,Female,Wisła,Jabbertype,,PLN
Katherine,Chapman,kchapmanlp@qq.com,China,Female,Chengzhai,Vipe,40806.73,CNY
Shawn,Bryant,sbryantlq@cnn.com,China,Male,Ebu,Kimia,31033.56,CNY
Thomas,Reed,treedlr@indiatimes.com,Armenia,Male,Aygeshat,Feedfire,69455.13,AMD
Lawrence,Crawford,lcrawfordls@cnbc.com,China,Male,Zhen’an,Bubblemix,45330.30,CNY
Donna,Kim,dkimlt@zimbio.com,Poland,Female,Szczytno,Avamba,23501.78,PLN
Jack,Andrews,jandrewslu@livejournal.com,China,Male,Shifang,Yozio,31212.06,CNY
Jeffrey,Andrews,jandrewslv@oracle.com,China,Male,Shuangzhu,Kaymbo,46274.73,CNY
Andrea,Hughes,ahugheslw@is.gd,China,Female,Longsheng,Divape,27119.01,CNY
Diana,Frazier,dfrazierlx@icq.com,Croatia,Female,Vrbovec,Shufflester,35208.80,HRK
Stephanie,Andrews,sandrewsly@ft.com,Philippines,Female,Mindupok,Lazz,87175.43,PHP
Angela,Johnson,ajohnsonlz@weebly.com,Poland,Female,Słubice,Ozu,38571.02,PLN
Marilyn,Woods,mwoodsm0@prnewswire.com,Russia,Female,Manturovo,Youspan,43518.00,RUB
Fred,Bradley,fbradleym1@taobao.com,Poland,Male,Wieniawa,Shuffledrive,,PLN
Brandon,Lee,bleem2@bloglines.com,Cameroon,Male,Ndom,Thoughtstorm,36734.23,XAF
Phyllis,Sanchez,psanchezm3@nasa.gov,Indonesia,Female,Krajan Sumurtawang,Oyoloo,56174.79,IDR
Shawn,Brooks,sbrooksm4@lycos.com,Russia,Male,Mindyak,Yodel,21198.57,RUB
Chris,Gardner,cgardnerm5@sohu.com,Sweden,Male,Forshaga,Jatri,87816.69,SEK
Betty,Hart,bhartm6@4shared.com,Russia,Female,Novonikol’sk,Skivee,42257.94,RUB
Antonio,Clark,aclarkm7@over-blog.com,Portugal,Male,Marco de Canaveses,Flipbug,51953.19,EUR
Bonnie,Russell,brussellm8@illinois.edu,Indonesia,Female,Gandoang,Oloo,11055.79,IDR
Victor,Knight,vknightm9@feedburner.com,Kyrgyzstan,Male,At-Bashi,Skimia,60074.09,KGS
Gloria,Wilson,gwilsonma@nifty.com,Guatemala,Female,Samayac,Topdrive,97716.74,GTQ
Diane,Butler,dbutlermb@adobe.com,Indonesia,Female,Leworook,Photolist,84911.43,IDR
Patricia,Hughes,phughesmc@yellowpages.com,Dominican Republic,Female,La Agustina,Photobean,68107.19,DOP
Jane,Frazier,jfraziermd@theglobeandmail.com,Indonesia,Female,Lasi Dua,Skaboo,67037.67,IDR
Craig,Reid,creidme@wsj.com,Philippines,Male,Burgos,Yoveo,13323.50,PHP
Harry,Vasquez,hvasquezmf@reddit.com,Philippines,Male,Bagalangit,Cogibox,62638.01,PHP
Harold,Garrett,hgarrettmg@shutterfly.com,Czech Republic,Male,Studenec,Fivespan,24578.89,CZK
Joyce,Nelson,jnelsonmh@redcross.org,China,Female,Benzilan,Kwinu,78141.04,CNY
Sharon,Woods,swoodsmi@whitehouse.gov,Indonesia,Female,Bungereng,Oyope,72159.59,IDR
Jack,Mcdonald,jmcdonaldmj@ycombinator.com,Cambodia,Male,Prey Veng,Demizz,18320.92,KHR
Michelle,Marshall,mmarshallmk@usda.gov,Greece,Female,Argalastí,Yadel,72430.03,EUR
Nicole,Walker,nwalkerml@yahoo.co.jp,Poland,Female,Dukla,Trilia,61394.77,PLN
Rose,Roberts,rrobertsmm@netlog.com,Mauritius,Female,Providence,Eadel,11017.57,MUR
Alice,Franklin,afranklinmn@umn.edu,China,Female,Beigucheng,Kazio,20231.59,CNY
Judy,Long,jlongmo@wunderground.com,Indonesia,Female,Aibura,Edgeblab,3618.98,IDR
Philip,Fisher,pfishermp@csmonitor.com,Indonesia,Male,Kiuola,Flashset,95648.90,IDR
Bonnie,Thompson,bthompsonmq@blogs.com,Czech Republic,Female,Dřiteň,Flashset,95695.74,CZK
Russell,Franklin,rfranklinmr@springer.com,Serbia,Male,Rušanj,Demimbu,,RSD
Peter,Morgan,pmorganms@wp.com,China,Male,Haozigang,Dynava,18553.46,CNY
Joseph,Riley,jrileymt@github.com,China,Male,Tongquan,Rhycero,41207.33,CNY
Gary,Powell,gpowellmu@dyndns.org,France,Male,Niort,Camido,50891.49,EUR
Albert,Mitchell,amitchellmv@seattletimes.com,China,Male,Hongling,Innojam,53389.09,CNY
Joshua,Crawford,jcrawfordmw@naver.com,Philippines,Male,Magtangol,Yambee,,PHP
Kevin,Torres,ktorresmx@google.pl,China,Male,Shanhe,Zava,,CNY
Matthew,George,mgeorgemy@google.com.hk,Kosovo,Male,Prilep,Ntags,52107.84,EUR
Linda,Mills,lmillsmz@symantec.com,Bulgaria,Female,Dolna Banya,InnoZ,54830.99,BGN
Melissa,Carpenter,mcarpentern0@cpanel.net,China,Female,Samdo,Ntag,,CNY
Raymond,Mills,rmillsn1@google.it,China,Male,Xintai,Jaxbean,49673.13,CNY
Thomas,Alexander,talexandern2@china.com.cn,China,Male,Chongwen,Quaxo,89613.35,CNY
Marie,Flores,mfloresn3@purevolume.com,China,Female,Erhaodi,Tavu,78082.48,CNY
Gregory,Richardson,grichardsonn4@gravatar.com,Jordan,Male,Al Quwaysimah,Babbleblab,10996.57,JOD
Jesse,Harrison,jharrisonn5@about.com,Sweden,Male,Stockholm,Riffpath,57702.77,SEK
Maria,Collins,mcollinsn6@seattletimes.com,Portugal,Female,Alto de São Sebastião,Rhynoodle,10690.08,EUR
Maria,Cook,mcookn7@usda.gov,Indonesia,Female,Banjar Ambengan,Youspan,2520.30,IDR
Barbara,Williamson,bwilliamsonn8@google.nl,Russia,Female,Uva,Edgetag,65631.46,RUB
Joe,Simpson,jsimpsonn9@discuz.net,Sweden,Male,Gävle,Browsedrive,88498.20,SEK
Eugene,Schmidt,eschmidtna@columbia.edu,Indonesia,Male,Sidoaji,Browsecat,67212.48,IDR
Virginia,Ellis,vellisnb@wunderground.com,Albania,Female,Trebisht-Muçinë,Pixonyx,95628.69,ALL
Jack,Montgomery,jmontgomerync@businessweek.com,Brazil,Male,Mirandopólis,Dabfeed,2449.01,BRL
Antonio,Lane,alanend@hhs.gov,Haiti,Male,Cerca la Source,Zoombeat,84427.10,HTG
Russell,Allen,rallenne@miibeian.gov.cn,Brazil,Male,São José dos Pinhais,Aivee,72347.36,BRL
Jeffrey,Peters,jpetersnf@nbcnews.com,Dominican Republic,Male,Moca,Geba,81098.74,DOP
Emily,Robertson,erobertsonng@dailymotion.com,China,Female,Jinze,Livefish,13142.35,CNY
George,Murphy,gmurphynh@wikia.com,Tunisia,Male,Qaşr Hallāl,Dazzlesphere,12028.61,TND
Philip,Andrews,pandrewsni@washingtonpost.com,Sweden,Male,Örebro,Wikizz,31050.41,SEK
Charles,Perez,cpereznj@google.nl,Brazil,Male,Rio de Janeiro,Brainbox,94257.51,BRL
Nancy,Powell,npowellnk@mail.ru,Iran,Female,Shāhīn Dezh,Demimbu,47080.79,IRR
Carlos,Wilson,cwilsonnl@networksolutions.com,Russia,Male,Chemal,Twiyo,27128.17,RUB
Frances,Montgomery,fmontgomerynm@cbsnews.com,China,Female,Dengnan,Photospace,,CNY
Gerald,Vasquez,gvasqueznn@ucla.edu,Poland,Male,Radymno,Twinte,44137.48,PLN
Beverly,Smith,bsmithno@tripod.com,China,Female,Sankeyushu,InnoZ,55456.49,CNY
Juan,Chapman,jchapmannp@dmoz.org,Russia,Male,Shar’ya,Twimm,28467.58,RUB
Evelyn,Elliott,eelliottnq@infoseek.co.jp,Philippines,Female,Tuban,Rhynoodle,77217.10,PHP
Carolyn,Ramirez,cramireznr@ibm.com,Greece,Female,Mirsíni,Kare,,EUR
Dorothy,Butler,dbutlerns@comcast.net,Russia,Female,Manturovo,Tagpad,67199.71,RUB
Brandon,Boyd,bboydnt@sogou.com,Sweden,Male,Gamleby,Voomm,45759.96,SEK
Teresa,Franklin,tfranklinnu@tripadvisor.com,Russia,Female,Topchikha,Skipfire,19120.38,RUB
Brian,Campbell,bcampbellnv@goo.ne.jp,Indonesia,Male,Kuanheum,Divape,,IDR
Paul,Jenkins,pjenkinsnw@rediff.com,Argentina,Male,Las Varas,Lazz,,ARS
Jennifer,Watkins,jwatkinsnx@dell.com,Cuba,Female,Guanajay,Cogibox,65440.38,CUP
Victor,Stewart,vstewartny@nature.com,Kyrgyzstan,Male,Sulyukta,Trupe,45938.55,KGS
Martha,Boyd,mboydnz@meetup.com,Indonesia,Female,Kebonjaya,Eimbee,9849.35,IDR
Mark,Phillips,mphillipso0@macromedia.com,Thailand,Male,Nong Khai,Chatterpoint,3429.73,THB
Maria,Rivera,mriverao1@netscape.com,United States,Female,Atlanta,Mybuzz,63732.67,USD
Donna,Martinez,dmartinezo2@sphinn.com,Palestinian Territory,Female,Kafr Dān,Flipbug,85931.56,ILS
Heather,Gordon,hgordono3@wordpress.org,Ukraine,Female,Znomenka,Jetpulse,64179.82,UAH
Douglas,Carter,dcartero4@tamu.edu,Bulgaria,Male,Bukhovo,Topdrive,81384.13,BGN
Terry,Clark,tclarko5@live.com,Ukraine,Male,Lymanske,Flipbug,12640.39,UAH
Laura,Watson,lwatsono6@cpanel.net,Indonesia,Female,Purworejo,Jaxbean,54756.94,IDR
Ashley,Hawkins,ahawkinso7@bing.com,France,Female,Domont,Yozio,14006.55,EUR
John,Cruz,jcruzo8@odnoklassniki.ru,Syria,Male,Mūḩ Ḩasan,Zazio,41368.99,SYP
Stephanie,Morgan,smorgano9@behance.net,Vietnam,Female,Trần Văn Thời,Ainyx,31468.96,VND
Joe,Mitchell,jmitchelloa@kickstarter.com,China,Male,Liudu,Photobean,,CNY
Katherine,Dean,kdeanob@ezinearticles.com,Jordan,Female,As Salţ,Tanoodle,,JOD
Janice,Hanson,jhansonoc@ucoz.ru,Ukraine,Female,Vasyshcheve,Meedoo,2633.41,UAH
Daniel,Lawson,dlawsonod@tmall.com,United States,Male,Pensacola,Meemm,75099.94,USD
Emily,Cole,ecoleoe@unicef.org,Indonesia,Female,Bendoroto,Jamia,31506.67,IDR
Sean,Fowler,sfowlerof@blog.com,China,Male,Xianyan,Jaxspan,29845.23,CNY
David,Mendoza,dmendozaog@economist.com,China,Male,Jimo,Vimbo,23484.88,CNY
Tina,Henry,thenryoh@bandcamp.com,China,Female,Cishan,Linktype,47631.77,CNY
Terry,Brown,tbrownoi@sina.com.cn,Yemen,Male,Al Madīd,Dabfeed,1721.53,YER
Mary,Burns,mburnsoj@soup.io,Kazakhstan,Female,Maleevsk,Jaxnation,86776.75,KZT
Ruth,Gardner,rgardnerok@qq.com,Australia,Female,Brisbane,Ooba,56547.29,AUD
Stephen,Elliott,selliottol@fastcompany.com,Sri Lanka,Male,Nuwara Eliya,Teklist,75448.93,LKR
Martin,Welch,mwelchom@washington.edu,Sweden,Male,Borlänge,Ainyx,54974.57,SEK
Carl,Hernandez,chernandezon@sogou.com,Portugal,Male,Poiares,Flipopia,8718.06,EUR
Willie,Watson,wwatsonoo@privacy.gov.au,China,Male,Huangchuan,Rhynyx,85197.97,CNY
Jonathan,Olson,jolsonop@tamu.edu,Honduras,Male,Oropéndolas,Layo,50036.16,HNL
Sharon,Johnson,sjohnsonoq@house.gov,Brazil,Female,Palmeira,Trupe,54492.38,BRL
Paula,Wells,pwellsor@amazonaws.com,Portugal,Female,Aranhas,Camido,56791.87,EUR
Cynthia,Ray,crayos@1688.com,Greece,Female,Erátyra,Twitterbeat,37516.19,EUR
Diane,Moore,dmooreot@dyndns.org,Russia,Female,Blagodatnoye,Yambee,27585.31,RUB
Nancy,Harvey,nharveyou@tinyurl.com,South Africa,Female,Ndwedwe,Browsedrive,49407.72,ZAR
Bobby,Watson,bwatsonov@tripadvisor.com,Spain,Male,Ceuta,Jetpulse,,EUR
Doris,Williamson,dwilliamsonow@ox.ac.uk,Peru,Female,Huancabamba,Eayo,77646.35,PEN
Ralph,Dean,rdeanox@g.co,Sweden,Male,Stockholm,Skyndu,32070.98,SEK
Jacqueline,Carr,jcarroy@bravesites.com,France,Female,Alès,Skinder,72368.04,EUR
Alan,Chavez,achavezoz@myspace.com,Philippines,Male,San Miguel,Rhybox,14374.22,PHP
Roy,Fields,rfieldsp0@hp.com,United States,Male,Newport Beach,Babbleopia,80651.80,USD
John,Kennedy,jkennedyp1@paginegialle.it,Kenya,Male,Isiolo,Midel,26251.10,KES
Sean,Hughes,shughesp2@surveymonkey.com,United States,Male,Young America,Reallinks,14035.09,USD
Sarah,Bishop,sbishopp3@cnbc.com,Portugal,Female,Sabugueiro,Vitz,77035.45,EUR
Lisa,Washington,lwashingtonp4@hp.com,Indonesia,Female,Bajawa,Zoombeat,,IDR
Michelle,Foster,mfosterp5@cafepress.com,Benin,Female,Abomey-Calavi,Trilia,69861.00,XOF
Harry,Banks,hbanksp6@123-reg.co.uk,Luxembourg,Male,Hesperange,Wikido,76245.31,EUR
Charles,Owens,cowensp7@cocolog-nifty.com,Poland,Male,Kłoczew,Mynte,69524.63,PLN
Patricia,Harvey,pharveyp8@hibu.com,Nigeria,Female,Igarra,Jaxspan,30606.55,NGN
Michelle,Morgan,mmorganp9@squidoo.com,Indonesia,Female,Karanganyar,Browsecat,73555.35,IDR
Mark,Fisher,mfisherpa@wikipedia.org,Panama,Male,Puerto Obaldía,Skilith,34190.14,PAB
Earl,Cunningham,ecunninghampb@chron.com,China,Male,Nanshi,Topicblab,87186.05,CNY
Susan,Lynch,slynchpc@shutterfly.com,Philippines,Female,Banocboc,Janyx,,PHP
Juan,Coleman,jcolemanpd@mediafire.com,Philippines,Male,Barayong,Voolia,41031.84,PHP
Margaret,Hawkins,mhawkinspe@boston.com,Czech Republic,Female,Hostomice,Kwinu,2103.09,CZK
Julia,Chapman,jchapmanpf@msn.com,Israel,Female,Beit Jann,Zoomdog,18824.51,ILS
Brian,Sullivan,bsullivanpg@e-recht24.de,Albania,Male,Dërmënas,Yacero,87592.65,ALL
Paul,Simmons,psimmonsph@zimbio.com,Greece,Male,Kinéta,Photobug,,EUR
Anthony,Fox,afoxpi@washingtonpost.com,Indonesia,Male,Ratenggoji,Mita,53947.91,IDR
Wayne,Rodriguez,wrodriguezpj@delicious.com,Russia,Male,Borovichi,Skiba,46244.77,RUB
Rebecca,Cox,rcoxpk@omniture.com,French Polynesia,Female,Vaitape,Talane,33590.21,XPF
Russell,Kelley,rkelleypl@jugem.jp,Peru,Male,Ichupampa,Blogpad,32921.64,PEN
Janet,Warren,jwarrenpm@posterous.com,China,Female,Dungang,Chatterbridge,39470.50,CNY
Evelyn,Hughes,ehughespn@skype.com,France,Female,Saint-Leu-la-Forêt,Pixoboo,28639.18,EUR
Pamela,Howell,phowellpo@themeforest.net,Portugal,Female,Carvalhal,Feedfish,80947.18,EUR
Michelle,Harrison,mharrisonpp@ebay.co.uk,Portugal,Female,Ribeira,Meezzy,62339.37,EUR
Edward,Brown,ebrownpq@senate.gov,Philippines,Male,Galimuyod,Buzzster,995.69,PHP
Paul,Stewart,pstewartpr@epa.gov,Thailand,Male,Phra Nakhon Si Ayutthaya,Trilith,,THB
Wayne,Franklin,wfranklinps@wikispaces.com,Peru,Male,Pueblo Nuevo,Browsetype,87825.84,PEN
Brian,Howell,bhowellpt@unblog.fr,Russia,Male,Kolpny,Skinte,6212.30,RUB
Susan,Davis,sdavispu@miitbeian.gov.cn,Sweden,Female,Solna,Quimm,48711.43,SEK
Maria,Morgan,mmorganpv@theguardian.com,Indonesia,Female,Sorren Daya,Livefish,82189.02,IDR
Gary,Carroll,gcarrollpw@people.com.cn,Democratic Republic of the Congo,Male,Kindu,LiveZ,48244.13,CDF
Kathleen,Russell,krussellpx@icio.us,Afghanistan,Female,Khānaqāh,Bubblemix,,AFN
Jacqueline,Clark,jclarkpy@icq.com,Vietnam,Female,Tánh Linh,Kwinu,60923.43,VND
Scott,Simpson,ssimpsonpz@jugem.jp,France,Male,Hayange,Yabox,20524.87,EUR
Billy,Graham,bgrahamq0@posterous.com,China,Male,Bajia,Tanoodle,87330.92,CNY
Jane,Cole,jcoleq1@hugedomains.com,China,Female,Tulihe,Oozz,86894.75,CNY
Betty,Ramos,bramosq2@cloudflare.com,Mauritius,Female,Albion,Tagfeed,82652.90,MUR
Elizabeth,Wheeler,ewheelerq3@wisc.edu,Azerbaijan,Female,Hacıqabul,Tazz,,AZN
Cynthia,Adams,cadamsq4@artisteer.com,Poland,Female,Otyń,Yabox,95612.87,PLN
Julie,Morrison,jmorrisonq5@huffingtonpost.com,Russia,Female,Burlatskoye,Dynava,63745.39,RUB
Willie,Wood,wwoodq6@bandcamp.com,Sweden,Male,Stockholm,Demivee,50311.13,SEK
Rachel,Foster,rfosterq7@is.gd,Russia,Female,Amga,Meejo,35707.47,RUB
Frank,Long,flongq8@e-recht24.de,Niger,Male,Dakoro,Yata,,XOF
Ralph,Morgan,rmorganq9@nsw.gov.au,Indonesia,Male,Bangil,Trilith,97504.86,IDR
Paul,Davis,pdavisqa@behance.net,Germany,Male,Hamburg,Ntags,43261.70,EUR
Paul,Green,pgreenqb@msn.com,Indonesia,Male,Uitiuhtuan,Miboo,69546.87,IDR
Kathleen,Palmer,kpalmerqc@sitemeter.com,Russia,Female,Shabel’skoye,Yotz,,RUB
Sarah,Spencer,sspencerqd@bandcamp.com,Poland,Female,Jastrzębia,Realcube,19891.94,PLN
Clarence,Rodriguez,crodriguezqe@seattletimes.com,China,Male,Daminggong,Myworks,3988.39,CNY
Paul,Hamilton,phamiltonqf@illinois.edu,Indonesia,Male,Kadumelati,Zoonder,7551.76,IDR
Carolyn,Ross,crossqg@scribd.com,Philippines,Female,Dukay,Edgeify,94130.61,PHP
Christine,Mccoy,cmccoyqh@acquirethisname.com,China,Female,Guixi,Fiveclub,33915.39,CNY
Howard,Elliott,helliottqi@hao123.com,Sweden,Male,Stockholm,Gabtype,53847.61,SEK
Bruce,Nichols,bnicholsqj@wired.com,Mongolia,Male,Chandmanĭ,Trilith,10871.12,MNT
Ryan,Hernandez,rhernandezqk@yale.edu,Sweden,Male,Sundsvall,Devpoint,53634.45,SEK
Martha,Harvey,mharveyql@i2i.jp,Philippines,Female,Manay,Devshare,,PHP
Teresa,Hernandez,thernandezqm@go.com,Czech Republic,Female,Bošovice,InnoZ,,CZK
Peter,Reed,preedqn@jugem.jp,China,Male,Ganhe,Skivee,27372.79,CNY
Andrew,Bradley,abradleyqo@unblog.fr,Brazil,Male,Pitanga,Snaptags,99172.27,BRL
Alan,Crawford,acrawfordqp@boston.com,Malaysia,Male,Taiping,Centimia,61131.87,MYR
Victor,Thomas,vthomasqq@1688.com,Senegal,Male,Nguékhokh,Meemm,25148.43,XOF
Cheryl,George,cgeorgeqr@bloglines.com,Sweden,Female,Sjöbo,Minyx,99681.12,SEK
Harry,Bradley,hbradleyqs@samsung.com,Japan,Male,Iwanai,Skaboo,75099.16,JPY
Daniel,Allen,dallenqt@imgur.com,Czech Republic,Male,Strání,Skinte,,CZK
Patricia,Montgomery,pmontgomeryqu@foxnews.com,Bosnia and Herzegovina,Female,Dubravica,Feedfire,70245.19,BAM
Martha,Black,mblackqv@yellowbook.com,United States,Female,Springfield,Leexo,3155.34,USD
Brenda,Diaz,bdiazqw@yahoo.com,Philippines,Female,Milagros,Minyx,34751.55,PHP
Robin,Wright,rwrightqx@jalbum.net,Indonesia,Female,Warungtanjung,Vinder,74546.96,IDR
Johnny,Gray,jgrayqy@myspace.com,Thailand,Male,Wachira Barami,Twimm,49693.49,THB
Pamela,Harper,pharperqz@networkadvertising.org,China,Female,Qindu,Fivebridge,33693.90,CNY
Ashley,Hudson,ahudsonr0@yahoo.com,Tajikistan,Female,Istaravshan,Youspan,6596.48,TJS
Melissa,Hayes,mhayesr1@fastcompany.com,Russia,Female,Zheshart,Wordpedia,46245.38,RUB
Steve,Mccoy,smccoyr2@ted.com,Indonesia,Male,Pakemitan Dua,Meeveo,38126.82,IDR
Anna,Lane,alaner3@google.com.hk,Honduras,Female,El Benque,Zooxo,80273.99,HNL
Carl,Wells,cwellsr4@uol.com.br,Finland,Male,Haapajärvi,Voomm,95063.72,EUR
Jason,Kim,jkimr5@surveymonkey.com,Philippines,Male,Idtig,Topicstorm,48224.95,PHP
Jimmy,Payne,jpayner6@apache.org,Bangladesh,Male,Barisāl,Feedfish,44859.23,BDT
Joyce,Dixon,jdixonr7@seesaa.net,Indonesia,Female,Darungan,Kayveo,52240.93,IDR
Douglas,Peterson,dpetersonr8@nps.gov,Venezuela,Male,Sabana Grande,Yoveo,81188.86,VEF
John,Kelley,jkelleyr9@nymag.com,China,Male,Zhangjiayuan,Lazz,61298.02,CNY
Ernest,Lewis,elewisra@ovh.net,Portugal,Male,Casal das Figueiras,Twitternation,,EUR
Wanda,Arnold,warnoldrb@sohu.com,Slovenia,Female,Mlaka pri Kranju,Flipopia,76968.38,EUR
Emily,Hudson,ehudsonrc@blogspot.com,Peru,Female,Aguas Verdes,Edgeclub,97011.36,PEN
Edward,Price,epricerd@wordpress.com,Serbia,Male,Stari Grad,Livetube,36681.70,RSD
Judy,Gonzales,jgonzalesre@berkeley.edu,United States,Female,Milwaukee,Bubblebox,,USD
Howard,Clark,hclarkrf@sciencedirect.com,China,Male,Xinying,Dabvine,24662.77,CNY
James,Cooper,jcooperrg@ovh.net,China,Male,Qincheng,Blogpad,69156.65,CNY
Roger,Burton,rburtonrh@marriott.com,Greece,Male,Néa Kíos,Brightdog,69641.10,EUR
Roy,Hunt,rhuntri@wisc.edu,Indonesia,Male,Cilampuyang,Brainverse,43600.13,IDR
Jacqueline,Kim,jkimrj@usgs.gov,Croatia,Female,Radoboj,Gigaclub,35875.54,HRK
Sandra,Graham,sgrahamrk@github.io,Philippines,Female,Kabankalan,Skimia,94052.96,PHP
Debra,Mcdonald,dmcdonaldrl@cnn.com,Palestinian Territory,Female,Quşrah,Fliptune,13595.63,ILS
Kenneth,Ruiz,kruizrm@netlog.com,Poland,Male,Rędziny,Youspan,,PLN
Bonnie,Parker,bparkerrn@newyorker.com,Luxembourg,Female,Gœsdorf,Jazzy,89321.63,EUR
Ronald,Fisher,rfisherro@japanpost.jp,China,Male,Jingtailu,Shuffledrive,26552.88,CNY
Janet,Berry,jberryrp@wikispaces.com,Thailand,Female,Phra Phrom,Edgeify,59103.29,THB
Shirley,Chavez,schavezrq@thetimes.co.uk,Russia,Female,Saransk,Bubblebox,68771.61,RUB
Russell,Rice,rricerr@github.io,Colombia,Male,Sabanalarga,Voonder,3268.79,COP
