Louis,Evans,levans0@google.com.hk,Nicaragua,Male,Río Blanco,Gevee,29674.24,NIO
Cynthia,Bailey,cbailey1@trellian.com,Argentina,Female,Veinticinco de Mayo,Pixope,32264.17,ARS
Jane,Washington,jwashington2@vimeo.com,Indonesia,Female,Karangsumber,Rhybox,34335.87,IDR
Gloria,Howard,ghoward3@newyorker.com,Honduras,Female,El Corozal,Skyvu,7405.77,HNL
Randy,Burke,rburke4@wordpress.org,Russia,Male,Spirovo,Feedbug,6285.63,RUB
Pamela,Richards,prichards5@artisteer.com,Malaysia,Female,Kota Bharu,Roodel,56234.99,MYR
Stephen,Myers,smyers6@ovh.net,China,Male,Baojia,Dynabox,33469.19,CNY
Lisa,Stanley,lstanley7@theguardian.com,Sweden,Female,Hägersten,Katz,54626.81,SEK
Andrea,Gonzalez,agonzalez8@jimdo.com,Latvia,Female,Stende,Eidel,3793.48,EUR
Lawrence,Lee,llee9@clickbank.net,Poland,Male,Zbąszynek,Quinu,24807.42,PLN
Nancy,Stone,nstonea@dyndns.org,China,Female,Gongnong,Rhycero,,CNY
Donna,Ramirez,dramirezb@patch.com,Greece,Female,Ágios Vasíleios,Eire,22067.40,EUR
Kathryn,Nichols,knicholsc@irs.gov,Indonesia,Female,Kaliuda,Jabberstorm,63706.45,IDR
Amy,Watkins,awatkinsd@cdbaby.com,Indonesia,Female,Ombarade,Devpoint,72020.34,IDR
Ruby,Sullivan,rsullivane@sbwire.com,Philippines,Female,San Isidro,Fliptune,17787.66,PHP
Benjamin,Riley,brileyf@live.com,Mexico,Male,Ricardo Flores Magon,Tagtune,75275.78,MXN
Wayne,Reed,wreedg@fastcompany.com,France,Male,Palaiseau,Skyble,27480.58,EUR
Mark,Garrett,mgarretth@over-blog.com,Philippines,Male,Tinampo,Oozz,72511.41,PHP
Christina,Parker,cparkeri@dailymotion.com,Indonesia,Female,Nangabere,Thoughtstorm,,IDR
Betty,Lane,blanej@wp.com,China,Female,Henghe,Yodel,14633.78,CNY
Christine,Meyer,cmeyerk@fotki.com,Greece,Female,Skiáthos,Jaxworks,2812.55,EUR
Richard,Banks,rbanksl@baidu.com,Japan,Male,Kasamatsuchō,Thoughtstorm,37625.18,JPY
Fred,Burns,fburnsm@dedecms.com,Bulgaria,Male,Batanovtsi,Thoughtworks,20788.30,BGN
Kelly,Hernandez,khernandezn@marketwatch.com,Bangladesh,Female,Sarishābāri,Thoughtmix,57986.57,BDT
Dennis,Perkins,dperkinso@wikipedia.org,Poland,Male,Zamość,Fiveclub,84748.19,PLN
Ronald,Powell,rpowellp@unblog.fr,Japan,Male,Mino,Leenti,51151.38,JPY
Theresa,Castillo,tcastilloq@vk.com,Bulgaria,Female,Dimitrovgrad,Yadel,74386.43,BGN
John,Carpenter,jcarpenterr@elegantthemes.com,China,Male,Rongxi,Devpulse,67776.86,CNY
Mildred,Knight,mknights@smugmug.com,Russia,Female,Shar’ya,Wordify,71125.99,RUB
Justin,Young,jyoungt@dedecms.com,Indonesia,Male,Dampek,Cogilith,43991.89,IDR
Willie,Greene,wgreeneu@timesonline.co.uk,Russia,Male,Gornyy,Riffpath,64189.26,RUB
Joan,Foster,jfosterv@blogspot.com,United States,Female,Des Moines,Ntag,54720.14,USD
Gerald,Nelson,gnelsonw@webmd.com,Azerbaijan,Male,Nakhchivan,Linktype,71603.47,AZN
Nancy,Bell,nbellx@bloomberg.com,Albania,Female,Tirana,Zoonoodle,91435.18,ALL
Denise,Washington,dwashingtony@addthis.com,Poland,Female,Mniszków,Latz,34289.60,PLN
George,Vasquez,gvasquezz@marriott.com,Peru,Male,Breu,Dynava,53039.33,PEN
Frances,Reyes,freyes10@ftc.gov,China,Female,Changtan,Quaxo,33536.27,CNY
Steve,Snyder,ssnyder11@de.vu,Philippines,Male,Tabinay,Livefish,57279.86,PHP
Phyllis,Davis,pdavis12@typepad.com,Finland,Female,Asikkala,Chatterbridge,68724.39,EUR
Thomas,Ford,tford13@bbb.org,Thailand,Male,Rasi Salai,Kanoodle,73236.51,THB
Angela,Fields,afields14@joomla.org,Germany,Female,Kiel,Devify,59325.05,EUR
Carl,Reynolds,creynolds15@rambler.ru,United States,Male,San Jose,Quamba,70061.13,USD
Richard,Fowler,rfowler16@comcast.net,Thailand,Male,Kut Chap,Twitternation,10702.44,THB
Kelly,Martin,kmartin17@yellowbook.com,China,Female,Honghua’erji,Feednation,69805.25,CNY
Brandon,Phillips,bphillips18@buzzfeed.com,Indonesia,Male,Pangkajene,Kare,27366.50,IDR
Robert,Crawford,rcrawford19@dmoz.org,China,Male,Longcheng,Yodoo,,CNY
Diana,Bailey,dbailey1a@yolasite.com,China,Female,Hezhang,Npath,8983.48,CNY
Melissa,Hunt,mhunt1b@bloglines.com,Afghanistan,Female,Lashkar Gāh,Voonte,11811.06,AFN
Jesse,Stephens,jstephens1c@hc360.com,Indonesia,Male,Babat,Thoughtworks,85162.24,IDR
Anna,Davis,adavis1d@phoca.cz,Czech Republic,Female,Pecka,Brainbox,,CZK
Antonio,Robinson,arobinson1e@elpais.com,China,Male,Luotuo,Pixoboo,,CNY
Patricia,Cooper,pcooper1f@typepad.com,Estonia,Female,Kohtla-Järve,Twitterbridge,83659.13,EUR
Kelly,Fox,kfox1g@myspace.com,France,Female,Saint-Leu-la-Forêt,Katz,82756.89,EUR
Jessica,King,jking1h@businesswire.com,Peru,Female,Soraya,Tazzy,,PEN
Lisa,Graham,lgraham1i@fc2.com,Paraguay,Female,Santa Rita,Mydo,10044.63,PYG
Justin,Weaver,jweaver1j@jiathis.com,Poland,Male,Jawornik Polski,Tagcat,54568.54,PLN
Nicole,Cooper,ncooper1k@ow.ly,Indonesia,Female,Oekuu,Zoomcast,53421.61,IDR
Dorothy,Garza,dgarza1l@sogou.com,United States,Female,Sacramento,Devbug,40512.57,USD
Martha,Butler,mbutler1m@google.ru,China,Female,Longzui,Quinu,66162.97,CNY
Victor,Vasquez,vvasquez1n@gizmodo.com,Philippines,Male,Sungai,Fiveclub,85490.36,PHP
Anne,Boyd,aboyd1o@imageshack.us,Indonesia,Female,Bangeran,Wikizz,2296.02,IDR
Brandon,Hughes,bhughes1p@vimeo.com,Niger,Male,Dosso,Zooxo,96434.49,XOF
Phyllis,Lane,plane1q@indiegogo.com,Philippines,Female,Ugac Sur,Voonyx,,PHP
Billy,Evans,bevans1r@weebly.com,Philippines,Male,Upper San Mateo,Jaloo,85250.23,PHP
Anthony,Berry,aberry1s@nyu.edu,Vietnam,Male,Văn Giang,Topdrive,96617.70,VND
Joseph,Hughes,jhughes1t@biblegateway.com,Philippines,Male,Santa Fe,Mycat,70654.30,PHP
Judith,Johnson,jjohnson1u@odnoklassniki.ru,Philippines,Female,Bagacay,Jamia,17013.62,PHP
Diana,Hart,dhart1v@ihg.com,Cameroon,Female,Buea,Quatz,89703.16,XAF
Patricia,Bennett,pbennett1w@4shared.com,Slovakia,Female,Bratislava,Kayveo,39044.02,EUR
Roy,Stone,rstone1x@kickstarter.com,Indonesia,Male,Cimuncang,Viva,85395.39,IDR
Patricia,Wood,pwood1y@amazon.co.jp,Sweden,Female,Lidköping,Jetpulse,24275.78,SEK
Matthew,Sullivan,msullivan1z@nps.gov,Marshall Islands,Male,Ebaye,Dazzlesphere,66838.97,USD
Thomas,Snyder,tsnyder20@newyorker.com,China,Male,Dajie,Cogibox,818.62,CNY
Nicole,Ryan,nryan21@reuters.com,Argentina,Female,Libertador General San Martín,Browseblab,7058.60,ARS
Howard,Garza,hgarza22@chronoengine.com,Russia,Male,Yaroslavskaya,Nlounge,82565.81,RUB
Christopher,Jenkins,cjenkins23@psu.edu,Colombia,Male,Marulanda,Twitterbeat,6258.27,COP
Christopher,Moreno,cmoreno24@china.com.cn,Indonesia,Male,Manggis,Buzzdog,55400.77,IDR
Anne,Ryan,aryan25@ed.gov,Malaysia,Female,Kuala Terengganu,Tavu,1611.57,MYR
Richard,Gardner,rgardner26@toplist.cz,Portugal,Male,Cachadinha,Realpoint,31907.82,EUR
Jeremy,Sullivan,jsullivan27@ask.com,China,Male,Changyi,Kare,19234.64,CNY
Todd,Carr,tcarr28@vinaora.com,China,Male,Zhaojia,Brightbean,83189.02,CNY
Anthony,Garcia,agarcia29@rediff.com,Malawi,Male,Mangochi,Eabox,89683.12,MWK
Bonnie,Bennett,bbennett2a@ftc.gov,Indonesia,Female,Wahawaha,Realfire,38869.92,IDR
Michael,Rodriguez,mrodriguez2b@umich.edu,Indonesia,Male,Bogor,Reallinks,85793.93,IDR
Jack,Stevens,jstevens2c@nasa.gov,China,Male,Fuwen,Roombo,54484.78,CNY
Carlos,Gibson,cgibson2d@slashdot.org,Greece,Male,Néa Péramos,Browseblab,96678.26,EUR
William,Richards,wrichards2e@nationalgeographic.com,Indonesia,Male,Lewoduli,Rhynoodle,11090.69,IDR
Tammy,Reynolds,treynolds2f@yale.edu,Philippines,Female,Mabini,Fanoodle,80426.51,PHP
Irene,Miller,imiller2g@tinypic.com,Peru,Female,Copa,Feedbug,56280.13,PEN
Kelly,Morris,kmorris2h@purevolume.com,Russia,Female,Aginskoye,Flipopia,,RUB
Judy,Johnson,jjohnson2i@geocities.com,China,Female,Yuanping,Bubblemix,50141.31,CNY
Alan,Bradley,abradley2j@senate.gov,China,Male,Rentian,Eire,30248.22,CNY
Sarah,George,sgeorge2k@foxnews.com,Russia,Female,Gorbatov,Divanoodle,75873.03,RUB
Bobby,Montgomery,bmontgomery2l@altervista.org,Yemen,Male,Qa‘ţabah,Oyoloo,94714.87,YER
Richard,Patterson,rpatterson2m@yandex.ru,Russia,Male,Puksoozero,InnoZ,,RUB
Margaret,Garza,mgarza2n@theatlantic.com,Russia,Female,Novopokrovskaya,Wikizz,94470.58,RUB
Ronald,Meyer,rmeyer2o@mediafire.com,Paraguay,Male,Antequera,Edgetag,95904.20,PYG
Adam,Burke,aburke2p@google.cn,Philippines,Male,Pangao,Rhycero,68817.69,PHP
Kathryn,Henry,khenry2q@foxnews.com,Portugal,Female,Fundão,Mita,56947.30,EUR
Anne,Mitchell,amitchell2r@github.io,China,Female,Anxi,Zoombox,5237.94,CNY
Lillian,Clark,lclark2s@reuters.com,Argentina,Female,La Paz,Thoughtstorm,11875.88,ARS
Harold,Tucker,htucker2t@goodreads.com,Kiribati,Male,Rawannawi Village,Photojam,64216.40,AUD
Mary,Wallace,mwallace2u@un.org,Indonesia,Female,Meliau,Twitterbeat,,IDR
Kathy,Kelly,kkelly2v@abc.net.au,Indonesia,Female,Perjuangan,Fanoodle,29188.65,IDR
Nicholas,Wells,nwells2w@is.gd,China,Male,Muzidian,Twiyo,94218.52,CNY
George,Fox,gfox2x@shareasale.com,China,Male,Huangshan,Gigabox,63154.93,CNY
David,Knight,dknight2y@chicagotribune.com,China,Male,Longtang,Oloo,9016.29,CNY
Nicholas,Pierce,npierce2z@i2i.jp,Russia,Male,Tashla,Zoonoodle,,RUB
Debra,Jordan,djordan30@jigsy.com,Poland,Female,Koszarawa,Trupe,14986.36,PLN
Nancy,Miller,nmiller31@lycos.com,Mexico,Female,Los Angeles,Dynabox,83974.00,MXN
Howard,Stone,hstone32@examiner.com,Portugal,Male,Prainha de Baixo,Eayo,51396.81,EUR
Randy,Washington,rwashington33@miibeian.gov.cn,Poland,Male,Wojcieszków,Livetube,12324.85,PLN
Willie,Roberts,wroberts34@wikispaces.com,Mexico,Male,Rancho Viejo,Tazzy,2108.85,MXN
Philip,Carr,pcarr35@google.com,France,Male,Rungis,Ozu,61706.33,EUR
Ernest,Owens,eowens36@mayoclinic.com,Zambia,Male,Mpulungu,Kare,14826.73,ZMW
Irene,George,igeorge37@illinois.edu,Portugal,Female,Armação de Pêra,Omba,73552.85,EUR
Craig,Gardner,cgardner38@xing.com,Portugal,Male,Setúbal,Muxo,75966.21,EUR
Lori,Woods,lwoods39@businessweek.com,Philippines,Female,Hinunangan,Tagfeed,,PHP
Edward,Riley,eriley3a@drupal.org,South Africa,Male,Burgersfort,Skyvu,8044.84,ZAR
Sandra,Carroll,scarroll3b@networkadvertising.org,Honduras,Female,El Lolo,Fivechat,84451.08,HNL
Joshua,Collins,jcollins3c@blogspot.com,Indonesia,Male,Teluksantong,Topiczoom,99757.22,IDR
Janet,Harris,jharris3d@ovh.net,Dominican Republic,Female,Bayaguana,Skidoo,31376.43,DOP
Carl,Reynolds,creynolds3e@ovh.net,China,Male,Chengjiao,Voonix,40656.97,CNY
Billy,Schmidt,bschmidt3f@salon.com,Nigeria,Male,Gwadabawa,Meevee,66917.24,NGN
Walter,Cox,wcox3g@google.nl,Mexico,Male,Francisco Villa,Jatri,57746.41,MXN
Fred,Bowman,fbowman3h@army.mil,Nicaragua,Male,El Crucero,Voonix,91208.77,NIO
Carolyn,Johnson,cjohnson3i@histats.com,Indonesia,Female,Gombong,Devpulse,2953.93,IDR
Evelyn,Woods,ewoods3j@biblegateway.com,China,Female,Gouqi,Flashset,60149.95,CNY
Sharon,Green,sgreen3k@themeforest.net,Estonia,Female,Turba,Rhynyx,18530.25,EUR
Eric,Torres,etorres3l@ucoz.ru,France,Male,Le Pontet,Blogspan,23354.23,EUR
Gerald,Walker,gwalker3m@virginia.edu,Russia,Male,Dubinino,Abata,81002.57,RUB
Janice,Campbell,jcampbell3n@omniture.com,China,Female,Chaoyang,Rhybox,3655.95,CNY
Nancy,Ruiz,nruiz3o@t.co,Philippines,Female,Mamburao,Zoonoodle,41805.61,PHP
Walter,Carpenter,wcarpenter3p@nifty.com,Philippines,Male,San Vicente,Meetz,45404.60,PHP
Elizabeth,Gilbert,egilbert3q@thetimes.co.uk,Sweden,Female,Filipstad,Meejo,96377.52,SEK
Stephen,Edwards,sedwards3r@delicious.com,China,Male,Dongshe,Rhynoodle,1830.11,CNY
Samuel,Reid,sreid3s@hatena.ne.jp,Ethiopia,Male,Lalībela,Miboo,59349.35,ETB
Larry,Stephens,lstephens3t@vkontakte.ru,Greece,Male,Stírion,Kwilith,6961.87,EUR
Betty,Garrett,bgarrett3u@barnesandnoble.com,Greece,Female,Aiánteio,Aimbo,63024.08,EUR
Evelyn,Cooper,ecooper3v@yahoo.com,Indonesia,Female,Krajan Menggare,Ooba,76364.25,IDR
Lisa,Russell,lrussell3w@bbc.co.uk,Indonesia,Female,Maunuri,Aibox,66455.83,IDR
Marie,Cunningham,mcunningham3x@google.com.au,Portugal,Female,Ponta da Garça,Mydeo,46851.04,EUR
Donald,Jacobs,djacobs3y@lulu.com,Costa Rica,Male,Batán,Dablist,84551.79,CRC
Eric,Wells,ewells3z@kickstarter.com,Egypt,Male,Dayrūţ,Yodo,60871.48,EGP
Emily,Harrison,eharrison40@google.nl,Mongolia,Female,Bayanhongor,Eabox,55650.78,MNT
Stephanie,Murphy,smurphy41@jugem.jp,China,Female,Xinhua,Pixoboo,77406.43,CNY
Brenda,Armstrong,barmstrong42@google.de,Russia,Female,Zmeyskaya,Yadel,45469.34,RUB
Michelle,Berry,mberry43@quantcast.com,China,Female,Haolaishan,Photobean,77757.90,CNY
Louis,Palmer,lpalmer44@yellowpages.com,Russia,Male,Pyatovskiy,Ozu,67370.13,RUB
Joshua,Henry,jhenry45@va.gov,Czech Republic,Male,Chyšky,Edgetag,3073.69,CZK
Billy,Wagner,bwagner46@comcast.net,France,Male,Saint-Étienne,Gigashots,96234.09,EUR
Karen,Carter,kcarter47@icq.com,Indonesia,Female,Sangumata,Rhynyx,18828.36,IDR
Michelle,Gardner,mgardner48@usnews.com,China,Female,Jinping,Skibox,19327.65,CNY
Ashley,Medina,amedina49@wikimedia.org,China,Female,Gaoqiao,Dablist,72270.75,CNY
Arthur,Simpson,asimpson4a@spotify.com,Brazil,Male,Maragogipe,Twitternation,47318.92,BRL
Earl,Miller,emiller4b@taobao.com,Nigeria,Male,Ngala,Photofeed,99286.07,NGN
Jacqueline,Freeman,jfreeman4c@arstechnica.com,Philippines,Female,Bauan,Babbleopia,18622.45,PHP
Rose,Mitchell,rmitchell4d@aol.com,Philippines,Female,Cayang,Skajo,14773.05,PHP
Joyce,James,jjames4e@bbc.co.uk,Indonesia,Female,Tutnae,Realbuzz,17864.42,IDR
Jack,Armstrong,jarmstrong4f@narod.ru,United States,Male,Simi Valley,Chatterpoint,36881.43,USD
Earl,Hill,ehill4g@imdb.com,China,Male,Dongdajie,Yadel,11704.24,CNY
Wayne,Wood,wwood4h@arstechnica.com,Guatemala,Male,Gualán,Fivespan,31273.05,GTQ
Irene,Williams,iwilliams4i@cnn.com,Russia,Female,Sabnova,Wikivu,78211.88,RUB
Philip,Hernandez,phernandez4j@unc.edu,Ecuador,Male,Bahía de Caráquez,Jaxspan,40059.35,USD
Catherine,Andrews,candrews4k@google.com.hk,China,Female,Taosha,Voomm,65806.61,CNY
Louise,Scott,lscott4l@squarespace.com,China,Female,Checun,Layo,90225.14,CNY
Edward,Bradley,ebradley4m@sphinn.com,Indonesia,Male,Bantul,Rhynoodle,,IDR
Tina,Lawson,tlawson4n@yandex.ru,Indonesia,Female,Krajan,Twitterlist,3547.75,IDR
Ernest,Warren,ewarren4o@sohu.com,Tanzania,Male,Issenye,Mynte,97820.79,TZS
Randy,Ramirez,rramirez4p@twitter.com,Iran,Male,Malekān,Devcast,94138.31,IRR
Marie,Lopez,mlopez4q@artisteer.com,Indonesia,Female,Titab,Wikizz,8963.60,IDR
Gary,Gibson,ggibson4r@examiner.com,Poland,Male,Marki,Dynabox,74070.77,PLN
Sharon,Garrett,sgarrett4s@state.tx.us,China,Female,Qizili,Demimbu,70490.19,CNY
Gregory,Carter,gcarter4t@behance.net,Mauritius,Male,Grand Sable,Bubbletube,8431.46,MUR
Roy,Hunt,rhunt4u@51.la,China,Male,Baiguo,Vinte,39095.50,CNY
Gerald,Thompson,gthompson4v@geocities.jp,Bangladesh,Male,Mirzāpur,Jatri,25724.30,BDT
Juan,Hill,jhill4w@dagondesign.com,Indonesia,Male,Jetis,Skibox,79952.89,IDR
Irene,Fernandez,ifernandez4x@globo.com,China,Female,Baohe,Dazzlesphere,84368.90,CNY
Melissa,Hunter,mhunter4y@qq.com,United States,Female,Omaha,Dablist,8658.88,USD
Gerald,Palmer,gpalmer4z@google.com.hk,Indonesia,Male,Cisarap,Kwideo,82826.88,IDR
Lawrence,Hicks,lhicks50@bluehost.com,Brazil,Male,Cajazeiras,Zoomzone,58434.48,BRL
Deborah,Harper,dharper51@cafepress.com,France,Female,Clermont-Ferrand,Dynava,91076.16,EUR
Betty,Cook,bcook52@businessweek.com,Greece,Female,Pappádos,Twitterlist,8125.80,EUR
Eugene,Lane,elane53@tripadvisor.com,China,Male,Rawa,Zoomzone,27814.93,CNY
Mildred,Garcia,mgarcia54@webeden.co.uk,China,Female,Hebi,Thoughtstorm,74592.60,CNY
Gerald,Gomez,ggomez55@who.int,Peru,Male,Ambar,Katz,67963.33,PEN
George,Alexander,galexander56@geocities.jp,Peru,Male,Pira,Miboo,5275.30,PEN
Albert,Pierce,apierce57@feedburner.com,Mexico,Male,Rancho Nuevo,Quire,78553.97,MXN
Louise,Scott,lscott58@e-recht24.de,Czech Republic,Female,Mistřice,Skimia,32334.41,CZK
Eric,Romero,eromero59@sakura.ne.jp,Madagascar,Male,Andramasina,Livetube,78386.17,MGA
Harry,Fields,hfields5a@washington.edu,Indonesia,Male,Jajaway,Edgeclub,66121.35,IDR
Susan,Kennedy,skennedy5b@live.com,Poland,Female,Kiernozia,Ailane,44434.22,PLN
Kathleen,Bowman,kbowman5c@aboutads.info,Nigeria,Female,Ekpoma,Babbleopia,,NGN
Sharon,Rodriguez,srodriguez5d@cnet.com,Colombia,Female,Buenaventura,Mita,77938.11,COP
Jeffrey,Shaw,jshaw5e@imdb.com,Philippines,Male,Valencia,Vimbo,23884.18,PHP
Ruth,Davis,rdavis5f@ow.ly,Colombia,Female,Aldana,Gabtype,36093.01,COP
Barbara,Schmidt,bschmidt5g@google.de,Portugal,Female,Óbidos,Ainyx,59210.75,EUR
Terry,Ruiz,truiz5h@youtu.be,Indonesia,Male,Banggel,Tekfly,,IDR
Alice,Gardner,agardner5i@ihg.com,Brazil,Female,Itapuí,Wikizz,87052.86,BRL
Gerald,Boyd,gboyd5j@sohu.com,Russia,Male,Rossosh’,Skyble,36901.15,RUB
Jeffrey,Porter,jporter5k@baidu.com,Indonesia,Male,Leran Wetan,Brainverse,74019.58,IDR
Ashley,Andrews,aandrews5l@goodreads.com,China,Female,Anyang,Twimm,83408.22,CNY
Elizabeth,Porter,eporter5m@dropbox.com,Cambodia,Female,Prey Veng,Jabberbean,24832.41,KHR
Patrick,Jenkins,pjenkins5n@cornell.edu,Brazil,Male,Iúna,Edgeblab,4064.32,BRL
Sarah,Lawrence,slawrence5o@themeforest.net,Portugal,Female,Ameixoeira,Youspan,84532.24,EUR
Timothy,Thomas,tthomas5p@mysql.com,Indonesia,Male,Naikolan,Tambee,51773.34,IDR
Peter,Edwards,pedwards5q@statcounter.com,China,Male,Qingshan,Pixonyx,68434.46,CNY
Teresa,Green,tgreen5r@bloglines.com,Poland,Female,Lubenia,Skalith,54306.90,PLN
Jesse,Elliott,jelliott5s@wufoo.com,Philippines,Male,Pogonsili,Tagfeed,11051.45,PHP
Nancy,Gonzalez,ngonzalez5t@tinyurl.com,Brazil,Female,José de Freitas,Twitterworks,86771.96,BRL
Frank,Rice,frice5u@de.vu,Czech Republic,Male,Žebrák,Skippad,46952.90,CZK
Joe,Grant,jgrant5v@symantec.com,Philippines,Male,Lapi,Tagtune,,PHP
Kenneth,Frazier,kfrazier5w@economist.com,United States,Male,Van Nuys,Babbleopia,33487.47,USD
Kathryn,Coleman,kcoleman5x@godaddy.com,Philippines,Female,Sindangan,Photobug,71634.98,PHP
Christine,Hunt,chunt5y@gnu.org,China,Female,Chengdong,Ozu,27172.83,CNY
Cynthia,Murphy,cmurphy5z@hc360.com,Hong Kong,Female,Hong Kong,Yozio,78442.89,HKD
Jason,Young,jyoung60@gizmodo.com,Denmark,Male,København,Cogibox,1690.63,DKK
Walter,Wallace,wwallace61@naver.com,Thailand,Male,Lat Yao,Blogpad,73328.19,THB
Howard,Carroll,hcarroll62@biblegateway.com,Kenya,Male,Kabarnet,Jaxbean,79271.22,KES
Martin,Porter,mporter63@nbcnews.com,Vietnam,Male,Phù Mỹ,Voomm,59085.63,VND
Diane,Fernandez,dfernandez64@globo.com,Portugal,Female,Seara,Topiclounge,90881.59,EUR
Jerry,Reed,jreed65@linkedin.com,Uganda,Male,Dokolo,Browsedrive,495.73,UGX
Raymond,Hanson,rhanson66@newsvine.com,Philippines,Male,Balud,Ozu,56780.83,PHP
Henry,Green,hgreen67@nydailynews.com,China,Male,Kertai,Dabfeed,,CNY
Roy,Frazier,rfrazier68@mtv.com,Cyprus,Male,Larnaca,Topicware,71617.99,EUR
Kimberly,Cole,kcole69@usatoday.com,Russia,Female,Troitskoye,Oozz,,RUB
Philip,Greene,pgreene6a@illinois.edu,China,Male,Tancheng,Twitternation,44975.13,CNY
Richard,Burton,rburton6b@yandex.ru,China,Male,Tanshan,Snaptags,42751.45,CNY
Jason,Mason,jmason6c@netscape.com,Japan,Male,Miyoshi,Izio,85325.01,JPY
Rose,Howell,rhowell6d@ihg.com,China,Female,Shanhou,Realcube,78900.59,CNY
Susan,Stanley,sstanley6e@dagondesign.com,Portugal,Female,Calde,Edgepulse,91194.45,EUR
Timothy,Lynch,tlynch6f@rakuten.co.jp,Russia,Male,Tomarovka,Trunyx,5209.21,RUB
Antonio,Elliott,aelliott6g@pbs.org,Palestinian Territory,Male,Dayr al Ghuşūn,Agimba,,ILS
Rose,Rose,rrose6h@go.com,Philippines,Female,Bontoc,Avamba,29282.12,PHP
Kathryn,Brooks,kbrooks6i@yellowbook.com,China,Female,Haoba,Zoomlounge,15344.29,CNY
Mildred,Black,mblack6j@google.it,Venezuela,Female,Valle de La Pascua,Plambee,25583.16,VEF
Edward,Thomas,ethomas6k@loc.gov,China,Male,Nyima,Voonder,47398.26,CNY
Randy,Kelley,rkelley6l@phpbb.com,Ukraine,Male,Simeykyne,Gigazoom,84315.25,UAH
Ann,West,awest6m@gnu.org,Portugal,Female,Reguengos de Monsaraz,Agimba,17463.12,EUR
Rose,Howard,rhoward6n@ovh.net,Botswana,Female,Francistown,Vidoo,12908.85,BWP
Shirley,Wheeler,swheeler6o@elegantthemes.com,Philippines,Female,Novallas,Eazzy,29512.75,PHP
Jacqueline,Burke,jburke6p@auda.org.au,Mali,Female,Bla,Geba,96258.35,XOF
Jacqueline,Marshall,jmarshall6q@homestead.com,Haiti,Female,Pétionville,Wordware,53663.51,HTG
Amy,Martinez,amartinez6r@ibm.com,Poland,Female,Ochojno,Skivee,25558.20,PLN
Amy,Gonzales,agonzales6s@economist.com,Japan,Female,Toyokawa,Flashspan,33116.68,JPY
Keith,Pierce,kpierce6t@ebay.com,Sweden,Male,Kungsbacka,Avamm,46057.26,SEK
Wanda,Wells,wwells6u@pen.io,Indonesia,Female,Bantardawa,Oozz,34233.33,IDR
Irene,Green,igreen6v@simplemachines.org,China,Female,Meiyao,Rhynoodle,62678.78,CNY
Lois,Williams,lwilliams6w@senate.gov,Indonesia,Female,Cikadu,Gabtune,94768.34,IDR
Bonnie,Young,byoung6x@lulu.com,China,Female,Nanmen,Oyope,75863.54,CNY
Earl,Price,eprice6y@wiley.com,Mongolia,Male,Dzüünbulag,Browsebug,21151.14,MNT
Marilyn,George,mgeorge6z@livejournal.com,Russia,Female,Kola,Zoonoodle,,RUB
Phillip,Campbell,pcampbell70@virginia.edu,Namibia,Male,Lüderitz,Lajo,44544.72,NAD
Henry,Clark,hclark71@wiley.com,Mexico,Male,Roma,Rhynoodle,88270.13,MXN
Fred,Alvarez,falvarez72@howstuffworks.com,Bolivia,Male,Cliza,Skilith,59227.63,BOB
Carlos,Ramirez,cramirez73@marketwatch.com,Poland,Male,Strzelce,Tagtune,23477.69,PLN
Diana,Crawford,dcrawford74@archive.org,Portugal,Female,São Pedro,Quimba,37927.39,EUR
Wanda,Welch,wwelch75@spiegel.de,Philippines,Female,San Bernardo,Zooveo,,PHP
Jacqueline,Parker,jparker76@arizona.edu,Czech Republic,Female,Telnice,Photobug,36864.07,CZK
Tina,Jackson,tjackson77@wired.com,Portugal,Female,Peso da Régua,Lajo,77434.34,EUR
Susan,Mason,smason78@techcrunch.com,Peru,Female,Callahuanca,Kwideo,3924.91,PEN
John,Cox,jcox79@elpais.com,Kazakhstan,Male,Shar,Lazzy,,KZT
Edward,Reid,ereid7a@japanpost.jp,France,Male,Thaon-les-Vosges,Devify,18401.54,EUR
Howard,Richardson,hrichardson7b@irs.gov,Malaysia,Male,Kangar,Youspan,80055.27,MYR
Kathryn,Butler,kbutler7c@list-manage.com,Brazil,Female,Itapira,Myworks,10100.76,BRL
Bruce,Clark,bclark7d@skype.com,Panama,Male,Changuinola,Livetube,63789.19,PAB
Amy,Martin,amartin7e@usatoday.com,Canada,Female,Edson,Thoughtsphere,8135.45,CAD
Brandon,Foster,bfoster7f@meetup.com,Portugal,Male,Santa Cruz,Linktype,17402.77,EUR
Richard,Duncan,rduncan7g@ucla.edu,Peru,Male,Patambuco,Edgewire,12226.28,PEN
Nicholas,Butler,nbutler7h@cargocollective.com,Philippines,Male,San Jacinto,Yadel,22326.53,PHP
Randy,Matthews,rmatthews7i@google.com,Japan,Male,Sakaiminato,Zava,38005.09,JPY
Diane,Fuller,dfuller7j@accuweather.com,Tanzania,Female,Makuyuni,Trudeo,,TZS
Ann,Chapman,achapman7k@pcworld.com,Ecuador,Female,Nueva Loja,Realcube,35504.05,USD
Julie,Evans,jevans7l@whitehouse.gov,France,Female,Avignon,Gabcube,66471.80,EUR
Justin,Hall,jhall7m@google.ca,China,Male,Huilong,Trilia,53883.71,CNY
Aaron,Watkins,awatkins7n@google.pl,United Kingdom,Male,Norton,Trupe,92114.20,GBP
Craig,King,cking7o@gov.uk,Philippines,Male,Concepcion,Yakijo,48579.68,PHP
Sara,Gomez,sgomez7p@wiley.com,France,Female,Castres,Blogpad,4917.08,EUR
Bobby,Garza,bgarza7q@freewebs.com,China,Male,Wangcao,Dabvine,64705.42,CNY
Alice,Robertson,arobertson7r@nsw.gov.au,Bulgaria,Female,Radomir,Vidoo,40772.16,BGN
Martin,Hamilton,mhamilton7s@rambler.ru,Indonesia,Male,Batulawang,Tambee,8749.83,IDR
Carolyn,Russell,crussell7t@home.pl,Russia,Female,Chekhov,Flipstorm,19929.20,RUB
Lawrence,Walker,lwalker7u@yandex.ru,Canada,Male,Amqui,Yodoo,40622.23,CAD
Sean,Rodriguez,srodriguez7v@businessweek.com,China,Male,Haokou,Zoomlounge,30963.00,CNY
Stephanie,White,swhite7w@flavors.me,France,Female,Lucé,Oyoyo,40554.30,EUR
Douglas,White,dwhite7x@apache.org,Argentina,Male,Laguna Limpia,Photojam,96642.07,ARS
Ann,Garrett,agarrett7y@yellowbook.com,France,Female,Poitiers,Feedmix,81873.04,EUR
Gerald,Murray,gmurray7z@yahoo.com,China,Male,Touying,Babblestorm,57882.98,CNY
Karen,Reed,kreed80@narod.ru,China,Female,Houjiachuan,Voonte,5078.29,CNY
Justin,Lawrence,jlawrence81@shop-pro.jp,Kazakhstan,Male,Esil,Mydeo,,KZT
Patricia,Reid,preid82@liveinternet.ru,China,Female,Zhongshan,Rhynoodle,,CNY
Billy,Mitchell,bmitchell83@usatoday.com,Ukraine,Male,Verenchanka,Reallinks,7229.45,UAH
Cynthia,Hughes,chughes84@fotki.com,Nigeria,Female,Yanda Bayo,Zoomdog,,NGN
Jimmy,Watkins,jwatkins85@free.fr,Indonesia,Male,Lewokluok,Kwinu,8735.63,IDR
Steven,Little,slittle86@blogtalkradio.com,Philippines,Male,Oslob,Zazio,53119.57,PHP
Marie,Carter,mcarter87@technorati.com,Argentina,Female,Marcos Juárez,Centizu,12573.29,ARS
Timothy,Watkins,twatkins88@moonfruit.com,Namibia,Male,Okakarara,Gabvine,89112.22,NAD
Christine,Morales,cmorales89@wisc.edu,Cuba,Female,Matanzas,Devbug,91129.87,CUP
Teresa,Mccoy,tmccoy8a@merriam-webster.com,Cyprus,Female,Tála,Vimbo,70660.78,EUR
Theresa,Black,tblack8b@stumbleupon.com,Cameroon,Female,Melong,Buzzbean,12189.13,XAF
David,Mason,dmason8c@zdnet.com,Peru,Male,Coris,Tagtune,2904.62,PEN
Jesse,Pierce,jpierce8d@altervista.org,Indonesia,Male,Sopla,Linkbridge,76628.86,IDR
Heather,Snyder,hsnyder8e@tamu.edu,Philippines,Female,Estaca,Fatz,47947.56,PHP
Lois,Richards,lrichards8f@tinypic.com,Indonesia,Female,Pinrang,Eadel,45281.24,IDR
Shirley,Ward,sward8g@fc2.com,China,Female,Qinggis Han,Yakijo,,CNY
Rose,Hicks,rhicks8h@bloomberg.com,China,Female,Xinming,Trupe,91602.29,CNY
Lisa,Perez,lperez8i@abc.net.au,Mexico,Female,Buenavista,Buzzshare,48434.50,MXN
Marie,Walker,mwalker8j@mediafire.com,Belarus,Female,Khatsyezhyna,Yoveo,,BYR
Joe,Foster,jfoster8k@hibu.com,Brazil,Male,Pedro II,Jaxbean,1216.96,BRL
Carl,Black,cblack8l@delicious.com,Germany,Male,Berlin,Zoomcast,1333.26,EUR
Jeremy,Bell,jbell8m@patch.com,China,Male,Yaqian,Ailane,67849.10,CNY
Willie,Mitchell,wmitchell8n@dropbox.com,Albania,Male,Gjirokastër,Eamia,30984.95,ALL
Brenda,Morris,bmorris8o@ucsd.edu,Panama,Female,Vista Hermosa,Mymm,24289.20,PAB
Annie,Harrison,aharrison8p@soundcloud.com,Iran,Female,Solţānābād,Fatz,91886.91,IRR
Alan,Wagner,awagner8q@google.nl,China,Male,Shijiao,Jazzy,74598.53,CNY
Virginia,Dixon,vdixon8r@instagram.com,United States,Female,Rochester,Blognation,88661.88,USD
David,Wells,dwells8s@ask.com,Russia,Male,Seymchan,Yodoo,91033.79,RUB
Ruby,Reid,rreid8t@eepurl.com,Greece,Female,Álli Meriá,Twitterworks,553.92,EUR
Pamela,Roberts,proberts8u@delicious.com,Sweden,Female,Älmhult,Skinte,,SEK
Betty,Garrett,bgarrett8v@prweb.com,Indonesia,Female,Kampungtengah,Yakijo,2587.98,IDR
Michael,Ruiz,mruiz8w@angelfire.com,Armenia,Male,Haghartsin,Kamba,8177.13,AMD
Henry,Carr,hcarr8x@abc.net.au,Philippines,Male,Sanghan,Nlounge,36154.64,PHP
Jeffrey,Burke,jburke8y@unicef.org,Brazil,Male,Matelândia,Zoombox,81835.37,BRL
Sara,Lawrence,slawrence8z@shop-pro.jp,United Arab Emirates,Female,Dibba Al-Hisn,Linkbuzz,59013.19,AED
Adam,White,awhite90@cnn.com,Indonesia,Male,Sindang,Skajo,37063.61,IDR
Joshua,Medina,jmedina91@amazonaws.com,Sudan,Male,Port Sudan,Pixoboo,17837.77,SDG
Brian,Spencer,bspencer92@phpbb.com,Palestinian Territory,Male,‘Abasān al Kabīrah,Talane,65539.31,ILS
Craig,Fuller,cfuller93@sun.com,China,Male,Xincheng Chengguanzhen,Jaxworks,93730.46,CNY
Bobby,Holmes,bholmes94@skyrock.com,China,Male,Baishan,Jabberbean,21147.99,CNY
Thomas,Ramirez,tramirez95@opera.com,Lithuania,Male,Žagarė,Photolist,79289.21,LTL
Walter,Clark,wclark96@google.ru,China,Male,Kedian,Blogtag,53410.93,CNY
Sara,Watkins,swatkins97@mozilla.org,South Korea,Female,Changsu,Kwideo,63255.70,KRW
Patricia,Wells,pwells98@ucoz.ru,Indonesia,Female,Merapit,Abatz,66843.45,IDR
Nicholas,Brown,nbrown99@seattletimes.com,United States,Male,Denver,Zoonder,95688.97,USD
Jane,Boyd,jboyd9a@usa.gov,China,Female,Xinchengpu,Oyoyo,4240.19,CNY
Irene,Washington,iwashington9b@behance.net,Greece,Female,Néa Filadélfeia,Babbleopia,,EUR
Sean,Price,sprice9c@dailymail.co.uk,Russia,Male,Troitskoye,Izio,60615.10,RUB
Pamela,Price,pprice9d@histats.com,Russia,Female,Reshetnikovo,Devcast,35019.58,RUB
Louis,Gilbert,lgilbert9e@shop-pro.jp,Brazil,Male,Ponta Porã,Zoomlounge,93839.55,BRL
Susan,Kelly,skelly9f@prweb.com,China,Female,Changsheng,Babbleopia,19768.92,CNY
Sandra,Schmidt,sschmidt9g@ucoz.ru,China,Female,Wuquan,Skimia,99019.11,CNY
Phillip,Reyes,preyes9h@buzzfeed.com,Russia,Male,Tugulym,Bubblemix,48601.91,RUB
Lisa,Mitchell,lmitchell9i@drupal.org,China,Female,Dazhou,Skipfire,13255.36,CNY
Willie,Graham,wgraham9j@elpais.com,Serbia,Male,Banatski Dvor,Einti,80858.39,RSD
Johnny,Wallace,jwallace9k@sina.com.cn,Philippines,Male,Bauang,Plajo,33943.57,PHP
Ashley,Fuller,afuller9l@ihg.com,Panama,Female,Sabanitas,Camimbo,1002.55,PAB
George,Kelly,gkelly9m@a8.net,Russia,Male,Privodino,Babbleblab,91095.41,RUB
Janice,Warren,jwarren9n@cam.ac.uk,China,Female,Shanhaiguan,Zoombeat,39456.01,CNY
Tina,Howard,thoward9o@ow.ly,China,Female,Jinshiqiao,Meemm,25606.43,CNY
Juan,Hall,jhall9p@photobucket.com,China,Male,Dagou,Jaxbean,49586.57,CNY
Joshua,Spencer,jspencer9q@fema.gov,Zambia,Male,Monze,Tagcat,32180.56,ZMW
Janet,Harris,jharris9r@ow.ly,Dominican Republic,Female,Gonzalo,Gabvine,,DOP
Steve,Ellis,sellis9s@hc360.com,Russia,Male,Ust’-Donetskiy,Mita,89631.25,RUB
Michael,Anderson,manderson9t@jiathis.com,Honduras,Male,Peña Blanca,Blognation,78867.50,HNL
Frank,Dean,fdean9u@imageshack.us,China,Male,Ningzhong,Wikivu,55485.05,CNY
Tina,Tucker,ttucker9v@mashable.com,China,Female,Yuquan,Realpoint,42658.88,CNY
Nicole,Rice,nrice9w@addthis.com,United States,Female,Orlando,Buzzdog,97651.70,USD
Catherine,Banks,cbanks9x@ft.com,Madagascar,Female,Ambositra,Yacero,28611.26,MGA
Harry,Graham,hgraham9y@deviantart.com,China,Male,Jieshou,Brightbean,94925.76,CNY
Patricia,Ellis,pellis9z@discuz.net,Norway,Female,Oslo,Fliptune,35732.33,NOK
Martin,Nelson,mnelsona0@walmart.com,Cameroon,Male,Bélel,Eabox,69941.21,XAF
John,Bryant,jbryanta1@youtu.be,Czech Republic,Male,Sobotka,Rhybox,70203.22,CZK
Ruby,Hicks,rhicksa2@acquirethisname.com,Benin,Female,Abomey,Skalith,74711.19,XOF
Irene,Fuller,ifullera3@wired.com,Indonesia,Female,Pasirangin Tiga,Voomm,74426.25,IDR
James,Simpson,jsimpsona4@opensource.org,Brazil,Male,Jaguariaíva,Tavu,46267.12,BRL
Benjamin,Collins,bcollinsa5@cbc.ca,Japan,Male,Gujō,Cogidoo,17841.61,JPY
Ronald,Peters,rpetersa6@walmart.com,Greece,Male,Géfyra,Bluejam,,EUR
Laura,Dean,ldeana7@sourceforge.net,Indonesia,Female,Situsari,Teklist,99157.35,IDR
Louis,Jones,ljonesa8@pinterest.com,Philippines,Male,Davao,Fiveclub,69465.96,PHP
Christina,Roberts,crobertsa9@webnode.com,Greece,Female,Svorónos,Tagchat,5438.75,EUR
Susan,Bailey,sbaileyaa@nih.gov,Russia,Female,Sortavala,Dabjam,,RUB
Diane,Stephens,dstephensab@qq.com,Thailand,Female,Ban Talat Bueng,Demivee,70476.06,THB
Robin,Ward,rwardac@nasa.gov,Mongolia,Female,Bayangol,Jayo,80084.76,MNT
Jonathan,Jackson,jjacksonad@meetup.com,China,Male,Tongzilin,Shuffletag,17048.85,CNY
Willie,Wells,wwellsae@blog.com,Brazil,Male,São Mateus do Maranhão,Skimia,,BRL
Maria,Stephens,mstephensaf@reverbnation.com,China,Female,Huaminglou,Meemm,19172.56,CNY
William,Williamson,wwilliamsonag@newyorker.com,Indonesia,Male,Igir-igir,Realfire,85662.60,IDR
Eugene,Gardner,egardnerah@diigo.com,Finland,Male,Kouvola,Blognation,89777.48,EUR
Bruce,Shaw,bshawai@sitemeter.com,Brazil,Male,Timbiras,Photojam,78753.17,BRL
Tina,Bennett,tbennettaj@eepurl.com,Ukraine,Female,Pnikut,Dabjam,84492.27,UAH
Emily,Crawford,ecrawfordak@netlog.com,Indonesia,Female,Brondong,Aimbo,17685.16,IDR
Joe,Lewis,jlewisal@unesco.org,China,Male,Daping,Jaxspan,69044.55,CNY
Julia,Bryant,jbryantam@indiatimes.com,Philippines,Female,Maco,Talane,,PHP
Emily,Romero,eromeroan@springer.com,Indonesia,Female,Wonocolo,Topiczoom,76280.83,IDR
Thomas,Black,tblackao@smh.com.au,Brazil,Male,Jequitinhonha,Janyx,52492.13,BRL
Sarah,Kelley,skelleyap@psu.edu,Philippines,Female,Dalupaon,Realmix,18583.03,PHP
Phyllis,Clark,pclarkaq@addtoany.com,China,Female,Qianjia,Meevee,74813.71,CNY
Donna,Washington,dwashingtonar@bbb.org,Pakistan,Female,Mānānwāla,Eadel,51539.66,PKR
Wayne,Bennett,wbennettas@github.com,Paraguay,Male,Tobatí,Avamm,17619.31,PYG
Michael,Murray,mmurrayat@shop-pro.jp,China,Male,Jinshi,Blognation,26243.75,CNY
Alan,Washington,awashingtonau@howstuffworks.com,France,Male,Avignon,Blogtag,83473.33,EUR
Martin,Baker,mbakerav@berkeley.edu,Poland,Male,Kunów,Digitube,14068.09,PLN
Jeremy,Garza,jgarzaaw@cyberchimps.com,Canada,Male,Duncan,Shufflebeat,53545.28,CAD
Teresa,Bowman,tbowmanax@wp.com,Indonesia,Female,Mandikbatu,Realblab,73955.27,IDR
Julia,Warren,jwarrenay@theguardian.com,Argentina,Female,Oncativo,Linktype,,ARS
Carlos,Reed,creedaz@creativecommons.org,Sweden,Male,Vällingby,Devshare,35955.76,SEK
Edward,Evans,eevansb0@hud.gov,Russia,Male,Yubileyny,Fadeo,61383.52,RUB
Shawn,Johnson,sjohnsonb1@latimes.com,Indonesia,Male,Kertabumi,Twimbo,99931.97,IDR
Irene,Rodriguez,irodriguezb2@nydailynews.com,Japan,Female,Hayama,Jamia,19157.91,JPY
Sean,Jordan,sjordanb3@cpanel.net,Sweden,Male,Mörrum,Miboo,,SEK
Jeffrey,Stanley,jstanleyb4@archive.org,Russia,Male,Grebnevo,Gigabox,33059.53,RUB
Larry,Richards,lrichardsb5@businessinsider.com,Democratic Republic of the Congo,Male,Gbadolite,Reallinks,29942.19,CDF
Paula,Mitchell,pmitchellb6@paypal.com,Russia,Female,Ugra,Jetpulse,32153.11,RUB
Robin,Wallace,rwallaceb7@cargocollective.com,Pakistan,Female,Faisalābād,Livepath,10768.10,PKR
Antonio,Frazier,afrazierb8@reddit.com,Sweden,Male,Mölndal,Quaxo,48449.87,SEK
Shawn,Phillips,sphillipsb9@hibu.com,United States,Male,Washington,Feedspan,51589.71,USD
Jack,Martin,jmartinba@jigsy.com,Czech Republic,Male,Bakov nad Jizerou,Twiyo,24875.34,CZK
Cynthia,Ramirez,cramirezbb@uiuc.edu,Sweden,Female,Västerås,Photojam,56346.71,SEK
Matthew,Price,mpricebc@jimdo.com,Bulgaria,Male,Kilifarevo,Trudeo,30202.99,BGN
Jason,Sullivan,jsullivanbd@nih.gov,Niger,Male,Ayorou,Dabjam,26978.31,XOF
Sean,Wagner,swagnerbe@bloglovin.com,South Korea,Male,Changnyeong,Flashspan,31552.88,KRW
Linda,Turner,lturnerbf@e-recht24.de,Brazil,Female,Paiçandu,Chatterbridge,98392.57,BRL
Clarence,Powell,cpowellbg@senate.gov,Zambia,Male,Kitwe,Roodel,50906.99,ZMW
Jose,Reid,jreidbh@youtu.be,Poland,Male,Dolice,Avamm,33673.14,PLN
Harry,Peterson,hpetersonbi@livejournal.com,Poland,Male,Lwówek Śląski,Fanoodle,92508.18,PLN
Howard,Graham,hgrahambj@house.gov,Indonesia,Male,Batulawang,Trupe,77623.90,IDR
Eugene,Ramirez,eramirezbk@slashdot.org,Namibia,Male,Okahandja,Roodel,14346.75,NAD
Gloria,Reynolds,greynoldsbl@free.fr,China,Female,Gaide,Kimia,79211.51,CNY
Walter,James,wjamesbm@comsenz.com,Sudan,Male,Geneina,Mymm,43977.29,SDG
Heather,Day,hdaybn@xinhuanet.com,United States,Female,San Diego,Edgeify,29633.55,USD
Martin,Cunningham,mcunninghambo@stumbleupon.com,Spain,Male,Donostia-San Sebastian,Dynabox,37968.79,EUR
Victor,Howell,vhowellbp@github.io,Vietnam,Male,Hà Tĩnh,Flashdog,82600.70,VND
William,Meyer,wmeyerbq@shutterfly.com,Philippines,Male,Bauang,Thoughtbeat,91135.49,PHP
Mark,Hicks,mhicksbr@oaic.gov.au,Indonesia,Male,Kebon,Bluejam,46393.42,IDR
Cynthia,Rogers,crogersbs@wufoo.com,Thailand,Female,Lampang,Topiczoom,80683.47,THB
Benjamin,Gordon,bgordonbt@csmonitor.com,Indonesia,Male,Patrol,Devshare,43252.09,IDR
Bobby,Gardner,bgardnerbu@japanpost.jp,Mexico,Male,Reforma,Cogilith,52419.75,MXN
Earl,Coleman,ecolemanbv@theatlantic.com,Czech Republic,Male,Libušín,Vitz,67968.39,CZK
Louise,Austin,laustinbw@moonfruit.com,Brazil,Female,Jaguariaíva,Npath,,BRL
Carl,Taylor,ctaylorbx@sciencedirect.com,Czech Republic,Male,Tečovice,Nlounge,88765.60,CZK
Gloria,Martin,gmartinby@dmoz.org,China,Female,Beijie,Oodoo,24936.37,CNY
Catherine,Nelson,cnelsonbz@fema.gov,Micronesia,Female,Unanu,Wikido,30525.00,USD
Julie,Crawford,jcrawfordc0@intel.com,France,Female,Loudun,Cogidoo,,EUR
Philip,Ortiz,portizc1@prlog.org,Pakistan,Male,Chowki Jamali,Photospace,25780.96,PKR
Gerald,Torres,gtorresc2@stumbleupon.com,China,Male,Xiaohe,Eazzy,23926.28,CNY
Billy,Freeman,bfreemanc3@cyberchimps.com,Yemen,Male,Ḩabīl al Jabr,Yambee,4401.53,YER
Virginia,Franklin,vfranklinc4@istockphoto.com,Brazil,Female,Água Preta,Kwimbee,21993.48,BRL
Anthony,Mccoy,amccoyc5@uiuc.edu,United States,Male,Beaumont,Zooveo,26877.46,USD
Joseph,Russell,jrussellc6@tinypic.com,Ukraine,Male,Kolochava,Kwilith,3668.66,UAH
Ernest,Matthews,ematthewsc7@icio.us,Yemen,Male,Majzar,Plajo,96638.40,YER
Norma,Robertson,nrobertsonc8@privacy.gov.au,Poland,Female,Stoczek Łukowski,Cogilith,70480.97,PLN
Doris,Fisher,dfisherc9@canalblog.com,Philippines,Female,Kabacan,Tekfly,64923.48,PHP
Susan,Price,spriceca@godaddy.com,Tanzania,Female,Kintinku,Realmix,81848.77,TZS
Charles,Cruz,ccruzcb@cdbaby.com,China,Male,Akebielidou,Rooxo,15644.47,CNY
Jeffrey,Hansen,jhansencc@soup.io,Peru,Male,Manuel Antonio Mesones Muro,Linkbuzz,,PEN
Charles,Matthews,cmatthewscd@harvard.edu,Senegal,Male,Ouro Sogui,Avamm,8298.53,XOF
Jesse,Perry,jperryce@noaa.gov,Brazil,Male,Barra do Corda,Eire,77002.60,BRL
Anne,Lawrence,alawrencecf@booking.com,China,Female,Dushan,Tekfly,78180.95,CNY
Patricia,Harrison,pharrisoncg@w3.org,Dominican Republic,Female,Pescadería,Meemm,48810.47,DOP
Henry,Bell,hbellch@paypal.com,Poland,Male,Parczew,Demizz,66309.56,PLN
William,Kim,wkimci@biblegateway.com,China,Male,Huangshan,Fivespan,,CNY
Carolyn,Nguyen,cnguyencj@posterous.com,Indonesia,Female,Punggurharjo,Yotz,85859.77,IDR
Larry,Freeman,lfreemanck@comcast.net,Mexico,Male,Del Valle,Skinder,40165.48,MXN
Gary,Rose,grosecl@oracle.com,Portugal,Male,Oliveira de Baixo,Eare,97003.22,EUR
Cheryl,Watson,cwatsoncm@dropbox.com,China,Female,Wudangshan,Photobug,70862.05,CNY
Marilyn,Martinez,mmartinezcn@gravatar.com,Russia,Female,Gorshechnoye,Zoombeat,74733.94,RUB
Maria,Weaver,mweaverco@opera.com,United States,Female,Detroit,Livepath,27014.24,USD
Heather,Wells,hwellscp@google.com.br,Czech Republic,Female,Mnichovo Hradiště,Oozz,17747.89,CZK
Margaret,Black,mblackcq@nasa.gov,Philippines,Female,Binabaan,Latz,31655.66,PHP
Paul,Cunningham,pcunninghamcr@theguardian.com,China,Male,Guandiping,Tagpad,33144.11,CNY
Julia,Sims,jsimscs@1688.com,China,Female,Xingang,Babblestorm,89874.14,CNY
Amy,Ruiz,aruizct@pbs.org,Portugal,Female,Orvalho,Kaymbo,18504.77,EUR
Gary,Ellis,gelliscu@chronoengine.com,Portugal,Male,Alcorriol,Twinte,99465.52,EUR
Stephen,Green,sgreencv@parallels.com,Brazil,Male,Piraju,Plambee,88433.71,BRL
Rebecca,Scott,rscottcw@google.com.au,Poland,Female,Lisewo,Kwilith,40680.68,PLN
Joshua,Diaz,jdiazcx@purevolume.com,Poland,Male,Skrzyszów,Thoughtbeat,54561.27,PLN
George,Morris,gmorriscy@marketwatch.com,Indonesia,Male,Panenjoan,Rhybox,65011.66,IDR
Keith,Myers,kmyerscz@comsenz.com,Japan,Male,Iwakura,Twitterwire,88358.60,JPY
Ralph,Knight,rknightd0@ebay.co.uk,Indonesia,Male,Meukek,Pixoboo,9549.03,IDR
Linda,Mason,lmasond1@themeforest.net,Barbados,Female,Bridgetown,Voolith,42438.83,BBD
Diane,Butler,dbutlerd2@sbwire.com,Indonesia,Female,Wangon,Buzzster,77937.25,IDR
Gregory,Kim,gkimd3@upenn.edu,Ireland,Male,Castlemartyr,Abatz,34548.53,EUR
Linda,Young,lyoungd4@sina.com.cn,Indonesia,Female,Tanahwulan,Dabjam,63806.69,IDR
Cheryl,Ward,cwardd5@utexas.edu,Indonesia,Female,Oemofa,Buzzshare,41704.57,IDR
Teresa,Hall,thalld6@cisco.com,Ukraine,Female,Subottsi,Geba,51626.51,UAH
Anna,Collins,acollinsd7@smh.com.au,Portugal,Female,Valado dos Frades,Topicstorm,79705.71,EUR
Phillip,Sims,psimsd8@wunderground.com,China,Male,Pingshui,Npath,71524.26,CNY
Betty,Bell,bbelld9@joomla.org,Botswana,Female,Kanye,Kazu,34254.95,BWP
Amanda,Powell,apowellda@ft.com,Peru,Female,Ocongate,Lajo,,PEN
Anne,Fuller,afullerdb@lycos.com,Syria,Female,‘Awaj,Tekfly,98567.66,SYP
Phillip,Gilbert,pgilbertdc@chron.com,Indonesia,Male,Grujugan,Divavu,40656.81,IDR
Denise,Collins,dcollinsdd@t.co,Portugal,Female,Odemira,Livepath,56028.14,EUR
Julie,Hamilton,jhamiltonde@weebly.com,Russia,Female,Surazh,Wordpedia,96974.56,RUB
Ruby,Jackson,rjacksondf@51.la,Armenia,Female,Armash,Jetpulse,305.75,AMD
Judy,Frazier,jfrazierdg@slate.com,Indonesia,Female,Lodoyo,Rhyloo,76901.11,IDR
Kimberly,Fowler,kfowlerdh@devhub.com,Bolivia,Female,Yamparáez,Lajo,8664.74,BOB
Johnny,Fernandez,jfernandezdi@squidoo.com,United States,Male,New York City,Quinu,66979.40,USD
Raymond,Snyder,rsnyderdj@nytimes.com,Peru,Male,Pajarillo,Babbleopia,,PEN
Jonathan,Bradley,jbradleydk@trellian.com,Philippines,Male,Maguilling,Minyx,25872.79,PHP
Todd,Wagner,twagnerdl@de.vu,Brazil,Male,Boa Esperança,Agivu,41347.82,BRL
Bobby,Simmons,bsimmonsdm@zdnet.com,Indonesia,Male,Kebonkaret,Mydo,23704.65,IDR
Nicholas,Bowman,nbowmandn@huffingtonpost.com,Russia,Male,Uchkeken,Jabberstorm,70323.71,RUB
Howard,Jordan,hjordando@unesco.org,China,Male,Zhangdian,Bluejam,60281.68,CNY
Alice,Richardson,arichardsondp@cyberchimps.com,Argentina,Female,Tecka,Dabvine,61376.49,ARS
Beverly,Chavez,bchavezdq@washington.edu,Indonesia,Female,Fatukanutu,Npath,15687.73,IDR
Amanda,Sanchez,asanchezdr@sun.com,China,Female,Dongfu,Oyonder,33205.76,CNY
Tammy,Bishop,tbishopds@theglobeandmail.com,Russia,Female,Magan,Eimbee,75321.27,RUB
Irene,Harvey,iharveydt@joomla.org,Russia,Female,Valday,Skivee,,RUB
Daniel,Richardson,drichardsondu@about.com,Russia,Male,Kostomuksha,Jayo,76507.20,RUB
Gary,Campbell,gcampbelldv@bluehost.com,Armenia,Male,Kamo,Thoughtblab,,AMD
Kelly,Weaver,kweaverdw@scribd.com,Philippines,Female,San Agustin,Roomm,34028.79,PHP
Ann,Stephens,astephensdx@mapy.cz,China,Female,Longquan,Twitternation,84806.77,CNY
Janice,Martin,jmartindy@dmoz.org,China,Female,Huazhuang,Skipstorm,7638.52,CNY
Amanda,Smith,asmithdz@printfriendly.com,Philippines,Female,Cervantes,Topdrive,19895.21,PHP
Amy,White,awhitee0@arizona.edu,Poland,Female,Jadowniki Mokre,Tagcat,99234.35,PLN
Jane,Simpson,jsimpsone1@toplist.cz,United States,Female,Santa Ana,Skippad,99206.69,USD
Judy,Reynolds,jreynoldse2@theatlantic.com,Russia,Female,Gryaznovskoye,Jabbercube,51733.08,RUB
Jonathan,Hunt,jhunte3@loc.gov,China,Male,Yandian,Oyoloo,86352.96,CNY
Sandra,Wilson,swilsone4@live.com,Philippines,Female,Inicbulan,Avaveo,48008.15,PHP
Harry,Jenkins,hjenkinse5@sourceforge.net,China,Male,Damiao,Gigabox,18317.66,CNY
Carl,Hawkins,chawkinse6@google.ru,Poland,Male,Krzeczów,Kwilith,12129.22,PLN
Doris,Morrison,dmorrisone7@army.mil,Sri Lanka,Female,Kuliyapitiya,Brainsphere,37141.55,LKR
Ronald,Stephens,rstephense8@ibm.com,Indonesia,Male,Karangsari,Linkbuzz,57634.04,IDR
Julie,King,jkinge9@unc.edu,Poland,Female,Miechów Charsznica,Roomm,,PLN
Joan,Harris,jharrisea@accuweather.com,Canada,Female,Bells Corners,Fiveclub,32875.69,CAD
Gloria,Perkins,gperkinseb@nhs.uk,Indonesia,Female,Oenam,Tekfly,55752.52,IDR
Gary,Gordon,ggordonec@imageshack.us,China,Male,Wanhu,Cogilith,74102.70,CNY
Teresa,Boyd,tboyded@cbslocal.com,China,Female,Yidao,Ozu,36390.06,CNY
Virginia,Simpson,vsimpsonee@hugedomains.com,China,Female,Zhuting,Brightbean,73267.92,CNY
Chris,Phillips,cphillipsef@ucoz.ru,Portugal,Male,Martingança,Skibox,8523.82,EUR
Bonnie,Alvarez,balvarezeg@wunderground.com,Sweden,Female,Boden,Photobug,,SEK
Rebecca,Payne,rpayneeh@behance.net,Ivory Coast,Female,Bonoua,Eayo,46652.84,XOF
Deborah,Medina,dmedinaei@craigslist.org,Portugal,Female,Foros de Salvaterra,Mudo,73502.17,EUR
Ruth,Mcdonald,rmcdonaldej@livejournal.com,Pakistan,Female,Chitral,Twinte,98803.93,PKR
Sara,Harvey,sharveyek@a8.net,Kazakhstan,Female,Shalqīya,Dynazzy,39899.56,KZT
Billy,Williams,bwilliamsel@tmall.com,Italy,Male,Verona,Oyope,18529.13,EUR
Maria,Fuller,mfullerem@pagesperso-orange.fr,Italy,Female,Milano,Eazzy,45009.31,EUR
Terry,Thompson,tthompsonen@networksolutions.com,Indonesia,Male,Imaan,Zava,23885.88,IDR
Dennis,Peterson,dpetersoneo@dyndns.org,China,Male,Gushi,Layo,27534.85,CNY
Beverly,Reynolds,breynoldsep@pagesperso-orange.fr,Portugal,Female,Baratã,Skyble,,EUR
Deborah,Payne,dpayneeq@nymag.com,United States,Female,Mesquite,Jabbersphere,91784.83,USD
Ralph,Phillips,rphillipser@simplemachines.org,Indonesia,Male,Jetak Kulon,Quatz,,IDR
Earl,Long,elonges@youku.com,Indonesia,Male,Seteluk Tengah,InnoZ,35588.95,IDR
Jason,Williamson,jwilliamsonet@latimes.com,Mexico,Male,Benito Juarez,Geba,2321.59,MXN
Bonnie,Stanley,bstanleyeu@bloglovin.com,United States,Female,San Diego,Geba,29888.63,USD
Janet,Gomez,jgomezev@themeforest.net,Thailand,Female,Bang Sai,Meembee,22548.50,THB
Billy,Hill,bhillew@foxnews.com,Macedonia,Male,Sekirnik,Buzzbean,70287.82,MKD
Chris,Holmes,cholmesex@sogou.com,Croatia,Male,Hvar,Photobug,40645.22,HRK
Ruth,Foster,rfosterey@cbsnews.com,Finland,Female,Kuhmo,Mybuzz,7301.81,EUR
Russell,Carpenter,rcarpenterez@wufoo.com,Indonesia,Male,Cibogo,Geba,,IDR
Lori,Young,lyoungf0@shop-pro.jp,Canada,Female,La Tuque,Voonyx,14675.34,CAD
Randy,Jordan,rjordanf1@dagondesign.com,South Africa,Male,Williston,Realbuzz,63831.95,ZAR
Jane,Fox,jfoxf2@umn.edu,Indonesia,Female,Banjarkemuning,Skibox,99430.27,IDR
William,Burke,wburkef3@discuz.net,Indonesia,Male,Kanigorokrajan,Meemm,68033.85,IDR
Julia,Baker,jbakerf4@hibu.com,Indonesia,Female,Ganding,Katz,,IDR
Kenneth,Berry,kberryf5@angelfire.com,China,Male,Muli,Kwideo,5135.22,CNY
Arthur,Berry,aberryf6@pen.io,Brazil,Male,Casa Branca,Browsebug,21298.82,BRL
Janet,Gonzalez,jgonzalezf7@nsw.gov.au,China,Female,Jiangzhou,Aimbu,57087.10,CNY
Annie,Johnston,ajohnstonf8@discovery.com,Netherlands,Female,Delft,Brainverse,3809.17,EUR
Melissa,Alexander,malexanderf9@vk.com,Thailand,Female,Mae Charim,Avavee,51702.02,THB
Joe,Hart,jhartfa@mlb.com,United States,Male,Pensacola,Flipbug,89146.40,USD
Debra,Porter,dporterfb@chron.com,United States,Female,Fort Worth,Pixope,78945.44,USD
Gary,Austin,gaustinfc@admin.ch,Syria,Male,As Suwaydā’,Eimbee,36998.06,SYP
Lawrence,Perez,lperezfd@reference.com,Poland,Male,Michałowice,Babbleblab,8590.89,PLN
Theresa,Gray,tgrayfe@google.fr,China,Female,Maji,Pixope,97708.71,CNY
Nicole,Reynolds,nreynoldsff@t.co,China,Female,Zhicheng,Eare,28769.36,CNY
Donald,Burton,dburtonfg@booking.com,Sweden,Male,Falun,Jabbercube,97019.90,SEK
Susan,Franklin,sfranklinfh@g.co,Philippines,Female,Bitin,Vitz,17710.41,PHP
Kathy,Simmons,ksimmonsfi@histats.com,Japan,Female,Kamiichi,Skipstorm,38587.91,JPY
Terry,Palmer,tpalmerfj@washingtonpost.com,Somalia,Male,Lughaye,Demivee,18007.13,SOS
Scott,Griffin,sgriffinfk@umich.edu,Colombia,Male,Ubaté,Skipfire,40813.14,COP
Cynthia,Fernandez,cfernandezfl@tuttocitta.it,Indonesia,Female,Kalangan,Tekfly,33750.30,IDR
Stephen,Willis,swillisfm@squidoo.com,Russia,Male,Novopavlovsk,Jabbertype,,RUB
Jean,Hawkins,jhawkinsfn@dell.com,China,Female,Jianqiao,Zoomlounge,,CNY
Jennifer,Hernandez,jhernandezfo@shareasale.com,Portugal,Female,Sabugal,Oyope,44202.37,EUR
Jonathan,Peterson,jpetersonfp@china.com.cn,Italy,Male,Messina,Oba,23081.25,EUR
Ruth,Williamson,rwilliamsonfq@dailymail.co.uk,Indonesia,Female,Golopau,Zoomcast,43690.81,IDR
Gary,Torres,gtorresfr@a8.net,Portugal,Male,Boavista,Muxo,46246.13,EUR
Denise,Richardson,drichardsonfs@seattletimes.com,Sweden,Female,Vårgårda,Photobean,40613.99,SEK
Clarence,Medina,cmedinaft@ameblo.jp,Tanzania,Male,Namalenga,Vipe,13223.37,TZS
Virginia,Baker,vbakerfu@timesonline.co.uk,Brazil,Female,Taiobeiras,Centimia,26190.07,BRL
Ruth,Gilbert,rgilbertfv@creativecommons.org,China,Female,Jinchang,Quatz,45090.85,CNY
Ashley,Perry,aperryfw@cafepress.com,Portugal,Female,Verba,Wikivu,11524.41,EUR
George,Williamson,gwilliamsonfx@myspace.com,Bolivia,Male,Cliza,Tanoodle,13835.65,BOB
Lori,Mills,lmillsfy@wikia.com,Kyrgyzstan,Female,Osh,Tazz,19916.65,KGS
Beverly,White,bwhitefz@washingtonpost.com,China,Female,Fengzhou,Topicshots,,CNY
Janet,Washington,jwashingtong0@ovh.net,Czech Republic,Female,Malonty,Mymm,,CZK
Alan,Carroll,acarrollg1@unesco.org,Poland,Male,Wierzawice,Shufflebeat,60804.25,PLN
Doris,Taylor,dtaylorg2@earthlink.net,China,Female,Beibei,Avavee,46667.31,CNY
Frances,Watson,fwatsong3@stanford.edu,Portugal,Female,Ribeira Quente,Zoozzy,97688.90,EUR
Theresa,Scott,tscottg4@marriott.com,China,Female,Micheng,Gigabox,85191.60,CNY
Stephen,Alvarez,salvarezg5@kickstarter.com,Russia,Male,Manturovo,Dynava,,RUB
Kelly,Gray,kgrayg6@posterous.com,Bosnia and Herzegovina,Female,Dobrljin,Yodo,4058.16,BAM
Benjamin,Cruz,bcruzg7@nationalgeographic.com,China,Male,Jiru,Flipbug,84456.59,CNY
Brian,Morrison,bmorrisong8@xing.com,Indonesia,Male,Bungkulan,Browsezoom,86915.47,IDR
David,Fernandez,dfernandezg9@photobucket.com,Morocco,Male,Aguelmous,Twiyo,80430.41,MAD
Jason,Watkins,jwatkinsga@bravesites.com,China,Male,Santiaoshi,Youspan,,CNY
Katherine,Richardson,krichardsongb@si.edu,Sweden,Female,Stockholm,Skyvu,23199.74,SEK
Steve,Mason,smasongc@cbslocal.com,Argentina,Male,Los Juríes,Devcast,25670.92,ARS
Lawrence,Rogers,lrogersgd@symantec.com,France,Male,Rouen,Twitternation,92217.95,EUR
Douglas,Nguyen,dnguyenge@mediafire.com,Russia,Male,Rakitnoye,Devshare,23896.97,RUB
Denise,Wood,dwoodgf@dion.ne.jp,China,Female,Sailaitang,Tambee,66948.42,CNY
Joe,Stewart,jstewartgg@epa.gov,China,Male,Jinhe,Dynabox,42393.60,CNY
Shawn,Sims,ssimsgh@google.pl,Philippines,Male,Buenavista,Voolith,95752.43,PHP
Kenneth,Austin,kaustingi@wikispaces.com,China,Male,Caihua,Devcast,60550.65,CNY
Andrew,Howard,ahowardgj@homestead.com,China,Male,Jiazi,Zooxo,,CNY
Paul,George,pgeorgegk@dmoz.org,Colombia,Male,Nariño,Oloo,28320.73,COP
Raymond,Cox,rcoxgl@e-recht24.de,Russia,Male,Perfilovo,Cogilith,2002.02,RUB
Patrick,Roberts,probertsgm@bloomberg.com,Bulgaria,Male,Suvorovo,Wikido,29054.52,BGN
Joan,Mccoy,jmccoygn@deviantart.com,France,Female,Bordeaux,Viva,27100.54,EUR
Paula,Rice,pricego@exblog.jp,Indonesia,Female,Cilaja,Roomm,31582.99,IDR
Jesse,Carpenter,jcarpentergp@epa.gov,Syria,Male,Badāmā,Tazzy,67852.80,SYP
Patrick,Taylor,ptaylorgq@goo.ne.jp,Norway,Male,Oslo,Jabbertype,,NOK
Janice,Watkins,jwatkinsgr@tinypic.com,Croatia,Female,Radoboj,Topiczoom,1910.00,HRK
Jean,Gutierrez,jgutierrezgs@smh.com.au,Greece,Female,Néa Palátia,Jaloo,80207.13,EUR
Julie,Kim,jkimgt@opera.com,Brazil,Female,Coruripe,Zoozzy,22433.20,BRL
Brandon,Berry,bberrygu@twitpic.com,Mongolia,Male,Eg-Uur,Shufflester,,MNT
Brandon,Dean,bdeangv@oakley.com,Indonesia,Male,Ngromo,Youfeed,6563.96,IDR
Christine,Wheeler,cwheelergw@rakuten.co.jp,Russia,Female,Starokorsunskaya,Dazzlesphere,77704.63,RUB
Roger,Stevens,rstevensgx@yellowbook.com,China,Male,Jiazhi,Skiba,80547.11,CNY
Andrea,Kelly,akellygy@amazon.co.uk,Russia,Female,Korenëvo,Eidel,,RUB
Earl,Robinson,erobinsongz@slideshare.net,China,Male,Dayang,Innojam,76683.38,CNY
Ruth,Knight,rknighth0@biglobe.ne.jp,China,Female,Shuanghe,Centimia,95479.59,CNY
Carol,Morris,cmorrish1@deliciousdays.com,Philippines,Female,Glad,Zooxo,79884.10,PHP
Joshua,Diaz,jdiazh2@ocn.ne.jp,Democratic Republic of the Congo,Male,Gbadolite,Fatz,8967.21,CDF
Patrick,Webb,pwebbh3@latimes.com,Indonesia,Male,Gadang,Topiczoom,20489.68,IDR
Phyllis,Evans,pevansh4@mapy.cz,Russia,Female,Nizhniy Kislyay,Izio,25530.77,RUB
Willie,Hughes,whughesh5@google.com.br,France,Male,Pau,Twinder,487.18,EUR
Kathleen,Simmons,ksimmonsh6@tmall.com,China,Female,Biru,Twinder,,CNY
Robin,Willis,rwillish7@delicious.com,Colombia,Female,Belén de los Andaquíes,Yoveo,19426.85,COP
Pamela,Armstrong,parmstrongh8@is.gd,Indonesia,Female,Neglasari,Trudeo,78678.05,IDR
Brenda,Gibson,bgibsonh9@cdbaby.com,France,Female,Brignoles,Vidoo,75035.59,EUR
John,Ryan,jryanha@privacy.gov.au,Portugal,Male,Serzedo,Blogpad,,EUR
Joyce,Kelly,jkellyhb@google.cn,China,Female,Shuiyuesi,Meeveo,57190.94,CNY
Clarence,Cunningham,ccunninghamhc@mapquest.com,Nigeria,Male,Igbor,Skilith,19790.64,NGN
Eric,Daniels,edanielshd@e-recht24.de,China,Male,Zaojiacheng,Avavee,73105.66,CNY
Antonio,Howell,ahowellhe@mozilla.com,Bangladesh,Male,Sirājganj,Brainbox,34815.83,BDT
David,Ramos,dramoshf@state.tx.us,China,Male,Yuyue,Oba,,CNY
Adam,Mccoy,amccoyhg@webs.com,Russia,Male,Novovladykino,Dabjam,44815.51,RUB
Maria,Marshall,mmarshallhh@360.cn,South Korea,Female,Eisen,Vipe,95696.56,KRW
Jimmy,Mitchell,jmitchellhi@wordpress.org,Cyprus,Male,Limassol,Demivee,79167.80,EUR
Robin,Fisher,rfisherhj@home.pl,Qatar,Female,Fuwayriţ,Topdrive,46745.61,QAR
Janet,Greene,jgreenehk@amazon.de,Indonesia,Female,Siluman,Zooxo,20277.60,IDR
Roy,Peterson,rpetersonhl@timesonline.co.uk,Russia,Male,Pshada,Gabtype,57946.67,RUB
George,Foster,gfosterhm@elegantthemes.com,Mexico,Male,Venustiano Carranza,Bluejam,13427.01,MXN
Ruth,Sims,rsimshn@baidu.com,Slovenia,Female,Tišina,Skinte,23500.07,EUR
Adam,Gilbert,agilbertho@bigcartel.com,Indonesia,Male,Mranggen,Meedoo,14448.76,IDR
Judith,Johnson,jjohnsonhp@cbsnews.com,South Sudan,Female,Tambura,Skinder,25818.53,SSP
Debra,Diaz,ddiazhq@php.net,Slovenia,Female,Kozje,Dazzlesphere,97749.01,EUR
Jessica,Jacobs,jjacobshr@cam.ac.uk,Brazil,Female,Itapevi,Avavee,96373.39,BRL
Kathryn,Cook,kcookhs@umich.edu,Poland,Female,Wierzchowo,LiveZ,46683.22,PLN
Joseph,Henry,jhenryht@acquirethisname.com,Japan,Male,Isahaya,Avavee,48547.21,JPY
Jessica,Frazier,jfrazierhu@ca.gov,Poland,Female,Baranowo,Thoughtmix,65061.09,PLN
Arthur,Davis,adavishv@vistaprint.com,Libya,Male,Waddān,Lazz,42020.54,LYD
Sharon,Evans,sevanshw@amazonaws.com,Indonesia,Female,Kahuripan,Oloo,34951.33,IDR
Gary,Torres,gtorreshx@de.vu,Brazil,Male,Mossoró,Gabtune,57856.32,BRL
Paula,Wallace,pwallacehy@tmall.com,Poland,Female,Wola Filipowska,Roodel,17463.69,PLN
Kimberly,Gutierrez,kgutierrezhz@typepad.com,China,Female,Gaoping,Tazzy,,CNY
Kimberly,Wagner,kwagneri0@purevolume.com,China,Female,Obo,Dynava,2668.63,CNY
Roger,Diaz,rdiazi1@symantec.com,Portugal,Male,Loures,Youtags,54893.23,EUR
Arthur,Franklin,afranklini2@cam.ac.uk,China,Male,Xinsheng,Meemm,36275.12,CNY
Jimmy,Hanson,jhansoni3@blogger.com,Macedonia,Male,Kavadarci,Eayo,26107.69,MKD
Anthony,Shaw,ashawi4@tinyurl.com,Libya,Male,Benghazi,Voonix,43590.23,LYD
Carol,Dean,cdeani5@guardian.co.uk,Indonesia,Female,Manonjaya,Skimia,3116.61,IDR
Clarence,Stephens,cstephensi6@t-online.de,Central African Republic,Male,Gambo,Brightdog,67697.56,XAF
Bobby,Ford,bfordi7@phoca.cz,Peru,Male,Camilaca,Zoonoodle,46534.24,PEN
Roy,Howell,rhowelli8@rakuten.co.jp,Slovenia,Male,Dornava,Brainlounge,,EUR
Janet,Baker,jbakeri9@dagondesign.com,United States,Female,Louisville,Rhycero,46388.09,USD
Margaret,Parker,mparkeria@twitter.com,China,Female,Yangzhuang,Tazz,67170.54,CNY
Bobby,Fuller,bfullerib@nydailynews.com,Ireland,Male,Kinnegad,Aibox,6813.00,EUR
Bobby,Dunn,bdunnic@icio.us,China,Male,Kaji,Kazio,31084.39,CNY
Adam,Perry,aperryid@jalbum.net,Yemen,Male,Jiḩānah,Dabfeed,23936.37,YER
Frances,Olson,folsonie@latimes.com,Vietnam,Female,Cam Lâm,Devcast,48408.32,VND
Lois,Hunt,lhuntif@squarespace.com,France,Female,Blois,Demizz,1241.63,EUR
Jessica,Perez,jperezig@gmpg.org,Paraguay,Female,Concepción,Bubbletube,8226.63,PYG
Anthony,Kelly,akellyih@php.net,Portugal,Male,Quarteira,Npath,,EUR
Kathleen,Chapman,kchapmanii@nbcnews.com,Philippines,Female,Malandag,Blogspan,6582.30,PHP
Stephen,Wheeler,swheelerij@yahoo.com,Indonesia,Male,Nangela,Jaxworks,80859.30,IDR
Jeremy,Owens,jowensik@imdb.com,Indonesia,Male,Baru Timur,Skyndu,88575.90,IDR
Brenda,Murray,bmurrayil@prlog.org,China,Female,Renliu,Mydo,780.91,CNY
Mary,Perry,mperryim@slideshare.net,Greece,Female,Zipárion,Midel,10848.70,EUR
Scott,Rice,sricein@addtoany.com,Japan,Male,Toyokawa,Quimm,,JPY
Carlos,Sanders,csandersio@guardian.co.uk,Peru,Male,Yarabamba,Blogpad,31296.40,PEN
Harry,Garrett,hgarrettip@xrea.com,Ukraine,Male,Mala Danylivka,Rooxo,18669.04,UAH
Kimberly,George,kgeorgeiq@omniture.com,China,Female,Xuwei,Omba,95711.69,CNY
Terry,Reynolds,treynoldsir@virginia.edu,Netherlands,Male,Tilburg,Buzzbean,58071.27,EUR
Joan,Gonzalez,jgonzalezis@about.com,Brazil,Female,Peabiru,Kazu,78584.52,BRL
Steven,Bowman,sbowmanit@boston.com,Poland,Male,Lutomiersk,Brainbox,68198.34,PLN
Michael,Coleman,mcolemaniu@google.com.au,Colombia,Male,San Francisco,Zava,66934.34,COP
Julia,Hunter,jhunteriv@vk.com,Brazil,Female,Itaqui,Voonyx,14400.87,BRL
Jessica,Butler,jbutleriw@umich.edu,Poland,Female,Stare Juchy,Voonyx,46044.27,PLN
Christine,Willis,cwillisix@creativecommons.org,Brazil,Female,Palmas de Monte Alto,Voomm,30961.19,BRL
Lillian,Burns,lburnsiy@sciencedirect.com,Uruguay,Female,Pan de Azúcar,Skilith,28009.08,UYU
Nancy,Lawson,nlawsoniz@sakura.ne.jp,China,Female,Maji,Riffwire,5887.84,CNY
Lillian,Murray,lmurrayj0@nsw.gov.au,Colombia,Female,Urrao,Browsetype,53661.29,COP
Christina,Marshall,cmarshallj1@google.com.hk,Russia,Female,Orda,Skiptube,42485.44,RUB
Carl,Elliott,celliottj2@ocn.ne.jp,Venezuela,Male,La Azulita,Zoombeat,68831.87,VEF
Albert,Wells,awellsj3@prweb.com,Philippines,Male,New Cebu,Bluezoom,,PHP
Wayne,Hayes,whayesj4@shutterfly.com,China,Male,Huangbizhuang,Avamm,44435.59,CNY
Dorothy,Burton,dburtonj5@sfgate.com,Pakistan,Female,Sobhādero,Devpulse,65817.10,PKR
Raymond,Fisher,rfisherj6@mediafire.com,Indonesia,Male,Halimpu,Pixope,37377.05,IDR
Roger,Chavez,rchavezj7@aboutads.info,Brazil,Male,Limoeiro do Norte,Skinte,,BRL
Samuel,Duncan,sduncanj8@wikispaces.com,Dominican Republic,Male,Salsipuedes,Tagpad,33981.83,DOP
Donald,Richards,drichardsj9@sphinn.com,Israel,Male,Qesarya,Twimm,95520.47,ILS
Donna,Wood,dwoodja@gravatar.com,Iran,Female,Dalgān,Cogidoo,81391.41,IRR
Jonathan,Stanley,jstanleyjb@hexun.com,China,Male,Jiashi,Dynava,80184.86,CNY
Irene,Jackson,ijacksonjc@cpanel.net,Poland,Female,Skołyszyn,Yacero,78487.03,PLN
Roy,Foster,rfosterjd@deliciousdays.com,Nigeria,Male,Yashikera,Meedoo,,NGN
Rose,Matthews,rmatthewsje@netlog.com,Greece,Female,Mýki,Yodel,51884.00,EUR
Dennis,Harper,dharperjf@soundcloud.com,Norway,Male,Oslo,Lazz,73859.19,NOK
Jimmy,Sullivan,jsullivanjg@nih.gov,Yemen,Male,Aş Şalw,Blogtags,37935.82,YER
Daniel,Jacobs,djacobsjh@nsw.gov.au,China,Male,Hongguang,Eimbee,40453.79,CNY
Howard,Sims,hsimsji@reuters.com,Poland,Male,Rawa Mazowiecka,Quatz,17531.02,PLN
Lois,Bradley,lbradleyjj@businessinsider.com,Thailand,Female,Kaeng Khoi,Latz,60212.46,THB
Antonio,Lynch,alynchjk@state.tx.us,Czech Republic,Male,Zabrušany,Edgetag,70015.12,CZK
Margaret,Burke,mburkejl@ow.ly,Mozambique,Female,Dondo,Twitternation,46083.90,MZN
Angela,Fowler,afowlerjm@ezinearticles.com,Azerbaijan,Female,Ağdam,Realpoint,76732.60,AZN
Sara,Vasquez,svasquezjn@smh.com.au,China,Female,Shuicha,Zoomlounge,57960.92,CNY
Donna,Anderson,dandersonjo@unicef.org,China,Female,Wadi,DabZ,63820.98,CNY
Lawrence,Fox,lfoxjp@linkedin.com,Indonesia,Male,Jetak,Minyx,24508.75,IDR
Donna,Alexander,dalexanderjq@mail.ru,China,Female,Daduo,Vimbo,71929.25,CNY
Christine,Morales,cmoralesjr@github.com,Tanzania,Female,Uyovu,Devpoint,34930.91,TZS
Gregory,Hamilton,ghamiltonjs@nbcnews.com,Albania,Male,Durrës,Oyope,,ALL
Carolyn,Cruz,ccruzjt@sfgate.com,France,Female,Vannes,Kimia,34508.25,EUR
Mary,Henderson,mhendersonju@marketwatch.com,Vietnam,Female,Si Ma Cai,Tagfeed,63165.35,VND
Jason,Jordan,jjordanjv@parallels.com,United States,Male,Los Angeles,Zoombeat,85799.30,USD
Adam,Freeman,afreemanjw@ca.gov,China,Male,Datong,Realpoint,80172.76,CNY
Ann,Harris,aharrisjx@xinhuanet.com,Gabon,Female,Port-Gentil,Brainsphere,42738.24,XAF
Russell,Baker,rbakerjy@hexun.com,Kenya,Male,Bungoma,Rhyzio,5064.53,KES
Theresa,Harrison,tharrisonjz@shutterfly.com,China,Female,Pingxiang,Eare,20854.90,CNY
Catherine,Watkins,cwatkinsk0@yale.edu,Indonesia,Female,Alung,Eire,71169.28,IDR
Deborah,Myers,dmyersk1@bloglines.com,Russia,Female,Petrokamenskoye,Devify,80054.62,RUB
Albert,Bradley,abradleyk2@si.edu,China,Male,Litan,Dabshots,54434.48,CNY
Rachel,Burns,rburnsk3@squidoo.com,Peru,Female,Nicasio,Oloo,89713.32,PEN
Margaret,Willis,mwillisk4@columbia.edu,Russia,Female,Votkinsk,Thoughtmix,43320.50,RUB
Martha,Morales,mmoralesk5@unblog.fr,France,Female,Toulouse,Yabox,36971.23,EUR
Shawn,Hicks,shicksk6@tiny.cc,Croatia,Male,Privlaka,Tavu,8384.36,HRK
Gloria,Hunt,ghuntk7@mlb.com,Argentina,Female,Villa María,Jabbercube,61875.52,ARS
Bruce,Nichols,bnicholsk8@topsy.com,China,Male,Tanbu,Shuffledrive,93659.64,CNY
Philip,Allen,pallenk9@seattletimes.com,France,Male,Béziers,Cogidoo,98048.85,EUR
Martha,Olson,molsonka@google.co.jp,China,Female,Heicheng,Quamba,25203.71,CNY
Karen,Bowman,kbowmankb@oracle.com,Macedonia,Female,Кондово,Topicstorm,60839.32,MKD
David,Montgomery,dmontgomerykc@about.me,China,Male,Hanfeng,Meevee,62652.41,CNY
Jane,Little,jlittlekd@thetimes.co.uk,China,Female,Taipinghu,Blogspan,42279.74,CNY
Catherine,Larson,clarsonke@jugem.jp,Indonesia,Female,Homeyo,Babbleset,42103.55,IDR
Sara,Young,syoungkf@domainmarket.com,China,Female,Zhangcheng,Bluezoom,58986.09,CNY
Martin,Larson,mlarsonkg@unicef.org,Honduras,Male,Santa Lucía,Topicstorm,39797.69,HNL
Andrew,Harrison,aharrisonkh@ezinearticles.com,Peru,Male,Zepita,Skimia,71170.08,PEN
Willie,Powell,wpowellki@latimes.com,China,Male,Laojiangjunjie,Photobean,64046.52,CNY
Bonnie,Bryant,bbryantkj@mail.ru,China,Female,Dula’er Ewenke Minzu,Bluejam,77915.72,CNY
Helen,Fowler,hfowlerkk@dmoz.org,Thailand,Female,Mukdahan,Wikizz,,THB
Jessica,Hicks,jhickskl@cyberchimps.com,Ukraine,Female,Savyntsi,Layo,65593.59,UAH
Richard,Wood,rwoodkm@webs.com,Russia,Male,Kizel,Babblestorm,93220.24,RUB
Katherine,Mitchell,kmitchellkn@yandex.ru,Nepal,Female,Gulariyā,Dabtype,56028.70,NPR
Gerald,Hicks,ghicksko@github.com,Democratic Republic of the Congo,Male,Kamina,Bluezoom,,CDF
Cheryl,Jones,cjoneskp@shop-pro.jp,Indonesia,Female,Balung,Thoughtsphere,17786.32,IDR
Doris,Warren,dwarrenkq@creativecommons.org,China,Female,Tongzha,Dabtype,72000.42,CNY
Martin,Palmer,mpalmerkr@mashable.com,China,Male,Beiwucha,Cogilith,75186.29,CNY
Diana,Dunn,ddunnks@ihg.com,Philippines,Female,Macabugos,Fiveclub,58078.12,PHP
Kevin,Clark,kclarkkt@a8.net,Kyrgyzstan,Male,Osh,Babbleopia,17259.17,KGS
Denise,Rose,droseku@meetup.com,Colombia,Female,La Tola,Wikido,9910.49,COP
Lois,Nelson,lnelsonkv@cnn.com,Yemen,Female,Ḩammām Damt,Kwilith,31538.03,YER
Mark,Ellis,melliskw@addtoany.com,Poland,Male,Głuchów,Photobug,65440.37,PLN
George,Holmes,gholmeskx@vimeo.com,Poland,Male,Ornontowice,Yacero,37102.44,PLN
Norma,Anderson,nandersonky@instagram.com,China,Female,Xikou,LiveZ,35301.33,CNY
Carol,Green,cgreenkz@google.com.br,Greece,Female,Argostólion,Linktype,96712.04,EUR
Sara,Gutierrez,sgutierrezl0@prnewswire.com,Russia,Female,Troitsk,Photobean,21191.26,RUB
Janice,Dunn,jdunnl1@salon.com,Portugal,Female,Pedome,Meembee,62093.19,EUR
Frances,Schmidt,fschmidtl2@arstechnica.com,China,Female,Denglong,Voonder,,CNY
Charles,Coleman,ccolemanl3@uiuc.edu,Indonesia,Male,Gajrug,Blognation,14058.05,IDR
Nancy,Campbell,ncampbelll4@netscape.com,Philippines,Female,Boston,Flashpoint,52624.21,PHP
Andrew,Crawford,acrawfordl5@studiopress.com,Poland,Male,Korczew,Babbleblab,3554.79,PLN
Brenda,Hunter,bhunterl6@umn.edu,Indonesia,Female,Haunubenak,Meevee,57577.03,IDR
Joe,Bennett,jbennettl7@linkedin.com,Honduras,Male,San Juan de Planes,Plambee,63012.55,HNL
Andrew,Griffin,agriffinl8@wired.com,Haiti,Male,Corail,Yozio,37621.95,HTG
Ruth,Harvey,rharveyl9@addtoany.com,Brazil,Female,Paraíba do Sul,Wikizz,15368.76,BRL
Catherine,Williamson,cwilliamsonla@berkeley.edu,Paraguay,Female,Colonia Minga Porá,Yodoo,93382.35,PYG
Anthony,Cooper,acooperlb@devhub.com,Japan,Male,Yashiro,Plajo,2297.60,JPY
Beverly,Day,bdaylc@simplemachines.org,Philippines,Female,Victoria,Reallinks,87918.79,PHP
Susan,Ortiz,sortizld@archive.org,Philippines,Female,Carpenter,Photospace,,PHP
Jeremy,Jordan,jjordanle@mapy.cz,China,Male,Shuiquan,Jaxspan,42801.42,CNY
Victor,Edwards,vedwardslf@cloudflare.com,Ukraine,Male,Borodino,Trudeo,31721.34,UAH
Judy,Hart,jhartlg@icq.com,Honduras,Female,San Agustín,Oyondu,60626.23,HNL
Roy,Fields,rfieldslh@tinypic.com,Indonesia,Male,Banjar Cemenggon,Livetube,71608.74,IDR
Judith,Scott,jscottli@chron.com,Saudi Arabia,Female,Tabūk,Jetpulse,,SAR
Steven,Lewis,slewislj@harvard.edu,Japan,Male,Iyo,Yakijo,73000.44,JPY
Teresa,Fuller,tfullerlk@narod.ru,Indonesia,Female,Mendenrejo,Zoomzone,17578.31,IDR
Jeremy,Sanders,jsandersll@gov.uk,Brazil,Male,Conceição do Araguaia,Shuffledrive,88952.90,BRL
Julia,Howard,jhowardlm@over-blog.com,Indonesia,Female,Cikaso,Meedoo,4457.39,IDR
Randy,Wheeler,rwheelerln@tripod.com,Philippines,Male,San Miguel,Kazu,43855.34,PHP
Kimberly,Rice,kricelo@livejournal.com,China,Female,Huazangsi,Layo,31090.95,CNY
Juan,Rodriguez,jrodriguezlp@artisteer.com,Sweden,Male,Tullinge,Kayveo,30448.41,SEK
Theresa,Powell,tpowelllq@alexa.com,Indonesia,Female,Mandeman Daya,Blogtags,98448.71,IDR
Judy,Palmer,jpalmerlr@bbb.org,Portugal,Female,Alcaria da Serra,Thoughtstorm,64149.79,EUR
Shawn,Willis,swillisls@kickstarter.com,Netherlands,Male,Amsterdam Nieuw West,Vinte,40720.82,EUR
Ann,Powell,apowelllt@ezinearticles.com,Canada,Female,Renfrew,Yoveo,80834.98,CAD
Anne,Scott,ascottlu@mlb.com,China,Female,Shiyan,Devpoint,35990.52,CNY
Gary,Frazier,gfrazierlv@com.com,Indonesia,Male,Tempaling,Meejo,96228.12,IDR
Debra,West,dwestlw@trellian.com,Angola,Female,Soio,Rhynyx,76668.14,AOA
Billy,Myers,bmyerslx@baidu.com,Indonesia,Male,Takokak,Wikizz,69924.22,IDR
Howard,Knight,hknightly@google.de,Colombia,Male,Guataquí,Rooxo,27576.17,COP
Arthur,Fox,afoxlz@indiatimes.com,Russia,Male,Muranovo,Voonyx,89382.36,RUB
Juan,Frazier,jfrazierm0@vinaora.com,China,Male,Shibi,Aivee,64777.82,CNY
Joshua,Jenkins,jjenkinsm1@buzzfeed.com,China,Male,Jianfeng,Skipstorm,96981.18,CNY
Gerald,Holmes,gholmesm2@baidu.com,Indonesia,Male,Idalolong,Skibox,86566.13,IDR
Alice,Knight,aknightm3@prweb.com,South Africa,Female,Thulamahashi,Avamm,14771.24,ZAR
Julie,Ward,jwardm4@163.com,China,Female,Daoxian,Skyvu,11818.15,CNY
Julia,Jenkins,jjenkinsm5@weebly.com,Philippines,Female,Calidñgan,Kimia,20020.08,PHP
Kathryn,Lane,klanem6@vistaprint.com,Russia,Female,Kabakovo,Youfeed,69777.19,RUB
Melissa,Lane,mlanem7@bbb.org,Greece,Female,Marathókampos,Jabberbean,6387.00,EUR
Willie,Ward,wwardm8@wisc.edu,Poland,Male,Klonowa,Gabtune,69979.73,PLN
Brandon,Chavez,bchavezm9@miitbeian.gov.cn,Vietnam,Male,Cẩm Phả,Twitterbridge,43029.81,VND
Martin,Little,mlittlema@shutterfly.com,Russia,Male,Kholm,Edgepulse,19637.50,RUB
Peter,Harris,pharrismb@telegraph.co.uk,El Salvador,Male,San Marcos,Voonder,67370.51,USD
Arthur,Armstrong,aarmstrongmc@businesswire.com,Brazil,Male,Santana do Paraíso,Dynabox,96691.16,BRL
Scott,Foster,sfostermd@nba.com,Kenya,Male,Naivasha,Realpoint,29225.35,KES
Henry,Burke,hburkeme@businesswire.com,United States,Male,Independence,Kanoodle,27182.64,USD
Virginia,Torres,vtorresmf@nifty.com,Botswana,Female,Selebi-Phikwe,Quamba,96550.57,BWP
Larry,Sims,lsimsmg@studiopress.com,Philippines,Male,Malasiqui,Gigazoom,48042.50,PHP
Margaret,Garrett,mgarrettmh@pcworld.com,Ukraine,Female,Volodarka,Izio,32897.69,UAH
Brian,Hall,bhallmi@wikia.com,Poland,Male,Czarna Białostocka,JumpXS,81682.15,PLN
Philip,Hicks,phicksmj@webmd.com,Philippines,Male,San Lucas,Viva,38659.78,PHP
Sarah,Mason,smasonmk@wp.com,Poland,Female,Boleszkowice,Flipstorm,,PLN
Barbara,Bradley,bbradleyml@posterous.com,Thailand,Female,Ban Rangsit,Kwideo,41517.20,THB
Cheryl,Reid,creidmm@un.org,Indonesia,Female,Seulimeum,Rhyzio,88750.67,IDR
Louis,Foster,lfostermn@loc.gov,Czech Republic,Male,Velké Opatovice,Browsetype,54175.37,CZK
Irene,Hunt,ihuntmo@goo.gl,Greece,Female,Gerakaroú,Quatz,95833.15,EUR
Phyllis,Mcdonald,pmcdonaldmp@addthis.com,Philippines,Female,Tambalisa,Lazz,,PHP
Brenda,Crawford,bcrawfordmq@oracle.com,Lithuania,Female,Veisiejai,Yakidoo,10492.75,LTL
Benjamin,Burns,bburnsmr@imgur.com,Poland,Male,Świlcza,Youbridge,16619.32,PLN
Catherine,Peters,cpetersms@sourceforge.net,Portugal,Female,Caldas da Felgueira,Skinte,78615.44,EUR
Annie,Butler,abutlermt@infoseek.co.jp,Malaysia,Female,Alor Star,Pixonyx,41479.00,MYR
Norma,Shaw,nshawmu@globo.com,Colombia,Female,Algarrobo,Zooveo,55280.37,COP
Shawn,Torres,storresmv@addthis.com,Bulgaria,Male,Kilifarevo,Jazzy,85943.41,BGN
James,Adams,jadamsmw@php.net,China,Male,Dongshandi,Jabbertype,26110.43,CNY
Ruby,Powell,rpowellmx@google.pl,Thailand,Female,Ratchathewi,Quinu,2998.16,THB
Scott,Perkins,sperkinsmy@etsy.com,Morocco,Male,Fifi,Devbug,35408.87,MAD
Kathryn,Woods,kwoodsmz@deliciousdays.com,Philippines,Female,Acao,Mybuzz,66393.35,PHP
Christina,George,cgeorgen0@sohu.com,France,Female,Chartres,Thoughtworks,37559.75,EUR
Sarah,Roberts,srobertsn1@qq.com,Russia,Female,Glubokiy,Nlounge,26327.00,RUB
Terry,Hanson,thansonn2@hugedomains.com,Mongolia,Male,Bayasgalant,Oyoyo,67219.22,MNT
Kathy,Little,klittlen3@netlog.com,Costa Rica,Female,Guadalupe,Lazzy,,CRC
Catherine,Franklin,cfranklinn4@fc2.com,Czech Republic,Female,Žleby,Cogilith,69945.11,CZK
Karen,Riley,krileyn5@toplist.cz,Denmark,Female,Frederiksberg,Skyba,80356.47,DKK
Cynthia,Mccoy,cmccoyn6@comcast.net,South Africa,Female,Ndwedwe,Kwideo,48314.95,ZAR
Thomas,Richards,trichardsn7@networksolutions.com,Philippines,Male,Cotmon,Divavu,25464.32,PHP
Martha,Ross,mrossn8@dion.ne.jp,South Africa,Female,Carletonville,Youfeed,24150.34,ZAR
Kenneth,Knight,kknightn9@examiner.com,Burkina Faso,Male,Sindou,Buzzshare,20540.03,XOF
Teresa,Harrison,tharrisonna@imgur.com,Brazil,Female,Fernando de Noronha (Distrito Estadual),Skiptube,,BRL
Richard,Weaver,rweavernb@technorati.com,China,Male,Dagushan,Agimba,,CNY
Jennifer,Cooper,jcoopernc@sourceforge.net,Jordan,Female,Jāwā,Blogspan,23169.49,JOD
Denise,Hall,dhallnd@ucoz.ru,Indonesia,Female,Sambongpari,Cogidoo,81083.45,IDR
Roger,Watson,rwatsonne@prlog.org,Russia,Male,Tyukalinsk,Chatterpoint,96057.31,RUB
Maria,Lane,mlanenf@simplemachines.org,Philippines,Female,Pangal Sur,Gabvine,,PHP
Billy,Duncan,bduncanng@reuters.com,Indonesia,Male,Belanting,Roodel,,IDR
Rachel,Nichols,rnicholsnh@tumblr.com,Peru,Female,Cotaparaco,Skivee,,PEN
Andrea,Long,alongni@ifeng.com,China,Female,Daqian,Oyondu,1955.54,CNY
Eric,Carpenter,ecarpenternj@archive.org,Argentina,Male,Bell Ville,Tagtune,65377.11,ARS
Timothy,Gordon,tgordonnk@vk.com,China,Male,Huangjiazhai,Eimbee,12387.74,CNY
Jennifer,Gomez,jgomeznl@symantec.com,Nigeria,Female,Badagry,Snaptags,42121.00,NGN
Stephen,Dixon,sdixonnm@sphinn.com,Brazil,Male,Rio Formoso,Zooxo,84751.22,BRL
Jack,Wood,jwoodnn@apple.com,Afghanistan,Male,Asadābād,Browsezoom,52892.44,AFN
Fred,Fisher,ffisherno@intel.com,Indonesia,Male,Trasak,Voonyx,39507.24,IDR
Johnny,Gilbert,jgilbertnp@nih.gov,Philippines,Male,Daet,Thoughtworks,86835.08,PHP
Gerald,Nelson,gnelsonnq@mapy.cz,Indonesia,Male,Bonsari,Quimba,59774.30,IDR
Sean,Powell,spowellnr@mapquest.com,South Korea,Male,Cheongju-si,Livetube,23356.05,KRW
Jerry,Holmes,jholmesns@berkeley.edu,Finland,Male,Harjavalta,Devpulse,41107.83,EUR
Carlos,Cook,ccooknt@cloudflare.com,Indonesia,Male,Kadengan,Gigashots,35548.44,IDR
Donald,Moreno,dmorenonu@mozilla.com,Colombia,Male,Guayabal de Síquima,Realpoint,2058.57,COP
Lisa,Long,llongnv@so-net.ne.jp,Russia,Female,Svetogorsk,Lajo,54975.14,RUB
Kelly,Perry,kperrynw@nytimes.com,China,Female,Fulong,Zoombeat,48328.76,CNY
Dennis,Nguyen,dnguyennx@domainmarket.com,Russia,Male,Tigil’,Eazzy,,RUB
Victor,Bishop,vbishopny@earthlink.net,Democratic Republic of the Congo,Male,Lubao,Flipbug,778.22,CDF
Thomas,Johnston,tjohnstonnz@paginegialle.it,Poland,Male,Nałęczów,Brainsphere,88740.29,PLN
Jennifer,Reynolds,jreynoldso0@latimes.com,Portugal,Female,Vila Nova,Kimia,83505.66,EUR
Scott,Hicks,shickso1@cam.ac.uk,Ukraine,Male,Vapnyarka,Livefish,,UAH
Lillian,Garza,lgarzao2@archive.org,China,Female,Luokou,Topicstorm,32838.30,CNY
Joe,Walker,jwalkero3@pcworld.com,China,Male,Diaofeng,Oyope,81873.76,CNY
Harold,Jenkins,hjenkinso4@webeden.co.uk,Peru,Male,Chalcos,Cogidoo,12710.34,PEN
Christopher,Powell,cpowello5@over-blog.com,Russia,Male,Roza,Mymm,99286.50,RUB
Melissa,Barnes,mbarneso6@nih.gov,China,Female,Daishan,Tazz,24408.99,CNY
Lisa,Carroll,lcarrollo7@elpais.com,China,Female,Xinglong,Blogspan,43134.68,CNY
Jane,Henry,jhenryo8@technorati.com,Peru,Female,Caspisapa,Ooba,97626.90,PEN
Pamela,Johnston,pjohnstono9@hugedomains.com,China,Female,Fanhu,Mydo,62747.02,CNY
Jesse,Russell,jrusselloa@wiley.com,Portugal,Male,Boco,Mynte,,EUR
Billy,Perkins,bperkinsob@dedecms.com,China,Male,Yantai,Flipbug,25828.32,CNY
Katherine,Johnston,kjohnstonoc@creativecommons.org,Guatemala,Female,Cuyotenango,Edgeclub,43640.05,GTQ
Albert,Tucker,atuckerod@networksolutions.com,Poland,Male,Sokolniki,Oozz,16046.40,PLN
Laura,Jackson,ljacksonoe@lycos.com,Brazil,Female,Araxá,Yamia,29003.02,BRL
Michelle,Chapman,mchapmanof@yahoo.co.jp,Cayman Islands,Female,North Side,Realcube,20836.61,KYD
Robert,Wilson,rwilsonog@topsy.com,Poland,Male,Płock,Tazz,,PLN
Dorothy,Phillips,dphillipsoh@tripod.com,United States,Female,Gatesville,Zooveo,67622.07,USD
Philip,Reid,preidoi@mail.ru,Portugal,Male,Alcácer do Sal,Zoomlounge,71674.39,EUR
Martin,Edwards,medwardsoj@washington.edu,Iraq,Male,Kirkuk,Trudeo,73328.60,IQD
Amanda,Simpson,asimpsonok@github.io,China,Female,Zhulin,Zoomlounge,,CNY
Rose,Payne,rpayneol@tamu.edu,Portugal,Female,Mondim de Basto,Thoughtsphere,34172.05,EUR
Frances,Green,fgreenom@devhub.com,China,Female,Sanhui,Blogspan,,CNY
Wayne,Alvarez,walvarezon@businessweek.com,Portugal,Male,Lau,Browsetype,53800.06,EUR
Ruth,Fields,rfieldsoo@yolasite.com,Argentina,Female,San Javier,Voolia,99760.10,ARS
Martha,Green,mgreenop@behance.net,Indonesia,Female,Gubuk Daya,Eire,84480.68,IDR
Patrick,Grant,pgrantoq@amazon.co.jp,Malaysia,Male,Johor Bahru,Oyoloo,55086.63,MYR
Albert,Fernandez,afernandezor@nydailynews.com,Argentina,Male,Cañada de Gómez,Tanoodle,47144.43,ARS
Edward,Dunn,edunnos@cloudflare.com,Russia,Male,Mosal’sk,Babbleset,38187.53,RUB
Martha,Richardson,mrichardsonot@google.com.br,Lebanon,Female,Marjayoûn,Innotype,74962.58,LBP
Kimberly,Davis,kdavisou@samsung.com,El Salvador,Female,Antiguo Cuscatlán,Oodoo,,USD
Lori,Stephens,lstephensov@nih.gov,Indonesia,Female,Somba,Ozu,,IDR
Patricia,Carpenter,pcarpenterow@google.ca,Sweden,Female,Brunflo,Cogilith,8619.06,SEK
Christine,Reed,creedox@hud.gov,Germany,Female,Braunschweig,Talane,41712.95,EUR
Samuel,Henderson,shendersonoy@ucla.edu,China,Male,Heshengbao,Plambee,64717.01,CNY
Chris,Wells,cwellsoz@biblegateway.com,China,Male,Liushutun,Flipstorm,71399.17,CNY
Matthew,Bennett,mbennettp0@bloomberg.com,Indonesia,Male,Karangwungu Lor,Plambee,33101.92,IDR
Peter,Allen,pallenp1@friendfeed.com,Thailand,Male,Ra-ngae,Youbridge,32187.33,THB
Ruth,Myers,rmyersp2@list-manage.com,Portugal,Female,Brejos,Yakijo,22544.39,EUR
Todd,Lynch,tlynchp3@dagondesign.com,Poland,Male,Lubin,Mycat,83330.13,PLN
Marilyn,Nichols,mnicholsp4@chicagotribune.com,China,Female,Erfangping,Vinder,64702.22,CNY
Jose,Pierce,jpiercep5@naver.com,Poland,Male,Nowy Tomyśl,Tekfly,82187.53,PLN
Christopher,James,cjamesp6@usda.gov,China,Male,Mutangyuan,Ooba,,CNY
Amy,Lopez,alopezp7@hatena.ne.jp,Ukraine,Female,Kalanchak,Jabbercube,36911.27,UAH
Christine,Russell,crussellp8@archive.org,China,Female,Longshan,Voonte,78432.47,CNY
Keith,Warren,kwarrenp9@chicagotribune.com,Russia,Male,Zhirnovsk,Buzzbean,81512.93,RUB
Sharon,Matthews,smatthewspa@globo.com,China,Female,Damao,Roodel,42035.25,CNY
Lawrence,Brooks,lbrookspb@uol.com.br,Peru,Male,Saposoa,Mybuzz,1379.12,PEN
Virginia,Daniels,vdanielspc@goodreads.com,Nigeria,Female,Tegina,Buzzshare,83377.85,NGN
Gary,White,gwhitepd@bizjournals.com,Czech Republic,Male,Potštát,Vipe,49594.23,CZK
Bruce,Jordan,bjordanpe@mit.edu,Belarus,Male,Dowsk,Skinix,20454.14,BYR
Irene,Fields,ifieldspf@quantcast.com,China,Female,Shixiang,Oloo,65214.71,CNY
Paul,Wilson,pwilsonpg@reuters.com,Poland,Male,Sypniewo,Eare,,PLN
Eric,Sims,esimsph@google.nl,Greece,Male,Monastirákion,Skipfire,19283.94,EUR
Nancy,Adams,nadamspi@cnn.com,Indonesia,Female,Margasana,Kayveo,99697.12,IDR
Terry,Cunningham,tcunninghampj@unc.edu,United States,Male,New Haven,Youtags,10847.84,USD
Angela,Duncan,aduncanpk@webeden.co.uk,Indonesia,Female,Wonorejo,Vidoo,49273.22,IDR
Susan,Nelson,snelsonpl@mediafire.com,Seychelles,Female,Anse Boileau,Jaxworks,51023.97,SCR
Angela,Frazier,afrazierpm@mediafire.com,Syria,Female,Ar Riqāmā,Mydo,40523.27,SYP
Barbara,Warren,bwarrenpn@liveinternet.ru,Russia,Female,Dagestanskiye Ogni,Trunyx,87751.34,RUB
Wayne,Jenkins,wjenkinspo@ocn.ne.jp,Czech Republic,Male,Štěchovice,Youbridge,29277.71,CZK
Gary,Hicks,ghickspp@blogtalkradio.com,Denmark,Male,København,Meeveo,74672.48,DKK
Eric,Larson,elarsonpq@spiegel.de,China,Male,Duowa,InnoZ,43049.23,CNY
Linda,Cruz,lcruzpr@harvard.edu,China,Female,Luoping,Thoughtstorm,58997.66,CNY
Gary,Owens,gowensps@angelfire.com,China,Male,Nanling,Avaveo,51893.48,CNY
Bonnie,Cole,bcolept@mozilla.org,Afghanistan,Female,Paghmān,Fivebridge,20004.48,AFN
Lisa,Lane,llanepu@geocities.jp,China,Female,Xichang,Innotype,60715.64,CNY
Susan,Palmer,spalmerpv@drupal.org,Cape Verde,Female,São Domingos,Pixope,35165.78,CVE
Todd,Washington,twashingtonpw@addtoany.com,China,Male,Quchi,Yakijo,20010.46,CNY
Katherine,Turner,kturnerpx@cnet.com,China,Female,Shicheng,LiveZ,9155.00,CNY
James,Jordan,jjordanpy@lycos.com,China,Male,Lincheng,Kamba,50709.70,CNY
Pamela,Rose,prosepz@pen.io,China,Female,Fenhe,Roombo,24708.74,CNY
Tina,Nelson,tnelsonq0@ask.com,United States,Female,Port Saint Lucie,Jaxworks,,USD
Marie,Gonzalez,mgonzalezq1@narod.ru,Indonesia,Female,Maiwal,Skipfire,94850.13,IDR
Eric,Hall,ehallq2@people.com.cn,China,Male,Deshan,Dabjam,80580.15,CNY
Rose,Simmons,rsimmonsq3@usnews.com,Russia,Female,Rossosh’,Leenti,85352.33,RUB
Patricia,Wallace,pwallaceq4@homestead.com,Lithuania,Female,Utena,Quimba,74757.63,LTL
Charles,Baker,cbakerq5@engadget.com,Denmark,Male,København,Babbleset,84423.43,DKK
Gerald,Alexander,galexanderq6@uol.com.br,Saudi Arabia,Male,Qal‘at Bīshah,Omba,98280.57,SAR
Eugene,Adams,eadamsq7@blog.com,South Africa,Male,Modderfontein,Meevee,85121.53,ZAR
Shawn,Grant,sgrantq8@cornell.edu,Myanmar,Male,Myingyan,Minyx,,MMK
Emily,Hudson,ehudsonq9@state.gov,Botswana,Female,Mosopa,Skinder,69629.42,BWP
Nancy,Ruiz,nruizqa@bing.com,Bosnia and Herzegovina,Female,Stupari,Skyvu,91693.38,BAM
Elizabeth,Rose,eroseqb@homestead.com,China,Female,Xiaodukou,Kazio,,CNY
Craig,Carter,ccarterqc@ebay.com,Indonesia,Male,Krajan Puru,JumpXS,42219.12,IDR
Joan,Payne,jpayneqd@utexas.edu,Croatia,Female,Punat,LiveZ,96505.29,HRK
Jeffrey,Dunn,jdunnqe@cocolog-nifty.com,Indonesia,Male,Mekarjaya Satu,Ailane,76469.77,IDR
Raymond,Spencer,rspencerqf@macromedia.com,China,Male,Lijiang,Wikizz,,CNY
Shawn,Washington,swashingtonqg@jigsy.com,China,Male,Hekou,Realcube,62285.55,CNY
Karen,Lane,klaneqh@tripadvisor.com,Kiribati,Female,Ambo Village,Photolist,63309.02,AUD
Harry,Morgan,hmorganqi@wunderground.com,Sri Lanka,Male,Katunayaka,Blognation,61024.62,LKR
Willie,Richardson,wrichardsonqj@sina.com.cn,Portugal,Male,Casal Novo,Oyoloo,56973.51,EUR
Henry,Porter,hporterqk@weibo.com,Slovenia,Male,Spodnja Hajdina,Yodel,88855.64,EUR
Kenneth,Schmidt,kschmidtql@sciencedaily.com,Indonesia,Male,Kampungtengah,Tagchat,66020.34,IDR
Andrew,Montgomery,amontgomeryqm@nsw.gov.au,Mexico,Male,Santa Fe,Wikizz,27947.21,MXN
Anna,Henderson,ahendersonqn@1688.com,Vietnam,Female,Thạnh Mỹ,Leenti,26487.92,VND
Brian,Nichols,bnicholsqo@aboutads.info,Thailand,Male,Kantharalak,Topiclounge,72476.05,THB
James,Day,jdayqp@merriam-webster.com,Czech Republic,Male,Vysoké nad Jizerou,Innotype,,CZK
Karen,Sanders,ksandersqq@princeton.edu,China,Female,Zhongshan,Voomm,76075.01,CNY
Cheryl,Cruz,ccruzqr@fotki.com,Philippines,Female,Bahay Pare,Rhyloo,70876.81,PHP
Stephanie,Burton,sburtonqs@columbia.edu,China,Female,Lianghe,Oba,18408.46,CNY
Debra,Griffin,dgriffinqt@statcounter.com,Czech Republic,Female,Veselí nad Lužnicí,Centizu,8024.84,CZK
Rachel,Miller,rmillerqu@friendfeed.com,Honduras,Female,Tras Cerros,Tagcat,87184.34,HNL
Charles,Edwards,cedwardsqv@msn.com,China,Male,Yuzhou,Jaxnation,,CNY
Brandon,Kennedy,bkennedyqw@ebay.com,Portugal,Male,Sande Vila Nova,Trilith,,EUR
Raymond,Garcia,rgarciaqx@indiegogo.com,China,Male,Shanhou,Realcube,25443.62,CNY
Jane,Thomas,jthomasqy@hatena.ne.jp,Yemen,Female,Al Maḩfid,Agivu,27983.23,YER
Tammy,Vasquez,tvasquezqz@constantcontact.com,Iran,Female,Hashtgerd,Ailane,15860.10,IRR
Steve,Vasquez,svasquezr0@nbcnews.com,Indonesia,Male,Bogi,Zoomdog,75464.66,IDR
Janet,Wood,jwoodr1@go.com,Japan,Female,Shingū,Realblab,5055.59,JPY
Amanda,Hernandez,ahernandezr2@yolasite.com,Indonesia,Female,Sumuragung,Bubbletube,86480.79,IDR
Emily,Tucker,etuckerr3@infoseek.co.jp,United States,Female,Jamaica,Rhybox,49845.37,USD
Kimberly,Allen,kallenr4@harvard.edu,China,Female,Tiannan,Blogpad,69198.17,CNY
Lisa,Warren,lwarrenr5@hud.gov,Ukraine,Female,Drohobych,Wikibox,65797.50,UAH
Pamela,Schmidt,pschmidtr6@acquirethisname.com,Mongolia,Female,Altanbulag,Lazzy,29988.97,MNT
Anthony,Peterson,apetersonr7@nature.com,Indonesia,Male,Mangkon Daja,Jetwire,90491.55,IDR
Rachel,Warren,rwarrenr8@prlog.org,Indonesia,Female,Galis Dua,Riffpath,,IDR
Andrew,Cole,acoler9@abc.net.au,Nigeria,Male,Olupona,Myworks,38969.56,NGN
Jimmy,Bailey,jbaileyra@weibo.com,Canada,Male,Sarnia,Kazu,3316.58,CAD
Thomas,Garza,tgarzarb@bbb.org,China,Male,Lishan,Quatz,26952.67,CNY
Phillip,Porter,pporterrc@phoca.cz,Mexico,Male,Adolfo Lopez Mateos,Meetz,63380.64,MXN
Ralph,Riley,rrileyrd@symantec.com,Japan,Male,Machida,Babblestorm,,JPY
Michelle,Hansen,mhansenre@buzzfeed.com,Democratic Republic of the Congo,Female,Boende,Innojam,54276.41,CDF
Matthew,Perry,mperryrf@home.pl,France,Male,La Ravoire,Browsecat,12644.34,EUR
Janet,Green,jgreenrg@nih.gov,Poland,Female,Borzechów,Dabshots,49446.05,PLN
Marilyn,Cruz,mcruzrh@aol.com,Indonesia,Female,Rejanegara,Dabfeed,,IDR
Kevin,Marshall,kmarshallri@yellowpages.com,Thailand,Male,Bang Klam,Rhyloo,98341.56,THB
Scott,King,skingrj@plala.or.jp,Croatia,Male,Drenova,JumpXS,,HRK
Earl,Harris,eharrisrk@accuweather.com,Iran,Male,Nowshahr,Livetube,97107.74,IRR
Betty,Wright,bwrightrl@amazon.co.uk,Portugal,Female,Zambujeira,Demizz,34629.04,EUR
Ernest,Andrews,eandrewsrm@altervista.org,Mauritius,Male,Saint Aubin,Shufflester,,MUR
Sharon,Harvey,sharveyrn@github.io,Canada,Female,Sherwood Park,Oyoloo,9900.36,CAD
Martha,Long,mlongro@phoca.cz,Indonesia,Female,Neglasari,Centimia,,IDR
Debra,Williamson,dwilliamsonrp@google.ru,China,Female,Chaoyang,Trupe,92618.92,CNY
Sharon,Price,spricerq@netlog.com,Mozambique,Female,Chokwé,Photofeed,23885.13,MZN
Johnny,Medina,jmedinarr@hatena.ne.jp,Philippines,Male,San Francisco,Abata,8054.31,PHP
