Matthew,Chavez,mchavez0@cafepress.com,Sweden,Male,Södertälje,Digitube,53980.26,SEK
Patricia,Larson,plarson1@blinklist.com,United States,Female,Cincinnati,Shufflester,46055.76,USD
Michelle,Jacobs,mjacobs2@mail.ru,China,Female,Shanshi,Oyondu,24185.15,CNY
Brenda,Meyer,bmeyer3@eventbrite.com,Japan,Female,Wakimachi,Thoughtblab,34468.85,JPY
Martin,Marshall,mmarshall4@toplist.cz,Indonesia,Male,Bindang,Dabjam,9127.78,IDR
Adam,Woods,awoods5@feedburner.com,Ukraine,Male,Makiyivka,Flipstorm,36046.93,UAH
Cynthia,Johnston,cjohnston6@google.ru,Israel,Female,Dabbūrīya,Twitterworks,4773.27,ILS
Tammy,Hamilton,thamilton7@skyrock.com,South Africa,Female,Messina,Avamba,19780.12,ZAR
Maria,Reid,mreid8@noaa.gov,Russia,Female,Nevinnomyssk,Devpoint,9901.92,RUB
David,Washington,dwashington9@npr.org,Brazil,Male,Ribeirão Pires,Quimm,40338.57,BRL
Carol,Russell,crussella@washington.edu,Indonesia,Female,Krajan Rowokangkung,Fanoodle,,IDR
Denise,Sanders,dsandersb@nifty.com,Kazakhstan,Female,Dzhetygara,Devpoint,24482.09,KZT
Jane,Burton,jburtonc@cnet.com,China,Female,Haokou,Gigabox,,CNY
Russell,Myers,rmyersd@nydailynews.com,France,Male,Grenoble,Flashspan,65248.49,EUR
Phyllis,Butler,pbutlere@dyndns.org,China,Female,Dacheng,Edgeify,13795.62,CNY
Jeremy,Fisher,jfisherf@t-online.de,Greece,Male,Chavárion,Agimba,69312.33,EUR
Harry,Bryant,hbryantg@oakley.com,China,Male,Quanxi,Jaxworks,20600.80,CNY
Judy,Hamilton,jhamiltonh@cocolog-nifty.com,Azerbaijan,Female,Sheki,Zoomcast,1486.12,AZN
Betty,Bishop,bbishopi@irs.gov,Greece,Female,Koíla,Ooba,65740.79,EUR
Lillian,Brooks,lbrooksj@google.co.jp,Venezuela,Female,Las Tejerías,Thoughtmix,,VEF
Randy,Mitchell,rmitchellk@bizjournals.com,China,Male,Changhe,Wordpedia,34258.57,CNY
Johnny,Meyer,jmeyerl@paypal.com,Thailand,Male,Tak Bai,Podcat,55990.61,THB
Brandon,Wright,bwrightm@people.com.cn,Indonesia,Male,Cirompang,Gabcube,16789.47,IDR
John,Diaz,jdiazn@icio.us,Peru,Male,Punta de Bombón,Mita,47468.01,PEN
Sandra,Hudson,shudsono@shop-pro.jp,Yemen,Female,Khawrah,Youtags,25620.85,YER
Janice,Watkins,jwatkinsp@uol.com.br,Poland,Female,Kaczory,Skimia,99270.85,PLN
Daniel,Olson,dolsonq@phoca.cz,Japan,Male,Asahi,Skidoo,79920.39,JPY
Charles,Montgomery,cmontgomeryr@redcross.org,China,Male,Matangshan,Thoughtbeat,79994.20,CNY
Lori,Porter,lporters@drupal.org,Czech Republic,Female,Chvaletice,Einti,,CZK
Justin,Carr,jcarrt@nifty.com,Tanzania,Male,Tumbi,Vipe,48486.85,TZS
Robert,Hughes,rhughesu@skyrock.com,Indonesia,Male,Manonjaya,Yata,59797.44,IDR
Louis,Smith,lsmithv@myspace.com,United States,Male,Garden Grove,Muxo,79087.83,USD
Louise,Long,llongw@ow.ly,China,Female,Fengchan,Feedbug,51859.37,CNY
Mary,Crawford,mcrawfordx@sciencedaily.com,Portugal,Female,Gramaços,Aimbu,69637.83,EUR
Ashley,Burke,aburkey@fc2.com,Chile,Female,Puyehue,Gigaclub,28581.08,CLP
Carol,Wilson,cwilsonz@imageshack.us,Russia,Female,Syamzha,Fiveclub,74820.35,RUB
Carl,Webb,cwebb10@fc2.com,Finland,Male,Ristinummi,Feedbug,,EUR
Debra,Gilbert,dgilbert11@google.nl,Philippines,Female,Tanjay,Dynabox,63046.59,PHP
Judith,Payne,jpayne12@instagram.com,China,Female,Xinhua,Edgetag,72944.80,CNY
George,Fuller,gfuller13@cornell.edu,China,Male,Zhongzhai,Twinte,25138.03,CNY
Douglas,Arnold,darnold14@boston.com,Uganda,Male,Buyende,Aibox,,UGX
Douglas,Ray,dray15@biglobe.ne.jp,Morocco,Male,Oujda,Bubblebox,85624.60,MAD
Earl,Montgomery,emontgomery16@arstechnica.com,Philippines,Male,Prinza,Plajo,,PHP
Gerald,George,ggeorge17@qq.com,Indonesia,Male,Lupak,Gabvine,56329.03,IDR
Elizabeth,Lee,elee18@hubpages.com,Philippines,Female,Titay,Rooxo,54862.07,PHP
Bruce,Reynolds,breynolds19@geocities.com,Philippines,Male,Guagua,Tazzy,96064.86,PHP
Beverly,Cox,bcox1a@census.gov,China,Female,Xiadu,Flashspan,,CNY
Catherine,Allen,callen1b@digg.com,Russia,Female,Rogachëvo,BlogXS,87260.87,RUB
Dennis,Ramirez,dramirez1c@wisc.edu,China,Male,Taibao,Rhybox,1320.84,CNY
Stephen,Wilson,swilson1d@foxnews.com,Thailand,Male,Ko Chan,Myworks,73493.45,THB
Douglas,Cole,dcole1e@springer.com,Ukraine,Male,Dzvinogrud,Rhybox,70695.26,UAH
Tina,Simpson,tsimpson1f@washingtonpost.com,Philippines,Female,Pulupandan,Eamia,84921.27,PHP
Diane,Woods,dwoods1g@ihg.com,China,Female,Xinbao,Izio,14789.09,CNY
Johnny,Harper,jharper1h@a8.net,Poland,Male,Zamarski,Realfire,80973.21,PLN
Angela,Lopez,alopez1i@slate.com,Poland,Female,Tuchów,Skivee,63225.19,PLN
Helen,Harper,hharper1j@fema.gov,Serbia,Female,Jagodina,Vipe,41723.98,RSD
Joe,Matthews,jmatthews1k@privacy.gov.au,Indonesia,Male,Weetombo,Myworks,57540.01,IDR
Rebecca,Reed,rreed1l@salon.com,United States,Female,Miami,Oozz,7135.93,USD
Lori,Webb,lwebb1m@tmall.com,United States,Female,Dallas,Realmix,30114.61,USD
Amanda,Fisher,afisher1n@senate.gov,Serbia,Female,Banatski Dvor,Wordtune,36832.94,RSD
Fred,Powell,fpowell1o@dailymotion.com,Indonesia,Male,Loa Janan,Rhynyx,50126.30,IDR
Cynthia,Dixon,cdixon1p@techcrunch.com,China,Female,Zheyuan,Zoovu,10513.67,CNY
Jason,Simpson,jsimpson1q@vinaora.com,China,Male,Lianjiangkou,Skiba,11463.18,CNY
Patricia,Hernandez,phernandez1r@stumbleupon.com,Mexico,Female,San Miguel,Gabcube,83675.03,MXN
Roger,Knight,rknight1s@senate.gov,China,Male,Wushan,Roomm,4522.85,CNY
Maria,Morrison,mmorrison1t@merriam-webster.com,China,Female,Huangsangkou,Rhynoodle,26197.60,CNY
Kathy,Coleman,kcoleman1u@desdev.cn,Vietnam,Female,Cam Ranh,Shufflester,57148.88,VND
Willie,Meyer,wmeyer1v@ebay.co.uk,Poland,Male,Gromadka,Skinte,,PLN
Donald,Taylor,dtaylor1w@foxnews.com,China,Male,Xincheng,Brainlounge,7001.79,CNY
Lillian,Bryant,lbryant1x@microsoft.com,Indonesia,Female,Pagersari,Eare,43877.74,IDR
Marie,Watkins,mwatkins1y@jugem.jp,Poland,Female,Niemodlin,Twitterbeat,87987.31,PLN
John,Murphy,jmurphy1z@naver.com,Brazil,Male,São Miguel dos Campos,Talane,69870.02,BRL
Richard,Jackson,rjackson20@marriott.com,Indonesia,Male,Ciusul,Voonyx,,IDR
Amanda,West,awest21@last.fm,Brazil,Female,Macatuba,Gigaclub,,BRL
Dennis,Gibson,dgibson22@upenn.edu,Uganda,Male,Ntoroko,Voonyx,98526.61,UGX
Walter,Price,wprice23@google.ca,China,Male,Kuishan,Skiba,58806.43,CNY
Gloria,Collins,gcollins24@china.com.cn,Andorra,Female,Ordino,Devify,37288.66,EUR
Henry,Porter,hporter25@imageshack.us,Philippines,Male,Sapang Buho,Yata,84947.57,PHP
Steve,Clark,sclark26@prlog.org,Russia,Male,Bamut,Rhybox,,RUB
Timothy,Jackson,tjackson27@clickbank.net,China,Male,Zhoutian,Quimm,65771.78,CNY
Rachel,Rose,rrose28@google.com.br,Indonesia,Female,Ombarade,Cogibox,32698.45,IDR
Sharon,Graham,sgraham29@indiatimes.com,Brazil,Female,Ribeirópolis,Centimia,8685.94,BRL
Thomas,Murphy,tmurphy2a@dailymail.co.uk,Uganda,Male,Kole,Rhynyx,1887.18,UGX
Kathy,Ruiz,kruiz2b@google.ca,Nigeria,Female,Gorgoram,Livetube,43298.38,NGN
Carlos,Watson,cwatson2c@163.com,China,Male,Ximei,Fiveclub,28910.23,CNY
Jason,Little,jlittle2d@unesco.org,Slovenia,Male,Zgornje Pirniče,Kaymbo,20232.47,EUR
Ruby,Pierce,rpierce2e@mail.ru,Portugal,Female,Vila Maior,Ooba,24171.83,EUR
Barbara,Cook,bcook2f@dedecms.com,Russia,Female,Dzhayrakh,Centidel,,RUB
Dorothy,Sanchez,dsanchez2g@cdc.gov,Croatia,Female,Tenja,Fivebridge,385.42,HRK
Laura,Porter,lporter2h@guardian.co.uk,Brazil,Female,Poconé,Quatz,40759.37,BRL
Richard,Gutierrez,rgutierrez2i@bandcamp.com,Thailand,Male,Phu Kradueng,Tagfeed,71555.23,THB
Doris,Armstrong,darmstrong2j@weibo.com,France,Female,Besançon,Quimm,37223.09,EUR
Carl,Brooks,cbrooks2k@studiopress.com,Brazil,Male,Quaraí,Babblestorm,,BRL
Irene,Burke,iburke2l@apache.org,China,Female,Jincheng,Skimia,24401.35,CNY
Lillian,Fuller,lfuller2m@mozilla.com,Brazil,Female,Afogados da Ingazeira,Oyondu,7532.56,BRL
Amy,Watkins,awatkins2n@seesaa.net,Myanmar,Female,Myaydo,Mynte,69894.11,MMK
Sean,Carr,scarr2o@redcross.org,Philippines,Male,Conner,Divanoodle,65776.40,PHP
Christina,Wells,cwells2p@gizmodo.com,Indonesia,Female,Sudimara,Livefish,55638.07,IDR
Dorothy,Wilson,dwilson2q@infoseek.co.jp,Cyprus,Female,Lefkoniko,Youspan,12800.38,EUR
James,Cunningham,jcunningham2r@sina.com.cn,Greece,Male,Khiliomódhi,Aibox,39887.76,EUR
Carolyn,Riley,criley2s@dot.gov,Palestinian Territory,Female,Arţās,Yodoo,89010.61,ILS
Diane,Murphy,dmurphy2t@fema.gov,Brazil,Female,Barrinha,Zoomdog,2737.16,BRL
Paula,Daniels,pdaniels2u@technorati.com,Reunion,Female,Saint-Denis,Youspan,30828.50,EUR
Patrick,Mills,pmills2v@about.me,China,Male,Pingtang,Tekfly,59685.03,CNY
Earl,Jackson,ejackson2w@unblog.fr,Czech Republic,Male,Křižanov,Oyoloo,93259.83,CZK
Wanda,Evans,wevans2x@yahoo.co.jp,Portugal,Female,Pisões,Voolia,61277.39,EUR
Nancy,Russell,nrussell2y@360.cn,Indonesia,Female,Bijaepasu,Dabfeed,,IDR
Brandon,Reed,breed2z@si.edu,Morocco,Male,Talmest,Wikizz,48686.24,MAD
Kevin,Larson,klarson30@chronoengine.com,Germany,Male,Magdeburg,Meevee,13629.49,EUR
Laura,Robertson,lrobertson31@icio.us,Russia,Female,Rayevskiy,Dynabox,73317.12,RUB
Bobby,Brooks,bbrooks32@bloglines.com,Cameroon,Male,Diang,Centidel,94361.43,XAF
Adam,Collins,acollins33@sciencedirect.com,Cuba,Male,Esmeralda,Gigashots,16088.30,CUP
Laura,Rodriguez,lrodriguez34@about.me,Macedonia,Female,Čair,Jabbersphere,68517.09,MKD
Jerry,Evans,jevans35@t.co,China,Male,Changzheng,Avavee,,CNY
Justin,Clark,jclark36@cafepress.com,Russia,Male,Taldom,Teklist,20865.64,RUB
Larry,Williamson,lwilliamson37@homestead.com,Tanzania,Male,Butiama,Realfire,,TZS
Doris,Hart,dhart38@businessinsider.com,North Korea,Female,Sinmak,Youspan,73088.84,KPW
Michael,Burns,mburns39@alibaba.com,China,Male,Shanglaxiu,Fivespan,,CNY
Steven,Lawson,slawson3a@surveymonkey.com,Indonesia,Male,Gunungjulang,Kazio,87353.43,IDR
Ryan,Roberts,rroberts3b@nba.com,Colombia,Male,Fómeque,Lajo,54529.87,COP
Carolyn,Hayes,chayes3c@fema.gov,Sweden,Female,Ljusdal,Oyoloo,55854.26,SEK
Harold,Holmes,hholmes3d@instagram.com,Nepal,Male,Dhangarhi,Zoomlounge,13466.51,NPR
Kathleen,Carroll,kcarroll3e@cargocollective.com,Poland,Female,Komorniki,Flashdog,14623.29,PLN
Roy,Coleman,rcoleman3f@nytimes.com,Indonesia,Male,Banjar Geriana Kangin,Kamba,36280.79,IDR
Bobby,Daniels,bdaniels3g@msn.com,Philippines,Male,Balas,Youbridge,21974.90,PHP
Donald,Turner,dturner3h@people.com.cn,United States,Male,Beaufort,Buzzbean,20313.34,USD
Roger,Davis,rdavis3i@cnn.com,Guinea-Bissau,Male,Quebo,Dynabox,,XOF
Jane,Little,jlittle3j@simplemachines.org,Peru,Female,Chaviña,Meemm,36670.56,PEN
Bobby,Larson,blarson3k@thetimes.co.uk,Portugal,Male,São Miguel do Rio Torto,Podcat,29220.85,EUR
Cynthia,Morrison,cmorrison3l@posterous.com,Hungary,Female,Szeged,Fiveclub,23209.57,HUF
Amanda,Phillips,aphillips3m@fema.gov,Honduras,Female,Silca,Kazio,79394.84,HNL
Denise,Garcia,dgarcia3n@goodreads.com,Venezuela,Female,Delicias,Jaxspan,37271.99,VEF
Joseph,Lee,jlee3o@yahoo.co.jp,Brazil,Male,Guarabira,Layo,94664.64,BRL
Samuel,Burton,sburton3p@princeton.edu,Indonesia,Male,Bojong,Quinu,96323.07,IDR
Keith,Ford,kford3q@apache.org,Portugal,Male,Pereiras,Topicblab,28068.12,EUR
Sharon,Harris,sharris3r@devhub.com,Mexico,Female,Benito Juarez,Blogspan,43173.92,MXN
Emily,Armstrong,earmstrong3s@furl.net,Japan,Female,Yanai,Skimia,61035.78,JPY
Carolyn,Rogers,crogers3t@printfriendly.com,Canada,Female,Prince Rupert,Thoughtsphere,48555.23,CAD
Sharon,Collins,scollins3u@godaddy.com,Philippines,Female,Buan,Pixope,63981.72,PHP
Michelle,Snyder,msnyder3v@example.com,Kenya,Female,Nyeri,Cogilith,49939.56,KES
Paul,Hunt,phunt3w@furl.net,Mauritius,Male,Nouvelle France,Skyble,77977.56,MUR
Dennis,Wright,dwright3x@xrea.com,Indonesia,Male,Karuk,DabZ,41933.06,IDR
Carlos,Sims,csims3y@printfriendly.com,Sri Lanka,Male,Monaragala,Fliptune,71123.99,LKR
Jesse,Payne,jpayne3z@icq.com,Guatemala,Male,Jocotán,Skyvu,18861.33,GTQ
Lois,Boyd,lboyd40@icio.us,Poland,Female,Belsk Duży,Miboo,,PLN
John,Welch,jwelch41@harvard.edu,Indonesia,Male,Werangere,Yodo,28439.22,IDR
Gregory,Bennett,gbennett42@icio.us,Ethiopia,Male,Felege Neway,Chatterbridge,89825.28,ETB
Richard,Griffin,rgriffin43@sourceforge.net,Sweden,Male,Örnsköldsvik,Kamba,92610.12,SEK
Kathleen,Armstrong,karmstrong44@mashable.com,Indonesia,Female,Kalebun,Zooveo,50554.15,IDR
Nicholas,King,nking45@lulu.com,United Kingdom,Male,London,Chatterbridge,30851.77,GBP
Ruby,Murray,rmurray46@cdc.gov,China,Female,Liuji,Quatz,,CNY
Jonathan,Payne,jpayne47@com.com,United States,Male,Florence,Tagfeed,42641.38,USD
Jason,Parker,jparker48@toplist.cz,Indonesia,Male,Oibioin,Muxo,84058.73,IDR
Robert,Fisher,rfisher49@mlb.com,China,Male,Tengqiao,Roombo,87674.17,CNY
Joyce,Robinson,jrobinson4a@bravesites.com,Indonesia,Female,Pahing Jalatrang,Talane,68975.50,IDR
Shirley,Cole,scole4b@ask.com,China,Female,Dongxiao,Tazz,11411.48,CNY
Jessica,Stevens,jstevens4c@umich.edu,Poland,Female,Niedźwiedź,Blogtag,36404.79,PLN
Jason,Ruiz,jruiz4d@delicious.com,Brazil,Male,Jardinópolis,Minyx,7757.76,BRL
Michael,Murphy,mmurphy4e@nasa.gov,South Africa,Male,Ventersburg,Wikido,11074.95,ZAR
Arthur,Carter,acarter4f@nationalgeographic.com,Indonesia,Male,Sukoanyar,Thoughtsphere,46817.44,IDR
Nancy,Medina,nmedina4g@npr.org,Indonesia,Female,Banjar Beratan,Realbuzz,55254.18,IDR
Sandra,Price,sprice4h@nationalgeographic.com,Venezuela,Female,Barinitas,Topicware,42497.05,VEF
Carol,Hayes,chayes4i@nsw.gov.au,Laos,Female,Khoa,Vitz,743.25,LAK
Betty,Holmes,bholmes4j@google.ru,Poland,Female,Sulbiny Górne,Vipe,83232.23,PLN
Sean,Meyer,smeyer4k@constantcontact.com,France,Male,Montluel,Quaxo,54798.45,EUR
Marie,Williamson,mwilliamson4l@amazon.de,Poland,Female,Jeżów Sudecki,Oyondu,60812.17,PLN
Dorothy,Crawford,dcrawford4m@ucla.edu,China,Female,Yuncheng,Twinte,21809.11,CNY
Teresa,Cole,tcole4n@biglobe.ne.jp,China,Female,Heshang,Topiczoom,92394.84,CNY
Tammy,Nguyen,tnguyen4o@redcross.org,Dominican Republic,Female,Salcedo,Photolist,72960.53,DOP
Shawn,Daniels,sdaniels4p@whitehouse.gov,Philippines,Male,San Quintin,Brainverse,15409.84,PHP
Beverly,Bishop,bbishop4q@google.ru,United States,Female,Washington,Npath,8270.23,USD
James,Palmer,jpalmer4r@nsw.gov.au,Indonesia,Male,Karangan,Mydo,49768.59,IDR
Kathleen,Matthews,kmatthews4s@exblog.jp,China,Female,Chengyang,Kaymbo,28303.43,CNY
Maria,Crawford,mcrawford4t@rediff.com,China,Female,Zhengyu,Kwinu,62021.10,CNY
Eric,Simpson,esimpson4u@hugedomains.com,China,Male,Takeshiken,Trupe,9758.17,CNY
Evelyn,Marshall,emarshall4v@liveinternet.ru,Tajikistan,Female,Oltintopkan,Dablist,,TJS
Cynthia,Watkins,cwatkins4w@springer.com,China,Female,Jiangchang,Jayo,13267.28,CNY
Michael,Burton,mburton4x@businessweek.com,Thailand,Male,Dusit,Jatri,98334.26,THB
Phyllis,Lawrence,plawrence4y@ucla.edu,Thailand,Female,Ban Ko Lan,Kamba,,THB
Virginia,Banks,vbanks4z@histats.com,Martinique,Female,Fort-de-France,Rhynyx,98743.67,EUR
David,Carpenter,dcarpenter50@go.com,Tanzania,Male,Izazi,Rhyzio,92935.51,TZS
Jose,Stewart,jstewart51@instagram.com,Venezuela,Male,Irapa,Tagchat,32088.56,VEF
Evelyn,Fowler,efowler52@gnu.org,Indonesia,Female,Tunasbaru,Riffpedia,24219.16,IDR
Albert,James,ajames53@devhub.com,Malaysia,Male,Shah Alam,Skidoo,87671.59,MYR
Emily,Smith,esmith54@hc360.com,Indonesia,Female,Sitiarjo,Riffwire,6130.06,IDR
Shirley,Fisher,sfisher55@chron.com,Portugal,Female,Sobreiro,Podcat,26979.86,EUR
Paula,Green,pgreen56@state.tx.us,Japan,Female,Rifu,Ailane,15373.85,JPY
Mary,Wallace,mwallace57@opera.com,Indonesia,Female,Ampera,Trudeo,69351.48,IDR
Mildred,Rivera,mrivera58@slate.com,Poland,Female,Piła,Fliptune,52174.18,PLN
Mark,Meyer,mmeyer59@netscape.com,Brazil,Male,Arapongas,Linkbuzz,55856.89,BRL
Keith,Flores,kflores5a@google.com.br,Czech Republic,Male,Křižanov,Oozz,73099.02,CZK
Stephen,Evans,sevans5b@over-blog.com,Yemen,Male,Banī an Nahārī,Thoughtmix,91042.52,YER
Michael,Austin,maustin5c@t-online.de,Philippines,Male,Barbaza,Pixope,15288.55,PHP
William,Hudson,whudson5d@bing.com,Japan,Male,Yamaguchi-shi,InnoZ,40343.45,JPY
Martin,Taylor,mtaylor5e@bigcartel.com,Portugal,Male,Sande São Martinho,Quamba,63824.34,EUR
Mildred,Ferguson,mferguson5f@yahoo.com,Kuwait,Female,Şabāḩ as Sālim,Trudeo,26564.87,KWD
Kathryn,Lee,klee5g@livejournal.com,Indonesia,Female,Pasirbitung,Quimm,57300.36,IDR
Andrew,Hicks,ahicks5h@devhub.com,Norway,Male,Molde,Talane,85557.14,NOK
Joan,Kelley,jkelley5i@etsy.com,Peru,Female,Nueva Arica,Zava,,PEN
John,Franklin,jfranklin5j@microsoft.com,Indonesia,Male,Peuteuy,Oyoyo,44373.34,IDR
Kathleen,Chavez,kchavez5k@xing.com,Dominican Republic,Female,Sabana Grande de Boyá,Teklist,23562.32,DOP
Diana,Shaw,dshaw5l@mozilla.com,China,Female,Hushan,Skimia,20730.66,CNY
Pamela,Graham,pgraham5m@home.pl,Indonesia,Female,Rora Timur,Trudoo,41999.34,IDR
Annie,Fisher,afisher5n@theguardian.com,Indonesia,Female,Waikambila,Lajo,42574.24,IDR
Andrew,Gordon,agordon5o@phoca.cz,Russia,Male,Grecheskoye,BlogXS,68552.45,RUB
Mary,Martinez,mmartinez5p@dot.gov,Philippines,Female,Pura,Skyble,59925.11,PHP
Rachel,Stephens,rstephens5q@zimbio.com,Portugal,Female,Horta,Katz,42453.58,EUR
Michelle,Sims,msims5r@comcast.net,Russia,Female,Sysert’,Oba,63679.53,RUB
Diana,Mitchell,dmitchell5s@drupal.org,Japan,Female,Wako,Tagopia,37814.15,JPY
Mark,Hall,mhall5t@plala.or.jp,Sweden,Male,Sandviken,InnoZ,23268.52,SEK
Joshua,Sullivan,jsullivan5u@taobao.com,Canada,Male,Rivière-du-Loup,Mymm,,CAD
Louise,Lynch,llynch5v@reverbnation.com,Poland,Female,Lublin,Mita,94041.96,PLN
Carolyn,Cruz,ccruz5w@wunderground.com,Namibia,Female,Outapi,Dynava,91855.86,NAD
Sandra,Ruiz,sruiz5x@angelfire.com,Mauritius,Female,Nouvelle France,Chatterpoint,,MUR
Paula,Ramirez,pramirez5y@va.gov,Russia,Female,Novopokrovka,Meevee,,RUB
Shirley,Castillo,scastillo5z@cbsnews.com,Indonesia,Female,Tugu,Trilia,46540.42,IDR
Richard,Duncan,rduncan60@amazon.de,Palestinian Territory,Male,Maythalūn,Dabfeed,89904.42,ILS
Elizabeth,Smith,esmith61@bandcamp.com,China,Female,Jingping,Buzzster,38961.81,CNY
Stephen,Willis,swillis62@smugmug.com,Portugal,Male,Arrepiado,Photobean,8491.58,EUR
Marilyn,Nichols,mnichols63@comsenz.com,China,Female,Tangchi,Mudo,41022.50,CNY
Kenneth,Rogers,krogers64@jimdo.com,Indonesia,Male,Tangkilsari,Mydo,5150.65,IDR
Andrew,Sullivan,asullivan65@amazonaws.com,China,Male,Guanyang,Fatz,38004.14,CNY
Sharon,Turner,sturner66@skype.com,Indonesia,Female,Krajan Gajahmati,Fadeo,85832.82,IDR
Louise,Murphy,lmurphy67@behance.net,Peru,Female,Chugur,Youbridge,13972.45,PEN
Gerald,Watson,gwatson68@shinystat.com,Poland,Male,Błaszki,Rhyzio,82176.19,PLN
Charles,Bowman,cbowman69@npr.org,Angola,Male,Soio,Jetwire,13527.84,AOA
Albert,Grant,agrant6a@bbb.org,Ireland,Male,Bayside,Divanoodle,59451.35,EUR
Karen,Hernandez,khernandez6b@gmpg.org,China,Female,Dujiajing,Thoughtmix,36753.04,CNY
Helen,Stone,hstone6c@army.mil,Peru,Female,Ayrihuanca,Gigazoom,56477.59,PEN
Lawrence,Wagner,lwagner6d@youtu.be,Japan,Male,Kanoya,Wikizz,51515.09,JPY
Rebecca,Hall,rhall6e@gmpg.org,China,Female,Futang,Skippad,32774.13,CNY
Joan,Gilbert,jgilbert6f@slate.com,Israel,Female,Qiryat Motzkin,Skippad,92256.60,ILS
Laura,Tucker,ltucker6g@sogou.com,Finland,Female,Nagu,Edgewire,69078.54,EUR
Sandra,Fisher,sfisher6h@intel.com,Russia,Female,Berëzovka,Eayo,72345.50,RUB
Elizabeth,Carter,ecarter6i@blogger.com,Japan,Female,Saitama,Avaveo,99532.53,JPY
Margaret,Fox,mfox6j@bloglovin.com,Thailand,Female,Bang Khon Thi,Podcat,44086.98,THB
Catherine,Alexander,calexander6k@mail.ru,Poland,Female,Sułoszowa,Vitz,51268.88,PLN
Rachel,Washington,rwashington6l@columbia.edu,Czech Republic,Female,Veverská Bítýška,Wordpedia,97756.81,CZK
Jennifer,Gibson,jgibson6m@rambler.ru,Ukraine,Female,Horokhiv,Devbug,,UAH
Wayne,Day,wday6n@bigcartel.com,Vietnam,Male,Tân Hòa,Dynava,73024.32,VND
Eugene,Harris,eharris6o@unc.edu,Papua New Guinea,Male,Rabaul,Skynoodle,21609.45,PGK
Mary,Porter,mporter6p@theglobeandmail.com,Peru,Female,Mórrope,Jazzy,35418.71,PEN
Clarence,Lawson,clawson6q@bloglovin.com,Russia,Male,Raychikhinsk,Yakijo,74698.55,RUB
Brenda,Harvey,bharvey6r@skyrock.com,Uganda,Female,Bukomansimbi,Abata,16623.52,UGX
Martin,Mcdonald,mmcdonald6s@infoseek.co.jp,Poland,Male,Uniejów,Linkbridge,66975.80,PLN
Jeffrey,Fernandez,jfernandez6t@squidoo.com,South Africa,Male,Thulamahashi,Realbridge,31959.14,ZAR
Theresa,Turner,tturner6u@1und1.de,Laos,Female,Lamam,Feedmix,679.58,LAK
Joan,Roberts,jroberts6v@free.fr,Sweden,Female,Stockholm,Voomm,,SEK
Gary,Green,ggreen6w@vk.com,Indonesia,Male,Dangbigih,Minyx,23517.46,IDR
Patricia,Lee,plee6x@com.com,Indonesia,Female,Mander,Gabtype,12072.71,IDR
Brenda,Murphy,bmurphy6y@angelfire.com,Colombia,Female,Líbano,Mydeo,76232.46,COP
Jason,Baker,jbaker6z@blogspot.com,China,Male,Xiumei,Zoovu,84677.17,CNY
Lillian,Thomas,lthomas70@samsung.com,Portugal,Female,Monte Novo,Fivebridge,39148.99,EUR
Michael,Cox,mcox71@naver.com,Japan,Male,Kamo,Divavu,22980.86,JPY
Christine,Gray,cgray72@1688.com,France,Female,Le Blanc-Mesnil,Zava,2664.03,EUR
Judy,Martin,jmartin73@uol.com.br,Philippines,Female,San Mateo,Photobug,88622.62,PHP
Carl,Chavez,cchavez74@nih.gov,Belize,Male,Punta Gorda,Voonyx,67591.52,BZD
Dorothy,Ford,dford75@i2i.jp,Indonesia,Female,Bendo,Feedspan,94019.43,IDR
Deborah,Wallace,dwallace76@ezinearticles.com,Poland,Female,Polkowice,Topicstorm,20329.82,PLN
Billy,Gutierrez,bgutierrez77@miibeian.gov.cn,Sweden,Male,Motala,Layo,54739.17,SEK
Joyce,Foster,jfoster78@bizjournals.com,Sweden,Female,Skänninge,Vinder,40974.78,SEK
Amanda,Nguyen,anguyen79@webnode.com,Sweden,Female,Spånga,Plambee,4527.01,SEK
Eugene,Schmidt,eschmidt7a@dagondesign.com,China,Male,Huanglong,Quimba,35286.87,CNY
Elizabeth,Stanley,estanley7b@harvard.edu,Poland,Female,Łęknica,Wikido,54609.43,PLN
Annie,Cook,acook7c@comsenz.com,Czech Republic,Female,Plesná,Gevee,,CZK
James,Kelly,jkelly7d@sfgate.com,Brazil,Male,Iturama,Edgepulse,56908.33,BRL
Stephanie,Collins,scollins7e@ameblo.jp,Armenia,Female,Ararat,Skinix,,AMD
Katherine,Weaver,kweaver7f@tamu.edu,Swaziland,Female,Lobamba,Voonder,68605.71,SZL
Julia,Ross,jross7g@mac.com,New Zealand,Female,Palmerston North,Jayo,62668.29,NZD
Janet,Jordan,jjordan7h@gmpg.org,Ecuador,Female,Bahía de Caráquez,Omba,85681.46,USD
Elizabeth,Medina,emedina7i@opera.com,China,Female,Jianchang,Quinu,83779.25,CNY
Dennis,Woods,dwoods7j@cdbaby.com,Russia,Male,Starobaltachevo,Wordware,36397.40,RUB
Sandra,Johnston,sjohnston7k@webmd.com,China,Female,Shimen,Feedfish,33340.30,CNY
Ashley,Stone,astone7l@census.gov,Indonesia,Female,Puor,Voonder,,IDR
Eugene,Fisher,efisher7m@yahoo.co.jp,China,Male,Dongle,Photobug,40897.08,CNY
Adam,Greene,agreene7n@yellowpages.com,Botswana,Male,Mogapinyana,Blogspan,5615.17,BWP
Debra,Mitchell,dmitchell7o@odnoklassniki.ru,Indonesia,Female,Sukasetia,Katz,94087.74,IDR
Tammy,Johnston,tjohnston7p@amazon.co.uk,Sweden,Female,Borås,Aivee,35786.65,SEK
Deborah,Ellis,dellis7q@cpanel.net,Haiti,Female,Aquin,Thoughtstorm,67528.83,HTG
Alice,Fowler,afowler7r@ning.com,China,Female,Zhongshanmen,Rhyzio,41879.29,CNY
Billy,Garcia,bgarcia7s@businessinsider.com,Philippines,Male,Calaya,Bubblebox,33278.11,PHP
Helen,Willis,hwillis7t@intel.com,Czech Republic,Female,Chyňava,Centidel,56122.42,CZK
Emily,White,ewhite7u@geocities.com,Poland,Female,Ryczywół,Gabspot,45565.38,PLN
Brenda,Duncan,bduncan7v@hugedomains.com,Spain,Female,Palencia,Shufflester,94416.78,EUR
Mildred,Gordon,mgordon7w@studiopress.com,Belarus,Female,Mazyr,Voomm,52160.77,BYR
Todd,Spencer,tspencer7x@netlog.com,Japan,Male,Ōno-hara,Camido,99979.29,JPY
Bobby,Flores,bflores7y@ning.com,Indonesia,Male,Batutua,Kayveo,91881.63,IDR
Brandon,Graham,bgraham7z@miibeian.gov.cn,Nigeria,Male,Ila Orangun,Zazio,,NGN
Lisa,Jacobs,ljacobs80@istockphoto.com,China,Female,Zhongling,Dablist,9126.21,CNY
Gary,Frazier,gfrazier81@studiopress.com,Nigeria,Male,Uga,Aivee,,NGN
Sandra,Lawson,slawson82@com.com,Bosnia and Herzegovina,Female,Donja Mahala,Avamba,79931.11,BAM
Kelly,Mitchell,kmitchell83@fastcompany.com,Guatemala,Female,Lívingston,Teklist,7043.58,GTQ
Billy,Bradley,bbradley84@google.com.hk,Paraguay,Male,Caazapá,Trilith,47717.04,PYG
Karen,Warren,kwarren85@upenn.edu,Indonesia,Female,Jagabaya Dua,DabZ,46346.83,IDR
Helen,Perez,hperez86@soup.io,Norway,Female,Bodø,Digitube,84097.93,NOK
Carlos,Nguyen,cnguyen87@xinhuanet.com,China,Male,Minji,Avavee,69922.40,CNY
Virginia,Evans,vevans88@princeton.edu,China,Female,Gaotai,Dabjam,66486.42,CNY
Catherine,Ryan,cryan89@sciencedaily.com,Czech Republic,Female,Sezimovo Ústí,Jazzy,33167.23,CZK
Betty,Schmidt,bschmidt8a@histats.com,Thailand,Female,Khlong Yai,Dynabox,34202.90,THB
Amy,Fisher,afisher8b@washington.edu,Indonesia,Female,Kaliasin,Aimbu,81268.56,IDR
Andrew,Tucker,atucker8c@indiegogo.com,Indonesia,Male,Bandung,Zooxo,18888.49,IDR
Thomas,Jordan,tjordan8d@opera.com,Brazil,Male,Brumadinho,Mita,2698.98,BRL
Chris,Patterson,cpatterson8e@economist.com,Portugal,Male,Lau,Oyope,33096.24,EUR
Ernest,Lewis,elewis8f@1688.com,Philippines,Male,Comillas Norte,Digitube,17514.80,PHP
Gary,Owens,gowens8g@reference.com,China,Male,Xunzhong,Quamba,25502.94,CNY
Angela,Gonzales,agonzales8h@furl.net,Indonesia,Female,Bungkal,Kimia,28246.58,IDR
Roger,Reynolds,rreynolds8i@europa.eu,United States,Male,Sacramento,Dynava,29453.01,USD
Albert,Stone,astone8j@sun.com,Taiwan,Male,Taichung,Feedfish,,TWD
Peter,Howard,phoward8k@webeden.co.uk,China,Male,Bailu,Shufflester,99034.37,CNY
Linda,Meyer,lmeyer8l@cnet.com,China,Female,Qintong,Blogtag,59369.20,CNY
Barbara,Spencer,bspencer8m@sciencedirect.com,Poland,Female,Turze Pole,Jabbersphere,74147.18,PLN
Janice,Murphy,jmurphy8n@cnn.com,United States,Female,Richmond,Skimia,80770.61,USD
Gloria,Robertson,grobertson8o@bloomberg.com,Bangladesh,Female,Tungipāra,Gevee,4146.10,BDT
Walter,Nelson,wnelson8p@imageshack.us,Brazil,Male,Matriz de Camaragibe,Twitterlist,63058.99,BRL
Heather,Nelson,hnelson8q@chronoengine.com,Mauritius,Female,Goodlands,Mybuzz,,MUR
Nicholas,Martin,nmartin8r@woothemes.com,Mongolia,Male,Dzüünharaa,Photolist,83427.35,MNT
Andrea,Greene,agreene8s@stumbleupon.com,Indonesia,Female,Puspajaya,Realbuzz,25209.45,IDR
Russell,Burton,rburton8t@delicious.com,Indonesia,Male,Obesi,Meeveo,30035.70,IDR
Teresa,Brown,tbrown8u@edublogs.org,Japan,Female,Kanaya,Yabox,,JPY
Randy,Howard,rhoward8v@eepurl.com,China,Male,Jianshan,Yadel,68572.98,CNY
Rebecca,Hunt,rhunt8w@tripod.com,China,Female,Xiadahe,Trudeo,60248.70,CNY
Daniel,Harrison,dharrison8x@cmu.edu,Ukraine,Male,Stari Kuty,Gigabox,42314.96,UAH
Jeremy,Spencer,jspencer8y@jigsy.com,Sweden,Male,Mariestad,Skidoo,51060.00,SEK
Gerald,Gray,ggray8z@hud.gov,Russia,Male,Krasnokamsk,Tagopia,55.60,RUB
Bonnie,Bryant,bbryant90@cbsnews.com,Indonesia,Female,Soho,Agimba,50698.13,IDR
Karen,Sanders,ksanders91@storify.com,China,Female,Dayu,Eamia,74556.61,CNY
Gerald,Hayes,ghayes92@yahoo.co.jp,Russia,Male,Shimanovsk,Buzzster,34824.19,RUB
Linda,Oliver,loliver93@paginegialle.it,Democratic Republic of the Congo,Female,Bukavu,Feedmix,25776.15,CDF
Matthew,Washington,mwashington94@boston.com,Thailand,Male,Ongkharak,Thoughtmix,42952.07,THB
Andrea,Barnes,abarnes95@alexa.com,Russia,Female,Partizan,Brightdog,98038.66,RUB
Carol,Allen,callen96@intel.com,Egypt,Female,Awsīm,Viva,86498.42,EGP
Clarence,Turner,cturner97@microsoft.com,Poland,Male,Ostrów Mazowiecka,Rhycero,88985.59,PLN
Nicholas,Fields,nfields98@sakura.ne.jp,Armenia,Male,Zorak,Tagpad,59976.58,AMD
Brian,Lawson,blawson99@nationalgeographic.com,Russia,Male,Tuzha,Quinu,65223.80,RUB
Jimmy,Montgomery,jmontgomery9a@godaddy.com,Portugal,Male,Quinta,Innojam,7806.50,EUR
Dorothy,Reed,dreed9b@mail.ru,China,Female,Leping,Gevee,76829.55,CNY
Helen,Carroll,hcarroll9c@google.pl,Bulgaria,Female,Akhtopol,Topiczoom,80186.91,BGN
Joe,Burke,jburke9d@stumbleupon.com,Colombia,Male,Buenaventura,Linkbuzz,11693.65,COP
Kevin,Richards,krichards9e@w3.org,China,Male,Dongchong,Mynte,25343.89,CNY
Wanda,Richards,wrichards9f@go.com,Indonesia,Female,Banjar Mambalkajanan,Jaloo,44380.25,IDR
Christina,Ellis,cellis9g@noaa.gov,China,Female,Zhangyang,Thoughtbeat,9548.79,CNY
Eugene,Greene,egreene9h@boston.com,Brazil,Male,Vigia,Buzzshare,90410.81,BRL
Kimberly,Weaver,kweaver9i@irs.gov,Afghanistan,Female,Zīrakī,Tambee,42794.74,AFN
Jeffrey,Campbell,jcampbell9j@mediafire.com,Philippines,Male,Jolo,Kwinu,3392.51,PHP
Donna,Cox,dcox9k@biblegateway.com,Indonesia,Female,Nusajaya,Buzzdog,50.38,IDR
Stephen,Wallace,swallace9l@barnesandnoble.com,Indonesia,Male,Prupuh,Tazz,64752.67,IDR
Chris,Wood,cwood9m@chronoengine.com,Nigeria,Male,Disina,Meembee,87785.71,NGN
Russell,Mitchell,rmitchell9n@usnews.com,Macedonia,Male,Selce,Kanoodle,94304.84,MKD
Annie,Elliott,aelliott9o@mapy.cz,Aland Islands,Female,Kumlinge,Teklist,27168.80,EUR
Jesse,Butler,jbutler9p@weibo.com,China,Male,Chenzhuang,Voonix,,CNY
Catherine,Green,cgreen9q@businessinsider.com,China,Female,Gannan,Kaymbo,67096.78,CNY
Emily,Williams,ewilliams9r@smugmug.com,Venezuela,Female,Las Tejerías,Camido,,VEF
Michelle,Carroll,mcarroll9s@cbc.ca,China,Female,Wuli,Browsedrive,53680.86,CNY
Mary,Hudson,mhudson9t@smugmug.com,Poland,Female,Szamotuły,Jabbercube,,PLN
Annie,Hart,ahart9u@gravatar.com,Zimbabwe,Female,Chivhu,Thoughtworks,18005.54,ZWL
Shawn,Hall,shall9v@bing.com,Peru,Male,Layo,Lazz,83728.14,PEN
Brenda,Bradley,bbradley9w@sohu.com,Japan,Female,Toyota,Skilith,53509.94,JPY
Virginia,Boyd,vboyd9x@tumblr.com,Czech Republic,Female,Ropice,Oyoloo,66165.29,CZK
Heather,Black,hblack9y@tuttocitta.it,China,Female,Wutun,Tanoodle,62062.12,CNY
Bruce,Ryan,bryan9z@reuters.com,Ukraine,Male,Dokuchayevs’k,Yombu,79445.53,UAH
Juan,Peters,jpetersa0@springer.com,Brazil,Male,João Monlevade,Yambee,6570.18,BRL
Brandon,Bennett,bbennetta1@domainmarket.com,Philippines,Male,Catungawan Sur,Trudeo,13579.28,PHP
Stephen,Jordan,sjordana2@rakuten.co.jp,Portugal,Male,Ponte da Pedra,Twimbo,42128.24,EUR
Kenneth,Brooks,kbrooksa3@ask.com,China,Male,Daliyuan,Quatz,92817.41,CNY
Alice,Simpson,asimpsona4@amazon.co.uk,Greece,Female,Thívai,Yodo,80984.21,EUR
Ruby,Butler,rbutlera5@baidu.com,Myanmar,Female,Pyapon,Yoveo,,MMK
Terry,Ramirez,tramireza6@cargocollective.com,Czech Republic,Male,Jablonec nad Nisou,Innotype,,CZK
Roger,Robinson,rrobinsona7@shop-pro.jp,France,Male,Le Mans,Skaboo,59390.66,EUR
Elizabeth,Washington,ewashingtona8@deviantart.com,China,Female,Shijiazhuang,Photospace,42217.49,CNY
Margaret,Andrews,mandrewsa9@dmoz.org,Brazil,Female,Conchal,Yambee,77873.80,BRL
John,Cole,jcoleaa@merriam-webster.com,Venezuela,Male,Farriar,Tagpad,4708.90,VEF
Shawn,Flores,sfloresab@360.cn,Russia,Male,Ust’-Isha,Agivu,43324.74,RUB
Raymond,Wood,rwoodac@ow.ly,Kuwait,Male,Salwá,Mybuzz,52520.18,KWD
Doris,Cooper,dcooperad@digg.com,Poland,Female,Klimontów,Mudo,64995.69,PLN
Julie,Moore,jmooreae@t.co,China,Female,Shazi,Talane,86968.03,CNY
Joyce,Martinez,jmartinezaf@wired.com,Indonesia,Female,Guay,InnoZ,8157.62,IDR
Lisa,Morris,lmorrisag@wordpress.com,France,Female,Saint-Laurent-Blangy,Eazzy,22341.41,EUR
Amy,Arnold,aarnoldah@youtube.com,North Korea,Female,Kangdong-ŭp,Oozz,88815.37,KPW
Bobby,Mason,bmasonai@cam.ac.uk,Gambia,Male,Abuko,Skipstorm,14701.36,GMD
Dorothy,Henderson,dhendersonaj@ihg.com,Thailand,Female,Hankha,Realbuzz,65710.69,THB
Amy,James,ajamesak@yelp.com,Brazil,Female,Guará,Gigashots,34850.24,BRL
Evelyn,Wells,ewellsal@state.gov,Philippines,Female,Isla,Gabtune,46619.02,PHP
Jennifer,Lee,jleeam@surveymonkey.com,Albania,Female,Armen,JumpXS,87886.90,ALL
Martin,Ray,mrayan@netlog.com,Poland,Male,Lubaczów,Blogpad,50335.02,PLN
Sharon,Kim,skimao@wordpress.org,Belarus,Female,Buynichy,Avamba,38291.99,BYR
Jonathan,Harris,jharrisap@archive.org,Canada,Male,Rivière-du-Loup,Vimbo,47332.97,CAD
Lisa,Warren,lwarrenaq@businessinsider.com,Indonesia,Female,Curug,Quimba,53871.57,IDR
Annie,Jones,ajonesar@icio.us,Tunisia,Female,Qulaybīyah,Feedbug,61474.16,TND
Sara,Schmidt,sschmidtas@a8.net,Philippines,Female,Canjulao,Browsebug,40351.38,PHP
Ruby,Rodriguez,rrodriguezat@trellian.com,Brazil,Female,Brumado,Abatz,52442.92,BRL
Anthony,Murphy,amurphyau@earthlink.net,Canada,Male,White Rock,Wikido,92797.05,CAD
Keith,Carr,kcarrav@eventbrite.com,Nigeria,Male,Oju,Kamba,52663.45,NGN
Heather,Johnston,hjohnstonaw@fc2.com,China,Female,Yezhi,Thoughtworks,85418.77,CNY
Daniel,Murray,dmurrayax@drupal.org,Brazil,Male,Ituiutaba,Voonyx,23111.83,BRL
Willie,Hayes,whayesay@nyu.edu,Panama,Male,Dolega District,Wordtune,93723.45,PAB
Wanda,Wallace,wwallaceaz@51.la,North Korea,Female,Sŏnbong,Wordtune,83450.73,KPW
Eugene,Little,elittleb0@aol.com,Norway,Male,Bergen,Ozu,38209.59,NOK
Johnny,Gibson,jgibsonb1@fc2.com,China,Male,Tulihe,Roombo,48461.20,CNY
Kelly,Roberts,krobertsb2@jugem.jp,United States,Female,Washington,Tambee,81151.85,USD
Fred,Frazier,ffrazierb3@chicagotribune.com,Finland,Male,Sammatti,Jetpulse,29671.41,EUR
Catherine,Larson,clarsonb4@purevolume.com,China,Female,Yishui,Kwilith,4054.40,CNY
Kelly,Howard,khowardb5@apache.org,Albania,Female,Ersekë,Browseblab,92415.87,ALL
Christina,Medina,cmedinab6@fema.gov,Madagascar,Female,Sitampiky,Linktype,33069.04,MGA
Willie,Stewart,wstewartb7@histats.com,Morocco,Male,Tazouta,Trupe,18900.94,MAD
Justin,Austin,jaustinb8@biblegateway.com,Colombia,Male,El Cerrito,Tambee,97845.69,COP
Rose,Moore,rmooreb9@indiegogo.com,China,Female,Donghui,Eimbee,28000.28,CNY
Elizabeth,Thompson,ethompsonba@ow.ly,Sweden,Female,Borås,Gevee,32253.44,SEK
Janice,Mcdonald,jmcdonaldbb@globo.com,United States,Female,Charlotte,Roombo,7340.56,USD
Jeremy,Young,jyoungbc@ezinearticles.com,Malaysia,Male,Kota Kinabalu,Kaymbo,7775.06,MYR
Ernest,Wagner,ewagnerbd@multiply.com,Peru,Male,Tisco,Kwilith,57875.40,PEN
Jane,Reyes,jreyesbe@rediff.com,China,Female,Qiawan,Oyoloo,47220.95,CNY
Irene,Parker,iparkerbf@craigslist.org,Brazil,Female,União dos Palmares,Gigashots,,BRL
Dorothy,Crawford,dcrawfordbg@nytimes.com,Ivory Coast,Female,Arrah,Yata,32327.94,XOF
Stephanie,Mccoy,smccoybh@newsvine.com,Peru,Female,Santa Rosa,Twitterwire,6314.13,PEN
Donald,Reynolds,dreynoldsbi@hibu.com,Dominican Republic,Male,Laguna Salada,Dynabox,27343.50,DOP
Andrea,Warren,awarrenbj@cmu.edu,Panama,Female,Pueblo Nuevo,Edgeify,66104.60,PAB
Edward,Hunt,ehuntbk@disqus.com,Madagascar,Male,Morondava,Yamia,96570.13,MGA
Wayne,Hunt,whuntbl@usa.gov,France,Male,Barr,Kamba,1847.11,EUR
Christine,Jenkins,cjenkinsbm@engadget.com,Nigeria,Female,Egbe,Dabtype,87358.66,NGN
Howard,Roberts,hrobertsbn@photobucket.com,Germany,Male,Dortmund,Oyonder,37952.91,EUR
Jason,Fox,jfoxbo@zimbio.com,Uganda,Male,Bwizibwera,Voomm,80007.98,UGX
Earl,Edwards,eedwardsbp@webnode.com,Indonesia,Male,Pesek,Oloo,13249.14,IDR
Jimmy,Flores,jfloresbq@i2i.jp,China,Male,Pantian,Thoughtstorm,52881.09,CNY
Kathleen,Miller,kmillerbr@symantec.com,Indonesia,Female,Citalahab,Buzzbean,5542.08,IDR
Kevin,Rose,krosebs@homestead.com,China,Male,Changzhou,Skipfire,4925.88,CNY
Lisa,Richardson,lrichardsonbt@webmd.com,Indonesia,Female,Peuara,Zooxo,88735.57,IDR
Deborah,Phillips,dphillipsbu@networksolutions.com,Cuba,Female,Amancio,Realpoint,64979.68,CUP
Ronald,Hamilton,rhamiltonbv@guardian.co.uk,Peru,Male,Quillabamba,Photobug,16677.28,PEN
Betty,Sullivan,bsullivanbw@tripadvisor.com,China,Female,Qincheng,Leenti,42029.47,CNY
Howard,Martinez,hmartinezbx@nbcnews.com,Peru,Male,Olleros,Dynazzy,11600.29,PEN
Jason,Diaz,jdiazby@fotki.com,Uruguay,Male,Trinidad,Zoomzone,77434.58,UYU
Beverly,Stevens,bstevensbz@oracle.com,Russia,Female,Saransk,Tekfly,48755.35,RUB
Matthew,Shaw,mshawc0@gov.uk,China,Male,Tangnan,Digitube,15540.51,CNY
Joshua,Morgan,jmorganc1@google.com.hk,Israel,Male,Gedera,Tagfeed,22668.22,ILS
Jason,Washington,jwashingtonc2@uiuc.edu,Russia,Male,Zakamensk,Twiyo,29437.18,RUB
George,Medina,gmedinac3@twitter.com,China,Male,Dianshui,Meeveo,16559.99,CNY
Katherine,Grant,kgrantc4@mac.com,Bulgaria,Female,Stamboliyski,Geba,16604.62,BGN
Sarah,Hughes,shughesc5@ezinearticles.com,Jordan,Female,Ḩakamā,Livepath,65410.06,JOD
Jeffrey,Freeman,jfreemanc6@china.com.cn,Philippines,Male,San Antonio,Devpoint,50271.91,PHP
Elizabeth,Martin,emartinc7@smugmug.com,Vietnam,Female,Quảng Ngãi,Wordware,92521.34,VND
Arthur,Gordon,agordonc8@nifty.com,Russia,Male,Lesnyye Polyany,Jabberstorm,93983.34,RUB
Phillip,Bradley,pbradleyc9@amazon.de,China,Male,Shengze,Topdrive,74657.31,CNY
Daniel,Collins,dcollinsca@usgs.gov,Poland,Male,Praszka,Plajo,96842.37,PLN
Kenneth,Bell,kbellcb@businessweek.com,China,Male,Mayanhe,Yata,43166.67,CNY
Michael,Marshall,mmarshallcc@eventbrite.com,Philippines,Male,Sinacaban,Gevee,94967.86,PHP
John,Hanson,jhansoncd@eventbrite.com,Indonesia,Male,Nangahale,Gevee,92663.10,IDR
Todd,Little,tlittlece@ebay.co.uk,Portugal,Male,Refojos,Livetube,79420.56,EUR
Jesse,Davis,jdaviscf@bloglovin.com,Italy,Male,Venezia,Mydo,3620.85,EUR
Norma,Willis,nwilliscg@merriam-webster.com,Japan,Female,Fujieda,Thoughtstorm,35596.36,JPY
Samuel,Andrews,sandrewsch@netvibes.com,Benin,Male,Lokossa,Flashspan,51917.16,XOF
Robert,Peters,rpetersci@ucoz.com,Qatar,Male,Ar Ru’ays,Tagfeed,,QAR
Jerry,Hughes,jhughescj@newyorker.com,China,Male,Guxi,Zooveo,36910.83,CNY
Frank,Morales,fmoralesck@ftc.gov,Mexico,Male,Miguel Hidalgo,Quimba,,MXN
Kevin,Murray,kmurraycl@buzzfeed.com,China,Male,Shuangwang,Topiczoom,23385.41,CNY
Diana,Cunningham,dcunninghamcm@nps.gov,China,Female,Gushi,Izio,26259.13,CNY
Joe,Baker,jbakercn@yellowbook.com,United States,Male,Winston Salem,Quamba,37858.46,USD
Lori,Nichols,lnicholsco@nytimes.com,Brazil,Female,Três de Maio,Rhybox,90406.74,BRL
Earl,Webb,ewebbcp@usgs.gov,New Zealand,Male,Pukekohe East,Quinu,27295.98,NZD
Gerald,Sims,gsimscq@ocn.ne.jp,Brazil,Male,Condado,Voolia,31713.25,BRL
Eric,Reynolds,ereynoldscr@state.gov,Jamaica,Male,Petersfield,DabZ,,JMD
Virginia,Howell,vhowellcs@ed.gov,North Korea,Female,Namp’o,Blognation,35419.68,KPW
Joyce,Bennett,jbennettct@google.nl,Indonesia,Female,Oefatu,Jetpulse,20569.80,IDR
Matthew,Mccoy,mmccoycu@gov.uk,China,Male,Heishui,Meedoo,82940.22,CNY
Mary,Daniels,mdanielscv@archive.org,Colombia,Female,Quibdó,Devify,6220.75,COP
Alice,Sims,asimscw@dropbox.com,France,Female,Floirac,Flashspan,2855.28,EUR
David,Shaw,dshawcx@bloglovin.com,China,Male,Longtian,Feedspan,49876.28,CNY
James,Dunn,jdunncy@narod.ru,China,Male,Yanghuxiang,Npath,22492.94,CNY
Shawn,Andrews,sandrewscz@whitehouse.gov,Portugal,Male,Foros da Catrapona,Zoomzone,80232.68,EUR
Jacqueline,Brown,jbrownd0@fda.gov,Slovenia,Female,Kranj,Topiczoom,37755.71,EUR
Daniel,Ryan,dryand1@mtv.com,South Korea,Male,Gwangju,Miboo,38823.49,KRW
Timothy,Alexander,talexanderd2@naver.com,Portugal,Male,Foros de Salvaterra,Devpoint,5736.79,EUR
Bonnie,Stone,bstoned3@mashable.com,Portugal,Female,Lamoso,Meembee,42255.32,EUR
Cheryl,Ryan,cryand4@jalbum.net,Bolivia,Female,Azurduy,Flashdog,75529.64,BOB
Jesse,Coleman,jcolemand5@dmoz.org,Argentina,Male,Tecka,Browseblab,6964.32,ARS
Johnny,Butler,jbutlerd6@sitemeter.com,China,Male,Yunyang,Shufflester,8347.57,CNY
Jean,Mitchell,jmitchelld7@ustream.tv,Indonesia,Female,Cibinong Satu,Browsedrive,78699.23,IDR
Joe,Howard,jhowardd8@about.me,South Africa,Male,Botshabelo,Realblab,71477.30,ZAR
Kathleen,Barnes,kbarnesd9@virginia.edu,Russia,Female,Kirzhach,Quaxo,56575.20,RUB
Norma,Bennett,nbennettda@jimdo.com,Poland,Female,Parzęczew,Aivee,40441.83,PLN
Jane,Greene,jgreenedb@phpbb.com,Colombia,Female,Norcasia,Zoovu,26577.53,COP
Edward,Owens,eowensdc@weebly.com,Thailand,Male,Lop Buri,Zoomzone,13483.93,THB
Billy,Myers,bmyersdd@who.int,United States,Male,Denton,Edgeblab,80049.87,USD
Heather,Fox,hfoxde@last.fm,Syria,Female,Kafr Baţnā,Thoughtblab,88218.11,SYP
Ashley,Burton,aburtondf@rakuten.co.jp,Colombia,Female,Argelia,Twitterwire,891.18,COP
Jessica,Hamilton,jhamiltondg@ca.gov,China,Female,Hexi,Skibox,79385.10,CNY
Robin,Gutierrez,rgutierrezdh@pbs.org,Russia,Female,Kanash,Browsedrive,72692.39,RUB
Jean,Wallace,jwallacedi@tiny.cc,Brazil,Female,Pitanga,Skyvu,58204.02,BRL
Nicole,Reed,nreeddj@ameblo.jp,Portugal,Female,Monte Branco,Tambee,95845.47,EUR
Richard,Berry,rberrydk@google.com.br,Bulgaria,Male,Zlataritsa,Zoombox,,BGN
Diane,Hill,dhilldl@google.com,Honduras,Female,El Suyatal,Voonte,30831.73,HNL
Gloria,Walker,gwalkerdm@cloudflare.com,Indonesia,Female,Wolofeo,Skibox,15709.06,IDR
Thomas,Fowler,tfowlerdn@redcross.org,Greece,Male,Koíla,Shufflester,35458.01,EUR
Jane,Simpson,jsimpsondo@cbsnews.com,China,Female,Hexing,Cogidoo,53581.46,CNY
Melissa,Hunt,mhuntdp@fc2.com,Peru,Female,Chalamarca,Brainbox,99970.63,PEN
Diana,Hill,dhilldq@aol.com,China,Female,Nanhuang,Quimba,19474.58,CNY
Stephen,Hill,shilldr@howstuffworks.com,Albania,Male,Gjegjan,BlogXS,93375.18,ALL
Eric,Austin,eaustinds@bbc.co.uk,French Polynesia,Male,Tohautu,Divanoodle,80244.06,XPF
Pamela,Hayes,phayesdt@jiathis.com,Portugal,Female,Cabra Figa,Aimbu,63131.04,EUR
Nancy,Berry,nberrydu@jimdo.com,Indonesia,Female,Habingkloang,Rhycero,,IDR
Ronald,Banks,rbanksdv@umich.edu,Russia,Male,Blagoveshchensk,Gabtype,,RUB
Denise,Lynch,dlynchdw@bloglines.com,United States,Female,Nashville,Thoughtbeat,47345.39,USD
Douglas,Adams,dadamsdx@abc.net.au,Bulgaria,Male,Dolna Banya,Jaxworks,,BGN
Jessica,Bryant,jbryantdy@bloglovin.com,Guatemala,Female,San Benito,Twitterworks,22572.38,GTQ
Robin,Medina,rmedinadz@redcross.org,Poland,Female,Aleksandrów,Youfeed,33176.25,PLN
Arthur,Dean,adeane0@nationalgeographic.com,China,Male,Jiagao,InnoZ,12970.00,CNY
Melissa,Richards,mrichardse1@ustream.tv,Venezuela,Female,Caucagüito,Yombu,23420.74,VEF
Howard,Freeman,hfreemane2@wordpress.org,Russia,Male,Tonshayevo,Yamia,45885.26,RUB
Jane,Robinson,jrobinsone3@vk.com,Belarus,Female,Sasnovy Bor,Ntag,42192.23,BYR
Roger,Flores,rflorese4@huffingtonpost.com,Colombia,Male,Ibagué,Feedfire,4935.77,COP
Julie,Lane,jlanee5@springer.com,China,Female,Hezhang,Geba,26502.25,CNY
Marilyn,Morris,mmorrise6@angelfire.com,Indonesia,Female,Margahayukencana,Izio,46125.51,IDR
Gregory,Rice,gricee7@skyrock.com,Indonesia,Male,Boafeo,Jatri,17386.46,IDR
Terry,Edwards,tedwardse8@sakura.ne.jp,France,Male,Roissy Charles-de-Gaulle,Trilith,15813.04,EUR
Mark,Hernandez,mhernandeze9@sbwire.com,Sweden,Male,Linköping,Skilith,,SEK
Ashley,Olson,aolsonea@nationalgeographic.com,China,Female,Changtian,Zoonder,60342.99,CNY
Edward,Ferguson,efergusoneb@fastcompany.com,Czech Republic,Male,Záhorovice,Yambee,27341.80,CZK
Paul,Greene,pgreeneec@miitbeian.gov.cn,China,Male,Dongxiao,Feedfire,75933.92,CNY
Ruby,Simpson,rsimpsoned@about.me,China,Female,Caohezhang,Youspan,81039.56,CNY
Beverly,Williams,bwilliamsee@cmu.edu,Portugal,Female,Viana do Castelo,Dynazzy,41911.76,EUR
Doris,Gordon,dgordonef@github.io,Philippines,Female,Santa Fe,Twinder,97100.02,PHP
Jean,Cruz,jcruzeg@mozilla.com,Mexico,Female,Cuauhtemoc,Mymm,86677.41,MXN
Theresa,Washington,twashingtoneh@google.de,Indonesia,Female,Selasari,Jaxbean,21981.62,IDR
Howard,Watkins,hwatkinsei@slideshare.net,Croatia,Male,Otok,Kwimbee,17636.13,HRK
Benjamin,Ruiz,bruizej@archive.org,Russia,Male,Magnitogorsk,Voonix,15323.22,RUB
Laura,Henry,lhenryek@nydailynews.com,Poland,Female,Sławatycze,Aimbu,48611.41,PLN
Martin,Pierce,mpierceel@narod.ru,Pakistan,Male,Risālpur,Jabberbean,36362.03,PKR
Anna,Little,alittleem@google.it,Zimbabwe,Female,Plumtree,Brainbox,39360.83,ZWL
Dorothy,Carter,dcarteren@biblegateway.com,Philippines,Female,Buenavista,Centimia,44753.07,PHP
Matthew,Hayes,mhayeseo@trellian.com,Colombia,Male,Argelia,Jaloo,20239.04,COP
Denise,Lawrence,dlawrenceep@springer.com,Russia,Female,Kuytun,Photojam,27952.27,RUB
Shawn,Harris,sharriseq@yellowbook.com,Portugal,Male,São Torcato,Cogidoo,39866.14,EUR
Doris,Wheeler,dwheelerer@wsj.com,Canada,Female,Charlottetown,Realbridge,87344.38,CAD
Timothy,Lopez,tlopezes@china.com.cn,China,Male,Nanyang,Realblab,60098.89,CNY
Mark,Wagner,mwagneret@dropbox.com,Portugal,Male,Torrão,Devpulse,,EUR
Jerry,Lawson,jlawsoneu@seattletimes.com,Thailand,Male,Lampang,Photolist,47059.52,THB
Phillip,Bell,pbellev@webs.com,China,Male,Lijiapu,Blogpad,75965.08,CNY
Keith,Castillo,kcastilloew@gizmodo.com,China,Male,Shangtuhai,Oyope,82813.20,CNY
Pamela,Phillips,pphillipsex@163.com,Indonesia,Female,Panyingkiran,Skinte,23853.91,IDR
Edward,Jones,ejonesey@va.gov,China,Male,Hangji,Oodoo,59667.49,CNY
Douglas,Dixon,ddixonez@europa.eu,China,Male,Yaojiagou,Babblestorm,,CNY
Dennis,Carroll,dcarrollf0@nature.com,Czech Republic,Male,Lukavec,Mymm,90808.87,CZK
Raymond,Snyder,rsnyderf1@hud.gov,China,Male,Huanggang,Yamia,9675.33,CNY
Karen,Powell,kpowellf2@opensource.org,Micronesia,Female,Eauripik,Kimia,,USD
Scott,Cunningham,scunninghamf3@craigslist.org,China,Male,Tongxing,Quinu,6918.61,CNY
Christine,Wagner,cwagnerf4@xrea.com,France,Female,Pouzauges,Skinder,89709.08,EUR
Douglas,Wells,dwellsf5@java.com,China,Male,Zhengji,Chatterpoint,48753.92,CNY
Peter,Crawford,pcrawfordf6@vistaprint.com,Cyprus,Male,Erími,Feedbug,64097.96,EUR
Paula,Medina,pmedinaf7@vistaprint.com,Indonesia,Female,Batur Kidul,Katz,52074.56,IDR
Robert,Gilbert,rgilbertf8@freewebs.com,China,Male,Chunhua,Skibox,,CNY
Deborah,Frazier,dfrazierf9@dell.com,Chad,Female,Goz Beïda,Chatterbridge,,XAF
Edward,Reynolds,ereynoldsfa@google.com.au,Indonesia,Male,Were,Flashset,99652.62,IDR
Maria,Rice,mricefb@symantec.com,Sweden,Female,Karlstad,Browsetype,22043.22,SEK
Daniel,Willis,dwillisfc@infoseek.co.jp,Greece,Male,Grammatikó,Rhynoodle,71225.15,EUR
Joseph,Johnson,jjohnsonfd@bizjournals.com,Honduras,Male,Marale,Tagpad,29504.70,HNL
Elizabeth,Butler,ebutlerfe@tripod.com,China,Female,Yousheng,Skyba,31509.18,CNY
Alan,Flores,afloresff@wisc.edu,China,Male,Sanhe,Devpoint,91996.32,CNY
Deborah,Black,dblackfg@joomla.org,Mexico,Female,Lazaro Cardenas,Edgepulse,83390.78,MXN
Tammy,Rice,tricefh@myspace.com,China,Female,Wuli,Layo,50038.96,CNY
Janice,Ferguson,jfergusonfi@wikimedia.org,China,Female,Zhujiatai,Livepath,69631.10,CNY
Philip,Lawson,plawsonfj@com.com,Russia,Male,Orekhovo-Borisovo,Tagcat,37321.96,RUB
Nicholas,Howell,nhowellfk@yelp.com,Portugal,Male,Luz de Tavira,Aivee,11463.55,EUR
Kathy,George,kgeorgefl@umich.edu,Russia,Female,Venëv,Fanoodle,83547.68,RUB
Beverly,Harris,bharrisfm@hc360.com,Sweden,Female,Kumla,Miboo,52630.08,SEK
Julie,Campbell,jcampbellfn@deviantart.com,Russia,Female,Kizilyurt,Wordify,61712.03,RUB
Anne,Howell,ahowellfo@twitter.com,Spain,Female,Valencia,Thoughtblab,31742.58,EUR
Patricia,Ford,pfordfp@friendfeed.com,Poland,Female,Jeżów Sudecki,Avaveo,80869.37,PLN
Diane,Garza,dgarzafq@ameblo.jp,Poland,Female,Halinów,Dabtype,42811.55,PLN
Amanda,Burns,aburnsfr@bloglines.com,Palestinian Territory,Female,Kafr Qūd,Linkbridge,84735.67,ILS
Fred,Nguyen,fnguyenfs@weibo.com,Ukraine,Male,Boyany,Yodel,,UAH
Robin,Peters,rpetersft@telegraph.co.uk,United States,Female,Fort Pierce,Flashdog,70153.50,USD
Carlos,Welch,cwelchfu@moonfruit.com,China,Male,Shengping,Minyx,26228.15,CNY
Melissa,Franklin,mfranklinfv@newyorker.com,Russia,Female,Volgograd,Dabfeed,17544.79,RUB
Scott,Garcia,sgarciafw@uol.com.br,Brazil,Male,São Francisco,Tagopia,,BRL
Robin,Armstrong,rarmstrongfx@lycos.com,Russia,Female,Gorbatov,Vimbo,34870.69,RUB
Wanda,Dean,wdeanfy@nydailynews.com,Brazil,Female,Penedo,Skimia,,BRL
Jennifer,Perry,jperryfz@deliciousdays.com,Malaysia,Female,Butterworth,Dazzlesphere,71269.78,MYR
Janice,Morris,jmorrisg0@huffingtonpost.com,China,Female,Qingshuihe,Dabvine,75644.35,CNY
Brandon,Daniels,bdanielsg1@ustream.tv,Japan,Male,Kamakura,Eamia,59471.08,JPY
Brenda,Jenkins,bjenkinsg2@nymag.com,China,Female,Andou,Cogibox,78741.76,CNY
Kathleen,Stephens,kstephensg3@imageshack.us,Russia,Female,Luknovo,Roombo,80939.62,RUB
Sarah,Harper,sharperg4@smugmug.com,Thailand,Female,Chai Badan,Flashset,43095.36,THB
Barbara,Dixon,bdixong5@newsvine.com,Bolivia,Female,Villazón,Tagcat,67895.49,BOB
Sara,Lewis,slewisg6@seesaa.net,Bosnia and Herzegovina,Female,Velagići,Fivebridge,71296.38,BAM
Theresa,Hall,thallg7@google.com.br,Brazil,Female,Poço Verde,Babbleset,29672.21,BRL
Bruce,Cunningham,bcunninghamg8@cdbaby.com,Poland,Male,Broniszewice,Lajo,76611.31,PLN
Keith,Owens,kowensg9@furl.net,China,Male,Baihua,Tazz,15769.92,CNY
Ryan,Kelley,rkelleyga@cbc.ca,China,Male,Samdo,Oyonder,37368.70,CNY
Jose,Mendoza,jmendozagb@intel.com,France,Male,Montpellier,Yodo,,EUR
Charles,Clark,cclarkgc@hatena.ne.jp,Colombia,Male,La Plata,Dablist,84412.36,COP
Angela,Burton,aburtongd@hp.com,United States,Female,Columbus,Einti,65816.23,USD
Shirley,Harrison,sharrisonge@over-blog.com,Russia,Female,Annino,Avamba,86770.09,RUB
Patrick,Butler,pbutlergf@icq.com,France,Male,Saint-Claude,Jamia,56828.92,EUR
Victor,Kelley,vkelleygg@ihg.com,China,Male,Ergong,Kazio,23378.46,CNY
Brian,Turner,bturnergh@addtoany.com,China,Male,Nanyang,Zooxo,9009.80,CNY
Mark,Bennett,mbennettgi@booking.com,Czech Republic,Male,Ledeč nad Sázavou,Realpoint,74567.40,CZK
Cheryl,Wood,cwoodgj@sciencedaily.com,Ukraine,Female,Feodosiya,Shuffletag,51903.47,UAH
Gloria,Wagner,gwagnergk@fotki.com,Slovenia,Female,Šmartno pri Litiji,InnoZ,26548.19,EUR
James,Cook,jcookgl@si.edu,Colombia,Male,Tolú,Mybuzz,14563.37,COP
Brenda,Roberts,brobertsgm@census.gov,Czech Republic,Female,Úštěk,Oba,,CZK
Ralph,Williamson,rwilliamsongn@mit.edu,China,Male,Gongnong,Eadel,70239.81,CNY
Paula,Davis,pdavisgo@china.com.cn,Iraq,Female,Sīnah,Dynazzy,15120.02,IQD
Harold,Little,hlittlegp@vkontakte.ru,Malaysia,Male,Nusajaya,Mynte,62070.00,MYR
Teresa,Olson,tolsongq@slideshare.net,Indonesia,Female,Cikadu,Dazzlesphere,54473.04,IDR
Evelyn,Edwards,eedwardsgr@homestead.com,China,Female,Huangsha,Einti,,CNY
Kenneth,Greene,kgreenegs@pagesperso-orange.fr,Uganda,Male,Kyankwanzi,Tagpad,47314.64,UGX
Patricia,Ruiz,pruizgt@mac.com,Colombia,Female,San Gil,Fanoodle,5191.87,COP
Frank,Green,fgreengu@dailymail.co.uk,Colombia,Male,Obando,Einti,14472.98,COP
Lori,Larson,llarsongv@icio.us,France,Female,Courtaboeuf,Gigashots,,EUR
Matthew,Foster,mfostergw@examiner.com,China,Male,Liren,Vinder,56905.96,CNY
Ruby,Bailey,rbaileygx@mozilla.com,China,Female,Xiheshan,Avamba,60666.07,CNY
Jose,Hudson,jhudsongy@berkeley.edu,Mauritius,Male,Arsenal,Aibox,92387.75,MUR
Diana,King,dkinggz@wsj.com,Brazil,Female,Caraguatatuba,Topicware,76859.96,BRL
Paula,Payne,ppayneh0@bloomberg.com,Philippines,Female,Indulang,Ozu,,PHP
Frank,Taylor,ftaylorh1@google.com.hk,China,Male,Junxi,Jabbersphere,93888.50,CNY
Samuel,Martinez,smartinezh2@webs.com,Brazil,Male,Sorocaba,Jabberbean,71485.66,BRL
Debra,Perry,dperryh3@prnewswire.com,Sweden,Female,Södertälje,Thoughtstorm,8473.36,SEK
Craig,Mason,cmasonh4@cbslocal.com,China,Male,Dongting,Trilia,33199.90,CNY
Kathleen,Romero,kromeroh5@army.mil,Ukraine,Female,Volodymyrets’,Fatz,76213.53,UAH
Larry,Williamson,lwilliamsonh6@cornell.edu,China,Male,Wenquan,Divape,23077.40,CNY
Cynthia,Lane,claneh7@studiopress.com,Indonesia,Female,Cibungur,Thoughtmix,59802.95,IDR
Patrick,Chavez,pchavezh8@quantcast.com,Indonesia,Male,Dahu,Youtags,6528.84,IDR
Russell,Greene,rgreeneh9@walmart.com,Mexico,Male,San Miguel,Flashpoint,82995.45,MXN
Todd,Carroll,tcarrollha@discuz.net,Philippines,Male,Buenlag,Eazzy,97034.08,PHP
Jason,Franklin,jfranklinhb@house.gov,China,Male,Dongping,Miboo,34705.07,CNY
Wanda,Hunter,whunterhc@unc.edu,Belarus,Female,Loyew,Kwideo,96251.50,BYR
Gloria,Medina,gmedinahd@xrea.com,Zimbabwe,Female,Dete,Wordware,13146.26,ZWL
Harry,Rodriguez,hrodriguezhe@house.gov,Iceland,Male,Vogar,Mymm,60494.85,ISK
Joshua,Watkins,jwatkinshf@virginia.edu,France,Male,Ancenis,Quaxo,85470.84,EUR
Joyce,Hudson,jhudsonhg@joomla.org,Brazil,Female,Araçatuba,Zoomlounge,30635.06,BRL
Jane,Dixon,jdixonhh@amazon.com,China,Female,Tianqian,Thoughtbeat,87999.87,CNY
Michael,Larson,mlarsonhi@businessinsider.com,Philippines,Male,Kalibo (poblacion),Vipe,21443.58,PHP
Jane,Gordon,jgordonhj@paypal.com,Indonesia,Female,Solok,Jabberbean,50244.63,IDR
Victor,Bishop,vbishophk@wikipedia.org,France,Male,Paris 18,Jabbersphere,84138.62,EUR
Thomas,Duncan,tduncanhl@blinklist.com,Poland,Male,Złotniki Kujawskie,Mydeo,75169.48,PLN
Albert,Chavez,achavezhm@drupal.org,Yemen,Male,Ad Dann,Kwimbee,11197.60,YER
Joe,Alvarez,jalvarezhn@arizona.edu,Russia,Male,Inozemtsevo,Talane,65189.16,RUB
Randy,Ferguson,rfergusonho@fda.gov,Japan,Male,Omigawa,Kwinu,53858.96,JPY
Jonathan,Murphy,jmurphyhp@vinaora.com,Sweden,Male,Vällingby,Realcube,26961.44,SEK
Douglas,Arnold,darnoldhq@oaic.gov.au,Venezuela,Male,Las Tejerías,Twitterlist,78589.32,VEF
Patrick,Edwards,pedwardshr@psu.edu,Paraguay,Male,Colonia Minga Porá,Demivee,14970.31,PYG
Sandra,Rodriguez,srodriguezhs@cnn.com,Indonesia,Female,Cibatuireng,Yakidoo,61087.84,IDR
Wanda,Stewart,wstewartht@netlog.com,Argentina,Female,Concepción del Bermejo,Buzzshare,78213.68,ARS
Frances,Fuller,ffullerhu@netvibes.com,Ukraine,Female,Kivsharivka,Geba,73154.65,UAH
Peter,Porter,pporterhv@jigsy.com,China,Male,Longchiqiao,Wikizz,37918.81,CNY
Kelly,Nelson,knelsonhw@blogtalkradio.com,Thailand,Female,Khlong Yai,Wordtune,94214.99,THB
Ann,Patterson,apattersonhx@people.com.cn,Iran,Female,Kalāt-e Nāderī,Zoombox,,IRR
Evelyn,Crawford,ecrawfordhy@businessweek.com,Philippines,Female,Mangusu,Edgeify,66053.19,PHP
Raymond,Welch,rwelchhz@nasa.gov,Portugal,Male,Vale da Serra,Yodoo,48236.24,EUR
Virginia,Bryant,vbryanti0@tumblr.com,Czech Republic,Female,Broumov,Thoughtbeat,78815.53,CZK
Juan,Stevens,jstevensi1@boston.com,China,Male,Tuanlin,Eimbee,20490.31,CNY
Peter,Robertson,probertsoni2@tmall.com,Panama,Male,Narganá,Eire,,PAB
Heather,Parker,hparkeri3@e-recht24.de,Poland,Female,Ińsko,Rhyloo,76343.81,PLN
Marilyn,King,mkingi4@istockphoto.com,China,Female,Jieheshi,Ailane,8043.97,CNY
Kenneth,Barnes,kbarnesi5@discuz.net,China,Male,Hongguang,Buzzdog,38139.39,CNY
Heather,Green,hgreeni6@dedecms.com,United States,Female,Omaha,Wordware,53455.65,USD
Robert,Wood,rwoodi7@sourceforge.net,Mexico,Male,Vicente Guerrero,Buzzbean,9490.08,MXN
Edward,Medina,emedinai8@bloglines.com,Russia,Male,Skopin,Ailane,37123.14,RUB
Theresa,Hunt,thunti9@java.com,China,Female,Cikai,Ainyx,80882.18,CNY
George,Harvey,gharveyia@tamu.edu,China,Male,Guanban,Ooba,56323.40,CNY
Susan,Gonzalez,sgonzalezib@google.it,Honduras,Female,Duyure,Eazzy,6997.05,HNL
Melissa,Rodriguez,mrodriguezic@usgs.gov,Afghanistan,Female,Fayzabad,Ozu,82193.12,AFN
Scott,Boyd,sboydid@auda.org.au,Russia,Male,Tonkino,Oyoyo,,RUB
Linda,Robertson,lrobertsonie@nymag.com,Micronesia,Female,Tofol,Skivee,28505.12,USD
Ronald,Walker,rwalkerif@mozilla.com,Poland,Male,Wapno,Avavee,98569.02,PLN
Jack,Myers,jmyersig@apache.org,Indonesia,Male,Rajapeni,Yodel,8388.54,IDR
Janet,Vasquez,jvasquezih@bloglovin.com,Italy,Female,Salerno,Twiyo,88273.23,EUR
Antonio,Bowman,abowmanii@noaa.gov,Indonesia,Male,Kalabahi,Snaptags,34940.55,IDR
Ronald,Garza,rgarzaij@ox.ac.uk,Bulgaria,Male,Gŭlŭbovo,Mycat,54710.64,BGN
Keith,Bishop,kbishopik@abc.net.au,Russia,Male,Krasnyy Yar,Skinte,57475.52,RUB
Brian,Richardson,brichardsonil@domainmarket.com,China,Male,Nanyue,Livetube,68081.40,CNY
Ruby,Armstrong,rarmstrongim@1688.com,Poland,Female,Słońsk,Meevee,30850.29,PLN
Mark,Hansen,mhansenin@adobe.com,Mexico,Male,El Limon,Kimia,73420.75,MXN
Charles,Webb,cwebbio@drupal.org,Peru,Male,Canchaque,Linktype,37416.85,PEN
Henry,Welch,hwelchip@oaic.gov.au,Germany,Male,Hanau,Wordware,,EUR
Wanda,Harper,wharperiq@pen.io,China,Female,Hongqi Yingzi,Leexo,57850.96,CNY
Earl,Cooper,ecooperir@opensource.org,Poland,Male,Pilzno,Edgeclub,63786.21,PLN
Denise,Diaz,ddiazis@dion.ne.jp,China,Female,Duanshen,Skivee,,CNY
Amanda,Johnson,ajohnsonit@netlog.com,China,Female,Jiulongshan,Mita,36869.19,CNY
Adam,Fernandez,afernandeziu@sourceforge.net,Argentina,Male,Villa Allende,Jazzy,20769.66,ARS
Susan,Kelley,skelleyiv@people.com.cn,China,Female,Zhonghekou,Twinder,15060.74,CNY
Frank,Reid,freidiw@hostgator.com,Poland,Male,Ostrowite,Tagcat,78019.53,PLN
Michelle,Shaw,mshawix@barnesandnoble.com,China,Female,Daming,Meevee,99721.16,CNY
Benjamin,Gutierrez,bgutierreziy@mail.ru,Philippines,Male,Mandaue City,Gigabox,17410.40,PHP
Nancy,Wood,nwoodiz@icio.us,China,Female,Taiping,Voonte,59840.95,CNY
Alan,Alexander,aalexanderj0@webeden.co.uk,Indonesia,Male,Babakantonggoh,Meembee,27437.30,IDR
Diane,Young,dyoungj1@pinterest.com,Kyrgyzstan,Female,Iradan,Zoombeat,50324.04,KGS
Michael,Austin,maustinj2@over-blog.com,Venezuela,Male,Tacarigua,Browsebug,60305.93,VEF
Debra,Coleman,dcolemanj3@4shared.com,China,Female,Shigu,Skidoo,3197.64,CNY
Kenneth,Robertson,krobertsonj4@t.co,Albania,Male,Sult,Eire,70715.41,ALL
Stephen,Morgan,smorganj5@vk.com,France,Male,Meaux,Realbridge,81095.98,EUR
Judy,Thomas,jthomasj6@bbb.org,Ireland,Female,Ballyjamesduff,Yodel,16671.68,EUR
Jason,Wright,jwrightj7@cnet.com,Armenia,Male,Malishka,Youbridge,47510.43,AMD
Paula,Burton,pburtonj8@yelp.com,China,Female,Daminggong,Trunyx,57696.69,CNY
Brenda,Simmons,bsimmonsj9@who.int,Guatemala,Female,Morazán,Latz,,GTQ
Ruth,Mills,rmillsja@nsw.gov.au,Czech Republic,Female,Blatná,Dabvine,15047.17,CZK
Brandon,Alexander,balexanderjb@ucsd.edu,Uzbekistan,Male,Shahrisabz Shahri,Yabox,14552.06,UZS
Ann,Flores,afloresjc@ebay.co.uk,Portugal,Female,Atães,Ntag,96392.52,EUR
Daniel,Perry,dperryjd@amazon.com,Guatemala,Male,San Juan Atitán,Skinte,50350.20,GTQ
Brian,Kim,bkimje@boston.com,Portugal,Male,Duas Igrejas,Skinix,43017.19,EUR
Janet,Sims,jsimsjf@bravesites.com,Slovenia,Female,Puconci,Dazzlesphere,,EUR
Jimmy,Harvey,jharveyjg@twitter.com,Russia,Male,Dorogobuzh,Zoombeat,1488.42,RUB
Dorothy,Washington,dwashingtonjh@rakuten.co.jp,Malaysia,Female,Pasir Mas,Jabbersphere,39961.39,MYR
Donald,Hughes,dhughesji@mozilla.com,Ecuador,Male,Samborondón,Katz,67943.84,USD
Marie,Reed,mreedjj@bloomberg.com,France,Female,Caen,Jabbersphere,24849.46,EUR
Wanda,Simpson,wsimpsonjk@rambler.ru,Brazil,Female,Ruy Barbosa,Buzzshare,60400.22,BRL
Gloria,Garrett,ggarrettjl@npr.org,United States,Female,Delray Beach,Shuffledrive,62717.01,USD
Lori,Garza,lgarzajm@rakuten.co.jp,Mexico,Female,San Miguel,Oyondu,41668.36,MXN
John,Hawkins,jhawkinsjn@ebay.com,Philippines,Male,Madalum,Voonix,11763.03,PHP
Marilyn,Watkins,mwatkinsjo@sourceforge.net,Ecuador,Female,Sucre,Divavu,98127.43,USD
Gary,Nguyen,gnguyenjp@adobe.com,Indonesia,Male,Mulyorejo,Nlounge,85377.91,IDR
Jesse,Ray,jrayjq@nydailynews.com,Vietnam,Male,Thị Trấn Cao Lộc,Oyoyo,85090.09,VND
Kathy,Lawrence,klawrencejr@howstuffworks.com,Indonesia,Female,Gayam,Dynazzy,48618.39,IDR
Dennis,Scott,dscottjs@illinois.edu,Czech Republic,Male,Mikulovice,Flashset,53319.08,CZK
Daniel,Gutierrez,dgutierrezjt@google.co.uk,Croatia,Male,Retkovci,Flipopia,80951.14,HRK
Emily,Scott,escottju@ted.com,Russia,Female,Manas,Zooveo,19401.34,RUB
Dennis,Thompson,dthompsonjv@freewebs.com,Mexico,Male,Guadalupe,Jetpulse,91810.77,MXN
Carolyn,Lynch,clynchjw@netlog.com,Bahamas,Female,San Andros,Skimia,26458.18,BSD
Chris,Robinson,crobinsonjx@cnbc.com,Sweden,Male,Halmstad,Thoughtblab,,SEK
Louis,Arnold,larnoldjy@cargocollective.com,Nigeria,Male,Akure,Kare,13351.02,NGN
Adam,Wheeler,awheelerjz@cyberchimps.com,Slovenia,Male,Videm pri Ptuju,Meeveo,,EUR
Sandra,Arnold,sarnoldk0@go.com,China,Female,Hongcheng,Photolist,69409.96,CNY
Jennifer,Johnson,jjohnsonk1@redcross.org,Indonesia,Female,Lembursawah,Abatz,2959.66,IDR
Tina,Garza,tgarzak2@over-blog.com,Indonesia,Female,Cisarap,Chatterpoint,50348.99,IDR
Shirley,Ford,sfordk3@over-blog.com,Japan,Female,Shimo-furano,Shuffletag,59382.15,JPY
Joyce,Daniels,jdanielsk4@google.com.hk,Mauritius,Female,Grande Rivière Noire,Pixoboo,70543.62,MUR
Juan,Olson,jolsonk5@xrea.com,Japan,Male,Shibetsu,Skipstorm,,JPY
Douglas,Lawrence,dlawrencek6@instagram.com,China,Male,Youxi,Twitterlist,45546.00,CNY
Jonathan,George,jgeorgek7@meetup.com,Portugal,Male,Montijo,Katz,95969.19,EUR
Janet,Ruiz,jruizk8@trellian.com,Iran,Female,Shūsh,Babblestorm,16162.47,IRR
Martha,Watson,mwatsonk9@macromedia.com,Finland,Female,Pargas,Zooveo,21520.17,EUR
Peter,Lee,pleeka@mac.com,China,Male,Shewopo,Yozio,40940.77,CNY
Wanda,Jacobs,wjacobskb@narod.ru,Poland,Female,Płońsk,Innojam,2474.95,PLN
Beverly,Baker,bbakerkc@people.com.cn,Nigeria,Female,Obollo-Afor,Yacero,97522.97,NGN
John,White,jwhitekd@answers.com,Indonesia,Male,Karangnongko,Rhyloo,97284.97,IDR
Robin,Price,rpriceke@paypal.com,Finland,Female,Pernå,Skiptube,28880.70,EUR
Chris,Bowman,cbowmankf@soup.io,Indonesia,Male,Buket Teukuh,Minyx,,IDR
Phyllis,Crawford,pcrawfordkg@fotki.com,China,Female,Wulongshan,Skinte,93875.35,CNY
Robert,Gordon,rgordonkh@netvibes.com,China,Male,Xuancheng,Buzzdog,8849.52,CNY
Lawrence,Carpenter,lcarpenterki@ovh.net,France,Male,Nice,Eayo,55084.08,EUR
Michelle,Kim,mkimkj@businessweek.com,Tunisia,Female,Ar Rudayyif,Quinu,73152.20,TND
Stephanie,Carpenter,scarpenterkk@thetimes.co.uk,Pakistan,Female,Chowki Jamali,Flashset,91058.58,PKR
Louise,Chavez,lchavezkl@vkontakte.ru,Ukraine,Female,Shypyntsi,Minyx,82395.51,UAH
Louise,Wood,lwoodkm@booking.com,Philippines,Female,Sandayong Sur,Skivee,80075.29,PHP
Debra,Grant,dgrantkn@google.co.jp,New Zealand,Female,Moerewa,Dynabox,81721.17,NZD
Ashley,Webb,awebbko@wordpress.org,Portugal,Female,Costa Nova do Prado,Devshare,60159.37,EUR
Craig,Williamson,cwilliamsonkp@51.la,Mexico,Male,San Antonio,Teklist,83509.66,MXN
Jason,King,jkingkq@typepad.com,Portugal,Male,Grijó,Plambee,75645.64,EUR
Johnny,Reed,jreedkr@weibo.com,Philippines,Male,Balangonan,Gevee,23676.40,PHP
Chris,Murray,cmurrayks@unicef.org,Uruguay,Male,La Paloma,Quire,6371.14,UYU
Gregory,Little,glittlekt@miitbeian.gov.cn,Sweden,Male,Jönköping,Bubbletube,,SEK
Raymond,Torres,rtorresku@drupal.org,Canada,Male,Saskatoon,Thoughtblab,7972.28,CAD
Patricia,James,pjameskv@hp.com,Indonesia,Female,Sorodot,Voomm,28333.00,IDR
Deborah,Washington,dwashingtonkw@cisco.com,Russia,Female,Vinsady,Eayo,79239.95,RUB
Carl,Price,cpricekx@washingtonpost.com,Kazakhstan,Male,Kyzylorda,Browsetype,91946.28,KZT
Donna,Armstrong,darmstrongky@rakuten.co.jp,Serbia,Female,Aleksinac,Flashpoint,9591.45,RSD
Margaret,Frazier,mfrazierkz@meetup.com,United States,Female,San Rafael,Voonte,96740.06,USD
Ruth,Chapman,rchapmanl0@ycombinator.com,Russia,Female,Vnukovo,Babbleblab,13097.04,RUB
Debra,Lopez,dlopezl1@theglobeandmail.com,Russia,Female,Repnoye,Eadel,32998.90,RUB
Lisa,Castillo,lcastillol2@usda.gov,Sweden,Female,Tomteboda,Zoomzone,12878.96,SEK
Evelyn,Williamson,ewilliamsonl3@reuters.com,Czech Republic,Female,Slavonice,Gigabox,50986.89,CZK
Clarence,Baker,cbakerl4@bluehost.com,Argentina,Male,Arias,Quatz,71935.24,ARS
Sarah,Mills,smillsl5@nymag.com,France,Female,Paris 07,Eidel,24277.25,EUR
Michelle,Barnes,mbarnesl6@weebly.com,Cape Verde,Female,Tarrafal de São Nicolau,Ooba,46494.58,CVE
Janice,Reynolds,jreynoldsl7@mtv.com,Indonesia,Female,Dukuhpicung,Yata,52821.46,IDR
Shawn,Chavez,schavezl8@bing.com,Brazil,Male,Carolina,Jabberstorm,88587.70,BRL
Mary,Fuller,mfullerl9@simplemachines.org,Mauritius,Female,Grand Bois,Yamia,91315.22,MUR
Larry,Wilson,lwilsonla@symantec.com,Iran,Male,Kalāleh,Mydeo,94382.32,IRR
Justin,Little,jlittlelb@unblog.fr,Russia,Male,Fryanovo,Tambee,48214.47,RUB
Victor,Rodriguez,vrodriguezlc@prweb.com,Spain,Male,Tarragona,Skinder,36044.57,EUR
Juan,Harris,jharrisld@kickstarter.com,China,Male,Mingshui,Yakijo,53894.58,CNY
Denise,King,dkingle@phpbb.com,Cyprus,Female,Ayia Napa,Rooxo,17816.60,EUR
Anne,Fuller,afullerlf@usatoday.com,Indonesia,Female,Bancak Wetan,Bluezoom,94495.07,IDR
Jennifer,Ramos,jramoslg@blogspot.com,United States,Female,Waterbury,Latz,27095.25,USD
Sandra,Ferguson,sfergusonlh@slideshare.net,Philippines,Female,Santo Tomas,Twitterbeat,2963.49,PHP
Helen,Sanders,hsandersli@hexun.com,Philippines,Female,Malinta,Yotz,21231.18,PHP
Jose,Kelly,jkellylj@biblegateway.com,Brazil,Male,Itaguaí,Zoomdog,66815.55,BRL
Aaron,Rose,aroselk@sohu.com,Poland,Male,Sieradza,Yombu,76351.74,PLN
Nancy,Spencer,nspencerll@shutterfly.com,Brazil,Female,Ladário,Edgewire,97477.21,BRL
Michelle,Mccoy,mmccoylm@woothemes.com,Poland,Female,Świecie nad Osą,Youopia,88937.05,PLN
Willie,Gomez,wgomezln@wisc.edu,United States,Male,Little Rock,Wordtune,48535.75,USD
Fred,Rivera,friveralo@engadget.com,Indonesia,Male,Kukulu,Tagopia,87002.80,IDR
Christina,Pierce,cpiercelp@squarespace.com,Canada,Female,Pickering,Bubblebox,27553.63,CAD
Jeremy,Woods,jwoodslq@sciencedirect.com,Burkina Faso,Male,Fada N'gourma,Dablist,80083.21,XOF
William,Kelly,wkellylr@posterous.com,China,Male,Xindai,Edgeclub,,CNY
Jesse,Morgan,jmorganls@google.fr,Philippines,Male,Tayum,Jatri,,PHP
Kelly,Sullivan,ksullivanlt@cisco.com,Tonga,Female,Nuku‘alofa,Meemm,,TOP
Janice,Mitchell,jmitchelllu@answers.com,Indonesia,Female,Waekolong,Zava,96712.55,IDR
Harry,Hall,hhalllv@uiuc.edu,Russia,Male,Bobrov,Brightdog,58968.47,RUB
Lawrence,Mendoza,lmendozalw@forbes.com,Zimbabwe,Male,Bulawayo,Kwimbee,32649.40,ZWL
Patricia,Reyes,preyeslx@nasa.gov,China,Female,Niaohe,Twinder,82077.06,CNY
Harold,Knight,hknightly@irs.gov,Ivory Coast,Male,Adzopé,Demizz,92888.11,XOF
Craig,Olson,colsonlz@nps.gov,China,Male,Longchi,Topicstorm,69261.34,CNY
Cynthia,Hanson,chansonm0@timesonline.co.uk,China,Female,Tangnan,Quimba,97762.20,CNY
Dorothy,Elliott,delliottm1@japanpost.jp,Philippines,Female,Balaoang,Feedmix,,PHP
Jeffrey,Coleman,jcolemanm2@wp.com,Poland,Male,Baćkowice,Youopia,8830.92,PLN
Judith,Miller,jmillerm3@dagondesign.com,Czech Republic,Female,Klobuky,Eabox,54374.02,CZK
Christina,Thompson,cthompsonm4@skyrock.com,France,Female,Saint-Brieuc,Zoomcast,62226.93,EUR
Jesse,Miller,jmillerm5@nasa.gov,Japan,Male,Mihara,Wikivu,34221.41,JPY
Susan,Chavez,schavezm6@mail.ru,Serbia,Female,Novi Sad,Meejo,45755.28,RSD
Donald,Henderson,dhendersonm7@amazon.com,China,Male,Dabachang,Skyba,23011.78,CNY
Sandra,Rodriguez,srodriguezm8@soup.io,China,Female,Lianyun,Ainyx,63204.21,CNY
Nancy,Simpson,nsimpsonm9@about.me,Brazil,Female,Itabaiana,Cogibox,90776.61,BRL
William,Warren,wwarrenma@bluehost.com,Senegal,Male,Thiès Nones,Quamba,45098.51,XOF
Randy,Greene,rgreenemb@princeton.edu,China,Male,Langxi,Livefish,82956.87,CNY
Aaron,Scott,ascottmc@slate.com,China,Male,Shahezi,Dynabox,35191.45,CNY
Beverly,Andrews,bandrewsmd@prlog.org,Philippines,Female,Oton,Yacero,88782.43,PHP
Patricia,Scott,pscottme@xinhuanet.com,Poland,Female,Wróblew,Kwideo,81018.11,PLN
Robert,Marshall,rmarshallmf@wsj.com,France,Male,Méru,Eabox,94349.67,EUR
Larry,Palmer,lpalmermg@miitbeian.gov.cn,Russia,Male,Ordzhonikidzevskaya,Trilia,83097.16,RUB
Sara,Stevens,sstevensmh@constantcontact.com,French Polynesia,Female,Afaahiti,Meejo,81409.72,XPF
Edward,Romero,eromeromi@wikispaces.com,Indonesia,Male,Sorren Daya,Wordtune,98340.45,IDR
Billy,Howell,bhowellmj@yellowpages.com,Mexico,Male,18 de Marzo,Jabbercube,65817.63,MXN
Brian,Thompson,bthompsonmk@uol.com.br,United States,Male,Austin,Zoombox,46911.04,USD
Lawrence,Walker,lwalkerml@elegantthemes.com,Russia,Male,Rodnikovskaya,Cogilith,90358.94,RUB
Judy,Hall,jhallmm@unesco.org,Brazil,Female,Itapipoca,Flashspan,,BRL
Denise,Peterson,dpetersonmn@netscape.com,United States,Female,Seattle,Realcube,85019.78,USD
Brenda,Lane,blanemo@economist.com,France,Female,Lyon,Youspan,40812.03,EUR
Emily,Dixon,edixonmp@cyberchimps.com,Finland,Female,Ylämaa,Shuffledrive,30960.73,EUR
Sandra,Roberts,srobertsmq@prweb.com,China,Female,Jianguang,Buzzster,74305.40,CNY
Karen,Wheeler,kwheelermr@bluehost.com,China,Female,Kupu,Topicware,54769.51,CNY
Betty,Matthews,bmatthewsms@tinyurl.com,Thailand,Female,Ranot,Kazio,58997.73,THB
Ruth,Coleman,rcolemanmt@gov.uk,Thailand,Female,Pa Kham,Zazio,78482.05,THB
Justin,Simmons,jsimmonsmu@slideshare.net,Jordan,Male,‘Ajlūn,Photospace,71335.67,JOD
Wanda,Simpson,wsimpsonmv@whitehouse.gov,Sweden,Female,Täby,Zoomdog,45676.83,SEK
Anthony,Carr,acarrmw@spiegel.de,China,Male,Fenghuangshan,Vimbo,38420.67,CNY
Wanda,Little,wlittlemx@comsenz.com,Czech Republic,Female,Moravský Písek,Yombu,88603.07,CZK
Kenneth,Dixon,kdixonmy@arstechnica.com,Turkmenistan,Male,Gowurdak,Livetube,,TMT
Susan,Riley,srileymz@intel.com,Philippines,Female,Cabitan,Skiba,35550.62,PHP
Steven,Warren,swarrenn0@netlog.com,Indonesia,Male,Taekas,Meevee,65185.15,IDR
Catherine,Thomas,cthomasn1@fotki.com,Greece,Female,Kinéta,Realcube,66491.93,EUR
Sara,West,swestn2@posterous.com,Indonesia,Female,Batojaran,Zava,76374.53,IDR
Sarah,Frazier,sfraziern3@rakuten.co.jp,Thailand,Female,Chai Badan,Jetwire,21393.54,THB
Mildred,Rice,mricen4@so-net.ne.jp,Thailand,Female,Hua Hin,Pixonyx,40731.65,THB
Fred,Stanley,fstanleyn5@yellowpages.com,China,Male,Wangxian,Mynte,,CNY
Phillip,Payne,ppaynen6@weibo.com,Madagascar,Male,Moramanga,Digitube,74881.63,MGA
Daniel,Anderson,dandersonn7@hubpages.com,Cameroon,Male,Meïganga,Gigabox,49121.44,XAF
Cheryl,Rose,crosen8@addthis.com,Indonesia,Female,Nenotes,Talane,26241.72,IDR
Brenda,Harrison,bharrisonn9@imdb.com,Japan,Female,Kuroishi,Skibox,,JPY
Frances,Young,fyoungna@eepurl.com,China,Female,Gangbei,Linkbuzz,58167.41,CNY
Karen,Ford,kfordnb@purevolume.com,China,Female,Taihe,Lazz,50888.56,CNY
Lois,Dean,ldeannc@live.com,Thailand,Female,Na Klang,Aivee,66133.20,THB
Jeremy,Thomas,jthomasnd@marketwatch.com,China,Male,Sunjia,Skyba,15423.10,CNY
Walter,Lynch,wlynchne@accuweather.com,China,Male,Hekou,Jatri,72315.24,CNY
Louis,Jordan,ljordannf@prlog.org,United States,Male,Birmingham,Skinte,,USD
Alice,Brooks,abrooksng@cyberchimps.com,Indonesia,Female,Lawonda,Myworks,26748.98,IDR
Donna,Williamson,dwilliamsonnh@stumbleupon.com,Peru,Female,Sacanche,Mydo,27679.18,PEN
Brandon,Fuller,bfullerni@sbwire.com,Philippines,Male,Saravia,Tagfeed,,PHP
Stephanie,Peters,spetersnj@storify.com,South Korea,Female,Hajeom,Meetz,65943.66,KRW
Billy,Stanley,bstanleynk@hc360.com,Madagascar,Male,Manjakandriana,Edgepulse,,MGA
Lori,Wagner,lwagnernl@oaic.gov.au,Armenia,Female,Varser,Eimbee,67284.84,AMD
John,Johnson,jjohnsonnm@blog.com,Indonesia,Male,Bogorejo,Browseblab,65179.53,IDR
Brenda,Sims,bsimsnn@desdev.cn,Indonesia,Female,Sentani,Jabbertype,9810.44,IDR
Ruth,Gonzalez,rgonzalezno@dropbox.com,Brazil,Female,Barra de São Francisco,Tanoodle,33841.73,BRL
Brandon,Diaz,bdiaznp@example.com,Ukraine,Male,Velykyy Klyuchiv,Quimba,77367.40,UAH
David,Watkins,dwatkinsnq@soup.io,Indonesia,Male,Kendung Timur,Tavu,74972.60,IDR
Christina,Freeman,cfreemannr@blogtalkradio.com,Turkmenistan,Female,Atamyrat,Lazzy,13809.36,TMT
Earl,Ryan,eryanns@amazon.de,Philippines,Male,Kalibo (poblacion),Gabvine,51234.34,PHP
Emily,Elliott,eelliottnt@princeton.edu,Thailand,Female,Khuean Ubonrat,Avamba,89818.79,THB
Paul,Arnold,parnoldnu@marketwatch.com,Czech Republic,Male,Jirny,Realpoint,54068.47,CZK
Brenda,Robinson,brobinsonnv@apple.com,China,Female,Gaotang,Podcat,82447.51,CNY
Victor,Ross,vrossnw@cloudflare.com,Mexico,Male,La Palma,Rooxo,59867.43,MXN
Roger,Hart,rhartnx@godaddy.com,Argentina,Male,Castelli,Eayo,46643.62,ARS
Karen,Alexander,kalexanderny@prweb.com,China,Female,Hongshanzui,Voomm,,CNY
Judith,White,jwhitenz@bbb.org,United States,Female,Seattle,Wikido,88051.07,USD
Cheryl,Lawson,clawsono0@who.int,China,Female,Jiasi,Edgeify,,CNY
Ronald,Cruz,rcruzo1@webnode.com,United States,Male,Tampa,Linktype,74465.88,USD
Gerald,Hunter,ghuntero2@photobucket.com,Venezuela,Male,El Corozo,Linklinks,,VEF
Aaron,Day,adayo3@squarespace.com,Latvia,Male,Iecava,Kayveo,40311.74,EUR
Gregory,Riley,grileyo4@dyndns.org,China,Male,Yong’an,Devcast,,CNY
Janet,Holmes,jholmeso5@buzzfeed.com,China,Female,Liaozhong,Centimia,75652.18,CNY
Judy,Cox,jcoxo6@google.com.au,China,Female,Linxi,Jatri,5938.16,CNY
Eugene,Spencer,espencero7@economist.com,China,Male,Huangcun,Rhybox,24529.92,CNY
Howard,Freeman,hfreemano8@ted.com,Moldova,Male,Cahul,Voolith,,MDL
Susan,Meyer,smeyero9@toplist.cz,Ethiopia,Female,Harar,Feedmix,81598.40,ETB
Larry,Welch,lwelchoa@omniture.com,Japan,Male,Ōno-hara,Browsebug,80775.55,JPY
Ruby,Ramos,rramosob@aol.com,Poland,Female,Lublin,Meembee,28656.84,PLN
Andrea,Sims,asimsoc@cocolog-nifty.com,Russia,Female,Krasnyy Gulyay,Dablist,32201.75,RUB
Carlos,Russell,crussellod@army.mil,Czech Republic,Male,Vrdy,Devcast,50483.87,CZK
Louis,Thomas,lthomasoe@networkadvertising.org,United Kingdom,Male,Linton,Kaymbo,,GBP
Kathleen,Sanchez,ksanchezof@boston.com,Mexico,Female,Emiliano Zapata,Devpoint,93642.83,MXN
Robin,Edwards,redwardsog@wordpress.org,France,Female,Nîmes,Buzzshare,,EUR
Eugene,Fowler,efowleroh@wordpress.com,China,Male,Daixi,Linktype,35433.87,CNY
Robin,Harris,rharrisoi@ted.com,Azerbaijan,Female,Zabrat,Jabbercube,94535.66,AZN
Henry,Berry,hberryoj@boston.com,Greece,Male,Kallithéa,Devbug,12251.85,EUR
Wanda,Dixon,wdixonok@elpais.com,Tunisia,Female,Gafsa,Devpulse,,TND
Carl,Carr,ccarrol@elpais.com,China,Male,Xihe,Blogtags,91100.56,CNY
Matthew,Hudson,mhudsonom@ocn.ne.jp,Indonesia,Male,Mari,Rhyloo,22432.31,IDR
Brian,Hicks,bhickson@yellowbook.com,Cuba,Male,Encrucijada,Kayveo,73725.79,CUP
Jason,Williamson,jwilliamsonoo@histats.com,Canada,Male,Saint-Bruno-de-Guigues,Centimia,69566.21,CAD
Andrew,Gilbert,agilbertop@tumblr.com,China,Male,Qinglin,Brightbean,89078.28,CNY
Heather,Gonzalez,hgonzalezoq@barnesandnoble.com,Democratic Republic of the Congo,Female,Mweka,Twiyo,93032.29,CDF
Patricia,Stevens,pstevensor@virginia.edu,Russia,Female,Sosnovka,Einti,24685.03,RUB
Charles,Price,cpriceos@indiegogo.com,Yemen,Male,Qaryat ad Da‘īs,Skimia,7957.49,YER
Irene,Ray,irayot@webeden.co.uk,Russia,Female,Zherdevka,Chatterbridge,15912.54,RUB
Christopher,Fuller,cfullerou@pagesperso-orange.fr,Vietnam,Male,Hội An,Twitterbridge,77577.83,VND
Ralph,Simpson,rsimpsonov@telegraph.co.uk,France,Male,Saint-Quentin,Dazzlesphere,76516.38,EUR
Janet,Warren,jwarrenow@pagesperso-orange.fr,Germany,Female,Essen,Edgetag,93812.55,EUR
Wanda,Wood,wwoodox@simplemachines.org,Bangladesh,Female,Gafargaon,Linklinks,81789.39,BDT
Laura,Morgan,lmorganoy@miitbeian.gov.cn,Russia,Female,Yessentukskaya,Roombo,28782.70,RUB
Jesse,Harris,jharrisoz@elegantthemes.com,China,Male,Huaidao,Pixoboo,82191.44,CNY
Theresa,Hawkins,thawkinsp0@zimbio.com,Philippines,Female,Bitin,Viva,37200.54,PHP
Terry,Dean,tdeanp1@nba.com,Portugal,Male,Grijó,Yotz,24694.32,EUR
Virginia,Fields,vfieldsp2@china.com.cn,Sweden,Female,Skärholmen,Jabberbean,51094.80,SEK
Joan,Matthews,jmatthewsp3@shareasale.com,China,Female,Luotuo,Fatz,93462.94,CNY
Steve,Johnson,sjohnsonp4@rambler.ru,Philippines,Male,Lallayug,Quatz,71966.80,PHP
Sandra,Gray,sgrayp5@rakuten.co.jp,Indonesia,Female,Tengah,Kwinu,86845.86,IDR
Susan,Johnston,sjohnstonp6@harvard.edu,China,Female,Xuanhua,Yozio,91245.25,CNY
Roger,Hanson,rhansonp7@pagesperso-orange.fr,Thailand,Male,Bang Klam,Eimbee,72766.57,THB
Patrick,Hamilton,phamiltonp8@reuters.com,Brazil,Male,Dourados,Feednation,28733.85,BRL
Adam,Robinson,arobinsonp9@ameblo.jp,Ireland,Male,Ballymun,Devcast,21272.63,EUR
Laura,Stevens,lstevenspa@weebly.com,Japan,Female,Uchimaru,Meezzy,20624.66,JPY
Brandon,Davis,bdavispb@google.cn,Japan,Male,Matsudo,Skippad,,JPY
Carl,Graham,cgrahampc@state.gov,Vietnam,Male,Thị Trấn Ngải Giao,Youopia,23494.98,VND
Amanda,Gutierrez,agutierrezpd@mozilla.com,Sweden,Female,Kristianstad,Kwimbee,27075.17,SEK
Sandra,Grant,sgrantpe@bbc.co.uk,Argentina,Female,La Francia,Youtags,32799.14,ARS
Donna,Ellis,dellispf@csmonitor.com,China,Female,Guanting,Trupe,96576.85,CNY
Louis,Cruz,lcruzpg@jugem.jp,Indonesia,Male,Songkar B,Edgewire,84462.61,IDR
Susan,Murray,smurrayph@storify.com,Georgia,Female,Dioknisi,Agimba,41551.76,GEL
Henry,Harrison,hharrisonpi@mapy.cz,Indonesia,Male,Nangerang,Skyvu,32424.03,IDR
Robert,White,rwhitepj@woothemes.com,Nigeria,Male,Obolo-Eke (1),Jetpulse,55550.93,NGN
Lois,Thomas,lthomaspk@netvibes.com,Ukraine,Female,Vasylkiv,Rhyloo,9860.11,UAH
Lillian,Hudson,lhudsonpl@xing.com,Japan,Female,Iwatsuki,Eidel,80033.46,JPY
Scott,Perkins,sperkinspm@columbia.edu,Yemen,Male,Burūm,Snaptags,70127.01,YER
Charles,Hernandez,chernandezpn@tmall.com,Philippines,Male,Mercedes,Rhynyx,90206.32,PHP
Pamela,Moreno,pmorenopo@cdbaby.com,France,Female,La Roche-sur-Yon,Edgepulse,68939.79,EUR
Marie,Henderson,mhendersonpp@is.gd,Slovenia,Female,Rogoza,Voolith,39849.02,EUR
Karen,Wheeler,kwheelerpq@uol.com.br,Japan,Female,Tochigi,Jatri,64006.40,JPY
Kelly,Harris,kharrispr@cbsnews.com,Botswana,Female,Janeng,Gigaclub,26532.97,BWP
Joshua,Hansen,jhansenps@technorati.com,Sweden,Male,Falun,Jabbersphere,65969.92,SEK
Jessica,Murray,jmurraypt@huffingtonpost.com,Mongolia,Female,Murun-kuren,Kwideo,,MNT
Martin,Cole,mcolepu@skyrock.com,Poland,Male,Przyborów,Devify,55294.78,PLN
Lois,Matthews,lmatthewspv@intel.com,China,Female,Qianjin,Meetz,97625.63,CNY
Paul,Nguyen,pnguyenpw@soundcloud.com,Costa Rica,Male,La Cruz,Youspan,49642.52,CRC
Denise,Alexander,dalexanderpx@rediff.com,Sweden,Female,Bandhagen,Yakidoo,76949.86,SEK
William,West,wwestpy@hugedomains.com,Serbia,Male,Novi Bečej,Zoombeat,20719.44,RSD
Philip,Holmes,pholmespz@gizmodo.com,Portugal,Male,Gandara,Oodoo,62476.56,EUR
Michael,Fuller,mfullerq0@bbc.co.uk,Russia,Male,Orlovskiy,Flipopia,18008.20,RUB
Bonnie,Larson,blarsonq1@huffingtonpost.com,Burkina Faso,Female,Ziniaré,Twitterlist,98291.25,XOF
Earl,Foster,efosterq2@hostgator.com,United States,Male,Young America,Gevee,15142.68,USD
Susan,Washington,swashingtonq3@hubpages.com,Serbia,Female,Kumane,Topicshots,61952.83,RSD
Beverly,Mcdonald,bmcdonaldq4@google.fr,Japan,Female,Kashiwazaki,Centizu,78903.90,JPY
Robert,Watkins,rwatkinsq5@freewebs.com,China,Male,Shuikou,Wordify,21213.65,CNY
Jean,Chapman,jchapmanq6@fastcompany.com,Turkmenistan,Female,Atamyrat,Mymm,62934.07,TMT
Shawn,Ramos,sramosq7@google.com.hk,China,Male,Tongjiaxi,Yambee,81043.65,CNY
Judith,Young,jyoungq8@dmoz.org,United States,Female,Las Vegas,Bluezoom,68442.87,USD
Janice,Rice,jriceq9@pbs.org,Philippines,Female,Malilipot,Divape,,PHP
Lori,Thomas,lthomasqa@etsy.com,China,Female,Qagan Obo,Abatz,,CNY
Barbara,Harper,bharperqb@dot.gov,China,Female,Zhongxing,Katz,45311.33,CNY
Ruth,Morgan,rmorganqc@dagondesign.com,Colombia,Female,Remolino,Eayo,97942.47,COP
Sara,Porter,sporterqd@army.mil,Indonesia,Female,Rawasan,Brightdog,29163.00,IDR
Wayne,Dean,wdeanqe@amazon.de,Indonesia,Male,Cinyumput,Linktype,84329.61,IDR
Debra,White,dwhiteqf@tiny.cc,Indonesia,Female,Sukamahi Satu,Dazzlesphere,36060.70,IDR
Joshua,Edwards,jedwardsqg@salon.com,China,Male,Hongyanxi,Myworks,28532.40,CNY
Kelly,Gonzalez,kgonzalezqh@diigo.com,Indonesia,Female,Paupanda Bawah,Buzzshare,73094.36,IDR
Stephanie,Allen,sallenqi@themeforest.net,China,Female,Lingyuan,Jaxnation,60043.91,CNY
Donald,Ellis,dellisqj@chronoengine.com,Brazil,Male,Bom Conselho,Mybuzz,72633.91,BRL
Kimberly,Reid,kreidqk@google.pl,Brazil,Female,Piraju,Realpoint,94191.71,BRL
Roger,Myers,rmyersql@usa.gov,Sweden,Male,Södertälje,Buzzdog,53326.46,SEK
Heather,Spencer,hspencerqm@discuz.net,Armenia,Female,Khoronk’,Snaptags,,AMD
Mildred,Little,mlittleqn@utexas.edu,Indonesia,Female,Pameungpeuk,Demimbu,83240.40,IDR
Thomas,Payne,tpayneqo@adobe.com,China,Male,Canggou,Ailane,61450.88,CNY
Roy,Frazier,rfrazierqp@ebay.com,Norway,Male,Stord,Oloo,46382.73,NOK
Ralph,Gray,rgrayqq@icio.us,Brazil,Male,Palmital,Edgewire,45443.69,BRL
Julia,Scott,jscottqr@loc.gov,Aland Islands,Female,Kumlinge,Divanoodle,87944.31,EUR
Steve,Patterson,spattersonqs@bluehost.com,China,Male,Jiuxian,Babbleblab,,CNY
Helen,Cunningham,hcunninghamqt@marriott.com,Peru,Female,Usquil,Browsecat,45156.69,PEN
Andrew,Carter,acarterqu@cdbaby.com,Brazil,Male,Paraíso,Twitterwire,64370.01,BRL
Heather,Ferguson,hfergusonqv@tiny.cc,Indonesia,Female,Pandansari,Trilia,53015.98,IDR
Roy,Lewis,rlewisqw@wikimedia.org,Poland,Male,Jednorożec,Devpulse,65405.86,PLN
Jeffrey,Watson,jwatsonqx@blinklist.com,Russia,Male,Severka,Realcube,78659.62,RUB
Patrick,Ross,prossqy@constantcontact.com,Taiwan,Male,Douliu,Babbleopia,37179.67,TWD
Sean,Day,sdayqz@123-reg.co.uk,Bulgaria,Male,Botevgrad,Fatz,73197.69,BGN
Gregory,Freeman,gfreemanr0@yellowbook.com,Portugal,Male,Sanguinheira,Jaloo,,EUR
Joshua,Dunn,jdunnr1@creativecommons.org,Indonesia,Male,Muyaka,Meejo,98959.23,IDR
Brian,Larson,blarsonr2@mayoclinic.com,Brazil,Male,Ipojuca,Thoughtblab,27272.95,BRL
Beverly,Hicks,bhicksr3@moonfruit.com,Russia,Female,Kizilyurt,Youbridge,92335.91,RUB
Deborah,Little,dlittler4@wufoo.com,Armenia,Female,Nerk’in Getashen,Meezzy,90105.87,AMD
Christina,Payne,cpayner5@behance.net,Ireland,Female,Shankill,Devpulse,23295.20,EUR
Ann,Reed,areedr6@behance.net,South Korea,Female,Jinan-gun,Miboo,63668.18,KRW
Christine,Mccoy,cmccoyr7@harvard.edu,China,Female,Sanligang,Yacero,77796.14,CNY
Maria,Oliver,moliverr8@rediff.com,Uzbekistan,Female,Qorao’zak,Feedfire,10626.35,UZS
Douglas,Fisher,dfisherr9@cloudflare.com,Cameroon,Male,Mbanga,Zoovu,14246.48,XAF
Craig,Smith,csmithra@github.com,Indonesia,Male,Nobo,Janyx,72887.58,IDR
Benjamin,Ortiz,bortizrb@narod.ru,Philippines,Male,Patrocinio,Yakitri,11568.07,PHP
Brandon,Davis,bdavisrc@blogger.com,Indonesia,Male,Ringinrejo,Skyndu,92994.16,IDR
Norma,Turner,nturnerrd@mozilla.org,Ireland,Female,Donnycarney,Thoughtstorm,51573.65,EUR
Barbara,Howard,bhowardre@vistaprint.com,Colombia,Female,Los Santos,Fadeo,79713.73,COP
Brenda,Lopez,blopezrf@mlb.com,Poland,Female,Pilchowice,Pixope,15571.84,PLN
Rachel,Bowman,rbowmanrg@ihg.com,Nepal,Female,Bāglung,Thoughtmix,62111.12,NPR
Frances,Gibson,fgibsonrh@nsw.gov.au,China,Female,Luqiao,Thoughtstorm,65140.22,CNY
Evelyn,Cook,ecookri@parallels.com,Indonesia,Female,Karanganyar,Feednation,4711.25,IDR
Pamela,Montgomery,pmontgomeryrj@diigo.com,China,Female,Qingshu,Jaxspan,97139.99,CNY
Donna,Freeman,dfreemanrk@slate.com,Argentina,Female,Unquillo,Meejo,55401.15,ARS
Brian,Chavez,bchavezrl@mayoclinic.com,Indonesia,Male,Seso,Yotz,26831.81,IDR
Linda,Fowler,lfowlerrm@uol.com.br,Colombia,Female,Municipio de Copacabana,Camimbo,19115.86,COP
Doris,Bishop,dbishoprn@amazonaws.com,Greece,Female,Rodotópi,Trilia,19694.70,EUR
Walter,Henry,whenryro@loc.gov,Armenia,Male,Lorut,Eare,59267.49,AMD
Jack,Lane,jlanerp@biblegateway.com,Portugal,Male,Balazar,Photofeed,19927.64,EUR
Emily,Sanders,esandersrq@timesonline.co.uk,Vietnam,Female,Hà Tĩnh,Kimia,97612.69,VND
Dorothy,Lee,dleerr@dedecms.com,Spain,Female,Vitoria-Gasteiz,Vidoo,14406.97,EUR
