Stephen,Lopez,slopez0@timesonline.co.uk,Ireland,Male,Ballina,Photospace,71200.42,EUR
Michael,Turner,mturner1@oakley.com,Guatemala,Male,San Lucas Sacatepéquez,Ailane,47980.45,GTQ
Dorothy,Cunningham,dcunningham2@newyorker.com,Iran,Female,Kahrīz,Twitterwire,90481.38,IRR
Julia,Ford,jford3@51.la,Greece,Female,Psará,Avamba,53194.57,EUR
Angela,Alexander,aalexander4@aboutads.info,Greece,Female,Mólos,LiveZ,93466.70,EUR
Debra,Rogers,drogers5@ibm.com,Sweden,Female,Katrineholm,Eamia,19515.97,SEK
James,Gibson,jgibson6@google.it,Russia,Male,Solnechnoye,Skyble,68386.56,RUB
Willie,Reynolds,wreynolds7@nymag.com,Vietnam,Male,Mỏ Cày,Tagcat,41266.35,VND
Juan,Griffin,jgriffin8@nps.gov,China,Male,Shijiang,Dabfeed,56480.07,CNY
Sara,Rodriguez,srodriguez9@livejournal.com,Malta,Female,Pembroke,Rhynyx,,EUR
Sarah,Garza,sgarzaa@amazon.co.jp,Malaysia,Female,Kangar,Blogpad,44716.35,MYR
Craig,Cunningham,ccunninghamb@issuu.com,Indonesia,Male,Pengilon,Plambee,57843.22,IDR
Deborah,Flores,dfloresc@ovh.net,Poland,Female,Ryglice,Wikizz,81690.29,PLN
Anthony,Taylor,ataylord@who.int,France,Male,Calais,Oloo,54806.87,EUR
Anthony,Kim,akime@goodreads.com,Canada,Male,Greenwood,Yodoo,46236.04,CAD
Jeremy,Ramos,jramosf@bloomberg.com,Indonesia,Male,Bei,Jaxnation,58907.10,IDR
Irene,Carter,icarterg@washingtonpost.com,Czech Republic,Female,Poříčany,Rhyloo,7041.69,CZK
Fred,Wilson,fwilsonh@sfgate.com,Hungary,Male,Szeged,Browsecat,52288.61,HUF
Lois,Wagner,lwagneri@reddit.com,Czech Republic,Female,Nechanice,Yadel,36420.67,CZK
Craig,Harvey,charveyj@odnoklassniki.ru,Greece,Male,Néa Karyá,Trudoo,60311.32,EUR
Kathleen,Cunningham,kcunninghamk@oaic.gov.au,Russia,Female,Gorelovo,Jaxworks,39779.53,RUB
Debra,Bryant,dbryantl@privacy.gov.au,Iran,Female,Eyvān,Photolist,,IRR
Christina,Riley,crileym@cafepress.com,Cameroon,Female,Akonolinga,Eamia,64524.29,XAF
Phillip,Fuller,pfullern@eventbrite.com,Poland,Male,Wojaszówka,Dynava,68571.64,PLN
Elizabeth,Reynolds,ereynoldso@shop-pro.jp,Japan,Female,Satsumasendai,Topdrive,84376.44,JPY
Gerald,Carter,gcarterp@ameblo.jp,Azerbaijan,Male,Sheki,Buzzbean,74770.13,AZN
Martha,Lawrence,mlawrenceq@addthis.com,Luxembourg,Female,Ell,Eayo,98503.81,EUR
Beverly,Diaz,bdiazr@sohu.com,Brazil,Female,Lago da Pedra,Divanoodle,25992.35,BRL
Christopher,Wagner,cwagners@nydailynews.com,France,Male,La Motte-Servolex,Jabberstorm,6184.03,EUR
Laura,Gray,lgrayt@marketwatch.com,Poland,Female,Kraczkowa,Yata,37746.74,PLN
Kevin,Ford,kfordu@yale.edu,China,Male,Yongxing Chengguanzhen,Edgepulse,71785.71,CNY
Jacqueline,Gibson,jgibsonv@cisco.com,Poland,Female,Limanowa,Realmix,27505.08,PLN
Jeremy,Fowler,jfowlerw@weather.com,Philippines,Male,Santo Niño,Edgepulse,92971.92,PHP
Henry,Bennett,hbennettx@weibo.com,Indonesia,Male,Ekasapta,Camido,9807.66,IDR
Stephen,James,sjamesy@mtv.com,Russia,Male,Nogliki,Tambee,52680.69,RUB
Jessica,Holmes,jholmesz@themeforest.net,China,Female,Nanmo,Eadel,5489.94,CNY
Heather,Schmidt,hschmidt10@naver.com,Poland,Female,Rogowo,Centizu,40011.87,PLN
Virginia,Lynch,vlynch11@wikipedia.org,Russia,Female,Verkhniye Achaluki,Topdrive,88258.67,RUB
Joe,Ruiz,jruiz12@google.cn,China,Male,Qianpai,Bubblemix,40046.16,CNY
Rebecca,Thomas,rthomas13@friendfeed.com,Cuba,Female,Guanabacoa,Youopia,,CUP
Tina,Williamson,twilliamson14@mediafire.com,Pakistan,Female,Chīchāwatni,Oyoloo,1319.63,PKR
Denise,Burke,dburke15@epa.gov,Poland,Female,Miłakowo,Mymm,33992.97,PLN
Janet,Hunt,jhunt16@qq.com,Indonesia,Female,Cilegi,Trudoo,,IDR
Douglas,Carr,dcarr17@freewebs.com,China,Male,Pumaqangtang,Yamia,,CNY
Nicole,Owens,nowens18@wsj.com,Russia,Female,Yefimovskiy,Voonte,29557.21,RUB
John,Warren,jwarren19@howstuffworks.com,Slovenia,Male,Zasip,Meezzy,15791.53,EUR
Craig,Brooks,cbrooks1a@nasa.gov,Venezuela,Male,Los Rastrojos,Gabvine,,VEF
Lori,Gonzalez,lgonzalez1b@blogspot.com,Philippines,Female,Maria Cristina,Skilith,62604.70,PHP
Mark,Cox,mcox1c@goo.gl,Brazil,Male,São Gotardo,Pixonyx,51426.35,BRL
Tina,Porter,tporter1d@europa.eu,Thailand,Female,Krasae Sin,Trudoo,,THB
Bonnie,Rogers,brogers1e@nps.gov,Sweden,Female,Solna,Yabox,88380.88,SEK
Justin,Gutierrez,jgutierrez1f@ca.gov,Indonesia,Male,Leteki,Jaxnation,56136.24,IDR
Joe,Myers,jmyers1g@diigo.com,Norway,Male,Kristiansand S,Photospace,46802.59,NOK
Judy,Banks,jbanks1h@epa.gov,Andorra,Female,Sant Julià de Lòria,Twitterlist,82417.15,EUR
Dorothy,Hawkins,dhawkins1i@archive.org,Sierra Leone,Female,Kayima,Zazio,21454.62,SLL
Debra,Bowman,dbowman1j@discuz.net,Greece,Female,Neochóri,Voolia,76689.75,EUR
Donald,Evans,devans1k@cbc.ca,China,Male,Yaohua,Rhynoodle,18363.80,CNY
Randy,West,rwest1l@aol.com,Greece,Male,Río,Talane,48393.39,EUR
Irene,Oliver,ioliver1m@myspace.com,Portugal,Female,Paço,Yacero,5026.19,EUR
Christina,Robinson,crobinson1n@aboutads.info,Germany,Female,Karlsruhe,Thoughtbeat,,EUR
Joshua,Chapman,jchapman1o@springer.com,Madagascar,Male,Tsiombe,Flipopia,59580.49,MGA
Daniel,Carr,dcarr1p@tamu.edu,Indonesia,Male,Mojoagung,Ooba,46378.21,IDR
Dennis,Harvey,dharvey1q@buzzfeed.com,United States,Male,Cleveland,Quatz,34369.12,USD
Virginia,Henry,vhenry1r@google.de,Croatia,Female,Vodnjan,Babbleopia,75494.65,HRK
Tammy,Hudson,thudson1s@usatoday.com,Indonesia,Female,Pajung,Yozio,73469.35,IDR
Walter,Carr,wcarr1t@pinterest.com,Israel,Male,Hod HaSharon,Dynazzy,31083.63,ILS
Julia,Lynch,jlynch1u@vk.com,Philippines,Female,Daraitan,Edgeblab,9366.65,PHP
Wayne,Harrison,wharrison1v@clickbank.net,Colombia,Male,Caicedonia,Tazz,43526.39,COP
Doris,Stanley,dstanley1w@soundcloud.com,Lithuania,Female,Varėna,Devpoint,11996.20,LTL
Maria,Watson,mwatson1x@imageshack.us,Chad,Female,Aozou,Tambee,70485.99,XAF
Helen,Rogers,hrogers1y@stanford.edu,Thailand,Female,Songkhla,Yadel,37638.61,THB
Virginia,Carpenter,vcarpenter1z@auda.org.au,Tajikistan,Female,Khŭjand,Kanoodle,31661.93,TJS
Virginia,Stephens,vstephens20@cbc.ca,Canada,Female,Kelowna,Vidoo,79658.28,CAD
Howard,Burke,hburke21@hp.com,Peru,Male,Ananea,Zava,37812.19,PEN
Anthony,Daniels,adaniels22@cpanel.net,Sweden,Male,Arvika,Eazzy,39275.26,SEK
Frank,Sullivan,fsullivan23@fda.gov,Israel,Male,Kfar NaOranim,Dabjam,92633.80,ILS
Jimmy,Lopez,jlopez24@newsvine.com,Chad,Male,Mboursou Léré,Photobug,57854.90,XAF
Kevin,Richards,krichards25@list-manage.com,Armenia,Male,Ararat,Eadel,25090.41,AMD
Charles,Garcia,cgarcia26@about.com,Japan,Male,Sakurai,Wordify,18547.65,JPY
Juan,Cunningham,jcunningham27@google.co.uk,Morocco,Male,Tizgane,Camido,82819.44,MAD
Emily,Armstrong,earmstrong28@macromedia.com,Brazil,Female,Areia Branca,BlogXS,,BRL
Louis,Garza,lgarza29@upenn.edu,China,Male,Hantai,Plambee,27492.53,CNY
Richard,Garcia,rgarcia2a@reuters.com,Indonesia,Male,Badung,Shuffletag,85102.42,IDR
Antonio,Spencer,aspencer2b@yandex.ru,Greece,Male,Cholargós,Youfeed,39577.20,EUR
Craig,Boyd,cboyd2c@cornell.edu,Jordan,Male,Balīlā,Flipbug,28619.21,JOD
Angela,Brown,abrown2d@youtu.be,Kiribati,Female,Rawannawi Village,Riffwire,68478.28,AUD
Jennifer,Brooks,jbrooks2e@is.gd,Mongolia,Female,Shiree,Zoombox,37918.15,MNT
Bruce,Ortiz,bortiz2f@marriott.com,China,Male,Ruilin,Feedfire,45312.17,CNY
Deborah,Cole,dcole2g@alexa.com,Sweden,Female,Borås,Brainverse,6514.99,SEK
Annie,Ross,aross2h@amazon.co.uk,Brazil,Female,Tuntum,Avavee,67869.67,BRL
Andrea,Freeman,afreeman2i@e-recht24.de,Vietnam,Female,Sơn Trà,Ntag,75482.52,VND
Terry,Taylor,ttaylor2j@123-reg.co.uk,Sweden,Male,Överkalix,Oba,95071.30,SEK
Sara,Clark,sclark2k@mozilla.org,China,Female,Nomhon,Twinder,,CNY
Kimberly,Nguyen,knguyen2l@princeton.edu,Vietnam,Female,Diên Khánh,Yakitri,90407.26,VND
Earl,Lawson,elawson2m@examiner.com,Egypt,Male,Hihyā,Quaxo,22093.66,EGP
Wanda,Murray,wmurray2n@google.it,Russia,Female,Krapivna,Tazzy,37389.26,RUB
Charles,Brooks,cbrooks2o@bizjournals.com,Indonesia,Male,Bojongloa,Gigazoom,57495.61,IDR
Bobby,Payne,bpayne2p@cnbc.com,Slovenia,Male,Solčava,Lazzy,23533.25,EUR
Howard,Carr,hcarr2q@wsj.com,China,Male,Tiaodeng,Lajo,50301.04,CNY
Alan,Brown,abrown2r@google.it,China,Male,Fulu,Lazz,10496.17,CNY
Steven,Woods,swoods2s@loc.gov,Indonesia,Male,Besole,Dynazzy,44149.90,IDR
Michael,Harris,mharris2t@oaic.gov.au,Venezuela,Male,Biscucuy,Katz,56271.28,VEF
Ann,Clark,aclark2u@usgs.gov,China,Female,Henglian,Rhyzio,9052.90,CNY
Arthur,Brooks,abrooks2v@springer.com,Portugal,Male,Vilela,Zoozzy,26732.40,EUR
Daniel,Coleman,dcoleman2w@xinhuanet.com,France,Male,Aime,Quinu,1971.14,EUR
Thomas,Long,tlong2x@boston.com,Slovenia,Male,Kozje,Browseblab,98976.72,EUR
Jerry,Adams,jadams2y@simplemachines.org,Belarus,Male,Soly,Kazu,97571.87,BYR
Jack,Harrison,jharrison2z@ft.com,Indonesia,Male,Goge,Pixope,36799.69,IDR
Louise,Burns,lburns30@bigcartel.com,Denmark,Female,Frederiksberg,Flashpoint,65001.60,DKK
William,Howell,whowell31@dedecms.com,Portugal,Male,Atouguia,Geba,5655.98,EUR
Harry,George,hgeorge32@amazon.de,Ukraine,Male,Bus’k,Skinte,44379.61,UAH
Willie,Fernandez,wfernandez33@economist.com,France,Male,Montpellier,Realpoint,23989.35,EUR
Walter,Lewis,wlewis34@gov.uk,Chile,Male,Talcahuano,Mymm,45426.67,CLP
Victor,Nguyen,vnguyen35@digg.com,Papua New Guinea,Male,Mendi,Skipfire,4328.85,PGK
Jeffrey,Lawson,jlawson36@toplist.cz,Philippines,Male,Lubuagan,Fanoodle,,PHP
Lori,Perez,lperez37@netscape.com,Republic of the Congo,Female,Brazzaville,Blogpad,,XAF
Jimmy,Harper,jharper38@github.io,Poland,Male,Pokrzywnica,Jabbersphere,46992.09,PLN
Anne,Nelson,anelson39@wikia.com,Ukraine,Female,Vil’nyans’k,Quatz,36016.10,UAH
Sharon,Wallace,swallace3a@parallels.com,Russia,Female,Khuzhir,Yombu,91090.49,RUB
Justin,Johnston,jjohnston3b@csmonitor.com,Panama,Male,Nuevo Emperador,Eadel,20311.81,PAB
Ernest,Welch,ewelch3c@alibaba.com,Philippines,Male,Bukal,Lajo,,PHP
Frances,Reid,freid3d@gov.uk,Portugal,Female,Baião,Shuffletag,65552.54,EUR
Bonnie,Harrison,bharrison3e@boston.com,China,Female,Shanghuang,Skalith,,CNY
Jennifer,Lawrence,jlawrence3f@biblegateway.com,Croatia,Female,Imotski,Ooba,62131.09,HRK
Victor,Cole,vcole3g@admin.ch,Philippines,Male,Ramon Magsaysay,Leexo,62527.73,PHP
Lois,Morris,lmorris3h@cornell.edu,Saudi Arabia,Female,Duba,Gigashots,88882.47,SAR
Doris,Castillo,dcastillo3i@hibu.com,Croatia,Female,Podhum,Livetube,49563.69,HRK
Ann,Harvey,aharvey3j@wikia.com,Serbia,Female,Badovinci,Dynava,14269.81,RSD
Kenneth,Rogers,krogers3k@admin.ch,Mexico,Male,Benito Juarez,Jabbersphere,,MXN
Helen,Reed,hreed3l@t.co,Uruguay,Female,Rafael Perazza,Skaboo,94264.32,UYU
Bruce,Martinez,bmartinez3m@buzzfeed.com,Brazil,Male,Campinas,Kayveo,14396.04,BRL
Nancy,Bell,nbell3n@tamu.edu,Brazil,Female,Igrejinha,Devcast,,BRL
Mary,Nelson,mnelson3o@wp.com,Poland,Female,Bogatynia,Photolist,32821.82,PLN
James,Carroll,jcarroll3p@indiatimes.com,Portugal,Male,Casais Baleal,Feedbug,78073.83,EUR
Louise,Bennett,lbennett3q@simplemachines.org,France,Female,Rennes,Yodoo,69743.49,EUR
Kimberly,Harvey,kharvey3r@forbes.com,Australia,Female,Adelaide,Kazu,14986.57,AUD
Carlos,Morgan,cmorgan3s@cnet.com,Philippines,Male,Carmen,Jatri,20972.29,PHP
James,Williamson,jwilliamson3t@businessinsider.com,South Africa,Male,Pofadder,Topiczoom,62906.98,ZAR
Rebecca,Morrison,rmorrison3u@chron.com,Ireland,Female,Glasnevin,Voonyx,49884.15,EUR
Adam,Reid,areid3v@hatena.ne.jp,China,Male,Qingguang,Yamia,46682.89,CNY
Gregory,Perry,gperry3w@theglobeandmail.com,Brazil,Male,Rio Grande da Serra,Twitterlist,,BRL
Jane,Murphy,jmurphy3x@auda.org.au,Poland,Female,Plewiska,Bubbletube,10067.25,PLN
Albert,Henry,ahenry3y@disqus.com,China,Male,Baishi,Jazzy,25125.88,CNY
David,Gray,dgray3z@un.org,Canada,Male,Melita,Wordpedia,90660.36,CAD
Lillian,Patterson,lpatterson40@examiner.com,Poland,Female,Augustów,Jamia,18104.10,PLN
Martin,Rose,mrose41@uol.com.br,Greece,Male,Chóra,Edgepulse,2203.32,EUR
Jonathan,Mills,jmills42@weibo.com,Kazakhstan,Male,Lenger,Meevee,52514.33,KZT
Antonio,Sanders,asanders43@scientificamerican.com,Indonesia,Male,Krajan Satu,Jaxnation,44281.64,IDR
Tina,Martinez,tmartinez44@1688.com,Philippines,Female,Legrada,Midel,61031.23,PHP
Teresa,Hicks,thicks45@msn.com,Philippines,Female,Labnig,Thoughtstorm,83771.14,PHP
Elizabeth,Bishop,ebishop46@fotki.com,China,Female,Fangbu,Youbridge,69762.99,CNY
Samuel,Wallace,swallace47@walmart.com,Palestinian Territory,Male,‘Ūrīf,Innojam,31320.91,ILS
Eugene,Hansen,ehansen48@salon.com,Sri Lanka,Male,Haputale,Topiczoom,,LKR
Donald,Williams,dwilliams49@live.com,China,Male,Maguan,Shufflebeat,95504.38,CNY
Frances,Evans,fevans4a@ebay.com,China,Female,Bayan,Eayo,76890.86,CNY
Bonnie,Fernandez,bfernandez4b@sciencedaily.com,France,Female,Amiens,Pixonyx,34602.84,EUR
Benjamin,Reynolds,breynolds4c@engadget.com,Greece,Male,Kyparissía,Avaveo,52651.07,EUR
Maria,Crawford,mcrawford4d@tripod.com,Thailand,Female,Tak Bai,Browsecat,87547.75,THB
Theresa,Miller,tmiller4e@dropbox.com,Philippines,Female,Kitango,Blogspan,,PHP
Joshua,Shaw,jshaw4f@illinois.edu,Russia,Male,Zelenograd,Oyondu,66783.34,RUB
Joseph,Ellis,jellis4g@imageshack.us,Ireland,Male,Monkstown,Plajo,70111.60,EUR
Ronald,Holmes,rholmes4h@arstechnica.com,China,Male,Aqqan,Rhyloo,61633.42,CNY
Emily,Roberts,eroberts4i@flickr.com,Poland,Female,Nowe Miasto nad Pilicą,Tazz,88918.00,PLN
Joseph,Fowler,jfowler4j@google.co.jp,Russia,Male,Voznesenskaya,Skiba,93430.21,RUB
Antonio,Robertson,arobertson4k@foxnews.com,China,Male,Liangshui,Zoomdog,9423.28,CNY
Terry,Edwards,tedwards4l@hp.com,France,Male,Aubervilliers,LiveZ,1538.59,EUR
Carol,Bennett,cbennett4m@lulu.com,Thailand,Female,Chanthaburi,Einti,87637.60,THB
Ashley,Castillo,acastillo4n@lulu.com,Japan,Female,Ōsaka-shi,Browsebug,28513.52,JPY
Bonnie,Mills,bmills4o@noaa.gov,Sweden,Female,Bjuv,Blogtag,,SEK
Louise,Brooks,lbrooks4p@thetimes.co.uk,Vietnam,Female,Thạnh Phú,Voonte,4303.30,VND
Ruth,Payne,rpayne4q@nymag.com,Democratic Republic of the Congo,Female,Nioki,Latz,50642.27,CDF
Philip,Hayes,phayes4r@trellian.com,Philippines,Male,Cumadcad,Voolith,53885.91,PHP
Carlos,Fernandez,cfernandez4s@arizona.edu,Portugal,Male,Portelinha,Dabtype,76274.21,EUR
Larry,Welch,lwelch4t@feedburner.com,China,Male,Dayan,Vidoo,73229.58,CNY
Beverly,Nguyen,bnguyen4u@europa.eu,Philippines,Female,Carmelo,Thoughtmix,,PHP
Cynthia,Nguyen,cnguyen4v@house.gov,Ukraine,Female,Pryyutivka,Youspan,78191.05,UAH
Donald,Gray,dgray4w@sciencedaily.com,Egypt,Male,Alexandria,Vinte,64452.51,EGP
Justin,Ryan,jryan4x@google.de,South Africa,Male,Bothaville,Thoughtsphere,53972.87,ZAR
John,Kelley,jkelley4y@printfriendly.com,Indonesia,Male,Klakeh,Nlounge,14161.30,IDR
Keith,Spencer,kspencer4z@deliciousdays.com,Indonesia,Male,Ampelgading,Thoughtblab,3519.22,IDR
Johnny,Harper,jharper50@symantec.com,North Korea,Male,Aoji-ri,Brightdog,69715.12,KPW
Timothy,Reed,treed51@bloglines.com,China,Male,Jinglongqiao,Thoughtblab,4876.21,CNY
Virginia,Gomez,vgomez52@ycombinator.com,Croatia,Female,Cerna,Roombo,81710.69,HRK
Lisa,Perkins,lperkins53@constantcontact.com,Norway,Female,Kristiansand S,Teklist,45575.29,NOK
Linda,Porter,lporter54@gov.uk,China,Female,Yangdun,Ntags,53403.18,CNY
Marie,Murphy,mmurphy55@dmoz.org,China,Female,Bijie,Feedmix,21375.87,CNY
Gloria,Ford,gford56@lulu.com,China,Female,Jialu,Jetpulse,69496.78,CNY
Craig,Mitchell,cmitchell57@livejournal.com,Canada,Male,Wabana,Muxo,60878.97,CAD
Gerald,Lopez,glopez58@amazon.co.uk,Indonesia,Male,Wailiang,Thoughtmix,97664.09,IDR
Edward,Stone,estone59@dot.gov,China,Male,Sanjia,Chatterbridge,40987.77,CNY
Stephanie,Hunter,shunter5a@topsy.com,France,Female,Sceaux,Jabbersphere,,EUR
Jason,Hernandez,jhernandez5b@upenn.edu,Poland,Male,Jelcz,Dazzlesphere,60463.66,PLN
Kathleen,Carr,kcarr5c@ft.com,Tanzania,Female,Mabamba,Yacero,9090.72,TZS
Marie,Kennedy,mkennedy5d@weibo.com,Nepal,Female,Bharatpur,Plambee,33022.03,NPR
Michael,Hill,mhill5e@buzzfeed.com,Indonesia,Male,Pejukutan,Zoombox,694.08,IDR
Jeffrey,Oliver,joliver5f@tmall.com,Tajikistan,Male,Vakhsh,Tagtune,54576.65,TJS
Donna,Duncan,dduncan5g@shutterfly.com,Honduras,Female,San José de Colinas,Voomm,63478.47,HNL
Pamela,Gomez,pgomez5h@linkedin.com,Indonesia,Female,Somorpenang,Linkbuzz,68381.43,IDR
Jennifer,Snyder,jsnyder5i@i2i.jp,China,Female,Dongshe,Ntag,14837.49,CNY
Andrea,Stevens,astevens5j@redcross.org,Peru,Female,Ingenio,Kwilith,8484.42,PEN
Eric,Bowman,ebowman5k@facebook.com,China,Male,Zhulan,Yata,56428.45,CNY
Bruce,Cooper,bcooper5l@list-manage.com,China,Male,Xigebi,Zoombox,29588.86,CNY
Helen,Baker,hbaker5m@sogou.com,Brazil,Female,Colorado,Devbug,43297.26,BRL
Billy,Baker,bbaker5n@si.edu,Russia,Male,Amga,Riffpedia,,RUB
Bonnie,Ellis,bellis5o@dailymotion.com,Poland,Female,Puszczykowo,Meezzy,34331.60,PLN
Irene,Dunn,idunn5p@cpanel.net,Indonesia,Female,Pasirpengarayan,Photobug,17585.37,IDR
Jeffrey,West,jwest5q@geocities.com,Indonesia,Male,Cikabuyutan Barat,Linkbuzz,56352.50,IDR
Sharon,Ferguson,sferguson5r@youtu.be,Russia,Female,Yeysk,Edgeblab,43454.33,RUB
Patrick,Hansen,phansen5s@1und1.de,Philippines,Male,Sinamar,Bubblebox,86175.86,PHP
Sarah,Mccoy,smccoy5t@163.com,United States,Female,Honolulu,Jazzy,97404.94,USD
Todd,Garrett,tgarrett5u@dailymail.co.uk,Czech Republic,Male,Petrov,Flipbug,36567.67,CZK
Alan,Gomez,agomez5v@examiner.com,Philippines,Male,Odiong,Oba,,PHP
Thomas,Gomez,tgomez5w@homestead.com,Czech Republic,Male,Horní Štěpánov,Linkbridge,70384.97,CZK
Deborah,Myers,dmyers5x@paypal.com,Brazil,Female,Itacoatiara,Digitube,81345.54,BRL
Alice,Carpenter,acarpenter5y@elegantthemes.com,France,Female,Amiens,Linkbridge,35268.11,EUR
Sarah,Dean,sdean5z@livejournal.com,Morocco,Female,Zouiat ech Cheïkh,Blognation,47507.68,MAD
Lois,Dean,ldean60@pcworld.com,Indonesia,Female,Pasireurih,Flashset,34566.23,IDR
Dennis,Green,dgreen61@hatena.ne.jp,Sweden,Male,Saltsjö-Boo,Izio,,SEK
Ashley,Hart,ahart62@sourceforge.net,Costa Rica,Female,Guadalupe,Centimia,89401.01,CRC
Victor,Freeman,vfreeman63@comcast.net,Benin,Male,Tchaourou,Zoomcast,69514.63,XOF
Jesse,Kelley,jkelley64@barnesandnoble.com,Philippines,Male,Bacnor East,Wikizz,54462.10,PHP
Nicole,Hill,nhill65@miibeian.gov.cn,China,Female,Huancheng,Avamba,45217.95,CNY
Scott,Green,sgreen66@nymag.com,Indonesia,Male,Sofifi,Aivee,16249.93,IDR
Stephanie,Lynch,slynch67@hubpages.com,Indonesia,Female,Sangumata,Layo,,IDR
Lois,Fowler,lfowler68@simplemachines.org,Portugal,Female,Casal,Myworks,50709.85,EUR
Thomas,Rice,trice69@chicagotribune.com,Indonesia,Male,Curuggoong,Zooveo,83070.43,IDR
Robin,Hernandez,rhernandez6a@engadget.com,Canada,Female,Bedford,Npath,89527.49,CAD
Ryan,Hudson,rhudson6b@printfriendly.com,Indonesia,Male,Panayagan,Brightbean,,IDR
Martha,Gray,mgray6c@dot.gov,Indonesia,Female,Sebegen,Dynava,71577.46,IDR
Deborah,Stanley,dstanley6d@list-manage.com,France,Female,Brive-la-Gaillarde,Trunyx,9854.68,EUR
Alan,James,ajames6e@cpanel.net,China,Male,Zili,Twitterbeat,13387.96,CNY
Kimberly,Taylor,ktaylor6f@booking.com,Indonesia,Female,Pinggirsari,Oyope,94765.93,IDR
Justin,Griffin,jgriffin6g@qq.com,Ukraine,Male,Kostyantynivka,Twitterworks,40923.20,UAH
Ashley,Hernandez,ahernandez6h@si.edu,Philippines,Female,Dahay,Roomm,,PHP
Tammy,Parker,tparker6i@tiny.cc,Malawi,Female,Balaka,Yotz,79646.62,MWK
Earl,Washington,ewashington6j@baidu.com,Yemen,Male,Ad Dann,Cogilith,33327.82,YER
Joseph,Warren,jwarren6k@over-blog.com,France,Male,Courtaboeuf,Wikibox,28677.50,EUR
Bruce,Perry,bperry6l@telegraph.co.uk,Indonesia,Male,Waru,Mydo,91022.20,IDR
Craig,Fields,cfields6m@indiegogo.com,Ukraine,Male,Horokhiv,Babbleblab,75703.97,UAH
Roger,Gomez,rgomez6n@yellowpages.com,Indonesia,Male,Dahu Satu,Kwideo,76501.16,IDR
Robin,Elliott,relliott6o@webeden.co.uk,China,Female,Xunhe,Yodoo,55251.23,CNY
Steven,Diaz,sdiaz6p@engadget.com,Hungary,Male,Budapest,Gigashots,7768.78,HUF
Johnny,Robertson,jrobertson6q@topsy.com,Indonesia,Male,Sarongan,Innotype,,IDR
Antonio,Wheeler,awheeler6r@apache.org,France,Male,Dijon,Gevee,69827.91,EUR
Nicole,Robinson,nrobinson6s@shutterfly.com,Indonesia,Female,Madura,Topdrive,85416.21,IDR
Ronald,Roberts,rroberts6t@google.com.br,United States,Male,Wilmington,Realfire,,USD
Roy,Kelley,rkelley6u@cdbaby.com,China,Male,Yingmaili,Shufflester,72891.21,CNY
Amy,Hansen,ahansen6v@elpais.com,Brazil,Female,Presidente Dutra,Divanoodle,42436.13,BRL
Anthony,Moreno,amoreno6w@bigcartel.com,United States,Male,Minneapolis,Trilia,46286.08,USD
Tina,Nelson,tnelson6x@last.fm,Russia,Female,Tevriz,Einti,62985.55,RUB
Joyce,Edwards,jedwards6y@domainmarket.com,Nigeria,Female,Kaingiwa,Blogpad,86735.39,NGN
Brian,Bryant,bbryant6z@tumblr.com,Canada,Male,Thompson,Kayveo,21179.76,CAD
Timothy,Hunt,thunt70@pagesperso-orange.fr,Cameroon,Male,Bamenda,Bubblemix,,XAF
Lisa,Long,llong71@tripadvisor.com,Bulgaria,Female,Isperikh,Fivebridge,72996.49,BGN
Mark,Stevens,mstevens72@constantcontact.com,Estonia,Male,Laagri,Shufflebeat,81472.96,EUR
Andrew,Gonzalez,agonzalez73@narod.ru,China,Male,Bamencheng,Wikivu,86377.75,CNY
Jean,Arnold,jarnold74@icq.com,Portugal,Female,Valado dos Frades,Feedmix,66005.54,EUR
Timothy,West,twest75@paypal.com,Democratic Republic of the Congo,Male,Demba,Janyx,29211.32,CDF
Alan,Stephens,astephens76@irs.gov,Indonesia,Male,Bungursari,Rhynyx,41357.97,IDR
Deborah,Fernandez,dfernandez77@wix.com,Greece,Female,Makrychóri,Browsecat,53127.73,EUR
Raymond,Cox,rcox78@epa.gov,China,Male,Ximei,Youbridge,30321.94,CNY
Aaron,Gordon,agordon79@fda.gov,France,Male,Landivisiau,Roomm,62963.21,EUR
Anne,Peterson,apeterson7a@mayoclinic.com,Indonesia,Female,Polo,Meemm,8622.52,IDR
Kathryn,Lawrence,klawrence7b@webeden.co.uk,Ukraine,Female,Luts’k,Dabvine,24647.15,UAH
Ernest,Bell,ebell7c@mashable.com,Ukraine,Male,Vynohradove,Quimm,22754.94,UAH
Frank,Bowman,fbowman7d@seesaa.net,China,Male,Hanghuadian,Ainyx,58713.60,CNY
Norma,James,njames7e@123-reg.co.uk,Yemen,Female,Al Nashmah,Dablist,46977.48,YER
Judy,Ross,jross7f@gizmodo.com,Indonesia,Female,Kahabe,Janyx,76594.73,IDR
Dennis,Morris,dmorris7g@un.org,Peru,Male,Guadalupe,Gevee,65004.76,PEN
Ashley,George,ageorge7h@issuu.com,Namibia,Female,Grootfontein,Kamba,22093.47,NAD
Paula,Garza,pgarza7i@foxnews.com,Thailand,Female,Yan Nawa,Kayveo,30402.97,THB
Judith,Thomas,jthomas7j@businesswire.com,Dominican Republic,Female,Jaquimeyes,Gigaclub,56970.94,DOP
Andrea,Ramirez,aramirez7k@loc.gov,Azerbaijan,Female,Xaçmaz,Oyonder,,AZN
Steve,Hansen,shansen7l@cnn.com,Moldova,Male,Tiraspol,Brightbean,1788.22,MDL
Billy,Burns,bburns7m@msn.com,Nigeria,Male,Obolo-Eke (1),Skajo,82376.68,NGN
Jane,Owens,jowens7n@usda.gov,Argentina,Female,Famaillá,Chatterpoint,60154.96,ARS
Dennis,Phillips,dphillips7o@lulu.com,Venezuela,Male,Aguasay,Kare,59203.15,VEF
Dennis,Stevens,dstevens7p@independent.co.uk,China,Male,Juegang,Myworks,46970.57,CNY
Ruth,Fields,rfields7q@google.com.hk,China,Female,Xixi,Vinder,37797.26,CNY
Alan,Burke,aburke7r@seesaa.net,Colombia,Male,Belén de los Andaquíes,Yakitri,,COP
Terry,Richardson,trichardson7s@nps.gov,Japan,Male,Izumi,Kwimbee,62627.97,JPY
Lisa,Stone,lstone7t@mayoclinic.com,Brazil,Female,Caxias,Kazio,47946.47,BRL
Robin,Young,ryoung7u@phpbb.com,Indonesia,Female,Padangulaktanding,Dabshots,99162.18,IDR
Paul,Ramirez,pramirez7v@slideshare.net,Argentina,Male,Maipú,Buzzbean,9850.76,ARS
Terry,Johnson,tjohnson7w@state.tx.us,Japan,Male,Toyohashi,Gabcube,6753.66,JPY
Howard,Kim,hkim7x@cargocollective.com,Macedonia,Male,Ilinden,Voonyx,31432.61,MKD
Thomas,Olson,tolson7y@intel.com,Colombia,Male,Barranquilla,Zoombox,95732.97,COP
Helen,Ramirez,hramirez7z@chronoengine.com,Serbia,Female,Sajan,Midel,25611.72,RSD
Adam,Stone,astone80@businessweek.com,Haiti,Male,Dame-Marie,Babbleblab,84106.95,HTG
Ralph,Shaw,rshaw81@jiathis.com,Thailand,Male,Plaeng Yao,Quimba,8427.48,THB
Denise,Flores,dflores82@joomla.org,China,Female,Zhaojia,Yadel,48123.53,CNY
Louis,Gardner,lgardner83@bigcartel.com,China,Male,Shuangshan,Tagtune,78510.38,CNY
Louise,Wagner,lwagner84@freewebs.com,France,Female,Sélestat,Youtags,60885.83,EUR
Ronald,Stone,rstone85@hexun.com,Palestinian Territory,Male,Karney Shomron,Avamm,37664.65,ILS
Joan,Mason,jmason86@umn.edu,Sweden,Female,Laholm,Lazz,72391.50,SEK
Ronald,Roberts,rroberts87@ow.ly,China,Male,Malin,Livetube,,CNY
Amy,Dean,adean88@wunderground.com,Czech Republic,Female,Dolní Cerekev,Jatri,,CZK
Walter,Hanson,whanson89@latimes.com,Niger,Male,Zinder,Dablist,83974.50,XOF
Ernest,Scott,escott8a@sitemeter.com,Philippines,Male,Maquiapo,Thoughtsphere,80289.18,PHP
Mary,Morris,mmorris8b@theglobeandmail.com,Palestinian Territory,Female,Ūdalah,Flipopia,70430.71,ILS
Arthur,Ryan,aryan8c@photobucket.com,Iceland,Male,Álftanes,Photofeed,4276.02,ISK
Lillian,Harris,lharris8d@list-manage.com,Palestinian Territory,Female,Ḩajjah,Yacero,86593.85,ILS
Heather,Jordan,hjordan8e@123-reg.co.uk,China,Female,Dashiju,Abata,54613.44,CNY
Brian,Simmons,bsimmons8f@cnn.com,Poland,Male,Tokarnia,Centizu,3865.71,PLN
Ernest,Clark,eclark8g@4shared.com,China,Male,Shangqiu,Rhycero,52493.95,CNY
Paula,Richardson,prichardson8h@godaddy.com,Canada,Female,Minnedosa,Nlounge,34723.94,CAD
Harry,Dean,hdean8i@illinois.edu,United States,Male,Miami,Vitz,27557.52,USD
Janice,Powell,jpowell8j@dailymotion.com,Finland,Female,Porvoo,Miboo,24640.01,EUR
Dennis,Fernandez,dfernandez8k@skype.com,France,Male,Bordeaux,Quinu,77601.26,EUR
Helen,Ryan,hryan8l@salon.com,United States,Female,Erie,Twitterbridge,81801.85,USD
Cynthia,Dixon,cdixon8m@discuz.net,China,Female,Xinfeng,Trupe,83145.91,CNY
Cynthia,Long,clong8n@google.ca,China,Female,Rengang,Browseblab,11177.54,CNY
Jane,Williams,jwilliams8o@wikipedia.org,China,Female,Huangbei,Dablist,77949.97,CNY
Brandon,Thompson,bthompson8p@elpais.com,Greece,Male,Firá,Twitterwire,80747.83,EUR
Doris,Elliott,delliott8q@unc.edu,Czech Republic,Female,Mirovice,Topicstorm,25490.91,CZK
Terry,Lawson,tlawson8r@nature.com,Brazil,Male,Pindobaçu,Fivechat,7607.32,BRL
Raymond,Stanley,rstanley8s@t-online.de,Egypt,Male,Mashtūl as Sūq,Voonix,84884.79,EGP
Ruby,Murphy,rmurphy8t@jugem.jp,Belarus,Female,Mazyr,Skiba,68021.97,BYR
Edward,Bowman,ebowman8u@simplemachines.org,Indonesia,Male,Ronggo,Mymm,,IDR
Shirley,Richardson,srichardson8v@dmoz.org,Philippines,Female,Digos,Riffwire,66224.28,PHP
Stephen,Gonzales,sgonzales8w@rakuten.co.jp,South Korea,Male,Neietsu,Skalith,,KRW
Linda,Berry,lberry8x@ucoz.ru,Argentina,Female,Achiras,Feedspan,88524.33,ARS
Wanda,Simpson,wsimpson8y@google.it,Colombia,Female,Florencia,Skyba,23589.43,COP
Donna,Taylor,dtaylor8z@jiathis.com,Japan,Female,Kitsuki,Skilith,20985.47,JPY
Sandra,Henry,shenry90@ed.gov,Vietnam,Female,Quỳnh Côi,Thoughtbridge,86523.95,VND
Gerald,Mccoy,gmccoy91@linkedin.com,Indonesia,Male,Jawa,LiveZ,71792.50,IDR
Karen,Holmes,kholmes92@123-reg.co.uk,Mongolia,Female,Dzüünbulag,Meeveo,65903.39,MNT
Eugene,Arnold,earnold93@aol.com,Mexico,Male,Parque Industrial,Kimia,97432.88,MXN
Kevin,Harris,kharris94@indiatimes.com,Ukraine,Male,Vynohradove,Cogilith,98479.80,UAH
Louis,Hawkins,lhawkins95@barnesandnoble.com,China,Male,Xiangdian,Miboo,68504.02,CNY
Dennis,Medina,dmedina96@mapquest.com,Cuba,Male,Santiago de las Vegas,Wordify,73186.93,CUP
Anna,Smith,asmith97@ft.com,France,Female,Hayange,Skimia,45348.23,EUR
Wanda,Fisher,wfisher98@flickr.com,Brazil,Female,Barreirinhas,Kayveo,61780.33,BRL
Robin,Ward,rward99@nps.gov,Greece,Female,Áno Kopanákion,Browsetype,92585.35,EUR
Wanda,Peters,wpeters9a@technorati.com,Palestinian Territory,Female,Bayt Ta‘mar,Yodoo,94382.37,ILS
Sarah,Warren,swarren9b@list-manage.com,China,Female,Xiaoduchuan,Ooba,19981.17,CNY
Edward,Kennedy,ekennedy9c@vk.com,South Africa,Male,Randfontein,Realbridge,2102.09,ZAR
Norma,Reed,nreed9d@blogger.com,Indonesia,Female,Madur,Cogilith,,IDR
Donna,Richards,drichards9e@bbb.org,China,Female,Liuhu,Edgetag,62766.71,CNY
Jesse,Graham,jgraham9f@hud.gov,South Africa,Male,Beaufort West,Oloo,38168.78,ZAR
Carolyn,Stewart,cstewart9g@disqus.com,Philippines,Female,Basud,Bluezoom,75058.29,PHP
Jennifer,Jones,jjones9h@google.de,Colombia,Female,El Espino,Jetpulse,86024.55,COP
Brian,Wright,bwright9i@amazon.co.uk,China,Male,Jingdezhen,Photobug,,CNY
Judy,Thomas,jthomas9j@youku.com,Ecuador,Female,Ambato,Jayo,92270.62,USD
Julia,Williamson,jwilliamson9k@nasa.gov,Russia,Female,Urazovo,Kayveo,97384.47,RUB
Ryan,Reid,rreid9l@artisteer.com,Russia,Male,Strogino,Skibox,30996.07,RUB
Louise,Wood,lwood9m@theguardian.com,Poland,Female,Parczew,Mynte,64168.57,PLN
Harold,Reed,hreed9n@sogou.com,Luxembourg,Male,Junglinster,Realbuzz,9526.58,EUR
Christina,Gonzalez,cgonzalez9o@latimes.com,Panama,Female,La Mesa,Edgetag,11810.52,PAB
Jeffrey,Hall,jhall9p@dell.com,Portugal,Male,Cachadinha,Quimba,98834.24,EUR
Jack,Greene,jgreene9q@omniture.com,Sudan,Male,Al Qadarif,Skinte,63432.30,SDG
Dorothy,Carr,dcarr9r@npr.org,Peru,Female,Vilca,Eimbee,,PEN
Anne,Elliott,aelliott9s@wired.com,Palestinian Territory,Female,Dayr Sāmit,Oyoyo,35490.11,ILS
Cynthia,Castillo,ccastillo9t@amazon.co.jp,Zambia,Female,Namwala,Voolith,23048.39,ZMW
Lawrence,Jones,ljones9u@google.co.uk,Indonesia,Male,Tanjung Palas,Zoomcast,,IDR
Harold,Holmes,hholmes9v@examiner.com,Latvia,Male,Nīca,Wikido,49061.88,EUR
Fred,Webb,fwebb9w@wix.com,Syria,Male,Tallbīsah,Mybuzz,50241.28,SYP
Ralph,Little,rlittle9x@ucoz.ru,France,Male,Marne-la-Vallée,Shufflester,49048.68,EUR
Cynthia,Davis,cdavis9y@wunderground.com,China,Female,Dengfang,Cogilith,69325.35,CNY
Alice,Fernandez,afernandez9z@princeton.edu,Botswana,Female,Letlhakeng,Youtags,46200.33,BWP
Shirley,Oliver,solivera0@npr.org,China,Female,Dongming,Agivu,37080.39,CNY
Ruth,Lane,rlanea1@hc360.com,Indonesia,Female,Sekarjalak,Youopia,51772.85,IDR
Harry,Scott,hscotta2@g.co,Indonesia,Male,Kekeri,Katz,59643.80,IDR
Chris,Lewis,clewisa3@narod.ru,El Salvador,Male,Usulután,Katz,29086.22,USD
Bruce,Fowler,bfowlera4@msn.com,Philippines,Male,Barotac Viejo,Demizz,95278.73,PHP
Gloria,Stanley,gstanleya5@hibu.com,France,Female,Vandœuvre-lès-Nancy,Wordware,23444.88,EUR
Theresa,Bell,tbella6@soundcloud.com,Canada,Female,Papineauville,Vitz,29915.41,CAD
Craig,Montgomery,cmontgomerya7@techcrunch.com,China,Male,Changbu,Edgeify,8972.67,CNY
Shawn,Banks,sbanksa8@photobucket.com,Vietnam,Male,Giồng Riềng,Quatz,92797.71,VND
Brandon,Barnes,bbarnesa9@issuu.com,Indonesia,Male,Cipaku,Meembee,27649.47,IDR
Michelle,Harris,mharrisaa@163.com,Poland,Female,Rokietnica,Flashdog,63246.34,PLN
Elizabeth,Rivera,eriveraab@accuweather.com,China,Female,Feng’an,Zoonder,,CNY
Russell,Mills,rmillsac@weibo.com,Democratic Republic of the Congo,Male,Kindu,Meevee,,CDF
Amy,Mills,amillsad@nasa.gov,United States,Female,Beaumont,Thoughtstorm,86529.23,USD
Dennis,Berry,dberryae@nsw.gov.au,Mongolia,Male,Böhöt,Tambee,35158.07,MNT
Christopher,Ferguson,cfergusonaf@ovh.net,Indonesia,Male,Ayamaru,Mymm,72621.83,IDR
Raymond,Johnston,rjohnstonag@berkeley.edu,Panama,Male,La Palma,Fatz,58827.86,PAB
Wayne,Morgan,wmorganah@diigo.com,Indonesia,Male,Banjar Peguyangan,Innotype,99488.36,IDR
Wayne,Wilson,wwilsonai@dailymail.co.uk,China,Male,Xianyan,Mycat,41535.82,CNY
Angela,Wright,awrightaj@dropbox.com,Palestinian Territory,Female,Bayt Sāḩūr,Zazio,788.88,ILS
Philip,Bell,pbellak@studiopress.com,Russia,Male,Krasnoznamensk,Skyba,,RUB
Sharon,Palmer,spalmeral@hubpages.com,Ukraine,Female,Synevyr,Skilith,42909.00,UAH
Craig,Edwards,cedwardsam@icq.com,Poland,Male,Kluczbork,Wordware,88872.05,PLN
Janice,Olson,jolsonan@seesaa.net,Central African Republic,Female,Ouango,Twitterwire,24776.31,XAF
Fred,Gibson,fgibsonao@epa.gov,China,Male,Sheli,Trudoo,19700.97,CNY
Jeremy,Myers,jmyersap@imageshack.us,United States,Male,Richmond,Skinix,30189.95,USD
Phyllis,Diaz,pdiazaq@discovery.com,Japan,Female,Matsushima,Meevee,,JPY
Todd,Rivera,triveraar@jiathis.com,Portugal,Male,Lavadorinhos,Dynava,,EUR
Robin,Gibson,rgibsonas@japanpost.jp,Philippines,Female,Baon,Centizu,16472.86,PHP
Louise,Sims,lsimsat@spotify.com,Dominican Republic,Female,Mao,Quamba,39204.81,DOP
Tammy,Garza,tgarzaau@cmu.edu,Czech Republic,Female,Chyšky,Jabberstorm,80056.92,CZK
Karen,Gardner,kgardnerav@dailymail.co.uk,Paraguay,Female,Capiíbary,Kayveo,96862.50,PYG
Ann,Morris,amorrisaw@surveymonkey.com,Indonesia,Female,Tanggungrejo,Kwinu,45182.98,IDR
Elizabeth,Murray,emurrayax@huffingtonpost.com,China,Female,Yanzhao,Jetwire,,CNY
Philip,Brooks,pbrooksay@canalblog.com,China,Male,Dingjia,Zoozzy,24412.49,CNY
Marilyn,Peterson,mpetersonaz@apache.org,Russia,Female,Goragorskiy,Babbleset,7020.89,RUB
Sandra,Watkins,swatkinsb0@discovery.com,Bulgaria,Female,Dobrich,Eire,37238.35,BGN
Rachel,Smith,rsmithb1@go.com,Nigeria,Female,Dikwa,Dynabox,86588.23,NGN
Sandra,Fernandez,sfernandezb2@google.pl,New Zealand,Female,Paihia,Zoonoodle,9022.89,NZD
Debra,Nguyen,dnguyenb3@boston.com,Canada,Female,Chester,Myworks,20587.47,CAD
Thomas,Burton,tburtonb4@telegraph.co.uk,Jordan,Male,Al Mazār,Devshare,88863.40,JOD
Carolyn,Wilson,cwilsonb5@cmu.edu,France,Female,Rennes,Mynte,,EUR
Annie,Shaw,ashawb6@youtu.be,Indonesia,Female,Rawuk,Devpoint,57936.00,IDR
Jeremy,Stephens,jstephensb7@answers.com,Finland,Male,Rauma,Gabcube,60950.24,EUR
Kelly,Olson,kolsonb8@hibu.com,Poland,Female,Dębno,Omba,82268.46,PLN
Janice,Garcia,jgarciab9@pinterest.com,China,Female,Shuangfeng,Meejo,27992.32,CNY
Helen,Little,hlittleba@businessinsider.com,Portugal,Female,Igreja,Edgeclub,,EUR
Arthur,Morrison,amorrisonbb@japanpost.jp,Indonesia,Male,Losari,Voolia,54598.93,IDR
Cheryl,Black,cblackbc@google.pl,Honduras,Female,El Pino,Teklist,83004.64,HNL
Sarah,Lane,slanebd@springer.com,Nicaragua,Female,Diriamba,Quire,,NIO
Ralph,Ortiz,rortizbe@redcross.org,Indonesia,Male,Kemiri Daya,Leexo,31874.07,IDR
Paul,Simpson,psimpsonbf@who.int,Pakistan,Male,Rājo Khanāni,Centimia,36641.13,PKR
William,Bowman,wbowmanbg@amazon.co.uk,Serbia,Male,Kruševac,Twitterworks,12781.77,RSD
Howard,Perry,hperrybh@reuters.com,Brazil,Male,Itapaci,Mycat,34522.03,BRL
Mark,Garcia,mgarciabi@blogspot.com,Peru,Male,Pilcuyo,Feedspan,79086.76,PEN
Keith,Lopez,klopezbj@dropbox.com,China,Male,Tianning,Devcast,8083.55,CNY
Maria,Baker,mbakerbk@quantcast.com,Philippines,Female,Ugac Sur,Riffpath,31900.98,PHP
Johnny,Harvey,jharveybl@disqus.com,Nigeria,Male,Argungu,Feednation,10471.54,NGN
Adam,Collins,acollinsbm@edublogs.org,Netherlands,Male,Den Haag,Brightbean,68298.14,EUR
Lois,Frazier,lfrazierbn@oakley.com,Argentina,Female,La Paz,Zoomlounge,14059.60,ARS
Christina,Garcia,cgarciabo@networkadvertising.org,Croatia,Female,Suhopolje,Ntag,18393.42,HRK
Roger,Dean,rdeanbp@reference.com,Philippines,Male,Aurora,Fiveclub,67924.52,PHP
Henry,Parker,hparkerbq@plala.or.jp,Macedonia,Male,Gostivar,Jabbertype,56786.10,MKD
Patrick,Sims,psimsbr@businesswire.com,Russia,Male,Pyatigorsk,Kwideo,7199.09,RUB
Evelyn,Barnes,ebarnesbs@intel.com,Philippines,Female,Tamisan,Demimbu,29055.12,PHP
Carl,Graham,cgrahambt@amazon.com,Japan,Male,Obihiro,Voomm,62844.36,JPY
Katherine,Foster,kfosterbu@mapy.cz,Sweden,Female,Finspång,Realcube,83.72,SEK
Raymond,Chavez,rchavezbv@yahoo.com,Sweden,Male,Onsala,Dabtype,31274.82,SEK
Shirley,Gonzales,sgonzalesbw@example.com,Yemen,Female,Najd al Jumā‘ī,Zoonder,29268.94,YER
Roger,Boyd,rboydbx@columbia.edu,China,Male,Longquan,Dynava,48437.41,CNY
Adam,Reynolds,areynoldsby@clickbank.net,Panama,Male,Nuevo Emperador,Thoughtmix,51497.89,PAB
David,Cole,dcolebz@themeforest.net,Thailand,Male,Narathiwat,Roodel,,THB
Sharon,Richards,srichardsc0@ox.ac.uk,United States,Female,Honolulu,Quaxo,48056.13,USD
Kelly,Dean,kdeanc1@google.de,Thailand,Female,Nong Yai,Topicstorm,14775.83,THB
Jose,Diaz,jdiazc2@woothemes.com,China,Male,Jihui,Centidel,97194.65,CNY
Thomas,Roberts,trobertsc3@a8.net,Czech Republic,Male,Město,Oozz,75210.28,CZK
Teresa,Wallace,twallacec4@is.gd,China,Female,Hedong,Kwilith,60095.14,CNY
Earl,Boyd,eboydc5@lycos.com,Brazil,Male,Sobral,Thoughtworks,72342.25,BRL
Chris,Hansen,chansenc6@hud.gov,Czech Republic,Male,Vřesina,Aimbo,58051.63,CZK
Dennis,Fisher,dfisherc7@baidu.com,Czech Republic,Male,Petřvald,Rhyloo,23999.28,CZK
Timothy,Gray,tgrayc8@cdc.gov,Russia,Male,Shushary,Tambee,64722.95,RUB
Alan,Franklin,afranklinc9@scientificamerican.com,Portugal,Male,Valeirinha,Yakijo,40190.41,EUR
Cynthia,Richards,crichardsca@about.com,China,Female,Gaoqiao,Linklinks,39640.15,CNY
Jane,Hill,jhillcb@live.com,China,Female,Huazhuang,Flipbug,43450.25,CNY
Jean,Rose,jrosecc@youtu.be,Philippines,Female,Basicao Coastal,Oodoo,19772.24,PHP
Ralph,Reed,rreedcd@omniture.com,Indonesia,Male,Madura,Eadel,19171.21,IDR
Margaret,Howard,mhowardce@angelfire.com,Honduras,Female,Oropéndolas,Blogtag,13458.35,HNL
Phyllis,Lewis,plewiscf@nyu.edu,Portugal,Female,Chãos,Oyoba,38930.01,EUR
Elizabeth,Butler,ebutlercg@bandcamp.com,South Sudan,Female,Bor,Photobean,24424.30,SSP
Anthony,Gardner,agardnerch@cocolog-nifty.com,China,Male,Jiujie,Voolia,82560.18,CNY
Jeffrey,Lynch,jlynchci@meetup.com,Philippines,Male,Concepcion,Skilith,,PHP
Anthony,Little,alittlecj@google.ca,Croatia,Male,Ježdovec,Eabox,,HRK
Paul,Daniels,pdanielsck@usda.gov,Sweden,Male,Västra Frölunda,Yodel,91046.58,SEK
Virginia,Schmidt,vschmidtcl@redcross.org,Indonesia,Female,Bucu Kidul,Blogspan,48538.04,IDR
Russell,Alexander,ralexandercm@diigo.com,China,Male,Shantou,Photobean,2300.40,CNY
Jeremy,Duncan,jduncancn@foxnews.com,Czech Republic,Male,Zdíkov,Avamm,27015.47,CZK
Julie,Greene,jgreeneco@vinaora.com,China,Female,Xinjiang,Viva,40708.39,CNY
Terry,Lynch,tlynchcp@digg.com,Colombia,Male,Moñitos,Eimbee,22108.06,COP
Victor,Wagner,vwagnercq@ucoz.com,China,Male,Heimahe,Devshare,9864.71,CNY
Lois,Morales,lmoralescr@jugem.jp,Portugal,Female,Miraflores,Teklist,34434.68,EUR
Diana,Stevens,dstevenscs@wix.com,Indonesia,Female,Buket Teukuh,Riffwire,27000.61,IDR
Amy,Rivera,ariveract@mapquest.com,Indonesia,Female,Balakasap,Einti,35098.36,IDR
Julia,Harvey,jharveycu@upenn.edu,China,Female,Chengbei,Oyonder,43221.18,CNY
Mildred,Davis,mdaviscv@about.com,China,Female,Wangzuo,Jayo,77688.63,CNY
Jack,Holmes,jholmescw@goo.ne.jp,Indonesia,Male,Kendalrejo,Zoomdog,15772.23,IDR
Joan,Simmons,jsimmonscx@nature.com,Syria,Female,Mas‘adah,Kanoodle,91592.81,SYP
Fred,Ruiz,fruizcy@prlog.org,South Africa,Male,Libode,Midel,50604.53,ZAR
Betty,Barnes,bbarnescz@youku.com,South Africa,Female,Kriel,Realcube,81561.17,ZAR
Phyllis,Robertson,probertsond0@linkedin.com,Nigeria,Female,Owode,Vipe,,NGN
Clarence,Davis,cdavisd1@google.com.hk,Indonesia,Male,Cilegong,Mycat,46265.60,IDR
Ryan,Stone,rstoned2@shop-pro.jp,China,Male,Bayan Qagan,Ozu,92028.96,CNY
Susan,Harrison,sharrisond3@noaa.gov,Morocco,Female,Temara,Tagtune,11315.86,MAD
David,Peters,dpetersd4@sakura.ne.jp,China,Male,Shajia’ao,Jaxspan,26931.76,CNY
Louise,Cooper,lcooperd5@toplist.cz,Colombia,Female,Quibdó,Brainbox,57537.36,COP
Daniel,Nichols,dnicholsd6@cisco.com,Russia,Male,Knyaze-Volkonskoye,Realfire,39030.36,RUB
Linda,Oliver,loliverd7@techcrunch.com,Venezuela,Female,Camatagua,DabZ,50455.53,VEF
Walter,Lynch,wlynchd8@kickstarter.com,United Kingdom,Male,Aston,Shuffletag,32728.32,GBP
Bonnie,Hawkins,bhawkinsd9@independent.co.uk,China,Female,Yitang,Divanoodle,51550.39,CNY
Theresa,Wood,twoodda@jigsy.com,China,Female,Quxi,Gabvine,7535.49,CNY
Shawn,Brown,sbrowndb@de.vu,China,Male,Guandu,Teklist,54231.85,CNY
Stephen,Fox,sfoxdc@adobe.com,Ivory Coast,Male,Agboville,Oodoo,40090.39,XOF
Ruth,Montgomery,rmontgomerydd@com.com,Russia,Female,Novyye Cherëmushki,Pixope,7708.98,RUB
Mildred,Rice,mricede@wordpress.com,Russia,Female,Staroshcherbinovskaya,Photofeed,,RUB
Charles,Foster,cfosterdf@people.com.cn,Brazil,Male,Santa Vitória do Palmar,Browsecat,64540.83,BRL
Larry,Stanley,lstanleydg@reverbnation.com,China,Male,Yiqi,Tanoodle,26448.21,CNY
Timothy,Ruiz,truizdh@cbc.ca,Russia,Male,Vyborg,Topiczoom,17428.19,RUB
Martha,Frazier,mfrazierdi@mashable.com,Macedonia,Female,Pirok,Kaymbo,,MKD
Gregory,Carpenter,gcarpenterdj@thetimes.co.uk,Canada,Male,Princeville,Vinte,62604.64,CAD
Linda,Austin,laustindk@jiathis.com,Mexico,Female,El Salitre,Brightbean,89341.54,MXN
Daniel,Burns,dburnsdl@rakuten.co.jp,United States,Male,Charlotte,Vitz,84635.43,USD
Todd,Carpenter,tcarpenterdm@fotki.com,Czech Republic,Male,Kladno,Eidel,43643.21,CZK
Lawrence,Larson,llarsondn@wikispaces.com,Germany,Male,Herne,Skalith,91378.34,EUR
Nancy,Moreno,nmorenodo@lulu.com,Thailand,Female,Tak Bai,Skynoodle,17391.10,THB
Wanda,Wallace,wwallacedp@fda.gov,China,Female,Songbai,Twitterwire,28639.79,CNY
Daniel,Boyd,dboyddq@e-recht24.de,China,Male,Taishanmiao,Babblestorm,46122.17,CNY
Diana,Nichols,dnicholsdr@pinterest.com,Indonesia,Female,Cikole,Voolia,65480.63,IDR
Anthony,Lawrence,alawrenceds@simplemachines.org,China,Male,Shaoxing,Yabox,98310.87,CNY
Juan,Burton,jburtondt@icq.com,Portugal,Male,Casais de Revelhos,Feedfish,,EUR
Anne,Bailey,abaileydu@harvard.edu,China,Female,Shuiji,Abatz,33241.91,CNY
Betty,Stone,bstonedv@joomla.org,Japan,Female,Nikkō,Blogpad,58074.71,JPY
Gloria,Kelley,gkelleydw@devhub.com,Philippines,Female,Libertad,Yombu,71531.83,PHP
Nicole,Austin,naustindx@biglobe.ne.jp,Portugal,Female,Cela,Rhyloo,94211.43,EUR
Deborah,Hart,dhartdy@squarespace.com,Russia,Female,Tekstil’shchiki,Rhynyx,76353.93,RUB
Jason,Murray,jmurraydz@de.vu,Indonesia,Male,Jati,Flashpoint,90589.10,IDR
Margaret,Austin,maustine0@is.gd,Indonesia,Female,Krajan Ngerdani,Tanoodle,94835.22,IDR
Anna,Mason,amasone1@prweb.com,Argentina,Female,Villa Allende,Snaptags,85903.77,ARS
Michael,Taylor,mtaylore2@barnesandnoble.com,Mexico,Male,Francisco J Mujica,Yakidoo,87965.70,MXN
Fred,Chapman,fchapmane3@ning.com,Indonesia,Male,Cihaur,Kamba,22003.70,IDR
George,Fernandez,gfernandeze4@ucoz.com,Brazil,Male,Orleans,Skyvu,50997.60,BRL
Raymond,Henry,rhenrye5@purevolume.com,Malaysia,Male,Melaka,Tavu,38631.37,MYR
Lawrence,Ryan,lryane6@over-blog.com,Myanmar,Male,Bhamo,Photobug,45405.67,MMK
Craig,Matthews,cmatthewse7@posterous.com,Russia,Male,Kalino,Eabox,92426.48,RUB
Lori,Owens,lowense8@vinaora.com,Brazil,Female,Anastácio,Devshare,34142.03,BRL
Richard,Fisher,rfishere9@arizona.edu,Philippines,Male,Ginatilan,Eadel,41451.27,PHP
Laura,Burke,lburkeea@java.com,China,Female,Zhongying,Trilith,99605.89,CNY
Clarence,Sanchez,csanchezeb@illinois.edu,Russia,Male,Otradnyy,Yodoo,,RUB
Jean,Phillips,jphillipsec@sciencedirect.com,Indonesia,Female,Jadi,Trudeo,58113.76,IDR
Shirley,Hayes,shayesed@nyu.edu,China,Female,Dingcheng,Latz,47234.81,CNY
Diana,Murphy,dmurphyee@usda.gov,Uzbekistan,Female,Chust Shahri,Skajo,65267.75,UZS
Teresa,Perez,tperezef@artisteer.com,Argentina,Female,Mina Clavero,Zoovu,56718.02,ARS
Anne,Reyes,areyeseg@skype.com,Honduras,Female,La Virtud,Youtags,91309.70,HNL
Anthony,Lee,aleeeh@sphinn.com,Canada,Male,Camrose,Shuffletag,77758.40,CAD
Russell,Hart,rhartei@list-manage.com,United States,Male,Cleveland,Miboo,2287.39,USD
Evelyn,Grant,egrantej@redcross.org,Philippines,Female,Bolboc,Mymm,50829.45,PHP
Laura,Gardner,lgardnerek@epa.gov,Philippines,Female,Macayug,Viva,21454.82,PHP
Carol,Porter,cporterel@shinystat.com,Croatia,Female,Zmijavci,Shufflebeat,80782.27,HRK
Louise,Larson,llarsonem@japanpost.jp,Portugal,Female,Tomar,Linkbuzz,11036.06,EUR
Scott,Patterson,spattersonen@ning.com,Indonesia,Male,Takengon,Realmix,74749.36,IDR
Richard,Kelley,rkelleyeo@cornell.edu,China,Male,Yuqi,Voomm,22500.44,CNY
Frank,Bailey,fbaileyep@washingtonpost.com,Portugal,Male,Giesteira,Jabberstorm,48382.52,EUR
Stephen,Williams,swilliamseq@hexun.com,China,Male,Fuling,InnoZ,35944.35,CNY
Rebecca,Kelly,rkellyer@cornell.edu,Spain,Female,Aviles,Buzzster,,EUR
Peter,Jacobs,pjacobses@fema.gov,China,Male,Guxi,Talane,10126.66,CNY
Victor,Stanley,vstanleyet@ox.ac.uk,Philippines,Male,Duran,Brainsphere,44996.54,PHP
Jerry,Chavez,jchavezeu@upenn.edu,Japan,Male,Kusatsu,Dabjam,81449.51,JPY
Earl,Wilson,ewilsonev@quantcast.com,Finland,Male,Parikkala,Eimbee,3218.72,EUR
Betty,Brooks,bbrooksew@deviantart.com,Russia,Female,Samashki,Trudoo,48234.25,RUB
Harry,Gibson,hgibsonex@marriott.com,Mongolia,Male,Bayangol,Zoomlounge,44058.17,MNT
Martha,Wright,mwrightey@ehow.com,China,Female,Shiyuetian,Yoveo,64794.52,CNY
Antonio,Bell,abellez@google.ca,Indonesia,Male,Andongsari,Realpoint,26063.84,IDR
Stephen,Richards,srichardsf0@google.cn,Morocco,Male,Bhalil,Zoomzone,56634.20,MAD
Nicole,Garrett,ngarrettf1@ucoz.com,Indonesia,Female,Rejoyoso,Centidel,,IDR
Ruby,Murphy,rmurphyf2@salon.com,China,Female,Baoxu,Skalith,2007.33,CNY
Ashley,Bell,abellf3@nytimes.com,Portugal,Female,Monte da Pedra,Twitterworks,73178.70,EUR
Emily,Boyd,eboydf4@creativecommons.org,China,Female,Luopu,Youfeed,19475.55,CNY
Deborah,Sanders,dsandersf5@tripadvisor.com,Honduras,Female,Puerto Castilla,Thoughtstorm,74719.13,HNL
Nancy,Watkins,nwatkinsf6@washington.edu,Russia,Female,Tomsk,Photojam,85816.67,RUB
Diana,Stephens,dstephensf7@jugem.jp,Czech Republic,Female,Velké Bílovice,Plambee,20672.27,CZK
Gary,Rose,grosef8@hatena.ne.jp,Czech Republic,Male,Zlín,Fivechat,45886.03,CZK
Tina,Hunter,thunterf9@hao123.com,Germany,Female,Hamburg,Jatri,47526.42,EUR
Lawrence,Stanley,lstanleyfa@netlog.com,Ukraine,Male,Kapitanivka,Trupe,36006.89,UAH
Peter,Miller,pmillerfb@hibu.com,Ivory Coast,Male,Zuénoula,Avamba,24539.70,XOF
Rebecca,Chavez,rchavezfc@trellian.com,Colombia,Female,Circasia,Chatterbridge,96041.61,COP
Jeffrey,Webb,jwebbfd@cdbaby.com,Sweden,Male,Helsingborg,Meetz,74822.23,SEK
Anna,Elliott,aelliottfe@tuttocitta.it,Kenya,Female,Kilifi,Teklist,96239.29,KES
Billy,Jacobs,bjacobsff@wikipedia.org,China,Male,Jiulong,Linkbridge,24347.83,CNY
Juan,Crawford,jcrawfordfg@earthlink.net,China,Male,Xinbei,Rhyzio,19989.36,CNY
Elizabeth,Harris,eharrisfh@paginegialle.it,China,Female,Huangtang,Centizu,77912.33,CNY
Jacqueline,Martinez,jmartinezfi@posterous.com,Bangladesh,Female,Pirojpur,Twitternation,56484.30,BDT
Robin,Ortiz,rortizfj@angelfire.com,Costa Rica,Female,Limón,Plajo,41738.99,CRC
Donald,Jacobs,djacobsfk@cargocollective.com,Norway,Male,Askim,Photospace,55346.95,NOK
Shawn,Rivera,sriverafl@live.com,Indonesia,Male,Krajan Sale,Voomm,25232.56,IDR
Ruby,Foster,rfosterfm@tmall.com,Indonesia,Female,Banggel,Meeveo,20232.87,IDR
Ruby,Reynolds,rreynoldsfn@technorati.com,Mexico,Female,San Sebastian,Tagtune,86637.91,MXN
Shawn,Franklin,sfranklinfo@sciencedirect.com,China,Male,Zhichu,Brightdog,8103.29,CNY
Ralph,Mills,rmillsfp@surveymonkey.com,Canada,Male,Lacolle,Feedfish,22342.53,CAD
Jimmy,Cook,jcookfq@taobao.com,China,Male,Fengjiang,Skalith,26502.35,CNY
Jack,Bishop,jbishopfr@slashdot.org,South Africa,Male,Camperdown,Yodel,,ZAR
Richard,Ross,rrossfs@wsj.com,Japan,Male,Anan,Thoughtbridge,67016.18,JPY
Steve,Kelly,skellyft@ftc.gov,Argentina,Male,Jardín América,Buzzdog,82798.02,ARS
Teresa,Freeman,tfreemanfu@answers.com,Poland,Female,Jedlina-Zdrój,Innojam,8697.86,PLN
Sara,Kelley,skelleyfv@columbia.edu,Indonesia,Female,Karangbaru,Zoomzone,32198.76,IDR
Carol,Kim,ckimfw@ocn.ne.jp,Botswana,Female,Ramotswa,Blogspan,65090.49,BWP
Gregory,Cook,gcookfx@netlog.com,Sweden,Male,Sollefteå,Linkbuzz,22618.99,SEK
Eugene,Kennedy,ekennedyfy@google.es,Indonesia,Male,Warungsugan,Flashset,77667.27,IDR
Julia,Romero,jromerofz@dedecms.com,Croatia,Female,Hrvace,Eadel,26886.99,HRK
Martin,Lee,mleeg0@artisteer.com,Burkina Faso,Male,Banfora,Midel,43187.36,XOF
Jimmy,Fox,jfoxg1@myspace.com,Sweden,Male,Tanumshede,Meembee,45188.46,SEK
Helen,Ford,hfordg2@blogspot.com,United States,Female,Memphis,Linkbuzz,23826.70,USD
Diana,Oliver,doliverg3@illinois.edu,Portugal,Female,Cardal,Gigabox,67205.35,EUR
Kevin,Morales,kmoralesg4@nhs.uk,Indonesia,Male,Leramatang,Geba,25829.89,IDR
Shirley,Owens,sowensg5@printfriendly.com,China,Female,Zhangpu,Yodel,,CNY
George,Reynolds,greynoldsg6@huffingtonpost.com,Argentina,Male,Tigre,Flipbug,19329.43,ARS
Keith,Gonzalez,kgonzalezg7@nature.com,Indonesia,Male,Ambian,Dynava,54174.36,IDR
Alan,Mccoy,amccoyg8@columbia.edu,Indonesia,Male,Utarapasar,Voolith,31025.41,IDR
Julie,Murray,jmurrayg9@nytimes.com,Indonesia,Female,Betaf,Jaxbean,96397.84,IDR
Kelly,Dunn,kdunnga@rakuten.co.jp,Portugal,Female,Casais Brancos,Jetwire,49721.37,EUR
Christopher,Perkins,cperkinsgb@hao123.com,Japan,Male,Saiki,Wikibox,71511.40,JPY
Earl,Alexander,ealexandergc@theatlantic.com,Indonesia,Male,Gubukjero Timuk,Divape,92461.42,IDR
Michelle,Morgan,mmorgangd@columbia.edu,China,Female,Xiaogang,Voonix,48084.09,CNY
Gerald,Matthews,gmatthewsge@about.com,Indonesia,Male,Dorupare,Feedfire,22163.59,IDR
Howard,Mills,hmillsgf@google.co.jp,Brunei,Male,Kuala Belait,Pixope,42202.45,BND
Chris,Morales,cmoralesgg@nytimes.com,Brazil,Male,Catende,Topiclounge,94169.09,BRL
Gerald,Grant,ggrantgh@plala.or.jp,Philippines,Male,Panay,Tagfeed,81194.72,PHP
Jose,Price,jpricegi@mayoclinic.com,Indonesia,Male,Aegela,Vipe,78904.55,IDR
Karen,Matthews,kmatthewsgj@taobao.com,China,Female,Wuluquele,Eazzy,9899.57,CNY
Stephen,King,skinggk@slashdot.org,Indonesia,Male,Bunutan,Geba,51290.37,IDR
Jerry,Carr,jcarrgl@feedburner.com,China,Male,Zhangping,Cogibox,68913.34,CNY
Donna,Gomez,dgomezgm@answers.com,Zambia,Female,Mpika,Pixonyx,71597.27,ZMW
Fred,Hamilton,fhamiltongn@usgs.gov,Hungary,Male,Budapest,Realpoint,,HUF
Ernest,Robinson,erobinsongo@topsy.com,Sweden,Male,Finspång,Jazzy,62156.01,SEK
Andrew,West,awestgp@newsvine.com,France,Male,Sannois,DabZ,7628.76,EUR
Antonio,Dean,adeangq@addtoany.com,Pakistan,Male,Jhumra,Realcube,25501.21,PKR
Jerry,Carroll,jcarrollgr@ocn.ne.jp,United Arab Emirates,Male,Al Ain,Yamia,6636.45,AED
Carolyn,Gray,cgraygs@hp.com,Armenia,Female,Ptghunk’,Jetpulse,79963.70,AMD
Michael,Johnson,mjohnsongt@privacy.gov.au,Mexico,Male,Emiliano Zapata,Shufflebeat,16164.12,MXN
Jane,Rose,jrosegu@meetup.com,Peru,Female,Cocachacra,Meeveo,4783.31,PEN
Juan,Kelley,jkelleygv@virginia.edu,Indonesia,Male,Cikalong,Oodoo,21797.08,IDR
Margaret,Gonzales,mgonzalesgw@usda.gov,Slovenia,Female,Koroška Bela,Tagtune,,EUR
Theresa,Wallace,twallacegx@china.com.cn,China,Female,Xuwei,Gevee,98657.53,CNY
Martin,Kennedy,mkennedygy@cargocollective.com,Russia,Male,Tygda,Yabox,3738.28,RUB
John,Medina,jmedinagz@vkontakte.ru,Philippines,Male,Prosperidad,Jamia,3626.86,PHP
Christopher,Berry,cberryh0@feedburner.com,Brazil,Male,Ferraz de Vasconcelos,Fanoodle,41106.80,BRL
Doris,Castillo,dcastilloh1@dmoz.org,Yemen,Female,Al Madīd,Gabspot,204.29,YER
Irene,Morales,imoralesh2@princeton.edu,Kenya,Female,Ol Kalou,Tazz,60175.51,KES
David,Wheeler,dwheelerh3@wikimedia.org,Costa Rica,Male,Desamparados,Viva,84947.77,CRC
Judy,Sanders,jsandersh4@jugem.jp,Poland,Female,Opatowiec,Quatz,61388.78,PLN
Amy,Day,adayh5@stanford.edu,Philippines,Female,San Francisco,Flipbug,99539.71,PHP
Judy,Price,jpriceh6@goodreads.com,China,Female,Tangxian,Skinix,44207.50,CNY
Kimberly,Hudson,khudsonh7@chronoengine.com,China,Female,Tumu’ertai,Jaloo,29247.98,CNY
Ashley,Peters,apetersh8@privacy.gov.au,Brazil,Female,Matriz de Camaragibe,Dabtype,78912.13,BRL
Maria,Griffin,mgriffinh9@homestead.com,Sweden,Female,Solna,Gabvine,96229.05,SEK
Alice,Sanders,asandersha@army.mil,Philippines,Female,Cervantes,Aibox,45173.08,PHP
Robin,Andrews,randrewshb@example.com,China,Female,Zhongfang,Quimba,81207.73,CNY
David,Thomas,dthomashc@surveymonkey.com,China,Male,Huaishu,Wikizz,62889.33,CNY
Anne,Kelley,akelleyhd@tiny.cc,Dominican Republic,Female,Sabana Grande de Boyá,Vitz,34284.38,DOP
Laura,Simpson,lsimpsonhe@wunderground.com,Ukraine,Female,Kovel’,Kanoodle,43123.60,UAH
Charles,Hamilton,chamiltonhf@photobucket.com,Germany,Male,Berlin,Roodel,72267.14,EUR
Gregory,Hicks,ghickshg@dion.ne.jp,Russia,Male,Likhovskoy,Omba,25058.46,RUB
Philip,Young,pyounghh@deliciousdays.com,Luxembourg,Male,Mertzig,Yozio,32719.83,EUR
Mary,Griffin,mgriffinhi@europa.eu,China,Female,Linghu,DabZ,84623.57,CNY
Steve,Franklin,sfranklinhj@nature.com,China,Male,Yangxi,Oyondu,30206.42,CNY
Janice,Ramirez,jramirezhk@wordpress.com,Lithuania,Female,Simnas,Shuffletag,98712.22,LTL
Jeremy,Perry,jperryhl@lycos.com,Switzerland,Male,Winterthur,Quimba,73025.77,CHF
Samuel,Graham,sgrahamhm@jugem.jp,Ghana,Male,Akim Oda,Ozu,77263.67,GHS
Katherine,Griffin,kgriffinhn@digg.com,Philippines,Female,Maluno Sur,Jaxspan,89389.96,PHP
Susan,Carpenter,scarpenterho@vkontakte.ru,Canada,Female,Morris,Linkbridge,,CAD
Howard,Gutierrez,hgutierrezhp@uiuc.edu,Thailand,Male,Na Muen,Wikizz,90455.63,THB
Diane,Stephens,dstephenshq@nba.com,Kenya,Female,Homa Bay,Shufflebeat,99632.68,KES
Russell,Wallace,rwallacehr@intel.com,Sweden,Male,Horred,Leexo,,SEK
Amy,Reynolds,areynoldshs@symantec.com,Nigeria,Female,Kura,Miboo,,NGN
Anna,Ward,awardht@usnews.com,Portugal,Female,Pedroso,Dynava,20596.67,EUR
Norma,Carpenter,ncarpenterhu@cbsnews.com,Morocco,Female,Kerrouchen,Cogibox,94416.23,MAD
Christina,Cunningham,ccunninghamhv@amazon.de,Tajikistan,Female,Boshkengash,Kazio,57661.54,TJS
Larry,Barnes,lbarneshw@gmpg.org,Brazil,Male,Jucás,Trunyx,,BRL
Denise,Rodriguez,drodriguezhx@salon.com,China,Female,Sunduan,Meevee,16399.46,CNY
Chris,Gomez,cgomezhy@shop-pro.jp,Russia,Male,Okhotsk,Browsezoom,77798.96,RUB
Gerald,Turner,gturnerhz@salon.com,Estonia,Male,Hullo,Devbug,79903.62,EUR
Michael,Mccoy,mmccoyi0@multiply.com,Brazil,Male,Álvares Machado,Wordpedia,11597.68,BRL
Joe,Spencer,jspenceri1@simplemachines.org,Russia,Male,Agidel’,Realpoint,12379.54,RUB
Helen,Sims,hsimsi2@dell.com,Vietnam,Female,Thị Trấn Yên Cát,Skynoodle,13308.62,VND
Matthew,Nguyen,mnguyeni3@vistaprint.com,Philippines,Male,San Agustin,Digitube,11408.37,PHP
Frances,Peterson,fpetersoni4@ustream.tv,Finland,Female,Haapajärvi,Oozz,26004.12,EUR
Melissa,Gomez,mgomezi5@nature.com,Brazil,Female,Armação de Búzios,Browsetype,43883.44,BRL
Jennifer,Mason,jmasoni6@typepad.com,Thailand,Female,Ban Takhun,Thoughtworks,65378.70,THB
Virginia,Morgan,vmorgani7@netvibes.com,Panama,Female,Sioguí Abajo,Divape,22911.82,PAB
Phyllis,Lee,pleei8@amazon.co.uk,Poland,Female,Rudnik,Photospace,82527.10,PLN
Justin,Lewis,jlewisi9@squidoo.com,Indonesia,Male,Palue,Brightbean,,IDR
Timothy,Morris,tmorrisia@abc.net.au,Argentina,Male,Villa Ascasubi,Trilith,60185.19,ARS
Steve,Gutierrez,sgutierrezib@google.ru,Philippines,Male,Calabaca,Buzzdog,43570.53,PHP
Dorothy,Cox,dcoxic@discovery.com,Sweden,Female,Billdal,Eimbee,79416.54,SEK
Christina,Boyd,cboydid@angelfire.com,China,Female,Yudai,Gabspot,852.77,CNY
Alice,Morrison,amorrisonie@flickr.com,Ivory Coast,Female,Danané,Dynazzy,66706.87,XOF
Angela,Harper,aharperif@rambler.ru,Mexico,Female,San Miguel,Shuffletag,42587.94,MXN
Alice,Dunn,adunnig@dedecms.com,Mauritania,Female,Tékane,Katz,,MRO
Thomas,Bryant,tbryantih@acquirethisname.com,Ukraine,Male,Nyzhnya Krynka,Abatz,11285.37,UAH
William,Coleman,wcolemanii@parallels.com,Russia,Male,Syzran’,Quamba,47336.28,RUB
Clarence,Kelley,ckelleyij@123-reg.co.uk,Indonesia,Male,Batang,Yamia,,IDR
Randy,Gray,rgrayik@google.co.uk,Indonesia,Male,Patimuan,Photolist,72432.38,IDR
Angela,Dunn,adunnil@craigslist.org,France,Female,Morez,Babbleblab,,EUR
Norma,Kelly,nkellyim@google.co.jp,Canada,Female,Les Coteaux,Jetpulse,59482.14,CAD
Andrea,Simpson,asimpsonin@ftc.gov,Macedonia,Female,Negotino,Tanoodle,92743.90,MKD
Julie,Torres,jtorresio@reuters.com,Panama,Female,San Ignacio de Tupile,Quinu,11655.13,PAB
Robert,Warren,rwarrenip@weather.com,Brazil,Male,Cristalina,Buzzshare,64903.44,BRL
Jeremy,Little,jlittleiq@cafepress.com,Japan,Male,Ōme,Thoughtbridge,55297.05,JPY
Carl,Richards,crichardsir@wikia.com,Tunisia,Male,Kebili,Voonix,90502.40,TND
Frank,Dean,fdeanis@liveinternet.ru,Indonesia,Male,Heret,Dabfeed,84655.04,IDR
Terry,Allen,tallenit@xrea.com,Ukraine,Male,Saky,Zoombox,15150.18,UAH
Nicole,Vasquez,nvasqueziu@msu.edu,Indonesia,Female,Jember,Pixonyx,77838.05,IDR
Rachel,Grant,rgrantiv@virginia.edu,Finland,Female,Lammi,Cogilith,63303.91,EUR
Richard,Cruz,rcruziw@wix.com,Indonesia,Male,Cikeper,Rhycero,60092.95,IDR
Rachel,Webb,rwebbix@bandcamp.com,France,Female,Fosses,Vimbo,12447.02,EUR
Anna,Rivera,ariveraiy@canalblog.com,Indonesia,Female,Belung Satu,Rhybox,61191.96,IDR
Ryan,Brown,rbrowniz@spiegel.de,Indonesia,Male,Merdeka,Youspan,6346.93,IDR
Charles,Carroll,ccarrollj0@chronoengine.com,China,Male,Biguo,Tambee,73310.01,CNY
Angela,Day,adayj1@photobucket.com,Japan,Female,Tatsunochō-tominaga,Ooba,1626.19,JPY
Daniel,Knight,dknightj2@marriott.com,China,Male,Guzhuyingzi,Trupe,,CNY
Scott,Harper,sharperj3@geocities.com,Indonesia,Male,Srabah,Skipfire,43810.82,IDR
Joyce,Rogers,jrogersj4@icq.com,Philippines,Female,Solsona,Tanoodle,49595.41,PHP
Aaron,Black,ablackj5@spotify.com,Indonesia,Male,Lokea,Eare,28762.43,IDR
Rachel,Mccoy,rmccoyj6@imageshack.us,Costa Rica,Female,San Juan de Dios,Zoombox,13582.84,CRC
Andrew,Harrison,aharrisonj7@sphinn.com,Peru,Male,Iberia,Centimia,93379.69,PEN
Kelly,Gutierrez,kgutierrezj8@ed.gov,China,Female,Huaping,Eadel,69813.53,CNY
Wanda,Wells,wwellsj9@senate.gov,Cambodia,Female,Battambang,Trupe,66803.39,KHR
Earl,Harris,eharrisja@usnews.com,China,Male,Huafeng,Skinte,82172.01,CNY
Antonio,Alexander,aalexanderjb@vistaprint.com,Indonesia,Male,Ubud,Meetz,65179.86,IDR
Anthony,Henry,ahenryjc@archive.org,Canada,Male,Aldergrove,Latz,32207.88,CAD
Brian,Hughes,bhughesjd@php.net,Maldives,Male,Dhidhdhoo,Realbridge,83958.15,MVR
Todd,Vasquez,tvasquezje@twitter.com,Lithuania,Male,Obeliai,Voonix,48136.42,LTL
Nancy,Carr,ncarrjf@dot.gov,South Africa,Female,Mandeni,Topicware,17702.83,ZAR
Michelle,Boyd,mboydjg@blogtalkradio.com,Japan,Female,Iwakura,Janyx,,JPY
Nicholas,Long,nlongjh@cnbc.com,Ireland,Male,Newmarket on Fergus,Dazzlesphere,25007.63,EUR
Jack,Gonzalez,jgonzalezji@instagram.com,Kazakhstan,Male,Moyynkum,Skyble,25386.41,KZT
Anthony,Hart,ahartjj@wiley.com,China,Male,Qingxi,Flashspan,39776.98,CNY
Dennis,Howell,dhowelljk@bloglovin.com,Thailand,Male,Khlong Hat,Twitterbridge,14799.97,THB
Julia,Wells,jwellsjl@ft.com,China,Female,Miyang,Mudo,57079.16,CNY
Wanda,Willis,wwillisjm@wordpress.org,Netherlands,Female,Maastricht,Leenti,,EUR
Keith,Banks,kbanksjn@dagondesign.com,Brazil,Male,Biguaçu,Tagpad,70964.06,BRL
Louis,Hanson,lhansonjo@zdnet.com,Russia,Male,Lakkha Nëvre,Edgeblab,86092.14,RUB
Shawn,Henderson,shendersonjp@webeden.co.uk,Portugal,Male,Santarém,Nlounge,52280.96,EUR
Rose,Welch,rwelchjq@sitemeter.com,Morocco,Female,Ghouazi,Fliptune,67916.55,MAD
Julie,White,jwhitejr@nps.gov,Russia,Female,Nikel’,Thoughtblab,31564.41,RUB
Kelly,Gibson,kgibsonjs@mapy.cz,Sweden,Female,Borås,Flipbug,13604.02,SEK
Joseph,Mills,jmillsjt@list-manage.com,Kyrgyzstan,Male,Kara Suu,Yodel,17359.05,KGS
Cynthia,Andrews,candrewsju@wikimedia.org,France,Female,Strasbourg,Eimbee,21772.93,EUR
Michael,Banks,mbanksjv@adobe.com,Indonesia,Male,Babakandesa,Jabberbean,17885.68,IDR
Karen,Peters,kpetersjw@bloglovin.com,Thailand,Female,Sap Yai,Meembee,,THB
Gerald,Moore,gmoorejx@rakuten.co.jp,Russia,Male,Mogzon,Jazzy,18572.75,RUB
Kathleen,Gardner,kgardnerjy@clickbank.net,Portugal,Female,Bairro dos Marinheiros,Flipstorm,,EUR
Ronald,Butler,rbutlerjz@fastcompany.com,China,Male,Guanqian,Kwimbee,,CNY
Shirley,Willis,swillisk0@sbwire.com,France,Female,Le Havre,Flashset,32857.50,EUR
Katherine,Lawson,klawsonk1@joomla.org,Russia,Female,Shchëkino,Youopia,21654.87,RUB
Jerry,Romero,jromerok2@globo.com,Malaysia,Male,Kuala Lumpur,Zoomzone,95767.69,MYR
Kelly,Ray,krayk3@imgur.com,Vietnam,Female,Quảng Ngãi,Browsedrive,78734.54,VND
Irene,Stewart,istewartk4@ucsd.edu,Argentina,Female,Villa Dolores,Skyba,29571.94,ARS
Louis,Gibson,lgibsonk5@ucla.edu,China,Male,Eshan,Trilia,10895.06,CNY
Johnny,Dixon,jdixonk6@cocolog-nifty.com,Bosnia and Herzegovina,Male,Ostrožac,Mynte,67061.02,BAM
Justin,Lane,jlanek7@statcounter.com,Portugal,Male,Fazenda de Santa Cruz,Zoomdog,,EUR
William,Davis,wdavisk8@vistaprint.com,France,Male,Issoudun,Ntag,31221.05,EUR
Shawn,Kim,skimk9@unesco.org,Palau,Male,Kayangel,Vimbo,16824.73,USD
Clarence,Owens,cowenska@engadget.com,Russia,Male,Prokhorovka,Tagtune,87932.51,RUB
Susan,Jenkins,sjenkinskb@hatena.ne.jp,Indonesia,Female,Belopa,Livetube,650.32,IDR
Lawrence,Gordon,lgordonkc@goodreads.com,Indonesia,Male,Cibeureum,Yadel,,IDR
Carlos,Reyes,creyeskd@zdnet.com,Russia,Male,Velikiy Ustyug,Twitterwire,29375.17,RUB
Jacqueline,Schmidt,jschmidtke@bigcartel.com,China,Female,Hongyanxi,Gabspot,74436.57,CNY
Bruce,Ryan,bryankf@yandex.ru,Brazil,Male,Araguari,Midel,92067.57,BRL
Robin,Henry,rhenrykg@ucoz.com,Russia,Female,Petro-Slavyanka,Oozz,50825.45,RUB
Janet,Larson,jlarsonkh@archive.org,China,Female,Xinglong,Zooxo,76522.77,CNY
Cheryl,Castillo,ccastilloki@mit.edu,France,Female,Vendargues,Babbleblab,15559.85,EUR
Gloria,Wells,gwellskj@ftc.gov,China,Female,Jiangmen,Voonix,51756.81,CNY
Timothy,Dunn,tdunnkk@google.co.jp,Indonesia,Male,Tuatuka,Realfire,,IDR
Julia,Burns,jburnskl@liveinternet.ru,Philippines,Female,Batal,Twimm,50620.64,PHP
Tina,Stewart,tstewartkm@goo.ne.jp,Brazil,Female,Lajeado,Realblab,6626.23,BRL
Anne,Butler,abutlerkn@wired.com,China,Female,Nanniu,Devpulse,85317.70,CNY
Amy,Matthews,amatthewsko@zdnet.com,Honduras,Female,Lucerna,Oyope,18877.37,HNL
Cheryl,Franklin,cfranklinkp@mayoclinic.com,Brazil,Female,Nazaré da Mata,Browsetype,46250.29,BRL
Adam,Jackson,ajacksonkq@wikimedia.org,Dominican Republic,Male,Guayabo Dulce,Gigashots,91747.18,DOP
Norma,Garza,ngarzakr@mozilla.org,Peru,Female,Huangascar,Omba,8475.53,PEN
Phyllis,Banks,pbanksks@shop-pro.jp,France,Female,Montigny-lès-Metz,Topicware,88810.50,EUR
Matthew,Montgomery,mmontgomerykt@miibeian.gov.cn,Colombia,Male,Guacarí,Fivechat,24966.63,COP
Antonio,Simmons,asimmonsku@com.com,Indonesia,Male,Dampit,Rhyloo,53289.41,IDR
Jason,Ortiz,jortizkv@google.co.uk,Russia,Male,Ramenki,Ntags,87405.85,RUB
Norma,Reynolds,nreynoldskw@salon.com,Russia,Female,Muravlenko,Kimia,,RUB
John,Reyes,jreyeskx@bloomberg.com,Argentina,Male,Córdoba,Dabtype,62800.92,ARS
Matthew,Cole,mcoleky@columbia.edu,Benin,Male,Tchaourou,Skipstorm,83470.54,XOF
Jeremy,Wagner,jwagnerkz@printfriendly.com,Indonesia,Male,Npongge,Zoomzone,48601.71,IDR
Terry,Tucker,ttuckerl0@sbwire.com,Venezuela,Male,El Limón,Devpoint,98879.58,VEF
Jose,Peters,jpetersl1@addtoany.com,Colombia,Male,Girardot,Skyndu,37879.14,COP
William,Hill,whilll2@japanpost.jp,China,Male,Gensi,Chatterpoint,,CNY
Irene,Lane,ilanel3@salon.com,Serbia,Female,Pirot,Thoughtstorm,33729.88,RSD
Russell,Bennett,rbennettl4@whitehouse.gov,Indonesia,Male,Modis,Yoveo,15213.78,IDR
Ruth,Watkins,rwatkinsl5@domainmarket.com,Philippines,Female,Maluko,Wikido,36584.21,PHP
Emily,Andrews,eandrewsl6@princeton.edu,Brazil,Female,Novo Hamburgo,Topiczoom,99084.50,BRL
Barbara,Anderson,bandersonl7@umich.edu,Honduras,Female,El Lolo,Buzzbean,76685.90,HNL
Charles,Rivera,criveral8@privacy.gov.au,Croatia,Male,Kastav,Vimbo,84489.90,HRK
Norma,Johnson,njohnsonl9@ehow.com,South Africa,Female,Mpumalanga,Buzzshare,55149.27,ZAR
Johnny,Olson,jolsonla@slashdot.org,Czech Republic,Male,Hrob,DabZ,68188.58,CZK
Terry,Simmons,tsimmonslb@spotify.com,Saudi Arabia,Male,Al Wajh,Muxo,13313.31,SAR
Betty,Evans,bevanslc@over-blog.com,Mexico,Female,San Agustin,Voonder,42105.47,MXN
Larry,Watson,lwatsonld@freewebs.com,Vietnam,Male,Năm Căn,Rhyzio,27719.64,VND
Kathleen,Franklin,kfranklinle@cyberchimps.com,Uganda,Female,Kalungu,Rooxo,21437.22,UGX
Brandon,Little,blittlelf@weebly.com,Spain,Male,Aviles,Kayveo,17221.00,EUR
Joyce,Campbell,jcampbelllg@biblegateway.com,Argentina,Female,Río Tercero,Babbleblab,,ARS
Louise,Willis,lwillislh@google.pl,Russia,Female,Chernoyerkovskaya,Skiba,33823.89,RUB
Evelyn,Lawrence,elawrenceli@biglobe.ne.jp,Bosnia and Herzegovina,Female,Janja,Tagfeed,71556.06,BAM
Deborah,Ellis,dellislj@qq.com,China,Female,Qümong,Jabbersphere,,CNY
Andrew,Daniels,adanielslk@disqus.com,Mali,Male,Niono,Jabberstorm,89499.27,XOF
Louis,Vasquez,lvasquezll@independent.co.uk,Bulgaria,Male,Mineralni Bani,Reallinks,53472.02,BGN
Janet,Gilbert,jgilbertlm@tamu.edu,China,Female,Liudong,Bluezoom,99897.94,CNY
Rebecca,Harris,rharrisln@xinhuanet.com,China,Female,Nanyue,Twimbo,50510.08,CNY
Fred,Hughes,fhugheslo@senate.gov,Indonesia,Male,Cisasak,Ainyx,,IDR
Amy,Green,agreenlp@themeforest.net,Nigeria,Female,Kumo,Twitterworks,33577.35,NGN
Martin,Ryan,mryanlq@digg.com,Belarus,Male,Konstantinovo,Jetpulse,36321.06,BYR
Thomas,Andrews,tandrewslr@youku.com,Greece,Male,Áyios Nikólaos,Livefish,94411.30,EUR
Phyllis,Rivera,priverals@ow.ly,Portugal,Female,Vila Nova de Gaia,Edgeify,74604.26,EUR
Marilyn,Carter,mcarterlt@themeforest.net,Thailand,Female,Sam Chuk,Thoughtworks,18518.18,THB
Rachel,Johnston,rjohnstonlu@zimbio.com,Brazil,Female,Lago dos Rodrigues,Thoughtblab,66651.97,BRL
Nancy,Hunt,nhuntlv@dyndns.org,Indonesia,Female,Ngantru,Meembee,6462.81,IDR
Andrew,Richards,arichardslw@theguardian.com,China,Male,Zhengcun,Jazzy,64946.92,CNY
Sean,Hunter,shunterlx@dedecms.com,France,Male,Rennes,Topicblab,8850.78,EUR
Jonathan,Snyder,jsnyderly@soundcloud.com,Finland,Male,Jurva,Kazu,59345.66,EUR
Carl,Rice,cricelz@mediafire.com,China,Male,Huiyi,Gabvine,39130.20,CNY
Edward,Garcia,egarciam0@weebly.com,United Kingdom,Male,Sutton,Blogtag,6240.87,GBP
Jose,Carpenter,jcarpenterm1@plala.or.jp,United States,Male,Charleston,Voolia,76002.99,USD
Christine,Gutierrez,cgutierrezm2@disqus.com,Indonesia,Female,Klapagading,Latz,58145.56,IDR
Diane,Young,dyoungm3@cbc.ca,China,Female,Hengjing,Gabtype,19755.37,CNY
Tina,Green,tgreenm4@multiply.com,Portugal,Female,Sebadelhe,Meevee,28157.41,EUR
Debra,Bryant,dbryantm5@tuttocitta.it,Vietnam,Female,Vân Đình,Jabbersphere,15479.39,VND
David,Boyd,dboydm6@godaddy.com,Sweden,Male,Ulricehamn,Oyoloo,,SEK
Philip,Bishop,pbishopm7@freewebs.com,Russia,Male,Volzhskiy,LiveZ,93181.16,RUB
Diane,Burton,dburtonm8@cbslocal.com,Poland,Female,Korczew,Buzzdog,17509.11,PLN
Dennis,Patterson,dpattersonm9@webeden.co.uk,Nigeria,Male,Abuja,Eamia,89775.22,NGN
Phillip,Jackson,pjacksonma@over-blog.com,Peru,Male,San Pablo,Meejo,81424.35,PEN
Shirley,Fuller,sfullermb@blog.com,Indonesia,Female,Danidehe,Oyoloo,69299.38,IDR
Tina,Clark,tclarkmc@google.es,Ukraine,Female,Fontanka,Skidoo,16354.73,UAH
Christopher,Reynolds,creynoldsmd@walmart.com,Greece,Male,Évlalo,Divanoodle,16181.68,EUR
Brenda,Scott,bscottme@nih.gov,Russia,Female,Vol’nyy Aul,Zoonder,93089.06,RUB
Ruth,Perry,rperrymf@slashdot.org,Philippines,Female,Gabi,Feedmix,98046.76,PHP
Gloria,Ryan,gryanmg@berkeley.edu,Chile,Female,Santa Cruz,Eire,99340.51,CLP
Judy,Armstrong,jarmstrongmh@prlog.org,Costa Rica,Female,San Pablo,Dazzlesphere,22592.68,CRC
Andrea,Hernandez,ahernandezmi@blogspot.com,France,Female,Lyon,Kayveo,14207.88,EUR
Kathy,Bishop,kbishopmj@mac.com,Venezuela,Female,Santa Catalina,Jabbersphere,57412.60,VEF
Patrick,Lewis,plewismk@jalbum.net,Russia,Male,Venëv,Jabbercube,11923.41,RUB
Joseph,Nelson,jnelsonml@1688.com,Russia,Male,Sukhobuzimskoye,Talane,99585.74,RUB
Julie,Mcdonald,jmcdonaldmm@youku.com,China,Female,Anjia,Zoonder,31019.03,CNY
Catherine,Chavez,cchavezmn@woothemes.com,Madagascar,Female,Alarobia,Wordify,3391.21,MGA
Irene,Fernandez,ifernandezmo@cbslocal.com,Portugal,Female,Agodim,Roomm,9892.39,EUR
Jose,Marshall,jmarshallmp@yellowpages.com,Ukraine,Male,Novyy Starodub,Jayo,76246.84,UAH
Jeremy,Cox,jcoxmq@tiny.cc,China,Male,Meijiang,Innotype,,CNY
Maria,Willis,mwillismr@bigcartel.com,France,Female,Paris 13,Jetwire,74707.51,EUR
Robert,Welch,rwelchms@slideshare.net,Peru,Male,Muqui,Quinu,49793.25,PEN
Matthew,Lawson,mlawsonmt@fema.gov,Iceland,Male,Hveragerði,Edgeclub,23978.15,ISK
Peter,Cruz,pcruzmu@goo.ne.jp,Morocco,Male,Tmourghout,Trunyx,,MAD
Diana,Medina,dmedinamv@issuu.com,Brazil,Female,Aracati,Rhynyx,80391.77,BRL
Ann,Henry,ahenrymw@berkeley.edu,United States,Female,Wilmington,Avavee,98908.64,USD
Evelyn,Foster,efostermx@nasa.gov,China,Female,Gulonggang,Wikido,89989.28,CNY
Kimberly,Ellis,kellismy@soundcloud.com,South Africa,Female,Burgersdorp,Demimbu,61725.29,ZAR
Charles,Lopez,clopezmz@is.gd,Russia,Male,Yartsevo,Twimm,,RUB
Joan,Ferguson,jfergusonn0@telegraph.co.uk,China,Female,Caoxi,Pixope,19156.62,CNY
Ruby,Holmes,rholmesn1@chron.com,Tunisia,Female,Mateur,Oyondu,75176.87,TND
Joe,Crawford,jcrawfordn2@cnbc.com,China,Male,Xiaoyang,Dazzlesphere,11941.99,CNY
Kathy,Kim,kkimn3@deviantart.com,Brazil,Female,Plácido de Castro,Jabberstorm,1747.00,BRL
Eugene,Dean,edeann4@google.com.au,Argentina,Male,San Isidro de Lules,Skibox,50313.79,ARS
Christina,Williamson,cwilliamsonn5@archive.org,Lithuania,Female,Taurage,Avavee,80095.64,LTL
Harold,Ray,hrayn6@sfgate.com,Portugal,Male,Raposeira,Youtags,54171.06,EUR
Anna,Alvarez,aalvarezn7@digg.com,Portugal,Female,Varge Mondar,Meevee,94963.53,EUR
Wanda,Andrews,wandrewsn8@psu.edu,China,Female,Dapuchaihe,Quimba,32719.55,CNY
Marilyn,Hernandez,mhernandezn9@rambler.ru,Indonesia,Female,Singabarong,Flipstorm,35427.31,IDR
Denise,Cruz,dcruzna@gravatar.com,Poland,Female,Złotniki,Devcast,78151.25,PLN
Walter,Matthews,wmatthewsnb@microsoft.com,Saudi Arabia,Male,Tanūmah,Dazzlesphere,99482.67,SAR
Wanda,Ramos,wramosnc@tamu.edu,Colombia,Female,Sabaneta,Eimbee,45322.12,COP
Louis,Griffin,lgriffinnd@ezinearticles.com,United States,Male,Houston,Quamba,37975.46,USD
Fred,Ryan,fryanne@facebook.com,United States,Male,Seattle,Muxo,7058.68,USD
Angela,Nichols,anicholsnf@hostgator.com,Philippines,Female,Getulio,Fivebridge,30260.58,PHP
Steve,Alexander,salexanderng@homestead.com,Thailand,Male,Bang Ban,Meejo,74330.09,THB
Harold,Duncan,hduncannh@state.tx.us,Colombia,Male,Milán,Zoomzone,79545.06,COP
Joseph,Daniels,jdanielsni@google.co.uk,Argentina,Male,Tandil,Kazio,95552.84,ARS
Betty,Cunningham,bcunninghamnj@pen.io,China,Female,Nanyuan,Gabspot,37100.42,CNY
Kathryn,Mason,kmasonnk@smh.com.au,China,Female,Fuyang,Zava,38244.80,CNY
Mildred,Peterson,mpetersonnl@pen.io,Brazil,Female,Bacabal,Thoughtmix,76554.99,BRL
Joseph,Tucker,jtuckernm@deviantart.com,Honduras,Male,Veracruz,Flashpoint,43273.07,HNL
Donna,Reed,dreednn@examiner.com,Philippines,Female,Bula,Teklist,70418.28,PHP
Justin,Alexander,jalexanderno@goo.gl,Portugal,Male,Palmeiros,Zoombox,71915.00,EUR
Phyllis,Hunter,phunternp@opensource.org,Morocco,Female,Aknoul,Jaxspan,22646.35,MAD
Jesse,Hamilton,jhamiltonnq@time.com,Russia,Male,Tarusa,Trupe,68929.94,RUB
Ralph,Lee,rleenr@dell.com,Russia,Male,Vsevolozhsk,Edgewire,4350.64,RUB
Beverly,Frazier,bfrazierns@sitemeter.com,Russia,Female,Golovchino,Quaxo,71115.70,RUB
Deborah,Phillips,dphillipsnt@freewebs.com,Uzbekistan,Female,Gurlan,Jaxworks,71596.95,UZS
Christopher,Murphy,cmurphynu@theguardian.com,Thailand,Male,Wat Sing,Digitube,22947.88,THB
Gregory,Payne,gpaynenv@domainmarket.com,Poland,Male,Rokitno Szlacheckie,Zazio,50966.43,PLN
Randy,Murray,rmurraynw@icio.us,Macedonia,Male,Липково,Skimia,89719.79,MKD
Bruce,Scott,bscottnx@odnoklassniki.ru,Poland,Male,Kęsowo,DabZ,52328.09,PLN
Carl,Fuller,cfullerny@nationalgeographic.com,Sudan,Male,Al Qadarif,Zoonoodle,45839.59,SDG
Earl,Gonzales,egonzalesnz@blogtalkradio.com,Bosnia and Herzegovina,Male,Velika Kladuša,Yotz,16378.48,BAM
Rachel,Larson,rlarsono0@dyndns.org,China,Female,Wolong,Wordify,37800.79,CNY
Ryan,Simpson,rsimpsono1@oracle.com,Japan,Male,Kagoshima-shi,Photospace,30770.70,JPY
Andrea,West,awesto2@qq.com,Greece,Female,Sápes,Latz,56894.06,EUR
Kelly,Nguyen,knguyeno3@amazon.co.jp,Poland,Female,Ostrów Lubelski,Jayo,49600.33,PLN
Gregory,Berry,gberryo4@digg.com,Kazakhstan,Male,Temirtau,Skipstorm,9144.09,KZT
Christina,Hunt,chunto5@github.io,Nepal,Female,Bāglung,Trilith,,NPR
Albert,Webb,awebbo6@360.cn,Japan,Male,Ōmuta,Quamba,92442.23,JPY
Ruby,Ferguson,rfergusono7@baidu.com,Indonesia,Female,Rappang,Thoughtstorm,33675.73,IDR
Antonio,Jackson,ajacksono8@php.net,Indonesia,Male,Margoyoso,Meevee,40057.48,IDR
Kathy,Gray,kgrayo9@addtoany.com,Ukraine,Female,Bilyayivka,Zoonder,60758.03,UAH
Marie,Kennedy,mkennedyoa@sciencedirect.com,Thailand,Female,Na Yong,Gabcube,12131.10,THB
Ruby,Clark,rclarkob@buzzfeed.com,Iran,Female,Āshtīān,Meejo,51060.16,IRR
Brenda,Mendoza,bmendozaoc@admin.ch,Portugal,Female,Estribeiro,Jetpulse,61825.39,EUR
Amy,Montgomery,amontgomeryod@51.la,Lebanon,Female,Tripoli,Meemm,,LBP
Emily,Burns,eburnsoe@comcast.net,China,Female,Xiangrong,Ooba,60045.02,CNY
Linda,Fields,lfieldsof@netlog.com,Indonesia,Female,Batang,Skiptube,55391.09,IDR
Nicholas,Spencer,nspencerog@51.la,Peru,Male,Huachos,Skyble,14428.65,PEN
William,Arnold,warnoldoh@weather.com,China,Male,Wenquan,Meejo,98760.52,CNY
Rebecca,Cruz,rcruzoi@wix.com,Indonesia,Female,Cikeusal,Flashpoint,2788.58,IDR
Edward,Bell,ebelloj@webmd.com,China,Male,Dengzhou,Yakidoo,71709.01,CNY
Ashley,Wagner,awagnerok@multiply.com,Indonesia,Female,Cigalontang,Dabvine,14755.10,IDR
Denise,West,dwestol@pen.io,Macedonia,Female,Ростуша,Skiba,29737.93,MKD
Janet,Dixon,jdixonom@odnoklassniki.ru,Croatia,Female,Jastrebarsko,Skyble,10691.88,HRK
Marilyn,Cruz,mcruzon@wsj.com,Canada,Female,Thetford-Mines,Demizz,,CAD
Earl,Jenkins,ejenkinsoo@wikimedia.org,China,Male,Heqiao,Jatri,40093.98,CNY
Shirley,Morales,smoralesop@creativecommons.org,Indonesia,Female,Ikar,Dablist,45234.63,IDR
Philip,Nichols,pnicholsoq@posterous.com,China,Male,Fenghuang,Eare,58695.00,CNY
Jason,Crawford,jcrawfordor@bloglines.com,Latvia,Male,Viesīte,Topiclounge,59552.21,EUR
Carol,Long,clongos@baidu.com,Pakistan,Female,Mehmand Chak,Fiveclub,38730.92,PKR
Fred,Torres,ftorresot@narod.ru,Zimbabwe,Male,Zvishavane,Jayo,48265.23,ZWL
Michael,Sullivan,msullivanou@narod.ru,Indonesia,Male,Tetebatu,Eamia,60844.03,IDR
Johnny,Flores,jfloresov@last.fm,Angola,Male,Lobito,Realblab,14296.54,AOA
Laura,Mason,lmasonow@wikispaces.com,Czech Republic,Female,Grygov,Npath,46455.47,CZK
Marie,Ferguson,mfergusonox@360.cn,China,Female,Leyuan,Demivee,8482.21,CNY
Cynthia,Harvey,charveyoy@dailymail.co.uk,Somalia,Female,Baardheere,Voonder,83822.16,SOS
Christina,Shaw,cshawoz@naver.com,China,Female,Yaodian,Mymm,42089.32,CNY
Sharon,Shaw,sshawp0@accuweather.com,Norway,Female,Oslo,Edgeblab,45425.61,NOK
Shawn,Evans,sevansp1@weebly.com,China,Male,Pianling,Twimm,59302.06,CNY
Betty,Alvarez,balvarezp2@ehow.com,Portugal,Female,Póvoa,Quimm,13146.99,EUR
Gerald,Hart,ghartp3@ucoz.com,Thailand,Male,Nong Don,Fatz,97489.28,THB
Roger,Tucker,rtuckerp4@bloglovin.com,Indonesia,Male,Mangunjaya,Fanoodle,46403.89,IDR
Jerry,Banks,jbanksp5@ihg.com,Yemen,Male,Matwaḩ,Quinu,36752.05,YER
Martha,George,mgeorgep6@unesco.org,China,Female,Henglin,Meedoo,94300.69,CNY
Margaret,Sanchez,msanchezp7@microsoft.com,Argentina,Female,Cruz Alta,Yombu,47845.99,ARS
Wanda,Mitchell,wmitchellp8@google.co.jp,United States,Female,Washington,Eazzy,50267.69,USD
Stephen,Pierce,spiercep9@timesonline.co.uk,China,Male,Jinta,Oyoba,49200.52,CNY
Jeffrey,Vasquez,jvasquezpa@ycombinator.com,Dominican Republic,Male,Hato Mayor del Rey,Oyoyo,,DOP
Jean,Watson,jwatsonpb@google.cn,Saint Lucia,Female,Laborie,Aimbu,71275.07,XCD
Keith,Chavez,kchavezpc@mapy.cz,Egypt,Male,Bilbays,Skivee,3531.88,EGP
David,Freeman,dfreemanpd@virginia.edu,China,Male,Xiache,Oozz,56322.50,CNY
Russell,Ellis,rellispe@wordpress.com,United States,Male,Augusta,Linklinks,,USD
Evelyn,Fisher,efisherpf@google.com,Belarus,Female,Horad Barysaw,Mita,44137.97,BYR
Arthur,Ward,awardpg@biglobe.ne.jp,Indonesia,Male,Morbatoh,Fadeo,85841.48,IDR
Gerald,Ellis,gellisph@wordpress.org,China,Male,Wenwucao,Pixope,68494.45,CNY
Kevin,Dunn,kdunnpi@sphinn.com,Sweden,Male,Arboga,Photojam,65132.68,SEK
Wanda,Burke,wburkepj@newsvine.com,China,Female,Qiubin,Blogpad,,CNY
Sharon,Lynch,slynchpk@hc360.com,China,Female,Huaqiao,Flipopia,56827.21,CNY
Cynthia,Reid,creidpl@sitemeter.com,Poland,Female,Czchów,Quinu,84372.06,PLN
Johnny,Owens,jowenspm@acquirethisname.com,China,Male,Oumiao,Flipopia,72811.95,CNY
Betty,Myers,bmyerspn@cyberchimps.com,Israel,Female,Dabbūrīya,Jabbersphere,99603.06,ILS
Craig,Garza,cgarzapo@mysql.com,Indonesia,Male,Angan,Kazu,42792.72,IDR
Julie,Alexander,jalexanderpp@omniture.com,China,Female,Chedao,Trupe,35700.77,CNY
Mark,Hill,mhillpq@webeden.co.uk,Nigeria,Male,Rabah,Dynazzy,42940.80,NGN
Matthew,Jordan,mjordanpr@craigslist.org,China,Male,Bacun,Wikibox,22878.77,CNY
Lois,Howell,lhowellps@oaic.gov.au,China,Female,Litian,Fivebridge,89432.76,CNY
Ralph,Edwards,redwardspt@mtv.com,North Korea,Male,Kosan,Topicblab,70247.02,KPW
Henry,Franklin,hfranklinpu@woothemes.com,Mali,Male,Yorosso,Fiveclub,96206.67,XOF
Randy,Warren,rwarrenpv@bluehost.com,Argentina,Male,Carcarañá,Zoomcast,29831.01,ARS
Brandon,Gibson,bgibsonpw@woothemes.com,Brazil,Male,Monte Alegre,Tagtune,49700.01,BRL
Laura,Chavez,lchavezpx@csmonitor.com,Indonesia,Female,Pining,Vidoo,61559.58,IDR
Helen,Howard,hhowardpy@cdc.gov,China,Female,Honglan,Thoughtbridge,72328.55,CNY
Lillian,Morrison,lmorrisonpz@lulu.com,Portugal,Female,Valado dos Frades,Skyndu,57791.71,EUR
Shawn,Vasquez,svasquezq0@google.com.hk,Uzbekistan,Male,Jomboy,Chatterpoint,379.28,UZS
Pamela,Peterson,ppetersonq1@globo.com,Russia,Female,Orichi,Buzzster,31423.40,RUB
Kevin,Pierce,kpierceq2@csmonitor.com,Russia,Male,Petushki,Ainyx,,RUB
Judith,Rose,jroseq3@senate.gov,Bhutan,Female,Tsirang,Realmix,23513.67,BTN
Michael,Lee,mleeq4@nifty.com,China,Male,Hedong,Flashspan,70548.34,CNY
Karen,Carter,kcarterq5@live.com,Finland,Female,Taavetti,Kwilith,13742.65,EUR
William,James,wjamesq6@amazon.co.uk,China,Male,Pinghu,Jabbersphere,84979.32,CNY
Samuel,Willis,swillisq7@bbb.org,China,Male,Shangyi,Yoveo,82956.42,CNY
Janet,Graham,jgrahamq8@spiegel.de,Palestinian Territory,Female,Zaytā,Tagopia,10588.55,ILS
Carlos,Wood,cwoodq9@cafepress.com,China,Male,Lanyang,Yotz,85201.21,CNY
Anthony,Lynch,alynchqa@sakura.ne.jp,Philippines,Male,San Felipe Old,Oyoloo,28835.32,PHP
Martha,James,mjamesqb@huffingtonpost.com,Poland,Female,Nowy Tomyśl,Tekfly,654.73,PLN
Elizabeth,Edwards,eedwardsqc@kickstarter.com,Syria,Female,Al Ghāriyah,Youspan,67545.83,SYP
Nicole,Webb,nwebbqd@ezinearticles.com,Micronesia,Female,Polowat,Thoughtblab,22368.36,USD
Ruby,Young,ryoungqe@wisc.edu,China,Female,Changxuanling,Kazio,22157.79,CNY
Roy,Chavez,rchavezqf@berkeley.edu,United States,Male,Dallas,Brainbox,7063.85,USD
Stephen,Lane,slaneqg@csmonitor.com,Philippines,Male,Bagacay,Photojam,25214.32,PHP
Earl,Adams,eadamsqh@youtube.com,Russia,Male,Firovo,Bubblemix,,RUB
Bruce,Miller,bmillerqi@fema.gov,Indonesia,Male,Bogorame,Babbleopia,,IDR
Matthew,Sanders,msandersqj@newyorker.com,Indonesia,Male,Kokembang,Fivechat,99690.59,IDR
Joe,Garrett,jgarrettqk@is.gd,Nigeria,Male,Aba,Zooveo,22263.30,NGN
Gregory,Hamilton,ghamiltonql@barnesandnoble.com,China,Male,Chixi,Bubbletube,53939.83,CNY
Jean,Reyes,jreyesqm@wikipedia.org,Poland,Female,Warsaw,Twitterworks,52340.05,PLN
Katherine,Brooks,kbrooksqn@geocities.jp,Indonesia,Female,Jatisari,Trunyx,,IDR
Billy,Dixon,bdixonqo@businessinsider.com,Iraq,Male,Nahiyat Ghammas,Dazzlesphere,39304.96,IQD
Anna,Gardner,agardnerqp@ihg.com,New Zealand,Female,Nelson,Flashspan,60595.05,NZD
Ryan,Ward,rwardqq@desdev.cn,China,Male,Shenglilu,Kwimbee,85753.91,CNY
Arthur,Ruiz,aruizqr@ezinearticles.com,France,Male,Voiron,Flipopia,40796.49,EUR
Bonnie,Lopez,blopezqs@lulu.com,China,Female,Fangcun,Twinte,45809.90,CNY
Rebecca,Shaw,rshawqt@github.com,United States,Female,Mobile,Bubblebox,37655.02,USD
Randy,Richardson,rrichardsonqu@thetimes.co.uk,Finland,Male,Nakkila,Flashdog,12234.45,EUR
Marilyn,Kelley,mkelleyqv@free.fr,Indonesia,Female,Bunutan,Cogibox,,IDR
Brenda,Rivera,briveraqw@indiatimes.com,Thailand,Female,Phan Thong,Skiba,90974.62,THB
Sean,Oliver,soliverqx@ebay.co.uk,Canada,Male,Grande Prairie,Buzzdog,36351.33,CAD
Joseph,Bailey,jbaileyqy@typepad.com,France,Male,Paris La Défense,Skippad,63063.44,EUR
Earl,Reyes,ereyesqz@nasa.gov,Indonesia,Male,Koatas Lao,Lajo,55423.40,IDR
Gerald,Robertson,grobertsonr0@ucsd.edu,Mexico,Male,San Miguel,Zoonder,,MXN
Rebecca,Long,rlongr1@theatlantic.com,Azerbaijan,Female,Altıağac,Wikido,35428.36,AZN
George,Rodriguez,grodriguezr2@answers.com,Brazil,Male,Goiana,Layo,9767.13,BRL
Marilyn,Bowman,mbowmanr3@cnn.com,China,Female,Nanyang,Topicware,80717.83,CNY
Daniel,Lane,dlaner4@biblegateway.com,Russia,Male,Ilek,Jatri,,RUB
Jane,Rogers,jrogersr5@msu.edu,China,Female,Weizheng,Devpoint,,CNY
Howard,Harper,hharperr6@reference.com,Ethiopia,Male,Harar,Yoveo,4515.08,ETB
Benjamin,Lee,bleer7@sogou.com,France,Male,Creil,Gabspot,17402.65,EUR
Annie,Little,alittler8@sitemeter.com,United States,Female,Greensboro,Babbleopia,15307.19,USD
Justin,Ramos,jramosr9@scientificamerican.com,Philippines,Male,Calumpit,Mybuzz,97665.86,PHP
Gary,Grant,ggrantra@360.cn,Jordan,Male,Ma'an,Thoughtmix,22448.11,JOD
Karen,Reyes,kreyesrb@photobucket.com,Netherlands,Female,Eindhoven,Dabvine,20446.66,EUR
Paula,Cole,pcolerc@tinyurl.com,Indonesia,Female,Sukadana,Oozz,64199.66,IDR
Donna,Willis,dwillisrd@theglobeandmail.com,France,Female,Lomme,Mudo,84108.55,EUR
Juan,Nichols,jnicholsre@live.com,Indonesia,Male,Jatisari,Twiyo,,IDR
Raymond,Lee,rleerf@fastcompany.com,Argentina,Male,Río Tercero,Linktype,,ARS
Mildred,Mcdonald,mmcdonaldrg@vistaprint.com,Indonesia,Female,Gayamsari,Voomm,8653.17,IDR
Carol,Johnston,cjohnstonrh@illinois.edu,Canada,Female,Aldergrove,Trudeo,11352.14,CAD
Kenneth,Perry,kperryri@hp.com,Indonesia,Male,Ketanggungan,Topiclounge,97978.85,IDR
Louise,Tucker,ltuckerrj@scribd.com,Indonesia,Female,Angan,Topicstorm,,IDR
Bruce,Brown,bbrownrk@army.mil,China,Male,Baqiao,Cogibox,17290.42,CNY
Stephen,Wells,swellsrl@bandcamp.com,China,Male,Guali,Dabshots,13379.21,CNY
Michael,Payne,mpaynerm@artisteer.com,Ivory Coast,Male,Duekoué,Fatz,78590.25,XOF
Antonio,Ford,afordrn@macromedia.com,Philippines,Male,Mangusu,Rhynyx,58267.70,PHP
Douglas,Moreno,dmorenoro@stanford.edu,Armenia,Male,Dzoraghbyur,Dazzlesphere,66198.13,AMD
Edward,Nguyen,enguyenrp@bloomberg.com,Portugal,Male,Maceda,Quatz,41937.92,EUR
Lois,Jackson,ljacksonrq@chronoengine.com,Portugal,Female,Alburitel,DabZ,75019.76,EUR
Albert,Cox,acoxrr@facebook.com,Venezuela,Male,Valera,Meetz,56330.02,VEF
