Janice,Carter,jcarter0@nifty.com,Palestinian Territory,Female,‘Anātā,Jayo,30910.31,ILS
Justin,Scott,jscott1@dailymotion.com,Indonesia,Male,Depok,Topiczoom,78840.57,IDR
Eugene,Ward,eward2@va.gov,Yemen,Male,Al Bāţinah,Realpoint,64255.79,YER
Jimmy,Ray,jray3@privacy.gov.au,China,Male,Liangshan,Thoughtbeat,61366.18,CNY
Shirley,Johnson,sjohnson4@shinystat.com,United States,Female,Austin,Feedmix,49918.61,USD
Ruby,Campbell,rcampbell5@github.io,France,Female,Marseille,Topdrive,89446.54,EUR
Rose,Lawrence,rlawrence6@freewebs.com,Madagascar,Female,Antanifotsy,Gabvine,89158.05,MGA
Justin,Kelley,jkelley7@youtube.com,Venezuela,Male,Carora,Eazzy,33850.80,VEF
Philip,Rogers,progers8@xing.com,Bosnia and Herzegovina,Male,Sokolac,Mydo,29944.04,BAM
Susan,Ray,sray9@globo.com,Colombia,Female,Maicao,Ailane,,COP
Teresa,Harris,tharrisa@drupal.org,China,Female,Huozhuangzi,Trilith,5116.71,CNY
Margaret,Morales,mmoralesb@addtoany.com,Democratic Republic of the Congo,Female,Kalemie,Voonder,28600.79,CDF
Kenneth,Ellis,kellisc@blogger.com,Ukraine,Male,Komysh-Zorya,Divanoodle,3645.36,UAH
Diana,Robertson,drobertsond@reverbnation.com,China,Female,Lhakangtang,Kazu,60056.76,CNY
Nicole,Vasquez,nvasqueze@sciencedaily.com,Bolivia,Female,Mojocoya,Livefish,65590.82,BOB
Janet,Bailey,jbaileyf@yahoo.com,Mongolia,Female,Ulaan-Ereg,Katz,,MNT
Aaron,Matthews,amatthewsg@cocolog-nifty.com,Dominica,Male,Woodford Hill,Eadel,30239.44,XCD
Melissa,Banks,mbanksh@ebay.co.uk,France,Female,Orange,InnoZ,50488.52,EUR
Kimberly,Hernandez,khernandezi@cam.ac.uk,Portugal,Female,Torres Novas,Aimbu,17291.02,EUR
Janet,Nelson,jnelsonj@vk.com,Philippines,Female,Nailong,Livetube,91357.02,PHP
Carol,Phillips,cphillipsk@blogs.com,Philippines,Female,Caronoan West,Photospace,,PHP
George,Lawson,glawsonl@blogger.com,China,Male,Jangdam,Flipstorm,83215.97,CNY
Larry,Armstrong,larmstrongm@fema.gov,Vietnam,Male,Krông Kmar,Zoomcast,79476.53,VND
Jesse,Johnson,jjohnsonn@lulu.com,Indonesia,Male,Kertosari,Skyvu,,IDR
Michelle,Williams,mwilliamso@phpbb.com,China,Female,Chongmin,Kazio,,CNY
Wanda,Sims,wsimsp@disqus.com,France,Female,Lavaur,Avaveo,31491.58,EUR
Joe,Cole,jcoleq@chicagotribune.com,China,Male,Meicheng,Yozio,13199.07,CNY
Samuel,Stone,sstoner@cnbc.com,United States,Male,Tallahassee,Photospace,8060.38,USD
Raymond,Owens,rowenss@printfriendly.com,China,Male,Xiaochi,Tagcat,22572.34,CNY
Terry,Foster,tfostert@huffingtonpost.com,China,Male,Yunmen,Wikizz,,CNY
Shawn,Stevens,sstevensu@chron.com,Macedonia,Male,Арачиново,Mycat,,MKD
Alan,Little,alittlev@sogou.com,Indonesia,Male,Tangerang,Abata,43284.69,IDR
Bobby,Ramos,bramosw@cargocollective.com,France,Male,Lyon,Podcat,51550.72,EUR
Brian,Moreno,bmorenox@archive.org,Thailand,Male,Thung Song,Wikido,74100.80,THB
Katherine,Berry,kberryy@hhs.gov,Ivory Coast,Female,Man,Topicstorm,56686.37,XOF
Earl,Carter,ecarterz@chronoengine.com,Somalia,Male,Dhuusamarreeb,Brainverse,90444.86,SOS
Richard,Stewart,rstewart10@latimes.com,China,Male,Dingdian,Realcube,7716.97,CNY
Jonathan,Montgomery,jmontgomery11@gnu.org,Sweden,Male,Helsingborg,Mudo,,SEK
Virginia,Banks,vbanks12@google.de,China,Female,Sizhou,Thoughtbeat,72776.79,CNY
Randy,Fox,rfox13@tinyurl.com,China,Male,Lufang,Twitterlist,,CNY
Kevin,Kelly,kkelly14@mysql.com,Portugal,Male,Vila Ribeiro,Ainyx,83189.41,EUR
Roger,Martinez,rmartinez15@newsvine.com,Russia,Male,Stavropol’,Vipe,35038.53,RUB
Steven,Warren,swarren16@cloudflare.com,Portugal,Male,Louriceira,Rhybox,95287.96,EUR
Janet,Peterson,jpeterson17@slate.com,Ethiopia,Female,Mēga,JumpXS,22710.04,ETB
Ernest,Henderson,ehenderson18@jalbum.net,United States,Male,Austin,Wikizz,1306.46,USD
Scott,Fields,sfields19@youtu.be,Japan,Male,Hamamatsu,Vimbo,66524.68,JPY
Bobby,Fuller,bfuller1a@wikipedia.org,Colombia,Male,Manizales,Realcube,12129.80,COP
Billy,Smith,bsmith1b@cdbaby.com,Germany,Male,Kiel,Aimbo,34200.20,EUR
Beverly,Banks,bbanks1c@archive.org,Ethiopia,Female,Fichē,Gabcube,73228.34,ETB
Nicole,Flores,nflores1d@yahoo.co.jp,China,Female,Dailing,Realbuzz,80400.43,CNY
George,Fowler,gfowler1e@meetup.com,Austria,Male,Altenberg bei Linz,Meetz,32984.41,EUR
Lillian,Watson,lwatson1f@example.com,Nigeria,Female,Rano,Fivebridge,82941.79,NGN
Susan,Carter,scarter1g@cnn.com,France,Female,Dijon,Zoomlounge,36579.91,EUR
Brian,Kelly,bkelly1h@de.vu,United States,Male,Roanoke,Topicstorm,,USD
Samuel,Hanson,shanson1i@netscape.com,Russia,Male,Yelizavetino,Tambee,43797.74,RUB
Frank,Butler,fbutler1j@artisteer.com,China,Male,Yanling,Realmix,79073.39,CNY
Lori,Weaver,lweaver1k@naver.com,Colombia,Female,Belén de Umbría,Blogpad,1417.80,COP
Michael,Dunn,mdunn1l@hatena.ne.jp,Poland,Male,Zakroczym,Skyndu,,PLN
Kevin,Powell,kpowell1m@va.gov,Russia,Male,Uzlovaya,Agivu,70893.68,RUB
Anthony,Fernandez,afernandez1n@rambler.ru,China,Male,Wenwusha,Vimbo,23019.53,CNY
Harry,Simmons,hsimmons1o@qq.com,Indonesia,Male,Banjar Teguan,Gigazoom,55789.81,IDR
Anne,Campbell,acampbell1p@multiply.com,France,Female,Fontenay-sous-Bois,Npath,36137.55,EUR
Rebecca,Austin,raustin1q@yolasite.com,United States,Female,Atlanta,Ntags,35319.85,USD
Alan,Powell,apowell1r@paginegialle.it,Malaysia,Male,Kuala Terengganu,Demimbu,36264.94,MYR
Todd,Murray,tmurray1s@multiply.com,China,Male,Liugou,Twitterworks,18480.34,CNY
Janet,Greene,jgreene1t@squarespace.com,South Africa,Female,Balfour,Leexo,8323.28,ZAR
Jesse,Hernandez,jhernandez1u@people.com.cn,China,Male,Baisha,Linkbridge,47604.12,CNY
Harry,Rose,hrose1v@gravatar.com,China,Male,Puyang,Roomm,94770.97,CNY
Rachel,Murray,rmurray1w@nps.gov,Portugal,Female,Ermelo,Linklinks,48280.94,EUR
Lois,Pierce,lpierce1x@goodreads.com,Uruguay,Female,Dolores,Rhyzio,24716.75,UYU
Billy,Rice,brice1y@army.mil,Brazil,Male,Teodoro Sampaio,Meejo,22200.25,BRL
Virginia,Nelson,vnelson1z@addthis.com,Indonesia,Female,Wotan,Eabox,73232.79,IDR
Julie,Foster,jfoster20@cargocollective.com,Russia,Female,Mesyagutovo,Topicshots,5231.45,RUB
Ruby,Hill,rhill21@ucoz.ru,China,Female,Lianzhou,Gevee,,CNY
Angela,Phillips,aphillips22@g.co,Portugal,Female,Alenquer,Gevee,66281.06,EUR
Brian,Armstrong,barmstrong23@g.co,China,Male,Tawen Aobao,Skyndu,79509.75,CNY
Raymond,Griffin,rgriffin24@themeforest.net,Sri Lanka,Male,Kotikawatta,Eimbee,10910.73,LKR
Terry,Diaz,tdiaz25@rediff.com,United States,Male,Cheyenne,Fiveclub,47828.19,USD
Alan,Nichols,anichols26@newsvine.com,Trinidad and Tobago,Male,Laventille,Gabtune,50657.59,TTD
Nicole,Gutierrez,ngutierrez27@oracle.com,Uzbekistan,Female,Qŭrghontepa,Jetwire,91274.64,UZS
Karen,Williams,kwilliams28@macromedia.com,Gabon,Female,Ndendé,BlogXS,29297.03,XAF
Ann,Carr,acarr29@miibeian.gov.cn,China,Female,Long’anqiao,Eayo,11634.08,CNY
Joe,Boyd,jboyd2a@angelfire.com,United States,Male,Akron,Zoovu,42808.21,USD
Katherine,Diaz,kdiaz2b@diigo.com,Mexico,Female,Morelos,Divavu,63588.46,MXN
Joyce,Weaver,jweaver2c@ow.ly,France,Female,Bastia,Miboo,44390.58,EUR
Christine,James,cjames2d@europa.eu,Russia,Female,Pervoural’sk,Livetube,15627.04,RUB
Douglas,Bowman,dbowman2e@paypal.com,China,Male,Gonghe,Buzzdog,,CNY
Anthony,Ray,aray2f@163.com,Yemen,Male,Banī an Nahārī,Thoughtbridge,2239.80,YER
Christina,Meyer,cmeyer2g@people.com.cn,Indonesia,Female,Tetaf,Riffpath,14615.11,IDR
Lois,Reid,lreid2h@cnet.com,Japan,Female,Nemuro,Kazio,49284.65,JPY
Chris,Ray,cray2i@gravatar.com,Poland,Male,Śniadowo,Feedmix,,PLN
Jeremy,Adams,jadams2j@devhub.com,Kyrgyzstan,Male,Bazar-Korgon,Wikizz,81737.57,KGS
Albert,Reyes,areyes2k@gmpg.org,Afghanistan,Male,Būrkah,Ailane,71947.74,AFN
Marie,Boyd,mboyd2l@mediafire.com,Indonesia,Female,Gamping Lor,Yakitri,96387.75,IDR
Ryan,Wheeler,rwheeler2m@tiny.cc,Serbia,Male,Vrbas,Avamba,,RSD
Joe,Mills,jmills2n@arizona.edu,China,Male,Yuanjue,Feedspan,6451.36,CNY
Russell,George,rgeorge2o@about.me,Czech Republic,Male,Přimda,Photofeed,5049.34,CZK
Ronald,Jenkins,rjenkins2p@wordpress.com,Botswana,Male,Mathakola,Lazzy,42931.63,BWP
Rose,Miller,rmiller2q@umn.edu,Russia,Female,Esso,Pixope,10395.21,RUB
Rebecca,Fowler,rfowler2r@google.cn,China,Female,Jiangkou,Twitterbridge,,CNY
Joseph,Fields,jfields2s@flavors.me,France,Male,Cavaillon,Flashset,8823.71,EUR
Janice,Jenkins,jjenkins2t@sohu.com,Lebanon,Female,Sidon,Kwideo,51451.30,LBP
Cheryl,Bailey,cbailey2u@joomla.org,Philippines,Female,Sumalig,Mydo,30794.65,PHP
Ronald,Griffin,rgriffin2v@examiner.com,Poland,Male,Szczurowa,Tagtune,61150.74,PLN
Wanda,Baker,wbaker2w@tiny.cc,China,Female,Dongqu,Edgewire,89020.01,CNY
Victor,Allen,vallen2x@cafepress.com,China,Male,Nanshui,Jetpulse,92355.25,CNY
Roger,Webb,rwebb2y@last.fm,Russia,Male,Sovetskoye,Mymm,93683.13,RUB
Rose,Perez,rperez2z@irs.gov,Mexico,Female,Lindavista,Jayo,54694.14,MXN
Eugene,Rivera,erivera30@zimbio.com,Paraguay,Male,Pilar,Jayo,78790.23,PYG
Sean,Reynolds,sreynolds31@mozilla.org,Cuba,Male,Cacocum,Meevee,7409.32,CUP
Barbara,Rose,brose32@soundcloud.com,Mongolia,Female,Hüremt,Buzzbean,7312.49,MNT
Keith,Long,klong33@dailymotion.com,China,Male,Huangshagang,Photofeed,25966.09,CNY
Amanda,Stephens,astephens34@skyrock.com,Brazil,Female,Nova Lima,Wikizz,21395.22,BRL
David,Price,dprice35@xing.com,Niger,Male,Maïné Soroa,Tavu,80241.14,XOF
Kevin,Harrison,kharrison36@thetimes.co.uk,Kosovo,Male,Orahovac,Oloo,94243.35,EUR
Walter,Phillips,wphillips37@adobe.com,Argentina,Male,Cañada de Gómez,Lazzy,16918.83,ARS
Roy,Riley,rriley38@constantcontact.com,Philippines,Male,Anambongan,Browsedrive,11501.64,PHP
Albert,Myers,amyers39@discovery.com,Brazil,Male,Itaberaí,Npath,41578.87,BRL
Kathy,Simpson,ksimpson3a@cisco.com,Poland,Female,Wojcieszków,Latz,76778.74,PLN
Raymond,Taylor,rtaylor3b@businesswire.com,Finland,Male,Kristinestad,Pixope,36358.63,EUR
Phyllis,Coleman,pcoleman3c@feedburner.com,China,Female,Changtian,Skiptube,30247.01,CNY
Charles,Sanchez,csanchez3d@mozilla.org,China,Male,Boketu,Blogpad,13573.64,CNY
Andrew,Washington,awashington3e@sogou.com,Philippines,Male,La Paz,Eazzy,77546.78,PHP
Sara,Vasquez,svasquez3f@nydailynews.com,Philippines,Female,Tambilil,Jazzy,53746.52,PHP
Earl,Coleman,ecoleman3g@zimbio.com,Ukraine,Male,Katyuzhanka,Shuffletag,,UAH
Lori,Butler,lbutler3h@uol.com.br,Portugal,Female,Azenhas do Mar,Buzzster,,EUR
Jessica,Kelley,jkelley3i@spotify.com,China,Female,Haibeitou,Zoombox,50033.14,CNY
Richard,Sanders,rsanders3j@google.co.jp,China,Male,Beizhuang,Avamba,26666.14,CNY
Albert,Sanders,asanders3k@wikipedia.org,China,Male,Tiaodeng,Kwimbee,39053.40,CNY
Juan,Vasquez,jvasquez3l@mail.ru,Brazil,Male,Resende,Jetwire,,BRL
Lawrence,Frazier,lfrazier3m@patch.com,Sweden,Male,Uppsala,Minyx,49807.58,SEK
Bruce,Powell,bpowell3n@cbc.ca,China,Male,Taiyigong,Meezzy,,CNY
Heather,Day,hday3o@upenn.edu,Czech Republic,Female,Luže,Roodel,80712.98,CZK
Justin,Berry,jberry3p@creativecommons.org,New Zealand,Male,Paraparaumu,Zazio,20868.47,NZD
Ashley,Tucker,atucker3q@gmpg.org,Bulgaria,Female,Sŭedinenie,Dazzlesphere,41336.12,BGN
Lawrence,Henderson,lhenderson3r@statcounter.com,Canada,Male,La Broquerie,Realcube,49408.65,CAD
William,Boyd,wboyd3s@ucla.edu,Philippines,Male,Moog,Blogtags,,PHP
David,Rivera,drivera3t@g.co,Sweden,Male,Solna,Reallinks,35807.37,SEK
Jack,Day,jday3u@weibo.com,Greece,Male,Xylaganí,Ozu,73464.63,EUR
Bruce,Wallace,bwallace3v@smugmug.com,Poland,Male,Jawornik Polski,Realcube,68240.00,PLN
Kimberly,Nichols,knichols3w@ucoz.ru,China,Female,Sanlicheng,Mynte,81485.81,CNY
Jose,Castillo,jcastillo3x@about.com,Indonesia,Male,Kukulu,Zooveo,93901.61,IDR
Jimmy,Martin,jmartin3y@liveinternet.ru,Cuba,Male,Jimaguayú,Meembee,22521.24,CUP
Helen,Young,hyoung3z@blogs.com,China,Female,Sanjiangkou,Yodo,17618.25,CNY
Howard,Mcdonald,hmcdonald40@google.cn,China,Male,Beidajie,Avavee,15802.78,CNY
Billy,Lynch,blynch41@wikimedia.org,Chile,Male,Talagante,Livefish,48281.91,CLP
Laura,Cooper,lcooper42@umn.edu,China,Female,Lunang,Linkbuzz,56068.40,CNY
Alan,Cunningham,acunningham43@360.cn,Indonesia,Male,Haunubenak,Dabtype,14665.19,IDR
Deborah,Simmons,dsimmons44@alibaba.com,Philippines,Female,Tamiso,Plambee,42733.50,PHP
Susan,Knight,sknight45@cnbc.com,Philippines,Female,Lallayug,Aimbu,1307.58,PHP
Robin,Elliott,relliott46@joomla.org,Portugal,Female,Carromeu,Gigashots,20462.12,EUR
Antonio,Johnson,ajohnson47@miitbeian.gov.cn,Indonesia,Male,Sakerta Timur,Quamba,10161.71,IDR
Gary,Collins,gcollins48@com.com,Cuba,Male,Bejucal,Twitterbridge,48936.64,CUP
Nancy,Little,nlittle49@ibm.com,Philippines,Female,Suay,Quatz,74762.39,PHP
Eric,Montgomery,emontgomery4a@ning.com,Brazil,Male,Itaocara,Mudo,47560.46,BRL
Antonio,Harper,aharper4b@jigsy.com,Indonesia,Male,Lewotukan,Twimm,7046.06,IDR
Sharon,Romero,sromero4c@businesswire.com,North Korea,Female,Sunan,Jetpulse,86701.26,KPW
Jonathan,Richardson,jrichardson4d@intel.com,Brazil,Male,Itaboraí,Demizz,,BRL
Peter,Mitchell,pmitchell4e@gmpg.org,Russia,Male,Mamedkala,Tambee,77986.18,RUB
Frank,Wells,fwells4f@mapy.cz,Indonesia,Male,Pasireurih,Linkbuzz,60959.58,IDR
Sara,Carr,scarr4g@hao123.com,China,Female,Zhexiao,Zazio,50659.70,CNY
Russell,Snyder,rsnyder4h@bigcartel.com,Indonesia,Male,Wonokerto,Kwideo,48680.22,IDR
Janice,Anderson,janderson4i@weather.com,Canada,Female,Sainte-Anne-des-Plaines,Kwideo,16787.59,CAD
Lillian,Howard,lhoward4j@t-online.de,China,Female,Zhanbei,Devcast,22850.28,CNY
Brian,Allen,ballen4k@etsy.com,Pakistan,Male,Kambar,Cogidoo,65658.68,PKR
Rebecca,Spencer,rspencer4l@netlog.com,China,Female,Jiudu,Divanoodle,47419.62,CNY
Adam,Roberts,aroberts4m@army.mil,Venezuela,Male,Santa María de Caparo,Babbleopia,67331.80,VEF
Jeremy,Miller,jmiller4n@woothemes.com,Tanzania,Male,Kibiti,Browsebug,69436.98,TZS
Samuel,Dixon,sdixon4o@lulu.com,Indonesia,Male,Ngembul,Latz,97386.32,IDR
Louise,Alexander,lalexander4p@ask.com,Norway,Female,Kongsvinger,Jabbertype,18455.73,NOK
Brian,Austin,baustin4q@aboutads.info,Indonesia,Male,Banjar Kertasari,Skimia,16259.81,IDR
Janet,Mcdonald,jmcdonald4r@devhub.com,Comoros,Female,Foumbouni,Kayveo,88265.61,KMF
Martin,Armstrong,marmstrong4s@harvard.edu,Sweden,Male,Sundbyberg,Skynoodle,87830.28,SEK
Alan,Oliver,aoliver4t@a8.net,Indonesia,Male,Citatah Kaler,Livepath,,IDR
Barbara,Bell,bbell4u@devhub.com,China,Female,Gouyan,Tazzy,16041.87,CNY
Paula,Hawkins,phawkins4v@microsoft.com,China,Female,Wulong,Shuffletag,65055.48,CNY
Denise,Banks,dbanks4w@multiply.com,Philippines,Female,Pangian,Avamm,29098.31,PHP
Adam,Bennett,abennett4x@elegantthemes.com,Ukraine,Male,Uzhhorod,Einti,3777.66,UAH
Carl,Hudson,chudson4y@mashable.com,Brazil,Male,Nazaré da Mata,Skidoo,14400.05,BRL
Mark,Carroll,mcarroll4z@etsy.com,Thailand,Male,Cho-airong,Yacero,68974.79,THB
Daniel,Garcia,dgarcia50@liveinternet.ru,United States,Male,Raleigh,Realbridge,26485.40,USD
Marilyn,Lopez,mlopez51@sohu.com,Brazil,Female,Paraíso,Skynoodle,48634.98,BRL
Norma,Matthews,nmatthews52@cnet.com,China,Female,Zhaobaoshan,Dabjam,60740.33,CNY
Alan,Wallace,awallace53@bloglines.com,Indonesia,Male,Kalde Panga,Yadel,,IDR
Ryan,Johnson,rjohnson54@hc360.com,China,Male,Hongqiao,Abatz,14870.97,CNY
Kevin,Franklin,kfranklin55@canalblog.com,Russia,Male,Annino,Jayo,78150.34,RUB
Sharon,Nguyen,snguyen56@chron.com,Brazil,Female,Santa Rita do Sapucaí,Gabvine,19640.84,BRL
Nicholas,Palmer,npalmer57@nhs.uk,Croatia,Male,Galižana,Realpoint,26994.76,HRK
Patricia,Mccoy,pmccoy58@google.nl,Canada,Female,Cap-Santé,Wikivu,46519.54,CAD
Tina,Hicks,thicks59@naver.com,Morocco,Female,Taghazout,Browseblab,74006.63,MAD
Henry,Lewis,hlewis5a@engadget.com,Nigeria,Male,Nnewi,Twimbo,87382.78,NGN
Bruce,Franklin,bfranklin5b@youku.com,Philippines,Male,Pasacao,Yakitri,72851.43,PHP
Patrick,Sims,psims5c@gizmodo.com,Indonesia,Male,Timur,Skyba,72127.96,IDR
Judith,Ramirez,jramirez5d@walmart.com,Zimbabwe,Female,Dorowa Mining Lease,Wikizz,74651.05,ZWL
Lawrence,Robinson,lrobinson5e@sourceforge.net,United States,Male,Honolulu,Tagtune,6086.44,USD
Sara,Stevens,sstevens5f@shop-pro.jp,Greece,Female,Agía Paraskeví,Gabcube,89207.25,EUR
Denise,Cox,dcox5g@technorati.com,North Korea,Female,Ayang-ni,Vipe,42549.90,KPW
Ryan,Butler,rbutler5h@w3.org,Russia,Male,Kuznechnoye,Jaloo,20365.13,RUB
Maria,Hansen,mhansen5i@privacy.gov.au,United States,Female,Atlanta,Jabbersphere,44275.69,USD
Gregory,Watson,gwatson5j@google.de,Mauritania,Male,Kaédi,Dabshots,932.35,MRO
Justin,Hughes,jhughes5k@multiply.com,Indonesia,Male,Oepula,Ainyx,96733.48,IDR
Heather,Stephens,hstephens5l@nsw.gov.au,South Korea,Female,Chinju,Yozio,,KRW
Paula,Edwards,pedwards5m@creativecommons.org,Poland,Female,Małkinia Górna,Divanoodle,97252.90,PLN
Gary,Marshall,gmarshall5n@shareasale.com,Montenegro,Male,Bar,BlogXS,,EUR
Scott,Flores,sflores5o@pbs.org,Brazil,Male,Corupá,Layo,5054.99,BRL
Raymond,Adams,radams5p@dot.gov,Afghanistan,Male,Paghmān,Myworks,67795.79,AFN
Carl,Brooks,cbrooks5q@usa.gov,Russia,Male,Shelabolikha,Voolith,26906.60,RUB
Stephanie,Hunt,shunt5r@guardian.co.uk,Poland,Female,Szczurowa,Eidel,73121.31,PLN
Carlos,Jackson,cjackson5s@dropbox.com,Poland,Male,Zarszyn,Zoonder,5061.63,PLN
Kevin,Wood,kwood5t@plala.or.jp,El Salvador,Male,San Rafael Oriente,Oodoo,71121.06,USD
Irene,Richards,irichards5u@reference.com,Reunion,Female,Saint-Denis,Skiba,88355.25,EUR
Barbara,Holmes,bholmes5v@photobucket.com,Brazil,Female,Jundiaí,Trudeo,84400.16,BRL
Elizabeth,White,ewhite5w@de.vu,France,Female,Lyon,Latz,86896.52,EUR
Nicholas,Woods,nwoods5x@macromedia.com,Lithuania,Male,Simnas,Twitterwire,93749.05,LTL
Howard,Miller,hmiller5y@earthlink.net,Indonesia,Male,Kalde Panga,Rhycero,76588.34,IDR
Frances,Stone,fstone5z@redcross.org,China,Female,Qingzhou,Meedoo,22806.72,CNY
Joan,Lewis,jlewis60@jimdo.com,Indonesia,Female,Blobo,Photobug,14340.22,IDR
Gregory,Meyer,gmeyer61@techcrunch.com,Ukraine,Male,Krinichnaya,Twitterworks,,UAH
Aaron,Lewis,alewis62@tuttocitta.it,Mauritania,Male,Aleg,Topicware,55496.95,MRO
Jean,Brown,jbrown63@salon.com,Indonesia,Female,Luar,Twiyo,50671.07,IDR
Andrea,Hayes,ahayes64@usda.gov,Poland,Female,Luzino,Izio,52058.14,PLN
David,Thompson,dthompson65@si.edu,Philippines,Male,Igcocolo,Riffpedia,5091.60,PHP
Larry,Crawford,lcrawford66@dropbox.com,Cameroon,Male,Tibati,Browsedrive,2658.77,XAF
Dorothy,Diaz,ddiaz67@umn.edu,Portugal,Female,Ribeira,Skidoo,24769.41,EUR
Katherine,Gordon,kgordon68@behance.net,Kazakhstan,Female,Taldyqorghan,Devshare,66330.37,KZT
Shawn,Banks,sbanks69@geocities.jp,Philippines,Male,Herrera,Quinu,77022.21,PHP
Kelly,Kelly,kkelly6a@dagondesign.com,Poland,Female,Babica,Blognation,10349.92,PLN
Norma,Kim,nkim6b@wordpress.org,France,Female,Arcueil,Photofeed,25248.68,EUR
Ryan,Snyder,rsnyder6c@phpbb.com,Kenya,Male,Makueni,Thoughtworks,45484.52,KES
William,Franklin,wfranklin6d@homestead.com,Poland,Male,Książki,Twitterworks,,PLN
John,Campbell,jcampbell6e@usda.gov,Serbia,Male,Rumenka,Meembee,40716.54,RSD
Norma,Berry,nberry6f@domainmarket.com,China,Female,Jingpeng,Ntags,4652.74,CNY
Mildred,Wells,mwells6g@state.tx.us,Brazil,Female,Campinas,Nlounge,23364.25,BRL
Ashley,Hunter,ahunter6h@ameblo.jp,Poland,Female,Szydłowo,Photospace,19370.01,PLN
Joshua,Thomas,jthomas6i@whitehouse.gov,Russia,Male,Zapolyarnyy,Avamba,99251.07,RUB
Jacqueline,Collins,jcollins6j@digg.com,France,Female,Toulouse,Camimbo,,EUR
Theresa,Reed,treed6k@desdev.cn,Uganda,Female,Adjumani,Vitz,41501.68,UGX
Carlos,Carter,ccarter6l@topsy.com,Poland,Male,Dębica,Youbridge,76101.89,PLN
Joe,Price,jprice6m@google.com.au,United States,Male,Birmingham,Linkbuzz,3427.86,USD
Virginia,Hamilton,vhamilton6n@vk.com,United States,Female,Bryan,Oyope,29873.16,USD
Eugene,Coleman,ecoleman6o@facebook.com,Thailand,Male,Na Di,Youspan,65217.13,THB
Willie,Harvey,wharvey6p@goo.gl,France,Male,Claye-Souilly,Trunyx,37793.72,EUR
Michael,Dean,mdean6q@eventbrite.com,China,Male,Dahuaishu,Chatterpoint,94375.09,CNY
Evelyn,Cook,ecook6r@bbc.co.uk,China,Female,Qiaodi,Bubblemix,82039.06,CNY
Adam,Mills,amills6s@washingtonpost.com,Cayman Islands,Male,East End,Zoomzone,12976.64,KYD
Gerald,Watson,gwatson6t@economist.com,Madagascar,Male,Ambatolampy,Kare,68443.31,MGA
Alice,Chapman,achapman6u@hao123.com,Peru,Female,Cusco,Minyx,94509.49,PEN
Lawrence,Hunt,lhunt6v@cocolog-nifty.com,Greece,Male,Néa Manolás,Realmix,64144.04,EUR
Kathy,Kennedy,kkennedy6w@webs.com,Ukraine,Female,Bilshivtsi,Realbuzz,96325.14,UAH
Earl,Garrett,egarrett6x@google.co.jp,Finland,Male,Rautalampi,Zoonoodle,87851.20,EUR
Philip,Anderson,panderson6y@xrea.com,Papua New Guinea,Male,Vanimo,Jetwire,78617.43,PGK
Catherine,Greene,cgreene6z@tumblr.com,China,Female,Motge,Twitterworks,54828.32,CNY
Richard,Harrison,rharrison70@nature.com,China,Male,Zhenzhushan,Digitube,89447.06,CNY
Jessica,Kelley,jkelley71@aboutads.info,Palestinian Territory,Female,Bayt Liqyā,Wikivu,39139.52,ILS
Jennifer,Coleman,jcoleman72@de.vu,Cuba,Female,Manicaragua,Skimia,38103.20,CUP
Kathryn,Black,kblack73@washington.edu,Greece,Female,Skála,Feedfish,,EUR
Samuel,Roberts,sroberts74@adobe.com,Yemen,Male,Ash Shuqayrah,Jatri,48218.54,YER
Lillian,Hunt,lhunt75@discovery.com,China,Female,Shengli,Meemm,69652.49,CNY
Joyce,Torres,jtorres76@google.ca,Poland,Female,Mosty,Yodel,5143.81,PLN
Clarence,Griffin,cgriffin77@shop-pro.jp,Lithuania,Male,Birštonas,Npath,58177.82,LTL
Tammy,Gonzalez,tgonzalez78@google.it,Portugal,Female,Porta,Feednation,56097.31,EUR
Michelle,Coleman,mcoleman79@eepurl.com,Kosovo,Female,Kamenica,Tazzy,55970.55,EUR
Annie,Moore,amoore7a@rakuten.co.jp,Pakistan,Female,Bhāi Pheru,Roomm,25888.06,PKR
Carol,Tucker,ctucker7b@dion.ne.jp,Philippines,Female,Camiling,Youspan,74604.88,PHP
Amanda,Webb,awebb7c@dmoz.org,Poland,Female,Chodzież,BlogXS,31876.22,PLN
Andrew,Watkins,awatkins7d@behance.net,Philippines,Male,Lumbangan,Quamba,14480.78,PHP
Scott,Rice,srice7e@newyorker.com,Yemen,Male,Māwiyah,Flashdog,42945.62,YER
Debra,Carter,dcarter7f@home.pl,Brazil,Female,Bertioga,Jabbertype,31907.07,BRL
Kevin,Powell,kpowell7g@squarespace.com,Guam,Male,Sinajana Village,Skippad,32981.02,USD
Christine,Harris,charris7h@storify.com,Angola,Female,Nzeto,Dabtype,96311.40,AOA
Juan,Simmons,jsimmons7i@yellowpages.com,Russia,Male,Golovchino,Quimm,74700.47,RUB
Barbara,Holmes,bholmes7j@tripod.com,Sweden,Female,Norrköping,Wikibox,54787.35,SEK
Jane,Bell,jbell7k@jiathis.com,Indonesia,Female,Tobilolong,Katz,27543.12,IDR
Linda,Franklin,lfranklin7l@admin.ch,Albania,Female,Konispol,Zooxo,82524.39,ALL
Jimmy,Mills,jmills7m@bbc.co.uk,Indonesia,Male,Gegernoong,Zooveo,97557.65,IDR
Christopher,Carroll,ccarroll7n@barnesandnoble.com,China,Male,Jiudu,Oyoloo,66161.11,CNY
Gerald,Thompson,gthompson7o@jiathis.com,Vietnam,Male,Thị Trấn Mường Khương,Flipstorm,74344.66,VND
Ralph,Torres,rtorres7p@google.com,Portugal,Male,Silgueiros,Fivebridge,31434.86,EUR
Ruby,Gardner,rgardner7q@pen.io,China,Female,Shayuan,Blogtag,,CNY
Todd,Torres,ttorres7r@theglobeandmail.com,Canada,Male,Victoriaville,Photojam,5763.30,CAD
Rachel,Vasquez,rvasquez7s@dailymotion.com,Israel,Female,Tiberias,Skipstorm,,ILS
Margaret,Gonzalez,mgonzalez7t@example.com,Philippines,Female,Villanueva,Tagtune,54807.58,PHP
Katherine,Thompson,kthompson7u@symantec.com,Indonesia,Female,Polos,Demimbu,67827.41,IDR
Heather,Gomez,hgomez7v@unesco.org,Philippines,Female,Candijay,Realmix,8004.02,PHP
Juan,Stone,jstone7w@google.es,Sweden,Male,Tomelilla,Edgepulse,12143.94,SEK
Ernest,Lawson,elawson7x@dropbox.com,Ukraine,Male,Uzhhorod,Eayo,79772.06,UAH
Jessica,Taylor,jtaylor7y@yahoo.com,Colombia,Female,Floresta,Topicblab,63243.47,COP
Edward,Burns,eburns7z@ihg.com,China,Male,Jinchang,Jaxspan,24430.68,CNY
Russell,Lane,rlane80@engadget.com,Portugal,Male,Calvário,Topicware,34262.67,EUR
Jane,Gutierrez,jgutierrez81@icq.com,China,Female,Zhongshan,Devbug,47193.22,CNY
Keith,Black,kblack82@state.tx.us,Philippines,Male,Lanas,Ntag,,PHP
Amanda,Cox,acox83@bloglines.com,Ukraine,Female,Kaniv,Browsedrive,26059.21,UAH
Philip,Montgomery,pmontgomery84@linkedin.com,Russia,Male,Nesterov,Voonyx,8992.43,RUB
Andrea,Murray,amurray85@xinhuanet.com,Indonesia,Female,Kawalimukti,Linktype,84475.83,IDR
Phyllis,Butler,pbutler86@aboutads.info,Indonesia,Female,Kekeran,Feedfire,67948.49,IDR
Randy,Nguyen,rnguyen87@behance.net,Slovenia,Male,Puconci,Kimia,56726.17,EUR
Dennis,Nelson,dnelson88@macromedia.com,China,Male,Jincheng,Gigashots,24803.72,CNY
Evelyn,Peters,epeters89@xrea.com,Malaysia,Female,Kota Kinabalu,Jaxnation,3867.89,MYR
Lois,Cruz,lcruz8a@mozilla.org,Uzbekistan,Female,Kegeyli Shahar,BlogXS,31959.00,UZS
Fred,Harrison,fharrison8b@census.gov,Macedonia,Male,Gradec,Topiczoom,44435.87,MKD
Ernest,Howell,ehowell8c@php.net,Argentina,Male,General Alvear,Wordify,81837.05,ARS
Martin,Lewis,mlewis8d@abc.net.au,Malaysia,Male,Alor Setar,Babbleblab,56814.96,MYR
Bonnie,Gibson,bgibson8e@biblegateway.com,Indonesia,Female,Waipare,Browsecat,86330.78,IDR
Lillian,Dunn,ldunn8f@cbc.ca,Brazil,Female,Correntina,Thoughtbeat,78982.49,BRL
Joe,Collins,jcollins8g@google.ca,Brazil,Male,Porto Calvo,Bubbletube,15512.48,BRL
Laura,Foster,lfoster8h@cocolog-nifty.com,Russia,Female,Sal’sk,Vimbo,66392.08,RUB
Robert,Johnston,rjohnston8i@issuu.com,China,Male,Gaogu,Kwideo,44396.31,CNY
Christina,Warren,cwarren8j@oracle.com,Russia,Female,Kortkeros,Vinder,33271.27,RUB
Julia,Lynch,jlynch8k@prweb.com,China,Female,Dayou,Minyx,38026.32,CNY
Elizabeth,Little,elittle8l@bravesites.com,China,Female,Bajiao,Kayveo,,CNY
Debra,Thompson,dthompson8m@google.co.uk,Ukraine,Female,Novomykolayivka,Voonyx,10027.63,UAH
Tina,Warren,twarren8n@comsenz.com,Japan,Female,Ōkawara,Bluezoom,20398.26,JPY
Lillian,Rice,lrice8o@flavors.me,Philippines,Female,Bagacay,Katz,6766.63,PHP
Sharon,Morales,smorales8p@ted.com,Russia,Female,Neryungri,Oloo,41921.49,RUB
Andrea,Ryan,aryan8q@shutterfly.com,China,Female,Kuidou,Bubblebox,26079.24,CNY
Judy,Rose,jrose8r@cmu.edu,Indonesia,Female,Totok,Fadeo,98386.54,IDR
Wayne,Payne,wpayne8s@bloomberg.com,Philippines,Male,Tuburan,Zoomcast,48484.38,PHP
Amanda,Hawkins,ahawkins8t@illinois.edu,Japan,Female,Ōta,Jaxnation,25669.19,JPY
Eugene,Fuller,efuller8u@google.co.jp,France,Male,Saint-Brieuc,Oyoyo,76736.08,EUR
Henry,Ross,hross8v@addthis.com,Poland,Male,Wierzchucino,Skaboo,30575.31,PLN
James,Ellis,jellis8w@si.edu,Sweden,Male,Farsta,Jaxspan,27354.88,SEK
Jessica,Gray,jgray8x@google.ca,Indonesia,Female,Loa Janan,Dabshots,71822.37,IDR
Mildred,Nichols,mnichols8y@biblegateway.com,France,Female,Vitrolles,Feedfire,45143.04,EUR
Dennis,Hawkins,dhawkins8z@wisc.edu,Russia,Male,Tyret’ Pervaya,Twitterwire,80289.54,RUB
Laura,Perkins,lperkins90@nydailynews.com,Poland,Female,Krzeszów,Innojam,55494.63,PLN
Dennis,Ward,dward91@skyrock.com,Slovenia,Male,Moste,Feednation,22711.83,EUR
Wayne,Rogers,wrogers92@dot.gov,China,Male,Fenchen,Voomm,63767.32,CNY
Kimberly,Young,kyoung93@multiply.com,China,Female,Dongda,Brainbox,22295.71,CNY
Robin,Bryant,rbryant94@barnesandnoble.com,Iraq,Female,‘Aqrah,Ainyx,38828.88,IQD
Matthew,Parker,mparker95@gov.uk,China,Male,Yangkang,Livetube,40776.21,CNY
Evelyn,Ortiz,eortiz96@ustream.tv,Czech Republic,Female,Žeravice,Gabcube,81339.29,CZK
Nicholas,Morris,nmorris97@stumbleupon.com,Indonesia,Male,Krajan Craken,Browsedrive,54111.49,IDR
Gary,Knight,gknight98@example.com,Argentina,Male,Ezeiza,Topicstorm,7332.82,ARS
Richard,Lee,rlee99@dion.ne.jp,Canada,Male,Port Colborne,Youspan,20934.11,CAD
Albert,Henderson,ahenderson9a@dailymail.co.uk,South Africa,Male,Saldanha,Yakidoo,66296.12,ZAR
Tina,Carroll,tcarroll9b@rediff.com,Sweden,Female,Lindome,Mydo,34042.13,SEK
Craig,Ramos,cramos9c@parallels.com,China,Male,Erong,Skipfire,8331.85,CNY
Jane,Burns,jburns9d@discovery.com,China,Female,Loufan,Oyoyo,47532.26,CNY
Julie,Murray,jmurray9e@w3.org,China,Female,Linxi,Kanoodle,,CNY
Louise,Coleman,lcoleman9f@ca.gov,Czech Republic,Female,Dobrá,Yacero,46663.87,CZK
Jack,Crawford,jcrawford9g@hud.gov,Yemen,Male,Ghayl Bā Wazīr,Aibox,25633.30,YER
Ralph,Wagner,rwagner9h@forbes.com,Czech Republic,Male,Solnice,Rhyloo,3297.52,CZK
Bonnie,Diaz,bdiaz9i@mapy.cz,Indonesia,Female,Cimrutu,Photospace,51931.75,IDR
Jose,Fox,jfox9j@twitter.com,Sweden,Male,Kalmar,Kwideo,69060.51,SEK
Diane,Phillips,dphillips9k@dion.ne.jp,China,Female,Shengshan,Livefish,82533.72,CNY
Sara,Taylor,staylor9l@indiatimes.com,Thailand,Female,Bueng Kan,Roomm,32538.16,THB
Julie,Watson,jwatson9m@yolasite.com,France,Female,Saint-Jean-de-Luz,Dynabox,74949.35,EUR
Jason,Sanders,jsanders9n@yelp.com,Pakistan,Male,Dhanot,Jazzy,69497.12,PKR
Teresa,Owens,towens9o@msn.com,Czech Republic,Female,Ústí nad Labem,Ooba,70742.48,CZK
Scott,Diaz,sdiaz9p@house.gov,Macedonia,Male,Пласница,Jetpulse,29844.60,MKD
Frances,Hicks,fhicks9q@desdev.cn,Philippines,Female,Bago City,Linklinks,84157.69,PHP
Antonio,Sullivan,asullivan9r@alexa.com,China,Male,Lianglin,Topiclounge,36979.74,CNY
Denise,Ward,dward9s@samsung.com,Latvia,Female,Vecpiebalga,Jaloo,42993.89,EUR
Doris,Scott,dscott9t@washingtonpost.com,Brazil,Female,Barão de Melgaço,Browseblab,50064.04,BRL
Christine,Johnson,cjohnson9u@tiny.cc,Argentina,Female,Formosa,Devify,77345.78,ARS
Robert,Elliott,relliott9v@furl.net,Madagascar,Male,Mananara,Oozz,23369.69,MGA
Virginia,Fisher,vfisher9w@mozilla.org,China,Female,Baidian,Camimbo,98580.34,CNY
Kimberly,Wheeler,kwheeler9x@webmd.com,Indonesia,Female,Kalianda,Einti,74889.92,IDR
Martin,Owens,mowens9y@ebay.com,Poland,Male,Duczki,Bluejam,51215.10,PLN
Janet,Brown,jbrown9z@reddit.com,China,Female,Jiangjiazui,Voomm,43239.95,CNY
Sharon,Richardson,srichardsona0@go.com,Morocco,Female,Sidi Smaïl,Thoughtworks,7705.18,MAD
Brandon,Russell,brussella1@hud.gov,Croatia,Male,Stari Grad,Kanoodle,94716.88,HRK
Sara,Hart,sharta2@pinterest.com,Brazil,Female,Descalvado,Gigazoom,35645.35,BRL
Linda,West,lwesta3@tamu.edu,Argentina,Female,El Carmen,Abata,67133.79,ARS
Tina,Perkins,tperkinsa4@cbc.ca,Democratic Republic of the Congo,Female,Mbuji-Mayi,Riffwire,5046.00,CDF
Alan,Howell,ahowella5@irs.gov,Azerbaijan,Male,Qusar,JumpXS,76587.98,AZN
Kenneth,Williams,kwilliamsa6@sitemeter.com,China,Male,Haolaishan,Skibox,62226.32,CNY
Laura,Martin,lmartina7@blogs.com,Russia,Female,Vilyuchinsk,Jayo,,RUB
Marie,Hernandez,mhernandeza8@gmpg.org,Panama,Female,Aguadulce,Kwilith,88793.02,PAB
Brian,Rice,bricea9@engadget.com,Russia,Male,Girey,Bluejam,,RUB
Betty,Jackson,bjacksonaa@usa.gov,Ukraine,Female,Vapnyarka,Realcube,84564.47,UAH
Ernest,Watson,ewatsonab@nature.com,Madagascar,Male,Andilamena,Bluejam,,MGA
Judith,Nichols,jnicholsac@sun.com,China,Female,Xiashitai,Cogilith,81110.61,CNY
Chris,Reyes,creyesad@163.com,China,Male,Bacheng,Eazzy,,CNY
Phillip,Wood,pwoodae@addtoany.com,Philippines,Male,Lagasit,Katz,55743.26,PHP
Walter,Mills,wmillsaf@loc.gov,China,Male,Xinhang,Thoughtstorm,58692.22,CNY
Kathryn,Riley,krileyag@oracle.com,Myanmar,Female,Pyin Oo Lwin,Mycat,71621.57,MMK
Deborah,Moreno,dmorenoah@wufoo.com,Portugal,Female,Arroteia,Babbleblab,34540.56,EUR
Diana,Harvey,dharveyai@imgur.com,Vietnam,Female,Long Hồ,Oyope,98349.01,VND
Sara,Griffin,sgriffinaj@tiny.cc,Greece,Female,Spárti,Quimm,25956.14,EUR
Mark,Parker,mparkerak@prweb.com,Sweden,Male,Eslöv,Kazio,,SEK
Joseph,Hawkins,jhawkinsal@trellian.com,Portugal,Male,Belas,Flashdog,42168.16,EUR
Christina,Sims,csimsam@businesswire.com,Russia,Female,Yekaterinovka,Oozz,14121.45,RUB
Edward,Peterson,epetersonan@ezinearticles.com,China,Male,Jinghai,Oyondu,57331.24,CNY
Steven,Morgan,smorganao@bandcamp.com,Brazil,Male,Duque de Caxias,Gigashots,59222.34,BRL
Juan,Clark,jclarkap@skyrock.com,Ukraine,Male,Korsun’-Shevchenkivs’kyy,Blogspan,54660.95,UAH
Christopher,Carpenter,ccarpenteraq@cmu.edu,Finland,Male,Oripää,Brainverse,69167.15,EUR
Gary,White,gwhitear@spiegel.de,Russia,Male,Nizhnyaya Salda,Cogidoo,77624.67,RUB
Angela,Lopez,alopezas@meetup.com,Russia,Female,Zelenograd,Agimba,60558.12,RUB
Sarah,Carroll,scarrollat@twitter.com,China,Female,Yingmaili,Twitterlist,80976.96,CNY
Norma,Gonzales,ngonzalesau@plala.or.jp,Venezuela,Female,Macapo,Rhynyx,97566.72,VEF
Irene,Stewart,istewartav@tmall.com,Greece,Female,Peristerá,Feedmix,41245.79,EUR
James,Porter,jporteraw@sohu.com,Indonesia,Male,Medan,Jaxnation,42686.22,IDR
Angela,Wallace,awallaceax@xinhuanet.com,Norway,Female,Oslo,Youtags,,NOK
Eugene,Cox,ecoxay@cnn.com,Honduras,Male,El Progreso,Thoughtbeat,,HNL
Harry,Mcdonald,hmcdonaldaz@princeton.edu,Tunisia,Male,Dawwār Tīnjah,Aimbo,2057.49,TND
Wayne,Campbell,wcampbellb0@technorati.com,Jamaica,Male,Lionel Town,Jabberstorm,49723.02,JMD
Julia,Fields,jfieldsb1@nifty.com,Sweden,Female,Uppsala,Livetube,69991.55,SEK
Rebecca,Fowler,rfowlerb2@reference.com,Philippines,Female,San Isidro,Mudo,19090.83,PHP
Justin,Carr,jcarrb3@google.co.uk,Indonesia,Male,Pekuwon,Cogilith,,IDR
Sean,Reyes,sreyesb4@nih.gov,Sweden,Male,Helsingborg,Eayo,96593.44,SEK
Diana,Franklin,dfranklinb5@ning.com,United States,Female,El Paso,Avamm,10052.00,USD
Jason,Miller,jmillerb6@paypal.com,China,Male,Henghe,Camido,61825.39,CNY
Eric,Lawson,elawsonb7@scribd.com,Panama,Male,Agua Buena,Divape,28542.63,PAB
Betty,Long,blongb8@feedburner.com,Serbia,Female,Doroslovo,Rhyloo,58456.47,RSD
Jonathan,Anderson,jandersonb9@cornell.edu,Japan,Male,Kawaguchi,Wikizz,67090.95,JPY
Joshua,Hill,jhillba@sbwire.com,Hungary,Male,Pécs,Thoughtbridge,64232.06,HUF
Jeremy,Ward,jwardbb@google.de,Argentina,Male,Monte Caseros,Blogtag,70576.24,ARS
Martin,Little,mlittlebc@state.gov,China,Male,Maojia,Fivespan,,CNY
Albert,Jones,ajonesbd@instagram.com,Indonesia,Male,Sukamantri Satu,Dynabox,97131.77,IDR
Pamela,Harper,pharperbe@nhs.uk,Jamaica,Female,Mocho,Avamm,94178.98,JMD
Janet,Evans,jevansbf@github.io,Bulgaria,Female,Medovene,Blogpad,,BGN
Margaret,Cox,mcoxbg@irs.gov,China,Female,Shimen,Kamba,63111.38,CNY
Timothy,Gomez,tgomezbh@irs.gov,Indonesia,Male,Tubuhue,Jazzy,18785.63,IDR
Christina,Johnson,cjohnsonbi@dell.com,Indonesia,Female,Krajan Selatan,Divanoodle,90782.48,IDR
Edward,Patterson,epattersonbj@umich.edu,Russia,Male,Churovichi,Youbridge,77490.08,RUB
John,Rodriguez,jrodriguezbk@pbs.org,Germany,Male,München,Rhybox,13911.64,EUR
Harry,Ellis,hellisbl@marriott.com,Colombia,Male,Fusagasuga,Topiclounge,5876.61,COP
Shawn,Washington,swashingtonbm@independent.co.uk,France,Male,Senlis,Skalith,92939.44,EUR
Wayne,Mccoy,wmccoybn@youtu.be,China,Male,Yuanlin,Buzzdog,63561.41,CNY
Todd,Stone,tstonebo@amazon.com,China,Male,Chenjiahe,Bubbletube,71551.79,CNY
Irene,Franklin,ifranklinbp@vkontakte.ru,China,Female,Si’en,Dazzlesphere,,CNY
Ernest,Meyer,emeyerbq@flavors.me,Japan,Male,Tateyama,Zava,37702.72,JPY
Catherine,Hamilton,chamiltonbr@imdb.com,Colombia,Female,Rivera,Cogibox,74826.28,COP
Richard,Hicks,rhicksbs@cocolog-nifty.com,Bulgaria,Male,Gabrovo,Twitterwire,74796.65,BGN
Wayne,Jordan,wjordanbt@4shared.com,Philippines,Male,Panalanoy,Devpoint,52117.73,PHP
Amy,Gray,agraybu@cornell.edu,China,Female,Daming,Wordify,45178.46,CNY
Jesse,Olson,jolsonbv@baidu.com,Uzbekistan,Male,Pop Shahri,Zoonoodle,2651.78,UZS
Gary,Wood,gwoodbw@nih.gov,China,Male,Baiheshan,Thoughtstorm,,CNY
Betty,Collins,bcollinsbx@github.com,China,Female,Danjiangkou,Demivee,39070.07,CNY
Jean,Thompson,jthompsonby@usgs.gov,Colombia,Female,Leticia,Babbleopia,57705.04,COP
Barbara,Stone,bstonebz@columbia.edu,Mexico,Female,Los Nogales,Yacero,15278.65,MXN
Antonio,Hansen,ahansenc0@patch.com,Ukraine,Male,Poroshkovo,Roombo,6067.84,UAH
Frank,Butler,fbutlerc1@yellowpages.com,United States,Male,Philadelphia,Babbleblab,12344.08,USD
Kathryn,Armstrong,karmstrongc2@columbia.edu,Iran,Female,Nashtā Rūd,Eazzy,39774.44,IRR
Mildred,Warren,mwarrenc3@moonfruit.com,Indonesia,Female,Berbek,Youspan,26829.93,IDR
Stephanie,Griffin,sgriffinc4@oracle.com,Sweden,Female,Borås,Livepath,83388.72,SEK
Clarence,Spencer,cspencerc5@jigsy.com,Peru,Male,Junín,Buzzster,61402.07,PEN
Dorothy,Cruz,dcruzc6@forbes.com,Philippines,Female,San Miguel,Riffpath,77620.44,PHP
Ann,Carroll,acarrollc7@senate.gov,China,Female,Shijing,Shuffletag,43114.67,CNY
Patricia,Allen,pallenc8@intel.com,China,Female,Baipenzhu,Photobug,27278.48,CNY
Christopher,Williams,cwilliamsc9@issuu.com,Thailand,Male,Pattani,Twitterbeat,92029.77,THB
Scott,Bryant,sbryantca@washington.edu,Sweden,Male,Nora,Devshare,72493.28,SEK
Jose,Hanson,jhansoncb@bluehost.com,China,Male,Taiyanghe,Vinte,95948.22,CNY
Ruby,Mitchell,rmitchellcc@google.de,Russia,Female,Pavlodol’skaya,Meedoo,37231.99,RUB
Jerry,Russell,jrussellcd@diigo.com,Azerbaijan,Male,Yelenendorf,Vitz,82855.73,AZN
Katherine,Barnes,kbarnesce@imageshack.us,Sri Lanka,Female,Hendala,Tambee,72075.34,LKR
Catherine,Hunter,chuntercf@spotify.com,Czech Republic,Female,Cheb,Digitube,11002.91,CZK
Eric,Frazier,efraziercg@histats.com,Croatia,Male,Cernik,Mita,13426.03,HRK
Justin,Fields,jfieldsch@purevolume.com,Canada,Male,Coaldale,Eabox,76189.33,CAD
Keith,Stewart,kstewartci@ca.gov,Brazil,Male,Barra do Corda,Muxo,,BRL
Jeffrey,Hill,jhillcj@stumbleupon.com,Poland,Male,Psary,Thoughtworks,51404.57,PLN
Lois,Gibson,lgibsonck@histats.com,Vietnam,Female,Gò Quao,Skinder,5344.10,VND
Jason,Patterson,jpattersoncl@hostgator.com,Czech Republic,Male,Lešná,Lazz,78802.03,CZK
Ann,Ray,araycm@wikia.com,Bulgaria,Female,Novo Selo,Blogtag,37840.75,BGN
Julie,Dean,jdeancn@gizmodo.com,Latvia,Female,Lubāna,Flashdog,18815.06,EUR
Beverly,Morgan,bmorganco@msu.edu,Nigeria,Female,Obollo-Afor,Wordtune,75139.89,NGN
Ronald,Tucker,rtuckercp@nymag.com,Philippines,Male,Roxas,Yakidoo,54688.57,PHP
Frances,Price,fpricecq@quantcast.com,Russia,Female,Velikiye Luki,Jaxworks,1192.86,RUB
Heather,Moore,hmoorecr@ocn.ne.jp,Russia,Female,Yermolino,Divape,21102.26,RUB
Marie,Fox,mfoxcs@imgur.com,Japan,Female,Kamiiso,Jabbercube,6892.02,JPY
Thomas,White,twhitect@booking.com,Mongolia,Male,Darhan,Gabtype,61295.74,MNT
Jean,Anderson,jandersoncu@sourceforge.net,France,Female,Pantin,Tanoodle,42478.93,EUR
Barbara,Roberts,brobertscv@hexun.com,China,Female,Batuan,Dabfeed,74110.82,CNY
Johnny,Crawford,jcrawfordcw@geocities.com,Philippines,Male,Tambac,Edgetag,92408.29,PHP
Carl,Morales,cmoralescx@unicef.org,Poland,Male,Kaczory,Zoomzone,2356.84,PLN
Judy,Howell,jhowellcy@mysql.com,China,Female,Xingtai,Gabspot,16025.31,CNY
Patrick,Turner,pturnercz@amazonaws.com,Afghanistan,Male,Maymana,Oyope,58094.62,AFN
Norma,Bailey,nbaileyd0@patch.com,Azerbaijan,Female,Ujar,Tagpad,47545.15,AZN
William,Thomas,wthomasd1@zimbio.com,Russia,Male,Nakhabino,Gigabox,89173.53,RUB
Wanda,Lawson,wlawsond2@cyberchimps.com,Norway,Female,Oslo,Trupe,825.03,NOK
Laura,Stewart,lstewartd3@unesco.org,Serbia,Female,Doljevac,Agimba,45313.99,RSD
Julia,Simmons,jsimmonsd4@wix.com,Australia,Female,Sydney,Jabbersphere,15722.14,AUD
David,Cruz,dcruzd5@surveymonkey.com,Sweden,Male,Kristinehamn,Avamba,25957.54,SEK
Teresa,Hill,thilld6@pbs.org,United States,Female,Midland,Tagchat,28510.85,USD
Carlos,Kelly,ckellyd7@weebly.com,Poland,Male,Gorzyce,Meevee,22169.21,PLN
Kathy,Franklin,kfranklind8@aboutads.info,China,Female,Meixian,Youspan,,CNY
Mildred,Robertson,mrobertsond9@linkedin.com,Palestinian Territory,Female,Qalqīlyah,Skibox,,ILS
Rachel,Cunningham,rcunninghamda@omniture.com,United States,Female,Indianapolis,Browsebug,40455.93,USD
Theresa,Carroll,tcarrolldb@altervista.org,China,Female,Mamu,Blogtag,32943.36,CNY
Shirley,Parker,sparkerdc@google.com,Vietnam,Female,Thị Trấn Tam Sơn,Twitterbridge,43060.91,VND
Ernest,Grant,egrantdd@arizona.edu,Poland,Male,Nozdrzec,Pixope,48173.72,PLN
Jason,Wright,jwrightde@people.com.cn,Moldova,Male,Briceni,Zoomzone,59901.27,MDL
Earl,Jackson,ejacksondf@google.it,Brazil,Male,Santa Luzia,Shufflebeat,5577.57,BRL
Earl,Hughes,ehughesdg@alexa.com,Russia,Male,Ust’-Ulagan,Skinder,93799.37,RUB
Heather,Woods,hwoodsdh@cdc.gov,Russia,Female,Il’ka,Quimba,91165.59,RUB
Virginia,Dixon,vdixondi@creativecommons.org,Russia,Female,Aromashevo,Photospace,6629.72,RUB
Tina,Wells,twellsdj@harvard.edu,Azerbaijan,Female,Amirdzhan,Pixoboo,5931.13,AZN
Karen,Mcdonald,kmcdonalddk@skype.com,Philippines,Female,Bongued,Twitterbridge,97129.57,PHP
Louise,Clark,lclarkdl@house.gov,China,Female,Huangnan,Brightbean,28370.09,CNY
Jesse,Rose,jrosedm@histats.com,Indonesia,Male,Jalupang Dua,Brightbean,13845.62,IDR
Katherine,Berry,kberrydn@symantec.com,France,Female,Le Mans,Flipopia,57798.81,EUR
Gloria,Howard,ghowarddo@histats.com,Indonesia,Female,Wadung,Quimm,23003.65,IDR
Howard,Wallace,hwallacedp@wired.com,Serbia,Male,Pirot,Midel,42691.65,RSD
Henry,Green,hgreendq@arizona.edu,Egypt,Male,Shirbīn,Gabcube,94952.38,EGP
Phyllis,Rodriguez,prodriguezdr@cbslocal.com,China,Female,Wenfu,Mydo,90135.87,CNY
Carl,Torres,ctorresds@independent.co.uk,Sweden,Male,Ljusdal,Divanoodle,1983.65,SEK
Cynthia,Adams,cadamsdt@stumbleupon.com,China,Female,Hailin,Miboo,15022.49,CNY
Stephanie,Long,slongdu@pcworld.com,Finland,Female,Ylämaa,Vidoo,23616.61,EUR
Anne,Wallace,awallacedv@163.com,Brazil,Female,Tapera,Jabbercube,51951.67,BRL
Eugene,Romero,eromerodw@plala.or.jp,Thailand,Male,Tak,InnoZ,42988.50,THB
Jeremy,Moreno,jmorenodx@weebly.com,China,Male,Nantou,Wordpedia,13814.33,CNY
Patricia,Hawkins,phawkinsdy@irs.gov,Greece,Female,Portariá,Flipbug,95043.47,EUR
Christina,Kelly,ckellydz@salon.com,Brazil,Female,Schroeder,Wikibox,80866.44,BRL
Larry,Stanley,lstanleye0@netscape.com,Yemen,Male,Ḩabābah,Gigashots,47360.72,YER
Tina,Mccoy,tmccoye1@drupal.org,United States,Female,Richmond,Gevee,98637.84,USD
Anthony,Wright,awrighte2@mapquest.com,Thailand,Male,Udon Thani,Jazzy,,THB
Amy,Ryan,aryane3@census.gov,Russia,Female,Bershet’,Trilia,11746.75,RUB
Bobby,Elliott,belliotte4@senate.gov,Serbia,Male,Stari Grad,Lazz,44576.38,RSD
Phyllis,Carter,pcartere5@ovh.net,China,Female,Hekou,Jabbersphere,82599.15,CNY
Dorothy,Gonzales,dgonzalese6@clickbank.net,China,Female,Weiguo,Lazz,88480.33,CNY
Frances,Dixon,fdixone7@goo.ne.jp,Thailand,Female,Rat Burana,Thoughtstorm,64725.06,THB
Arthur,Henderson,ahendersone8@gizmodo.com,Indonesia,Male,Bantaeng,Topiczoom,76663.49,IDR
Paula,Nichols,pnicholse9@t-online.de,China,Female,Dongxiaokou,Snaptags,26427.69,CNY
Robin,Greene,rgreeneea@uol.com.br,Philippines,Female,Concepcion,Innotype,84122.04,PHP
Tina,Hanson,thansoneb@myspace.com,Portugal,Female,Porta,Chatterpoint,91164.24,EUR
Willie,Carroll,wcarrollec@indiegogo.com,Ecuador,Male,Guayaquil,Leenti,67231.33,USD
Anne,Coleman,acolemaned@icq.com,United States,Female,Toledo,Oyope,33216.24,USD
Tammy,Green,tgreenee@vkontakte.ru,Mauritius,Female,Amaury,Browsezoom,79944.61,MUR
Carlos,Reid,creidef@ftc.gov,China,Male,Daliang,Realcube,17007.10,CNY
Roy,Nichols,rnicholseg@joomla.org,Venezuela,Male,Las Tejerías,Mudo,26456.77,VEF
Albert,Wallace,awallaceeh@wikipedia.org,Indonesia,Male,Selaawi,Buzzshare,85375.88,IDR
Denise,Berry,dberryei@vistaprint.com,Russia,Female,Orlovskiy,Pixoboo,59925.34,RUB
Donna,Welch,dwelchej@icio.us,Brazil,Female,Poções,Oyonder,,BRL
Carol,Sanchez,csanchezek@craigslist.org,China,Female,Yanjiang,Tagcat,2543.95,CNY
Clarence,Cunningham,ccunninghamel@ycombinator.com,China,Male,Daxi,InnoZ,30631.60,CNY
Raymond,Dunn,rdunnem@yahoo.co.jp,Honduras,Male,Cañaveral,Jabberbean,15468.96,HNL
Stephanie,Butler,sbutleren@xinhuanet.com,Russia,Female,Kubachi,Quinu,97895.47,RUB
Lawrence,Alvarez,lalvarezeo@dedecms.com,China,Male,Xincheng Chengguanzhen,Skimia,,CNY
Nicole,Hughes,nhughesep@nbcnews.com,Philippines,Female,San Antonio,Kwimbee,55873.93,PHP
Frank,Richardson,frichardsoneq@themeforest.net,Armenia,Male,Dzorastan,Avamm,37920.84,AMD
Evelyn,Johnston,ejohnstoner@springer.com,China,Female,Juren,Twitterwire,43325.03,CNY
Harry,Armstrong,harmstronges@whitehouse.gov,Zambia,Male,Mpulungu,Avavee,33643.10,ZMW
Sean,Wallace,swallaceet@xing.com,Lebanon,Male,El Hermel,Voonder,2147.49,LBP
Larry,Greene,lgreeneeu@seesaa.net,Poland,Male,Puck,InnoZ,98646.72,PLN
Juan,Miller,jmillerev@archive.org,Philippines,Male,Lacdayan,Vinte,7469.29,PHP
Harold,Knight,hknightew@telegraph.co.uk,United Kingdom,Male,Wootton,Blogtags,31586.23,GBP
Thomas,Brooks,tbrooksex@angelfire.com,China,Male,Zhaobei,Kazu,26149.03,CNY
Brenda,Oliver,boliverey@ameblo.jp,Ukraine,Female,Viline,Thoughtmix,11430.94,UAH
Russell,Reed,rreedez@is.gd,Netherlands,Male,Enschede,Tambee,40174.91,EUR
Judith,Jacobs,jjacobsf0@smh.com.au,United States,Female,Saint Louis,Twitterworks,77973.82,USD
Jason,Rogers,jrogersf1@hp.com,Malaysia,Male,Labuan,Jabbersphere,79155.68,MYR
Stephanie,Burke,sburkef2@nps.gov,Indonesia,Female,Blumbang,Aimbo,,IDR
Gerald,Pierce,gpiercef3@archive.org,China,Male,Zhoukou,Jayo,71688.92,CNY
Harry,Harrison,hharrisonf4@creativecommons.org,Czech Republic,Male,Kostelec nad Černými Lesy,Youtags,,CZK
David,Coleman,dcolemanf5@msu.edu,Mexico,Male,Plan de Ayala,Topicshots,48227.24,MXN
Emily,Knight,eknightf6@epa.gov,United Kingdom,Female,Church End,Riffpath,76192.90,GBP
Samuel,Adams,sadamsf7@prweb.com,Portugal,Male,Infantas,Zoovu,98595.80,EUR
Susan,Porter,sporterf8@vk.com,China,Female,Jinping,Centizu,28609.65,CNY
Christina,Ferguson,cfergusonf9@tinyurl.com,China,Female,Xi’an,Voomm,36438.14,CNY
Carl,Jones,cjonesfa@europa.eu,Nigeria,Male,Neni,Nlounge,61071.77,NGN
Jessica,Reynolds,jreynoldsfb@cmu.edu,Philippines,Female,Himaya,Yata,40985.03,PHP
Gerald,Sullivan,gsullivanfc@xinhuanet.com,Russia,Male,Sivaki,Abatz,68175.01,RUB
Bobby,Taylor,btaylorfd@linkedin.com,China,Male,Xubao,Latz,5064.22,CNY
Michelle,Ward,mwardfe@harvard.edu,China,Female,Dahuaishu,Kamba,96331.78,CNY
Louis,Austin,laustinff@imgur.com,Russia,Male,Nadvoitsy,Mycat,30584.99,RUB
Angela,Andrews,aandrewsfg@gov.uk,Portugal,Female,Altares,Devcast,,EUR
Gary,Davis,gdavisfh@jugem.jp,Serbia,Male,Rača,Jaxworks,41395.45,RSD
Jonathan,Rose,jrosefi@a8.net,Russia,Male,Psyzh,Mita,20261.02,RUB
Emily,Scott,escottfj@aol.com,France,Female,Rungis,Brightdog,27673.79,EUR
Carl,Fuller,cfullerfk@phoca.cz,Canada,Male,Adstock,Oozz,67197.84,CAD
Patricia,Ramirez,pramirezfl@posterous.com,United States,Female,Reading,Eire,56469.42,USD
Doris,Weaver,dweaverfm@house.gov,Indonesia,Female,Cisasak,Feedspan,9302.48,IDR
Frances,Banks,fbanksfn@skype.com,Indonesia,Female,Cimaung Kidul,Flashpoint,46787.37,IDR
Gregory,Dean,gdeanfo@lulu.com,Ivory Coast,Male,Bondoukou,Skiptube,54966.28,XOF
Nancy,Austin,naustinfp@techcrunch.com,Czech Republic,Female,Karolinka,Dynabox,34149.85,CZK
Maria,Martin,mmartinfq@spiegel.de,Portugal,Female,São Torcato,Eimbee,69254.82,EUR
Amanda,Nelson,anelsonfr@multiply.com,Afghanistan,Female,Farah,Feedbug,69381.93,AFN
Nancy,Clark,nclarkfs@squarespace.com,Croatia,Female,Vrbovec,Browseblab,,HRK
Mary,Watson,mwatsonft@prlog.org,Tunisia,Female,Tāklisah,Browsedrive,32702.81,TND
Bruce,Bailey,bbaileyfu@wsj.com,Uganda,Male,Margherita,Thoughtsphere,78282.32,UGX
Carol,Hawkins,chawkinsfv@engadget.com,Hungary,Female,Szeged,Yadel,,HUF
Shawn,Willis,swillisfw@hugedomains.com,China,Male,Hongsi,Kazio,58306.94,CNY
Steven,Carr,scarrfx@sun.com,Botswana,Male,Mathakola,Gabcube,,BWP
Robin,Gardner,rgardnerfy@marriott.com,Brazil,Female,Senador Canedo,JumpXS,,BRL
George,Alvarez,galvarezfz@ucla.edu,Colombia,Male,Maicao,Pixonyx,1802.45,COP
Randy,Cunningham,rcunninghamg0@feedburner.com,Indonesia,Male,Galis Dua,Jabbertype,73968.07,IDR
Fred,Phillips,fphillipsg1@google.com.br,Argentina,Male,Corzuela,Camido,7049.55,ARS
Earl,Webb,ewebbg2@wufoo.com,China,Male,Kutao,Plambee,96179.54,CNY
Ralph,Lawson,rlawsong3@plala.or.jp,Argentina,Male,Yuto,Snaptags,36428.33,ARS
Cheryl,Brown,cbrowng4@example.com,Russia,Female,Donskoy,Oba,66681.26,RUB
Nicholas,Reyes,nreyesg5@un.org,French Guiana,Male,Kourou,Dabshots,20991.47,EUR
Heather,Bowman,hbowmang6@flickr.com,Finland,Female,Noormarkku,Browsecat,17233.37,EUR
Pamela,Hansen,phanseng7@odnoklassniki.ru,Peru,Female,Buenos Aires,Leexo,22746.37,PEN
Gloria,Myers,gmyersg8@twitter.com,Greece,Female,Vokhaïkó,Realmix,,EUR
Annie,Larson,alarsong9@studiopress.com,Ukraine,Female,Chutove,Rooxo,6981.95,UAH
Carlos,Robertson,crobertsonga@ed.gov,Philippines,Male,San Isidro,Skimia,35005.35,PHP
Tina,Mccoy,tmccoygb@samsung.com,Philippines,Female,San Ricardo,Thoughtblab,76559.01,PHP
Bobby,Davis,bdavisgc@wsj.com,Sweden,Male,Haparanda,Wikizz,87114.52,SEK
Mildred,Sullivan,msullivangd@weibo.com,United States,Female,Clearwater,Fanoodle,81469.55,USD
William,Kennedy,wkennedyge@opera.com,Netherlands,Male,Almere Stad,Feedmix,28661.84,EUR
Kenneth,Stewart,kstewartgf@google.ca,Uzbekistan,Male,Charxin,Blogpad,77840.04,UZS
Rose,Young,ryounggg@adobe.com,Indonesia,Female,Gadon,Brightdog,57478.31,IDR
Teresa,Oliver,tolivergh@seattletimes.com,Indonesia,Female,Donan,Rhycero,65219.92,IDR
Janet,Richards,jrichardsgi@bbc.co.uk,Philippines,Female,Mayorga,Demivee,54098.29,PHP
Gloria,Richards,grichardsgj@stumbleupon.com,Peru,Female,Yanahuanca,Lazz,9518.67,PEN
Billy,Rodriguez,brodriguezgk@fda.gov,Poland,Male,Piotrków Trybunalski,Zoonoodle,,PLN
Gary,Perry,gperrygl@walmart.com,Uzbekistan,Male,Yangiyŭl,Midel,9948.73,UZS
Annie,Holmes,aholmesgm@taobao.com,Sweden,Female,Nacka,Zava,73080.91,SEK
Helen,Davis,hdavisgn@reddit.com,China,Female,Shaguotun,Realcube,7749.35,CNY
Lisa,Powell,lpowellgo@nba.com,China,Female,Changgai,Innotype,13612.41,CNY
Sarah,Snyder,ssnydergp@rediff.com,Slovenia,Female,Železniki,Devpoint,90791.36,EUR
Russell,Owens,rowensgq@slideshare.net,Brazil,Male,Nossa Senhora da Glória,Devbug,33464.95,BRL
Jack,Mills,jmillsgr@squarespace.com,Uzbekistan,Male,Beruniy,Ooba,2353.01,UZS
Annie,Romero,aromerogs@reddit.com,Malaysia,Female,Nusajaya,Realbuzz,67704.83,MYR
Katherine,Robinson,krobinsongt@clickbank.net,Colombia,Female,San José de La Montaña,Divavu,61983.32,COP
Frances,Burns,fburnsgu@drupal.org,China,Female,Jieshui,Yozio,,CNY
Harry,Henry,hhenrygv@ebay.co.uk,Brazil,Male,Santa Rita,Topicstorm,12962.38,BRL
Sarah,Martinez,smartinezgw@infoseek.co.jp,Ecuador,Female,Wilfrido Loor Moreira,Cogibox,16841.67,USD
Sara,Rogers,srogersgx@g.co,Brazil,Female,Duque de Caxias,Thoughtbridge,19848.14,BRL
Howard,Davis,hdavisgy@dailymail.co.uk,Portugal,Male,Bárrio,Kimia,50087.44,EUR
Marie,Dean,mdeangz@hubpages.com,Sweden,Female,Västerås,Topicware,55217.72,SEK
Martin,Morales,mmoralesh0@thetimes.co.uk,Brazil,Male,Celso Ramos,Plajo,1524.99,BRL
Henry,Ward,hwardh1@uiuc.edu,China,Male,Qiling,Kwimbee,337.30,CNY
Ruby,Hansen,rhansenh2@sciencedaily.com,Malaysia,Female,Kuantan,Topicware,53901.38,MYR
Timothy,Medina,tmedinah3@e-recht24.de,Greece,Male,Melíti,Photospace,43050.27,EUR
Jerry,Peterson,jpetersonh4@cnbc.com,Kuwait,Male,Al Aḩmadī,Voomm,58638.45,KWD
Lillian,Little,llittleh5@wordpress.org,Indonesia,Female,Guder Lao,Midel,48889.07,IDR
Charles,Frazier,cfrazierh6@eepurl.com,Mexico,Male,Lazaro Cardenas,Leenti,10400.06,MXN
Joseph,Rodriguez,jrodriguezh7@yahoo.co.jp,Czech Republic,Male,Poříčí nad Sázavou,Innotype,14112.60,CZK
Patricia,Webb,pwebbh8@opensource.org,Czech Republic,Female,Černošín,Mydo,81156.15,CZK
Chris,Lynch,clynchh9@paypal.com,Russia,Male,Makarov,Skibox,88524.13,RUB
Linda,Freeman,lfreemanha@dropbox.com,China,Female,Tongle,Chatterbridge,56858.15,CNY
Amy,Baker,abakerhb@paginegialle.it,Philippines,Female,Abilay,Blognation,75881.07,PHP
David,Ross,drosshc@devhub.com,Russia,Male,Abakan,Eazzy,28521.49,RUB
Julia,Webb,jwebbhd@nbcnews.com,Kyrgyzstan,Female,Iradan,Vitz,50615.14,KGS
Edward,Fernandez,efernandezhe@51.la,Indonesia,Male,Kotabaru,Realblab,,IDR
Kenneth,Burton,kburtonhf@tamu.edu,Uruguay,Male,Pan de Azúcar,Meezzy,74306.27,UYU
Shirley,Hughes,shugheshg@foxnews.com,Egypt,Female,Ashmūn,Linktype,86083.83,EGP
Michelle,Palmer,mpalmerhh@quantcast.com,Poland,Female,Tuchów,Divape,34710.44,PLN
Daniel,Simmons,dsimmonshi@youtube.com,Indonesia,Male,Kebonkalapa,Youbridge,91998.95,IDR
Carl,Reid,creidhj@about.com,Slovenia,Male,Trzin,Jaxnation,55435.61,EUR
Norma,Willis,nwillishk@ted.com,Russia,Female,Zyuzino,Katz,67280.77,RUB
Benjamin,Rodriguez,brodriguezhl@wikipedia.org,Palau,Male,Koror Town,Rhynoodle,92746.61,USD
Christopher,Gutierrez,cgutierrezhm@naver.com,China,Male,Kalpin,Jaloo,92259.27,CNY
Roy,Larson,rlarsonhn@adobe.com,Guadeloupe,Male,Pointe-à-Pitre,Fliptune,8790.22,EUR
Jose,Warren,jwarrenho@illinois.edu,Russia,Male,Kholbon,Rhycero,48313.59,RUB
Jason,Butler,jbutlerhp@ca.gov,Brazil,Male,Foz do Iguaçu,Kanoodle,,BRL
Sara,Perry,sperryhq@nytimes.com,Macedonia,Female,Demir Hisar,Kwinu,37436.77,MKD
Richard,Medina,rmedinahr@latimes.com,Finland,Male,Puolanka,Skinte,15049.39,EUR
Elizabeth,Fuller,efullerhs@phpbb.com,Portugal,Female,Terra Chã,Latz,6765.03,EUR
Dorothy,Martinez,dmartinezht@wiley.com,Indonesia,Female,Hantara,Eayo,7688.13,IDR
Barbara,Bennett,bbennetthu@ehow.com,China,Female,Gongming,Skilith,66593.54,CNY
Raymond,Griffin,rgriffinhv@prweb.com,Greece,Male,Goúvai,Wikizz,663.52,EUR
Christopher,Bishop,cbishophw@alexa.com,Finland,Male,Haapajärvi,Yabox,43833.51,EUR
Melissa,Rivera,mriverahx@amazon.de,Sweden,Female,Storvik,Edgeclub,31364.18,SEK
Beverly,Gardner,bgardnerhy@census.gov,China,Female,Linjiang,Wikibox,29047.75,CNY
Lori,Cole,lcolehz@rakuten.co.jp,Mexico,Female,San Miguel,Pixoboo,79957.37,MXN
Tina,George,tgeorgei0@answers.com,Cuba,Female,Regla,Babbleblab,5631.26,CUP
Jesse,Boyd,jboydi1@slideshare.net,Russia,Male,Strogino,Flashpoint,9481.04,RUB
Angela,Patterson,apattersoni2@pcworld.com,United Arab Emirates,Female,Al Ain,Jaxspan,3866.90,AED
Paula,Gray,pgrayi3@baidu.com,China,Female,Luokeng,Mydo,78946.79,CNY
Jason,Gonzalez,jgonzalezi4@networksolutions.com,Ireland,Male,Carrigtwohill,Skinix,7740.76,EUR
Aaron,Powell,apowelli5@dyndns.org,Canada,Male,Lachute,BlogXS,17712.58,CAD
Judith,Knight,jknighti6@dedecms.com,China,Female,Zhonggang,Browsetype,,CNY
Rose,Ward,rwardi7@seattletimes.com,Philippines,Female,Santa Teresa First,Brainlounge,91274.21,PHP
Bonnie,Watson,bwatsoni8@census.gov,Sweden,Female,Täby,Skipfire,,SEK
Catherine,Adams,cadamsi9@technorati.com,Czech Republic,Female,Skuhrov nad Bělou,Leexo,55510.91,CZK
Janet,Rodriguez,jrodriguezia@ted.com,Philippines,Female,Malaga,Demizz,80785.40,PHP
Lillian,Gonzalez,lgonzalezib@europa.eu,Thailand,Female,Pattani,Oloo,93022.23,THB
Nicholas,Mills,nmillsic@infoseek.co.jp,Brazil,Male,Rio Branco do Sul,Plambee,99159.96,BRL
Katherine,Harrison,kharrisonid@imgur.com,Russia,Female,Shchëkino,Fivechat,15907.71,RUB
Maria,Watson,mwatsonie@tamu.edu,China,Female,Dalang,Quaxo,31176.56,CNY
Matthew,Kennedy,mkennedyif@webmd.com,Ukraine,Male,Savyntsi,Avavee,32190.38,UAH
Mildred,Garcia,mgarciaig@mapquest.com,Uruguay,Female,Santiago Vázquez,Digitube,58575.82,UYU
Melissa,Bennett,mbennettih@go.com,Tajikistan,Female,Neftobod,Buzzbean,68559.15,TJS
Barbara,King,bkingii@trellian.com,Egypt,Female,Ashmūn,Rhycero,,EGP
Heather,Armstrong,harmstrongij@4shared.com,China,Female,Shanggan,Blogpad,83113.37,CNY
Ryan,Turner,rturnerik@vistaprint.com,Indonesia,Male,Waimangura,Skaboo,24021.63,IDR
Irene,Henderson,ihendersonil@behance.net,Kazakhstan,Female,Ekibastuz,Voomm,8761.29,KZT
Susan,Rice,sriceim@google.co.jp,France,Female,Saint-Étienne,Yakijo,94400.03,EUR
Wayne,Crawford,wcrawfordin@github.com,China,Male,Jiaqiao,Brainbox,61575.60,CNY
Heather,Hart,hhartio@ihg.com,Indonesia,Female,Kowang Utara,Oodoo,18422.27,IDR
Jose,Nelson,jnelsonip@newyorker.com,Cuba,Male,Santo Domingo,Fivebridge,94500.20,CUP
Janet,Ortiz,jortiziq@usa.gov,Greece,Female,Varnávas,Vidoo,4302.26,EUR
Diana,Anderson,dandersonir@columbia.edu,Argentina,Female,San Antonio Oeste,Cogibox,42983.94,ARS
Donald,Stewart,dstewartis@wikispaces.com,China,Male,Yanwan,Skinder,,CNY
Stephen,Martin,smartinit@xinhuanet.com,Czech Republic,Male,Mirošov,Chatterbridge,65176.68,CZK
Angela,Meyer,ameyeriu@sakura.ne.jp,Indonesia,Female,Riung,Jaloo,19790.39,IDR
Russell,Daniels,rdanielsiv@bluehost.com,Canada,Male,Fox Creek,Wikivu,7859.22,CAD
John,Owens,jowensiw@wikipedia.org,Russia,Male,Orekhovo-Zuyevo,Roodel,38773.87,RUB
Andrew,Chapman,achapmanix@theatlantic.com,Spain,Male,Cadiz,Roombo,92551.75,EUR
Walter,Dean,wdeaniy@google.com,Thailand,Male,Bang Rakam,Fivechat,8247.53,THB
Michael,Ferguson,mfergusoniz@pbs.org,Sweden,Male,Luleå,Youspan,51048.05,SEK
Anna,Matthews,amatthewsj0@ezinearticles.com,China,Female,Cishan,Vidoo,70038.37,CNY
Kevin,Carpenter,kcarpenterj1@acquirethisname.com,United States,Male,Minneapolis,Photolist,58243.55,USD
Terry,Fernandez,tfernandezj2@xinhuanet.com,Czech Republic,Male,Kvasice,Wordpedia,,CZK
Nancy,Harris,nharrisj3@slideshare.net,Ukraine,Female,Zaliztsi,Fivechat,30106.76,UAH
Nancy,Jenkins,njenkinsj4@shareasale.com,Uruguay,Female,Dolores,Voonyx,,UYU
Kimberly,Meyer,kmeyerj5@blog.com,Libya,Female,Mişrātah,Mydo,38354.32,LYD
Betty,Mills,bmillsj6@imageshack.us,Colombia,Female,La Estrella,Oyoyo,28455.62,COP
Samuel,Brown,sbrownj7@mail.ru,Japan,Male,Shimonoseki,Kamba,99874.41,JPY
Ernest,Knight,eknightj8@washington.edu,Czech Republic,Male,Fryčovice,Buzzbean,,CZK
Anna,Foster,afosterj9@bloglines.com,Slovenia,Female,Pesnica pri Mariboru,Gigaclub,75984.75,EUR
Timothy,Austin,taustinja@newyorker.com,Philippines,Male,Mapaniqui,Meetz,,PHP
Gary,Watson,gwatsonjb@networkadvertising.org,Japan,Male,Kameoka,Oba,975.73,JPY
Brenda,Meyer,bmeyerjc@ebay.com,Macedonia,Female,Kavadarci,Photojam,99303.60,MKD
Cheryl,Mason,cmasonjd@spotify.com,Venezuela,Female,Maturín,Voonyx,45579.32,VEF
Donald,Gordon,dgordonje@mapy.cz,Peru,Male,Pujocucho,Edgepulse,94607.43,PEN
Mary,Williams,mwilliamsjf@bbb.org,Russia,Female,Romanovskaya,Jayo,40971.35,RUB
James,Chapman,jchapmanjg@so-net.ne.jp,Nigeria,Male,Makurdi,Linklinks,30650.00,NGN
Thomas,Gutierrez,tgutierrezjh@weather.com,Russia,Male,Siverskiy,Vinder,9689.80,RUB
Peter,Webb,pwebbji@jugem.jp,Uganda,Male,Mayuge,Rhynyx,66514.89,UGX
Jason,Day,jdayjj@msn.com,China,Male,Yueyang,Devbug,56918.84,CNY
Howard,Porter,hporterjk@wired.com,Indonesia,Male,Puubheto,Shufflester,5657.89,IDR
Helen,Rodriguez,hrodriguezjl@tinypic.com,Kazakhstan,Female,Pavlodar,Trudoo,66214.11,KZT
Jean,Watson,jwatsonjm@timesonline.co.uk,Indonesia,Female,Ciangir,Gevee,86833.31,IDR
Gary,Lawrence,glawrencejn@sfgate.com,China,Male,Sanyang,Livetube,53273.34,CNY
Martha,Martinez,mmartinezjo@cornell.edu,Indonesia,Female,Juranalas,Yodoo,6350.82,IDR
Tina,Lynch,tlynchjp@cyberchimps.com,Poland,Female,Jemielno,Yacero,64871.31,PLN
Jeffrey,Garcia,jgarciajq@skype.com,South Korea,Male,Cheongsong gun,Midel,74876.54,KRW
Janice,Ross,jrossjr@europa.eu,Portugal,Female,Aviúges,Browsebug,60983.75,EUR
Peter,Vasquez,pvasquezjs@reuters.com,China,Male,Changleng,Plajo,62405.88,CNY
Kathryn,Price,kpricejt@nba.com,Russia,Female,Novo-Nikol’skoye,Jayo,50643.00,RUB
Frances,Adams,fadamsju@homestead.com,China,Female,Xinyang,Skyble,24887.56,CNY
Annie,Carpenter,acarpenterjv@artisteer.com,United States,Female,Wilkes Barre,Kayveo,76933.47,USD
Douglas,Anderson,dandersonjw@gnu.org,Georgia,Male,Adigeni,Bluejam,,GEL
Paul,Hill,philljx@digg.com,Indonesia,Male,Kudang,Wordtune,,IDR
Julia,Reed,jreedjy@salon.com,United States,Female,Miami,Npath,90176.69,USD
Mildred,Price,mpricejz@imgur.com,Ukraine,Female,Zhashkiv,Jaxnation,99802.35,UAH
Elizabeth,Dixon,edixonk0@hatena.ne.jp,Malaysia,Female,Kuantan,Miboo,71349.38,MYR
Janet,Reynolds,jreynoldsk1@examiner.com,Mongolia,Female,Bayanhongor,Yamia,78219.83,MNT
Kathryn,Berry,kberryk2@prweb.com,Colombia,Female,Albania,Gabtune,35137.52,COP
Alice,Bryant,abryantk3@guardian.co.uk,China,Female,Duobagou,Aivee,8360.35,CNY
Ryan,Robinson,rrobinsonk4@abc.net.au,China,Male,Lijiaxiang,Buzzshare,4888.64,CNY
Sharon,Johnston,sjohnstonk5@jigsy.com,Sweden,Female,Umeå,Jazzy,,SEK
Jacqueline,Baker,jbakerk6@storify.com,Vietnam,Female,Thị Trấn Lâm,Tagchat,99159.35,VND
Ruby,Harrison,rharrisonk7@ed.gov,Portugal,Female,Casal,Devify,46355.70,EUR
Raymond,Burns,rburnsk8@archive.org,Indonesia,Male,Karangpeton,Demivee,27780.24,IDR
Denise,Butler,dbutlerk9@reuters.com,Philippines,Female,Estefania,Flashspan,,PHP
Jeremy,Sanchez,jsanchezka@liveinternet.ru,France,Male,Strasbourg,Wordware,50035.31,EUR
Kimberly,Hart,khartkb@chron.com,Djibouti,Female,Ḏânan,Youbridge,24647.16,DJF
Janet,Taylor,jtaylorkc@diigo.com,Philippines,Female,Dulangan,Buzzster,,PHP
Juan,Sims,jsimskd@wiley.com,Philippines,Male,Sibulan,Fiveclub,15657.62,PHP
Eugene,Carroll,ecarrollke@cmu.edu,Mongolia,Male,Mayhan,Centidel,90599.03,MNT
Gary,Wood,gwoodkf@msu.edu,China,Male,Hejiadong,Browsebug,46933.17,CNY
Betty,Webb,bwebbkg@ihg.com,Colombia,Female,Chiquinquirá,Lajo,78831.62,COP
Carlos,Simpson,csimpsonkh@chron.com,Bulgaria,Male,Opaka,Ailane,41840.51,BGN
Sarah,Greene,sgreeneki@parallels.com,Bosnia and Herzegovina,Female,Popovi,Zoomlounge,16062.10,BAM
Larry,Campbell,lcampbellkj@t-online.de,Japan,Male,Mihara,Voomm,,JPY
Steven,Martin,smartinkk@biglobe.ne.jp,Colombia,Male,Galán,Skinte,75764.17,COP
Jimmy,Mills,jmillskl@alexa.com,Australia,Male,Perth,Mynte,31109.27,AUD
Carl,Olson,colsonkm@addthis.com,Czech Republic,Male,Řečany nad Labem,Wordpedia,26612.59,CZK
Mark,Boyd,mboydkn@icq.com,China,Male,Nanshi,Twinder,84480.73,CNY
Elizabeth,Edwards,eedwardsko@tinyurl.com,Czech Republic,Female,Lubenec,Rooxo,,CZK
Mildred,Stephens,mstephenskp@washington.edu,Russia,Female,Nesterov,Eadel,11101.26,RUB
George,Smith,gsmithkq@icq.com,France,Male,Rungis,Leexo,51291.92,EUR
Billy,Lopez,blopezkr@quantcast.com,Poland,Male,Regulice,Trunyx,33064.80,PLN
Jane,Cole,jcoleks@uiuc.edu,Peru,Female,Matahuasi,Innotype,,PEN
Elizabeth,Collins,ecollinskt@wikipedia.org,France,Female,Bobigny,Realcube,81885.71,EUR
Sandra,Edwards,sedwardsku@devhub.com,Russia,Female,Vakhtan,Buzzdog,29789.15,RUB
Samuel,Ferguson,sfergusonkv@china.com.cn,France,Male,Carcassonne,Thoughtworks,,EUR
Peter,Hill,phillkw@e-recht24.de,Uzbekistan,Male,Quvasoy,Realfire,36535.85,UZS
Steven,Thomas,sthomaskx@barnesandnoble.com,Vietnam,Male,Kỳ Anh,Mybuzz,14602.14,VND
Sharon,Cruz,scruzky@constantcontact.com,China,Female,Hecun,Yadel,48968.56,CNY
Chris,Cooper,ccooperkz@wufoo.com,Barbados,Male,Bridgetown,Yozio,,BBD
Russell,Palmer,rpalmerl0@dagondesign.com,Indonesia,Male,Cibingbin,Oyonder,47548.45,IDR
Heather,Lynch,hlynchl1@flickr.com,Mexico,Female,Guadalupe,Twiyo,15218.28,MXN
Jean,Miller,jmillerl2@omniture.com,Indonesia,Female,Mersam,Bluejam,39130.05,IDR
Lisa,Turner,lturnerl3@psu.edu,China,Female,Sipeng,Youspan,55232.37,CNY
Victor,Hicks,vhicksl4@trellian.com,Venezuela,Male,San Fernando Apure,Skibox,1711.01,VEF
Katherine,Hughes,khughesl5@netscape.com,Poland,Female,Borucin,Edgeify,54171.50,PLN
Patricia,Lynch,plynchl6@naver.com,Iceland,Female,Hafnarfjörður,Mudo,41838.31,ISK
Rachel,Henderson,rhendersonl7@taobao.com,Greece,Female,Míthymna,Janyx,47166.38,EUR
Pamela,Washington,pwashingtonl8@netscape.com,Panama,Female,El Quiteño,Tazz,32738.95,PAB
Janet,Graham,jgrahaml9@disqus.com,China,Female,Dongda,Feedspan,31135.31,CNY
Walter,Weaver,wweaverla@bbc.co.uk,Indonesia,Male,Curahnongko,Yacero,53228.46,IDR
Lois,Duncan,lduncanlb@umn.edu,Ukraine,Female,Horlivka,Shufflebeat,,UAH
Alan,Crawford,acrawfordlc@cmu.edu,Philippines,Male,Romblon,Youspan,73276.86,PHP
Debra,Lynch,dlynchld@amazonaws.com,Portugal,Female,Covas,Kwideo,32406.94,EUR
Ernest,Vasquez,evasquezle@issuu.com,China,Male,Xishaqiao,Avamm,65329.11,CNY
Earl,Bryant,ebryantlf@techcrunch.com,Ukraine,Male,Slavuta,Centidel,77125.35,UAH
Thomas,Alvarez,talvarezlg@altervista.org,Brazil,Male,Jarinu,Tagpad,,BRL
Ernest,Cooper,ecooperlh@wikimedia.org,Sweden,Male,Arboga,Skivee,89444.05,SEK
Tammy,Lynch,tlynchli@ted.com,Indonesia,Female,Sumberejo,Thoughtstorm,62301.54,IDR
Benjamin,Robertson,brobertsonlj@unc.edu,Poland,Male,Wielki Kack,Plambee,54899.39,PLN
Shirley,Wallace,swallacelk@ibm.com,Israel,Female,Azor,Fliptune,73045.27,ILS
Melissa,Hansen,mhansenll@webeden.co.uk,Japan,Female,Itako,Photofeed,,JPY
Mark,Ellis,mellislm@sourceforge.net,Canada,Male,Vaudreuil-Dorion,Skinte,95547.52,CAD
Christine,Bowman,cbowmanln@seattletimes.com,Brazil,Female,Três Corações,Pixoboo,68278.37,BRL
Steve,Snyder,ssnyderlo@sitemeter.com,Iceland,Male,Hveragerði,Bluezoom,28504.75,ISK
Ann,Franklin,afranklinlp@macromedia.com,North Korea,Female,Kowŏn-ŭp,Jetpulse,2231.79,KPW
Donna,Sims,dsimslq@bravesites.com,Macedonia,Female,Obršani,Zazio,52078.16,MKD
Barbara,Stanley,bstanleylr@google.it,Portugal,Female,Sobreiro,Edgeify,20673.22,EUR
Nicholas,Henry,nhenryls@home.pl,Sweden,Male,Tierp,Photojam,18602.70,SEK
Clarence,Peters,cpeterslt@ebay.co.uk,France,Male,Verdun,Meedoo,70171.97,EUR
Christopher,Ruiz,cruizlu@chron.com,France,Male,Avignon,Rhyloo,,EUR
Julie,Reyes,jreyeslv@icio.us,Indonesia,Female,Makale,Realfire,,IDR
Lisa,Bailey,lbaileylw@newyorker.com,Indonesia,Female,Karangtengah,Nlounge,43076.21,IDR
Diana,Ross,drosslx@infoseek.co.jp,China,Female,Zhendong,Brainlounge,23447.82,CNY
Jason,Brooks,jbrooksly@epa.gov,China,Male,Dongkengkou,Skiba,26782.34,CNY
James,Fuller,jfullerlz@tinyurl.com,China,Male,Longtian,Twitterlist,24172.94,CNY
Christine,Ramirez,cramirezm0@craigslist.org,Nigeria,Female,Mashi,Demivee,46966.33,NGN
Jimmy,Mendoza,jmendozam1@walmart.com,United States,Male,New York City,Zoonoodle,72808.45,USD
Earl,Patterson,epattersonm2@reddit.com,Morocco,Male,Khemisset,Brainverse,,MAD
Cynthia,Miller,cmillerm3@google.co.uk,Brazil,Female,São Gonçalo do Sapucaí,Yombu,92236.29,BRL
Jesse,Ford,jfordm4@typepad.com,Myanmar,Male,Yangon,Tambee,97002.09,MMK
Nicole,Gomez,ngomezm5@mayoclinic.com,Nepal,Female,Bharatpur,Quamba,,NPR
Aaron,Myers,amyersm6@marketwatch.com,China,Male,Xiamayu,Twitterlist,50286.10,CNY
Brenda,Woods,bwoodsm7@merriam-webster.com,Vietnam,Female,Đưc Trọng,Ainyx,59565.41,VND
Phillip,Marshall,pmarshallm8@hp.com,Vietnam,Male,Thanh Nê,Skiptube,63725.56,VND
Deborah,Porter,dporterm9@youtube.com,Argentina,Female,Loreto,Izio,35736.44,ARS
Victor,Anderson,vandersonma@illinois.edu,Philippines,Male,Mangarine,Jabberstorm,12032.81,PHP
Julie,Cruz,jcruzmb@barnesandnoble.com,Indonesia,Female,Krajan,Fivechat,60365.05,IDR
Catherine,Harvey,charveymc@cdc.gov,China,Female,Jingtou,Topicstorm,77636.61,CNY
Frank,Larson,flarsonmd@stumbleupon.com,Philippines,Male,Santa Monica,Topdrive,89634.78,PHP
James,Cox,jcoxme@buzzfeed.com,Philippines,Male,Cabangan,Camimbo,19685.91,PHP
Sara,Russell,srussellmf@spiegel.de,Peru,Female,Quiches,Thoughtmix,24158.72,PEN
Ruth,Ellis,rellismg@usatoday.com,Czech Republic,Female,Nezamyslice,Izio,83495.56,CZK
Steve,Cook,scookmh@va.gov,China,Male,Daqiao,Tekfly,67805.96,CNY
Karen,Fowler,kfowlermi@java.com,Portugal,Female,Junqueiro,Abatz,4903.16,EUR
Amy,Webb,awebbmj@uiuc.edu,Chad,Female,Mao,Rhyzio,,XAF
William,Washington,wwashingtonmk@shinystat.com,Thailand,Male,Hua Hin,Nlounge,51475.42,THB
Tina,Williams,twilliamsml@salon.com,Czech Republic,Female,Měcholupy,Dazzlesphere,,CZK
Philip,Bell,pbellmm@boston.com,Peru,Male,Granada,Wordtune,79152.22,PEN
Ronald,Ross,rrossmn@dell.com,Russia,Male,Temryuk,Topicstorm,89340.48,RUB
Denise,Williamson,dwilliamsonmo@nydailynews.com,East Timor,Female,Lospalos,Edgewire,86106.44,USD
Sean,Taylor,staylormp@wikispaces.com,China,Male,Hanyuan,Thoughtworks,,CNY
Jacqueline,Harris,jharrismq@tiny.cc,China,Female,Hongdu,Eadel,,CNY
Michael,Hernandez,mhernandezmr@rediff.com,Nigeria,Male,Awgu,Buzzdog,25486.65,NGN
Alice,Fuller,afullerms@time.com,Russia,Female,Osinniki,Zazio,28857.87,RUB
Clarence,Ortiz,cortizmt@bloomberg.com,Brazil,Male,Tapiramutá,Bubblebox,2958.60,BRL
Gary,Simpson,gsimpsonmu@paginegialle.it,Sri Lanka,Male,Point Pedro,Mita,43529.57,LKR
Deborah,Moreno,dmorenomv@reddit.com,Nigeria,Female,Abakaliki,Trudoo,35069.31,NGN
Jason,Hernandez,jhernandezmw@ustream.tv,Malaysia,Male,Kuala Lumpur,Jabbersphere,65388.89,MYR
Walter,Rivera,wriveramx@twitter.com,China,Male,Gulong,Skipstorm,59116.54,CNY
Robin,Gibson,rgibsonmy@hostgator.com,Indonesia,Female,Jambubol,Jayo,68339.14,IDR
Janet,Wilson,jwilsonmz@printfriendly.com,Indonesia,Female,Sukadana Selatan,Browseblab,,IDR
Margaret,Jordan,mjordann0@uiuc.edu,Russia,Female,Onguday,Brainlounge,16825.91,RUB
Catherine,Larson,clarsonn1@ibm.com,United States,Female,Chandler,Babbleset,6044.56,USD
Katherine,Lee,kleen2@digg.com,Russia,Female,Lianozovo,Shufflester,93577.15,RUB
Ruby,Wilson,rwilsonn3@ycombinator.com,Brazil,Female,Araçoiaba da Serra,Bubblemix,44906.25,BRL
Adam,Reed,areedn4@symantec.com,Yemen,Male,At Taḩālif,Innotype,93286.59,YER
Howard,Green,hgreenn5@xrea.com,Brazil,Male,Itapipoca,Tazz,46468.75,BRL
Jesse,Griffin,jgriffinn6@artisteer.com,Iraq,Male,Zākhū,Tagtune,17523.81,IQD
Terry,Griffin,tgriffinn7@cbc.ca,Russia,Male,Uralets,Skyndu,66981.22,RUB
Janet,Porter,jportern8@wordpress.com,Armenia,Female,Yerazgavors,Trudeo,89512.57,AMD
Julie,Ramos,jramosn9@gizmodo.com,Sweden,Female,Årsta,Lazz,10387.09,SEK
Eric,Garrett,egarrettna@gnu.org,Uzbekistan,Male,Parkent,Oyoloo,41609.36,UZS
Jerry,Bishop,jbishopnb@cnet.com,Argentina,Male,La Paz,Twimbo,98273.42,ARS
Laura,Ortiz,lortiznc@meetup.com,Malawi,Female,Makata,Oyondu,87822.27,MWK
Jeffrey,Morris,jmorrisnd@bizjournals.com,Canada,Male,Jonquière,Trilith,,CAD
Rachel,Meyer,rmeyerne@skyrock.com,Israel,Female,Tirah,Tanoodle,,ILS
Lori,Andrews,landrewsnf@scribd.com,Bolivia,Female,Sotomayor,Vimbo,98789.04,BOB
Lillian,Bradley,lbradleyng@imdb.com,Russia,Female,Usogorsk,Fivespan,,RUB
Louise,Shaw,lshawnh@nsw.gov.au,China,Female,Tangtuzhui,Devshare,65740.95,CNY
Judy,Moore,jmooreni@ucla.edu,Japan,Female,Itako,Wikizz,10200.84,JPY
Carol,Romero,cromeronj@boston.com,Indonesia,Female,Cikananga,Zoomlounge,73296.64,IDR
Scott,Sims,ssimsnk@last.fm,Australia,Male,Perth,Skynoodle,2339.34,AUD
Robert,Ortiz,rortiznl@ustream.tv,Azerbaijan,Male,Yelenendorf,Dabjam,25578.29,AZN
Lori,Bell,lbellnm@ibm.com,United States,Female,Atlanta,Oyoba,,USD
Walter,Dixon,wdixonnn@springer.com,Argentina,Male,Santiago del Estero,Dazzlesphere,72720.50,ARS
Carol,Morris,cmorrisno@wunderground.com,Russia,Female,Safonovo,Tambee,32928.48,RUB
Elizabeth,Schmidt,eschmidtnp@hatena.ne.jp,South Georgia and the South Sandwich Islands,Female,Grytviken,Avaveo,17367.17,GBP
Antonio,Berry,aberrynq@de.vu,Belgium,Male,Tournai,Trupe,17531.28,EUR
Craig,Armstrong,carmstrongnr@goo.ne.jp,Indonesia,Male,Lembung Tengah,Jaloo,58692.41,IDR
Maria,Clark,mclarkns@baidu.com,Argentina,Female,Buena Esperanza,Flashdog,64909.56,ARS
Michelle,Lopez,mlopeznt@theatlantic.com,Russia,Female,Staritsa,Yabox,62262.54,RUB
Diana,Ferguson,dfergusonnu@mit.edu,Poland,Female,Ostrowsko,Eidel,55726.37,PLN
Roger,Hayes,rhayesnv@reddit.com,China,Male,Zhouji,Devbug,38944.81,CNY
Adam,Barnes,abarnesnw@hibu.com,China,Male,Zhangjiaji,Edgeify,71484.65,CNY
Gerald,Young,gyoungnx@liveinternet.ru,Indonesia,Male,Sonorejo,Kimia,60634.65,IDR
Joan,Mccoy,jmccoyny@marketwatch.com,Sweden,Female,Mölndal,Riffpath,57737.87,SEK
Elizabeth,Payne,epaynenz@eventbrite.com,Indonesia,Female,Patrol,Buzzbean,53627.64,IDR
Evelyn,Clark,eclarko0@ow.ly,Russia,Female,Poddor’ye,Ntags,57637.69,RUB
Philip,Burton,pburtono1@google.it,Yemen,Male,Al ‘Anān,Flashdog,61133.23,YER
Craig,Castillo,ccastilloo2@go.com,Tanzania,Male,Ndago,Oodoo,61255.79,TZS
Larry,Thompson,lthompsono3@de.vu,Moldova,Male,Rîbniţa,Browsetype,25089.41,MDL
Gerald,Weaver,gweavero4@xrea.com,Philippines,Male,Araal,Browseblab,,PHP
Jimmy,Jackson,jjacksono5@irs.gov,Ukraine,Male,Zhuravka,Leenti,58968.27,UAH
Ronald,Cruz,rcruzo6@wsj.com,Afghanistan,Male,Dasht-e Qal‘ah,Leenti,86936.50,AFN
Jeremy,Weaver,jweavero7@wikispaces.com,Burkina Faso,Male,Djibo,Brightbean,,XOF
Peter,Ramirez,pramirezo8@meetup.com,Cuba,Male,Abreus,Jetpulse,1172.78,CUP
Martha,Price,mpriceo9@webeden.co.uk,China,Female,Qianjin,Kimia,91110.45,CNY
Shirley,Woods,swoodsoa@is.gd,Russia,Female,Usman’,Eidel,98430.43,RUB
Matthew,Price,mpriceob@imageshack.us,Portugal,Male,Prior Velho,Oyoba,61216.59,EUR
Amanda,Long,alongoc@goo.ne.jp,Indonesia,Female,Windusakti Hilir,Twinte,87092.16,IDR
Carl,Carroll,ccarrollod@spotify.com,Czech Republic,Male,Heřmanův Městec,Blognation,20719.23,CZK
Joseph,Johnston,jjohnstonoe@youku.com,Senegal,Male,Waoundé,Aimbu,58757.43,XOF
Willie,Mills,wmillsof@washington.edu,Poland,Male,Dobra,Eazzy,39063.18,PLN
Gloria,Harvey,gharveyog@bloglines.com,Russia,Female,Yaroslavskiy,Skippad,74528.92,RUB
Evelyn,Sanchez,esanchezoh@google.co.jp,Russia,Female,Ust’-Katav,Innotype,85755.41,RUB
Jesse,Cole,jcoleoi@comsenz.com,Philippines,Male,Sagud-Bahley,Mydeo,43374.37,PHP
Lois,Sanchez,lsanchezoj@joomla.org,Germany,Female,Braunschweig,Mycat,90366.95,EUR
Robert,Morris,rmorrisok@sbwire.com,Indonesia,Male,Kubangeceng,Chatterbridge,60927.78,IDR
Anthony,Rodriguez,arodriguezol@sohu.com,Portugal,Male,Dafundo,Topdrive,11347.29,EUR
Bruce,Wells,bwellsom@blogs.com,Myanmar,Male,Tharyarwady,Twitterworks,19454.29,MMK
Karen,Wells,kwellson@ehow.com,Ukraine,Female,Krasnotorka,Lazz,62068.21,UAH
Jacqueline,Reed,jreedoo@timesonline.co.uk,Czech Republic,Female,Rychvald,Demizz,22917.54,CZK
Daniel,Carter,dcarterop@gravatar.com,China,Male,Wangren,Myworks,19151.86,CNY
Michael,Ross,mrossoq@imdb.com,Indonesia,Male,Karanganyar,Devpulse,21951.74,IDR
Donald,Evans,devansor@webmd.com,Tanzania,Male,Bukonyo,Leenti,46968.18,TZS
Louise,Carroll,lcarrollos@ox.ac.uk,Indonesia,Female,Jembe Timur,Quimba,98964.90,IDR
Donald,Harper,dharperot@furl.net,Sweden,Male,Båstad,Latz,,SEK
Nancy,Baker,nbakerou@icq.com,United States,Female,Clearwater,Youfeed,94698.98,USD
Kelly,Baker,kbakerov@mail.ru,China,Female,Nanwai,Rhybox,,CNY
Ashley,Hill,ahillow@hugedomains.com,Zimbabwe,Female,Gweru,Kaymbo,,ZWL
Irene,Henderson,ihendersonox@friendfeed.com,United States,Female,Rochester,Centimia,13558.67,USD
George,Butler,gbutleroy@booking.com,Afghanistan,Male,Qal‘ah-ye Na‘īm,JumpXS,30606.65,AFN
Sean,Young,syoungoz@walmart.com,Russia,Male,Krasnoye,Plajo,50296.49,RUB
Sean,Mills,smillsp0@smh.com.au,Netherlands,Male,Nijmegen,Yodo,6611.90,EUR
Douglas,Harper,dharperp1@deviantart.com,China,Male,Gulao,Feednation,4973.17,CNY
Carl,Lewis,clewisp2@wordpress.com,Russia,Male,Maykopskoye,Demimbu,1725.16,RUB
Jesse,Johnston,jjohnstonp3@people.com.cn,China,Male,Tangzhuang,Topdrive,23623.63,CNY
Paul,Montgomery,pmontgomeryp4@google.nl,Bosnia and Herzegovina,Male,Starcevica,Zoozzy,,BAM
Kathryn,Hicks,khicksp5@nymag.com,Brazil,Female,Parobé,Twimm,92474.57,BRL
Antonio,Porter,aporterp6@naver.com,China,Male,Yanggang,Mynte,22776.80,CNY
Melissa,King,mkingp7@reverbnation.com,Russia,Female,Berëzovyy,Feedmix,44621.80,RUB
Jean,Taylor,jtaylorp8@hhs.gov,China,Female,Huaqiao,Janyx,78050.40,CNY
Jose,Duncan,jduncanp9@shop-pro.jp,Australia,Male,Perth,Skilith,14243.01,AUD
Wayne,Diaz,wdiazpa@nydailynews.com,China,Male,Shuangxikou,Skinix,41554.42,CNY
Heather,Rodriguez,hrodriguezpb@tiny.cc,Indonesia,Female,Babakan,Demizz,,IDR
Martha,Rivera,mriverapc@cmu.edu,China,Female,Aihua,Meembee,52202.86,CNY
Steven,Roberts,srobertspd@bandcamp.com,Indonesia,Male,Tanahwangko,Tagpad,58813.77,IDR
Carlos,Weaver,cweaverpe@jimdo.com,Finland,Male,Valtimo,Kaymbo,29602.54,EUR
Dennis,Baker,dbakerpf@cyberchimps.com,Sierra Leone,Male,Kambia,Edgewire,58217.94,SLL
Ryan,Lawrence,rlawrencepg@adobe.com,Malaysia,Male,Kuala Lumpur,Mybuzz,28465.11,MYR
Joyce,Gutierrez,jgutierrezph@shareasale.com,Sri Lanka,Female,Wattegama,Gabspot,6696.60,LKR
Alan,Allen,aallenpi@abc.net.au,Portugal,Male,Insua,Viva,,EUR
Ashley,Murray,amurraypj@wufoo.com,France,Female,Évreux,Oyoyo,28571.46,EUR
George,Pierce,gpiercepk@ezinearticles.com,Philippines,Male,Busdi,Youbridge,,PHP
George,Campbell,gcampbellpl@imdb.com,Poland,Male,Janikowo,Edgetag,97346.87,PLN
Gloria,Kim,gkimpm@sogou.com,Peru,Female,Andarapa,Brainbox,76271.65,PEN
Kathleen,Peters,kpeterspn@ihg.com,United States,Female,Springfield,Dabjam,62068.44,USD
Henry,Burns,hburnspo@topsy.com,Somalia,Male,Qandala,Eayo,14010.50,SOS
Willie,Myers,wmyerspp@amazon.co.uk,Mexico,Male,Hidalgo,Gevee,6529.58,MXN
Joshua,Gonzales,jgonzalespq@simplemachines.org,Portugal,Male,Légua,Fatz,42289.51,EUR
Maria,Smith,msmithpr@moonfruit.com,France,Female,Futuroscope,Fadeo,50670.14,EUR
Emily,Fox,efoxps@sitemeter.com,United States,Female,Sioux City,Thoughtbeat,54312.36,USD
Betty,Jones,bjonespt@drupal.org,New Zealand,Female,North Shore,Meezzy,82802.51,NZD
Rachel,Ferguson,rfergusonpu@chron.com,Tunisia,Female,Midoun,Yacero,95853.52,TND
Gloria,Foster,gfosterpv@163.com,Indonesia,Female,Tanggulangin,Youbridge,57609.89,IDR
Gerald,Dunn,gdunnpw@illinois.edu,Russia,Male,Segezha,Npath,54033.00,RUB
Albert,Wheeler,awheelerpx@com.com,Macedonia,Male,Golema Rečica,Tagfeed,95860.90,MKD
Benjamin,Stanley,bstanleypy@globo.com,France,Male,Moissy-Cramayel,Twimbo,49663.36,EUR
Rebecca,Frazier,rfrazierpz@spiegel.de,France,Female,Roissy Charles-de-Gaulle,Zoomcast,81984.18,EUR
Andrea,Gutierrez,agutierrezq0@artisteer.com,China,Female,Huangpu,Mymm,33707.45,CNY
Aaron,Kim,akimq1@liveinternet.ru,Canada,Male,Saint-Augustin,Rhybox,8445.23,CAD
Kimberly,Hicks,khicksq2@360.cn,Cameroon,Female,Nkongsamba,Quinu,67580.11,XAF
Jason,Nichols,jnicholsq3@infoseek.co.jp,Libya,Male,Az Zintān,Livetube,79494.17,LYD
Jean,Garcia,jgarciaq4@nationalgeographic.com,China,Female,Xinglong,Ooba,46343.33,CNY
Carol,Lee,cleeq5@dyndns.org,China,Female,Lingcheng,Meejo,,CNY
Jonathan,Schmidt,jschmidtq6@dagondesign.com,Indonesia,Male,Bendilwungu Lor,Yodoo,62515.82,IDR
Samuel,Gardner,sgardnerq7@hibu.com,France,Male,Nogent-le-Rotrou,Gigaclub,80997.59,EUR
Douglas,Washington,dwashingtonq8@pen.io,Colombia,Male,Cocorná,Brightdog,57622.12,COP
Maria,Crawford,mcrawfordq9@cargocollective.com,Vietnam,Female,Hà Tĩnh,Reallinks,77902.34,VND
Steve,Cooper,scooperqa@spotify.com,Greece,Male,Zipárion,Trudoo,18912.66,EUR
Timothy,Gordon,tgordonqb@hc360.com,Peru,Male,Pozuzo,Devpulse,18919.62,PEN
Dennis,Andrews,dandrewsqc@bigcartel.com,China,Male,Xiaji,Twitterbeat,,CNY
Lawrence,Dean,ldeanqd@bloomberg.com,Russia,Male,Tunoshna,Yadel,72661.40,RUB
Kimberly,Duncan,kduncanqe@businessweek.com,Brazil,Female,Presidente Médici,Twimbo,87244.24,BRL
Ralph,Olson,rolsonqf@loc.gov,Yemen,Male,Ash Shiḩr,Zoovu,48075.84,YER
Ann,Walker,awalkerqg@g.co,Brazil,Female,São Bento do Sul,Skidoo,67806.00,BRL
Rachel,Lynch,rlynchqh@kickstarter.com,Japan,Female,Shimodate,Gabtune,35364.63,JPY
Pamela,Webb,pwebbqi@webs.com,Philippines,Female,Cavinti,Blognation,88372.41,PHP
Brenda,Rice,briceqj@ibm.com,Poland,Female,Rzepiennik Strzyżewski,Camido,76389.89,PLN
Debra,Wright,dwrightqk@oaic.gov.au,China,Female,Mashi,Viva,35366.52,CNY
Bobby,Gomez,bgomezql@ustream.tv,China,Male,Batou,Quaxo,47770.90,CNY
Frank,Smith,fsmithqm@wikispaces.com,Portugal,Male,Quintã,Plajo,,EUR
Rebecca,Castillo,rcastilloqn@ycombinator.com,China,Female,Huangtukuang,Quaxo,74506.11,CNY
Marilyn,Fernandez,mfernandezqo@baidu.com,Peru,Female,Otuzco,Blogpad,1211.41,PEN
Angela,Gordon,agordonqp@youtube.com,Republic of the Congo,Female,Ouésso,Oyope,64999.21,XAF
Jesse,Schmidt,jschmidtqq@plala.or.jp,Poland,Male,Legionowo,Skimia,71117.77,PLN
Carol,Hernandez,chernandezqr@t-online.de,Tanzania,Female,Isaka,Brainlounge,86319.27,TZS
Justin,Lewis,jlewisqs@liveinternet.ru,Philippines,Male,New Iloilo,Yakijo,99332.27,PHP
Jesse,Morales,jmoralesqt@usda.gov,China,Male,Quzhou,Skinte,94753.30,CNY
Susan,Frazier,sfrazierqu@mac.com,Philippines,Female,Parion,Edgetag,44972.07,PHP
Dorothy,Crawford,dcrawfordqv@comsenz.com,Luxembourg,Female,Reckange-sur-Mess,Trudoo,77801.18,EUR
Tina,Berry,tberryqw@creativecommons.org,Peru,Female,Bretaña,Oyoba,96318.07,PEN
Ruth,Hernandez,rhernandezqx@google.fr,Indonesia,Female,Muraloka,Skyndu,5881.15,IDR
Julia,Torres,jtorresqy@privacy.gov.au,Argentina,Female,Villa Ángela,Browsebug,38668.84,ARS
Gloria,Nichols,gnicholsqz@indiegogo.com,Ireland,Female,Old Kilcullen,Meevee,18556.79,EUR
Ernest,Stone,estoner0@zimbio.com,Cambodia,Male,Ban Lŭng,Yakitri,23927.27,KHR
Wanda,Wheeler,wwheelerr1@state.gov,China,Female,Shuanglong,Cogidoo,88469.48,CNY
Henry,Barnes,hbarnesr2@mashable.com,Jamaica,Male,Maggotty,Zoomcast,29832.79,JMD
Willie,Campbell,wcampbellr3@live.com,Portugal,Male,São Bartolomeu,Topicstorm,,EUR
Antonio,Bryant,abryantr4@seattletimes.com,Albania,Male,Luftinjë,Bubblebox,39138.04,ALL
Amanda,Simmons,asimmonsr5@homestead.com,China,Female,Taipingguan,Wikibox,59214.73,CNY
Anna,Myers,amyersr6@ezinearticles.com,Portugal,Female,São Mateus,Livepath,,EUR
Phillip,Kelley,pkelleyr7@hatena.ne.jp,Portugal,Male,Eira Nova,Fadeo,15190.43,EUR
Keith,Ramirez,kramirezr8@admin.ch,China,Male,Chengguan,Yozio,37398.91,CNY
Deborah,Johnston,djohnstonr9@4shared.com,Bulgaria,Female,Petrich,Oyoyo,59487.30,BGN
David,Johnston,djohnstonra@indiatimes.com,Madagascar,Male,Andramasina,Skyble,29559.68,MGA
Richard,James,rjamesrb@creativecommons.org,Indonesia,Male,Pitai,Topdrive,59330.33,IDR
Robin,Clark,rclarkrc@pinterest.com,China,Female,Longnan,Feedfire,29352.10,CNY
Frances,Harper,fharperrd@eventbrite.com,Peru,Female,Huallanca,Yabox,45318.51,PEN
Beverly,Green,bgreenre@acquirethisname.com,China,Female,Jieyang,Fivebridge,36147.65,CNY
Lawrence,Johnston,ljohnstonrf@sina.com.cn,Poland,Male,Kroczyce,Browsebug,26743.51,PLN
Johnny,Stone,jstonerg@e-recht24.de,China,Male,Chongwen,Bubbletube,,CNY
Jessica,Daniels,jdanielsrh@discuz.net,China,Female,Tangchi,Yodoo,7051.35,CNY
David,George,dgeorgeri@discovery.com,China,Male,Gaotaizi,Eidel,43727.21,CNY
Christopher,Ruiz,cruizrj@exblog.jp,Thailand,Male,Thawat Buri,Demizz,18286.34,THB
Doris,Collins,dcollinsrk@bbc.co.uk,Canada,Female,Joliette,Riffpath,32803.36,CAD
Nicole,Garcia,ngarciarl@si.edu,Montenegro,Female,Stari Bar,Brainsphere,19974.82,EUR
Kathy,Campbell,kcampbellrm@omniture.com,Kosovo,Female,Mališevo,Cogibox,79108.62,EUR
Lori,Greene,lgreenern@mysql.com,South Africa,Female,Centurion,Buzzbean,,ZAR
Keith,Parker,kparkerro@amazon.co.uk,Poland,Male,Wilczyce,Jetpulse,22411.16,PLN
Aaron,Ellis,aellisrp@stumbleupon.com,Cuba,Male,Jimaguayú,Devcast,3893.90,CUP
Albert,Diaz,adiazrq@abc.net.au,Armenia,Male,Dzorastan,Skippad,7764.14,AMD
Sara,Diaz,sdiazrr@unblog.fr,Armenia,Female,Myasnikyan,Voolith,29134.79,AMD
