Juan,Medina,jmedina0@yolasite.com,Bulgaria,Male,Bolyarovo,Eayo,37159.86,BGN
Karen,Richards,krichards1@reddit.com,Russia,Female,Gorodets,Jayo,87408.80,RUB
Robin,Oliver,roliver2@hhs.gov,Czech Republic,Female,Náklo,Yamia,,CZK
Theresa,Peters,tpeters3@umich.edu,Nigeria,Female,Badagry,Thoughtsphere,78757.11,NGN
Robin,Wood,rwood4@ibm.com,Indonesia,Female,Bantal,Centidel,21625.38,IDR
Dennis,Matthews,dmatthews5@elpais.com,China,Male,Rushankou,Jabberbean,89713.84,CNY
Denise,Harper,dharper6@cocolog-nifty.com,China,Female,Fengshan,Buzzbean,32316.30,CNY
Jason,Holmes,jholmes7@chron.com,Colombia,Male,El Tambo,Avaveo,30016.39,COP
Scott,Cole,scole8@surveymonkey.com,Philippines,Male,San Roque,Pixonyx,52947.05,PHP
Marilyn,Lawson,mlawson9@utexas.edu,China,Female,Puhechang,Devcast,67317.92,CNY
Barbara,Perkins,bperkinsa@wsj.com,Indonesia,Female,Jembangan,Realblab,27868.17,IDR
Amanda,Davis,adavisb@homestead.com,Poland,Female,Jutrosin,Aimbu,13121.32,PLN
Gloria,Romero,gromeroc@discovery.com,Finland,Female,Malax,Twimbo,47382.44,EUR
Douglas,Dunn,ddunnd@ezinearticles.com,Japan,Male,Aso,Dynabox,54243.19,JPY
Mildred,Roberts,mrobertse@behance.net,Brazil,Female,Laranjeiras,Avamm,87780.62,BRL
Rebecca,Cole,rcolef@a8.net,China,Female,Tanxi,Zoovu,70949.60,CNY
Janet,Weaver,jweaverg@hao123.com,Croatia,Female,Bošnjaci,Yoveo,26483.72,HRK
Kevin,Franklin,kfranklinh@who.int,Peru,Male,Huacrachuco,Babbleopia,27923.79,PEN
Randy,Wagner,rwagneri@cocolog-nifty.com,China,Male,Mintian,Brainbox,69654.95,CNY
Marilyn,Martinez,mmartinezj@wisc.edu,Greece,Female,Koímisi,Zoomzone,75440.25,EUR
Anne,Marshall,amarshallk@zimbio.com,Argentina,Female,General Lavalle,Feedfish,52041.01,ARS
Bruce,Barnes,bbarnesl@youtu.be,Indonesia,Male,Cilongkrang,Thoughtbeat,42396.80,IDR
Bonnie,Holmes,bholmesm@privacy.gov.au,Philippines,Female,Simunul,Vinder,74739.30,PHP
Douglas,Peters,dpetersn@joomla.org,Macedonia,Male,Berovo,Blogtag,5494.57,MKD
Julie,Bryant,jbryanto@theguardian.com,China,Female,Toubao,Vidoo,35361.12,CNY
Terry,Burton,tburtonp@weibo.com,Pakistan,Male,Shinpokh,Browseblab,89795.67,PKR
Martin,Day,mdayq@issuu.com,Japan,Male,Yonezawa,Zoozzy,53050.27,JPY
Martha,Baker,mbakerr@stumbleupon.com,Argentina,Female,San José de Jáchal,Mybuzz,4901.99,ARS
Steve,Welch,swelchs@wiley.com,Mali,Male,Ti-n-Essako,Kwinu,39882.99,XOF
Deborah,Garza,dgarzat@sphinn.com,United States,Female,Austin,Skimia,92044.60,USD
Bonnie,Rice,briceu@a8.net,Mexico,Female,Loma Bonita,Ozu,78984.37,MXN
Ruby,Stevens,rstevensv@slideshare.net,Peru,Female,Yaurisque,Viva,38562.75,PEN
Henry,Bradley,hbradleyw@shinystat.com,New Zealand,Male,Christchurch,Trupe,68619.69,NZD
Arthur,Berry,aberryx@alibaba.com,Comoros,Male,Chandra,Devify,,KMF
Ruth,Foster,rfostery@google.co.jp,China,Female,Qinling Jieban,Yabox,73468.34,CNY
Sarah,Berry,sberryz@ocn.ne.jp,Ukraine,Female,Chortkiv,Fivechat,,UAH
Eric,Fuller,efuller10@gravatar.com,Japan,Male,Ōdachō-ōda,Skinte,25565.66,JPY
Robert,Rivera,rrivera11@eventbrite.com,United States,Male,Santa Ana,Babbleset,61456.40,USD
Ruby,Perez,rperez12@mediafire.com,China,Female,Hongjiazui,Realblab,90162.62,CNY
Carlos,Fisher,cfisher13@craigslist.org,Ukraine,Male,Murovanoye,Vidoo,53676.89,UAH
Diana,Jones,djones14@usa.gov,Indonesia,Female,Manglid,Flipopia,44790.13,IDR
Alan,Harper,aharper15@google.ca,Venezuela,Male,Paraíso de Chabasquén,Gabcube,,VEF
Eugene,Price,eprice16@xinhuanet.com,Russia,Male,Ural,Aimbu,78503.81,RUB
John,Mccoy,jmccoy17@bandcamp.com,Sweden,Male,Göteborg,Edgewire,92448.27,SEK
Ruby,Stewart,rstewart18@seattletimes.com,Russia,Female,Shaami-Yurt,Trudoo,46004.11,RUB
Catherine,Oliver,coliver19@bandcamp.com,Guatemala,Female,Mixco,Buzzster,87555.60,GTQ
Arthur,Cruz,acruz1a@github.io,Nigeria,Male,Nafada,Skibox,31516.27,NGN
Christopher,Reid,creid1b@last.fm,China,Male,Jiezi,Kare,70155.83,CNY
Ruth,Collins,rcollins1c@4shared.com,Chile,Female,Illapel,Realbuzz,,CLP
Sarah,Wallace,swallace1d@hud.gov,Namibia,Female,Lüderitz,Nlounge,71071.05,NAD
Eugene,Reynolds,ereynolds1e@engadget.com,Russia,Male,Uren’,Shuffledrive,79418.56,RUB
Heather,Mitchell,hmitchell1f@technorati.com,Brazil,Female,Concórdia,Rhyzio,32217.69,BRL
Jeffrey,Miller,jmiller1g@hao123.com,Philippines,Male,Magalalag,Voonder,14084.92,PHP
Stephen,Berry,sberry1h@altervista.org,Philippines,Male,Malinta,Zava,99344.36,PHP
Katherine,Morales,kmorales1i@newsvine.com,Colombia,Female,La Ceja,Trunyx,,COP
Amanda,Spencer,aspencer1j@plala.or.jp,China,Female,Shuangxiqiao,Skyble,68412.79,CNY
Jeremy,Coleman,jcoleman1k@ehow.com,Indonesia,Male,Banjar Tibubiyu Kaja,Gigazoom,17063.85,IDR
Kathryn,Mason,kmason1l@themeforest.net,Slovenia,Female,Izlake,Jabberstorm,59227.95,EUR
Rose,Nguyen,rnguyen1m@issuu.com,Indonesia,Female,Pantai Ceuremen,Devpoint,80524.13,IDR
Catherine,Reid,creid1n@rediff.com,Australia,Female,Sydney,Zoonoodle,,AUD
Joseph,Vasquez,jvasquez1o@cornell.edu,Netherlands,Male,Rotterdam postbusnummers,Jaloo,,EUR
Judith,Bishop,jbishop1p@etsy.com,Portugal,Female,Malpique,Browsezoom,,EUR
Albert,Baker,abaker1q@bandcamp.com,Ukraine,Male,Energodar,Pixoboo,64080.82,UAH
Ernest,Spencer,espencer1r@rediff.com,Indonesia,Male,Penambangan,Divavu,83999.77,IDR
Shirley,Fernandez,sfernandez1s@wisc.edu,Portugal,Female,Vagos,Izio,57323.28,EUR
Kimberly,Hansen,khansen1t@wufoo.com,Estonia,Female,Turba,Flashdog,90709.78,EUR
Janet,Medina,jmedina1u@ovh.net,China,Female,Longnan,Dynabox,,CNY
Carlos,Ferguson,cferguson1v@php.net,Sudan,Male,Al Qadarif,Eire,42940.82,SDG
Tina,Franklin,tfranklin1w@mozilla.com,France,Female,Saint-Étienne,Bluejam,59231.64,EUR
Todd,Reid,treid1x@google.de,Mongolia,Male,Höshigiyn-Ar,Photolist,44977.41,MNT
William,Day,wday1y@home.pl,China,Male,Nanjing,Demimbu,99845.24,CNY
Timothy,Daniels,tdaniels1z@craigslist.org,Japan,Male,Uozu,Janyx,,JPY
Carol,Harrison,charrison20@nationalgeographic.com,Indonesia,Female,Rancaranji,Nlounge,37936.41,IDR
Martin,Larson,mlarson21@google.co.jp,Russia,Male,Zhulebino,Oloo,40437.15,RUB
Jean,Mitchell,jmitchell22@comsenz.com,United States,Female,Hampton,Linktype,61563.26,USD
Mark,Lewis,mlewis23@wufoo.com,Ukraine,Male,Vynohradiv,Feedspan,6903.73,UAH
Clarence,Elliott,celliott24@mediafire.com,Italy,Male,Messina,Meejo,83813.44,EUR
Gloria,Coleman,gcoleman25@mtv.com,Colombia,Female,Quinchía,Topicstorm,59673.24,COP
Cheryl,Alvarez,calvarez26@reuters.com,China,Female,Foluo,Fliptune,79335.46,CNY
Janice,Kim,jkim27@hao123.com,Portugal,Female,Barbudo,Roomm,34041.99,EUR
Bruce,Perez,bperez28@slashdot.org,Iran,Male,Malekān,Blognation,19553.89,IRR
Jason,Stevens,jstevens29@tuttocitta.it,Sweden,Male,Karlskoga,Gabspot,60136.27,SEK
Nicholas,Fisher,nfisher2a@cdc.gov,Kuwait,Male,Ḩawallī,Demizz,38667.58,KWD
Rachel,Vasquez,rvasquez2b@elpais.com,Indonesia,Female,Cikadondongdesa,Browseblab,26965.20,IDR
Andrea,Hunter,ahunter2c@foxnews.com,United States,Female,Virginia Beach,Viva,4870.58,USD
Johnny,Henry,jhenry2d@marketwatch.com,Tanzania,Male,Kilimatinde,Skipfire,29877.40,TZS
Carlos,Berry,cberry2e@imgur.com,Philippines,Male,Malabugas,Twitternation,35721.91,PHP
Doris,Davis,ddavis2f@mapquest.com,Lebanon,Female,Jbaïl,Tagchat,95300.21,LBP
Joyce,Riley,jriley2g@squarespace.com,China,Female,Gunziying,Meevee,64266.54,CNY
Joan,Wood,jwood2h@i2i.jp,Philippines,Female,Polo,Wikizz,49391.09,PHP
Diana,Banks,dbanks2i@123-reg.co.uk,Czech Republic,Female,Loučeň,Skajo,53089.43,CZK
Nicholas,Reynolds,nreynolds2j@linkedin.com,Brazil,Male,Ladário,Fiveclub,35756.96,BRL
Jeremy,Grant,jgrant2k@irs.gov,China,Male,Benniu,Quaxo,99474.12,CNY
Jonathan,Gilbert,jgilbert2l@bloglovin.com,Ireland,Male,Glasnevin,Blogtags,52886.20,EUR
Barbara,Fox,bfox2m@time.com,Yemen,Female,Yufrus,Gabtype,11884.89,YER
Cynthia,Harper,charper2n@theguardian.com,Indonesia,Female,Lembung Tengah,Eare,48728.89,IDR
Debra,Spencer,dspencer2o@mashable.com,China,Female,Huoli,Fivespan,77447.41,CNY
Gregory,Hernandez,ghernandez2p@goodreads.com,Germany,Male,Erfurt,Twitterworks,14487.01,EUR
Carolyn,Duncan,cduncan2q@toplist.cz,Jordan,Female,Ḩakamā,Jabbersphere,77028.40,JOD
Randy,Jones,rjones2r@seesaa.net,Palestinian Territory,Male,Dayr Sharaf,Eidel,23604.47,ILS
Patricia,Butler,pbutler2s@huffingtonpost.com,Indonesia,Female,Megulung,Fadeo,97478.51,IDR
Mildred,Day,mday2t@wired.com,Ukraine,Female,Pereval'noe,Thoughtsphere,59412.06,UAH
Catherine,Harper,charper2u@about.me,Czech Republic,Female,Lysice,Jabberbean,19308.81,CZK
Emily,Elliott,eelliott2v@youku.com,Philippines,Female,Nampicuan,Youopia,45232.54,PHP
Phyllis,Perry,pperry2w@cyberchimps.com,China,Female,Hedong,Chatterbridge,48837.27,CNY
Steve,Matthews,smatthews2x@goo.gl,France,Male,Nancy,Eimbee,63773.51,EUR
Diana,Fisher,dfisher2y@ucoz.com,China,Female,Jinggongqiao,Oyoloo,82726.83,CNY
Pamela,Scott,pscott2z@indiatimes.com,China,Female,Fengshou,Viva,9721.33,CNY
Keith,Dunn,kdunn30@wired.com,Poland,Male,Żarów,Divape,28160.74,PLN
Alan,Ellis,aellis31@wired.com,Bosnia and Herzegovina,Male,Sarajevo,Skibox,73552.12,BAM
Jessica,Allen,jallen32@nationalgeographic.com,Poland,Female,Dobre Miasto,Mudo,41284.68,PLN
Victor,Frazier,vfrazier33@addtoany.com,China,Male,Huayuan,Dabfeed,23162.84,CNY
Joyce,Reed,jreed34@stumbleupon.com,Bulgaria,Female,Burgas,Meevee,58638.68,BGN
Joshua,Woods,jwoods35@php.net,Poland,Male,Mieszkowice,Demimbu,5012.07,PLN
Steven,Matthews,smatthews36@examiner.com,Indonesia,Male,Kliteh,Oloo,6674.23,IDR
Kathy,Adams,kadams37@state.tx.us,Indonesia,Female,Banjar Susut Kaja,Oyondu,,IDR
Jimmy,Carr,jcarr38@naver.com,Mongolia,Male,Bilüü,Rhyloo,90984.42,MNT
Diane,Evans,devans39@booking.com,China,Female,Guantang,Latz,13480.77,CNY
Chris,Freeman,cfreeman3a@bbc.co.uk,Mongolia,Male,Jargalant,Geba,48355.66,MNT
Samuel,Mills,smills3b@cisco.com,United States,Male,Toledo,Podcat,11387.00,USD
Mary,Jones,mjones3c@pcworld.com,Czech Republic,Female,Čejkovice,Feedspan,,CZK
Alice,Meyer,ameyer3d@utexas.edu,Poland,Female,Klwów,Youopia,74091.50,PLN
Sharon,Perkins,sperkins3e@slate.com,Russia,Female,Novoderevyankovskaya,Ainyx,90983.88,RUB
Marilyn,Bryant,mbryant3f@google.de,Afghanistan,Female,Lashkar Gāh,Abatz,6957.45,AFN
Sandra,Marshall,smarshall3g@nbcnews.com,Croatia,Female,Oštarije,Tagchat,23375.55,HRK
Karen,Morrison,kmorrison3h@seattletimes.com,Peru,Female,Pampa Hermosa,Topiclounge,84969.31,PEN
Bonnie,Hicks,bhicks3i@amazon.co.uk,Portugal,Female,Vilares,Linklinks,40985.59,EUR
Deborah,Freeman,dfreeman3j@wikimedia.org,Poland,Female,Spiczyn,Yodel,13349.36,PLN
Harry,Morgan,hmorgan3k@stumbleupon.com,Indonesia,Male,Senduro,Jayo,99253.41,IDR
Benjamin,Bradley,bbradley3l@indiegogo.com,Trinidad and Tobago,Male,Paradise,Thoughtbridge,50697.62,TTD
Evelyn,Oliver,eoliver3m@pen.io,China,Female,Tiedonglu,Realcube,44629.62,CNY
Adam,Weaver,aweaver3n@salon.com,Brazil,Male,Lajinha,Gabspot,53259.33,BRL
Earl,Roberts,eroberts3o@elegantthemes.com,Malaysia,Male,Kota Bharu,Jazzy,9668.02,MYR
Martha,Washington,mwashington3p@bizjournals.com,China,Female,Daping,Thoughtmix,65385.97,CNY
Samuel,Bell,sbell3q@google.com.au,Malta,Male,L-Iklin,Tazzy,92469.92,EUR
Stephen,Alexander,salexander3r@ucsd.edu,China,Male,Wulong,Latz,12111.93,CNY
Keith,Matthews,kmatthews3s@usa.gov,Cuba,Male,Regla,Brightdog,32916.53,CUP
Phyllis,Wells,pwells3t@feedburner.com,China,Female,Taoyuan,Kaymbo,13510.66,CNY
Victor,Thomas,vthomas3u@arizona.edu,Oman,Male,‘Ibrī,Rhycero,63984.90,OMR
Gloria,Graham,ggraham3v@dot.gov,Sweden,Female,Lerum,Brainlounge,38681.70,SEK
Patrick,Peterson,ppeterson3w@alexa.com,Bolivia,Male,Sipe Sipe,Youbridge,52905.21,BOB
Gregory,Williams,gwilliams3x@purevolume.com,Indonesia,Male,Potulando,Rhycero,29621.37,IDR
Edward,Ruiz,eruiz3y@technorati.com,Indonesia,Male,Sukadana,Realpoint,94869.75,IDR
Aaron,Day,aday3z@google.pl,Costa Rica,Male,Cañas,Geba,68153.21,CRC
Chris,Washington,cwashington40@barnesandnoble.com,Peru,Male,Vilque,Jayo,82918.30,PEN
Diana,Thompson,dthompson41@goo.ne.jp,China,Female,Jinchuan,Zoovu,75924.81,CNY
Arthur,Lawrence,alawrence42@yolasite.com,Thailand,Male,Phu Kam Yao,Quinu,98253.27,THB
Jason,Roberts,jroberts43@gov.uk,China,Male,Chimen,Jayo,93121.41,CNY
David,Cox,dcox44@angelfire.com,United States,Male,Denver,Topicshots,25856.71,USD
Justin,Carr,jcarr45@thetimes.co.uk,New Zealand,Male,Kelburn,Talane,,NZD
Albert,Peters,apeters46@discovery.com,Philippines,Male,Tabunok,Youspan,81413.69,PHP
Nicole,Hughes,nhughes47@theglobeandmail.com,Poland,Female,Klimontów,Flashset,25669.41,PLN
Victor,Weaver,vweaver48@arstechnica.com,Colombia,Male,La Ceja,Agivu,85408.07,COP
Craig,Washington,cwashington49@eepurl.com,Philippines,Male,Alupay,Divavu,47691.10,PHP
Lori,Richardson,lrichardson4a@ucla.edu,Ukraine,Female,Staryy Krym,Twimm,79023.53,UAH
Mark,Lawson,mlawson4b@xing.com,Thailand,Male,Bo Kluea,Eidel,,THB
Angela,Torres,atorres4c@bing.com,Russia,Female,Staraya Toropa,Gabspot,59627.89,RUB
Joan,Jacobs,jjacobs4d@ed.gov,Iran,Female,Mahābād,Aimbu,26618.32,IRR
Mary,Hicks,mhicks4e@yellowpages.com,China,Female,Dalang,Linktype,22363.24,CNY
Ernest,Lewis,elewis4f@goo.ne.jp,Russia,Male,Novomyshastovskaya,Photobug,27406.82,RUB
Jean,Lopez,jlopez4g@artisteer.com,Albania,Female,Ersekë,Gabcube,97683.34,ALL
Jennifer,Henderson,jhenderson4h@cloudflare.com,China,Female,Chuncheng,Eire,50814.00,CNY
Craig,White,cwhite4i@google.co.jp,Czech Republic,Male,Lukavice,Zoovu,44090.18,CZK
Anthony,Rodriguez,arodriguez4j@blogs.com,Indonesia,Male,Banyulegi,Linkbuzz,5277.97,IDR
Russell,Chapman,rchapman4k@mac.com,Paraguay,Male,Cerrito,Quimba,69783.09,PYG
Alice,Reid,areid4l@marriott.com,Pakistan,Female,Khānpur,Rooxo,70870.11,PKR
Steve,Reid,sreid4m@boston.com,Vietnam,Male,An Châu,Skiba,82433.73,VND
Harold,Hughes,hhughes4n@dropbox.com,Russia,Male,Belyy Yar,Topicware,79930.77,RUB
Jack,Sims,jsims4o@aboutads.info,Indonesia,Male,Tombatu,Realmix,35493.57,IDR
Catherine,Williams,cwilliams4p@craigslist.org,China,Female,Heping,Cogilith,71478.00,CNY
Peter,Bell,pbell4q@nasa.gov,Croatia,Male,Stari Grad,Eadel,1600.46,HRK
Jessica,Day,jday4r@earthlink.net,Finland,Female,Viitasaari,Zoonder,63555.48,EUR
Ruth,Marshall,rmarshall4s@xrea.com,Indonesia,Female,Munjul,Jamia,17347.06,IDR
Ryan,Watson,rwatson4t@nsw.gov.au,Canada,Male,Thorold,Yotz,90096.05,CAD
Alan,Rice,arice4u@blogger.com,Philippines,Male,Magdug,Shufflester,69628.36,PHP
Helen,Jacobs,hjacobs4v@themeforest.net,Italy,Female,Genova,Layo,65836.64,EUR
Albert,Rose,arose4w@statcounter.com,China,Male,Weishui,Buzzster,34860.03,CNY
Jonathan,Meyer,jmeyer4x@sohu.com,Russia,Male,Dubovka,Wikibox,96358.70,RUB
Bruce,Hughes,bhughes4y@unesco.org,Indonesia,Male,Sarimukti Kaler,Lazz,58408.19,IDR
Kathryn,Fowler,kfowler4z@imdb.com,Indonesia,Female,Oof,Edgeify,89968.45,IDR
Angela,Cruz,acruz50@sitemeter.com,Russia,Female,Bogorodsk,Gigashots,53900.18,RUB
Roy,Garrett,rgarrett51@rambler.ru,China,Male,Zhengyu,Twiyo,15214.99,CNY
Kathryn,Richardson,krichardson52@nsw.gov.au,Brazil,Female,Mocajuba,Linktype,83562.03,BRL
Eugene,Myers,emyers53@disqus.com,Brazil,Male,Itumbiara,Babbleblab,81439.85,BRL
Stephen,Foster,sfoster54@ca.gov,Indonesia,Male,Muarabuliti,Yambee,23265.85,IDR
Alan,Cook,acook55@boston.com,Sweden,Male,Södertälje,Yoveo,1012.36,SEK
Terry,Turner,tturner56@cloudflare.com,Malta,Male,Dingli,Rhybox,8618.84,EUR
Philip,Ruiz,pruiz57@nbcnews.com,China,Male,Chuanxi,Wikido,83491.27,CNY
Jeffrey,Porter,jporter58@un.org,Indonesia,Male,Waru,Babbleblab,40879.18,IDR
Teresa,Watson,twatson59@yahoo.com,China,Female,Lantian,Lazz,15575.95,CNY
Alice,Jones,ajones5a@tumblr.com,France,Female,Le Havre,Gabtype,59594.87,EUR
Jose,Alexander,jalexander5b@time.com,Indonesia,Male,Krajan Karangwage,Flashspan,,IDR
Andrea,Kennedy,akennedy5c@uol.com.br,Indonesia,Female,Sungaikupang,Bluezoom,90697.54,IDR
Keith,Perez,kperez5d@slideshare.net,Portugal,Male,Cachadinha,Dynava,56708.69,EUR
Bruce,Oliver,boliver5e@ibm.com,Afghanistan,Male,Bāzārak,Katz,64072.55,AFN
Phillip,Miller,pmiller5f@zimbio.com,Indonesia,Male,Amerta,Wordify,77827.03,IDR
Peter,Green,pgreen5g@friendfeed.com,Indonesia,Male,Soreang,Dabvine,77258.07,IDR
Marie,Harper,mharper5h@psu.edu,Dominican Republic,Female,Salcedo,Kwimbee,34424.95,DOP
Roy,Patterson,rpatterson5i@state.tx.us,Indonesia,Male,Kalipucang,Flashdog,,IDR
Heather,Thompson,hthompson5j@fotki.com,Ireland,Female,Boyle,Gevee,76135.74,EUR
Juan,Thomas,jthomas5k@hao123.com,Canada,Male,Cornwall,Dabfeed,45583.05,CAD
Mary,Schmidt,mschmidt5l@creativecommons.org,China,Female,Bangshipu,Blogpad,33605.61,CNY
Timothy,Tucker,ttucker5m@wunderground.com,Ukraine,Male,Krasnopillya,Devbug,90280.57,UAH
Brandon,Carpenter,bcarpenter5n@reference.com,China,Male,Rongxiang,Rhycero,1182.22,CNY
Louise,Murphy,lmurphy5o@posterous.com,Russia,Female,Belyy Yar,Edgeclub,37798.97,RUB
Joe,Lane,jlane5p@devhub.com,China,Male,Tanxi,Jabbertype,30343.20,CNY
David,Chapman,dchapman5q@pbs.org,Philippines,Male,Liloy,Kazu,46879.13,PHP
Bobby,Chavez,bchavez5r@bloglines.com,China,Male,Shuangxiqiao,Wikizz,79595.33,CNY
Debra,Porter,dporter5s@a8.net,Indonesia,Female,Modosinal,Agivu,69725.83,IDR
Judith,Harper,jharper5t@addthis.com,Colombia,Female,Barbosa,Babbleopia,69918.99,COP
Pamela,Alexander,palexander5u@abc.net.au,Indonesia,Female,Kembangan,Chatterpoint,78984.12,IDR
Daniel,Oliver,doliver5v@usgs.gov,Israel,Male,Or Yehuda,Quatz,,ILS
Dorothy,Moore,dmoore5w@opensource.org,Vietnam,Female,Cẩm Phả,Thoughtmix,33889.38,VND
Joseph,Austin,jaustin5x@seattletimes.com,Sri Lanka,Male,Puttalam,Meevee,88868.83,LKR
Stephanie,Shaw,sshaw5y@seattletimes.com,China,Female,Xianglan,Dynazzy,48506.42,CNY
Rachel,Watkins,rwatkins5z@china.com.cn,Iran,Female,Nīshābūr,Browseblab,67269.46,IRR
Rachel,Perez,rperez60@cpanel.net,Russia,Female,Grebnevo,Pixonyx,27993.54,RUB
Eugene,Green,egreen61@soundcloud.com,Japan,Male,Shōbara,Eare,,JPY
Helen,Green,hgreen62@patch.com,Poland,Female,Szubin,Blogpad,88036.56,PLN
Russell,Little,rlittle63@quantcast.com,Philippines,Male,Malandag,Wikibox,,PHP
Lillian,Gilbert,lgilbert64@icio.us,Nigeria,Female,Kura,Thoughtworks,23941.86,NGN
Andrew,Fields,afields65@google.de,Russia,Male,Timashëvsk,Jabbercube,79596.51,RUB
Randy,Bishop,rbishop66@unc.edu,China,Male,Yangzhong,Edgeclub,19176.95,CNY
Eugene,Foster,efoster67@rakuten.co.jp,France,Male,Les Clayes-sous-Bois,Roodel,36617.85,EUR
Douglas,Gibson,dgibson68@tinyurl.com,Indonesia,Male,Nginokrajan,Thoughtbridge,64074.70,IDR
Debra,Martin,dmartin69@de.vu,China,Female,Futian,Mybuzz,76512.47,CNY
Janet,Howell,jhowell6a@time.com,Greece,Female,Velestíno,Tavu,,EUR
Annie,Kelley,akelley6b@google.co.uk,China,Female,Chengnan,Oodoo,51035.97,CNY
Harry,Vasquez,hvasquez6c@cmu.edu,Philippines,Male,Carmen,Realbridge,9181.71,PHP
Kathleen,Jacobs,kjacobs6d@army.mil,China,Female,Tongzilin,Thoughtstorm,32537.96,CNY
Jonathan,Ellis,jellis6e@ft.com,France,Male,Paris 09,Meembee,44018.21,EUR
Fred,Wheeler,fwheeler6f@i2i.jp,Ukraine,Male,Okhtyrka,Oloo,92523.50,UAH
Laura,Andrews,landrews6g@diigo.com,Poland,Female,Ksawerów,Youspan,,PLN
Johnny,Cunningham,jcunningham6h@telegraph.co.uk,China,Male,Huabeitun,Topiczoom,94762.75,CNY
Linda,Moreno,lmoreno6i@mediafire.com,Haiti,Female,Gressier,Mydo,69939.50,HTG
Antonio,Perez,aperez6j@ftc.gov,Honduras,Male,Yarumela,Gabspot,70228.15,HNL
Ruth,Diaz,rdiaz6k@bigcartel.com,Indonesia,Female,Putrajawa,Katz,,IDR
Craig,Howard,choward6l@washington.edu,China,Male,Shuangqiao,Brainverse,,CNY
Nicholas,Rose,nrose6m@europa.eu,China,Male,Mutang,Meevee,30847.38,CNY
Kelly,Garrett,kgarrett6n@last.fm,Indonesia,Female,Condong,Browseblab,28059.13,IDR
Bruce,Burke,bburke6o@gmpg.org,China,Male,Luoshan,Jabberbean,5524.55,CNY
Wanda,Evans,wevans6p@free.fr,France,Female,Lyon,Yozio,13626.99,EUR
Nicholas,Bailey,nbailey6q@hibu.com,Russia,Male,Ozerki,Kwimbee,90793.63,RUB
Sharon,Ruiz,sruiz6r@msn.com,China,Female,Qincheng,Tagfeed,39872.36,CNY
Gloria,Jenkins,gjenkins6s@nationalgeographic.com,Poland,Female,Tarnowskie Góry,Quatz,71119.73,PLN
Louise,Simmons,lsimmons6t@ed.gov,Ukraine,Female,Tysmenytsya,Mydeo,95331.26,UAH
Gary,Meyer,gmeyer6u@digg.com,China,Male,Hengjian,Tazz,13566.20,CNY
Henry,Garza,hgarza6v@washington.edu,China,Male,Shangjing,Centimia,51730.63,CNY
Shirley,Thomas,sthomas6w@shop-pro.jp,China,Female,Chengjiang,Jaloo,14035.98,CNY
Joseph,Murray,jmurray6x@yandex.ru,Afghanistan,Male,Sang-e Chārak,Topicware,91746.03,AFN
Michael,Spencer,mspencer6y@domainmarket.com,Bosnia and Herzegovina,Male,Cazin,Thoughtblab,42319.35,BAM
Donna,Mendoza,dmendoza6z@indiegogo.com,China,Female,Jiangzao,Oyoyo,73202.55,CNY
Eric,Ramirez,eramirez70@histats.com,Indonesia,Male,Gelang,Thoughtbridge,79220.29,IDR
Anna,Ward,award71@smugmug.com,France,Female,Montigny-lès-Metz,Chatterbridge,29074.92,EUR
Steve,Morrison,smorrison72@hexun.com,Syria,Male,Kafr Takhārīm,Pixoboo,84218.57,SYP
James,Wood,jwood73@infoseek.co.jp,Colombia,Male,La Paz,Skiba,75054.08,COP
Martin,Lane,mlane74@booking.com,Croatia,Male,Samobor,Skippad,40523.03,HRK
Todd,Rivera,trivera75@hubpages.com,Colombia,Male,Palmar de Varela,LiveZ,6068.23,COP
Amy,Carter,acarter76@economist.com,Japan,Female,Date,Jabbercube,19661.32,JPY
Andrea,Sims,asims77@seesaa.net,China,Female,Tangjiapo,Tagfeed,,CNY
Arthur,Hansen,ahansen78@time.com,Poland,Male,Sulbiny Górne,Trilia,60809.32,PLN
Sharon,Simmons,ssimmons79@github.com,China,Female,Jubaoshan,Riffpedia,61631.03,CNY
Phyllis,Franklin,pfranklin7a@house.gov,Vietnam,Female,Thị Trấn Cao Phong,Gigazoom,65811.46,VND
Karen,Garcia,kgarcia7b@mit.edu,China,Female,Nanhai,Thoughtblab,,CNY
Randy,Day,rday7c@goo.gl,Croatia,Male,Sigetec,Twimbo,50784.36,HRK
Christine,Matthews,cmatthews7d@spiegel.de,Indonesia,Female,Kebonsari Kidul,BlogXS,,IDR
Gloria,Thomas,gthomas7e@aboutads.info,Norway,Female,Oslo,Npath,71485.68,NOK
Johnny,Hunter,jhunter7f@exblog.jp,Colombia,Male,Buenaventura,Kazu,78518.24,COP
Heather,Moreno,hmoreno7g@tinyurl.com,New Zealand,Female,Hastings,Photobug,,NZD
Julie,Cruz,jcruz7h@ucsd.edu,China,Female,Lianyuan,Skyble,79680.61,CNY
Angela,Sims,asims7i@delicious.com,China,Female,Ta’erqi,Yacero,26983.96,CNY
Jeremy,Long,jlong7j@tripadvisor.com,United States,Male,Houston,Fivebridge,,USD
Kathy,James,kjames7k@stanford.edu,Philippines,Female,Burauen,Realfire,47734.61,PHP
Emily,Boyd,eboyd7l@boston.com,Indonesia,Female,Jalasenga,Edgeblab,49125.51,IDR
Alice,Myers,amyers7m@rakuten.co.jp,Ethiopia,Female,Goba,Tanoodle,33752.15,ETB
Jason,Washington,jwashington7n@liveinternet.ru,Iran,Male,Sūrān,Midel,59957.55,IRR
Melissa,Sullivan,msullivan7o@joomla.org,Russia,Female,Kudinovo,Buzzster,52806.19,RUB
Todd,Rose,trose7p@amazon.com,Israel,Male,Bené Beraq,Browsezoom,,ILS
Jesse,Gutierrez,jgutierrez7q@home.pl,Oman,Male,Ibrā’,Flashdog,,OMR
Susan,Sims,ssims7r@jugem.jp,Canada,Female,Labelle,Jetpulse,,CAD
Andrea,Morris,amorris7s@chronoengine.com,Democratic Republic of the Congo,Female,Bongandanga,Meembee,7114.88,CDF
Elizabeth,Roberts,eroberts7t@wp.com,China,Female,Xinxu,Zava,71537.86,CNY
Louis,Evans,levans7u@usda.gov,Sweden,Male,Borås,Riffpedia,11900.84,SEK
Shawn,Perkins,sperkins7v@ifeng.com,Iran,Male,Līkak,Yata,35203.31,IRR
Robin,Pierce,rpierce7w@360.cn,Nicaragua,Female,El Rosario,Meembee,68921.34,NIO
Adam,Stewart,astewart7x@nature.com,Guatemala,Male,Santiago Atitlán,Jabberbean,63702.99,GTQ
Andrea,Kim,akim7y@reverbnation.com,Philippines,Female,Talugtug,Feedfire,26749.51,PHP
Shawn,Bryant,sbryant7z@instagram.com,Syria,Male,Al Mushannaf,Dabshots,39776.23,SYP
Bobby,Frazier,bfrazier80@360.cn,Argentina,Male,Contraalmirante Cordero,Twitterbeat,88535.35,ARS
Willie,Martinez,wmartinez81@auda.org.au,Czech Republic,Male,Hradec Králové,Dabfeed,,CZK
Willie,Mills,wmills82@taobao.com,France,Male,Nice,Youtags,81759.36,EUR
Jessica,Riley,jriley83@hc360.com,United States,Female,Silver Spring,Babblestorm,54704.27,USD
Aaron,Olson,aolson84@rakuten.co.jp,Czech Republic,Male,Rokycany,Kazio,87736.00,CZK
Ruby,Wheeler,rwheeler85@example.com,Japan,Female,Takaoka,Brainsphere,11448.64,JPY
Raymond,Hawkins,rhawkins86@sfgate.com,Russia,Male,Perovo,Gigashots,36113.29,RUB
Marilyn,Martin,mmartin87@linkedin.com,China,Female,Fazhan,Realfire,35967.59,CNY
Phillip,Palmer,ppalmer88@drupal.org,Indonesia,Male,Gesik,Flashpoint,6535.16,IDR
Kimberly,Henry,khenry89@rambler.ru,Poland,Female,Gniezno,Divavu,99366.58,PLN
Irene,Reyes,ireyes8a@csmonitor.com,Zambia,Female,Kalabo,Ailane,25202.54,ZMW
George,Barnes,gbarnes8b@goo.ne.jp,Ivory Coast,Male,Adzopé,Eabox,,XOF
Nancy,Myers,nmyers8c@ustream.tv,Russia,Female,Muranovo,Camimbo,,RUB
Janice,Harris,jharris8d@home.pl,Brazil,Female,Boracéia,Twitterbeat,30291.60,BRL
Kevin,Castillo,kcastillo8e@desdev.cn,Jordan,Male,As Salţ,BlogXS,,JOD
Stephanie,Ross,sross8f@yandex.ru,South Sudan,Female,Kajok,Dabtype,,SSP
Antonio,Morgan,amorgan8g@chicagotribune.com,Russia,Male,Detchino,Digitube,84330.72,RUB
Billy,Ramos,bramos8h@imageshack.us,France,Male,Angoulême,Feedbug,97025.87,EUR
Bruce,Schmidt,bschmidt8i@google.cn,Kosovo,Male,Podujeva,Youspan,10070.94,EUR
Peter,Gray,pgray8j@cnn.com,Canada,Male,Kelowna,Realcube,3231.91,CAD
Donald,Montgomery,dmontgomery8k@indiegogo.com,Brazil,Male,Piracuruca,Twitterwire,74076.56,BRL
Todd,Alexander,talexander8l@google.co.uk,France,Male,Bagnolet,Zoombox,74786.29,EUR
Linda,Hanson,lhanson8m@biblegateway.com,China,Female,Menglie,Innojam,94908.43,CNY
Barbara,Watkins,bwatkins8n@tmall.com,South Africa,Female,Orkney,Tagchat,9957.32,ZAR
Wayne,Cook,wcook8o@xrea.com,Brazil,Male,Maragogi,Feednation,16881.71,BRL
Ernest,Mills,emills8p@auda.org.au,France,Male,Vichy,Divanoodle,59703.10,EUR
Justin,Banks,jbanks8q@seattletimes.com,Russia,Male,Mitrofanovka,Kazio,15809.69,RUB
Terry,Kim,tkim8r@sourceforge.net,China,Male,Banqiao,Babbleset,12368.51,CNY
Phyllis,Gordon,pgordon8s@nbcnews.com,Vietnam,Female,Thanh Xuân,Trunyx,19450.90,VND
Irene,Young,iyoung8t@google.nl,France,Female,Noisy-le-Grand,Quamba,49262.66,EUR
Billy,Lewis,blewis8u@state.gov,China,Male,Taoyuan,Thoughtbridge,17045.76,CNY
Brian,Edwards,bedwards8v@studiopress.com,South Korea,Male,Nonsan,Yacero,32578.90,KRW
Irene,Martin,imartin8w@booking.com,Ukraine,Female,Shums’k,Youopia,90754.35,UAH
Bonnie,Payne,bpayne8x@newsvine.com,French Polynesia,Female,Fare,Buzzbean,39635.43,XPF
Judith,Richards,jrichards8y@theglobeandmail.com,Brazil,Female,Jaraguá do Sul,Avaveo,84758.72,BRL
Amy,Russell,arussell8z@dmoz.org,Thailand,Female,Bang Lamung,Edgeclub,29433.66,THB
Edward,Phillips,ephillips90@spiegel.de,Indonesia,Male,Krajan Suko Kidul,Jaxspan,5726.75,IDR
Cynthia,Grant,cgrant91@foxnews.com,Portugal,Female,Esmoriz,Buzzster,,EUR
Eugene,Perkins,eperkins92@google.com.br,China,Male,Xijiang,Gigaclub,4515.51,CNY
Sarah,Morris,smorris93@mail.ru,China,Female,Zhangye,Skippad,50931.66,CNY
Lisa,Daniels,ldaniels94@tumblr.com,Albania,Female,Remas,Wordware,87861.55,ALL
Doris,Banks,dbanks95@timesonline.co.uk,Hungary,Female,Szeged,Zoombeat,47608.38,HUF
Jimmy,Fox,jfox96@creativecommons.org,Indonesia,Male,Sudo,Gabspot,,IDR
Ruby,Payne,rpayne97@mediafire.com,China,Female,Sujiatun,Lajo,50371.31,CNY
Julia,Bishop,jbishop98@youtu.be,China,Female,Gaobu,Oozz,64599.80,CNY
Jennifer,Ryan,jryan99@dagondesign.com,Sweden,Female,Täby,Meetz,99475.46,SEK
Alice,Marshall,amarshall9a@hexun.com,Ghana,Female,Wenchi,Roombo,42441.10,GHS
Jose,Wood,jwood9b@whitehouse.gov,Russia,Male,Samashki,Feedspan,69140.11,RUB
Keith,Lawrence,klawrence9c@opera.com,Myanmar,Male,Hinthada,Quinu,1366.63,MMK
Doris,Peterson,dpeterson9d@xinhuanet.com,Faroe Islands,Female,Vestmanna,Voonte,13751.05,DKK
Kenneth,Ryan,kryan9e@usatoday.com,China,Male,Qiaozhuang,Zoomcast,25309.49,CNY
Sean,Howell,showell9f@vk.com,Portugal,Male,Figueira,Jabberbean,38019.93,EUR
Theresa,Stephens,tstephens9g@deliciousdays.com,Finland,Female,Kivijärvi,Katz,62932.16,EUR
Diane,Webb,dwebb9h@1und1.de,Indonesia,Female,Lodoyo,Npath,59520.04,IDR
Randy,Burke,rburke9i@pinterest.com,Belarus,Male,Mstsislaw,Livetube,55644.60,BYR
Mary,Gutierrez,mgutierrez9j@cpanel.net,Poland,Female,Mrzeżyno,Jabberbean,53067.06,PLN
Louis,Matthews,lmatthews9k@microsoft.com,Philippines,Male,Camias,Meezzy,91239.08,PHP
Nicole,Elliott,nelliott9l@boston.com,Philippines,Female,Bicos,Gigazoom,70579.45,PHP
Patrick,Elliott,pelliott9m@zdnet.com,Peru,Male,Salas,Fiveclub,62836.45,PEN
Kathleen,Duncan,kduncan9n@t-online.de,Honduras,Female,Orocuina,Roombo,26494.56,HNL
Billy,White,bwhite9o@nature.com,China,Male,Zhuping,Ntag,80759.90,CNY
Christopher,Lynch,clynch9p@liveinternet.ru,Zambia,Male,Nakonde,Chatterpoint,91074.36,ZMW
Michael,Mendoza,mmendoza9q@sphinn.com,Indonesia,Male,Batuidu,Kazio,76526.50,IDR
Lori,Campbell,lcampbell9r@blogs.com,Philippines,Female,Cawayan,Tagcat,12846.16,PHP
Robin,Wagner,rwagner9s@squidoo.com,Indonesia,Female,Banjar Dauhpangkung,Tagfeed,,IDR
Bobby,Fields,bfields9t@hao123.com,Peru,Male,Cuchumbaya,Izio,94463.73,PEN
Gary,Watson,gwatson9u@npr.org,China,Male,Dalubian,Quatz,81223.16,CNY
Jesse,Matthews,jmatthews9v@gov.uk,Philippines,Male,Rajal Norte,Wikido,64867.81,PHP
Jonathan,Harper,jharper9w@answers.com,Latvia,Male,Gulbene,Midel,,EUR
Roy,Mcdonald,rmcdonald9x@ft.com,Nigeria,Male,Kontagora,Skiba,25448.19,NGN
Michael,Duncan,mduncan9y@diigo.com,Togo,Male,Sokodé,Dabfeed,90106.60,XOF
Philip,Cruz,pcruz9z@comcast.net,Greece,Male,Géfyra,Bluejam,53571.94,EUR
Rachel,Flores,rfloresa0@ted.com,Serbia,Female,Leskovac,Linklinks,67206.20,RSD
Amanda,King,akinga1@qq.com,Myanmar,Female,Thaton,Teklist,52941.33,MMK
Julie,Wright,jwrighta2@huffingtonpost.com,Russia,Female,Pushkino,Mymm,,RUB
Wayne,Larson,wlarsona3@jalbum.net,Poland,Male,Głogów Małopolski,Quaxo,15750.10,PLN
Victor,Wright,vwrighta4@businessinsider.com,China,Male,Dengnan,Topdrive,38268.23,CNY
Aaron,Torres,atorresa5@cpanel.net,Argentina,Male,Chepes,Devpoint,33871.92,ARS
Justin,Stephens,jstephensa6@indiatimes.com,Greece,Male,Provatás,Cogibox,54668.24,EUR
Nicole,Burton,nburtona7@timesonline.co.uk,France,Female,Levallois-Perret,Oyoba,1923.09,EUR
Bonnie,Greene,bgreenea8@amazonaws.com,China,Female,Lijiazui,Tanoodle,36996.89,CNY
Justin,Warren,jwarrena9@yahoo.com,France,Male,Évry,Dabtype,52359.61,EUR
Doris,Henry,dhenryaa@google.es,Portugal,Female,Velas,Livetube,36339.28,EUR
Clarence,Robertson,crobertsonab@nydailynews.com,Portugal,Male,Mata,Skyndu,95737.50,EUR
Kathy,Jones,kjonesac@g.co,Japan,Female,Toyoshina,Wikido,76983.35,JPY
Brandon,Peters,bpetersad@lulu.com,Bosnia and Herzegovina,Male,Čapljina,Skidoo,57018.94,BAM
Walter,Adams,wadamsae@elpais.com,Indonesia,Male,Cipari,Trilith,54475.82,IDR
Bonnie,Fernandez,bfernandezaf@cisco.com,Serbia,Female,Orlovat,Dazzlesphere,30656.87,RSD
Donna,Lane,dlaneag@sakura.ne.jp,Russia,Female,Prosvet,Wikivu,51998.01,RUB
Nicole,Nguyen,nnguyenah@whitehouse.gov,Peru,Female,Cabanaconde,Kwinu,39460.47,PEN
Stephen,Cox,scoxai@sfgate.com,Madagascar,Male,Toamasina,Youopia,72721.98,MGA
Joe,Murray,jmurrayaj@deviantart.com,Indonesia,Male,Leuwayang,Chatterbridge,49490.26,IDR
Shirley,Phillips,sphillipsak@is.gd,Venezuela,Female,Ciudad Bolivia,Mycat,75391.44,VEF
Marie,Roberts,mrobertsal@google.ca,Sri Lanka,Female,Kandy,Aibox,3439.78,LKR
Lisa,Baker,lbakeram@addthis.com,Brazil,Female,Coelho Neto,Skimia,,BRL
William,Payne,wpaynean@elegantthemes.com,China,Male,Yangzi,Demizz,5238.21,CNY
Maria,Moore,mmooreao@timesonline.co.uk,Russia,Female,Talitsa,Yata,8129.36,RUB
Victor,Holmes,vholmesap@archive.org,Equatorial Guinea,Male,Ebebiyin,Eamia,31220.25,XAF
Steven,Tucker,stuckeraq@discuz.net,Mexico,Male,Niños Heroes,Latz,26793.49,MXN
Albert,Hanson,ahansonar@cbslocal.com,Finland,Male,Tornio,Skidoo,59224.95,EUR
Phyllis,Howell,phowellas@thetimes.co.uk,Indonesia,Female,Sugihwaras,Cogidoo,16764.44,IDR
Melissa,Smith,msmithat@telegraph.co.uk,Canada,Female,Selkirk,Realfire,12226.75,CAD
Peter,Long,plongau@earthlink.net,Canada,Male,Wabana,Brightbean,61035.92,CAD
Heather,Garcia,hgarciaav@businessweek.com,Japan,Female,Itō,Zooveo,86280.62,JPY
Cheryl,Alexander,calexanderaw@rediff.com,Poland,Female,Pszczew,Voomm,19874.43,PLN
Jesse,Black,jblackax@shareasale.com,Ukraine,Male,Krasne,Gabvine,56546.24,UAH
Jonathan,Olson,jolsonay@jalbum.net,Canada,Male,Vaughan,Camimbo,,CAD
Martin,Campbell,mcampbellaz@wisc.edu,Brazil,Male,Camaçari,Centidel,77447.64,BRL
Alan,Fowler,afowlerb0@technorati.com,Indonesia,Male,Sambilawang,Jaloo,2630.80,IDR
Michelle,Berry,mberryb1@amazon.com,France,Female,Cesson,Meetz,30355.93,EUR
Walter,Wallace,wwallaceb2@mac.com,China,Male,Puzi,Dablist,72479.79,CNY
Denise,Banks,dbanksb3@home.pl,Greece,Female,Plagiári,Photospace,70602.31,EUR
Gary,Mcdonald,gmcdonaldb4@washington.edu,China,Male,Shuangxi,Wordware,,CNY
Stephen,Richardson,srichardsonb5@jigsy.com,China,Male,Longqiao,Linklinks,11086.63,CNY
Jean,Nelson,jnelsonb6@list-manage.com,Nigeria,Female,Maiyema,Twinte,98635.41,NGN
Carol,Garza,cgarzab7@bloglines.com,Latvia,Female,Ādaži,Thoughtstorm,73154.57,EUR
Antonio,Wagner,awagnerb8@hao123.com,Brazil,Male,Nova Cruz,Jazzy,89511.25,BRL
Amy,Grant,agrantb9@shinystat.com,Kyrgyzstan,Female,Isfana,Mydo,95907.13,KGS
Elizabeth,Murray,emurrayba@google.com.au,Poland,Female,Wola Filipowska,Topicshots,9464.02,PLN
Kenneth,Palmer,kpalmerbb@issuu.com,Cuba,Male,Sancti Spíritus,Einti,77121.46,CUP
Howard,Edwards,hedwardsbc@comcast.net,China,Male,Longxi,Dabfeed,12759.88,CNY
Melissa,Holmes,mholmesbd@elegantthemes.com,Macedonia,Female,Ростуша,Skimia,45577.65,MKD
Matthew,Mendoza,mmendozabe@nsw.gov.au,Sweden,Male,Kristianstad,Feedfire,10372.86,SEK
Jennifer,Henry,jhenrybf@amazon.com,Colombia,Female,Almaguer,Riffpedia,,COP
Henry,Moore,hmoorebg@weibo.com,China,Male,Huagu,Mita,44240.24,CNY
Pamela,Alvarez,palvarezbh@bigcartel.com,Norway,Female,Porsgrunn,Devpulse,,NOK
Helen,Stevens,hstevensbi@ustream.tv,France,Female,Tours,Oyoba,60974.54,EUR
Diane,Harrison,dharrisonbj@wisc.edu,Bahamas,Female,Nassau,Gabspot,9755.34,BSD
Patricia,Bowman,pbowmanbk@dailymail.co.uk,China,Female,Shangqing,Thoughtbridge,13862.44,CNY
Jessica,James,jjamesbl@sakura.ne.jp,Indonesia,Female,Bosen,Twitternation,65174.06,IDR
Ernest,Hill,ehillbm@51.la,Poland,Male,Opatówek,Photolist,10972.28,PLN
Beverly,Lopez,blopezbn@ucsd.edu,China,Female,Lugouqiao,Brainsphere,64940.62,CNY
Mildred,Nichols,mnicholsbo@dmoz.org,Myanmar,Female,Syriam,Rooxo,83270.56,MMK
Denise,Kelley,dkelleybp@wufoo.com,Philippines,Female,San Manuel,Photojam,98278.18,PHP
Judith,Jackson,jjacksonbq@behance.net,Argentina,Female,Goya,Twiyo,28648.73,ARS
Jack,Fields,jfieldsbr@storify.com,Netherlands,Male,Terneuzen,Demivee,9619.02,EUR
Carl,Peterson,cpetersonbs@stumbleupon.com,Philippines,Male,Maulawin,Quamba,93585.02,PHP
Susan,Ortiz,sortizbt@sourceforge.net,Philippines,Female,Talalora,Yodoo,50366.17,PHP
Benjamin,Morrison,bmorrisonbu@plala.or.jp,Ukraine,Male,Komyshany,Realbridge,69924.39,UAH
Steven,Crawford,scrawfordbv@cnbc.com,South Africa,Male,Zeerust,Dynabox,51191.71,ZAR
Angela,Garza,agarzabw@blinklist.com,Philippines,Female,Purac,Jetwire,29273.13,PHP
Timothy,Flores,tfloresbx@lycos.com,Peru,Male,Iquipi,Kanoodle,19556.38,PEN
Carolyn,Stanley,cstanleyby@soup.io,Argentina,Female,Tres Isletas,Blogspan,,ARS
Jason,Banks,jbanksbz@cisco.com,Argentina,Male,28 de Noviembre,Skipfire,29095.12,ARS
Katherine,Wilson,kwilsonc0@taobao.com,Canada,Female,Kugluktuk,Riffpedia,,CAD
Kelly,Martin,kmartinc1@earthlink.net,Philippines,Female,Panique,Trunyx,89306.71,PHP
Laura,Jackson,ljacksonc2@house.gov,South Korea,Female,Nonsan,Katz,91550.89,KRW
Stephen,Alvarez,salvarezc3@hostgator.com,United States,Male,Huntington,Lazz,8974.41,USD
Alan,Clark,aclarkc4@mozilla.com,Indonesia,Male,Kablukan,Edgewire,99179.56,IDR
Roger,Nichols,rnicholsc5@house.gov,Indonesia,Male,Wewit,Topiczoom,67578.87,IDR
Brian,Patterson,bpattersonc6@digg.com,Colombia,Male,Villeta,Kwimbee,69066.89,COP
Nancy,Garcia,ngarciac7@naver.com,Poland,Female,Lubień,Kwimbee,10731.24,PLN
Lisa,Hicks,lhicksc8@ucoz.com,Tanzania,Female,Kisarawe,Zooxo,,TZS
Clarence,Stanley,cstanleyc9@spiegel.de,Svalbard and Jan Mayen,Male,Longyearbyen,Omba,,NOK
Debra,Lewis,dlewisca@hud.gov,Honduras,Female,El Rancho,Geba,16333.09,HNL
Denise,Kim,dkimcb@mac.com,Indonesia,Female,Lubuk Sikaping,Lazzy,10394.30,IDR
Todd,Hawkins,thawkinscc@uiuc.edu,Venezuela,Male,Guatire,Jabberstorm,46616.11,VEF
Gary,Washington,gwashingtoncd@prnewswire.com,Greece,Male,Malesína,Jaxnation,49993.96,EUR
Andrea,Riley,arileyce@ebay.com,Greece,Female,Elaiochóri,Edgeblab,80249.89,EUR
Betty,Olson,bolsoncf@springer.com,Russia,Female,Dubki,Eamia,83074.59,RUB
Marie,Stephens,mstephenscg@dell.com,Belarus,Female,Loshnitsa,Meevee,72738.38,BYR
Sarah,Burton,sburtonch@ycombinator.com,Argentina,Female,Aviá Terai,Abatz,87327.90,ARS
Barbara,Mason,bmasonci@1und1.de,Tanzania,Female,Konde,Devcast,53566.58,TZS
Douglas,Mccoy,dmccoycj@sitemeter.com,Poland,Male,Murów,Youbridge,90079.64,PLN
Wanda,Long,wlongck@washington.edu,Lithuania,Female,Aleksotas,Kazio,75133.52,LTL
John,White,jwhitecl@de.vu,Australia,Male,Perth,Myworks,2207.17,AUD
Steven,Green,sgreencm@blogs.com,Kuwait,Male,As Sālimīyah,Oodoo,49935.74,KWD
Paula,White,pwhitecn@ucoz.ru,China,Female,Lantang,Camido,14405.31,CNY
Katherine,Ross,krossco@yahoo.co.jp,Czech Republic,Female,Štoky,Browseblab,13086.26,CZK
Mark,Jones,mjonescp@deliciousdays.com,United States,Male,Arlington,Edgewire,22824.68,USD
Bonnie,Adams,badamscq@theguardian.com,Indonesia,Female,Gubukjero Timuk,Yadel,53796.17,IDR
Carolyn,Palmer,cpalmercr@bandcamp.com,Indonesia,Female,Karangwaru,Pixoboo,40462.17,IDR
Heather,Burke,hburkecs@berkeley.edu,Afghanistan,Female,Charikar,Rhyloo,6158.38,AFN
Justin,Montgomery,jmontgomeryct@google.es,Greenland,Male,Paamiut,Brightdog,17954.79,DKK
Sara,Lawrence,slawrencecu@netvibes.com,Portugal,Female,Portela,Youspan,53214.17,EUR
Anthony,Hansen,ahansencv@google.ru,United States,Male,Jackson,Minyx,20922.87,USD
Brandon,Sanchez,bsanchezcw@uiuc.edu,Russia,Male,Vychegodskiy,Skalith,49313.43,RUB
Robert,Price,rpricecx@comsenz.com,Namibia,Male,Ongandjera,Rhynoodle,36718.44,NAD
Kenneth,Weaver,kweavercy@ucoz.com,Thailand,Male,Bang Pa-in,Thoughtblab,8677.97,THB
Carolyn,Morris,cmorriscz@phpbb.com,China,Female,Litian,Skipfire,50837.29,CNY
Johnny,Mason,jmasond0@hatena.ne.jp,China,Male,Runjin,Agivu,,CNY
Jesse,Morales,jmoralesd1@reference.com,Japan,Male,Kuroiso,Linkbridge,51879.24,JPY
Gerald,Rogers,grogersd2@facebook.com,Germany,Male,Berlin,Fliptune,,EUR
Frank,Fuller,ffullerd3@pen.io,China,Male,Yihe,Topdrive,63709.00,CNY
Christina,Webb,cwebbd4@quantcast.com,Sweden,Female,Timrå,Jabbertype,47939.07,SEK
Anthony,Williamson,awilliamsond5@51.la,Colombia,Male,Cruces de Anorí,Trunyx,45912.11,COP
Stephanie,Roberts,srobertsd6@hp.com,Serbia,Female,Dublje,Digitube,26938.60,RSD
Amanda,Harrison,aharrisond7@hud.gov,Bulgaria,Female,Gotse Delchev,Vitz,66232.37,BGN
David,Torres,dtorresd8@mac.com,China,Male,Pingshan,Kare,8141.29,CNY
Dorothy,Hawkins,dhawkinsd9@webs.com,China,Female,Changning,Bubblemix,55510.96,CNY
Catherine,Harrison,charrisonda@scientificamerican.com,China,Female,Geji,Blogpad,,CNY
Samuel,Ruiz,sruizdb@si.edu,Indonesia,Male,Maurole,InnoZ,1856.63,IDR
Ruth,Smith,rsmithdc@xing.com,Argentina,Female,Pampa del Infierno,Brainsphere,58449.46,ARS
Harry,Mccoy,hmccoydd@hhs.gov,Mexico,Male,Benito Juarez,Leexo,3420.74,MXN
Johnny,Rodriguez,jrodriguezde@last.fm,Indonesia,Male,Bipolo,Mybuzz,51765.17,IDR
Angela,Cooper,acooperdf@shinystat.com,Jordan,Female,Saḩāb,Quimba,76330.19,JOD
Betty,Baker,bbakerdg@google.ru,Sweden,Female,Svalöv,Aivee,89446.23,SEK
Daniel,Bell,dbelldh@un.org,China,Male,Dongsheng,Snaptags,8202.17,CNY
Carol,Kelley,ckelleydi@sbwire.com,Indonesia,Female,Cimaung Kidul,Shuffletag,63842.69,IDR
Theresa,Reed,treeddj@businessinsider.com,Ukraine,Female,Tsibulev,Izio,22645.73,UAH
Barbara,Hamilton,bhamiltondk@thetimes.co.uk,Ukraine,Female,Verkhnya Rozhanka,Topicware,6530.46,UAH
Richard,Johnson,rjohnsondl@pagesperso-orange.fr,Mexico,Male,San Jose,Yoveo,50180.16,MXN
William,Nelson,wnelsondm@csmonitor.com,China,Male,Lancai,Skalith,15402.22,CNY
Joshua,Gomez,jgomezdn@engadget.com,Norway,Male,Oslo,Babblestorm,36526.32,NOK
Eric,Fields,efieldsdo@ezinearticles.com,Japan,Male,Shisui,Camimbo,49544.80,JPY
Martin,Miller,mmillerdp@businesswire.com,United States,Male,Los Angeles,Voonix,53883.22,USD
Jack,Berry,jberrydq@de.vu,Finland,Male,Kuivaniemi,Photofeed,90129.85,EUR
Nicole,Murphy,nmurphydr@addtoany.com,Poland,Female,Janowiec,Tavu,57930.63,PLN
Carol,Chavez,cchavezds@dagondesign.com,United States,Female,Toledo,Twiyo,97494.81,USD
Arthur,Reyes,areyesdt@berkeley.edu,Russia,Male,Medvedok,Roodel,60877.90,RUB
Betty,Barnes,bbarnesdu@ebay.co.uk,Portugal,Female,Vale da Serra,Lazz,8272.17,EUR
Helen,Jones,hjonesdv@posterous.com,Brazil,Female,Campo Belo,Aimbu,80027.03,BRL
Evelyn,Peterson,epetersondw@businessweek.com,Indonesia,Female,Bondoboghila,Jaxnation,55263.61,IDR
Catherine,Johnston,cjohnstondx@latimes.com,Costa Rica,Female,Patarrá,Flashspan,7002.62,CRC
Arthur,White,awhitedy@huffingtonpost.com,Philippines,Male,Guimbal,Buzzbean,,PHP
Martha,Wheeler,mwheelerdz@stumbleupon.com,Indonesia,Female,Sumberrejo,Rhyzio,,IDR
Jennifer,Cruz,jcruze0@house.gov,Uzbekistan,Female,Shahrisabz Shahri,Blogtags,98908.28,UZS
Brandon,Franklin,bfrankline1@theatlantic.com,Russia,Male,Losevo,Kimia,24502.70,RUB
Joan,Freeman,jfreemane2@symantec.com,Indonesia,Female,Kamalaputi,Eire,85909.26,IDR
Carol,Watkins,cwatkinse3@ted.com,France,Female,Nantes,Tagpad,67529.30,EUR
Gloria,Harrison,gharrisone4@instagram.com,Burkina Faso,Female,Ouagadougou,Leenti,64331.96,XOF
Amanda,Perkins,aperkinse5@berkeley.edu,Tajikistan,Female,Vahdat,Centimia,48041.85,TJS
Tammy,Cooper,tcoopere6@homestead.com,Slovenia,Female,Log pri Brezovici,Voonder,41213.02,EUR
Jeffrey,Kelley,jkelleye7@wikipedia.org,Albania,Male,Hot,Kare,35428.73,ALL
Carolyn,Harris,charrise8@discuz.net,Poland,Female,Nałęczów,Browsedrive,87355.85,PLN
Charles,White,cwhitee9@nsw.gov.au,Czech Republic,Male,Vrané nad Vltavou,Skynoodle,38376.98,CZK
George,Barnes,gbarnesea@imdb.com,Estonia,Male,Narva,Agimba,70636.88,EUR
Judith,Jenkins,jjenkinseb@simplemachines.org,Iraq,Female,Ad Dujayl,Mydo,3110.81,IQD
Gerald,Myers,gmyersec@desdev.cn,Indonesia,Male,Gandusari,Thoughtblab,21390.76,IDR
Victor,Johnston,vjohnstoned@ning.com,China,Male,Pozhang,Linktype,55947.68,CNY
Paula,Williamson,pwilliamsonee@pinterest.com,Poland,Female,Fordon,Eimbee,1452.75,PLN
Christine,Carter,ccarteref@java.com,Aland Islands,Female,Kökar,Quatz,25071.22,EUR
Nicole,Torres,ntorreseg@yellowbook.com,China,Female,Longwantun,Yodo,56947.99,CNY
Judith,Andrews,jandrewseh@ted.com,Poland,Female,Lisewo Malborskie,Zooveo,32839.18,PLN
Timothy,Rodriguez,trodriguezei@paginegialle.it,Guinea,Male,Kissidougou,Pixoboo,46193.45,GNF
Janice,Castillo,jcastilloej@gov.uk,Philippines,Female,Pitogo,Thoughtstorm,96227.66,PHP
Stephanie,Welch,swelchek@surveymonkey.com,Japan,Female,Itsukaichi,Eazzy,62334.87,JPY
Diane,Roberts,drobertsel@hubpages.com,China,Female,Shangshaleng,Dynava,44161.01,CNY
Sandra,Cook,scookem@yandex.ru,Afghanistan,Female,Nāṟay,Zooveo,70919.72,AFN
Christopher,Hernandez,chernandezen@vinaora.com,Saint Kitts and Nevis,Male,Basseterre,Kaymbo,63402.11,XCD
Jennifer,Washington,jwashingtoneo@vk.com,Brazil,Female,Cabo,Eire,20815.41,BRL
Rachel,Mills,rmillsep@bigcartel.com,South Africa,Female,Groblersdal,Jaxnation,72279.83,ZAR
Marilyn,Fowler,mfowlereq@toplist.cz,Germany,Female,Nürnberg,Jabbercube,,EUR
Benjamin,Garrett,bgarretter@latimes.com,Zimbabwe,Male,Shurugwi,Jamia,82940.44,ZWL
Howard,Franklin,hfranklines@imgur.com,Portugal,Male,Covão da Carvalha,Edgepulse,23931.94,EUR
Bonnie,Fernandez,bfernandezet@xing.com,Egypt,Female,Dhahab,Gigashots,79709.85,EGP
Diana,Banks,dbankseu@deliciousdays.com,China,Female,Xiaohekou,Geba,50666.14,CNY
Amanda,Thomas,athomasev@miitbeian.gov.cn,China,Female,Zhushan,Thoughtstorm,62608.97,CNY
Steve,Webb,swebbew@shareasale.com,Indonesia,Male,Hobonio,Quimba,90412.54,IDR
Irene,Alvarez,ialvarezex@about.me,China,Female,Xiluodu,Yombu,,CNY
Evelyn,Fernandez,efernandezey@europa.eu,Botswana,Female,Janeng,Mymm,86794.26,BWP
Norma,Lee,nleeez@paginegialle.it,Czech Republic,Female,Křížová,Wikizz,65120.14,CZK
Jason,Wallace,jwallacef0@cloudflare.com,Russia,Male,Kuybyshevo,Photobean,66818.39,RUB
Antonio,Richardson,arichardsonf1@marriott.com,Vietnam,Male,Hoàn Kiếm,Yakijo,20894.28,VND
Antonio,Perkins,aperkinsf2@blogs.com,Indonesia,Male,Cipari,Fliptune,10641.93,IDR
Charles,Hanson,chansonf3@jalbum.net,China,Male,Jinchang,Oyondu,84053.35,CNY
Victor,Snyder,vsnyderf4@cyberchimps.com,Russia,Male,Pogranichnyy,Mynte,54583.39,RUB
Gregory,Evans,gevansf5@51.la,Azerbaijan,Male,Sumqayıt,Flashpoint,59844.68,AZN
Jeremy,Peters,jpetersf6@tuttocitta.it,Russia,Male,Novorossiysk,Npath,45829.12,RUB
Diane,Mason,dmasonf7@xing.com,United States,Female,Wichita,Brainlounge,85283.77,USD
Frances,Lawson,flawsonf8@apache.org,Portugal,Female,Eira da Pedra,Ozu,22482.78,EUR
Mildred,White,mwhitef9@wunderground.com,Poland,Female,Rzewnie,Skipfire,95988.68,PLN
Louise,Medina,lmedinafa@about.me,Mexico,Female,El Arenal,Realmix,9885.97,MXN
Nicholas,Jones,njonesfb@disqus.com,Sweden,Male,Ytterby,Oodoo,48125.94,SEK
Frances,Dean,fdeanfc@ed.gov,Philippines,Female,Burgos,Wordware,27112.85,PHP
Janet,Mills,jmillsfd@printfriendly.com,Indonesia,Female,Rentung,Divavu,76998.93,IDR
Randy,Marshall,rmarshallfe@plala.or.jp,Armenia,Male,Horrom,Talane,,AMD
Justin,Sims,jsimsff@hhs.gov,Bangladesh,Male,Habiganj,Pixonyx,30717.86,BDT
Billy,Robertson,brobertsonfg@who.int,Argentina,Male,Coronel Belisle,Buzzdog,14.53,ARS
Laura,Fernandez,lfernandezfh@seattletimes.com,Bangladesh,Female,Char Bhadrāsan,Jatri,97312.38,BDT
Denise,Sullivan,dsullivanfi@cnn.com,Philippines,Female,Gamay,Shuffledrive,,PHP
Harold,Jordan,hjordanfj@cdbaby.com,Croatia,Male,Retkovci,Thoughtmix,37992.10,HRK
Diane,Patterson,dpattersonfk@cargocollective.com,Portugal,Female,Pereira,Yambee,90347.35,EUR
Carolyn,Smith,csmithfl@elegantthemes.com,Ukraine,Female,Berezanka,Gigabox,58867.90,UAH
Joyce,Lynch,jlynchfm@chronoengine.com,Mexico,Female,San Antonio,Jaxworks,69566.93,MXN
Carl,Andrews,candrewsfn@wikimedia.org,Democratic Republic of the Congo,Male,Tshela,Yata,98354.55,CDF
Russell,Robertson,rrobertsonfo@arizona.edu,France,Male,Sceaux,Mita,558.89,EUR
Andrew,Chapman,achapmanfp@fotki.com,Poland,Male,Jeziora Wielkie,Lajo,,PLN
Robert,Ferguson,rfergusonfq@tuttocitta.it,China,Male,Sujiazhuang,Wikibox,,CNY
Doris,Gomez,dgomezfr@flavors.me,Palestinian Territory,Female,Qalandiyā,Jabberstorm,83994.99,ILS
Jacqueline,Fuller,jfullerfs@google.com.br,Ukraine,Female,Lysyanka,Yabox,60926.68,UAH
Brandon,Kelly,bkellyft@epa.gov,Brazil,Male,Cachoeirinha,Brainverse,,BRL
Jennifer,Richards,jrichardsfu@amazon.de,Brazil,Female,Propriá,Devify,2128.93,BRL
Phyllis,Oliver,poliverfv@tumblr.com,Poland,Female,Lwówek Śląski,Divavu,29082.22,PLN
Charles,Richards,crichardsfw@macromedia.com,China,Male,Xing’an,Livetube,60752.12,CNY
Harry,Brooks,hbrooksfx@php.net,China,Male,Yumendong,Skyvu,30492.42,CNY
Marie,Nichols,mnicholsfy@bloglines.com,Morocco,Female,Aguelmous,Yozio,63116.32,MAD
Bruce,Wright,bwrightfz@sfgate.com,China,Male,Da’an,Vipe,18536.58,CNY
Julia,Frazier,jfrazierg0@people.com.cn,Italy,Female,Verona,Yodo,49601.47,EUR
Thomas,Myers,tmyersg1@gov.uk,Czech Republic,Male,Sezemice,Buzzshare,95468.75,CZK
Rachel,Kim,rkimg2@sphinn.com,Indonesia,Female,Pulau Tiga,Edgewire,32044.64,IDR
Margaret,Hunt,mhuntg3@mac.com,Uzbekistan,Female,To’rtko’l Shahri,Yadel,31336.76,UZS
Anne,Cook,acookg4@usa.gov,Argentina,Female,Comallo,Jayo,67852.40,ARS
Judith,Rose,jroseg5@latimes.com,Venezuela,Female,Papelón,Tanoodle,44904.22,VEF
Adam,Shaw,ashawg6@amazon.com,Iran,Male,Qarah Ẕīā’ od Dīn,Quimba,12865.62,IRR
Carlos,Crawford,ccrawfordg7@slate.com,Indonesia,Male,Kebonsari,Skilith,12963.48,IDR
Martin,Hayes,mhayesg8@wufoo.com,Portugal,Male,Carvalhal,Linklinks,49968.92,EUR
Joan,Andrews,jandrewsg9@booking.com,Comoros,Female,Ourovéni,Meeveo,43755.06,KMF
Jane,Thomas,jthomasga@telegraph.co.uk,Kazakhstan,Female,Kokterek,Youspan,15746.35,KZT
Rebecca,Vasquez,rvasquezgb@1688.com,China,Female,Shancheng,Livefish,68541.16,CNY
Evelyn,Lee,eleegc@oakley.com,Brazil,Female,São Bento,Flashpoint,81617.28,BRL
Bonnie,Fernandez,bfernandezgd@howstuffworks.com,Poland,Female,Rybie,Shufflester,,PLN
Jimmy,Boyd,jboydge@umich.edu,Azerbaijan,Male,Qusar,Realcube,36328.93,AZN
Ann,Jenkins,ajenkinsgf@i2i.jp,Sweden,Female,Askim,Topicware,80475.92,SEK
Carl,Flores,cfloresgg@cbsnews.com,Vietnam,Male,Trà Ôn,Trunyx,48228.24,VND
Justin,Hamilton,jhamiltongh@pbs.org,Indonesia,Male,Nila Dua,Aimbo,4974.38,IDR
Bobby,Miller,bmillergi@noaa.gov,Ivory Coast,Male,Odienné,Yabox,90971.52,XOF
Eric,Owens,eowensgj@github.com,Philippines,Male,Larap,Jabberbean,83727.61,PHP
Clarence,Mills,cmillsgk@51.la,China,Male,Aimin,Jetpulse,23967.05,CNY
Ann,Butler,abutlergl@zdnet.com,Argentina,Female,Chilecito,Oyoloo,18597.65,ARS
Maria,Wagner,mwagnergm@godaddy.com,Finland,Female,Ristinummi,Brainlounge,76883.14,EUR
Mildred,Medina,mmedinagn@auda.org.au,Iran,Female,Isfahan,Feedfish,3923.27,IRR
Elizabeth,Rogers,erogersgo@dagondesign.com,Iceland,Female,Hveragerði,Dabvine,18045.16,ISK
Jimmy,Thomas,jthomasgp@nih.gov,Indonesia,Male,Solor,Feedmix,2862.41,IDR
Jeremy,Myers,jmyersgq@ucsd.edu,Honduras,Male,Campamento,Skivee,55316.74,HNL
Carlos,Wood,cwoodgr@accuweather.com,Portugal,Male,Cimo de Vila,Minyx,91383.56,EUR
Linda,Nguyen,lnguyengs@dagondesign.com,China,Female,Jimsar,Topdrive,92719.50,CNY
Robert,Romero,rromerogt@sciencedirect.com,China,Male,Chedao,Twimbo,67041.42,CNY
Diana,Hunt,dhuntgu@un.org,Kazakhstan,Female,Atbasar,Jaloo,75398.01,KZT
Alan,Carter,acartergv@uiuc.edu,China,Male,Hecun,Brightbean,25873.52,CNY
Earl,Lewis,elewisgw@gov.uk,Greece,Male,Kouvarás,Avaveo,69370.51,EUR
Elizabeth,Walker,ewalkergx@yahoo.co.jp,China,Female,Xidajie,Zoomcast,43909.96,CNY
Jack,Washington,jwashingtongy@free.fr,Netherlands,Male,Terneuzen,Ntags,85287.33,EUR
Justin,Black,jblackgz@cpanel.net,China,Male,Jiaoba,Tagcat,58716.01,CNY
Michelle,Holmes,mholmesh0@icq.com,China,Female,Jiekeng,Edgeify,,CNY
Stephen,Larson,slarsonh1@ft.com,Poland,Male,Górzno,Blogpad,36157.88,PLN
Lori,Riley,lrileyh2@auda.org.au,Ukraine,Female,Inkerman,Yakitri,38935.49,UAH
Michael,Stanley,mstanleyh3@hao123.com,Kenya,Male,Mandera,Bluezoom,96572.67,KES
Sean,Chapman,schapmanh4@nhs.uk,Vietnam,Male,Quỳnh Côi,Dynabox,64995.96,VND
Todd,Hawkins,thawkinsh5@ifeng.com,China,Male,Zhangdan,Skynoodle,66067.30,CNY
Lisa,Clark,lclarkh6@nsw.gov.au,Finland,Female,Kuusjoki,Dabjam,75256.14,EUR
Harold,Harvey,hharveyh7@wsj.com,Indonesia,Male,Cipeucang,Tavu,28899.52,IDR
Robin,Carter,rcarterh8@artisteer.com,Ghana,Female,Obuasi,Eidel,,GHS
Betty,Garrett,bgarretth9@ustream.tv,Russia,Female,Shchelkovo,Teklist,84309.23,RUB
Charles,Stevens,cstevensha@oakley.com,China,Male,Yaozhuang,Dynabox,25531.29,CNY
Ernest,Rogers,erogershb@phoca.cz,Brazil,Male,Rio Preto da Eva,Trudeo,,BRL
Jean,Murphy,jmurphyhc@bravesites.com,China,Female,Guanbuqiao,Vipe,50786.54,CNY
Rachel,Murray,rmurrayhd@hatena.ne.jp,Yemen,Female,Mayfa‘ah,Buzzbean,59167.15,YER
Ruth,Thomas,rthomashe@cam.ac.uk,Indonesia,Female,Nangkapayung,Rhybox,32076.51,IDR
Gloria,Peterson,gpetersonhf@yahoo.com,Cameroon,Female,Bamusso,Wordify,27506.38,XAF
Jane,Carr,jcarrhg@csmonitor.com,Portugal,Female,Cruz,Skiptube,41367.61,EUR
Daniel,Reid,dreidhh@netlog.com,China,Male,Yujin,Camimbo,31479.08,CNY
Joan,Chapman,jchapmanhi@npr.org,Indonesia,Female,Cibunar,Tazz,87781.26,IDR
Christopher,Hall,challhj@si.edu,Portugal,Male,Casal Galego,Ooba,36900.33,EUR
Patricia,Hanson,phansonhk@lulu.com,China,Female,Shuangfeng,Jabbersphere,9277.27,CNY
Joan,Sullivan,jsullivanhl@hp.com,Philippines,Female,Isla,Babbleopia,98488.31,PHP
James,Peters,jpetershm@e-recht24.de,Philippines,Male,Lungaog,Tagtune,20132.02,PHP
Justin,Gutierrez,jgutierrezhn@fastcompany.com,Sweden,Male,Täby,Twinte,96262.04,SEK
Wanda,Crawford,wcrawfordho@odnoklassniki.ru,Morocco,Female,Ouaoula,Kimia,80688.21,MAD
Patricia,Nguyen,pnguyenhp@japanpost.jp,South Africa,Female,Libode,Tanoodle,95491.16,ZAR
Angela,Arnold,aarnoldhq@patch.com,Russia,Female,Mogzon,Vipe,50895.15,RUB
Richard,Campbell,rcampbellhr@wisc.edu,Yemen,Male,Maţarah,Mynte,,YER
Jeremy,Burton,jburtonhs@networkadvertising.org,Indonesia,Male,Kutamangu,Cogibox,71801.09,IDR
Roger,Matthews,rmatthewsht@sitemeter.com,Indonesia,Male,Cimalati,Skipstorm,75497.15,IDR
Lawrence,Thompson,lthompsonhu@ox.ac.uk,Pitcairn,Male,Adamstown,Talane,27480.41,NZD
Walter,Frazier,wfrazierhv@example.com,Thailand,Male,Mae Chan,Skinte,56700.44,THB
Henry,Daniels,hdanielshw@nymag.com,China,Male,Xiangshan,Quire,25201.57,CNY
Jose,Morrison,jmorrisonhx@telegraph.co.uk,Philippines,Male,Barobo,Yakidoo,62797.04,PHP
Theresa,Bryant,tbryanthy@constantcontact.com,Sweden,Female,Onsala,Wikivu,90203.63,SEK
Brenda,Hawkins,bhawkinshz@a8.net,Egypt,Female,Banī Suwayf,Dablist,4206.51,EGP
Karen,Larson,klarsoni0@arizona.edu,Norway,Female,Oslo,Demizz,86824.84,NOK
Bonnie,Allen,balleni1@skyrock.com,Brazil,Female,Panorama,Mita,26416.34,BRL
Margaret,Fisher,mfisheri2@earthlink.net,Ukraine,Female,Broshniv-Osada,Youtags,74990.44,UAH
Andrea,Romero,aromeroi3@sogou.com,Indonesia,Female,Sepatan,Trupe,28049.00,IDR
Jean,Rodriguez,jrodriguezi4@nytimes.com,Indonesia,Female,Senduro,Skynoodle,98289.58,IDR
Gregory,Little,glittlei5@goo.ne.jp,Brazil,Male,Riachão do Jacuípe,Browsezoom,60230.15,BRL
Paula,King,pkingi6@gravatar.com,Portugal,Female,Machico,Rhyzio,10525.46,EUR
Joan,Evans,jevansi7@angelfire.com,Russia,Female,Shamanka,Blogpad,22740.61,RUB
Ann,Lopez,alopezi8@edublogs.org,Czech Republic,Female,Zeleneč,Oozz,,CZK
Frances,Burton,fburtoni9@cbc.ca,China,Female,Yashan,Twinte,40751.28,CNY
Harold,Fernandez,hfernandezia@discuz.net,Ireland,Male,Greenhills,Gigabox,76258.70,EUR
Julia,Stephens,jstephensib@squarespace.com,Pakistan,Female,Hadāli,Riffwire,52270.97,PKR
Barbara,Long,blongic@fda.gov,Sweden,Female,Luleå,Jabbertype,20116.74,SEK
Ryan,Watson,rwatsonid@sina.com.cn,South Africa,Male,Bloemfontein,Thoughtworks,81978.09,ZAR
Kelly,Garza,kgarzaie@ning.com,China,Female,Hengshan,Feednation,66562.07,CNY
Cynthia,Pierce,cpierceif@woothemes.com,Greece,Female,Kavásilas,Jazzy,,EUR
Keith,Reynolds,kreynoldsig@tinyurl.com,United States,Male,Washington,Abata,68059.76,USD
Ryan,Richards,rrichardsih@craigslist.org,Ireland,Male,Cill Airne,Rooxo,45476.25,EUR
Howard,Hawkins,hhawkinsii@gov.uk,Ukraine,Male,Obertyn,Skimia,,UAH
Ernest,Gray,egrayij@addtoany.com,China,Male,Hutang,Yoveo,70943.12,CNY
Donna,Ramos,dramosik@ifeng.com,Russia,Female,Novyy Nekouz,Tagopia,59342.00,RUB
Jose,Watkins,jwatkinsil@people.com.cn,Brazil,Male,Itapipoca,Thoughtstorm,36740.81,BRL
Jean,Gutierrez,jgutierrezim@comsenz.com,Sweden,Female,Göteborg,Feedbug,97325.49,SEK
Lawrence,Bailey,lbaileyin@springer.com,France,Male,Bonneuil-sur-Marne,Lazz,85087.66,EUR
Ernest,Barnes,ebarnesio@mlb.com,Brazil,Male,Itapemirim,Mudo,8775.96,BRL
Roy,Ryan,rryanip@google.com.br,Laos,Male,Ban Houakhoua,Meevee,23911.88,LAK
Cheryl,Perez,cpereziq@instagram.com,Armenia,Female,Dvin,Trunyx,78856.40,AMD
Andrea,Butler,abutlerir@answers.com,South Africa,Female,Bethal,Eamia,77738.99,ZAR
Aaron,Welch,awelchis@si.edu,Thailand,Male,Kaset Sombun,Skipstorm,96903.05,THB
Brenda,Moore,bmooreit@msn.com,China,Female,Lincheng,Yadel,99289.49,CNY
Keith,Nguyen,knguyeniu@spotify.com,China,Male,Dongbang,Photospace,95833.99,CNY
Katherine,Olson,kolsoniv@mit.edu,Portugal,Female,Pinheiral,Youtags,86504.52,EUR
Christine,Cole,ccoleiw@blogs.com,Indonesia,Female,Juranalas,Skimia,34072.75,IDR
Kimberly,Morales,kmoralesix@joomla.org,Philippines,Female,Dapdap,Browsetype,29526.76,PHP
Patricia,Matthews,pmatthewsiy@walmart.com,Indonesia,Female,Woloara,Mita,17700.65,IDR
Sarah,Young,syoungiz@hatena.ne.jp,Russia,Female,Borisovka,Twitternation,8783.43,RUB
George,Hart,ghartj0@youtube.com,China,Male,Dengfeng,Yodel,,CNY
Donald,Perez,dperezj1@skyrock.com,Indonesia,Male,Gayam,Demizz,13899.32,IDR
Katherine,Miller,kmillerj2@indiatimes.com,Yemen,Female,Al Miftāḩ,Edgepulse,93099.51,YER
Todd,Evans,tevansj3@about.me,Ghana,Male,Swedru,Linklinks,,GHS
Virginia,Harris,vharrisj4@hugedomains.com,Argentina,Female,Corral de Bustos,Dabtype,36305.53,ARS
Carl,Cox,ccoxj5@smh.com.au,China,Male,Yoiqag,Quamba,98124.67,CNY
Karen,Hicks,khicksj6@newyorker.com,Russia,Female,Bogorodskoye,Zoozzy,2703.45,RUB
Jane,Day,jdayj7@mapquest.com,China,Female,Tawen Aobao,Skinix,5871.37,CNY
Robert,Murphy,rmurphyj8@meetup.com,Indonesia,Male,Tanahmerah,Twimbo,47615.46,IDR
Robin,Cooper,rcooperj9@mapy.cz,Portugal,Female,Silgueiros,Youspan,,EUR
Alice,Webb,awebbja@hugedomains.com,Syria,Female,Mazra‘at Bayt Jinn,Edgewire,39689.51,SYP
Norma,Marshall,nmarshalljb@columbia.edu,Czech Republic,Female,Frýdek-Místek,Flipstorm,16542.71,CZK
Lori,Russell,lrusselljc@bluehost.com,Morocco,Female,Adassil,Trudoo,45458.50,MAD
Justin,Lynch,jlynchjd@springer.com,Indonesia,Male,Bambanglipuro,Oyoyo,37954.90,IDR
Pamela,Stewart,pstewartje@java.com,China,Female,Huangpu,Dabfeed,28312.31,CNY
Larry,Lane,llanejf@tumblr.com,Argentina,Male,Lapachito,Mydo,83239.55,ARS
Dennis,Rogers,drogersjg@bigcartel.com,Philippines,Male,Cabuyao,Divavu,83630.15,PHP
Andrew,Webb,awebbjh@gravatar.com,Ecuador,Male,Naranjito,Oyope,79278.56,USD
Paula,Kennedy,pkennedyji@google.com,Serbia,Female,Padej,Dynabox,73831.36,RSD
Phillip,Hill,philljj@discuz.net,Peru,Male,Huertas,Bubbletube,71251.10,PEN
Patrick,Palmer,ppalmerjk@wordpress.org,Nigeria,Male,Uromi,Wikizz,66873.15,NGN
Patrick,Fowler,pfowlerjl@pcworld.com,China,Male,Puqi,Jazzy,51552.80,CNY
Emily,West,ewestjm@google.com.au,Indonesia,Female,Parumasan,Trilia,62474.32,IDR
Carlos,Palmer,cpalmerjn@noaa.gov,Cambodia,Male,Kampong Speu,Twinder,29747.87,KHR
Joe,Morris,jmorrisjo@pcworld.com,Sweden,Male,Mora,Meeveo,53775.18,SEK
Eugene,Hughes,ehughesjp@issuu.com,Namibia,Male,Otjiwarongo,Blogpad,59951.14,NAD
Amanda,Jordan,ajordanjq@sakura.ne.jp,China,Female,Yishui,Skiptube,15657.63,CNY
Mary,Cruz,mcruzjr@nydailynews.com,China,Female,Chenglin,Photojam,83433.75,CNY
Sharon,Simmons,ssimmonsjs@cbslocal.com,China,Female,Songmuping,Yodel,37829.88,CNY
Deborah,Kennedy,dkennedyjt@hp.com,Honduras,Female,Las Lajas,Skipfire,17074.67,HNL
Steve,Kelly,skellyju@tinypic.com,China,Male,Lingcheng,Kare,90421.33,CNY
Judy,Frazier,jfrazierjv@meetup.com,China,Female,Jugezhuang,Feednation,,CNY
Stephen,Vasquez,svasquezjw@oaic.gov.au,Brazil,Male,Itaperuçu,Feedfire,84237.69,BRL
Shirley,Fisher,sfisherjx@arizona.edu,China,Female,Nanshao,Realbuzz,63709.49,CNY
Stephanie,Mccoy,smccoyjy@cnet.com,Russia,Female,Sal’sk,Voomm,20803.94,RUB
Brenda,Stewart,bstewartjz@altervista.org,Sweden,Female,Rönninge,Yodo,5789.25,SEK
Eric,Lee,eleek0@surveymonkey.com,Brazil,Male,Pirapozinho,Livetube,,BRL
Charles,King,ckingk1@woothemes.com,Portugal,Male,Sobreira,Realcube,35680.37,EUR
Arthur,Sullivan,asullivank2@cnbc.com,Hungary,Male,Szolnok,Eare,30023.29,HUF
Jimmy,Bennett,jbennettk3@skype.com,Russia,Male,Russkaya Polyana,Twitternation,96555.17,RUB
Tina,Webb,twebbk4@wikispaces.com,Yemen,Female,Yufrus,Eimbee,91057.37,YER
Daniel,Coleman,dcolemank5@ebay.co.uk,New Zealand,Male,Kaiapoi,Tambee,84731.65,NZD
Frances,Webb,fwebbk6@freewebs.com,Russia,Female,Lyublino,Eidel,20730.61,RUB
Joshua,Torres,jtorresk7@so-net.ne.jp,France,Male,Moissy-Cramayel,Oloo,75355.32,EUR
Marilyn,Little,mlittlek8@accuweather.com,China,Female,Xiuyu,Innotype,49520.37,CNY
Keith,Flores,kfloresk9@princeton.edu,China,Male,Longtian,Dabvine,45366.98,CNY
Juan,Morales,jmoraleska@upenn.edu,China,Male,Huaqiao,Skipfire,77402.50,CNY
Phillip,Larson,plarsonkb@webnode.com,Indonesia,Male,Guder Lao,Thoughtsphere,54675.28,IDR
Kevin,Walker,kwalkerkc@newyorker.com,China,Male,Shatian,Dazzlesphere,,CNY
Angela,Price,apricekd@hatena.ne.jp,Poland,Female,Nowy Duninów,Twitterwire,,PLN
Carl,Weaver,cweaverke@eepurl.com,France,Male,Villeneuve-d'Ascq,Tagchat,12736.52,EUR
Phillip,Russell,prussellkf@thetimes.co.uk,Syria,Male,Dārayyā,Myworks,99298.25,SYP
Raymond,Butler,rbutlerkg@telegraph.co.uk,Philippines,Male,Saaban,Aibox,61547.38,PHP
Arthur,Marshall,amarshallkh@aboutads.info,Canada,Male,Saint-Tite,Shufflebeat,52908.07,CAD
Marie,Grant,mgrantki@simplemachines.org,China,Female,Santiaoshi,Abatz,76740.09,CNY
Deborah,Knight,dknightkj@wordpress.org,Argentina,Female,Libertad,Rhycero,22986.69,ARS
Tammy,Weaver,tweaverkk@qq.com,China,Female,Lamawan,Quamba,,CNY
William,Coleman,wcolemankl@dailymail.co.uk,Norway,Male,Oslo,Skipfire,37986.72,NOK
Heather,Hughes,hhugheskm@netlog.com,China,Female,Wailang,Twitterworks,,CNY
Robert,Bishop,rbishopkn@is.gd,Portugal,Male,Lavradio,Zoomdog,86099.42,EUR
Elizabeth,Owens,eowensko@paypal.com,Serbia,Female,Golubinci,Bubblebox,15672.57,RSD
Bonnie,Black,bblackkp@home.pl,China,Female,Gouqi,Babbleset,43630.52,CNY
Donald,Daniels,ddanielskq@mashable.com,Azerbaijan,Male,Bilajer,Photofeed,27277.91,AZN
Lawrence,Rodriguez,lrodriguezkr@boston.com,China,Male,Houbai,Twitternation,28712.69,CNY
Mildred,Daniels,mdanielsks@pagesperso-orange.fr,Serbia,Female,Višnjićevo,Shufflester,17649.54,RSD
Dennis,Harris,dharriskt@aboutads.info,Spain,Male,Zamora,Dabjam,40524.38,EUR
Scott,Fuller,sfullerku@theguardian.com,China,Male,Shuyuan,Twinder,2563.88,CNY
Amanda,Fuller,afullerkv@wix.com,Indonesia,Female,Sendang,Agimba,40661.37,IDR
Walter,Morrison,wmorrisonkw@elegantthemes.com,Greece,Male,Metsovo,Camimbo,35823.79,EUR
Nicole,Harvey,nharveykx@cnbc.com,United Kingdom,Female,Carlton,Dabtype,986.29,GBP
Victor,Romero,vromeroky@yahoo.co.jp,Venezuela,Male,Veguitas,Eire,,VEF
Scott,Reid,sreidkz@skype.com,Colombia,Male,Corinto,Plajo,83217.77,COP
Linda,Fields,lfieldsl0@baidu.com,New Zealand,Female,Rothesay Bay,Twiyo,36963.13,NZD
Gary,Greene,ggreenel1@pbs.org,Philippines,Male,Vito,Gigazoom,28221.36,PHP
Antonio,Mills,amillsl2@exblog.jp,Indonesia,Male,Mlawe,Topicblab,84352.39,IDR
Julia,Gray,jgrayl3@pinterest.com,United Kingdom,Female,Newton,Fanoodle,82319.45,GBP
Craig,Edwards,cedwardsl4@ow.ly,Peru,Male,San Antonio,Mydo,77299.18,PEN
Debra,Carter,dcarterl5@ted.com,Mexico,Female,Benito Juarez,Trudeo,79080.38,MXN
Jean,Hayes,jhayesl6@rambler.ru,Indonesia,Female,Wasogolo,Feedfish,57159.16,IDR
Karen,Brooks,kbrooksl7@google.es,China,Female,Zishan,Eamia,29385.17,CNY
Victor,Bailey,vbaileyl8@bravesites.com,Nigeria,Male,Potiskum,Jabbersphere,8799.20,NGN
Cynthia,Garrett,cgarrettl9@apache.org,France,Female,Fleury-les-Aubrais,Voonyx,54798.82,EUR
Marie,Butler,mbutlerla@tuttocitta.it,Brazil,Female,São Miguel do Guamá,Photobug,,BRL
Roy,Matthews,rmatthewslb@free.fr,Bolivia,Male,Puerto Quijarro,Browsezoom,86057.32,BOB
Anthony,Dunn,adunnlc@hostgator.com,Jordan,Male,Saḩāb,Oyondu,12289.78,JOD
Chris,Fox,cfoxld@desdev.cn,France,Male,Paris 11,Fivespan,92421.72,EUR
Randy,Howell,rhowellle@list-manage.com,Nigeria,Male,Kwolla,Gabspot,67037.36,NGN
Ruth,Holmes,rholmeslf@squidoo.com,Indonesia,Female,Rancabuaya,Bluejam,76854.41,IDR
Bobby,Martin,bmartinlg@globo.com,France,Male,Draguignan,Reallinks,69298.82,EUR
Paul,Crawford,pcrawfordlh@is.gd,China,Male,Shixi,Riffwire,,CNY
Rebecca,Torres,rtorresli@fc2.com,Uruguay,Female,San Ramón,Wikivu,3743.06,UYU
Phyllis,Graham,pgrahamlj@dmoz.org,Indonesia,Female,Jami,Topicblab,73978.11,IDR
Jason,Stewart,jstewartlk@gmpg.org,China,Male,Badu,Fliptune,18543.21,CNY
Donald,Foster,dfosterll@cocolog-nifty.com,Tanzania,Male,Mpanda,Miboo,,TZS
Louise,Fields,lfieldslm@diigo.com,Indonesia,Female,Kebonkai,Mita,50061.60,IDR
Lillian,Marshall,lmarshallln@google.com.br,Poland,Female,Sztum,Yodel,,PLN
Thomas,Johnson,tjohnsonlo@slashdot.org,China,Male,Tuba,Shufflebeat,72584.96,CNY
Bonnie,Nelson,bnelsonlp@cdbaby.com,Philippines,Female,Magsaysay,Flashspan,,PHP
Terry,Hicks,thickslq@google.fr,China,Male,Hukeng,Flipopia,83473.85,CNY
Harold,Grant,hgrantlr@bbc.co.uk,Poland,Male,Wawrzeńczyce,Devcast,41725.77,PLN
Peter,Allen,pallenls@webs.com,Russia,Male,Protvino,Quinu,47664.15,RUB
Jeremy,Nichols,jnicholslt@51.la,Indonesia,Male,Duwe,Yadel,11437.70,IDR
Christopher,Fox,cfoxlu@topsy.com,Philippines,Male,Magatos,Kayveo,33111.29,PHP
Carolyn,Fuller,cfullerlv@webnode.com,France,Female,Paris 17,Topiczoom,46825.88,EUR
Bruce,Alexander,balexanderlw@aboutads.info,Poland,Male,Połajewo,Topicblab,98357.33,PLN
Ralph,Brooks,rbrookslx@wiley.com,France,Male,Lavaur,Kwideo,94825.03,EUR
Willie,Gomez,wgomezly@economist.com,China,Male,Langchuan,LiveZ,47067.69,CNY
Steven,Hudson,shudsonlz@desdev.cn,Japan,Male,Shimodate,Tagfeed,83221.09,JPY
Eric,Webb,ewebbm0@sfgate.com,Chile,Male,San Bernardo,Youfeed,75389.91,CLP
Norma,Davis,ndavism1@dropbox.com,Japan,Female,Ōno-hara,Quimba,86289.02,JPY
Kelly,Garrett,kgarrettm2@woothemes.com,China,Female,Xianbao,Roomm,46014.69,CNY
John,Armstrong,jarmstrongm3@joomla.org,Ukraine,Male,Netishyn,Feedmix,,UAH
Patrick,Mendoza,pmendozam4@bbb.org,Indonesia,Male,Muarasiau,Plajo,51794.15,IDR
Judith,Mason,jmasonm5@fda.gov,Philippines,Female,Buang,Vidoo,20979.88,PHP
Anna,Gonzales,agonzalesm6@foxnews.com,China,Female,Chengxi,Devpulse,76236.45,CNY
Jimmy,Dean,jdeanm7@macromedia.com,Sweden,Male,Umeå,Roomm,59768.47,SEK
Eric,George,egeorgem8@indiatimes.com,Indonesia,Male,Mekon,Skyble,,IDR
Gerald,Gilbert,ggilbertm9@archive.org,Malaysia,Male,Seremban,Trudoo,17024.08,MYR
Douglas,Hill,dhillma@usnews.com,China,Male,Shatou,Rooxo,,CNY
Mary,Ellis,mellismb@bluehost.com,Poland,Female,Baranowo,Divanoodle,96063.56,PLN
Jane,Nelson,jnelsonmc@geocities.com,China,Female,Lintingkou,Eabox,4866.55,CNY
Sara,Robinson,srobinsonmd@bloglovin.com,China,Female,Shitouhe,Skibox,45922.21,CNY
Edward,Price,epriceme@addthis.com,Morocco,Male,Tan-Tan,Voomm,94729.92,MAD
Irene,Simpson,isimpsonmf@creativecommons.org,United States,Female,Fort Worth,Yotz,75840.84,USD
Jason,James,jjamesmg@washingtonpost.com,Thailand,Male,Ta Phraya,Brainbox,60094.58,THB
Larry,Snyder,lsnydermh@alexa.com,Burkina Faso,Male,Titao,Divavu,91109.08,XOF
Louise,Webb,lwebbmi@reverbnation.com,Poland,Female,Włoszczowa,Tazz,78215.07,PLN
Gerald,Bryant,gbryantmj@ezinearticles.com,Denmark,Male,København,Topicblab,65.11,DKK
Harold,Dunn,hdunnmk@imageshack.us,Philippines,Male,Cabugao,Fanoodle,50764.20,PHP
Heather,Williams,hwilliamsml@arizona.edu,Russia,Female,Likhobory,Talane,46903.71,RUB
Jean,Andrews,jandrewsmm@sun.com,China,Female,Ercheng,Edgetag,13240.21,CNY
Patricia,Schmidt,pschmidtmn@indiegogo.com,Malaysia,Female,Johor Bahru,Yadel,4289.55,MYR
Denise,Gutierrez,dgutierrezmo@elegantthemes.com,Brazil,Female,Capâo Bonito,Jabbercube,7140.52,BRL
Stephen,Gray,sgraymp@huffingtonpost.com,Australia,Male,Sydney South,Avavee,15468.15,AUD
Jason,Hunter,jhuntermq@hubpages.com,Colombia,Male,Sabanalarga,Flipopia,66091.27,COP
Jacqueline,Cruz,jcruzmr@nps.gov,Brazil,Female,Colombo,Voonte,94614.00,BRL
Raymond,Carter,rcarterms@blog.com,United Kingdom,Male,Whitchurch,Quaxo,56303.61,GBP
Jesse,Webb,jwebbmt@pagesperso-orange.fr,Indonesia,Male,Krian,Mydo,64181.77,IDR
Alice,Ryan,aryanmu@netscape.com,Venezuela,Female,Cumanacoa,Topicware,14055.07,VEF
John,Medina,jmedinamv@dell.com,Indonesia,Male,Mombok,Quire,42138.00,IDR
Jonathan,Moore,jmooremw@who.int,Indonesia,Male,Curug,Midel,65969.41,IDR
Jean,Hall,jhallmx@bloglines.com,Malaysia,Female,Ipoh,Thoughtbridge,90512.67,MYR
Samuel,Ford,sfordmy@accuweather.com,Poland,Male,Herby,Jaxspan,86356.85,PLN
Rose,Oliver,rolivermz@livejournal.com,Vietnam,Female,Thị Trấn Tủa Chùa,Zooxo,42211.27,VND
Frank,Bennett,fbennettn0@forbes.com,China,Male,Mazongshan,Kayveo,31473.79,CNY
Ashley,Tucker,atuckern1@trellian.com,Indonesia,Female,Karamat,Topiclounge,76149.85,IDR
Lori,Sullivan,lsullivann2@elegantthemes.com,Philippines,Female,Bacag,Skimia,90910.75,PHP
Jerry,Franklin,jfranklinn3@ted.com,Azerbaijan,Male,Hacıhüseynli,Jabbersphere,66741.96,AZN
Jason,Hunter,jhuntern4@cnbc.com,Sweden,Male,Munkfors,Dabshots,,SEK
Kelly,Armstrong,karmstrongn5@slashdot.org,Poland,Female,Osielsko,Bluezoom,33701.91,PLN
Debra,Hawkins,dhawkinsn6@tripod.com,Angola,Female,N’dalatando,Quinu,57001.74,AOA
Diana,Harvey,dharveyn7@europa.eu,Indonesia,Female,Sangumata,Mycat,42950.83,IDR
Shirley,Barnes,sbarnesn8@wordpress.com,United States,Female,Baton Rouge,Divape,22622.87,USD
Mildred,Gonzales,mgonzalesn9@smh.com.au,Israel,Female,Ganné Tiqwa,Thoughtbeat,581.33,ILS
Chris,Campbell,ccampbellna@pinterest.com,Uzbekistan,Male,Yangiobod,Oyoba,80747.69,UZS
Fred,Mendoza,fmendozanb@archive.org,Mozambique,Male,Dondo,Flashspan,23515.78,MZN
Cheryl,Myers,cmyersnc@t-online.de,Indonesia,Female,Kebonagung,Yodo,86831.59,IDR
Melissa,Hayes,mhayesnd@marriott.com,Guatemala,Female,San Pedro Jocopilas,Vinder,61685.45,GTQ
Justin,Alvarez,jalvarezne@yellowpages.com,Ireland,Male,Tralee,Flashspan,21488.23,EUR
Nancy,Martinez,nmartineznf@ibm.com,Indonesia,Female,Cidadap,Blogtag,30193.50,IDR
Katherine,Wells,kwellsng@dmoz.org,Indonesia,Female,Bangbayang,Buzzshare,11278.01,IDR
Matthew,Hansen,mhansennh@usnews.com,Argentina,Male,Goya,Abatz,86515.96,ARS
Janet,Webb,jwebbni@networkadvertising.org,Poland,Female,Lipinki Łużyckie,Trudeo,72766.75,PLN
Kevin,Daniels,kdanielsnj@mit.edu,Indonesia,Male,Kuma,Npath,26970.06,IDR
Aaron,Porter,aporternk@gov.uk,Uzbekistan,Male,Mŭynoq,Agivu,96017.80,UZS
Louise,Graham,lgrahamnl@google.com.au,Zimbabwe,Female,Nyazura,Skyble,83136.91,ZWL
Robert,Sanchez,rsancheznm@theatlantic.com,Venezuela,Male,Cabudare,Zoomdog,85661.56,VEF
Steven,Johnson,sjohnsonnn@seesaa.net,Russia,Male,Frolovo,Realbridge,70255.13,RUB
Alice,Johnston,ajohnstonno@nymag.com,Poland,Female,Witkowo,Skipfire,30678.43,PLN
Rachel,Carr,rcarrnp@google.ru,Russia,Female,Nazyvayevsk,Digitube,59624.75,RUB
Sarah,Fields,sfieldsnq@marketwatch.com,Afghanistan,Female,Kafir Qala,Kwimbee,48894.97,AFN
Judy,Simmons,jsimmonsnr@sourceforge.net,Philippines,Female,Cabucgayan,Centizu,64837.97,PHP
Wanda,Howell,whowellns@sakura.ne.jp,Portugal,Female,Arneiro,Mynte,80773.38,EUR
Kathy,Morgan,kmorgannt@ocn.ne.jp,Madagascar,Female,Mananjary,Voonder,29686.39,MGA
Samuel,Boyd,sboydnu@mozilla.com,Indonesia,Male,Pejukutan,Rhybox,57069.43,IDR
Emily,Anderson,eandersonnv@istockphoto.com,Vietnam,Female,Kon Dơng,Babbleopia,15491.51,VND
Thomas,Alvarez,talvareznw@aol.com,Philippines,Male,Guiuan,Meevee,24958.36,PHP
Paula,Lawson,plawsonnx@hugedomains.com,Iran,Female,Kāshmar,Rhynoodle,75224.40,IRR
Jesse,Coleman,jcolemanny@cam.ac.uk,Azerbaijan,Male,Sumqayıt,Linktype,8952.06,AZN
Lawrence,Ramirez,lramireznz@sourceforge.net,Armenia,Male,Dimitrov,Kazu,23233.94,AMD
Alan,Nichols,anicholso0@intel.com,Colombia,Male,Puerto Boyacá,Cogidoo,44693.03,COP
Robert,Rodriguez,rrodriguezo1@reverbnation.com,Sweden,Male,Jönköping,Youtags,73144.07,SEK
Juan,Fernandez,jfernandezo2@biglobe.ne.jp,South Africa,Male,Oudtshoorn,Flashdog,,ZAR
Cynthia,Carr,ccarro3@ehow.com,Guatemala,Female,Barberena,Npath,91394.29,GTQ
Melissa,George,mgeorgeo4@google.com.au,Canada,Female,Dalmeny,Divanoodle,56885.44,CAD
Barbara,Campbell,bcampbello5@nationalgeographic.com,Indonesia,Female,Cimara,Photolist,96359.36,IDR
Carlos,Welch,cwelcho6@noaa.gov,Russia,Male,Rybnaya Sloboda,Skimia,58320.66,RUB
Joshua,Castillo,jcastilloo7@jugem.jp,France,Male,Metz,Meevee,84780.38,EUR
Jessica,Peters,jpeterso8@google.com.br,China,Female,Wuyao,Dabtype,64033.80,CNY
Heather,Lane,hlaneo9@japanpost.jp,China,Female,Maji,Riffpedia,,CNY
Debra,Bennett,dbennettoa@webmd.com,China,Female,Jiangdulu,Skidoo,,CNY
Harry,Lopez,hlopezob@usda.gov,Poland,Male,Dębno,Browsecat,,PLN
Marie,Flores,mfloresoc@vk.com,China,Female,Qinjiang,Bubbletube,35515.09,CNY
Andrea,Watson,awatsonod@over-blog.com,China,Female,Heishui,Oyoba,27216.77,CNY
Jeffrey,Turner,jturneroe@instagram.com,Ukraine,Male,Brody,Linktype,18537.05,UAH
Wayne,Ellis,wellisof@imdb.com,Sweden,Male,Luleå,Tagcat,95880.90,SEK
George,Gardner,ggardnerog@dailymail.co.uk,Bolivia,Male,San Pedro,Yozio,,BOB
Teresa,Dixon,tdixonoh@drupal.org,Albania,Female,Trebisht-Muçinë,Youspan,82569.45,ALL
Wanda,Nichols,wnicholsoi@macromedia.com,Argentina,Female,Ibarreta,Shufflester,21202.42,ARS
Keith,Bell,kbelloj@hibu.com,Indonesia,Male,Sidokumpul,Topiczoom,70206.70,IDR
Ruby,Schmidt,rschmidtok@arstechnica.com,United States,Female,Newport Beach,Kwinu,79989.09,USD
Anthony,Watson,awatsonol@china.com.cn,Russia,Male,Gusinoozyorsk,Jabbersphere,96548.04,RUB
Maria,Mccoy,mmccoyom@cocolog-nifty.com,Cameroon,Female,Dschang,Linktype,25011.85,XAF
Kevin,Rodriguez,krodriguezon@bigcartel.com,China,Male,Gangshangji,Kwideo,28380.40,CNY
Howard,Phillips,hphillipsoo@edublogs.org,Philippines,Male,San Miguel,Thoughtworks,52530.96,PHP
Joshua,Williams,jwilliamsop@bbc.co.uk,Uzbekistan,Male,Oqtosh,Skidoo,94694.63,UZS
Martin,Carroll,mcarrolloq@cmu.edu,China,Male,Fucheng,Ooba,63170.16,CNY
Timothy,Bishop,tbishopor@state.tx.us,Brazil,Male,Frederico Westphalen,InnoZ,26923.55,BRL
Virginia,Ward,vwardos@marketwatch.com,China,Female,Mengla,Blogtags,50589.64,CNY
Gary,Medina,gmedinaot@taobao.com,China,Male,Aba,Jabbertype,4558.14,CNY
Jane,Parker,jparkerou@acquirethisname.com,Tajikistan,Female,Ishqoshim,Topicshots,18018.41,TJS
Benjamin,Weaver,bweaverov@rediff.com,Philippines,Male,Bolaoit,Miboo,33083.35,PHP
Douglas,Rogers,drogersow@exblog.jp,Peru,Male,Jayune,Realblab,70845.78,PEN
Evelyn,Cole,ecoleox@surveymonkey.com,Indonesia,Female,Lampihung,Meevee,7651.94,IDR
Lori,Butler,lbutleroy@cnbc.com,Sweden,Female,Huddinge,Myworks,83986.58,SEK
Kevin,Cole,kcoleoz@house.gov,China,Male,Lijie,Skippad,17636.98,CNY
Russell,Flores,rfloresp0@unblog.fr,Sri Lanka,Male,Sri Jayewardenepura Kotte,Riffpedia,97094.16,LKR
Debra,Howard,dhowardp1@de.vu,China,Female,Qiaole,Trupe,52592.30,CNY
Jonathan,Rice,jricep2@csmonitor.com,Sweden,Male,Örebro,Wordpedia,90931.73,SEK
Angela,Gonzales,agonzalesp3@princeton.edu,Vietnam,Female,Poste du Lac,Zoomlounge,75492.31,VND
Wayne,Kim,wkimp4@unblog.fr,Brazil,Male,Rio Formoso,Buzzbean,90845.79,BRL
Rachel,Robinson,rrobinsonp5@wordpress.com,Portugal,Female,Bouça,Ainyx,3157.70,EUR
Karen,Kennedy,kkennedyp6@vimeo.com,Uruguay,Female,Santa Catalina,Fivechat,,UYU
Joe,Morris,jmorrisp7@linkedin.com,China,Male,Lincheng,Kwilith,60904.17,CNY
Barbara,Welch,bwelchp8@utexas.edu,Seychelles,Female,Anse Boileau,Buzzster,23637.66,SCR
Albert,Ramos,aramosp9@tmall.com,Iraq,Male,Koysinceq,Thoughtstorm,,IQD
Donna,Ruiz,druizpa@google.nl,Russia,Female,Ryazan’,Oozz,23706.47,RUB
Gregory,Hunt,ghuntpb@edublogs.org,Brazil,Male,Imbituva,Photobug,9281.67,BRL
Melissa,Kim,mkimpc@amazonaws.com,Russia,Female,Borogontsy,Skivee,31349.62,RUB
Mildred,Gilbert,mgilbertpd@php.net,South Africa,Female,Mpophomeni,Brightbean,31001.23,ZAR
Sharon,Romero,sromerope@jugem.jp,Cambodia,Female,Kampong Speu,Podcat,,KHR
Fred,Grant,fgrantpf@scribd.com,Portugal,Male,Fonte do Feto,Eire,15591.50,EUR
Scott,Payne,spaynepg@reverbnation.com,Costa Rica,Male,Batán,Voomm,519.32,CRC
Wanda,Franklin,wfranklinph@meetup.com,Philippines,Female,Santa Catalina Norte,Devshare,96928.37,PHP
Donna,Perry,dperrypi@storify.com,Ukraine,Female,Krasni Okny,Meedoo,71525.70,UAH
Marie,Richards,mrichardspj@prlog.org,Italy,Female,Cagliari,Zooveo,80235.56,EUR
Terry,Marshall,tmarshallpk@nasa.gov,Indonesia,Male,Kekeri,Podcat,30235.03,IDR
Martha,Bailey,mbaileypl@businesswire.com,Peru,Female,Ricardo Palma,Ntags,23691.15,PEN
Andrea,Howard,ahowardpm@about.me,Indonesia,Female,Aelande,Lazzy,51652.07,IDR
Pamela,Bowman,pbowmanpn@opera.com,Uganda,Female,Masindi Port,Jaxworks,,UGX
Benjamin,Berry,bberrypo@mozilla.com,Lithuania,Male,Vabalninkas,Rhycero,,LTL
Jane,Long,jlongpp@mac.com,Mexico,Female,Primero de Mayo,Oloo,31412.04,MXN
Thomas,Hicks,thickspq@vinaora.com,China,Male,Fengjiang,Skimia,84669.64,CNY
Paul,Wells,pwellspr@myspace.com,Portugal,Male,Ramada,Feedmix,89061.78,EUR
Jeremy,Carr,jcarrps@youtu.be,Indonesia,Male,Kebon Tengah,Mybuzz,41847.44,IDR
Shawn,Cox,scoxpt@privacy.gov.au,France,Male,Lyon,Realblab,14366.05,EUR
Ernest,Miller,emillerpu@unicef.org,Uruguay,Male,Dolores,Dynabox,50616.87,UYU
Walter,Flores,wflorespv@pagesperso-orange.fr,China,Male,Heishan,Brainbox,81654.12,CNY
David,Dunn,ddunnpw@plala.or.jp,Indonesia,Male,Batibati,Oyoyo,27238.91,IDR
Ralph,Diaz,rdiazpx@wired.com,Indonesia,Male,Sukapura,Tanoodle,14378.17,IDR
Lillian,Robertson,lrobertsonpy@loc.gov,Indonesia,Female,Randuagung,Mita,41769.27,IDR
Margaret,Washington,mwashingtonpz@wix.com,Colombia,Female,San Carlos,Jabberstorm,31843.36,COP
Lori,Gonzales,lgonzalesq0@people.com.cn,Kazakhstan,Female,Terenozek,Livetube,24.96,KZT
Jason,Torres,jtorresq1@nationalgeographic.com,Greece,Male,Patitírion,Jetwire,93531.06,EUR
Cynthia,Jones,cjonesq2@bloglines.com,Indonesia,Female,Babakankadu,Kwinu,,IDR
Thomas,Watson,twatsonq3@nymag.com,Jamaica,Male,Hayes,Latz,96993.79,JMD
Scott,Peters,spetersq4@uiuc.edu,United States,Male,Irvine,Fivebridge,26476.89,USD
Elizabeth,Kelley,ekelleyq5@forbes.com,Hungary,Female,Budapest,Topiclounge,,HUF
Michelle,Armstrong,marmstrongq6@usatoday.com,China,Female,Chatian,Skyvu,,CNY
Rachel,Vasquez,rvasquezq7@pinterest.com,China,Female,Huyang,Dynava,30046.18,CNY
Justin,Parker,jparkerq8@umich.edu,China,Male,Changchun,Buzzshare,65946.99,CNY
Craig,Parker,cparkerq9@geocities.com,France,Male,La Tour-du-Pin,Thoughtstorm,69405.95,EUR
Nancy,Porter,nporterqa@harvard.edu,Ivory Coast,Female,Abengourou,Yadel,,XOF
Justin,Stone,jstoneqb@thetimes.co.uk,Philippines,Male,Matagbak,Kare,80198.48,PHP
Alice,Sanchez,asanchezqc@amazonaws.com,Indonesia,Female,Krajan,Aibox,40960.73,IDR
Juan,Hughes,jhughesqd@qq.com,Indonesia,Male,Banjar Tengah,Photobug,81869.26,IDR
Lawrence,Romero,lromeroqe@unc.edu,Indonesia,Male,Ciwaru,Wikido,25817.38,IDR
Howard,Lawrence,hlawrenceqf@marriott.com,Indonesia,Male,Bagjasari,Rhyzio,50141.84,IDR
Ronald,Mcdonald,rmcdonaldqg@redcross.org,Poland,Male,Świdwin,BlogXS,90262.68,PLN
Arthur,Meyer,ameyerqh@epa.gov,China,Male,Shimen,Quinu,75287.62,CNY
Theresa,Grant,tgrantqi@mozilla.com,Dominican Republic,Female,Las Matas de Farfán,Kwilith,,DOP
Kathryn,Freeman,kfreemanqj@techcrunch.com,Czech Republic,Female,Žamberk,Twinte,40944.85,CZK
Rachel,Meyer,rmeyerqk@latimes.com,China,Female,Heling,Ntag,98400.49,CNY
Heather,Welch,hwelchql@google.ru,Portugal,Female,Góis,Mybuzz,88804.60,EUR
Phillip,Johnson,pjohnsonqm@last.fm,South Africa,Male,Claremont,Cogibox,57617.57,ZAR
Phillip,Gordon,pgordonqn@dagondesign.com,China,Male,Gaoxing,Eabox,85799.14,CNY
Anne,Mccoy,amccoyqo@tuttocitta.it,Myanmar,Female,Kyaikkami,Janyx,81871.22,MMK
Lisa,Jenkins,ljenkinsqp@webnode.com,Indonesia,Female,Basen,Kanoodle,47519.15,IDR
Paul,Robertson,probertsonqq@sciencedirect.com,Indonesia,Male,Tungguwaneng,Realblab,32680.83,IDR
Jacqueline,Hawkins,jhawkinsqr@rambler.ru,Colombia,Female,Obando,Katz,83404.41,COP
Nicole,Sullivan,nsullivanqs@msn.com,Brazil,Female,Capitão Poço,Plambee,18341.82,BRL
Jeffrey,Andrews,jandrewsqt@altervista.org,Russia,Male,Tarbagatay,Shufflester,,RUB
Mary,Olson,molsonqu@twitter.com,Belarus,Female,Horad Smalyavichy,Youspan,63387.39,BYR
Brandon,Watson,bwatsonqv@statcounter.com,China,Male,Sishui,Kanoodle,85853.02,CNY
Louise,Owens,lowensqw@zimbio.com,Serbia,Female,Orlovat,Tagcat,83283.07,RSD
Brandon,Campbell,bcampbellqx@cnn.com,China,Male,Hou’an,Dynazzy,38333.50,CNY
Dorothy,Griffin,dgriffinqy@blogger.com,Georgia,Female,Tsalka,Avavee,9138.03,GEL
Randy,Owens,rowensqz@yahoo.com,Brazil,Male,Porto Alegre,Meetz,56686.86,BRL
Jose,Shaw,jshawr0@shop-pro.jp,Bosnia and Herzegovina,Male,Nevesinje,Yambee,34067.08,BAM
Paula,Holmes,pholmesr1@wikipedia.org,Peru,Female,Chiara,Reallinks,17372.48,PEN
Jacqueline,Palmer,jpalmerr2@stanford.edu,Peru,Female,Conchamarca,Eare,62.86,PEN
Jason,Hamilton,jhamiltonr3@examiner.com,Russia,Male,Timiryazevskiy,Geba,31031.50,RUB
Ernest,Martinez,emartinezr4@ask.com,China,Male,Yangjian,Jabbersphere,22346.28,CNY
Bruce,Walker,bwalkerr5@desdev.cn,Norway,Male,Trondheim,Yakijo,72149.26,NOK
Melissa,Warren,mwarrenr6@sitemeter.com,Philippines,Female,San Narciso,Myworks,9764.44,PHP
Jessica,Wells,jwellsr7@altervista.org,Philippines,Female,Dimiao,Geba,70697.23,PHP
Gregory,Nguyen,gnguyenr8@youku.com,Slovenia,Male,Kranjska Gora,Thoughtbeat,83194.48,EUR
Judith,Chapman,jchapmanr9@chicagotribune.com,Indonesia,Female,Tembau,Thoughtstorm,59290.87,IDR
Joyce,Palmer,jpalmerra@cbc.ca,Paraguay,Female,Coronel Martínez,Browsebug,15177.87,PYG
Ashley,Marshall,amarshallrb@nasa.gov,South Africa,Female,Tugela Ferry,Dabtype,,ZAR
Peter,Warren,pwarrenrc@netscape.com,Malta,Male,Mosta,Jazzy,13382.24,EUR
Philip,Crawford,pcrawfordrd@slideshare.net,Philippines,Male,Paagahan,Jaxbean,83526.71,PHP
Heather,Coleman,hcolemanre@digg.com,Philippines,Female,Panganiban,Buzzdog,69417.13,PHP
Lori,Foster,lfosterrf@europa.eu,Brazil,Female,Garibaldi,Livefish,45877.69,BRL
Irene,King,ikingrg@cbc.ca,Nigeria,Female,Agbor,Eidel,94729.11,NGN
Anne,Gray,agrayrh@amazon.co.uk,Philippines,Female,Alangalang,Linklinks,81985.76,PHP
Keith,Black,kblackri@hp.com,Afghanistan,Male,Khāsh,Livefish,69497.06,AFN
Anne,Frazier,afrazierrj@cdbaby.com,China,Female,Dongshan,Voonix,2160.29,CNY
Samuel,Mcdonald,smcdonaldrk@hubpages.com,Philippines,Male,Taypano,Meevee,77449.89,PHP
Jerry,Edwards,jedwardsrl@fastcompany.com,China,Male,Baoziba,Trunyx,93673.19,CNY
Randy,Carr,rcarrrm@spotify.com,Philippines,Male,Santo Tomas,Livetube,,PHP
Alan,Willis,awillisrn@miitbeian.gov.cn,Tajikistan,Male,Palos,Eidel,,TJS
Theresa,Sullivan,tsullivanro@nbcnews.com,Tunisia,Female,La Mohammedia,Eidel,38614.57,TND
Bonnie,Johnson,bjohnsonrp@statcounter.com,Ukraine,Female,Irshava,Skaboo,97440.94,UAH
Nicholas,Woods,nwoodsrq@cnet.com,China,Male,Yuanmou,Jaxspan,,CNY
Anna,Greene,agreenerr@gizmodo.com,Poland,Female,Bełżyce,Bubblemix,58586.86,PLN
