Aaron,Cox,acox0@jiathis.com,China,Male,Keli,Photobean,,CNY
Jessica,Nichols,jnichols1@state.gov,New Zealand,Female,Pakuranga,Topicware,37778.48,NZD
Ryan,Willis,rwillis2@sitemeter.com,China,Male,Wuma,Tazzy,45136.80,CNY
Joshua,Hudson,jhudson3@icio.us,Philippines,Male,Mantampay,Quaxo,2989.29,PHP
Evelyn,Parker,eparker4@smugmug.com,Belarus,Female,Haradok,Centidel,28635.03,BYR
Aaron,Lynch,alynch5@wikispaces.com,China,Male,Qiandian,Flashspan,57091.38,CNY
Denise,Schmidt,dschmidt6@jigsy.com,Norway,Female,Sandnes,Zoonder,38127.11,NOK
Deborah,Foster,dfoster7@etsy.com,Gambia,Female,Jifarong,Quimm,7034.85,GMD
Julia,Black,jblack8@freewebs.com,Venezuela,Female,Macapo,Omba,74064.26,VEF
Bruce,Hughes,bhughes9@comsenz.com,Canada,Male,Selkirk,Eare,38368.40,CAD
Elizabeth,Cooper,ecoopera@furl.net,Russia,Female,Novo-Peredelkino,Twimm,72474.07,RUB
Mark,Medina,mmedinab@instagram.com,Philippines,Male,Bulasa,Mycat,18170.21,PHP
Joan,Hansen,jhansenc@gmpg.org,China,Female,Daba,Quamba,9250.94,CNY
Robert,Griffin,rgriffind@ameblo.jp,Indonesia,Male,Kopang Satu,Mybuzz,40763.15,IDR
Victor,Duncan,vduncane@lulu.com,Ukraine,Male,Pervomays’ke,Edgewire,73645.03,UAH
Pamela,Matthews,pmatthewsf@merriam-webster.com,China,Female,Meishan,Cogilith,48066.14,CNY
Harry,Perkins,hperkinsg@cbc.ca,Malawi,Male,Balaka,Topicware,41126.51,MWK
Ralph,Jordan,rjordanh@taobao.com,Sweden,Male,Stockholm,Shufflester,48287.23,SEK
Jimmy,Richards,jrichardsi@google.com.br,Ecuador,Male,Rosa Zarate,Kanoodle,,USD
Jimmy,Flores,jfloresj@quantcast.com,China,Male,Jinxiu,Topiczoom,7546.07,CNY
Margaret,Evans,mevansk@ebay.co.uk,France,Female,Paris 12,Jaxworks,31131.24,EUR
Rachel,Duncan,rduncanl@china.com.cn,Paraguay,Female,San José,Skaboo,38568.82,PYG
Alice,Montgomery,amontgomerym@tamu.edu,Brazil,Female,Tramandaí,Jabbercube,,BRL
Evelyn,Shaw,eshawn@jalbum.net,Luxembourg,Female,Ell,Vinder,86675.03,EUR
Rose,Stephens,rstephenso@hao123.com,Russia,Female,Valuyki,Flipopia,21133.51,RUB
Lillian,Frazier,lfrazierp@liveinternet.ru,Russia,Female,Spassk,Yacero,55245.49,RUB
Virginia,Walker,vwalkerq@chronoengine.com,Philippines,Female,Carriedo,Yombu,42815.55,PHP
Diana,Ruiz,druizr@theguardian.com,China,Female,Mubo,Zooxo,,CNY
Larry,Hamilton,lhamiltons@mlb.com,Ukraine,Male,Izyaslav,Jayo,9697.93,UAH
Dennis,Henderson,dhendersont@shinystat.com,Ukraine,Male,Tlumach,Photofeed,98420.03,UAH
Janice,Gardner,jgardneru@skype.com,United States,Female,Grand Forks,Agivu,60130.61,USD
Jessica,Harvey,jharveyv@buzzfeed.com,Cyprus,Female,Meniko,Eazzy,50969.80,EUR
Cynthia,Elliott,celliottw@cocolog-nifty.com,Philippines,Female,Naga,Viva,26735.30,PHP
Nicole,Gomez,ngomezx@ca.gov,United States,Female,Portland,Feedfire,26987.57,USD
Arthur,Tucker,atuckery@irs.gov,Philippines,Male,Sankanan,Zoomcast,47621.78,PHP
Christine,White,cwhitez@cisco.com,Philippines,Female,Pawili,Roomm,24638.87,PHP
Helen,Spencer,hspencer10@shinystat.com,Haiti,Female,Chardonnière,Zoomcast,47257.67,HTG
Julie,Ramirez,jramirez11@noaa.gov,Greece,Female,Vanáton,Thoughtmix,47285.94,EUR
Eugene,Harper,eharper12@cmu.edu,China,Male,Sufang,Kazu,15547.95,CNY
Andrew,Sanders,asanders13@wikipedia.org,China,Male,Jingzhou,Kayveo,63928.93,CNY
Angela,Lee,alee14@wordpress.com,China,Female,Haliut,Skyba,80842.71,CNY
Victor,Mcdonald,vmcdonald15@seattletimes.com,Canada,Male,Burnaby,Skipfire,25517.90,CAD
Julia,Garza,jgarza16@digg.com,Poland,Female,Skomlin,Cogibox,3843.06,PLN
Charles,Patterson,cpatterson17@umn.edu,Spain,Male,Pontevedra,Jabbercube,19661.31,EUR
Joseph,Stewart,jstewart18@nba.com,Mexico,Male,Guadalupe,Skivee,51734.38,MXN
Gary,Sims,gsims19@who.int,Brazil,Male,Guaíra,Zoonoodle,69780.32,BRL
George,Young,gyoung1a@oaic.gov.au,China,Male,Moguqi,Shufflebeat,6243.58,CNY
Annie,Patterson,apatterson1b@disqus.com,China,Female,Boketu,Layo,86242.90,CNY
Christopher,Lee,clee1c@wisc.edu,Indonesia,Male,Binafun,Latz,98086.21,IDR
John,Gonzalez,jgonzalez1d@vimeo.com,China,Male,Xiaoguan,Photojam,54863.44,CNY
Harry,Snyder,hsnyder1e@reddit.com,China,Male,Hutang,Quinu,83543.21,CNY
Joyce,Coleman,jcoleman1f@hao123.com,Indonesia,Female,Cipari Satu,Wikizz,10268.96,IDR
Sharon,Bishop,sbishop1g@digg.com,Cameroon,Female,Bali,Browsebug,5220.35,XAF
Kathy,Cruz,kcruz1h@ustream.tv,China,Female,Dogarmo,Trunyx,95259.54,CNY
Beverly,Fisher,bfisher1i@google.es,Namibia,Female,Eenhana,Zoomcast,39559.03,NAD
Christina,Pierce,cpierce1j@cmu.edu,Czech Republic,Female,Komorní Lhotka,Rhycero,,CZK
Michelle,Elliott,melliott1k@answers.com,Portugal,Female,Fradelos,Divanoodle,72125.78,EUR
Norma,Rodriguez,nrodriguez1l@shinystat.com,China,Female,Geyuan,Mita,98382.92,CNY
Timothy,Sanders,tsanders1m@yahoo.co.jp,Thailand,Male,Bang Len,Pixoboo,15899.40,THB
Barbara,Fisher,bfisher1n@pinterest.com,Indonesia,Female,Mandala,Wordtune,,IDR
Lillian,Green,lgreen1o@arizona.edu,Japan,Female,Kawasaki,Bubblebox,44801.95,JPY
Jason,Washington,jwashington1p@lycos.com,China,Male,Caijiapu,Devcast,75561.13,CNY
Louis,Hawkins,lhawkins1q@mac.com,Iran,Male,Kāmyārān,Trilia,64465.13,IRR
Andrea,Snyder,asnyder1r@wp.com,France,Female,Montesson,Dynazzy,21715.72,EUR
Teresa,Wilson,twilson1s@foxnews.com,Palestinian Territory,Female,Usarin,Ntag,82273.19,ILS
Ralph,Little,rlittle1t@purevolume.com,Indonesia,Male,Kertasari,Jaxbean,31491.02,IDR
Sandra,Lynch,slynch1u@indiegogo.com,Luxembourg,Female,Moutfort,Yoveo,,EUR
Victor,Mason,vmason1v@netscape.com,Argentina,Male,Hermoso Campo,Meevee,92274.74,ARS
Anna,Baker,abaker1w@mail.ru,Indonesia,Female,Hampang,Leenti,52528.71,IDR
Margaret,Porter,mporter1x@dailymotion.com,Brazil,Female,Paranaíba,Mydeo,72391.86,BRL
Charles,Riley,criley1y@patch.com,China,Male,Gaobeijie,Demizz,79649.40,CNY
Arthur,Wood,awood1z@irs.gov,China,Male,Shuyuan,Dynabox,52018.54,CNY
Jesse,Edwards,jedwards20@scientificamerican.com,Pakistan,Male,Kohlu,Meeveo,46304.84,PKR
Deborah,Gonzalez,dgonzalez21@ted.com,Angola,Female,Catabola,Youtags,12662.77,AOA
Jason,Hernandez,jhernandez22@about.com,China,Male,Fulu,Voolith,41756.23,CNY
Phillip,Hamilton,phamilton23@list-manage.com,Ukraine,Male,Hola Prystan’,Wordify,46248.49,UAH
Aaron,Moreno,amoreno24@upenn.edu,Indonesia,Male,Rejasa Kaja,Jatri,16904.78,IDR
Craig,Harper,charper25@microsoft.com,United States,Male,Houston,Wikizz,28500.40,USD
Doris,Reynolds,dreynolds26@state.gov,Vietnam,Female,Thanh Ba,Topicstorm,,VND
Ronald,Olson,rolson27@friendfeed.com,Guatemala,Male,Concepción Tutuapa,Ozu,48036.94,GTQ
Pamela,Evans,pevans28@xinhuanet.com,Brazil,Female,Riachão do Jacuípe,Tagpad,,BRL
Diana,Diaz,ddiaz29@gnu.org,Peru,Female,Chaviña,Meejo,80804.51,PEN
Craig,Johnston,cjohnston2a@theglobeandmail.com,Philippines,Male,Banquero,Kwinu,,PHP
Evelyn,Vasquez,evasquez2b@amazon.de,Bulgaria,Female,Kula,Devcast,26883.85,BGN
Norma,Stone,nstone2c@spotify.com,Brazil,Female,Viradouro,Eire,30378.42,BRL
Jesse,Stephens,jstephens2d@uol.com.br,Burkina Faso,Male,Ziniaré,Vipe,59993.54,XOF
Aaron,West,awest2e@sina.com.cn,Thailand,Male,Phu Luang,Mymm,79057.09,THB
Julia,Butler,jbutler2f@opera.com,Kosovo,Female,Zvečan,Quinu,57108.22,EUR
Stephanie,Jenkins,sjenkins2g@51.la,Syria,Female,Al Qāmishlī,Realbuzz,59692.30,SYP
Mary,Sanders,msanders2h@google.co.uk,Japan,Female,Kanie,Oyoyo,88562.20,JPY
Alan,Price,aprice2i@furl.net,China,Male,Lingshan,Meemm,5335.52,CNY
Brandon,Hall,bhall2j@china.com.cn,Japan,Male,Namie,Gabcube,93362.41,JPY
Annie,Russell,arussell2k@phoca.cz,Egypt,Female,Ḩalwān,Yamia,26614.34,EGP
Ronald,Miller,rmiller2l@washington.edu,Malaysia,Male,Melaka,Brightdog,78920.59,MYR
Cheryl,Wallace,cwallace2m@engadget.com,Slovenia,Female,Zgornje Jezersko,Photospace,26535.99,EUR
Patrick,Powell,ppowell2n@artisteer.com,Ivory Coast,Male,Odienné,Wordify,17899.36,XOF
Charles,Robertson,crobertson2o@dmoz.org,Japan,Male,Asahikawa,Voonte,15886.87,JPY
Bruce,Roberts,broberts2p@bloomberg.com,China,Male,Gantang,Realbridge,13280.51,CNY
Shawn,Mendoza,smendoza2q@blog.com,Philippines,Male,Urbiztondo,Jetwire,44690.07,PHP
Helen,Armstrong,harmstrong2r@plala.or.jp,Philippines,Female,New Iloilo,Topdrive,39982.77,PHP
Catherine,Perez,cperez2s@walmart.com,China,Female,Qingyang,Jabberbean,58479.45,CNY
Susan,Smith,ssmith2t@theglobeandmail.com,China,Female,Hongling,BlogXS,96052.26,CNY
Frank,Dixon,fdixon2u@symantec.com,Philippines,Male,Malibago,Wordware,4059.14,PHP
Louis,Chapman,lchapman2v@angelfire.com,Portugal,Male,Ferreira do Zêzere,Mymm,9479.99,EUR
Joan,Bailey,jbailey2w@cocolog-nifty.com,Mexico,Female,San Jose,Blogpad,17342.76,MXN
Michael,Carroll,mcarroll2x@aol.com,Brazil,Male,Carazinho,Linklinks,24344.07,BRL
Susan,Vasquez,svasquez2y@wsj.com,Iran,Female,Fareydūnshahr,Oyoba,,IRR
Martin,Martin,mmartin2z@sbwire.com,France,Male,Strasbourg,Voonte,24394.09,EUR
Ryan,Sanders,rsanders30@cargocollective.com,Portugal,Male,Vilar,Skipfire,62445.63,EUR
Harry,Gutierrez,hgutierrez31@amazonaws.com,Poland,Male,Śliwice,Tagchat,17767.77,PLN
Carolyn,Watkins,cwatkins32@mail.ru,Iran,Female,Galūgāh,Livepath,,IRR
Deborah,Ross,dross33@reddit.com,Argentina,Female,Añatuya,Zoovu,92149.94,ARS
Lillian,Miller,lmiller34@wisc.edu,China,Female,Taipingguan,Yakijo,61162.53,CNY
Antonio,Turner,aturner35@amazon.co.uk,Greece,Male,Melíti,Bluejam,1897.58,EUR
Kelly,Chavez,kchavez36@wikia.com,Portugal,Female,Cabo de Vila,Vitz,78351.83,EUR
Shawn,Spencer,sspencer37@google.fr,China,Male,Xindu,Eare,,CNY
Patricia,Kennedy,pkennedy38@patch.com,Russia,Female,Markovo,Topicshots,94748.86,RUB
Raymond,Lewis,rlewis39@boston.com,China,Male,Chadian,Edgeblab,83667.33,CNY
Aaron,Mcdonald,amcdonald3a@behance.net,France,Male,Boulogne-Billancourt,Quaxo,9818.12,EUR
Billy,Day,bday3b@weather.com,Philippines,Male,Bungabon,Meetz,66902.79,PHP
Dorothy,Hughes,dhughes3c@illinois.edu,Iran,Female,Mīāndoāb,Voolith,48777.09,IRR
Earl,Young,eyoung3d@privacy.gov.au,Sweden,Male,Stockholm,Voolia,17021.06,SEK
Jennifer,Nelson,jnelson3e@weibo.com,Chile,Female,Diego de Almagro,Chatterpoint,25836.10,CLP
Tina,Hicks,thicks3f@bigcartel.com,Norway,Female,Oslo,Youspan,37711.25,NOK
Marie,Jackson,mjackson3g@zimbio.com,Croatia,Female,Vojnić,Mita,61767.20,HRK
Rachel,Rice,rrice3h@sogou.com,Argentina,Female,Villa Bustos,Babbleblab,35719.34,ARS
Ernest,Allen,eallen3i@cdbaby.com,Uruguay,Male,Ecilda Paullier,Realfire,76969.89,UYU
Jane,Carpenter,jcarpenter3j@mtv.com,Colombia,Female,Sabaneta,Skinix,79643.86,COP
Peter,Howard,phoward3k@topsy.com,China,Male,Liushun,Twitterlist,,CNY
Phillip,Hunter,phunter3l@fotki.com,Poland,Male,Łopuszna,Mynte,83825.87,PLN
Andrew,Williamson,awilliamson3m@google.com,Indonesia,Male,Maesan,Kanoodle,60295.81,IDR
Nicole,Cooper,ncooper3n@disqus.com,Egypt,Female,Dikirnis,Voonyx,26347.02,EGP
Amy,Riley,ariley3o@hatena.ne.jp,France,Female,Limeil-Brévannes,Dynava,56428.21,EUR
Donna,Cruz,dcruz3p@japanpost.jp,Mexico,Female,Las Palmas,Yotz,545.20,MXN
Louise,Cook,lcook3q@free.fr,Paraguay,Female,Villa Florida,Skynoodle,26372.00,PYG
Andrew,Dean,adean3r@xinhuanet.com,China,Male,Changlin,Innotype,,CNY
Annie,Hayes,ahayes3s@gov.uk,China,Female,Guazhou,Skyba,65739.35,CNY
Janice,Hill,jhill3t@comcast.net,Philippines,Female,Mailag,Fatz,41559.23,PHP
Judy,Green,jgreen3u@baidu.com,Poland,Female,Szczawno-Zdrój,Gabtune,26918.27,PLN
Fred,Alexander,falexander3v@jigsy.com,Russia,Male,Verkhozim,Npath,84167.14,RUB
Roger,Taylor,rtaylor3w@histats.com,China,Male,Jiangyi,Topicblab,53481.81,CNY
Lori,Frazier,lfrazier3x@opera.com,Ukraine,Female,Chemerivtsi,Oodoo,57281.99,UAH
Shawn,Carter,scarter3y@discuz.net,Kazakhstan,Male,Zharkent,Reallinks,84094.12,KZT
Anne,Carroll,acarroll3z@state.gov,France,Female,Châteauroux,Jazzy,595.09,EUR
Rose,Perry,rperry40@marriott.com,Nigeria,Female,Awgu,Kanoodle,12922.05,NGN
Brian,Carter,bcarter41@bbc.co.uk,China,Male,Jiaze,Brightdog,23985.68,CNY
Denise,Hanson,dhanson42@imdb.com,Philippines,Female,San Lucas,Yakitri,,PHP
Ashley,George,ageorge43@psu.edu,Indonesia,Female,Pule,Kamba,19436.23,IDR
Adam,Hill,ahill44@deliciousdays.com,France,Male,Paris 08,Vinte,50777.03,EUR
Raymond,Burke,rburke45@elegantthemes.com,Brazil,Male,Tomé Açu,Mita,7180.47,BRL
Janice,Stone,jstone46@plala.or.jp,Philippines,Female,De la Paz,Roomm,21523.47,PHP
Todd,Walker,twalker47@yelp.com,Japan,Male,Namioka,Wordify,71274.38,JPY
Tammy,Walker,twalker48@dagondesign.com,China,Female,Langzhong,Yata,12973.66,CNY
Donna,Gomez,dgomez49@google.it,Italy,Female,Salerno,Twitterbeat,89077.43,EUR
Patrick,Matthews,pmatthews4a@toplist.cz,Dominican Republic,Male,Salsipuedes,Yakijo,71538.96,DOP
Henry,Perry,hperry4b@cdc.gov,Brazil,Male,Rialma,Janyx,19679.50,BRL
Jane,Lewis,jlewis4c@prlog.org,Bulgaria,Female,Gotse Delchev,Quinu,20557.23,BGN
Karen,Long,klong4d@nydailynews.com,Indonesia,Female,Lubukgadang,Feedbug,87787.49,IDR
Irene,Burns,iburns4e@ihg.com,Sweden,Female,Linköping,Kimia,69580.50,SEK
Victor,Gutierrez,vgutierrez4f@europa.eu,Indonesia,Male,Rukunlima Bawah,Jabbercube,8767.09,IDR
Nicole,Larson,nlarson4g@rediff.com,Slovenia,Female,Šoštanj,Oyondu,,EUR
Matthew,Jackson,mjackson4h@hud.gov,United States,Male,Washington,Skimia,5705.94,USD
Gerald,Montgomery,gmontgomery4i@cpanel.net,Indonesia,Male,Gisiliba,Chatterpoint,73528.39,IDR
Helen,Pierce,hpierce4j@storify.com,Vietnam,Female,Hồ Xá,Fivespan,78145.67,VND
Karen,Weaver,kweaver4k@oaic.gov.au,Philippines,Female,San Fernando,Thoughtmix,54114.45,PHP
Barbara,Kelly,bkelly4l@phpbb.com,Vietnam,Female,Tân Phú,Jamia,3254.24,VND
Deborah,Morales,dmorales4m@samsung.com,Nigeria,Female,Idah,Gevee,42577.88,NGN
Shawn,Wright,swright4n@hud.gov,China,Male,Jianggao,Jaxnation,60233.22,CNY
Barbara,Carter,bcarter4o@marriott.com,China,Female,Miaoquan,Topicblab,73733.39,CNY
Douglas,Parker,dparker4p@disqus.com,Indonesia,Male,Jayawangi,Voonder,86206.34,IDR
Gary,Wagner,gwagner4q@feedburner.com,China,Male,Hesi,Livetube,43956.61,CNY
Marilyn,Olson,molson4r@networksolutions.com,Ukraine,Female,Lazi,Trilia,91686.93,UAH
Virginia,Torres,vtorres4s@usa.gov,Indonesia,Female,Mekarsari,Babbleset,23991.21,IDR
Steven,Nguyen,snguyen4t@studiopress.com,Poland,Male,Pawłosiów,Izio,82024.87,PLN
Rachel,Wright,rwright4u@usda.gov,Nigeria,Female,Gajiram,Chatterbridge,97429.41,NGN
Marilyn,Ross,mross4v@nydailynews.com,Poland,Female,Cisek,Mybuzz,18199.49,PLN
Donna,Lane,dlane4w@godaddy.com,China,Female,Lanzhong,Twitterworks,10348.51,CNY
Irene,Woods,iwoods4x@psu.edu,Germany,Female,Kassel,Yadel,8784.54,EUR
Sarah,Larson,slarson4y@discovery.com,China,Female,Huimin,Gigazoom,12337.87,CNY
Michelle,Kim,mkim4z@opera.com,Argentina,Female,Puerto Iguazú,Jaxbean,39634.24,ARS
Margaret,Baker,mbaker50@paypal.com,China,Female,Muyi,Dynava,64309.79,CNY
Norma,Reynolds,nreynolds51@sciencedaily.com,Japan,Female,Kashima-shi,Zooxo,88064.68,JPY
Doris,Alexander,dalexander52@illinois.edu,Indonesia,Female,Puger,Plajo,87551.61,IDR
Ann,Grant,agrant53@unicef.org,New Zealand,Female,Waipawa,Gigaclub,59633.73,NZD
Alan,Vasquez,avasquez54@cbc.ca,Indonesia,Male,Ciganaria,Kwimbee,66485.24,IDR
Katherine,Scott,kscott55@pen.io,China,Female,Dawu,Kayveo,26135.07,CNY
Joyce,Ward,jward56@nba.com,Portugal,Female,Funchal,Edgeify,92836.30,EUR
Carolyn,Diaz,cdiaz57@is.gd,Indonesia,Female,Mulyosari,Browseblab,83064.55,IDR
George,Cooper,gcooper58@imdb.com,Guyana,Male,Mahdia,Voonyx,,GYD
Jimmy,Mcdonald,jmcdonald59@symantec.com,Sweden,Male,Strömsund,Mycat,2684.73,SEK
Carlos,Payne,cpayne5a@statcounter.com,Hong Kong,Male,Central,Rhycero,53857.18,HKD
Richard,Andrews,randrews5b@mail.ru,Bolivia,Male,Okinawa Número Uno,Photobug,24614.91,BOB
Jessica,Ortiz,jortiz5c@booking.com,Czech Republic,Female,Moutnice,Meedoo,61531.25,CZK
Barbara,Dean,bdean5d@taobao.com,Sweden,Female,Stockholm,Brainlounge,,SEK
Peter,Reid,preid5e@arstechnica.com,Lithuania,Male,Birštonas,Livetube,26408.15,LTL
Richard,Green,rgreen5f@dyndns.org,China,Male,Xinshancun,Yata,,CNY
Antonio,Hall,ahall5g@state.gov,Paraguay,Male,Santa Rita,Photofeed,27663.36,PYG
Julie,Hernandez,jhernandez5h@over-blog.com,China,Female,Zhenshan,Zoomlounge,23051.70,CNY
Laura,Welch,lwelch5i@nytimes.com,Argentina,Female,Pampa del Infierno,Viva,29818.36,ARS
Larry,Taylor,ltaylor5j@elpais.com,Finland,Male,Forssa,Aivee,15470.48,EUR
Johnny,Young,jyoung5k@wikimedia.org,Brazil,Male,Nazaré,Tazz,45787.47,BRL
Matthew,Kelley,mkelley5l@ning.com,China,Male,Maojiagang,Feednation,73605.88,CNY
Craig,Harris,charris5m@walmart.com,Indonesia,Male,Ngrejo,Tavu,98875.55,IDR
Amanda,Stewart,astewart5n@dailymotion.com,Peru,Female,Pillpinto,Fatz,11403.87,PEN
Mark,Marshall,mmarshall5o@gmpg.org,France,Male,Paris 16,Youspan,54282.40,EUR
Henry,Green,hgreen5p@pen.io,Croatia,Male,Posedarje,Dablist,31773.22,HRK
Kenneth,Lawson,klawson5q@wsj.com,Indonesia,Male,Manggekompo,Zoonder,72730.45,IDR
Patrick,Hicks,phicks5r@acquirethisname.com,Philippines,Male,Calamba,Linklinks,90388.82,PHP
Jessica,Willis,jwillis5s@fema.gov,Brazil,Female,Braço do Norte,Quire,71321.34,BRL
Janice,Jordan,jjordan5t@dropbox.com,Brazil,Female,Santa Cruz Cabrália,Fivechat,52453.47,BRL
Janice,Greene,jgreene5u@berkeley.edu,Thailand,Female,Yaring,Wikibox,72361.46,THB
Gloria,Simmons,gsimmons5v@ocn.ne.jp,Mexico,Female,Independencia,Twimm,,MXN
Matthew,Duncan,mduncan5w@businessweek.com,Thailand,Male,Phu Kradueng,Gigaclub,15886.78,THB
Joyce,Price,jprice5x@cam.ac.uk,Philippines,Female,Tococ East,Oyoyo,21081.26,PHP
Catherine,Freeman,cfreeman5y@myspace.com,China,Female,Yanshang,Trilith,83660.13,CNY
Virginia,Richards,vrichards5z@a8.net,China,Female,Shijing,Babblestorm,,CNY
Kelly,Rivera,krivera60@trellian.com,Indonesia,Female,Oenaik,Voonix,79586.24,IDR
Norma,Mccoy,nmccoy61@squidoo.com,China,Female,Haliut,Voomm,97101.50,CNY
Jimmy,Mcdonald,jmcdonald62@simplemachines.org,Portugal,Male,Rosmaninhal,Avavee,,EUR
Victor,Cunningham,vcunningham63@japanpost.jp,Guatemala,Male,Huitán,Lazz,6548.78,GTQ
Willie,Rodriguez,wrodriguez64@china.com.cn,Ecuador,Male,Babahoyo,Skidoo,89037.75,USD
Jesse,Turner,jturner65@yolasite.com,France,Male,Paris 15,Demivee,47970.32,EUR
Alice,Lopez,alopez66@upenn.edu,Indonesia,Female,Kotabaru Hilir,Meeveo,12701.60,IDR
Martha,Walker,mwalker67@shareasale.com,Russia,Female,Esso,Wikibox,98587.83,RUB
Teresa,Graham,tgraham68@alexa.com,China,Female,Zhangping,Pixope,,CNY
Phyllis,Gomez,pgomez69@wikispaces.com,Ukraine,Female,Kochetok,Dabfeed,34854.99,UAH
Scott,Day,sday6a@usatoday.com,China,Male,Wangzuizi,Topiclounge,84829.68,CNY
Keith,Day,kday6b@cmu.edu,Colombia,Male,Aguachica,Cogidoo,60346.45,COP
Wanda,Gomez,wgomez6c@illinois.edu,South Africa,Female,Matatiele,Meejo,44647.60,ZAR
Samuel,Barnes,sbarnes6d@smugmug.com,Russia,Male,Kamenka,Oyope,85998.83,RUB
Randy,Parker,rparker6e@dot.gov,Thailand,Male,Khuan Don,Realbuzz,59866.97,THB
Nicholas,Spencer,nspencer6f@whitehouse.gov,Colombia,Male,Palocabildo,Gigazoom,,COP
Joyce,Greene,jgreene6g@harvard.edu,Latvia,Female,Riebiņi,Trunyx,76287.74,EUR
Juan,Castillo,jcastillo6h@bandcamp.com,Russia,Male,Syrskoye,Feedspan,37461.03,RUB
Laura,Fields,lfields6i@yale.edu,Malta,Female,Pembroke,Feedmix,76101.28,EUR
Raymond,Taylor,rtaylor6j@auda.org.au,Vietnam,Male,Thị Trấn Cẩm Thủy,Rhynyx,3549.91,VND
Amanda,Myers,amyers6k@theatlantic.com,Portugal,Female,Alvide,Eare,43051.06,EUR
Paul,Wood,pwood6l@craigslist.org,Russia,Male,Yedogon,Flipbug,18659.05,RUB
Jimmy,Mason,jmason6m@squidoo.com,Indonesia,Male,Karangnongko,Youbridge,29590.88,IDR
Emily,Castillo,ecastillo6n@tumblr.com,Brazil,Female,Apiaí,Avaveo,,BRL
Dorothy,Burns,dburns6o@smugmug.com,Canada,Female,Sainte-Sophie,Tambee,25653.61,CAD
Stephen,Warren,swarren6p@yellowbook.com,South Africa,Male,Kathu,Meedoo,93294.05,ZAR
Albert,Day,aday6q@nymag.com,Russia,Male,Ust’-Kachka,Aimbu,99658.85,RUB
Charles,Lawson,clawson6r@narod.ru,Ecuador,Male,Rosa Zarate,Jaxnation,64946.31,USD
Phillip,Ellis,pellis6s@stumbleupon.com,Portugal,Male,Foz Giraldo,Dabshots,5018.45,EUR
Kathy,Sanders,ksanders6t@tinypic.com,France,Female,Dijon,Ozu,73155.66,EUR
Joe,Brooks,jbrooks6u@gov.uk,China,Male,Huanghua,Zoomzone,14706.10,CNY
Dorothy,Mason,dmason6v@si.edu,China,Female,Jinjing,Zoombox,8356.01,CNY
Elizabeth,Ortiz,eortiz6w@wisc.edu,Switzerland,Female,Luzern,Skidoo,75093.97,CHF
Rose,Palmer,rpalmer6x@wikipedia.org,Portugal,Female,Redondos,Linkbuzz,6522.64,EUR
Ashley,Ford,aford6y@wordpress.org,China,Female,Huanghuai,Edgeify,40857.25,CNY
Phyllis,Hicks,phicks6z@nytimes.com,Pakistan,Female,New Mīrpur,Jetwire,70922.28,PKR
Evelyn,Chavez,echavez70@list-manage.com,Nigeria,Female,Ijebu-Ife,Jabbersphere,57380.25,NGN
Paul,Gibson,pgibson71@hugedomains.com,Guatemala,Male,Pastores,Bubbletube,6011.44,GTQ
Denise,Henry,dhenry72@rakuten.co.jp,Indonesia,Female,Permas,Teklist,47179.83,IDR
Tina,Stanley,tstanley73@umn.edu,Denmark,Female,København,Voonix,97301.67,DKK
Louis,Ortiz,lortiz74@yellowpages.com,Russia,Male,Komendantsky aerodrom,Eimbee,28277.24,RUB
Sean,Cruz,scruz75@gizmodo.com,Peru,Male,Lajas,Photofeed,3097.79,PEN
Benjamin,Duncan,bduncan76@netlog.com,Croatia,Male,Viškovci,Quatz,18326.42,HRK
Alan,Matthews,amatthews77@cnbc.com,East Timor,Male,Lospalos,Bluejam,38421.23,USD
Dennis,Carpenter,dcarpenter78@cocolog-nifty.com,China,Male,Jinshan,Eimbee,76943.27,CNY
Matthew,Perry,mperry79@shop-pro.jp,Indonesia,Male,Suwaru,Flipstorm,69924.89,IDR
Robert,Wheeler,rwheeler7a@forbes.com,Japan,Male,Kamirenjaku,Skinder,33814.73,JPY
John,Patterson,jpatterson7b@typepad.com,Bangladesh,Male,Pālang,Brainbox,28405.66,BDT
Alan,Gonzalez,agonzalez7c@deliciousdays.com,Russia,Male,Udomlya,Topicshots,41189.51,RUB
Joshua,Cole,jcole7d@nasa.gov,Indonesia,Male,Wunat,Demimbu,14476.75,IDR
Lori,Hunt,lhunt7e@miitbeian.gov.cn,Philippines,Female,Santa Monica,Kwideo,35085.86,PHP
Terry,Jacobs,tjacobs7f@nba.com,China,Male,Yanmenkou,Oyondu,61599.66,CNY
Willie,Cook,wcook7g@pinterest.com,South Korea,Male,Kwangyang,Gevee,78907.15,KRW
Marie,Woods,mwoods7h@zdnet.com,China,Female,Yangpu,Jazzy,,CNY
Maria,Smith,msmith7i@slideshare.net,Colombia,Female,Mocoa,Rhynyx,43434.62,COP
Roy,Reyes,rreyes7j@marketwatch.com,Indonesia,Male,Rantau,Bluejam,99738.33,IDR
Susan,Smith,ssmith7k@hhs.gov,Indonesia,Female,Biting,Fivebridge,49949.92,IDR
Ryan,Collins,rcollins7l@netlog.com,China,Male,Songjianghe,Blogtag,32351.23,CNY
Amanda,Richardson,arichardson7m@unesco.org,China,Female,Shaoyang,Twimbo,81611.56,CNY
Christopher,Mason,cmason7n@msn.com,Brazil,Male,Chapecó,Fadeo,26887.62,BRL
Laura,Alexander,lalexander7o@yandex.ru,Canada,Female,Côte-Saint-Luc,Wordify,99518.53,CAD
Melissa,Mcdonald,mmcdonald7p@qq.com,Sweden,Female,Öjebyn,Cogibox,36747.37,SEK
Jean,Wood,jwood7q@jugem.jp,Afghanistan,Female,Ḩukūmat-e Shīnkaī,Zoomzone,24836.29,AFN
Kathryn,Patterson,kpatterson7r@go.com,Russia,Female,Kirovsk,Wordtune,47147.22,RUB
Kathryn,Nelson,knelson7s@forbes.com,Bolivia,Female,Concepción,Gigazoom,83460.46,BOB
Anna,Cruz,acruz7t@theguardian.com,Indonesia,Female,Pasirbitung,Yodel,58009.52,IDR
Jennifer,Collins,jcollins7u@altervista.org,Indonesia,Female,Wadeng,Muxo,58113.35,IDR
Douglas,Thompson,dthompson7v@omniture.com,Luxembourg,Male,Reisdorf,Zoombeat,46222.62,EUR
Nicholas,Richards,nrichards7w@imageshack.us,China,Male,Shicong,Viva,51852.89,CNY
Eugene,Myers,emyers7x@guardian.co.uk,Tanzania,Male,Butiama,Skilith,18625.29,TZS
Harold,Perez,hperez7y@salon.com,Finland,Male,Muonio,Wikibox,33249.73,EUR
Gerald,Alvarez,galvarez7z@gov.uk,Indonesia,Male,Jatinagara Kulon,Mycat,,IDR
Billy,Thompson,bthompson80@goodreads.com,China,Male,Zhujiapu,Riffpath,46250.21,CNY
Terry,George,tgeorge81@quantcast.com,Indonesia,Male,Nggesa,Livepath,36366.76,IDR
Robin,Duncan,rduncan82@sbwire.com,Poland,Female,Gielniów,Trudoo,,PLN
Rose,Sullivan,rsullivan83@lycos.com,China,Female,Huaguoshan,BlogXS,98847.77,CNY
Diane,Kelley,dkelley84@yolasite.com,Indonesia,Female,Pohbango,Meeveo,94119.66,IDR
Patrick,Ward,pward85@cmu.edu,Philippines,Male,Rosario,Shuffledrive,15111.51,PHP
Annie,Wallace,awallace86@miibeian.gov.cn,China,Female,Erong,Devbug,85729.21,CNY
Jean,Rose,jrose87@hibu.com,Russia,Female,Svetlograd,Skyndu,,RUB
Martha,Owens,mowens88@epa.gov,Mexico,Female,San Miguel,Twimm,2434.12,MXN
Diana,Banks,dbanks89@vkontakte.ru,Denmark,Female,København,Quinu,3874.51,DKK
Louise,Perez,lperez8a@desdev.cn,Slovenia,Female,Šmarje pri Jelšah,Leenti,3672.10,EUR
Kimberly,Ramos,kramos8b@bravesites.com,China,Female,Dengmingsi,Bluezoom,98286.11,CNY
Jessica,Dunn,jdunn8c@slate.com,Indonesia,Female,Jurangjero,Photobug,,IDR
Karen,Scott,kscott8d@blogtalkradio.com,China,Female,Hangkou,Flashspan,16613.27,CNY
Virginia,Griffin,vgriffin8e@squidoo.com,Armenia,Female,Ejmiatsin,Gigabox,20564.23,AMD
Steven,Oliver,soliver8f@psu.edu,Russia,Male,Syktyvkar,Bluezoom,89761.12,RUB
Amanda,Sims,asims8g@discuz.net,United States,Female,Huntington,Plajo,17708.77,USD
Albert,Berry,aberry8h@mysql.com,Philippines,Male,Busdi,Muxo,82878.21,PHP
Sara,Cunningham,scunningham8i@zdnet.com,Indonesia,Female,Nanganumba,Livetube,81329.59,IDR
Christine,Kim,ckim8j@hud.gov,Philippines,Female,Capalayan,Zoovu,19305.98,PHP
Jeremy,Clark,jclark8k@scribd.com,Argentina,Male,Paraná,Blogspan,20308.00,ARS
Russell,Crawford,rcrawford8l@miitbeian.gov.cn,Czech Republic,Male,Zbýšov,Jayo,,CZK
Christopher,Ramos,cramos8m@epa.gov,United States,Male,New Orleans,Meevee,97596.17,USD
Christine,Kim,ckim8n@amazon.co.uk,Russia,Female,Choya,Skaboo,64528.42,RUB
Randy,Scott,rscott8o@sciencedirect.com,Indonesia,Male,Tarikolot,Zoovu,93163.64,IDR
Carl,Richards,crichards8p@google.pl,Sweden,Male,Klippan,Flashpoint,54870.37,SEK
Pamela,Gordon,pgordon8q@chronoengine.com,Bolivia,Female,Okinawa Número Uno,Meeveo,47245.58,BOB
Raymond,Stanley,rstanley8r@mapy.cz,Ecuador,Male,Machala,Shufflebeat,6552.76,USD
Patrick,Reed,preed8s@sciencedirect.com,South Africa,Male,Matatiele,Yodo,81645.27,ZAR
Teresa,Foster,tfoster8t@squidoo.com,Peru,Female,Concepción,Vinder,83435.87,PEN
Robin,Mitchell,rmitchell8u@qq.com,China,Female,Xiadahe,Brainverse,75214.44,CNY
Teresa,Henderson,thenderson8v@washingtonpost.com,Sweden,Female,Sala,Dabvine,10925.07,SEK
Richard,Berry,rberry8w@cyberchimps.com,Brazil,Male,Lajeado,Brainlounge,62499.20,BRL
Christopher,Cruz,ccruz8x@drupal.org,Greece,Male,Áthyra,Blognation,22276.92,EUR
Joe,Hernandez,jhernandez8y@pbs.org,Iran,Male,Chelgard,Chatterpoint,70829.35,IRR
Donald,Adams,dadams8z@symantec.com,Egypt,Male,Idfu,Zoozzy,,EGP
Jonathan,Medina,jmedina90@xing.com,China,Male,Yangfang,Demimbu,99759.31,CNY
Todd,Hayes,thayes91@ibm.com,China,Male,Laoshawan,Zoovu,,CNY
James,Miller,jmiller92@xinhuanet.com,China,Male,Xiachu,Dynazzy,62883.59,CNY
Chris,Davis,cdavis93@google.ru,Indonesia,Male,Cigarogol,Janyx,25994.78,IDR
Carolyn,Hunt,chunt94@ucoz.ru,China,Female,Qiaotou,Quimm,,CNY
Donna,Daniels,ddaniels95@senate.gov,Vietnam,Female,Bắc Kạn,Aibox,723.18,VND
Margaret,Mcdonald,mmcdonald96@timesonline.co.uk,China,Female,Changxingbao,Browseblab,36120.68,CNY
Juan,Butler,jbutler97@opensource.org,Nepal,Male,Bīrganj,Centimia,18211.06,NPR
Tammy,Kelly,tkelly98@exblog.jp,Zambia,Female,Livingstone,Gabvine,49182.06,ZMW
Michael,Sullivan,msullivan99@timesonline.co.uk,Brazil,Male,João Câmara,Skinix,62608.54,BRL
Lisa,Frazier,lfrazier9a@google.pl,United States,Female,New Orleans,Thoughtsphere,99205.35,USD
Teresa,Cunningham,tcunningham9b@home.pl,Mexico,Female,Benito Juarez,Skalith,57429.70,MXN
William,Wells,wwells9c@photobucket.com,Solomon Islands,Male,Auki,Izio,56463.96,SBD
Raymond,Kelly,rkelly9d@t.co,China,Male,Panzhuang,Quire,31512.81,CNY
Nicole,Griffin,ngriffin9e@shutterfly.com,Russia,Female,Psygansu,Dynava,74092.45,RUB
Billy,Johnston,bjohnston9f@dagondesign.com,China,Male,Meilisi,Youspan,91915.53,CNY
Judith,Carroll,jcarroll9g@jigsy.com,South Africa,Female,Richards Bay,Fivechat,,ZAR
Anthony,Myers,amyers9h@blogs.com,China,Male,Chaihe,Jabberbean,62884.90,CNY
David,Lewis,dlewis9i@t.co,Indonesia,Male,Caringin,Brainverse,41614.97,IDR
Elizabeth,Long,elong9j@drupal.org,China,Female,Siqiao,Tagchat,17123.94,CNY
Helen,Sanders,hsanders9k@squidoo.com,Russia,Female,Pristen’,Chatterbridge,4007.67,RUB
Wanda,Dean,wdean9l@census.gov,Brazil,Female,Boca do Acre,Devify,25626.58,BRL
Evelyn,Cook,ecook9m@imageshack.us,Brazil,Female,Costeira do Pirajubae,Photolist,40795.00,BRL
Jean,Grant,jgrant9n@qq.com,Philippines,Female,San Nicolas,Zava,44196.31,PHP
Brandon,Reyes,breyes9o@wikispaces.com,Brazil,Male,São Sepé,Twinte,34718.70,BRL
Richard,White,rwhite9p@chicagotribune.com,Armenia,Male,Spitak,Oyoyo,80646.71,AMD
Harold,Hicks,hhicks9q@ox.ac.uk,Peru,Male,Velille,Yodoo,,PEN
Susan,Lane,slane9r@usa.gov,Russia,Female,Otradnoye,Zoozzy,18224.97,RUB
Norma,Bryant,nbryant9s@yahoo.co.jp,Argentina,Female,Monte Caseros,Oodoo,,ARS
Kathryn,Rogers,krogers9t@istockphoto.com,Indonesia,Female,Tayu,Ailane,45734.94,IDR
Anne,Black,ablack9u@4shared.com,Philippines,Female,Bula,Trilith,,PHP
Richard,Green,rgreen9v@smugmug.com,China,Male,Nongba,Topiczoom,,CNY
Nicole,Pierce,npierce9w@mayoclinic.com,Finland,Female,Iniö,BlogXS,28233.08,EUR
Kevin,Lawson,klawson9x@sfgate.com,Sweden,Male,Västerås,Dynazzy,49498.62,SEK
Barbara,Hall,bhall9y@yellowpages.com,Guatemala,Female,Melchor de Mencos,Topicware,15087.64,GTQ
Larry,Richardson,lrichardson9z@symantec.com,Indonesia,Male,Mandeman Daya,Thoughtworks,50258.37,IDR
Rebecca,Peterson,rpetersona0@github.io,Portugal,Female,Veiga,Skivee,3917.87,EUR
Eugene,Thomas,ethomasa1@dagondesign.com,Kenya,Male,Kabarnet,Katz,49238.60,KES
Bobby,Rodriguez,brodrigueza2@opensource.org,France,Male,Lyon,Tazz,31446.33,EUR
Andrew,Morgan,amorgana3@homestead.com,Indonesia,Male,Tanjungbatu,Avamba,18550.59,IDR
Ryan,George,rgeorgea4@intel.com,Morocco,Male,Khenifra,Eire,33798.67,MAD
Adam,Alvarez,aalvareza5@howstuffworks.com,China,Male,Shanghuang,Zoozzy,29952.21,CNY
Beverly,Cook,bcooka6@amazon.co.uk,Philippines,Female,Macapsing,Quamba,50707.30,PHP
Janice,Harper,jharpera7@npr.org,Canada,Female,Bells Corners,Kayveo,33609.51,CAD
Barbara,Richardson,brichardsona8@ebay.com,Macedonia,Female,Kumanovo,Zoonder,76849.71,MKD
Fred,Thompson,fthompsona9@usda.gov,China,Male,Muyi,Buzzdog,58411.80,CNY
Earl,Lopez,elopezaa@dedecms.com,South Africa,Male,Worcester,Trupe,83603.43,ZAR
Kathleen,Hicks,khicksab@barnesandnoble.com,Argentina,Female,La Rioja,Dynabox,63659.72,ARS
Sandra,Greene,sgreeneac@imdb.com,Vietnam,Female,Thị Trấn Hà Trung,Eire,1694.07,VND
Raymond,Cook,rcookad@latimes.com,Brazil,Male,Bauru,Thoughtworks,55032.41,BRL
Anna,Woods,awoodsae@china.com.cn,Russia,Female,Pivovarikha,Oloo,,RUB
Barbara,Knight,bknightaf@time.com,China,Female,Danglang Hudong,Fiveclub,,CNY
Randy,Freeman,rfreemanag@php.net,Ukraine,Male,Tul’chyn,Kimia,40539.16,UAH
Johnny,Meyer,jmeyerah@unblog.fr,Indonesia,Male,Cicurug,Tanoodle,33650.60,IDR
Patrick,Simmons,psimmonsai@friendfeed.com,Canada,Male,Sylvan Lake,Yombu,52573.14,CAD
Amanda,Patterson,apattersonaj@independent.co.uk,France,Female,Créteil,Livefish,,EUR
Andrea,Ford,afordak@i2i.jp,Kenya,Female,Rongai,Pixoboo,83445.52,KES
Helen,Diaz,hdiazal@comcast.net,Azerbaijan,Female,Kyzyl-Burun,Midel,,AZN
Robert,Sims,rsimsam@google.com,Tanzania,Male,Kyela,Voolia,87172.49,TZS
Sandra,Thompson,sthompsonan@state.tx.us,China,Female,Shuangchahe,Brainverse,72155.76,CNY
Tammy,Alvarez,talvarezao@mit.edu,Germany,Female,Berlin,Jabberstorm,17463.15,EUR
Steve,Martin,smartinap@cocolog-nifty.com,China,Male,Songshi,Mydo,32492.44,CNY
Peter,James,pjamesaq@mashable.com,China,Male,Fazhan,Oba,86815.20,CNY
Timothy,Henry,thenryar@seesaa.net,Colombia,Male,Balboa,Browsebug,,COP
Joyce,Bailey,jbaileyas@ycombinator.com,Pakistan,Female,Nasīrābād,Devbug,19713.49,PKR
Lawrence,Wells,lwellsat@cornell.edu,Ukraine,Male,Tyachiv,Fadeo,18596.87,UAH
Julia,Richardson,jrichardsonau@networkadvertising.org,France,Female,Rive-de-Gier,Topiclounge,92862.71,EUR
Helen,Morgan,hmorganav@pbs.org,China,Female,Henglu,Avamm,59686.58,CNY
Melissa,Little,mlittleaw@dedecms.com,Madagascar,Female,Ambalavao,Jabberbean,2820.17,MGA
Brenda,Adams,badamsax@engadget.com,Indonesia,Female,Witihama,Voomm,98539.96,IDR
Albert,Torres,atorresay@cnn.com,China,Male,Yuanjue,Izio,86171.41,CNY
Heather,Price,hpriceaz@gizmodo.com,Pakistan,Female,Haveliān,Jetpulse,7930.43,PKR
Alice,Lee,aleeb0@amazon.co.jp,Indonesia,Female,Penang,Jabbersphere,8311.71,IDR
Janice,Little,jlittleb1@usnews.com,Poland,Female,Trąbki Wielkie,Photospace,20425.37,PLN
Terry,Carr,tcarrb2@prweb.com,Russia,Male,Barnaul,Fivespan,45086.37,RUB
Kevin,Snyder,ksnyderb3@merriam-webster.com,Portugal,Male,Ínfias,Skaboo,88571.21,EUR
Sharon,Warren,swarrenb4@last.fm,Lithuania,Female,Eišiškės,Flipopia,13769.34,LTL
Fred,Frazier,ffrazierb5@google.co.jp,China,Male,Xiwei,Gigashots,41881.96,CNY
Chris,Hart,chartb6@hubpages.com,Moldova,Male,Rîşcani,Tagchat,,MDL
Jane,Fuller,jfullerb7@blogger.com,Peru,Female,Hualgayoc,Avavee,64174.38,PEN
Dorothy,Stone,dstoneb8@alibaba.com,Indonesia,Female,Kedungsinggil,Topiczoom,16835.75,IDR
Paula,Payne,ppayneb9@craigslist.org,Philippines,Female,Basicao Coastal,Lazzy,37450.23,PHP
Cynthia,Alvarez,calvarezba@virginia.edu,Portugal,Female,Malveira,Blogtag,41410.82,EUR
Kelly,Wheeler,kwheelerbb@house.gov,Norway,Female,Porsgrunn,Jaloo,53074.67,NOK
Craig,Gordon,cgordonbc@dailymail.co.uk,Germany,Male,Bochum,Tagopia,90828.27,EUR
Albert,Long,alongbd@dedecms.com,Brazil,Male,Presidente Epitácio,Devpoint,9755.45,BRL
Nicholas,Cunningham,ncunninghambe@constantcontact.com,Lebanon,Male,Sîr ed Danniyé,Eabox,78687.39,LBP
Phillip,Taylor,ptaylorbf@toplist.cz,Nigeria,Male,Lafiagi,Jaloo,5039.06,NGN
Laura,Carroll,lcarrollbg@paypal.com,United States,Female,Canton,Browsebug,55321.72,USD
Tina,Torres,ttorresbh@vkontakte.ru,Portugal,Female,São Paio de Seide,Meevee,36626.54,EUR
Bruce,Mcdonald,bmcdonaldbi@digg.com,Sweden,Male,Eskilstuna,Babblestorm,76421.38,SEK
Ralph,Butler,rbutlerbj@spiegel.de,Reunion,Male,Saint-Denis,Meetz,89796.14,EUR
Phyllis,Boyd,pboydbk@ucoz.ru,Indonesia,Female,Banjarmasin,Camido,13014.63,IDR
Ryan,Mason,rmasonbl@shutterfly.com,China,Male,Sunbu,Avamba,61790.91,CNY
David,Carpenter,dcarpenterbm@wired.com,Ireland,Male,Killorglin,Realblab,38468.56,EUR
Judith,Harvey,jharveybn@phpbb.com,Colombia,Female,Almaguer,Devify,20161.52,COP
Tina,Reynolds,treynoldsbo@intel.com,Sweden,Female,Sundsvall,Feedspan,86991.76,SEK
Catherine,Hanson,chansonbp@shop-pro.jp,Mexico,Female,Revolucion Verde,Dabtype,7160.57,MXN
Jessica,Alvarez,jalvarezbq@acquirethisname.com,Bosnia and Herzegovina,Female,Mrkonjić Grad,Twinte,72366.17,BAM
Ann,Evans,aevansbr@yelp.com,Thailand,Female,Mae Lan,Mydeo,38984.04,THB
Ruth,Reid,rreidbs@patch.com,Greece,Female,Ambelókipoi,DabZ,49964.40,EUR
Albert,Jenkins,ajenkinsbt@loc.gov,Canada,Male,Peace River,Zoonder,72900.99,CAD
Jonathan,Sims,jsimsbu@homestead.com,Indonesia,Male,Ciela Lebak,Ooba,78261.17,IDR
Maria,Martinez,mmartinezbv@taobao.com,China,Female,Gaosheng,Brainverse,86943.49,CNY
Walter,Wright,wwrightbw@w3.org,China,Male,Dingshan,Eidel,93800.71,CNY
Louise,Ortiz,lortizbx@feedburner.com,Mexico,Female,Lazaro Cardenas,Tambee,73413.53,MXN
Diane,King,dkingby@163.com,Russia,Female,Mitrofanovka,Thoughtworks,69979.72,RUB
Elizabeth,Knight,eknightbz@bizjournals.com,Poland,Female,Dębno,Avamba,17664.07,PLN
Thomas,Willis,twillisc0@ft.com,Nigeria,Male,Dankama,Realpoint,72373.04,NGN
Marie,Lee,mleec1@diigo.com,Nigeria,Female,Ugep,Trudeo,53684.40,NGN
Carolyn,Andrews,candrewsc2@flickr.com,Thailand,Female,Chaloem Phra Kiat,Jazzy,13124.98,THB
Frances,Green,fgreenc3@typepad.com,China,Female,Seke,Innotype,,CNY
Jeffrey,Brown,jbrownc4@domainmarket.com,China,Male,Heling,Quimm,50404.19,CNY
Steven,Richards,srichardsc5@nih.gov,Finland,Male,Tampere,Browsebug,50919.66,EUR
Rebecca,Woods,rwoodsc6@yale.edu,China,Female,Songshan,Aivee,23647.43,CNY
Janice,Ross,jrossc7@domainmarket.com,China,Female,Marxog,Gigaclub,42242.67,CNY
Theresa,George,tgeorgec8@dedecms.com,Peru,Female,Mungui,Oyondu,37206.55,PEN
Phillip,Bowman,pbowmanc9@wunderground.com,Brazil,Male,Itapevi,Kwilith,52933.73,BRL
Joshua,Price,jpriceca@aboutads.info,Philippines,Male,Napalitan,Yacero,70679.24,PHP
Ann,Moore,amoorecb@mozilla.org,Philippines,Female,Ronda,Wikido,,PHP
Shawn,Campbell,scampbellcc@bing.com,Poland,Male,Łęczyce,Youfeed,32028.71,PLN
Michelle,Williamson,mwilliamsoncd@google.com,China,Female,Yongfa,Agimba,15330.80,CNY
Gerald,Ruiz,gruizce@example.com,Croatia,Male,Gospić,Oodoo,30381.64,HRK
Patrick,Baker,pbakercf@oakley.com,Nigeria,Male,Yola,Photobug,40135.69,NGN
Margaret,Jenkins,mjenkinscg@foxnews.com,Finland,Female,Uurainen,Photofeed,68033.18,EUR
Dorothy,Riley,drileych@yelp.com,Ukraine,Female,Berezanka,Tagcat,75410.20,UAH
Maria,Evans,mevansci@msn.com,China,Female,Weibin,Layo,7617.47,CNY
Karen,Howard,khowardcj@ovh.net,China,Female,Laoqiao,Ozu,28544.80,CNY
Thomas,Rice,triceck@w3.org,China,Male,Mizhou,Photolist,69663.20,CNY
Doris,Welch,dwelchcl@squarespace.com,Czech Republic,Female,Zdiby,Dabjam,83961.16,CZK
Samuel,Adams,sadamscm@paginegialle.it,Sri Lanka,Male,Peliyagoda,Twitterbridge,22185.35,LKR
Susan,Perez,sperezcn@japanpost.jp,China,Female,Wafang,Dynabox,49263.88,CNY
Raymond,Henry,rhenryco@live.com,Peru,Male,Tabalosos,Dazzlesphere,60205.65,PEN
Martin,Clark,mclarkcp@auda.org.au,Indonesia,Male,Pasirreungit,Lazzy,82136.09,IDR
Katherine,Sanders,ksanderscq@mapquest.com,China,Female,Shanghuang,Oyoyo,94186.08,CNY
Rebecca,Griffin,rgriffincr@sina.com.cn,Panama,Female,Tonosí,Tagchat,41981.40,PAB
Louis,Peters,lpeterscs@qq.com,Russia,Male,Pyshchug,Browsezoom,79914.41,RUB
Willie,West,wwestct@gmpg.org,Russia,Male,Severo-Zadonsk,Tanoodle,81557.89,RUB
Randy,Ortiz,rortizcu@google.ru,Czech Republic,Male,Vysoké nad Jizerou,Katz,74747.57,CZK
Harry,Austin,haustincv@timesonline.co.uk,Brazil,Male,Santo Antônio do Monte,Jetwire,98720.61,BRL
Kimberly,Murphy,kmurphycw@w3.org,Mexico,Female,Niños Heroes,Zooveo,35481.21,MXN
Catherine,Russell,crussellcx@moonfruit.com,Peru,Female,Totoral,Gabspot,,PEN
Steve,Bennett,sbennettcy@exblog.jp,Brazil,Male,Iúna,Kaymbo,76610.37,BRL
Diana,Martin,dmartincz@bloglines.com,Thailand,Female,Wang Noi,Skibox,17196.04,THB
Tina,Gonzalez,tgonzalezd0@virginia.edu,New Zealand,Female,Tairua,Edgetag,69009.12,NZD
Jeremy,Wilson,jwilsond1@cmu.edu,China,Male,Yongqin,Oyonder,99591.75,CNY
Barbara,Harper,bharperd2@t-online.de,Greece,Female,Áthyra,Talane,37318.27,EUR
Marie,Kim,mkimd3@va.gov,France,Female,La Talaudière,Oyope,67605.85,EUR
Victor,Spencer,vspencerd4@mtv.com,Iraq,Male,Hīt,Wordtune,89593.00,IQD
Diane,Sullivan,dsullivand5@naver.com,Indonesia,Female,Kekeri,Brightbean,7613.84,IDR
Debra,Jackson,djacksond6@about.me,Kosovo,Female,Dranoc,Trilia,82529.80,EUR
Ronald,Bennett,rbennettd7@sakura.ne.jp,Syria,Male,Al Ghizlānīyah,Mydeo,71204.93,SYP
Alan,Gray,agrayd8@xinhuanet.com,Laos,Male,Sainyabuli,Thoughtstorm,61822.89,LAK
Harold,Richards,hrichardsd9@latimes.com,Norway,Male,Oslo,Zoovu,95386.35,NOK
Ashley,Ross,arossda@mapy.cz,China,Female,Guantou,Voonyx,40707.01,CNY
Gerald,Fowler,gfowlerdb@mapquest.com,Russia,Male,Sterlitamak,Quatz,19464.03,RUB
Harry,Foster,hfosterdc@mlb.com,Philippines,Male,Tiling,Dablist,65425.33,PHP
Donna,Hanson,dhansondd@addthis.com,China,Female,Maba,Edgepulse,57697.17,CNY
David,Garza,dgarzade@simplemachines.org,Indonesia,Male,Pangkalanbunut,Yadel,5835.11,IDR
Thomas,Morales,tmoralesdf@alibaba.com,China,Male,Neiguan,Quimm,59982.87,CNY
Rebecca,Robertson,rrobertsondg@google.nl,China,Female,Qinghaihu,Youbridge,8255.35,CNY
Heather,Hughes,hhughesdh@pen.io,Indonesia,Female,Ngampon,Mymm,31356.79,IDR
Howard,Baker,hbakerdi@ca.gov,Indonesia,Male,Pasirgaru,Minyx,76176.94,IDR
Douglas,Hayes,dhayesdj@thetimes.co.uk,Nigeria,Male,Ubiaja,Gabtype,,NGN
Beverly,Sims,bsimsdk@google.co.uk,Armenia,Female,Zorak,Mynte,,AMD
Jeremy,Wilson,jwilsondl@pagesperso-orange.fr,Brazil,Male,Orleans,Tagtune,23038.88,BRL
Jerry,Gray,jgraydm@microsoft.com,Chile,Male,Teno,Meedoo,6745.32,CLP
Scott,Watkins,swatkinsdn@mozilla.org,China,Male,Xiashe,Zooxo,14974.90,CNY
Paul,Anderson,pandersondo@china.com.cn,Indonesia,Male,Oro Timur,Nlounge,583.78,IDR
Mary,Long,mlongdp@about.com,Jordan,Female,Safi,Jaloo,82893.74,JOD
Timothy,Meyer,tmeyerdq@google.com,Belarus,Male,Karelichy,Topicware,59280.73,BYR
Craig,Greene,cgreenedr@histats.com,Guatemala,Male,San Miguel Ixtahuacán,Shufflester,52425.48,GTQ
William,Welch,wwelchds@nydailynews.com,North Korea,Male,Yŏnan-ŭp,Fivechat,,KPW
Pamela,Ross,prossdt@lycos.com,Montenegro,Female,Herceg-Novi,Agivu,26071.70,EUR
Kelly,Burke,kburkedu@illinois.edu,Russia,Female,Severodvinsk,Feedbug,26256.17,RUB
Samuel,Flores,sfloresdv@telegraph.co.uk,China,Male,Jiangnan,Centidel,39460.48,CNY
Jesse,Reid,jreiddw@fda.gov,Japan,Male,Shibushi,Omba,14340.38,JPY
Jerry,Burke,jburkedx@blogger.com,Argentina,Male,Tartagal,Thoughtstorm,9554.20,ARS
Johnny,Mendoza,jmendozady@arizona.edu,Greece,Male,Mitrópoli,Mita,99814.63,EUR
Jeremy,Scott,jscottdz@rakuten.co.jp,Yemen,Male,Bayt ‘Adhāqah,Skalith,49214.51,YER
Raymond,Palmer,rpalmere0@upenn.edu,Russia,Male,Chechen-Aul,Browsezoom,,RUB
Kathy,Webb,kwebbe1@opera.com,Philippines,Female,Cawayan,Meevee,22015.90,PHP
Alan,Matthews,amatthewse2@aboutads.info,Mauritania,Male,Tékane,Divavu,96995.31,MRO
Frank,Simmons,fsimmonse3@behance.net,Angola,Male,Huambo,Trilith,50242.58,AOA
Wayne,Oliver,wolivere4@github.io,Cuba,Male,Manicaragua,Yambee,26511.39,CUP
Wanda,Gilbert,wgilberte5@yahoo.com,United States,Female,Youngstown,Divanoodle,18584.11,USD
Shirley,Jones,sjonese6@scribd.com,Pakistan,Female,Kālābāgh,Vipe,25964.31,PKR
Ruth,Mcdonald,rmcdonalde7@smh.com.au,Poland,Female,Kutno,Zoombeat,22195.45,PLN
Denise,Garcia,dgarciae8@dion.ne.jp,China,Female,Fuding,Yodo,86215.94,CNY
Catherine,Hart,charte9@springer.com,Portugal,Female,Vale de Figueira,Mymm,5928.18,EUR
Roger,Gutierrez,rgutierrezea@cbc.ca,China,Male,Zhongguan,Gabvine,7227.73,CNY
Nicole,Morrison,nmorrisoneb@cnbc.com,Portugal,Female,Vilar do Monte,Avavee,69891.82,EUR
Judy,Rose,jroseec@scientificamerican.com,China,Female,Xia’ertai,Meezzy,,CNY
Katherine,Flores,kfloresed@meetup.com,China,Female,Lianxia,Oyondu,61994.08,CNY
Aaron,George,ageorgeee@cafepress.com,Peru,Male,Choros,Skyndu,9246.20,PEN
Judy,Jordan,jjordanef@nps.gov,Czech Republic,Female,Kralupy nad Vltavou,Gabspot,53557.96,CZK
Douglas,Johnston,djohnstoneg@chicagotribune.com,Martinique,Male,Fort-de-France,Linkbridge,11298.39,EUR
Phyllis,Johnston,pjohnstoneh@taobao.com,Russia,Female,Baraba,Oba,87701.03,RUB
Willie,Medina,wmedinaei@berkeley.edu,Vietnam,Male,Lào Cai,Skilith,18788.48,VND
Philip,Lawson,plawsonej@howstuffworks.com,Argentina,Male,Río Gallegos,Avavee,53390.92,ARS
Laura,Perkins,lperkinsek@jimdo.com,China,Female,Dongkan,Fatz,96655.04,CNY
Pamela,Fields,pfieldsel@un.org,Poland,Female,Michałów,Npath,14353.45,PLN
Tammy,Thompson,tthompsonem@wunderground.com,Brazil,Female,Itaguaí,Janyx,2468.76,BRL
Lois,Watkins,lwatkinsen@ft.com,Malaysia,Female,Tawau,Eimbee,51810.81,MYR
Frances,Watson,fwatsoneo@state.gov,Greece,Female,Karpokhórion,Skippad,25747.71,EUR
David,Carter,dcarterep@statcounter.com,Italy,Male,Milano,Quatz,18394.86,EUR
Nicholas,Reynolds,nreynoldseq@cnn.com,China,Male,Xianqiao,Cogibox,96345.39,CNY
Cheryl,Brown,cbrowner@wsj.com,China,Female,Dachuan,Topiclounge,94736.14,CNY
Scott,Anderson,sandersones@rediff.com,Mexico,Male,Independencia,Skynoodle,46460.63,MXN
Ann,Sullivan,asullivanet@sbwire.com,Chile,Female,Talagante,Browsedrive,17522.62,CLP
Andrea,Snyder,asnydereu@amazonaws.com,Libya,Female,Al Marj,Eabox,75093.34,LYD
Michael,Hicks,mhicksev@feedburner.com,Sweden,Male,Stockholm,Youfeed,3287.54,SEK
Charles,Scott,cscottew@prlog.org,Croatia,Male,Bibinje,Jabbersphere,24056.70,HRK
Jennifer,Hughes,jhughesex@apple.com,Colombia,Female,Ciudad Bolívar,Zazio,41602.29,COP
Samuel,Garcia,sgarciaey@timesonline.co.uk,China,Male,Taiyang,Thoughtworks,53153.82,CNY
Lisa,Howell,lhowellez@t-online.de,Indonesia,Female,Sedayu,Photospace,48069.99,IDR
Russell,Payne,rpaynef0@usa.gov,China,Male,Longxian,Avavee,11842.44,CNY
Phyllis,Jenkins,pjenkinsf1@java.com,China,Female,Houjie,Oloo,43926.68,CNY
Jason,James,jjamesf2@cnn.com,China,Male,Quxi,Trilith,30737.92,CNY
Jason,Sanchez,jsanchezf3@woothemes.com,Portugal,Male,Quintela,Topiclounge,,EUR
Michelle,Kelley,mkelleyf4@springer.com,Indonesia,Female,Jengglungharjo,Plambee,50343.18,IDR
Benjamin,Lane,blanef5@illinois.edu,Thailand,Male,Phanom Phrai,Skajo,25271.58,THB
Donna,Cunningham,dcunninghamf6@goo.gl,China,Female,Zhujiang,Yozio,40332.10,CNY
Doris,Ruiz,druizf7@bbc.co.uk,Thailand,Female,Muang Sam Sip,Meetz,26690.65,THB
Alan,Duncan,aduncanf8@newsvine.com,Brazil,Male,São Marcos,Meevee,35548.11,BRL
Douglas,Burns,dburnsf9@indiatimes.com,Indonesia,Male,Cikembang,Skyba,46840.85,IDR
Martha,Rice,mricefa@w3.org,China,Female,Yao’an,Edgeclub,37621.07,CNY
Christine,Henry,chenryfb@state.tx.us,Russia,Female,Kharovsk,Centimia,75199.03,RUB
Paul,Carpenter,pcarpenterfc@technorati.com,Nigeria,Male,Potiskum,InnoZ,58418.95,NGN
Wayne,Willis,wwillisfd@instagram.com,Indonesia,Male,Simo Satu,Oloo,32397.17,IDR
Jesse,Hall,jhallfe@nps.gov,Indonesia,Male,Purwodadi,Kare,13385.94,IDR
Carl,Willis,cwillisff@reference.com,Mexico,Male,El Rosario,Pixope,28837.53,MXN
Rose,Harris,rharrisfg@ibm.com,Russia,Female,Krasnyy Yar,Thoughtsphere,5637.62,RUB
Teresa,Owens,towensfh@va.gov,South Africa,Female,Pofadder,Jamia,26744.11,ZAR
Arthur,Burke,aburkefi@virginia.edu,China,Male,Heba,Tavu,15092.14,CNY
Anne,Burke,aburkefj@wordpress.com,Armenia,Female,Darpas,Avaveo,55515.80,AMD
James,Hicks,jhicksfk@digg.com,China,Male,Sanjinquan,Feedfish,60116.32,CNY
Maria,Ray,mrayfl@kickstarter.com,Portugal,Female,Agrelo,Jaxworks,,EUR
Lawrence,Barnes,lbarnesfm@usa.gov,Indonesia,Male,Pakemitan Dua,Bubblebox,,IDR
Larry,Morales,lmoralesfn@flavors.me,United Kingdom,Male,East End,Dabtype,46647.29,GBP
Patricia,Shaw,pshawfo@cbsnews.com,Iceland,Female,Hafnarfjörður,Aibox,92426.29,ISK
Sandra,Harper,sharperfp@altervista.org,Russia,Female,Gornyye Klyuchi,Oyoloo,72934.16,RUB
Laura,Warren,lwarrenfq@washingtonpost.com,Netherlands,Female,Schiedam postbusnummers,Pixope,60416.91,EUR
Benjamin,Patterson,bpattersonfr@topsy.com,Portugal,Male,Capela,Aibox,63603.69,EUR
Edward,Kennedy,ekennedyfs@simplemachines.org,United States,Male,Ocala,Zoonoodle,88277.72,USD
Kenneth,Carter,kcarterft@bizjournals.com,Sweden,Male,Ulricehamn,Divape,66999.32,SEK
Lisa,Boyd,lboydfu@businessweek.com,Pakistan,Female,Dera Murād Jamāli,Aivee,43014.47,PKR
Howard,Montgomery,hmontgomeryfv@imageshack.us,Nicaragua,Male,San José de los Remates,Skinix,22261.29,NIO
Linda,Fuller,lfullerfw@hugedomains.com,Russia,Female,Uglich,Topicware,54644.48,RUB
Norma,Dunn,ndunnfx@reverbnation.com,China,Female,Leye,Dazzlesphere,,CNY
Janice,Garcia,jgarciafy@cam.ac.uk,Greece,Female,Irákleion,Jayo,62913.67,EUR
Rebecca,Martinez,rmartinezfz@yellowpages.com,Portugal,Female,São Bento,Quinu,29249.14,EUR
Wanda,Harper,wharperg0@ebay.com,France,Female,Le Perreux-sur-Marne,Browsecat,,EUR
Eugene,Parker,eparkerg1@wikia.com,Czech Republic,Male,Frýdek-Místek,Linktype,57978.24,CZK
Carol,Perry,cperryg2@jigsy.com,Indonesia,Female,Wanga,Jabberbean,87132.54,IDR
Eugene,Carpenter,ecarpenterg3@myspace.com,Lesotho,Male,Mohale’s Hoek,Quinu,60286.71,LSL
John,King,jkingg4@dell.com,Philippines,Male,Pangian,Cogidoo,61823.60,PHP
Rebecca,Williamson,rwilliamsong5@dell.com,Ukraine,Female,Bytkiv,Zoomlounge,10746.64,UAH
Timothy,Ross,trossg6@xrea.com,China,Male,Jiulong,Skiba,,CNY
William,Bryant,wbryantg7@rediff.com,Ivory Coast,Male,Zuénoula,Meedoo,33316.27,XOF
Anna,Palmer,apalmerg8@nifty.com,Norway,Female,Oslo,Aivee,85180.44,NOK
Jonathan,Jordan,jjordang9@digg.com,Uzbekistan,Male,Qiziltepa Shahri,Layo,90888.86,UZS
Gary,Martinez,gmartinezga@hubpages.com,Portugal,Male,Ul,Oyoyo,,EUR
Harold,Price,hpricegb@booking.com,Guatemala,Male,San Juan Sacatepéquez,Mynte,28386.22,GTQ
Kevin,Hunter,khuntergc@ft.com,Malawi,Male,Makata,Jayo,4248.69,MWK
Gerald,Fisher,gfishergd@vkontakte.ru,China,Male,Barkol,Yamia,7026.09,CNY
Patrick,Cunningham,pcunninghamge@go.com,Dominican Republic,Male,Dajabón,Linkbuzz,,DOP
Ryan,Perry,rperrygf@clickbank.net,Philippines,Male,Payapa,Thoughtsphere,31704.88,PHP
Donna,Cruz,dcruzgg@bloglovin.com,Croatia,Female,Pridraga,Roombo,20623.01,HRK
Peter,Mccoy,pmccoygh@buzzfeed.com,Russia,Male,Buturlinovka,Twitterbridge,30410.66,RUB
Jane,Wells,jwellsgi@tuttocitta.it,Guatemala,Female,Chisec,Lazzy,49374.06,GTQ
Tammy,Cooper,tcoopergj@nifty.com,Afghanistan,Female,Andkhōy,Jaxnation,92205.74,AFN
Irene,Cole,icolegk@elegantthemes.com,Malta,Female,Kalkara,Feedbug,37524.29,EUR
Arthur,Montgomery,amontgomerygl@census.gov,France,Male,Paris 13,Dabshots,15469.85,EUR
Deborah,Adams,dadamsgm@macromedia.com,Russia,Female,Nachalovo,Zoomdog,20786.29,RUB
Randy,Ferguson,rfergusongn@amazon.co.uk,China,Male,Guankou,Skynoodle,4730.63,CNY
Louise,Riley,lrileygo@squarespace.com,Palestinian Territory,Female,Baytā al Fawqā,Zoovu,37635.64,ILS
Todd,Holmes,tholmesgp@nba.com,Malaysia,Male,Petaling Jaya,Linklinks,32889.45,MYR
Lisa,Hughes,lhughesgq@nih.gov,Georgia,Female,Akhaldaba,Mydeo,,GEL
Aaron,Henry,ahenrygr@apple.com,Mali,Male,Tessalit,Yamia,,XOF
Nicholas,Peterson,npetersongs@ovh.net,Indonesia,Male,Lewolen,Shufflester,71843.30,IDR
James,Simmons,jsimmonsgt@goo.gl,China,Male,Jingmao,Realcube,23308.19,CNY
Marilyn,Hughes,mhughesgu@weebly.com,Portugal,Female,Pegões,Chatterbridge,63156.34,EUR
Sarah,Morris,smorrisgv@intel.com,Indonesia,Female,Sadang Kulon,Dablist,68830.85,IDR
Norma,Webb,nwebbgw@tiny.cc,China,Female,Sanjiao,Avamm,15588.47,CNY
Antonio,Arnold,aarnoldgx@zimbio.com,Argentina,Male,Carhué,Kayveo,26948.32,ARS
Alice,Henry,ahenrygy@csmonitor.com,Iran,Female,Javānrūd,Twitterworks,71140.42,IRR
Helen,Rice,hricegz@a8.net,Japan,Female,Menuma,Kayveo,77555.59,JPY
Patricia,Reed,preedh0@t-online.de,Ireland,Female,Castlebridge,Cogilith,88578.69,EUR
Bonnie,Brooks,bbrooksh1@princeton.edu,Poland,Female,Przeworsk,Twimbo,45293.52,PLN
Mark,Burke,mburkeh2@berkeley.edu,China,Male,Fushan,Agimba,,CNY
Sean,Perry,sperryh3@google.pl,Philippines,Male,Mainit,Linkbridge,20423.73,PHP
Alan,West,awesth4@narod.ru,China,Male,Anxiang,Skinix,52749.54,CNY
Kimberly,Cruz,kcruzh5@msu.edu,Philippines,Female,Buliran,Divanoodle,7385.73,PHP
Daniel,Ortiz,dortizh6@mlb.com,Armenia,Male,Dvin,Yakidoo,9897.75,AMD
Shirley,Dixon,sdixonh7@fc2.com,Ukraine,Female,Bolhrad,Jetpulse,21979.44,UAH
Clarence,Armstrong,carmstrongh8@pen.io,Ukraine,Male,Artemivs’k,Avamm,18079.91,UAH
Johnny,Gray,jgrayh9@cnet.com,China,Male,Gabasumdo,Shuffledrive,7365.17,CNY
Donna,Scott,dscottha@businesswire.com,France,Female,Paris 13,Fiveclub,20290.25,EUR
Richard,Howell,rhowellhb@wikimedia.org,Indonesia,Male,Randegan,Trunyx,30203.72,IDR
Amanda,Mendoza,amendozahc@fema.gov,China,Female,Huazangsi,Quimm,9237.03,CNY
Laura,Tucker,ltuckerhd@dailymotion.com,Indonesia,Female,Pekijing,Meezzy,99760.43,IDR
Doris,White,dwhitehe@nydailynews.com,Mexico,Female,San Isidro,Tagtune,78831.47,MXN
Wanda,Long,wlonghf@si.edu,Czech Republic,Female,Pecka,Thoughtmix,8609.49,CZK
Anna,Gonzalez,agonzalezhg@squarespace.com,France,Female,Sarlat-la-Canéda,Voolia,33931.86,EUR
Gary,Perez,gperezhh@sina.com.cn,Philippines,Male,San Nicolas,Quimm,,PHP
Sharon,Simpson,ssimpsonhi@ezinearticles.com,Russia,Female,Chikola,Eimbee,3722.29,RUB
Albert,Kennedy,akennedyhj@wp.com,Peru,Male,Catac,Dynabox,5683.72,PEN
Harold,Cox,hcoxhk@last.fm,Finland,Male,Uusikaupunki,Mita,95492.80,EUR
Todd,Stone,tstonehl@tmall.com,Iceland,Male,Akureyri,Jaloo,96161.44,ISK
Stephen,Welch,swelchhm@boston.com,Poland,Male,Bachowice,Dynabox,69682.36,PLN
Johnny,Hansen,jhansenhn@scribd.com,Indonesia,Male,Pasirgaru,Mudo,66301.22,IDR
Christopher,Richards,crichardsho@paginegialle.it,Macedonia,Male,Желино,Riffpath,87688.29,MKD
Amy,Medina,amedinahp@about.me,Sweden,Female,Åkersberga,Skivee,66580.53,SEK
Todd,Sullivan,tsullivanhq@booking.com,Sweden,Male,Mjölby,Twinder,97423.97,SEK
Richard,Harrison,rharrisonhr@ihg.com,Indonesia,Male,Mliwang,Roomm,89084.34,IDR
Justin,Powell,jpowellhs@pbs.org,Canada,Male,Charlemagne,Yotz,,CAD
Joshua,Coleman,jcolemanht@amazon.co.uk,France,Male,Issy-les-Moulineaux,Jatri,68802.58,EUR
Cheryl,Allen,callenhu@booking.com,Indonesia,Female,Sangatta,Leexo,,IDR
Judy,Mendoza,jmendozahv@fema.gov,Thailand,Female,Lom Sak,Jaxnation,16383.77,THB
Nicole,Smith,nsmithhw@goo.ne.jp,China,Female,Houzhai,Bluezoom,56999.11,CNY
Mark,Anderson,mandersonhx@multiply.com,Thailand,Male,Yasothon,Midel,66767.69,THB
Jeffrey,Holmes,jholmeshy@usda.gov,Peru,Male,San Miguel,Vipe,93448.50,PEN
Jessica,Harris,jharrishz@networkadvertising.org,Mexico,Female,Libertad,Photojam,,MXN
Jose,Meyer,jmeyeri0@themeforest.net,Zimbabwe,Male,Mashava,Kimia,83158.59,ZWL
Rebecca,Freeman,rfreemani1@goo.gl,Portugal,Female,Casa Nova,Innotype,75511.41,EUR
Douglas,Ryan,dryani2@google.it,China,Male,Jiushe,Thoughtblab,93420.80,CNY
Jennifer,Kennedy,jkennedyi3@barnesandnoble.com,Russia,Female,Pervoural’sk,Voolia,93624.30,RUB
Janet,Ray,jrayi4@joomla.org,Indonesia,Female,Jatisari,Quinu,73629.78,IDR
Mary,Gray,mgrayi5@europa.eu,Croatia,Female,Bilice,Npath,,HRK
Juan,Castillo,jcastilloi6@toplist.cz,Germany,Male,Berlin,Kazio,6905.51,EUR
Kathy,Crawford,kcrawfordi7@nydailynews.com,Guatemala,Female,Agua Blanca,Devpulse,25864.60,GTQ
Joseph,Perez,jperezi8@angelfire.com,Japan,Male,Maruoka,Livetube,67126.36,JPY
Andrea,Bowman,abowmani9@livejournal.com,Afghanistan,Female,Barg-e Matāl,Chatterpoint,,AFN
Roy,Robinson,rrobinsonia@omniture.com,Honduras,Male,Armenta,Devpulse,80296.42,HNL
Diana,Rose,droseib@symantec.com,Japan,Female,Numata,Flipstorm,4566.55,JPY
Carlos,Phillips,cphillipsic@nba.com,Chile,Male,Osorno,Tagpad,10817.12,CLP
Cheryl,Powell,cpowellid@nationalgeographic.com,Iran,Female,Bandar-e Lengeh,Mita,10246.05,IRR
Johnny,Ford,jfordie@last.fm,United States,Male,Memphis,Yakidoo,,USD
Martha,Hamilton,mhamiltonif@networkadvertising.org,Nigeria,Female,Makoko,Livefish,15642.39,NGN
Jonathan,Willis,jwillisig@istockphoto.com,Philippines,Male,Bagong Sikat,Oba,96508.66,PHP
Brenda,Mendoza,bmendozaih@princeton.edu,Tanzania,Female,Kibondo,Cogilith,73463.73,TZS
Tina,Ford,tfordii@nsw.gov.au,Philippines,Female,Mercedes,Browsedrive,,PHP
Scott,Bailey,sbaileyij@marriott.com,China,Male,Tangxia,Agimba,,CNY
Patricia,Ray,prayik@seattletimes.com,Greece,Female,Palekastro,Ooba,,EUR
Jack,Lawrence,jlawrenceil@salon.com,Argentina,Male,Rufino,Podcat,,ARS
Donald,Patterson,dpattersonim@indiatimes.com,Canada,Male,Estevan,Skimia,39597.87,CAD
Anne,Harvey,aharveyin@addthis.com,China,Female,Lanxi,Trilith,69139.33,CNY
Kimberly,Harvey,kharveyio@adobe.com,China,Female,Huicheng,Cogilith,,CNY
Jason,Weaver,jweaverip@sciencedaily.com,Ukraine,Male,Krynychky,Brightbean,26476.34,UAH
Ruby,Peterson,rpetersoniq@walmart.com,China,Female,Fuxing,Zoozzy,20491.30,CNY
Adam,Crawford,acrawfordir@wiley.com,Palau,Male,Kayangel,Fivechat,46163.05,USD
Donald,Gardner,dgardneris@wiley.com,Mexico,Male,Adolfo Lopez Mateos,Abatz,6753.88,MXN
Norma,Nelson,nnelsonit@typepad.com,Canada,Female,Pilot Butte,Yakitri,,CAD
Aaron,Little,alittleiu@bing.com,Palestinian Territory,Male,Usarin,Chatterpoint,89056.22,ILS
Kimberly,Little,klittleiv@discovery.com,Russia,Female,Ryazanskaya,Dabtype,95696.08,RUB
Lisa,Smith,lsmithiw@cargocollective.com,China,Female,Tielu,Yakidoo,96373.66,CNY
Donna,Harris,dharrisix@barnesandnoble.com,Malaysia,Female,Johor Bahru,Fivechat,40056.81,MYR
Beverly,Hall,bhalliy@clickbank.net,Ukraine,Female,Dmytrivka,Photolist,38834.09,UAH
Jesse,Payne,jpayneiz@hugedomains.com,China,Male,Lianghekou,Fivebridge,33098.10,CNY
Wayne,Green,wgreenj0@omniture.com,Philippines,Male,Candijay,Leexo,57492.64,PHP
Eric,Moore,emoorej1@techcrunch.com,Argentina,Male,Tafí Viejo,Tazz,77354.21,ARS
Christopher,Murray,cmurrayj2@homestead.com,Colombia,Male,Sabaneta,Gabtune,30436.38,COP
Adam,Dean,adeanj3@edublogs.org,Poland,Male,Chorkówka,Dynabox,44465.65,PLN
Philip,Porter,pporterj4@disqus.com,Poland,Male,Szczawnica,Devcast,37725.35,PLN
Heather,Watkins,hwatkinsj5@comcast.net,Bangladesh,Female,Lalmanirhat,Riffpedia,22071.88,BDT
Timothy,Romero,tromeroj6@about.com,South Africa,Male,Volksrust,Chatterbridge,16125.45,ZAR
Denise,Ward,dwardj7@adobe.com,Yemen,Female,Rumāh,Mydeo,12813.50,YER
Roy,Snyder,rsnyderj8@seattletimes.com,Guatemala,Male,Ciudad Vieja,Plambee,15986.35,GTQ
John,Bishop,jbishopj9@reference.com,France,Male,Mitry-Mory,Yozio,86460.60,EUR
Raymond,Sullivan,rsullivanja@weebly.com,France,Male,Chantilly,Livetube,22025.29,EUR
Janice,Ramirez,jramirezjb@miitbeian.gov.cn,Indonesia,Female,Padangtiji,Photofeed,80827.04,IDR
Margaret,Morgan,mmorganjc@google.it,China,Female,Lianglin,Twinder,32140.14,CNY
Catherine,Young,cyoungjd@discovery.com,Thailand,Female,Lam Sonthi,Tavu,32341.23,THB
Paula,Fernandez,pfernandezje@studiopress.com,Venezuela,Female,San Simón,Skippad,27157.49,VEF
Wanda,Hicks,whicksjf@printfriendly.com,Indonesia,Female,Blumbang,Thoughtmix,44471.18,IDR
Helen,Robinson,hrobinsonjg@vkontakte.ru,Indonesia,Female,Nuasepu,Cogilith,14230.53,IDR
Ann,Hart,ahartjh@amazon.de,Indonesia,Female,Sindangkopo,Jaloo,21237.39,IDR
Katherine,Ray,krayji@hubpages.com,Philippines,Female,Naga,Yambee,,PHP
Kelly,Diaz,kdiazjj@dailymail.co.uk,Nigeria,Female,Funtua,Eire,81242.18,NGN
Phyllis,Austin,paustinjk@time.com,China,Female,Linggou,Mudo,98977.29,CNY
Phillip,Richards,prichardsjl@shinystat.com,Uganda,Male,Agago,Fliptune,,UGX
Nicole,Rogers,nrogersjm@ucsd.edu,China,Female,Qufu,Tagfeed,89257.34,CNY
Lawrence,Moreno,lmorenojn@adobe.com,Moldova,Male,Drochia,Realcube,97988.46,MDL
Teresa,Robinson,trobinsonjo@indiatimes.com,China,Female,Bao’an,Browsezoom,59708.65,CNY
Martha,Clark,mclarkjp@sakura.ne.jp,Czech Republic,Female,Česká Skalice,Quimba,17070.31,CZK
Stephanie,Jackson,sjacksonjq@ft.com,Indonesia,Female,Pepayan,Skibox,59677.95,IDR
Peter,Fowler,pfowlerjr@webmd.com,Indonesia,Male,Suwalan,Fatz,28570.12,IDR
Diane,Alexander,dalexanderjs@admin.ch,China,Female,Shanjiao,Oyoba,,CNY
Benjamin,Bishop,bbishopjt@drupal.org,United States,Male,Saint Petersburg,Tambee,54106.85,USD
Raymond,Roberts,rrobertsju@icq.com,Czech Republic,Male,Rybí,Teklist,27311.79,CZK
Carl,Nguyen,cnguyenjv@drupal.org,United Kingdom,Male,Sutton,Meejo,,GBP
Scott,Adams,sadamsjw@tamu.edu,Philippines,Male,Ternate,Aimbo,84456.80,PHP
Diana,Alexander,dalexanderjx@cdbaby.com,China,Female,Niba,Avavee,,CNY
Kelly,White,kwhitejy@kickstarter.com,Portugal,Female,Penteado,Eabox,,EUR
Adam,Johnson,ajohnsonjz@cpanel.net,Indonesia,Male,Banjar Batuaji Kaja,Thoughtstorm,6554.15,IDR
Philip,Baker,pbakerk0@alibaba.com,Argentina,Male,Tartagal,Kanoodle,70724.58,ARS
Roy,Lane,rlanek1@hc360.com,Ukraine,Male,Tyvriv,Thoughtbeat,73247.43,UAH
Cheryl,Murphy,cmurphyk2@wix.com,China,Female,Yudai,Bluezoom,,CNY
Lillian,Graham,lgrahamk3@webnode.com,Indonesia,Female,Cimuncang,Ainyx,44512.17,IDR
Louise,Williamson,lwilliamsonk4@wikipedia.org,Angola,Female,Menongue,Youspan,,AOA
Russell,James,rjamesk5@msn.com,Iran,Male,Bandar ‘Abbās,Realcube,82379.78,IRR
Alice,Robertson,arobertsonk6@hexun.com,Philippines,Female,Matingain,Yodoo,75741.42,PHP
Roy,Scott,rscottk7@shop-pro.jp,China,Male,Changbao,Topiclounge,,CNY
Jacqueline,Chapman,jchapmank8@ihg.com,Yemen,Female,Az̧ Z̧alī‘ah,Skyvu,46740.90,YER
Paula,Walker,pwalkerk9@hostgator.com,Argentina,Female,Villa María,Camido,56919.71,ARS
Karen,Flores,kfloreska@gnu.org,South Africa,Female,Bultfontein,Yozio,,ZAR
Joe,Moreno,jmorenokb@weather.com,Philippines,Male,Minuyan,Myworks,47101.67,PHP
Juan,Williams,jwilliamskc@altervista.org,Sweden,Male,Kävlinge,Quinu,50732.34,SEK
Pamela,Garcia,pgarciakd@unesco.org,Japan,Female,Ōami,Oba,95010.71,JPY
Frances,Knight,fknightke@shutterfly.com,France,Female,Fos-sur-Mer,Topicstorm,,EUR
Annie,West,awestkf@java.com,Tunisia,Female,Al ‘Āliyah,Eare,91781.30,TND
Todd,Warren,twarrenkg@narod.ru,United States,Male,Stockton,Zoombox,9925.94,USD
Fred,Reynolds,freynoldskh@altervista.org,Slovenia,Male,Rače,Latz,89060.89,EUR
Steve,Barnes,sbarneski@yelp.com,Croatia,Male,Rešetari,Linkbuzz,,HRK
Randy,Bishop,rbishopkj@latimes.com,Australia,Male,Sydney,JumpXS,49734.68,AUD
David,Cooper,dcooperkk@businessweek.com,Brazil,Male,Nova Cruz,Ailane,77486.71,BRL
Jessica,Nelson,jnelsonkl@twitpic.com,Poland,Female,Gostyń,Youspan,88133.20,PLN
Edward,Matthews,ematthewskm@xinhuanet.com,China,Male,Gengma,Yozio,44036.71,CNY
Bobby,Hayes,bhayeskn@microsoft.com,Ghana,Male,Kasoa,Topicblab,5282.23,GHS
Nicole,Griffin,ngriffinko@icio.us,Ukraine,Female,Zgurovka,Realbuzz,51274.37,UAH
Ronald,Kim,rkimkp@mit.edu,Macedonia,Male,Selce,Rhyzio,94316.86,MKD
Alice,Ross,arosskq@blogger.com,Brazil,Female,Ribeirão Pires,Bubbletube,64644.68,BRL
Arthur,Andrews,aandrewskr@4shared.com,Luxembourg,Male,Bous,Flashdog,1458.54,EUR
Kathryn,Hudson,khudsonks@eepurl.com,Bolivia,Female,Chuqui Chuqui,Ozu,22396.17,BOB
Bonnie,Ryan,bryankt@friendfeed.com,El Salvador,Female,Ozatlán,DabZ,58518.51,USD
Ernest,Butler,ebutlerku@netvibes.com,China,Male,Xinhang,Camimbo,,CNY
Victor,George,vgeorgekv@phoca.cz,China,Male,Shuigou,Thoughtstorm,87862.43,CNY
Fred,Howard,fhowardkw@java.com,Peru,Male,Uchiza,Meeveo,33072.56,PEN
Rachel,Franklin,rfranklinkx@un.org,Malaysia,Female,Kota Kinabalu,Devbug,39209.41,MYR
Terry,Kelley,tkelleyky@accuweather.com,Belarus,Male,Malaryta,Oyoba,1084.22,BYR
Jerry,Ortiz,jortizkz@eventbrite.com,Ukraine,Male,Luhans’ke,Tanoodle,3432.18,UAH
Joe,Mason,jmasonl0@unicef.org,China,Male,Ganjun,Voonix,41018.61,CNY
Bonnie,Carter,bcarterl1@a8.net,Russia,Female,Opochka,Wikido,54458.12,RUB
Brian,Peters,bpetersl2@cbslocal.com,Paraguay,Male,Eusebio Ayala,Shuffledrive,7568.79,PYG
Scott,Stephens,sstephensl3@barnesandnoble.com,Macedonia,Male,Јегуновце,Gabtype,9536.61,MKD
Lisa,Armstrong,larmstrongl4@msn.com,Ireland,Female,Athy,Wikivu,33714.41,EUR
Sean,Torres,storresl5@cpanel.net,United States,Male,New Hyde Park,LiveZ,98471.60,USD
Irene,Butler,ibutlerl6@nbcnews.com,China,Female,Dashahe,Eire,11005.44,CNY
Clarence,Mendoza,cmendozal7@desdev.cn,Canada,Male,Drummondville,Livetube,49467.74,CAD
Shawn,Austin,saustinl8@paypal.com,Bangladesh,Male,Gaurnadi,Midel,96967.37,BDT
Deborah,Allen,dallenl9@scribd.com,Indonesia,Female,Seputih,Thoughtstorm,20330.06,IDR
Jonathan,Williamson,jwilliamsonla@google.com.au,Yemen,Male,Jawl al Majma‘,Topicshots,38612.85,YER
Sharon,Mason,smasonlb@digg.com,China,Female,Qili,Thoughtbridge,,CNY
Michelle,King,mkinglc@yahoo.co.jp,Comoros,Female,Mirontsi,Trudoo,66039.81,KMF
Jerry,Little,jlittleld@liveinternet.ru,Indonesia,Male,Tebanah,Agivu,,IDR
Charles,Graham,cgrahamle@w3.org,Indonesia,Male,Bungkulan,Oyondu,,IDR
Sharon,Dunn,sdunnlf@privacy.gov.au,Czech Republic,Female,Hrochův Týnec,Dynava,88809.16,CZK
Raymond,Phillips,rphillipslg@unicef.org,Estonia,Male,Hullo,Twinder,33730.81,EUR
Ralph,Perkins,rperkinslh@sourceforge.net,Peru,Male,Huarancante,Ailane,89264.48,PEN
Stephanie,Elliott,selliottli@artisteer.com,French Polynesia,Female,Afaahiti,Leenti,30368.40,XPF
Rachel,West,rwestlj@nyu.edu,Indonesia,Female,Krajan Satu,Gabcube,2082.28,IDR
Clarence,Snyder,csnyderlk@chronoengine.com,Norway,Male,Hønefoss,Yabox,,NOK
Joseph,Kelly,jkellyll@123-reg.co.uk,Nigeria,Male,Yenagoa,Zava,97047.80,NGN
Bobby,Wood,bwoodlm@aboutads.info,Canada,Male,Bouctouche,Oodoo,26088.57,CAD
Randy,Duncan,rduncanln@google.com.br,Suriname,Male,Albina,Ntag,38164.73,SRD
Billy,Medina,bmedinalo@oracle.com,Indonesia,Male,Tambaksari,Einti,78.33,IDR
Richard,Owens,rowenslp@amazon.co.jp,Luxembourg,Male,Biwer,Leexo,57846.76,EUR
Gerald,Campbell,gcampbelllq@blogtalkradio.com,Guadeloupe,Male,Basse-Terre,Voonte,18829.03,EUR
Catherine,Peters,cpeterslr@domainmarket.com,Brazil,Female,São Luís de Montes Belos,Mynte,39146.29,BRL
Sean,Scott,sscottls@google.com.hk,China,Male,Liuxiang,Kare,59819.06,CNY
Harold,Jenkins,hjenkinslt@elpais.com,Egypt,Male,Samannūd,Jabbercube,58797.02,EGP
Elizabeth,Gutierrez,egutierrezlu@netlog.com,Brazil,Female,Passo Fundo,Brainbox,2276.11,BRL
Philip,Austin,paustinlv@devhub.com,Philippines,Male,Bantog,Yakidoo,69673.35,PHP
Christopher,Jacobs,cjacobslw@latimes.com,Micronesia,Male,Elato,Skimia,57024.81,USD
Susan,Turner,sturnerlx@cloudflare.com,Colombia,Female,Sevilla,Mymm,47575.13,COP
Diana,Hayes,dhayesly@state.gov,Ukraine,Female,Broska,Photospace,25414.29,UAH
Michelle,Hart,mhartlz@jimdo.com,United States,Female,Santa Monica,Thoughtsphere,15935.34,USD
Margaret,Campbell,mcampbellm0@scientificamerican.com,Canada,Female,Kapuskasing,Jaxbean,44010.78,CAD
Ralph,Andrews,randrewsm1@oaic.gov.au,China,Male,Jiezi,Podcat,33786.00,CNY
Joshua,Weaver,jweaverm2@va.gov,Russia,Male,Mikun’,Voolith,49268.47,RUB
Dorothy,Bradley,dbradleym3@over-blog.com,Japan,Female,Tanushimarumachi-toyoki,Bubblebox,43154.07,JPY
Barbara,Murray,bmurraym4@sciencedaily.com,Zambia,Female,Kaoma,Quimba,62932.00,ZMW
Anna,Powell,apowellm5@instagram.com,Mexico,Female,Benito Juarez,Youtags,21075.83,MXN
Janet,Jacobs,jjacobsm6@oakley.com,Brazil,Female,Nossa Senhora da Glória,Gevee,16340.04,BRL
Cheryl,Mason,cmasonm7@intel.com,Argentina,Female,Junín,Skiptube,83883.15,ARS
Betty,King,bkingm8@webeden.co.uk,Greece,Female,Sápes,Tagcat,65571.15,EUR
John,Bailey,jbaileym9@census.gov,South Korea,Male,Samsan,Flipopia,34697.57,KRW
Lillian,Kennedy,lkennedyma@jugem.jp,France,Female,Redon,Dabjam,43009.42,EUR
Irene,Duncan,iduncanmb@alexa.com,Honduras,Female,Los Tangos,Skimia,46439.66,HNL
Sarah,Carter,scartermc@census.gov,Lebanon,Female,Jdaidet el Matn,Izio,41149.52,LBP
Lois,Chavez,lchavezmd@naver.com,China,Female,Yunxi,Twitternation,81144.74,CNY
Nicole,Russell,nrussellme@google.com.br,Brazil,Female,Belo Horizonte,Wordify,71820.72,BRL
Lori,Coleman,lcolemanmf@tamu.edu,Philippines,Female,Tambac,Thoughtworks,63771.07,PHP
Sarah,Sims,ssimsmg@instagram.com,Indonesia,Female,Banjar Sandinggianyar,Skimia,,IDR
Katherine,Cooper,kcoopermh@forbes.com,Ukraine,Female,Volnovakha,Voonder,87962.24,UAH
Margaret,Burns,mburnsmi@privacy.gov.au,China,Female,Guozhuang,Shuffletag,88716.18,CNY
Christina,Peterson,cpetersonmj@unblog.fr,Russia,Female,Shatura,Lazzy,82927.63,RUB
Marie,Long,mlongmk@buzzfeed.com,Indonesia,Female,Gegernoong,Trilith,84243.15,IDR
Steven,Collins,scollinsml@de.vu,Chile,Male,Valparaíso,Skajo,70303.59,CLP
Jerry,Edwards,jedwardsmm@ovh.net,Indonesia,Male,Titiakar,Photobug,27010.79,IDR
Rebecca,Martinez,rmartinezmn@yale.edu,Yemen,Female,Al ‘Udayn,Fiveclub,31416.47,YER
Amanda,Stevens,astevensmo@youtube.com,Peru,Female,Quillo,Kayveo,45537.86,PEN
Elizabeth,Perry,eperrymp@yolasite.com,France,Female,Bordeaux,Flipopia,50186.20,EUR
Ruth,Price,rpricemq@creativecommons.org,Portugal,Female,Lama,Yodel,,EUR
Jessica,Collins,jcollinsmr@jugem.jp,Poland,Female,Dąbrowa,Oyonder,61221.83,PLN
Carol,Jacobs,cjacobsms@walmart.com,Colombia,Female,Salento,Photolist,53103.07,COP
Douglas,Alvarez,dalvarezmt@europa.eu,France,Male,Bondoufle,Blognation,55018.52,EUR
Kimberly,Green,kgreenmu@histats.com,Poland,Female,Łopuszna,Kimia,,PLN
Sandra,Wilson,swilsonmv@etsy.com,Paraguay,Female,Unión,Youopia,72469.20,PYG
Paula,Lane,planemw@github.io,Brazil,Female,Valinhos,Innojam,5410.43,BRL
James,Moreno,jmorenomx@furl.net,Paraguay,Male,Belén,Miboo,82680.06,PYG
Jason,Freeman,jfreemanmy@nyu.edu,Poland,Male,Murcki,Divavu,23194.66,PLN
Catherine,Russell,crussellmz@businessinsider.com,Indonesia,Female,Jenang Selatan,Zoonder,52213.08,IDR
Anne,Bryant,abryantn0@japanpost.jp,Thailand,Female,Chum Phae,Pixoboo,29171.56,THB
Kimberly,Barnes,kbarnesn1@nymag.com,China,Female,Zhangzhishan,Kazio,51950.42,CNY
Kimberly,Daniels,kdanielsn2@list-manage.com,North Korea,Female,Onsŏng,Realmix,52860.21,KPW
Ryan,White,rwhiten3@globo.com,Czech Republic,Male,Potštát,Yozio,92501.09,CZK
Janice,Wood,jwoodn4@scientificamerican.com,Russia,Female,Siverskiy,Dynabox,,RUB
Mary,Hunter,mhuntern5@yahoo.co.jp,Morocco,Female,Martil,Gigabox,64851.95,MAD
Joseph,Griffin,jgriffinn6@indiatimes.com,Peru,Male,Camilaca,Topdrive,29038.18,PEN
Tammy,Peterson,tpetersonn7@google.es,Indonesia,Female,Klakeh,Eabox,39007.86,IDR
Teresa,Morales,tmoralesn8@eventbrite.com,Russia,Female,Kaz,Browseblab,38495.75,RUB
Amanda,Hudson,ahudsonn9@ameblo.jp,Kazakhstan,Female,Temirtau,Rhyloo,44301.22,KZT
Kimberly,Scott,kscottna@buzzfeed.com,Poland,Female,Gomunice,Topicware,,PLN
Angela,Rose,arosenb@skyrock.com,Ukraine,Female,Kamyshevka Vtoraya,Myworks,76637.93,UAH
Gregory,Dunn,gdunnnc@adobe.com,Brazil,Male,Vilhena,Yodo,18715.21,BRL
Ronald,Cunningham,rcunninghamnd@prnewswire.com,Russia,Male,Chechen-Aul,Tazz,40180.94,RUB
Alice,Gonzalez,agonzalezne@mozilla.org,Myanmar,Female,Lashio,Photolist,44827.14,MMK
Dennis,Reyes,dreyesnf@craigslist.org,Indonesia,Male,Semarang,Youbridge,,IDR
Joe,Moore,jmooreng@angelfire.com,Greece,Male,Néa Ionía,Oyondu,44627.60,EUR
Amanda,Wright,awrightnh@nifty.com,Greece,Female,Vasilikón,Blogpad,23669.51,EUR
Martin,Stone,mstoneni@flavors.me,Indonesia,Male,Bojonghaur,Devshare,4937.81,IDR
Keith,Hayes,khayesnj@e-recht24.de,United Kingdom,Male,Dean,Rooxo,7311.26,GBP
Jerry,Morales,jmoralesnk@blogspot.com,China,Male,Zhanbei,Kwilith,64307.19,CNY
Richard,Sanders,rsandersnl@newyorker.com,Eritrea,Male,Teseney,Mudo,57473.43,ERN
Denise,Armstrong,darmstrongnm@ebay.co.uk,Poland,Female,Mosina,Babblestorm,,PLN
Sarah,Weaver,sweavernn@dyndns.org,Philippines,Female,Puro Pinget,Tagfeed,,PHP
Jessica,Ray,jrayno@istockphoto.com,Burundi,Female,Cankuzo,Thoughtstorm,51401.37,BIF
Fred,Rice,fricenp@spotify.com,France,Male,Plaisir,Camido,17443.44,EUR
Roger,Simpson,rsimpsonnq@msn.com,Colombia,Male,Cereté,Zoombox,39555.46,COP
Willie,Webb,wwebbnr@blogspot.com,Philippines,Male,Cotmon,Jaxbean,23068.72,PHP
Laura,Bryant,lbryantns@networksolutions.com,Sweden,Female,Vargön,Linktype,60312.42,SEK
Fred,Lane,flanent@alexa.com,Brazil,Male,Itaparica,Agivu,1312.76,BRL
Doris,Long,dlongnu@walmart.com,Indonesia,Female,Keboireng,Talane,95068.79,IDR
Donna,Webb,dwebbnv@adobe.com,Panama,Female,El Progreso,Photobug,76763.16,PAB
Judith,Barnes,jbarnesnw@163.com,Chad,Female,Dourbali,Roodel,58780.73,XAF
Ronald,Fields,rfieldsnx@rambler.ru,China,Male,Fangfan,Devpoint,24555.93,CNY
William,Porter,wporterny@npr.org,Russia,Male,Kikerino,Dabshots,99747.37,RUB
Carl,Perez,cpereznz@cnn.com,Malaysia,Male,Kota Bharu,Twinder,10196.48,MYR
Louise,King,lkingo0@columbia.edu,Portugal,Female,Besteiros,Podcat,76305.82,EUR
Kevin,Payne,kpayneo1@ustream.tv,China,Male,Fengcheng,Yotz,28580.23,CNY
Cheryl,Perez,cperezo2@discuz.net,United Kingdom,Female,Thorpe,Dazzlesphere,,GBP
Mark,Turner,mturnero3@constantcontact.com,Honduras,Male,El Bálsamo,Ntag,13808.51,HNL
Cynthia,Jacobs,cjacobso4@webmd.com,Czech Republic,Female,Velké Němčice,Wikizz,90085.15,CZK
Keith,Bennett,kbennetto5@about.com,Guatemala,Male,San Pedro Sacatepéquez,Ntags,39627.53,GTQ
David,Schmidt,dschmidto6@nytimes.com,France,Male,Caen,Browsedrive,24822.53,EUR
Gloria,Coleman,gcolemano7@nhs.uk,Central African Republic,Female,Bozoum,Bluezoom,32535.85,XAF
Edward,Woods,ewoodso8@wix.com,Peru,Male,Pataypampa,Fatz,93463.05,PEN
Paul,Dean,pdeano9@odnoklassniki.ru,Finland,Male,Liminka,Dabshots,43773.24,EUR
Lawrence,Wells,lwellsoa@goo.gl,Indonesia,Male,Doibang,Tagfeed,16175.64,IDR
Denise,Butler,dbutlerob@themeforest.net,Iran,Female,Bāft,Tazz,11929.49,IRR
Jack,Day,jdayoc@amazonaws.com,Russia,Male,Yaroslavskiy,Wikizz,90375.80,RUB
Earl,Gray,egrayod@printfriendly.com,New Zealand,Male,Darfield,Skinix,16144.53,NZD
Sara,Bishop,sbishopoe@vkontakte.ru,Spain,Female,"Palmas De Gran Canaria, Las",Jaxworks,34684.94,EUR
Frances,Reynolds,freynoldsof@com.com,Vietnam,Female,Thị Trấn Na Hang,Jabbertype,89952.23,VND
Kathryn,Edwards,kedwardsog@fc2.com,Pakistan,Female,Alīpur,Feedbug,33135.12,PKR
George,Fuller,gfulleroh@flavors.me,Albania,Male,Skënderbegas,Skibox,33086.97,ALL
Joan,Gonzales,jgonzalesoi@taobao.com,China,Female,Darong,Brightbean,59864.08,CNY
Frank,Hill,fhilloj@fotki.com,Indonesia,Male,Cemara,Bluezoom,6295.02,IDR
Donald,Miller,dmillerok@wordpress.com,Russia,Male,Pochep,Thoughtblab,70721.03,RUB
Evelyn,Murphy,emurphyol@bloglovin.com,Turkmenistan,Female,Gowurdak,Jayo,78514.15,TMT
Kelly,Gray,kgrayom@creativecommons.org,Colombia,Female,Buesaco,Wikido,31653.31,COP
Gregory,Ellis,gellison@economist.com,Myanmar,Male,Pyu,Feedspan,32770.60,MMK
Larry,Mason,lmasonoo@youku.com,China,Male,Aotou,Skiptube,60179.28,CNY
Andrea,Weaver,aweaverop@blogs.com,Sweden,Female,Trollhättan,Photobug,56116.57,SEK
Gloria,Lopez,glopezoq@oracle.com,Palestinian Territory,Female,Jayyūs,Reallinks,75873.24,ILS
Jennifer,Frazier,jfrazieror@si.edu,Norway,Female,Trondheim,Meembee,71386.79,NOK
Peter,Graham,pgrahamos@ovh.net,Bulgaria,Male,Kyustendil,Avamm,34886.13,BGN
Gloria,Andrews,gandrewsot@github.com,Lithuania,Female,Žiežmariai,Yotz,,LTL
Marie,James,mjamesou@nba.com,Colombia,Female,Chaparral,Jabberbean,94143.16,COP
Philip,Butler,pbutlerov@google.com.br,Czech Republic,Male,Herálec,Centidel,11845.48,CZK
David,Butler,dbutlerow@gov.uk,Philippines,Male,Pinoma,Zoombox,32700.03,PHP
Emily,Tucker,etuckerox@businessinsider.com,Indonesia,Female,Telgawah,Twitternation,89858.84,IDR
Kathryn,Vasquez,kvasquezoy@dyndns.org,Philippines,Female,Calinog,Skiptube,21394.56,PHP
Lillian,Fisher,lfisheroz@google.ca,Pakistan,Female,Mūsa Khel Bāzār,Rhynyx,76663.77,PKR
Amanda,Woods,awoodsp0@hubpages.com,Albania,Female,Bulqizë,Dynava,42975.00,ALL
Frank,Bennett,fbennettp1@wordpress.com,Gambia,Male,Brikama Nding,Buzzshare,16109.28,GMD
Carlos,West,cwestp2@cnbc.com,Oman,Male,Ibrā’,Thoughtstorm,,OMR
Irene,Richardson,irichardsonp3@opensource.org,United Arab Emirates,Female,Abu Dhabi,Chatterpoint,80915.51,AED
Kathy,White,kwhitep4@hao123.com,Russia,Female,Chupa,Agivu,8532.36,RUB
Christina,Spencer,cspencerp5@woothemes.com,Russia,Female,Belgorod,Babbleset,1991.82,RUB
Gregory,Harris,gharrisp6@senate.gov,Bosnia and Herzegovina,Male,Maglaj,Tambee,50662.00,BAM
Jose,Little,jlittlep7@wufoo.com,Philippines,Male,Tipo-Tipo,Flashspan,14838.67,PHP
Cynthia,Garcia,cgarciap8@clickbank.net,Philippines,Female,Namboongan,Linkbuzz,24429.01,PHP
Eugene,Cole,ecolep9@stanford.edu,Indonesia,Male,Gambarjati,Skivee,99112.75,IDR
Joshua,Lynch,jlynchpa@studiopress.com,Sweden,Male,Västerås,Devshare,43058.55,SEK
Nicholas,Young,nyoungpb@indiatimes.com,Japan,Male,Sayama,Geba,98249.94,JPY
Gregory,Mccoy,gmccoypc@nationalgeographic.com,Latvia,Male,Salacgrīva,Chatterpoint,10613.76,EUR
Matthew,Hanson,mhansonpd@opera.com,China,Male,Duobaoshan,Yoveo,94326.88,CNY
Clarence,Stewart,cstewartpe@tamu.edu,China,Male,Sanrao,Wordtune,47280.82,CNY
Kelly,Welch,kwelchpf@paginegialle.it,Russia,Female,Kuybyshevskiy Zaton,Skalith,14187.53,RUB
Kenneth,Bennett,kbennettpg@foxnews.com,China,Male,Cuozhou,Zoozzy,,CNY
Kathy,Johnston,kjohnstonph@kickstarter.com,Peru,Female,Llusco,Twitterlist,5709.77,PEN
Ann,Hunt,ahuntpi@dion.ne.jp,Peru,Female,Lampa,Ainyx,90381.27,PEN
Terry,Price,tpricepj@washington.edu,Brazil,Male,Passa Quatro,Oyope,60594.79,BRL
Heather,Perez,hperezpk@printfriendly.com,China,Female,Xiamao,Ailane,72306.95,CNY
Lisa,Torres,ltorrespl@hhs.gov,Peru,Female,San Jerónimo,Thoughtsphere,,PEN
Steven,Foster,sfosterpm@yolasite.com,Peru,Male,Santa,Tagfeed,17849.99,PEN
Michelle,Bradley,mbradleypn@miitbeian.gov.cn,Japan,Female,Edosaki,Flipbug,62520.12,JPY
Tammy,Harvey,tharveypo@example.com,Nigeria,Female,Ibeto,Skyndu,25289.68,NGN
Kenneth,Adams,kadamspp@tmall.com,Guatemala,Male,San Antonio Aguas Calientes,Youspan,96019.26,GTQ
Betty,Medina,bmedinapq@4shared.com,Bulgaria,Female,Aksakovo,Flipstorm,84183.76,BGN
Nicole,Fuller,nfullerpr@mayoclinic.com,Chile,Female,Tomé,Topiclounge,60559.91,CLP
Christina,Shaw,cshawps@ftc.gov,China,Female,Xiguantun Muguzu Manzuxiang,Vinte,28426.71,CNY
Frank,Morgan,fmorganpt@bbc.co.uk,Indonesia,Male,Desa Werasari,Aimbo,68127.60,IDR
Martha,Ward,mwardpu@forbes.com,Philippines,Female,Villa Verde,Skiba,,PHP
Ruby,Wagner,rwagnerpv@topsy.com,Ivory Coast,Female,Grand-Bassam,Yakijo,23153.86,XOF
Judith,Cruz,jcruzpw@harvard.edu,Ecuador,Female,Jipijapa,Devpoint,64047.13,USD
Margaret,Stanley,mstanleypx@symantec.com,Serbia,Female,Radenković,Kwinu,84156.58,RSD
Lois,Lane,llanepy@barnesandnoble.com,Philippines,Female,Manat,Avamm,43865.94,PHP
John,Green,jgreenpz@purevolume.com,Sweden,Male,Alunda,Trilith,,SEK
Joyce,Willis,jwillisq0@xrea.com,American Samoa,Female,Aūa,Skibox,92864.72,USD
Patricia,Schmidt,pschmidtq1@webeden.co.uk,Japan,Female,Ginowan,Npath,86954.14,JPY
Billy,Miller,bmillerq2@typepad.com,Nigeria,Male,Uba,Jaxspan,2484.37,NGN
Christina,Spencer,cspencerq3@stanford.edu,Sweden,Female,Svedala,Flipstorm,26597.48,SEK
Gloria,Perry,gperryq4@toplist.cz,Philippines,Female,Kolambugan,Blogspan,52544.35,PHP
Bruce,Holmes,bholmesq5@blogspot.com,Russia,Male,Dagestanskiye Ogni,Snaptags,16976.66,RUB
Albert,Baker,abakerq6@mapy.cz,Indonesia,Male,Jedung,Photobean,52397.56,IDR
Shirley,Richardson,srichardsonq7@hostgator.com,China,Female,Sanxi,Kare,,CNY
Evelyn,Cook,ecookq8@miibeian.gov.cn,Sudan,Female,El Obeid,Mynte,9521.58,SDG
James,Harvey,jharveyq9@xing.com,Paraguay,Male,Yuty,Divavu,,PYG
Paul,Castillo,pcastilloqa@thetimes.co.uk,Norway,Male,Mosjøen,Quimm,,NOK
Russell,Schmidt,rschmidtqb@wordpress.org,Czech Republic,Male,Ostroměř,Blogtag,1877.91,CZK
Joe,Wheeler,jwheelerqc@huffingtonpost.com,China,Male,Damaishan,Mynte,79055.11,CNY
Shawn,Mccoy,smccoyqd@shinystat.com,Vietnam,Male,Thị Trấn Bình Mỹ,Edgepulse,43217.90,VND
Brenda,Bell,bbellqe@businessweek.com,Cameroon,Female,Kumbo,Devshare,,XAF
Kevin,Wood,kwoodqf@craigslist.org,Saudi Arabia,Male,As Saffānīyah,Kaymbo,39104.89,SAR
Mary,Nguyen,mnguyenqg@dedecms.com,Poland,Female,Jaworze,Plajo,35505.43,PLN
Donald,Lee,dleeqh@cnet.com,Guatemala,Male,Gualán,Podcat,1211.01,GTQ
Marie,Hamilton,mhamiltonqi@fastcompany.com,Russia,Female,Ozëry,Livetube,13325.80,RUB
Cheryl,Bell,cbellqj@example.com,Sweden,Female,Kungshamn,Devpulse,14865.06,SEK
Rebecca,Jenkins,rjenkinsqk@histats.com,Ukraine,Female,Svyatogorsk,Aimbo,59488.54,UAH
Irene,Marshall,imarshallql@wp.com,Indonesia,Female,Tanjungbatu,Gabvine,19297.05,IDR
Dorothy,Owens,dowensqm@ezinearticles.com,China,Female,Erdaocha,Buzzbean,6402.87,CNY
Ronald,Mitchell,rmitchellqn@wikimedia.org,United States,Male,Los Angeles,Jabbersphere,,USD
Christina,Woods,cwoodsqo@list-manage.com,China,Female,Guodu,Brightdog,82434.32,CNY
Bonnie,Smith,bsmithqp@zdnet.com,Portugal,Female,Calheta de Nesquim,Zazio,193.49,EUR
Lisa,Bennett,lbennettqq@dion.ne.jp,Tunisia,Female,Gabès,Meejo,46327.54,TND
Roger,Tucker,rtuckerqr@state.gov,Canada,Male,Killam,Vinte,74697.26,CAD
Karen,Davis,kdavisqs@topsy.com,Thailand,Female,Trakan Phut Phon,Katz,43496.02,THB
Earl,Martinez,emartinezqt@bbc.co.uk,Kazakhstan,Male,Oytal,Abata,,KZT
Janet,Mccoy,jmccoyqu@unc.edu,Czech Republic,Female,Herálec,Meevee,1642.49,CZK
Steven,Johnston,sjohnstonqv@taobao.com,Northern Mariana Islands,Male,San Jose Village,Kanoodle,60321.73,USD
Ann,Peters,apetersqw@flickr.com,China,Female,Zilang,Blogtags,95727.76,CNY
Diana,Armstrong,darmstrongqx@ucoz.ru,China,Female,Zhushan Chengguanzhen,Oyope,98763.14,CNY
Shirley,Price,spriceqy@t-online.de,Vietnam,Female,Phong Điền,Photobug,55980.45,VND
Janice,Butler,jbutlerqz@plala.or.jp,Venezuela,Female,Temblador,Myworks,11558.40,VEF
Beverly,Stanley,bstanleyr0@gizmodo.com,Czech Republic,Female,Mostek,Avamm,73520.49,CZK
Christopher,Gonzalez,cgonzalezr1@miitbeian.gov.cn,Japan,Male,Fujinomiya,Avavee,39438.12,JPY
Jeremy,Gonzales,jgonzalesr2@acquirethisname.com,China,Male,Minshan,Jabberstorm,,CNY
Ann,Bowman,abowmanr3@tripadvisor.com,Indonesia,Female,Wolowiro,Yakijo,68693.03,IDR
Sandra,Rogers,srogersr4@twitpic.com,Vietnam,Female,Hồ Xá,Centidel,45153.18,VND
David,Hughes,dhughesr5@google.de,Indonesia,Male,Ntaur Satu,Meedoo,49391.96,IDR
Fred,Arnold,farnoldr6@uol.com.br,Poland,Male,Bolesławiec,Shuffledrive,414.81,PLN
Anthony,Morris,amorrisr7@slate.com,Indonesia,Male,Banyuurip,Topicstorm,85333.86,IDR
Lois,Nguyen,lnguyenr8@dot.gov,China,Female,Jianling,Latz,22975.90,CNY
Joan,Russell,jrussellr9@yale.edu,Armenia,Female,Metsavan,Leexo,,AMD
Teresa,Bishop,tbishopra@cisco.com,Madagascar,Female,Andramasina,Blogtags,60823.58,MGA
Willie,Cole,wcolerb@independent.co.uk,China,Male,Fangtai,Gigazoom,36318.29,CNY
Evelyn,Phillips,ephillipsrc@aol.com,Argentina,Female,El Carmen,Vidoo,75984.32,ARS
Kathryn,Hart,khartrd@pbs.org,Yemen,Female,Jiblah,Twitterlist,57975.54,YER
Karen,Hunt,khuntre@flavors.me,France,Female,Arcueil,Mynte,18051.14,EUR
Joyce,Hall,jhallrf@pagesperso-orange.fr,China,Female,Laba Goumen,Feedbug,63574.64,CNY
Joshua,Turner,jturnerrg@oakley.com,Thailand,Male,Lang Suan,Voonyx,19095.57,THB
Antonio,Grant,agrantrh@telegraph.co.uk,Bosnia and Herzegovina,Male,Brka,Wordware,86919.07,BAM
Craig,Hall,challri@netlog.com,China,Male,Xia Zanggor,Kanoodle,74053.76,CNY
Craig,Mendoza,cmendozarj@google.es,Kyrgyzstan,Male,At-Bashi,Voomm,67241.46,KGS
Theresa,Alvarez,talvarezrk@hud.gov,Philippines,Female,Dado,Yoveo,94660.28,PHP
Louis,Spencer,lspencerrl@economist.com,Brazil,Male,Araruama,Roodel,55861.05,BRL
David,Martin,dmartinrm@wiley.com,Peru,Male,Chinchaypujio,Tagchat,10851.06,PEN
Terry,Collins,tcollinsrn@netvibes.com,Russia,Male,Mtsensk,DabZ,59827.38,RUB
Ralph,Mason,rmasonro@slate.com,Philippines,Male,Tabonoc,Meemm,,PHP
Harry,Holmes,hholmesrp@live.com,Indonesia,Male,Pakuncen,Rhycero,69531.13,IDR
Brenda,Taylor,btaylorrq@examiner.com,China,Female,Wuying,Podcat,79575.26,CNY
Norma,Wheeler,nwheelerrr@techcrunch.com,Portugal,Female,Zouparria do Monte,Lazz,11598.31,EUR
