Kevin,Lane,klane0@google.pl,Argentina,Male,San Martín de los Andes,Oyoba,49518.09,ARS
Barbara,Harvey,bharvey1@ed.gov,Portugal,Female,Corujeira,Wordpedia,35942.97,EUR
Earl,Alvarez,ealvarez2@berkeley.edu,France,Male,Nantes,Dazzlesphere,45296.89,EUR
Randy,Sanders,rsanders3@ustream.tv,Indonesia,Male,Cerenti,Skippad,73022.42,IDR
Joseph,Rogers,jrogers4@forbes.com,Brazil,Male,Alagoinhas,Brainlounge,54572.77,BRL
Scott,Kelly,skelly5@google.ca,Poland,Male,Kłomnice,Thoughtstorm,58223.92,PLN
Marie,Johnson,mjohnson6@webeden.co.uk,Ukraine,Female,Kuchurhan,Skippad,31052.58,UAH
Dorothy,Bowman,dbowman7@hugedomains.com,Portugal,Female,Cential,Devbug,716.26,EUR
Phillip,Garcia,pgarcia8@ucla.edu,China,Male,Yingkeng,Talane,17613.62,CNY
Antonio,Spencer,aspencer9@zdnet.com,Canada,Male,Banff,Chatterbridge,30441.86,CAD
Nancy,Myers,nmyersa@parallels.com,Czech Republic,Female,Rájec-Jestřebí,Yodoo,,CZK
Eric,Morales,emoralesb@fastcompany.com,Poland,Male,Łopuszno,Tambee,49122.42,PLN
Kimberly,Williamson,kwilliamsonc@berkeley.edu,Indonesia,Female,Banjar Bali,Mynte,51239.84,IDR
Irene,Campbell,icampbelld@salon.com,Indonesia,Female,Juhut,Skiptube,16882.15,IDR
Frances,Murray,fmurraye@state.tx.us,Portugal,Female,Reguenga,Thoughtsphere,36604.58,EUR
Andrea,Henry,ahenryf@admin.ch,Czech Republic,Female,Úštěk,Shufflebeat,,CZK
Carl,Wood,cwoodg@army.mil,Indonesia,Male,Halteu,Jaloo,23786.54,IDR
Maria,Hunt,mhunth@sakura.ne.jp,Honduras,Female,La Guama,Skinix,,HNL
Eugene,Carroll,ecarrolli@tuttocitta.it,Indonesia,Male,Sindangkopo,Mudo,76892.57,IDR
Jesse,Bradley,jbradleyj@godaddy.com,Philippines,Male,Dumaguil,Browsedrive,7305.06,PHP
Joseph,Collins,jcollinsk@reuters.com,China,Male,Zizhao,Cogibox,56665.33,CNY
Bonnie,Johnston,bjohnstonl@house.gov,Myanmar,Female,Taunggyi,Flashdog,91649.18,MMK
Lori,Hanson,lhansonm@oracle.com,France,Female,Aix-en-Provence,Mybuzz,50104.84,EUR
Virginia,Cruz,vcruzn@wired.com,Philippines,Female,Busdi,Gigazoom,13767.68,PHP
Kathleen,Chapman,kchapmano@free.fr,Germany,Female,Stuttgart Stuttgart-Mitte,Riffpedia,66160.42,EUR
Stephen,Diaz,sdiazp@newsvine.com,Philippines,Male,Cabodiongan,Feedfish,64803.10,PHP
Rachel,Martin,rmartinq@narod.ru,Norway,Female,Oslo,Mydeo,33853.59,NOK
Kathy,Fowler,kfowlerr@nhs.uk,Portugal,Female,Navais,LiveZ,66107.18,EUR
Todd,Owens,towenss@hhs.gov,Poland,Male,Wisznice,Skippad,62303.35,PLN
Craig,Ross,crosst@mozilla.org,Indonesia,Male,Kutamandarakan,Linkbridge,57058.26,IDR
Douglas,Carpenter,dcarpenteru@fema.gov,Sweden,Male,Vällingby,Geba,38419.91,SEK
Aaron,Stephens,astephensv@phoca.cz,Morocco,Male,Zagora,Eire,86989.69,MAD
Laura,Watson,lwatsonw@google.nl,Portugal,Female,São Paio de Seide,Devify,98916.56,EUR
Mildred,Gilbert,mgilbertx@sogou.com,Philippines,Female,Gabao,Rhyzio,16698.13,PHP
Kevin,George,kgeorgey@networksolutions.com,Poland,Male,Rokitno,InnoZ,39657.91,PLN
Henry,Porter,hporterz@istockphoto.com,China,Male,Huilong,Zoomdog,90881.23,CNY
Henry,Mendoza,hmendoza10@yellowpages.com,China,Male,Ya’ergenchu,Oloo,61141.91,CNY
Bobby,Chavez,bchavez11@artisteer.com,Nigeria,Male,Benisheikh,Twitterlist,,NGN
Mark,Morgan,mmorgan12@people.com.cn,Russia,Male,Priiskovyy,Gigaclub,,RUB
Andrew,Lawson,alawson13@dagondesign.com,Thailand,Male,Wiset Chaichan,Lazz,46610.87,THB
Jeremy,Ellis,jellis14@cbc.ca,Iran,Male,Akbarābād,Fliptune,45052.77,IRR
Gregory,Hansen,ghansen15@smugmug.com,China,Male,Dongjiahe,Pixope,73309.21,CNY
Cynthia,Bowman,cbowman16@yahoo.co.jp,Indonesia,Female,Sukamaju,Babbleblab,20954.38,IDR
Christina,Murray,cmurray17@de.vu,Mongolia,Female,Choibalsan,Skinte,63017.36,MNT
Jeffrey,Scott,jscott18@cam.ac.uk,Mexico,Male,Solidaridad,Jetpulse,1727.18,MXN
Joshua,Wood,jwood19@ycombinator.com,Slovenia,Male,Jurovski Dol,Yozio,71872.38,EUR
Peter,Griffin,pgriffin1a@blogtalkradio.com,Japan,Male,Gōtsuchō,Skiba,,JPY
Stephanie,Rivera,srivera1b@alexa.com,Botswana,Female,Mahalapye,Twimbo,87755.82,BWP
Justin,Anderson,janderson1c@istockphoto.com,Poland,Male,Rychwał,Oyondu,5357.15,PLN
John,Woods,jwoods1d@desdev.cn,Portugal,Male,Dois Portos,Skajo,28113.36,EUR
Louise,Gilbert,lgilbert1e@ustream.tv,China,Female,Shuangcheng,Npath,66320.37,CNY
Alice,Berry,aberry1f@arizona.edu,Russia,Female,Mendeleyevo,Omba,54380.92,RUB
Jose,Allen,jallen1g@amazon.co.jp,China,Male,Toupi,Quatz,38209.30,CNY
Angela,Walker,awalker1h@yale.edu,Philippines,Female,Puro Pinget,Youspan,82374.21,PHP
Gerald,Mccoy,gmccoy1i@usda.gov,Indonesia,Male,Beaung Tengah,Camimbo,44254.24,IDR
Cynthia,Burns,cburns1j@bloomberg.com,Indonesia,Female,Sumberejo,Teklist,2648.75,IDR
Benjamin,Reyes,breyes1k@umn.edu,Czech Republic,Male,Šluknov,Kwilith,64372.79,CZK
Kenneth,Chapman,kchapman1l@newyorker.com,Philippines,Male,Los Arcos,Yoveo,96090.14,PHP
Judy,West,jwest1m@cocolog-nifty.com,China,Female,Guanqian,Trunyx,22254.44,CNY
Barbara,Hughes,bhughes1n@yolasite.com,China,Female,Shuangxi,Gabcube,46581.06,CNY
Jane,Wallace,jwallace1o@weebly.com,Haiti,Female,Quartier Morin,Oyoloo,,HTG
Louis,Sullivan,lsullivan1p@joomla.org,Philippines,Male,Aglalana,Trudeo,85933.78,PHP
Kenneth,Reid,kreid1q@who.int,Sweden,Male,Vårgårda,Tekfly,67752.56,SEK
Sandra,Willis,swillis1r@buzzfeed.com,Portugal,Female,Souto,Abata,3540.24,EUR
Albert,Fox,afox1s@goo.gl,Mexico,Male,Rancho Nuevo,Mymm,93880.77,MXN
Janet,Foster,jfoster1t@seesaa.net,China,Female,Lijiazui,Thoughtworks,97462.60,CNY
Karen,Baker,kbaker1u@imdb.com,United States,Female,Decatur,Digitube,24872.39,USD
Carl,Larson,clarson1v@infoseek.co.jp,Ukraine,Male,Podbuzh,Reallinks,64046.39,UAH
Louise,Scott,lscott1w@booking.com,Russia,Female,Zelenograd,Meeveo,88105.07,RUB
Diane,Coleman,dcoleman1x@a8.net,China,Female,Yezhi,Mydeo,65070.82,CNY
Judy,Carpenter,jcarpenter1y@huffingtonpost.com,Ireland,Female,Malahide,Edgeblab,31103.50,EUR
Steve,Ray,sray1z@de.vu,Russia,Male,Usogorsk,Leexo,89590.35,RUB
John,Romero,jromero20@marketwatch.com,Bhutan,Male,Daga,Meeveo,93415.88,BTN
Arthur,Andrews,aandrews21@time.com,Colombia,Male,Orito,Meembee,64946.05,COP
Emily,Hawkins,ehawkins22@g.co,Guatemala,Female,San Luis,Roombo,43067.41,GTQ
Willie,Sanchez,wsanchez23@ycombinator.com,Jamaica,Male,Maggotty,Linklinks,50347.04,JMD
Alice,Rodriguez,arodriguez24@paginegialle.it,Ukraine,Female,Yizhivtsi,Cogilith,95466.31,UAH
Linda,Rodriguez,lrodriguez25@nyu.edu,Indonesia,Female,Balauring,Shuffletag,45126.77,IDR
Amanda,Brooks,abrooks26@yahoo.com,Poland,Female,Sierpc,Fanoodle,39554.94,PLN
Gregory,Lane,glane27@un.org,Indonesia,Male,Kertayuga,Trupe,54707.14,IDR
Rachel,Palmer,rpalmer28@opera.com,China,Female,Shatian,Roombo,41306.09,CNY
Martha,Henderson,mhenderson29@ask.com,Philippines,Female,San Miguel,Abata,53590.55,PHP
Robin,Murphy,rmurphy2a@gnu.org,Honduras,Female,Travesía,Skajo,10458.02,HNL
Doris,Nichols,dnichols2b@merriam-webster.com,Russia,Female,Spokoynaya,Buzzdog,77372.30,RUB
Shawn,Alexander,salexander2c@homestead.com,Indonesia,Male,Negara,Topdrive,1117.70,IDR
Alice,Greene,agreene2d@diigo.com,Thailand,Female,Phibun Mangsahan,Skyba,,THB
Chris,Knight,cknight2e@t.co,Thailand,Male,Tha Mai,Skyble,87414.96,THB
Shawn,Owens,sowens2f@nba.com,China,Male,Dongping,Lajo,7026.81,CNY
Henry,Hill,hhill2g@archive.org,France,Male,Saint-Gratien,Wordtune,50282.78,EUR
Kevin,Murray,kmurray2h@ifeng.com,Indonesia,Male,Kujung,Rhycero,29817.30,IDR
David,Wilson,dwilson2i@squarespace.com,Brazil,Male,São Bento do Sul,Topiczoom,66380.40,BRL
Rebecca,Bowman,rbowman2j@sfgate.com,Russia,Female,Beringovskiy,Browsezoom,,RUB
Cheryl,Reyes,creyes2k@ebay.co.uk,Nigeria,Female,Siluko,Kanoodle,95436.18,NGN
Lillian,James,ljames2l@washington.edu,Ukraine,Female,Pomichna,Fivechat,38357.41,UAH
Justin,Kelly,jkelly2m@acquirethisname.com,France,Male,Toulon,Edgeclub,52865.46,EUR
Patrick,Hanson,phanson2n@adobe.com,Denmark,Male,Frederiksberg,Rhycero,,DKK
Bonnie,Gonzalez,bgonzalez2o@nhs.uk,China,Female,Zhongshangang,Kayveo,13753.11,CNY
Donna,Reed,dreed2p@ucoz.ru,Greece,Female,Néos Mylótopos,Skivee,53271.02,EUR
Antonio,Ruiz,aruiz2q@plala.or.jp,Ukraine,Male,Bryukhovychi,Einti,31819.05,UAH
Virginia,Nichols,vnichols2r@icio.us,Macedonia,Female,Студеничани,Twitterbeat,14096.12,MKD
Dorothy,Reynolds,dreynolds2s@slashdot.org,Malaysia,Female,Kangar,Youfeed,29141.41,MYR
Laura,Hunt,lhunt2t@amazon.co.uk,Brazil,Female,Guará,Skiba,72508.36,BRL
Jeremy,Boyd,jboyd2u@twitpic.com,Nigeria,Male,Yanda Bayo,Jabbersphere,95651.12,NGN
Mildred,Lee,mlee2v@youku.com,Egypt,Female,Kawm Umbū,Skilith,10675.60,EGP
Roy,Daniels,rdaniels2w@uiuc.edu,Croatia,Male,Smokvica,Yamia,,HRK
Michael,Jenkins,mjenkins2x@harvard.edu,Norway,Male,Harstad,Leenti,22520.08,NOK
Fred,Moore,fmoore2y@hibu.com,Poland,Male,Góra,Yambee,12290.65,PLN
Paula,George,pgeorge2z@eventbrite.com,Indonesia,Female,Karangnunggal,Fanoodle,33044.77,IDR
Harold,Shaw,hshaw30@cnn.com,Philippines,Male,Alannay,Leexo,9542.68,PHP
Keith,Rodriguez,krodriguez31@amazonaws.com,South Africa,Male,Trompsburg,Meevee,83825.41,ZAR
Nicole,Lane,nlane32@alibaba.com,China,Female,Meijiang,Eimbee,4940.63,CNY
Kevin,Palmer,kpalmer33@simplemachines.org,Indonesia,Male,Muarabuliti,Rooxo,325.48,IDR
Andrea,Lane,alane34@google.com.au,Venezuela,Female,Biscucuy,Roombo,14597.85,VEF
Antonio,Lawrence,alawrence35@oracle.com,Dominican Republic,Male,Punta Cana,Chatterbridge,40153.22,DOP
Arthur,Burke,aburke36@nsw.gov.au,Poland,Male,Wysoka,Skipfire,29799.09,PLN
Earl,Jones,ejones37@is.gd,China,Male,Shunling,Gabcube,83607.66,CNY
Harry,Scott,hscott38@omniture.com,Poland,Male,Jawornik,Skilith,15799.02,PLN
Peter,Dean,pdean39@yellowbook.com,Uzbekistan,Male,Karakul’,Flashdog,49217.37,UZS
Gregory,Mitchell,gmitchell3a@npr.org,Guatemala,Male,San Miguel Chicaj,Kwilith,14088.10,GTQ
Deborah,Larson,dlarson3b@twitpic.com,Norway,Female,Askim,Realcube,95319.21,NOK
James,King,jking3c@youtube.com,China,Male,Henglin,Jayo,35418.89,CNY
Joyce,Taylor,jtaylor3d@oaic.gov.au,Kiribati,Female,Banraeaba Village,Roombo,6791.48,AUD
Eugene,Torres,etorres3e@sbwire.com,Indonesia,Male,Pendawanbaru,Agimba,,IDR
Donna,James,djames3f@devhub.com,Sweden,Female,Sundsvall,Tagchat,64035.16,SEK
Ryan,Rose,rrose3g@about.me,China,Male,Rencun,Topiclounge,34177.38,CNY
Annie,Austin,aaustin3h@bandcamp.com,China,Female,Zhouling,Lajo,12926.57,CNY
John,Anderson,janderson3i@umn.edu,Russia,Male,Novobeysugskaya,Photofeed,19936.86,RUB
Louis,Moore,lmoore3j@addtoany.com,Indonesia,Male,Kadugedong,Oloo,14780.46,IDR
George,Anderson,ganderson3k@ask.com,China,Male,Anhua Daying,Quamba,67074.57,CNY
Patrick,Brooks,pbrooks3l@plala.or.jp,Russia,Male,Zubtsov,Topicblab,88652.56,RUB
Ernest,Roberts,eroberts3m@oakley.com,China,Male,Geyuan,Skyndu,,CNY
Anne,Roberts,aroberts3n@sun.com,Peru,Female,Panao,Lazzy,,PEN
Jason,Wallace,jwallace3o@dailymail.co.uk,Philippines,Male,Malandag,Skippad,26089.41,PHP
Rachel,Berry,rberry3p@reverbnation.com,Vanuatu,Female,Saratamata,Demimbu,55656.86,VUV
Harry,Fields,hfields3q@angelfire.com,Thailand,Male,Bang Rakam,Realpoint,21071.13,THB
Kathleen,Morales,kmorales3r@weather.com,Poland,Female,Tuplice,Jaxworks,87554.11,PLN
Jesse,Oliver,joliver3s@123-reg.co.uk,China,Male,Qiaoyi,Kimia,87351.51,CNY
Steve,Sanders,ssanders3t@cnet.com,Sweden,Male,Gustavsberg,Jazzy,61318.58,SEK
Tammy,Rodriguez,trodriguez3u@pagesperso-orange.fr,Philippines,Female,Nato,Skipstorm,13175.35,PHP
Terry,Graham,tgraham3v@mozilla.com,Cape Verde,Male,Ribeira Grande,Devbug,2038.10,CVE
Tina,Wright,twright3w@cornell.edu,Indonesia,Female,Pericik,Bubblebox,21275.75,IDR
Sandra,Martinez,smartinez3x@squidoo.com,Indonesia,Female,Tegalgunung,Agivu,19617.08,IDR
Dennis,Perry,dperry3y@jiathis.com,Brazil,Male,Rio Negrinho,Tagpad,10284.93,BRL
Doris,Ross,dross3z@umn.edu,Brazil,Female,Piritiba,Babblestorm,73598.53,BRL
Judith,Bowman,jbowman40@sohu.com,China,Female,Mashi,Tambee,2267.71,CNY
Norma,Berry,nberry41@newsvine.com,Ethiopia,Female,Mēga,Zoovu,68519.00,ETB
Beverly,Lane,blane42@spiegel.de,China,Female,Jianggang,Feedspan,3419.63,CNY
Janet,Campbell,jcampbell43@cisco.com,Mexico,Female,San Jose,Gigabox,93332.95,MXN
Amy,Reid,areid44@marketwatch.com,China,Female,Wanghu,Yoveo,25418.90,CNY
Gregory,Hill,ghill45@nyu.edu,Oman,Male,Şaḩam,Photobug,65313.90,OMR
Michelle,Robertson,mrobertson46@slate.com,Sweden,Female,Stockholm,Buzzdog,5552.59,SEK
Lawrence,Thomas,lthomas47@creativecommons.org,Portugal,Male,Seixo,Yozio,25299.46,EUR
Frank,Chavez,fchavez48@smugmug.com,Indonesia,Male,Ndano,Quaxo,3397.59,IDR
Betty,Bowman,bbowman49@rakuten.co.jp,Indonesia,Female,Jiwuwu,Babbleset,17800.11,IDR
Larry,Morgan,lmorgan4a@parallels.com,Canada,Male,Sylvan Lake,Kwinu,35364.48,CAD
Maria,Bowman,mbowman4b@ucla.edu,Russia,Female,Nizhniy Ufaley,Riffpath,93551.82,RUB
Steven,Green,sgreen4c@amazon.co.uk,Colombia,Male,Caicedonia,Lazz,61424.15,COP
Lisa,Dunn,ldunn4d@surveymonkey.com,Philippines,Female,Gabao,Eidel,77035.98,PHP
Martin,Dixon,mdixon4e@noaa.gov,Canada,Male,Miramichi,Skaboo,23145.59,CAD
Ashley,Perez,aperez4f@springer.com,Canada,Female,Port-Cartier,Skivee,,CAD
Rebecca,Oliver,roliver4g@amazon.co.uk,China,Female,Laizhou,Cogidoo,18632.58,CNY
Lillian,Riley,lriley4h@psu.edu,China,Female,Hongguang,Tavu,17360.42,CNY
Ralph,Willis,rwillis4i@nsw.gov.au,China,Male,Huilongshan,Quaxo,21974.50,CNY
Patrick,Woods,pwoods4j@state.tx.us,Canada,Male,Hanna,Cogilith,,CAD
Johnny,Rice,jrice4k@gnu.org,Netherlands,Male,Amsterdam Nieuw West,Layo,30180.35,EUR
Ryan,Parker,rparker4l@infoseek.co.jp,Spain,Male,Vigo,Wikizz,68514.33,EUR
Kimberly,Nguyen,knguyen4m@soup.io,China,Female,Suicheng,Wikivu,12652.47,CNY
Terry,Hudson,thudson4n@guardian.co.uk,Mongolia,Male,Bayanbulag,Zoomzone,24922.71,MNT
Michael,Romero,mromero4o@ezinearticles.com,Mexico,Male,Emiliano Zapata,Trudeo,91637.47,MXN
Cynthia,Carpenter,ccarpenter4p@creativecommons.org,Indonesia,Female,Weepanapi,Kanoodle,97001.89,IDR
Laura,Gutierrez,lgutierrez4q@nhs.uk,Cuba,Female,Gibara,Mita,70868.50,CUP
Joe,Hughes,jhughes4r@paypal.com,Uzbekistan,Male,Qo‘qon,Avaveo,44430.07,UZS
George,Coleman,gcoleman4s@mlb.com,Japan,Male,Sumoto,Demimbu,87610.32,JPY
Emily,Perez,eperez4t@nationalgeographic.com,France,Female,Wissous,Skinix,,EUR
Irene,Nelson,inelson4u@lulu.com,Indonesia,Female,Gareba,Divavu,5028.07,IDR
Carolyn,Scott,cscott4v@yellowbook.com,Czech Republic,Female,Dobrá,Meevee,61482.05,CZK
Lori,Knight,lknight4w@illinois.edu,Denmark,Female,København,Browsecat,92119.20,DKK
Brandon,Wright,bwright4x@vkontakte.ru,Japan,Male,Ōkuchi,Wikivu,16951.28,JPY
Linda,Cook,lcook4y@forbes.com,Canada,Female,Raymond,Trilia,39928.79,CAD
Aaron,Watkins,awatkins4z@independent.co.uk,Poland,Male,Mokotów,Gigabox,39404.46,PLN
Clarence,Williamson,cwilliamson50@hexun.com,South Africa,Male,Vryburg,Roodel,53478.38,ZAR
James,Ramos,jramos51@mozilla.org,China,Male,Taochuan,Browseblab,58586.24,CNY
Virginia,Little,vlittle52@feedburner.com,Saudi Arabia,Female,Ash Shafā,Skipfire,69670.76,SAR
Margaret,Stewart,mstewart53@sfgate.com,Russia,Female,Bayangol,Pixoboo,26681.15,RUB
William,Baker,wbaker54@si.edu,El Salvador,Male,San Agustín,Camido,28871.78,USD
Gerald,Bryant,gbryant55@umn.edu,Philippines,Male,Urbiztondo,Miboo,85562.59,PHP
Daniel,Franklin,dfranklin56@list-manage.com,China,Male,Zhongxing,Babbleset,1591.86,CNY
Craig,Rice,crice57@1und1.de,China,Male,Qiaochong,Trupe,4205.81,CNY
Anne,King,aking58@msu.edu,Pakistan,Female,Chak Two Hundred Forty-Nine TDA,Jaxworks,50802.41,PKR
Brandon,Hayes,bhayes59@flavors.me,Sweden,Male,Johanneshov,Meetz,58777.66,SEK
Chris,Washington,cwashington5a@va.gov,Russia,Male,Novosheshminsk,Eire,14181.06,RUB
Christine,Meyer,cmeyer5b@dell.com,Bulgaria,Female,Kaynardzha,Pixope,35253.92,BGN
Brian,Campbell,bcampbell5c@latimes.com,Indonesia,Male,Ciketak,Minyx,99336.60,IDR
Jeremy,Bailey,jbailey5d@soup.io,Philippines,Male,Dobdoban,Eimbee,40533.95,PHP
Antonio,Stephens,astephens5e@artisteer.com,Cuba,Male,Pinar del Río,Kwimbee,,CUP
Shirley,West,swest5f@cnn.com,Sweden,Female,Trångsund,Wikido,10513.56,SEK
Eugene,Ruiz,eruiz5g@yahoo.co.jp,China,Male,Gongqiao,Wordware,75225.15,CNY
Kevin,Carter,kcarter5h@princeton.edu,China,Male,Dongjian,Mynte,29256.22,CNY
Justin,Alvarez,jalvarez5i@java.com,Russia,Male,Poputnaya,Bubblemix,28757.50,RUB
Jacqueline,Rose,jrose5j@slashdot.org,China,Female,Lingshan,Jazzy,42393.75,CNY
Jose,Sanchez,jsanchez5k@deliciousdays.com,Indonesia,Male,Niopanda,Jaxnation,90900.75,IDR
Dorothy,Garrett,dgarrett5l@fda.gov,Indonesia,Female,Kesugihan,Photobean,69079.87,IDR
Judith,Edwards,jedwards5m@4shared.com,China,Female,Sanhe,Meejo,93905.78,CNY
Anthony,Stephens,astephens5n@japanpost.jp,Macedonia,Male,Obršani,Zoomcast,87342.21,MKD
Sarah,Wood,swood5o@ucla.edu,Saint Lucia,Female,Soufrière,Browsedrive,52938.63,XCD
Barbara,Cunningham,bcunningham5p@stumbleupon.com,Azerbaijan,Female,Lankaran,Brainsphere,96413.99,AZN
Kevin,Flores,kflores5q@imageshack.us,Pakistan,Male,Faqīrwāli,Voonyx,60197.67,PKR
Phillip,Matthews,pmatthews5r@freewebs.com,United States,Male,Arlington,Trudeo,85939.40,USD
Anthony,Lawson,alawson5s@apple.com,Poland,Male,Przemęt,Skiba,868.92,PLN
John,Berry,jberry5t@dell.com,Malaysia,Male,Kota Kinabalu,Mydo,53478.03,MYR
Paul,Reid,preid5u@scientificamerican.com,Philippines,Male,Lunen,Blogspan,84913.74,PHP
Shirley,Mitchell,smitchell5v@yahoo.co.jp,Finland,Female,Harjavalta,Thoughtstorm,38799.64,EUR
Keith,Medina,kmedina5w@nyu.edu,Ecuador,Male,Zamora,Riffpedia,3523.83,USD
George,Hicks,ghicks5x@springer.com,China,Male,Heimahe,Avaveo,90399.66,CNY
Doris,Gutierrez,dgutierrez5y@sfgate.com,United States,Female,Grand Junction,Youspan,46775.27,USD
Beverly,Allen,ballen5z@boston.com,Argentina,Female,Quilino,Photospace,,ARS
Terry,Carroll,tcarroll60@hp.com,Honduras,Male,Agua Fría,Einti,11231.10,HNL
Phyllis,Russell,prussell61@i2i.jp,Azerbaijan,Female,Zaqatala,Yodoo,53471.88,AZN
Paul,Marshall,pmarshall62@bluehost.com,China,Male,Nanhe,Youbridge,9910.17,CNY
Gloria,Oliver,goliver63@army.mil,Brazil,Female,Morrinhos,Brainverse,41128.31,BRL
Jessica,Gibson,jgibson64@apache.org,Indonesia,Female,Karangboyo,Zoomcast,27306.18,IDR
Jose,Lee,jlee65@uol.com.br,Germany,Male,Reutlingen,Browsecat,56862.04,EUR
Heather,Diaz,hdiaz66@mit.edu,Honduras,Female,Potrerillos,Voonyx,39085.94,HNL
Maria,Washington,mwashington67@blogtalkradio.com,Nigeria,Female,Panyam,Avavee,1406.75,NGN
Jerry,Shaw,jshaw68@admin.ch,Czech Republic,Male,Jablonec nad Nisou,Oyoba,80409.07,CZK
Jerry,Hudson,jhudson69@devhub.com,Sweden,Male,Örebro,Meembee,85017.32,SEK
Edward,Nichols,enichols6a@indiegogo.com,Germany,Male,Hamburg,Tekfly,39655.46,EUR
Ruth,Moore,rmoore6b@howstuffworks.com,Cyprus,Female,Émpa,Shufflester,36025.27,EUR
Angela,Sims,asims6c@livejournal.com,Philippines,Female,Tudela,Eimbee,49156.50,PHP
Jack,Ward,jward6d@discovery.com,Iraq,Male,Sīnah,Katz,82208.39,IQD
Sharon,Sanchez,ssanchez6e@yandex.ru,Honduras,Female,Bálsamo Oriental,Blogtags,16770.89,HNL
Kenneth,Ramos,kramos6f@nyu.edu,Latvia,Male,Ragana,Rhyloo,37787.02,EUR
Victor,Pierce,vpierce6g@harvard.edu,Sweden,Male,Onsala,Riffpedia,73279.14,SEK
Sandra,Nelson,snelson6h@earthlink.net,Sweden,Female,Ängelholm,Muxo,2865.63,SEK
Norma,Harvey,nharvey6i@discuz.net,France,Female,Nice,Skipfire,76402.84,EUR
George,Romero,gromero6j@indiegogo.com,South Africa,Male,Westonaria,Jabbercube,33888.90,ZAR
Edward,Carter,ecarter6k@forbes.com,Angola,Male,N’dalatando,Meezzy,75598.54,AOA
Catherine,Diaz,cdiaz6l@flickr.com,Philippines,Female,Santa Ana,Quimba,,PHP
Ann,Mccoy,amccoy6m@slashdot.org,France,Female,Fresnes,Talane,22791.56,EUR
Harold,Jenkins,hjenkins6n@rediff.com,Bulgaria,Male,Kaolinovo,Trilith,10648.68,BGN
Barbara,Cole,bcole6o@symantec.com,China,Female,Xuwei,Jatri,75780.94,CNY
Ann,Riley,ariley6p@w3.org,Indonesia,Female,Kototujuh,Mudo,20589.30,IDR
Joyce,Hawkins,jhawkins6q@slate.com,United States,Female,San Jose,Meembee,,USD
Kimberly,Morales,kmorales6r@wikipedia.org,Russia,Female,Yëlkino,Skippad,29485.67,RUB
Jeffrey,Robertson,jrobertson6s@nymag.com,Indonesia,Male,Batuna Satu,Mydo,52217.91,IDR
Ernest,Jacobs,ejacobs6t@vinaora.com,Belarus,Male,Veyno,Innotype,56619.96,BYR
Edward,Elliott,eelliott6u@who.int,Russia,Male,Ivanovskoye,Eimbee,43401.72,RUB
Michelle,Moreno,mmoreno6v@slideshare.net,Vietnam,Female,Phù Mỹ,Yakitri,68197.61,VND
Sarah,Ray,sray6w@ft.com,France,Female,Aix-en-Provence,Tagpad,67154.89,EUR
Antonio,Anderson,aanderson6x@cafepress.com,Mexico,Male,Vista Hermosa,Meezzy,26266.75,MXN
Beverly,Kennedy,bkennedy6y@barnesandnoble.com,China,Female,Silao,Abatz,9874.01,CNY
Lori,Castillo,lcastillo6z@blog.com,China,Female,Jiegan,Jabbercube,55187.06,CNY
Betty,Carter,bcarter70@baidu.com,Russia,Female,Mamedkala,Meevee,43289.91,RUB
Joan,Hamilton,jhamilton71@google.com,China,Female,Qiman,Tazzy,,CNY
Rebecca,Hart,rhart72@unesco.org,Indonesia,Female,Talok,LiveZ,74475.67,IDR
Nancy,Ramos,nramos73@businessinsider.com,Czech Republic,Female,Boskovice,Topiczoom,89066.29,CZK
Patrick,Powell,ppowell74@zimbio.com,Russia,Male,Shelabolikha,Jabbercube,59721.15,RUB
Ernest,Kim,ekim75@acquirethisname.com,China,Male,Daying,Oyondu,71241.53,CNY
Steve,Hawkins,shawkins76@ehow.com,China,Male,Wanjia,Gigashots,47056.33,CNY
Bonnie,Kim,bkim77@loc.gov,Poland,Female,Łubowo,Browsecat,,PLN
Jeremy,Hill,jhill78@biblegateway.com,Indonesia,Male,Amerta,Quinu,83803.19,IDR
Eric,Cook,ecook79@skype.com,Yemen,Male,Ḩadādah,Photofeed,85393.14,YER
Steven,Gonzales,sgonzales7a@goodreads.com,Czech Republic,Male,Dřiteň,Photojam,45530.50,CZK
Lois,Mason,lmason7b@jimdo.com,Indonesia,Female,Tutem,Flipbug,63539.20,IDR
Wayne,Scott,wscott7c@about.com,China,Male,Quanling,Innojam,95727.20,CNY
Frank,Simpson,fsimpson7d@illinois.edu,Finland,Male,Kortesjärvi,JumpXS,,EUR
Theresa,Lawrence,tlawrence7e@dailymotion.com,Kazakhstan,Female,Aksu,Photobug,80345.28,KZT
Julia,Matthews,jmatthews7f@bing.com,Russia,Female,Krasnogorodskoye,Livetube,36297.46,RUB
Laura,Bell,lbell7g@va.gov,Yemen,Female,Raşad,Mynte,35066.36,YER
Joseph,Crawford,jcrawford7h@fotki.com,China,Male,Duanshen,Eayo,68563.23,CNY
Lori,Clark,lclark7i@earthlink.net,Philippines,Female,Sabang,Roombo,87442.74,PHP
Jason,Hanson,jhanson7j@jigsy.com,Philippines,Male,Badian,Skyndu,81975.35,PHP
Dorothy,Hunter,dhunter7k@mashable.com,Ghana,Female,Medina Estates,Gabtype,44877.97,GHS
Anthony,Morrison,amorrison7l@baidu.com,China,Male,Zhengwan,Shuffletag,25315.28,CNY
Fred,Wells,fwells7m@woothemes.com,China,Male,Xinbao,Dablist,60699.93,CNY
Jerry,Fields,jfields7n@bigcartel.com,Indonesia,Male,Kambatatamakawu,Bluezoom,,IDR
Donna,Peterson,dpeterson7o@ihg.com,Russia,Female,Voskresensk,Bubbletube,93983.28,RUB
Karen,Murphy,kmurphy7p@princeton.edu,Poland,Female,Suchedniów,Quimba,82699.13,PLN
Stephanie,Henderson,shenderson7q@imageshack.us,Norway,Female,Oslo,Miboo,36313.45,NOK
Ruth,Ray,rray7r@studiopress.com,China,Female,Lianghu,Tagcat,60710.07,CNY
Teresa,Barnes,tbarnes7s@technorati.com,Guatemala,Female,Guanagazapa,Skinix,85776.28,GTQ
Julia,Reynolds,jreynolds7t@chicagotribune.com,Indonesia,Female,Kuwumkumambal,Twimm,12450.46,IDR
Patrick,Perry,pperry7u@independent.co.uk,China,Male,Qianqiao,Edgepulse,96801.19,CNY
Jane,Pierce,jpierce7v@unesco.org,Syria,Female,Ma‘dān,Talane,72073.93,SYP
Judith,Woods,jwoods7w@privacy.gov.au,Indonesia,Female,Muruni,Youbridge,26854.26,IDR
Phillip,Nelson,pnelson7x@dell.com,France,Male,Amiens,Wikido,89116.64,EUR
Brian,Hughes,bhughes7y@mac.com,Colombia,Male,San Francisco,Edgetag,65121.56,COP
Steve,Morris,smorris7z@independent.co.uk,China,Male,Amgalang,Youtags,5160.56,CNY
Tina,Gray,tgray80@sbwire.com,South Korea,Female,Hwawŏn,Fatz,3570.14,KRW
Joseph,Schmidt,jschmidt81@prweb.com,Hungary,Male,Pápa,Flipstorm,76640.83,HUF
Betty,Harrison,bharrison82@elpais.com,China,Female,Tiecun,Dynava,10504.10,CNY
Rachel,Moore,rmoore83@indiegogo.com,Argentina,Female,Las Junturas,Kare,82856.55,ARS
Stephen,Dixon,sdixon84@istockphoto.com,Malaysia,Male,Alor Star,Voomm,,MYR
Susan,Freeman,sfreeman85@ibm.com,Indonesia,Female,Barengkok,Browsebug,26699.07,IDR
Kevin,Ferguson,kferguson86@phpbb.com,Brazil,Male,Itamarandiba,Avaveo,36728.14,BRL
Eugene,Wheeler,ewheeler87@spotify.com,Ukraine,Male,Novyy Svit,Voonix,94024.28,UAH
Michelle,Martin,mmartin88@pinterest.com,Armenia,Female,Zhdanov,Blogpad,22925.97,AMD
Harold,Stone,hstone89@wordpress.com,Philippines,Male,Lopez Jaena,Jabberstorm,97212.70,PHP
Michelle,Shaw,mshaw8a@list-manage.com,Czech Republic,Female,Hudlice,Eire,31509.85,CZK
Bruce,Alvarez,balvarez8b@flavors.me,United States,Male,Dearborn,Thoughtmix,25125.49,USD
Charles,Mendoza,cmendoza8c@smh.com.au,Sweden,Male,Karlskoga,Camido,81170.35,SEK
Annie,Fox,afox8d@youtu.be,Ukraine,Female,Vinnytsya,Quinu,38309.77,UAH
Sara,Andrews,sandrews8e@forbes.com,Poland,Female,Kąty Wrocławskie,Realpoint,94473.82,PLN
Larry,Gomez,lgomez8f@marriott.com,China,Male,Xushangqiao,Ainyx,6236.31,CNY
Diane,Carr,dcarr8g@cnet.com,Brazil,Female,Itapagé,Yabox,56860.26,BRL
Margaret,Ford,mford8h@google.com.br,Greece,Female,Katoúna,Gabcube,13086.80,EUR
Michael,Ray,mray8i@ning.com,China,Male,Xichang,Zooxo,38505.11,CNY
Jerry,Jones,jjones8j@engadget.com,China,Male,Qingshan,Skilith,11514.57,CNY
Frank,Black,fblack8k@vistaprint.com,China,Male,Dafang,Bubblebox,12566.52,CNY
Louis,Walker,lwalker8l@senate.gov,Japan,Male,Sakai-nakajima,Jaxbean,16621.41,JPY
Beverly,Garza,bgarza8m@youtu.be,Russia,Female,Suvorov,Riffpedia,72918.05,RUB
Ernest,Warren,ewarren8n@home.pl,Ukraine,Male,Orikhiv,Flashpoint,2969.66,UAH
Paula,Gomez,pgomez8o@dedecms.com,Peru,Female,Casma,Chatterbridge,45275.54,PEN
Sarah,Jackson,sjackson8p@istockphoto.com,Sweden,Female,Älvsbyn,Yoveo,91454.29,SEK
Janet,Gray,jgray8q@aboutads.info,Indonesia,Female,Saripin,Meezzy,,IDR
George,Jenkins,gjenkins8r@vkontakte.ru,Poland,Male,Nysa,Feedspan,62867.83,PLN
Janice,Weaver,jweaver8s@huffingtonpost.com,China,Female,Hengli,Dynava,87167.92,CNY
Bobby,Graham,bgraham8t@lulu.com,Portugal,Male,São Tomé,Rhybox,,EUR
Harry,Edwards,hedwards8u@oaic.gov.au,China,Male,Changping,Wordtune,34218.68,CNY
Johnny,Hunt,jhunt8v@utexas.edu,Kuwait,Male,Al Faḩāḩīl,Wordware,50187.21,KWD
Johnny,Nelson,jnelson8w@globo.com,Philippines,Male,Mercedes,Dablist,39384.21,PHP
Norma,Peters,npeters8x@mediafire.com,Bosnia and Herzegovina,Female,Maslovare,Yodo,70139.44,BAM
Michael,Larson,mlarson8y@walmart.com,Panama,Male,San Miguelito,Kare,72644.82,PAB
Irene,Taylor,itaylor8z@g.co,Russia,Female,Pokrovskoye,Rhybox,63434.87,RUB
Donald,Dunn,ddunn90@scribd.com,Indonesia,Male,Pendolo,Quinu,45991.48,IDR
Charles,Simmons,csimmons91@princeton.edu,Uganda,Male,Ngora,Buzzbean,77828.69,UGX
Carol,Stone,cstone92@nbcnews.com,Serbia,Female,Gornji Breg,Jabbertype,54314.02,RSD
Roy,Richards,rrichards93@goodreads.com,Germany,Male,Essen,Skynoodle,45427.21,EUR
Judy,Powell,jpowell94@homestead.com,Portugal,Female,São Mateus,Kaymbo,24922.29,EUR
Katherine,Castillo,kcastillo95@chicagotribune.com,Finland,Female,Utajärvi,Twitterlist,,EUR
Louis,Bennett,lbennett96@a8.net,Palestinian Territory,Male,‘Awartā,Pixonyx,49271.31,ILS
Carl,Reyes,creyes97@ocn.ne.jp,Montenegro,Male,Mojkovac,Wikivu,27134.98,EUR
Fred,Burton,fburton98@addthis.com,Portugal,Male,Chãos,Tagchat,13588.73,EUR
Cynthia,Fisher,cfisher99@hatena.ne.jp,Indonesia,Female,Ciputat,Skaboo,50265.63,IDR
Frances,Kennedy,fkennedy9a@webnode.com,Palestinian Territory,Female,Bayt Qād,Dabfeed,83909.00,ILS
Richard,Mccoy,rmccoy9b@clickbank.net,Brazil,Male,Cametá,Kwideo,29445.99,BRL
Carl,Simpson,csimpson9c@people.com.cn,Ethiopia,Male,Felege Neway,Realpoint,,ETB
John,Nguyen,jnguyen9d@nhs.uk,Indonesia,Male,Mentaraman Satu,Dazzlesphere,,IDR
Jerry,Bryant,jbryant9e@accuweather.com,Egypt,Male,Bilqās,Dabfeed,,EGP
Charles,Schmidt,cschmidt9f@businessinsider.com,Indonesia,Male,Girihieum,Realcube,9007.10,IDR
Clarence,Ramirez,cramirez9g@hibu.com,Libya,Male,Al Jawf,LiveZ,41606.70,LYD
Jonathan,Collins,jcollins9h@japanpost.jp,Sri Lanka,Male,Puttalam,Dabjam,88785.95,LKR
Christine,Andrews,candrews9i@photobucket.com,Philippines,Female,Feliciano,Blogtag,12316.77,PHP
Terry,Austin,taustin9j@google.com,Slovenia,Male,Videm pri Ptuju,Rhyzio,61367.80,EUR
Jerry,Reed,jreed9k@sfgate.com,Russia,Male,Nizhnyaya Tura,Buzzdog,,RUB
Ruth,Romero,rromero9l@wikia.com,Indonesia,Female,Gapuk,Quinu,5206.37,IDR
Jesse,Turner,jturner9m@goodreads.com,Sweden,Male,Stockholm,Leenti,96900.21,SEK
Marie,Shaw,mshaw9n@wunderground.com,China,Female,Sanjiang,Devpoint,7082.18,CNY
Mark,Lewis,mlewis9o@bing.com,China,Male,Heshi,Meevee,,CNY
Diane,Freeman,dfreeman9p@ameblo.jp,Democratic Republic of the Congo,Female,Gbadolite,Latz,59456.59,CDF
Philip,Taylor,ptaylor9q@diigo.com,France,Male,Angoulême,Vimbo,17611.33,EUR
Dennis,Martinez,dmartinez9r@de.vu,Philippines,Male,Bayombong,Thoughtworks,97672.16,PHP
Joseph,Lewis,jlewis9s@dailymail.co.uk,Armenia,Male,Hats’avan,Fiveclub,52835.93,AMD
Brenda,Kelly,bkelly9t@opensource.org,Russia,Female,Klimovsk,Ntag,26191.59,RUB
Brenda,Moore,bmoore9u@cpanel.net,Thailand,Female,Kut Chap,Skinix,,THB
Howard,Stanley,hstanley9v@purevolume.com,French Polynesia,Male,Arue,Twitternation,22274.65,XPF
David,Howell,dhowell9w@yahoo.com,Bangladesh,Male,Jhingergācha,Twinte,40481.13,BDT
Jean,Murphy,jmurphy9x@google.es,Kyrgyzstan,Female,Ala-Buka,Wikivu,93667.33,KGS
Lisa,Morales,lmorales9y@state.tx.us,China,Female,Longquan,Kanoodle,27953.71,CNY
Gloria,Alexander,galexander9z@telegraph.co.uk,Indonesia,Female,Tebingtinggi,Vinder,49505.26,IDR
Ernest,Olson,eolsona0@youtu.be,Indonesia,Male,Jetis,Kwinu,92167.26,IDR
Ashley,Lawrence,alawrencea1@geocities.com,Laos,Female,Mounlapamôk,Feedfish,81660.28,LAK
Teresa,Cook,tcooka2@reference.com,Colombia,Female,Circasia,Dynava,70327.51,COP
Elizabeth,Jones,ejonesa3@trellian.com,China,Female,Longtang,Vinte,90456.89,CNY
Patrick,Simpson,psimpsona4@yellowbook.com,South Sudan,Male,Tambura,Tanoodle,51946.16,SSP
Julia,Sullivan,jsullivana5@hp.com,United States,Female,Burbank,Fliptune,,USD
Anne,Phillips,aphillipsa6@narod.ru,China,Female,Taiyuan,Demivee,38927.66,CNY
Mary,Diaz,mdiaza7@zdnet.com,Canada,Female,Oliver,Skyvu,,CAD
Jose,Parker,jparkera8@telegraph.co.uk,China,Male,Lian’an,Rhynyx,48299.48,CNY
Daniel,Young,dyounga9@forbes.com,Colombia,Male,Puerto Parra,Edgepulse,68972.90,COP
Susan,Hansen,shansenaa@acquirethisname.com,Brazil,Female,Tabira,Flipstorm,42222.82,BRL
Tammy,Cruz,tcruzab@nps.gov,Brazil,Female,Guarujá,Oba,50639.87,BRL
Jose,Dunn,jdunnac@oakley.com,China,Male,Jinhui,Skyndu,35586.07,CNY
Anna,Phillips,aphillipsad@google.ca,Sweden,Female,Skövde,Zooveo,22315.29,SEK
Angela,Lee,aleeae@europa.eu,Philippines,Female,Jandayan,Dazzlesphere,10912.72,PHP
Diana,Evans,devansaf@exblog.jp,Greenland,Female,Nuuk,Blognation,,DKK
Scott,Sanchez,ssanchezag@constantcontact.com,Brazil,Male,Aracruz,Skyvu,81952.65,BRL
Craig,Kelly,ckellyah@ovh.net,Philippines,Male,Samboan,Plambee,39760.83,PHP
Patrick,Butler,pbutlerai@a8.net,China,Male,Daguo,Dabshots,67752.47,CNY
Alice,Cooper,acooperaj@sina.com.cn,Russia,Female,Bessonovka,Divape,80524.49,RUB
Patrick,Hughes,phughesak@sina.com.cn,China,Male,Awat,Rhynyx,15445.23,CNY
Stephen,Carpenter,scarpenteral@adobe.com,Philippines,Male,Bacuyangan,Abatz,22443.58,PHP
Julia,Smith,jsmitham@psu.edu,China,Female,Shuangyuan,Muxo,40338.51,CNY
Brian,Fisher,bfisheran@liveinternet.ru,China,Male,Lüyang,Skyvu,68940.50,CNY
Steven,Baker,sbakerao@upenn.edu,Czech Republic,Male,Březová,Avamm,93057.29,CZK
Billy,Rose,broseap@mac.com,Philippines,Male,Rebe,Einti,19197.85,PHP
Robin,Fowler,rfowleraq@imageshack.us,Indonesia,Female,Ciranca,Divanoodle,,IDR
Brian,Perez,bperezar@xrea.com,Germany,Male,Mülheim an der Ruhr,Dabvine,86922.09,EUR
Norma,Turner,nturneras@dot.gov,Indonesia,Female,Medang,Abata,17717.52,IDR
Virginia,Gordon,vgordonat@google.com.hk,United States,Female,Anniston,Skibox,41516.56,USD
Samuel,Smith,ssmithau@360.cn,Indonesia,Male,Jembe Timur,Yadel,1925.57,IDR
Frank,Williams,fwilliamsav@mashable.com,Greece,Male,Portariá,Quimba,69152.36,EUR
Deborah,Howard,dhowardaw@prnewswire.com,Colombia,Female,Plato,Skyndu,1423.37,COP
Christine,Marshall,cmarshallax@wix.com,Ethiopia,Female,K’olīto,Oyondu,58249.64,ETB
Antonio,Parker,aparkeray@t-online.de,Yemen,Male,Jiḩānah,Brainsphere,16811.37,YER
Barbara,Welch,bwelchaz@foxnews.com,Indonesia,Female,Sinargalih,Twitterworks,27998.17,IDR
Ryan,Dean,rdeanb0@sphinn.com,Argentina,Male,Villa Ocampo,Meevee,89313.81,ARS
Gloria,Rivera,griverab1@paypal.com,Madagascar,Female,Maroantsetra,Shuffledrive,65470.24,MGA
Christine,Davis,cdavisb2@google.nl,France,Female,Toulouse,Voomm,77573.75,EUR
Marie,Watson,mwatsonb3@blogs.com,Uruguay,Female,Rafael Perazza,Kayveo,42528.85,UYU
Robert,Wells,rwellsb4@nps.gov,Comoros,Male,Sima,Npath,12502.14,KMF
Sharon,Sanders,ssandersb5@e-recht24.de,Sudan,Female,El Bauga,Kwideo,39171.20,SDG
Lillian,Peterson,lpetersonb6@ucsd.edu,Greece,Female,Lávara,Feedfire,32397.92,EUR
Lillian,Meyer,lmeyerb7@state.tx.us,Japan,Female,Ueno,Shufflester,,JPY
Bonnie,Howell,bhowellb8@ameblo.jp,Russia,Female,Novyy Oskol,Ozu,15613.71,RUB
Larry,Robertson,lrobertsonb9@bing.com,Japan,Male,Tochigi,Podcat,50170.13,JPY
Gloria,Stephens,gstephensba@ox.ac.uk,Greece,Female,Examília,Fanoodle,41827.43,EUR
Phillip,Ryan,pryanbb@tuttocitta.it,Indonesia,Male,Patapan,Dynabox,96803.12,IDR
Juan,Gibson,jgibsonbc@bbb.org,Portugal,Male,Pedome,Babbleset,64962.78,EUR
John,Wilson,jwilsonbd@nature.com,Indonesia,Male,Tualeu,Edgepulse,35085.16,IDR
Nancy,Boyd,nboydbe@google.ru,Egypt,Female,Maţāy,Kamba,,EGP
Mark,Watkins,mwatkinsbf@usnews.com,Indonesia,Male,Sungaimaja,Cogibox,31866.27,IDR
Roger,Ramirez,rramirezbg@odnoklassniki.ru,Japan,Male,Ōmachi,Quimm,40284.29,JPY
Charles,Olson,colsonbh@walmart.com,Venezuela,Male,San Fernando de Atabapo,Trunyx,77782.56,VEF
Anne,Hernandez,ahernandezbi@blog.com,Colombia,Female,Sampués,Centidel,81258.81,COP
Carolyn,Hanson,chansonbj@altervista.org,Thailand,Female,Khao Yoi,Blogpad,97833.05,THB
Diana,Fernandez,dfernandezbk@wsj.com,China,Female,Huotong,Zooxo,83360.69,CNY
Eric,Bennett,ebennettbl@seesaa.net,Tunisia,Male,Zarzis,Innotype,65599.14,TND
Timothy,King,tkingbm@wp.com,Indonesia,Male,Wonorejo,Browsezoom,45187.12,IDR
Antonio,Harris,aharrisbn@mail.ru,China,Male,Hexi,Babbleset,61847.50,CNY
Karen,Morgan,kmorganbo@rakuten.co.jp,Guatemala,Female,San Miguel Chicaj,Divavu,80526.28,GTQ
Jerry,Jordan,jjordanbp@arizona.edu,Guatemala,Male,Santa María Ixhuatán,Camido,79676.18,GTQ
Louis,Spencer,lspencerbq@e-recht24.de,Greece,Male,Fteliá,Plambee,,EUR
Christopher,Hart,chartbr@hibu.com,Argentina,Male,Brinkmann,Mita,89750.93,ARS
William,Shaw,wshawbs@gravatar.com,Morocco,Male,Selouane,Voonix,89257.80,MAD
Jimmy,Elliott,jelliottbt@ed.gov,Russia,Male,Primorsko-Akhtarsk,Topicblab,86322.19,RUB
Jerry,Palmer,jpalmerbu@t-online.de,Poland,Male,Skoczów,Zazio,,PLN
Bobby,Nichols,bnicholsbv@squidoo.com,China,Male,Qilin,Mybuzz,44710.47,CNY
Victor,Nichols,vnicholsbw@mapquest.com,Indonesia,Male,Kuala Baru,Browsebug,96988.62,IDR
Wanda,Peters,wpetersbx@behance.net,Peru,Female,Végueta,Vipe,64660.17,PEN
Mark,Long,mlongby@prlog.org,Russia,Male,Kantemirovka,Shuffletag,86088.35,RUB
Alice,Griffin,agriffinbz@gnu.org,Indonesia,Female,Pulau Tiga,Plambee,74991.21,IDR
Patricia,Price,ppricec0@arstechnica.com,China,Female,Yanzhou,Voonte,73743.09,CNY
Lois,Reid,lreidc1@webs.com,Philippines,Female,Tariji,Omba,9641.71,PHP
Nicole,Campbell,ncampbellc2@privacy.gov.au,Peru,Female,Acolla,Buzzdog,17493.18,PEN
Raymond,Robinson,rrobinsonc3@sitemeter.com,Ukraine,Male,Apostolove,Wikibox,75753.02,UAH
Linda,Carr,lcarrc4@arstechnica.com,Indonesia,Female,Sendangagung,Dablist,52529.81,IDR
Paula,Scott,pscottc5@wp.com,Indonesia,Female,Pakong,Bubblebox,63851.77,IDR
Donna,Turner,dturnerc6@bizjournals.com,Indonesia,Female,Jenamas,Feedmix,99444.52,IDR
Nicole,Mcdonald,nmcdonaldc7@moonfruit.com,Vietnam,Female,Phú Khương,Twitterbeat,68757.17,VND
Aaron,Ortiz,aortizc8@t.co,Poland,Male,Daleszyce,Thoughtstorm,44713.20,PLN
Bonnie,Thompson,bthompsonc9@scientificamerican.com,Portugal,Female,Castelo,Skaboo,63104.29,EUR
Eugene,Welch,ewelchca@over-blog.com,China,Male,Xiema,Zoomlounge,92878.50,CNY
Kimberly,Reid,kreidcb@ted.com,Jamaica,Female,Maggotty,Abatz,28663.35,JMD
Julia,Perez,jperezcc@pinterest.com,Estonia,Female,Turba,Abata,98795.61,EUR
Billy,Rice,bricecd@psu.edu,Georgia,Male,Qvareli,Zooxo,40289.30,GEL
Walter,Jenkins,wjenkinsce@unc.edu,Philippines,Male,Danao,Riffwire,,PHP
Joshua,Rogers,jrogerscf@geocities.com,China,Male,Hushan,Fivebridge,44554.43,CNY
Benjamin,Lynch,blynchcg@hp.com,Indonesia,Male,Suwalan,Youspan,46994.96,IDR
Brian,Hawkins,bhawkinsch@github.com,Republic of the Congo,Male,Madingou,Oloo,92294.98,XAF
Kelly,Chavez,kchavezci@nhs.uk,Finland,Female,Tammela,Brainbox,80717.23,EUR
Wayne,Stephens,wstephenscj@bbc.co.uk,Philippines,Male,El Pardo,Wikido,80920.37,PHP
Cheryl,Walker,cwalkerck@chronoengine.com,Indonesia,Female,Cikeusal,Livetube,,IDR
Gary,Wilson,gwilsoncl@live.com,Russia,Male,Zamoskvorech’ye,Babbleopia,88355.69,RUB
Aaron,Lynch,alynchcm@ehow.com,Mayotte,Male,Ouangani,Skinder,33666.50,EUR
Martin,Watkins,mwatkinscn@pinterest.com,Brazil,Male,Atalaia,Edgeblab,67781.37,BRL
Debra,Gutierrez,dgutierrezco@homestead.com,Cape Verde,Female,Ribeira Grande,Photobug,,CVE
Scott,Hill,shillcp@dropbox.com,Russia,Male,Staraya Toropa,Rhynyx,18135.97,RUB
Norma,Perez,nperezcq@reuters.com,China,Female,Balbagay,Jabbertype,22959.98,CNY
Kevin,Griffin,kgriffincr@blogger.com,Sweden,Male,Lidingö,Plambee,50449.29,SEK
Pamela,Turner,pturnercs@rambler.ru,Poland,Female,Siemiechów,Cogilith,88162.93,PLN
Angela,Hughes,ahughesct@linkedin.com,China,Female,Liujia,Livetube,14232.32,CNY
Patricia,Palmer,ppalmercu@oracle.com,France,Female,Ajaccio,Fatz,55517.46,EUR
Jennifer,Hawkins,jhawkinscv@netlog.com,China,Female,Wangzuizi,Katz,95630.05,CNY
Ernest,Anderson,eandersoncw@github.io,Russia,Male,Zhukovo,Tavu,23775.77,RUB
Jennifer,Hill,jhillcx@facebook.com,Democratic Republic of the Congo,Female,Bulungu,Skyvu,17302.68,CDF
Samuel,Brooks,sbrookscy@upenn.edu,Portugal,Male,Fajã de Cima,Einti,94182.71,EUR
Gregory,Richardson,grichardsoncz@amazonaws.com,Egypt,Male,Idfu,Tagchat,26890.14,EGP
George,Lawrence,glawrenced0@shinystat.com,China,Male,Maoya,Feednation,23817.59,CNY
Gerald,Mendoza,gmendozad1@deliciousdays.com,Peru,Male,Ayabaca,Feedfish,,PEN
Ronald,Andrews,randrewsd2@chicagotribune.com,Indonesia,Male,Pamanukan,Agivu,11312.12,IDR
Sharon,Stewart,sstewartd3@oracle.com,Sweden,Female,Trollhättan,BlogXS,,SEK
Jeffrey,Adams,jadamsd4@de.vu,Portugal,Male,Macinhata da Seixa,Skidoo,45416.39,EUR
Tammy,Thomas,tthomasd5@soundcloud.com,Iran,Female,Gorgān,Kwimbee,45634.25,IRR
Scott,Stone,sstoned6@lycos.com,France,Male,Bagnolet,Oyondu,7879.23,EUR
Joseph,Howell,jhowelld7@yandex.ru,Czech Republic,Male,Krásná Lípa,Thoughtsphere,11575.82,CZK
Katherine,Cox,kcoxd8@list-manage.com,Canada,Female,Vanderhoof,Lajo,75835.45,CAD
Robert,Peters,rpetersd9@hao123.com,Brazil,Male,Goiatuba,Jaxworks,53527.08,BRL
Patrick,Thomas,pthomasda@google.fr,Colombia,Male,Nóvita,Thoughtmix,86776.87,COP
Stephen,Bradley,sbradleydb@kickstarter.com,Portugal,Male,Roliça,Ntag,75631.54,EUR
Rebecca,Smith,rsmithdc@cmu.edu,China,Female,Jinshan,Mynte,60527.67,CNY
Joan,Shaw,jshawdd@sbwire.com,Nigeria,Female,Gamawa,Brightbean,1321.73,NGN
Dennis,Baker,dbakerde@fda.gov,Ukraine,Male,Rakiv Lis,Yombu,36799.89,UAH
Jason,Jordan,jjordandf@usgs.gov,Russia,Male,Perelyub,Mybuzz,18421.81,RUB
Kathleen,Clark,kclarkdg@npr.org,Indonesia,Female,Ringinrejo,Jaxbean,,IDR
Wayne,Baker,wbakerdh@list-manage.com,Sweden,Male,Kungsbacka,Devbug,1346.92,SEK
Phyllis,Cooper,pcooperdi@squarespace.com,Hungary,Female,Budapest,Twiyo,5524.52,HUF
Stephanie,Peters,spetersdj@wp.com,Panama,Female,Capira,Kwimbee,9705.81,PAB
Cynthia,Stephens,cstephensdk@yahoo.co.jp,Russia,Female,Sel’tso,Demimbu,60397.79,RUB
Terry,Chavez,tchavezdl@tripod.com,Bolivia,Male,Trinidad,Jaxworks,82951.52,BOB
Sandra,Miller,smillerdm@nature.com,Japan,Female,Obita,Skyble,94035.99,JPY
Susan,Edwards,sedwardsdn@tinypic.com,Guatemala,Female,Santa María Ixhuatán,Viva,82870.57,GTQ
Jacqueline,Clark,jclarkdo@howstuffworks.com,Indonesia,Female,Sumber,InnoZ,96310.24,IDR
Jimmy,Ray,jraydp@dagondesign.com,Netherlands,Male,Leeuwarden,Mydo,26770.17,EUR
Jose,Sullivan,jsullivandq@hatena.ne.jp,Bulgaria,Male,Lyubimets,Roombo,20603.32,BGN
Melissa,Lawson,mlawsondr@wp.com,Nigeria,Female,Kaduna,Camido,13730.88,NGN
Eugene,Long,elongds@hugedomains.com,Morocco,Male,Tabia,Myworks,19288.74,MAD
Roger,Williams,rwilliamsdt@nih.gov,Russia,Male,Dzerzhinsk,Youopia,16122.11,RUB
Margaret,Hunt,mhuntdu@mail.ru,Kiribati,Female,Temaiku Village,Thoughtworks,20053.90,AUD
Chris,Richards,crichardsdv@barnesandnoble.com,China,Male,Xinzheng,Fivebridge,45907.63,CNY
Willie,Andrews,wandrewsdw@odnoklassniki.ru,France,Male,Lagnieu,Feedmix,67666.04,EUR
Gerald,Kelley,gkelleydx@jugem.jp,Portugal,Male,Sabugal,Photobug,27189.41,EUR
Joe,Bailey,jbaileydy@nyu.edu,Philippines,Male,Tapon,Thoughtworks,83255.41,PHP
William,Romero,wromerodz@china.com.cn,Japan,Male,Shin’ichi,Babblestorm,35944.51,JPY
Walter,Nguyen,wnguyene0@usa.gov,China,Male,Huafeng,Livepath,830.35,CNY
Patricia,Bailey,pbaileye1@thetimes.co.uk,Indonesia,Female,Ulee Gle,Kayveo,37057.91,IDR
Scott,Long,slonge2@smh.com.au,Venezuela,Male,Baruta,Skinder,57157.69,VEF
Ashley,Rodriguez,arodrigueze3@cbsnews.com,Azerbaijan,Female,Arıqıran,Topiclounge,90400.95,AZN
Judy,Ortiz,jortize4@samsung.com,China,Female,Lile,Meevee,41353.82,CNY
Heather,Oliver,holivere5@illinois.edu,Japan,Female,Bungo-Takada-shi,Quinu,23177.87,JPY
Jason,Wood,jwoode6@prlog.org,Malawi,Male,Blantyre,Twiyo,,MWK
Norma,Burke,nburkee7@state.tx.us,China,Female,Wushi,Dabshots,85402.16,CNY
Bonnie,Wilson,bwilsone8@sphinn.com,Indonesia,Female,Japerejo,Oyope,45033.95,IDR
Ann,Perkins,aperkinse9@adobe.com,Peru,Female,Magdalena,Babbleopia,35647.52,PEN
Justin,Hughes,jhughesea@google.it,Cuba,Male,Sagua la Grande,Tagopia,45127.62,CUP
Edward,Stone,estoneeb@fc2.com,Sweden,Male,Stocksund,Voomm,50132.75,SEK
Christine,Moreno,cmorenoec@homestead.com,Iran,Female,Javānrūd,Skyndu,53623.91,IRR
Christopher,Hamilton,chamiltoned@cisco.com,Philippines,Male,Maramag,Jaxbean,2902.01,PHP
Henry,Stephens,hstephensee@sitemeter.com,Russia,Male,Solnechnyy,Edgetag,99409.58,RUB
Donna,Garrett,dgarrettef@buzzfeed.com,San Marino,Female,Serravalle,Bubblebox,66655.49,EUR
Jesse,Simmons,jsimmonseg@seesaa.net,Jamaica,Male,Malvern,Meezzy,45997.73,JMD
Christine,Mason,cmasoneh@stanford.edu,China,Female,Alakak,Twitterbeat,71789.93,CNY
Dorothy,Reid,dreidei@dion.ne.jp,Czech Republic,Female,Moravský Krumlov,Feedbug,19874.60,CZK
Kevin,Gonzales,kgonzalesej@smh.com.au,China,Male,Guanghou,Yozio,68076.84,CNY
Walter,Rodriguez,wrodriguezek@epa.gov,France,Male,La Plaine-Saint-Denis,Fatz,411.84,EUR
Marilyn,Hall,mhallel@arstechnica.com,China,Female,Lutian,Abatz,17944.16,CNY
Jean,Porter,jporterem@fda.gov,China,Female,Guotan,Avavee,24499.20,CNY
Willie,Hart,wharten@studiopress.com,Greece,Male,Loutrá,Meetz,42262.05,EUR
Jeffrey,Cole,jcoleeo@scribd.com,Brazil,Male,Santarém,Wordware,87540.67,BRL
Jesse,Mitchell,jmitchellep@va.gov,Iran,Male,Naqadeh,Zoozzy,33371.33,IRR
Shirley,Morales,smoraleseq@ibm.com,Argentina,Female,Luján de Cuyo,Buzzdog,89990.23,ARS
Ryan,Stewart,rstewarter@google.com,Belize,Male,Punta Gorda,Jabbertype,2112.07,BZD
William,Washington,wwashingtones@chicagotribune.com,Indonesia,Male,Lewolen,Trudoo,60370.56,IDR
Raymond,Gonzales,rgonzaleset@163.com,Serbia,Male,Prigrevica,Oozz,,RSD
Lisa,Richards,lrichardseu@behance.net,China,Female,Lijiazui,Yodo,9131.49,CNY
Craig,Bell,cbellev@bing.com,Philippines,Male,Dapdap,Edgeclub,81405.99,PHP
Kimberly,Bishop,kbishopew@ehow.com,Russia,Female,Belogorsk,Vidoo,59012.45,RUB
Stephen,Reed,sreedex@homestead.com,France,Male,Chartres,Blogpad,4880.33,EUR
Lisa,Fisher,lfisherey@mac.com,Russia,Female,Tikhoretsk,Flashspan,26501.34,RUB
Terry,Walker,twalkerez@simplemachines.org,Mongolia,Male,Hüremt,Chatterpoint,4558.01,MNT
Harold,Olson,holsonf0@weibo.com,Israel,Male,Maghār,Shufflester,21452.25,ILS
Henry,Larson,hlarsonf1@e-recht24.de,China,Male,Lianghe,Muxo,69336.76,CNY
Kathleen,Vasquez,kvasquezf2@seattletimes.com,Canada,Female,Oxbow,Leexo,,CAD
Shawn,Ruiz,sruizf3@sourceforge.net,Poland,Male,Mrzeżyno,Abatz,24938.44,PLN
Raymond,Morrison,rmorrisonf4@g.co,Cyprus,Male,Paphos,Youspan,70885.34,EUR
Annie,Moore,amooref5@qq.com,Sweden,Female,Färjestaden,Wikibox,18494.03,SEK
Julie,Hansen,jhansenf6@naver.com,Croatia,Female,Njivice,Babbleopia,,HRK
Douglas,Jones,djonesf7@whitehouse.gov,France,Male,Saint-Fargeau-Ponthierry,Tagtune,74304.86,EUR
George,Dunn,gdunnf8@vimeo.com,Tajikistan,Male,Konsoy,Kamba,65778.25,TJS
Catherine,Wagner,cwagnerf9@va.gov,China,Female,Mabai,Roombo,9992.79,CNY
Carolyn,Olson,colsonfa@webs.com,Finland,Female,Yläne,Pixope,8575.25,EUR
Helen,Lewis,hlewisfb@engadget.com,Burkina Faso,Female,Sindou,Browseblab,3996.10,XOF
Christina,Nichols,cnicholsfc@reverbnation.com,China,Female,Touzao,Zooxo,1059.23,CNY
Albert,Williams,awilliamsfd@hao123.com,Brazil,Male,Cunha,Roombo,59973.87,BRL
Dorothy,George,dgeorgefe@woothemes.com,China,Female,Fangqiang,Photobug,9818.86,CNY
Donald,Williamson,dwilliamsonff@barnesandnoble.com,Georgia,Male,T’et’ri Tsqaro,Einti,86516.93,GEL
Gloria,Hart,ghartfg@youku.com,Indonesia,Female,Mojosari,Tagcat,96051.24,IDR
Randy,Stanley,rstanleyfh@amazon.co.uk,Lithuania,Male,Visaginas,Skibox,73272.62,LTL
Phyllis,Alvarez,palvarezfi@adobe.com,Poland,Female,Głogów Małopolski,Rooxo,,PLN
Pamela,Reynolds,preynoldsfj@techcrunch.com,Philippines,Female,San Rafael,Jazzy,55281.94,PHP
Eugene,Dean,edeanfk@tinyurl.com,Iran,Male,Jāsk,Browsetype,58448.35,IRR
Susan,Carpenter,scarpenterfl@newyorker.com,Sweden,Female,Asarum,Riffpedia,82434.62,SEK
Andrea,Flores,afloresfm@imgur.com,Philippines,Female,Tabogon,Wikido,79379.76,PHP
Kimberly,Davis,kdavisfn@comcast.net,China,Female,Zhenping Chengguanzhen,Trupe,63038.65,CNY
Debra,Fields,dfieldsfo@vk.com,Brazil,Female,Indaial,Livetube,55839.21,BRL
Adam,Thomas,athomasfp@wikimedia.org,China,Male,Huanghua,Centimia,90189.65,CNY
Lori,Wheeler,lwheelerfq@ft.com,Indonesia,Female,Sarangmeduro,Browsezoom,,IDR
Rose,Dixon,rdixonfr@ocn.ne.jp,Czech Republic,Female,Kovářská,Devpoint,51387.34,CZK
Ryan,Tucker,rtuckerfs@t-online.de,Thailand,Male,Ban Haet,Kwinu,4801.48,THB
Carlos,Kim,ckimft@linkedin.com,Azerbaijan,Male,Zaqatala,Zoovu,,AZN
Johnny,Lawrence,jlawrencefu@mediafire.com,China,Male,Chang’an,Kamba,70406.89,CNY
Donna,Berry,dberryfv@blogs.com,Indonesia,Female,Kalapagenep,Edgeify,78783.77,IDR
Jimmy,Burke,jburkefw@dyndns.org,China,Male,Longtian,Edgewire,84297.28,CNY
Andrew,Reynolds,areynoldsfx@purevolume.com,China,Male,Mulan,Tanoodle,3100.32,CNY
Bruce,Hansen,bhansenfy@scientificamerican.com,Armenia,Male,Jermuk,Buzzshare,6917.02,AMD
Emily,Romero,eromerofz@google.fr,Central African Republic,Female,Birao,Abata,43903.03,XAF
Jessica,Nguyen,jnguyeng0@mit.edu,Philippines,Female,Malaruhatan,Brainbox,15757.36,PHP
Wayne,Rivera,wriverag1@last.fm,Iran,Male,Varazqān,Bluezoom,87194.60,IRR
Jonathan,Campbell,jcampbellg2@furl.net,South Africa,Male,Tugela Ferry,Photospace,97133.02,ZAR
Frank,Price,fpriceg3@zdnet.com,Poland,Male,Międzyzdroje,Shufflester,65999.59,PLN
Juan,Bailey,jbaileyg4@yolasite.com,Syria,Male,Damascus,Topdrive,22074.02,SYP
Jeffrey,Kim,jkimg5@digg.com,France,Male,Sophia Antipolis,Zoomzone,72147.50,EUR
Chris,Williamson,cwilliamsong6@scientificamerican.com,United States,Male,Cincinnati,Trudeo,80193.87,USD
Maria,Nguyen,mnguyeng7@tinypic.com,France,Female,Tours,Innotype,48479.96,EUR
Antonio,Miller,amillerg8@linkedin.com,Poland,Male,Dłutów,Thoughtbridge,98287.72,PLN
Jeremy,Flores,jfloresg9@ebay.com,Russia,Male,Tosno,Fadeo,,RUB
Timothy,Carr,tcarrga@reference.com,China,Male,Chengnan,Skyvu,,CNY
Steven,Porter,sportergb@upenn.edu,Brazil,Male,Mendes,Gigaclub,8702.75,BRL
Edward,Dixon,edixongc@cargocollective.com,Indonesia,Male,Pandanrejokrajan,Twitterwire,18637.08,IDR
Emily,Shaw,eshawgd@eventbrite.com,Poland,Female,Paradyż,Zoonder,94026.78,PLN
Phyllis,King,pkingge@mac.com,Thailand,Female,Khlong Sam Wa,Mynte,17993.77,THB
Kathy,Patterson,kpattersongf@vistaprint.com,Morocco,Female,Sidi Amar,Meevee,73833.99,MAD
Jennifer,Harris,jharrisgg@chicagotribune.com,Ukraine,Female,Mukacheve,Riffpedia,79138.07,UAH
Nicholas,Gilbert,ngilbertgh@hugedomains.com,China,Male,Yahe,Agimba,58146.73,CNY
Rebecca,Edwards,redwardsgi@vimeo.com,Philippines,Female,Mabalacat,Ozu,86707.31,PHP
Victor,Rose,vrosegj@slashdot.org,Chile,Male,Santa Cruz,Skibox,,CLP
Bruce,Bell,bbellgk@nymag.com,China,Male,Nanmuping,Jabbersphere,92251.72,CNY
Douglas,Gomez,dgomezgl@techcrunch.com,Russia,Male,Maykor,Twinder,92293.10,RUB
Benjamin,Roberts,brobertsgm@chron.com,Peru,Male,Curpahuasi,Zoomcast,,PEN
Kathy,Flores,kfloresgn@shop-pro.jp,United States,Female,Fresno,DabZ,,USD
Rebecca,Berry,rberrygo@skyrock.com,Latvia,Female,Ainaži,Thoughtstorm,67182.22,EUR
David,West,dwestgp@blogger.com,China,Male,Jiaoqiao,Quatz,41756.46,CNY
Nancy,Carr,ncarrgq@twitter.com,Russia,Female,Vnukovo,Skiba,14899.10,RUB
Janice,Riley,jrileygr@who.int,Russia,Female,Sokol’niki,Oozz,90379.68,RUB
David,Riley,drileygs@soup.io,Greece,Male,Palaiópyrgos,Reallinks,,EUR
Lois,Hawkins,lhawkinsgt@redcross.org,Philippines,Female,Alibago,Ozu,,PHP
Jason,Payne,jpaynegu@w3.org,Argentina,Male,Las Varillas,Tagtune,,ARS
Phillip,Tucker,ptuckergv@alibaba.com,Portugal,Male,Seixo de Manhoses,BlogXS,76883.77,EUR
Heather,Freeman,hfreemangw@qq.com,France,Female,Lons-le-Saunier,Einti,41665.89,EUR
Henry,Ferguson,hfergusongx@examiner.com,Poland,Male,Kluczbork,Divanoodle,32799.99,PLN
Eric,Riley,erileygy@google.com.au,Pakistan,Male,Miānwāli,Fadeo,30013.89,PKR
Arthur,Thomas,athomasgz@bloglines.com,Malaysia,Male,Kuala Lumpur,Podcat,91055.21,MYR
Beverly,Woods,bwoodsh0@artisteer.com,China,Female,Baoshi,Jabbercube,21408.15,CNY
Alice,Young,ayoungh1@eventbrite.com,Russia,Female,Zamoskvorech’ye,Brightdog,94311.72,RUB
Sharon,Washington,swashingtonh2@ovh.net,Poland,Female,Gnieżdżewo,Youtags,74379.98,PLN
Jason,Robinson,jrobinsonh3@disqus.com,United States,Male,Kansas City,Yambee,46697.34,USD
Evelyn,Perkins,eperkinsh4@psu.edu,Greece,Female,Kerasochóri,Meevee,47123.61,EUR
Juan,Robertson,jrobertsonh5@gov.uk,United States,Male,New Brunswick,DabZ,66112.02,USD
Denise,Bishop,dbishoph6@indiatimes.com,Peru,Female,Saurama,Youfeed,64918.76,PEN
Margaret,Williams,mwilliamsh7@mlb.com,Argentina,Female,Bernardo Larroudé,Devify,88395.31,ARS
Katherine,Rivera,kriverah8@java.com,Indonesia,Female,Cikalong,Yodoo,,IDR
Jacqueline,Stone,jstoneh9@hostgator.com,Poland,Female,Józefosław,Jabberbean,47036.53,PLN
Albert,Johnson,ajohnsonha@weibo.com,China,Male,Daxin,Zooxo,2137.00,CNY
Samuel,Bradley,sbradleyhb@ebay.com,Indonesia,Male,Mersam,Blognation,5105.89,IDR
Mildred,Hicks,mhickshc@wufoo.com,Brazil,Female,Amargosa,Voolith,91606.20,BRL
Samuel,Hunt,shunthd@storify.com,Greece,Male,Efkarpía,Browsecat,,EUR
David,Diaz,ddiazhe@prweb.com,Sweden,Male,Stockholm,Voonder,76834.38,SEK
Bobby,Miller,bmillerhf@va.gov,United States,Male,Wichita,Jabbersphere,85353.65,USD
Doris,Sims,dsimshg@feedburner.com,Japan,Female,Tsubame,Buzzbean,,JPY
Cheryl,Castillo,ccastillohh@domainmarket.com,Vietnam,Female,Chơn Thành,Reallinks,50527.98,VND
Ashley,Jones,ajoneshi@forbes.com,China,Female,Qingtaiping,Trupe,,CNY
Larry,Elliott,lelliotthj@arstechnica.com,Russia,Male,Karabanovo,Zoomcast,89894.41,RUB
Lisa,Morris,lmorrishk@about.com,China,Female,Hengliang,Wikivu,24823.18,CNY
Daniel,Scott,dscotthl@google.com.br,Portugal,Male,Vale,Babbleopia,37353.72,EUR
Bruce,Thompson,bthompsonhm@bbc.co.uk,China,Male,Shuangqiao,Yodo,49964.05,CNY
Johnny,Mccoy,jmccoyhn@merriam-webster.com,China,Male,Pingyi,Yabox,3220.03,CNY
Bruce,Rose,broseho@cdc.gov,Croatia,Male,Dubrovnik,Feedfish,16036.15,HRK
Henry,Lynch,hlynchhp@360.cn,China,Male,Tahe,Gabcube,75375.08,CNY
Janice,Jackson,jjacksonhq@psu.edu,Canada,Female,Gananoque,Rhycero,,CAD
Barbara,Gardner,bgardnerhr@hp.com,Sweden,Female,Sundsvall,Divape,14200.16,SEK
Brenda,Allen,ballenhs@chronoengine.com,Russia,Female,Nizhnekamsk,Jabbersphere,,RUB
James,Payne,jpayneht@de.vu,China,Male,Shengli,Photobug,99905.41,CNY
Jerry,Miller,jmillerhu@prnewswire.com,Indonesia,Male,Sijunjung,Eimbee,92352.05,IDR
Melissa,Armstrong,marmstronghv@paginegialle.it,Gambia,Female,Abuko,Oozz,61729.32,GMD
Shirley,Oliver,soliverhw@hhs.gov,Sweden,Female,Sundsvall,Jaxspan,,SEK
Carol,Perkins,cperkinshx@blog.com,China,Female,Hexi,Flashpoint,77739.42,CNY
Steve,Fernandez,sfernandezhy@businessweek.com,Ukraine,Male,Sambir,Skinder,98478.05,UAH
Nancy,Frazier,nfrazierhz@wunderground.com,China,Female,Nan’an,Jaxworks,91717.88,CNY
Larry,Coleman,lcolemani0@naver.com,Indonesia,Male,Jandir,Zooxo,33107.06,IDR
Ernest,Gibson,egibsoni1@gravatar.com,United States,Male,Murfreesboro,Voolith,,USD
Michael,Weaver,mweaveri2@comcast.net,Indonesia,Male,Sepatan,Camido,8980.28,IDR
Bobby,Bishop,bbishopi3@europa.eu,China,Male,Zhongmen,Oyoloo,92250.56,CNY
Edward,Gonzales,egonzalesi4@rediff.com,China,Male,Pingshan,Youfeed,65478.83,CNY
Ronald,Diaz,rdiazi5@disqus.com,Costa Rica,Male,Alajuela,Bubblemix,59374.97,CRC
Harry,Smith,hsmithi6@harvard.edu,Palestinian Territory,Male,Bayt ‘Īnūn,Trilia,62476.81,ILS
Janice,Snyder,jsnyderi7@cmu.edu,Philippines,Female,Bayambang,Cogidoo,63182.15,PHP
Diane,Hunt,dhunti8@rakuten.co.jp,Poland,Female,Osięciny,Chatterbridge,51976.41,PLN
Brenda,Wheeler,bwheeleri9@cisco.com,Finland,Female,Hämeenkoski,Avamm,63089.29,EUR
Kevin,Harvey,kharveyia@hc360.com,Russia,Male,Kastornoye,Thoughtblab,35513.81,RUB
Steve,Ford,sfordib@marketwatch.com,Indonesia,Male,Asahbadung,Browsezoom,44601.96,IDR
Randy,Rogers,rrogersic@livejournal.com,Indonesia,Male,Cibeureum,Babblestorm,14994.80,IDR
Carlos,Torres,ctorresid@google.it,Azerbaijan,Male,Sumqayıt,Kamba,96326.06,AZN
Angela,Smith,asmithie@moonfruit.com,Russia,Female,Priozërsk,Devbug,55009.09,RUB
Louise,Peterson,lpetersonif@constantcontact.com,Indonesia,Female,Palopo,Livetube,31958.59,IDR
Gary,Holmes,gholmesig@t.co,Indonesia,Male,Sambirejo,Jabberstorm,60086.81,IDR
Ashley,Harris,aharrisih@myspace.com,China,Female,Sandaowan,Tagpad,19406.09,CNY
Christine,Ward,cwardii@cmu.edu,Philippines,Female,Buayan,Oyonder,98022.56,PHP
Jonathan,Reid,jreidij@hexun.com,Finland,Male,Vuokatti,Oyoyo,16813.30,EUR
Deborah,Webb,dwebbik@51.la,Ireland,Female,Kinsealy-Drinan,Browseblab,,EUR
Judy,Webb,jwebbil@wix.com,Cuba,Female,Vertientes,Skiba,90937.20,CUP
Joshua,Fox,jfoxim@storify.com,Peru,Male,Huancapi,Meemm,96043.07,PEN
Jason,Porter,jporterin@altervista.org,United States,Male,Daytona Beach,Skinder,9444.47,USD
Lawrence,Boyd,lboydio@parallels.com,Thailand,Male,Phra Phrom,Realcube,,THB
Willie,Greene,wgreeneip@ocn.ne.jp,China,Male,Rinang,Trudoo,76889.90,CNY
Carl,Henry,chenryiq@fda.gov,Indonesia,Male,Gadang,Wordtune,,IDR
Carolyn,Ortiz,cortizir@sourceforge.net,China,Female,Luoqiao,Flashspan,24730.10,CNY
Maria,Johnston,mjohnstonis@reverbnation.com,Ukraine,Female,Nove-Misto,Avavee,60187.18,UAH
Henry,Richards,hrichardsit@typepad.com,Czech Republic,Male,Kájov,Fiveclub,41347.30,CZK
Brian,Little,blittleiu@google.cn,Greece,Male,Káto Miliá,Einti,94615.94,EUR
Roger,Wheeler,rwheeleriv@nps.gov,France,Male,Morez,Tagpad,4363.17,EUR
Laura,Ferguson,lfergusoniw@devhub.com,Philippines,Female,Matlang,Rhynyx,32440.85,PHP
Victor,Graham,vgrahamix@naver.com,China,Male,Jiangtou,Blogtag,17490.62,CNY
Eric,Graham,egrahamiy@addtoany.com,Serbia,Male,Begejci,Skaboo,5160.79,RSD
Emily,Carroll,ecarrolliz@about.me,Indonesia,Female,Ngamba,Livetube,1114.69,IDR
William,Richardson,wrichardsonj0@163.com,Czech Republic,Male,Železnice,Meevee,83249.44,CZK
Michelle,Hughes,mhughesj1@moonfruit.com,Sweden,Female,Luleå,Roombo,44771.71,SEK
Todd,Chapman,tchapmanj2@deliciousdays.com,Netherlands,Male,Sneek,Chatterpoint,21943.99,EUR
Keith,Montgomery,kmontgomeryj3@amazon.com,Greece,Male,Ágios Pétros,Livepath,10136.34,EUR
Ryan,Austin,raustinj4@reference.com,Indonesia,Male,Sawahrandu,Kayveo,,IDR
Nicholas,Bryant,nbryantj5@princeton.edu,Philippines,Male,Paoay,Shufflester,79509.34,PHP
Keith,Griffin,kgriffinj6@symantec.com,Poland,Male,Wąwolnica,Ooba,7654.60,PLN
Walter,Wagner,wwagnerj7@vkontakte.ru,Curacao,Male,Willemstad,Zooveo,77808.28,ANG
Jimmy,Harris,jharrisj8@unc.edu,Finland,Male,Outokumpu,Edgetag,33796.03,EUR
Janet,Murphy,jmurphyj9@sbwire.com,China,Female,Ganzhou,Geba,55535.85,CNY
Fred,Harper,fharperja@google.ca,Netherlands,Male,Harderwijk,Edgeclub,28428.33,EUR
Shawn,Morrison,smorrisonjb@i2i.jp,China,Male,Caijiapu,Browsedrive,33801.35,CNY
Jeffrey,Mccoy,jmccoyjc@sohu.com,Sweden,Male,Färgelanda,Voolith,58580.66,SEK
Catherine,Chavez,cchavezjd@wikia.com,South Africa,Female,Worcester,Devify,11189.99,ZAR
Melissa,Clark,mclarkje@spiegel.de,Afghanistan,Female,Shibirghān,Babbleset,82202.53,AFN
Andrew,Robinson,arobinsonjf@yandex.ru,China,Male,Fengtai Chengguanzhen,Centimia,56600.96,CNY
Justin,Fields,jfieldsjg@mapy.cz,China,Male,Yaohua,Bluejam,10015.28,CNY
Sharon,Henry,shenryjh@i2i.jp,Philippines,Female,Cabalaoangan,Kwimbee,43842.48,PHP
Michelle,Moore,mmooreji@un.org,Poland,Female,Przybyszówka,Skyvu,38726.70,PLN
Lisa,Bailey,lbaileyjj@reuters.com,Brazil,Female,Goiana,Podcat,219.96,BRL
Jack,Boyd,jboydjk@de.vu,Mexico,Male,San Pedro,Skalith,,MXN
Evelyn,Lawrence,elawrencejl@google.ca,Philippines,Female,Sagud-Bahley,Babbleset,65657.91,PHP
Janet,Lee,jleejm@ted.com,United States,Female,Washington,Rhyloo,9289.42,USD
Paul,Lopez,plopezjn@123-reg.co.uk,Madagascar,Male,Anjepy,Photobug,76168.11,MGA
Stephanie,Sanders,ssandersjo@cbsnews.com,Haiti,Female,Petite Anse,Zoozzy,37247.66,HTG
Denise,Mitchell,dmitchelljp@hubpages.com,Philippines,Female,Maria,Lazzy,48010.53,PHP
Aaron,Banks,abanksjq@eventbrite.com,Japan,Male,Yukuhashi,Cogibox,9319.42,JPY
Julie,Mason,jmasonjr@google.co.uk,Poland,Female,Cegłów,Yakijo,67328.93,PLN
Phillip,Long,plongjs@linkedin.com,Japan,Male,Saiki,Eimbee,45814.90,JPY
Lawrence,Morris,lmorrisjt@umn.edu,China,Male,Fu’an,Kwimbee,47469.85,CNY
Jennifer,Morgan,jmorganju@sohu.com,China,Female,Qiaoshi,Linkbridge,67370.63,CNY
Kelly,Sims,ksimsjv@mapy.cz,Ukraine,Female,Horokhiv,Skaboo,70671.07,UAH
Walter,Garza,wgarzajw@ustream.tv,Ecuador,Male,Naranjito,Dabvine,22498.62,USD
Jacqueline,Peterson,jpetersonjx@constantcontact.com,China,Female,Mangqu,Gabspot,6809.86,CNY
Donald,Hernandez,dhernandezjy@bluehost.com,Iceland,Male,Vogar,Lazzy,72035.10,ISK
Kimberly,Allen,kallenjz@spotify.com,Colombia,Female,Anolaima,Kanoodle,26021.60,COP
Theresa,Lee,tleek0@51.la,France,Female,Bordeaux,LiveZ,65383.09,EUR
Catherine,Flores,cfloresk1@live.com,Indonesia,Female,Baroh,Eire,27999.05,IDR
Heather,Austin,haustink2@bloglines.com,Lebanon,Female,Sîr ed Danniyé,Fatz,22075.04,LBP
Diane,Hunter,dhunterk3@cisco.com,Poland,Female,Świecie nad Osą,Bluejam,,PLN
Barbara,Alexander,balexanderk4@smugmug.com,Indonesia,Female,Gombang,Riffpath,87774.16,IDR
Rose,Rose,rrosek5@hao123.com,New Zealand,Female,Palmerston North,Photobug,9039.58,NZD
Wayne,Long,wlongk6@friendfeed.com,Guadeloupe,Male,Jarry,Ozu,98045.57,EUR
Gary,Wells,gwellsk7@msu.edu,Palestinian Territory,Male,Al Fukhkhārī,Jaxnation,13620.16,ILS
Kathy,Bryant,kbryantk8@google.ca,Colombia,Female,Cali,Dabtype,20933.54,COP
Rose,Wheeler,rwheelerk9@fema.gov,Russia,Female,Novoye Devyatkino,Edgeblab,,RUB
Ryan,Rodriguez,rrodriguezka@dell.com,Taiwan,Male,Douliu,Voonix,5302.69,TWD
Roy,Jacobs,rjacobskb@tamu.edu,China,Male,Liulihe,Edgepulse,14070.74,CNY
Terry,Ray,traykc@pen.io,France,Male,Bordeaux,Aimbo,79603.35,EUR
Betty,Wood,bwoodkd@odnoklassniki.ru,Greece,Female,Markópoulo Oropoú,Meedoo,,EUR
Jason,Foster,jfosterke@delicious.com,Russia,Male,Udomlya,Realcube,25701.10,RUB
Richard,Jacobs,rjacobskf@europa.eu,Japan,Male,Chatan,Avavee,59044.66,JPY
Ralph,Hunt,rhuntkg@stanford.edu,Mexico,Male,Morelos,Kare,59678.73,MXN
Martha,Schmidt,mschmidtkh@bloomberg.com,Brazil,Female,Iúna,Trupe,34924.43,BRL
Russell,Phillips,rphillipski@google.co.jp,China,Male,Zala,Jaxspan,2811.62,CNY
Kelly,Lane,klanekj@jugem.jp,Russia,Female,Pryamitsyno,Devify,86174.70,RUB
Jacqueline,Bradley,jbradleykk@mapy.cz,Poland,Female,Tuplice,Demizz,42453.80,PLN
Sharon,Moore,smoorekl@phoca.cz,Indonesia,Female,Banjar Desa,Fivechat,57040.18,IDR
Julia,Dixon,jdixonkm@mtv.com,Egypt,Female,Fāqūs,Dynava,24328.00,EGP
Robert,Fisher,rfisherkn@baidu.com,Indonesia,Male,Baru Timur,Skidoo,7100.25,IDR
Edward,Price,epriceko@nyu.edu,China,Male,Xinyang,Oyoba,,CNY
Helen,Fernandez,hfernandezkp@symantec.com,France,Female,Cergy-Pontoise,Edgepulse,62.82,EUR
Robert,Walker,rwalkerkq@desdev.cn,United States,Male,Minneapolis,Centimia,52047.55,USD
Cheryl,Martin,cmartinkr@diigo.com,Japan,Female,Saga-shi,Zoombox,23269.32,JPY
Mary,Peters,mpetersks@drupal.org,Ukraine,Female,Berezovo,Jaxspan,90487.78,UAH
Walter,Bishop,wbishopkt@imageshack.us,China,Male,Yanyang,Browseblab,73718.40,CNY
Ann,Armstrong,aarmstrongku@eepurl.com,Indonesia,Female,Krenggan,Cogilith,46859.29,IDR
Catherine,Riley,crileykv@mtv.com,Russia,Female,Pavlovskiy Posad,Edgewire,89676.81,RUB
Matthew,Perkins,mperkinskw@ustream.tv,Morocco,Male,Tiztoutine,Myworks,56598.52,MAD
Irene,Reid,ireidkx@joomla.org,Serbia,Female,Gudurica,Zoomlounge,53785.38,RSD
Jonathan,Clark,jclarkky@msu.edu,French Polynesia,Male,Punaauia,Kamba,,XPF
Philip,Watson,pwatsonkz@prnewswire.com,Brazil,Male,Itajaí,Einti,82307.99,BRL
Margaret,Knight,mknightl0@tuttocitta.it,Ecuador,Female,Machachi,Camimbo,25531.93,USD
Kathleen,Wallace,kwallacel1@statcounter.com,China,Female,Gaopu,Youopia,66396.32,CNY
Cynthia,Stone,cstonel2@goodreads.com,United States,Female,Jamaica,Fadeo,4035.40,USD
Brandon,Holmes,bholmesl3@rakuten.co.jp,China,Male,Yangzhong,Jatri,,CNY
David,Brooks,dbrooksl4@yahoo.com,China,Male,Heishui,Shufflebeat,,CNY
Edward,Coleman,ecolemanl5@oracle.com,Ukraine,Male,Tsybulevka,Ntags,501.94,UAH
Jack,Olson,jolsonl6@ca.gov,Ukraine,Male,Berezovo,Skippad,53277.40,UAH
Raymond,Walker,rwalkerl7@jigsy.com,China,Male,Xumu,Vipe,29510.79,CNY
Jeffrey,Brooks,jbrooksl8@wunderground.com,Poland,Male,Bełżec,Wikizz,5720.93,PLN
Robin,Howell,rhowelll9@epa.gov,China,Female,Chengbei,Yakitri,7473.41,CNY
Jeremy,Perez,jperezla@chron.com,Pakistan,Male,Daulatpur,Kwimbee,54375.15,PKR
Alice,Gonzales,agonzaleslb@wunderground.com,Malaysia,Female,Raub,Dabtype,14392.00,MYR
Clarence,Hunter,chunterlc@yelp.com,China,Male,Zhouxi,Wordware,,CNY
Sara,Schmidt,sschmidtld@psu.edu,Yemen,Female,Sāqayn,Ooba,58893.58,YER
Anthony,Johnston,ajohnstonle@cpanel.net,Haiti,Male,Gonayiv,Voonte,,HTG
Alice,Henderson,ahendersonlf@cnn.com,Poland,Female,Świnice Warckie,Bubbletube,40702.36,PLN
Terry,Nelson,tnelsonlg@huffingtonpost.com,Indonesia,Male,Tasikmalaya,InnoZ,83001.51,IDR
Larry,Phillips,lphillipslh@opensource.org,China,Male,Suzhou,Jayo,48921.03,CNY
Lori,Russell,lrussellli@squarespace.com,China,Female,Jiangqiao,Wikivu,38737.63,CNY
Linda,Gonzales,lgonzaleslj@friendfeed.com,China,Female,Dingdian,Voomm,,CNY
Lisa,Austin,laustinlk@gravatar.com,Philippines,Female,Ramos West,Photojam,89743.46,PHP
Nicole,Gray,ngrayll@wufoo.com,United States,Female,Richmond,Lajo,66531.27,USD
Jacqueline,Hawkins,jhawkinslm@alexa.com,Italy,Female,Bergamo,Feedfire,19902.53,EUR
Victor,Harris,vharrisln@state.tx.us,France,Male,Dunkerque,Yakijo,94904.31,EUR
Philip,Payne,ppaynelo@imdb.com,Vietnam,Male,Thị Trấn Văn Quan,Janyx,40994.58,VND
Ryan,Brown,rbrownlp@wunderground.com,Indonesia,Male,Tanahwulan,Babbleopia,18566.10,IDR
Douglas,Young,dyounglq@ow.ly,China,Male,Xinxing,Skinder,14076.41,CNY
Carlos,West,cwestlr@google.ru,Bulgaria,Male,Bolyarovo,Aivee,48258.41,BGN
Judy,Murray,jmurrayls@icio.us,Mongolia,Female,Jargalant,Jaxbean,80194.44,MNT
Virginia,Freeman,vfreemanlt@ocn.ne.jp,China,Female,Gala,Realcube,20978.13,CNY
Ann,Fields,afieldslu@cmu.edu,Peru,Female,San Marcos,Skilith,89272.86,PEN
Frances,Rose,froselv@storify.com,China,Female,Houjia,Viva,94979.20,CNY
Walter,Mendoza,wmendozalw@ameblo.jp,Zambia,Male,Chambishi,Rooxo,3522.55,ZMW
Beverly,Gonzalez,bgonzalezlx@prnewswire.com,Dominican Republic,Female,Bella Vista,Skinte,17435.99,DOP
William,Snyder,wsnyderly@auda.org.au,Russia,Male,Nyandoma,Wikibox,,RUB
Ryan,Hart,rhartlz@springer.com,China,Male,Xiejiaya,Divavu,8765.50,CNY
Lawrence,Jones,ljonesm0@businessweek.com,Czech Republic,Male,Vřesina,Fivechat,,CZK
Eric,Thomas,ethomasm1@is.gd,Zambia,Male,Lukulu,LiveZ,40831.59,ZMW
Russell,Sanchez,rsanchezm2@hexun.com,Ukraine,Male,Vyshchetarasivka,Skyble,37536.24,UAH
Jane,Jacobs,jjacobsm3@princeton.edu,Tanzania,Female,Karema,Realpoint,13790.06,TZS
Sharon,Perkins,sperkinsm4@tripadvisor.com,Poland,Female,Wiśniewo,Flashpoint,16641.76,PLN
Edward,Kelley,ekelleym5@answers.com,China,Male,Shinan,Fadeo,88073.46,CNY
Robin,Alvarez,ralvarezm6@imdb.com,China,Female,Fuxing,Trunyx,65901.63,CNY
John,Duncan,jduncanm7@harvard.edu,Philippines,Male,Cabodiongan,Eadel,33011.02,PHP
Jessica,Fernandez,jfernandezm8@tamu.edu,Poland,Female,Mrzeżyno,Divape,75339.90,PLN
Timothy,Bishop,tbishopm9@japanpost.jp,Russia,Male,Berëzovka,Yata,7524.91,RUB
Diana,Armstrong,darmstrongma@theguardian.com,Japan,Female,Komono,Thoughtstorm,82677.59,JPY
John,Harvey,jharveymb@ted.com,Costa Rica,Male,La Asunción,Zooxo,85392.81,CRC
Heather,Armstrong,harmstrongmc@icio.us,Tunisia,Female,Ariana,Realbridge,95941.11,TND
Beverly,Campbell,bcampbellmd@kickstarter.com,Indonesia,Female,Leubatang,Skyndu,60249.70,IDR
Anna,Bryant,abryantme@nationalgeographic.com,Russia,Female,Tavricheskoye,Nlounge,9550.47,RUB
Ernest,Campbell,ecampbellmf@pagesperso-orange.fr,Poland,Male,Olszyna,Topicstorm,87357.47,PLN
Kimberly,Richardson,krichardsonmg@sfgate.com,France,Female,Rodez,Yodoo,85092.22,EUR
Lois,Robertson,lrobertsonmh@taobao.com,China,Female,Nangang,Skyvu,,CNY
Bobby,Elliott,belliottmi@patch.com,Nicaragua,Male,El Rosario,Photolist,14920.17,NIO
Terry,Lawrence,tlawrencemj@berkeley.edu,China,Male,Bashan,Photospace,6274.91,CNY
Philip,Ray,praymk@unesco.org,Greece,Male,Mandráki,Flashset,,EUR
Justin,Coleman,jcolemanml@rediff.com,Brazil,Male,Mauá,Skibox,33802.13,BRL
James,James,jjamesmm@telegraph.co.uk,Uganda,Male,Jinja,Topicblab,39983.11,UGX
Gerald,Knight,gknightmn@google.co.uk,Greece,Male,Agiásos,Dynabox,36439.70,EUR
Roy,Martin,rmartinmo@flickr.com,Russia,Male,Shilovo,Shuffledrive,75716.34,RUB
Sara,Taylor,staylormp@yellowbook.com,Tanzania,Female,Butiama,Jazzy,89519.93,TZS
Gerald,Hall,ghallmq@who.int,Philippines,Male,Bunog,Skalith,15538.32,PHP
Douglas,Lewis,dlewismr@bloglines.com,Georgia,Male,Kobuleti,Geba,13255.65,GEL
Rachel,Moreno,rmorenoms@bigcartel.com,Ukraine,Female,Uhryniv,Meevee,47660.46,UAH
Laura,Romero,lromeromt@statcounter.com,China,Female,Jindu,Skinder,33016.08,CNY
Catherine,West,cwestmu@springer.com,Argentina,Female,Carhué,Bubblebox,61443.51,ARS
Maria,Morris,mmorrismv@spiegel.de,Canada,Female,Dauphin,Wordpedia,94652.01,CAD
Chris,Greene,cgreenemw@wp.com,China,Male,Jingzhou,Kwilith,7688.96,CNY
Janet,Owens,jowensmx@barnesandnoble.com,Indonesia,Female,Selemadeg Kelod,Leenti,25616.43,IDR
Frances,Hudson,fhudsonmy@omniture.com,Czech Republic,Female,Želešice,Dabvine,58861.26,CZK
Raymond,Lopez,rlopezmz@cbsnews.com,Poland,Male,Baranów,Jetpulse,,PLN
Ronald,Ortiz,rortizn0@privacy.gov.au,China,Male,Guanqing,Babbleblab,81023.57,CNY
Phillip,Fuller,pfullern1@sourceforge.net,South Africa,Male,Pietermaritzburg,Jetwire,13149.09,ZAR
Frank,Palmer,fpalmern2@auda.org.au,Slovenia,Male,Lipovci,Thoughtstorm,36486.25,EUR
Thomas,Murphy,tmurphyn3@quantcast.com,Japan,Male,Hashimoto,Topdrive,7348.51,JPY
Sharon,Armstrong,sarmstrongn4@spiegel.de,Mongolia,Female,Huurch,Midel,13745.77,MNT
Brenda,Washington,bwashingtonn5@state.gov,Finland,Female,Savitaipale,Flipbug,,EUR
Donald,Green,dgreenn6@phoca.cz,China,Male,Tangshan,Yadel,25679.86,CNY
Cheryl,Larson,clarsonn7@spotify.com,Cuba,Female,Jimaguayú,Bluejam,74891.23,CUP
Aaron,Daniels,adanielsn8@buzzfeed.com,Brazil,Male,Petrolina de Goiás,Brightdog,,BRL
Shirley,Gilbert,sgilbertn9@ehow.com,South Africa,Female,Bethal,Dabshots,73746.47,ZAR
Anne,Larson,alarsonna@who.int,United States,Female,Saint Cloud,Gigaclub,93122.96,USD
Ronald,Cole,rcolenb@ezinearticles.com,Brazil,Male,Escada,Meevee,40939.88,BRL
Sharon,Kennedy,skennedync@pbs.org,China,Female,Lijiaping,Trunyx,22954.80,CNY
Samuel,Lewis,slewisnd@bloglovin.com,Argentina,Male,Las Varillas,Zoomzone,54264.39,ARS
Walter,Hawkins,whawkinsne@statcounter.com,China,Male,Jiexiu,Quatz,89400.41,CNY
Phyllis,Frazier,pfraziernf@blogspot.com,Japan,Female,Kitsuki,Tagopia,,JPY
Gregory,Lewis,glewisng@sohu.com,China,Male,Shenzhengqiao,Meedoo,92888.89,CNY
Howard,Fox,hfoxnh@spotify.com,Russia,Male,Troparëvo,Oyoyo,57642.37,RUB
Paul,Butler,pbutlerni@msn.com,Slovenia,Male,Jurovski Dol,JumpXS,97130.46,EUR
Robert,Hunter,rhunternj@canalblog.com,Ecuador,Male,Salinas,Divape,,USD
Douglas,Williams,dwilliamsnk@ft.com,Canada,Male,Dieppe,Jayo,18983.37,CAD
Phyllis,Lynch,plynchnl@noaa.gov,Mauritius,Female,Souillac,Jatri,85950.09,MUR
Evelyn,Kennedy,ekennedynm@constantcontact.com,Colombia,Female,La Victoria,Photobug,78512.39,COP
Joseph,Lewis,jlewisnn@google.co.jp,Mexico,Male,Emiliano Zapata,Gigaclub,5064.26,MXN
Earl,Lawson,elawsonno@mayoclinic.com,Portugal,Male,Seixezelo,Quinu,60440.41,EUR
Mark,Baker,mbakernp@house.gov,Bulgaria,Male,Blagoevgrad,Livetube,83613.95,BGN
Jeremy,Griffin,jgriffinnq@scientificamerican.com,Philippines,Male,Roxas,Katz,61950.08,PHP
Steve,Kennedy,skennedynr@dion.ne.jp,China,Male,Zhalinghu,Buzzshare,83652.69,CNY
Shawn,Berry,sberryns@google.es,Israel,Male,Qiryat Motzkin,Jetwire,52489.91,ILS
Andrea,Stewart,astewartnt@naver.com,Serbia,Female,Palilula,Topiclounge,58123.98,RSD
Jason,Burke,jburkenu@weibo.com,China,Male,Chengzhai,Twitternation,,CNY
Mary,Peters,mpetersnv@illinois.edu,Thailand,Female,Pom Prap Sattru Phai,Youbridge,88005.84,THB
Brian,Hart,bhartnw@merriam-webster.com,Palestinian Territory,Male,Dūrā al Qar‘,Avaveo,40306.08,ILS
Carolyn,Reynolds,creynoldsnx@delicious.com,Belgium,Female,Ath,Thoughtbridge,77109.93,EUR
Howard,Elliott,helliottny@over-blog.com,China,Male,Yuncao,Edgepulse,87283.64,CNY
Roy,Mason,rmasonnz@bloglovin.com,Indonesia,Male,Cangkringan,Pixope,38993.08,IDR
Betty,Weaver,bweavero0@state.tx.us,China,Female,Xiamujiao,Wordify,93848.95,CNY
Rose,Ferguson,rfergusono1@usa.gov,Indonesia,Female,Puyung,Oodoo,74116.38,IDR
Peter,Gonzalez,pgonzalezo2@feedburner.com,Sweden,Male,Osby,Shufflebeat,13788.57,SEK
Craig,Long,clongo3@nasa.gov,Brazil,Male,Juatuba,Meejo,62005.03,BRL
Carlos,Moreno,cmorenoo4@digg.com,Thailand,Male,Tha Mai,Gabtype,20966.89,THB
Beverly,Cole,bcoleo5@cdbaby.com,China,Female,Taihe,Flipstorm,59124.58,CNY
Carlos,Frazier,cfraziero6@amazon.de,Brazil,Male,Caculé,Flashpoint,45989.26,BRL
Clarence,Olson,colsono7@godaddy.com,Brazil,Male,Tapiramutá,Avamba,,BRL
Patrick,Moreno,pmorenoo8@ed.gov,Poland,Male,Babica,Lajo,,PLN
Raymond,Nelson,rnelsono9@meetup.com,Uzbekistan,Male,Qo’ng’irot Shahri,Browseblab,10190.20,UZS
Deborah,Henry,dhenryoa@mac.com,Brazil,Female,Itapemirim,Thoughtmix,99239.98,BRL
Margaret,Ryan,mryanob@purevolume.com,Russia,Female,Dmitriyevka,Gabspot,8331.48,RUB
Anthony,Morgan,amorganoc@toplist.cz,Russia,Male,Dvurechensk,Skynoodle,85041.47,RUB
Betty,Butler,bbutlerod@geocities.com,China,Female,Karakabak,Zooveo,61536.90,CNY
Margaret,Gordon,mgordonoe@answers.com,Albania,Female,Bicaj,Shuffledrive,28740.25,ALL
Cynthia,Ferguson,cfergusonof@icq.com,Philippines,Female,MacArthur,Voomm,74184.09,PHP
Margaret,Jackson,mjacksonog@berkeley.edu,Pakistan,Female,Kabīrwāla,Skyvu,15039.31,PKR
Susan,Reid,sreidoh@bing.com,United States,Female,Des Moines,Jaxworks,66718.13,USD
Louise,Reyes,lreyesoi@sun.com,Honduras,Female,Buenos Aires,Miboo,33524.29,HNL
Kimberly,Tucker,ktuckeroj@jigsy.com,Dominican Republic,Female,Bajos de Haina,Realbridge,8018.74,DOP
Fred,Fowler,ffowlerok@ow.ly,Peru,Male,Cocachacra,Dynabox,37690.66,PEN
Gary,Sanchez,gsanchezol@lulu.com,Kuwait,Male,Janūb as Surrah,Twinder,95117.44,KWD
Jack,Williams,jwilliamsom@e-recht24.de,Argentina,Male,28 de Noviembre,Feedspan,37868.96,ARS
Harry,Berry,hberryon@cmu.edu,South Africa,Male,Adelaide,Roomm,,ZAR
David,Little,dlittleoo@europa.eu,Japan,Male,Niigata-shi,Trudeo,74487.71,JPY
Justin,Cole,jcoleop@scribd.com,Philippines,Male,Mantalongon,Livepath,58643.49,PHP
Jason,Ferguson,jfergusonoq@cisco.com,Armenia,Male,Kotayk’,Rhyzio,40676.05,AMD
Linda,Cook,lcookor@feedburner.com,Indonesia,Female,Parung,Divanoodle,73089.39,IDR
Jonathan,Ferguson,jfergusonos@is.gd,Colombia,Male,Líbano,Mydo,80353.89,COP
Melissa,Richardson,mrichardsonot@chicagotribune.com,Philippines,Female,Magsalangi,Midel,6396.39,PHP
Mildred,Wheeler,mwheelerou@state.gov,Thailand,Female,Sam Khok,Tazz,20561.32,THB
Dennis,Brooks,dbrooksov@statcounter.com,Russia,Male,Belomorsk,Youspan,70944.93,RUB
Joe,Wheeler,jwheelerow@istockphoto.com,China,Male,Shuangjing,Tavu,17498.14,CNY
Deborah,West,dwestox@t.co,Mexico,Female,Vista Hermosa,Reallinks,13290.94,MXN
Patricia,Morris,pmorrisoy@theguardian.com,South Africa,Female,Retreat,Cogilith,15802.96,ZAR
Frank,Scott,fscottoz@uiuc.edu,Kazakhstan,Male,Petropavlovsk,Yozio,23375.56,KZT
Andrea,Hill,ahillp0@creativecommons.org,Russia,Female,Zykovo,Feednation,54486.53,RUB
Paul,Jones,pjonesp1@dagondesign.com,Sweden,Male,Gamleby,Izio,87596.02,SEK
Deborah,Powell,dpowellp2@myspace.com,China,Female,Zaojiacheng,Feedbug,,CNY
Juan,Bishop,jbishopp3@soup.io,Colombia,Male,San Calixto,Brainbox,82737.05,COP
Jerry,Mccoy,jmccoyp4@buzzfeed.com,Chile,Male,Lampa,Devshare,45632.86,CLP
Heather,Phillips,hphillipsp5@angelfire.com,Russia,Female,Kudinovo,Ozu,3259.67,RUB
Jane,Morales,jmoralesp6@apache.org,Russia,Female,Tyukalinsk,Oyoba,,RUB
Gloria,Ford,gfordp7@cbc.ca,Syria,Female,Duraykīsh,Ozu,74997.62,SYP
Joan,Graham,jgrahamp8@acquirethisname.com,Czech Republic,Female,Vrbice,Voolith,63702.12,CZK
Brian,Hansen,bhansenp9@addtoany.com,China,Male,Donghoufang,Fatz,13738.74,CNY
Terry,Jones,tjonespa@etsy.com,Vietnam,Male,Thành Phố Lạng Sơn,Aimbo,47400.46,VND
Steven,Martin,smartinpb@plala.or.jp,Uruguay,Male,Punta del Este,Shufflester,96976.40,UYU
Paula,Grant,pgrantpc@sogou.com,Russia,Female,Nyagan,Feedfire,2478.63,RUB
Terry,Willis,twillispd@tiny.cc,China,Male,Yangfang,Tagpad,10268.63,CNY
Carolyn,Fields,cfieldspe@gravatar.com,Yemen,Female,Markaz Mudhaykirah,Gigashots,89511.39,YER
Jane,Washington,jwashingtonpf@mediafire.com,France,Female,Charenton-le-Pont,Flashset,66147.88,EUR
Roy,Rodriguez,rrodriguezpg@webmd.com,Philippines,Male,Beddeng,Jetpulse,92545.09,PHP
Brenda,Willis,bwillisph@cbslocal.com,Ukraine,Female,Zaporizhzhya,Tagchat,46690.11,UAH
Albert,Andrews,aandrewspi@uiuc.edu,South Africa,Male,Benoni,Jabbertype,93833.08,ZAR
Jeremy,Andrews,jandrewspj@desdev.cn,Indonesia,Male,Hauhena,Jetpulse,98549.31,IDR
Theresa,Ramos,tramospk@youtu.be,Afghanistan,Female,Nāṟay,Yakijo,19864.23,AFN
Margaret,Cruz,mcruzpl@nbcnews.com,China,Female,Gongming,Voonder,64557.44,CNY
Lawrence,West,lwestpm@ucoz.com,China,Male,Chonghe,Yabox,98667.77,CNY
Janet,Stevens,jstevenspn@multiply.com,France,Female,Chambéry,Avamba,36349.77,EUR
Brian,Wright,bwrightpo@go.com,Indonesia,Male,Krajan Tanjungrejo,Jayo,6642.87,IDR
Juan,Kennedy,jkennedypp@google.com.hk,France,Male,Marne-la-Vallée,Eadel,24362.92,EUR
Sharon,Payne,spaynepq@seattletimes.com,Peru,Female,Bellavista,Feedspan,,PEN
Jonathan,Hamilton,jhamiltonpr@geocities.com,Indonesia,Male,Banjaranyar,Yodoo,62406.69,IDR
Anne,Fernandez,afernandezps@instagram.com,China,Female,Jiangjing,Twiyo,85893.63,CNY
Sandra,Gray,sgraypt@csmonitor.com,Brazil,Female,Euclides da Cunha,Mydeo,81370.49,BRL
Bobby,Fernandez,bfernandezpu@t.co,Russia,Male,Presnenskiy,Meezzy,46687.83,RUB
Sean,Hansen,shansenpv@marriott.com,Philippines,Male,Linmansangan,Vinder,72973.47,PHP
Janet,Harrison,jharrisonpw@imageshack.us,Indonesia,Female,Tegarenkrajan,Snaptags,84287.46,IDR
Lawrence,Simpson,lsimpsonpx@mozilla.org,Philippines,Male,Bugko,Zoomcast,13361.32,PHP
Betty,Fernandez,bfernandezpy@t-online.de,China,Female,Tangxi,Eazzy,85682.94,CNY
Nancy,Reed,nreedpz@nifty.com,China,Female,Lengshui,Flipopia,1328.36,CNY
Dennis,Shaw,dshawq0@spotify.com,China,Male,Golmud,Quimba,18854.93,CNY
Kathy,Ruiz,kruizq1@woothemes.com,Tanzania,Female,Kidodi,Skipfire,4445.50,TZS
Shawn,Carr,scarrq2@163.com,Kazakhstan,Male,Aksu,Yata,65632.33,KZT
Sharon,Wagner,swagnerq3@techcrunch.com,Ukraine,Female,Buchach,Realcube,15050.02,UAH
Joyce,Price,jpriceq4@example.com,Brazil,Female,Valença,Jabberbean,49813.49,BRL
Laura,Reid,lreidq5@ed.gov,Guatemala,Female,Jerez,Feedfish,90603.68,GTQ
Carl,Sanders,csandersq6@opera.com,Puerto Rico,Male,Guaynabo,Skiba,81837.27,USD
Rebecca,Chavez,rchavezq7@indiatimes.com,Myanmar,Female,Pyinmana,Photospace,20082.35,MMK
Sarah,Howell,showellq8@prweb.com,Thailand,Female,Khao Khitchakut,Skimia,24365.11,THB
Rachel,Romero,rromeroq9@lulu.com,Sweden,Female,Munkfors,Jabberbean,25354.08,SEK
Robin,Cole,rcoleqa@va.gov,United States,Female,Des Moines,Browseblab,31882.92,USD
Barbara,Weaver,bweaverqb@buzzfeed.com,Poland,Female,Trzcianka,Demimbu,85170.48,PLN
Jason,Stone,jstoneqc@scribd.com,Albania,Male,Voskopojë,Lazz,17806.08,ALL
Lori,Parker,lparkerqd@time.com,China,Female,Chengxi,Avavee,27164.19,CNY
Frank,Wright,fwrightqe@furl.net,Vietnam,Male,Doug An,Dablist,48925.14,VND
Benjamin,Banks,bbanksqf@blinklist.com,United States,Male,Kansas City,Skinder,43104.65,USD
Brenda,Austin,baustinqg@senate.gov,Peru,Female,Aniso,Aivee,9311.38,PEN
Jean,Burton,jburtonqh@surveymonkey.com,Nigeria,Female,Isanlu Itedoijowa,Buzzdog,44768.08,NGN
Brian,Garrett,bgarrettqi@unicef.org,Ukraine,Male,Shabo,Yabox,96362.32,UAH
Anthony,Spencer,aspencerqj@infoseek.co.jp,China,Male,Pianbai,Oyoba,,CNY
Barbara,Meyer,bmeyerqk@blogs.com,Portugal,Female,Conde,Dabfeed,2996.03,EUR
Jessica,Montgomery,jmontgomeryql@wufoo.com,Syria,Female,As Suwaydā’,Oyoyo,60294.84,SYP
Barbara,Hughes,bhughesqm@reuters.com,Philippines,Female,Balindong,Dynabox,81470.42,PHP
Ruth,Sanchez,rsanchezqn@si.edu,Sweden,Female,Robertsfors,Rhyloo,14212.97,SEK
Virginia,Rivera,vriveraqo@scientificamerican.com,Brazil,Female,Nova Venécia,Skiba,25567.79,BRL
Thomas,Bradley,tbradleyqp@vk.com,China,Male,Zhaojia,Skyba,88157.57,CNY
Virginia,Lewis,vlewisqq@weather.com,China,Female,Jing’an,Pixonyx,13376.96,CNY
Scott,Reynolds,sreynoldsqr@bing.com,China,Male,Dushang,Rhyloo,11349.24,CNY
Eric,Richardson,erichardsonqs@chron.com,Albania,Male,Qelëz,Pixoboo,62286.18,ALL
Brian,Lewis,blewisqt@squidoo.com,Yemen,Male,Al Khirāb,DabZ,2144.03,YER
Julia,Stevens,jstevensqu@oracle.com,Czech Republic,Female,Zbraslavice,Skaboo,,CZK
Ralph,Moreno,rmorenoqv@wordpress.com,Syria,Male,Ma‘arrat an Nu‘mān,Brainbox,63113.21,SYP
Lillian,Griffin,lgriffinqw@cbc.ca,Guadeloupe,Female,Pointe-à-Pitre,Edgeify,,EUR
Shawn,Griffin,sgriffinqx@prweb.com,Czech Republic,Male,Borek,Voomm,,CZK
William,Sullivan,wsullivanqy@usa.gov,South Africa,Male,Jan Kempdorp,Fadeo,,ZAR
Brenda,Wright,bwrightqz@nyu.edu,Poland,Female,Bielsk Podlaski,Youopia,25030.77,PLN
Bonnie,Henderson,bhendersonr0@google.pl,Spain,Female,Almeria,Tazzy,39866.66,EUR
Denise,Rogers,drogersr1@feedburner.com,El Salvador,Female,San Pedro Masahuat,Centizu,69336.52,USD
Johnny,Bell,jbellr2@gov.uk,United States,Male,Round Rock,Wikizz,67790.97,USD
Helen,Gibson,hgibsonr3@a8.net,China,Female,Jun’an,Yambee,95731.99,CNY
Sean,Freeman,sfreemanr4@rambler.ru,Czech Republic,Male,Vlachovo Březí,Blogspan,89176.44,CZK
Samuel,Castillo,scastillor5@posterous.com,Russia,Male,Ikey,Minyx,25991.11,RUB
Kathy,Perkins,kperkinsr6@bbb.org,Thailand,Female,Rattanaburi,Aibox,13562.54,THB
Justin,Fuller,jfullerr7@histats.com,China,Male,Lancheng,Reallinks,27097.03,CNY
Phyllis,Crawford,pcrawfordr8@amazon.com,Japan,Female,Niihama,Realfire,76276.68,JPY
Nancy,Day,ndayr9@nifty.com,China,Female,Yong’an,Latz,,CNY
Doris,Russell,drussellra@smh.com.au,Russia,Female,Vodstroy,Gigabox,82526.74,RUB
Joan,Taylor,jtaylorrb@twitter.com,Libya,Female,Al Jaghbūb,Wordware,39716.60,LYD
Kathy,Howard,khowardrc@epa.gov,China,Female,Dongbei,Mynte,23264.91,CNY
Angela,Washington,awashingtonrd@sciencedirect.com,Colombia,Female,Puerto Nariño,Twitterwire,23575.53,COP
Catherine,Sims,csimsre@thetimes.co.uk,Mexico,Female,La Guadalupe,Skyvu,26048.94,MXN
Stephen,Jones,sjonesrf@amazon.co.uk,China,Male,Guozhai,Skimia,20292.34,CNY
Mildred,Hamilton,mhamiltonrg@adobe.com,Philippines,Female,Del Pilar,Voomm,27137.86,PHP
Alan,Fields,afieldsrh@squarespace.com,Poland,Male,Poniatowa,Centimia,,PLN
Frank,Lewis,flewisri@wunderground.com,Indonesia,Male,Sukamahi Satu,Quimm,,IDR
Kathryn,Flores,kfloresrj@yale.edu,Sweden,Female,Enköping,Kwideo,,SEK
Walter,Sanders,wsandersrk@last.fm,United States,Male,Norfolk,Voonyx,67684.81,USD
Rachel,Wood,rwoodrl@stanford.edu,China,Female,Xinzhai,Jabbersphere,44784.72,CNY
George,Fuller,gfullerrm@home.pl,Tunisia,Male,Siliana,Mudo,45278.23,TND
Janice,Stewart,jstewartrn@stanford.edu,Poland,Female,Jeżów,Wordtune,81636.99,PLN
Michelle,Carr,mcarrro@smh.com.au,China,Female,Jingzi,Lazzy,33780.46,CNY
Ryan,Weaver,rweaverrp@fastcompany.com,Togo,Male,Badou,Wordware,30579.09,XOF
Jerry,Lawrence,jlawrencerq@cdbaby.com,Japan,Male,Funehikimachi-funehiki,Brainlounge,74772.06,JPY
Alice,Dixon,adixonrr@acquirethisname.com,Mexico,Female,Venustiano Carranza,Camimbo,30828.23,MXN
