Carolyn,Reynolds,creynolds0@indiatimes.com,Peru,Female,Otuzco,Quimba,79413.73,PEN
Deborah,Warren,dwarren1@vinaora.com,Argentina,Female,La Plata,Jabbertype,20568.76,ARS
Dennis,Owens,dowens2@mail.ru,Denmark,Male,København,Ozu,33155.57,DKK
Timothy,Morris,tmorris3@engadget.com,Syria,Male,Iḩsim,Eazzy,53854.33,SYP
Gerald,Ellis,gellis4@mysql.com,China,Male,Xinfang,Livetube,29992.34,CNY
Aaron,Knight,aknight5@mayoclinic.com,China,Male,Gaoqiao,Gabvine,2815.59,CNY
Gloria,Dunn,gdunn6@ning.com,Russia,Female,Drakino,Meezzy,41671.48,RUB
Cheryl,Evans,cevans7@yellowbook.com,Brazil,Female,Fernando de Noronha (Distrito Estadual),Kazio,59671.08,BRL
Paul,Hunt,phunt8@oracle.com,Philippines,Male,San Luis,Gabspot,82495.27,PHP
Dennis,Burton,dburton9@linkedin.com,Indonesia,Male,Krajan Gading,Kazio,,IDR
Joyce,Rogers,jrogersa@wikipedia.org,Japan,Female,Yamagata-shi,Ozu,96056.09,JPY
Norma,Oliver,noliverb@engadget.com,Indonesia,Female,Cinyasag,Fivespan,54585.60,IDR
Virginia,Thompson,vthompsonc@wikia.com,Rwanda,Female,Musanze,Aimbo,79301.80,RWF
Chris,Daniels,cdanielsd@businessinsider.com,Russia,Male,Vyatskiye Polyany,Avaveo,29088.20,RUB
Beverly,Payne,bpaynee@weather.com,Belarus,Female,Antopal’,Livepath,,BYR
John,Payne,jpaynef@desdev.cn,Mexico,Male,San Miguel,Abatz,16642.28,MXN
Jonathan,Mccoy,jmccoyg@fc2.com,Canada,Male,Nanton,Flipopia,76155.20,CAD
Susan,Bowman,sbowmanh@aol.com,China,Female,Hongjiang,Gigazoom,,CNY
Jane,Smith,jsmithi@nydailynews.com,China,Female,Lianhua,Eabox,47308.97,CNY
Jennifer,Young,jyoungj@google.cn,Peru,Female,Laraos,Skinte,12041.84,PEN
Peter,Fuller,pfullerk@odnoklassniki.ru,Honduras,Male,El Perico,Livetube,10082.86,HNL
Amanda,Freeman,afreemanl@hexun.com,Bolivia,Female,Lintaca,Rhybox,13426.61,BOB
Craig,Perkins,cperkinsm@exblog.jp,China,Male,Xinji,Linktype,96205.99,CNY
Edward,Wilson,ewilsonn@digg.com,China,Male,Xin’an,Avamm,77601.59,CNY
Maria,Jackson,mjacksono@paginegialle.it,Russia,Female,Sernur,Jetwire,27330.47,RUB
Kenneth,Cox,kcoxp@springer.com,Poland,Male,Opatowiec,Jabberstorm,,PLN
Lois,Daniels,ldanielsq@comsenz.com,Uganda,Female,Gulu,Blogtags,70918.67,UGX
Jose,Mccoy,jmccoyr@qq.com,Indonesia,Male,Rora Timur,Kwimbee,36385.20,IDR
Jeremy,Hunter,jhunters@walmart.com,Indonesia,Male,Brongkah,Flipopia,,IDR
Maria,Morales,mmoralest@skyrock.com,Mexico,Female,La Palma,Gigaclub,35700.87,MXN
Theresa,Anderson,tandersonu@taobao.com,Russia,Female,Pirogovo,Wordtune,18192.78,RUB
Jane,Bryant,jbryantv@adobe.com,Indonesia,Female,Jetak,Abatz,99008.86,IDR
Matthew,Howell,mhowellw@example.com,Philippines,Male,San Isidro,Innojam,75568.84,PHP
Robin,Sanchez,rsanchezx@networksolutions.com,Venezuela,Female,Ocumare de la Costa,Voolia,794.38,VEF
Kelly,Chapman,kchapmany@answers.com,Poland,Female,Przodkowo,Innojam,81333.93,PLN
Heather,Green,hgreenz@homestead.com,Russia,Female,Lakinsk,Yodo,71654.18,RUB
Adam,Medina,amedina10@merriam-webster.com,Indonesia,Male,Galesong,Thoughtstorm,2848.44,IDR
Jeremy,Mitchell,jmitchell11@mtv.com,Nigeria,Male,Abuochiche,Devbug,34441.51,NGN
Jeffrey,Williams,jwilliams12@mtv.com,Dominican Republic,Male,Juan Santiago,Voomm,45533.42,DOP
Carl,Butler,cbutler13@army.mil,Russia,Male,Lesozavodsk,Agivu,87657.53,RUB
Roy,Matthews,rmatthews14@harvard.edu,Albania,Male,Konispol,Trudeo,47619.10,ALL
Gary,Hicks,ghicks15@icq.com,China,Male,Xiaojia,Skimia,8573.14,CNY
Walter,Banks,wbanks16@vistaprint.com,France,Male,Wasquehal,Quatz,93401.63,EUR
Larry,Webb,lwebb17@naver.com,Japan,Male,Yamaga,Gabtype,66146.82,JPY
Judy,Walker,jwalker18@ezinearticles.com,Canada,Female,Iroquois Falls,Edgewire,11912.06,CAD
Joyce,Banks,jbanks19@japanpost.jp,Indonesia,Female,Cikaso,Centidel,27332.14,IDR
Gerald,Gilbert,ggilbert1a@twitpic.com,Indonesia,Male,Pasanggrahan,Yacero,90797.83,IDR
Jesse,Howard,jhoward1b@bloglovin.com,Guatemala,Male,Concepción Tutuapa,Yakidoo,20313.91,GTQ
Patrick,Riley,priley1c@uiuc.edu,Portugal,Male,Fafe,Flipbug,12193.15,EUR
Julie,Carroll,jcarroll1d@list-manage.com,Poland,Female,Kraśnik,Zooxo,27549.14,PLN
Frances,Owens,fowens1e@toplist.cz,Uganda,Female,Buikwe,Edgeify,67798.91,UGX
Jesse,Barnes,jbarnes1f@cornell.edu,Pakistan,Male,Kohāt,Edgeblab,53946.68,PKR
Philip,Allen,pallen1g@4shared.com,China,Male,Baoquanshan,Topdrive,8615.46,CNY
Bonnie,Reynolds,breynolds1h@google.com.au,Russia,Female,Shagonar,Skajo,69409.12,RUB
Joe,Stanley,jstanley1i@g.co,Macedonia,Male,Старо Нагоричане,Zoombox,43835.08,MKD
Philip,Hunter,phunter1j@dailymail.co.uk,China,Male,Bao’an,Topicblab,1219.92,CNY
Helen,Howell,hhowell1k@google.it,Japan,Female,Nagareyama,Kimia,49740.23,JPY
Sean,Perez,sperez1l@howstuffworks.com,Philippines,Male,Niugan,Buzzbean,59946.02,PHP
Marilyn,Castillo,mcastillo1m@cnbc.com,Russia,Female,Zimovniki,Devshare,,RUB
Michelle,Burke,mburke1n@weebly.com,Brazil,Female,Ubá,Twimbo,68381.09,BRL
Chris,Sanders,csanders1o@dedecms.com,Benin,Male,Nikki,Jatri,66029.18,XOF
Scott,Ramirez,sramirez1p@gizmodo.com,Belarus,Male,Radashkovichy,Fadeo,91219.69,BYR
Johnny,Hall,jhall1q@arizona.edu,Indonesia,Male,Taraju,Quamba,,IDR
Justin,Murray,jmurray1r@archive.org,Philippines,Male,Peña,Skibox,30257.48,PHP
Jane,Owens,jowens1s@ted.com,Japan,Female,Ureshino,Teklist,14365.62,JPY
Ruth,Mendoza,rmendoza1t@bigcartel.com,Azerbaijan,Female,Sheki,Mynte,10056.33,AZN
Ann,Fuller,afuller1u@artisteer.com,Poland,Female,Sieniawa,Ntag,47870.76,PLN
Paul,James,pjames1v@cnet.com,China,Male,Loufan,Youspan,73715.07,CNY
Stephen,Wheeler,swheeler1w@home.pl,Indonesia,Male,Tambaksumur,Fadeo,7963.55,IDR
Benjamin,Gordon,bgordon1x@nationalgeographic.com,China,Male,Shache,Fatz,,CNY
Ryan,Gordon,rgordon1y@wix.com,Russia,Male,Borovikha,Dabfeed,,RUB
Patrick,Lawson,plawson1z@canalblog.com,Liberia,Male,Buchanan,Quinu,,LRD
Albert,Gordon,agordon20@un.org,Egypt,Male,Abū Sunbul,Skinder,55025.98,EGP
Craig,Berry,cberry21@google.cn,China,Male,Zhouwang,Skynoodle,29846.52,CNY
William,Bailey,wbailey22@ask.com,China,Male,Hualin,Nlounge,,CNY
Earl,Jacobs,ejacobs23@friendfeed.com,Nigeria,Male,New Shagunnu,Quinu,27801.10,NGN
Gregory,Snyder,gsnyder24@blogspot.com,China,Male,Shangdian,Quimm,9267.62,CNY
Jessica,Hamilton,jhamilton25@mediafire.com,Bosnia and Herzegovina,Female,Čelinac,Agimba,12095.24,BAM
Howard,Hall,hhall26@webmd.com,Russia,Male,Volokolamsk,Rhynoodle,67090.19,RUB
Patrick,Porter,pporter27@npr.org,United States,Male,Fort Wayne,Jazzy,76567.03,USD
Katherine,Stevens,kstevens28@behance.net,Brazil,Female,Monte Carmelo,Skiba,18303.19,BRL
Brian,Hayes,bhayes29@mail.ru,France,Male,Saint-Étienne,Youfeed,25553.50,EUR
Maria,Simpson,msimpson2a@netvibes.com,Venezuela,Female,Las Tejerías,Yombu,6624.79,VEF
Donald,Rivera,drivera2b@squidoo.com,Brazil,Male,Medeiros Neto,Cogibox,19446.78,BRL
Paul,Gordon,pgordon2c@usa.gov,Egypt,Male,Suez,Bubblemix,69095.48,EGP
Diane,West,dwest2d@hp.com,China,Female,Jindong,Geba,19658.87,CNY
Elizabeth,Rice,erice2e@nationalgeographic.com,Germany,Female,Solingen,Jaxspan,28480.84,EUR
Terry,Fox,tfox2f@home.pl,Philippines,Male,Malway,Wikizz,,PHP
Ruby,Spencer,rspencer2g@newsvine.com,Ethiopia,Female,Tippi,Quatz,9703.08,ETB
Randy,Frazier,rfrazier2h@trellian.com,Indonesia,Male,Lanta Timur,Twimbo,22131.95,IDR
Phyllis,Marshall,pmarshall2i@ucoz.ru,Indonesia,Female,Aeka,Shufflester,84138.87,IDR
Joshua,Gibson,jgibson2j@forbes.com,Czech Republic,Male,Horní Bečva,Photospace,,CZK
Harry,Gonzales,hgonzales2k@list-manage.com,China,Male,Shijiazhai,Eabox,14619.08,CNY
James,Hudson,jhudson2l@google.it,Sweden,Male,Västra Frölunda,Yabox,40455.88,SEK
Maria,Martinez,mmartinez2m@usa.gov,Azerbaijan,Female,Shamkhor,Brainsphere,39480.91,AZN
Russell,Willis,rwillis2n@goodreads.com,Argentina,Male,San Francisco,Youspan,87396.09,ARS
Janice,Stevens,jstevens2o@state.tx.us,China,Female,Qinglian,Quatz,18292.41,CNY
Steve,Perry,sperry2p@pinterest.com,Greece,Male,Atsipópoulon,Devpoint,,EUR
Nicole,Rivera,nrivera2q@ustream.tv,Poland,Female,Czchów,Rhybox,,PLN
Debra,Torres,dtorres2r@ft.com,Philippines,Female,Lavezares,Ozu,91544.48,PHP
Peter,Johnston,pjohnston2s@shinystat.com,Norway,Male,Oslo,Plajo,53336.51,NOK
Lawrence,Howell,lhowell2t@phoca.cz,China,Male,Wan’an,Omba,,CNY
Ashley,Chavez,achavez2u@desdev.cn,China,Female,Liyang,Cogidoo,1133.59,CNY
Evelyn,Coleman,ecoleman2v@unesco.org,Sweden,Female,Kristinehamn,Skalith,55199.66,SEK
Diane,Mcdonald,dmcdonald2w@ox.ac.uk,China,Female,Shuangxi,Yabox,22788.08,CNY
Wanda,Taylor,wtaylor2x@mozilla.org,Colombia,Female,Matanza,Twitternation,23303.42,COP
Antonio,Stone,astone2y@bing.com,Nepal,Male,Banepa,Minyx,65756.51,NPR
Rose,Stephens,rstephens2z@issuu.com,Indonesia,Female,Cipadung Timur,Wikibox,81785.69,IDR
Nicholas,Washington,nwashington30@oakley.com,Brazil,Male,Vazante,Realpoint,55055.17,BRL
Bonnie,Freeman,bfreeman31@over-blog.com,Nigeria,Female,Kujama,Quatz,1197.66,NGN
Phillip,Welch,pwelch32@boston.com,Indonesia,Male,Gunungkendeng,Fanoodle,11449.60,IDR
Lillian,Sanchez,lsanchez33@phpbb.com,Russia,Female,Kayasula,Blogtag,62040.68,RUB
Norma,Jenkins,njenkins34@cloudflare.com,Belarus,Female,Palykavichy Pyershyya,Vitz,2346.58,BYR
Lillian,Powell,lpowell35@list-manage.com,Poland,Female,Plewiska,Mynte,23785.22,PLN
Evelyn,Peters,epeters36@google.es,Indonesia,Female,Nularan,Bluejam,65073.09,IDR
Teresa,Wilson,twilson37@globo.com,Sweden,Female,Värnamo,Kazio,96838.35,SEK
Samuel,Perkins,sperkins38@drupal.org,Brazil,Male,Espírito Santo do Pinhal,Aimbu,49518.08,BRL
Michelle,Nichols,mnichols39@purevolume.com,Poland,Female,Ropa,Yadel,60882.88,PLN
Anne,Lee,alee3a@theguardian.com,Indonesia,Female,Tombatu,Fiveclub,78330.02,IDR
Jesse,Harris,jharris3b@comcast.net,Venezuela,Male,Maripa,Skaboo,98347.48,VEF
Jonathan,Boyd,jboyd3c@feedburner.com,Poland,Male,Stare Juchy,Devcast,86382.21,PLN
Ann,Hanson,ahanson3d@usgs.gov,Djibouti,Female,Ḏânan,Cogidoo,67521.26,DJF
Bruce,Cunningham,bcunningham3e@booking.com,Poland,Male,Nowosielce-Gniewosz,Kwinu,94961.86,PLN
Nicholas,Perez,nperez3f@mit.edu,Tanzania,Male,Uwelini,Skimia,88519.58,TZS
Sarah,Hall,shall3g@comsenz.com,France,Female,Metz,Wikido,58405.10,EUR
Samuel,Hawkins,shawkins3h@csmonitor.com,Russia,Male,Staropyshminsk,Babbleopia,10934.25,RUB
Katherine,Sanchez,ksanchez3i@list-manage.com,Kazakhstan,Female,Qalqaman,Oyoyo,18993.70,KZT
Richard,Robinson,rrobinson3j@tuttocitta.it,Indonesia,Male,Lubukgadang,Ooba,18192.74,IDR
James,Fuller,jfuller3k@desdev.cn,China,Male,Shazhenxi,Skaboo,77535.40,CNY
Sharon,Lopez,slopez3l@unblog.fr,Philippines,Female,San Francisco,Chatterbridge,22671.99,PHP
Tina,Richardson,trichardson3m@cam.ac.uk,China,Female,Dongke,Yodel,30720.03,CNY
Eugene,Russell,erussell3n@dagondesign.com,United States,Male,Las Vegas,Edgetag,24570.05,USD
Robin,Stephens,rstephens3o@foxnews.com,Russia,Female,Ishimbay,Yombu,73554.75,RUB
Jane,Fields,jfields3p@java.com,Philippines,Female,Pagsabangan,Fanoodle,85719.45,PHP
Lori,Romero,lromero3q@phpbb.com,Poland,Female,Suraż,Wordpedia,72174.04,PLN
Alan,Webb,awebb3r@slashdot.org,Sweden,Male,Göteborg,Eimbee,,SEK
Barbara,Lane,blane3s@wix.com,Ethiopia,Female,Tippi,Fivespan,72182.15,ETB
Joe,Nichols,jnichols3t@de.vu,Pakistan,Male,Chak Two Hundred Forty-Nine TDA,Skimia,56588.73,PKR
Jean,Young,jyoung3u@bbb.org,Myanmar,Female,Wakema,Skimia,72337.87,MMK
Kathryn,Scott,kscott3v@addthis.com,United States,Female,Irving,Katz,86765.15,USD
Annie,Matthews,amatthews3w@vistaprint.com,China,Female,Zhongtong,Meetz,15442.35,CNY
Rachel,Johnson,rjohnson3x@issuu.com,United States,Female,Madison,Minyx,27105.52,USD
Christine,Nguyen,cnguyen3y@twitter.com,Philippines,Female,Salcedo,Zoovu,87779.21,PHP
Debra,Lawrence,dlawrence3z@reuters.com,Philippines,Female,Angadanan,Ooba,,PHP
Charles,Bowman,cbowman40@google.pl,Indonesia,Male,Daja Lorong,Riffpedia,49748.12,IDR
Lois,Perez,lperez41@auda.org.au,Brazil,Female,Ipueiras,Kanoodle,87817.88,BRL
Jack,Nguyen,jnguyen42@census.gov,Mexico,Male,Francisco Villa,Rhyloo,77752.97,MXN
Jacqueline,Chavez,jchavez43@storify.com,China,Female,Xinjiezhen,Aimbo,37766.61,CNY
Phyllis,Stone,pstone44@amazonaws.com,Cuba,Female,Calimete,Skipfire,39971.88,CUP
Anthony,Ray,aray45@scribd.com,Indonesia,Male,Laiponda,Yodo,82029.59,IDR
Janice,Shaw,jshaw46@soup.io,Thailand,Female,Prachamtakham,Ailane,91570.42,THB
Eugene,Lewis,elewis47@intel.com,Indonesia,Male,Cilimus Kulon,Rhyloo,3036.66,IDR
Bonnie,Moreno,bmoreno48@blinklist.com,China,Female,Yanmen,Zoonoodle,,CNY
Amanda,Dunn,adunn49@disqus.com,Nigeria,Female,Suleja,Twitternation,22590.10,NGN
Irene,Brown,ibrown4a@nyu.edu,Russia,Female,Khadyzhensk,Cogidoo,25587.20,RUB
Stephanie,Tucker,stucker4b@archive.org,Czech Republic,Female,Buchlovice,Devpulse,17630.59,CZK
Paul,Gonzales,pgonzales4c@springer.com,Czech Republic,Male,Milevsko,Eabox,19126.25,CZK
Harry,West,hwest4d@vistaprint.com,Kazakhstan,Male,Belköl,Thoughtbeat,71841.58,KZT
Eric,Diaz,ediaz4e@statcounter.com,Japan,Male,Ōmura,Tazz,42381.53,JPY
Rose,Stevens,rstevens4f@zimbio.com,China,Female,Tingzhou,Edgeify,88674.98,CNY
Kevin,Allen,kallen4g@usgs.gov,Philippines,Male,Lusong,Lajo,27163.95,PHP
Angela,Vasquez,avasquez4h@twitpic.com,Canada,Female,Sydney Mines,Mycat,46594.50,CAD
Eugene,Arnold,earnold4i@seattletimes.com,Portugal,Male,Colares,Photobug,44702.98,EUR
Theresa,Hunt,thunt4j@ftc.gov,Chile,Female,San Antonio,Tagopia,60864.71,CLP
Joseph,Morgan,jmorgan4k@about.me,China,Male,Liugou,Eire,96593.99,CNY
Russell,Evans,revans4l@storify.com,Venezuela,Male,Píritu,Jabberstorm,71916.87,VEF
Betty,Sanchez,bsanchez4m@stanford.edu,Indonesia,Female,Taluncemara,Livetube,80026.59,IDR
Ashley,Patterson,apatterson4n@fotki.com,Ukraine,Female,Zvenyhorodka,Zoomcast,76771.40,UAH
Amanda,Rose,arose4o@mashable.com,Colombia,Female,Caparrapí,Gabtune,27945.27,COP
Andrea,Chavez,achavez4p@jalbum.net,Japan,Female,Tomobe,Eazzy,75135.89,JPY
Roy,Torres,rtorres4q@globo.com,Russia,Male,Nikol’skoye,Kwilith,15053.81,RUB
Gerald,Long,glong4r@aboutads.info,Philippines,Male,Ambulong,Skajo,99492.65,PHP
Ann,Medina,amedina4s@huffingtonpost.com,Philippines,Female,Cordon,Tavu,60011.97,PHP
Debra,Taylor,dtaylor4t@g.co,United States,Female,Colorado Springs,Zoomcast,57408.97,USD
Jose,Stephens,jstephens4u@tinypic.com,Iran,Male,Tonekābon,Yakitri,93337.83,IRR
Robert,Harvey,rharvey4v@utexas.edu,United States,Male,Miami,Gabtype,46791.43,USD
Kelly,Lawson,klawson4w@harvard.edu,China,Female,Baolong,Fivebridge,90760.10,CNY
Janet,Elliott,jelliott4x@phoca.cz,Russia,Female,Orda,Ainyx,68013.37,RUB
Judy,Myers,jmyers4y@unblog.fr,China,Female,Yunlu,Skidoo,,CNY
Philip,Reid,preid4z@auda.org.au,Czech Republic,Male,Dobrá,Trudoo,9617.24,CZK
Martin,Baker,mbaker50@si.edu,Russia,Male,Pristen’,Izio,82419.03,RUB
Lori,Reyes,lreyes51@blogtalkradio.com,China,Female,Sanjian,Centizu,18307.94,CNY
Barbara,Gordon,bgordon52@pen.io,Indonesia,Female,Umbultanjung,Quimm,84849.43,IDR
Carolyn,Jacobs,cjacobs53@amazon.co.uk,Indonesia,Female,Sifala,Tagchat,70621.63,IDR
Keith,Gibson,kgibson54@fastcompany.com,Indonesia,Male,Nunsena,Brainsphere,94489.69,IDR
Julia,Jacobs,jjacobs55@theglobeandmail.com,Albania,Female,Mesopotam,Yoveo,81572.77,ALL
Joan,Turner,jturner56@about.me,Czech Republic,Female,Černá Hora,Edgepulse,82173.78,CZK
Lois,Arnold,larnold57@t.co,Mexico,Female,San Agustin,Skalith,70457.61,MXN
John,Henderson,jhenderson58@skyrock.com,Russia,Male,Yakovlevskoye,Oozz,11587.45,RUB
Howard,Ryan,hryan59@goodreads.com,Japan,Male,Itsukaichi,Wikibox,3663.71,JPY
Frank,Johnson,fjohnson5a@prweb.com,India,Male,Agraharam,Agimba,29462.88,INR
Emily,Rose,erose5b@house.gov,Russia,Female,Chishmy,Katz,44688.42,RUB
Cynthia,Flores,cflores5c@histats.com,Japan,Female,Chino,Gabtype,19477.30,JPY
Susan,Olson,solson5d@sogou.com,Cameroon,Female,Bélel,Quatz,1710.62,XAF
Paul,Gordon,pgordon5e@a8.net,China,Male,Yudong,Voonyx,11483.80,CNY
Christina,Mitchell,cmitchell5f@behance.net,Canada,Female,Orangeville,Trilith,21586.83,CAD
Andrea,Hicks,ahicks5g@sciencedirect.com,Philippines,Female,Lunas,Flashpoint,65455.42,PHP
Lori,Banks,lbanks5h@1688.com,Philippines,Female,Esperanza,Mycat,15601.48,PHP
Patricia,Knight,pknight5i@ehow.com,Dominican Republic,Female,Bayaguana,Fivechat,92274.66,DOP
Larry,Jacobs,ljacobs5j@altervista.org,Libya,Male,Al Bayḑā’,Vinte,59568.86,LYD
Steve,Reynolds,sreynolds5k@ftc.gov,Ukraine,Male,Lazi,Rhynyx,39759.45,UAH
Theresa,Wallace,twallace5l@mac.com,Poland,Female,Zagórze,Aimbu,58325.01,PLN
Clarence,Kim,ckim5m@wordpress.org,China,Male,Aba,Twitternation,94747.01,CNY
Ernest,Ryan,eryan5n@ucsd.edu,Ecuador,Male,Puyo,Feednation,,USD
Joyce,Weaver,jweaver5o@alibaba.com,United States,Female,Greensboro,Zoozzy,22967.76,USD
Gerald,Coleman,gcoleman5p@php.net,Philippines,Male,Port Barton,Skalith,66531.91,PHP
Janice,Harvey,jharvey5q@disqus.com,Indonesia,Female,Ketapang,Gigaclub,74894.87,IDR
Ashley,George,ageorge5r@behance.net,China,Female,Xubu,Yata,4092.68,CNY
Karen,Fields,kfields5s@gmpg.org,United States,Female,San Rafael,Aimbu,,USD
Laura,Rose,lrose5t@marriott.com,China,Female,Huangjinbu,Quatz,76872.82,CNY
Gloria,Knight,gknight5u@opensource.org,Indonesia,Female,Muarasiau,Feedbug,16059.71,IDR
Craig,Ortiz,cortiz5v@stumbleupon.com,Indonesia,Male,Randuagung,Dablist,60272.18,IDR
James,Franklin,jfranklin5w@cnn.com,Nigeria,Male,Kaingiwa,Meevee,96685.64,NGN
Donna,Gutierrez,dgutierrez5x@yelp.com,Nigeria,Female,Okigwi,Yodoo,31811.95,NGN
Paula,Lopez,plopez5y@ameblo.jp,Philippines,Female,Bay-ang,Realbridge,78391.68,PHP
James,Bowman,jbowman5z@apache.org,Poland,Male,Wawrzeńczyce,Oozz,46674.42,PLN
Pamela,Morrison,pmorrison60@usgs.gov,United Arab Emirates,Female,Muzayri‘,Tagcat,92666.25,AED
Samuel,Davis,sdavis61@ow.ly,Poland,Male,Koźmin Wielkopolski,Skyndu,49228.40,PLN
Sara,Arnold,sarnold62@hibu.com,Ireland,Female,Monaghan,Rooxo,20125.34,EUR
Jacqueline,Lee,jlee63@cmu.edu,South Korea,Female,Imsil,Trunyx,86843.80,KRW
Martha,Hansen,mhansen64@list-manage.com,Myanmar,Female,Taungdwingyi,Kwilith,79613.64,MMK
Craig,Patterson,cpatterson65@e-recht24.de,Indonesia,Male,Taraju,Youfeed,44562.92,IDR
Chris,Burke,cburke66@webs.com,Chile,Male,La Serena,Oyoyo,81646.77,CLP
Brandon,Larson,blarson67@domainmarket.com,Portugal,Male,Várzea da Serra,Youopia,52035.86,EUR
Jerry,Larson,jlarson68@free.fr,Tunisia,Male,La Sebala du Mornag,Topicware,42210.15,TND
Deborah,Sanchez,dsanchez69@instagram.com,Japan,Female,Shisui,Trudoo,56707.26,JPY
Theresa,Mcdonald,tmcdonald6a@kickstarter.com,Philippines,Female,Pangal Sur,Babblestorm,19384.14,PHP
Eric,Thomas,ethomas6b@auda.org.au,China,Male,Kangping,Brightdog,27474.55,CNY
Anne,Schmidt,aschmidt6c@wikipedia.org,United Kingdom,Female,Kingston,Rhynoodle,27404.66,GBP
Frank,George,fgeorge6d@nasa.gov,Philippines,Male,Bolilao,Yakidoo,957.62,PHP
Terry,Clark,tclark6e@so-net.ne.jp,Brazil,Male,Rosário do Sul,Bluezoom,48332.28,BRL
Douglas,King,dking6f@japanpost.jp,China,Male,Yantian,Plambee,760.03,CNY
Ruby,Murphy,rmurphy6g@devhub.com,Italy,Female,Messina,Zoozzy,28248.40,EUR
Richard,Diaz,rdiaz6h@eventbrite.com,Vietnam,Male,Tân Kỳ,Twitterlist,59430.37,VND
Todd,Bailey,tbailey6i@ameblo.jp,Peru,Male,Quinocay,Kwinu,2624.61,PEN
Jonathan,Fisher,jfisher6j@umich.edu,China,Male,Futu,Brainverse,63614.50,CNY
Joe,Olson,jolson6k@seesaa.net,Sweden,Male,Stockholm,Zoomdog,27827.85,SEK
Samuel,Robinson,srobinson6l@pcworld.com,Zambia,Male,Mufulira,Fiveclub,14284.82,ZMW
Ernest,White,ewhite6m@noaa.gov,Indonesia,Male,Neglasari,Youspan,48718.35,IDR
Kenneth,Holmes,kholmes6n@tmall.com,Poland,Male,Budzów,Bubblebox,323.61,PLN
Cheryl,Chapman,cchapman6o@uiuc.edu,China,Female,Huangmao,Skyvu,75553.21,CNY
Carol,Butler,cbutler6p@blogger.com,Indonesia,Female,Pantaibesar,Topiczoom,75559.38,IDR
Diana,Howard,dhoward6q@cisco.com,Indonesia,Female,Talibura,Oloo,21655.08,IDR
Theresa,Perkins,tperkins6r@yellowpages.com,China,Female,Bachuan,Twimm,96420.88,CNY
Harry,Black,hblack6s@dedecms.com,Indonesia,Male,Semanding Barat,Gigashots,41176.04,IDR
James,Rogers,jrogers6t@soup.io,Indonesia,Male,Nangalimang,Tavu,8066.78,IDR
Larry,Sullivan,lsullivan6u@buzzfeed.com,United States,Male,Naples,Trunyx,81863.19,USD
Anna,Ramirez,aramirez6v@liveinternet.ru,Russia,Female,Glotovka,Yambee,69447.06,RUB
Louis,Ruiz,lruiz6w@desdev.cn,Israel,Male,Ganné Tiqwa,BlogXS,95023.28,ILS
Patrick,Weaver,pweaver6x@businessweek.com,Portugal,Male,Mucifal,Wordware,29901.82,EUR
Arthur,Gilbert,agilbert6y@ustream.tv,Russia,Male,Semibratovo,Fadeo,96746.29,RUB
Jeremy,Ortiz,jortiz6z@kickstarter.com,Russia,Male,Michurinskoye,Feedspan,27238.32,RUB
George,James,gjames70@baidu.com,China,Male,Fushan,Kayveo,1067.36,CNY
Rachel,Bennett,rbennett71@drupal.org,Philippines,Female,Cagwait,Realbuzz,78301.48,PHP
Joyce,Romero,jromero72@barnesandnoble.com,Macedonia,Female,Veles,Dabtype,92137.09,MKD
Jack,Brown,jbrown73@studiopress.com,China,Male,Leluo,Kare,36809.50,CNY
Chris,Jacobs,cjacobs74@opera.com,Greece,Male,Alexandroúpoli,Photobug,37896.52,EUR
Carlos,Andrews,candrews75@vk.com,Philippines,Male,San Martin,Eabox,17649.78,PHP
Alice,Dean,adean76@indiatimes.com,United States,Female,Oklahoma City,Topicware,22575.72,USD
Janice,Warren,jwarren77@themeforest.net,Poland,Female,Chojnów,Oyoyo,99196.75,PLN
Raymond,Jenkins,rjenkins78@over-blog.com,Colombia,Male,Albania,Gabtune,35117.58,COP
Kathy,Dixon,kdixon79@reverbnation.com,China,Female,Yong’an,Flipbug,14272.57,CNY
Cheryl,Johnston,cjohnston7a@clickbank.net,China,Female,Hezhang,Thoughtbeat,52369.07,CNY
Jeffrey,Mccoy,jmccoy7b@imgur.com,Philippines,Male,De la Paz,Gabvine,70763.43,PHP
Rose,Freeman,rfreeman7c@tmall.com,France,Female,Nantes,Devbug,34238.19,EUR
Chris,Alvarez,calvarez7d@yandex.ru,France,Male,Avignon,Photojam,,EUR
Anna,Knight,aknight7e@usgs.gov,Mauritius,Female,Saint Aubin,Twitterbridge,14330.43,MUR
Sean,Hawkins,shawkins7f@histats.com,China,Male,Jingping,Zoovu,,CNY
Kathy,Gomez,kgomez7g@dropbox.com,Serbia,Female,Svrljig,Skyble,85063.41,RSD
Daniel,James,djames7h@yahoo.co.jp,China,Male,Fengshan,Voolia,,CNY
Carlos,Perry,cperry7i@bloglovin.com,China,Male,Gaoping,Rhynoodle,31463.27,CNY
Elizabeth,Cole,ecole7j@privacy.gov.au,China,Female,Xialu,Bluezoom,68113.79,CNY
Ralph,Nichols,rnichols7k@weibo.com,China,Male,Baiyang,Kwilith,25893.73,CNY
Heather,Spencer,hspencer7l@technorati.com,China,Female,Shuangshipu,Browsedrive,84459.32,CNY
Martha,Nichols,mnichols7m@soundcloud.com,Argentina,Female,Cañuelas,Shufflebeat,9731.32,ARS
Frances,Rose,frose7n@barnesandnoble.com,Philippines,Female,Sañgay,Lajo,57896.82,PHP
Sandra,Cooper,scooper7o@ted.com,Peru,Female,Camilaca,Riffpedia,25634.48,PEN
Lillian,Snyder,lsnyder7p@google.it,Philippines,Female,Kabalen,Cogilith,39230.50,PHP
Craig,Day,cday7q@hibu.com,Sierra Leone,Male,Tongole,Divape,81577.26,SLL
Jane,Mcdonald,jmcdonald7r@tuttocitta.it,Peru,Female,Pacaraos,Tagtune,13299.41,PEN
Scott,Lynch,slynch7s@reuters.com,Philippines,Male,Prosperidad,Divape,16515.15,PHP
Frances,George,fgeorge7t@accuweather.com,Portugal,Female,Nazaré,Oyope,9016.62,EUR
Kathryn,Chapman,kchapman7u@howstuffworks.com,Iran,Female,Tāybād,Feedfire,22937.56,IRR
Ryan,Cook,rcook7v@washingtonpost.com,Greece,Male,Acharnés,Zoomdog,57358.32,EUR
Jean,Gonzales,jgonzales7w@admin.ch,Iraq,Female,Al ‘Azīzīyah,Wikido,73577.97,IQD
Shawn,Watson,swatson7x@statcounter.com,Nigeria,Male,Igbo-Ukwu,Vipe,43672.49,NGN
Jason,Burton,jburton7y@clickbank.net,China,Male,Shuiying,Aimbu,28777.54,CNY
Russell,George,rgeorge7z@multiply.com,Indonesia,Male,Pancalan,Skimia,,IDR
Nicole,Jacobs,njacobs80@youtu.be,Indonesia,Female,Karangkedawung,Twitterwire,32108.26,IDR
Eric,Riley,eriley81@cafepress.com,Ukraine,Male,Krasnotorka,Skibox,,UAH
Denise,Gonzales,dgonzales82@tinypic.com,China,Female,Rudong,Jabbersphere,57641.36,CNY
Roger,Hayes,rhayes83@ezinearticles.com,Russia,Male,Semënovskoye,Realmix,72655.70,RUB
Shirley,Lewis,slewis84@loc.gov,China,Female,Huangyang,Agimba,12226.46,CNY
Henry,Nguyen,hnguyen85@samsung.com,China,Male,Yanghou,Tekfly,3258.89,CNY
Pamela,Dean,pdean86@boston.com,Venezuela,Female,Camatagua,Voolith,,VEF
Gary,Evans,gevans87@ibm.com,Sweden,Male,Deje,Youfeed,,SEK
Robin,Palmer,rpalmer88@mit.edu,Dominica,Female,Castle Bruce,Babbleset,33157.85,XCD
Randy,Brooks,rbrooks89@g.co,Philippines,Male,Pidigan,Realpoint,5560.71,PHP
Keith,Nguyen,knguyen8a@wp.com,Somalia,Male,Bereeda,Jazzy,92767.21,SOS
William,Weaver,wweaver8b@blogspot.com,Costa Rica,Male,Ipís,Youbridge,79313.41,CRC
Lois,Fuller,lfuller8c@cloudflare.com,China,Female,Xianghuaqiao,Youtags,,CNY
Philip,Long,plong8d@sitemeter.com,United States,Male,Garden Grove,Skimia,33727.69,USD
Paul,Oliver,poliver8e@fema.gov,China,Male,Lanxi,Quinu,17856.45,CNY
Alan,Harrison,aharrison8f@stumbleupon.com,Indonesia,Male,Jatake,Wikido,71015.82,IDR
Annie,Young,ayoung8g@senate.gov,Philippines,Female,Lubao,Riffpath,9515.62,PHP
Evelyn,Perez,eperez8h@xinhuanet.com,Czech Republic,Female,Milovice,Browseblab,26232.25,CZK
Peter,Chapman,pchapman8i@cpanel.net,Albania,Male,Vukatanë,Riffpedia,5403.88,ALL
Melissa,Black,mblack8j@mapquest.com,Thailand,Female,Nong Hin,Jatri,,THB
Sarah,Stevens,sstevens8k@utexas.edu,Philippines,Female,Mantang,Jetwire,38644.49,PHP
Joe,Evans,jevans8l@ucoz.ru,Democratic Republic of the Congo,Male,Goma,Meemm,26778.11,CDF
Annie,Owens,aowens8m@howstuffworks.com,Benin,Female,Comé,Twitternation,78520.56,XOF
Shawn,Hicks,shicks8n@bloomberg.com,Pakistan,Male,Khuzdār,Pixonyx,42029.08,PKR
Jeremy,Perez,jperez8o@latimes.com,United States,Male,Austin,Avavee,1630.98,USD
Laura,Reed,lreed8p@berkeley.edu,Russia,Female,Chumikan,Latz,47820.95,RUB
Aaron,Daniels,adaniels8q@bing.com,Russia,Male,Krasnyy Kholm,Shuffletag,44107.56,RUB
Linda,Adams,ladams8r@bravesites.com,Russia,Female,Planovskoye,Skinder,,RUB
Earl,Mendoza,emendoza8s@delicious.com,Russia,Male,Vsevolozhsk,Midel,,RUB
Andrew,Sanchez,asanchez8t@goodreads.com,Brazil,Male,Jaguariaíva,Zazio,8944.74,BRL
Jerry,Kim,jkim8u@pagesperso-orange.fr,China,Male,Hualin,Flipbug,16451.65,CNY
Thomas,Butler,tbutler8v@istockphoto.com,Argentina,Male,San Fernando del Valle de Catamarca,Linkbuzz,82362.82,ARS
John,Nguyen,jnguyen8w@dedecms.com,Kazakhstan,Male,Zhezqazghan,Skidoo,71685.41,KZT
Andrea,Watkins,awatkins8x@usnews.com,China,Female,Shejiang,Voomm,16287.55,CNY
Julia,Vasquez,jvasquez8y@craigslist.org,Portugal,Female,Catujal Velho,Yozio,12404.66,EUR
Victor,Riley,vriley8z@ycombinator.com,Poland,Male,Lipnik,Vidoo,71595.79,PLN
Nicole,Price,nprice90@sina.com.cn,China,Female,Zhujiachang,Devify,8333.39,CNY
Tammy,Morris,tmorris91@msu.edu,Sweden,Female,Trollhättan,Thoughtsphere,56317.62,SEK
Johnny,Hansen,jhansen92@washingtonpost.com,Portugal,Male,Agra,Twinte,75738.52,EUR
James,Mason,jmason93@whitehouse.gov,France,Male,Chilly-Mazarin,Zoombox,92608.90,EUR
Sandra,Jordan,sjordan94@etsy.com,Poland,Female,Sierpc,Jabbersphere,77104.74,PLN
Elizabeth,Hunt,ehunt95@desdev.cn,Cameroon,Female,Edéa,Wikivu,35650.87,XAF
Tina,Frazier,tfrazier96@seesaa.net,Brazil,Female,Charqueadas,Skivee,99505.29,BRL
Ralph,Stephens,rstephens97@springer.com,Argentina,Male,Libertador General San Martín,Yodo,26720.84,ARS
Edward,Reynolds,ereynolds98@tripod.com,Argentina,Male,Las Heras,Mydeo,84422.63,ARS
Chris,Wright,cwright99@flavors.me,Brazil,Male,Bom Jesus dos Perdões,Dynabox,75286.53,BRL
George,Williamson,gwilliamson9a@cbslocal.com,China,Male,Lingbei,Flipopia,18556.51,CNY
Kelly,Lewis,klewis9b@t.co,Russia,Female,Overyata,Tagfeed,79918.92,RUB
Janet,Gomez,jgomez9c@51.la,Philippines,Female,Tapilon,Fatz,38080.60,PHP
John,Morales,jmorales9d@baidu.com,Colombia,Male,Mapiripán,Blogspan,14450.51,COP
Jane,Riley,jriley9e@blogtalkradio.com,Iran,Female,Shāzand,Zoonoodle,36963.24,IRR
Paul,Perkins,pperkins9f@gov.uk,Lebanon,Male,Bhamdoun,Riffpath,2393.65,LBP
Ralph,Rivera,rrivera9g@soup.io,Latvia,Male,Zilupe,Thoughtmix,45702.12,EUR
Laura,Reyes,lreyes9h@cyberchimps.com,South Africa,Female,Lebowakgomo,Dynabox,77235.57,ZAR
Diana,Thomas,dthomas9i@umich.edu,Thailand,Female,Nong Bua Lamphu,Voomm,55979.99,THB
Laura,Lawrence,llawrence9j@admin.ch,Serbia,Female,Aleksinac,Tagopia,1943.21,RSD
Denise,Chavez,dchavez9k@rakuten.co.jp,Indonesia,Female,Loboniki,Viva,75790.71,IDR
Sean,Pierce,spierce9l@google.fr,China,Male,Jianshe,Wordify,88290.40,CNY
Phyllis,Berry,pberry9m@google.nl,China,Female,Yuguan,Quinu,23829.76,CNY
Clarence,Duncan,cduncan9n@yandex.ru,United States,Male,Colorado Springs,Youspan,41897.31,USD
Jessica,Bradley,jbradley9o@taobao.com,Indonesia,Female,Kaduengang,Yakitri,9861.65,IDR
Irene,Campbell,icampbell9p@ovh.net,Portugal,Female,Pedome,Quire,,EUR
Nicole,Garcia,ngarcia9q@nba.com,Panama,Female,Sabanitas,Gabvine,38905.52,PAB
Carol,Wright,cwright9r@blogtalkradio.com,Argentina,Female,Ceres,Skaboo,84902.25,ARS
Linda,Spencer,lspencer9s@usnews.com,Bulgaria,Female,Kula,Latz,10063.12,BGN
Frances,Andrews,fandrews9t@msn.com,Bosnia and Herzegovina,Female,Orahovica Donja,Skyble,27937.12,BAM
Lois,Young,lyoung9u@moonfruit.com,Latvia,Female,Jūrmala,Meedoo,84836.45,EUR
Melissa,Simmons,msimmons9v@topsy.com,South Africa,Female,Krugersdorp,Abatz,58882.83,ZAR
Dorothy,Porter,dporter9w@edublogs.org,China,Female,Huaqiao,Skilith,53836.25,CNY
Phillip,Graham,pgraham9x@alexa.com,Belgium,Male,Ninove,Devpoint,1473.47,EUR
Anthony,Jackson,ajackson9y@redcross.org,Colombia,Male,Quibdó,Blogtag,33438.22,COP
Antonio,Hudson,ahudson9z@auda.org.au,Cyprus,Male,Ágios Týchon,Nlounge,26594.21,EUR
James,Little,jlittlea0@pen.io,Indonesia,Male,Potikosin,Realpoint,63557.50,IDR
Alice,Morales,amoralesa1@is.gd,Indonesia,Female,Banjar Kubu,Pixope,84987.06,IDR
Maria,Gardner,mgardnera2@facebook.com,China,Female,Yujia,Feednation,86789.45,CNY
Shawn,Gonzalez,sgonzaleza3@npr.org,Democratic Republic of the Congo,Male,Sake,Npath,98901.53,CDF
Donald,Carr,dcarra4@gov.uk,Poland,Male,Świdnica,Eabox,67281.11,PLN
Betty,Duncan,bduncana5@google.cn,China,Female,Changsheng,Yodel,35089.66,CNY
Jeffrey,Price,jpricea6@theguardian.com,Spain,Male,Teruel,Realblab,38647.95,EUR
Henry,Long,hlonga7@princeton.edu,Thailand,Male,Samut Songkhram,Dynabox,56398.50,THB
Steve,Morris,smorrisa8@nyu.edu,China,Male,Dongsheng,Yakitri,54633.70,CNY
Karen,Cooper,kcoopera9@hc360.com,France,Female,Paris 11,Trunyx,,EUR
Clarence,Wright,cwrightaa@icq.com,Ethiopia,Male,Ziway,Linklinks,8074.36,ETB
Joshua,Bryant,jbryantab@facebook.com,Yemen,Male,Ar Rawḑ,Yabox,82322.65,YER
Jesse,Young,jyoungac@t.co,Portugal,Male,Carregado,Plajo,10762.60,EUR
Benjamin,Stone,bstonead@howstuffworks.com,Russia,Male,Medvedok,Wikizz,38545.53,RUB
Sara,Kelly,skellyae@cpanel.net,Philippines,Female,Majayjay,Skinix,93185.63,PHP
Dennis,Burton,dburtonaf@oakley.com,China,Male,Hushi,Zooxo,34014.29,CNY
Clarence,Ray,crayag@addthis.com,Indonesia,Male,Mandala,Topicware,5050.17,IDR
Keith,Matthews,kmatthewsah@utexas.edu,Serbia,Male,Bečej,Twitterbeat,19275.10,RSD
Paul,Berry,pberryai@topsy.com,South Africa,Male,Centurion,Trilia,89954.54,ZAR
Rose,Simpson,rsimpsonaj@wix.com,Panama,Female,La Mesa,Twitterwire,62940.62,PAB
Ralph,Moore,rmooreak@google.com.au,Sweden,Male,Göteborg,Meevee,95570.91,SEK
Peter,King,pkingal@uol.com.br,Portugal,Male,Azaruja,Skyba,34788.82,EUR
Mildred,Pierce,mpierceam@themeforest.net,China,Female,Xishiqiao,Mydeo,68724.86,CNY
Jacqueline,Gonzales,jgonzalesan@sogou.com,China,Female,Guohe,Zava,6710.48,CNY
Ryan,Bailey,rbaileyao@ft.com,Norway,Male,Kongsvinger,Yacero,97840.59,NOK
Ruth,Cruz,rcruzap@bigcartel.com,Indonesia,Female,Patalan,Meevee,46797.51,IDR
Ruby,Medina,rmedinaaq@tinypic.com,Montenegro,Female,Rožaje,Fiveclub,97023.86,EUR
Laura,Watkins,lwatkinsar@rakuten.co.jp,Iraq,Female,Al Başrah,Voomm,74567.43,IQD
Kelly,White,kwhiteas@nhs.uk,China,Female,Jianghong,Brainbox,24539.20,CNY
Rebecca,Lee,rleeat@buzzfeed.com,Latvia,Female,Ķegums,Jetwire,71972.88,EUR
Roger,Hunt,rhuntau@mlb.com,Vietnam,Male,Bằng Lũng,Divavu,59535.02,VND
Richard,Mitchell,rmitchellav@home.pl,Russia,Male,Chegdomyn,Tagcat,41449.54,RUB
Karen,White,kwhiteaw@adobe.com,China,Female,Ya’ergenchu,JumpXS,89451.32,CNY
Ryan,Hunter,rhunterax@hp.com,Syria,Male,Al Bahlūlīyah,Cogibox,19804.54,SYP
Amanda,Perez,aperezay@slashdot.org,China,Female,Wanquan,Plajo,55432.36,CNY
Harry,Garrett,hgarrettaz@tinyurl.com,Portugal,Male,Lagoa,Wikizz,90465.08,EUR
Joyce,Vasquez,jvasquezb0@msu.edu,Ireland,Female,Prosperous,Tagfeed,,EUR
Philip,Kim,pkimb1@ebay.com,Nicaragua,Male,Tisma,Skibox,35653.29,NIO
Frank,Bailey,fbaileyb2@psu.edu,Poland,Male,Ręczno,Jetwire,88968.65,PLN
Ernest,Jacobs,ejacobsb3@prnewswire.com,Indonesia,Male,Babat,Buzzshare,,IDR
Kimberly,Torres,ktorresb4@smh.com.au,France,Female,Marne-la-Vallée,Yotz,16383.71,EUR
Walter,Sanders,wsandersb5@bing.com,Belarus,Male,Hatava,Buzzster,56847.11,BYR
Juan,Mccoy,jmccoyb6@hud.gov,Russia,Male,Syzran’,Oodoo,5013.10,RUB
Jeffrey,Bailey,jbaileyb7@ucoz.com,Somalia,Male,Baardheere,Oyoloo,21375.88,SOS
Harold,Mason,hmasonb8@patch.com,Afghanistan,Male,Kafir Qala,Meevee,58848.79,AFN
Joshua,Hughes,jhughesb9@a8.net,Russia,Male,Selishche,Roombo,73576.74,RUB
Cheryl,Spencer,cspencerba@opensource.org,Canada,Female,Windsor,Buzzster,10091.37,CAD
Deborah,Williams,dwilliamsbb@china.com.cn,Philippines,Female,Lañgub,Vidoo,72668.99,PHP
Nicole,Gray,ngraybc@stumbleupon.com,Kuwait,Female,Şabāḩ as Sālim,Realfire,46556.57,KWD
Brenda,Jordan,bjordanbd@de.vu,Kazakhstan,Female,Georgīevka,Babbleopia,96961.69,KZT
Ryan,Brown,rbrownbe@i2i.jp,Dominican Republic,Male,Nagua,Jabbercube,62052.15,DOP
Martha,Johnston,mjohnstonbf@loc.gov,Indonesia,Female,Darungan Lor,Podcat,53428.65,IDR
Diane,Jackson,djacksonbg@facebook.com,Thailand,Female,Loei,Midel,58749.63,THB
Nancy,Lynch,nlynchbh@jalbum.net,Ukraine,Female,Berezovo,Abatz,20308.92,UAH
Timothy,Young,tyoungbi@yale.edu,Barbados,Male,Welchman Hall,Einti,1788.70,BBD
Teresa,Howard,thowardbj@berkeley.edu,Japan,Female,Tagawa,Thoughtbeat,85118.44,JPY
Kathryn,Lewis,klewisbk@apple.com,China,Female,Shaoguan,Realblab,33719.72,CNY
Larry,Anderson,landersonbl@ftc.gov,Philippines,Male,Sambuluan,Eidel,40042.93,PHP
Fred,Carroll,fcarrollbm@ycombinator.com,Mexico,Male,Francisco I Madero,Oba,90359.43,MXN
Paul,Allen,pallenbn@furl.net,Poland,Male,Borek,Viva,44124.91,PLN
Sharon,Ward,swardbo@huffingtonpost.com,Indonesia,Female,Warungbuah,Wordware,1428.06,IDR
Amanda,Collins,acollinsbp@mail.ru,Zambia,Female,Mporokoso,Dynabox,4728.74,ZMW
Raymond,Gray,rgraybq@topsy.com,Cuba,Male,Santiago de Cuba,Leexo,14756.61,CUP
Wanda,Matthews,wmatthewsbr@epa.gov,China,Female,Beichengqu,Voonder,26687.54,CNY
Benjamin,Fuller,bfullerbs@paginegialle.it,China,Male,Yanglin,Fliptune,96510.16,CNY
Carol,Howard,chowardbt@apple.com,China,Female,Tonggu,Eabox,26855.75,CNY
Mary,Fisher,mfisherbu@economist.com,China,Female,Qingfeng,Zoovu,15968.98,CNY
Thomas,George,tgeorgebv@discuz.net,Russia,Male,Pushkino,Mita,,RUB
Steve,Adams,sadamsbw@prweb.com,Marshall Islands,Male,Wotho,Yodoo,,USD
Betty,Moreno,bmorenobx@eepurl.com,Russia,Female,Ob’,Trudeo,,RUB
Judy,Cole,jcoleby@fda.gov,Venezuela,Female,Tía Juana,Blogpad,23278.13,VEF
Jean,Harper,jharperbz@army.mil,Ghana,Female,Tarkwa,Yakidoo,94213.31,GHS
Dennis,Rogers,drogersc0@gizmodo.com,United States,Male,Jackson,Dabvine,,USD
Jack,Richardson,jrichardsonc1@jiathis.com,China,Male,Hexi,Feedfire,96658.62,CNY
Sara,Woods,swoodsc2@sfgate.com,Canada,Female,Marieville,Browsezoom,29506.19,CAD
Terry,Smith,tsmithc3@bizjournals.com,China,Male,Mugala,Topiclounge,38906.69,CNY
Lawrence,Sanchez,lsanchezc4@last.fm,Croatia,Male,Brijest,Fivebridge,26695.41,HRK
Wayne,Thompson,wthompsonc5@wikipedia.org,Canada,Male,Pilot Butte,Tagopia,66537.82,CAD
Carolyn,Simmons,csimmonsc6@google.com,South Africa,Female,Daniëlskuil,Voomm,28989.84,ZAR
Lois,King,lkingc7@ebay.com,Philippines,Female,Moncada,Browsecat,25237.78,PHP
Andrew,Fernandez,afernandezc8@dyndns.org,China,Male,Yuandun,Dynava,,CNY
Alan,Bryant,abryantc9@wsj.com,China,Male,Baisha,Oyondu,10577.49,CNY
Stephanie,Parker,sparkerca@statcounter.com,Tanzania,Female,Nyangao,Blogtags,47263.96,TZS
Marilyn,Chapman,mchapmancb@answers.com,France,Female,Verdun,Mycat,,EUR
Norma,Wagner,nwagnercc@skyrock.com,Poland,Female,Raszczyce,Youbridge,42223.81,PLN
Judy,Diaz,jdiazcd@unicef.org,Mali,Female,Douentza,Twiyo,85391.21,XOF
Howard,Davis,hdavisce@tinypic.com,Indonesia,Male,Curuggoong,Brainbox,80424.07,IDR
Diane,Thomas,dthomascf@google.nl,Cuba,Female,Baraguá,Quamba,57272.89,CUP
Juan,Burke,jburkecg@state.tx.us,Guatemala,Male,Colotenango,Twimm,83853.71,GTQ
Alan,Larson,alarsonch@usda.gov,Indonesia,Male,Pantaihambawang,Zoomzone,30194.75,IDR
Mark,Harrison,mharrisonci@fastcompany.com,Peru,Male,Curibaya,Aivee,33354.62,PEN
Lawrence,Stevens,lstevenscj@dailymotion.com,Yemen,Male,Ḩurayḑah,Innotype,7641.30,YER
Irene,Williamson,iwilliamsonck@china.com.cn,United States,Female,Sacramento,Gigabox,22399.54,USD
Helen,Chapman,hchapmancl@buzzfeed.com,Tunisia,Female,Ariana,Realblab,47186.52,TND
Alice,Burton,aburtoncm@columbia.edu,Peru,Female,Shamboyacu,Skimia,79118.82,PEN
Alice,Chavez,achavezcn@comsenz.com,Indonesia,Female,Potikosin,Realbuzz,42700.56,IDR
Martha,Owens,mowensco@google.fr,Kyrgyzstan,Female,Ivanovo-Alekseyevka,Jayo,96792.40,KGS
Christine,Porter,cportercp@businesswire.com,Uruguay,Female,Nueva Helvecia,Abatz,,UYU
Rose,Watson,rwatsoncq@quantcast.com,Argentina,Female,Wenceslao Escalante,Myworks,99766.02,ARS
Larry,Ward,lwardcr@cafepress.com,Russia,Male,Dukhovnitskoye,Livepath,78046.11,RUB
Sarah,Henderson,shendersoncs@mozilla.org,Poland,Female,Żabno,Photolist,45677.04,PLN
Frank,Dunn,fdunnct@dagondesign.com,Brazil,Male,Espera Feliz,Divape,67568.19,BRL
Antonio,Perkins,aperkinscu@berkeley.edu,Israel,Male,Bene 'Ayish,Meembee,43953.72,ILS
Shirley,Cunningham,scunninghamcv@tamu.edu,Colombia,Female,Nóvita,Meembee,70630.78,COP
Wanda,Stewart,wstewartcw@archive.org,Indonesia,Female,Gambut,Oyoyo,97038.24,IDR
Susan,Andrews,sandrewscx@umn.edu,United States,Female,Houston,Zoomdog,96107.92,USD
Judith,Martinez,jmartinezcy@globo.com,Colombia,Female,Campamento,Fliptune,59891.79,COP
Ashley,Dixon,adixoncz@guardian.co.uk,United States,Female,Washington,Jabbertype,18097.66,USD
Jonathan,Oliver,joliverd0@thetimes.co.uk,Indonesia,Male,Kali,Wikido,41980.17,IDR
Ruby,Bradley,rbradleyd1@ftc.gov,Russia,Female,Staraya Ladoga,Kwilith,,RUB
James,Roberts,jrobertsd2@msn.com,Ivory Coast,Male,Aboisso,Edgepulse,42515.65,XOF
Denise,Hansen,dhansend3@vkontakte.ru,Sweden,Female,Lycksele,Demivee,8729.27,SEK
Clarence,Ward,cwardd4@smugmug.com,China,Male,Hongjiang,Brainlounge,54761.49,CNY
Robin,Fisher,rfisherd5@nationalgeographic.com,Canada,Female,London,Skyvu,32752.16,CAD
Charles,Martin,cmartind6@is.gd,Sweden,Male,Ljungskile,Dabtype,79803.17,SEK
Michelle,Hamilton,mhamiltond7@japanpost.jp,Nigeria,Female,Esuk Oron,Leexo,23407.65,NGN
Roy,Gibson,rgibsond8@technorati.com,China,Male,Qingminghe,Ooba,96538.63,CNY
Doris,Foster,dfosterd9@geocities.jp,Sweden,Female,Norrköping,Bluezoom,76669.11,SEK
Lori,Knight,lknightda@zimbio.com,Indonesia,Female,Genyem,Quamba,4108.03,IDR
Craig,Reed,creeddb@cam.ac.uk,Greece,Male,Agios Dimitrios,Meemm,32358.57,EUR
Carolyn,Smith,csmithdc@slashdot.org,Argentina,Female,Villa Paula de Sarmiento,Skiptube,82706.30,ARS
Pamela,Martinez,pmartinezdd@illinois.edu,Russia,Female,Zheleznodorozhnyy,Bluezoom,51001.07,RUB
Eric,Bowman,ebowmande@prlog.org,Portugal,Male,Vale Mourão,Feedspan,74567.04,EUR
Sean,Arnold,sarnolddf@altervista.org,China,Male,Shenzhengqiao,Quatz,18497.29,CNY
Cheryl,Riley,crileydg@nasa.gov,Greece,Female,Áno Sýros,Trunyx,49300.42,EUR
Tina,Martin,tmartindh@uol.com.br,Indonesia,Female,Waipare,Oodoo,98992.73,IDR
Tina,Chavez,tchavezdi@vimeo.com,Japan,Female,Iwanai,Zoovu,18461.49,JPY
Bruce,Stevens,bstevensdj@slideshare.net,China,Male,Hengli,Tagtune,49498.30,CNY
Jesse,Gibson,jgibsondk@whitehouse.gov,China,Male,Denglong,Dynava,68499.41,CNY
Donald,Mills,dmillsdl@usa.gov,China,Male,Sajia,Rhyzio,25818.67,CNY
Brian,Cooper,bcooperdm@elegantthemes.com,China,Male,Hengtanggang,Jaxnation,,CNY
Steve,Morris,smorrisdn@archive.org,Angola,Male,Lobito,Dabtype,26281.37,AOA
James,Dunn,jdunndo@howstuffworks.com,China,Male,Wangjiahe,Skimia,,CNY
Robin,Myers,rmyersdp@360.cn,Honduras,Female,San Agustín,Fivechat,44441.86,HNL
Jacqueline,Romero,jromerodq@istockphoto.com,China,Female,Yanshou,Skimia,91500.01,CNY
George,Cunningham,gcunninghamdr@lycos.com,Colombia,Male,Espinal,Gabspot,88029.04,COP
Rebecca,Burns,rburnsds@wordpress.com,Brazil,Female,Viçosa,Dablist,8794.39,BRL
Joe,Chapman,jchapmandt@webs.com,China,Male,Yuanquan,Photobean,,CNY
Jessica,Campbell,jcampbelldu@microsoft.com,Vietnam,Female,Thị Trấn Than Uyên,Skimia,23729.43,VND
Frances,Smith,fsmithdv@nytimes.com,France,Female,Saint-Marcellin,Voomm,22060.30,EUR
Dennis,Gonzales,dgonzalesdw@sbwire.com,China,Male,Liuzhuang,Tazz,35057.38,CNY
Howard,Thompson,hthompsondx@ebay.co.uk,China,Male,Youhao,Buzzster,67460.19,CNY
Frank,Cruz,fcruzdy@behance.net,China,Male,Huangbu,Nlounge,94083.94,CNY
Diane,Bradley,dbradleydz@japanpost.jp,Czech Republic,Female,Žeravice,Roomm,74371.82,CZK
Martin,Foster,mfostere0@sciencedirect.com,Indonesia,Male,Bangelan,Photobean,43051.52,IDR
Amanda,West,aweste1@example.com,Canada,Female,Selkirk,Edgeclub,8605.83,CAD
Irene,Harvey,iharveye2@si.edu,Brazil,Female,Paracuru,Realcube,47292.63,BRL
Phillip,Kennedy,pkennedye3@ebay.co.uk,Peru,Male,Huasahuasi,Centidel,88598.19,PEN
Ann,Warren,awarrene4@sourceforge.net,Malawi,Female,Nkhotakota,Eire,43898.87,MWK
Albert,Hughes,ahughese5@ft.com,Jordan,Male,Mādabā,Buzzster,27333.96,JOD
Marilyn,Arnold,marnolde6@about.com,Portugal,Female,Quintas,Feedbug,87103.52,EUR
Frances,Henderson,fhendersone7@chronoengine.com,China,Female,Qingkenpao,Skilith,61213.94,CNY
Doris,Evans,devanse8@cisco.com,Luxembourg,Female,Bech,Feedfish,67681.29,EUR
Earl,Sullivan,esullivane9@cam.ac.uk,Indonesia,Male,Mesa,Skiba,71660.20,IDR
Jesse,Gonzales,jgonzalesea@eepurl.com,China,Male,Qiantang,Thoughtbridge,86025.99,CNY
Jonathan,Campbell,jcampbelleb@woothemes.com,Venezuela,Male,Táriba,Quire,80421.46,VEF
Pamela,Turner,pturnerec@networkadvertising.org,Indonesia,Female,Sukadana,Meezzy,53576.20,IDR
Marilyn,Sanders,msandersed@prnewswire.com,Peru,Female,Tisco,Shuffletag,,PEN
Susan,Chavez,schavezee@unc.edu,China,Female,Xinhui,Skimia,9523.41,CNY
Kathy,Wagner,kwagneref@yale.edu,Nigeria,Female,Jos,Skinte,56851.08,NGN
Earl,George,egeorgeeg@microsoft.com,Colombia,Male,Guataquí,Shufflebeat,65381.24,COP
Norma,Greene,ngreeneeh@cnet.com,Greece,Female,Kyparissía,Avaveo,6646.15,EUR
Michael,Carr,mcarrei@admin.ch,Slovenia,Male,Verd,Photobug,56563.12,EUR
Sara,Rice,sriceej@washington.edu,Tajikistan,Female,Khorugh,Fivechat,63021.05,TJS
Justin,Garcia,jgarciaek@redcross.org,Russia,Male,Khvatovka,Gevee,38192.28,RUB
Cheryl,Oliver,coliverel@imgur.com,Philippines,Female,Barotac Nuevo,Zoombeat,29285.50,PHP
Jimmy,Richardson,jrichardsonem@techcrunch.com,Philippines,Male,Libacao,Wordify,2570.47,PHP
Tina,Carter,tcarteren@ocn.ne.jp,China,Female,Dadong,Jaxworks,15652.85,CNY
Sandra,Henderson,shendersoneo@ovh.net,Indonesia,Female,Panguruan,Brainsphere,66478.85,IDR
Gloria,Ramirez,gramirezep@dion.ne.jp,Sweden,Female,Hägersten,Devpulse,99397.28,SEK
Sandra,Hunter,shuntereq@livejournal.com,Japan,Female,Ōkuchi,Jaxbean,,JPY
Harold,Perry,hperryer@businessweek.com,Indonesia,Male,Kimaam,Ailane,41601.32,IDR
Gary,Matthews,gmatthewses@yellowbook.com,Portugal,Male,Barreiras,Kwimbee,1468.19,EUR
David,Payne,dpayneet@ca.gov,Kenya,Male,Nyeri,Meejo,33755.76,KES
Louis,Schmidt,lschmidteu@harvard.edu,United States,Male,Orlando,Mycat,32740.86,USD
Martha,Black,mblackev@ebay.com,Madagascar,Female,Antananarivo,Yambee,63874.43,MGA
Pamela,Smith,psmithew@163.com,China,Female,Dalazi,Dabtype,9551.78,CNY
Kelly,Chapman,kchapmanex@cisco.com,Luxembourg,Female,Septfontaines,Skyvu,34024.16,EUR
Jesse,Willis,jwillisey@example.com,Sweden,Male,Borlänge,Kimia,57766.96,SEK
Diana,Reed,dreedez@abc.net.au,Morocco,Female,Galaz,Yodo,36963.85,MAD
Todd,Arnold,tarnoldf0@aboutads.info,France,Male,Quetigny,Quinu,63116.37,EUR
Mildred,Wilson,mwilsonf1@nydailynews.com,Czech Republic,Female,Chýnov,Kimia,76174.71,CZK
Harry,Wagner,hwagnerf2@cisco.com,China,Male,Xiayang,Zoovu,,CNY
Edward,Harris,eharrisf3@cmu.edu,Poland,Male,Uścimów Stary,Livepath,22976.01,PLN
Jonathan,Little,jlittlef4@newsvine.com,Guam,Male,Tamuning-Tumon-Harmon Village,Skiptube,,USD
Susan,Edwards,sedwardsf5@bigcartel.com,United States,Female,Knoxville,Yozio,29390.35,USD
Jennifer,Stanley,jstanleyf6@addthis.com,Paraguay,Female,San Pedro de Ycuamandiyú,Photofeed,92968.93,PYG
Henry,Howell,hhowellf7@merriam-webster.com,China,Male,Chumen,Riffwire,90318.28,CNY
Ruth,Flores,rfloresf8@ovh.net,China,Female,Shaguotun,Gigaclub,94349.93,CNY
Joyce,Nelson,jnelsonf9@independent.co.uk,China,Female,Pingdingbu,Twitterwire,55914.20,CNY
Eugene,Lee,eleefa@51.la,Portugal,Male,Mujães,Bluezoom,64400.44,EUR
Phyllis,Simpson,psimpsonfb@upenn.edu,China,Female,Daweishan,Zoomzone,23486.16,CNY
Carl,Dean,cdeanfc@cyberchimps.com,Philippines,Male,Manuel Roxas,Blogpad,,PHP
Robin,Franklin,rfranklinfd@apache.org,China,Female,Huzhen,Realcube,35063.13,CNY
Anna,Young,ayoungfe@wisc.edu,Thailand,Female,Na Chueak,Teklist,53706.29,THB
Rachel,Clark,rclarkff@nbcnews.com,Indonesia,Female,Telukpakedai,Wordpedia,6140.09,IDR
Sean,Kennedy,skennedyfg@gnu.org,China,Male,Rudong,Vinder,45563.12,CNY
Linda,Reed,lreedfh@shutterfly.com,Philippines,Female,Hingatungan,Realbridge,91620.84,PHP
Harold,Fields,hfieldsfi@exblog.jp,Czech Republic,Male,Krouna,Avamm,58081.54,CZK
Denise,Harper,dharperfj@a8.net,Indonesia,Female,Bantar Tengah,Zooxo,97594.32,IDR
Judy,Harris,jharrisfk@qq.com,China,Female,Liuzikou,Dabshots,29657.06,CNY
Brandon,Thomas,bthomasfl@umich.edu,China,Male,Sanjia,Talane,74802.37,CNY
Willie,Price,wpricefm@jugem.jp,France,Male,Chantilly,Cogilith,96061.22,EUR
Todd,Griffin,tgriffinfn@about.com,Russia,Male,Sinegor'ye,Dabtype,71952.58,RUB
Craig,Bryant,cbryantfo@bloglovin.com,China,Male,Sunbu,Innotype,49746.45,CNY
Ruby,Cole,rcolefp@liveinternet.ru,Russia,Female,Manturovo,Chatterpoint,27645.73,RUB
Richard,Holmes,rholmesfq@columbia.edu,Egypt,Male,Al Ḩawāmidīyah,Eabox,55526.90,EGP
Rachel,Watkins,rwatkinsfr@blogger.com,Papua New Guinea,Female,Tari,Devify,53423.70,PGK
Robert,Webb,rwebbfs@ifeng.com,China,Male,Sanhe,Jaxworks,78265.75,CNY
Cheryl,Kelley,ckelleyft@bing.com,Guam,Female,Agat Village,Layo,79944.51,USD
Benjamin,Hawkins,bhawkinsfu@wix.com,China,Male,Huohua,Avamm,72028.87,CNY
Susan,Wilson,swilsonfv@prlog.org,United States,Female,Boulder,Quatz,21384.40,USD
Gerald,Lopez,glopezfw@discuz.net,Colombia,Male,Segovia,Babbleset,38186.82,COP
Ashley,Knight,aknightfx@g.co,China,Female,Jiaotan,Linklinks,82444.74,CNY
Jesse,Cook,jcookfy@baidu.com,Czech Republic,Male,Dolní Černilov,Skajo,80726.02,CZK
Gloria,Ramos,gramosfz@hc360.com,Indonesia,Female,Kuala Tuha,Mynte,76572.62,IDR
Marilyn,Robertson,mrobertsong0@accuweather.com,France,Female,Paris 17,Tazz,8681.95,EUR
Rose,Reyes,rreyesg1@indiegogo.com,Kazakhstan,Female,Mayqayyng,Kazio,33709.49,KZT
Randy,Bell,rbellg2@pagesperso-orange.fr,China,Male,Zengtian,Skivee,,CNY
Laura,Johnston,ljohnstong3@photobucket.com,Tajikistan,Female,Hisor,Oozz,24464.66,TJS
Teresa,Gardner,tgardnerg4@vimeo.com,China,Female,Honghualiangzi,Plambee,62453.44,CNY
Adam,Cook,acookg5@rakuten.co.jp,Japan,Male,Kōfu-shi,Gigabox,9587.15,JPY
Frank,Cook,fcookg6@buzzfeed.com,Indonesia,Male,Donomulyo,Snaptags,23464.00,IDR
Phillip,Fuller,pfullerg7@webs.com,Philippines,Male,Estancia,Rhybox,3173.83,PHP
Nancy,Burke,nburkeg8@seesaa.net,China,Female,Chengnan,Tambee,65386.16,CNY
Edward,West,ewestg9@wp.com,Greece,Male,Péfki,Yoveo,78487.37,EUR
Sandra,Rodriguez,srodriguezga@squarespace.com,Russia,Female,Zherdevka,Mydo,69872.18,RUB
Kevin,Cooper,kcoopergb@dmoz.org,China,Male,Qiaonan,Rhybox,63302.60,CNY
Karen,Tucker,ktuckergc@miibeian.gov.cn,Indonesia,Female,Madur,Yombu,,IDR
Robert,Mendoza,rmendozagd@opensource.org,Indonesia,Male,Sidaurip,Meetz,90283.29,IDR
Bruce,Vasquez,bvasquezge@skyrock.com,United States,Male,Birmingham,Eare,89952.72,USD
Sean,Bryant,sbryantgf@wsj.com,Moldova,Male,Drochia,Oyondu,22947.29,MDL
Emily,Roberts,erobertsgg@biblegateway.com,Portugal,Female,Casal do Conde,Myworks,40226.38,EUR
Ronald,Hanson,rhansongh@mayoclinic.com,Paraguay,Male,Altos,Camido,92935.23,PYG
Anthony,Burton,aburtongi@zimbio.com,Indonesia,Male,Pagaden,Zoomcast,41529.37,IDR
Lisa,Gonzales,lgonzalesgj@google.pl,Brazil,Female,Grajaú,Voomm,54487.54,BRL
Benjamin,Simpson,bsimpsongk@prlog.org,Comoros,Male,Itsandzéni,Shuffletag,4037.30,KMF
Betty,Chavez,bchavezgl@cbsnews.com,China,Female,Tatou,Voonder,89951.59,CNY
Bobby,Welch,bwelchgm@utexas.edu,China,Male,Kax,Centidel,22133.77,CNY
Michelle,Thompson,mthompsongn@chron.com,Czech Republic,Female,Újezd,Buzzster,34960.62,CZK
Russell,Taylor,rtaylorgo@dropbox.com,United Arab Emirates,Male,Ajman,Photospace,73917.91,AED
Carol,Berry,cberrygp@diigo.com,Ukraine,Female,Chapayeve,Wikido,48642.07,UAH
Sarah,Armstrong,sarmstronggq@intel.com,China,Female,Dayuanhuizu,Brainverse,54536.66,CNY
Deborah,Matthews,dmatthewsgr@go.com,Russia,Female,Buy,Tazzy,9091.28,RUB
Matthew,Reed,mreedgs@gizmodo.com,Portugal,Male,Marinha,Dabjam,38339.20,EUR
Karen,Hudson,khudsongt@nationalgeographic.com,Brazil,Female,Visconde do Rio Branco,Twimm,49106.70,BRL
Virginia,Payne,vpaynegu@chron.com,Kenya,Female,Kericho,Dynabox,33477.12,KES
Sandra,Edwards,sedwardsgv@google.com.br,Indonesia,Female,Pandansari,Brainverse,25208.91,IDR
Stephanie,Shaw,sshawgw@flickr.com,Indonesia,Female,Potikosin,Skyndu,,IDR
William,Stevens,wstevensgx@digg.com,France,Male,Paris 07,Yombu,25696.06,EUR
Bobby,Burke,bburkegy@accuweather.com,Serbia,Male,Adorjan,Yadel,,RSD
Keith,Harrison,kharrisongz@cnbc.com,United States,Male,Fresno,Bubblebox,86489.05,USD
Frances,Boyd,fboydh0@artisteer.com,China,Female,Heshui,Vimbo,81551.76,CNY
Kathy,Perry,kperryh1@jiathis.com,Finland,Female,Imatra,Lajo,40578.68,EUR
Sandra,Riley,srileyh2@wix.com,Czech Republic,Female,Dolní Sloupnice,Kare,91519.23,CZK
Benjamin,Thompson,bthompsonh3@stumbleupon.com,Syria,Male,Hīsh,Mynte,,SYP
Martha,Edwards,medwardsh4@xrea.com,Mauritius,Female,Mahébourg,Kanoodle,91579.99,MUR
Beverly,Andrews,bandrewsh5@blinklist.com,Poland,Female,Wołomin,Centimia,5989.38,PLN
Keith,Powell,kpowellh6@state.gov,Sweden,Male,Tyresö,Cogibox,46180.12,SEK
Katherine,Mitchell,kmitchellh7@answers.com,China,Female,Yichun,Camimbo,73517.90,CNY
Marie,Payne,mpayneh8@canalblog.com,France,Female,Cergy-Pontoise,Zoomzone,60513.57,EUR
Ronald,Ramos,rramosh9@lulu.com,Russia,Male,Yutsa,Npath,75663.92,RUB
Jane,Olson,jolsonha@list-manage.com,Chile,Female,Puente Alto,Katz,34394.77,CLP
Beverly,Carr,bcarrhb@cafepress.com,Russia,Female,Yermish’,Janyx,39832.45,RUB
Kathryn,Jordan,kjordanhc@hatena.ne.jp,Indonesia,Female,Caringin,Demizz,71849.22,IDR
Roy,Hart,rharthd@yelp.com,Yemen,Male,Sa'dah,Teklist,31857.61,YER
Judy,Hudson,jhudsonhe@yale.edu,Indonesia,Female,Kapuan,Livetube,22752.34,IDR
Terry,Simpson,tsimpsonhf@yale.edu,Norway,Male,Drammen,Yoveo,31687.94,NOK
Sara,Young,syounghg@dion.ne.jp,Poland,Female,Krzeczów,Dynabox,43984.54,PLN
Jessica,Coleman,jcolemanhh@google.co.uk,Philippines,Female,Muricay,Topicblab,30510.34,PHP
Anne,Walker,awalkerhi@mozilla.org,Indonesia,Female,Tembang,Dynava,99074.41,IDR
Timothy,Grant,tgranthj@ehow.com,Japan,Male,Tokushima-shi,Jetwire,74333.41,JPY
Mark,Reynolds,mreynoldshk@sourceforge.net,Indonesia,Male,Wanga,Blogspan,83865.47,IDR
Roy,Hernandez,rhernandezhl@gravatar.com,Portugal,Male,Póvoa,Yodel,76932.11,EUR
Janet,Garrett,jgarretthm@issuu.com,Vietnam,Female,Thị Trấn Nghèn,Yata,54598.09,VND
Samuel,Bryant,sbryanthn@domainmarket.com,Indonesia,Male,Titiakar,Linkbuzz,5003.14,IDR
Jeffrey,Daniels,jdanielsho@nyu.edu,China,Male,Jinghai,Rhybox,88866.66,CNY
Sarah,Campbell,scampbellhp@elegantthemes.com,Russia,Female,Peresvet,Shuffletag,87736.43,RUB
Earl,Freeman,efreemanhq@artisteer.com,Canada,Male,Agassiz,Rhynyx,50237.35,CAD
Andrea,Nelson,anelsonhr@gnu.org,Philippines,Female,Mabuttal East,Dabshots,9850.08,PHP
Henry,Ellis,hellishs@plala.or.jp,Ecuador,Male,Latacunga,Centimia,38318.76,USD
Rose,Reyes,rreyesht@vkontakte.ru,United States,Female,Pittsburgh,Lazz,82420.77,USD
Julia,Harvey,jharveyhu@theatlantic.com,China,Female,Dancheng,Eare,37432.04,CNY
Kathryn,Bishop,kbishophv@weebly.com,Poland,Female,Skulsk,Pixoboo,41041.07,PLN
Philip,Cox,pcoxhw@upenn.edu,China,Male,Xinglin,Rooxo,31639.16,CNY
Frank,Willis,fwillishx@mozilla.org,Portugal,Male,São João das Lampas,Meemm,41775.15,EUR
Terry,Nichols,tnicholshy@vistaprint.com,United States,Male,Pensacola,Feedbug,40173.99,USD
Brian,Harris,bharrishz@columbia.edu,Russia,Male,Vatutino,Zooxo,85007.74,RUB
Mildred,Schmidt,mschmidti0@photobucket.com,China,Female,Huangtu,Shuffletag,5263.97,CNY
Arthur,Gonzales,agonzalesi1@hostgator.com,Poland,Male,Zbrosławice,Zazio,35720.26,PLN
Ronald,Jacobs,rjacobsi2@squarespace.com,Philippines,Male,Cadagmayan Norte,Abata,,PHP
Amanda,Gordon,agordoni3@w3.org,Japan,Female,Ikeda,Plajo,27029.31,JPY
Roy,Wright,rwrighti4@blog.com,Ukraine,Male,Volovets,Meetz,79051.44,UAH
Dorothy,Mcdonald,dmcdonaldi5@house.gov,China,Female,Quchi,Topdrive,98757.47,CNY
Jason,Cole,jcolei6@buzzfeed.com,China,Male,Shifang,Brainbox,70541.23,CNY
Robin,Richardson,rrichardsoni7@goo.gl,Indonesia,Female,Cikijing,JumpXS,32119.88,IDR
Stephen,Andrews,sandrewsi8@pagesperso-orange.fr,Peru,Male,Sabandia,Flashset,97286.90,PEN
Phillip,Diaz,pdiazi9@newyorker.com,China,Male,Xinjiezi,Youbridge,10783.31,CNY
Virginia,Andrews,vandrewsia@nytimes.com,Ecuador,Female,Puerto Francisco de Orellana,Buzzdog,,USD
Norma,Parker,nparkerib@wordpress.org,Ukraine,Female,Volodymyrets’,Zoozzy,64001.04,UAH
Diana,Franklin,dfranklinic@cornell.edu,France,Female,Marne-la-Vallée,Thoughtmix,81895.86,EUR
Phillip,Berry,pberryid@people.com.cn,South Africa,Male,Cofimvaba,Centidel,15218.19,ZAR
Carlos,Foster,cfosterie@oracle.com,China,Male,Chengnan,Quinu,15650.87,CNY
Susan,Barnes,sbarnesif@wufoo.com,Indonesia,Female,Singojuruh,Yabox,38551.26,IDR
Doris,Ellis,dellisig@mapy.cz,China,Female,Liujia,Babbleset,45993.36,CNY
Kathleen,Howell,khowellih@xrea.com,Malaysia,Female,Pulau Pinang,Fatz,92779.17,MYR
Harold,Stone,hstoneii@issuu.com,China,Male,Shuangxi,Quire,91756.75,CNY
Anne,Martin,amartinij@patch.com,Russia,Female,Vyshniy Volochëk,Zoomdog,45670.74,RUB
Jeffrey,Miller,jmillerik@jigsy.com,Czech Republic,Male,Kladno,Janyx,49675.34,CZK
Brenda,West,bwestil@smugmug.com,Russia,Female,Grazhdanskoye,LiveZ,50708.49,RUB
Kevin,Williamson,kwilliamsonim@linkedin.com,United States,Male,Tacoma,Zoozzy,42680.77,USD
William,Romero,wromeroin@nsw.gov.au,Indonesia,Male,Karanganyar,Meembee,44972.57,IDR
Rebecca,Fernandez,rfernandezio@histats.com,Thailand,Female,Muang Sam Sip,Brightbean,53806.13,THB
Joshua,Palmer,jpalmerip@dailymail.co.uk,China,Male,Huaqiao,Topiczoom,46861.79,CNY
Earl,Gonzales,egonzalesiq@addthis.com,Portugal,Male,Velas,Plambee,81197.31,EUR
Sarah,Oliver,soliverir@ebay.co.uk,Laos,Female,Không,Bubbletube,69321.22,LAK
Jeffrey,Perez,jperezis@amazon.co.jp,Indonesia,Male,Balangpule,Janyx,,IDR
Wanda,Smith,wsmithit@indiegogo.com,France,Female,Arras,Latz,,EUR
Debra,Burton,dburtoniu@abc.net.au,Indonesia,Female,Caloue,Gabvine,30989.54,IDR
Billy,Ramos,bramosiv@printfriendly.com,France,Male,Paris 17,Twitterwire,14888.15,EUR
Heather,Romero,hromeroiw@digg.com,Portugal,Female,Miraflores,Aimbu,27105.99,EUR
Thomas,Stewart,tstewartix@berkeley.edu,Philippines,Male,Sigay,Lazz,,PHP
Brandon,Bryant,bbryantiy@youtube.com,Brazil,Male,Três Corações,Mybuzz,61459.34,BRL
Jane,Alvarez,jalvareziz@mashable.com,Indonesia,Female,Ciheras,Browsedrive,60656.24,IDR
Ernest,Carter,ecarterj0@wikispaces.com,Serbia,Male,Aradac,Brainlounge,73303.54,RSD
Jason,Rivera,jriveraj1@engadget.com,Philippines,Male,Tiblawan,Edgewire,80168.06,PHP
Carol,Gomez,cgomezj2@ca.gov,Brazil,Female,Assis,Twimm,40785.39,BRL
Thomas,Reyes,treyesj3@addtoany.com,Indonesia,Male,Jampang Kulon,Buzzshare,76214.59,IDR
Phyllis,Chapman,pchapmanj4@indiegogo.com,Uganda,Female,Buyende,Youbridge,14553.44,UGX
Pamela,Mason,pmasonj5@about.com,Brazil,Female,Nova Prata,Twiyo,87836.72,BRL
Paula,Oliver,poliverj6@reverbnation.com,Brazil,Female,Belém,Eare,,BRL
Tammy,Mendoza,tmendozaj7@adobe.com,Poland,Female,Palcza,Skyble,65026.68,PLN
Antonio,Reid,areidj8@soundcloud.com,Indonesia,Male,Pasirnangka,Linkbridge,77132.66,IDR
Maria,Nguyen,mnguyenj9@lulu.com,Malta,Female,Santa Venera,Meevee,51551.63,EUR
Jason,Schmidt,jschmidtja@miibeian.gov.cn,Russia,Male,Nizhniy Lomov,Oyoyo,29963.58,RUB
Frances,Fox,ffoxjb@csmonitor.com,Tunisia,Female,Beni Khiar,Realmix,41656.08,TND
Kelly,Richardson,krichardsonjc@globo.com,Philippines,Female,Pio Duran,Zoombeat,47882.96,PHP
Peter,Ryan,pryanjd@earthlink.net,Japan,Male,Musashino,Zazio,98166.10,JPY
Edward,Little,elittleje@baidu.com,Venezuela,Male,Guarenas,Janyx,94688.90,VEF
Kathleen,Williamson,kwilliamsonjf@vinaora.com,Ukraine,Female,Turka,Quire,9867.57,UAH
Brian,Wallace,bwallacejg@phoca.cz,China,Male,Longqiao,Jabbertype,30091.92,CNY
Karen,Bryant,kbryantjh@washington.edu,Malaysia,Female,Bandar Pusat Jengka,Realblab,70030.65,MYR
Angela,Cole,acoleji@mozilla.org,Lebanon,Female,Jdaidet el Matn,Flashspan,73157.77,LBP
Juan,Mcdonald,jmcdonaldjj@pbs.org,Indonesia,Male,Umbulan,Twitterbeat,45175.24,IDR
Phyllis,Morales,pmoralesjk@meetup.com,Mexico,Female,San Francisco,Gabvine,56208.44,MXN
Debra,Bishop,dbishopjl@tinyurl.com,Philippines,Female,Malabago,Skibox,97732.73,PHP
Rachel,Stephens,rstephensjm@homestead.com,Ireland,Female,Clones,Flipbug,23900.14,EUR
Roger,Hughes,rhughesjn@adobe.com,Ivory Coast,Male,Bonoua,Divavu,74734.95,XOF
Charles,Hunt,chuntjo@theguardian.com,Portugal,Male,Cernache do Bonjardim,Fivebridge,87118.32,EUR
Gregory,Thomas,gthomasjp@state.tx.us,China,Male,Hetang,Youfeed,64031.26,CNY
Eric,Hunter,ehunterjq@imgur.com,Nigeria,Male,Gwandu,Eamia,,NGN
Joshua,Watkins,jwatkinsjr@nps.gov,Malaysia,Male,Ipoh,Kaymbo,1764.13,MYR
Wanda,Kelly,wkellyjs@bizjournals.com,Indonesia,Female,Taunan,Voonder,29344.13,IDR
Lisa,Greene,lgreenejt@xinhuanet.com,Jamaica,Female,Duncans,Jabbercube,48078.57,JMD
Marilyn,Diaz,mdiazju@epa.gov,Indonesia,Female,Cibeureum Kidul,Dabtype,22852.60,IDR
Ralph,Ross,rrossjv@opera.com,France,Male,Cannes,Ailane,31733.52,EUR
Edward,Butler,ebutlerjw@cnet.com,China,Male,Didou,Quinu,,CNY
Julia,Porter,jporterjx@wix.com,Croatia,Female,Zmijavci,Yambee,49099.06,HRK
Elizabeth,Palmer,epalmerjy@cmu.edu,Albania,Female,Baz,Camido,38223.76,ALL
Ralph,Williams,rwilliamsjz@unesco.org,Ethiopia,Male,Robīt,Camimbo,66909.13,ETB
Brian,Mccoy,bmccoyk0@php.net,China,Male,Tiandu,Jetwire,95818.93,CNY
Rachel,Garrett,rgarrettk1@mac.com,United States,Female,Springfield,Edgeclub,79051.48,USD
Fred,Henry,fhenryk2@phpbb.com,Greece,Male,Malesína,Omba,40085.07,EUR
Patricia,Palmer,ppalmerk3@baidu.com,Slovenia,Female,Nazarje,Fadeo,3411.07,EUR
Larry,Wood,lwoodk4@timesonline.co.uk,Philippines,Male,Lanas,LiveZ,49382.26,PHP
Terry,Gonzalez,tgonzalezk5@angelfire.com,Indonesia,Male,Bantarpanjang,Jaxnation,28025.08,IDR
Mark,Reyes,mreyesk6@yahoo.co.jp,Russia,Male,Russkaya Polyana,Kazio,76399.30,RUB
Melissa,Jordan,mjordank7@washingtonpost.com,Bosnia and Herzegovina,Female,Liješnica,Livefish,4112.13,BAM
Charles,Rice,cricek8@tripod.com,Indonesia,Male,Cicurug,Zoombox,64710.39,IDR
Mary,Peters,mpetersk9@dailymotion.com,Russia,Female,Kuybyshevo,LiveZ,34960.75,RUB
Keith,Jackson,kjacksonka@eepurl.com,Philippines,Male,Dulangan,Gabtune,39542.63,PHP
Doris,Knight,dknightkb@liveinternet.ru,Greece,Female,Aravissós,Aivee,58276.26,EUR
Gerald,Diaz,gdiazkc@de.vu,Uganda,Male,Margherita,Blogtag,,UGX
Alice,Berry,aberrykd@infoseek.co.jp,United States,Female,Brooklyn,Jazzy,,USD
Andrew,Perez,aperezke@dot.gov,China,Male,Qiaoxi,Youtags,85806.46,CNY
Christopher,Mills,cmillskf@i2i.jp,Sweden,Male,Gävle,Devify,8923.22,SEK
Terry,Hayes,thayeskg@mapy.cz,Ukraine,Male,Dzvinogrud,Rhyloo,73015.45,UAH
Shawn,Perkins,sperkinskh@domainmarket.com,France,Male,Le Blanc-Mesnil,Cogidoo,18494.77,EUR
Willie,Ramos,wramoski@liveinternet.ru,Japan,Male,Ōmihachiman,Fatz,57227.91,JPY
Diane,Bell,dbellkj@columbia.edu,Honduras,Female,Morazán,Dablist,26865.80,HNL
Douglas,Brooks,dbrookskk@thetimes.co.uk,China,Male,Xueshan,Voomm,49389.13,CNY
Victor,Butler,vbutlerkl@cisco.com,Saudi Arabia,Male,Ar Rass,Voomm,37831.46,SAR
Randy,Hicks,rhickskm@gnu.org,Cameroon,Male,Djohong,Skimia,,XAF
Janice,Jones,jjoneskn@webnode.com,Indonesia,Female,Puncaktugu,Browsezoom,988.43,IDR
Elizabeth,Lynch,elynchko@cmu.edu,Indonesia,Female,Komi,Dabvine,8262.57,IDR
Linda,George,lgeorgekp@yellowpages.com,Slovenia,Female,Postojna,Twinte,17119.39,EUR
Gary,Scott,gscottkq@mozilla.org,France,Male,Noailles,Gabvine,24760.04,EUR
Ashley,Dixon,adixonkr@weather.com,Indonesia,Female,Klagen,Buzzdog,90329.09,IDR
Henry,Schmidt,hschmidtks@wired.com,Ukraine,Male,Medzhibozh,Katz,64869.39,UAH
Amanda,George,ageorgekt@discuz.net,Brazil,Female,Mucuri,Skinix,84608.88,BRL
Shawn,Brown,sbrownku@goo.gl,Yemen,Male,Al Khamīs,Kwideo,,YER
Lori,Wallace,lwallacekv@unblog.fr,Australia,Female,Sydney,Blogspan,48827.65,AUD
Julia,Ruiz,jruizkw@devhub.com,Poland,Female,Ochla,Voomm,70118.05,PLN
Howard,Webb,hwebbkx@uol.com.br,Russia,Male,Shchelkovo,Skippad,27812.46,RUB
Mary,Elliott,melliottky@samsung.com,Indonesia,Female,Cihambali,Podcat,,IDR
Sharon,Harper,sharperkz@cyberchimps.com,Indonesia,Female,Oefau,Gabspot,50971.59,IDR
Andrew,Murphy,amurphyl0@issuu.com,Colombia,Male,Baranoa,Thoughtstorm,39384.50,COP
Joyce,Bennett,jbennettl1@facebook.com,Ukraine,Female,Verkhnya Rozhanka,Yodel,5591.07,UAH
Sandra,Davis,sdavisl2@noaa.gov,Iran,Female,Rehnān,Brainsphere,43933.70,IRR
James,Garrett,jgarrettl3@berkeley.edu,Indonesia,Male,Lengkongsari,Skyndu,70174.68,IDR
Roy,Peters,rpetersl4@pinterest.com,Belarus,Male,Antopal’,Oozz,43124.06,BYR
Anna,Sullivan,asullivanl5@xing.com,Brazil,Female,Palmas,Riffpath,74064.91,BRL
James,Ray,jrayl6@aboutads.info,Mexico,Male,Belisario Dominguez,Voolia,84509.48,MXN
Judy,Cruz,jcruzl7@dion.ne.jp,Tunisia,Female,Radès,Pixonyx,72490.54,TND
Jacqueline,Moreno,jmorenol8@yale.edu,Uganda,Female,Mityana,Avavee,35756.80,UGX
Marilyn,Chapman,mchapmanl9@blog.com,Canada,Female,Two Hills,Zazio,,CAD
Brandon,Berry,bberryla@bigcartel.com,Zambia,Male,Kasempa,Vinte,,ZMW
Jeffrey,Riley,jrileylb@nyu.edu,Russia,Male,Shchëkino,Quire,80115.25,RUB
Ruby,Crawford,rcrawfordlc@canalblog.com,Serbia,Female,Ćićevac,Devshare,24194.36,RSD
Bruce,Medina,bmedinald@mapy.cz,Denmark,Male,København,Rhybox,39507.49,DKK
Bonnie,Riley,brileyle@ft.com,Ukraine,Female,Marshintsy,JumpXS,41806.55,UAH
Brandon,Harvey,bharveylf@about.me,France,Male,Besançon,Dynazzy,82698.36,EUR
Diane,Vasquez,dvasquezlg@live.com,China,Female,Caoxi,Livetube,,CNY
Anthony,Johnston,ajohnstonlh@hubpages.com,Portugal,Male,Memória,Brainverse,95764.41,EUR
Timothy,Reyes,treyesli@walmart.com,Poland,Male,Górki,Youtags,5464.56,PLN
Ruby,Brooks,rbrookslj@newsvine.com,Russia,Female,Romny,Yakitri,95975.06,RUB
Craig,Freeman,cfreemanlk@163.com,Canada,Male,Altona,Linklinks,1199.68,CAD
Henry,Kelly,hkellyll@sphinn.com,China,Male,Tuodian,Yoveo,51093.95,CNY
Stephen,Jones,sjoneslm@kickstarter.com,Brazil,Male,Pompéu,Centizu,14911.10,BRL
Jennifer,Duncan,jduncanln@unesco.org,Canada,Female,Kirkland Lake,Oyoyo,74107.58,CAD
Stephanie,Knight,sknightlo@google.nl,Japan,Female,Nagano-shi,Ntags,36379.29,JPY
Lisa,Stevens,lstevenslp@typepad.com,Croatia,Female,Lepoglava,Jamia,88998.35,HRK
Laura,Morales,lmoraleslq@tamu.edu,United States,Female,Indianapolis,Yata,79196.03,USD
Eugene,Freeman,efreemanlr@e-recht24.de,Brazil,Male,Américo Brasiliense,Youspan,24798.74,BRL
Gloria,Jenkins,gjenkinsls@networkadvertising.org,Pakistan,Female,Bhawāna,Quatz,78698.62,PKR
Alice,Vasquez,avasquezlt@google.ru,Philippines,Female,Binucayan,Vinder,2098.43,PHP
Christopher,Rose,croselu@nifty.com,China,Male,Degan,Mycat,66720.29,CNY
Evelyn,Parker,eparkerlv@slideshare.net,China,Female,Songjiang,Talane,1709.17,CNY
Marilyn,Hicks,mhickslw@senate.gov,China,Female,Linxia Chengguanzhen,Twitternation,39039.14,CNY
Lois,Chapman,lchapmanlx@google.co.uk,Brazil,Female,Garça,Oyonder,3110.18,BRL
Sarah,Hayes,shayesly@booking.com,Indonesia,Female,Sadang Kulon,Digitube,70188.87,IDR
Brandon,Wright,bwrightlz@wiley.com,Brazil,Male,Pindobaçu,Devify,15660.85,BRL
Dorothy,Scott,dscottm0@fc2.com,Nigeria,Female,Itu,Realbridge,39869.92,NGN
Lois,Flores,lfloresm1@umn.edu,Philippines,Female,Butubut Norte,Ailane,75149.57,PHP
Ann,Rodriguez,arodriguezm2@cyberchimps.com,Russia,Female,Shkurinskaya,Dazzlesphere,14575.04,RUB
Bonnie,Robinson,brobinsonm3@is.gd,Brazil,Female,Itajuípe,Livefish,83195.72,BRL
Carolyn,Campbell,ccampbellm4@prweb.com,Haiti,Female,Gonayiv,Skinix,51894.57,HTG
Roy,Moreno,rmorenom5@alexa.com,China,Male,Dengzhuang,Tagcat,,CNY
Deborah,Hughes,dhughesm6@cisco.com,Ukraine,Female,Zdolbuniv,Browsedrive,66222.95,UAH
Gary,Cunningham,gcunninghamm7@sun.com,Poland,Male,Cegłów,Voolith,31222.67,PLN
Margaret,Myers,mmyersm8@soup.io,China,Female,Shuanglong,Katz,47202.79,CNY
Fred,Bradley,fbradleym9@posterous.com,Poland,Male,Błędów,Wordpedia,85061.76,PLN
William,White,wwhitema@cpanel.net,Comoros,Male,Ziroudani,Twinder,28572.16,KMF
Amanda,Jones,ajonesmb@cyberchimps.com,Japan,Female,Yao,Devpulse,76589.47,JPY
Chris,Morales,cmoralesmc@omniture.com,Nigeria,Male,Langtang,Omba,,NGN
Ronald,Hudson,rhudsonmd@sogou.com,Honduras,Male,Las Vegas,Divape,96673.26,HNL
Roger,Shaw,rshawme@github.com,Brazil,Male,Maragogipe,Topicware,16638.58,BRL
Emily,Lopez,elopezmf@virginia.edu,Poland,Female,Wojcieszków,Tagpad,,PLN
Brandon,Rice,bricemg@oakley.com,China,Male,Fenghua,Vipe,12274.06,CNY
Margaret,Stanley,mstanleymh@ebay.com,Sweden,Female,Stockholm,Buzzbean,24226.35,SEK
Nicole,White,nwhitemi@diigo.com,Russia,Female,Taksimo,Cogibox,44822.29,RUB
Jeremy,Pierce,jpiercemj@sohu.com,Indonesia,Male,Cikuya,Edgeify,,IDR
Maria,Powell,mpowellmk@weather.com,Martinique,Female,Fort-de-France,Ozu,96028.38,EUR
Douglas,Ward,dwardml@xing.com,Brazil,Male,Correia Pinto,Zoomdog,21998.70,BRL
Donna,Garcia,dgarciamm@chronoengine.com,France,Female,Marseille,Jaxworks,81181.83,EUR
Deborah,Patterson,dpattersonmn@goodreads.com,Latvia,Female,Jaunpiebalga,Roodel,92612.39,EUR
Carolyn,Collins,ccollinsmo@youku.com,Russia,Female,Kinel’-Cherkassy,Skinix,80848.27,RUB
Fred,Robertson,frobertsonmp@typepad.com,Croatia,Male,Kamen,Browsecat,4741.11,HRK
Julie,Porter,jportermq@omniture.com,Faroe Islands,Female,Argir,Skalith,38968.97,DKK
Marilyn,Ferguson,mfergusonmr@spotify.com,Indonesia,Female,Nangewer,Skipfire,86611.18,IDR
Frances,Oliver,foliverms@about.com,Czech Republic,Female,Hodkovičky,Jetpulse,38880.11,CZK
Phillip,Wells,pwellsmt@digg.com,Slovenia,Male,Žalec,Yacero,,EUR
Harry,Porter,hportermu@adobe.com,China,Male,Jianshan,Fivechat,645.77,CNY
Denise,Foster,dfostermv@pbs.org,China,Female,Huangnihe,Voomm,19307.86,CNY
Fred,Sullivan,fsullivanmw@mayoclinic.com,Indonesia,Male,Cipadung Timur,Vitz,25965.76,IDR
Rose,Perry,rperrymx@xinhuanet.com,Nigeria,Female,Fiditi,Shufflebeat,23934.70,NGN
Douglas,Marshall,dmarshallmy@unesco.org,Malaysia,Male,Alor Setar,Tekfly,,MYR
Andrew,Burns,aburnsmz@linkedin.com,Indonesia,Male,Pulosari,Twitternation,68470.39,IDR
Timothy,Simmons,tsimmonsn0@soup.io,France,Male,Aurillac,Blogspan,67536.52,EUR
Lois,Holmes,lholmesn1@t-online.de,Indonesia,Female,Dukuhturi,Jetwire,28724.53,IDR
Charles,Phillips,cphillipsn2@imdb.com,United States,Male,Newport Beach,Nlounge,73045.97,USD
Amanda,Baker,abakern3@loc.gov,Sweden,Female,Uppsala,Mynte,44850.83,SEK
Jose,Rice,jricen4@pen.io,Mongolia,Male,Bayan,Buzzshare,35341.36,MNT
Janet,Hill,jhilln5@blogtalkradio.com,China,Female,Jintun,Browsetype,25237.41,CNY
Ann,Carroll,acarrolln6@google.nl,Russia,Female,Palana,Twiyo,7037.12,RUB
Alice,Gonzalez,agonzalezn7@forbes.com,Mexico,Female,Santa Maria,Yotz,22268.64,MXN
Deborah,King,dkingn8@mlb.com,Thailand,Female,Mancha Khiri,Twitternation,90703.37,THB
Joe,Stephens,jstephensn9@naver.com,Czech Republic,Male,Polepy,Devpulse,27502.60,CZK
Norma,Ray,nrayna@mayoclinic.com,China,Female,Chongkan,Eidel,77886.24,CNY
Benjamin,Martin,bmartinnb@joomla.org,Iran,Male,Āzādshahr,Yodoo,33545.60,IRR
Barbara,Parker,bparkernc@ucoz.com,Indonesia,Female,Kute,Topiclounge,20337.17,IDR
Daniel,Mills,dmillsnd@cnet.com,Finland,Male,Kangasala,Podcat,31053.13,EUR
Barbara,Ray,brayne@marketwatch.com,Indonesia,Female,Kalianyar Selatan,Centidel,92170.70,IDR
Paula,Jacobs,pjacobsnf@toplist.cz,Brazil,Female,Itacorubi,Zoozzy,,BRL
Carol,Franklin,cfranklinng@craigslist.org,Czech Republic,Female,Pustá Polom,Meejo,881.26,CZK
William,Shaw,wshawnh@paypal.com,Philippines,Male,Mileb,Wikizz,20597.38,PHP
Benjamin,Mendoza,bmendozani@who.int,France,Male,Saint-Quentin-en-Yvelines,Dabjam,13546.52,EUR
Annie,Hart,ahartnj@statcounter.com,Indonesia,Female,Ciranca Satu,Miboo,61609.47,IDR
Russell,Day,rdaynk@home.pl,Philippines,Male,Balingasag,Oyoyo,66702.38,PHP
Louis,Ferguson,lfergusonnl@yellowpages.com,Argentina,Male,Rafaela,Babbleset,9389.17,ARS
Gerald,Garza,ggarzanm@shop-pro.jp,Greece,Male,Káto Miliá,Wikivu,8482.06,EUR
Douglas,Bryant,dbryantnn@bizjournals.com,Albania,Male,Otllak,Skinix,30123.86,ALL
Jose,Peterson,jpetersonno@phpbb.com,Brazil,Male,São Paulo,Rhyloo,74284.58,BRL
Nicholas,Sanchez,nsancheznp@auda.org.au,Indonesia,Male,Klole,Yotz,12110.68,IDR
Theresa,Simpson,tsimpsonnq@youku.com,Canada,Female,Revelstoke,Skipstorm,13521.60,CAD
Denise,Washington,dwashingtonnr@wisc.edu,Russia,Female,Kantemirovka,Yakijo,53299.27,RUB
Gregory,Nguyen,gnguyenns@google.com.br,Czech Republic,Male,Dolní Černilov,Quire,68339.23,CZK
Adam,Alvarez,aalvareznt@springer.com,China,Male,Zhongxing,Livefish,68905.63,CNY
Carlos,Jordan,cjordannu@xrea.com,Czech Republic,Male,Vsetín,Yacero,34041.36,CZK
Ernest,Gonzalez,egonzaleznv@tinypic.com,Yemen,Male,Qaryat al Qābil,Rhyzio,80800.23,YER
Bobby,Harris,bharrisnw@purevolume.com,China,Male,Chengqu,Leenti,68441.78,CNY
Robert,Jacobs,rjacobsnx@cargocollective.com,Argentina,Male,Unquillo,Fivechat,,ARS
Kathleen,Ferguson,kfergusonny@sogou.com,China,Female,Chegang,Innojam,32851.69,CNY
Stephanie,Howell,showellnz@engadget.com,Bulgaria,Female,Klisura,Gigazoom,472.32,BGN
Michael,Martin,mmartino0@spotify.com,China,Male,Taibai,Devpoint,35188.79,CNY
Arthur,Nguyen,anguyeno1@youtu.be,Japan,Male,Iwade,Meeveo,97940.49,JPY
Robin,Parker,rparkero2@reuters.com,Indonesia,Female,Sebasang,Shuffletag,86510.57,IDR
Brenda,Hanson,bhansono3@acquirethisname.com,France,Female,Tours,Wordware,37680.60,EUR
Dorothy,Lawrence,dlawrenceo4@ovh.net,Canada,Female,Kentville,Meevee,40645.49,CAD
Bobby,Matthews,bmatthewso5@aboutads.info,Serbia,Male,Rekovac,Skipstorm,82510.20,RSD
Russell,Mitchell,rmitchello6@usda.gov,Indonesia,Male,Raemude,Edgeclub,36385.14,IDR
Jeremy,Wallace,jwallaceo7@cam.ac.uk,Vietnam,Male,Kon Dơng,Yacero,49577.02,VND
Kenneth,Hernandez,khernandezo8@nyu.edu,United States,Male,Fort Worth,Meembee,56480.98,USD
Sharon,Graham,sgrahamo9@discuz.net,Philippines,Female,Tagdanua,Aibox,1276.49,PHP
Donald,Long,dlongoa@ow.ly,Croatia,Male,Brnaze,Voonte,12727.39,HRK
Jean,Garrett,jgarrettob@tripod.com,Indonesia,Female,Bebandem,Yadel,26010.44,IDR
Wanda,Mills,wmillsoc@usa.gov,Canada,Female,Port-Cartier,Dabshots,5567.52,CAD
Bruce,Matthews,bmatthewsod@zimbio.com,Russia,Male,Novosineglazovskiy,Gabvine,56585.03,RUB
Mark,Graham,mgrahamoe@walmart.com,Burkina Faso,Male,Tenkodogo,Nlounge,47362.65,XOF
Jane,Henderson,jhendersonof@yandex.ru,Poland,Female,Łubnice,Feedspan,,PLN
Betty,Elliott,belliottog@gmpg.org,Syria,Female,Ţafas,Kamba,61570.69,SYP
Phyllis,Hart,phartoh@cam.ac.uk,Germany,Female,Frankfurt am Main,Trupe,,EUR
Russell,Greene,rgreeneoi@census.gov,Ireland,Male,Cabinteely,Rhynyx,15867.26,EUR
Julie,Ramos,jramosoj@google.es,Ukraine,Female,Chornukhyne,Centizu,35257.95,UAH
Mark,Rivera,mriveraok@wikimedia.org,Indonesia,Male,Pasirbitung,Pixope,66437.55,IDR
Catherine,Oliver,coliverol@sciencedaily.com,Poland,Female,Bydgoszcz,Photobug,80634.70,PLN
Sharon,Nguyen,snguyenom@discuz.net,China,Female,Daxing,Jabbersphere,84763.71,CNY
Chris,Wood,cwoodon@washingtonpost.com,Colombia,Male,Facatativá,Skipfire,10073.53,COP
Robin,Bennett,rbennettoo@bbb.org,Serbia,Female,Bukor,Geba,59049.58,RSD
Edward,Daniels,edanielsop@wired.com,Indonesia,Male,Imaan,Voonix,436.74,IDR
Alice,Kelly,akellyoq@scientificamerican.com,Palestinian Territory,Female,Dayr Sharaf,Divavu,79623.81,ILS
Howard,Robinson,hrobinsonor@over-blog.com,Czech Republic,Male,Palkovice,Feedbug,78265.63,CZK
Anthony,Knight,aknightos@umn.edu,Japan,Male,Ichihara,Skipfire,72196.79,JPY
Kimberly,Gonzalez,kgonzalezot@buzzfeed.com,Brazil,Female,Correntina,Yozio,33554.21,BRL
Christina,Stanley,cstanleyou@live.com,Kosovo,Female,Glogovac,Vimbo,34224.46,EUR
Linda,Reid,lreidov@storify.com,Armenia,Female,Dalarik,Twitterwire,8280.50,AMD
Aaron,Jones,ajonesow@sogou.com,Indonesia,Male,Aeka,Podcat,31622.18,IDR
Antonio,Lynch,alynchox@eepurl.com,Peru,Male,Chillia,Npath,56890.04,PEN
Debra,Banks,dbanksoy@wunderground.com,Russia,Female,Cherskiy,Tagpad,76329.89,RUB
Angela,Richards,arichardsoz@archive.org,Poland,Female,Babice,Twimbo,66748.71,PLN
Martin,Jordan,mjordanp0@elpais.com,China,Male,Zhengji,Shuffledrive,54043.07,CNY
Paula,Fowler,pfowlerp1@amazon.com,Philippines,Female,Tagakpan,Feednation,,PHP
Nancy,Sanchez,nsanchezp2@tinypic.com,China,Female,Xiaochuan,Photojam,59856.95,CNY
Willie,Ruiz,wruizp3@wikipedia.org,France,Male,Belfort,Skyble,23094.63,EUR
Sean,Bailey,sbaileyp4@house.gov,France,Male,La Valette-du-Var,Voonte,,EUR
Patrick,Thompson,pthompsonp5@reuters.com,China,Male,Longlou,Twiyo,90571.27,CNY
Wanda,Henry,whenryp6@samsung.com,China,Female,Tanbu,Skinder,72085.36,CNY
Kathy,George,kgeorgep7@indiegogo.com,Indonesia,Female,Benger,Thoughtmix,18746.02,IDR
Karen,Schmidt,kschmidtp8@theatlantic.com,Poland,Female,Chyżne,Skimia,15694.63,PLN
Sarah,Arnold,sarnoldp9@japanpost.jp,Indonesia,Female,Jombang,Devbug,96088.53,IDR
Jeremy,Washington,jwashingtonpa@google.com.au,Indonesia,Male,Sokobanteng,Youbridge,68447.61,IDR
Sara,Gomez,sgomezpb@linkedin.com,China,Female,Lubei,Realmix,28501.25,CNY
Janice,Fisher,jfisherpc@timesonline.co.uk,Colombia,Female,Ayapel,Gabspot,57016.70,COP
Sharon,Flores,sflorespd@qq.com,Indonesia,Female,Srono,Thoughtstorm,88666.43,IDR
Rebecca,Rodriguez,rrodriguezpe@sun.com,France,Female,Villefontaine,Realpoint,,EUR
Maria,Price,mpricepf@icq.com,Czech Republic,Female,Karolinka,Skyvu,92570.51,CZK
Alice,Gray,agraypg@latimes.com,Indonesia,Female,Sambongmulyo,Livetube,45088.79,IDR
William,Warren,wwarrenph@github.io,Greece,Male,Agía Paraskeví,Jazzy,2991.24,EUR
Jessica,Jordan,jjordanpi@shareasale.com,Philippines,Female,Balingcanaway,Browsedrive,73803.02,PHP
Jeffrey,Morgan,jmorganpj@seattletimes.com,Philippines,Male,Daraitan,Feednation,24375.12,PHP
Annie,Morales,amoralespk@jimdo.com,Indonesia,Female,Ngaliyan,Bluejam,54349.69,IDR
Dennis,Daniels,ddanielspl@prweb.com,Indonesia,Male,Ares Tengah,Skibox,80112.25,IDR
Heather,Little,hlittlepm@4shared.com,Russia,Female,Nekrasovka,Avaveo,41978.84,RUB
Joan,Medina,jmedinapn@time.com,Ivory Coast,Female,Abidjan,Blogtags,78399.24,XOF
Brandon,Martinez,bmartinezpo@acquirethisname.com,Nigeria,Male,Yandev,Flipopia,61257.22,NGN
Shirley,Cook,scookpp@tumblr.com,Philippines,Female,Siruma,Blogtags,65600.72,PHP
Annie,Martin,amartinpq@netlog.com,China,Female,Hetang,Flashset,59434.04,CNY
Irene,Howard,ihowardpr@mashable.com,Costa Rica,Female,Esparza,Vimbo,,CRC
Jesse,Green,jgreenps@opensource.org,Iceland,Male,Vogar,Meedoo,75731.08,ISK
Paula,Wallace,pwallacept@ibm.com,Portugal,Female,Vale Maceiras,Yabox,55982.27,EUR
Louise,Medina,lmedinapu@spiegel.de,Japan,Female,Motegi,Podcat,16195.03,JPY
Robert,Watkins,rwatkinspv@mit.edu,China,Male,Tangga’an,Yadel,,CNY
Brian,Greene,bgreenepw@reverbnation.com,Russia,Male,Mayma,Buzzshare,25218.23,RUB
Dennis,Burke,dburkepx@yelp.com,Brazil,Male,Janaúba,Fivechat,67820.31,BRL
Thomas,Mitchell,tmitchellpy@nationalgeographic.com,Czech Republic,Male,Kout na Šumavě,Skyvu,3917.34,CZK
Louise,Mason,lmasonpz@nhs.uk,Indonesia,Female,Purwosari,Aimbo,51616.69,IDR
Nancy,Alexander,nalexanderq0@de.vu,Namibia,Female,Aranos,Dabtype,,NAD
Norma,Gutierrez,ngutierrezq1@nba.com,China,Female,Fengshou,Wordpedia,34825.00,CNY
Joyce,Myers,jmyersq2@themeforest.net,Portugal,Female,Trabulheira,Bubblebox,25986.02,EUR
Adam,Palmer,apalmerq3@indiegogo.com,Indonesia,Male,Cimuncang,Quinu,,IDR
Ernest,Brooks,ebrooksq4@bizjournals.com,Indonesia,Male,Cibeuti,Oozz,30110.32,IDR
Frances,Boyd,fboydq5@istockphoto.com,France,Female,Agen,Bubblemix,46537.35,EUR
Terry,Martinez,tmartinezq6@hao123.com,Indonesia,Male,Negla,Yata,34098.78,IDR
Rose,Coleman,rcolemanq7@wikispaces.com,Sweden,Female,Gävle,Riffpedia,29465.21,SEK
Jesse,Jones,jjonesq8@51.la,Indonesia,Male,Sukojember,Realblab,69324.36,IDR
Judith,Walker,jwalkerq9@webmd.com,United States,Female,Largo,Lazz,60847.84,USD
Jacqueline,Bryant,jbryantqa@usda.gov,Colombia,Female,Vegachí,Photobug,,COP
Melissa,Palmer,mpalmerqb@washingtonpost.com,China,Female,Balin,Zazio,48511.30,CNY
Ashley,Austin,aaustinqc@liveinternet.ru,Thailand,Female,Udon Thani,Zoomzone,51872.07,THB
Louis,Arnold,larnoldqd@seattletimes.com,China,Male,Lecheng,Aimbu,54244.91,CNY
Bruce,Diaz,bdiazqe@acquirethisname.com,Canada,Male,Aylmer,Meedoo,81891.93,CAD
Wayne,Palmer,wpalmerqf@ask.com,Philippines,Male,Nuing,Dabtype,10252.81,PHP
Lawrence,Watson,lwatsonqg@symantec.com,Czech Republic,Male,Ratíškovice,Camimbo,91680.25,CZK
Angela,Cook,acookqh@yandex.ru,Ghana,Female,Savelugu,Thoughtworks,67323.07,GHS
Juan,Burke,jburkeqi@ebay.co.uk,France,Male,Lyon,Yakijo,,EUR
Emily,Ross,erossqj@blogs.com,Slovenia,Female,Lendava,Eabox,18166.01,EUR
Melissa,Palmer,mpalmerqk@4shared.com,Thailand,Female,Ban Phai,Yadel,,THB
Joyce,Murphy,jmurphyql@ca.gov,Uruguay,Female,Ecilda Paullier,Tavu,69368.26,UYU
Phillip,Oliver,poliverqm@blogger.com,China,Male,Panxi,Thoughtworks,31299.43,CNY
Todd,Phillips,tphillipsqn@com.com,China,Male,Hengyang,Einti,36428.09,CNY
Shirley,Olson,solsonqo@behance.net,China,Female,Zhagang,Realfire,,CNY
Karen,Wright,kwrightqp@51.la,Vietnam,Female,Phan Rang-Tháp Chàm,Centidel,63357.43,VND
Sharon,Price,spriceqq@histats.com,Indonesia,Female,Sukadana,Linktype,96152.16,IDR
Julia,Morgan,jmorganqr@photobucket.com,Guatemala,Female,El Adelanto,Centidel,23725.99,GTQ
Nancy,Stephens,nstephensqs@hud.gov,Ukraine,Female,Uzyn,Trilia,,UAH
Irene,Diaz,idiazqt@examiner.com,Russia,Female,Vybor,Mycat,20792.22,RUB
Heather,Campbell,hcampbellqu@hubpages.com,Japan,Female,Usuki,Twitternation,26961.77,JPY
Ashley,Baker,abakerqv@arizona.edu,Argentina,Female,Nueve de Julio,Skynoodle,7500.09,ARS
Keith,Griffin,kgriffinqw@adobe.com,Philippines,Male,Banaba,Rhyloo,48221.13,PHP
Jessica,Bryant,jbryantqx@bigcartel.com,Russia,Female,Chernigovka,Avamba,68528.30,RUB
Ernest,Rogers,erogersqy@about.me,Kazakhstan,Male,Karabas,Eabox,75961.06,KZT
Fred,Stone,fstoneqz@infoseek.co.jp,Poland,Male,Babice,Skibox,17587.49,PLN
Scott,Morrison,smorrisonr0@slate.com,China,Male,Dongting,BlogXS,99852.67,CNY
Diane,Banks,dbanksr1@topsy.com,China,Female,Kaoshan,Midel,9343.55,CNY
Steven,Perkins,sperkinsr2@sitemeter.com,China,Male,Mizi,Camimbo,47031.27,CNY
Pamela,Medina,pmedinar3@usda.gov,Portugal,Female,Boavista,Realfire,24489.72,EUR
Kelly,Payne,kpayner4@123-reg.co.uk,Indonesia,Female,Tanamiting,Agimba,12236.54,IDR
Karen,Kelly,kkellyr5@ucla.edu,Indonesia,Female,Salakuray,Abata,97903.17,IDR
Sharon,King,skingr6@ustream.tv,Ireland,Female,Castlemartyr,Nlounge,41360.33,EUR
Donna,Fernandez,dfernandezr7@about.me,Namibia,Female,Ondangwa,Tavu,,NAD
Kathryn,Rose,kroser8@phoca.cz,Aland Islands,Female,Kökar,Shuffletag,55256.06,EUR
Joyce,Jones,jjonesr9@marriott.com,Philippines,Female,Aurora,Meejo,12187.10,PHP
Gary,Ray,grayra@bing.com,Philippines,Male,Suba,Fivespan,14463.92,PHP
Deborah,Grant,dgrantrb@spotify.com,Albania,Female,Kajan,Eayo,22607.35,ALL
Johnny,Barnes,jbarnesrc@accuweather.com,China,Male,Dazhipo,Kaymbo,64424.75,CNY
Nancy,Richards,nrichardsrd@usgs.gov,France,Female,Toulon,Buzzbean,52244.42,EUR
Kelly,Taylor,ktaylorre@walmart.com,Portugal,Female,Giesteira,Flashdog,51897.13,EUR
Sarah,Franklin,sfranklinrf@washingtonpost.com,Croatia,Female,Turanj,Fliptune,98842.31,HRK
Melissa,Meyer,mmeyerrg@redcross.org,China,Female,Taiba,Lazz,87646.91,CNY
Carolyn,Robertson,crobertsonrh@goo.gl,China,Female,Dongtucheng,Brainsphere,17630.14,CNY
William,Wood,wwoodri@wordpress.com,Indonesia,Male,Colendra,Jayo,48280.27,IDR
Terry,Dunn,tdunnrj@home.pl,China,Male,Jinze,Jabbersphere,41149.77,CNY
Jason,Knight,jknightrk@npr.org,Oman,Male,Bawshar,Bluezoom,22758.94,OMR
Melissa,Cole,mcolerl@nhs.uk,France,Female,Golbey,Dabshots,4273.50,EUR
Randy,Matthews,rmatthewsrm@ask.com,China,Male,Shuikou,Shuffledrive,93659.59,CNY
Diane,Hawkins,dhawkinsrn@gmpg.org,Brazil,Female,Aquidauana,Skiptube,12476.00,BRL
Samuel,Martin,smartinro@yahoo.com,France,Male,Le Blanc-Mesnil,Browsezoom,1797.55,EUR
Harry,Kelley,hkelleyrp@friendfeed.com,Portugal,Male,São Julião do Tojal,Trilia,92538.35,EUR
Kathryn,Perez,kperezrq@redcross.org,France,Female,Angers,Quinu,403.48,EUR
Deborah,Ruiz,druizrr@unblog.fr,Indonesia,Female,Nuamuzi,Cogilith,43637.46,IDR
