Julia,Hicks,jhicks0@wsj.com,China,Female,Xiaopingba,Meevee,23224.93,CNY
Ryan,Mills,rmills1@symantec.com,Gabon,Male,Ntoum,Roombo,94139.71,XAF
Linda,Campbell,lcampbell2@sciencedaily.com,Russia,Female,Ukhta,Feedfish,70473.50,RUB
Linda,Ruiz,lruiz3@histats.com,Indonesia,Female,Bongbong,Browsecat,74908.94,IDR
Daniel,Mcdonald,dmcdonald4@theatlantic.com,Tunisia,Male,Douz,Blogtags,,TND
Phyllis,Allen,pallen5@xing.com,Albania,Female,Kurbnesh,Cogidoo,40285.54,ALL
Ruth,Medina,rmedina6@google.cn,China,Female,Matangshan,Fivechat,33699.55,CNY
Pamela,Ferguson,pferguson7@yale.edu,Greece,Female,Kerasochóri,Jazzy,10582.38,EUR
Joe,Young,jyoung8@behance.net,China,Male,Nanyang,Wikibox,42008.43,CNY
Helen,Gordon,hgordon9@typepad.com,Greece,Female,Áthyra,Zoomdog,19469.18,EUR
Fred,Barnes,fbarnesa@vistaprint.com,China,Male,Wanling,Zoombox,31779.43,CNY
Mildred,Pierce,mpierceb@whitehouse.gov,Indonesia,Female,Donomulyo,Eimbee,,IDR
Carolyn,Cox,ccoxc@businessinsider.com,China,Female,Weizhou,Skinte,42621.42,CNY
Emily,Dunn,edunnd@washingtonpost.com,Malaysia,Female,Raub,Meejo,94457.02,MYR
Daniel,Bradley,dbradleye@multiply.com,Portugal,Male,Antas,Brainverse,33933.17,EUR
Mildred,Campbell,mcampbellf@moonfruit.com,Brazil,Female,Andradas,Realblab,87001.95,BRL
Martin,Mccoy,mmccoyg@scientificamerican.com,Portugal,Male,Calvário,Ntags,26184.51,EUR
Louise,Mason,lmasonh@t-online.de,Yemen,Female,Al Tuḩaytā’,Skibox,77046.56,YER
Douglas,Garza,dgarzai@tamu.edu,Indonesia,Male,Faeanak Dua,Demimbu,72574.38,IDR
Antonio,Owens,aowensj@wufoo.com,Honduras,Male,Belén Gualcho,Skimia,89749.50,HNL
Timothy,Alexander,talexanderk@jalbum.net,Russia,Male,Nagornyy,Ozu,,RUB
Lillian,Hunt,lhuntl@dmoz.org,United States,Female,Miami,Yamia,31731.01,USD
Amanda,Bell,abellm@desdev.cn,South Korea,Female,Gwangtan,Chatterpoint,4885.39,KRW
Kathryn,Baker,kbakern@samsung.com,Philippines,Female,Liboran,Shuffletag,85507.38,PHP
Fred,Young,fyoungo@europa.eu,Russia,Male,Kizilyurt,Gigabox,25080.35,RUB
Matthew,Frazier,mfrazierp@si.edu,Kenya,Male,Lodwar,Quinu,89408.00,KES
Samuel,Ford,sfordq@tiny.cc,Philippines,Male,Magsaysay,Yombu,69922.29,PHP
Timothy,Freeman,tfreemanr@gov.uk,Serbia,Male,Jermenovci,Youfeed,87143.05,RSD
Laura,Wright,lwrights@vistaprint.com,Brazil,Female,Garça,Dabfeed,54614.57,BRL
Roger,Medina,rmedinat@psu.edu,Argentina,Male,Pampa de los Guanacos,Lazz,79795.39,ARS
Kevin,Carr,kcarru@shutterfly.com,Indonesia,Male,Gurung,Pixoboo,52260.77,IDR
Walter,King,wkingv@comsenz.com,Ukraine,Male,Hupalivka,JumpXS,18122.79,UAH
Joshua,Wallace,jwallacew@mashable.com,Poland,Male,Książ Wielkopolski,Quimm,60173.17,PLN
Jennifer,Medina,jmedinax@squidoo.com,Sweden,Female,Gävle,Myworks,29366.44,SEK
Laura,Sanders,lsandersy@live.com,France,Female,Saint-Grégoire,Realmix,,EUR
Daniel,Johnston,djohnstonz@microsoft.com,Philippines,Male,Sagud-Bahley,Meejo,89091.28,PHP
Brandon,Johnson,bjohnson10@biblegateway.com,Indonesia,Male,Bijeli,Vipe,52444.78,IDR
Frank,Hernandez,fhernandez11@deliciousdays.com,France,Male,Paris 19,Edgepulse,12942.55,EUR
Jesse,Johnston,jjohnston12@umn.edu,China,Male,Tadianjie,Fivebridge,92213.50,CNY
Ruth,Cooper,rcooper13@hao123.com,Philippines,Female,Lallayug,Trudoo,96121.51,PHP
Cheryl,Myers,cmyers14@wp.com,France,Female,Mont-de-Marsan,Jaxbean,86722.23,EUR
Lawrence,Hall,lhall15@squarespace.com,Philippines,Male,Mabilog,Ntag,49665.48,PHP
Arthur,Jordan,ajordan16@netscape.com,Indonesia,Male,Dalam,Rhyloo,1194.76,IDR
Ronald,Kim,rkim17@themeforest.net,Egypt,Male,Kawm Umbū,Feedspan,6959.58,EGP
Rebecca,Garza,rgarza18@creativecommons.org,Brazil,Female,Bandeirantes,Linkbridge,42408.56,BRL
Joe,Sanders,jsanders19@earthlink.net,Poland,Male,Gościeradów,Demimbu,18143.24,PLN
Mildred,Garcia,mgarcia1a@gizmodo.com,France,Female,Massy,Innotype,92675.02,EUR
Cheryl,Martinez,cmartinez1b@latimes.com,Russia,Female,Sterlibashevo,Fivespan,27783.14,RUB
Gregory,Washington,gwashington1c@upenn.edu,Sweden,Male,Hudiksvall,Camido,14736.42,SEK
Michelle,Williams,mwilliams1d@npr.org,Samoa,Female,Nofoali‘i,Voomm,51617.77,WST
Louise,Matthews,lmatthews1e@samsung.com,Sri Lanka,Female,Weligama,Fliptune,,LKR
Charles,Gilbert,cgilbert1f@dell.com,Russia,Male,Yaroslavl,Tavu,53755.64,RUB
Andrea,Knight,aknight1g@fotki.com,Philippines,Female,Maria,Quaxo,,PHP
Bruce,Hicks,bhicks1h@ebay.co.uk,Chile,Male,Concepción,Eidel,81210.11,CLP
John,Tucker,jtucker1i@blinklist.com,China,Male,Xingou,Skinix,27623.72,CNY
Todd,George,tgeorge1j@amazon.com,Colombia,Male,Anolaima,Innojam,15547.59,COP
Scott,Walker,swalker1k@auda.org.au,Russia,Male,Petrovskiy,Oyope,49703.84,RUB
Michael,Mason,mmason1l@reddit.com,China,Male,Henglin,Edgewire,942.29,CNY
Tina,Ford,tford1m@wired.com,Kazakhstan,Female,Qalqaman,Yacero,77498.49,KZT
Kenneth,Freeman,kfreeman1n@myspace.com,Sweden,Male,Sundbyberg,Divavu,12427.04,SEK
Lois,Russell,lrussell1o@wikia.com,China,Female,Nancaicun,Centimia,52645.23,CNY
Rebecca,Weaver,rweaver1p@hexun.com,Indonesia,Female,Banjarwaru,Lajo,19397.02,IDR
Willie,Daniels,wdaniels1q@skyrock.com,Russia,Male,Kurba,Tagfeed,,RUB
Roy,Rose,rrose1r@newyorker.com,France,Male,Créteil,Jabberstorm,62525.59,EUR
Keith,Elliott,kelliott1s@spotify.com,Armenia,Male,Verin Dvin,Tanoodle,,AMD
Joan,Ferguson,jferguson1t@jiathis.com,Yemen,Female,Jiblah,Tagchat,47661.13,YER
Christopher,Price,cprice1u@tamu.edu,France,Male,Mirecourt,Tavu,53198.44,EUR
Brenda,Torres,btorres1v@java.com,Venezuela,Female,Delicias,Abata,,VEF
Peter,Gray,pgray1w@earthlink.net,Czech Republic,Male,Žeravice,Innojam,98120.62,CZK
Louise,Garcia,lgarcia1x@mlb.com,Greece,Female,Melíssia,Devshare,71983.98,EUR
Carol,George,cgeorge1y@skype.com,China,Female,Yili,Wikibox,5019.40,CNY
Kathryn,Robinson,krobinson1z@godaddy.com,Portugal,Female,Olhão,Thoughtbridge,,EUR
Bobby,Reed,breed20@blinklist.com,Greece,Male,Nikísiani,Skimia,79611.27,EUR
James,Carr,jcarr21@amazon.com,United States,Male,Chicago,Oozz,29593.95,USD
Margaret,Gomez,mgomez22@apple.com,Botswana,Female,Lenchwe Le Tau,Wordify,26825.12,BWP
Janet,Perkins,jperkins23@spiegel.de,Brazil,Female,Canguçu,Oodoo,54941.56,BRL
Shirley,Carr,scarr24@cnbc.com,Argentina,Female,La Calera,Meejo,12531.40,ARS
Irene,Lopez,ilopez25@rakuten.co.jp,Venezuela,Female,San Francisco,Geba,74607.31,VEF
Philip,Ryan,pryan26@sina.com.cn,Zambia,Male,Mwinilunga,Topicstorm,62972.25,ZMW
Margaret,Williams,mwilliams27@squarespace.com,Indonesia,Female,Palla,Shufflester,55287.57,IDR
Billy,Clark,bclark28@1und1.de,Brazil,Male,Xanxerê,Photojam,,BRL
David,Sanders,dsanders29@myspace.com,Philippines,Male,Dulangan,Wordtune,52324.82,PHP
Patrick,Knight,pknight2a@economist.com,Russia,Male,Olovyannaya,Teklist,78024.35,RUB
Arthur,Willis,awillis2b@zdnet.com,Cyprus,Male,Limassol,Zoomdog,21729.85,EUR
Julie,Hanson,jhanson2c@nba.com,Portugal,Female,Igreja,Roombo,66333.95,EUR
Janice,Bennett,jbennett2d@irs.gov,Dominican Republic,Female,Las Matas de Farfán,Edgeblab,10176.95,DOP
Elizabeth,Perez,eperez2e@ebay.co.uk,Madagascar,Female,Betafo,Kimia,26612.53,MGA
Kenneth,Hawkins,khawkins2f@smugmug.com,Indonesia,Male,Pahonjean,Babbleopia,2301.56,IDR
Frances,Patterson,fpatterson2g@lycos.com,Russia,Female,Osinniki,Gigaclub,76710.62,RUB
Sarah,Little,slittle2h@unblog.fr,Albania,Female,Manzë,Aimbu,54613.14,ALL
Todd,Montgomery,tmontgomery2i@deliciousdays.com,Pakistan,Male,Jāti,Jabbersphere,,PKR
Lawrence,Hudson,lhudson2j@bloglines.com,Russia,Male,Mikun’,Gabtype,98142.07,RUB
Barbara,Cruz,bcruz2k@house.gov,Russia,Female,Yurino,Divanoodle,10417.61,RUB
Howard,Russell,hrussell2l@reuters.com,China,Male,Zhouling,Dabshots,23320.60,CNY
Annie,George,ageorge2m@istockphoto.com,Uzbekistan,Female,Manghit,Brainbox,83149.53,UZS
Edward,Jenkins,ejenkins2n@ucoz.com,Philippines,Male,Tucdao,Twitterworks,24056.04,PHP
Robert,Day,rday2o@cbsnews.com,Brazil,Male,Juripiranga,Oyonder,56591.60,BRL
Jack,Ramos,jramos2p@wikimedia.org,Pakistan,Male,Haveli,Babbleset,58391.64,PKR
Todd,Alexander,talexander2q@a8.net,China,Male,Gouping,Topiclounge,15717.49,CNY
Shawn,Knight,sknight2r@ehow.com,Nigeria,Male,Fiditi,Feednation,19409.12,NGN
Rebecca,Long,rlong2s@alexa.com,Canada,Female,Pincher Creek,Oozz,14168.25,CAD
Jerry,Rodriguez,jrodriguez2t@cisco.com,Indonesia,Male,Kadugadung,Lazz,71544.23,IDR
David,Rice,drice2u@dagondesign.com,China,Male,Jinzipai,Divape,1787.19,CNY
Victor,Carroll,vcarroll2v@fema.gov,Greece,Male,Eloúnda,Fanoodle,30524.61,EUR
Rachel,Ray,rray2w@go.com,Indonesia,Female,Pandat,Skyvu,64799.57,IDR
Lisa,Gilbert,lgilbert2x@simplemachines.org,United States,Female,Miami,Dabtype,,USD
Benjamin,Stone,bstone2y@squarespace.com,Iran,Male,Langarūd,Jaloo,74785.17,IRR
Kathy,Henry,khenry2z@delicious.com,Indonesia,Female,Sorinomo,Twiyo,16880.15,IDR
Sean,Jacobs,sjacobs30@apple.com,Greece,Male,Kallithéa,Tanoodle,51789.54,EUR
Joyce,Chapman,jchapman31@pagesperso-orange.fr,Portugal,Female,Lousa,Bluezoom,,EUR
Terry,Snyder,tsnyder32@usnews.com,China,Male,Qiaozhuang,Voonyx,65458.31,CNY
Bruce,Perez,bperez33@techcrunch.com,Russia,Male,Ponyri Vtoryye,Quimm,3024.58,RUB
Betty,Kennedy,bkennedy34@geocities.com,France,Female,Limoges,Feedbug,93959.20,EUR
Carol,Long,clong35@nhs.uk,Indonesia,Female,Waru Selatan,Mudo,69593.87,IDR
Michael,Myers,mmyers36@theguardian.com,Tunisia,Male,Monastir,Livetube,47626.10,TND
Larry,Garcia,lgarcia37@npr.org,Indonesia,Male,Polen,JumpXS,58706.31,IDR
Rose,Hughes,rhughes38@people.com.cn,Ukraine,Female,Kochetok,Camido,23469.14,UAH
Judy,Garza,jgarza39@blogtalkradio.com,China,Female,Wuma,Dabfeed,72875.98,CNY
Harry,Tucker,htucker3a@virginia.edu,Indonesia,Male,Babakanbungur,Zooveo,96603.13,IDR
Shawn,Wells,swells3b@posterous.com,Sweden,Male,Tingsryd,Zoozzy,71470.61,SEK
Kelly,Washington,kwashington3c@xinhuanet.com,China,Female,Baiyang,Jabbersphere,39759.55,CNY
Pamela,Stone,pstone3d@stanford.edu,China,Female,Shisandaogou,Buzzster,31969.28,CNY
Amy,Burton,aburton3e@diigo.com,Ireland,Female,Thomastown,Camimbo,34926.57,EUR
Louise,Warren,lwarren3f@theguardian.com,France,Female,Tours,Skynoodle,99611.42,EUR
Wayne,Harvey,wharvey3g@prweb.com,China,Male,Xixiang,Einti,45722.27,CNY
Juan,Carr,jcarr3h@arstechnica.com,Indonesia,Male,Blimbing,Twiyo,98386.03,IDR
Clarence,Vasquez,cvasquez3i@wordpress.com,Indonesia,Male,Cermee,Zoomcast,,IDR
Gerald,Rice,grice3j@arizona.edu,Philippines,Male,Tagbina,Gabspot,3440.47,PHP
Nicole,Martinez,nmartinez3k@usnews.com,China,Female,Chenjiatan,Meetz,69065.51,CNY
Donald,Hanson,dhanson3l@amazon.com,Greece,Male,Néos Skopós,Twitterbeat,68564.83,EUR
Julie,Foster,jfoster3m@parallels.com,Panama,Female,Calzada Larga,Dynabox,83297.12,PAB
Matthew,Marshall,mmarshall3n@ow.ly,Slovenia,Male,Trzin,Oloo,8645.34,EUR
Jessica,Porter,jporter3o@latimes.com,Indonesia,Female,Cigedang,Edgeblab,76683.34,IDR
Nicole,Garrett,ngarrett3p@mediafire.com,Colombia,Female,Quimbaya,Dablist,95953.14,COP
Adam,Reynolds,areynolds3q@hc360.com,Brazil,Male,Rio Branco do Sul,Brainsphere,82986.64,BRL
Jesse,Franklin,jfranklin3r@sbwire.com,China,Male,Yanhe,Meembee,18741.38,CNY
Cheryl,Hall,chall3s@homestead.com,France,Female,Paris 17,Jabberbean,15418.83,EUR
Mildred,Perez,mperez3t@netscape.com,Indonesia,Female,Leuwayang,Lazzy,12060.64,IDR
Bobby,Gray,bgray3u@blogger.com,China,Male,Yuanbao,Skinix,35315.54,CNY
Pamela,Cox,pcox3v@google.de,China,Female,Shiqiaotou,Abatz,61514.40,CNY
Theresa,Morris,tmorris3w@weather.com,Czech Republic,Female,Peruc,Vimbo,6933.87,CZK
Tina,Lynch,tlynch3x@themeforest.net,Japan,Female,Miharu,Jabbercube,,JPY
Patrick,Morris,pmorris3y@sitemeter.com,Poland,Male,Lututów,Realbuzz,6397.94,PLN
Kathy,Cruz,kcruz3z@dmoz.org,Portugal,Female,Alvega,Voonder,49912.54,EUR
Shawn,Wilson,swilson40@github.com,Japan,Male,Innoshima,Abatz,3655.85,JPY
Heather,Taylor,htaylor41@youtu.be,Ukraine,Female,Nelipyno,Trunyx,4588.00,UAH
Kathy,Cook,kcook42@ning.com,Philippines,Female,Kabasalan,JumpXS,83944.85,PHP
Jennifer,Jones,jjones43@google.it,Kiribati,Female,Tabwakea Village,Brainverse,,AUD
Patrick,Perez,pperez44@usa.gov,China,Male,Shuizhai,Skipfire,27952.75,CNY
Lillian,Tucker,ltucker45@cisco.com,Mexico,Female,Las Palmas,Tazz,14337.54,MXN
Evelyn,Dunn,edunn46@bluehost.com,Indonesia,Female,Paokmotong Utara,Chatterbridge,83793.13,IDR
Jose,White,jwhite47@ucsd.edu,Russia,Male,Mogocha,Jetpulse,,RUB
Jeffrey,Dunn,jdunn48@bbb.org,Philippines,Male,Cama Juan,Livefish,8544.41,PHP
Douglas,Larson,dlarson49@telegraph.co.uk,China,Male,Gaoshi,Youfeed,,CNY
Louise,Henry,lhenry4a@foxnews.com,Indonesia,Female,Mukun,Yakidoo,45977.60,IDR
Barbara,West,bwest4b@ftc.gov,Brazil,Female,Matozinhos,Katz,,BRL
Bruce,Sullivan,bsullivan4c@stanford.edu,Russia,Male,Verkhozim,Oba,58172.61,RUB
Juan,Snyder,jsnyder4d@joomla.org,China,Male,Hefu,Twinte,66326.21,CNY
Shawn,Grant,sgrant4e@xrea.com,Indonesia,Male,Karangampel,Quire,,IDR
Terry,Fowler,tfowler4f@chicagotribune.com,Portugal,Male,Pigeiros,Twiyo,56219.48,EUR
Lois,Fisher,lfisher4g@ning.com,Serbia,Female,Idvor,Skyndu,,RSD
Roger,Nguyen,rnguyen4h@drupal.org,China,Male,Mozi,Zava,1247.82,CNY
Dorothy,Willis,dwillis4i@epa.gov,Russia,Female,Ust-Maya,Jaxnation,31897.01,RUB
Gary,Lewis,glewis4j@ucsd.edu,Indonesia,Male,Weepanapi,Kaymbo,81425.66,IDR
Helen,Graham,hgraham4k@twitter.com,Indonesia,Female,Bojongloa,Brainverse,748.53,IDR
Joyce,Robertson,jrobertson4l@booking.com,China,Female,Changsha,Rhyzio,28030.90,CNY
Melissa,Cook,mcook4m@mit.edu,Indonesia,Female,Megati Kelod,Topicstorm,27538.68,IDR
Louis,Boyd,lboyd4n@google.nl,Yemen,Male,Sāh,Devpulse,41967.12,YER
Earl,Baker,ebaker4o@flickr.com,Portugal,Male,São Paio de Seide,Zooxo,36844.85,EUR
Emily,Tucker,etucker4p@reddit.com,Venezuela,Female,El Cantón,Realbuzz,20547.31,VEF
Ralph,Morrison,rmorrison4q@wunderground.com,China,Male,Zhucun,Jetwire,69328.67,CNY
Ronald,Larson,rlarson4r@google.pl,Panama,Male,El Espino,Topicstorm,78544.91,PAB
Eugene,Price,eprice4s@cbslocal.com,Cameroon,Male,Bertoua,Oyoyo,27484.24,XAF
Antonio,Powell,apowell4t@1und1.de,Norway,Male,Trondheim,Oyoba,29286.90,NOK
Donna,Reynolds,dreynolds4u@networkadvertising.org,China,Female,Dashuipo,Viva,83370.04,CNY
Carlos,James,cjames4v@arstechnica.com,Ukraine,Male,Novyy Svit,Yadel,17797.52,UAH
Lori,Powell,lpowell4w@domainmarket.com,China,Female,Zalantun,Jabberbean,9697.92,CNY
Amy,Hill,ahill4x@dailymotion.com,El Salvador,Female,Berlín,Gabspot,92350.91,USD
Christine,Washington,cwashington4y@ovh.net,Poland,Female,Ostrów Lubelski,Browsebug,99902.47,PLN
Christopher,Duncan,cduncan4z@springer.com,Russia,Male,Poshekhon’ye,Vidoo,981.96,RUB
Gloria,Gardner,ggardner50@umn.edu,Greece,Female,Nikísiani,Divanoodle,50885.82,EUR
Steve,Simpson,ssimpson51@feedburner.com,Libya,Male,Awjilah,Quire,43138.93,LYD
Norma,Lynch,nlynch52@ed.gov,Costa Rica,Female,Alajuelita,Skyble,26828.41,CRC
Janet,Harrison,jharrison53@umich.edu,Czech Republic,Female,Nymburk,Realblab,,CZK
Jessica,Pierce,jpierce54@google.cn,China,Female,Changfeng,Linktype,76870.19,CNY
Judy,Bowman,jbowman55@storify.com,Russia,Female,Shcherbinka,Topicstorm,27031.10,RUB
Lisa,Johnson,ljohnson56@cafepress.com,Iran,Female,Kāshān,Jaxnation,39529.27,IRR
Barbara,Ortiz,bortiz57@washingtonpost.com,China,Female,Houjiagang,JumpXS,76163.37,CNY
Tina,Ryan,tryan58@ezinearticles.com,Indonesia,Female,Marisgama,Twimm,9863.06,IDR
Jason,Ryan,jryan59@adobe.com,France,Male,Villeurbanne,Realcube,10078.43,EUR
Roger,Simmons,rsimmons5a@bizjournals.com,Philippines,Male,Tabu,Jayo,51857.06,PHP
Lori,Torres,ltorres5b@sciencedaily.com,Peru,Female,Caspisapa,Skinder,59851.28,PEN
James,Miller,jmiller5c@macromedia.com,Russia,Male,Roza,Meezzy,24142.29,RUB
Betty,Morgan,bmorgan5d@hugedomains.com,Tunisia,Female,Menzel Abderhaman,Zazio,,TND
Kelly,Thompson,kthompson5e@skyrock.com,Indonesia,Female,Weda,Einti,67172.57,IDR
Scott,Fisher,sfisher5f@istockphoto.com,Russia,Male,Ust’-Isha,Jabbersphere,4935.17,RUB
Jeremy,Watson,jwatson5g@symantec.com,Laos,Male,Pakxé,Skinte,65758.62,LAK
Janet,Moore,jmoore5h@theglobeandmail.com,China,Female,Banqiao,Thoughtbridge,54996.47,CNY
Laura,Gutierrez,lgutierrez5i@indiegogo.com,Poland,Female,Siedleczka,Edgetag,34609.29,PLN
Diane,Ward,dward5j@wiley.com,China,Female,Qianjin,Fivebridge,64529.23,CNY
Marilyn,Moore,mmoore5k@eventbrite.com,Honduras,Female,Omoa,Feednation,,HNL
Shirley,Sims,ssims5l@infoseek.co.jp,China,Female,Bopu,Buzzster,10281.18,CNY
Donna,Wallace,dwallace5m@google.it,Colombia,Female,Popayán,Yambee,19838.34,COP
Paul,Wells,pwells5n@sciencedaily.com,France,Male,Frontignan,Kaymbo,7880.51,EUR
Roy,Murray,rmurray5o@cam.ac.uk,Indonesia,Male,Pandansari,Jaxbean,90119.90,IDR
Irene,Kelly,ikelly5p@chronoengine.com,Peru,Female,Huarancante,Topicshots,4180.43,PEN
Margaret,Fowler,mfowler5q@linkedin.com,Brazil,Female,São Gotardo,Fatz,65852.25,BRL
James,Mendoza,jmendoza5r@naver.com,Poland,Male,Żelazków,Dynabox,67837.16,PLN
Harold,Jacobs,hjacobs5s@apache.org,Indonesia,Male,Kuala Baru,Jabbercube,49738.46,IDR
Donald,Mccoy,dmccoy5t@yahoo.com,Denmark,Male,København,Skalith,87923.51,DKK
Richard,White,rwhite5u@paypal.com,Brazil,Male,Guaçuí,Dabjam,35723.80,BRL
Samuel,Perry,sperry5v@pagesperso-orange.fr,Ghana,Male,Keta,Yozio,98201.81,GHS
Anthony,Payne,apayne5w@youtube.com,Russia,Male,Sobinka,Yacero,71710.11,RUB
Ralph,Meyer,rmeyer5x@sphinn.com,Philippines,Male,Tagbina,Voolith,,PHP
Alice,Ruiz,aruiz5y@alexa.com,Canada,Female,Aldergrove,Photobug,,CAD
Cheryl,Powell,cpowell5z@tmall.com,China,Female,Jiangshan,Pixonyx,51892.03,CNY
Norma,Wells,nwells60@jiathis.com,France,Female,Nice,Edgepulse,60477.15,EUR
Juan,Palmer,jpalmer61@cocolog-nifty.com,China,Male,Jintan,Skippad,58532.60,CNY
Thomas,Hunt,thunt62@zdnet.com,Indonesia,Male,Dowan,Wikizz,38334.50,IDR
Wanda,Campbell,wcampbell63@paginegialle.it,Venezuela,Female,Valle de Guanape,Yadel,92692.20,VEF
Jeremy,Carroll,jcarroll64@huffingtonpost.com,Indonesia,Male,Cibolek Kidul,Pixonyx,25767.98,IDR
Anna,Stephens,astephens65@yellowbook.com,Cameroon,Female,Bafang,Zoomzone,,XAF
Billy,Fowler,bfowler66@usgs.gov,Bolivia,Male,San Francisco,Kare,48575.79,BOB
Julia,Phillips,jphillips67@amazonaws.com,Portugal,Female,Vilar,Twiyo,58430.77,EUR
Jimmy,Mason,jmason68@reverbnation.com,China,Male,Hongxing,Avamba,,CNY
Joshua,Stanley,jstanley69@ifeng.com,Russia,Male,Neyvo-Rudyanka,Yakijo,83038.32,RUB
Theresa,Jones,tjones6a@sogou.com,Bolivia,Female,Charagua,Brightbean,33813.28,BOB
Laura,Ross,lross6b@quantcast.com,Argentina,Female,Coronel Suárez,Leenti,73338.83,ARS
Rachel,Hall,rhall6c@pagesperso-orange.fr,China,Female,Luoxiong,Wikido,25681.59,CNY
Henry,Stone,hstone6d@arstechnica.com,Sweden,Male,Stockholm,Cogilith,82806.56,SEK
Jeremy,Hughes,jhughes6e@cargocollective.com,Czech Republic,Male,Rýmařov,Vinte,23996.45,CZK
Kathleen,Marshall,kmarshall6f@i2i.jp,Argentina,Female,Piedra del Águila,Babbleblab,19949.65,ARS
Marie,Perez,mperez6g@gmpg.org,Portugal,Female,Esmoriz,Wordify,85554.04,EUR
Christopher,Freeman,cfreeman6h@umich.edu,Indonesia,Male,Soa,Avamba,684.36,IDR
Louis,Dunn,ldunn6i@de.vu,France,Male,Mundolsheim,Lazzy,79740.72,EUR
Ruby,Jordan,rjordan6j@de.vu,Georgia,Female,Akhaltsikhe,Dabshots,64052.74,GEL
Ernest,Daniels,edaniels6k@geocities.com,China,Male,Dingtou,Photobean,47227.58,CNY
Wanda,Hudson,whudson6l@twitter.com,China,Female,Tiebiancheng,Topicstorm,4462.22,CNY
Mildred,Lewis,mlewis6m@hud.gov,China,Female,Zhentou,Pixoboo,53344.85,CNY
Benjamin,Gonzales,bgonzales6n@blogger.com,France,Male,Mulhouse,Meeveo,16792.55,EUR
Craig,Stevens,cstevens6o@netvibes.com,Turkmenistan,Male,Serhetabat,Avaveo,96270.69,TMT
Robert,Garza,rgarza6p@pen.io,Afghanistan,Male,Khōst,InnoZ,24725.22,AFN
Ryan,Austin,raustin6q@mtv.com,Thailand,Male,Si Racha,Chatterpoint,61041.75,THB
Jacqueline,Holmes,jholmes6r@psu.edu,Indonesia,Female,Fatukanutu,Jabberbean,74509.57,IDR
Eugene,Ortiz,eortiz6s@about.me,Brazil,Male,Rio das Ostras,Skiba,97812.02,BRL
Diane,Lane,dlane6t@so-net.ne.jp,Democratic Republic of the Congo,Female,Lukolela,Eamia,33200.04,CDF
Michael,Ward,mward6u@patch.com,China,Male,Dingzhai,Nlounge,55729.49,CNY
Jack,Weaver,jweaver6v@aboutads.info,Czech Republic,Male,Lešná,Browsecat,62227.60,CZK
Tammy,Green,tgreen6w@geocities.jp,Vietnam,Female,Thanh Chương,Yacero,,VND
Victor,Greene,vgreene6x@bravesites.com,China,Male,Xindian,Dabjam,1097.25,CNY
Helen,Ryan,hryan6y@cbc.ca,Russia,Female,Kushelevka,Topicstorm,49569.56,RUB
Carl,Larson,clarson6z@tiny.cc,Indonesia,Male,Sumberpinang Satu,Youbridge,58293.67,IDR
Walter,Ellis,wellis70@thetimes.co.uk,Philippines,Male,Buenavista,Thoughtsphere,67003.94,PHP
Ronald,Richards,rrichards71@xrea.com,Indonesia,Male,Krandil,Chatterbridge,62329.01,IDR
Kathleen,Long,klong72@thetimes.co.uk,Chile,Female,Puerto Aisén,Realbridge,64008.90,CLP
Marie,Woods,mwoods73@prnewswire.com,Russia,Female,Khelyulya,Divape,15225.03,RUB
Philip,Ramos,pramos74@discuz.net,Yemen,Male,Sūq ar Rabū‘,Skyvu,35366.82,YER
Joseph,King,jking75@printfriendly.com,Ukraine,Male,Shakhtars’k,Rhynoodle,42757.54,UAH
David,Bell,dbell76@hexun.com,France,Male,Altkirch,Demizz,36043.65,EUR
Carolyn,Henry,chenry77@issuu.com,Indonesia,Female,Cipicung,Babblestorm,40929.62,IDR
Jean,Reynolds,jreynolds78@istockphoto.com,China,Female,Yonggu,Topicstorm,,CNY
Harry,Griffin,hgriffin79@linkedin.com,Germany,Male,Berlin,Feedbug,52956.90,EUR
Robert,Lane,rlane7a@merriam-webster.com,China,Male,Yanghou,Buzzbean,55473.81,CNY
Earl,Wheeler,ewheeler7b@geocities.com,Nepal,Male,Kathmandu,Twitternation,14472.16,NPR
Wayne,Adams,wadams7c@w3.org,Tunisia,Male,Al Maşdūr,Photofeed,24615.87,TND
Rachel,Lane,rlane7d@mac.com,China,Female,Jiukeng,Gigaclub,52509.12,CNY
Andrew,Ramos,aramos7e@networkadvertising.org,Curacao,Male,Newport,Meetz,,ANG
Emily,Ellis,eellis7f@toplist.cz,Brazil,Female,Limeira,Realmix,34342.18,BRL
Marilyn,Cunningham,mcunningham7g@mapy.cz,Philippines,Female,Caraga,Kazio,21946.27,PHP
George,Riley,griley7h@ask.com,China,Male,Rongxing,Browsecat,47785.56,CNY
Martin,Moore,mmoore7i@si.edu,Brazil,Male,Goiatuba,Thoughtstorm,73936.93,BRL
Patricia,Webb,pwebb7j@fda.gov,Ukraine,Female,Chervonopartyzans’k,Jatri,47855.25,UAH
Roy,Gordon,rgordon7k@archive.org,Russia,Male,Safonovo,Dynazzy,,RUB
Sandra,Grant,sgrant7l@list-manage.com,China,Female,Xinwan,Flipbug,68609.81,CNY
Jimmy,Mason,jmason7m@surveymonkey.com,Russia,Male,Podgornaya,Trilia,24934.05,RUB
Donald,Hawkins,dhawkins7n@homestead.com,China,Male,Dongjiahe,Browsecat,45762.52,CNY
Timothy,Hamilton,thamilton7o@bigcartel.com,China,Male,Hongshan,Eabox,85484.12,CNY
Sean,Hayes,shayes7p@vimeo.com,Russia,Male,Troparëvo,Plajo,96059.55,RUB
Robin,Green,rgreen7q@slate.com,Japan,Female,Yonezawa,Realmix,68364.21,JPY
Pamela,Scott,pscott7r@epa.gov,Russia,Female,Palana,Buzzshare,57089.79,RUB
Jeffrey,Adams,jadams7s@devhub.com,China,Male,Huangzhuang,Oyondu,60878.84,CNY
Dennis,Andrews,dandrews7t@vistaprint.com,Greece,Male,Agía Triáda,Skimia,,EUR
Jacqueline,Stevens,jstevens7u@youtube.com,Bangladesh,Female,Sandwīp,Camido,32612.45,BDT
Donna,Torres,dtorres7v@fda.gov,Serbia,Female,Nova Pazova,Ntag,11590.00,RSD
Kathryn,Baker,kbaker7w@newyorker.com,China,Female,Lhakangtang,Photofeed,96374.12,CNY
Andrea,Henry,ahenry7x@goo.ne.jp,China,Female,Xinwo,Quatz,44279.07,CNY
Cynthia,Mcdonald,cmcdonald7y@blinklist.com,Finland,Female,Tornio,Divanoodle,71373.36,EUR
Diane,Wagner,dwagner7z@washington.edu,Western Sahara,Female,Dakhla,Demivee,47184.15,MAD
Terry,Sims,tsims80@ovh.net,Lithuania,Male,Trakai,Skyndu,18082.45,LTL
Eric,Foster,efoster81@so-net.ne.jp,Guatemala,Male,Jacaltenango,Zoombox,64202.91,GTQ
Robin,Alexander,ralexander82@biglobe.ne.jp,Peru,Female,Coayllo,Edgetag,48636.01,PEN
Jennifer,Turner,jturner83@naver.com,China,Female,Jiangxiangzhen,Nlounge,38734.03,CNY
Theresa,Gardner,tgardner84@com.com,France,Female,Villeurbanne,Topiclounge,,EUR
Christopher,Spencer,cspencer85@t-online.de,Indonesia,Male,Dawung,Yabox,99209.49,IDR
Lori,Carpenter,lcarpenter86@cnn.com,China,Female,Xintaimen,Abatz,,CNY
Anna,Flores,aflores87@sfgate.com,South Africa,Female,Claremont,Zoombeat,42015.19,ZAR
Timothy,Fisher,tfisher88@posterous.com,Nepal,Male,Dhankutā,Gabcube,82593.56,NPR
Todd,Cruz,tcruz89@msn.com,Portugal,Male,Chão,Dynabox,89783.94,EUR
Tammy,Riley,triley8a@pen.io,Slovenia,Female,Senovo,Jabbersphere,8236.39,EUR
Irene,Turner,iturner8b@a8.net,Cyprus,Female,Dhali,Mynte,42462.29,EUR
Sean,Murray,smurray8c@eepurl.com,Indonesia,Male,Krajan Bejagung,Zoonder,21240.98,IDR
Christopher,Bell,cbell8d@unesco.org,Finland,Male,Virojoki,Brightbean,88200.84,EUR
Gary,Clark,gclark8e@facebook.com,China,Male,Taodian,Kazio,56363.18,CNY
Lawrence,Greene,lgreene8f@abc.net.au,Poland,Male,Ostrówek,Mybuzz,43039.21,PLN
Anne,Duncan,aduncan8g@redcross.org,Colombia,Female,Remolino,Buzzbean,34771.13,COP
Frank,Ross,fross8h@bloglines.com,Estonia,Male,Räpina,Voonyx,59396.70,EUR
Jonathan,Boyd,jboyd8i@berkeley.edu,Russia,Male,Voznesenskoye,Rhyzio,98193.67,RUB
Juan,Gibson,jgibson8j@blogtalkradio.com,Peru,Male,Llusco,Oyondu,46383.75,PEN
Victor,Wells,vwells8k@newyorker.com,Indonesia,Male,Warungtanjung,Roodel,60445.36,IDR
Lawrence,Duncan,lduncan8l@myspace.com,Hungary,Male,Szeged,Katz,,HUF
Angela,Walker,awalker8m@usgs.gov,United States,Female,Springfield,Devcast,99696.03,USD
Randy,Scott,rscott8n@dion.ne.jp,Indonesia,Male,Kakaek,Browseblab,29979.64,IDR
Donna,Johnson,djohnson8o@mit.edu,"Bonaire, Saint Eustatius and Saba ",Female,Upper Hell's Gate,Zoomzone,26088.55,USD
Victor,Oliver,voliver8p@blog.com,Thailand,Male,Si Wilai,Yombu,92907.17,THB
Shirley,Lynch,slynch8q@unblog.fr,France,Female,Lyon,Flipopia,22804.44,EUR
William,Gardner,wgardner8r@geocities.jp,Ukraine,Male,Khartsyz’k,Quaxo,41725.30,UAH
Catherine,Gibson,cgibson8s@arstechnica.com,China,Female,Shuanghe,Bluejam,72411.77,CNY
Janice,Hunt,jhunt8t@huffingtonpost.com,China,Female,Kengyuan,Skimia,85873.42,CNY
Ashley,Lawson,alawson8u@imageshack.us,Brazil,Female,Garça,Yoveo,37603.72,BRL
Daniel,Howell,dhowell8v@gravatar.com,Poland,Male,Szydłowo,Realbridge,,PLN
Bobby,Turner,bturner8w@ftc.gov,Poland,Male,Budzów,Skippad,170.38,PLN
Jessica,Mason,jmason8x@mail.ru,Peru,Female,Moche,Livetube,50572.81,PEN
Doris,Ferguson,dferguson8y@infoseek.co.jp,Brazil,Female,Içara,Feedfire,90433.83,BRL
Christine,Lawrence,clawrence8z@cafepress.com,Brazil,Female,Descalvado,Skaboo,6029.41,BRL
Joshua,Fuller,jfuller90@nps.gov,Indonesia,Male,Kadubadak,Skinder,78067.00,IDR
Amanda,Graham,agraham91@odnoklassniki.ru,China,Female,Xindeng,Twitterbeat,48348.14,CNY
Lawrence,Watson,lwatson92@usnews.com,China,Male,Yuantan,Snaptags,13493.74,CNY
Clarence,Carr,ccarr93@home.pl,Netherlands,Male,Den Haag,Fadeo,70158.09,EUR
Samuel,Welch,swelch94@disqus.com,Czech Republic,Male,Žatec,Eadel,80052.19,CZK
Carlos,Greene,cgreene95@hhs.gov,Italy,Male,Palermo,Skaboo,48230.60,EUR
Joyce,Cooper,jcooper96@opera.com,Japan,Female,Ōgaki,Bubblemix,,JPY
Janice,Meyer,jmeyer97@imdb.com,Morocco,Female,Youssoufia,Mybuzz,6293.24,MAD
Todd,Evans,tevans98@cornell.edu,Brazil,Male,Ibaiti,Jaxspan,47109.32,BRL
Samuel,Richardson,srichardson99@dedecms.com,Russia,Male,Ulety,Yambee,77047.48,RUB
David,Martinez,dmartinez9a@loc.gov,Poland,Male,Jasień,Jabbercube,32849.49,PLN
Aaron,Daniels,adaniels9b@sourceforge.net,Vietnam,Male,Thị Trấn Yên Ninh,Topdrive,72009.59,VND
Nancy,Schmidt,nschmidt9c@clickbank.net,Niger,Female,Tessaoua,Dabshots,22196.96,XOF
Brandon,Hamilton,bhamilton9d@google.com.hk,Iran,Male,Marāveh Tappeh,Fivespan,35145.64,IRR
Lori,Porter,lporter9e@vimeo.com,Brazil,Female,São Gabriel,Dynabox,96.42,BRL
Stephanie,Ramos,sramos9f@meetup.com,Guam,Female,Tamuning-Tumon-Harmon Village,Skaboo,37509.60,USD
Tina,Matthews,tmatthews9g@earthlink.net,Thailand,Female,Srinagarindra,Ooba,637.05,THB
Andrea,Stephens,astephens9h@comcast.net,Indonesia,Female,Tiyingtali Kelod,Npath,,IDR
Evelyn,Wood,ewood9i@ox.ac.uk,Indonesia,Female,Gelang,Topdrive,78275.50,IDR
Gerald,Gutierrez,ggutierrez9j@cpanel.net,Iran,Male,Eqlīd,Zooveo,92414.38,IRR
Raymond,Elliott,relliott9k@mayoclinic.com,Slovenia,Male,Pesnica pri Mariboru,Skimia,,EUR
Edward,Gonzales,egonzales9l@amazon.co.uk,Vietnam,Male,Trà My,Realcube,89731.65,VND
Sara,Moreno,smoreno9m@patch.com,Indonesia,Female,Bantu,Dabjam,60468.59,IDR
Brandon,Riley,briley9n@youtube.com,Chile,Male,San Felipe,Ntag,39994.59,CLP
William,Walker,wwalker9o@wordpress.org,Philippines,Male,Naili,Quinu,,PHP
Pamela,Collins,pcollins9p@surveymonkey.com,Indonesia,Female,Kolomanu,Bubbletube,35174.26,IDR
Samuel,Ward,sward9q@prweb.com,China,Male,Ditang,Thoughtblab,69587.14,CNY
Linda,Pierce,lpierce9r@statcounter.com,Dominican Republic,Female,Fantino,Topiclounge,,DOP
Michael,Rice,mrice9s@mail.ru,Ukraine,Male,Marhanets’,Oyoba,71826.62,UAH
Janice,Mitchell,jmitchell9t@google.pl,Thailand,Female,Si Mahosot,Skyble,,THB
Matthew,Carr,mcarr9u@weebly.com,China,Male,Chengyue,Abatz,1690.05,CNY
Anthony,Sanchez,asanchez9v@google.com.hk,China,Male,Baojiadian,Youbridge,4387.99,CNY
Brian,Garza,bgarza9w@china.com.cn,Botswana,Male,Makoba,Jaxspan,98380.38,BWP
Sandra,Richards,srichards9x@hugedomains.com,Indonesia,Female,Karangsari,Trupe,55836.82,IDR
Paula,Lee,plee9y@alexa.com,Philippines,Female,Bamban,Lazz,6790.89,PHP
Joe,Jordan,jjordan9z@so-net.ne.jp,Honduras,Male,El Corozal,Eamia,40585.36,HNL
Lisa,Myers,lmyersa0@wsj.com,China,Female,Tuodian,Jetpulse,14511.38,CNY
Heather,Frazier,hfraziera1@google.ru,Russia,Female,Prochnookopskaya,Edgetag,94488.26,RUB
Donald,Day,ddaya2@livejournal.com,Indonesia,Male,Madan,Realblab,,IDR
Carl,Carr,ccarra3@nbcnews.com,China,Male,Changxingbao,Gigaclub,16848.48,CNY
Lori,Simpson,lsimpsona4@arizona.edu,China,Female,Fushun,Babblestorm,46760.36,CNY
Thomas,Gardner,tgardnera5@epa.gov,Cape Verde,Male,Cidade Velha,Feedmix,88600.11,CVE
Kathleen,Cooper,kcoopera6@ca.gov,Russia,Female,Uglich,Yodel,46104.51,RUB
Peter,Rivera,priveraa7@uol.com.br,Vietnam,Male,Chư Ty,Zoomcast,,VND
Margaret,King,mkinga8@symantec.com,Russia,Female,Bogorodsk,Zoomzone,57934.89,RUB
Annie,Barnes,abarnesa9@ow.ly,Poland,Female,Sułkowice,Gigaclub,38043.34,PLN
Daniel,Dixon,ddixonaa@google.com,Nigeria,Male,Idi Iroko,Rhycero,27903.18,NGN
Mary,Cruz,mcruzab@miibeian.gov.cn,Serbia,Female,Mošorin,Fivebridge,87791.75,RSD
Mildred,Black,mblackac@who.int,China,Female,Zhengwan,Thoughtmix,10233.34,CNY
Anne,Meyer,ameyerad@indiatimes.com,Angola,Female,Caxito,Layo,87246.23,AOA
Albert,Kelly,akellyae@nyu.edu,Ukraine,Male,Mykolayiv,Feedmix,91688.28,UAH
Sarah,Lawson,slawsonaf@toplist.cz,Japan,Female,Hiroshima-shi,Gabspot,40177.91,JPY
Jason,Kennedy,jkennedyag@nba.com,China,Male,Qiujima,Twitterbeat,,CNY
Dorothy,Robertson,drobertsonah@ucoz.com,Sweden,Female,Hova,Pixope,68781.69,SEK
Jason,Ramos,jramosai@engadget.com,Dominican Republic,Male,Cotuí,Meevee,66585.94,DOP
William,Carpenter,wcarpenteraj@nyu.edu,Russia,Male,Novorossiysk,Realcube,1577.50,RUB
Kathleen,Hansen,khansenak@purevolume.com,Peru,Female,Choco,Zoomdog,72192.13,PEN
Joseph,Weaver,jweaveral@vimeo.com,Poland,Male,Głuchów,Youbridge,20633.87,PLN
Andrew,Garrett,agarrettam@hubpages.com,China,Male,Xiluo,Realcube,10904.03,CNY
Gregory,Hunt,ghuntan@wordpress.org,China,Male,Liuyuan,Centidel,36266.44,CNY
Louis,Jackson,ljacksonao@rambler.ru,Ghana,Male,Hohoe,Vitz,65271.62,GHS
Carolyn,Kelly,ckellyap@devhub.com,Indonesia,Female,Cibeusi,Blogtags,95322.44,IDR
Daniel,Hicks,dhicksaq@geocities.com,Indonesia,Male,Riangkroko,Mudo,22255.46,IDR
Marilyn,Morris,mmorrisar@biglobe.ne.jp,China,Female,Chengbei,Yata,61151.45,CNY
Gloria,Lewis,glewisas@webeden.co.uk,China,Female,Liucheng,Eare,99082.05,CNY
Donald,Harrison,dharrisonat@redcross.org,Czech Republic,Male,Veverská Bítýška,Mycat,96769.79,CZK
Gerald,Stone,gstoneau@oaic.gov.au,Syria,Male,Jindayris,Centidel,58142.64,SYP
Jose,Gomez,jgomezav@naver.com,Brazil,Male,Castanhal,Tanoodle,45813.80,BRL
Brenda,Larson,blarsonaw@tiny.cc,China,Female,Huangzhuang,Browsecat,50198.10,CNY
Bonnie,Washington,bwashingtonax@shareasale.com,United States,Female,Aurora,Edgetag,98200.75,USD
Donna,Howard,dhowarday@dot.gov,Indonesia,Female,Wonokromo,Oyonder,,IDR
James,Spencer,jspenceraz@ihg.com,China,Male,Tongren,Omba,,CNY
Keith,Perry,kperryb0@paypal.com,Argentina,Male,Almafuerte,Latz,45438.96,ARS
Howard,Knight,hknightb1@domainmarket.com,Venezuela,Male,Boconó,Tagchat,,VEF
Ernest,Jenkins,ejenkinsb2@illinois.edu,Poland,Male,Księżpol,Jabbersphere,48223.51,PLN
Harry,Ward,hwardb3@state.tx.us,Poland,Male,Działdowo,Babbleblab,9742.37,PLN
Jack,Carter,jcarterb4@dot.gov,United States,Male,Pasadena,Brainverse,48568.09,USD
Larry,Perkins,lperkinsb5@mediafire.com,Colombia,Male,Cravo Norte,Feedmix,,COP
Marie,Gomez,mgomezb6@oaic.gov.au,South Africa,Female,Trompsburg,Roombo,99286.51,ZAR
Mary,Baker,mbakerb7@cbsnews.com,Malaysia,Female,Kuala Terengganu,Avaveo,21428.91,MYR
Carolyn,Olson,colsonb8@unicef.org,Brazil,Female,São Joaquim,Tanoodle,5965.27,BRL
Andrew,Ortiz,aortizb9@cpanel.net,Thailand,Male,Nakhon Phanom,Quatz,,THB
Jacqueline,Crawford,jcrawfordba@naver.com,Finland,Female,Tammela,Kwilith,77093.11,EUR
Terry,Burns,tburnsbb@narod.ru,United States,Male,Columbus,Voomm,,USD
Roy,Woods,rwoodsbc@amazonaws.com,Norway,Male,Oslo,Cogibox,20353.22,NOK
Antonio,Berry,aberrybd@sciencedaily.com,Colombia,Male,Buenaventura,Thoughtstorm,89771.07,COP
Marie,Meyer,mmeyerbe@behance.net,Poland,Female,Nowa Sól,Yodel,95163.30,PLN
Janet,Garrett,jgarrettbf@ehow.com,Macedonia,Female,Makedonski Brod,Youbridge,52768.17,MKD
Ronald,Washington,rwashingtonbg@abc.net.au,Indonesia,Male,Sidomulyo,Zooveo,32018.60,IDR
Heather,Mccoy,hmccoybh@ocn.ne.jp,Ukraine,Female,Vyshhorod,Edgepulse,66522.85,UAH
Harold,Daniels,hdanielsbi@microsoft.com,Brazil,Male,Osvaldo Cruz,Myworks,51995.18,BRL
Louise,Martinez,lmartinezbj@epa.gov,Slovenia,Female,Šoštanj,Skinix,25286.56,EUR
Sean,Warren,swarrenbk@dell.com,Indonesia,Male,Banjar Pangkungtibah Selatan,Rhybox,76072.95,IDR
Carol,Garza,cgarzabl@phpbb.com,Indonesia,Female,Riangbaring,Kwimbee,,IDR
Marilyn,Mason,mmasonbm@vk.com,Poland,Female,Żarów,Oyonder,41873.80,PLN
Kenneth,Morgan,kmorganbn@reference.com,China,Male,Dongyuan,Linkbridge,79045.54,CNY
Ruth,Porter,rporterbo@miibeian.gov.cn,Indonesia,Female,Bedayutalang,Yodo,48017.56,IDR
Diana,Mcdonald,dmcdonaldbp@nps.gov,Dominican Republic,Female,San Cristóbal,Feedspan,,DOP
Christopher,Palmer,cpalmerbq@github.com,Brazil,Male,Picos,Yambee,42031.07,BRL
Irene,Johnston,ijohnstonbr@squidoo.com,Russia,Female,Solnechnogorsk,Leenti,47392.60,RUB
Steve,Oliver,soliverbs@mozilla.org,China,Male,Ezhou,Livetube,19219.43,CNY
Jonathan,Long,jlongbt@state.tx.us,Japan,Male,Itako,Zazio,60641.31,JPY
Frank,Brooks,fbrooksbu@studiopress.com,Greece,Male,Portariá,Oodoo,77243.58,EUR
Sandra,Larson,slarsonbv@marriott.com,Jordan,Female,Umm as Summāq,Fadeo,89105.46,JOD
Nicole,Bailey,nbaileybw@imdb.com,France,Female,Caen,Topicshots,56925.13,EUR
Roy,Hanson,rhansonbx@feedburner.com,China,Male,Luodian,Brainsphere,71921.96,CNY
Catherine,Russell,crussellby@newyorker.com,France,Female,Marne-la-Vallée,Youspan,,EUR
Joan,Bell,jbellbz@mysql.com,Slovenia,Female,Rogoza,Thoughtmix,74379.06,EUR
Keith,Daniels,kdanielsc0@bing.com,Greece,Male,Pásion,Vimbo,7992.63,EUR
Elizabeth,Frazier,efrazierc1@walmart.com,Pakistan,Female,Hujra,Zoonoodle,89934.64,PKR
Judy,Peters,jpetersc2@hubpages.com,Norway,Female,Oslo,Yozio,25284.51,NOK
Jessica,Richardson,jrichardsonc3@unicef.org,China,Female,Hongsipu,Wordtune,1818.49,CNY
Joshua,Little,jlittlec4@indiatimes.com,Morocco,Male,Kerrouchen,Skiba,38961.66,MAD
Jerry,Morrison,jmorrisonc5@java.com,China,Male,Wanzhai,Flashpoint,75964.40,CNY
Marie,Rogers,mrogersc6@blogs.com,Indonesia,Female,Biito,Jabberbean,2852.70,IDR
Ronald,Kim,rkimc7@blog.com,Poland,Male,Zbąszynek,Tanoodle,51847.26,PLN
Ruby,Campbell,rcampbellc8@g.co,Sweden,Female,Solna,Omba,32526.97,SEK
Sandra,Walker,swalkerc9@parallels.com,Czech Republic,Female,Štítina,Zoomzone,47029.42,CZK
Margaret,Davis,mdavisca@icq.com,Canada,Female,Québec,Devpoint,42433.64,CAD
Chris,Porter,cportercb@harvard.edu,Albania,Male,Kombësi,Yakidoo,59525.56,ALL
Chris,Fowler,cfowlercc@miibeian.gov.cn,Finland,Male,Karjalohja,Eire,35559.18,EUR
Julia,Morales,jmoralescd@who.int,Peru,Female,Ayna,Chatterbridge,13355.97,PEN
Earl,Cunningham,ecunninghamce@unblog.fr,Indonesia,Male,Alasmalang,Vimbo,67269.62,IDR
Edward,Bradley,ebradleycf@census.gov,Russia,Male,Gramoteino,Zoomlounge,39811.86,RUB
Scott,Reid,sreidcg@dion.ne.jp,Palestinian Territory,Male,Arţās,Yakijo,,ILS
Victor,Howell,vhowellch@privacy.gov.au,Equatorial Guinea,Male,Evinayong,Chatterbridge,44816.81,XAF
Alan,Carter,acarterci@ifeng.com,Uganda,Male,Sembabule,Topdrive,8143.09,UGX
Marie,Lynch,mlynchcj@theatlantic.com,China,Female,Nangang,Oyope,87567.01,CNY
Emily,Lopez,elopezck@altervista.org,Sweden,Female,Åstorp,Yamia,,SEK
James,Payne,jpaynecl@wikipedia.org,Philippines,Male,Bayanan,Youspan,56434.45,PHP
Jacqueline,Wallace,jwallacecm@indiatimes.com,Russia,Female,Grebnevo,Eazzy,18551.46,RUB
Justin,Moreno,jmorenocn@diigo.com,Botswana,Male,Maun,Quatz,88457.05,BWP
Betty,Powell,bpowellco@dedecms.com,Kazakhstan,Female,Asykata,Skiptube,44584.20,KZT
Kevin,Jackson,kjacksoncp@yale.edu,China,Male,Liuyuan,Youspan,88712.66,CNY
Howard,Hicks,hhickscq@shop-pro.jp,Madagascar,Male,Vohibinany,Skippad,,MGA
Lois,Knight,lknightcr@de.vu,Vietnam,Female,Hưng Nguyên,Kwimbee,11173.15,VND
Kathy,Black,kblackcs@tamu.edu,Russia,Female,Shirokovskiy,Twiyo,46502.08,RUB
Martin,Russell,mrussellct@about.com,Portugal,Male,Azinhal,Voomm,3280.14,EUR
Jimmy,Simpson,jsimpsoncu@360.cn,Sweden,Male,Domsjö,Topiczoom,35002.69,SEK
Frances,Palmer,fpalmercv@deviantart.com,Russia,Female,Grazhdanka,Divavu,12288.34,RUB
Donna,Lopez,dlopezcw@skyrock.com,China,Female,Shangcai Zhongxing,Trilith,19502.53,CNY
Lawrence,Young,lyoungcx@about.me,Greece,Male,Kallithéa,Chatterbridge,42652.72,EUR
Kathleen,Barnes,kbarnescy@opensource.org,Russia,Female,Beslan,Blogpad,54877.67,RUB
Edward,Fox,efoxcz@vimeo.com,Russia,Male,Pereslavl’-Zalesskiy,Innojam,12670.58,RUB
Jose,Holmes,jholmesd0@auda.org.au,Italy,Male,Catania,Meembee,98398.26,EUR
Deborah,Vasquez,dvasquezd1@chicagotribune.com,Argentina,Female,Pico Truncado,Yombu,65485.96,ARS
Philip,Meyer,pmeyerd2@youtu.be,Iran,Male,Hendījān,Aibox,34690.76,IRR
Emily,Schmidt,eschmidtd3@youtube.com,Macedonia,Female,Berovo,Zoombeat,17011.81,MKD
David,Mason,dmasond4@mail.ru,China,Male,Jianshe,Realbuzz,58896.17,CNY
Diane,Marshall,dmarshalld5@hud.gov,Palestinian Territory,Female,Burqah,Jaxnation,63356.67,ILS
Juan,Harper,jharperd6@amazon.co.uk,China,Male,Baishi,Fivespan,80722.29,CNY
Diana,Thomas,dthomasd7@wiley.com,Brazil,Female,Charqueadas,Vimbo,85619.30,BRL
Catherine,Bell,cbelld8@imgur.com,Indonesia,Female,Kadukandel,Centidel,46819.91,IDR
Stephen,Morrison,smorrisond9@paypal.com,Indonesia,Male,Uiasa,Skipstorm,71053.05,IDR
Joan,Day,jdayda@nhs.uk,Azerbaijan,Female,Shamakhi,Plajo,,AZN
Mildred,Banks,mbanksdb@addthis.com,Portugal,Female,Azinhal,Vitz,41371.59,EUR
Donna,Harvey,dharveydc@shop-pro.jp,Indonesia,Female,Samir,Edgetag,54787.94,IDR
Steven,Gonzalez,sgonzalezdd@opensource.org,Sweden,Male,Helsingborg,Browsebug,24713.14,SEK
Paula,Mccoy,pmccoyde@google.cn,Indonesia,Female,Panite,Miboo,38852.78,IDR
Amanda,Lawson,alawsondf@seattletimes.com,China,Female,Yaozhou,Kwinu,,CNY
Janice,Smith,jsmithdg@1688.com,Poland,Female,Baborów,Thoughtbeat,57483.40,PLN
Ruby,Morrison,rmorrisondh@rediff.com,Chile,Female,Coihaique,Skajo,27496.45,CLP
Beverly,Fuller,bfullerdi@walmart.com,Indonesia,Female,Citeureup,Devpoint,52362.38,IDR
Aaron,Jenkins,ajenkinsdj@opera.com,Ukraine,Male,Lyubashivka,Lajo,,UAH
Clarence,Henry,chenrydk@ning.com,Tunisia,Male,Majāz al Bāb,Layo,,TND
Dennis,Gordon,dgordondl@i2i.jp,China,Male,Zengjia,Voonder,44999.87,CNY
Joan,Marshall,jmarshalldm@sohu.com,Croatia,Female,Opuzen,Realmix,74021.57,HRK
Amy,Webb,awebbdn@blogspot.com,Tajikistan,Female,Farkhor,Photojam,83386.55,TJS
Robin,Montgomery,rmontgomerydo@bluehost.com,China,Female,Youshan,Devify,48446.59,CNY
Gloria,Snyder,gsnyderdp@indiegogo.com,Iran,Female,Nahāvand,Dynabox,37107.03,IRR
Mary,Lopez,mlopezdq@mayoclinic.com,Russia,Female,Podkumskiy,Wordware,77955.72,RUB
Thomas,Alexander,talexanderdr@guardian.co.uk,China,Male,Hengshui,Realcube,66840.46,CNY
Kathy,Hansen,khansends@amazon.co.jp,Russia,Female,Rodnikovskaya,Rhycero,5200.11,RUB
Phyllis,Phillips,pphillipsdt@timesonline.co.uk,Bangladesh,Female,Chhātak,Quaxo,82199.90,BDT
Diane,Smith,dsmithdu@go.com,Dominican Republic,Female,Río Grande,Riffpedia,95057.30,DOP
Albert,Cox,acoxdv@samsung.com,China,Male,Shantou,Topdrive,15697.59,CNY
Lillian,Reid,lreiddw@youtu.be,Serbia,Female,Barajevo,Vidoo,14826.60,RSD
Willie,Crawford,wcrawforddx@cornell.edu,France,Male,Paris La Défense,Gigabox,69911.38,EUR
Bonnie,Reynolds,breynoldsdy@senate.gov,China,Female,Yilan,Zoonder,72554.15,CNY
Robert,Andrews,randrewsdz@parallels.com,Georgia,Male,Tsalka,Kwimbee,98703.05,GEL
Peter,Barnes,pbarnese0@mysql.com,Greece,Male,Álli Meriá,Eare,52944.28,EUR
Patricia,Pierce,ppiercee1@phoca.cz,Colombia,Female,Plato,Livepath,68621.59,COP
Gloria,Spencer,gspencere2@i2i.jp,China,Female,Liusi,Topicstorm,70416.77,CNY
Barbara,Robertson,brobertsone3@networkadvertising.org,Argentina,Female,Azul,Meevee,44423.62,ARS
Jean,Austin,jaustine4@japanpost.jp,Canada,Female,Fort Smith,Kwideo,3633.52,CAD
Lisa,Martin,lmartine5@microsoft.com,China,Female,Liuliping,Tazz,12172.69,CNY
Joe,Moreno,jmorenoe6@nytimes.com,Bosnia and Herzegovina,Male,Gornje Živinice,Flipopia,,BAM
Gerald,Marshall,gmarshalle7@yahoo.co.jp,Indonesia,Male,Palangkaraya,LiveZ,72393.40,IDR
Clarence,Duncan,cduncane8@webmd.com,Argentina,Male,El Soberbio,Ozu,37298.06,ARS
Elizabeth,Stephens,estephense9@cdc.gov,Nigeria,Female,Afikpo,Babblestorm,77732.53,NGN
Anthony,Welch,awelchea@ibm.com,Poland,Male,Brzeg Dolny,Roodel,37956.23,PLN
Andrew,Gordon,agordoneb@ucla.edu,Netherlands,Male,Rosmalen,Rhyzio,7961.77,EUR
Kathy,Davis,kdavisec@foxnews.com,Moldova,Female,Biruinţa,Browsezoom,71742.77,MDL
Victor,Willis,vwillised@github.io,Dominican Republic,Male,San José de Ocoa,Jaxworks,64843.04,DOP
Mary,Mccoy,mmccoyee@google.com.hk,Russia,Female,Omsk,Gabcube,59484.60,RUB
Steve,Ward,swardef@newyorker.com,Indonesia,Male,Sulengwaseng,Tagopia,67164.49,IDR
Ronald,Hayes,rhayeseg@yellowbook.com,Poland,Male,Wolanów,Oloo,80707.39,PLN
Lawrence,Murray,lmurrayeh@flickr.com,Mauritius,Male,Cap Malheureux,Oyonder,45909.65,MUR
Diane,Stewart,dstewartei@hibu.com,China,Female,Xiaolongmen,Feedspan,32242.04,CNY
Todd,Weaver,tweaverej@angelfire.com,Poland,Male,Rybie,Jabberbean,84685.67,PLN
Randy,Hart,rhartek@vk.com,China,Male,Nanjie,Yakidoo,38055.94,CNY
Jean,Hicks,jhicksel@google.nl,China,Female,Gangkou,Reallinks,95060.92,CNY
Rachel,Howell,rhowellem@drupal.org,China,Female,Xiongji,Viva,5491.07,CNY
William,Hamilton,whamiltonen@a8.net,China,Male,Machang,Riffpath,90297.99,CNY
Bruce,Cooper,bcoopereo@webnode.com,Uzbekistan,Male,Kosonsoy Shahri,Trupe,,UZS
Christina,Henderson,chendersonep@blog.com,Indonesia,Female,Sukasari,Rhybox,64263.31,IDR
Judith,Elliott,jelliotteq@census.gov,Serbia,Female,Sremska Mitrovica,Npath,69829.46,RSD
Samuel,Kim,skimer@webs.com,Canada,Male,Dorchester,Linklinks,23026.55,CAD
Harold,Turner,hturneres@home.pl,New Zealand,Male,Kawakawa,Zoomzone,715.67,NZD
Robert,Ford,rfordet@bloglovin.com,Russia,Male,Admiralteisky,Shuffletag,58200.63,RUB
Julie,Day,jdayeu@wordpress.org,Cuba,Female,Banes,Izio,84826.61,CUP
Brian,Kennedy,bkennedyev@pcworld.com,Mexico,Male,Guadalupe,Geba,2093.80,MXN
Denise,Gomez,dgomezew@shutterfly.com,Yemen,Female,Al ‘Udayn,Mymm,53135.87,YER
Raymond,Evans,revansex@purevolume.com,Indonesia,Male,Mandala,Janyx,91790.05,IDR
Henry,Alexander,halexanderey@ihg.com,Philippines,Male,Kalian,Realpoint,3598.56,PHP
Gregory,Mccoy,gmccoyez@blogspot.com,Japan,Male,Takaoka,Teklist,80120.53,JPY
Billy,Warren,bwarrenf0@usnews.com,Indonesia,Male,Cogreg Wetan,Flipbug,138.01,IDR
Carol,Price,cpricef1@1688.com,Russia,Female,Voyskovitsy,Yabox,84805.47,RUB
Harold,Simpson,hsimpsonf2@ft.com,Kenya,Male,Embu,Twitternation,14679.87,KES
Randy,Arnold,rarnoldf3@delicious.com,China,Male,Dongdai,Tekfly,74693.35,CNY
Mildred,Allen,mallenf4@bbb.org,Georgia,Female,Didi Lilo,Cogidoo,26766.40,GEL
Debra,Montgomery,dmontgomeryf5@theatlantic.com,Indonesia,Female,Sukamantri Satu,Tagopia,18055.02,IDR
Heather,Washington,hwashingtonf6@census.gov,Slovenia,Female,Ravne na Koroškem,Realfire,67023.96,EUR
Maria,Ramirez,mramirezf7@amazonaws.com,China,Female,Anhai,Podcat,74236.69,CNY
Wanda,Duncan,wduncanf8@wunderground.com,Philippines,Female,Ogod,Gabtype,41821.38,PHP
Paula,Hart,phartf9@businessweek.com,Greece,Female,Vágia,Miboo,27726.08,EUR
James,Hart,jhartfa@wsj.com,Tanzania,Male,Nzega,Skippad,,TZS
Kevin,Ford,kfordfb@intel.com,Brazil,Male,Belford Roxo,Flashpoint,14450.90,BRL
Alice,Reid,areidfc@intel.com,China,Female,Zhuyang,Zoovu,79937.77,CNY
Teresa,Olson,tolsonfd@macromedia.com,Serbia,Female,Tršić,Leenti,25748.12,RSD
Steven,Matthews,smatthewsfe@jiathis.com,Indonesia,Male,Ngepoh Kidul,Yakijo,89555.24,IDR
Jesse,Matthews,jmatthewsff@amazon.com,Slovenia,Male,Žirovnica,Thoughtworks,70147.57,EUR
Jonathan,Gardner,jgardnerfg@furl.net,Venezuela,Male,Maturín,Eayo,16452.41,VEF
Gerald,Robertson,grobertsonfh@topsy.com,China,Male,Huicheng,Yakitri,97017.87,CNY
Jeffrey,Cook,jcookfi@friendfeed.com,Indonesia,Male,Karasgede,Plajo,25536.60,IDR
Sarah,Bailey,sbaileyfj@amazon.com,Kenya,Female,Nanyuki,Abatz,88451.74,KES
Bonnie,Brooks,bbrooksfk@salon.com,Philippines,Female,Dimataling,Voonte,96678.12,PHP
Sean,Gilbert,sgilbertfl@cyberchimps.com,China,Male,Zhuyang,Shuffletag,73160.26,CNY
Albert,Montgomery,amontgomeryfm@pinterest.com,Portugal,Male,Figueiras,Youtags,77416.66,EUR
Bobby,Dean,bdeanfn@jiathis.com,Russia,Male,Mayskiy,Skyndu,37423.86,RUB
Jose,Russell,jrussellfo@drupal.org,Canada,Male,Coaticook,Voonte,,CAD
Evelyn,Davis,edavisfp@columbia.edu,Philippines,Female,General Luna,Zoombox,84724.48,PHP
Julia,Mendoza,jmendozafq@indiegogo.com,China,Female,Huai’an,Kwimbee,35975.83,CNY
Judith,Kelley,jkelleyfr@youtube.com,Russia,Female,Solomenskoye,Realmix,13069.99,RUB
Michelle,Hunt,mhuntfs@seesaa.net,Mexico,Female,Lazaro Cardenas,Ailane,,MXN
Cynthia,Hunter,chunterft@yahoo.com,Brazil,Female,Ijuí,Mydo,53312.47,BRL
Theresa,Ray,trayfu@123-reg.co.uk,China,Female,Guotan,Realfire,51197.49,CNY
Ernest,Fuller,efullerfv@nba.com,China,Male,Kedian,Jabbersphere,98232.86,CNY
Philip,Dean,pdeanfw@auda.org.au,Philippines,Male,Bugcaon,Lajo,,PHP
Kathleen,Fuller,kfullerfx@ucoz.ru,France,Female,Frontignan,Oyope,19586.35,EUR
Julia,Matthews,jmatthewsfy@cyberchimps.com,China,Female,Wangchang,Linklinks,25.73,CNY
Elizabeth,Oliver,eoliverfz@oaic.gov.au,China,Female,Kangping,Innotype,10146.32,CNY
Christopher,Franklin,cfrankling0@japanpost.jp,Russia,Male,Tuzha,Linkbridge,,RUB
Carol,Matthews,cmatthewsg1@tinyurl.com,Kazakhstan,Female,Sarykemer,Aimbo,,KZT
Kathy,Griffin,kgriffing2@quantcast.com,Philippines,Female,Cabusao,Buzzster,19810.83,PHP
Johnny,Reyes,jreyesg3@senate.gov,Greece,Male,Próchoma,Lazz,,EUR
Sharon,Long,slongg4@chicagotribune.com,Philippines,Female,San Juan de Mata,Babbleset,35772.64,PHP
Henry,Montgomery,hmontgomeryg5@macromedia.com,Philippines,Male,Tariji,Skyvu,82373.57,PHP
Bobby,Meyer,bmeyerg6@ebay.com,Dominican Republic,Male,Hato Mayor del Rey,Brainsphere,52494.39,DOP
Ashley,Reid,areidg7@mayoclinic.com,Portugal,Female,Outeiro,Skimia,28194.01,EUR
Judith,Bradley,jbradleyg8@gmpg.org,Indonesia,Female,Temuji,Kaymbo,8860.51,IDR
Henry,Armstrong,harmstrongg9@sciencedirect.com,United States,Male,Waterbury,Fivespan,93921.52,USD
Katherine,Armstrong,karmstrongga@bbb.org,China,Female,Xiwu,Browsecat,6377.98,CNY
John,Richards,jrichardsgb@un.org,Philippines,Male,Busilak,Layo,53015.92,PHP
Lawrence,Ramos,lramosgc@google.cn,Portugal,Male,Torrão,Youfeed,58632.79,EUR
Joshua,Perez,jperezgd@ebay.com,China,Male,Xiayang,Vitz,75525.20,CNY
John,Miller,jmillerge@wikimedia.org,Philippines,Male,Tabonok,Aibox,29585.30,PHP
Brenda,Patterson,bpattersongf@ezinearticles.com,Mexico,Female,Buenavista,Skivee,27440.28,MXN
Norma,Crawford,ncrawfordgg@auda.org.au,China,Female,Silihe,Skivee,23523.74,CNY
Theresa,Griffin,tgriffingh@imageshack.us,Colombia,Female,Argelia,Thoughtmix,51832.86,COP
Kathryn,Kelley,kkelleygi@gov.uk,Gabon,Female,Port-Gentil,Shufflester,87050.79,XAF
Larry,Hudson,lhudsongj@shutterfly.com,Sweden,Male,Östersund,Zoomdog,63363.62,SEK
Janice,Hill,jhillgk@shop-pro.jp,Tunisia,Female,Medenine,Thoughtstorm,50599.10,TND
Eric,Gutierrez,egutierrezgl@google.fr,Serbia,Male,Joševa,Skipstorm,54271.27,RSD
Deborah,Gilbert,dgilbertgm@issuu.com,Brazil,Female,Rio das Ostras,Skilith,47153.10,BRL
Philip,Dunn,pdunngn@reuters.com,Poland,Male,Jadowniki,Tagpad,87224.44,PLN
Betty,Rogers,brogersgo@soundcloud.com,Philippines,Female,Libuganon,Tagtune,,PHP
Robin,Morales,rmoralesgp@redcross.org,China,Female,Mujiangping,Photospace,19950.90,CNY
Julia,Mitchell,jmitchellgq@usa.gov,Thailand,Female,Si Khoraphum,Chatterbridge,88497.31,THB
Beverly,Cunningham,bcunninghamgr@sun.com,Trinidad and Tobago,Female,Laventille,Quaxo,48119.09,TTD
Betty,Price,bpricegs@wunderground.com,Slovenia,Female,Dragomer,Realcube,55694.92,EUR
Denise,Ortiz,dortizgt@house.gov,Czech Republic,Female,Jarošov nad Nežárkou,Eazzy,36389.93,CZK
Sara,Ellis,sellisgu@dell.com,France,Female,Vesoul,Photobug,54952.57,EUR
Barbara,Adams,badamsgv@trellian.com,China,Female,Gongfang,Vidoo,78012.01,CNY
Jesse,Wells,jwellsgw@ebay.com,Finland,Male,Siikajoki,Voolia,2700.52,EUR
Debra,Howell,dhowellgx@whitehouse.gov,United Kingdom,Female,Walton,Feedspan,35241.14,GBP
Jesse,Watkins,jwatkinsgy@aboutads.info,Indonesia,Male,Langsepan,Edgepulse,21043.39,IDR
Emily,Peterson,epetersongz@amazonaws.com,Poland,Female,Żółkiewka,Jaxbean,63745.01,PLN
Charles,Andrews,candrewsh0@examiner.com,Russia,Male,Lesnoy,Yombu,64691.85,RUB
Anne,Ryan,aryanh1@wikia.com,China,Female,Guoyuan,Photospace,53791.98,CNY
Julia,Campbell,jcampbellh2@google.com.hk,Sudan,Female,Ad Dabbah,Kwimbee,29317.22,SDG
Doris,Kelly,dkellyh3@scribd.com,Philippines,Female,Unidos,Riffpath,26364.43,PHP
Lori,Hanson,lhansonh4@google.nl,Nigeria,Female,Ogwashi-Uku,Gigaclub,20280.49,NGN
Joyce,Taylor,jtaylorh5@kickstarter.com,Indonesia,Female,Tanjung Timur,Livetube,44122.96,IDR
Daniel,West,dwesth6@geocities.jp,Colombia,Male,Isnos,Cogibox,43807.56,COP
Steven,Brown,sbrownh7@ycombinator.com,France,Male,Avignon,Yakitri,77961.48,EUR
Beverly,Richards,brichardsh8@state.gov,Vietnam,Female,Bằng Lũng,Dabvine,97913.06,VND
Joan,Thomas,jthomash9@google.co.jp,China,Female,Banqiao,Gevee,86097.39,CNY
Catherine,Stevens,cstevensha@vinaora.com,China,Female,Gangbian,Teklist,96348.99,CNY
Justin,Romero,jromerohb@lycos.com,Poland,Male,Krzynowłoga Mała,Zooxo,,PLN
Joyce,James,jjameshc@guardian.co.uk,Luxembourg,Female,Beckerich,Photospace,38083.89,EUR
Evelyn,Nguyen,enguyenhd@jugem.jp,Greece,Female,Xylókastro,Ooba,18169.61,EUR
Cynthia,Sanchez,csanchezhe@google.co.jp,China,Female,Gongnong,Edgetag,40481.69,CNY
Gloria,Robinson,grobinsonhf@webmd.com,Sweden,Female,Tullinge,Dynava,98510.93,SEK
Kathleen,Bailey,kbaileyhg@dailymail.co.uk,China,Female,Dajin,Eidel,32836.31,CNY
Charles,Romero,cromerohh@sciencedirect.com,Philippines,Male,Baliuag Nuevo,Feedbug,28328.25,PHP
Adam,Wells,awellshi@goo.ne.jp,China,Male,Fulu,Shufflebeat,54704.81,CNY
Jerry,Stone,jstonehj@cnet.com,Ivory Coast,Male,Zuénoula,Brightdog,46687.99,XOF
Daniel,Moreno,dmorenohk@house.gov,Poland,Male,Mosty,Ainyx,74231.41,PLN
Cheryl,Hart,charthl@twitter.com,Haiti,Female,Thomassique,Linktype,95098.98,HTG
Melissa,Wallace,mwallacehm@is.gd,Sierra Leone,Female,Konakridee,Devify,,SLL
Denise,Frazier,dfrazierhn@discovery.com,Latvia,Female,Nereta,Dynazzy,238.59,EUR
Keith,Davis,kdavisho@wikispaces.com,Russia,Male,Kipen’,Tagtune,,RUB
Clarence,Kelley,ckelleyhp@pen.io,Indonesia,Male,Ciulu,Thoughtworks,49285.06,IDR
Angela,Young,ayounghq@ed.gov,United States,Female,Washington,Yamia,45534.94,USD
Phyllis,Hudson,phudsonhr@cbsnews.com,China,Female,Huoche Xizhan,Npath,,CNY
Ashley,Miller,amillerhs@sciencedirect.com,France,Female,Nice,Cogibox,88154.75,EUR
Wanda,Arnold,warnoldht@cdbaby.com,China,Female,Tuxi,Babbleopia,34888.86,CNY
Dorothy,Gardner,dgardnerhu@deliciousdays.com,Russia,Female,Atamanovka,Dablist,50202.06,RUB
Mildred,Long,mlonghv@tinyurl.com,Czech Republic,Female,Bohumín,Gigaclub,6641.86,CZK
Maria,Myers,mmyershw@uol.com.br,Portugal,Female,Conceição da Abóboda,Katz,61916.25,EUR
Christina,Pierce,cpiercehx@pinterest.com,Poland,Female,Janów,Thoughtbridge,31388.29,PLN
Earl,Garrett,egarretthy@altervista.org,Honduras,Male,"Las Vegas, Santa Barbara",Buzzster,75954.81,HNL
Shawn,Fowler,sfowlerhz@independent.co.uk,Nepal,Male,Kathmandu,Myworks,,NPR
Jimmy,Thompson,jthompsoni0@examiner.com,Republic of the Congo,Male,Makoua,Thoughtbridge,58428.91,XAF
Mark,Griffin,mgriffini1@phpbb.com,Czech Republic,Male,Bartošovice,Plambee,80686.48,CZK
Brian,Hamilton,bhamiltoni2@meetup.com,Azerbaijan,Male,Divichibazar,Innojam,31964.15,AZN
Steven,Wood,swoodi3@desdev.cn,Democratic Republic of the Congo,Male,Libenge,Jaxworks,44258.02,CDF
Ruby,Richards,rrichardsi4@com.com,Philippines,Female,Wright,Wikibox,15870.58,PHP
Doris,Richardson,drichardsoni5@reuters.com,China,Female,Meiyuan,Skalith,97789.59,CNY
Melissa,Duncan,mduncani6@oracle.com,China,Female,Shanting,Edgewire,72007.16,CNY
Joan,Griffin,jgriffini7@reverbnation.com,Indonesia,Female,Rajadesa,Tagtune,35.24,IDR
Shawn,Jackson,sjacksoni8@meetup.com,Mexico,Male,Los Pinos,Devcast,39966.42,MXN
Jennifer,Thompson,jthompsoni9@newyorker.com,Indonesia,Female,Jeruk,Cogidoo,45191.17,IDR
Frances,Bennett,fbennettia@yahoo.co.jp,Portugal,Female,Fontaínhas,Fivespan,36660.53,EUR
Kelly,Clark,kclarkib@sfgate.com,Sweden,Female,Lomma,Zoomlounge,49240.58,SEK
Ernest,Wilson,ewilsonic@foxnews.com,Indonesia,Male,Sumber Tengah,Dynabox,31317.86,IDR
Jerry,Stanley,jstanleyid@vk.com,Sweden,Male,Stockholm,Feedfish,5791.09,SEK
Roger,Kennedy,rkennedyie@vkontakte.ru,Indonesia,Male,Ngulakan,Topiczoom,25170.60,IDR
Nicole,Austin,naustinif@ucsd.edu,Philippines,Female,Wao,Realcube,40547.67,PHP
Amy,Olson,aolsonig@fema.gov,Portugal,Female,Vale de Açores,Meemm,93510.67,EUR
Kevin,Lee,kleeih@barnesandnoble.com,Guatemala,Male,Sacapulas,Kamba,6330.10,GTQ
Ryan,Carroll,rcarrollii@google.de,Indonesia,Male,Wirodayan,Thoughtsphere,81986.93,IDR
Christopher,Lee,cleeij@nsw.gov.au,Indonesia,Male,Nanggorak,Jabbersphere,,IDR
Kathy,Freeman,kfreemanik@yahoo.com,China,Female,Hongxing,Midel,23.47,CNY
Phyllis,Mccoy,pmccoyil@sciencedaily.com,Malaysia,Female,Petaling Jaya,Mynte,8703.05,MYR
Susan,Coleman,scolemanim@youtube.com,Indonesia,Female,Sridadi,Skimia,25232.07,IDR
Gregory,Burton,gburtonin@xing.com,Bosnia and Herzegovina,Male,Prozor,Buzzshare,98328.20,BAM
Lillian,Hudson,lhudsonio@sogou.com,United States,Female,Fort Wayne,Browseblab,70576.22,USD
Joe,Hansen,jhansenip@google.com.hk,United States,Male,Washington,Jayo,13322.42,USD
Billy,Castillo,bcastilloiq@intel.com,Belarus,Male,Horad Barysaw,Meetz,81355.17,BYR
Robert,Ramirez,rramirezir@discuz.net,China,Male,Shiqiao,Quire,3197.90,CNY
Lois,Parker,lparkeris@rakuten.co.jp,Philippines,Female,Rimpeso,Babbleblab,80432.61,PHP
Shawn,Hayes,shayesit@yellowpages.com,Zambia,Male,Limulunga,Mudo,10197.02,ZMW
Anthony,Cook,acookiu@reuters.com,Peru,Male,Canchayllo,Trilia,72511.88,PEN
Ruth,Rogers,rrogersiv@oakley.com,Thailand,Female,Wang Sombun,Skynoodle,80049.59,THB
Tina,Lynch,tlynchiw@miibeian.gov.cn,Russia,Female,Baykalovo,Flipopia,65029.08,RUB
Thomas,Palmer,tpalmerix@nifty.com,Argentina,Male,Las Higueras,Linklinks,6815.79,ARS
Alice,Evans,aevansiy@sina.com.cn,Italy,Female,Perugia,Wikizz,,EUR
Billy,Foster,bfosteriz@ning.com,Indonesia,Male,Tigaherang,Centizu,28197.43,IDR
Karen,Perry,kperryj0@home.pl,Greece,Female,Skiáthos,Skibox,,EUR
Phillip,Lee,pleej1@twitter.com,Colombia,Male,San Luis,Topicblab,95249.25,COP
Joseph,Crawford,jcrawfordj2@biblegateway.com,Portugal,Male,São Tomé,Demivee,47530.32,EUR
Debra,Butler,dbutlerj3@hubpages.com,Greece,Female,Pappadátes,Jaxworks,57812.86,EUR
Ruth,Jenkins,rjenkinsj4@newyorker.com,Madagascar,Female,Anjozorobe,Jaloo,90971.15,MGA
Thomas,Daniels,tdanielsj5@yahoo.com,Nigeria,Male,Bukuru,Realbuzz,12025.16,NGN
Cynthia,Welch,cwelchj6@istockphoto.com,Indonesia,Female,Naga,Meezzy,41829.01,IDR
Robin,Daniels,rdanielsj7@seesaa.net,China,Female,Erdaocha,Skipstorm,15397.48,CNY
Annie,Cunningham,acunninghamj8@a8.net,Poland,Female,Dębica,Babblestorm,59074.67,PLN
Jacqueline,James,jjamesj9@geocities.com,Canada,Female,Sechelt,Centimia,19244.91,CAD
Howard,Ortiz,hortizja@usgs.gov,Brazil,Male,Assis,Quimm,69012.81,BRL
Charles,Snyder,csnyderjb@usgs.gov,China,Male,Muli,Shufflebeat,,CNY
Denise,Carr,dcarrjc@nydailynews.com,Nigeria,Female,Bornu Yassu,Skiba,65258.79,NGN
Jason,Martin,jmartinjd@yale.edu,Zimbabwe,Male,Nyazura,Skippad,30316.85,ZWL
Marilyn,Ramos,mramosje@domainmarket.com,North Korea,Female,Pyongyang,Blogtag,58472.61,KPW
Diana,Collins,dcollinsjf@myspace.com,Sweden,Female,Helsingborg,Dabtype,,SEK
Beverly,Turner,bturnerjg@psu.edu,Russia,Female,Kyra,Edgewire,61855.64,RUB
Margaret,Jackson,mjacksonjh@pagesperso-orange.fr,Greece,Female,Árta,Twitterbeat,,EUR
Steve,Jackson,sjacksonji@devhub.com,Poland,Male,Dobra,Zoozzy,73789.17,PLN
Norma,King,nkingjj@angelfire.com,Indonesia,Female,Nginjen,Linkbuzz,31837.21,IDR
Carol,Griffin,cgriffinjk@gnu.org,Colombia,Female,Buenaventura,Skalith,21941.42,COP
Laura,Stephens,lstephensjl@independent.co.uk,Philippines,Female,Pau,Topicshots,52432.60,PHP
Lisa,Mcdonald,lmcdonaldjm@taobao.com,Indonesia,Female,Karangnunggal,Kaymbo,60574.93,IDR
Jeffrey,Wright,jwrightjn@mtv.com,Syria,Male,Bayt Yāshūţ,Youopia,39855.79,SYP
Deborah,Cunningham,dcunninghamjo@japanpost.jp,China,Female,Puhechang,Yakijo,92532.59,CNY
Henry,Martinez,hmartinezjp@t.co,Russia,Male,Shubenka,Riffwire,34033.81,RUB
Anthony,Rodriguez,arodriguezjq@typepad.com,Saudi Arabia,Male,Al ‘Ulá,Ntag,69596.41,SAR
Clarence,Morgan,cmorganjr@mapquest.com,Indonesia,Male,Balangpule,BlogXS,56227.62,IDR
Gerald,Walker,gwalkerjs@reddit.com,United States,Male,Carson City,Quatz,85098.30,USD
Brandon,Garrett,bgarrettjt@usnews.com,Ethiopia,Male,Sebeta,Zoomdog,87701.74,ETB
Julie,Martinez,jmartinezju@posterous.com,China,Female,Xinchang,Ozu,69297.61,CNY
Joe,Cunningham,jcunninghamjv@thetimes.co.uk,Liberia,Male,Gbarnga,Voolith,,LRD
Randy,Harrison,rharrisonjw@bizjournals.com,Burundi,Male,Gitega,Aimbu,,BIF
Carolyn,Watkins,cwatkinsjx@simplemachines.org,Israel,Female,Qiryat Motzkin,Yakidoo,,ILS
Thomas,Powell,tpowelljy@marriott.com,Poland,Male,Herby,Browsecat,88249.03,PLN
Ernest,Peterson,epetersonjz@timesonline.co.uk,Portugal,Male,Ribeira Quente,Eayo,61894.66,EUR
Larry,Dean,ldeank0@sphinn.com,China,Male,Yingchun,Centimia,72921.02,CNY
Samuel,Andrews,sandrewsk1@canalblog.com,Indonesia,Male,Babat,Rhynoodle,54774.40,IDR
Patrick,Gibson,pgibsonk2@is.gd,Venezuela,Male,Maturín,Muxo,74947.20,VEF
Stephen,Wallace,swallacek3@theguardian.com,China,Male,Sanbao,Zava,88765.02,CNY
Frank,Sanchez,fsanchezk4@ucla.edu,Indonesia,Male,Mekarsari,Bubblebox,5756.79,IDR
Phyllis,Harris,pharrisk5@netlog.com,Thailand,Female,Lampang,Roomm,52988.52,THB
Jane,Kim,jkimk6@quantcast.com,Poland,Female,Żabno,Jaxworks,43180.72,PLN
Stephanie,James,sjamesk7@hubpages.com,Samoa,Female,Vailoa,Izio,60458.30,WST
Joshua,Chapman,jchapmank8@tamu.edu,Thailand,Male,Nam Khun,Thoughtstorm,24047.01,THB
Billy,Wilson,bwilsonk9@google.com,Sweden,Male,Perstorp,Blogspan,,SEK
Judith,Smith,jsmithka@ox.ac.uk,Russia,Female,Selikhino,Skyble,7646.79,RUB
Kelly,Reyes,kreyeskb@surveymonkey.com,South Korea,Female,Gongju,Babbleset,,KRW
Nicholas,Castillo,ncastillokc@reference.com,China,Male,Youxi,Jabbercube,9064.03,CNY
Gregory,Walker,gwalkerkd@baidu.com,Russia,Male,Starominskaya,Skyvu,29044.89,RUB
Brian,Gardner,bgardnerke@themeforest.net,Indonesia,Male,Wringinsari,Vinder,80698.08,IDR
Elizabeth,Schmidt,eschmidtkf@rakuten.co.jp,Saudi Arabia,Female,Al Jubayl,Talane,41475.63,SAR
Timothy,Knight,tknightkg@cpanel.net,Sweden,Male,Boxholm,Rhyloo,46081.00,SEK
Andrea,Reid,areidkh@reddit.com,China,Female,Chengfeng,Ozu,96601.20,CNY
Cheryl,Garrett,cgarrettki@facebook.com,Peru,Female,Palca,Zoomlounge,93832.26,PEN
Rose,Ortiz,rortizkj@state.tx.us,Bulgaria,Female,Ikhtiman,Youspan,42852.60,BGN
Wayne,Dunn,wdunnkk@cargocollective.com,Indonesia,Male,Babakan,Skajo,58658.59,IDR
Douglas,Warren,dwarrenkl@mashable.com,Indonesia,Male,Banjar Kawan,Plambee,67915.68,IDR
Cynthia,Rose,crosekm@myspace.com,China,Female,Wulan,Feedfire,58657.69,CNY
Larry,Howell,lhowellkn@reverbnation.com,China,Male,Sanli,Layo,87909.71,CNY
Edward,Garcia,egarciako@illinois.edu,China,Male,Zengjia,Eabox,13753.00,CNY
Tina,Frazier,tfrazierkp@amazon.de,Netherlands,Female,Amsterdam,Jaloo,85196.37,EUR
Roy,Burton,rburtonkq@lulu.com,China,Male,Shixi,Npath,15893.30,CNY
Bruce,Morales,bmoraleskr@icq.com,Tanzania,Male,Mlangali,Skiba,61484.78,TZS
Paul,Murray,pmurrayks@uiuc.edu,Thailand,Male,Bang Kho Laem,Oyoloo,,THB
Rose,Matthews,rmatthewskt@umich.edu,China,Female,Gaoliban,Quire,90716.17,CNY
Earl,Rose,eroseku@state.tx.us,Philippines,Male,Indang,Tagcat,75028.49,PHP
Philip,Owens,powenskv@ameblo.jp,Honduras,Male,Arada,Skynoodle,74201.55,HNL
Angela,Fuller,afullerkw@taobao.com,Indonesia,Female,Bara Datu,Jaxworks,2105.05,IDR
Roger,Walker,rwalkerkx@nps.gov,Iran,Male,Kavār,Wikivu,3408.97,IRR
Lillian,Cruz,lcruzky@netvibes.com,Indonesia,Female,Wotsogo,Youfeed,,IDR
Richard,Powell,rpowellkz@livejournal.com,China,Male,Feng’an,Flashpoint,22143.70,CNY
Roger,Carpenter,rcarpenterl0@jimdo.com,Thailand,Male,Pathum Ratchawongsa,JumpXS,55472.12,THB
Judith,Hawkins,jhawkinsl1@ehow.com,China,Female,Quankou,Centizu,83652.43,CNY
Sean,Thomas,sthomasl2@rambler.ru,Peru,Male,Caja,Youopia,42378.81,PEN
Adam,Kelley,akelleyl3@symantec.com,Indonesia,Male,Cintawana,Fiveclub,91375.72,IDR
Jose,Meyer,jmeyerl4@tiny.cc,Nigeria,Male,Agbor,Eayo,80269.82,NGN
Andrew,Robinson,arobinsonl5@clickbank.net,Indonesia,Male,Geneng,Meembee,,IDR
Mary,Fox,mfoxl6@hc360.com,Indonesia,Female,Karangnongko,Oyoba,3473.57,IDR
Joyce,Burke,jburkel7@cloudflare.com,Pakistan,Female,Garhi Yāsīn,Babbleset,87330.74,PKR
Stephen,Lopez,slopezl8@oaic.gov.au,Poland,Male,Kamieniec Ząbkowicki,Avavee,,PLN
Jose,Marshall,jmarshalll9@apple.com,Slovenia,Male,Metlika,Edgeify,33571.21,EUR
Andrea,Ferguson,afergusonla@nifty.com,Russia,Female,Bershet’,Rhycero,9154.33,RUB
Lori,Cruz,lcruzlb@storify.com,China,Female,Lindian,Quamba,78231.73,CNY
Cheryl,Mills,cmillslc@biglobe.ne.jp,Guatemala,Female,San Cristóbal Verapaz,Gabspot,5071.03,GTQ
Annie,Clark,aclarkld@nymag.com,Malaysia,Female,Johor Bahru,Voomm,27109.57,MYR
Joan,Spencer,jspencerle@washington.edu,China,Female,Lianzhou,Snaptags,12140.74,CNY
Bobby,Brown,bbrownlf@booking.com,Portugal,Male,Oliveiras,Tazz,68983.99,EUR
Amanda,Carpenter,acarpenterlg@ycombinator.com,Czech Republic,Female,Nové Město pod Smrkem,Yambee,453.50,CZK
Joyce,Coleman,jcolemanlh@comcast.net,Finland,Female,Sievi,Yodo,34613.72,EUR
Linda,Peters,lpetersli@zimbio.com,China,Female,Wenjiao,Lazz,41548.40,CNY
Steve,Lopez,slopezlj@slideshare.net,Canada,Male,Saint-Sauveur,Voonyx,50207.00,CAD
Larry,Mcdonald,lmcdonaldlk@answers.com,Moldova,Male,Bender,Zoovu,72514.75,MDL
Kenneth,Bishop,kbishopll@unc.edu,Poland,Male,Bukowiec,Dazzlesphere,52720.37,PLN
Joan,Payne,jpaynelm@tinypic.com,Lithuania,Female,Skuodas,Kwinu,53375.40,LTL
Anne,Knight,aknightln@123-reg.co.uk,United Kingdom,Female,London,Zoozzy,20749.39,GBP
Annie,Hansen,ahansenlo@huffingtonpost.com,Marshall Islands,Female,Jabat,Flipopia,91357.23,USD
Alan,Cooper,acooperlp@yelp.com,Philippines,Male,Gamay,Meevee,87906.01,PHP
Michelle,Torres,mtorreslq@ca.gov,Canada,Female,Kitimat,Centizu,21092.97,CAD
Jeremy,Harrison,jharrisonlr@myspace.com,China,Male,Shatian,Zoonder,77059.57,CNY
Cynthia,Reid,creidls@seattletimes.com,China,Female,Xinglong,Thoughtbridge,,CNY
Katherine,Rose,kroselt@4shared.com,Uzbekistan,Female,Qo‘qon,Jaxspan,70299.05,UZS
Sean,Shaw,sshawlu@mozilla.com,Iran,Male,Kāshān,Skilith,,IRR
Evelyn,Myers,emyerslv@aboutads.info,Brazil,Female,Pinheiro,Bubblemix,36009.91,BRL
Gregory,Wells,gwellslw@usgs.gov,Philippines,Male,Talisay,Zazio,,PHP
Christina,Fields,cfieldslx@ustream.tv,China,Female,Yanggan,Trudoo,75997.99,CNY
Virginia,Schmidt,vschmidtly@hibu.com,China,Female,Donghai,Quatz,30159.54,CNY
Justin,Anderson,jandersonlz@sogou.com,Pakistan,Male,Haveli,Roombo,,PKR
Evelyn,Schmidt,eschmidtm0@ed.gov,Sweden,Female,Stockholm,Rhynoodle,69557.49,SEK
Diane,Ray,draym1@clickbank.net,China,Female,Temeke,Babbleopia,13977.55,CNY
Wanda,Nelson,wnelsonm2@goodreads.com,China,Female,Sanxixiang,Skipfire,,CNY
Howard,Hudson,hhudsonm3@wikispaces.com,Armenia,Male,Akunk’,Brightdog,83346.50,AMD
Robert,Alexander,ralexanderm4@phoca.cz,United States,Male,Kingsport,Photolist,53109.89,USD
Andrew,Frazier,afrazierm5@amazonaws.com,Brazil,Male,Cachoeira,Yadel,99096.79,BRL
Benjamin,Daniels,bdanielsm6@squidoo.com,Russia,Male,Zavolzh’ye,Skaboo,35458.68,RUB
Jacqueline,Scott,jscottm7@phpbb.com,Bangladesh,Female,Sakhipur,Bluezoom,,BDT
Brandon,Coleman,bcolemanm8@sitemeter.com,France,Male,La Garde,Pixoboo,17356.58,EUR
Richard,Crawford,rcrawfordm9@fda.gov,Namibia,Male,Otavi,Edgepulse,4883.16,NAD
Amy,Weaver,aweaverma@zimbio.com,Colombia,Female,Aguadas,Centidel,23735.10,COP
Billy,Kim,bkimmb@sphinn.com,Dominica,Male,Castle Bruce,Yakitri,32714.14,XCD
Jack,Mendoza,jmendozamc@yahoo.com,Sweden,Male,Alingsås,Yozio,10209.03,SEK
Louise,Robertson,lrobertsonmd@unc.edu,Indonesia,Female,Krajan Puru,Photobug,,IDR
Patricia,Pierce,ppierceme@miibeian.gov.cn,Argentina,Female,San Luis,Fivebridge,5165.92,ARS
Timothy,Burns,tburnsmf@plala.or.jp,China,Male,Xianyuan,Meetz,65059.56,CNY
Alice,Gray,agraymg@cnbc.com,Indonesia,Female,Tuwiri Wetan,Tazzy,38043.03,IDR
Christopher,Rivera,criveramh@prlog.org,China,Male,Xikou,Nlounge,22388.75,CNY
Judith,Murray,jmurraymi@twitpic.com,China,Female,Gaoxing,Gigabox,47724.31,CNY
Joe,Ross,jrossmj@ustream.tv,China,Male,Changfa,Livepath,70015.37,CNY
Bobby,Morales,bmoralesmk@ucoz.com,Netherlands,Male,Soest,Tavu,85059.09,EUR
Steve,Alexander,salexanderml@jugem.jp,Jamaica,Male,Port Maria,Jabbertype,73475.54,JMD
Carl,Franklin,cfranklinmm@squidoo.com,United States,Male,Memphis,Trilith,,USD
Carl,Gomez,cgomezmn@trellian.com,Latvia,Male,Vaiņode,Roomm,55211.13,EUR
Michelle,Moreno,mmorenomo@google.com.br,Mexico,Female,Lazaro Cardenas,Lazzy,20468.82,MXN
Cynthia,Wagner,cwagnermp@gov.uk,Tajikistan,Female,Yovon,Eabox,61494.91,TJS
Anthony,Hayes,ahayesmq@berkeley.edu,Belarus,Male,Mosar,Yozio,83120.03,BYR
Katherine,Webb,kwebbmr@nhs.uk,Portugal,Female,Mira,Wikibox,83717.82,EUR
Doris,Spencer,dspencerms@abc.net.au,France,Female,Courbevoie,Voonder,87459.89,EUR
Carol,Bowman,cbowmanmt@mit.edu,Syria,Female,Duwayr Raslān,Omba,30289.06,SYP
Cynthia,Myers,cmyersmu@storify.com,China,Female,Wanfang,Tavu,13068.27,CNY
Bruce,Larson,blarsonmv@mozilla.org,France,Male,Mâcon,Muxo,,EUR
Joseph,Williams,jwilliamsmw@seattletimes.com,Bulgaria,Male,Zlatni Pyasatsi,Tagtune,60195.50,BGN
Nancy,Dunn,ndunnmx@abc.net.au,Indonesia,Female,Sidorejo,Divape,26638.40,IDR
Walter,Long,wlongmy@newyorker.com,Russia,Male,Svobody,Skynoodle,33192.89,RUB
Christina,Wallace,cwallacemz@nydailynews.com,Italy,Female,Messina,Topiczoom,57233.82,EUR
Barbara,Watkins,bwatkinsn0@tinypic.com,Armenia,Female,Vayk’,Babbleset,10396.22,AMD
Marie,Armstrong,marmstrongn1@nytimes.com,United States,Female,Atlanta,Wikivu,25078.04,USD
John,Woods,jwoodsn2@jiathis.com,Kosovo,Male,Zubin Potok,Yodel,,EUR
Anne,Wheeler,awheelern3@plala.or.jp,Greece,Female,Skópelos,Wordpedia,45919.14,EUR
Andrew,Jackson,ajacksonn4@csmonitor.com,Czech Republic,Male,Frýdek-Místek,Gigaclub,82177.85,CZK
Joyce,Reynolds,jreynoldsn5@icio.us,Spain,Female,"Palmas De Gran Canaria, Las",Shufflester,27536.83,EUR
Kathryn,Rivera,kriveran6@tiny.cc,Poland,Female,Aleksandrów,Topdrive,11382.68,PLN
Nancy,Rogers,nrogersn7@usnews.com,Poland,Female,Stoczek,Skipstorm,77286.71,PLN
Joyce,Peterson,jpetersonn8@npr.org,China,Female,Renhe,Meembee,54802.04,CNY
John,Grant,jgrantn9@sciencedirect.com,Russia,Male,Noginsk-9,Zoomdog,81017.53,RUB
Christina,Berry,cberryna@aboutads.info,Greece,Female,Oropós,Snaptags,91824.70,EUR
Willie,Howard,whowardnb@github.io,China,Male,Chahe,Fiveclub,43334.04,CNY
Harry,Dean,hdeannc@walmart.com,France,Male,Dammarie-les-Lys,Aibox,84034.37,EUR
Nancy,Burns,nburnsnd@is.gd,China,Female,Sanzao,Devpoint,,CNY
Dennis,Hunt,dhuntne@theatlantic.com,Portugal,Male,Granja,Dabfeed,17367.65,EUR
Stephanie,Webb,swebbnf@is.gd,Indonesia,Female,Angkup,Oyope,51426.65,IDR
Judith,Carpenter,jcarpenterng@purevolume.com,Indonesia,Female,Candi Prambanan,Jaxspan,4862.32,IDR
Emily,Mccoy,emccoynh@delicious.com,El Salvador,Female,Ilopango,Devpulse,35399.16,USD
Phillip,Riley,prileyni@oaic.gov.au,China,Male,Laozhuang,Meejo,80024.84,CNY
Eric,Wells,ewellsnj@slashdot.org,Japan,Male,Namioka,Fatz,,JPY
Phillip,West,pwestnk@ameblo.jp,Indonesia,Male,Banjar Jabejero,Yombu,,IDR
Roger,Porter,rporternl@123-reg.co.uk,Yemen,Male,Al Jarrāḩī,Jabbertype,1099.54,YER
Betty,Patterson,bpattersonnm@behance.net,China,Female,Xiangtang,Voonyx,57809.01,CNY
Amanda,Nichols,anicholsnn@sfgate.com,Indonesia,Female,Obesi,Fivespan,56377.09,IDR
Jacqueline,Ramos,jramosno@cbslocal.com,Benin,Female,Guilmaro,Kwideo,,XOF
Angela,Rose,arosenp@rediff.com,China,Female,Ganjiachang,Yoveo,5352.69,CNY
Sean,Walker,swalkernq@walmart.com,Kazakhstan,Male,Lenger,Demivee,,KZT
Daniel,Patterson,dpattersonnr@wisc.edu,Brazil,Male,Feijó,Ooba,94121.29,BRL
Steve,Miller,smillerns@kickstarter.com,Ukraine,Male,Saky,Kayveo,802.08,UAH
Clarence,Hunter,chunternt@ted.com,Finland,Male,Broby,Devcast,17842.49,EUR
Evelyn,Reed,ereednu@hexun.com,Indonesia,Female,Palaran,Skaboo,88365.72,IDR
Frances,Day,fdaynv@cisco.com,Ukraine,Female,Balta,Browseblab,34947.99,UAH
Anna,Carroll,acarrollnw@wix.com,Indonesia,Female,Cijambe,Einti,76600.29,IDR
Christina,Peterson,cpetersonnx@csmonitor.com,South Korea,Female,Eisen,Skilith,50483.84,KRW
Ralph,Brown,rbrownny@economist.com,China,Male,Gaoyi,Shuffledrive,1894.11,CNY
Paul,Payne,ppaynenz@nationalgeographic.com,Brazil,Male,Canguçu,Vinte,22479.57,BRL
Wanda,Nichols,wnicholso0@hubpages.com,China,Female,Sanquan,Topiclounge,86398.56,CNY
Stephanie,Hicks,shickso1@squidoo.com,Sweden,Female,Ljungby,Livetube,25563.18,SEK
Tammy,Allen,talleno2@yellowpages.com,Peru,Female,Llama,Yambee,5710.16,PEN
Teresa,Fox,tfoxo3@discuz.net,China,Female,Yunyang,Centizu,36779.32,CNY
Helen,Stevens,hstevenso4@howstuffworks.com,Ukraine,Female,Kopashnovo,Twimbo,32808.52,UAH
Craig,Ray,crayo5@constantcontact.com,Indonesia,Male,Bata Tengah,Kwinu,47788.76,IDR
Jessica,Wood,jwoodo6@1und1.de,China,Female,Changsha,Oodoo,74026.61,CNY
Joyce,Marshall,jmarshallo7@macromedia.com,Poland,Female,Prażmów,Twitterbridge,,PLN
Arthur,Stewart,astewarto8@economist.com,Brazil,Male,Riachão das Neves,Fiveclub,33352.05,BRL
Debra,Murphy,dmurphyo9@chicagotribune.com,Russia,Female,Ivanovskoye,Janyx,71360.41,RUB
Donna,Bowman,dbowmanoa@illinois.edu,Indonesia,Female,Banjar Buahan,Cogidoo,53375.00,IDR
Kathleen,Willis,kwillisob@redcross.org,China,Female,Dandu,Digitube,1341.61,CNY
Ruth,Dixon,rdixonoc@noaa.gov,Nigeria,Female,Awka,Wordify,62049.33,NGN
Susan,Sanchez,ssanchezod@xinhuanet.com,Nepal,Female,Dipayal,Latz,2531.06,NPR
Benjamin,Rodriguez,brodriguezoe@nsw.gov.au,Brazil,Male,São Sepé,Jabbersphere,60742.58,BRL
Carl,Scott,cscottof@examiner.com,Thailand,Male,Det Udom,Jetwire,20732.41,THB
Joseph,Lynch,jlynchog@google.nl,France,Male,Labège,Katz,24517.64,EUR
Joshua,Stevens,jstevensoh@storify.com,Philippines,Male,Busdi,Linkbuzz,40270.78,PHP
Rebecca,Larson,rlarsonoi@amazon.de,Japan,Female,Isawa,Dynabox,80138.89,JPY
Katherine,Rice,kriceoj@deliciousdays.com,Honduras,Female,Tras Cerros,Vimbo,77532.57,HNL
Nicholas,Berry,nberryok@networkadvertising.org,Azerbaijan,Male,Hacıqabul,Eare,77073.96,AZN
Lillian,Ramos,lramosol@sphinn.com,China,Female,Huixian Chengguanzhen,Zoomlounge,68276.60,CNY
Ronald,Thomas,rthomasom@arizona.edu,Mexico,Male,Santa Maria,Skyndu,51446.50,MXN
Randy,Young,ryoungon@cloudflare.com,Indonesia,Male,Kalkal Barat,Edgeify,80743.29,IDR
Gary,Russell,grusselloo@japanpost.jp,China,Male,Longjiang,Agimba,92025.48,CNY
Lois,Schmidt,lschmidtop@paginegialle.it,Chile,Female,Остров Пасхи,Flashspan,86237.72,CLP
Mildred,Jackson,mjacksonoq@ebay.com,Saudi Arabia,Female,Farasān,Geba,94359.76,SAR
Gary,Bell,gbellor@unesco.org,Montenegro,Male,Bar,Plajo,20026.41,EUR
Patrick,Gonzales,pgonzalesos@hc360.com,Brazil,Male,Canguçu,Camimbo,33047.44,BRL
Heather,Moore,hmooreot@oakley.com,Ukraine,Female,Zlynka,Gevee,49642.27,UAH
Arthur,Williamson,awilliamsonou@quantcast.com,Thailand,Male,Lampang,Leexo,35875.96,THB
Martin,Roberts,mrobertsov@drupal.org,Ukraine,Male,Uhniv,Yadel,6607.43,UAH
Robert,Webb,rwebbow@google.co.jp,Malaysia,Male,Putrajaya,Eabox,55242.49,MYR
Rebecca,Baker,rbakerox@marriott.com,United States,Female,Indianapolis,Mita,54030.92,USD
Pamela,Jacobs,pjacobsoy@un.org,Sweden,Female,Strömsund,Brainlounge,570.70,SEK
Ann,Rivera,ariveraoz@free.fr,Ukraine,Female,Terny,Blogpad,94113.01,UAH
Kevin,Vasquez,kvasquezp0@netvibes.com,Uganda,Male,Kampala,Minyx,39932.29,UGX
Joseph,Simpson,jsimpsonp1@stanford.edu,China,Male,Yalukou,Kamba,53721.26,CNY
Phyllis,Mccoy,pmccoyp2@techcrunch.com,Czech Republic,Female,Telnice,Skimia,72942.21,CZK
Diana,Ramirez,dramirezp3@cyberchimps.com,Brazil,Female,Curitiba,Zoomdog,76984.98,BRL
Marie,Bell,mbellp4@vinaora.com,China,Female,Hepu,Thoughtblab,74143.27,CNY
Harold,Harper,hharperp5@baidu.com,Serbia,Male,Padina,Brainbox,80286.39,RSD
John,Meyer,jmeyerp6@hhs.gov,Russia,Male,Staroshcherbinovskaya,Kwideo,37971.26,RUB
Randy,Reynolds,rreynoldsp7@taobao.com,Honduras,Male,Chotepe,Browsezoom,49169.90,HNL
Thomas,Henry,thenryp8@google.co.uk,Portugal,Male,Palmeiros,Thoughtstorm,80665.03,EUR
Aaron,Burke,aburkep9@dion.ne.jp,China,Male,Taling,Kayveo,42338.50,CNY
Lillian,Wood,lwoodpa@latimes.com,Portugal,Female,Arneiro,Thoughtbridge,37404.04,EUR
Theresa,Perkins,tperkinspb@nationalgeographic.com,Greece,Female,Svorónos,Gabvine,9563.50,EUR
Nicholas,Moore,nmoorepc@cafepress.com,Sweden,Male,Mörrum,Zoonoodle,48762.29,SEK
Jonathan,Lewis,jlewispd@diigo.com,Mauritania,Male,Kiffa,Skivee,82707.48,MRO
Chris,Montgomery,cmontgomerype@plala.or.jp,France,Male,Bagnères-de-Bigorre,Ntag,,EUR
David,Moreno,dmorenopf@homestead.com,Dominican Republic,Male,Hondo Valle,Skiptube,37718.59,DOP
Wanda,Greene,wgreenepg@mozilla.com,Brazil,Female,Cambará,Fanoodle,56589.90,BRL
Annie,Evans,aevansph@shareasale.com,Russia,Female,Uralets,Yadel,99627.27,RUB
Nicole,Banks,nbankspi@businessweek.com,Indonesia,Female,Ranisoba,Voonix,70624.26,IDR
Ralph,Diaz,rdiazpj@bbb.org,Slovenia,Male,Sv. Anton,Mita,,EUR
Wanda,Flores,wflorespk@google.co.jp,China,Female,Yongxing,Gevee,24717.77,CNY
Alan,Oliver,aoliverpl@rakuten.co.jp,Brazil,Male,Demerval Lobão,Dazzlesphere,47760.03,BRL
Irene,Oliver,ioliverpm@indiegogo.com,Serbia,Female,Čačak,Quamba,46549.96,RSD
Scott,Gutierrez,sgutierrezpn@blinklist.com,Sweden,Male,Vänersborg,Twitterwire,35754.48,SEK
Marilyn,Chapman,mchapmanpo@github.io,China,Female,Yuelai,Realblab,74184.58,CNY
Louis,Henderson,lhendersonpp@multiply.com,Brazil,Male,Oeiras,Avaveo,71394.98,BRL
Carl,Anderson,candersonpq@desdev.cn,China,Male,Shitun,Skilith,,CNY
Irene,Carr,icarrpr@opera.com,Brazil,Female,Pompéu,Tanoodle,66231.48,BRL
Sandra,Bowman,sbowmanps@ask.com,Philippines,Female,Quiling,Teklist,,PHP
Carlos,James,cjamespt@chron.com,Belarus,Male,Bal’shavik,Gabvine,40228.13,BYR
Lori,Hudson,lhudsonpu@addthis.com,Czech Republic,Female,Albrechtice,Zava,,CZK
Anna,Kelley,akelleypv@pen.io,Mexico,Female,Francisco I Madero,Gigazoom,,MXN
Pamela,Rose,prosepw@npr.org,China,Female,Dongsheng,Edgeify,5289.57,CNY
William,Crawford,wcrawfordpx@fema.gov,United States,Male,Phoenix,Ntag,79090.59,USD
Kelly,Taylor,ktaylorpy@bloglines.com,Mexico,Female,Cuauhtemoc,Fadeo,24065.33,MXN
Amanda,Brooks,abrookspz@home.pl,China,Female,Quchi,Avaveo,20302.15,CNY
Marie,Fuller,mfullerq0@senate.gov,Russia,Female,Iksha,Vitz,97261.00,RUB
Paula,Gonzalez,pgonzalezq1@123-reg.co.uk,Philippines,Female,Santa Catalina Norte,Yadel,69056.27,PHP
Lori,Lopez,llopezq2@wunderground.com,Indonesia,Female,Karangtengah,Abatz,,IDR
Jane,Hunt,jhuntq3@rakuten.co.jp,China,Female,Dayanggezhuang,Divape,94392.12,CNY
Andrea,Mason,amasonq4@reuters.com,Tanzania,Female,Magole,Jaloo,87756.22,TZS
Melissa,Coleman,mcolemanq5@webnode.com,Canada,Female,Raymond,Bubblebox,44844.42,CAD
Lillian,Spencer,lspencerq6@java.com,Japan,Female,Suzuka,Divanoodle,36969.75,JPY
Anna,Long,alongq7@washingtonpost.com,China,Female,Baisha,Oloo,,CNY
Edward,Williamson,ewilliamsonq8@t-online.de,Czech Republic,Male,Letovice,Trudeo,32707.81,CZK
Larry,Stone,lstoneq9@google.it,Indonesia,Male,Cisaat,Realmix,,IDR
Marie,Woods,mwoodsqa@newyorker.com,Indonesia,Female,Pagarbatu,Twinte,25716.14,IDR
Shirley,Stone,sstoneqb@tripod.com,China,Female,Tangdukou,Zava,94974.29,CNY
Eric,Dunn,edunnqc@diigo.com,Syria,Male,Sirghāyā,Thoughtmix,38973.44,SYP
Robin,Reid,rreidqd@timesonline.co.uk,Japan,Female,Kawaguchi,Agimba,43481.79,JPY
Karen,Stanley,kstanleyqe@shinystat.com,China,Female,Gegu,Tagopia,74178.35,CNY
Annie,Woods,awoodsqf@google.de,Chile,Female,Vicuña,Jamia,19228.42,CLP
Irene,Ray,irayqg@diigo.com,Vietnam,Female,Tân Trụ,Topicstorm,13263.78,VND
Shirley,Mcdonald,smcdonaldqh@omniture.com,Poland,Female,Raciąż,Feedmix,14641.56,PLN
Daniel,Snyder,dsnyderqi@cbsnews.com,Peru,Male,Sausa,Zoombox,84122.64,PEN
Keith,Ortiz,kortizqj@google.cn,United Kingdom,Male,Burnside,Mybuzz,95582.39,GBP
Roy,Garza,rgarzaqk@yellowpages.com,Brazil,Male,Bauru,Avamm,96019.75,BRL
Edward,Ferguson,efergusonql@hatena.ne.jp,France,Male,Seynod,Browsetype,84308.77,EUR
Jeffrey,Stephens,jstephensqm@ftc.gov,China,Male,Tangjiakou,Podcat,23965.26,CNY
Todd,Snyder,tsnyderqn@opensource.org,China,Male,Yantai,Quatz,505.53,CNY
Dorothy,Williams,dwilliamsqo@nifty.com,Russia,Female,Pochinki,Trilith,72672.62,RUB
Victor,Bennett,vbennettqp@aboutads.info,Poland,Male,Malec,Edgepulse,52816.74,PLN
Tammy,Harris,tharrisqq@sakura.ne.jp,China,Female,Sandaogou,Jaxbean,69133.79,CNY
Dennis,Collins,dcollinsqr@mayoclinic.com,Philippines,Male,San Vicente,Browsebug,21318.53,PHP
Heather,Watkins,hwatkinsqs@yandex.ru,Czech Republic,Female,Horní Štěpánov,Edgeblab,20319.25,CZK
Susan,Lawson,slawsonqt@nbcnews.com,Russia,Female,Urazovo,Tagcat,45735.91,RUB
Phyllis,Mills,pmillsqu@hud.gov,Panama,Female,Cusapín,Buzzbean,63561.43,PAB
Brenda,Myers,bmyersqv@bloglines.com,Portugal,Female,Brejieira,Skiba,97789.25,EUR
Dorothy,Alexander,dalexanderqw@princeton.edu,Philippines,Female,Impalutao,Yacero,,PHP
Linda,Price,lpriceqx@patch.com,Armenia,Female,Mayisyan,Eidel,56875.64,AMD
Brandon,Alvarez,balvarezqy@bravesites.com,Argentina,Male,San Carlos de Bariloche,Twimbo,26379.54,ARS
Paula,Hudson,phudsonqz@blogtalkradio.com,Czech Republic,Female,Horní Bečva,Devcast,,CZK
Margaret,Arnold,marnoldr0@google.com,Morocco,Female,Tamorot,Meembee,99272.26,MAD
Paul,Johnson,pjohnsonr1@rediff.com,China,Male,Honggang,Skimia,35277.36,CNY
Sarah,Bryant,sbryantr2@w3.org,Brazil,Female,Morada Nova,Bubbletube,2989.54,BRL
Patrick,Williamson,pwilliamsonr3@liveinternet.ru,Panama,Male,Guadalupe,Yakidoo,56239.08,PAB
Andrew,Perkins,aperkinsr4@sina.com.cn,Ukraine,Male,Piskivka,Aimbu,23726.66,UAH
Sarah,Coleman,scolemanr5@un.org,Ukraine,Female,Verkhovyna,Latz,65557.69,UAH
Harold,Garrett,hgarrettr6@blinklist.com,China,Male,Shangcai Zhongxing,Tazzy,74697.14,CNY
Margaret,Dean,mdeanr7@msn.com,Brazil,Female,Nova Iguaçu,Rooxo,50407.67,BRL
Joshua,Harvey,jharveyr8@discuz.net,Ukraine,Male,Staryy Dobrotvir,Meejo,9192.88,UAH
Daniel,Marshall,dmarshallr9@skyrock.com,Ecuador,Male,Gualaceo,Zoomcast,13648.74,USD
Amy,Castillo,acastillora@t-online.de,Switzerland,Female,Luzern,Snaptags,65592.41,CHF
Walter,Hawkins,whawkinsrb@amazon.com,Indonesia,Male,Gajah,Oyope,15145.13,IDR
Patricia,Duncan,pduncanrc@scientificamerican.com,China,Female,Xubu,Trupe,15776.62,CNY
Virginia,Perez,vperezrd@cnn.com,South Africa,Female,Maclear,Twitterworks,95017.12,ZAR
Virginia,Garrett,vgarrettre@dropbox.com,Ecuador,Female,Cube,Fatz,,USD
Phillip,Lopez,plopezrf@sitemeter.com,China,Male,Huangni,Kayveo,84702.99,CNY
Susan,Coleman,scolemanrg@opensource.org,Ecuador,Female,Loja,Realbuzz,27438.45,USD
Ronald,Hanson,rhansonrh@smh.com.au,Poland,Male,Ryczów,Skimia,95974.64,PLN
Lori,Clark,lclarkri@hugedomains.com,Ukraine,Female,Polonne,Wikibox,56584.51,UAH
Margaret,Lee,mleerj@europa.eu,North Korea,Female,Kilju,Gigazoom,67090.20,KPW
Christopher,Bradley,cbradleyrk@goo.gl,Portugal,Male,Aldeia,Mycat,52858.75,EUR
Alice,Pierce,apiercerl@jigsy.com,Russia,Female,Sergeyevka,Meevee,7666.01,RUB
Richard,Spencer,rspencerrm@addtoany.com,Poland,Male,Piasek,Fivespan,94659.39,PLN
James,Harrison,jharrisonrn@bloglovin.com,Sweden,Male,Trollhättan,Brainbox,91252.41,SEK
Christine,Harris,charrisro@bing.com,China,Female,Furongqiao,Dynabox,91673.98,CNY
Donald,Perry,dperryrp@google.it,Israel,Male,Jerusalem,Wikido,47680.06,ILS
Sarah,Gomez,sgomezrq@aboutads.info,Brazil,Female,Nova Iguaçu,Skynoodle,82497.22,BRL
Fred,Taylor,ftaylorrr@youtube.com,Indonesia,Male,Sungsang,Skinix,54746.91,IDR
