Harry,Howard,hhoward0@japanpost.jp,Portugal,Male,Carvalhal,Wikizz,39227.90,EUR
Laura,Sullivan,lsullivan1@bloglines.com,Argentina,Female,Tinogasta,Kamba,43068.66,ARS
Scott,Williams,swilliams2@theglobeandmail.com,Sri Lanka,Male,Ja Ela,Twitterlist,51326.87,LKR
Laura,Coleman,lcoleman3@imdb.com,Iran,Female,Şaḩneh,Cogidoo,26732.74,IRR
Denise,Morrison,dmorrison4@wp.com,Thailand,Female,Wichit,Kazio,63770.24,THB
Kathryn,Hamilton,khamilton5@indiegogo.com,China,Female,Xiyang,Thoughtworks,21298.08,CNY
Sandra,Richards,srichards6@wix.com,Afghanistan,Female,Āqchah,Twitterwire,78122.11,AFN
Rebecca,Wright,rwright7@buzzfeed.com,China,Female,Ma’an,Wordware,25411.68,CNY
Johnny,Lawson,jlawson8@ning.com,Palestinian Territory,Male,Ḩablah,Kare,95816.54,ILS
Gerald,Watson,gwatson9@netvibes.com,Philippines,Male,Cigaras,Aimbu,69766.67,PHP
Judy,Mills,jmillsa@squidoo.com,Turkmenistan,Female,Boldumsaz,Skibox,3862.78,TMT
Barbara,Ray,brayb@walmart.com,Guyana,Female,Bartica,Camimbo,60578.74,GYD
Jerry,Nelson,jnelsonc@huffingtonpost.com,Indonesia,Male,Karangtanjung,Roombo,,IDR
Carolyn,Andrews,candrewsd@rediff.com,Indonesia,Female,Rontu,Livepath,87209.74,IDR
Maria,Ryan,mryane@baidu.com,China,Female,Qinggou,Skipstorm,74396.08,CNY
Teresa,Howell,thowellf@reuters.com,Brazil,Female,Ipatinga,Cogilith,41439.24,BRL
Amanda,Franklin,afrankling@godaddy.com,Canada,Female,Saint-Augustin-de-Desmaures,Eadel,90526.12,CAD
Walter,Fisher,wfisherh@cargocollective.com,China,Male,Chahe,Fadeo,35952.74,CNY
Frances,Owens,fowensi@meetup.com,Poland,Female,Osiek,Skyba,9153.48,PLN
Catherine,Coleman,ccolemanj@ycombinator.com,Ukraine,Female,Lazi,Voomm,23627.96,UAH
Phyllis,Henderson,phendersonk@shareasale.com,China,Female,Yihe,Zoomzone,96146.87,CNY
Catherine,Olson,colsonl@shinystat.com,Lithuania,Female,Virbalis,Photolist,78782.39,LTL
Barbara,Reynolds,breynoldsm@pinterest.com,Russia,Female,Mikhaylovka,Linkbridge,70108.32,RUB
Thomas,Knight,tknightn@4shared.com,Philippines,Male,Lumbang,Thoughtsphere,,PHP
Henry,Cooper,hcoopero@rakuten.co.jp,China,Male,Hengxi,Zoombeat,7603.04,CNY
Joseph,Sanders,jsandersp@psu.edu,China,Male,Renhe,Camido,87038.51,CNY
Jesse,Rice,jriceq@skype.com,Indonesia,Male,Ngrejo,Bluejam,43678.84,IDR
Carl,Fisher,cfisherr@sohu.com,Colombia,Male,Caparrapí,Skimia,42845.74,COP
Mildred,Larson,mlarsons@cisco.com,China,Female,Liucheng,Jabberbean,10912.63,CNY
Shawn,Dixon,sdixont@microsoft.com,Philippines,Male,Impalutao,Quaxo,25048.74,PHP
Judy,Ray,jrayu@exblog.jp,Indonesia,Female,Lowayu,Feedfish,59625.40,IDR
Lillian,Banks,lbanksv@surveymonkey.com,Afghanistan,Female,Ashkāsham,Trilith,11681.52,AFN
Christine,Woods,cwoodsw@ucoz.com,China,Female,Mayong,Dabshots,90010.30,CNY
Mary,Brooks,mbrooksx@dailymail.co.uk,Greece,Female,Kerasochóri,Eimbee,18410.32,EUR
Joseph,Lynch,jlynchy@technorati.com,China,Male,Henghe,Mynte,35625.47,CNY
Billy,Alexander,balexanderz@instagram.com,Germany,Male,Düsseldorf,Geba,75683.00,EUR
Joe,Hicks,jhicks10@wikispaces.com,China,Male,Luzhou,Vinder,65126.20,CNY
Ronald,Andrews,randrews11@flavors.me,Japan,Male,Okayama-shi,Youspan,10062.23,JPY
Steven,Wright,swright12@senate.gov,Panama,Male,Río Sereno,Agivu,58900.94,PAB
Roger,Bishop,rbishop13@home.pl,Argentina,Male,Río Cuarto,Skidoo,95189.30,ARS
Nicholas,Sanchez,nsanchez14@timesonline.co.uk,Thailand,Male,Manorom,Brainbox,,THB
Jessica,Jenkins,jjenkins15@rakuten.co.jp,China,Female,Youxikou,Izio,84462.09,CNY
Andrew,Sullivan,asullivan16@bizjournals.com,China,Male,Houxiang,Gigashots,,CNY
Kathryn,Perry,kperry17@noaa.gov,Sweden,Female,Falköping,Vimbo,7139.48,SEK
Christina,Washington,cwashington18@cdbaby.com,Russia,Female,Sannikovo,Wikido,76064.32,RUB
Martha,Franklin,mfranklin19@yahoo.com,China,Female,Huolongmen,Shuffletag,78866.68,CNY
Michael,Fowler,mfowler1a@nasa.gov,China,Male,Longtian,JumpXS,1887.30,CNY
Willie,Ruiz,wruiz1b@sogou.com,Ukraine,Male,Makiv,Zooxo,52417.14,UAH
Alice,Richards,arichards1c@stumbleupon.com,China,Female,Jiuting,Jayo,74017.78,CNY
Lois,Cole,lcole1d@php.net,Yemen,Female,Ḩajjah,Topiclounge,,YER
Ann,Lynch,alynch1e@nbcnews.com,Afghanistan,Female,Gardēz,Brainlounge,96322.07,AFN
Gregory,Ramirez,gramirez1f@independent.co.uk,Brazil,Male,Rio do Sul,Yakitri,63172.08,BRL
Martha,Watkins,mwatkins1g@chicagotribune.com,China,Female,Sanxiang,Edgepulse,,CNY
Janice,Hicks,jhicks1h@wikispaces.com,Japan,Female,Sasayama,Topdrive,47555.31,JPY
Linda,Gray,lgray1i@tripod.com,Bolivia,Female,Rosario del Ingre,Flashdog,76863.19,BOB
Louise,Crawford,lcrawford1j@rambler.ru,China,Female,Yangtan,Avaveo,3842.60,CNY
Martha,Harrison,mharrison1k@geocities.jp,Indonesia,Female,Kedungsumurkrajan,Quatz,20540.40,IDR
Janice,Price,jprice1l@prnewswire.com,Nigeria,Female,Zango,Jaxnation,53323.86,NGN
Ruth,Bennett,rbennett1m@yellowpages.com,Portugal,Female,Pico da Pedra,Dablist,82453.20,EUR
Cynthia,Kim,ckim1n@netvibes.com,Russia,Female,Budënnovsk,Babbleblab,14803.16,RUB
Tina,Fuller,tfuller1o@mayoclinic.com,China,Female,Pingpo,Gabcube,67338.23,CNY
Albert,Weaver,aweaver1p@tmall.com,Nicaragua,Male,Tipitapa,Dabjam,79526.06,NIO
Patricia,West,pwest1q@state.tx.us,Albania,Female,Sarandë,Zazio,23320.43,ALL
Jessica,Palmer,jpalmer1r@zimbio.com,China,Female,Shuizhai,Skimia,68289.41,CNY
Diana,Ortiz,dortiz1s@over-blog.com,China,Female,Fuxing,Realpoint,39698.96,CNY
Timothy,Crawford,tcrawford1t@cisco.com,South Korea,Male,Beopwon,Realbridge,25467.81,KRW
Patrick,Harper,pharper1u@boston.com,Argentina,Male,Machagai,Mybuzz,8413.13,ARS
Matthew,Mason,mmason1v@blogspot.com,Sweden,Male,Järfälla,Wordify,55030.30,SEK
Bruce,Fox,bfox1w@sfgate.com,Indonesia,Male,Sogati,Photobug,30973.16,IDR
Janice,Burke,jburke1x@unicef.org,Argentina,Female,Aguilares,Kwinu,378.97,ARS
Willie,Burton,wburton1y@example.com,China,Male,Yanwukou,Livetube,,CNY
Joan,Jackson,jjackson1z@163.com,China,Female,Tiandiba,Browsetype,89910.01,CNY
Harold,Stephens,hstephens20@smugmug.com,Russia,Male,Choya,Tagcat,65294.46,RUB
Johnny,Moreno,jmoreno21@harvard.edu,Portugal,Male,Pinheiral,Thoughtstorm,41043.91,EUR
Norma,Spencer,nspencer22@amazonaws.com,Russia,Female,Gornyye Klyuchi,Teklist,19653.65,RUB
Jeremy,Simpson,jsimpson23@wisc.edu,Ukraine,Male,Lebedyn,Skidoo,98009.21,UAH
Steven,Hill,shill24@noaa.gov,Argentina,Male,Embajador Martini,Kwinu,56488.54,ARS
Irene,Carter,icarter25@netlog.com,South Sudan,Female,Bor,Youfeed,4076.70,SSP
Harold,Burton,hburton26@engadget.com,Sudan,Male,El Bauga,Linklinks,84901.11,SDG
Martin,Richards,mrichards27@weibo.com,Brazil,Male,Várzea da Palma,Meedoo,31272.32,BRL
Juan,Gardner,jgardner28@ucoz.ru,Nigeria,Male,Neni,Jabbersphere,66532.21,NGN
Nancy,Cunningham,ncunningham29@cmu.edu,Afghanistan,Female,Khulm,Flipbug,44524.29,AFN
Louis,Wright,lwright2a@sbwire.com,China,Male,Hongwei,Edgeclub,9046.46,CNY
Kathleen,Fox,kfox2b@slate.com,Russia,Female,Grebenskaya,Linklinks,62946.85,RUB
Frank,Powell,fpowell2c@upenn.edu,Indonesia,Male,Singasari,Devbug,20553.51,IDR
Craig,Baker,cbaker2d@msu.edu,China,Male,Longmen,Yabox,59512.03,CNY
Alice,Fowler,afowler2e@ucla.edu,China,Female,Chuanxi,Gigazoom,71690.61,CNY
Juan,Ellis,jellis2f@yellowbook.com,Canada,Male,Drayton Valley,Feedfire,91078.03,CAD
Todd,Bell,tbell2g@pinterest.com,China,Male,Usu,Zoonoodle,,CNY
Kelly,Long,klong2h@telegraph.co.uk,Peru,Female,Marcabal,Babbleset,87498.80,PEN
Louis,Bennett,lbennett2i@wisc.edu,China,Male,Chahe,Plambee,24758.50,CNY
Teresa,Johnson,tjohnson2j@cdbaby.com,Morocco,Female,El Aïoun,Aimbo,53940.52,MAD
Harold,Peters,hpeters2k@hugedomains.com,Argentina,Male,Cinco Saltos,Shuffletag,36465.04,ARS
Jack,Anderson,janderson2l@ovh.net,Brazil,Male,Araçoiaba da Serra,Wikibox,,BRL
Ernest,Andrews,eandrews2m@miibeian.gov.cn,Honduras,Male,Copán,Mynte,6881.99,HNL
Dennis,Hicks,dhicks2n@ning.com,Kyrgyzstan,Male,Iradan,Pixoboo,72983.84,KGS
Kimberly,Alexander,kalexander2o@wikipedia.org,South Africa,Female,Roodepoort,Bluejam,33346.20,ZAR
Norma,Bailey,nbailey2p@nps.gov,Azerbaijan,Female,Digah,Meemm,74364.78,AZN
Jose,Wood,jwood2q@state.gov,China,Male,Zouma,Miboo,82954.36,CNY
Cheryl,Kim,ckim2r@ihg.com,North Korea,Female,Hyesan-si,Zoomcast,71916.15,KPW
Bonnie,Rodriguez,brodriguez2s@sphinn.com,Portugal,Female,Monte Francisco,Buzzdog,54107.96,EUR
Melissa,Berry,mberry2t@usatoday.com,Indonesia,Female,Masaran,Innotype,16077.06,IDR
Helen,Peters,hpeters2u@fema.gov,Russia,Female,Sterlibashevo,Photobug,20077.89,RUB
Jessica,Andrews,jandrews2v@jugem.jp,Chile,Female,Chillán,Jetwire,,CLP
Emily,Burton,eburton2w@mac.com,Bosnia and Herzegovina,Female,Novi Travnik,Camimbo,60648.82,BAM
Gary,Ramirez,gramirez2x@list-manage.com,Ecuador,Male,Tulcán,Photolist,58268.09,USD
Angela,Fernandez,afernandez2y@tamu.edu,United States,Female,Jacksonville,Fivespan,4937.06,USD
Sarah,Knight,sknight2z@acquirethisname.com,Mali,Female,Mopti,Quamba,25234.40,XOF
Judith,Montgomery,jmontgomery30@va.gov,China,Female,Xagmakajor,Bubbletube,23911.59,CNY
Walter,Vasquez,wvasquez31@boston.com,China,Male,Fufang,Babblestorm,91878.14,CNY
Lillian,Carroll,lcarroll32@va.gov,China,Female,Xingnong,Feedmix,3812.35,CNY
Linda,Brown,lbrown33@meetup.com,Japan,Female,Hakui,Voonyx,19764.30,JPY
Gary,Foster,gfoster34@nhs.uk,Armenia,Male,Tsovazard,Browseblab,,AMD
Ernest,Moreno,emoreno35@networksolutions.com,Belarus,Male,Druya,Linkbridge,14334.76,BYR
Louis,Reynolds,lreynolds36@fotki.com,Indonesia,Male,Banjar Lalangpasek,Zoomzone,2448.42,IDR
Lois,Scott,lscott37@google.pl,China,Female,Gaoyi,Aimbu,65160.51,CNY
Billy,Jacobs,bjacobs38@ask.com,Greece,Male,Kolchikón,Aimbu,18066.26,EUR
Philip,Murray,pmurray39@reference.com,Tunisia,Male,La Mohammedia,Oba,14131.23,TND
Chris,Robertson,crobertson3a@devhub.com,Japan,Male,Sakaidechō,Plambee,,JPY
William,Ortiz,wortiz3b@usnews.com,China,Male,Tawen Aobao,Jamia,15562.58,CNY
Diana,Perry,dperry3c@elegantthemes.com,Poland,Female,Gorzów Śląski,Browsebug,20048.05,PLN
Billy,Webb,bwebb3d@cnet.com,Moldova,Male,Comrat,Devpulse,32670.17,MDL
Jason,Perry,jperry3e@elpais.com,China,Male,Gaxung,Ailane,,CNY
Kathy,Morales,kmorales3f@indiegogo.com,China,Female,Zhujiaqiao,Jabbersphere,5225.43,CNY
David,Parker,dparker3g@opera.com,Venezuela,Male,Caicara,Einti,48378.13,VEF
Jane,Romero,jromero3h@biblegateway.com,China,Female,Zhangyang,Dynava,53372.24,CNY
Jason,Owens,jowens3i@amazon.co.jp,Azerbaijan,Male,Sumqayıt,Dazzlesphere,96951.46,AZN
Margaret,Gordon,mgordon3j@angelfire.com,Guatemala,Female,Melchor de Mencos,Linklinks,37171.55,GTQ
Tammy,Fuller,tfuller3k@narod.ru,Russia,Female,Neftegorsk,Topicshots,85606.12,RUB
Stephen,Graham,sgraham3l@ucsd.edu,Philippines,Male,Dicamay,Rhyzio,54233.47,PHP
Ernest,Lynch,elynch3m@usda.gov,China,Male,Panzhuang,Zazio,,CNY
Ruby,Larson,rlarson3n@godaddy.com,Brazil,Female,Lago da Pedra,Feedmix,21466.42,BRL
Katherine,Smith,ksmith3o@amazon.com,Vietnam,Female,Thị Trấn Yên Châu,Dabfeed,94394.91,VND
Henry,Rose,hrose3p@smugmug.com,Indonesia,Male,Pandanwangi,Oodoo,73932.36,IDR
Martin,Marshall,mmarshall3q@macromedia.com,Argentina,Male,El Carmen,Skimia,61003.45,ARS
Betty,Larson,blarson3r@statcounter.com,Canada,Female,Kamsack,Skyndu,13399.01,CAD
Karen,Hernandez,khernandez3s@hatena.ne.jp,Ukraine,Female,Savyntsi,Twinte,70964.84,UAH
Wayne,Chapman,wchapman3t@dedecms.com,Sweden,Male,Skövde,Voonyx,,SEK
William,Turner,wturner3u@techcrunch.com,Indonesia,Male,Kebonsari,Avavee,,IDR
Helen,Riley,hriley3v@icq.com,Sweden,Female,Ronneby,Realpoint,37170.40,SEK
Andrea,Phillips,aphillips3w@posterous.com,Nepal,Female,Hitura,Divanoodle,97110.21,NPR
Jerry,Lee,jlee3x@cmu.edu,Portugal,Male,Castelo,Twitterbridge,46888.69,EUR
Bruce,Graham,bgraham3y@google.ca,Madagascar,Male,Andilamena,Mudo,20164.09,MGA
Helen,Meyer,hmeyer3z@howstuffworks.com,Ireland,Female,Balally,Livefish,49488.18,EUR
Lisa,Smith,lsmith40@prnewswire.com,Malaysia,Female,Kuala Lumpur,Babbleblab,86.95,MYR
Michael,Howard,mhoward41@360.cn,Indonesia,Male,Potikosin,Skimia,26030.98,IDR
Christina,Perry,cperry42@elpais.com,Philippines,Female,Santa Clara,Flashspan,72570.74,PHP
Kelly,Green,kgreen43@scientificamerican.com,Indonesia,Female,Banjar Triwangsakeliki,Eamia,18175.69,IDR
Kenneth,Sims,ksims44@flickr.com,Philippines,Male,Ginatilan,Gigashots,22642.25,PHP
Michael,Dean,mdean45@narod.ru,Indonesia,Male,Krajan,Skivee,36867.39,IDR
Matthew,Martinez,mmartinez46@php.net,Bermuda,Male,Hamilton,Kare,69839.03,BMD
Carol,King,cking47@imageshack.us,Portugal,Female,Cruzeiro,Wordpedia,37636.93,EUR
Peter,Roberts,proberts48@ning.com,China,Male,Qianpai,JumpXS,65070.33,CNY
Brandon,Hansen,bhansen49@marriott.com,Philippines,Male,Tartaro,Jabbertype,10618.86,PHP
Jimmy,King,jking4a@wikipedia.org,Philippines,Male,Damayan,Skyba,92741.55,PHP
Theresa,Lawson,tlawson4b@vinaora.com,Costa Rica,Female,Curridabat,Photobug,80515.55,CRC
Gloria,Wallace,gwallace4c@chicagotribune.com,Sweden,Female,Vimmerby,Edgeify,34244.25,SEK
Jose,Hicks,jhicks4d@amazon.co.jp,South Africa,Male,Mthatha,Tambee,37055.19,ZAR
Cynthia,Bishop,cbishop4e@infoseek.co.jp,China,Female,Shatian,Wikizz,94835.95,CNY
Diana,Owens,dowens4f@blogspot.com,Brazil,Female,Santa Quitéria,Ailane,52166.96,BRL
Roger,Riley,rriley4g@kickstarter.com,Tanzania,Male,Igurubi,Dynava,97573.38,TZS
Douglas,Griffin,dgriffin4h@tmall.com,Philippines,Male,Tubo,Yotz,6163.60,PHP
Kelly,Ortiz,kortiz4i@posterous.com,Syria,Female,Khān Arnabah,Gabvine,9104.69,SYP
Evelyn,Gomez,egomez4j@irs.gov,Pakistan,Female,Jhumra,Wordpedia,36523.08,PKR
Lawrence,Brooks,lbrooks4k@discuz.net,Czech Republic,Male,Štěchovice,Shuffledrive,81355.18,CZK
Roger,Fields,rfields4l@wordpress.org,Togo,Male,Aného,Browseblab,53012.75,XOF
Sandra,Medina,smedina4m@wikispaces.com,Russia,Female,Nizhniy Kislyay,Linkbridge,52127.86,RUB
Marilyn,Larson,mlarson4n@t-online.de,China,Female,Hongyansi,Wikibox,2543.88,CNY
Edward,Oliver,eoliver4o@ibm.com,Senegal,Male,Ouro Sogui,Oodoo,81835.38,XOF
Jesse,Ross,jross4p@house.gov,Portugal,Male,São Paio Merelim,Jabberstorm,43312.30,EUR
Ashley,Hill,ahill4q@nsw.gov.au,China,Female,Beicheng,Gabvine,91241.19,CNY
Kathy,Shaw,kshaw4r@techcrunch.com,Brazil,Female,Soledade,Topiczoom,31976.40,BRL
Jerry,Powell,jpowell4s@indiegogo.com,France,Male,Marne-la-Vallée,Centizu,7133.65,EUR
Louis,Ramos,lramos4t@addthis.com,Israel,Male,El Fureidīs,Leenti,93469.30,ILS
Christopher,Walker,cwalker4u@eventbrite.com,Sweden,Male,Stockholm,Tagopia,56170.81,SEK
Kathryn,Gonzalez,kgonzalez4v@gnu.org,Indonesia,Female,Citeureup,Skyvu,77539.25,IDR
Juan,Porter,jporter4w@discuz.net,Pakistan,Male,Sargodha,Babbleopia,39519.55,PKR
Jessica,Holmes,jholmes4x@oakley.com,China,Female,Chengtang,Tazzy,41847.69,CNY
Amy,Collins,acollins4y@independent.co.uk,Mexico,Female,La Escondida,Browseblab,65294.24,MXN
Kelly,Armstrong,karmstrong4z@telegraph.co.uk,Sweden,Female,Ängelholm,Feedfire,42609.42,SEK
Phillip,Carr,pcarr50@slideshare.net,China,Male,Jianyi,Layo,22953.04,CNY
Ruth,Greene,rgreene51@godaddy.com,Slovenia,Female,Tržič,Rhyzio,64792.23,EUR
Antonio,Jones,ajones52@slideshare.net,United States,Male,Olympia,Avaveo,65235.13,USD
Lois,Armstrong,larmstrong53@issuu.com,Thailand,Female,Na Chaluai,Meezzy,43630.16,THB
Carl,Phillips,cphillips54@dion.ne.jp,China,Male,Shulan,Kwilith,61764.30,CNY
Mildred,Phillips,mphillips55@intel.com,Indonesia,Female,Galis,Eayo,50179.18,IDR
Diane,Williams,dwilliams56@hao123.com,Indonesia,Female,Pangradin Satu,Brainlounge,47812.54,IDR
Howard,Bailey,hbailey57@squidoo.com,China,Male,Kuanghe,Kimia,68921.79,CNY
Matthew,Riley,mriley58@harvard.edu,France,Male,Marseille,Rhyloo,96228.98,EUR
Joseph,Webb,jwebb59@bloglovin.com,China,Male,Yamen,Blogtags,15793.71,CNY
Nicole,Dixon,ndixon5a@mozilla.org,Russia,Female,Zheleznogorsk,Talane,99932.38,RUB
Terry,Bowman,tbowman5b@usda.gov,Luxembourg,Male,Itzig,Devshare,46053.24,EUR
Paul,Anderson,panderson5c@wufoo.com,Peru,Male,Tambillo,Babblestorm,84722.79,PEN
Fred,Harris,fharris5d@theglobeandmail.com,Indonesia,Male,Butungan,Oyoba,48406.33,IDR
Donald,Jenkins,djenkins5e@angelfire.com,China,Male,Jiulian,Bluezoom,52761.08,CNY
Steven,Patterson,spatterson5f@yandex.ru,China,Male,Huaihe,Skyble,59947.68,CNY
Martin,Green,mgreen5g@mapquest.com,Indonesia,Male,Cibitung,Miboo,34246.86,IDR
Diane,Sanders,dsanders5h@themeforest.net,Argentina,Female,Curuzú Cuatiá,Photobug,66314.07,ARS
Jerry,Walker,jwalker5i@flickr.com,China,Male,Pingqiao,Abatz,1399.81,CNY
Barbara,Campbell,bcampbell5j@example.com,Russia,Female,Kaltan,Fivebridge,,RUB
Catherine,Turner,cturner5k@techcrunch.com,Egypt,Female,Quwaysinā,Rooxo,28303.86,EGP
Andrea,Woods,awoods5l@twitpic.com,Sweden,Female,Göteborg,Dablist,,SEK
Debra,Robertson,drobertson5m@homestead.com,Indonesia,Female,Blendis,Bubbletube,40035.76,IDR
John,Holmes,jholmes5n@mediafire.com,Syria,Male,‘Arīshah,Buzzshare,27652.08,SYP
James,Carr,jcarr5o@nps.gov,China,Male,Gaozhuang,Twinte,51380.75,CNY
Kathleen,Harris,kharris5p@sun.com,Nepal,Female,Panaoti,Kamba,14804.28,NPR
Tina,James,tjames5q@ameblo.jp,Indonesia,Female,Bunder,Twitterbeat,89382.08,IDR
Terry,Flores,tflores5r@google.it,Russia,Male,Belomorsk,Jaxworks,9970.41,RUB
Juan,Rodriguez,jrodriguez5s@xrea.com,Colombia,Male,Barrancas,Dynabox,52390.70,COP
Sandra,Mendoza,smendoza5t@mysql.com,Sweden,Female,Skurup,Dynabox,9969.25,SEK
Christopher,White,cwhite5u@t.co,Portugal,Male,Rio de Moinhos,Wikido,,EUR
Walter,Holmes,wholmes5v@arizona.edu,Portugal,Male,Galamares,Topiclounge,7096.49,EUR
Kelly,James,kjames5w@bigcartel.com,Sweden,Female,Lindesberg,Jabbersphere,82621.92,SEK
Joe,Ruiz,jruiz5x@indiatimes.com,Kyrgyzstan,Male,Gul’cha,Jaxworks,32451.98,KGS
Denise,Elliott,delliott5y@mediafire.com,Philippines,Female,Lepanto,Pixope,,PHP
Terry,Greene,tgreene5z@360.cn,Macedonia,Male,Bogovinje,Voolith,41723.31,MKD
Howard,Holmes,hholmes60@mashable.com,Indonesia,Male,Kupahandap,Aibox,88910.57,IDR
Andrew,Simmons,asimmons61@bbb.org,Indonesia,Male,Panjir,Browsebug,98844.04,IDR
Louis,Crawford,lcrawford62@washington.edu,Indonesia,Male,Soe,Abatz,90915.72,IDR
Samuel,Dean,sdean63@opera.com,Portugal,Male,Mouriscas,Cogibox,69014.77,EUR
Tina,Ray,tray64@usnews.com,Indonesia,Female,Bindang,Blogspan,67921.74,IDR
Kimberly,Wright,kwright65@tinyurl.com,Russia,Female,Starotitarovskaya,Wordify,25788.81,RUB
Victor,Lewis,vlewis66@unc.edu,China,Male,Zhoinda,Snaptags,12532.53,CNY
Roy,Montgomery,rmontgomery67@ovh.net,Netherlands,Male,Ridderkerk,Katz,97237.00,EUR
Craig,Alvarez,calvarez68@foxnews.com,Sweden,Male,Luleå,Realbuzz,,SEK
Julie,Mendoza,jmendoza69@typepad.com,Japan,Female,Murakami,Avaveo,9599.65,JPY
Frank,Morrison,fmorrison6a@google.fr,Brazil,Male,Oliveira,Digitube,61164.93,BRL
Victor,Harrison,vharrison6b@foxnews.com,Philippines,Male,Monamon,Tazzy,89055.84,PHP
Lillian,Hicks,lhicks6c@ustream.tv,Sweden,Female,Sandviken,Yadel,81644.36,SEK
Janice,Hansen,jhansen6d@cafepress.com,Benin,Female,Ouidah,Buzzbean,92726.32,XOF
Catherine,Castillo,ccastillo6e@goodreads.com,Indonesia,Female,Warungbanten,Tagpad,4973.44,IDR
Pamela,Greene,pgreene6f@goo.ne.jp,Portugal,Female,Boucinha,Wordpedia,4945.38,EUR
Harry,Matthews,hmatthews6g@scientificamerican.com,Peru,Male,Cancas,Devshare,11779.26,PEN
Matthew,Mcdonald,mmcdonald6h@unc.edu,China,Male,Da’an,Gabtype,95805.92,CNY
Julia,Hill,jhill6i@mail.ru,Spain,Female,Granada,Skyba,67343.97,EUR
Douglas,Lawrence,dlawrence6j@skyrock.com,China,Male,Dahe,Yabox,,CNY
Margaret,Harper,mharper6k@ycombinator.com,Russia,Female,Zhemtala,Quimm,47313.30,RUB
Harold,Mendoza,hmendoza6l@hao123.com,Indonesia,Male,Pakapasan Girang,Dynava,4500.76,IDR
Kathryn,Watkins,kwatkins6m@sfgate.com,Poland,Female,Krotoszyn,Photobug,62925.85,PLN
Edward,Anderson,eanderson6n@ycombinator.com,Czech Republic,Male,Golčův Jeníkov,Voonder,18793.02,CZK
Cheryl,Marshall,cmarshall6o@gmpg.org,Brazil,Female,Palmas,Wordware,,BRL
Mary,Oliver,moliver6p@dell.com,China,Female,Luzhuangzi,Youbridge,81575.97,CNY
Raymond,Meyer,rmeyer6q@nhs.uk,Canada,Male,Cornwall,Einti,39551.95,CAD
Jean,Peterson,jpeterson6r@webeden.co.uk,Denmark,Female,København,Skalith,95009.18,DKK
Brian,Day,bday6s@vkontakte.ru,Cameroon,Male,Ndom,Skinte,28151.94,XAF
Jeffrey,Wells,jwells6t@who.int,Philippines,Male,Magapit,Centidel,31635.05,PHP
Eric,Greene,egreene6u@com.com,China,Male,Shazi,Oyope,66269.46,CNY
Gregory,Howell,ghowell6v@indiegogo.com,China,Male,Panzhuang,Jaloo,57361.06,CNY
Peter,Watkins,pwatkins6w@google.nl,Nigeria,Male,Omoku,Fadeo,68385.50,NGN
Mark,Henry,mhenry6x@facebook.com,China,Male,Zhaocun,Ailane,49178.86,CNY
Kevin,Murphy,kmurphy6y@google.com.hk,China,Male,Changshu City,Devpulse,22499.54,CNY
Maria,Murphy,mmurphy6z@sphinn.com,Albania,Female,Librazhd,Riffwire,5429.36,ALL
Samuel,Murphy,smurphy70@irs.gov,China,Male,Dong Liang’erzhuang,Brightdog,47436.23,CNY
Paula,Young,pyoung71@mozilla.org,Indonesia,Female,Banjar Sebual,Skalith,72209.82,IDR
Betty,Rose,brose72@plala.or.jp,Mauritius,Female,Flic en Flac,Jaxnation,80918.74,MUR
Daniel,Rose,drose73@webnode.com,Chile,Male,Diego de Almagro,Browsezoom,35400.07,CLP
Anthony,Fox,afox74@techcrunch.com,Philippines,Male,Sexmoan,Linklinks,32219.12,PHP
Joe,Bryant,jbryant75@blogtalkradio.com,Indonesia,Male,Perbaungan,Zoomlounge,61413.53,IDR
Melissa,Wood,mwood76@bluehost.com,Poland,Female,Goraj,Leexo,60021.54,PLN
Walter,Perez,wperez77@eventbrite.com,Greece,Male,Peraía,Realbridge,54620.76,EUR
Marie,Hernandez,mhernandez78@census.gov,Canada,Female,Port Moody,Flashdog,70992.43,CAD
Amy,Hall,ahall79@washington.edu,France,Female,Montpellier,Fivespan,41707.09,EUR
Lisa,Mendoza,lmendoza7a@newsvine.com,Indonesia,Female,Bukabu,Yata,28514.19,IDR
Jessica,Green,jgreen7b@craigslist.org,United States,Female,Buffalo,Jazzy,24177.76,USD
William,Rose,wrose7c@guardian.co.uk,Cuba,Male,Corralillo,Tambee,26564.33,CUP
Scott,Ross,sross7d@sitemeter.com,China,Male,Qiaozhen,Yoveo,,CNY
Jack,Edwards,jedwards7e@usnews.com,Philippines,Male,Apitong,Twitterworks,17660.85,PHP
Chris,Long,clong7f@e-recht24.de,Russia,Male,Kimry,Jabbersphere,,RUB
Randy,Nelson,rnelson7g@dot.gov,Sweden,Male,Lidköping,Fliptune,64861.74,SEK
Stephen,Moore,smoore7h@booking.com,Tanzania,Male,Mtimbira,Brightbean,35906.76,TZS
Roy,Stephens,rstephens7i@chicagotribune.com,China,Male,Ehen Hudag,Oozz,82285.36,CNY
Janet,Palmer,jpalmer7j@ask.com,United Kingdom,Female,Dean,Riffpedia,90404.89,GBP
Bobby,Morgan,bmorgan7k@jimdo.com,Brazil,Male,Itiruçu,Riffpath,75269.10,BRL
Steven,Bell,sbell7l@shop-pro.jp,South Korea,Male,Kyonju,Tagfeed,61428.61,KRW
Michael,Robertson,mrobertson7m@walmart.com,China,Male,Baoxu,Dabjam,17950.51,CNY
Ryan,Carr,rcarr7n@businessinsider.com,Ivory Coast,Male,Issia,Abata,28902.15,XOF
Jimmy,Henry,jhenry7o@adobe.com,Brazil,Male,Piritiba,Trudoo,36390.47,BRL
Angela,Lane,alane7p@histats.com,Indonesia,Female,Saripin,Zoombox,69370.41,IDR
Kathy,Phillips,kphillips7q@miibeian.gov.cn,Dominican Republic,Female,Ensanche Luperón,Kwilith,64014.33,DOP
Martha,Murray,mmurray7r@cdbaby.com,Bahrain,Female,Sitrah,Brainsphere,71958.64,BHD
Catherine,Lopez,clopez7s@xing.com,Benin,Female,Lokossa,Browsezoom,27510.53,XOF
Jason,Patterson,jpatterson7t@simplemachines.org,Republic of the Congo,Male,Makoua,Topicblab,88099.37,XAF
Joe,Grant,jgrant7u@gov.uk,Slovenia,Male,Lipovci,Voolith,4113.79,EUR
Paula,Alexander,palexander7v@howstuffworks.com,Chile,Female,Yumbel,Demivee,22709.55,CLP
Eugene,Richards,erichards7w@mail.ru,Philippines,Male,Masipi West,Gabtune,96310.99,PHP
Larry,Kennedy,lkennedy7x@auda.org.au,Argentina,Male,Villa Urquiza,LiveZ,57113.87,ARS
Doris,Reyes,dreyes7y@hp.com,Philippines,Female,San Nicolas,Yozio,32985.03,PHP
Paula,Coleman,pcoleman7z@tinyurl.com,Argentina,Female,Villa Carlos Paz,Feedfire,9369.97,ARS
Melissa,Morris,mmorris80@scribd.com,Poland,Female,Kaliska,Jaxbean,44415.12,PLN
Anne,Hamilton,ahamilton81@bloglines.com,Indonesia,Female,Tais,Eimbee,3909.19,IDR
Kenneth,Alvarez,kalvarez82@jiathis.com,Palestinian Territory,Male,Faḩmah,Rhyzio,8127.41,ILS
Harold,Washington,hwashington83@multiply.com,Cape Verde,Male,Vila Nova Sintra,Photospace,34596.04,CVE
Julia,Snyder,jsnyder84@deviantart.com,Canada,Female,Cornwall,Bubblebox,87011.57,CAD
Diana,Jenkins,djenkins85@over-blog.com,Russia,Female,Krasnoye,Yata,12901.93,RUB
Robert,Banks,rbanks86@mlb.com,Indonesia,Male,Bunobogu,Yodo,91687.89,IDR
Kevin,Black,kblack87@apple.com,France,Male,Décines-Charpieu,Feedfire,54963.52,EUR
Patrick,Hall,phall88@kickstarter.com,Mongolia,Male,Höshigiyn-Ar,Kaymbo,54156.87,MNT
Barbara,Grant,bgrant89@hud.gov,Portugal,Female,Quinta dos Frades,Fiveclub,34419.48,EUR
Rachel,Jordan,rjordan8a@cam.ac.uk,China,Female,Maquanzhen,Browsedrive,3722.74,CNY
Kelly,Jones,kjones8b@miitbeian.gov.cn,Thailand,Female,Phanat Nikhom,Trudeo,,THB
Robert,Hanson,rhanson8c@usnews.com,Sweden,Male,Asarum,Browseblab,79952.08,SEK
Frances,Stephens,fstephens8d@usatoday.com,France,Female,Le Blanc-Mesnil,Geba,53553.49,EUR
Judy,Dunn,jdunn8e@bing.com,Russia,Female,Kubachi,DabZ,285.26,RUB
Kathleen,Snyder,ksnyder8f@ovh.net,China,Female,Maintang,Innotype,80423.02,CNY
Shirley,Cooper,scooper8g@umich.edu,Russia,Female,Yedogon,Yata,,RUB
Christopher,Young,cyoung8h@cisco.com,Cyprus,Male,Mesógi,Jabbersphere,36054.24,EUR
Kathleen,Hudson,khudson8i@istockphoto.com,Philippines,Female,San Antonio,Kare,10642.46,PHP
Paula,Nelson,pnelson8j@seattletimes.com,Tajikistan,Female,Panjakent,Gigabox,55218.87,TJS
Janet,Ruiz,jruiz8k@jimdo.com,Czech Republic,Female,Žebrák,Topicshots,25498.31,CZK
Andrea,Butler,abutler8l@cloudflare.com,China,Female,Xinquan,Feedfish,50138.67,CNY
Tammy,Medina,tmedina8m@mozilla.com,China,Female,Linshui,Voonix,79133.40,CNY
Jessica,Rose,jrose8n@mail.ru,Indonesia,Female,Bungkal,Meetz,81012.41,IDR
Terry,West,twest8o@ycombinator.com,Rwanda,Male,Musanze,Realpoint,12911.17,RWF
Lillian,Washington,lwashington8p@nytimes.com,East Timor,Female,Same,InnoZ,95728.05,USD
Dorothy,Williamson,dwilliamson8q@vinaora.com,Albania,Female,Saraqinishtë,Jabbercube,12003.41,ALL
Ashley,Webb,awebb8r@dropbox.com,France,Female,Plaisir,Jetpulse,36088.34,EUR
Mary,Webb,mwebb8s@huffingtonpost.com,Philippines,Female,Malhiao,Ozu,293.88,PHP
Phillip,Baker,pbaker8t@mysql.com,Indonesia,Male,Sembakung,Lazz,57446.60,IDR
Shawn,Meyer,smeyer8u@ted.com,Peru,Male,Satipo,Thoughtsphere,67233.48,PEN
Eugene,Taylor,etaylor8v@issuu.com,Philippines,Male,Prinza,Geba,5795.86,PHP
Chris,Collins,ccollins8w@technorati.com,Moldova,Male,Maiac,Eamia,77921.30,MDL
Nancy,Young,nyoung8x@oakley.com,China,Female,Huatai,Bubbletube,99897.27,CNY
Linda,Reyes,lreyes8y@fastcompany.com,Argentina,Female,General José de San Martín,Riffpath,48748.42,ARS
Albert,Kim,akim8z@gnu.org,Portugal,Male,Vila Chã do Monte,Gigaclub,45209.87,EUR
Daniel,Burns,dburns90@squidoo.com,Iran,Male,Jūybār,Eimbee,,IRR
Jesse,Weaver,jweaver91@amazon.co.uk,Portugal,Male,Tarouca,Oodoo,25912.10,EUR
Norma,Rogers,nrogers92@merriam-webster.com,Brazil,Female,Cajamar,Flashspan,44003.44,BRL
Justin,Lawson,jlawson93@weibo.com,Tunisia,Male,Kasserine,Browseblab,67602.65,TND
Albert,Burton,aburton94@multiply.com,Pakistan,Male,Pindi Gheb,Dabshots,93274.97,PKR
Judith,Thomas,jthomas95@youku.com,United States,Female,Knoxville,Meejo,44882.07,USD
Scott,Frazier,sfrazier96@bluehost.com,Azerbaijan,Male,Şuraabad,Tagpad,36262.24,AZN
Rachel,Henry,rhenry97@telegraph.co.uk,Brazil,Female,Guaporé,Wordware,,BRL
Rose,Torres,rtorres98@si.edu,Russia,Female,Nesterov,Roomm,24364.64,RUB
Jason,Fernandez,jfernandez99@cam.ac.uk,Germany,Male,Bonn,Lazzy,17622.49,EUR
Irene,Davis,idavis9a@stanford.edu,Brazil,Female,Leopoldina,Rhycero,2598.97,BRL
Bonnie,Marshall,bmarshall9b@utexas.edu,France,Female,Castelsarrasin,Mycat,50893.27,EUR
Juan,Phillips,jphillips9c@cbslocal.com,China,Male,Chenzhouzhai,Skaboo,80983.69,CNY
James,Phillips,jphillips9d@globo.com,Indonesia,Male,Selopuro,Demizz,63004.31,IDR
Paul,Dunn,pdunn9e@nature.com,Afghanistan,Male,Kanḏay,Quatz,31125.91,AFN
Linda,Warren,lwarren9f@smugmug.com,China,Female,Jiujie,Fanoodle,48642.10,CNY
Sandra,Rogers,srogers9g@ca.gov,China,Female,Caotang,Devpulse,55726.03,CNY
Walter,Cook,wcook9h@nature.com,South Korea,Male,Suncheon,Vidoo,19720.05,KRW
Joyce,Fernandez,jfernandez9i@networksolutions.com,China,Female,Wangzuizi,Ntag,79343.37,CNY
Adam,Pierce,apierce9j@flavors.me,Sweden,Male,Götene,Oyondu,72472.24,SEK
Tina,Grant,tgrant9k@multiply.com,Philippines,Female,Latung,Thoughtmix,95229.70,PHP
Deborah,Bell,dbell9l@skyrock.com,Russia,Female,Pashkovskiy,Tekfly,26848.97,RUB
Kathryn,Ruiz,kruiz9m@narod.ru,Poland,Female,Rajsko,Oozz,24594.25,PLN
Donna,Gibson,dgibson9n@wisc.edu,Russia,Female,Tikhvin,Skimia,41757.07,RUB
Steven,Gilbert,sgilbert9o@indiatimes.com,Russia,Male,Monino,Meedoo,62478.44,RUB
Clarence,Ross,cross9p@reference.com,United States,Male,San Diego,Rhynyx,94423.52,USD
Jeremy,Schmidt,jschmidt9q@unc.edu,Poland,Male,Wola Jachowa,Trupe,85873.07,PLN
Philip,Cruz,pcruz9r@technorati.com,Indonesia,Male,Jorong Lauk,Photobean,63190.04,IDR
Nicole,Torres,ntorres9s@independent.co.uk,Croatia,Female,Hodošan,Meembee,,HRK
Carl,Watkins,cwatkins9t@yale.edu,Uruguay,Male,Migues,Linkbuzz,64486.35,UYU
Dennis,Larson,dlarson9u@msn.com,Russia,Male,Yanino Vtoroye,Kanoodle,,RUB
Patrick,Jordan,pjordan9v@woothemes.com,Brazil,Male,Rio das Pedras,Blogtags,71935.51,BRL
Jennifer,Gray,jgray9w@ox.ac.uk,China,Female,Xianning,Quaxo,75386.26,CNY
Linda,Olson,lolson9x@360.cn,United States,Female,Colorado Springs,Brightbean,44673.83,USD
Joseph,Riley,jriley9y@tumblr.com,Portugal,Male,Estarreja,Quinu,84001.50,EUR
Justin,Reed,jreed9z@abc.net.au,Ukraine,Male,Izyaslav,Blogtag,23106.20,UAH
Robin,Hunter,rhuntera0@businesswire.com,Morocco,Female,Khemisset,Viva,61976.16,MAD
Peter,Harris,pharrisa1@ycombinator.com,Indonesia,Male,Kerep Wetan,Babbleopia,82977.39,IDR
Ruth,Martinez,rmartineza2@europa.eu,Canada,Female,Fredericton,Quaxo,,CAD
Katherine,Lopez,klopeza3@npr.org,Spain,Female,Zamora,Aivee,89503.73,EUR
Jason,Bennett,jbennetta4@senate.gov,Serbia,Male,Koceljeva,Jabbercube,55221.25,RSD
Alan,Myers,amyersa5@booking.com,China,Male,Rongcheng,Zoombox,,CNY
Keith,Mccoy,kmccoya6@indiatimes.com,Brazil,Male,Paraíso das Águas,Flashdog,40510.13,BRL
Justin,Watson,jwatsona7@howstuffworks.com,Indonesia,Male,Sumberdadi,Photobean,27310.90,IDR
Carolyn,Gutierrez,cgutierreza8@angelfire.com,China,Female,Yuhuang,Tagpad,70390.86,CNY
Dorothy,Greene,dgreenea9@ed.gov,China,Female,Qinhong,Vidoo,86183.84,CNY
Shawn,Henry,shenryaa@usnews.com,Indonesia,Male,Nyalindung,Twitterbeat,63403.30,IDR
Joan,Warren,jwarrenab@cargocollective.com,China,Female,Zhangshui,Gigazoom,75139.01,CNY
Alan,Freeman,afreemanac@ifeng.com,Indonesia,Male,Tapan,Leenti,51061.19,IDR
Phillip,Peterson,ppetersonad@nsw.gov.au,Japan,Male,Nirasaki,Kamba,22646.54,JPY
Peter,Castillo,pcastilloae@huffingtonpost.com,Nepal,Male,Surkhet,Digitube,18404.31,NPR
Julie,Brooks,jbrooksaf@hugedomains.com,Canada,Female,Sainte-Sophie,Voonder,73951.88,CAD
Jacqueline,Murphy,jmurphyag@gizmodo.com,Norway,Female,Drammen,Zoovu,80193.81,NOK
Harold,Martin,hmartinah@usgs.gov,China,Male,Yajin,Digitube,56861.52,CNY
Robin,Moore,rmooreai@symantec.com,Russia,Female,Sysert’,Youbridge,89330.29,RUB
Joyce,Olson,jolsonaj@reverbnation.com,Netherlands,Female,Alphen aan den Rijn,Browseblab,12553.30,EUR
Kathleen,Bradley,kbradleyak@fda.gov,China,Female,Jianrao,Voonder,28038.31,CNY
Virginia,Grant,vgrantal@miitbeian.gov.cn,Chile,Female,San Javier,Innojam,57103.62,CLP
Kathleen,Bailey,kbaileyam@studiopress.com,Russia,Female,Vesëlyy,Blogtag,23117.64,RUB
Paul,Russell,prussellan@mtv.com,Russia,Male,Zakamensk,Yadel,85682.26,RUB
Andrea,Carter,acarterao@gnu.org,South Korea,Female,Eisen,Vimbo,99692.81,KRW
Joshua,Howard,jhowardap@github.com,New Zealand,Male,Pleasant Point,Meeveo,93363.65,NZD
Jason,Stevens,jstevensaq@foxnews.com,Brazil,Male,Goiatuba,Photolist,95728.22,BRL
Louise,Freeman,lfreemanar@reddit.com,United States,Female,Tempe,Youtags,20874.28,USD
Todd,Hayes,thayesas@google.com.hk,Mexico,Male,San Miguel,Vipe,87152.94,MXN
Craig,Cunningham,ccunninghamat@seesaa.net,Ukraine,Male,Ulanov,Jazzy,77010.13,UAH
Stephen,Cox,scoxau@wiley.com,Finland,Male,Kimito,Jaxworks,17892.55,EUR
Douglas,Stone,dstoneav@pbs.org,Bosnia and Herzegovina,Male,Čelinac,Livepath,75887.25,BAM
Earl,Myers,emyersaw@ca.gov,Colombia,Male,Palermo,Yodel,71954.65,COP
Harry,Robertson,hrobertsonax@e-recht24.de,Portugal,Male,Odivelas,Tagchat,15745.18,EUR
Wayne,Brooks,wbrooksay@list-manage.com,Slovenia,Male,Tržič,Vinder,6955.37,EUR
Thomas,Matthews,tmatthewsaz@narod.ru,Portugal,Male,Vila Franca de Xira,Mybuzz,96625.52,EUR
Cheryl,White,cwhiteb0@yellowbook.com,Uzbekistan,Female,Quva,Vidoo,76154.31,UZS
Jonathan,Stevens,jstevensb1@china.com.cn,China,Male,Hongxing,Aibox,53025.20,CNY
Matthew,Stevens,mstevensb2@businessinsider.com,Czech Republic,Male,Lučina,Rooxo,,CZK
Ann,Peters,apetersb3@zimbio.com,Mali,Female,Niafunké,Eabox,,XOF
George,Elliott,gelliottb4@bloomberg.com,Czech Republic,Male,Borovany,Livetube,13826.49,CZK
Wanda,Washington,wwashingtonb5@slate.com,Philippines,Female,San Vicente,Tagfeed,40363.76,PHP
Steven,Fields,sfieldsb6@deliciousdays.com,Sierra Leone,Male,Binkolo,Yamia,2617.69,SLL
Sharon,Powell,spowellb7@t-online.de,Indonesia,Female,Cikuray,Agimba,,IDR
Amy,Brown,abrownb8@wikia.com,China,Female,Chenjiatan,Npath,52357.23,CNY
Brenda,Black,bblackb9@aboutads.info,France,Female,Quimperlé,Vinder,55707.51,EUR
George,Foster,gfosterba@soup.io,Brazil,Male,Trindade,Ailane,53402.68,BRL
Sean,Wilson,swilsonbb@hhs.gov,Ireland,Male,Donabate,Muxo,64068.45,EUR
Janet,Reyes,jreyesbc@google.de,United States,Female,Tampa,Browsecat,,USD
Alice,Turner,aturnerbd@wsj.com,Finland,Female,Längelmäki,Centizu,79103.06,EUR
Stephen,Morrison,smorrisonbe@gmpg.org,Thailand,Male,Na Tan,Chatterbridge,20947.68,THB
Mary,Reyes,mreyesbf@mozilla.com,Israel,Female,Maghār,Voomm,32305.51,ILS
Sean,Howell,showellbg@epa.gov,Ireland,Male,Tuam,Photojam,51193.40,EUR
Keith,Washington,kwashingtonbh@usa.gov,Portugal,Male,Loureiro,Yoveo,,EUR
Juan,Williams,jwilliamsbi@wordpress.org,China,Male,Jing’an,Minyx,,CNY
Martha,Crawford,mcrawfordbj@squarespace.com,Poland,Female,Gąsocin,Rhycero,57271.34,PLN
Terry,Wood,twoodbk@goo.gl,Indonesia,Male,Katabu,Minyx,75535.39,IDR
Emily,Daniels,edanielsbl@chron.com,China,Female,Huangduobu,Thoughtsphere,8421.54,CNY
Nancy,Carter,ncarterbm@ca.gov,Israel,Female,Neẖalim,Vipe,17343.54,ILS
Carol,Holmes,cholmesbn@howstuffworks.com,China,Female,Zigong,Realcube,88384.70,CNY
Clarence,Webb,cwebbbo@mapquest.com,Indonesia,Male,Tangkanpulit,Divanoodle,83489.16,IDR
Chris,Reed,creedbp@cornell.edu,Luxembourg,Male,Diekirch,Pixope,49731.70,EUR
Robin,Montgomery,rmontgomerybq@histats.com,China,Female,Jiujiang,Twimm,2893.10,CNY
Harold,Dean,hdeanbr@google.pl,China,Male,Laojunpo,Jabbersphere,73036.89,CNY
Helen,Ward,hwardbs@sogou.com,Russia,Female,Grecheskoye,Flashpoint,18403.62,RUB
Kathleen,Foster,kfosterbt@phpbb.com,Poland,Female,Nowe Grocholice,Ailane,14099.55,PLN
Robert,Gilbert,rgilbertbu@google.ca,China,Male,Zheyuan,Divavu,95577.23,CNY
Martha,Hanson,mhansonbv@bizjournals.com,Sweden,Female,Herrljunga,Brainverse,7783.16,SEK
Patrick,Knight,pknightbw@google.de,Mauritius,Male,Bel Air Rivière Sèche,Abata,88925.93,MUR
Ralph,Turner,rturnerbx@opensource.org,Portugal,Male,Estribeiro,Mybuzz,30887.82,EUR
Sarah,Gordon,sgordonby@china.com.cn,China,Female,Puji,Centimia,44173.38,CNY
Lori,Carr,lcarrbz@yahoo.com,Sweden,Female,Stockholm,BlogXS,2499.75,SEK
Katherine,Hughes,khughesc0@alexa.com,Indonesia,Female,Duwaktenggi,Photolist,50265.95,IDR
Stephen,Hart,shartc1@boston.com,Philippines,Male,Baroy,Tanoodle,75442.34,PHP
Joyce,Burns,jburnsc2@blogs.com,Sweden,Female,Växjö,Dabvine,7465.84,SEK
Mary,Day,mdayc3@bloglovin.com,Togo,Female,Tsévié,Jabbersphere,26085.84,XOF
Jason,Daniels,jdanielsc4@bloomberg.com,China,Male,Baixiang,Edgetag,23112.78,CNY
Raymond,Evans,revansc5@naver.com,Indonesia,Male,Paritaman,Vimbo,51012.54,IDR
Jesse,Shaw,jshawc6@symantec.com,Azerbaijan,Male,Mardakyany,Ooba,,AZN
Paula,Davis,pdavisc7@yolasite.com,Austria,Female,Graz,Flashset,30352.40,EUR
Phyllis,Hernandez,phernandezc8@istockphoto.com,Colombia,Female,Melgar,Feedspan,87644.67,COP
Heather,Martin,hmartinc9@ox.ac.uk,Portugal,Female,Briteiros Santa Leocádia,Quinu,13710.73,EUR
Ann,Nguyen,anguyenca@wikimedia.org,Peru,Female,Ticaco,Realbuzz,31426.99,PEN
Ruth,Adams,radamscb@slate.com,Indonesia,Female,Labuhansumbawa,Avaveo,71874.69,IDR
Phyllis,Romero,promerocc@kickstarter.com,China,Female,Jinsha,Photobug,17276.44,CNY
Helen,Torres,htorrescd@lycos.com,China,Female,Yongtai,Zoonoodle,11067.58,CNY
Mildred,Robinson,mrobinsonce@army.mil,Argentina,Female,Coronel Suárez,Rhyzio,15496.42,ARS
Lisa,Wheeler,lwheelercf@paypal.com,Greece,Female,Papágou,Ozu,98741.57,EUR
Jean,Hanson,jhansoncg@apache.org,China,Female,Sansheng,Oyoloo,61004.00,CNY
Wanda,Morris,wmorrisch@sohu.com,Ukraine,Female,Uralo-Kavkaz,Dabshots,25786.89,UAH
Pamela,Cox,pcoxci@t.co,China,Female,Menggusi,Skippad,58733.24,CNY
Jack,Fisher,jfishercj@latimes.com,China,Male,Haizhouwobao,Divavu,12908.57,CNY
Victor,Robertson,vrobertsonck@yahoo.com,China,Male,Beixiaoying,Mudo,81580.77,CNY
Sean,Kelly,skellycl@answers.com,Peru,Male,Churubamba,Ainyx,47307.40,PEN
Kevin,Medina,kmedinacm@hexun.com,Czech Republic,Male,Žeravice,Cogibox,18701.24,CZK
Amanda,Chavez,achavezcn@topsy.com,Palestinian Territory,Female,Qīrah,Skiptube,50807.95,ILS
Sandra,Parker,sparkerco@cloudflare.com,Poland,Female,Hyżne,Oyoba,31276.73,PLN
Charles,Arnold,carnoldcp@cnbc.com,China,Male,Dagui,Feednation,66533.49,CNY
Larry,Alexander,lalexandercq@fema.gov,China,Male,Maiwang,Flashdog,66270.22,CNY
Robert,Fowler,rfowlercr@wired.com,Slovenia,Male,Rogoza,Pixonyx,13446.27,EUR
Phillip,Phillips,pphillipscs@mashable.com,Thailand,Male,Kantharalak,Photobug,40788.56,THB
Louis,Garcia,lgarciact@netlog.com,China,Male,Miao’ergou,Fiveclub,,CNY
Roger,Bryant,rbryantcu@marriott.com,Sweden,Male,Göteborg,Wikizz,14981.75,SEK
Margaret,Lawson,mlawsoncv@xinhuanet.com,Czech Republic,Female,Netvořice,Jazzy,69704.04,CZK
Shawn,Vasquez,svasquezcw@jalbum.net,Thailand,Male,Pluak Daeng,Trilia,90558.10,THB
Charles,Garcia,cgarciacx@twitpic.com,China,Male,Duobaoshan,Jabberbean,80267.30,CNY
Nicholas,Myers,nmyerscy@bbc.co.uk,Russia,Male,Novoanninskiy,Dynava,53689.52,RUB
Diane,Richardson,drichardsoncz@ehow.com,Namibia,Female,Otjiwarongo,Wordware,77211.74,NAD
Jennifer,Sims,jsimsd0@wunderground.com,Indonesia,Female,Sumberbening,Yadel,34637.41,IDR
Anne,Jones,ajonesd1@wufoo.com,Philippines,Female,Palanit,Voonix,58140.03,PHP
Laura,Bell,lbelld2@elegantthemes.com,China,Female,Hepingyizu,Tanoodle,45038.09,CNY
Richard,Bryant,rbryantd3@admin.ch,Mexico,Male,Lazaro Cardenas,Yamia,72558.31,MXN
Catherine,Cox,ccoxd4@amazon.co.uk,United States,Female,El Paso,Realpoint,62502.50,USD
Anne,Banks,abanksd5@upenn.edu,Brazil,Female,Piraquara,Teklist,94902.13,BRL
Patrick,Sanchez,psanchezd6@va.gov,Azerbaijan,Male,Salyan,Browseblab,90019.21,AZN
Victor,Andrews,vandrewsd7@miibeian.gov.cn,Japan,Male,Shimabara,Ooba,18283.61,JPY
Marilyn,Hall,mhalld8@uiuc.edu,Russia,Female,Vladimirskaya,Wikizz,78557.28,RUB
Terry,Henry,thenryd9@netlog.com,Greece,Male,Velventós,Roomm,,EUR
Shirley,Oliver,soliverda@etsy.com,Saudi Arabia,Female,Al Jumūm,Voolith,57583.06,SAR
Robin,Grant,rgrantdb@cargocollective.com,Indonesia,Female,Gludug,Dynava,4588.73,IDR
Eugene,Walker,ewalkerdc@census.gov,China,Male,Nanxing,Reallinks,47676.19,CNY
Frances,Morales,fmoralesdd@deviantart.com,Poland,Female,Pilzno,Buzzbean,47976.74,PLN
Nicholas,Fox,nfoxde@businessinsider.com,Latvia,Male,Salacgrīva,Geba,15608.51,EUR
Deborah,Johnston,djohnstondf@comcast.net,China,Female,Yuping,Voonyx,64905.34,CNY
Howard,Brooks,hbrooksdg@comcast.net,Portugal,Male,São Lourenço de Mamporcão,Voolith,96814.03,EUR
Ruth,Wheeler,rwheelerdh@free.fr,China,Female,Huangshi,Quaxo,57150.51,CNY
Cheryl,Romero,cromerodi@cdbaby.com,Philippines,Female,Cabcaben,Teklist,3721.72,PHP
Ruby,Robinson,rrobinsondj@weebly.com,Mexico,Female,Santa Clara,Leenti,98188.31,MXN
Randy,Dean,rdeandk@naver.com,Finland,Male,Ruokolahti,Gigaclub,53992.73,EUR
Brenda,Burns,bburnsdl@about.me,Japan,Female,Ōtsuchi,Shuffledrive,53100.86,JPY
Beverly,Lawrence,blawrencedm@yandex.ru,Indonesia,Female,Paritaman,Jaxbean,25523.18,IDR
Adam,Garrett,agarrettdn@usda.gov,Kenya,Male,Embu,Twinte,2855.78,KES
William,Banks,wbanksdo@economist.com,El Salvador,Male,La Unión,Rooxo,21484.10,USD
Dennis,Bowman,dbowmandp@facebook.com,China,Male,Chenda,Avamm,34303.52,CNY
Irene,Little,ilittledq@devhub.com,Russia,Female,Staraya Derevnya,Eimbee,32789.18,RUB
Bobby,Harvey,bharveydr@boston.com,Brazil,Male,Catende,Ntag,38000.67,BRL
Jonathan,Bennett,jbennettds@cargocollective.com,China,Male,Aoluguya Ewenke Minzu,Kwimbee,36119.61,CNY
Craig,Murphy,cmurphydt@census.gov,China,Male,Duancun,Edgetag,50286.49,CNY
Jessica,Graham,jgrahamdu@cnet.com,Brazil,Female,Condado,Jaxnation,21532.33,BRL
Steven,Burton,sburtondv@quantcast.com,Uganda,Male,Bugembe,Yodo,36601.84,UGX
George,Jones,gjonesdw@paypal.com,France,Male,Alès,Livepath,33856.63,EUR
Gary,Wells,gwellsdx@blogspot.com,Comoros,Male,Mkiriwadjumoi,Eadel,37404.79,KMF
Joshua,Johnson,jjohnsondy@webeden.co.uk,China,Male,Hengshi,Quatz,71399.41,CNY
Kathryn,Meyer,kmeyerdz@time.com,Philippines,Female,Santa Nino,Avamba,28579.73,PHP
Jonathan,Reed,jreede0@cbslocal.com,Mexico,Male,Fovissste,Rhyloo,69961.71,MXN
Marilyn,Perkins,mperkinse1@meetup.com,Nicaragua,Female,La Paz Centro,Photospace,31612.27,NIO
Donna,Nichols,dnicholse2@issuu.com,Guatemala,Female,Puerto Barrios,Quinu,49827.16,GTQ
John,Bryant,jbryante3@time.com,Iran,Male,Qohord-e Bālā,Fliptune,21436.11,IRR
Kathy,Hawkins,khawkinse4@nba.com,United States,Female,Miami,Tagchat,29899.90,USD
Linda,Perry,lperrye5@ycombinator.com,Brazil,Female,São Luiz Gonzaga,Browsebug,84653.82,BRL
Robert,Montgomery,rmontgomerye6@dailymotion.com,Russia,Male,Garbolovo,Jazzy,51844.27,RUB
Matthew,Lane,mlanee7@pcworld.com,France,Male,Chantilly,Zoomzone,67204.81,EUR
Susan,Gutierrez,sgutierreze8@fda.gov,Ireland,Female,Belmullet,Flashset,71802.46,EUR
Debra,Lee,dleee9@howstuffworks.com,France,Female,Goussainville,Gevee,,EUR
Kimberly,Crawford,kcrawfordea@usda.gov,China,Female,Gengwan,Tagfeed,57218.73,CNY
Jason,Howell,jhowelleb@disqus.com,Philippines,Male,Nuing,Meejo,14591.44,PHP
Juan,Meyer,jmeyerec@mtv.com,Nigeria,Male,Onitsha,Yodoo,26734.40,NGN
Aaron,Fields,afieldsed@prnewswire.com,Costa Rica,Male,Alajuela,Zoovu,1218.01,CRC
Lawrence,Clark,lclarkee@google.co.jp,Russia,Male,Magan,Skibox,,RUB
Patricia,Lawrence,plawrenceef@thetimes.co.uk,Morocco,Female,Rislane,Tagfeed,13948.59,MAD
Melissa,Woods,mwoodseg@google.cn,China,Female,Sanming,Thoughtbeat,,CNY
Jimmy,Bennett,jbennetteh@addthis.com,Indonesia,Male,Kedungtulup,Skiba,20893.61,IDR
Katherine,Rogers,krogersei@buzzfeed.com,Paraguay,Female,San Pedro del Paraná,Zoombox,25636.36,PYG
Alan,Gonzalez,agonzalezej@redcross.org,Russia,Male,Uzunovo,Leenti,91622.91,RUB
Carol,Harrison,charrisonek@washingtonpost.com,Libya,Female,Al Jadīd,Buzzdog,,LYD
Lawrence,Myers,lmyersel@vinaora.com,Indonesia,Male,Margasari,Innojam,97126.96,IDR
Raymond,Oliver,roliverem@shutterfly.com,Mexico,Male,Emiliano Zapata,Feednation,32216.44,MXN
Martha,Foster,mfosteren@sogou.com,Denmark,Female,København,Oyoloo,61734.54,DKK
Laura,Lawrence,llawrenceeo@meetup.com,Tanzania,Female,Bagamoyo,Skajo,13824.59,TZS
Jeffrey,Armstrong,jarmstrongep@photobucket.com,Indonesia,Male,Kotadukuh,Eayo,44120.83,IDR
Marie,Austin,maustineq@a8.net,China,Female,Xiugu,Realmix,53220.32,CNY
Eugene,Kennedy,ekennedyer@bizjournals.com,Poland,Male,Dąbrowice,Janyx,58109.34,PLN
Richard,Sanders,rsanderses@yolasite.com,China,Male,Rongkou,Oyoyo,55372.17,CNY
Kevin,Owens,kowenset@pagesperso-orange.fr,Russia,Male,Yemva,Edgepulse,78568.24,RUB
Carol,Nichols,cnicholseu@sun.com,Indonesia,Female,Tamansari,Rooxo,76235.12,IDR
Anthony,Lawrence,alawrenceev@infoseek.co.jp,China,Male,Niandui,Yacero,10094.68,CNY
Tina,Bennett,tbennettew@sakura.ne.jp,Serbia,Female,Varna,Wordware,286.68,RSD
Susan,Nichols,snicholsex@unicef.org,China,Female,Liuliping,Flipopia,28917.79,CNY
Russell,Murphy,rmurphyey@ihg.com,Poland,Male,Tomice,Omba,57474.51,PLN
Walter,Mccoy,wmccoyez@archive.org,China,Male,Yongxing,Oyope,68870.33,CNY
Jessica,Walker,jwalkerf0@tripod.com,China,Female,Zeguo,Photolist,81678.08,CNY
Diane,Ferguson,dfergusonf1@yahoo.co.jp,Indonesia,Female,Simabur,Mymm,68768.21,IDR
Peter,Riley,prileyf2@tinypic.com,Sweden,Male,Boliden,Shuffledrive,74713.82,SEK
Mary,Williamson,mwilliamsonf3@simplemachines.org,Albania,Female,Labinot-Mal,Browsebug,51653.58,ALL
Jean,Garza,jgarzaf4@ucla.edu,Brazil,Female,Três Coroas,Youopia,5460.88,BRL
Carol,Torres,ctorresf5@spotify.com,Bulgaria,Female,Kilifarevo,Buzzdog,6581.65,BGN
Raymond,Mason,rmasonf6@blog.com,China,Male,Taibai,Yambee,71540.34,CNY
Eugene,Anderson,eandersonf7@behance.net,China,Male,Xiaozhang,Jayo,51161.29,CNY
Julia,Wright,jwrightf8@taobao.com,Indonesia,Female,Cicurug,Rooxo,67004.88,IDR
Laura,Mendoza,lmendozaf9@privacy.gov.au,Uganda,Female,Kibuku,Yakitri,92633.90,UGX
Elizabeth,Harris,eharrisfa@tripadvisor.com,Indonesia,Female,Bintuni,Skyndu,83274.34,IDR
Douglas,Day,ddayfb@europa.eu,China,Male,Xianshui,Youopia,94066.30,CNY
Russell,Wright,rwrightfc@fotki.com,China,Male,Fangtang,Mybuzz,247.25,CNY
Aaron,Ray,arayfd@amazon.de,Philippines,Male,Sigma,Ozu,35076.86,PHP
Diane,Reed,dreedfe@netscape.com,Philippines,Female,Guimba,Browsetype,44969.44,PHP
Janet,Thomas,jthomasff@thetimes.co.uk,Indonesia,Female,Bojen Kulon,Aivee,58298.42,IDR
Louise,Watkins,lwatkinsfg@discovery.com,China,Female,Tianshan,Skajo,88005.71,CNY
James,King,jkingfh@joomla.org,Russia,Male,Chechen-Aul,Mudo,74408.62,RUB
Roger,Jacobs,rjacobsfi@walmart.com,Indonesia,Male,Kotabunan,Thoughtblab,2571.28,IDR
Ernest,Diaz,ediazfj@shareasale.com,Russia,Male,Tayzhina,Eare,,RUB
Brian,Flores,bfloresfk@istockphoto.com,China,Male,Yujia’ao,Aivee,67450.00,CNY
Jonathan,Peterson,jpetersonfl@aol.com,Philippines,Male,Esperanza,Tagopia,,PHP
Philip,Washington,pwashingtonfm@1688.com,Russia,Male,Yessentuki,Jabberbean,76950.49,RUB
Harry,Snyder,hsnyderfn@nasa.gov,Sweden,Male,Mölndal,Oodoo,57609.68,SEK
Steve,Cox,scoxfo@etsy.com,China,Male,Jiangpu,Fivespan,62367.77,CNY
Paula,Hanson,phansonfp@prnewswire.com,Russia,Female,Lisiy Nos,Gigabox,89339.38,RUB
Robert,Fox,rfoxfq@craigslist.org,China,Male,Efeng,Oodoo,52900.31,CNY
Judith,Stone,jstonefr@answers.com,Hungary,Female,Ózd,Roombo,63159.44,HUF
Betty,Knight,bknightfs@opera.com,Indonesia,Female,Ketangi,Realpoint,83202.47,IDR
Andrew,Dean,adeanft@irs.gov,France,Male,Nanterre,Kamba,23263.67,EUR
Alice,Torres,atorresfu@i2i.jp,Netherlands,Female,Wageningen,Janyx,,EUR
Nicole,Collins,ncollinsfv@ifeng.com,Portugal,Female,Trabulheira,Avamm,49104.27,EUR
Doris,Anderson,dandersonfw@ameblo.jp,China,Female,Aduo,Wikivu,1534.27,CNY
Julie,Hudson,jhudsonfx@scientificamerican.com,China,Female,Chishui,Brightdog,49804.08,CNY
Debra,Daniels,ddanielsfy@jalbum.net,Indonesia,Female,Karangmelok,Twitterwire,39819.67,IDR
Rebecca,Bailey,rbaileyfz@ftc.gov,China,Female,Liantan,Fivechat,92084.11,CNY
Lois,Cole,lcoleg0@etsy.com,China,Female,Huangyang,Browsezoom,74256.23,CNY
Chris,Riley,crileyg1@archive.org,Indonesia,Male,Kertorejo,Teklist,23136.66,IDR
Bobby,Spencer,bspencerg2@pcworld.com,Russia,Male,Sargatskoye,Kamba,65082.88,RUB
Frances,Burke,fburkeg3@hugedomains.com,Wallis and Futuna,Female,Mata-Utu,Thoughtbeat,48273.37,XPF
Joan,Bryant,jbryantg4@issuu.com,Sweden,Female,Falköping,Skivee,18006.67,SEK
Harold,Carpenter,hcarpenterg5@networksolutions.com,Cayman Islands,Male,North Side,Devshare,55155.43,KYD
Betty,James,bjamesg6@gnu.org,Portugal,Female,Vilar do Monte,Livefish,44682.47,EUR
Joyce,Perry,jperryg7@joomla.org,China,Female,Beihe,Thoughtsphere,55020.61,CNY
Sara,Lewis,slewisg8@reference.com,Indonesia,Female,Soko,Janyx,37347.77,IDR
John,Hayes,jhayesg9@digg.com,United States,Male,Pensacola,Zazio,,USD
Mark,Owens,mowensga@statcounter.com,Argentina,Male,Chimbas,Yacero,14065.24,ARS
Daniel,Meyer,dmeyergb@ning.com,Brazil,Male,Arauá,Vimbo,52036.28,BRL
Albert,Stanley,astanleygc@marketwatch.com,France,Male,Creil,Yata,25226.64,EUR
Heather,Henderson,hhendersongd@ihg.com,Peru,Female,Tambillo,Skalith,97061.74,PEN
Fred,Fuller,ffullerge@github.com,China,Male,Jingpeng,Rhyzio,30689.53,CNY
Gloria,Marshall,gmarshallgf@dyndns.org,United States,Female,New Hyde Park,Oyoba,63434.16,USD
Rose,Gomez,rgomezgg@dailymail.co.uk,China,Female,Laoxialu,Thoughtworks,73681.16,CNY
Clarence,Chavez,cchavezgh@home.pl,Egypt,Male,Al Qanāyāt,Blogtag,42189.31,EGP
Frances,Cunningham,fcunninghamgi@google.ru,Russia,Female,Donskoye,Yotz,32637.50,RUB
Emily,Black,eblackgj@ucsd.edu,Poland,Female,Brodnica,Jabbersphere,56673.36,PLN
Ronald,Rogers,rrogersgk@jigsy.com,China,Male,Hanyuan,Dynazzy,89421.13,CNY
Carl,Wallace,cwallacegl@ovh.net,Indonesia,Male,Cipicung,Meemm,,IDR
Jane,Cook,jcookgm@meetup.com,United States,Female,Aurora,Rhynyx,162.41,USD
Andrew,Willis,awillisgn@bloglines.com,China,Male,Yanhe,Devcast,,CNY
Steven,Kelly,skellygo@istockphoto.com,Portugal,Male,Rates,Gigazoom,29022.86,EUR
Christopher,Fields,cfieldsgp@storify.com,Indonesia,Male,Sarimukti Kaler,DabZ,90603.60,IDR
Catherine,Campbell,ccampbellgq@admin.ch,Panama,Female,Boca de Parita,Tagopia,37046.23,PAB
Christina,Burns,cburnsgr@myspace.com,Brazil,Female,Cupira,Meejo,54399.47,BRL
Johnny,Harvey,jharveygs@discuz.net,China,Male,Taobei,Feedspan,36681.03,CNY
Antonio,Roberts,arobertsgt@discovery.com,United States,Male,Detroit,Thoughtstorm,57502.47,USD
Irene,Crawford,icrawfordgu@youtu.be,Indonesia,Female,Setono,Yata,80251.75,IDR
Dorothy,James,djamesgv@hubpages.com,Sweden,Female,Linköping,Divanoodle,37849.18,SEK
Jacqueline,Scott,jscottgw@vk.com,Poland,Female,Strzyżowice,Abatz,92555.85,PLN
Fred,Powell,fpowellgx@nih.gov,China,Male,Shuanghe,Meevee,12006.17,CNY
Martin,Porter,mportergy@biblegateway.com,Serbia,Male,Stepojevac,Dazzlesphere,53509.87,RSD
Kathy,Johnston,kjohnstongz@cloudflare.com,Latvia,Female,Vangaži,Photolist,86026.49,EUR
Craig,Long,clongh0@icio.us,Canada,Male,Lac-Mégantic,Zoonder,59499.36,CAD
Norma,Lewis,nlewish1@nydailynews.com,China,Female,Chuanxi,Yombu,17184.41,CNY
Craig,Burton,cburtonh2@posterous.com,Brazil,Male,Marabá,Babblestorm,61329.98,BRL
Ryan,Robinson,rrobinsonh3@liveinternet.ru,China,Male,Jiyang,Eayo,3182.89,CNY
Christine,Bishop,cbishoph4@tuttocitta.it,Indonesia,Female,Nangabulik,Quatz,44639.58,IDR
Christina,Thomas,cthomash5@mozilla.com,Poland,Female,Widuchowa,Feednation,55819.98,PLN
Victor,Burns,vburnsh6@amazon.com,China,Male,Lianyi,Photobean,35514.50,CNY
Andrew,Hall,ahallh7@liveinternet.ru,France,Male,Carcassonne,Fanoodle,,EUR
Karen,Lynch,klynchh8@hud.gov,Greece,Female,Rodotópi,Kwideo,77375.16,EUR
Samuel,Shaw,sshawh9@amazon.co.jp,Czech Republic,Male,Vrbovec,Devpulse,89830.43,CZK
Betty,Hayes,bhayesha@ft.com,Indonesia,Female,Kuanfeu,Rhynoodle,73045.25,IDR
Shawn,Myers,smyershb@springer.com,Ecuador,Male,Ambato,Skyvu,74427.21,USD
Lois,Cooper,lcooperhc@fc2.com,France,Female,Redon,Jaloo,94898.66,EUR
Douglas,Phillips,dphillipshd@ezinearticles.com,Chad,Male,Bitkine,Rhynyx,,XAF
Joe,Lynch,jlynchhe@cbslocal.com,Ivory Coast,Male,Adiaké,Tagopia,95674.62,XOF
Johnny,Torres,jtorreshf@epa.gov,Argentina,Male,Ancasti,Innojam,54483.31,ARS
Susan,Kelly,skellyhg@sphinn.com,China,Female,Sanming,Topicware,38157.06,CNY
Catherine,West,cwesthh@pbs.org,France,Female,Roscoff,Aivee,,EUR
Lisa,Stanley,lstanleyhi@over-blog.com,Mongolia,Female,Manhan,Vinte,31502.93,MNT
Carolyn,Carpenter,ccarpenterhj@wordpress.com,Russia,Female,Torzhok,Skajo,45945.79,RUB
Theresa,Simpson,tsimpsonhk@icq.com,Tunisia,Female,Siliana,Oyoloo,78882.41,TND
Nicholas,Miller,nmillerhl@youku.com,France,Male,Épinal,Topdrive,83663.53,EUR
Arthur,Stanley,astanleyhm@bigcartel.com,Myanmar,Male,Mawlaik,Photobug,8721.64,MMK
Melissa,Mcdonald,mmcdonaldhn@bravesites.com,United States,Female,Denver,Aibox,91388.59,USD
Aaron,Elliott,aelliottho@imdb.com,Russia,Male,Dno,Tagfeed,94980.20,RUB
Roger,Hill,rhillhp@issuu.com,Kazakhstan,Male,Merke,Quinu,42325.82,KZT
Ralph,Diaz,rdiazhq@drupal.org,Thailand,Male,Phatthalung,Fivechat,,THB
Raymond,Day,rdayhr@huffingtonpost.com,Thailand,Male,Songkhla,Zooxo,33744.89,THB
Tina,Reid,treidhs@sciencedaily.com,Norway,Female,Oslo,Yakidoo,79728.21,NOK
Albert,Castillo,acastilloht@drupal.org,Sweden,Male,Västerås,Innojam,80948.70,SEK
Alice,Thomas,athomashu@indiegogo.com,Indonesia,Female,Sekampung,Thoughtsphere,80334.83,IDR
Helen,Diaz,hdiazhv@example.com,Russia,Female,Novolugovoye,Trilia,15931.77,RUB
Nancy,Gonzales,ngonzaleshw@yahoo.com,China,Female,Chadong,Skalith,50210.12,CNY
Douglas,Murray,dmurrayhx@wikispaces.com,Russia,Male,Bobrovka,Omba,41089.68,RUB
Daniel,Willis,dwillishy@skype.com,Japan,Male,Miyoshi,Katz,56837.23,JPY
Harry,Brown,hbrownhz@wikimedia.org,China,Male,Longtian,Topicshots,23827.91,CNY
William,Dean,wdeani0@telegraph.co.uk,China,Male,Xilian,Wikido,21909.17,CNY
Sandra,Warren,swarreni1@privacy.gov.au,Vietnam,Female,Tân Châu,Leexo,7666.42,VND
Annie,Gilbert,agilberti2@hexun.com,Poland,Female,Wleń,Skippad,71228.48,PLN
Willie,Bryant,wbryanti3@acquirethisname.com,Indonesia,Male,Tekikbanyuurip,Divanoodle,64797.15,IDR
Christina,Hunt,chunti4@51.la,France,Female,Bordeaux,Eamia,53730.31,EUR
Denise,Payne,dpaynei5@networkadvertising.org,Indonesia,Female,Togu,Quatz,51559.90,IDR
Wayne,Torres,wtorresi6@cbslocal.com,United States,Male,Denver,Centizu,16847.74,USD
Anne,Gomez,agomezi7@google.cn,South Africa,Female,Vanderbijlpark,Mymm,9736.09,ZAR
Ruby,Bradley,rbradleyi8@rediff.com,Indonesia,Female,Panggung,Einti,62137.35,IDR
Sandra,Rice,sricei9@webs.com,Brazil,Female,Almirante Tamandaré,Livepath,43740.77,BRL
Steven,Austin,saustinia@technorati.com,China,Male,Chongqing,LiveZ,69232.90,CNY
Tina,Wheeler,twheelerib@symantec.com,Nigeria,Female,Okpoga,Bubblebox,83758.88,NGN
Lois,Dean,ldeanic@plala.or.jp,Thailand,Female,Phra Khanong,Eare,93206.20,THB
Willie,Robertson,wrobertsonid@ow.ly,Ukraine,Male,Ichnya,Voomm,39747.32,UAH
Margaret,Hunt,mhuntie@discuz.net,Sweden,Female,Halmstad,Twitterbridge,71729.90,SEK
Diane,Gordon,dgordonif@answers.com,China,Female,Shanyang,Rhycero,76292.32,CNY
Aaron,Ramos,aramosig@jiathis.com,Venezuela,Male,Valencia,Babbleblab,30743.68,VEF
Irene,Morgan,imorganih@chronoengine.com,Indonesia,Female,Cibalung,Linktype,78180.60,IDR
Shawn,Owens,sowensii@xing.com,Indonesia,Male,Holoriang,Trupe,54701.10,IDR
Angela,Sullivan,asullivanij@jalbum.net,Indonesia,Female,Larangan,Wikizz,,IDR
Kimberly,Butler,kbutlerik@baidu.com,China,Female,Weihe,Feedmix,58709.99,CNY
Joshua,Gonzalez,jgonzalezil@stanford.edu,Jamaica,Male,Stony Hill,Leexo,79921.19,JMD
Roger,Clark,rclarkim@phoca.cz,Indonesia,Male,Bidikotak,Flipbug,59782.11,IDR
Beverly,Clark,bclarkin@etsy.com,Russia,Female,Povedniki,Edgeify,22273.35,RUB
Joe,Palmer,jpalmerio@hibu.com,Sierra Leone,Male,Masingbi,Shuffledrive,86094.77,SLL
Janice,Gomez,jgomezip@google.de,China,Female,Litian,Edgeclub,57194.80,CNY
Debra,Armstrong,darmstrongiq@sfgate.com,China,Female,Chaoyang,Blogtags,22403.43,CNY
Arthur,Carpenter,acarpenterir@ask.com,China,Male,Shiliting,Oozz,17282.37,CNY
Kelly,Cooper,kcooperis@domainmarket.com,Brazil,Female,Venâncio Aires,Yamia,24347.96,BRL
Samuel,Mccoy,smccoyit@nsw.gov.au,Venezuela,Male,Tucaní,Eayo,9847.54,VEF
Alan,Hayes,ahayesiu@nih.gov,China,Male,Nancun,Yadel,33635.83,CNY
Virginia,Harvey,vharveyiv@themeforest.net,China,Female,Beigucheng,Pixonyx,95888.61,CNY
Dorothy,Rose,droseiw@zimbio.com,United States,Female,Asheville,Yamia,27859.92,USD
Earl,Morris,emorrisix@comcast.net,Peru,Male,Colcabamba,Youbridge,4249.97,PEN
Victor,Boyd,vboydiy@bizjournals.com,Norway,Male,Oslo,Topicblab,95712.93,NOK
Paul,Lawrence,plawrenceiz@marriott.com,Norway,Male,Oslo,Riffpath,88429.00,NOK
Donald,Simpson,dsimpsonj0@parallels.com,China,Male,Songshi,Mydeo,39102.89,CNY
Pamela,Sullivan,psullivanj1@nih.gov,Russia,Female,Kasli,Meetz,80819.90,RUB
Kelly,Torres,ktorresj2@msn.com,Japan,Female,Chatan,Meejo,25198.71,JPY
Amy,Howard,ahowardj3@time.com,Russia,Female,Novovarshavka,Oloo,82639.22,RUB
Paula,Garcia,pgarciaj4@cnbc.com,Slovenia,Female,Žalec,Rhynyx,13605.85,EUR
Judy,Freeman,jfreemanj5@deviantart.com,Sweden,Female,Eskilstuna,Youopia,27572.78,SEK
Larry,Jordan,ljordanj6@tripadvisor.com,Indonesia,Male,Pahing Pamulihan,Reallinks,21219.89,IDR
Steve,Sanchez,ssanchezj7@aboutads.info,Brazil,Male,Ponta Porã,Yakitri,,BRL
Angela,Clark,aclarkj8@epa.gov,China,Female,Dasha,Blogspan,46464.93,CNY
Amy,Sanders,asandersj9@barnesandnoble.com,China,Female,Hulu,Flipopia,10915.29,CNY
Patrick,Edwards,pedwardsja@sbwire.com,China,Male,Xiaomian,Riffwire,83959.29,CNY
Robin,Torres,rtorresjb@zimbio.com,Nepal,Female,Wāling,Browsetype,84465.86,NPR
Ronald,Alexander,ralexanderjc@vinaora.com,Philippines,Male,Valencia,Tagopia,75020.86,PHP
Anthony,Medina,amedinajd@zdnet.com,Czech Republic,Male,Žďár,Realbridge,57095.79,CZK
Jimmy,Nichols,jnicholsje@google.es,Malaysia,Male,Petaling Jaya,Dynava,43584.54,MYR
Frances,Adams,fadamsjf@opera.com,Indonesia,Female,Cisarap,Minyx,84925.96,IDR
Julia,Montgomery,jmontgomeryjg@geocities.jp,Cameroon,Female,Foumbot,Linkbuzz,74646.95,XAF
Adam,Franklin,afranklinjh@hud.gov,Argentina,Male,Puerto Eldorado,Yata,83351.63,ARS
Martha,Reed,mreedji@blogs.com,Indonesia,Female,Kalangbret,Trudoo,,IDR
Andrew,Boyd,aboydjj@behance.net,Afghanistan,Male,Dū Qal‘ah,Realpoint,53856.42,AFN
Margaret,Ward,mwardjk@exblog.jp,Philippines,Female,Esperanza,Eidel,79196.18,PHP
Arthur,Perry,aperryjl@example.com,Guatemala,Male,La Unión,Linkbuzz,20373.20,GTQ
Cynthia,Roberts,crobertsjm@usa.gov,Honduras,Female,Petoa,Gigaclub,47629.20,HNL
Martha,Torres,mtorresjn@ning.com,Indonesia,Female,Baun,Yambee,20897.05,IDR
Theresa,Peterson,tpetersonjo@vinaora.com,Argentina,Female,Concordia,Wikivu,18745.92,ARS
Carl,Frazier,cfrazierjp@ftc.gov,Ecuador,Male,Cayambe,Oyoyo,45716.10,USD
Helen,Reyes,hreyesjq@friendfeed.com,Indonesia,Female,Salem,Eire,63275.28,IDR
Karen,James,kjamesjr@xrea.com,New Zealand,Female,Palmerston North,Devbug,7451.53,NZD
Bonnie,Fox,bfoxjs@washingtonpost.com,Serbia,Female,Inđija,Leenti,39729.08,RSD
Marilyn,Gutierrez,mgutierrezjt@whitehouse.gov,Indonesia,Female,Lokorae,Tagfeed,66993.33,IDR
Justin,Patterson,jpattersonju@webmd.com,Vietnam,Male,Quy Đạt,Agimba,19697.41,VND
Roger,Pierce,rpiercejv@newsvine.com,Colombia,Male,Caucasia,Mymm,,COP
Kenneth,Anderson,kandersonjw@last.fm,Indonesia,Male,Gunungsari,Flashdog,75234.07,IDR
Frances,Welch,fwelchjx@amazon.de,Denmark,Female,København,Babbleblab,57095.64,DKK
Beverly,Mills,bmillsjy@cdc.gov,Portugal,Female,Cruzeiro,Topicshots,63776.68,EUR
Thomas,Austin,taustinjz@redcross.org,China,Male,Luzhou,Zoonoodle,85526.55,CNY
Irene,Hansen,ihansenk0@si.edu,China,Female,Fengcheng,Jabbersphere,66961.84,CNY
Steven,Spencer,sspencerk1@trellian.com,Argentina,Male,San Fernando del Valle de Catamarca,Realblab,72389.52,ARS
Albert,Little,alittlek2@netlog.com,Serbia,Male,Bor,Podcat,7161.13,RSD
Brian,Black,bblackk3@clickbank.net,Guinea,Male,Siguiri,Jazzy,65214.07,GNF
Kathryn,Hernandez,khernandezk4@shutterfly.com,Kazakhstan,Female,Shashūbay,Oyondu,9578.59,KZT
Pamela,Rogers,progersk5@springer.com,Philippines,Female,Teresa,Ooba,72231.52,PHP
Betty,Lynch,blynchk6@wikia.com,Cameroon,Female,Bamenda,Thoughtmix,83848.19,XAF
Angela,Hunt,ahuntk7@illinois.edu,Poland,Female,Łużna,Eare,89090.48,PLN
Debra,Grant,dgrantk8@histats.com,Philippines,Female,Canauay,Devcast,73804.57,PHP
Paula,Burke,pburkek9@devhub.com,Jamaica,Female,Richmond,Brainverse,48008.58,JMD
Harold,Carter,hcarterka@google.com.br,China,Male,Gaotaizi,Voonix,25697.38,CNY
Matthew,Butler,mbutlerkb@indiegogo.com,Guatemala,Male,Palencia,Meejo,95020.60,GTQ
Irene,Lawrence,ilawrencekc@nature.com,France,Female,Paris 13,DabZ,99097.55,EUR
Phillip,Clark,pclarkkd@state.tx.us,Portugal,Male,Ferreira,Jetwire,44619.85,EUR
Barbara,Foster,bfosterke@zimbio.com,Philippines,Female,Ambulong,Jabbersphere,49214.93,PHP
Kathryn,Robinson,krobinsonkf@csmonitor.com,Russia,Female,Admiralteisky,Realfire,61660.93,RUB
Alan,Cruz,acruzkg@indiegogo.com,Poland,Male,Besko,Geba,34897.89,PLN
Clarence,Moreno,cmorenokh@mit.edu,Portugal,Male,Veiros,Rhynyx,14128.93,EUR
Anne,Barnes,abarneski@newyorker.com,Zambia,Female,Choma,Youtags,40884.96,ZMW
Steve,Burke,sburkekj@homestead.com,Portugal,Male,Légua,Fatz,28121.66,EUR
Dennis,Burton,dburtonkk@free.fr,Estonia,Male,Paldiski,Skiba,14640.82,EUR
Carolyn,Lawson,clawsonkl@discuz.net,France,Female,Le Havre,Innotype,35906.22,EUR
Jeffrey,Wilson,jwilsonkm@cargocollective.com,Portugal,Male,Ínfias,Twitternation,64237.53,EUR
Catherine,Richardson,crichardsonkn@reference.com,Brazil,Female,Ouricuri,Jabbersphere,62688.69,BRL
Ann,Davis,adavisko@washingtonpost.com,China,Female,Zoumaping,Brainsphere,32368.42,CNY
Matthew,Mendoza,mmendozakp@elegantthemes.com,Sudan,Male,Wagar,Photofeed,67029.38,SDG
Cheryl,Gordon,cgordonkq@google.com,China,Female,Nailung,Rooxo,86647.90,CNY
Phillip,Harris,pharriskr@ovh.net,Nigeria,Male,Minna,Skyndu,66613.01,NGN
Sharon,Graham,sgrahamks@ask.com,China,Female,Anshan,Jabbercube,82919.61,CNY
Richard,Little,rlittlekt@tumblr.com,Poland,Male,Boguchwała,Flashset,33820.60,PLN
Douglas,Ferguson,dfergusonku@netscape.com,Indonesia,Male,Kondangrege,Divanoodle,67921.77,IDR
Antonio,Baker,abakerkv@amazonaws.com,Netherlands,Male,Almere Haven,Yakitri,83742.68,EUR
Janice,Roberts,jrobertskw@seattletimes.com,China,Female,Fulu,Meemm,,CNY
Ronald,White,rwhitekx@goodreads.com,Philippines,Male,Banag,Yodoo,22691.99,PHP
Fred,Sanchez,fsanchezky@de.vu,Indonesia,Male,Krajan Siki,Skibox,,IDR
Charles,Simmons,csimmonskz@weather.com,Indonesia,Male,Taramana,Browsetype,,IDR
Eugene,Knight,eknightl0@toplist.cz,Honduras,Male,Reitoca,Edgewire,38769.99,HNL
Angela,Myers,amyersl1@diigo.com,Hungary,Female,Pécs,Pixope,88781.61,HUF
Frances,Griffin,fgriffinl2@spiegel.de,France,Female,Tours,Skidoo,23792.88,EUR
Judy,Rivera,jriveral3@cafepress.com,France,Female,Lille,Topicware,44214.17,EUR
Tammy,Porter,tporterl4@tuttocitta.it,Portugal,Female,Mosteiro,Gabtype,11898.85,EUR
Walter,Barnes,wbarnesl5@sitemeter.com,China,Male,Anling,Divavu,82667.01,CNY
Aaron,Carter,acarterl6@sbwire.com,China,Male,Xunzhong,Roomm,4646.07,CNY
Larry,Murray,lmurrayl7@icq.com,Indonesia,Male,Oeri’u,Aibox,24585.93,IDR
Arthur,Evans,aevansl8@mac.com,Bosnia and Herzegovina,Male,Rudo,Devshare,65113.41,BAM
Harry,Mcdonald,hmcdonaldl9@addthis.com,France,Male,Bourgoin-Jallieu,Livetube,,EUR
Howard,Rivera,hriverala@rambler.ru,Moldova,Male,Comrat,Photofeed,74119.47,MDL
Joshua,Rodriguez,jrodriguezlb@hp.com,China,Male,Ruchihe,Realcube,,CNY
Harold,Ramos,hramoslc@techcrunch.com,Russia,Male,Samagaltay,Fadeo,27637.06,RUB
Christine,Green,cgreenld@cdbaby.com,Iran,Female,Māmūnīyeh,Roombo,37652.40,IRR
John,Castillo,jcastillole@omniture.com,Belarus,Male,Palykavichy Pyershyya,Linktype,66319.57,BYR
Ruth,Henderson,rhendersonlf@mit.edu,France,Female,Saint-Priest-en-Jarez,Skyvu,97222.04,EUR
Joseph,Foster,jfosterlg@wufoo.com,China,Male,Beisijiazi,Quinu,82656.41,CNY
Jessica,Sanders,jsanderslh@squarespace.com,Indonesia,Female,Singgit,Meetz,68963.34,IDR
John,Long,jlongli@google.nl,Portugal,Male,Gala,Skynoodle,78406.16,EUR
Donald,Rose,droselj@wp.com,Russia,Male,Rostokino,Linkbridge,23939.87,RUB
Aaron,Hamilton,ahamiltonlk@wix.com,Philippines,Male,Baracatan,Oyoloo,9343.65,PHP
Kelly,Bryant,kbryantll@delicious.com,Russia,Female,Saraktash,Oodoo,57993.39,RUB
Gary,Watson,gwatsonlm@hhs.gov,Portugal,Male,Ereira,Photospace,81599.53,EUR
Raymond,Cole,rcoleln@acquirethisname.com,Portugal,Male,Torre,Kaymbo,7568.40,EUR
Johnny,Kelly,jkellylo@jiathis.com,Sweden,Male,Örebro,Kwilith,850.16,SEK
Charles,Graham,cgrahamlp@redcross.org,Honduras,Male,Teupasenti,Yakitri,46496.63,HNL
Diane,Harris,dharrislq@surveymonkey.com,Thailand,Female,Ko Pha Ngan,Pixoboo,50906.83,THB
Shirley,Jacobs,sjacobslr@amazon.co.uk,Mexico,Female,El Calvario,Teklist,39805.40,MXN
Betty,Myers,bmyersls@weebly.com,Indonesia,Female,Margasari,Muxo,86135.48,IDR
Virginia,Thomas,vthomaslt@cnet.com,Russia,Female,Bolgar,Jabbersphere,39219.59,RUB
Christina,Dunn,cdunnlu@yandex.ru,China,Female,Daliyuan,Eamia,39986.36,CNY
Carolyn,Sullivan,csullivanlv@blogs.com,Russia,Female,Novoanninskiy,Youopia,46143.11,RUB
Timothy,Fernandez,tfernandezlw@wikimedia.org,Russia,Male,Bronnitsy,Pixonyx,46540.18,RUB
George,George,ggeorgelx@bing.com,Malta,Male,Imġarr,Bubblemix,4911.28,EUR
Michelle,Lopez,mlopezly@youtube.com,Ukraine,Female,Nedryhayliv,Skyndu,24960.79,UAH
Juan,Freeman,jfreemanlz@google.nl,China,Male,Zhonghe,Centimia,36764.28,CNY
Teresa,White,twhitem0@wiley.com,Russia,Female,Karpinsk,Lajo,66864.67,RUB
Bonnie,Spencer,bspencerm1@feedburner.com,Philippines,Female,Balungao,Feedfire,57773.81,PHP
Michael,Henderson,mhendersonm2@ibm.com,Russia,Male,Komendantsky aerodrom,Shufflester,12736.38,RUB
Terry,Mills,tmillsm3@loc.gov,Indonesia,Male,Bombu,Flashspan,32999.18,IDR
Patrick,Lopez,plopezm4@domainmarket.com,Indonesia,Male,Datarnangka,Yombu,4736.74,IDR
Tammy,Miller,tmillerm5@accuweather.com,Japan,Female,Tahara,Gabcube,23902.29,JPY
Scott,Fuller,sfullerm6@angelfire.com,Peru,Male,Accha,Buzzster,97902.01,PEN
Amanda,Rose,arosem7@infoseek.co.jp,France,Female,Tournon-sur-Rhône,Gigashots,64144.63,EUR
Carl,Robertson,crobertsonm8@toplist.cz,Costa Rica,Male,San Rafael,Dabshots,,CRC
Louis,Larson,llarsonm9@bandcamp.com,France,Male,Croix,Muxo,52170.47,EUR
Larry,Sanders,lsandersma@nba.com,Malaysia,Male,Kangar,Zoomdog,,MYR
Ryan,Sullivan,rsullivanmb@epa.gov,Philippines,Male,Pangao,Skyvu,80591.80,PHP
Fred,Green,fgreenmc@toplist.cz,Bolivia,Male,Riberalta,Oba,19163.02,BOB
Debra,Spencer,dspencermd@cbsnews.com,Portugal,Female,Tortosendo,Jaxnation,74686.48,EUR
Aaron,Greene,agreeneme@1688.com,Philippines,Male,Leon Postigo,Flashdog,91705.16,PHP
Jessica,Phillips,jphillipsmf@buzzfeed.com,Philippines,Female,Malayal,Mydeo,20347.79,PHP
Aaron,Fernandez,afernandezmg@imgur.com,Canada,Male,Roberval,Photojam,79172.11,CAD
Christine,Evans,cevansmh@ask.com,Poland,Female,Klonowa,Eimbee,21446.16,PLN
Paul,Kelley,pkelleymi@senate.gov,Indonesia,Male,Tonjongsari,Trilith,33098.41,IDR
Tina,Jacobs,tjacobsmj@springer.com,France,Female,Le Cannet,Quinu,96900.72,EUR
Craig,Hill,chillmk@craigslist.org,Philippines,Male,Jagupit,Ntag,44385.71,PHP
Christine,Anderson,candersonml@free.fr,Nicaragua,Female,León,Lazzy,11045.13,NIO
Scott,James,sjamesmm@ftc.gov,Nicaragua,Male,San Ramón,Kwimbee,,NIO
Randy,Porter,rportermn@printfriendly.com,Indonesia,Male,Higetegera,Yata,14113.38,IDR
Frances,Hansen,fhansenmo@ucla.edu,Sweden,Female,Göteborg,Shufflebeat,,SEK
Cheryl,Bennett,cbennettmp@1und1.de,Dominican Republic,Female,Cachón,Einti,69572.31,DOP
Jonathan,Snyder,jsnydermq@dailymotion.com,China,Male,Fengshuling,Shuffledrive,12835.20,CNY
Martin,Bishop,mbishopmr@reference.com,China,Male,Zhulin,Tazzy,,CNY
Doris,Harrison,dharrisonms@ehow.com,Indonesia,Female,Ciodeng,Babbleset,34188.23,IDR
Laura,Gilbert,lgilbertmt@wufoo.com,Mexico,Female,El Mirador,Voonte,47200.97,MXN
Frank,Griffin,fgriffinmu@washington.edu,Indonesia,Male,Muaraenim,Quinu,63414.60,IDR
Rachel,Freeman,rfreemanmv@networksolutions.com,Portugal,Female,Erada,Edgepulse,60874.12,EUR
Jason,Burton,jburtonmw@digg.com,United States,Male,San Antonio,Fatz,72520.68,USD
Keith,Lee,kleemx@creativecommons.org,Japan,Male,Izumi,Vidoo,21381.31,JPY
Russell,Price,rpricemy@google.es,Egypt,Male,Al Ibrāhīmīyah,Tagchat,52078.02,EGP
Daniel,Elliott,delliottmz@scribd.com,Philippines,Male,Balibago,Brainlounge,53753.62,PHP
Peter,Romero,promeron0@examiner.com,Sierra Leone,Male,Freetown,Meejo,,SLL
Harry,Mcdonald,hmcdonaldn1@sciencedaily.com,Russia,Male,Spokoynaya,Realbridge,75872.67,RUB
Andrea,King,akingn2@phoca.cz,United States,Female,Detroit,Shufflester,89869.99,USD
Sarah,Stanley,sstanleyn3@arstechnica.com,Poland,Female,Paradyż,Gigashots,3875.89,PLN
Irene,Mendoza,imendozan4@multiply.com,Brazil,Female,Tietê,Aibox,,BRL
Theresa,Adams,tadamsn5@freewebs.com,Palestinian Territory,Female,Kufayrit,Innotype,,ILS
Doris,Diaz,ddiazn6@mac.com,Indonesia,Female,Paobulan,Eayo,50012.00,IDR
Bobby,Hamilton,bhamiltonn7@spiegel.de,Russia,Male,Nachalovo,Wikizz,81460.76,RUB
Dorothy,Frazier,dfraziern8@army.mil,Peru,Female,Pilcomay,Skinte,13577.31,PEN
Julie,Duncan,jduncann9@stumbleupon.com,Russia,Female,Yelan’,Bluejam,47832.54,RUB
Sean,Alvarez,salvarezna@discovery.com,South Africa,Male,Bethal,Yadel,70964.14,ZAR
Jason,Washington,jwashingtonnb@google.pl,Dominican Republic,Male,Cevicos,Skyba,26100.66,DOP
Sarah,Gomez,sgomeznc@squarespace.com,Panama,Female,Cartí Suitupo,Talane,7786.81,PAB
Lois,Ramirez,lramireznd@dell.com,Japan,Female,Tsurusaki,Feednation,95953.31,JPY
Martin,Kelly,mkellyne@furl.net,China,Male,Luodian,Fliptune,22659.93,CNY
Clarence,Boyd,cboydnf@tamu.edu,Bosnia and Herzegovina,Male,Janja,Thoughtbeat,49376.59,BAM
Sean,Cunningham,scunninghamng@msn.com,China,Male,Longgao,Dynazzy,88226.63,CNY
Patricia,Gibson,pgibsonnh@discuz.net,Poland,Female,Jastrowie,Izio,12764.34,PLN
Paula,Oliver,poliverni@usda.gov,Panama,Female,David,Jabberstorm,83923.22,PAB
Heather,Daniels,hdanielsnj@ox.ac.uk,Indonesia,Female,Krajan,Rhyloo,36589.92,IDR
Joan,Andrews,jandrewsnk@sogou.com,Germany,Female,Frankfurt am Main,Edgeclub,5515.74,EUR
Joan,Thomas,jthomasnl@ucoz.ru,Philippines,Female,Dukay,Devshare,60984.05,PHP
Patrick,Wheeler,pwheelernm@washington.edu,Philippines,Male,Tagakpan,Skiptube,48155.22,PHP
Ryan,Edwards,redwardsnn@tuttocitta.it,Mongolia,Male,Bulag,Tagfeed,3894.99,MNT
Jesse,Riley,jrileyno@techcrunch.com,Finland,Male,Puolanka,Devpulse,32025.37,EUR
Shawn,Cook,scooknp@devhub.com,China,Male,Nangong,Jabberstorm,83792.58,CNY
Douglas,Stanley,dstanleynq@sfgate.com,Ukraine,Male,Voyinka,Pixonyx,86746.19,UAH
Kelly,Wallace,kwallacenr@twitpic.com,Indonesia,Female,Nunbaundelha,Flashspan,72784.38,IDR
David,Morales,dmoralesns@uol.com.br,Indonesia,Male,Trogan Barat,Babblestorm,13897.43,IDR
Johnny,Carroll,jcarrollnt@psu.edu,China,Male,Qinhe,Plajo,66161.96,CNY
Jack,James,jjamesnu@jugem.jp,Pakistan,Male,Kambar,Miboo,8993.99,PKR
Clarence,Elliott,celliottnv@walmart.com,Bolivia,Male,Yumani,Innotype,31986.15,BOB
Patricia,Montgomery,pmontgomerynw@addtoany.com,Czech Republic,Female,Holýšov,Jamia,32960.98,CZK
Adam,Oliver,aolivernx@fda.gov,Czech Republic,Male,Dolní Černilov,Jetwire,12756.82,CZK
Frances,Dunn,fdunnny@amazonaws.com,China,Female,Xinxu,Mydo,91852.80,CNY
Karen,Ramirez,kramireznz@bloglovin.com,Cyprus,Female,Erími,Fanoodle,,EUR
Ernest,Reed,ereedo0@yandex.ru,Israel,Male,Jerusalem,Skibox,6549.53,ILS
Linda,Thomas,lthomaso1@rakuten.co.jp,Yemen,Female,Markaz Bilād aţ Ţa‘ām,Youspan,53239.77,YER
Philip,Willis,pwilliso2@amazon.co.jp,Micronesia,Male,Eauripik,Realbuzz,17471.36,USD
Mary,Hanson,mhansono3@va.gov,Russia,Female,Penza,Flashdog,,RUB
Howard,Allen,halleno4@japanpost.jp,Vietnam,Male,Cần Giờ,Miboo,7843.41,VND
Michelle,Chapman,mchapmano5@bizjournals.com,Ukraine,Female,Horodnya,Browsedrive,41507.73,UAH
Andrea,Lopez,alopezo6@paypal.com,China,Female,Gensi,Nlounge,31257.99,CNY
Ralph,Wagner,rwagnero7@hubpages.com,Morocco,Male,Tata,Photolist,69669.82,MAD
Cynthia,Collins,ccollinso8@accuweather.com,Libya,Female,Sirte,Demizz,63998.49,LYD
Samuel,Ray,srayo9@wikimedia.org,Sweden,Male,Danderyd,Flipstorm,33625.02,SEK
Larry,Elliott,lelliottoa@umich.edu,Uganda,Male,Sironko,Zoomlounge,,UGX
Christopher,Schmidt,cschmidtob@psu.edu,Croatia,Male,Virje,Thoughtbridge,75709.41,HRK
Kevin,Burton,kburtonoc@blogger.com,Moldova,Male,Bender,Janyx,15158.23,MDL
Frank,Howell,fhowellod@oakley.com,Tunisia,Male,Al Maşdūr,Ailane,76900.30,TND
Eric,Johnson,ejohnsonoe@cloudflare.com,Bulgaria,Male,Ruse,Cogidoo,56295.88,BGN
Carolyn,Griffin,cgriffinof@moonfruit.com,Indonesia,Female,Palecenan,Mita,6995.36,IDR
Louis,Carter,lcarterog@uol.com.br,Peru,Male,Ñuñoa,Wikido,,PEN
Joan,Porter,jporteroh@xinhuanet.com,Russia,Female,Temryuk,Eire,,RUB
Chris,Martinez,cmartinezoi@unc.edu,South Korea,Male,Cheonan,Vidoo,99709.36,KRW
Angela,Lopez,alopezoj@forbes.com,United States,Female,Cincinnati,Skimia,,USD
Albert,Davis,adavisok@webmd.com,Tajikistan,Male,Norak,Zoonder,54503.10,TJS
Pamela,Sullivan,psullivanol@newsvine.com,Russia,Female,Neftekamsk,Gigaclub,24266.87,RUB
Bobby,Perez,bperezom@weather.com,China,Male,Tongqiao,Jazzy,56798.85,CNY
Kimberly,Gibson,kgibsonon@wunderground.com,Russia,Female,Minusinsk,Lazzy,35649.70,RUB
Edward,Warren,ewarrenoo@noaa.gov,United Arab Emirates,Male,Umm al Qaywayn,Twitternation,16079.76,AED
Eric,Alexander,ealexanderop@domainmarket.com,Brazil,Male,Bertioga,Oyondu,10099.17,BRL
Ernest,Dixon,edixonoq@nifty.com,Croatia,Male,Grabovci,Meeveo,22078.19,HRK
Judy,Diaz,jdiazor@craigslist.org,Russia,Female,Novospasskoye,Agimba,10839.03,RUB
Russell,Warren,rwarrenos@fc2.com,Egypt,Male,Mersa Matruh,Wikizz,77224.53,EGP
Joan,Romero,jromeroot@sciencedaily.com,China,Female,Maoyang,Eidel,90686.17,CNY
Scott,Perkins,sperkinsou@youtu.be,Iran,Male,Dasht-e Lati,Mydeo,55854.01,IRR
Kelly,Porter,kporterov@shinystat.com,Ukraine,Female,Krasnotorka,Topiczoom,98599.49,UAH
Jean,Henderson,jhendersonow@123-reg.co.uk,Brazil,Female,Panambi,Photobean,78989.04,BRL
Russell,Collins,rcollinsox@symantec.com,China,Male,Xinjian,Mydeo,68716.75,CNY
Joyce,Robertson,jrobertsonoy@cafepress.com,Azerbaijan,Female,Khyzy,Skiba,59690.33,AZN
Stephanie,Romero,sromerooz@meetup.com,China,Female,Takeshiken,Trupe,9239.72,CNY
Lawrence,Romero,lromerop0@ucla.edu,Turkmenistan,Male,Büzmeýin,Edgeblab,38703.25,TMT
Ryan,Stevens,rstevensp1@prnewswire.com,United States,Male,Inglewood,Topiczoom,61398.72,USD
Cynthia,White,cwhitep2@hugedomains.com,Philippines,Female,Binubusan,Dabjam,86746.51,PHP
Ryan,Tucker,rtuckerp3@odnoklassniki.ru,Indonesia,Male,Lolak,Buzzshare,86108.64,IDR
Sandra,Montgomery,smontgomeryp4@blinklist.com,Russia,Female,Nizhnyaya Tura,Lajo,12086.79,RUB
Albert,Peterson,apetersonp5@ow.ly,Indonesia,Male,Padangpanjang,Shuffledrive,97046.58,IDR
Juan,Vasquez,jvasquezp6@canalblog.com,Russia,Male,Alapayevsk,Camimbo,46320.67,RUB
Rose,Owens,rowensp7@whitehouse.gov,Argentina,Female,Bella Vista,Dazzlesphere,33945.46,ARS
Bruce,Gomez,bgomezp8@disqus.com,China,Male,Haolibao,Livefish,71465.08,CNY
Joshua,Griffin,jgriffinp9@simplemachines.org,Vietnam,Male,Đắk Mâm,Gigazoom,44648.10,VND
Betty,Bryant,bbryantpa@pcworld.com,Indonesia,Female,Krajan,Teklist,5311.64,IDR
Christine,Green,cgreenpb@linkedin.com,Poland,Female,Racławice,Edgeify,8112.72,PLN
Harry,Green,hgreenpc@issuu.com,France,Male,Rennes,Pixoboo,83962.70,EUR
Jerry,Rice,jricepd@ebay.com,France,Male,Strasbourg,JumpXS,75626.25,EUR
Catherine,Richardson,crichardsonpe@cbc.ca,China,Female,Yangdu,Riffpath,41481.46,CNY
Jimmy,Morgan,jmorganpf@freewebs.com,China,Male,Ya’erya,Twitternation,,CNY
Russell,Long,rlongpg@trellian.com,China,Male,Huili Chengguanzhen,Blogspan,45128.28,CNY
Irene,Chapman,ichapmanph@hubpages.com,Costa Rica,Female,Cartago,Voolith,43612.27,CRC
Janet,Davis,jdavispi@tripadvisor.com,Thailand,Female,Samut Songkhram,Skyble,50776.68,THB
Lisa,Gilbert,lgilbertpj@ucla.edu,China,Female,Tiebiancheng,Yombu,23153.32,CNY
Aaron,Vasquez,avasquezpk@goo.gl,Sweden,Male,Nacka,Skyble,50107.00,SEK
Judy,Phillips,jphillipspl@npr.org,Indonesia,Female,Banjarbaru,Jabbertype,35900.68,IDR
Brenda,Palmer,bpalmerpm@instagram.com,Czech Republic,Female,Solnice,Reallinks,37022.87,CZK
Harry,Webb,hwebbpn@uiuc.edu,Czech Republic,Male,Ústí nad Orlicí,Tazzy,15843.81,CZK
James,Robertson,jrobertsonpo@nymag.com,Russia,Male,Kastornoye,Shuffledrive,52104.44,RUB
Louise,Hunter,lhunterpp@un.org,Russia,Female,Lesnoye,Voomm,,RUB
Julia,Ray,jraypq@skype.com,Japan,Female,Toyooka,Skivee,30131.86,JPY
Julia,Simmons,jsimmonspr@uiuc.edu,Indonesia,Female,Beoga,Aivee,35736.81,IDR
Susan,Watson,swatsonps@meetup.com,China,Female,Gangu Chengguanzhen,Meemm,92019.19,CNY
Ruth,Lopez,rlopezpt@wired.com,China,Female,Futian,Edgepulse,36019.20,CNY
Mildred,Matthews,mmatthewspu@acquirethisname.com,Indonesia,Female,Sumurwaru,Livepath,11409.51,IDR
Sharon,Mcdonald,smcdonaldpv@timesonline.co.uk,Egypt,Female,Kafr az Zayyāt,Buzzbean,,EGP
John,Wagner,jwagnerpw@networksolutions.com,China,Male,Zhetian,Meezzy,64001.90,CNY
Barbara,Hamilton,bhamiltonpx@nhs.uk,Croatia,Female,Krasica,Jabbertype,77800.35,HRK
Denise,Pierce,dpiercepy@wikipedia.org,Indonesia,Female,Sruki,Skiptube,63593.37,IDR
Susan,Roberts,srobertspz@latimes.com,Thailand,Female,Fao Rai,Miboo,53096.63,THB
Beverly,Jones,bjonesq0@unc.edu,Guyana,Female,Mahaica Village,Plajo,25626.70,GYD
Amanda,Meyer,ameyerq1@pbs.org,China,Female,Anfu,Ainyx,5984.88,CNY
Sean,Willis,swillisq2@jiathis.com,Philippines,Male,Cotmon,Kare,14595.95,PHP
Andrew,Webb,awebbq3@tinyurl.com,Argentina,Male,Lincoln,Oyondu,72729.83,ARS
Kathryn,Boyd,kboydq4@nytimes.com,Croatia,Female,Belica,Gabtune,6196.65,HRK
Dennis,Greene,dgreeneq5@si.edu,Sweden,Male,Arvika,Zoonoodle,,SEK
Wanda,Taylor,wtaylorq6@tmall.com,Croatia,Female,Jastrebarsko,Gabspot,60666.41,HRK
Terry,Ray,trayq7@google.co.uk,China,Male,Lutun,Zoovu,73033.63,CNY
Carl,Crawford,ccrawfordq8@tiny.cc,China,Male,Xixiang,Babbleset,62793.42,CNY
Paula,Gonzales,pgonzalesq9@scribd.com,Ukraine,Female,Rozsypne,Fanoodle,12806.82,UAH
Victor,Nelson,vnelsonqa@ed.gov,Kosovo,Male,Klina,Skipstorm,68140.43,EUR
Denise,Watson,dwatsonqb@aboutads.info,Bosnia and Herzegovina,Female,Kovači,Jaxbean,70742.76,BAM
Arthur,Palmer,apalmerqc@hp.com,Nigeria,Male,Mberubu,Wordify,69154.28,NGN
Ashley,West,awestqd@e-recht24.de,Indonesia,Female,Nyalindung,Gigashots,98039.56,IDR
Adam,Anderson,aandersonqe@wix.com,Brazil,Male,Itapaci,Gabcube,66341.99,BRL
Diane,Washington,dwashingtonqf@google.cn,China,Female,Yushan,Twinder,14325.67,CNY
Shirley,Lopez,slopezqg@amazonaws.com,China,Female,Heishui,Photolist,36121.67,CNY
Kathryn,Hill,khillqh@yale.edu,Honduras,Female,La Sarrosa,Zoomcast,7656.13,HNL
Joshua,Rodriguez,jrodriguezqi@scientificamerican.com,Tajikistan,Male,Khŭjand,Trilia,71828.36,TJS
Rose,Black,rblackqj@businessweek.com,Indonesia,Female,Cibojong,Mymm,41920.43,IDR
Robert,Miller,rmillerqk@indiatimes.com,China,Male,Shuigou,Skilith,95717.34,CNY
Nicholas,Carpenter,ncarpenterql@cmu.edu,Greece,Male,Néos Skopós,Zoomzone,,EUR
Anthony,Morales,amoralesqm@wikimedia.org,France,Male,Mantes-la-Jolie,Skyvu,99696.21,EUR
Brandon,Porter,bporterqn@bigcartel.com,Greece,Male,Próchoma,Dynabox,35035.41,EUR
Douglas,Diaz,ddiazqo@smh.com.au,Brazil,Male,Betim,Lazzy,17739.36,BRL
Carlos,Andrews,candrewsqp@livejournal.com,Israel,Male,Beit Horon,Yotz,,ILS
Jeffrey,King,jkingqq@topsy.com,Finland,Male,Teuva,Wordtune,46177.43,EUR
Sarah,Bailey,sbaileyqr@wordpress.org,China,Female,Beitai,Dynabox,58844.63,CNY
Brian,Armstrong,barmstrongqs@mysql.com,Japan,Male,Mukō,Youspan,84830.58,JPY
James,Parker,jparkerqt@virginia.edu,China,Male,Shanghang,Linkbridge,,CNY
Donald,Chavez,dchavezqu@jiathis.com,Philippines,Male,Gabi,Chatterpoint,72738.50,PHP
Larry,Moore,lmooreqv@rediff.com,Indonesia,Male,Rancapanjang,Buzzdog,,IDR
Judith,Lawson,jlawsonqw@samsung.com,Russia,Female,Suponevo,Einti,63700.14,RUB
Catherine,Romero,cromeroqx@thetimes.co.uk,Indonesia,Female,Cibodas,Browsezoom,39493.86,IDR
Eugene,Watkins,ewatkinsqy@nationalgeographic.com,China,Male,Xinyu,Zoozzy,16753.71,CNY
Carl,Lynch,clynchqz@forbes.com,Brazil,Male,Jaguarão,Pixope,70579.30,BRL
Brandon,Mills,bmillsr0@springer.com,Haiti,Male,Chantal,Feedmix,12760.72,HTG
Gerald,Kennedy,gkennedyr1@npr.org,Guatemala,Male,Comalapa,Quatz,461.10,GTQ
Jason,Chapman,jchapmanr2@de.vu,South Korea,Male,Kosong,Kayveo,,KRW
Samuel,Scott,sscottr3@disqus.com,Indonesia,Male,Seteluk Tengah,Gabtune,4765.91,IDR
Jose,Baker,jbakerr4@hao123.com,Thailand,Male,Na Muen,Meejo,,THB
Brian,Green,bgreenr5@salon.com,China,Male,Jiangkou,Eimbee,21800.87,CNY
Betty,Henderson,bhendersonr6@clickbank.net,China,Female,Hongguang,Podcat,70309.73,CNY
Jack,Holmes,jholmesr7@economist.com,Morocco,Male,Fkih Ben Salah,Blogtag,37861.69,MAD
Carlos,Hayes,chayesr8@acquirethisname.com,Bolivia,Male,Tupiza,Oloo,40616.95,BOB
Janet,Armstrong,jarmstrongr9@ifeng.com,China,Female,Shizikeng,Livepath,7666.59,CNY
Albert,Reid,areidra@vkontakte.ru,Brazil,Male,Ibiá,Skiptube,39258.27,BRL
Bonnie,Anderson,bandersonrb@hubpages.com,China,Female,Dongdu,Kimia,45565.30,CNY
Jeffrey,Hughes,jhughesrc@macromedia.com,Mexico,Male,Nueva Esperanza,Yata,64136.92,MXN
Kelly,Nelson,knelsonrd@hatena.ne.jp,Greece,Female,Methóni,Reallinks,30322.99,EUR
Patricia,Long,plongre@is.gd,Russia,Female,Irkliyevskaya,Cogilith,,RUB
Beverly,Stevens,bstevensrf@theguardian.com,Portugal,Female,Quinta da Courela,Centimia,98254.36,EUR
Anna,Stewart,astewartrg@si.edu,Indonesia,Female,Pajung,Kayveo,9994.82,IDR
Jonathan,Roberts,jrobertsrh@example.com,Croatia,Male,Punat,Thoughtbridge,1314.93,HRK
Frank,Reed,freedri@wikipedia.org,Ireland,Male,Monaghan,Buzzster,12223.05,EUR
Christine,Burke,cburkerj@bbb.org,Russia,Female,Sinegor'ye,Skyble,88659.67,RUB
Elizabeth,Bishop,ebishoprk@shop-pro.jp,Philippines,Female,Bungabon,Youspan,36354.83,PHP
Jack,Fernandez,jfernandezrl@vkontakte.ru,Indonesia,Male,Jurangjero,Muxo,58502.70,IDR
Alice,Gonzales,agonzalesrm@printfriendly.com,France,Female,Limeil-Brévannes,Photolist,78059.12,EUR
Jane,Baker,jbakerrn@bandcamp.com,Israel,Female,Ramat HaSharon,Oyonder,,ILS
Ryan,Armstrong,rarmstrongro@xinhuanet.com,Germany,Male,Dortmund,Thoughtbeat,93166.38,EUR
Marie,Stanley,mstanleyrp@t.co,Canada,Female,North Cowichan,Edgewire,,CAD
Judith,Watson,jwatsonrq@cpanel.net,United Kingdom,Female,Liverpool,Zava,91891.44,GBP
Judith,Morris,jmorrisrr@upenn.edu,Poland,Female,Kiełczów,Dabtype,44720.07,PLN
