Doris,Mason,dmason0@angelfire.com,China,Female,Qionghu,Voolith,61450.18,CNY
Samuel,Dunn,sdunn1@flavors.me,Poland,Male,Knurów,Browsetype,30914.94,PLN
Joe,Bryant,jbryant2@unesco.org,Finland,Male,Taipalsaari,Minyx,11391.44,EUR
Donna,Myers,dmyers3@sohu.com,Portugal,Female,Ribeiro,Meeveo,91540.89,EUR
Denise,Bryant,dbryant4@wufoo.com,Japan,Female,Tomobe,Fivebridge,18796.80,JPY
Ronald,Edwards,redwards5@intel.com,Ireland,Male,Monaghan,Mynte,74979.79,EUR
Gloria,Matthews,gmatthews6@sitemeter.com,Poland,Female,Miejsce Piastowe,Avaveo,54463.24,PLN
Eugene,Olson,eolson7@networkadvertising.org,Kazakhstan,Male,Shīeli,Gabcube,78718.28,KZT
Ann,Hanson,ahanson8@tuttocitta.it,France,Female,Orléans,Yakidoo,77368.46,EUR
Ernest,Watson,ewatson9@nytimes.com,China,Male,Jiaoshi,Yambee,91125.68,CNY
Frances,Mills,fmillsa@chicagotribune.com,Greece,Female,Saronída,Blogspan,2959.43,EUR
Carol,Crawford,ccrawfordb@tmall.com,China,Female,Zhangjiafan,Jabberstorm,60686.45,CNY
Norma,Henderson,nhendersonc@cpanel.net,Marshall Islands,Female,Likiep,Edgeclub,11266.64,USD
Diane,Phillips,dphillipsd@theglobeandmail.com,Gambia,Female,Daru Rilwan,Yambee,67126.39,GMD
Diana,Ramirez,dramireze@army.mil,Russia,Female,Surkhakhi,Skipstorm,,RUB
Nancy,Crawford,ncrawfordf@illinois.edu,Philippines,Female,Subusub,Meejo,,PHP
Charles,Andrews,candrewsg@spotify.com,Argentina,Male,La Rioja,Meemm,,ARS
Ashley,Bowman,abowmanh@spotify.com,China,Female,Chengguan,Dablist,99340.88,CNY
Michael,Anderson,mandersoni@so-net.ne.jp,Czech Republic,Male,Stráž nad Nisou,Gigaclub,42712.64,CZK
Margaret,Hicks,mhicksj@wufoo.com,Greece,Female,Nisí,Topicshots,76925.93,EUR
Dorothy,Watkins,dwatkinsk@homestead.com,Ukraine,Female,Obroshyne,BlogXS,77193.71,UAH
Sean,Wells,swellsl@army.mil,Russia,Male,Sochi,Quimba,93534.92,RUB
Joseph,Hart,jhartm@mapquest.com,Tanzania,Male,Mbumi,Tagfeed,88882.44,TZS
Phyllis,Boyd,pboydn@domainmarket.com,China,Female,Luokou,Yodel,97983.78,CNY
Larry,Mitchell,lmitchello@google.es,Indonesia,Male,Dawuhan,Abatz,27426.03,IDR
Nicholas,Nelson,nnelsonp@yale.edu,Peru,Male,Huambalpa,Twiyo,24534.28,PEN
Sara,Howell,showellq@arizona.edu,China,Female,Shi’ao,Babbleset,44903.31,CNY
Carlos,Brown,cbrownr@upenn.edu,Thailand,Male,Wichit,Browseblab,82390.78,THB
Jessica,Murray,jmurrays@flickr.com,Indonesia,Female,Krajan Selatan,Yambee,,IDR
Melissa,Sullivan,msullivant@tinypic.com,Cuba,Female,Moa,Linklinks,67044.39,CUP
Raymond,Berry,rberryu@cbslocal.com,Russia,Male,Silikatnyy,Kwilith,8087.53,RUB
Irene,Scott,iscottv@joomla.org,Peru,Female,Quivilla,Riffpedia,85542.13,PEN
Willie,Gomez,wgomezw@rambler.ru,Russia,Male,Nagornyy,Zazio,50529.68,RUB
Laura,Diaz,ldiazx@slideshare.net,Greece,Female,Stamáta,Shufflebeat,,EUR
Jesse,Kim,jkimy@statcounter.com,Moldova,Male,Biruinţa,Youopia,85772.76,MDL
Earl,Chavez,echavezz@google.nl,Hungary,Male,Szolnok,Yozio,43353.23,HUF
Maria,Watkins,mwatkins10@china.com.cn,Mexico,Female,Benito Juarez,Fatz,53326.64,MXN
Kelly,Wright,kwright11@cdbaby.com,Guyana,Female,Lethem,Kimia,84981.49,GYD
Jesse,Torres,jtorres12@hc360.com,China,Male,Hetang,Photojam,47444.16,CNY
Chris,James,cjames13@skype.com,Czech Republic,Male,Nové Město pod Smrkem,Thoughtmix,4900.13,CZK
Harry,Banks,hbanks14@irs.gov,Portugal,Male,Toutosa,Edgeclub,25809.42,EUR
Mark,Ray,mray15@ftc.gov,Pakistan,Male,Nowshera,Tekfly,35880.56,PKR
Sara,Chapman,schapman16@harvard.edu,Portugal,Female,Chafé,Thoughtmix,99798.17,EUR
Betty,Hall,bhall17@smugmug.com,China,Female,Liujiagou,Rhynoodle,7429.07,CNY
Harry,Ryan,hryan18@storify.com,Indonesia,Male,Sampit,Gabtype,72172.80,IDR
Kathryn,Harris,kharris19@com.com,Indonesia,Female,Wasior,Linkbuzz,65199.68,IDR
Raymond,Harvey,rharvey1a@yale.edu,Morocco,Male,Taroudant,Yakidoo,44624.18,MAD
Arthur,Lee,alee1b@istockphoto.com,South Africa,Male,Delareyville,Camimbo,85516.56,ZAR
Jack,Thompson,jthompson1c@facebook.com,Philippines,Male,Manolo Fortich,Demimbu,31614.44,PHP
Andrew,Williamson,awilliamson1d@google.ru,Burkina Faso,Male,Dédougou,Babbleblab,23947.09,XOF
Victor,Jenkins,vjenkins1e@apple.com,Indonesia,Male,Losari,Topicware,89429.31,IDR
Andrew,Oliver,aoliver1f@wordpress.com,Brazil,Male,Capão da Canoa,Viva,57452.37,BRL
Shawn,James,sjames1g@360.cn,China,Male,Gurinai,Twitterbeat,14254.43,CNY
Kathleen,Watkins,kwatkins1h@angelfire.com,China,Female,Zhangdan,Omba,13318.39,CNY
Justin,Chavez,jchavez1i@chron.com,Saint Kitts and Nevis,Male,Nicola Town,Photobug,47703.01,XCD
Tina,Miller,tmiller1j@clickbank.net,Indonesia,Female,Sidomulyo Kulon,Skinte,42888.95,IDR
Ronald,Ryan,rryan1k@auda.org.au,China,Male,Nancheng,Vipe,58569.64,CNY
Nicole,Wood,nwood1l@creativecommons.org,Russia,Female,Zheleznogorsk-Ilimskiy,Photolist,95566.28,RUB
Johnny,Taylor,jtaylor1m@fc2.com,France,Male,Rungis,Gigashots,8125.10,EUR
Dorothy,Diaz,ddiaz1n@soundcloud.com,Philippines,Female,Jarigue,Skiba,4351.25,PHP
Philip,Robertson,probertson1o@zimbio.com,Indonesia,Male,Merdeka,Blogtag,96100.48,IDR
Joshua,Wilson,jwilson1p@sfgate.com,Antigua and Barbuda,Male,Piggotts,Livetube,46422.38,XCD
Jeremy,Lee,jlee1q@blog.com,Russia,Male,Kharlu,Edgeblab,,RUB
Larry,Jacobs,ljacobs1r@eepurl.com,Russia,Male,Kstovo,Dynava,,RUB
David,Sanchez,dsanchez1s@yahoo.com,Croatia,Male,Suhopolje,Browsezoom,67032.34,HRK
Rose,Howard,rhoward1t@miitbeian.gov.cn,Indonesia,Female,Noenoni,Eadel,52064.33,IDR
Kelly,Edwards,kedwards1u@pagesperso-orange.fr,Canada,Female,Maple Ridge,Agivu,4333.73,CAD
Kevin,Ryan,kryan1v@springer.com,Portugal,Male,Lamas,Topicstorm,,EUR
Eric,Cole,ecole1w@smh.com.au,Indonesia,Male,Oefatu,Skibox,22174.84,IDR
Andrea,Bailey,abailey1x@storify.com,Poland,Female,Gręboszów,Devpulse,8891.16,PLN
Harold,Harris,hharris1y@dagondesign.com,United States,Male,Pittsburgh,Twinte,12126.14,USD
Victor,Howell,vhowell1z@abc.net.au,Indonesia,Male,Banjar Dauhpura,Jatri,59111.92,IDR
Kelly,Duncan,kduncan20@accuweather.com,China,Female,Tangjiapo,Gigabox,28232.68,CNY
Frances,Day,fday21@whitehouse.gov,China,Female,Tianhekou,Oodoo,44696.91,CNY
Andrea,Nelson,anelson22@admin.ch,Poland,Female,Księżpol,Cogibox,75704.62,PLN
Scott,Parker,sparker23@google.es,Philippines,Male,Concepcion,Gabvine,50705.26,PHP
Ernest,Walker,ewalker24@bloomberg.com,Poland,Male,Narol,Yambee,6540.47,PLN
Albert,Williams,awilliams25@dailymotion.com,Ukraine,Male,Lypnyazhka,Rhyzio,28853.35,UAH
Eugene,Russell,erussell26@ftc.gov,Russia,Male,Taremskoye,Lazz,99869.25,RUB
Ryan,Fox,rfox27@cornell.edu,Colombia,Male,Pedraza,Vitz,28819.13,COP
Howard,Collins,hcollins28@nydailynews.com,Serbia,Male,Dimitrovgrad,BlogXS,53123.53,RSD
Jonathan,Peterson,jpeterson29@thetimes.co.uk,Bosnia and Herzegovina,Male,Obudovac,Brightbean,51530.00,BAM
Judy,Berry,jberry2a@oracle.com,China,Female,Gaoyu,Tagchat,,CNY
Cheryl,Jones,cjones2b@apple.com,Indonesia,Female,Sumberkenanga,Tazzy,,IDR
Evelyn,Bradley,ebradley2c@constantcontact.com,China,Female,Dongwan,Blogpad,96889.02,CNY
Jimmy,Watson,jwatson2d@skype.com,China,Male,Ruixi,Kayveo,40317.09,CNY
Marie,Grant,mgrant2e@is.gd,Belarus,Female,Urechcha,Quinu,99629.87,BYR
Harold,Carr,hcarr2f@wsj.com,Sweden,Male,Lidköping,Photospace,80769.06,SEK
Tammy,Wood,twood2g@theatlantic.com,Brazil,Female,Raposos,Twitterworks,92659.44,BRL
Jack,Reyes,jreyes2h@irs.gov,Argentina,Male,Corzuela,Zoomzone,22489.53,ARS
Keith,Schmidt,kschmidt2i@sphinn.com,China,Male,Zhuangta,Zazio,79970.50,CNY
Robert,Hamilton,rhamilton2j@surveymonkey.com,Russia,Male,Tuymazy,Topdrive,5829.44,RUB
Linda,Lane,llane2k@bravesites.com,Indonesia,Female,Sumberan,Jabbersphere,51542.07,IDR
Ruby,Marshall,rmarshall2l@163.com,Malaysia,Female,Ipoh,Skyvu,33338.40,MYR
Stephen,Mills,smills2m@mtv.com,China,Male,Hengshi,Divape,54516.26,CNY
Theresa,Stanley,tstanley2n@umich.edu,Poland,Female,Pamiątkowo,Blognation,,PLN
Melissa,Banks,mbanks2o@globo.com,Mozambique,Female,Dondo,Riffpedia,25243.89,MZN
Christina,Sanchez,csanchez2p@quantcast.com,Sweden,Female,Norrköping,Meeveo,66740.86,SEK
Jimmy,West,jwest2q@npr.org,Poland,Male,Licheń Stary,Brainsphere,57020.89,PLN
Joseph,Rose,jrose2r@yandex.ru,Philippines,Male,Isugod,Mynte,47736.43,PHP
Jason,Reid,jreid2s@oaic.gov.au,Portugal,Male,Montijo,Oozz,55808.99,EUR
Phyllis,Harper,pharper2t@nyu.edu,Egypt,Female,Ḩawsh ‘Īsá,Zoombeat,,EGP
Elizabeth,Wells,ewells2u@dion.ne.jp,China,Female,Fushi,Jaloo,20409.73,CNY
Brian,Foster,bfoster2v@nymag.com,Bulgaria,Male,Svilengrad,Quire,23137.50,BGN
Sharon,Graham,sgraham2w@qq.com,Indonesia,Female,Ngondokandawu,Innojam,63319.81,IDR
Susan,Lopez,slopez2x@mashable.com,Ukraine,Female,Rudky,Quimba,3236.91,UAH
Jerry,Dixon,jdixon2y@kickstarter.com,Philippines,Male,Paagahan,Dynazzy,38319.30,PHP
Amanda,Oliver,aoliver2z@homestead.com,Brazil,Female,São Miguel do Guamá,Skivee,,BRL
Amy,Hernandez,ahernandez30@mysql.com,Canada,Female,Chambly,Brightbean,,CAD
Kelly,Graham,kgraham31@ed.gov,China,Female,Shuixi,Jaxworks,47598.15,CNY
Albert,Cunningham,acunningham32@yale.edu,Indonesia,Male,Klayusiwalan,Youspan,4213.72,IDR
Alan,Weaver,aweaver33@webmd.com,China,Male,Aihua,Zoomcast,79434.26,CNY
Earl,Daniels,edaniels34@imageshack.us,Afghanistan,Male,Dowr-e Rabāţ,Flashdog,60738.43,AFN
Theresa,Robinson,trobinson35@cnbc.com,Mexico,Female,San Isidro,Eadel,60095.80,MXN
Karen,Alvarez,kalvarez36@yahoo.com,Ivory Coast,Female,Tengrela,Livepath,20576.74,XOF
Irene,Rose,irose37@google.it,Ireland,Female,Listowel,Riffpedia,57512.38,EUR
David,Moreno,dmoreno38@qq.com,Russia,Male,Dedenëvo,Quinu,41003.53,RUB
Jerry,Howard,jhoward39@cbsnews.com,Indonesia,Male,Langkaplancar,Kamba,50075.87,IDR
Chris,Grant,cgrant3a@cargocollective.com,Sweden,Male,Kalmar,Dazzlesphere,38353.22,SEK
Billy,Cruz,bcruz3b@amazon.com,Czech Republic,Male,Žlutice,Babbleblab,52796.42,CZK
Virginia,Ross,vross3c@china.com.cn,Samoa,Female,Malie,Photobug,48328.84,WST
Jean,Mills,jmills3d@apple.com,China,Female,Yezhu,Skipstorm,82728.27,CNY
Cheryl,Nelson,cnelson3e@tumblr.com,France,Female,Suresnes,Avaveo,72487.47,EUR
Terry,Dean,tdean3f@yolasite.com,China,Male,Cuntan,Voonte,70128.80,CNY
Billy,Hill,bhill3g@buzzfeed.com,Haiti,Male,Cabaret,Zoombeat,30275.97,HTG
Carl,Kelly,ckelly3h@plala.or.jp,Indonesia,Male,Rajadesa,Photobug,50703.91,IDR
Paula,Little,plittle3i@tuttocitta.it,China,Female,Jiangfang,Tagfeed,61802.74,CNY
Harold,Jenkins,hjenkins3j@shareasale.com,United States,Male,Cincinnati,Ainyx,32573.79,USD
Shawn,Cruz,scruz3k@uiuc.edu,Colombia,Male,Rionegro,Yodel,79182.82,COP
Rachel,Pierce,rpierce3l@uol.com.br,Brazil,Female,Santana,Chatterpoint,29676.16,BRL
Alan,Dixon,adixon3m@ft.com,Ukraine,Male,Voskhod,Oyoloo,81604.34,UAH
Barbara,Cole,bcole3n@symantec.com,Ireland,Female,Bagenalstown,Gabvine,12577.03,EUR
Jason,Hunt,jhunt3o@xing.com,Czech Republic,Male,Kralupy nad Vltavou,Kwilith,76232.41,CZK
Amy,Richardson,arichardson3p@ovh.net,Thailand,Female,Hat Yai,Voonte,42886.07,THB
Howard,Thompson,hthompson3q@whitehouse.gov,Yemen,Male,‘Ubāl,Voolia,41485.54,YER
James,Garza,jgarza3r@a8.net,Russia,Male,Georgiyevsk,Dazzlesphere,,RUB
Angela,Barnes,abarnes3s@g.co,Greece,Female,Galátsi,Ainyx,79932.28,EUR
Maria,Walker,mwalker3t@privacy.gov.au,China,Female,Xijiang,Ainyx,74962.71,CNY
Christina,Gutierrez,cgutierrez3u@quantcast.com,Indonesia,Female,Kendal,Quatz,65216.05,IDR
Henry,Dixon,hdixon3v@constantcontact.com,Yemen,Male,Al Ḩarf,Quatz,28999.44,YER
Ronald,Matthews,rmatthews3w@slideshare.net,Bosnia and Herzegovina,Male,Rudo,Dabfeed,35601.49,BAM
Martin,Elliott,melliott3x@wikipedia.org,Japan,Male,Ichinohe,Edgetag,,JPY
Gary,Gilbert,ggilbert3y@acquirethisname.com,Ukraine,Male,Shyroke,Rhyloo,76533.08,UAH
Laura,Burns,lburns3z@bizjournals.com,Czech Republic,Female,Libouchec,Jabbertype,45396.78,CZK
Ashley,Turner,aturner40@pinterest.com,Panama,Female,Chame,Mynte,17334.24,PAB
Ronald,Alvarez,ralvarez41@icio.us,Honduras,Male,San Marcos,Kazio,43987.47,HNL
David,Gilbert,dgilbert42@mail.ru,Thailand,Male,Pak Thong Chai,Meembee,35730.40,THB
Todd,Nguyen,tnguyen43@ifeng.com,Sri Lanka,Male,Badulla,Avamm,99168.23,LKR
Antonio,Reid,areid44@sphinn.com,China,Male,Siheyuan,Kazu,67341.99,CNY
Jerry,Ramirez,jramirez45@fda.gov,China,Male,Gaoqiao,Gigazoom,,CNY
Debra,Harris,dharris46@google.co.jp,Cuba,Female,Guisa,Skinix,51351.54,CUP
Carolyn,Coleman,ccoleman47@sitemeter.com,China,Female,Chaodi,Divavu,16927.92,CNY
Cheryl,Alvarez,calvarez48@china.com.cn,France,Female,Marseille,Blogpad,,EUR
Annie,Perez,aperez49@alexa.com,United Arab Emirates,Female,Dubai,Trilia,79730.27,AED
Donna,Gonzalez,dgonzalez4a@digg.com,Russia,Female,Ishimbay,Aimbu,,RUB
Theresa,Ward,tward4b@netlog.com,United Kingdom,Female,Upton,Skipstorm,67686.43,GBP
Jason,Matthews,jmatthews4c@ted.com,Indonesia,Male,Pringgoboyo,Vidoo,53686.52,IDR
Pamela,Dunn,pdunn4d@rediff.com,Zambia,Female,Mporokoso,Meetz,,ZMW
Philip,Hicks,phicks4e@harvard.edu,Brazil,Male,Nova Cruz,JumpXS,55058.68,BRL
Fred,Scott,fscott4f@ca.gov,Mongolia,Male,Böhöt,Dazzlesphere,32701.49,MNT
Judith,Frazier,jfrazier4g@paypal.com,Sweden,Female,Vänersborg,Babblestorm,61199.93,SEK
Jason,Garza,jgarza4h@ehow.com,Haiti,Male,Chardonnière,Gigabox,49909.38,HTG
Eric,Morris,emorris4i@globo.com,China,Male,Gucun,Aimbu,85698.54,CNY
Clarence,Mitchell,cmitchell4j@google.com,Laos,Male,Sainyabuli,Zoombeat,31514.32,LAK
Carol,Garza,cgarza4k@businesswire.com,Japan,Female,Chitose,Riffwire,94674.70,JPY
Carol,Payne,cpayne4l@uiuc.edu,China,Female,Shipu,Brainbox,79253.66,CNY
Douglas,Adams,dadams4m@admin.ch,Palestinian Territory,Male,Al Mughayyir,Fadeo,52937.55,ILS
Juan,Nichols,jnichols4n@bravesites.com,Indonesia,Male,Kalangsari,Oloo,91285.79,IDR
William,Fields,wfields4o@examiner.com,Iran,Male,Rāmsar,Tanoodle,72929.79,IRR
Annie,Ross,aross4p@hatena.ne.jp,China,Female,Lanling,Flipstorm,78208.74,CNY
Nicholas,Frazier,nfrazier4q@mit.edu,Russia,Male,Shumyachi,Kwinu,47901.10,RUB
Joan,Austin,jaustin4r@xrea.com,China,Female,Chengguan,Linklinks,92789.59,CNY
Andrea,Reynolds,areynolds4s@tripod.com,Greece,Female,Filiatrá,Roombo,31126.29,EUR
Thomas,Nelson,tnelson4t@ebay.co.uk,Poland,Male,Skomielna Czarna,Thoughtworks,,PLN
Ann,Adams,aadams4u@rediff.com,Colombia,Female,El Playón,Twiyo,22048.09,COP
Christine,Palmer,cpalmer4v@youtu.be,Belarus,Female,Lyntupy,Fivespan,8120.01,BYR
Keith,Gomez,kgomez4w@google.com.br,Ukraine,Male,Chulakivka,Brainverse,63761.54,UAH
Russell,Bryant,rbryant4x@nbcnews.com,China,Male,Fenglin,Avamm,7384.20,CNY
Douglas,Turner,dturner4y@myspace.com,Uruguay,Male,Nueva Helvecia,Kayveo,52929.20,UYU
Denise,Martin,dmartin4z@cmu.edu,Argentina,Female,San José de Feliciano,Mycat,11082.69,ARS
Jesse,Ward,jward50@com.com,China,Male,Huyunxiang,Eabox,20044.12,CNY
Paula,Chapman,pchapman51@cam.ac.uk,Armenia,Female,Verin Artashat,Tagtune,17650.61,AMD
Harry,Green,hgreen52@wix.com,Russia,Male,Novolugovoye,Quinu,69268.45,RUB
Heather,Grant,hgrant53@tinyurl.com,France,Female,Chenôve,Gabvine,19004.09,EUR
Daniel,Ferguson,dferguson54@paginegialle.it,Poland,Male,Paprotnia,Lajo,33978.56,PLN
Paul,Ray,pray55@smugmug.com,Kyrgyzstan,Male,Jalal-Abad,Flashdog,46038.37,KGS
Irene,Kelley,ikelley56@upenn.edu,Poland,Female,Stronie,Layo,2760.13,PLN
Janet,Brooks,jbrooks57@theglobeandmail.com,Iran,Female,Eqlīd,Quatz,67729.01,IRR
Frances,Mccoy,fmccoy58@livejournal.com,Poland,Female,Lipiany,Brainlounge,1344.07,PLN
Jason,Robinson,jrobinson59@home.pl,Portugal,Male,Zambujal,Jabbertype,71953.28,EUR
Samuel,Gonzalez,sgonzalez5a@lycos.com,China,Male,Leiyang,Zoonoodle,1882.51,CNY
Jeremy,Garrett,jgarrett5b@elpais.com,Indonesia,Male,Watublapi,Quire,21658.73,IDR
Frances,Fuller,ffuller5c@psu.edu,Slovenia,Female,Bilje,Tagpad,92025.80,EUR
Jonathan,James,jjames5d@ucsd.edu,Russia,Male,Kapotnya,Devshare,15595.58,RUB
Carol,Weaver,cweaver5e@google.com,China,Female,Fuying,Oyoba,24292.16,CNY
Jason,Carr,jcarr5f@sbwire.com,Sweden,Male,Göteborg,Oyoba,84403.81,SEK
Bonnie,Lawrence,blawrence5g@wufoo.com,China,Female,Lingcheng,Eire,72238.65,CNY
Fred,Oliver,foliver5h@google.es,Russia,Male,Zhiryatino,Thoughtmix,52868.73,RUB
Betty,Russell,brussell5i@europa.eu,Mozambique,Female,Beira,Innotype,16428.38,MZN
Ryan,Johnson,rjohnson5j@omniture.com,Brazil,Male,São Fidélis,Meezzy,88380.83,BRL
Brian,Thompson,bthompson5k@answers.com,Sweden,Male,Solna,Vidoo,59512.81,SEK
Anna,Hernandez,ahernandez5l@tmall.com,Philippines,Female,Laguilayan,Fatz,86986.26,PHP
Rachel,Chavez,rchavez5m@fotki.com,Indonesia,Female,Banjar Kelodan,Plajo,60675.13,IDR
Irene,Gibson,igibson5n@timesonline.co.uk,New Zealand,Female,Westport,Quinu,60012.52,NZD
Jason,Sims,jsims5o@devhub.com,China,Male,Ruixi,Gigaclub,9679.61,CNY
Anthony,Lane,alane5p@linkedin.com,Sweden,Male,Katrineholm,Feedmix,67876.19,SEK
Maria,Allen,mallen5q@epa.gov,Colombia,Female,Purificación,Tagchat,,COP
Sandra,Cole,scole5r@over-blog.com,Indonesia,Female,Sarongan,Viva,23711.28,IDR
Kimberly,Matthews,kmatthews5s@dropbox.com,China,Female,Jiashan,Kazio,7753.24,CNY
Judith,Brooks,jbrooks5t@cocolog-nifty.com,Indonesia,Female,Raksajaya,Kaymbo,2562.68,IDR
Arthur,Stewart,astewart5u@discuz.net,Indonesia,Male,Ciwaru,Zoonoodle,56286.83,IDR
Robert,Carr,rcarr5v@cnet.com,Portugal,Male,Cete,Rhyloo,22095.76,EUR
Teresa,Woods,twoods5w@unicef.org,Ukraine,Female,Zolochiv,Twitterlist,19943.12,UAH
Timothy,Anderson,tanderson5x@huffingtonpost.com,United States,Male,Tempe,Rooxo,17801.45,USD
Matthew,Franklin,mfranklin5y@parallels.com,Portugal,Male,Gondar,Flashset,87614.69,EUR
Janice,Wilson,jwilson5z@wufoo.com,China,Female,Zhangshi,Voonte,17838.71,CNY
Christina,Berry,cberry60@wordpress.com,China,Female,Baitu,Yotz,5265.59,CNY
Tina,Fowler,tfowler61@sciencedaily.com,Jamaica,Female,Hayes,Thoughtblab,51255.14,JMD
Steve,Young,syoung62@purevolume.com,China,Male,Xiting,Meembee,,CNY
Gary,Gordon,ggordon63@accuweather.com,Indonesia,Male,Kayu Agung,Fiveclub,92568.18,IDR
Heather,Edwards,hedwards64@nhs.uk,Sweden,Female,Göteborg,Quatz,19472.79,SEK
Rebecca,Owens,rowens65@devhub.com,Indonesia,Female,Kembang,Kazio,66864.56,IDR
Wayne,Burton,wburton66@unblog.fr,Chile,Male,Santa Cruz,Yambee,24572.87,CLP
Louise,White,lwhite67@macromedia.com,Nigeria,Female,Yola,Vipe,,NGN
Willie,Stone,wstone68@dropbox.com,Myanmar,Male,Kyaikkami,Blogtag,71243.90,MMK
Eric,Hunter,ehunter69@tinyurl.com,Indonesia,Male,Cibodas,Trudoo,81488.66,IDR
Nancy,Kennedy,nkennedy6a@1und1.de,Brazil,Female,Paranaguá,Thoughtstorm,70994.87,BRL
Annie,Dean,adean6b@cisco.com,Indonesia,Female,Ubrub,Yodel,77101.08,IDR
Lori,Price,lprice6c@google.pl,China,Female,Chengzhong,Browsedrive,67564.48,CNY
Ruby,Owens,rowens6d@hibu.com,China,Female,Huangtan,Linkbuzz,1721.19,CNY
Lillian,Fields,lfields6e@issuu.com,Philippines,Female,Bagumbayan,Browsetype,2221.34,PHP
Howard,Gilbert,hgilbert6f@msu.edu,China,Male,Hongtang,Mudo,36105.52,CNY
Shawn,Garza,sgarza6g@ca.gov,Poland,Male,Grębów,Meetz,30305.01,PLN
Russell,Morgan,rmorgan6h@soup.io,United States,Male,Saint Paul,Oozz,15929.71,USD
Billy,Hall,bhall6i@ebay.co.uk,Lithuania,Male,Silute,Teklist,32363.44,LTL
Frank,Collins,fcollins6j@e-recht24.de,China,Male,Jiangchuanlu,Quire,92186.07,CNY
Carol,Collins,ccollins6k@google.com.au,China,Female,Wan’an,Kare,14041.35,CNY
William,Patterson,wpatterson6l@wikispaces.com,Portugal,Male,Atouguia,Voonder,63516.11,EUR
John,Riley,jriley6m@myspace.com,Indonesia,Male,Samburat,Innojam,67942.99,IDR
Albert,Ford,aford6n@yandex.ru,Netherlands,Male,Amsterdam Oud Zuid en Rivierenbuurt,Rhynyx,44537.20,EUR
Gloria,Cunningham,gcunningham6o@prweb.com,Greece,Female,Évosmos,Mycat,654.75,EUR
Charles,Hawkins,chawkins6p@mashable.com,Poland,Male,Włoszakowice,Pixoboo,20740.68,PLN
Dorothy,Hill,dhill6q@vimeo.com,China,Female,Zhangdun,Oyoba,28061.42,CNY
Roger,Rice,rrice6r@salon.com,Cuba,Male,Perico,Mymm,41920.68,CUP
Mildred,Collins,mcollins6s@gnu.org,Hungary,Female,Miskolc,Eidel,30028.70,HUF
Robin,Flores,rflores6t@techcrunch.com,France,Female,Berck,Yombu,584.59,EUR
Gregory,Reynolds,greynolds6u@who.int,Malaysia,Male,Seremban,Shuffletag,66926.17,MYR
Debra,Howard,dhoward6v@geocities.jp,Portugal,Female,Abuxarda,Pixonyx,,EUR
Mark,Dean,mdean6w@uol.com.br,Guatemala,Male,Guanagazapa,Pixonyx,53447.81,GTQ
Samuel,Arnold,sarnold6x@sohu.com,Indonesia,Male,Minian,Meevee,19840.43,IDR
Heather,Wood,hwood6y@cocolog-nifty.com,Canada,Female,Saint-Joseph-de-Coleraine,Livetube,,CAD
Rose,Fields,rfields6z@wikispaces.com,Mongolia,Female,Tsant,Thoughtbridge,91294.93,MNT
Walter,Nguyen,wnguyen70@homestead.com,Philippines,Male,Santa Praxedes,Quaxo,82339.66,PHP
Christopher,Gardner,cgardner71@vkontakte.ru,Morocco,Male,Sidi Bousber,Zoomlounge,92343.41,MAD
Marie,White,mwhite72@pcworld.com,Philippines,Female,Libon,Einti,20394.59,PHP
Jeremy,Stanley,jstanley73@cbc.ca,Cuba,Male,Sagua de Tánamo,Kazu,90750.40,CUP
Alan,Campbell,acampbell74@buzzfeed.com,Indonesia,Male,Pasargunung,Skiba,3318.69,IDR
Ashley,Willis,awillis75@soundcloud.com,Poland,Female,Jasieniec,Twitterwire,14283.87,PLN
Carol,Meyer,cmeyer76@dot.gov,China,Female,Changshengqiao,Thoughtblab,53240.73,CNY
Mark,Owens,mowens77@baidu.com,China,Male,Heshang,Thoughtstorm,16862.23,CNY
Brenda,Lawson,blawson78@springer.com,Portugal,Female,Campos,Trupe,,EUR
Ruby,Mccoy,rmccoy79@bing.com,Indonesia,Female,Senggreng,Meevee,85534.98,IDR
Andrew,Ruiz,aruiz7a@macromedia.com,Greece,Male,Mýki,Voolia,57862.54,EUR
Nicholas,Rodriguez,nrodriguez7b@amazonaws.com,Serbia,Male,Samoljica,Jabberbean,39678.83,RSD
Ralph,Knight,rknight7c@discovery.com,Sweden,Male,Fagersta,Plajo,96010.96,SEK
Maria,Arnold,marnold7d@paginegialle.it,Portugal,Female,Sobrosa,Blogtags,36315.56,EUR
William,Hunter,whunter7e@mac.com,Malaysia,Male,Putrajaya,Youspan,,MYR
Bobby,Foster,bfoster7f@google.ru,Sweden,Male,Ystad,Tagpad,68410.77,SEK
Diane,Payne,dpayne7g@businessinsider.com,Venezuela,Female,Ciudad Bolivia,Tagfeed,23358.32,VEF
Denise,Moreno,dmoreno7h@virginia.edu,France,Female,Hénin-Beaumont,Realbridge,49874.68,EUR
Fred,Larson,flarson7i@tumblr.com,China,Male,Suohe,Jaxspan,2402.88,CNY
Bonnie,Willis,bwillis7j@delicious.com,China,Female,Sanjie,Wikibox,897.66,CNY
Frances,Ramirez,framirez7k@pbs.org,Tanzania,Female,Singida,Agimba,14578.39,TZS
Chris,Morris,cmorris7l@icq.com,Peru,Male,Maras,Jaxnation,6729.67,PEN
Rebecca,Diaz,rdiaz7m@yolasite.com,Kazakhstan,Female,Atbasar,Devbug,52028.16,KZT
Jessica,Freeman,jfreeman7n@typepad.com,Portugal,Female,Castedo,Mydo,87576.49,EUR
Joseph,Patterson,jpatterson7o@nymag.com,Indonesia,Male,Sritanjung,Feedfire,10239.32,IDR
Arthur,Watkins,awatkins7p@tmall.com,Portugal,Male,Monte,Divanoodle,76029.31,EUR
Diana,Andrews,dandrews7q@google.pl,Thailand,Female,Kaeng Khoi,Latz,66411.66,THB
Joshua,Armstrong,jarmstrong7r@pinterest.com,Philippines,Male,Rizal,Vipe,1833.21,PHP
Joseph,Thompson,jthompson7s@sciencedirect.com,United States,Male,Grand Rapids,Skipfire,47894.49,USD
Janet,Schmidt,jschmidt7t@google.it,Poland,Female,Krzykosy,Riffpath,16954.86,PLN
Amy,Armstrong,aarmstrong7u@umich.edu,Nicaragua,Female,El Rosario,Linkbridge,39887.05,NIO
Jonathan,Griffin,jgriffin7v@oracle.com,Sweden,Male,Frösön,Mynte,79419.05,SEK
Rachel,Baker,rbaker7w@jiathis.com,Indonesia,Female,Kedungwringin Satu,Brainsphere,24743.14,IDR
Julie,Dunn,jdunn7x@psu.edu,Finland,Female,Pieksämäki,Realmix,60849.62,EUR
Eric,Jenkins,ejenkins7y@php.net,Serbia,Male,Ševica,Vinder,23311.07,RSD
Linda,Rodriguez,lrodriguez7z@tinypic.com,Portugal,Female,Recarei,Voolia,81364.31,EUR
Nancy,Simpson,nsimpson80@xing.com,Portugal,Female,Forninho,Gigashots,18069.41,EUR
Nicholas,Phillips,nphillips81@dyndns.org,Argentina,Male,Deán Funes,Skajo,5456.68,ARS
Jason,Hall,jhall82@blogtalkradio.com,Bulgaria,Male,Tervel,Brainsphere,3584.02,BGN
Martha,Graham,mgraham83@scientificamerican.com,Croatia,Female,Laslovo,Tagtune,82122.95,HRK
Phillip,Fowler,pfowler84@berkeley.edu,Sweden,Male,Stockholm,Jabberstorm,8735.83,SEK
Kevin,Armstrong,karmstrong85@weibo.com,China,Male,Zhongluotan,Jaloo,24713.36,CNY
Susan,Gordon,sgordon86@trellian.com,Ukraine,Female,Balky,Trupe,70655.15,UAH
Susan,Howard,showard87@tiny.cc,United States,Female,Charleston,Brainsphere,49407.68,USD
Paul,Cooper,pcooper88@reference.com,Indonesia,Male,Krajan,Skaboo,,IDR
Philip,Harrison,pharrison89@51.la,Colombia,Male,Elías,Dabtype,51492.91,COP
Brandon,Wilson,bwilson8a@mayoclinic.com,Philippines,Male,Bula,Digitube,31341.75,PHP
Harry,Butler,hbutler8b@slideshare.net,China,Male,Tangjiawan,Jatri,34281.14,CNY
Diane,Knight,dknight8c@census.gov,Germany,Female,Mannheim,Centizu,87337.44,EUR
Jack,Thomas,jthomas8d@flickr.com,Greenland,Male,Paamiut,Fatz,58150.34,DKK
Andrea,Bailey,abailey8e@constantcontact.com,Sweden,Female,Själevad,JumpXS,4324.19,SEK
Stephanie,Mills,smills8f@aol.com,Indonesia,Female,Tanggul Wetan,Thoughtblab,,IDR
Debra,Moore,dmoore8g@apple.com,Syria,Female,‘Arīshah,Riffwire,40828.61,SYP
Jane,Hawkins,jhawkins8h@weibo.com,South Africa,Female,Daniëlskuil,Plajo,31923.13,ZAR
Jessica,Thomas,jthomas8i@1688.com,China,Female,Xinfang,Innotype,41718.95,CNY
Donald,Snyder,dsnyder8j@hexun.com,Brazil,Male,Santa Inês,Centizu,50136.17,BRL
Margaret,Knight,mknight8k@mediafire.com,Russia,Female,Krasnokholm,Fivespan,58787.58,RUB
Victor,Anderson,vanderson8l@prnewswire.com,Philippines,Male,Urbiztondo,Kwinu,54458.26,PHP
Jose,Moreno,jmoreno8m@telegraph.co.uk,Sweden,Male,Charlottenberg,Realblab,43969.59,SEK
Anne,Black,ablack8n@google.com,China,Female,Dazhangzhuang,Meezzy,65585.73,CNY
Anna,Tucker,atucker8o@mit.edu,Poland,Female,Zalewo,Zooxo,82992.64,PLN
Helen,Fields,hfields8p@acquirethisname.com,China,Female,Huansheng,Buzzdog,66090.90,CNY
Amy,Sanders,asanders8q@redcross.org,France,Female,Longjumeau,Buzzdog,52623.68,EUR
Jason,Payne,jpayne8r@clickbank.net,China,Male,Nijiangping,Mudo,40027.34,CNY
Beverly,Alvarez,balvarez8s@hhs.gov,Indonesia,Female,Krajan,Dabshots,66001.15,IDR
Craig,Diaz,cdiaz8t@nba.com,Portugal,Male,Soutelo,Zoonder,32943.86,EUR
Robert,Ray,rray8u@surveymonkey.com,Cayman Islands,Male,George Town,Tagfeed,74452.09,KYD
Henry,Garcia,hgarcia8v@joomla.org,Russia,Male,Ust’-Isha,Ntags,35350.63,RUB
Sarah,Watson,swatson8w@gravatar.com,Indonesia,Female,Karangbayat,Bubbletube,80174.71,IDR
Rachel,Garza,rgarza8x@mediafire.com,Russia,Female,Svetlograd,Youfeed,51472.41,RUB
Harold,Dean,hdean8y@dailymail.co.uk,Indonesia,Male,Rejowinangun,Meevee,46654.02,IDR
Brian,Wallace,bwallace8z@nasa.gov,Indonesia,Male,Ciparay,Skipfire,97690.48,IDR
Adam,Burton,aburton90@hatena.ne.jp,Poland,Male,Płock,Aimbu,45129.23,PLN
Janice,Gonzalez,jgonzalez91@cpanel.net,Indonesia,Female,Sopla,Browsetype,12753.17,IDR
Christina,Phillips,cphillips92@digg.com,China,Female,Qiganjidie,Dabtype,51336.55,CNY
Alice,Watkins,awatkins93@auda.org.au,China,Female,Yaosai,Yakijo,,CNY
Tammy,Hawkins,thawkins94@reverbnation.com,China,Female,Xiaoxiang,Innotype,28833.94,CNY
Craig,Hunt,chunt95@1688.com,China,Male,Jianjun,Minyx,,CNY
Bobby,Dixon,bdixon96@earthlink.net,Peru,Male,Tamarindo,Skipfire,99250.35,PEN
Nicholas,Jordan,njordan97@nydailynews.com,Philippines,Male,Basak,JumpXS,63823.75,PHP
Eric,Riley,eriley98@sogou.com,Philippines,Male,San Marcelino,Jamia,73181.73,PHP
Gloria,Hanson,ghanson99@mit.edu,Portugal,Female,Alto do Estanqueiro,Zoombeat,41556.89,EUR
Lillian,Duncan,lduncan9a@nationalgeographic.com,Indonesia,Female,Oganlima,Realmix,40715.09,IDR
Charles,Williams,cwilliams9b@epa.gov,Brazil,Male,Caxias do Sul,Mycat,,BRL
Nancy,Gray,ngray9c@ocn.ne.jp,Indonesia,Female,Cikendi,Fivespan,,IDR
Bruce,Dean,bdean9d@xrea.com,Colombia,Male,Nóvita,Dynava,87588.99,COP
Rachel,Hill,rhill9e@ucsd.edu,France,Female,Cannes,Wikido,84860.26,EUR
Adam,Ryan,aryan9f@nationalgeographic.com,Zimbabwe,Male,Chegutu,Jabbersphere,34695.18,ZWL
Ann,Fuller,afuller9g@ftc.gov,Colombia,Female,Villavicencio,Eadel,69939.91,COP
Sara,Jordan,sjordan9h@rambler.ru,Argentina,Female,Cipolletti,Edgeblab,31419.85,ARS
Elizabeth,Armstrong,earmstrong9i@army.mil,Colombia,Female,Agustín Codazzi,Edgeblab,,COP
Heather,Ward,hward9j@free.fr,China,Female,Qingqu,Jayo,50993.26,CNY
Gerald,Howard,ghoward9k@mozilla.org,Kazakhstan,Male,Zhabagly,Aivee,31410.88,KZT
Christine,Watkins,cwatkins9l@bing.com,Myanmar,Female,Shwebo,Blogspan,,MMK
Jeffrey,Webb,jwebb9m@go.com,Luxembourg,Male,Mompach,Brightdog,,EUR
Brenda,Robinson,brobinson9n@dot.gov,Portugal,Female,Telheira,Bluezoom,,EUR
Gregory,James,gjames9o@wikispaces.com,Malaysia,Male,Putrajaya,Photobug,62945.89,MYR
Patricia,Daniels,pdaniels9p@squarespace.com,China,Female,Jiantou,Digitube,76124.87,CNY
Julie,Grant,jgrant9q@ameblo.jp,Philippines,Female,Apitong,Zazio,47591.03,PHP
Arthur,Lee,alee9r@columbia.edu,Kenya,Male,Nakuru,Jetpulse,77575.60,KES
Dorothy,Johnston,djohnston9s@parallels.com,Indonesia,Female,Banjar Tiga,Mydo,83551.74,IDR
Judith,Hawkins,jhawkins9t@newsvine.com,Indonesia,Female,Lhokkruet,Browsezoom,32698.99,IDR
Carl,Dixon,cdixon9u@ning.com,China,Male,Haihui,Jazzy,46579.68,CNY
Marilyn,Sims,msims9v@amazon.co.jp,Indonesia,Female,Banyulegi,Linkbridge,47797.91,IDR
Rose,Peters,rpeters9w@live.com,Sweden,Female,Växjö,Fliptune,,SEK
Gerald,Johnston,gjohnston9x@spiegel.de,Poland,Male,Bełk,Jabberbean,6732.74,PLN
Kelly,Martinez,kmartinez9y@columbia.edu,Philippines,Female,Tigbaw,Avaveo,72093.02,PHP
Kevin,Murray,kmurray9z@hatena.ne.jp,China,Male,Shuanghe,Centimia,24706.76,CNY
Gregory,Castillo,gcastilloa0@prnewswire.com,Nepal,Male,Bhadrapur,Buzzdog,32555.67,NPR
Paul,Black,pblacka1@census.gov,Bolivia,Male,Boyuibe,Photospace,85345.46,BOB
Sharon,George,sgeorgea2@bloomberg.com,China,Female,Yangchao,Photofeed,33003.52,CNY
Nicholas,Fowler,nfowlera3@mayoclinic.com,Argentina,Male,General San Martín,Quatz,43333.53,ARS
Charles,Spencer,cspencera4@biglobe.ne.jp,Canada,Male,Winnipeg,Eimbee,80135.53,CAD
Deborah,Harris,dharrisa5@twitter.com,Mexico,Female,Ejidal,Rhycero,75772.87,MXN
Patricia,Barnes,pbarnesa6@purevolume.com,Poland,Female,Głogówek,Feedfire,15741.15,PLN
Arthur,Lopez,alopeza7@nba.com,Ukraine,Male,Sokyryany,Skyvu,57156.58,UAH
Tammy,Rivera,triveraa8@wsj.com,Uruguay,Female,Dolores,Thoughtstorm,38355.10,UYU
Irene,Stanley,istanleya9@is.gd,Indonesia,Female,Ngaliyan,Jayo,19719.87,IDR
Susan,Bryant,sbryantaa@miitbeian.gov.cn,Botswana,Female,Sebina,Wikivu,64070.43,BWP
Stephen,Stevens,sstevensab@ow.ly,Brazil,Male,Três Lagoas,Blognation,5694.58,BRL
Louise,Collins,lcollinsac@paypal.com,China,Female,Tajike’abati,Youspan,10219.10,CNY
Frank,Warren,fwarrenad@bluehost.com,Brazil,Male,Valinhos,Meevee,28401.04,BRL
Rebecca,Smith,rsmithae@mayoclinic.com,Indonesia,Female,Sumurgeneng,Trilith,50906.84,IDR
Joan,Turner,jturneraf@businessweek.com,China,Female,Chengxiang,Mita,,CNY
Diane,Medina,dmedinaag@mapy.cz,China,Female,Jiantou,Zoomlounge,95839.44,CNY
Wayne,Hansen,whansenah@livejournal.com,Philippines,Male,Bualan,Kayveo,91678.05,PHP
Alan,Morrison,amorrisonai@cbsnews.com,Spain,Male,Sevilla,Yadel,19837.79,EUR
Kelly,Bradley,kbradleyaj@sogou.com,China,Female,Hougaoshizhuang,Livetube,63509.98,CNY
Kevin,Rivera,kriveraak@ihg.com,Mauritania,Male,Aleg,Jabbercube,77897.75,MRO
Elizabeth,Harrison,eharrisonal@meetup.com,Brazil,Female,Maragogi,Eadel,79168.97,BRL
Jennifer,Kim,jkimam@cbc.ca,Peru,Female,Carumas,Innojam,30995.29,PEN
Russell,Edwards,redwardsan@ucoz.ru,China,Male,Hongxing,Skinte,,CNY
Samuel,Bailey,sbaileyao@sourceforge.net,Russia,Male,Ovsyanka,Bluejam,50306.94,RUB
Emily,Nelson,enelsonap@theatlantic.com,Indonesia,Female,Sambogunung,Photospace,68875.56,IDR
Terry,Collins,tcollinsaq@github.io,Indonesia,Male,Krajan Selatan,Buzzster,67334.55,IDR
Martin,Hayes,mhayesar@seattletimes.com,Russia,Male,Mizur,Cogibox,99351.15,RUB
Albert,Perez,aperezas@rediff.com,China,Male,Fengyang Fuchengzhen,Jaxnation,14724.05,CNY
Clarence,Alexander,calexanderat@state.tx.us,Japan,Male,Ōiso,Zoomlounge,76037.39,JPY
Harry,Wells,hwellsau@google.com.br,Syria,Male,Tallkalakh,Omba,37528.68,SYP
Joseph,Rivera,jriveraav@mtv.com,Morocco,Male,Settat,Layo,85166.54,MAD
Sara,White,swhiteaw@diigo.com,Philippines,Female,Clarin,Edgepulse,,PHP
Ralph,Cole,rcoleax@ca.gov,Russia,Male,Divnoye,Dynabox,13528.00,RUB
Ernest,Howell,ehowellay@artisteer.com,United States,Male,Detroit,Yata,31343.41,USD
Jerry,Patterson,jpattersonaz@github.com,Ukraine,Male,Usatove,Oyoloo,61501.00,UAH
Joyce,Harrison,jharrisonb0@paypal.com,Malta,Female,Attard,Skinix,40762.69,EUR
Diane,Morris,dmorrisb1@earthlink.net,Czech Republic,Female,Ráječko,Zoozzy,25552.21,CZK
Carolyn,Harvey,charveyb2@apple.com,Thailand,Female,Wang Sam Mo,Yacero,48937.65,THB
Gregory,Rivera,griverab3@weibo.com,Philippines,Male,Laoag,Flipopia,,PHP
Martha,Woods,mwoodsb4@usda.gov,China,Female,Beigao,Eidel,83001.18,CNY
Barbara,Pierce,bpierceb5@joomla.org,Belarus,Female,Tsimkavichy,Skinix,16094.08,BYR
Richard,Perry,rperryb6@flavors.me,Ecuador,Male,Chone,Zava,64911.59,USD
Cynthia,Fields,cfieldsb7@technorati.com,Turkmenistan,Female,Tejen,LiveZ,79486.71,TMT
Betty,Jackson,bjacksonb8@diigo.com,China,Female,Shanting,Lajo,1056.81,CNY
Sarah,Ellis,sellisb9@archive.org,Mexico,Female,Benito Juarez,Riffpedia,58609.06,MXN
Nicole,Shaw,nshawba@soundcloud.com,Armenia,Female,Getazat,Roombo,32407.58,AMD
Ryan,Kim,rkimbb@tripadvisor.com,France,Male,Cergy-Pontoise,Ailane,45854.51,EUR
Benjamin,Wells,bwellsbc@liveinternet.ru,Philippines,Male,Umingan,Bubblebox,99326.65,PHP
Judy,Palmer,jpalmerbd@apache.org,China,Female,Cola,Skyndu,63037.45,CNY
Jason,Knight,jknightbe@google.co.jp,Indonesia,Male,Buluh Kasap,Shuffledrive,65331.75,IDR
Harold,Cox,hcoxbf@taobao.com,China,Male,Baiyun,JumpXS,66699.08,CNY
Lois,Cook,lcookbg@xinhuanet.com,Indonesia,Female,Mekarjaya,Fadeo,32364.95,IDR
Raymond,Williamson,rwilliamsonbh@ning.com,China,Male,Aykol,Linkbuzz,69433.62,CNY
Jesse,Snyder,jsnyderbi@google.com,China,Male,Hexi,Linkbridge,99792.05,CNY
Eric,Reynolds,ereynoldsbj@gmpg.org,Russia,Male,Pokrovskoye,Youspan,9674.20,RUB
Amanda,Peterson,apetersonbk@theguardian.com,Nigeria,Female,Miringa,Flashspan,64935.80,NGN
Marilyn,Young,myoungbl@issuu.com,Sri Lanka,Female,Kandy,Feedspan,81022.44,LKR
Mary,Gonzales,mgonzalesbm@indiegogo.com,Philippines,Female,Aurora,Yoveo,56352.89,PHP
Craig,Hicks,chicksbn@huffingtonpost.com,France,Male,Calais,Ainyx,,EUR
Diana,Riley,drileybo@ucoz.com,Japan,Female,Tsuyama,Yodo,42480.60,JPY
Sandra,Cole,scolebp@jimdo.com,Turkmenistan,Female,Mary,Thoughtstorm,94475.61,TMT
Clarence,Peterson,cpetersonbq@networksolutions.com,China,Male,Zhouhu,Innojam,69903.89,CNY
Bobby,Roberts,brobertsbr@chicagotribune.com,Portugal,Male,Ordem,Skibox,80940.02,EUR
Julie,White,jwhitebs@oakley.com,United States,Female,Houston,Meejo,,USD
Jeffrey,Lewis,jlewisbt@godaddy.com,China,Male,Dongyu,Ooba,65473.82,CNY
Russell,Sanders,rsandersbu@baidu.com,China,Male,Hanghuadian,Kazu,62703.34,CNY
Ashley,Taylor,ataylorbv@google.co.jp,France,Female,Angers,Cogibox,79969.88,EUR
Jennifer,Bishop,jbishopbw@ucsd.edu,Argentina,Female,La Cocha,Dynabox,68626.66,ARS
Jacqueline,Frazier,jfrazierbx@abc.net.au,Nigeria,Female,Opi,Aimbo,72333.63,NGN
Gerald,Hanson,ghansonby@seattletimes.com,Bangladesh,Male,Bhola,Zoonoodle,90624.80,BDT
Gerald,Bailey,gbaileybz@engadget.com,Indonesia,Male,Margotuhu Kidul,Skipstorm,50100.09,IDR
William,Henderson,whendersonc0@51.la,Indonesia,Male,Kadubamban,Meetz,32786.22,IDR
Deborah,Reed,dreedc1@harvard.edu,France,Female,Orly aérogare,Realblab,,EUR
Janet,Mendoza,jmendozac2@sitemeter.com,Indonesia,Female,Jalinan,Fiveclub,60394.70,IDR
Diane,Bailey,dbaileyc3@latimes.com,United States,Female,Danbury,Kwideo,17194.19,USD
Bruce,Gomez,bgomezc4@mac.com,Philippines,Male,Maddarulug Norte,Youfeed,89517.05,PHP
Sean,Ruiz,sruizc5@flickr.com,China,Male,Shanglaxiu,Realpoint,40640.85,CNY
Robin,Nelson,rnelsonc6@chron.com,France,Female,Arcueil,Pixope,38005.48,EUR
Gary,Payne,gpaynec7@netlog.com,Vietnam,Male,Tân Kỳ,Eadel,90731.75,VND
Billy,Brown,bbrownc8@1und1.de,Argentina,Male,Rosario de Lerma,Babbleblab,38909.66,ARS
Joshua,Robertson,jrobertsonc9@netscape.com,Guatemala,Male,Santa Bárbara,Mudo,22784.08,GTQ
Carol,Carpenter,ccarpenterca@cbc.ca,Kyrgyzstan,Female,Osh,Buzzshare,19722.41,KGS
Eugene,Hernandez,ehernandezcb@hatena.ne.jp,Czech Republic,Male,Benešov nad Ploučnicí,Mynte,82313.46,CZK
Patricia,Murphy,pmurphycc@umich.edu,Indonesia,Female,Tabu,Topiclounge,61028.29,IDR
Todd,Greene,tgreenecd@friendfeed.com,Croatia,Male,Gorjani,Browsedrive,9673.70,HRK
Wayne,Gray,wgrayce@forbes.com,Philippines,Male,Mabini,Zoomcast,21549.12,PHP
Jonathan,Dean,jdeancf@wikispaces.com,Russia,Male,Losevo,Feednation,49055.51,RUB
Amanda,Reid,areidcg@goo.gl,Russia,Female,Glyadyanskoye,Youspan,,RUB
Shirley,Lawson,slawsonch@disqus.com,United States,Female,Kansas City,Zoozzy,10960.06,USD
Heather,Price,hpriceci@jimdo.com,Panama,Female,El Cortezo,Feedbug,61229.87,PAB
Evelyn,Marshall,emarshallcj@globo.com,Sweden,Female,Borås,Meezzy,76823.05,SEK
Margaret,Thompson,mthompsonck@blinklist.com,Italy,Female,Laspezia,Fivechat,26569.15,EUR
Amy,Jackson,ajacksoncl@hud.gov,Indonesia,Female,Keli,Kazu,73633.24,IDR
Douglas,James,djamescm@shareasale.com,China,Male,Tangqian,Photobug,,CNY
Ruby,Gardner,rgardnercn@hao123.com,China,Female,Chishui,Mynte,622.82,CNY
Kenneth,Howard,khowardco@hp.com,China,Male,Yuelai,Realfire,20655.83,CNY
Nicole,Moreno,nmorenocp@foxnews.com,Brazil,Female,Envira,Fivespan,20050.77,BRL
Sean,Gutierrez,sgutierrezcq@printfriendly.com,United States,Male,Seattle,Plajo,59099.43,USD
Kathleen,Patterson,kpattersoncr@mozilla.org,United Kingdom,Female,Newton,Oyoyo,,GBP
Amy,Peters,apeterscs@imageshack.us,France,Female,Andrézieux-Bouthéon,Babblestorm,36919.56,EUR
Joyce,Hernandez,jhernandezct@mozilla.com,China,Female,Wentai,Ntag,10298.61,CNY
Bruce,Turner,bturnercu@de.vu,Philippines,Male,Sison,Zava,63184.93,PHP
Jose,Howell,jhowellcv@barnesandnoble.com,Uruguay,Male,Barra de Carrasco,Kazu,46801.91,UYU
Ernest,Fields,efieldscw@nature.com,Vietnam,Male,Thới Bình,Yozio,61752.44,VND
Scott,Garza,sgarzacx@quantcast.com,Russia,Male,Vazhiny,Buzzbean,30411.08,RUB
Gary,Rose,grosecy@google.nl,Indonesia,Male,Sumber,Flipopia,91845.69,IDR
Brenda,Barnes,bbarnescz@nps.gov,Armenia,Female,Surenavan,Jabbersphere,56866.07,AMD
Aaron,Reed,areedd0@alexa.com,Brazil,Male,Cruz das Almas,Shuffletag,51117.92,BRL
Roy,Sanchez,rsanchezd1@ucoz.com,Tanzania,Male,Mlangali,Avaveo,14992.46,TZS
Donald,Bennett,dbennettd2@pcworld.com,Macedonia,Male,Dobri Dol,Thoughtblab,97331.60,MKD
Christopher,West,cwestd3@simplemachines.org,United States,Male,Flushing,Realmix,29989.26,USD
Jerry,Edwards,jedwardsd4@jugem.jp,Indonesia,Male,Paseh,Riffwire,90481.45,IDR
Kathleen,Coleman,kcolemand5@nsw.gov.au,United States,Female,San Diego,Oodoo,67898.16,USD
Aaron,Sullivan,asullivand6@pcworld.com,Spain,Male,Vitoria-Gasteiz,Quinu,26903.24,EUR
Sean,Walker,swalkerd7@amazon.co.jp,Norway,Male,Oslo,Browsecat,56659.31,NOK
Jack,Johnson,jjohnsond8@blogs.com,China,Male,Qiandong,Shufflester,60344.58,CNY
Justin,Carroll,jcarrolld9@smh.com.au,Czech Republic,Male,Třemošnice,Realfire,70166.78,CZK
Paula,Lewis,plewisda@tinypic.com,Portugal,Female,Beijós,Mydo,28520.76,EUR
Angela,Franklin,afranklindb@jugem.jp,Nicaragua,Female,Tipitapa,Fivechat,14017.21,NIO
Jennifer,Elliott,jelliottdc@networksolutions.com,Philippines,Female,Maao,Tambee,56450.14,PHP
David,Jones,djonesdd@bluehost.com,Syria,Male,Qarqania,Skiba,1516.80,SYP
Kelly,Howell,khowellde@time.com,Brazil,Female,Coroatá,Skiba,47708.20,BRL
Jonathan,Robinson,jrobinsondf@scribd.com,Macedonia,Male,Студеничани,Dabvine,21077.63,MKD
Christine,Lee,cleedg@digg.com,Philippines,Female,Bantuanon,Feedspan,47486.25,PHP
Theresa,Ward,twarddh@techcrunch.com,Brazil,Female,Goianésia,Jaloo,,BRL
Martha,Peters,mpetersdi@nhs.uk,Poland,Female,Frampol,Quinu,55378.33,PLN
Shirley,Johnston,sjohnstondj@ft.com,Brazil,Female,Mogi Guaçu,Gigaclub,47784.95,BRL
Wayne,Cooper,wcooperdk@nasa.gov,Botswana,Male,Kanye,Quire,2251.10,BWP
Joshua,Bailey,jbaileydl@census.gov,Bahamas,Male,Duncan Town,Yodoo,21353.68,BSD
Keith,Duncan,kduncandm@psu.edu,China,Male,Nanpu,Tekfly,57714.20,CNY
Keith,Graham,kgrahamdn@freewebs.com,China,Male,Chahe,Eabox,10919.05,CNY
Paula,Gilbert,pgilbertdo@technorati.com,United States,Female,Minneapolis,Yamia,3906.48,USD
Joan,Wheeler,jwheelerdp@upenn.edu,Madagascar,Female,Toamasina,Oodoo,60776.13,MGA
Steve,Gordon,sgordondq@washingtonpost.com,Democratic Republic of the Congo,Male,Bumba,Yodoo,55830.26,CDF
Richard,Lynch,rlynchdr@apple.com,Bulgaria,Male,Sozopol,Jabberstorm,55630.94,BGN
Ryan,Little,rlittleds@goodreads.com,Mongolia,Male,Sharga,Skiba,18003.27,MNT
Roy,Franklin,rfranklindt@shareasale.com,Belarus,Male,Kastsyukovichy,Skibox,2562.08,BYR
George,Shaw,gshawdu@histats.com,Indonesia,Male,Wunat,Yata,38437.94,IDR
Barbara,Mendoza,bmendozadv@cocolog-nifty.com,Nigeria,Female,Sauri,Realfire,86307.44,NGN
Terry,Mason,tmasondw@blogspot.com,Mexico,Male,Guadalupe Victoria,Skiptube,34416.26,MXN
Emily,Frazier,efrazierdx@dailymotion.com,Thailand,Female,Bang Bo District,Photojam,59139.73,THB
Jesse,Phillips,jphillipsdy@pbs.org,Azerbaijan,Male,Yelenendorf,Riffpath,5034.17,AZN
Jason,Ryan,jryandz@fema.gov,Argentina,Male,Villa Carlos Paz,Bubblebox,55487.14,ARS
Peter,Howard,phowarde0@earthlink.net,China,Male,Baolin,Feedfish,59980.02,CNY
Beverly,Barnes,bbarnese1@ibm.com,China,Female,Dake,Feednation,29350.09,CNY
Marilyn,Gordon,mgordone2@vistaprint.com,Ukraine,Female,Novyy Svit,Lazzy,6296.20,UAH
Amy,Jackson,ajacksone3@sciencedaily.com,Brazil,Female,Novo Horizonte,Babbleset,20660.15,BRL
Roy,Reid,rreide4@github.io,New Zealand,Male,Winton,Blogpad,79886.86,NZD
Brandon,Kelly,bkellye5@engadget.com,Peru,Male,Buenos Aires,Pixope,76254.26,PEN
Antonio,Lawson,alawsone6@deliciousdays.com,Somalia,Male,Dujuuma,Zoovu,,SOS
Daniel,Marshall,dmarshalle7@walmart.com,Canada,Male,Bancroft,Fliptune,15063.05,CAD
Fred,Jacobs,fjacobse8@cdc.gov,Sweden,Male,Västerås,Mynte,,SEK
Antonio,Bell,abelle9@sina.com.cn,China,Male,Anfu,Linktype,,CNY
Jane,Webb,jwebbea@g.co,Greece,Female,Kallithéa,Tekfly,96277.58,EUR
Jerry,Little,jlittleeb@creativecommons.org,United States,Male,Sunnyvale,Mydo,7110.18,USD
Sandra,Ruiz,sruizec@naver.com,Colombia,Female,Sincé,Shufflester,4102.79,COP
Mary,Porter,mportered@nymag.com,Brazil,Female,Uarini,Devbug,16759.18,BRL
Ashley,Fields,afieldsee@fema.gov,Comoros,Female,Mkiriwadjumoi,Devpoint,,KMF
Lois,Sullivan,lsullivanef@jiathis.com,Nigeria,Female,Oke Ila,Dablist,,NGN
Gloria,James,gjameseg@theglobeandmail.com,Russia,Female,Kurkino,Zoonder,,RUB
Bobby,Murphy,bmurphyeh@rediff.com,United States,Male,Oklahoma City,Fivebridge,18311.22,USD
Gerald,Hamilton,ghamiltonei@cbc.ca,Philippines,Male,Langob,Twimbo,73740.24,PHP
Cheryl,Mitchell,cmitchellej@thetimes.co.uk,Peru,Female,Succha,Flashset,36645.47,PEN
Randy,Turner,rturnerek@theatlantic.com,Greece,Male,Áyios Nikólaos,Twitterworks,,EUR
Lois,Price,lpriceel@squarespace.com,Russia,Female,Zarya,Wikizz,,RUB
Linda,Hill,lhillem@youtube.com,Ivory Coast,Female,Touba,Quimm,64081.32,XOF
Arthur,Campbell,acampbellen@soup.io,China,Male,Aizhai,Innotype,52446.97,CNY
Jean,Webb,jwebbeo@psu.edu,Greece,Female,Limenária,Omba,15810.33,EUR
Louise,Carter,lcarterep@joomla.org,Portugal,Female,Bodiosa a Velha,Blogtags,15093.13,EUR
Betty,Day,bdayeq@blogs.com,China,Female,Zhushan Chengguanzhen,Wikivu,51649.13,CNY
Sharon,Webb,swebber@npr.org,Dominican Republic,Female,Jarabacoa,Photobug,77191.12,DOP
Lisa,Bailey,lbaileyes@shinystat.com,Philippines,Female,Mambulo,Nlounge,17194.73,PHP
Heather,Burton,hburtonet@g.co,Indonesia,Female,Jetak Kulon,Wordtune,93980.09,IDR
Joyce,Banks,jbankseu@shareasale.com,China,Female,Hengpi,Fivechat,94914.46,CNY
Richard,Patterson,rpattersonev@apple.com,Russia,Male,Pleshanovo,Bubblebox,72715.73,RUB
Marilyn,Campbell,mcampbellew@illinois.edu,Poland,Female,Luzino,Kayveo,5291.28,PLN
Gerald,Adams,gadamsex@redcross.org,Portugal,Male,Freixo de Numão,Wikibox,81650.21,EUR
Joshua,Harris,jharrisey@etsy.com,Indonesia,Male,Jabon,Riffwire,44720.13,IDR
Eugene,Woods,ewoodsez@myspace.com,Philippines,Male,Dapdap,Tagopia,48541.99,PHP
Raymond,Richards,rrichardsf0@w3.org,China,Male,Liqizhuang,Agimba,88428.56,CNY
Pamela,Snyder,psnyderf1@privacy.gov.au,China,Female,Yushu,Ozu,63292.54,CNY
Sean,Jenkins,sjenkinsf2@geocities.com,France,Male,Le Mans,Feednation,,EUR
Craig,Little,clittlef3@cdbaby.com,China,Male,Xuefeng,Trunyx,2894.39,CNY
Louise,Johnson,ljohnsonf4@latimes.com,Poland,Female,Jasienica,Mynte,54244.07,PLN
Anthony,Mills,amillsf5@cam.ac.uk,China,Male,Longsha,Thoughtbeat,95152.07,CNY
Matthew,Fowler,mfowlerf6@nifty.com,Honduras,Male,Silca,Dynabox,,HNL
Julia,Thompson,jthompsonf7@360.cn,Honduras,Female,Concepción de la Barranca,Browsebug,93434.94,HNL
Annie,Baker,abakerf8@reference.com,Philippines,Female,Pawili,Babblestorm,67571.93,PHP
Christine,Carpenter,ccarpenterf9@behance.net,Russia,Female,Leninsk,Yambee,41037.01,RUB
Harold,Campbell,hcampbellfa@parallels.com,Palestinian Territory,Male,Khān Yūnis,Centizu,38581.25,ILS
Donna,Schmidt,dschmidtfb@nyu.edu,Ecuador,Female,Tena,Photobug,21024.44,USD
Paul,Perkins,pperkinsfc@discuz.net,Colombia,Male,Baranoa,Dynazzy,38804.25,COP
Jane,Gordon,jgordonfd@prweb.com,China,Female,Huangshi,Twitterworks,58887.40,CNY
Rebecca,King,rkingfe@myspace.com,Bulgaria,Female,Dolna Banya,Omba,22091.64,BGN
Doris,Gordon,dgordonff@printfriendly.com,Brazil,Female,Taquaritinga,Quimba,10091.92,BRL
Frank,Kim,fkimfg@army.mil,Albania,Male,Fier-Çifçi,Zoomdog,14712.38,ALL
Earl,Collins,ecollinsfh@amazonaws.com,Indonesia,Male,Banjar Wates Tengah,Kimia,74921.13,IDR
Lawrence,Moore,lmoorefi@drupal.org,Peru,Male,Asia,Yotz,23846.46,PEN
Stephanie,Montgomery,smontgomeryfj@sphinn.com,Russia,Female,Nizhniy Novgorod,Demizz,91458.63,RUB
Angela,Lawson,alawsonfk@devhub.com,Nigeria,Female,Babana,Edgeblab,34450.83,NGN
Christina,Gonzalez,cgonzalezfl@cnet.com,Sweden,Female,Stockholm,Realfire,,SEK
Lois,Kennedy,lkennedyfm@ebay.com,China,Female,Longhua,Eire,64005.41,CNY
Christina,Powell,cpowellfn@php.net,Portugal,Female,Cavalões,Photobug,12858.98,EUR
Amy,Mason,amasonfo@newyorker.com,Japan,Female,Hachiōji,Twimbo,20590.51,JPY
Fred,Reed,freedfp@uol.com.br,Indonesia,Male,Armopa,Eamia,85441.31,IDR
Ashley,Rivera,ariverafq@bigcartel.com,Palestinian Territory,Female,‘Arab ar Rashāydah,Kaymbo,88629.14,ILS
Ann,Johnson,ajohnsonfr@flickr.com,China,Female,Xigebi,Thoughtstorm,724.50,CNY
Howard,Washington,hwashingtonfs@feedburner.com,Philippines,Male,Patayac,Tagchat,44220.82,PHP
Henry,Riley,hrileyft@linkedin.com,Bulgaria,Male,Zlataritsa,Pixoboo,81470.28,BGN
Lois,Freeman,lfreemanfu@hao123.com,Morocco,Female,Jorf,Shuffledrive,57203.30,MAD
Clarence,Patterson,cpattersonfv@infoseek.co.jp,Indonesia,Male,Cinyasag,Flashspan,97584.29,IDR
Richard,Spencer,rspencerfw@gravatar.com,Cuba,Male,Sagua de Tánamo,Camido,87801.06,CUP
Craig,Wright,cwrightfx@spiegel.de,Sweden,Male,Gråbo,Quaxo,,SEK
Margaret,Garrett,mgarrettfy@freewebs.com,Portugal,Female,Rio de Moinhos,Tagpad,19408.52,EUR
Jessica,Fields,jfieldsfz@google.com,Brazil,Female,Teresópolis,Flashset,89655.33,BRL
David,Meyer,dmeyerg0@biglobe.ne.jp,Cameroon,Male,Bali,Centimia,22033.62,XAF
Kenneth,Gonzales,kgonzalesg1@altervista.org,Philippines,Male,Inicbulan,Rhyloo,44170.75,PHP
Helen,Romero,hromerog2@miitbeian.gov.cn,Brazil,Female,Paracambi,Devbug,33674.57,BRL
Norma,Myers,nmyersg3@alibaba.com,Afghanistan,Female,Gardēz,Zoozzy,81296.66,AFN
Melissa,Meyer,mmeyerg4@buzzfeed.com,Indonesia,Female,Turus,Cogilith,24456.32,IDR
Dennis,Armstrong,darmstrongg5@indiatimes.com,Indonesia,Male,Sumberan,Zooveo,,IDR
Ryan,Howell,rhowellg6@comsenz.com,Brazil,Male,Guaíba,Thoughtsphere,29000.74,BRL
David,Harris,dharrisg7@baidu.com,China,Male,Codoi,Kamba,61770.97,CNY
Lillian,Scott,lscottg8@washington.edu,Brazil,Female,Regente Feijó,Jayo,80834.38,BRL
Mildred,Martinez,mmartinezg9@livejournal.com,Mongolia,Female,Ölgiy,Topicstorm,42048.75,MNT
Catherine,Jones,cjonesga@yandex.ru,Bosnia and Herzegovina,Female,Vozuća,Kaymbo,71896.79,BAM
Virginia,Jackson,vjacksongb@who.int,Vietnam,Female,Gia Nghĩa,Photojam,89633.91,VND
Gary,Perkins,gperkinsgc@themeforest.net,Croatia,Male,Donja Brela,Pixoboo,3957.77,HRK
Philip,Dean,pdeangd@narod.ru,Colombia,Male,La Cumbre,Buzzshare,40036.98,COP
Janet,Wheeler,jwheelerge@apache.org,China,Female,Fanzhuang,Zoombeat,2866.42,CNY
Susan,Daniels,sdanielsgf@buzzfeed.com,Azerbaijan,Female,Hacıqabul,Aivee,88240.79,AZN
Dorothy,Smith,dsmithgg@facebook.com,Pakistan,Female,Malakwāl,Thoughtbridge,97886.10,PKR
Denise,Berry,dberrygh@biglobe.ne.jp,China,Female,Majiao,Ailane,94895.46,CNY
Sharon,Larson,slarsongi@last.fm,Netherlands,Female,Venlo,Gigaclub,96078.02,EUR
Janice,Washington,jwashingtongj@mozilla.org,Indonesia,Female,Ombarade,Skinder,84121.35,IDR
Diana,Kim,dkimgk@china.com.cn,China,Female,Taozhuang,Dazzlesphere,50553.46,CNY
Kathryn,Ellis,kellisgl@yale.edu,United States,Female,Atlanta,Gabtune,8636.40,USD
Bobby,Johnston,bjohnstongm@ted.com,Colombia,Male,Acandí,Agivu,32.76,COP
Helen,Elliott,helliottgn@goo.ne.jp,Sweden,Female,Trollhättan,Eamia,7529.39,SEK
Thomas,Black,tblackgo@163.com,Indonesia,Male,Gununggoong,Fivespan,,IDR
Lillian,Harper,lharpergp@dion.ne.jp,Paraguay,Female,Altos,Dabvine,22374.62,PYG
Carl,Larson,clarsongq@dion.ne.jp,Philippines,Male,Consolacion,Mudo,71101.48,PHP
Earl,Gonzales,egonzalesgr@mayoclinic.com,Philippines,Male,Moncada,Oyondu,21489.39,PHP
Earl,Lewis,elewisgs@psu.edu,Portugal,Male,Venda do Valador,Yakitri,34237.80,EUR
Kimberly,Cooper,kcoopergt@reverbnation.com,China,Female,Wushan,Youspan,23714.18,CNY
Louise,Burns,lburnsgu@fema.gov,Namibia,Female,Maltahöhe,Eazzy,32683.07,NAD
Joyce,Hernandez,jhernandezgv@goodreads.com,Indonesia,Female,Gaplokan,Yotz,25487.51,IDR
Martin,Phillips,mphillipsgw@buzzfeed.com,China,Male,Lingmen,Flashpoint,,CNY
Alice,Ortiz,aortizgx@tripod.com,China,Female,Hulu,Wordware,12971.80,CNY
Julie,Harris,jharrisgy@jugem.jp,Macedonia,Female,Lisičani,Abatz,1153.53,MKD
Paula,King,pkinggz@ustream.tv,Gambia,Female,Sara Kunda,Tekfly,57456.84,GMD
Jean,Spencer,jspencerh0@wired.com,United States,Female,Corpus Christi,Eadel,54350.60,USD
Gary,Reyes,greyesh1@utexas.edu,Philippines,Male,Acli,Ozu,8677.68,PHP
Katherine,Weaver,kweaverh2@cbslocal.com,Albania,Female,Kukur,Fivechat,73032.29,ALL
Marilyn,Olson,molsonh3@europa.eu,Indonesia,Female,Ngujung,Mudo,1683.18,IDR
Katherine,Ortiz,kortizh4@xinhuanet.com,Afghanistan,Female,Nāṟay,Twinte,6262.03,AFN
Jimmy,Hernandez,jhernandezh5@quantcast.com,China,Male,Changleng,Agivu,,CNY
Janet,Flores,jfloresh6@yahoo.com,Niger,Female,Mayahi,Dynabox,94693.74,XOF
Eric,Perkins,eperkinsh7@webnode.com,China,Male,Mao’er,Bluejam,46202.79,CNY
Jerry,Johnson,jjohnsonh8@studiopress.com,China,Male,Taihua,Livefish,2683.06,CNY
Debra,Thompson,dthompsonh9@weibo.com,Peru,Female,Conchopata,Cogilith,93519.28,PEN
Albert,Knight,aknightha@oaic.gov.au,Colombia,Male,Chinú,Photolist,43075.08,COP
Clarence,Williamson,cwilliamsonhb@issuu.com,China,Male,Qijiazuo,Quimm,44737.61,CNY
Joe,Coleman,jcolemanhc@dell.com,Bangladesh,Male,Nageswari,Teklist,33604.49,BDT
Anne,Brooks,abrookshd@google.com.au,China,Female,Nankun,Topicblab,75603.37,CNY
Lisa,Ellis,lellishe@spiegel.de,Venezuela,Female,Caucagüito,Skalith,42090.44,VEF
Elizabeth,Evans,eevanshf@marriott.com,Indonesia,Female,Sugiharjo,Livepath,23989.69,IDR
Susan,Snyder,ssnyderhg@soup.io,Indonesia,Female,Kolbano,Twimm,,IDR
Stephanie,Garza,sgarzahh@quantcast.com,Denmark,Female,København,Browsebug,,DKK
Joan,Lee,jleehi@boston.com,Honduras,Female,Protección,Jayo,63588.84,HNL
Ruby,Morrison,rmorrisonhj@devhub.com,Indonesia,Female,Jambean,Oyope,60054.37,IDR
Jerry,Harrison,jharrisonhk@unblog.fr,Ukraine,Male,Dvorichna,Gigabox,93902.52,UAH
Steven,Murray,smurrayhl@delicious.com,Indonesia,Male,Masebewa,Skyndu,10318.10,IDR
Gary,Rose,grosehm@go.com,Czech Republic,Male,Postřekov,Feednation,,CZK
Justin,Romero,jromerohn@shop-pro.jp,China,Male,Fenshui,Twitterwire,20613.08,CNY
Marie,Harvey,mharveyho@pinterest.com,Canada,Female,Middleton,Tagcat,,CAD
Samuel,Gonzales,sgonzaleshp@weather.com,Armenia,Male,Lanjaghbyur,Wordtune,57401.36,AMD
Sharon,Harper,sharperhq@hibu.com,Brazil,Female,Bastos,Feedbug,20308.66,BRL
Rachel,Holmes,rholmeshr@wired.com,Vietnam,Female,Tô Hạp,Devpoint,6807.84,VND
Jacqueline,Woods,jwoodshs@whitehouse.gov,Canada,Female,Hanover,Blogtags,88616.77,CAD
Judith,Clark,jclarkht@auda.org.au,United States,Female,Colorado Springs,Photospace,27757.51,USD
Rebecca,Burns,rburnshu@yale.edu,China,Female,Liulimiao,Skalith,41358.61,CNY
Judy,Hawkins,jhawkinshv@nbcnews.com,Indonesia,Female,Uitiuhtuan,Twitterworks,17652.82,IDR
Peter,Spencer,pspencerhw@usda.gov,Croatia,Male,Privlaka,Rhycero,60251.02,HRK
Shawn,Gardner,sgardnerhx@google.ca,China,Male,Baiheshan,Jabbercube,96406.42,CNY
Marie,Carr,mcarrhy@toplist.cz,Ghana,Female,Dome,Skipstorm,56565.19,GHS
Laura,Gibson,lgibsonhz@mayoclinic.com,Uganda,Female,Mubende,Feednation,90877.94,UGX
Heather,Daniels,hdanielsi0@narod.ru,Indonesia,Female,Krebet,Tagpad,23827.49,IDR
Linda,Wagner,lwagneri1@nytimes.com,Poland,Female,Malec,Katz,44403.92,PLN
Willie,Scott,wscotti2@goo.gl,Indonesia,Male,Getung,Midel,8767.00,IDR
Linda,Ruiz,lruizi3@infoseek.co.jp,China,Female,Gaojialing,Tagpad,55402.31,CNY
Lori,Frazier,lfrazieri4@unicef.org,Russia,Female,Shushary,Talane,4400.63,RUB
Phillip,Gomez,pgomezi5@pbs.org,Ukraine,Male,Markova,Wikizz,87584.42,UAH
Paula,Henderson,phendersoni6@unblog.fr,Spain,Female,Santander,Yotz,85438.91,EUR
Frances,Russell,frusselli7@pagesperso-orange.fr,Peru,Female,Chimbote,Quatz,34552.71,PEN
Laura,Fox,lfoxi8@ow.ly,China,Female,Wenxian Chengguanzhen,Skibox,,CNY
Jacqueline,Payne,jpaynei9@usatoday.com,Czech Republic,Female,Zbůch,Devcast,28753.90,CZK
Michael,Fowler,mfowleria@example.com,Israel,Male,H̱olon,Riffpedia,,ILS
Christina,Perkins,cperkinsib@myspace.com,Germany,Female,Leipzig,Chatterbridge,51822.27,EUR
Chris,Jackson,cjacksonic@over-blog.com,Peru,Male,Huacrapuquio,Katz,52802.14,PEN
Ashley,Fisher,afisherid@geocities.com,China,Female,Guandian,Reallinks,67311.91,CNY
Jack,James,jjamesie@ocn.ne.jp,Iran,Male,Pīshvā,Twimm,,IRR
Kathleen,Bryant,kbryantif@yolasite.com,Indonesia,Female,Sintung Timur,Tavu,3947.19,IDR
Scott,Green,sgreenig@xing.com,Russia,Male,Novoorsk,Livetube,65057.65,RUB
Justin,Moore,jmooreih@un.org,Egypt,Male,Diyarb Najm,Oyoba,,EGP
Donna,Wells,dwellsii@nifty.com,Yemen,Female,Al Bāţinah,Skidoo,2592.85,YER
Bobby,Howell,bhowellij@independent.co.uk,Philippines,Male,Bulalacao,Pixonyx,90192.72,PHP
Pamela,Brown,pbrownik@gov.uk,Indonesia,Female,Gandekan,Plambee,47189.15,IDR
Lawrence,Gonzales,lgonzalesil@bbc.co.uk,United States,Male,El Paso,Muxo,43538.07,USD
Ruth,Fisher,rfisherim@yandex.ru,Palestinian Territory,Female,Karney Shomron,Quinu,24434.74,ILS
Mark,Ryan,mryanin@sciencedaily.com,Mongolia,Male,Shiree,Topicstorm,27556.70,MNT
Joshua,West,jwestio@purevolume.com,Russia,Male,Tsotsin-Yurt,Yacero,33766.19,RUB
Brandon,Snyder,bsnyderip@xinhuanet.com,Philippines,Male,General Luna,Divavu,82600.06,PHP
Robin,Wheeler,rwheeleriq@skyrock.com,Kenya,Female,Busia,Centidel,25822.22,KES
Marie,Payne,mpayneir@time.com,China,Female,Nianyushan,Dablist,82886.42,CNY
David,King,dkingis@merriam-webster.com,Russia,Male,Shelabolikha,Snaptags,18643.04,RUB
Judy,Adams,jadamsit@wufoo.com,Mongolia,Female,Arvayheer,Livepath,37511.51,MNT
Amy,Cunningham,acunninghamiu@blogspot.com,Armenia,Female,Kamaris,Yabox,6105.98,AMD
Brenda,Wallace,bwallaceiv@washingtonpost.com,Russia,Female,Petrovskiy,Thoughtblab,63229.30,RUB
Scott,Myers,smyersiw@php.net,Mexico,Male,Azteca,Demivee,80203.46,MXN
Kevin,Rice,kriceix@opensource.org,United States,Male,Springfield,Roomm,22207.62,USD
Justin,Austin,jaustiniy@mac.com,Ireland,Male,Castlepollard,Twiyo,8172.36,EUR
Todd,Morris,tmorrisiz@hostgator.com,Greece,Male,Kýria,Jatri,,EUR
Amanda,Graham,agrahamj0@techcrunch.com,China,Female,Meixian,Gevee,8273.71,CNY
Heather,Fox,hfoxj1@webeden.co.uk,Vietnam,Female,Phú Lộc,Teklist,28861.32,VND
Scott,Howell,showellj2@google.pl,Colombia,Male,Popayán,Ntag,69093.08,COP
Jeffrey,Banks,jbanksj3@4shared.com,Saudi Arabia,Male,Tārūt,Youspan,98433.48,SAR
Joseph,Young,jyoungj4@goo.ne.jp,Palestinian Territory,Male,Bayt Qād,Dynava,20211.60,ILS
Arthur,Cole,acolej5@biglobe.ne.jp,China,Male,Bahe,Meeveo,,CNY
Brandon,Edwards,bedwardsj6@chronoengine.com,Indonesia,Male,Batas Barat,Twitterbeat,4452.81,IDR
Diane,Morrison,dmorrisonj7@yahoo.co.jp,Japan,Female,Sasebo,Pixoboo,26754.09,JPY
Louis,Cook,lcookj8@thetimes.co.uk,Poland,Male,Lipiany,Fadeo,91676.10,PLN
Virginia,Woods,vwoodsj9@ameblo.jp,Russia,Female,Stavropol’,Zoonoodle,53126.60,RUB
Terry,Ward,twardja@blogtalkradio.com,Russia,Male,Vypolzovo,Realcube,57324.75,RUB
Pamela,Owens,powensjb@baidu.com,Indonesia,Female,Nifuboko,Zoonoodle,2881.50,IDR
Lisa,Arnold,larnoldjc@squarespace.com,China,Female,Pengbu,Skyble,,CNY
Roger,Chavez,rchavezjd@alibaba.com,Philippines,Male,Buenavista,Quaxo,29553.88,PHP
Lori,Weaver,lweaverje@imgur.com,China,Female,Hengqiao,Fivebridge,,CNY
Albert,Simpson,asimpsonjf@ucsd.edu,Colombia,Male,Ayapel,Vinte,34926.43,COP
Kenneth,Price,kpricejg@ezinearticles.com,Central African Republic,Male,Birao,Muxo,24191.66,XAF
Judith,Patterson,jpattersonjh@ocn.ne.jp,China,Female,Chifeng,Buzzster,42381.05,CNY
Phyllis,Morales,pmoralesji@google.cn,France,Female,Avon,Tekfly,26376.31,EUR
Doris,Ramos,dramosjj@theatlantic.com,Indonesia,Female,Sebasang,Devcast,33553.10,IDR
Carlos,Banks,cbanksjk@cyberchimps.com,Argentina,Male,Rawson,Twitterbridge,,ARS
Shawn,Harper,sharperjl@mozilla.com,Kyrgyzstan,Male,Kyzyl-Kyya,Kwinu,89547.11,KGS
Russell,Ramirez,rramirezjm@eventbrite.com,Philippines,Male,New Washington,Flashspan,,PHP
Donna,Stephens,dstephensjn@mayoclinic.com,Cuba,Female,Guantánamo,Innojam,2012.40,CUP
Carolyn,Turner,cturnerjo@etsy.com,Philippines,Female,Sagasa,Avaveo,86266.07,PHP
David,Murray,dmurrayjp@wikispaces.com,China,Male,Lianrao,Realblab,24616.74,CNY
Phyllis,Burton,pburtonjq@feedburner.com,Indonesia,Female,Banyulegi,Zoovu,27197.99,IDR
Shirley,Gibson,sgibsonjr@nytimes.com,Venezuela,Female,San Diego,Skinix,70046.50,VEF
Jessica,Austin,jaustinjs@shop-pro.jp,Jordan,Female,Al Jīzah,Zoonder,81220.71,JOD
Debra,Lawrence,dlawrencejt@narod.ru,Croatia,Female,Preko,Oyoba,84538.84,HRK
Nicole,Lopez,nlopezju@webmd.com,Russia,Female,Orlovka,Yata,11402.58,RUB
Kathleen,Palmer,kpalmerjv@oracle.com,South Africa,Female,Virginia,Photospace,46168.01,ZAR
Beverly,Gutierrez,bgutierrezjw@virginia.edu,United States,Female,Silver Spring,Roombo,10015.53,USD
Nicole,Reynolds,nreynoldsjx@amazon.co.jp,Indonesia,Female,Karangasem Laok,Feedfire,13846.09,IDR
Kathy,Franklin,kfranklinjy@twitter.com,Brazil,Female,Monte Mor,Roomm,,BRL
Sandra,Moreno,smorenojz@ucsd.edu,Kiribati,Female,Banraeaba Village,Zoomlounge,40454.42,AUD
Denise,Gutierrez,dgutierrezk0@ox.ac.uk,South Africa,Female,Bronkhorstspruit,Bubblebox,15612.20,ZAR
Kathryn,Hanson,khansonk1@nba.com,Czech Republic,Female,Nymburk,LiveZ,95083.69,CZK
Sarah,Sanchez,ssanchezk2@cbslocal.com,Peru,Female,Tibillo,Oyope,82463.13,PEN
Jack,Ramos,jramosk3@flickr.com,Ukraine,Male,Budy,Lajo,44249.40,UAH
Marie,Henderson,mhendersonk4@nature.com,Myanmar,Female,Mawlamyinegyunn,Rhyloo,34955.67,MMK
Adam,King,akingk5@google.es,Philippines,Male,Tubo,Ntag,60263.91,PHP
Robert,Ryan,rryank6@jugem.jp,Brazil,Male,Abreu e Lima,Aimbu,82469.65,BRL
Jonathan,Bowman,jbowmank7@bing.com,Malaysia,Male,Kuala Lumpur,Zoomdog,32856.63,MYR
Randy,Romero,rromerok8@netvibes.com,Pakistan,Male,Sanjwāl,Roodel,36894.64,PKR
Jane,Wilson,jwilsonk9@ibm.com,Czech Republic,Female,Holice,Browsecat,89035.75,CZK
Anna,Thompson,athompsonka@live.com,Philippines,Female,Naval,Tagchat,,PHP
Stephen,Perez,sperezkb@archive.org,Indonesia,Male,Lahar,Oozz,,IDR
Larry,Richards,lrichardskc@twitter.com,Indonesia,Male,Tanjung,Zoovu,633.51,IDR
Rebecca,Price,rpricekd@latimes.com,Portugal,Female,Quintas,Abatz,45937.62,EUR
Maria,Hudson,mhudsonke@twitter.com,Russia,Female,Pavlogradka,Yadel,8953.11,RUB
Sandra,Rice,sricekf@google.pl,Mongolia,Female,Enhtal,Realpoint,99519.60,MNT
Cynthia,Cooper,ccooperkg@hao123.com,Poland,Female,Siedliska,Agimba,64304.64,PLN
Douglas,Gilbert,dgilbertkh@last.fm,Russia,Male,Yashkul’,Realcube,10541.97,RUB
Phyllis,Richardson,prichardsonki@wikipedia.org,United States,Female,Saint Louis,Thoughtblab,2435.06,USD
Eric,Hayes,ehayeskj@foxnews.com,Russia,Male,Mtsensk,Centizu,64105.74,RUB
Johnny,Meyer,jmeyerkk@jigsy.com,United States,Male,Danbury,Tagfeed,44210.15,USD
David,Harper,dharperkl@webmd.com,Portugal,Male,Meirinhas,Skalith,46001.94,EUR
Kenneth,Armstrong,karmstrongkm@topsy.com,China,Male,Zhuping,Shufflester,6436.61,CNY
Jack,Ferguson,jfergusonkn@sina.com.cn,Russia,Male,Voyskovitsy,Twinte,,RUB
Marilyn,Lewis,mlewisko@sbwire.com,Sweden,Female,Helsingborg,Jaxnation,85555.18,SEK
Rose,Murray,rmurraykp@msu.edu,Czech Republic,Female,Osek nad Bečvou,Skinte,65252.06,CZK
Russell,Morales,rmoraleskq@msn.com,Nicaragua,Male,Quezalguaque,Tagpad,41953.32,NIO
Emily,Hayes,ehayeskr@uiuc.edu,China,Female,Tashang,Abata,46402.73,CNY
Lillian,Harper,lharperks@unesco.org,Brazil,Female,Cravinhos,Jaloo,12197.50,BRL
Martin,Perez,mperezkt@answers.com,Brazil,Male,Dom Pedrito,Chatterbridge,9187.28,BRL
Karen,Washington,kwashingtonku@bizjournals.com,China,Female,Dawan,Gevee,82735.53,CNY
Harold,Hicks,hhickskv@nationalgeographic.com,Brazil,Male,Jaciara,Dazzlesphere,94796.23,BRL
Maria,Porter,mporterkw@geocities.jp,China,Female,Shuangshan,Flashpoint,,CNY
Russell,Armstrong,rarmstrongkx@webnode.com,Russia,Male,Sudislavl’,Realbuzz,1012.10,RUB
Norma,Collins,ncollinsky@miibeian.gov.cn,Armenia,Female,Aygestan,Devshare,98909.65,AMD
Diane,Simmons,dsimmonskz@soup.io,China,Female,Zhuoshui,Jatri,34033.90,CNY
Jason,Henderson,jhendersonl0@jiathis.com,Latvia,Male,Preiļi,Rhyloo,47544.74,EUR
Wanda,Lane,wlanel1@hp.com,Kosovo,Female,Pejë,Centimia,17126.21,EUR
Lisa,Riley,lrileyl2@miitbeian.gov.cn,Pakistan,Female,Malakwāl,Camimbo,15860.31,PKR
Jennifer,Cox,jcoxl3@a8.net,Philippines,Female,Santa Maria,Kamba,85691.73,PHP
Amanda,Powell,apowelll4@symantec.com,Norway,Female,Oslo,Buzzster,69499.94,NOK
Paul,Martin,pmartinl5@google.co.uk,Colombia,Male,Sucre,Zoovu,29267.28,COP
Charles,Richards,crichardsl6@tiny.cc,Serbia,Male,Vranje,Fliptune,9790.30,RSD
Alice,Warren,awarrenl7@usda.gov,Myanmar,Female,Shwebo,Yombu,37231.57,MMK
Richard,Alvarez,ralvarezl8@bandcamp.com,China,Male,Fuxing,JumpXS,4480.73,CNY
Russell,Wheeler,rwheelerl9@rambler.ru,Poland,Male,Kostrzyn nad Odrą,DabZ,17371.40,PLN
Daniel,West,dwestla@newyorker.com,Uruguay,Male,Santa Bernardina,Demizz,6606.56,UYU
Anthony,Bailey,abaileylb@squidoo.com,South Korea,Male,Yangp'yŏng,Linkbuzz,29275.94,KRW
Randy,Henderson,rhendersonlc@mysql.com,Netherlands,Male,Veldhoven,Gabtype,93351.49,EUR
Teresa,Henderson,thendersonld@example.com,Jordan,Female,‘Izrā,Edgeify,25236.16,JOD
Ruth,Fox,rfoxle@sogou.com,Iran,Female,Malāyer,Linklinks,33402.47,IRR
Jack,Simmons,jsimmonslf@unc.edu,Poland,Male,Rudna Mała,Skinix,,PLN
Howard,Watson,hwatsonlg@goodreads.com,China,Male,Shanggan,Tazz,43053.91,CNY
Sara,Willis,swillislh@flavors.me,Indonesia,Female,Panayagan,Mymm,83511.77,IDR
Jerry,Gray,jgrayli@vinaora.com,Tunisia,Male,Al Matlīn,Voolith,11752.09,TND
Ann,West,awestlj@paypal.com,Philippines,Female,Paiisa,Topicstorm,,PHP
Eric,James,ejameslk@yale.edu,France,Male,Périgueux,Ailane,87040.20,EUR
Terry,Kim,tkimll@goodreads.com,China,Male,Beixiang,Gevee,99422.51,CNY
Phillip,Grant,pgrantlm@usnews.com,China,Male,Da’an,Realpoint,97779.72,CNY
Terry,Meyer,tmeyerln@slate.com,Bosnia and Herzegovina,Male,Jelah,Meezzy,18071.59,BAM
Cheryl,Taylor,ctaylorlo@si.edu,China,Female,Liuji,Vitz,53835.93,CNY
Jane,Frazier,jfrazierlp@comcast.net,Kenya,Female,Ol Kalou,Skilith,84845.17,KES
Ernest,White,ewhitelq@nsw.gov.au,Brazil,Male,Macaíba,Oloo,84264.62,BRL
Scott,Allen,sallenlr@github.com,France,Male,Aix-en-Provence,Agivu,57129.66,EUR
Denise,Richardson,drichardsonls@dyndns.org,Czech Republic,Female,Zdounky,Feednation,57644.22,CZK
Kenneth,Brown,kbrownlt@japanpost.jp,Croatia,Male,Preko,Chatterbridge,13196.56,HRK
David,Adams,dadamslu@sciencedirect.com,Bosnia and Herzegovina,Male,Careva Ćuprija,Dabvine,97533.23,BAM
Martin,Moreno,mmorenolv@woothemes.com,Poland,Male,Kowalewo Pomorskie,Agivu,22070.01,PLN
Denise,Clark,dclarklw@thetimes.co.uk,Cameroon,Female,Tonga,Skyba,31642.43,XAF
Philip,Stephens,pstephenslx@tripod.com,Indonesia,Male,Dawuhan,Meeveo,1573.99,IDR
Teresa,Black,tblackly@ftc.gov,Russia,Female,Yëlkino,Youbridge,23219.30,RUB
Nicole,Mason,nmasonlz@example.com,Spain,Female,Lleida,Skiba,270.46,EUR
William,Weaver,wweaverm0@booking.com,China,Male,Changning,Zoonoodle,95722.58,CNY
Randy,Smith,rsmithm1@seesaa.net,Finland,Male,Kiikala,Quatz,,EUR
Deborah,Ramos,dramosm2@google.ca,Portugal,Female,Cabo de Vila,Oyope,39701.98,EUR
Kenneth,Kim,kkimm3@gov.uk,China,Male,Huangshanguan,Twitterlist,83233.86,CNY
Sarah,Barnes,sbarnesm4@bigcartel.com,Russia,Female,Rasskazovo,Realpoint,,RUB
Nancy,Peterson,npetersonm5@biglobe.ne.jp,Paraguay,Female,Los Cedrales,Jamia,29475.84,PYG
Bonnie,Castillo,bcastillom6@hud.gov,Indonesia,Female,Cigadung,Photobug,8083.74,IDR
Joseph,Moreno,jmorenom7@reference.com,Nepal,Male,Butwāl,Mycat,71953.97,NPR
Carol,Armstrong,carmstrongm8@usgs.gov,Russia,Female,Krasnoarmeysk,Trunyx,77897.03,RUB
Phyllis,Williamson,pwilliamsonm9@guardian.co.uk,Brazil,Female,Lajinha,Skinder,93999.89,BRL
James,Miller,jmillerma@netscape.com,Lithuania,Male,Mazeikiai,Shufflebeat,,LTL
Jennifer,Carr,jcarrmb@miitbeian.gov.cn,Philippines,Female,Tranca,Snaptags,52714.70,PHP
Jessica,Bishop,jbishopmc@g.co,China,Female,Chengnan,Kazio,53305.54,CNY
Linda,Nguyen,lnguyenmd@cdc.gov,China,Female,Dangchang Chengguanzhen,Tagopia,14212.20,CNY
Ruby,Murphy,rmurphyme@nature.com,China,Female,Yanglinshi,Wordware,80420.85,CNY
Adam,Gray,agraymf@drupal.org,China,Male,Pantang,Eabox,,CNY
Jean,Alvarez,jalvarezmg@barnesandnoble.com,China,Female,Qingsong,Lajo,86968.37,CNY
Joe,Roberts,jrobertsmh@bandcamp.com,China,Male,Hengling,Dabjam,70867.09,CNY
Jerry,Shaw,jshawmi@uiuc.edu,China,Male,Pingle,Photofeed,1543.17,CNY
Marie,Cunningham,mcunninghammj@ibm.com,China,Female,Huimin,Realblab,95413.25,CNY
Theresa,Dean,tdeanmk@hostgator.com,China,Female,Yongding,Zoonoodle,93098.89,CNY
George,Robinson,grobinsonml@google.cn,Argentina,Male,Villa Lugano,Jayo,66808.96,ARS
Scott,Meyer,smeyermm@qq.com,Hong Kong,Male,Tai Po,Zava,67127.77,HKD
Henry,Mitchell,hmitchellmn@prnewswire.com,Indonesia,Male,Manola,Trilia,26189.92,IDR
Philip,Holmes,pholmesmo@vinaora.com,Portugal,Male,Bertelhe,Babbleopia,57345.47,EUR
Diana,Brooks,dbrooksmp@usgs.gov,China,Female,Sigou,Meedoo,,CNY
Andrew,Smith,asmithmq@nature.com,Portugal,Male,Monte da Pedra,Edgewire,,EUR
Christopher,Price,cpricemr@joomla.org,Nigeria,Male,Igbor,Yombu,97503.60,NGN
Amanda,Bailey,abaileyms@mediafire.com,Nigeria,Female,Aku,Buzzshare,63813.83,NGN
Alice,Garrett,agarrettmt@weebly.com,Guatemala,Female,Sacapulas,Buzzshare,66022.89,GTQ
Gloria,Reynolds,greynoldsmu@moonfruit.com,Russia,Female,Beloostrov,Voomm,11128.36,RUB
Paula,Stevens,pstevensmv@blogspot.com,Brazil,Female,Santa Luzia,Yacero,12713.54,BRL
Donald,Evans,devansmw@va.gov,Indonesia,Male,Cibiru,Quimba,6111.97,IDR
Ernest,Coleman,ecolemanmx@samsung.com,Sweden,Male,Södertälje,Demizz,6530.04,SEK
Karen,Gonzales,kgonzalesmy@4shared.com,China,Female,Nanxindian,Fadeo,53314.85,CNY
Philip,George,pgeorgemz@yelp.com,Brazil,Male,Jaboatão,Jabberbean,81613.66,BRL
Jean,Lewis,jlewisn0@twitter.com,Albania,Female,Labinot-Mal,Kare,52938.28,ALL
Jacqueline,Burton,jburtonn1@amazon.co.jp,Sweden,Female,Sunne,Browsezoom,23173.00,SEK
Gregory,Olson,golsonn2@youtu.be,Brazil,Male,Bela Vista,Blognation,88294.02,BRL
Patricia,Warren,pwarrenn3@abc.net.au,Indonesia,Female,Mbongawani,Trilith,84280.39,IDR
Barbara,Mendoza,bmendozan4@netlog.com,Indonesia,Female,Tegalloa,Photobean,59814.32,IDR
Dorothy,Frazier,dfraziern5@blog.com,Canada,Female,Coaldale,Skinix,16722.37,CAD
Brian,Perry,bperryn6@privacy.gov.au,China,Male,Huanglin,Topicblab,30967.52,CNY
Christina,Carroll,ccarrolln7@oakley.com,Nigeria,Female,Katsina,Roombo,98639.04,NGN
Shirley,Davis,sdavisn8@elegantthemes.com,Argentina,Female,General Manuel J. Campos,Feedfire,38990.34,ARS
Mary,Butler,mbutlern9@dailymotion.com,Indonesia,Female,Bogorejo,Realcube,85384.48,IDR
Ashley,Gardner,agardnerna@yandex.ru,Indonesia,Female,Kertosari,Bubblemix,73456.22,IDR
Robert,Peterson,rpetersonnb@uiuc.edu,China,Male,Donghe,Fiveclub,,CNY
Helen,Duncan,hduncannc@engadget.com,Jamaica,Female,Bull Savanna,Divavu,89510.60,JMD
Jane,Smith,jsmithnd@opensource.org,Mexico,Female,Rafael Hernandez Ochoa,Twimm,78583.39,MXN
Shawn,Cruz,scruzne@etsy.com,China,Male,Beiwa,Innojam,28768.32,CNY
Susan,Montgomery,smontgomerynf@cbslocal.com,China,Female,Miaoling,Realmix,38146.57,CNY
Rose,Frazier,rfrazierng@tumblr.com,Malaysia,Female,Kota Kinabalu,Innojam,5325.61,MYR
Kathleen,Franklin,kfranklinnh@si.edu,United States,Female,Grand Rapids,Divape,,USD
Johnny,Ray,jrayni@blogs.com,Cameroon,Male,Doumé,Browsetype,56142.46,XAF
Andrea,Hansen,ahansennj@linkedin.com,Ukraine,Female,Balaklava,Kaymbo,9686.79,UAH
Mark,Cooper,mcoopernk@sbwire.com,Kazakhstan,Male,Altay,Jaxspan,,KZT
Antonio,Harvey,aharveynl@usda.gov,Indonesia,Male,Panjir,Bluezoom,,IDR
Anthony,Campbell,acampbellnm@jimdo.com,Mali,Male,Kinmparana,Rhyzio,11524.64,XOF
Catherine,Montgomery,cmontgomerynn@bbc.co.uk,Brazil,Female,Pindaré Mirim,Wordpedia,7725.94,BRL
Michelle,Roberts,mrobertsno@dyndns.org,China,Female,Baisha,Tagpad,60151.89,CNY
Ann,Gonzalez,agonzaleznp@live.com,Honduras,Female,Teupasenti,Katz,52203.89,HNL
Elizabeth,Hansen,ehansennq@webs.com,Ukraine,Female,Bile,Tagpad,50719.84,UAH
Jane,Lewis,jlewisnr@networkadvertising.org,China,Female,Youwei,Photobug,70003.08,CNY
Helen,Mills,hmillsns@rediff.com,Czech Republic,Female,Rovensko pod Troskami,Skalith,9395.17,CZK
Denise,Young,dyoungnt@privacy.gov.au,Argentina,Female,Tama,Realcube,23729.54,ARS
Julie,Jenkins,jjenkinsnu@google.com.au,United States,Female,Baltimore,Dablist,95304.35,USD
Shawn,Willis,swillisnv@discovery.com,Russia,Male,Zelenograd,Topicshots,66373.32,RUB
Marie,Cook,mcooknw@deviantart.com,Venezuela,Female,Capatárida,Jetpulse,83252.89,VEF
Sandra,Stanley,sstanleynx@trellian.com,Uganda,Female,Gulu,Innojam,,UGX
Emily,Ramirez,eramirezny@nyu.edu,China,Female,Kokagax,Ozu,34407.78,CNY
William,Evans,wevansnz@nih.gov,Portugal,Male,Moscavide,Devpoint,47021.68,EUR
John,Bowman,jbowmano0@google.es,Ukraine,Male,Oleksandrivka,Eazzy,28452.81,UAH
Carolyn,Gutierrez,cgutierrezo1@bloomberg.com,Portugal,Female,Almendra,Browseblab,68839.68,EUR
Ashley,Daniels,adanielso2@elpais.com,Indonesia,Female,Sidomulyo,Skivee,64047.23,IDR
Gloria,Gardner,ggardnero3@psu.edu,Portugal,Female,Figueiredo,Feedfish,9711.14,EUR
Marilyn,Greene,mgreeneo4@google.nl,Indonesia,Female,Lewokluok,Wikibox,95876.00,IDR
Michael,Matthews,mmatthewso5@tiny.cc,Serbia,Male,Bački Petrovac,Leenti,89392.34,RSD
Steve,Mills,smillso6@virginia.edu,China,Male,Xingfeng,Cogibox,41770.71,CNY
Nancy,Marshall,nmarshallo7@123-reg.co.uk,Brazil,Female,Itatiba,Flipopia,83883.38,BRL
Harry,Warren,hwarreno8@i2i.jp,Indonesia,Male,Jetak,Feedfish,57998.28,IDR
Melissa,Franklin,mfranklino9@who.int,Indonesia,Female,Kertamukti,Photospace,62037.09,IDR
Carl,Kelly,ckellyoa@webs.com,Mexico,Male,Vicente Guerrero,Voolia,70115.56,MXN
Gerald,Stevens,gstevensob@icq.com,Poland,Male,Lubochnia,Youtags,28817.17,PLN
Daniel,Woods,dwoodsoc@vimeo.com,China,Male,Wuyang,Quatz,80351.26,CNY
Gregory,Medina,gmedinaod@cdc.gov,Poland,Male,Iłowo -Osada,Dabvine,46133.72,PLN
Rebecca,Gomez,rgomezoe@yellowpages.com,Bolivia,Female,Rurrenabaque,Jabbercube,10155.10,BOB
Jesse,Freeman,jfreemanof@stanford.edu,Indonesia,Male,Pagelaran,Meeveo,61664.88,IDR
Harold,Mitchell,hmitchellog@samsung.com,Brazil,Male,Poços de Caldas,Centizu,64139.24,BRL
Frances,Nelson,fnelsonoh@oaic.gov.au,Finland,Female,Jurva,Quaxo,,EUR
Terry,White,twhiteoi@liveinternet.ru,Czech Republic,Male,Mostek,Gabtune,5543.70,CZK
Jessica,Garrett,jgarrettoj@goo.gl,Indonesia,Female,Bantul,Gigabox,68887.90,IDR
Philip,Meyer,pmeyerok@hubpages.com,Ukraine,Male,Koryukivka,Skimia,47020.11,UAH
Mildred,Bryant,mbryantol@jigsy.com,Japan,Female,Toyota,Bubblemix,7676.52,JPY
Pamela,Palmer,ppalmerom@furl.net,Zambia,Female,Mwinilunga,Skyble,66173.13,ZMW
Kathryn,Powell,kpowellon@dedecms.com,East Timor,Female,Ainaro,Aivee,99153.78,USD
Shirley,Phillips,sphillipsoo@bbb.org,Colombia,Female,Risaralda,Jetpulse,14407.03,COP
Alice,Howard,ahowardop@blog.com,Indonesia,Female,Lebak,Gabtune,51791.41,IDR
Steve,Bennett,sbennettoq@furl.net,China,Male,Yongfa,Leenti,78633.18,CNY
Mark,Morrison,mmorrisonor@msn.com,Yemen,Male,Al Mashāf,Twitterbeat,73707.82,YER
Marie,Duncan,mduncanos@weibo.com,China,Female,Ziyuan,Jatri,79580.77,CNY
David,Bishop,dbishopot@foxnews.com,Costa Rica,Male,San Pablo,Dabfeed,98943.68,CRC
Judy,Fox,jfoxou@mtv.com,China,Female,Hesi,Twinte,98955.68,CNY
Brandon,Martin,bmartinov@barnesandnoble.com,Thailand,Male,Ban Chang,Vipe,56649.48,THB
Carl,Lawrence,clawrenceow@amazon.com,Poland,Male,Targanice,Nlounge,60733.60,PLN
Joan,Nguyen,jnguyenox@tripod.com,Malta,Female,Żabbar,Tekfly,96598.33,EUR
Brenda,Lawson,blawsonoy@yolasite.com,Germany,Female,Berlin,Thoughtsphere,79243.29,EUR
Harry,Kelley,hkelleyoz@elegantthemes.com,Colombia,Male,Arauca,Eadel,27722.16,COP
Samuel,Boyd,sboydp0@google.de,Indonesia,Male,Malabar,Skipfire,45423.59,IDR
Cynthia,Miller,cmillerp1@timesonline.co.uk,Russia,Female,Malinovskiy,Lajo,77235.70,RUB
Eugene,Lopez,elopezp2@ed.gov,Indonesia,Male,Krajan,Oyondu,,IDR
Phyllis,Peters,ppetersp3@cbc.ca,Indonesia,Female,Krajan Sumberanget,Jazzy,43469.34,IDR
Diane,Coleman,dcolemanp4@prnewswire.com,China,Female,Wumahe,Wikido,2234.78,CNY
Stephen,Webb,swebbp5@paginegialle.it,Philippines,Male,Pandakan,Zoomzone,43650.40,PHP
Gary,Robertson,grobertsonp6@lulu.com,Madagascar,Male,Maroantsetra,Rhyloo,17718.68,MGA
Sharon,Young,syoungp7@posterous.com,Portugal,Female,Vaiamonte,Browsetype,13486.91,EUR
Steven,Palmer,spalmerp8@howstuffworks.com,Mexico,Male,Del Valle,Yotz,11338.25,MXN
Nicholas,Campbell,ncampbellp9@washington.edu,Poland,Male,Czarna Białostocka,Thoughtbeat,24661.86,PLN
Diane,Reyes,dreyespa@furl.net,Nigeria,Female,Birnin Kebbi,Edgepulse,39423.46,NGN
Nicholas,Ramirez,nramirezpb@boston.com,China,Male,Dadong’ao,Ailane,71875.97,CNY
Cheryl,Shaw,cshawpc@infoseek.co.jp,Czech Republic,Female,Vroutek,Bubblemix,,CZK
Brandon,James,bjamespd@gov.uk,United States,Male,Madison,BlogXS,3873.11,USD
Raymond,Morris,rmorrispe@google.de,China,Male,Ligang,Gabspot,73227.01,CNY
Johnny,Reynolds,jreynoldspf@google.nl,Indonesia,Male,Babakanloa,Eimbee,81787.00,IDR
Norma,Cox,ncoxpg@samsung.com,China,Female,Wang’er,Jazzy,,CNY
Shirley,Medina,smedinaph@theatlantic.com,United States,Female,Newton,Meetz,66785.37,USD
Steve,Oliver,soliverpi@symantec.com,Mexico,Male,San Juan,Edgewire,10091.17,MXN
Bruce,Allen,ballenpj@sogou.com,Indonesia,Male,Krajanjugosari,Roombo,56001.15,IDR
Jimmy,Carter,jcarterpk@mysql.com,Philippines,Male,Patria,Jayo,33248.05,PHP
Sarah,Gibson,sgibsonpl@youtu.be,France,Female,Chaumont,Realfire,49156.14,EUR
Christine,Griffin,cgriffinpm@wufoo.com,Japan,Female,Ōkawa,Skiba,56909.79,JPY
Mark,Webb,mwebbpn@ifeng.com,United States,Male,Chattanooga,Brainverse,8263.62,USD
Theresa,Frazier,tfrazierpo@gravatar.com,Indonesia,Female,Liliana,Oyondu,56114.66,IDR
Sean,Larson,slarsonpp@blogspot.com,Brazil,Male,Medianeira,Bluezoom,54316.19,BRL
Juan,Lawson,jlawsonpq@si.edu,Portugal,Male,Seia,Thoughtmix,13005.99,EUR
Sandra,Ortiz,sortizpr@123-reg.co.uk,China,Female,Caobi,Fadeo,7025.26,CNY
Charles,Reed,creedps@youku.com,Czech Republic,Male,Holoubkov,Fadeo,49386.50,CZK
Joyce,Griffin,jgriffinpt@hao123.com,China,Female,Nan’an,Skidoo,42208.78,CNY
Norma,Banks,nbankspu@storify.com,China,Female,Minshan,Zoomzone,37926.29,CNY
Samuel,Payne,spaynepv@nba.com,Indonesia,Male,Banakaja,Skimia,,IDR
Jimmy,Fisher,jfisherpw@phpbb.com,Poland,Male,Stąporków,Linklinks,,PLN
Rebecca,Welch,rwelchpx@google.com.hk,Slovenia,Female,Bistrica pri Tržiču,Twinte,23003.62,EUR
Ruth,Lawrence,rlawrencepy@dell.com,France,Female,Argenteuil,Agimba,26822.82,EUR
Alan,Alexander,aalexanderpz@ucoz.com,France,Male,Marseille,Dabjam,82167.80,EUR
Lillian,Kelly,lkellyq0@mozilla.com,China,Female,Huai’an,Thoughtworks,,CNY
Bobby,Garcia,bgarciaq1@about.com,Russia,Male,Volzhsk,Dazzlesphere,97085.46,RUB
Heather,Porter,hporterq2@trellian.com,Poland,Female,Ostrówek,Skimia,46277.76,PLN
Jack,Anderson,jandersonq3@360.cn,Azerbaijan,Male,Shamkhor,Tagopia,22692.29,AZN
Kathleen,Snyder,ksnyderq4@people.com.cn,Brazil,Female,Estância Velha,Trunyx,95922.03,BRL
Stephen,Duncan,sduncanq5@washingtonpost.com,Nigeria,Male,Oguma,Trunyx,21921.85,NGN
Aaron,Willis,awillisq6@bandcamp.com,Philippines,Male,Bantuanon,Vidoo,74618.54,PHP
Margaret,Castillo,mcastilloq7@ted.com,Gambia,Female,Abuko,Photobug,24746.58,GMD
Lawrence,Schmidt,lschmidtq8@mapy.cz,"Bonaire, Saint Eustatius and Saba ",Male,Oranjestad,Twiyo,79475.94,USD
Pamela,James,pjamesq9@loc.gov,Philippines,Female,Quinipot,Skinder,68464.95,PHP
Steven,Clark,sclarkqa@alibaba.com,Bulgaria,Male,Akhtopol,Buzzster,13339.87,BGN
Rebecca,Payne,rpayneqb@networksolutions.com,Poland,Female,Zagórze,Brightbean,6085.35,PLN
Ralph,Young,ryoungqc@blogger.com,Mali,Male,Tessalit,Jetwire,42903.70,XOF
Lori,Hunter,lhunterqd@google.com.br,Colombia,Female,Pitalito,Yakijo,,COP
Harry,Anderson,handersonqe@cnn.com,Greece,Male,Neos Voutzás,Babbleblab,73388.33,EUR
James,Day,jdayqf@deviantart.com,Indonesia,Male,Soko,Latz,10303.07,IDR
Jeremy,Perkins,jperkinsqg@weather.com,Yemen,Male,Şuwayr,Twitterlist,32799.46,YER
Jonathan,Elliott,jelliottqh@usgs.gov,Sweden,Male,Åkersberga,Ntags,16245.28,SEK
Eugene,Medina,emedinaqi@gizmodo.com,China,Male,Wuhao,Kwinu,51530.00,CNY
Ryan,Perry,rperryqj@sciencedaily.com,Indonesia,Male,Fatuhilik,Yabox,67570.34,IDR
Keith,Fuller,kfullerqk@nps.gov,Sweden,Male,Tyresö,Plambee,90487.28,SEK
Charles,Chavez,cchavezql@blinklist.com,Czech Republic,Male,Mostek,Einti,84456.87,CZK
Brandon,Cunningham,bcunninghamqm@google.it,Tajikistan,Male,Gharavŭtí,Brightdog,18625.42,TJS
Patrick,Ryan,pryanqn@yale.edu,United States,Male,El Paso,Flashpoint,63937.75,USD
Ernest,Hall,ehallqo@people.com.cn,Thailand,Male,Ban Ratsada,Yodo,26332.75,THB
Dorothy,Chapman,dchapmanqp@mayoclinic.com,Czech Republic,Female,Moravský Krumlov,Wikibox,36156.56,CZK
Louis,Fox,lfoxqq@npr.org,Nigeria,Male,Oji River,Trupe,91779.79,NGN
Clarence,Arnold,carnoldqr@guardian.co.uk,Greece,Male,Pelasgía,Chatterbridge,20139.23,EUR
Keith,Wagner,kwagnerqs@msn.com,Colombia,Male,Potosí,Youopia,29311.31,COP
Brian,Olson,bolsonqt@issuu.com,China,Male,Mainri,Browsebug,7773.15,CNY
Matthew,Ford,mfordqu@csmonitor.com,Tanzania,Male,Namalenga,Janyx,64720.24,TZS
Clarence,Gonzalez,cgonzalezqv@foxnews.com,China,Male,Zhushan,Fivebridge,7414.46,CNY
Billy,Wright,bwrightqw@statcounter.com,Sweden,Male,Luleå,Realpoint,18245.24,SEK
Carl,Castillo,ccastilloqx@businesswire.com,Indonesia,Male,Padangguci,Brightdog,63789.73,IDR
Henry,Lawrence,hlawrenceqy@gnu.org,Indonesia,Male,Dangbigih,Rhycero,,IDR
Annie,Spencer,aspencerqz@phoca.cz,Poland,Female,Czarne,Mynte,7791.29,PLN
Martha,Perez,mperezr0@jalbum.net,Thailand,Female,Nong Saeng,Brainverse,65950.78,THB
Sarah,Perry,sperryr1@theguardian.com,China,Female,Niu,Feedspan,76350.04,CNY
Linda,Parker,lparkerr2@wix.com,Turkmenistan,Female,Balkanabat,Zoombox,99708.26,TMT
Brian,Snyder,bsnyderr3@cpanel.net,China,Male,Longshan,Edgepulse,79288.59,CNY
Lisa,Stone,lstoner4@salon.com,Indonesia,Female,Babakandesa,Topiclounge,69320.14,IDR
Brian,Barnes,bbarnesr5@pen.io,Indonesia,Male,Citeguh,Cogilith,38958.69,IDR
Lawrence,Boyd,lboydr6@marketwatch.com,Canada,Male,Lorraine,Trudoo,93721.35,CAD
Jesse,Perry,jperryr7@toplist.cz,Greece,Male,Néa Karváli,Mybuzz,68241.41,EUR
Gerald,Mitchell,gmitchellr8@youtu.be,Yemen,Male,Mayfa‘ah,Janyx,3298.83,YER
Shirley,Lane,slaner9@free.fr,Finland,Female,Ranua,Skilith,,EUR
Ronald,Hart,rhartra@hibu.com,Afghanistan,Male,Pāshmūl,Gabcube,21783.67,AFN
Maria,Kelley,mkelleyrb@oracle.com,Japan,Female,Yoshii,Latz,98715.75,JPY
Ashley,Jacobs,ajacobsrc@rediff.com,Malaysia,Female,Kuala Terengganu,Wikizz,58999.67,MYR
Jesse,Hernandez,jhernandezrd@hc360.com,Poland,Male,Łęki,Aivee,11102.00,PLN
Joe,Ellis,jellisre@elegantthemes.com,China,Male,Tanghua,Brainverse,22233.13,CNY
Matthew,Pierce,mpiercerf@hubpages.com,Poland,Male,Spiczyn,Roodel,34935.29,PLN
Amy,Hansen,ahansenrg@1und1.de,Greece,Female,Lagkadás,Skimia,8227.31,EUR
Christine,Snyder,csnyderrh@opensource.org,Norway,Female,Ålesund,Abata,1182.84,NOK
Rose,Cooper,rcooperri@springer.com,Pakistan,Female,Sūrāb,Centidel,36559.06,PKR
Amanda,Williamson,awilliamsonrj@cdc.gov,Kenya,Female,Mumias,Voonyx,14493.60,KES
Larry,Day,ldayrk@ning.com,Philippines,Male,Sinilian First,Flipopia,78682.08,PHP
Craig,Montgomery,cmontgomeryrl@fastcompany.com,China,Male,Gelan,Rhynoodle,11266.07,CNY
Barbara,Hudson,bhudsonrm@unc.edu,Philippines,Female,Caromatan,Eayo,,PHP
Mary,Grant,mgrantrn@deliciousdays.com,Brazil,Female,Araripina,Realblab,97511.61,BRL
Clarence,Palmer,cpalmerro@acquirethisname.com,Indonesia,Male,Mangseng,Browsecat,29583.05,IDR
Gerald,Nguyen,gnguyenrp@wiley.com,Albania,Male,Voskop,Divavu,18601.10,ALL
Gary,Martin,gmartinrq@jigsy.com,Portugal,Male,Parada de Todeia,Buzzster,63752.53,EUR
Ryan,Miller,rmillerrr@qq.com,China,Male,Dalubian,Ntag,16826.13,CNY
