Ann,Chapman,achapman0@multiply.com,China,Female,Shilong,Divanoodle,,CNY
Roger,Holmes,rholmes1@vistaprint.com,Sweden,Male,Fagersta,Chatterpoint,,SEK
Phillip,Murphy,pmurphy2@linkedin.com,China,Male,E’erdun Wula,Skivee,36628.64,CNY
Marilyn,Ramos,mramos3@ezinearticles.com,Kazakhstan,Female,Esik,Browsedrive,50412.06,KZT
Patricia,Thompson,pthompson4@icio.us,China,Female,Zhouzai,Geba,,CNY
Catherine,Mitchell,cmitchell5@sphinn.com,Japan,Female,Miharu,Zoomdog,47382.22,JPY
Jesse,Olson,jolson6@zdnet.com,Madagascar,Male,Sakaraha,Jabbersphere,77012.97,MGA
Susan,Chavez,schavez7@techcrunch.com,Kenya,Female,Lodwar,Jaxspan,,KES
Helen,Martin,hmartin8@imageshack.us,Nepal,Female,Dhankutā,Innojam,84086.70,NPR
Harold,Smith,hsmith9@ucoz.com,Ukraine,Male,Ropcha,Yombu,63170.51,UAH
George,Ford,gforda@whitehouse.gov,Colombia,Male,Guaitarilla,Riffpedia,53631.74,COP
Justin,Gomez,jgomezb@cargocollective.com,Serbia,Male,Srpska Crnja,Browsebug,46590.07,RSD
Joan,Reed,jreedc@uol.com.br,Vietnam,Female,Ninh Giang,Photospace,89473.98,VND
Pamela,Gonzalez,pgonzalezd@ow.ly,China,Female,Jiezi,Nlounge,,CNY
Scott,Flores,sflorese@noaa.gov,China,Male,Longshan,Trupe,75696.80,CNY
Ernest,Bailey,ebaileyf@salon.com,France,Male,Brive-la-Gaillarde,Realpoint,66777.59,EUR
Jane,Ray,jrayg@ow.ly,Russia,Female,Krasnokholm,Youspan,,RUB
Jacqueline,Clark,jclarkh@samsung.com,Indonesia,Female,Windusakti Hilir,Jaxbean,93377.60,IDR
Jason,Gibson,jgibsoni@wikimedia.org,Russia,Male,Myshkin,Shufflester,41980.66,RUB
Phillip,Nguyen,pnguyenj@dedecms.com,Morocco,Male,Oued Zem,Yakitri,65385.71,MAD
Ernest,Richardson,erichardsonk@domainmarket.com,France,Male,Courbevoie,Linkbuzz,32444.67,EUR
Russell,Russell,rrusselll@storify.com,China,Male,Hengling,Gigazoom,67487.07,CNY
Nicole,Sims,nsimsm@yahoo.co.jp,Argentina,Female,Daireaux,Ozu,66688.05,ARS
Brian,King,bkingn@usa.gov,Sweden,Male,Göteborg,Demizz,16572.00,SEK
Joan,Morales,jmoraleso@cargocollective.com,North Korea,Female,Ayang-ni,Yakitri,,KPW
Aaron,Carr,acarrp@auda.org.au,Luxembourg,Male,Hesperange,Quimba,,EUR
Joyce,Hernandez,jhernandezq@w3.org,Indonesia,Female,Wolomoni,Zoombeat,88818.93,IDR
George,Castillo,gcastillor@delicious.com,China,Male,Huangmei,Yamia,,CNY
Emily,Henry,ehenrys@va.gov,Netherlands,Female,Heerlen,Blogtags,64280.55,EUR
Denise,Jacobs,djacobst@umn.edu,Mexico,Female,San Francisco,Twitterbeat,10482.88,MXN
Diana,Griffin,dgriffinu@mysql.com,Sweden,Female,Jönköping,Plajo,29561.46,SEK
Willie,Kelly,wkellyv@comcast.net,Philippines,Male,Caminauit,Twitterwire,767.85,PHP
Janice,Shaw,jshaww@livejournal.com,Croatia,Female,Oštarije,Aimbu,22105.50,HRK
Mildred,Woods,mwoodsx@google.nl,Angola,Female,Nzeto,Eare,17650.06,AOA
Sarah,Bowman,sbowmany@google.cn,Democratic Republic of the Congo,Female,Mangai,Brainverse,92732.78,CDF
Charles,Owens,cowensz@buzzfeed.com,Sweden,Male,Torslanda,Muxo,78959.08,SEK
Sandra,Mccoy,smccoy10@myspace.com,Switzerland,Female,Basel,Chatterpoint,45275.43,CHF
Harry,Watson,hwatson11@home.pl,Afghanistan,Male,Zīrakī,Riffpath,54536.52,AFN
Dennis,Freeman,dfreeman12@nbcnews.com,Indonesia,Male,Alanga,Twitterworks,,IDR
Ralph,Hudson,rhudson13@miitbeian.gov.cn,Samoa,Male,Vailoa,InnoZ,14808.18,WST
Kathleen,Richards,krichards14@nasa.gov,Philippines,Female,Umabay,Centimia,26793.47,PHP
Rose,Frazier,rfrazier15@pbs.org,Indonesia,Female,Doro Oo,Gigaclub,31686.85,IDR
James,Carpenter,jcarpenter16@senate.gov,Nicaragua,Male,Jiquilillo,Centizu,43702.14,NIO
Michael,Pierce,mpierce17@hud.gov,Thailand,Male,Roi Et,Brainsphere,33419.68,THB
Eugene,Adams,eadams18@intel.com,Bosnia and Herzegovina,Male,Blatnica,Yadel,16922.07,BAM
Brian,Carroll,bcarroll19@mozilla.org,Armenia,Male,Fantan,Zoozzy,3185.71,AMD
Ralph,Perkins,rperkins1a@pagesperso-orange.fr,Malaysia,Male,Pulau Pinang,Yata,30282.40,MYR
Judy,Romero,jromero1b@barnesandnoble.com,China,Female,Guangsheng,Izio,45136.42,CNY
Amanda,Parker,aparker1c@dot.gov,Costa Rica,Female,La Virgen,Blogtags,93304.99,CRC
Keith,Medina,kmedina1d@ucoz.com,Indonesia,Male,Gondang,Blogspan,7794.94,IDR
Rose,Long,rlong1e@behance.net,China,Female,Junliangcheng,Edgetag,39424.48,CNY
Barbara,Daniels,bdaniels1f@eepurl.com,Brazil,Female,Macapá,Pixoboo,87118.12,BRL
Steven,Gordon,sgordon1g@squidoo.com,Philippines,Male,Barcelona,Zoomlounge,38415.62,PHP
Barbara,Torres,btorres1h@shutterfly.com,Brazil,Female,Salinas,Zoonder,,BRL
Harry,Rogers,hrogers1i@theguardian.com,Macedonia,Male,Крива Паланка,Wordpedia,,MKD
Barbara,Harris,bharris1j@angelfire.com,New Zealand,Female,Rothesay Bay,Oyondu,,NZD
Keith,Bryant,kbryant1k@linkedin.com,Pakistan,Male,Panjgūr,Pixope,50418.39,PKR
Catherine,Dean,cdean1l@cbsnews.com,Indonesia,Female,Medalem,Plajo,52179.24,IDR
Joan,Stephens,jstephens1m@prlog.org,Morocco,Female,Tazemmourt,Skyba,28824.43,MAD
Billy,Dean,bdean1n@marketwatch.com,Pakistan,Male,Bhāi Pheru,Jabbercube,97851.99,PKR
Timothy,Howell,thowell1o@japanpost.jp,Russia,Male,Timiryazevskoye,Mydeo,9054.43,RUB
Adam,Harris,aharris1p@salon.com,Philippines,Male,Gamut,Eare,99429.19,PHP
Daniel,Owens,dowens1q@163.com,Thailand,Male,Bang Na,Kanoodle,96308.50,THB
Stephanie,Porter,sporter1r@smh.com.au,China,Female,Hejiaping,Jabberstorm,,CNY
William,Webb,wwebb1s@sogou.com,Portugal,Male,Quintas,Aibox,,EUR
Ernest,Stewart,estewart1t@scribd.com,Brazil,Male,Leopoldina,Brightdog,26190.60,BRL
Bonnie,Patterson,bpatterson1u@yandex.ru,China,Female,Lianhe,Kayveo,76840.53,CNY
Raymond,Johnston,rjohnston1v@exblog.jp,Peru,Male,Lima,Midel,,PEN
Helen,Black,hblack1w@bbc.co.uk,China,Female,Zhanghuban,Zoomlounge,97634.11,CNY
Doris,Murray,dmurray1x@sogou.com,Indonesia,Female,Ruteng,Twitterworks,60453.05,IDR
Aaron,Mitchell,amitchell1y@storify.com,Brazil,Male,Cabrobó,Teklist,30620.23,BRL
Mary,Dunn,mdunn1z@statcounter.com,Argentina,Female,Capitán Bermúdez,Feedfish,34305.85,ARS
Anna,Russell,arussell20@samsung.com,Philippines,Female,Payao,Minyx,41659.84,PHP
Elizabeth,Bell,ebell21@umich.edu,Indonesia,Female,Bunobogu,Twinder,18422.89,IDR
Virginia,Wheeler,vwheeler22@dagondesign.com,South Korea,Female,Gyodong,Oba,47452.85,KRW
Joan,Gutierrez,jgutierrez23@wikimedia.org,Portugal,Female,Pedreira,Gigabox,80708.16,EUR
Heather,Wells,hwells24@symantec.com,Indonesia,Female,Kedungtulup,Bluejam,62332.17,IDR
Julia,Vasquez,jvasquez25@jiathis.com,Russia,Female,Novopavlovsk,Gigabox,23005.71,RUB
Sandra,Shaw,sshaw26@cafepress.com,Sweden,Female,Gråbo,Flashspan,,SEK
Roy,Washington,rwashington27@intel.com,Brazil,Male,Varjota,Innotype,56211.62,BRL
Lori,Sanchez,lsanchez28@who.int,Serbia,Female,Kruševac,Kwilith,,RSD
Janice,Banks,jbanks29@disqus.com,Jordan,Female,Aydūn,Gabcube,82731.99,JOD
Kevin,Cooper,kcooper2a@icq.com,Peru,Male,Nueva Cajamarca,Tazz,37537.25,PEN
Gary,Turner,gturner2b@reuters.com,Poland,Male,Sokółka,Topiczoom,79962.34,PLN
Ruby,Cunningham,rcunningham2c@theglobeandmail.com,United States,Female,Lafayette,Feednation,70111.66,USD
Teresa,Ferguson,tferguson2d@nifty.com,China,Female,Jun’an,Jaxbean,42333.28,CNY
Elizabeth,Henderson,ehenderson2e@si.edu,Poland,Female,Tyszowce,Zoombeat,51428.72,PLN
Michelle,Brown,mbrown2f@e-recht24.de,Finland,Female,Pertunmaa,Skalith,24715.34,EUR
Brandon,Carpenter,bcarpenter2g@time.com,Indonesia,Male,Desa Kertasari,Skimia,6082.37,IDR
Edward,Lopez,elopez2h@utexas.edu,Nigeria,Male,Yola,Rhybox,45384.24,NGN
Terry,Gordon,tgordon2i@fda.gov,France,Male,Saint-Quentin,Edgetag,33237.14,EUR
Gloria,Little,glittle2j@wsj.com,United States,Female,Carson City,Gabcube,90991.95,USD
Ralph,Hamilton,rhamilton2k@istockphoto.com,Kosovo,Male,Obiliq,Devshare,14325.54,EUR
Sean,Reynolds,sreynolds2l@unicef.org,Cyprus,Male,Leonárisso,Twimm,60836.40,EUR
Keith,Campbell,kcampbell2m@uiuc.edu,Indonesia,Male,Sadar,Fliptune,84701.12,IDR
Angela,Brooks,abrooks2n@blogspot.com,Thailand,Female,Rattanawapi,Dazzlesphere,,THB
Cynthia,West,cwest2o@unc.edu,United States,Female,Durham,Zoomdog,95469.24,USD
Susan,Duncan,sduncan2p@globo.com,China,Female,Shuangcheng,Katz,6145.66,CNY
Paul,Hicks,phicks2q@soup.io,China,Male,Dadong,Brainsphere,78676.87,CNY
Catherine,Garrett,cgarrett2r@oaic.gov.au,China,Female,Dabao’anzhen,Blogtag,11788.13,CNY
Harry,Jacobs,hjacobs2s@psu.edu,Denmark,Male,Frederiksberg,Kimia,50720.74,DKK
Andrew,Jenkins,ajenkins2t@icq.com,China,Male,Jinqu,Aivee,21245.74,CNY
Martin,Carroll,mcarroll2u@time.com,Indonesia,Male,Blang Dalam,Twitterlist,2577.27,IDR
Jose,Peterson,jpeterson2v@nyu.edu,Argentina,Male,Quimilí,Einti,93053.70,ARS
Dorothy,Wheeler,dwheeler2w@blogspot.com,Colombia,Female,Cáceres,Yodo,3588.99,COP
Frances,Alvarez,falvarez2x@eepurl.com,Costa Rica,Female,Batán,Fanoodle,93585.24,CRC
Julia,Kelley,jkelley2y@dot.gov,Brazil,Female,Laranjal Paulista,Fliptune,51987.04,BRL
Steven,King,sking2z@geocities.jp,Colombia,Male,La Jagua de Ibirico,Fivechat,11306.06,COP
Denise,Ortiz,dortiz30@house.gov,China,Female,Xindi,Gabcube,32895.51,CNY
Michael,Watkins,mwatkins31@hhs.gov,China,Male,Yangzhuang,Yodel,23985.33,CNY
Dennis,Hudson,dhudson32@vistaprint.com,China,Male,Wanglinkou,Snaptags,70464.13,CNY
David,Gilbert,dgilbert33@xinhuanet.com,Poland,Male,Imielin,Skippad,66519.23,PLN
Nicholas,Fernandez,nfernandez34@google.fr,Belarus,Male,Dzyarzhynsk,Rhyzio,,BYR
Walter,Mcdonald,wmcdonald35@state.tx.us,China,Male,Xihongmen,Babbleblab,96511.91,CNY
Denise,Simpson,dsimpson36@tamu.edu,China,Female,Guozhen,Plambee,,CNY
Ashley,Lawson,alawson37@friendfeed.com,China,Female,Bayan Bulag,Youopia,38033.22,CNY
Matthew,Walker,mwalker38@imgur.com,Indonesia,Male,Jatirejo,Eamia,20600.21,IDR
Alan,Stevens,astevens39@census.gov,Colombia,Male,Patía,Flashpoint,39805.26,COP
Pamela,Stewart,pstewart3a@gmpg.org,Netherlands,Female,Roermond,Podcat,28805.01,EUR
Gregory,Carter,gcarter3b@tinyurl.com,South Africa,Male,Retreat,Twinte,61343.71,ZAR
Barbara,Ryan,bryan3c@wsj.com,Brazil,Female,Unaí,Feedmix,85686.83,BRL
Janet,Taylor,jtaylor3d@sciencedirect.com,Poland,Female,Łysomice,Skaboo,,PLN
Christopher,Allen,callen3e@redcross.org,Indonesia,Male,Aemura,Trudeo,7756.29,IDR
Christopher,Simpson,csimpson3f@xing.com,Russia,Male,Dugulubgey,Ailane,69278.79,RUB
Walter,Vasquez,wvasquez3g@unesco.org,Canada,Male,Hearst,Skinte,7935.16,CAD
Matthew,Williams,mwilliams3h@bbc.co.uk,Colombia,Male,Ráquira,Avamba,44805.60,COP
Roy,Burton,rburton3i@alexa.com,United States,Male,Erie,Trudoo,18150.39,USD
Rebecca,Dean,rdean3j@irs.gov,Brazil,Female,Ponta Porã,Jamia,5366.94,BRL
Jimmy,West,jwest3k@bandcamp.com,Slovenia,Male,Šenčur,Wikido,86623.24,EUR
Roy,Gutierrez,rgutierrez3l@yahoo.com,Sweden,Male,Johanneshov,Fanoodle,40070.33,SEK
Janet,Kelly,jkelly3m@berkeley.edu,Czech Republic,Female,Borovany,Rooxo,41622.51,CZK
Arthur,Lynch,alynch3n@nifty.com,France,Male,Épernay,Topicware,,EUR
Jennifer,Hall,jhall3o@smh.com.au,Colombia,Female,Carmen de Viboral,Podcat,44498.69,COP
Michelle,Myers,mmyers3p@upenn.edu,Poland,Female,Sułkowice,Dabtype,77459.92,PLN
Elizabeth,Clark,eclark3q@go.com,Indonesia,Female,Ngrambitan,Bubblebox,91451.26,IDR
Pamela,Robertson,probertson3r@huffingtonpost.com,Peru,Female,Shatoja,Quire,60385.99,PEN
Carol,Ellis,cellis3s@mac.com,China,Female,Dongying,Yombu,623.74,CNY
Charles,Sullivan,csullivan3t@umich.edu,Ukraine,Male,Chornyanka,Livetube,7890.96,UAH
Evelyn,Sullivan,esullivan3u@discovery.com,Sweden,Female,Ystad,Devshare,22987.56,SEK
Heather,Bishop,hbishop3v@tuttocitta.it,Indonesia,Female,Tanjung Kidul,Chatterpoint,82877.63,IDR
Ruby,Gutierrez,rgutierrez3w@prweb.com,Colombia,Female,Cruces de Anorí,Youopia,89829.41,COP
Shawn,Simmons,ssimmons3x@indiatimes.com,Japan,Male,Ibara,Centizu,20104.14,JPY
Lori,Rose,lrose3y@comcast.net,France,Female,Nice,Voolith,87222.17,EUR
Antonio,Gonzales,agonzales3z@chronoengine.com,China,Male,Shangshuai,Thoughtstorm,31038.60,CNY
Eugene,Sullivan,esullivan40@bravesites.com,Indonesia,Male,Padangcermin,Skiptube,5571.91,IDR
Phillip,Day,pday41@nature.com,China,Male,Xubu,Vimbo,,CNY
Gregory,Day,gday42@wikipedia.org,Philippines,Male,Carmen,Photolist,4183.11,PHP
Benjamin,Murray,bmurray43@baidu.com,Azerbaijan,Male,Xudat,Tagopia,52190.79,AZN
Beverly,Green,bgreen44@dyndns.org,Serbia,Female,Priboj,Ooba,26559.35,RSD
Ashley,Reynolds,areynolds45@sitemeter.com,China,Female,Keyinhe,Twinder,59525.18,CNY
Jacqueline,Fields,jfields46@noaa.gov,United States,Female,Richmond,Aimbo,43659.13,USD
Martha,Garza,mgarza47@twitpic.com,Indonesia,Female,Tamansari,Kanoodle,4996.28,IDR
Dorothy,Gonzales,dgonzales48@trellian.com,Indonesia,Female,Lembung Tengah,Quimba,,IDR
Justin,Spencer,jspencer49@yale.edu,United States,Male,Washington,Oyondu,76235.63,USD
Andrew,Cooper,acooper4a@nyu.edu,Nigeria,Male,Sauri,Devify,19536.89,NGN
Earl,Brooks,ebrooks4b@geocities.jp,Indonesia,Male,Tajan,Zoonder,588.42,IDR
Pamela,Carter,pcarter4c@spotify.com,Japan,Female,Kukichūō,Voonyx,15115.43,JPY
Harold,Clark,hclark4d@istockphoto.com,Indonesia,Male,Telangi Satu,Divavu,47730.73,IDR
Diane,Daniels,ddaniels4e@fc2.com,Laos,Female,Muang Long,Quamba,52228.62,LAK
Janice,Lewis,jlewis4f@mapy.cz,Guatemala,Female,Sibinal,Twimbo,13103.52,GTQ
Edward,Wallace,ewallace4g@people.com.cn,Indonesia,Male,Cimanggu Wetan,Photofeed,50246.14,IDR
Gregory,Chavez,gchavez4h@google.nl,Poland,Male,Płoniawy-Bramura,Twimbo,72745.42,PLN
Patricia,Alvarez,palvarez4i@toplist.cz,Colombia,Female,Plato,Brainbox,,COP
Sharon,Stevens,sstevens4j@google.co.jp,Bulgaria,Female,Veliko Tŭrnovo,Jabbersphere,76838.58,BGN
Susan,Harris,sharris4k@sogou.com,Brazil,Female,Itapevi,Yombu,38019.68,BRL
Harold,Fields,hfields4l@addthis.com,Philippines,Male,Lugo,Thoughtbeat,29408.29,PHP
Patricia,Howell,phowell4m@icq.com,Latvia,Female,Mērsrags,Bubblebox,39491.87,EUR
Adam,Wilson,awilson4n@usatoday.com,China,Male,Tungdor,Skiba,39297.08,CNY
Evelyn,Hicks,ehicks4o@gov.uk,Thailand,Female,Bang Bon,Rhycero,20371.96,THB
Martin,Reed,mreed4p@comcast.net,El Salvador,Male,Cojutepeque,Vinte,34017.79,USD
Nancy,Jenkins,njenkins4q@skyrock.com,United Kingdom,Female,Denton,Quire,,GBP
Shawn,Hunt,shunt4r@csmonitor.com,China,Male,Sigaozhuang,Innojam,87991.43,CNY
Shirley,Lawrence,slawrence4s@weather.com,Thailand,Female,Bueng Samakkhi,Linktype,,THB
Christina,Griffin,cgriffin4t@intel.com,United States,Female,Grand Forks,Kaymbo,,USD
Carol,Owens,cowens4u@scientificamerican.com,China,Female,Sangzhou,Kare,96461.41,CNY
Earl,Burke,eburke4v@csmonitor.com,Cuba,Male,Primero de Enero,Edgetag,37383.27,CUP
Sean,Moreno,smoreno4w@pcworld.com,Philippines,Male,Langtad,Yakidoo,83806.57,PHP
Ryan,Myers,rmyers4x@techcrunch.com,China,Male,Nanmuping,Livetube,41683.57,CNY
Michelle,Morris,mmorris4y@gov.uk,Denmark,Female,København,Jabberstorm,55402.93,DKK
Edward,Gray,egray4z@liveinternet.ru,Spain,Male,Madrid,Brainverse,,EUR
Ralph,Nguyen,rnguyen50@kickstarter.com,Poland,Male,Trąbki,Dazzlesphere,3748.85,PLN
Amanda,Palmer,apalmer51@pbs.org,Indonesia,Female,Marang,Dabshots,5485.50,IDR
Debra,Wood,dwood52@domainmarket.com,Serbia,Female,Platičevo,Bubbletube,79121.65,RSD
Katherine,Gardner,kgardner53@elpais.com,Ireland,Female,Blessington,Photobug,14140.35,EUR
Jennifer,Carpenter,jcarpenter54@over-blog.com,Gambia,Female,Gunjur Kuta,Aibox,19559.33,GMD
Joan,Perkins,jperkins55@eepurl.com,Sri Lanka,Female,Wattala,Wikizz,9561.99,LKR
Donald,Ross,dross56@diigo.com,Indonesia,Male,Tlogosadang,Tekfly,29078.12,IDR
Todd,Carpenter,tcarpenter57@guardian.co.uk,Brazil,Male,Jandira,Ozu,65433.31,BRL
Frances,Kelley,fkelley58@nyu.edu,Russia,Female,Staryye Atagi,Jetwire,97482.26,RUB
Jimmy,Patterson,jpatterson59@chronoengine.com,Republic of the Congo,Male,Mossendjo,Kwilith,7822.96,XAF
Kevin,Myers,kmyers5a@wisc.edu,Philippines,Male,Datagon,Bubbletube,1167.86,PHP
Kimberly,Hicks,khicks5b@lulu.com,Colombia,Female,Rionegro,Tagpad,82886.96,COP
Lillian,West,lwest5c@constantcontact.com,Afghanistan,Female,Jabal os Saraj,Devpoint,94228.27,AFN
Tammy,Nguyen,tnguyen5d@howstuffworks.com,Indonesia,Female,Cinyawar,Mymm,,IDR
Brian,Tucker,btucker5e@boston.com,Netherlands,Male,Heemskerk,Photobean,65242.36,EUR
Denise,Morris,dmorris5f@merriam-webster.com,Indonesia,Female,Banjar Dauhpangkung,Edgeblab,5986.14,IDR
Jacqueline,Torres,jtorres5g@usatoday.com,United States,Female,Youngstown,Vidoo,93226.38,USD
Julia,Mccoy,jmccoy5h@pbs.org,Indonesia,Female,Kalembutillu,Eazzy,99223.72,IDR
Sara,Mcdonald,smcdonald5i@marriott.com,China,Female,Jinan,Kanoodle,76420.12,CNY
Betty,Kim,bkim5j@opera.com,China,Female,Yiliu,Rhybox,63366.52,CNY
Phillip,Simmons,psimmons5k@examiner.com,Philippines,Male,Baclayon,Aivee,43371.12,PHP
Mildred,Gibson,mgibson5l@mozilla.org,China,Female,Gutian,Rhybox,42241.84,CNY
Andrew,Robinson,arobinson5m@google.ru,Greece,Male,Mitrópoli,Eire,2031.64,EUR
Terry,Hart,thart5n@tiny.cc,Finland,Male,Imatra,Babbleset,51386.58,EUR
Norma,Ford,nford5o@wordpress.com,Japan,Female,Kumagaya,Wordify,28734.16,JPY
Michelle,Johnson,mjohnson5p@squidoo.com,Indonesia,Female,Bombu,Quire,33594.32,IDR
Rachel,Turner,rturner5q@e-recht24.de,Canada,Female,Ladner,Skyndu,26605.81,CAD
Heather,Cooper,hcooper5r@icq.com,Argentina,Female,Alta Gracia,Roomm,24426.53,ARS
Joyce,Kelly,jkelly5s@blogger.com,Indonesia,Female,Dawan,Wordpedia,75939.16,IDR
Kelly,Hunt,khunt5t@51.la,Poland,Female,Pogwizdów,Nlounge,33118.31,PLN
George,Sullivan,gsullivan5u@miitbeian.gov.cn,Philippines,Male,Tungol,Skaboo,49690.51,PHP
Stephanie,Arnold,sarnold5v@surveymonkey.com,Belarus,Female,Klimavichy,Talane,42436.45,BYR
Michelle,Nichols,mnichols5w@hp.com,Finland,Female,Broby,Gigabox,,EUR
Debra,Sanders,dsanders5x@nasa.gov,Philippines,Female,Tala,Dablist,92527.71,PHP
Eugene,Meyer,emeyer5y@cafepress.com,China,Male,Jidong,Wikizz,49720.02,CNY
Howard,Ruiz,hruiz5z@irs.gov,Philippines,Male,Abucay,Eazzy,14883.13,PHP
Kelly,Hughes,khughes60@si.edu,Pakistan,Female,Dālbandīn,Twitternation,48463.30,PKR
Edward,Snyder,esnyder61@seesaa.net,United States,Male,Nashville,Wikivu,21203.90,USD
Rose,Stone,rstone62@fastcompany.com,Cuba,Female,Manicaragua,Npath,7059.82,CUP
Nicole,Frazier,nfrazier63@jiathis.com,United States,Female,Virginia Beach,Chatterpoint,19953.73,USD
Lois,Hansen,lhansen64@usa.gov,Argentina,Female,Famaillá,Gabtune,69646.58,ARS
Diana,Gonzales,dgonzales65@tiny.cc,China,Female,Madang,Vitz,50077.68,CNY
Jason,Marshall,jmarshall66@chron.com,Philippines,Male,Tawan tawan,Tagopia,79300.14,PHP
Sean,Riley,sriley67@uol.com.br,Russia,Male,Novozybkov,Thoughtbeat,59507.60,RUB
Adam,Johnston,ajohnston68@gizmodo.com,China,Male,Jiangxigou,Twiyo,24640.60,CNY
Clarence,Jackson,cjackson69@newsvine.com,Russia,Male,Isheyevka,Centidel,46889.89,RUB
Eric,Morrison,emorrison6a@mayoclinic.com,Colombia,Male,Cáchira,Innojam,44238.23,COP
Anne,James,ajames6b@samsung.com,Thailand,Female,Phetchabun,Mydeo,491.70,THB
Marilyn,Reynolds,mreynolds6c@tinypic.com,Palestinian Territory,Female,Dayr Sāmit,Realblab,65064.70,ILS
Katherine,Gibson,kgibson6d@multiply.com,Sweden,Female,Strängnäs,Thoughtbeat,34665.25,SEK
Beverly,Hughes,bhughes6e@photobucket.com,Russia,Female,Sterlibashevo,Devbug,25218.93,RUB
Samuel,Simmons,ssimmons6f@360.cn,France,Male,Libourne,Feedfish,,EUR
Louise,Moore,lmoore6g@go.com,Serbia,Female,Voždovac,Yoveo,80027.46,RSD
Theresa,Johnson,tjohnson6h@chicagotribune.com,Russia,Female,Novopokrovka,Zoonoodle,,RUB
Diane,Clark,dclark6i@cmu.edu,China,Female,Laixi,Midel,35580.97,CNY
Fred,Vasquez,fvasquez6j@friendfeed.com,Philippines,Male,Gasan,Flashdog,63462.02,PHP
Mildred,Ford,mford6k@privacy.gov.au,Brazil,Female,Monte Azul Paulista,Digitube,91648.86,BRL
Teresa,Peters,tpeters6l@slideshare.net,Brazil,Female,Caetité,Dabtype,73004.06,BRL
Eugene,Hall,ehall6m@google.it,Brazil,Male,Imbituva,Photofeed,77540.32,BRL
Joe,Rose,jrose6n@samsung.com,France,Male,Dijon,Quimm,55455.94,EUR
Louise,Torres,ltorres6o@simplemachines.org,China,Female,Baokou,Voolith,91292.22,CNY
Paula,Pierce,ppierce6p@hhs.gov,Russia,Female,Shali,Realfire,57045.00,RUB
David,Cole,dcole6q@spotify.com,Kazakhstan,Male,Ust-Kamenogorsk,Wikibox,37048.44,KZT
Justin,Welch,jwelch6r@pen.io,Malaysia,Male,Kota Kinabalu,Skyble,17033.27,MYR
Joyce,Romero,jromero6s@mozilla.org,Czech Republic,Female,Křižanov,Feedmix,98782.66,CZK
Paula,Allen,pallen6t@boston.com,Indonesia,Female,Aikmel,Kazio,72443.91,IDR
Rachel,Fields,rfields6u@thetimes.co.uk,Indonesia,Female,Baing,Vinder,,IDR
Jean,Williams,jwilliams6v@slashdot.org,France,Female,Maisons-Laffitte,Skiptube,,EUR
Virginia,Nelson,vnelson6w@nydailynews.com,China,Female,Sihe,Browsezoom,76798.21,CNY
Donna,Ferguson,dferguson6x@noaa.gov,Philippines,Female,Camangcamang,Dablist,43868.78,PHP
Sean,Hill,shill6y@1688.com,Azerbaijan,Male,Verkhniy Dashkesan,Flipstorm,62741.75,AZN
Teresa,Price,tprice6z@deliciousdays.com,China,Female,Fu’an,Demizz,2345.55,CNY
Janice,Ford,jford70@icio.us,China,Female,Qiwen,Wikibox,28712.45,CNY
Evelyn,Hall,ehall71@cpanel.net,Brazil,Female,Pitanga,DabZ,1931.14,BRL
Justin,Lawson,jlawson72@prweb.com,China,Male,Duyun,Bubblebox,85299.88,CNY
Brenda,Coleman,bcoleman73@shop-pro.jp,Brazil,Female,Cataguases,Thoughtbeat,38851.25,BRL
Denise,Phillips,dphillips74@twitter.com,Serbia,Female,Voždovac,Realmix,32224.03,RSD
Martin,Watkins,mwatkins75@jigsy.com,China,Male,Zhangdan,Youspan,6758.34,CNY
Juan,Morris,jmorris76@ted.com,China,Male,Sanli,Thoughtsphere,53608.28,CNY
Jeffrey,Gray,jgray77@sun.com,Russia,Male,Zheleznodorozhnyy,Jabbersphere,9295.74,RUB
George,Wheeler,gwheeler78@infoseek.co.jp,China,Male,Liangdong,Topdrive,587.80,CNY
Thomas,Wilson,twilson79@pagesperso-orange.fr,Sweden,Male,Jönköping,Youspan,9151.37,SEK
Carlos,Duncan,cduncan7a@patch.com,Colombia,Male,Betania,Dynabox,95180.35,COP
Fred,Collins,fcollins7b@businessinsider.com,Kyrgyzstan,Male,Kyzyl-Kyya,Lazzy,,KGS
Rachel,Riley,rriley7c@behance.net,China,Female,Jiuguan,Flashpoint,2490.53,CNY
Catherine,Gutierrez,cgutierrez7d@amazon.de,Ireland,Female,Aughrim,Zoovu,28768.22,EUR
Joshua,Ward,jward7e@toplist.cz,Indonesia,Male,Cikulahan,Pixonyx,82982.49,IDR
Kathy,Phillips,kphillips7f@washingtonpost.com,France,Female,Saint-Jean-de-Luz,Dynabox,75349.51,EUR
Dorothy,Holmes,dholmes7g@rediff.com,Poland,Female,Śmiłowo,Edgepulse,14282.33,PLN
Charles,George,cgeorge7h@theguardian.com,Russia,Male,Vysotskoye,Gabtune,95376.42,RUB
Heather,Boyd,hboyd7i@google.com.br,Indonesia,Female,Ungaran,Divape,78933.41,IDR
Randy,Wallace,rwallace7j@com.com,China,Male,Badaogu,Skinder,,CNY
Bonnie,Fowler,bfowler7k@dmoz.org,Malawi,Female,Mzuzu,Ntag,84770.37,MWK
Ryan,Mason,rmason7l@geocities.jp,France,Male,Brest,Edgeblab,96690.92,EUR
Eric,Fernandez,efernandez7m@desdev.cn,China,Male,Longtian,Layo,54847.32,CNY
Marie,Lawson,mlawson7n@domainmarket.com,Honduras,Female,Valle de Ángeles,Kanoodle,,HNL
Alice,Robinson,arobinson7o@cpanel.net,Chile,Female,Paine,Dynava,82287.31,CLP
Daniel,Johnson,djohnson7p@devhub.com,Morocco,Male,Zaïo,Jabberbean,74883.21,MAD
Beverly,Fox,bfox7q@goo.ne.jp,Colombia,Female,Piojó,Livetube,8127.07,COP
Kimberly,Flores,kflores7r@google.de,Czech Republic,Female,Blatná,Browseblab,39715.61,CZK
Kelly,Woods,kwoods7s@loc.gov,Iran,Female,Anār,Tagpad,,IRR
Evelyn,Garrett,egarrett7t@google.co.jp,United States,Female,Waco,Shufflebeat,93492.71,USD
Judy,Harvey,jharvey7u@nytimes.com,China,Female,Haduohe,Feednation,,CNY
Norma,Williams,nwilliams7v@google.nl,China,Female,Shanghu,Meevee,91849.21,CNY
Brenda,Bryant,bbryant7w@163.com,Philippines,Female,Limbuhan,Einti,57759.68,PHP
Cynthia,Mitchell,cmitchell7x@illinois.edu,Philippines,Female,Gueset,Quire,51889.43,PHP
Kimberly,Thomas,kthomas7y@google.pl,Thailand,Female,Kantharalak,Ooba,9562.54,THB
Christina,Ryan,cryan7z@slate.com,France,Female,Armentières,Babblestorm,,EUR
Carol,Payne,cpayne80@yellowbook.com,Colombia,Female,Villamaría,Browseblab,1096.20,COP
Maria,Cole,mcole81@mysql.com,Philippines,Female,Santo Domingo,Skipfire,64641.91,PHP
William,Wells,wwells82@time.com,Russia,Male,Rtishchevo,Gabtune,29435.84,RUB
Norma,Duncan,nduncan83@yellowpages.com,Portugal,Female,Serra de Santa Marinha,Skippad,76140.82,EUR
Philip,Martin,pmartin84@narod.ru,China,Male,Yanchi,Tambee,62320.47,CNY
Julia,King,jking85@dailymotion.com,Kazakhstan,Female,Semey,Dynava,92639.69,KZT
Antonio,Powell,apowell86@jimdo.com,United States,Male,Pensacola,Yakidoo,61333.43,USD
Michelle,Torres,mtorres87@examiner.com,Morocco,Female,Mosquée,Tagpad,23713.01,MAD
Deborah,Nguyen,dnguyen88@cisco.com,Brazil,Female,Maracanã,Skidoo,44375.92,BRL
Jeffrey,Rice,jrice89@cbslocal.com,China,Male,Yousheng,Trudeo,95805.16,CNY
Henry,Armstrong,harmstrong8a@shop-pro.jp,Philippines,Male,Medellin,Twinte,95119.59,PHP
Bruce,Cole,bcole8b@msu.edu,Colombia,Male,Carepa,Aivee,56431.63,COP
Emily,Gonzalez,egonzalez8c@cbslocal.com,United States,Female,Virginia Beach,Realpoint,22717.62,USD
Christina,Watson,cwatson8d@topsy.com,China,Female,Beisijia,Flashdog,16533.04,CNY
Jeremy,James,jjames8e@google.nl,Indonesia,Male,Sidaurip,Gabvine,19420.02,IDR
Susan,Brooks,sbrooks8f@vimeo.com,Philippines,Female,Sison,Leenti,87232.03,PHP
Andrew,Barnes,abarnes8g@weibo.com,China,Male,Shazhouba,Edgeblab,90987.80,CNY
Joe,Garrett,jgarrett8h@issuu.com,Portugal,Male,Alfeizerão,Blogspan,46064.53,EUR
Anthony,Howard,ahoward8i@ning.com,Colombia,Male,Buenavista,Zoonoodle,948.05,COP
Walter,Lawson,wlawson8j@ovh.net,France,Male,Angoulême,Dabshots,41360.94,EUR
Philip,Moreno,pmoreno8k@clickbank.net,Russia,Male,Izobil’nyy,Yodel,77987.45,RUB
Janet,Morrison,jmorrison8l@cmu.edu,Indonesia,Female,Sumbermanggis,Minyx,68157.47,IDR
Keith,Howard,khoward8m@elpais.com,Macedonia,Male,Лабуништа,Jetpulse,36504.50,MKD
Keith,Austin,kaustin8n@state.gov,Japan,Male,Shimoda,Nlounge,49414.54,JPY
Craig,Hicks,chicks8o@wiley.com,Colombia,Male,San Francisco,Mybuzz,,COP
Russell,Ferguson,rferguson8p@thetimes.co.uk,Indonesia,Male,Krajan Nglinggis,Ozu,63798.55,IDR
Melissa,Marshall,mmarshall8q@guardian.co.uk,China,Female,Huiwen,Realpoint,73810.33,CNY
Julia,Hunt,jhunt8r@cyberchimps.com,China,Female,Sunjia Buzi,Centidel,4668.28,CNY
Diana,Hall,dhall8s@samsung.com,Indonesia,Female,Padasono,Twitterbridge,30658.89,IDR
Judith,Stewart,jstewart8t@spiegel.de,China,Female,Quanling,Edgewire,58981.23,CNY
Alan,Brooks,abrooks8u@java.com,Philippines,Male,Sinacaban,Fivespan,24119.77,PHP
Carlos,Hayes,chayes8v@youtube.com,Tanzania,Male,Maswa,LiveZ,61539.18,TZS
Russell,Frazier,rfrazier8w@privacy.gov.au,Democratic Republic of the Congo,Male,Mweka,Jabbersphere,86679.99,CDF
Carlos,Scott,cscott8x@google.com.au,Indonesia,Male,Krajan Bakalan,Zoombeat,3621.03,IDR
Diana,Franklin,dfranklin8y@washingtonpost.com,Vietnam,Female,Thị Trấn Thọ Xuân,Dablist,94417.34,VND
Johnny,Dunn,jdunn8z@altervista.org,China,Male,Shangyong,BlogXS,19105.41,CNY
Frank,Grant,fgrant90@cbc.ca,Poland,Male,Czudec,Flipstorm,78528.26,PLN
Earl,Carpenter,ecarpenter91@foxnews.com,Monaco,Male,Monte-Carlo,Gigabox,89370.26,EUR
Jason,Harper,jharper92@over-blog.com,Poland,Male,Łeba,Photojam,47721.07,PLN
Todd,Stone,tstone93@mediafire.com,China,Male,Chengzhong,Skibox,7454.36,CNY
Terry,Ross,tross94@toplist.cz,Afghanistan,Male,’Unābah,Tagchat,95367.91,AFN
Deborah,Hamilton,dhamilton95@who.int,China,Female,Wuguishan,Layo,21861.00,CNY
Lisa,Griffin,lgriffin96@studiopress.com,China,Female,Jinji,Aimbo,86344.85,CNY
Mark,Johnson,mjohnson97@live.com,Argentina,Male,Venado Tuerto,Twitterbridge,56735.57,ARS
Dorothy,Perry,dperry98@instagram.com,China,Female,Hongtang,Babbleblab,63271.97,CNY
Frank,Hayes,fhayes99@prnewswire.com,China,Male,Heqiao,Lazzy,12801.18,CNY
Donna,Gardner,dgardner9a@sakura.ne.jp,China,Female,Gegu,Brightbean,,CNY
Diane,Ramirez,dramirez9b@webnode.com,Poland,Female,Małdyty,Aimbu,15537.49,PLN
Margaret,Ramirez,mramirez9c@loc.gov,Argentina,Female,Quilmes,Youtags,41356.19,ARS
Carol,Weaver,cweaver9d@umich.edu,Angola,Female,Luanda,Demivee,92175.83,AOA
Anna,Thomas,athomas9e@globo.com,Brazil,Female,Uruçuca,Abata,,BRL
John,Williams,jwilliams9f@mapy.cz,Russia,Male,Nazyvayevsk,Eidel,70722.29,RUB
Phyllis,Fernandez,pfernandez9g@1und1.de,Mongolia,Female,Hushaat,Gigazoom,26183.80,MNT
Katherine,Stewart,kstewart9h@unblog.fr,Kosovo,Female,Lumbardhi,Dabtype,95728.96,EUR
Karen,Jackson,kjackson9i@dedecms.com,Indonesia,Female,Sukadana,Zooveo,14344.74,IDR
Norma,Perez,nperez9j@apple.com,China,Female,Liangyaping,Quimm,86910.92,CNY
Debra,Flores,dflores9k@google.de,Dominican Republic,Female,Monte Plata,Browsetype,38600.26,DOP
Timothy,Dunn,tdunn9l@vk.com,Portugal,Male,Reguenga,Wordpedia,78991.12,EUR
Larry,Harper,lharper9m@tamu.edu,Myanmar,Male,Mawlaik,Divanoodle,54969.66,MMK
Annie,Carpenter,acarpenter9n@ucoz.ru,Indonesia,Female,Mekarsari,Avamm,79515.75,IDR
Joe,Fields,jfields9o@ucla.edu,Indonesia,Male,Sukatani,Mynte,85039.66,IDR
Catherine,Elliott,celliott9p@time.com,Norway,Female,Oslo,Feedfire,53717.24,NOK
Ronald,Frazier,rfrazier9q@blogger.com,Peru,Male,Colcabamba,Jabberbean,19918.75,PEN
Antonio,Rivera,arivera9r@psu.edu,United Kingdom,Male,Denton,Voonder,89434.04,GBP
Willie,Miller,wmiller9s@ebay.com,Portugal,Male,Oliveira de Baixo,Skibox,88615.15,EUR
Beverly,Garcia,bgarcia9t@51.la,Vietnam,Female,Thị Trấn Sìn Hồ,Voolith,71329.53,VND
Stephanie,Ortiz,sortiz9u@pagesperso-orange.fr,Somalia,Female,Bereeda,Thoughtstorm,1319.26,SOS
Shirley,Nelson,snelson9v@dailymotion.com,South Africa,Female,Heidelberg,Roombo,38965.29,ZAR
Harry,Perry,hperry9w@apache.org,Indonesia,Male,Higetegera,Leenti,56492.34,IDR
Angela,Carpenter,acarpenter9x@example.com,Iran,Female,Fāmenīn,Linkbuzz,91182.74,IRR
Dorothy,Evans,devans9y@princeton.edu,Russia,Female,Pyshchug,Mycat,55456.32,RUB
Amy,Carroll,acarroll9z@ca.gov,Greece,Female,Kéfalos,Bubbletube,99302.22,EUR
Patrick,Bailey,pbaileya0@blog.com,China,Male,Wuli,Shufflester,52017.64,CNY
Sean,Jordan,sjordana1@seattletimes.com,Sri Lanka,Male,Hatton,InnoZ,92324.25,LKR
Beverly,Watkins,bwatkinsa2@mapy.cz,France,Female,Aulnay-sous-Bois,Realbuzz,14662.20,EUR
John,Martinez,jmartineza3@utexas.edu,Ireland,Male,Adare,Yata,,EUR
Doris,Reed,dreeda4@studiopress.com,Portugal,Female,Agrelo,Realcube,12162.37,EUR
Willie,Fuller,wfullera5@infoseek.co.jp,Kosovo,Male,Strellc i Epërm,Realmix,31333.98,EUR
Margaret,Payne,mpaynea6@wikia.com,China,Female,Weiwangzhuang,Trudoo,13672.52,CNY
Jennifer,Campbell,jcampbella7@marriott.com,Indonesia,Female,Bagangan,Zoovu,6495.21,IDR
Nicholas,Cox,ncoxa8@ehow.com,Chile,Male,Lebu,Eabox,26029.51,CLP
Margaret,Howell,mhowella9@foxnews.com,France,Female,Lyon,Kanoodle,62364.27,EUR
Harold,Harvey,hharveyaa@ox.ac.uk,Brazil,Male,Itápolis,Skiptube,94859.27,BRL
Kenneth,Grant,kgrantab@microsoft.com,China,Male,Doumuhu,Quire,37325.46,CNY
Paula,Peterson,ppetersonac@globo.com,China,Female,Yunmenling,Oozz,42583.78,CNY
Jack,Bailey,jbaileyad@arstechnica.com,Indonesia,Male,Npongge,Kamba,4454.85,IDR
Raymond,Martinez,rmartinezae@tinyurl.com,Russia,Male,Rodniki,Livefish,26833.64,RUB
Wayne,Watkins,wwatkinsaf@smugmug.com,Indonesia,Male,Langkap,Quimm,49562.95,IDR
Rebecca,Reyes,rreyesag@delicious.com,United States,Female,Dallas,Skyvu,23855.58,USD
Sean,Grant,sgrantah@slideshare.net,Ecuador,Male,Balzar,Quinu,,USD
Bobby,Dixon,bdixonai@yandex.ru,Russia,Male,Sim,Edgeclub,,RUB
Lisa,Arnold,larnoldaj@rakuten.co.jp,Brazil,Female,Santa Rita do Passa Quatro,Jatri,26666.73,BRL
Billy,Hall,bhallak@cnet.com,China,Male,Yingdianjie,Vitz,72681.48,CNY
Ruby,Anderson,randersonal@examiner.com,France,Female,Colombes,Mita,82220.32,EUR
Steven,Meyer,smeyeram@umich.edu,South Africa,Male,Mankoeng,DabZ,55004.74,ZAR
Christina,Ryan,cryanan@epa.gov,Philippines,Female,Piña,Zoombox,29068.89,PHP
Jeffrey,Lane,jlaneao@utexas.edu,Ethiopia,Male,Hāgere Hiywet,Lazzy,69604.86,ETB
Paul,Hill,phillap@simplemachines.org,Venezuela,Male,San Pablo,Linktype,,VEF
Gregory,Ruiz,gruizaq@gizmodo.com,Poland,Male,Łąka Prudnicka,Rhyzio,62792.20,PLN
Kathleen,Sullivan,ksullivanar@webmd.com,Chad,Female,Oum Hadjer,Buzzshare,16873.04,XAF
John,Taylor,jtayloras@hud.gov,Indonesia,Male,Banjar Baleagung,Twitterworks,17234.16,IDR
Lori,Carpenter,lcarpenterat@ameblo.jp,Philippines,Female,Purac,Realcube,27338.17,PHP
Carol,Wallace,cwallaceau@networkadvertising.org,Morocco,Female,Ouaoula,Oozz,65577.36,MAD
Terry,Reynolds,treynoldsav@npr.org,Russia,Male,Ural,Omba,,RUB
Margaret,Morgan,mmorganaw@cbslocal.com,Brazil,Female,Barra do Bugres,Viva,53349.15,BRL
Raymond,Morgan,rmorganax@alexa.com,Latvia,Male,Sala,Fanoodle,88124.82,EUR
Brenda,Smith,bsmithay@free.fr,Indonesia,Female,Dlemer,DabZ,49463.84,IDR
Marie,Little,mlittleaz@cpanel.net,China,Female,Pimian,Demizz,28302.62,CNY
Jonathan,Hall,jhallb0@blogs.com,Indonesia,Male,Tambakrejo,Cogilith,11057.60,IDR
Louis,Franklin,lfranklinb1@1und1.de,Ukraine,Male,Vynohradove,Twimbo,72163.31,UAH
Justin,George,jgeorgeb2@pinterest.com,Portugal,Male,Sete Cidades,Fivechat,,EUR
Timothy,Bishop,tbishopb3@newsvine.com,Pakistan,Male,Fort Abbās,Buzzdog,89603.38,PKR
Timothy,Moreno,tmorenob4@ocn.ne.jp,Philippines,Male,Cagmanaba,Thoughtworks,,PHP
Shirley,Olson,solsonb5@bloglines.com,Cyprus,Female,Peristerona,Buzzbean,,EUR
Tina,Berry,tberryb6@dailymotion.com,China,Female,Taihe,Eamia,67760.02,CNY
Louise,Robinson,lrobinsonb7@usnews.com,Latvia,Female,Kocēni,Rhyzio,,EUR
Thomas,Allen,tallenb8@51.la,China,Male,Hougong,Trudoo,,CNY
Sandra,Barnes,sbarnesb9@mapy.cz,Argentina,Female,San Isidro de Lules,Flipopia,24909.92,ARS
Diane,Peterson,dpetersonba@scribd.com,Poland,Female,Sępólno Krajeńskie,Yombu,80730.59,PLN
Paul,Adams,padamsbb@baidu.com,South Africa,Male,Dundee,Livepath,10747.96,ZAR
Carlos,Meyer,cmeyerbc@aboutads.info,Indonesia,Male,Malata,Flipbug,,IDR
Sean,Bennett,sbennettbd@google.de,Russia,Male,Krasnogorskoye,Devpulse,19865.85,RUB
Donald,James,djamesbe@google.ca,Bangladesh,Male,Barisāl,Oloo,66270.74,BDT
Joshua,Jordan,jjordanbf@wordpress.com,Japan,Male,Buzen,Thoughtblab,9003.50,JPY
Carol,Warren,cwarrenbg@alibaba.com,Thailand,Female,Ubonratana,Yombu,31339.87,THB
Harold,Black,hblackbh@acquirethisname.com,Ecuador,Male,Puerto Francisco de Orellana,Katz,72550.11,USD
Alice,Cook,acookbi@mac.com,China,Female,Shifang,Topdrive,64245.48,CNY
Elizabeth,Lynch,elynchbj@yolasite.com,Poland,Female,Kaczory,Tagcat,17834.01,PLN
Louis,Hunter,lhunterbk@skyrock.com,Sweden,Male,Arvika,Buzzster,45085.60,SEK
Roy,Howard,rhowardbl@friendfeed.com,United States,Male,Jeffersonville,Bubblemix,51688.92,USD
Denise,Andrews,dandrewsbm@time.com,Bangladesh,Female,Joypur Hāt,Zoomdog,70445.10,BDT
Matthew,Rogers,mrogersbn@4shared.com,Indonesia,Male,Labangka Satu,Gabvine,80616.06,IDR
Charles,Hughes,chughesbo@themeforest.net,Argentina,Male,Bernardo de Irigoyen,Yadel,,ARS
Virginia,Ryan,vryanbp@home.pl,France,Female,Privas,Twimm,90708.93,EUR
Jacqueline,Hicks,jhicksbq@php.net,Cuba,Female,Batabanó,Voonyx,8236.18,CUP
Jimmy,Wilson,jwilsonbr@nsw.gov.au,Sweden,Male,Göteborg,Buzzster,50839.75,SEK
Shawn,Reyes,sreyesbs@epa.gov,Russia,Male,Tbilisskaya,Realcube,62764.40,RUB
Jose,Allen,jallenbt@taobao.com,China,Male,Aimin,Fivebridge,,CNY
Tina,Hicks,thicksbu@webs.com,China,Female,Jian’ou,Voonix,7152.84,CNY
Michael,Reyes,mreyesbv@mozilla.org,Kazakhstan,Male,Aqsū,Gabtype,52839.25,KZT
Jerry,Cooper,jcooperbw@people.com.cn,Philippines,Male,San Vicente,Blogtags,14375.73,PHP
Emily,Murray,emurraybx@com.com,Armenia,Female,Ararat,Yotz,86353.06,AMD
Betty,Flores,bfloresby@mapquest.com,China,Female,Honglu,Topicstorm,3108.45,CNY
Alice,Johnson,ajohnsonbz@goo.gl,Argentina,Female,San Fernando del Valle de Catamarca,Oyoloo,79670.83,ARS
Christina,Nichols,cnicholsc0@abc.net.au,China,Female,Zhiqing Songduo,Kazio,,CNY
Phillip,Campbell,pcampbellc1@shareasale.com,Indonesia,Male,Karafao,Skalith,31373.37,IDR
Jessica,Rivera,jriverac2@icio.us,Indonesia,Female,Cikajang,Eabox,1536.65,IDR
Linda,Howard,lhowardc3@ovh.net,Turks and Caicos Islands,Female,Cockburn Town,Gigabox,96222.39,USD
Robin,Reynolds,rreynoldsc4@twitter.com,Croatia,Female,Umag,Tagcat,,HRK
Lois,Fuller,lfullerc5@youtu.be,Slovenia,Female,Ravne,Mydo,83437.76,EUR
Bonnie,Perkins,bperkinsc6@foxnews.com,Brazil,Female,Vitória da Conquista,Ntag,,BRL
Daniel,Ramos,dramosc7@google.co.jp,Portugal,Male,Ponta da Garça,Trilith,36663.45,EUR
Nicole,Palmer,npalmerc8@networksolutions.com,United States,Female,Shawnee Mission,Blognation,94186.79,USD
Dennis,Thomas,dthomasc9@wsj.com,Indonesia,Male,Dukuhsawah,Bubblemix,86011.90,IDR
Daniel,Stewart,dstewartca@1und1.de,China,Male,Nanbin,Mydo,19510.19,CNY
Brandon,Green,bgreencb@cbsnews.com,France,Male,Douarnenez,Avaveo,59561.08,EUR
Robert,Rice,rricecc@pagesperso-orange.fr,South Africa,Male,Lichtenburg,Youfeed,20973.98,ZAR
Benjamin,Carpenter,bcarpentercd@nih.gov,Thailand,Male,Wichit,Minyx,46503.22,THB
Kimberly,Meyer,kmeyerce@oracle.com,Madagascar,Female,Ambohitrolomahitsy,Realfire,62007.41,MGA
Brandon,Hayes,bhayescf@instagram.com,Peru,Male,Saño,Fliptune,77875.65,PEN
Peter,Ray,praycg@nyu.edu,Mexico,Male,San Isidro,Trunyx,80678.33,MXN
Lori,Sanchez,lsanchezch@wsj.com,Indonesia,Female,Blimbing,Leexo,85724.22,IDR
Christina,Banks,cbanksci@netlog.com,China,Female,Nanshe,Photofeed,43892.25,CNY
Lori,Morgan,lmorgancj@wordpress.org,Peru,Female,Quillabamba,Blogtag,83519.99,PEN
Ralph,Williams,rwilliamsck@indiegogo.com,Zambia,Male,Mwinilunga,Shuffletag,45716.74,ZMW
Phillip,Gray,pgraycl@networksolutions.com,Brazil,Male,São Bernardo do Campo,Trilia,95580.45,BRL
Emily,Carroll,ecarrollcm@phpbb.com,Japan,Female,Fukuchiyama,Jabbertype,91370.51,JPY
Charles,Reid,creidcn@geocities.jp,Sweden,Male,Älvsbyn,Centizu,9982.42,SEK
Beverly,Hughes,bhughesco@feedburner.com,Nicaragua,Female,Las Sabanas,JumpXS,39513.17,NIO
Aaron,Warren,awarrencp@networksolutions.com,China,Male,Dongshi,Fanoodle,30151.40,CNY
Robin,Adams,radamscq@nps.gov,Armenia,Female,Noyakert,Tekfly,58263.29,AMD
Steven,Bishop,sbishopcr@histats.com,Norway,Male,Steinkjer,Layo,70166.98,NOK
Christina,Johnson,cjohnsoncs@ehow.com,Indonesia,Female,Wewit,Tagopia,13346.13,IDR
Alan,Mccoy,amccoyct@themeforest.net,Indonesia,Male,Wailebe,Tagchat,,IDR
Carlos,Payne,cpaynecu@google.fr,China,Male,Beichan,Brainbox,10711.60,CNY
Helen,Harper,hharpercv@unesco.org,Portugal,Female,Insua,Realmix,90642.96,EUR
Matthew,Murphy,mmurphycw@upenn.edu,Vietnam,Male,Lương Bằng,Dynazzy,40064.17,VND
Stephanie,Owens,sowenscx@oaic.gov.au,Philippines,Female,Tungao,Jabbercube,79387.22,PHP
Billy,Clark,bclarkcy@si.edu,Eritrea,Male,Asmara,Abatz,79398.97,ERN
Phillip,Simmons,psimmonscz@edublogs.org,Philippines,Male,Communal,Oyondu,9925.35,PHP
Amy,Stanley,astanleyd0@lulu.com,Estonia,Female,Haljala,Feedfire,11776.12,EUR
Stephanie,Rivera,sriverad1@oakley.com,Bahamas,Female,Marsh Harbour,Zoombox,61276.88,BSD
Benjamin,Webb,bwebbd2@squidoo.com,Malawi,Male,Rumphi,Plajo,2391.39,MWK
Nancy,Austin,naustind3@tinyurl.com,China,Female,Shangrao,Youbridge,4440.19,CNY
Donna,Moore,dmoored4@360.cn,China,Female,Lingtou,Skyba,62875.02,CNY
Annie,Powell,apowelld5@google.ca,Indonesia,Female,Kudang,Brightdog,,IDR
Robert,Lynch,rlynchd6@ameblo.jp,Indonesia,Male,Wanurian,DabZ,39550.00,IDR
Ryan,Barnes,rbarnesd7@webnode.com,Indonesia,Male,Nangkaruka,Flashspan,9425.70,IDR
Catherine,Bailey,cbaileyd8@reddit.com,Russia,Female,Zheleznogorsk,Skibox,24243.20,RUB
Kathryn,Ramos,kramosd9@trellian.com,Australia,Female,Eastern Suburbs Mc,Npath,61027.49,AUD
Daniel,Martin,dmartinda@dropbox.com,China,Male,Malichang,Kwilith,42237.12,CNY
Lori,Pierce,lpiercedb@cpanel.net,Japan,Female,Bungo-Takada-shi,Skinix,53716.90,JPY
Catherine,Spencer,cspencerdc@unc.edu,Czech Republic,Female,Loučovice,Gabvine,42090.56,CZK
Fred,Hughes,fhughesdd@webmd.com,China,Male,Maikun,Voomm,28672.39,CNY
Annie,Foster,afosterde@mysql.com,China,Female,Zhujiapu,Kimia,54566.21,CNY
Emily,Green,egreendf@oracle.com,United States,Female,Louisville,Skivee,47207.72,USD
Juan,Daniels,jdanielsdg@dot.gov,United States,Male,Lawrenceville,Ntag,54977.02,USD
Wanda,Ryan,wryandh@histats.com,Kazakhstan,Female,Qulsary,Mydeo,,KZT
Phillip,Harrison,pharrisondi@nih.gov,Chad,Male,Moundou,Topiclounge,76844.31,XAF
Keith,Moore,kmooredj@dmoz.org,China,Male,Hongwei,Yata,7365.54,CNY
Lori,Jones,ljonesdk@odnoklassniki.ru,Mongolia,Female,Darvi,Skajo,8097.12,MNT
Martin,Ramirez,mramirezdl@java.com,Sweden,Male,Värnamo,Zooxo,34009.94,SEK
Gregory,Perez,gperezdm@nifty.com,Russia,Male,Kvartsitnyy,Divanoodle,,RUB
Gerald,Miller,gmillerdn@hugedomains.com,Philippines,Male,Pandan,Skiptube,97238.66,PHP
Stephanie,Davis,sdavisdo@washingtonpost.com,Brazil,Female,Piraí do Sul,Yakidoo,33104.62,BRL
Dorothy,Holmes,dholmesdp@unc.edu,Argentina,Female,Veinticinco de Mayo,Skaboo,13862.13,ARS
Andrea,Morales,amoralesdq@sourceforge.net,Brazil,Female,Icó,Fivebridge,63852.82,BRL
Theresa,Griffin,tgriffindr@nhs.uk,Philippines,Female,Pitogo,Tagchat,52989.14,PHP
Diana,Johnson,djohnsonds@indiegogo.com,Indonesia,Female,Parawan,Leenti,87789.22,IDR
Julia,Phillips,jphillipsdt@yale.edu,Indonesia,Female,Maundai,Browsecat,70309.65,IDR
Catherine,Howell,chowelldu@mapy.cz,Paraguay,Female,Altos,Fivespan,43739.03,PYG
Elizabeth,Gordon,egordondv@uiuc.edu,China,Female,Xiqiao,Zoonoodle,,CNY
Theresa,Romero,tromerodw@arizona.edu,China,Female,Bopu,Innojam,67912.32,CNY
Randy,Martinez,rmartinezdx@cargocollective.com,Ghana,Male,Agogo,Shufflebeat,20890.16,GHS
Matthew,Barnes,mbarnesdy@photobucket.com,China,Male,Yushan,Omba,96622.35,CNY
Walter,Davis,wdavisdz@jiathis.com,China,Male,Dayuanhuizu,Jaxspan,,CNY
Louis,Carr,lcarre0@whitehouse.gov,Azerbaijan,Male,Arıqıran,Pixoboo,30220.90,AZN
Ralph,King,rkinge1@creativecommons.org,Indonesia,Male,Riangderi,Browsetype,14759.73,IDR
Evelyn,Frazier,efraziere2@cloudflare.com,Sweden,Female,Stockholm,Aibox,85566.79,SEK
Eric,Cruz,ecruze3@slate.com,Indonesia,Male,Pasirpengarayan,Thoughtstorm,94763.88,IDR
Carl,Hughes,chughese4@ucla.edu,China,Male,Yongfeng,Babbleset,5784.29,CNY
Alan,Hawkins,ahawkinse5@bizjournals.com,China,Male,Zhuping,Photolist,77971.64,CNY
Carl,Kelley,ckelleye6@taobao.com,Argentina,Male,San Martín,Flashpoint,62728.13,ARS
Maria,Pierce,mpiercee7@wired.com,Poland,Female,Brudzew,Dynabox,1568.91,PLN
Amy,Dixon,adixone8@hc360.com,Indonesia,Female,Sumberejo,Miboo,13731.97,IDR
Sara,Elliott,selliotte9@hugedomains.com,Thailand,Female,Phuket,Eabox,56745.58,THB
Peter,James,pjamesea@sun.com,Indonesia,Male,Banjarwaru,Kimia,82194.76,IDR
Kelly,West,kwesteb@taobao.com,Yemen,Female,Mawza‘,Linkbridge,27160.88,YER
Brian,Chavez,bchavezec@github.com,Russia,Male,Perovo,Yodo,,RUB
Kathy,Hughes,khughesed@blogtalkradio.com,Russia,Female,Urus-Martan,Blogpad,,RUB
Ronald,Bowman,rbowmanee@hud.gov,Poland,Male,Przytyk,Linkbuzz,,PLN
Teresa,Robertson,trobertsonef@cbc.ca,Philippines,Female,San Narciso,Flipstorm,78597.68,PHP
Judy,Thomas,jthomaseg@patch.com,United Kingdom,Female,Church End,Centizu,40885.92,GBP
Phillip,Cooper,pcoopereh@quantcast.com,Indonesia,Male,Langsepan,Twimbo,85841.97,IDR
Teresa,Elliott,telliottei@nsw.gov.au,Brazil,Female,Pirapozinho,Dynava,44946.24,BRL
Phyllis,Hamilton,phamiltonej@mapy.cz,Sweden,Female,Hisings Kärra,Twitterbeat,34901.33,SEK
Emily,Butler,ebutlerek@canalblog.com,Russia,Female,Yelan’,Kamba,,RUB
Lori,Garcia,lgarciael@wikipedia.org,Russia,Female,Kulotino,Twitterlist,10741.76,RUB
Jean,Harris,jharrisem@sbwire.com,Kazakhstan,Female,Ashchysay,Shufflester,25837.72,KZT
Randy,Frazier,rfrazieren@samsung.com,China,Male,Huangjingba,Rhycero,48892.22,CNY
Timothy,Barnes,tbarneseo@creativecommons.org,Mexico,Male,Santa Cecilia,Jatri,48470.29,MXN
Evelyn,Harper,eharperep@a8.net,Indonesia,Female,Pakisrejo,Photobug,9074.87,IDR
Adam,Hayes,ahayeseq@telegraph.co.uk,Palestinian Territory,Male,Al Mazra‘ah ash Sharqīyah,Voonder,7310.87,ILS
Donna,Moreno,dmorenoer@columbia.edu,Morocco,Female,Bouabout,Chatterbridge,41854.31,MAD
Earl,Garcia,egarciaes@hp.com,Philippines,Male,Maddarulug Norte,JumpXS,68269.71,PHP
Anthony,Stanley,astanleyet@freewebs.com,Russia,Male,Velikooktyabr’skiy,Wikivu,16612.68,RUB
Brandon,Fox,bfoxeu@hatena.ne.jp,China,Male,Ercheng,Oyondu,996.14,CNY
Clarence,Mason,cmasonev@squarespace.com,China,Male,Qiaosi,Yamia,27606.37,CNY
Tina,Patterson,tpattersonew@wunderground.com,Philippines,Female,Santa Ana,Zoomcast,6696.81,PHP
Ruby,Tucker,rtuckerex@goo.gl,China,Female,Ji’an,Avamba,66024.50,CNY
Steven,Ortiz,sortizey@freewebs.com,Indonesia,Male,Nilanapo,Nlounge,,IDR
Martin,Thompson,mthompsonez@netscape.com,Philippines,Male,Saravia,Innojam,40382.66,PHP
David,Rivera,driveraf0@ucsd.edu,Oman,Male,Şaḩam,Chatterpoint,4767.23,OMR
Paula,Duncan,pduncanf1@macromedia.com,China,Female,Cikou,Minyx,36957.78,CNY
Melissa,Morris,mmorrisf2@utexas.edu,Colombia,Female,Montería,Devpulse,45643.75,COP
Kathryn,Clark,kclarkf3@wikia.com,Philippines,Female,Albuera,Kazio,37451.44,PHP
Emily,Brown,ebrownf4@foxnews.com,Poland,Female,Łękawica,Oyoba,52994.85,PLN
Aaron,Cunningham,acunninghamf5@woothemes.com,Russia,Male,Opochka,Wikivu,55863.87,RUB
Norma,Richardson,nrichardsonf6@wordpress.com,Norway,Female,Oslo,Eayo,90548.17,NOK
Raymond,Butler,rbutlerf7@patch.com,China,Male,Sanyantang,Skilith,65844.72,CNY
Melissa,Watkins,mwatkinsf8@phpbb.com,France,Female,Nîmes,Oyondu,96714.20,EUR
Jonathan,Simpson,jsimpsonf9@slate.com,Nigeria,Male,Kibiya,Miboo,59380.38,NGN
Douglas,Moreno,dmorenofa@patch.com,Poland,Male,Rudy,Yombu,20860.70,PLN
Eric,Hughes,ehughesfb@sciencedaily.com,France,Male,Toulon,Blogpad,71454.61,EUR
Paul,Kelley,pkelleyfc@gravatar.com,France,Male,Évry,Buzzbean,23872.26,EUR
Kevin,Rodriguez,krodriguezfd@wunderground.com,Cuba,Male,San Antonio de los Baños,Roodel,,CUP
Thomas,Larson,tlarsonfe@amazonaws.com,Peru,Male,Asquipata,Youopia,86264.18,PEN
Willie,Bryant,wbryantff@creativecommons.org,Indonesia,Male,Borehbangle,Myworks,2368.38,IDR
Diane,Cruz,dcruzfg@army.mil,Indonesia,Female,Wonorejo,Jabberbean,95313.70,IDR
Dorothy,Wood,dwoodfh@4shared.com,Honduras,Female,San José,Eire,21612.25,HNL
Lisa,Bailey,lbaileyfi@123-reg.co.uk,Poland,Female,Lewin Kłodzki,Babbleopia,82004.34,PLN
Gregory,Lopez,glopezfj@smugmug.com,France,Male,Marseille,Skiba,62263.31,EUR
Roger,Morrison,rmorrisonfk@newyorker.com,Bosnia and Herzegovina,Male,Vlasenica,Gabvine,22338.61,BAM
Amy,Webb,awebbfl@51.la,Chile,Female,Nueva Imperial,Skipstorm,72510.90,CLP
Elizabeth,Hunt,ehuntfm@netvibes.com,Afghanistan,Female,Kafir Qala,Yabox,57353.53,AFN
Irene,Harrison,iharrisonfn@mayoclinic.com,China,Female,Dongla,Ozu,11190.45,CNY
Roger,Montgomery,rmontgomeryfo@infoseek.co.jp,Thailand,Male,Chai Badan,Twimbo,86763.70,THB
Doris,Scott,dscottfp@spotify.com,China,Female,Jiexiu,Roomm,,CNY
William,Baker,wbakerfq@fotki.com,China,Male,Qingyang,Dablist,27566.59,CNY
Mark,Mitchell,mmitchellfr@dagondesign.com,Thailand,Male,Phutthaisong,Aibox,,THB
Frances,Peters,fpetersfs@hatena.ne.jp,China,Female,Feng’an,Divanoodle,88640.61,CNY
Theresa,Thomas,tthomasft@cargocollective.com,Indonesia,Female,Parakanpanjang,Tagtune,54292.85,IDR
Kevin,Ramirez,kramirezfu@list-manage.com,Indonesia,Male,Bantarpanjang,Riffpath,24492.79,IDR
Susan,Vasquez,svasquezfv@de.vu,China,Female,Henglu,Kaymbo,779.78,CNY
Maria,Stanley,mstanleyfw@issuu.com,Portugal,Female,Algés,Kanoodle,42629.96,EUR
Nancy,Rogers,nrogersfx@amazon.de,Philippines,Female,Taguing,Topiclounge,98915.91,PHP
Christopher,Lawrence,clawrencefy@quantcast.com,Canada,Male,Saint John,Dynava,15465.62,CAD
Irene,Woods,iwoodsfz@tinyurl.com,China,Female,Songping,Jaxspan,57257.90,CNY
Phyllis,Rodriguez,prodriguezg0@noaa.gov,Poland,Female,Orneta,Avamba,91096.22,PLN
Nicholas,Robertson,nrobertsong1@telegraph.co.uk,Brazil,Male,Ituberá,Zoonoodle,61781.34,BRL
Annie,Morgan,amorgang2@parallels.com,United States,Female,Lincoln,Yoveo,82344.52,USD
Teresa,Lane,tlaneg3@craigslist.org,Indonesia,Female,Krajan,JumpXS,89144.57,IDR
Joseph,Rice,jriceg4@cam.ac.uk,United States,Male,Muskegon,Skiba,95217.79,USD
Robert,Dean,rdeang5@phpbb.com,Denmark,Male,København,Skipfire,39460.25,DKK
Keith,Phillips,kphillipsg6@hhs.gov,Portugal,Male,Ribeira das Taínhas,Gabtype,21476.21,EUR
Willie,Gilbert,wgilbertg7@canalblog.com,France,Male,Mayenne,Plambee,64939.98,EUR
Harry,Murphy,hmurphyg8@diigo.com,Indonesia,Male,Boafeo,Agimba,70827.08,IDR
Rose,Ford,rfordg9@smh.com.au,Tanzania,Female,Igurusi,Buzzdog,95830.54,TZS
Richard,Henry,rhenryga@edublogs.org,France,Male,Paris 15,Thoughtblab,9239.47,EUR
Melissa,Snyder,msnydergb@shutterfly.com,Albania,Female,Pojan,Zoomcast,98753.90,ALL
Aaron,Gonzales,agonzalesgc@networksolutions.com,China,Male,Jiangning,Browsetype,34750.87,CNY
Aaron,Harris,aharrisgd@uiuc.edu,Portugal,Male,Castanheira,Cogilith,33288.64,EUR
Ashley,Mccoy,amccoyge@blinklist.com,Ethiopia,Female,Tulu Bolo,Rhycero,77797.04,ETB
Betty,Mcdonald,bmcdonaldgf@amazon.co.uk,China,Female,Yangcun,Twitternation,86911.41,CNY
Justin,Kelley,jkelleygg@hexun.com,China,Male,Tongjing,DabZ,3772.42,CNY
Joyce,Long,jlonggh@tinypic.com,Russia,Female,Lebyazh’ye,Jabberstorm,3427.34,RUB
Rebecca,Stephens,rstephensgi@nba.com,Russia,Female,Tëploye,Trudeo,10562.72,RUB
Shawn,Howard,showardgj@mediafire.com,China,Male,Liulin,JumpXS,,CNY
Thomas,Johnson,tjohnsongk@barnesandnoble.com,China,Male,Hedao,Buzzbean,39569.20,CNY
Joyce,Lee,jleegl@elpais.com,South Africa,Female,Kriel,Kwinu,25405.67,ZAR
Carlos,Ellis,cellisgm@furl.net,Kenya,Male,Kisii,JumpXS,67136.30,KES
Alice,Rogers,arogersgn@exblog.jp,China,Female,Pingqiao,Skinte,90014.27,CNY
Edward,Patterson,epattersongo@wix.com,South Africa,Male,Noupoort,Topiclounge,2428.43,ZAR
Martin,Warren,mwarrengp@dailymotion.com,France,Male,Sophia Antipolis,Vinte,83283.73,EUR
Diana,West,dwestgq@com.com,Japan,Female,Hanamaki,Aimbu,22940.63,JPY
Diana,Armstrong,darmstronggr@1688.com,Uganda,Female,Namasuba,Jaxnation,75250.50,UGX
Craig,Owens,cowensgs@techcrunch.com,Indonesia,Male,Oetuke,Mybuzz,79434.76,IDR
Matthew,Stephens,mstephensgt@loc.gov,Greece,Male,Dimitsána,Edgepulse,46255.95,EUR
Deborah,Mcdonald,dmcdonaldgu@miitbeian.gov.cn,Uzbekistan,Female,Manghit,Skyvu,46783.06,UZS
Gregory,Butler,gbutlergv@ucoz.com,Guatemala,Male,San Lucas Sacatepéquez,Plambee,40529.45,GTQ
Donna,Ortiz,dortizgw@friendfeed.com,Indonesia,Female,Sumanding,Devbug,29879.09,IDR
Beverly,Rose,brosegx@vistaprint.com,China,Female,Baizhu,Skajo,,CNY
Theresa,Moore,tmooregy@unblog.fr,Colombia,Female,Argelia,Bluezoom,99090.57,COP
George,Snyder,gsnydergz@nifty.com,Pakistan,Male,Dālbandīn,Devpulse,56353.64,PKR
Kathryn,Hawkins,khawkinsh0@auda.org.au,Egypt,Female,Kafr az Zayyāt,Blogpad,1334.54,EGP
Jesse,Watson,jwatsonh1@yellowpages.com,Tanzania,Male,Makuyuni,Thoughtbeat,73442.48,TZS
Jason,Hanson,jhansonh2@amazon.co.jp,Czech Republic,Male,Višňova,Wikibox,7117.93,CZK
Jacqueline,Carr,jcarrh3@harvard.edu,Greece,Female,Néa Ionía,Kwimbee,67685.35,EUR
Willie,Myers,wmyersh4@usa.gov,France,Male,Paris 02,Flipbug,78982.40,EUR
Sandra,Rogers,srogersh5@studiopress.com,China,Female,Erhaodi,Yabox,17969.73,CNY
Charles,Johnson,cjohnsonh6@imageshack.us,Sweden,Male,Västerås,Babblestorm,27291.99,SEK
Joan,Andrews,jandrewsh7@vk.com,Russia,Female,Korsakovo,Twinte,,RUB
Kenneth,Gonzales,kgonzalesh8@mapy.cz,Indonesia,Male,Rancabelut,Buzzdog,2447.04,IDR
Charles,Williamson,cwilliamsonh9@youtube.com,Samoa,Male,Gataivai,Devpoint,84474.60,WST
Dorothy,Thomas,dthomasha@usda.gov,Finland,Female,Isojoki,Shufflebeat,84014.53,EUR
Jimmy,Wallace,jwallacehb@joomla.org,Dominican Republic,Male,Santo Domingo Oeste,Voolith,65210.60,DOP
Barbara,Myers,bmyershc@yelp.com,Indonesia,Female,Pilang,Topiclounge,53530.76,IDR
Ralph,Ryan,rryanhd@bbc.co.uk,Laos,Male,Phonsavan,Devpulse,38943.29,LAK
Sarah,King,skinghe@intel.com,Indonesia,Female,Bendoroto,Devcast,89135.18,IDR
Paul,Hunt,phunthf@unblog.fr,Mexico,Male,Guadalupe,Skibox,94435.94,MXN
Jason,Snyder,jsnyderhg@g.co,China,Male,Simajia,Gabvine,,CNY
Eric,Porter,eporterhh@creativecommons.org,Russia,Male,Peterhof,Gabcube,28528.42,RUB
Gloria,White,gwhitehi@miibeian.gov.cn,China,Female,Guangyubao,Kwinu,19191.15,CNY
Anna,Hamilton,ahamiltonhj@google.fr,Iceland,Female,Hveragerði,Teklist,10782.78,ISK
Keith,Moore,kmoorehk@vk.com,Portugal,Male,Ponta Delgada,Zazio,38929.61,EUR
Theresa,Willis,twillishl@canalblog.com,China,Female,Shaoha,Youopia,88066.34,CNY
Annie,Johnson,ajohnsonhm@yellowpages.com,Russia,Female,Shelabolikha,Tazzy,50320.73,RUB
Michael,Bryant,mbryanthn@photobucket.com,Malawi,Male,Kasungu,Bubbletube,91519.95,MWK
Dennis,Crawford,dcrawfordho@theatlantic.com,Indonesia,Male,Tanahmerah,Eamia,75589.59,IDR
Angela,Flores,afloreshp@marketwatch.com,Portugal,Female,Escola,Photospace,2948.90,EUR
Melissa,Rivera,mriverahq@mtv.com,Peru,Female,Huancaray,Livefish,9931.39,PEN
Sharon,Elliott,selliotthr@discovery.com,France,Female,Altkirch,Eazzy,55311.78,EUR
Janice,Alvarez,jalvarezhs@constantcontact.com,China,Female,Xiyuan,Minyx,50754.94,CNY
Willie,Medina,wmedinaht@berkeley.edu,Brazil,Male,Pitangui,Feedmix,42594.80,BRL
Elizabeth,Arnold,earnoldhu@businesswire.com,Brazil,Female,Bauru,Photolist,72350.34,BRL
Scott,Grant,sgranthv@aol.com,Philippines,Male,New Cebu,Zoomcast,73335.54,PHP
Ralph,Garrett,rgarretthw@scribd.com,China,Male,Huixian Chengguanzhen,Photobug,82930.42,CNY
Jean,Ferguson,jfergusonhx@uol.com.br,Poland,Female,Kępice,Katz,37979.75,PLN
Jean,Simmons,jsimmonshy@wunderground.com,United States,Female,Baltimore,Dabjam,,USD
Joyce,Foster,jfosterhz@msu.edu,Brazil,Female,Cosmópolis,Kazu,90203.08,BRL
Rose,Brown,rbrowni0@webs.com,Brazil,Female,Coruripe,Meedoo,78476.37,BRL
Nicole,Watson,nwatsoni1@linkedin.com,United Arab Emirates,Female,Sharjah,Bluejam,83143.23,AED
Henry,Brooks,hbrooksi2@zimbio.com,Russia,Male,Kimil’tey,Babbleset,42267.36,RUB
Diane,Bowman,dbowmani3@google.nl,China,Female,Yixin,Centidel,24598.84,CNY
Robin,Nelson,rnelsoni4@printfriendly.com,China,Female,Guoduwan,Quaxo,77739.17,CNY
Marie,Lawson,mlawsoni5@unicef.org,Finland,Female,Varpaisjärvi,Yabox,,EUR
John,Thomas,jthomasi6@taobao.com,Indonesia,Male,Papringan,Quimm,96208.48,IDR
Diane,Taylor,dtaylori7@furl.net,Poland,Female,Prażmów,Yabox,,PLN
Annie,Lee,aleei8@sun.com,Netherlands,Female,Nijmegen,Eabox,12264.31,EUR
Wanda,Walker,wwalkeri9@altervista.org,Philippines,Female,Paraiso,Shufflebeat,61630.22,PHP
Jennifer,Reid,jreidia@smh.com.au,Russia,Female,Uchaly,Tagfeed,70985.94,RUB
Kathleen,Spencer,kspencerib@gravatar.com,China,Female,Zhongguan,Devify,16823.51,CNY
Kathleen,Morrison,kmorrisonic@baidu.com,Mexico,Female,El Porvenir,Brainlounge,302.43,MXN
Aaron,Torres,atorresid@seattletimes.com,Poland,Male,Zaniemyśl,BlogXS,46175.42,PLN
Debra,Stewart,dstewartie@ebay.com,Indonesia,Female,Caringin,Aimbu,,IDR
Richard,Castillo,rcastilloif@auda.org.au,China,Male,Pagnag,Jatri,72031.44,CNY
Dorothy,Meyer,dmeyerig@aol.com,China,Female,Huarong Chengguanzhen,Topicstorm,49224.79,CNY
George,Grant,ggrantih@europa.eu,Russia,Male,Pochinok,Meezzy,6582.78,RUB
Albert,Jenkins,ajenkinsii@bluehost.com,Ukraine,Male,Komyshnya,Dabvine,8555.92,UAH
Sarah,Hayes,shayesij@fema.gov,Brazil,Female,Unaí,Dynabox,29550.29,BRL
Arthur,James,ajamesik@e-recht24.de,Indonesia,Male,Pakuwon,Kwideo,74764.71,IDR
Ruby,Baker,rbakeril@gnu.org,Indonesia,Female,Huilelot,Jetwire,75907.39,IDR
William,Myers,wmyersim@elegantthemes.com,Vietnam,Male,Xuân Trường,Livefish,26336.17,VND
Willie,Johnston,wjohnstonin@webnode.com,Brazil,Male,Itatiba,Twitterwire,8205.03,BRL
Lori,Jackson,ljacksonio@biglobe.ne.jp,Indonesia,Female,Mekarsari,Pixoboo,39685.45,IDR
Frank,Perez,fperezip@ca.gov,Thailand,Male,Nam Phong,Oba,19409.72,THB
Evelyn,Anderson,eandersoniq@springer.com,China,Female,Jugezhuang,Skibox,42174.08,CNY
Tina,Powell,tpowellir@sun.com,Sweden,Female,Säffle,Linkbridge,60379.10,SEK
Diana,Reed,dreedis@simplemachines.org,Czech Republic,Female,Rumburk,Voolia,,CZK
Ernest,Andrews,eandrewsit@rakuten.co.jp,Russia,Male,Pushkino,Trilith,56838.01,RUB
Gregory,Carter,gcarteriu@taobao.com,Serbia,Male,Sremska Mitrovica,Yotz,69218.37,RSD
Scott,Gray,sgrayiv@tmall.com,Japan,Male,Ishinomaki,Cogilith,80577.07,JPY
Dennis,Wheeler,dwheeleriw@yellowpages.com,Tanzania,Male,Newala Kisimani,Rhynoodle,65998.93,TZS
Anne,Jones,ajonesix@amazon.co.jp,Russia,Female,Petrovsk,Topicshots,14607.11,RUB
Clarence,West,cwestiy@linkedin.com,Portugal,Male,Eirol,Pixoboo,85900.13,EUR
Pamela,Harper,pharperiz@naver.com,Argentina,Female,Rawson,Oozz,36126.02,ARS
Henry,Wheeler,hwheelerj0@yandex.ru,Portugal,Male,Odemira,Jabberbean,76239.23,EUR
Richard,Payne,rpaynej1@harvard.edu,Indonesia,Male,Pinggan,Edgetag,85684.46,IDR
Billy,Green,bgreenj2@ocn.ne.jp,Philippines,Male,Guihulñgan,Buzzster,25559.74,PHP
George,Roberts,grobertsj3@jalbum.net,Serbia,Male,Platičevo,Eamia,93133.98,RSD
Heather,Lopez,hlopezj4@gmpg.org,Russia,Female,Zmeyskaya,Ailane,44885.67,RUB
Evelyn,Barnes,ebarnesj5@histats.com,China,Female,Youlongchuan,Tagopia,57091.65,CNY
Sandra,Morgan,smorganj6@mozilla.com,Portugal,Female,Sanfins,Agimba,1350.52,EUR
Gregory,Burton,gburtonj7@ustream.tv,Kazakhstan,Male,Ekibastuz,Linklinks,57690.94,KZT
Ashley,Hill,ahillj8@sciencedaily.com,Indonesia,Female,Nagrog,Roombo,51635.40,IDR
Raymond,Gilbert,rgilbertj9@liveinternet.ru,Indonesia,Male,Boneng,Vipe,75200.76,IDR
Sara,Spencer,sspencerja@mayoclinic.com,Central African Republic,Female,Batangafo,Lazz,57131.63,XAF
Emily,Reid,ereidjb@gov.uk,Philippines,Female,Consuelo,Twinte,70646.06,PHP
Catherine,Campbell,ccampbelljc@wisc.edu,Mongolia,Female,Duut,Twitterwire,98578.30,MNT
Jeremy,Ferguson,jfergusonjd@1688.com,Albania,Male,Sevaster,Kayveo,40562.69,ALL
Willie,Ryan,wryanje@mozilla.org,Portugal,Male,Almalaguês,Pixonyx,,EUR
Stephen,Wells,swellsjf@slideshare.net,China,Male,Kalaxilike,Blogtags,34699.65,CNY
Nicholas,Owens,nowensjg@godaddy.com,Japan,Male,Futtsu,Vinder,11707.32,JPY
Ruth,Hunter,rhunterjh@zimbio.com,Belize,Female,Belize City,Tazzy,57503.00,BZD
Kevin,Duncan,kduncanji@cbslocal.com,China,Male,Zhifang,Avamba,26278.08,CNY
Douglas,Morris,dmorrisjj@github.io,Vietnam,Male,Thị Trấn Nghèn,Chatterpoint,64088.70,VND
Kathleen,Hunter,khunterjk@wikipedia.org,Portugal,Female,Quinta da Torre,Flipopia,90999.16,EUR
Henry,Allen,hallenjl@xrea.com,Brazil,Male,Caçapava,Skimia,50640.69,BRL
Anna,Murphy,amurphyjm@stanford.edu,Ireland,Female,Ratoath,Aivee,1493.34,EUR
Roger,Arnold,rarnoldjn@acquirethisname.com,Uzbekistan,Male,G’uzor,Meedoo,45557.29,UZS
Thomas,Hayes,thayesjo@yandex.ru,China,Male,Sanxi,Latz,42741.13,CNY
Phyllis,Payne,ppaynejp@typepad.com,China,Female,Aiximan,Realbuzz,3987.82,CNY
Steve,James,sjamesjq@wufoo.com,Peru,Male,Querecotillo,Reallinks,20495.58,PEN
Lori,Perkins,lperkinsjr@deviantart.com,Greece,Female,Koilás,Photolist,38876.07,EUR
Anna,Brown,abrownjs@fotki.com,China,Female,Zhongxing,Fiveclub,98996.12,CNY
Joseph,Lynch,jlynchjt@github.io,Russia,Male,Elista,Abatz,61240.82,RUB
Jean,Fox,jfoxju@dropbox.com,Ukraine,Female,Korolevo,Dablist,89236.96,UAH
Carl,Phillips,cphillipsjv@ameblo.jp,Serbia,Male,Krivaja,Mynte,61143.27,RSD
Julie,Cunningham,jcunninghamjw@rakuten.co.jp,Libya,Female,Al Jawf,Oozz,88588.97,LYD
John,Dean,jdeanjx@edublogs.org,Poland,Male,Janowiec,Bubblemix,,PLN
Paul,Cruz,pcruzjy@ucsd.edu,France,Male,Saint-Denis,Voomm,57396.45,EUR
Jonathan,George,jgeorgejz@biglobe.ne.jp,France,Male,Lavaur,Twitterlist,44722.67,EUR
Margaret,Gilbert,mgilbertk0@reddit.com,United States,Female,Sacramento,Centidel,88232.55,USD
Deborah,Hughes,dhughesk1@imdb.com,China,Female,Xiashuitou,Flashpoint,26498.08,CNY
Jessica,Perry,jperryk2@tripadvisor.com,China,Female,Beizheng,Skalith,3853.88,CNY
Phillip,Dixon,pdixonk3@yelp.com,Mexico,Male,El Mirador,Teklist,,MXN
Jack,Johnson,jjohnsonk4@imgur.com,United States,Male,Dallas,Twitterbeat,48150.38,USD
Kathy,Jackson,kjacksonk5@oakley.com,Russia,Female,Novomyshastovskaya,Snaptags,4555.97,RUB
Pamela,Smith,psmithk6@amazon.co.jp,Greece,Female,Lagyná,Zoovu,43142.59,EUR
Peter,Hicks,phicksk7@scientificamerican.com,Indonesia,Male,Hokor,Blogpad,81247.22,IDR
Doris,Harrison,dharrisonk8@paginegialle.it,Swaziland,Female,Piggs Peak,Flashspan,18791.42,SZL
Steven,Wood,swoodk9@ft.com,China,Male,Xinli,Jaxspan,54821.46,CNY
Jimmy,Simpson,jsimpsonka@si.edu,Nepal,Male,Bardiyā,Twinte,54710.46,NPR
Ernest,Nichols,enicholskb@wikia.com,Vietnam,Male,Thị Trấn Bắc Hà,Kwideo,38611.40,VND
Judith,Ramos,jramoskc@ebay.co.uk,Chile,Female,Yumbel,Shuffletag,77270.44,CLP
Carlos,Myers,cmyerskd@indiatimes.com,Philippines,Male,Alabug,Devpoint,51774.87,PHP
Carol,Collins,ccollinske@altervista.org,Russia,Female,Yazykovo,Gigazoom,38572.19,RUB
Teresa,Rose,trosekf@hexun.com,Vietnam,Female,Ngã Bảy,Blogspan,61063.08,VND
Arthur,Fisher,afisherkg@deliciousdays.com,Russia,Male,Georgiyevka,Meembee,15640.73,RUB
Charles,Gordon,cgordonkh@ucsd.edu,China,Male,Xijiao,Geba,75255.75,CNY
Philip,Cox,pcoxki@chronoengine.com,Ukraine,Male,Zahvizdya,Twitterbridge,4456.89,UAH
Rose,Hall,rhallkj@hc360.com,China,Female,Dabachang,Tagchat,,CNY
Catherine,Peterson,cpetersonkk@psu.edu,China,Female,Liuhe,Rhynoodle,41542.37,CNY
Laura,Reynolds,lreynoldskl@noaa.gov,Belarus,Female,Enyerhyetykaw,Youspan,61949.19,BYR
Daniel,Montgomery,dmontgomerykm@seesaa.net,Greece,Male,Kavásilas,Zazio,78858.48,EUR
Linda,Long,llongkn@bloglines.com,Argentina,Female,General Vedia,Gigabox,17202.47,ARS
Elizabeth,Moore,emooreko@yale.edu,Philippines,Female,Caburan,Meetz,35122.19,PHP
Barbara,Cox,bcoxkp@flavors.me,Thailand,Female,Kut Chap,DabZ,75492.60,THB
Arthur,Edwards,aedwardskq@yellowpages.com,France,Male,Pau,Topicware,78638.60,EUR
Ralph,Woods,rwoodskr@wired.com,Serbia,Male,Begejci,Jabbersphere,47178.74,RSD
Jean,Bennett,jbennettks@google.co.jp,Indonesia,Female,Kasiyan,Browsecat,97972.14,IDR
Anna,Hughes,ahugheskt@bizjournals.com,Portugal,Female,Infantas,LiveZ,41414.95,EUR
Margaret,Marshall,mmarshallku@illinois.edu,China,Female,Wufeng,Tanoodle,67607.66,CNY
Larry,Dean,ldeankv@discuz.net,France,Male,Grenoble,Brainlounge,84672.58,EUR
Terry,Knight,tknightkw@dailymotion.com,Brazil,Male,Iguatu,Tagchat,,BRL
Deborah,Richards,drichardskx@mapy.cz,Greece,Female,Ymittos,Reallinks,23092.07,EUR
Ernest,Weaver,eweaverky@histats.com,Benin,Male,Kétou,Rhynyx,24430.75,XOF
Donna,Snyder,dsnyderkz@nsw.gov.au,Philippines,Female,Bautista,Wordpedia,89322.02,PHP
Keith,Shaw,kshawl0@pbs.org,France,Male,Avignon,Rooxo,63226.99,EUR
Emily,Weaver,eweaverl1@merriam-webster.com,Russia,Female,Gvardeysk,Linklinks,61382.84,RUB
Patricia,Dunn,pdunnl2@pcworld.com,China,Female,Zibu,Gevee,94244.11,CNY
Debra,Hansen,dhansenl3@yelp.com,Russia,Female,Bokhan,Dabtype,90776.31,RUB
Johnny,Medina,jmedinal4@zdnet.com,Brazil,Male,Santo Antônio de Pádua,Blogtags,93274.84,BRL
Julie,Sanders,jsandersl5@webeden.co.uk,Indonesia,Female,Mandeman Daya,Brainverse,30045.71,IDR
Donna,Castillo,dcastillol6@myspace.com,Italy,Female,Roma,Miboo,96830.80,EUR
Philip,Alvarez,palvarezl7@bizjournals.com,China,Male,Hesheng,Rooxo,73069.34,CNY
Jeffrey,Dean,jdeanl8@netvibes.com,Indonesia,Male,Bidikotak,Photobug,54086.28,IDR
Scott,Weaver,sweaverl9@hugedomains.com,China,Male,Songqiao,Eazzy,68033.98,CNY
Louis,Fuller,lfullerla@prlog.org,Philippines,Male,Jaguimitan,Linkbuzz,30867.34,PHP
Angela,Olson,aolsonlb@marriott.com,Uganda,Female,Wakiso,Wordware,57878.50,UGX
Teresa,Cunningham,tcunninghamlc@marriott.com,Ukraine,Female,Veselynove,Wikibox,91230.75,UAH
Eric,Chapman,echapmanld@taobao.com,Japan,Male,Ina,Avaveo,4175.66,JPY
Diane,Nichols,dnicholsle@hugedomains.com,Guatemala,Female,El Quetzal,Fliptune,15015.57,GTQ
Lori,Boyd,lboydlf@360.cn,Tanzania,Female,Kijini,Bubbletube,61911.85,TZS
Benjamin,Greene,bgreenelg@networksolutions.com,Indonesia,Male,Rawuk,Skidoo,86431.65,IDR
Wanda,Stanley,wstanleylh@wordpress.org,Indonesia,Female,Kedungcangkring,Agivu,11982.74,IDR
Paul,Cole,pcoleli@yellowpages.com,Argentina,Male,Cañuelas,Skinder,24776.88,ARS
Russell,Vasquez,rvasquezlj@census.gov,Portugal,Male,Midões,Devify,39675.37,EUR
Henry,Parker,hparkerlk@whitehouse.gov,Russia,Male,Novogornyy,Miboo,51941.22,RUB
Catherine,Long,clongll@howstuffworks.com,Philippines,Female,Tungol,Voonder,73710.92,PHP
Arthur,Rivera,ariveralm@cornell.edu,China,Male,Tangba,Plambee,56031.10,CNY
Catherine,Banks,cbanksln@nsw.gov.au,China,Female,Huaniao,Plambee,66110.16,CNY
Steven,Henderson,shendersonlo@miibeian.gov.cn,United States,Male,Santa Cruz,Trilia,80643.80,USD
Jimmy,Olson,jolsonlp@ycombinator.com,Argentina,Male,Venado Tuerto,Youtags,86257.47,ARS
Jose,Lopez,jlopezlq@tamu.edu,China,Male,Songshi,Tanoodle,89057.24,CNY
Nicholas,Franklin,nfranklinlr@google.de,China,Male,Jiangdianzi,Photospace,26032.31,CNY
Matthew,Baker,mbakerls@youtube.com,Indonesia,Male,Bangbayang,Photolist,6147.19,IDR
Earl,Richards,erichardslt@census.gov,Russia,Male,Siukh,Viva,62174.92,RUB
Fred,Gordon,fgordonlu@liveinternet.ru,Palestinian Territory,Male,Burqah,Rooxo,17318.11,ILS
Emily,Gutierrez,egutierrezlv@myspace.com,Philippines,Female,Doyong,Blogspan,9244.90,PHP
Eugene,Edwards,eedwardslw@yahoo.co.jp,Thailand,Male,Wang Thonglang,Leenti,14084.59,THB
Melissa,Ruiz,mruizlx@mediafire.com,Thailand,Female,Ban Na San,Bubbletube,47749.30,THB
Stephanie,Martinez,smartinezly@ehow.com,Portugal,Female,Carvalho,Feedfish,69295.33,EUR
Mary,Dean,mdeanlz@soup.io,Mexico,Female,El Calvario,Devpoint,39773.83,MXN
Rachel,Hughes,rhughesm0@skype.com,China,Female,Hengshui,Realfire,49936.97,CNY
Kathy,Grant,kgrantm1@fda.gov,Japan,Female,Miyazaki-shi,Linklinks,3726.81,JPY
Annie,Ryan,aryanm2@reddit.com,Azerbaijan,Female,Sabunçu,Blognation,24002.48,AZN
Stephanie,Fuller,sfullerm3@chicagotribune.com,Haiti,Female,Carrefour,Kaymbo,82958.62,HTG
Gerald,Carter,gcarterm4@globo.com,Dominican Republic,Male,Esperalvillo,Skippad,,DOP
Ronald,Hughes,rhughesm5@acquirethisname.com,Sweden,Male,Tranås,Brightbean,88231.05,SEK
Wayne,Thompson,wthompsonm6@dyndns.org,United States,Male,Santa Rosa,Voolith,76552.07,USD
Andrea,Bryant,abryantm7@examiner.com,Colombia,Female,Gigante,Oba,8387.85,COP
Russell,Hunt,rhuntm8@google.de,Iran,Male,Piranshahr,Skimia,,IRR
Janet,Lane,jlanem9@360.cn,Colombia,Female,Heliconia,Katz,60273.08,COP
Jennifer,Cox,jcoxma@unblog.fr,China,Female,Xiwei,Yata,61078.08,CNY
Billy,Roberts,brobertsmb@xrea.com,Iran,Male,Shahrīār,Topdrive,55477.64,IRR
Lois,Hayes,lhayesmc@joomla.org,Netherlands,Female,Enschede,Voomm,20463.33,EUR
Rachel,Jackson,rjacksonmd@flavors.me,Nicaragua,Female,Tipitapa,Yambee,39949.36,NIO
Heather,Brown,hbrownme@uol.com.br,Canada,Female,Roblin,Eare,73779.66,CAD
Christopher,Berry,cberrymf@ted.com,China,Male,Ya’ergenchu,Topicblab,62815.71,CNY
Carolyn,Brooks,cbrooksmg@si.edu,China,Female,Liudu,Quimba,86461.02,CNY
Aaron,Boyd,aboydmh@istockphoto.com,Russia,Male,Uchaly,Quatz,91868.02,RUB
Karen,Hughes,khughesmi@creativecommons.org,Indonesia,Female,Beringin,Ailane,83172.90,IDR
Helen,Perkins,hperkinsmj@over-blog.com,China,Female,Dongsheng,Devbug,18923.16,CNY
Christine,Mills,cmillsmk@alexa.com,Brazil,Female,Trairi,Thoughtstorm,95393.78,BRL
Sandra,Gilbert,sgilbertml@elegantthemes.com,Nigeria,Female,Kaingiwa,Blogpad,62811.31,NGN
Kevin,Reid,kreidmm@sciencedirect.com,China,Male,Mazhu,Vidoo,20354.66,CNY
Richard,Johnson,rjohnsonmn@cnbc.com,Japan,Male,Hatsukaichi,BlogXS,37784.57,JPY
Donna,Wagner,dwagnermo@icio.us,Philippines,Female,Wright,Abata,68026.18,PHP
Jennifer,Oliver,jolivermp@google.fr,Madagascar,Female,Andramasina,Tazz,4873.65,MGA
Ronald,Ruiz,rruizmq@storify.com,Bosnia and Herzegovina,Male,Knežica,Mycat,69046.08,BAM
Sarah,Burns,sburnsmr@sohu.com,Canada,Female,Penhold,Tagchat,85110.01,CAD
Kelly,Collins,kcollinsms@washington.edu,Macedonia,Female,Debar,Eimbee,77399.88,MKD
Brian,Robinson,brobinsonmt@businessinsider.com,Indonesia,Male,Tengah,Shufflebeat,90754.71,IDR
Anthony,Campbell,acampbellmu@123-reg.co.uk,Philippines,Male,Ualog,Feedbug,46470.41,PHP
Wayne,Smith,wsmithmv@nature.com,Sweden,Male,Göteborg,Vinder,95629.37,SEK
Charles,Alexander,calexandermw@webmd.com,Indonesia,Male,Pasir,Tagopia,,IDR
Emily,Richards,erichardsmx@exblog.jp,Indonesia,Female,Daniwato,Trilith,81671.59,IDR
Jonathan,Burns,jburnsmy@answers.com,China,Male,Yingta,Photospace,,CNY
Randy,Bailey,rbaileymz@wikispaces.com,Vietnam,Male,Châu Thành,Eidel,74368.98,VND
Phyllis,Watkins,pwatkinsn0@intel.com,Panama,Female,Cusapín,Photofeed,31885.65,PAB
Jennifer,Johnson,jjohnsonn1@tiny.cc,France,Female,Marseille,Tazz,1305.28,EUR
Susan,Ward,swardn2@cisco.com,Philippines,Female,San Nicolas,Quinu,95020.12,PHP
Martin,Simpson,msimpsonn3@usda.gov,Sweden,Male,Saltsjöbaden,Babblestorm,59230.83,SEK
Robert,Wood,rwoodn4@biblegateway.com,Ukraine,Male,Khorostkiv,Buzzdog,73178.47,UAH
Bruce,Stevens,bstevensn5@cyberchimps.com,Russia,Male,Chekmagush,Abata,,RUB
Carl,Stone,cstonen6@edublogs.org,Portugal,Male,Zambujeira,Gigabox,,EUR
Sarah,Spencer,sspencern7@stumbleupon.com,Iraq,Female,Al Mawşil al Jadīdah,Ntags,12455.00,IQD
Irene,Nguyen,inguyenn8@phoca.cz,Philippines,Female,San Quintin,Buzzshare,47769.97,PHP
Aaron,Collins,acollinsn9@cnet.com,Japan,Male,Arai,Eayo,34745.30,JPY
Benjamin,Ray,brayna@topsy.com,Portugal,Male,Vale,Yakidoo,40671.03,EUR
Adam,Romero,aromeronb@elegantthemes.com,Sri Lanka,Male,Unawatuna,Jatri,35265.76,LKR
Debra,Harrison,dharrisonnc@smh.com.au,Greece,Female,Pithári,Jabberbean,8359.14,EUR
Norma,Martin,nmartinnd@histats.com,France,Female,Roubaix,Yodoo,71707.86,EUR
Adam,Black,ablackne@dion.ne.jp,Ukraine,Male,Novomykolayivka,Tagpad,81865.19,UAH
Randy,Patterson,rpattersonnf@chron.com,Netherlands,Male,Nieuwegein,Dazzlesphere,73739.47,EUR
Russell,Stevens,rstevensng@creativecommons.org,China,Male,Jiangkou,Livefish,70270.15,CNY
Bobby,Stewart,bstewartnh@wisc.edu,Armenia,Male,Vayk’,Jatri,24296.55,AMD
Irene,Miller,imillerni@google.it,Russia,Female,Rovnoye,Quinu,37204.63,RUB
Earl,Martinez,emartineznj@sphinn.com,China,Male,Changling,Mymm,35458.83,CNY
Kevin,Thompson,kthompsonnk@photobucket.com,China,Male,Hangji,Avamm,93363.66,CNY
Carlos,Williamson,cwilliamsonnl@miitbeian.gov.cn,Bangladesh,Male,Sirājganj,Zoonder,22743.65,BDT
Earl,Lane,elanenm@163.com,Indonesia,Male,Jujur,Divavu,99096.49,IDR
Douglas,Nichols,dnicholsnn@comcast.net,China,Male,Yiliu,Flashdog,95468.90,CNY
William,Little,wlittleno@mail.ru,China,Male,Dahongmen,Meedoo,25906.84,CNY
Jacqueline,Fox,jfoxnp@soup.io,North Korea,Female,Hyesan-si,Devify,32829.71,KPW
Catherine,Hamilton,chamiltonnq@cloudflare.com,Poland,Female,Ostrów Mazowiecka,Meedoo,,PLN
Howard,Robinson,hrobinsonnr@gmpg.org,Portugal,Male,São Paio de Gramaços,Meetz,14737.45,EUR
Keith,Nichols,knicholsns@google.co.jp,China,Male,Sanxi,Camimbo,,CNY
Brandon,George,bgeorgent@addtoany.com,Russia,Male,Nagutskoye,Dablist,37737.99,RUB
Elizabeth,Welch,ewelchnu@gizmodo.com,Cayman Islands,Female,North Side,Voolia,,KYD
Charles,Barnes,cbarnesnv@amazon.de,Ukraine,Male,Budy,Ailane,36719.27,UAH
Cynthia,Fox,cfoxnw@ocn.ne.jp,Russia,Female,Buguruslan,Kare,58195.46,RUB
Chris,Kim,ckimnx@latimes.com,China,Male,Jiamaogong,Eimbee,15011.21,CNY
Theresa,Garcia,tgarciany@slate.com,Poland,Female,Garbów,Meezzy,89937.65,PLN
Russell,Ross,rrossnz@loc.gov,Greece,Male,Sápes,Quire,57792.85,EUR
Carl,George,cgeorgeo0@geocities.jp,Indonesia,Male,Rukunlima Bawah,Meevee,28262.93,IDR
Julie,Vasquez,jvasquezo1@nyu.edu,Thailand,Female,Sop Pong,Blognation,89971.25,THB
Jeremy,Griffin,jgriffino2@slate.com,France,Male,Villeneuve-sur-Lot,Dabfeed,79775.62,EUR
Brandon,Gutierrez,bgutierrezo3@uiuc.edu,Canada,Male,Côte-Saint-Luc,Realcube,27048.99,CAD
Deborah,Scott,dscotto4@sciencedirect.com,Czech Republic,Female,Starý Bohumín,Realbridge,25062.21,CZK
Andrea,Larson,alarsono5@comsenz.com,France,Female,Paris La Défense,Flashpoint,,EUR
Kathryn,Snyder,ksnydero6@google.com.br,United Arab Emirates,Female,Ras al-Khaimah,Tazz,98233.45,AED
Jose,Hart,jharto7@arizona.edu,China,Male,Hekou,Topicshots,14391.55,CNY
Tammy,Morris,tmorriso8@liveinternet.ru,Niger,Female,Madaoua,Camimbo,91361.86,XOF
Bobby,Sullivan,bsullivano9@yelp.com,Poland,Male,Płoniawy-Bramura,Tazzy,,PLN
Paul,Howard,phowardoa@discuz.net,Thailand,Male,Bang Kruai,Kayveo,16463.97,THB
Mark,Reid,mreidob@blogger.com,Indonesia,Male,Kutamangu,Voolith,901.03,IDR
Brenda,Johnston,bjohnstonoc@google.com.hk,Guatemala,Female,San Antonio Ilotenango,Brainbox,20582.61,GTQ
Anthony,Day,adayod@blogspot.com,China,Male,Wufeng,Skinder,60501.18,CNY
Kathy,Gonzales,kgonzalesoe@tumblr.com,Sweden,Female,Sala,Blognation,84848.35,SEK
Robert,Fowler,rfowlerof@tiny.cc,Indonesia,Male,Cipari Satu,Izio,72693.36,IDR
Dorothy,Reyes,dreyesog@gizmodo.com,China,Female,Langchi,Eamia,94719.51,CNY
Johnny,Andrews,jandrewsoh@w3.org,China,Male,Shicheng,Latz,,CNY
Anthony,Spencer,aspenceroi@miibeian.gov.cn,Honduras,Male,San Lorenzo,Quimm,92431.77,HNL
Eugene,Reynolds,ereynoldsoj@mit.edu,Peru,Male,Quiruvilca,Photofeed,42137.98,PEN
Michael,Stewart,mstewartok@infoseek.co.jp,China,Male,Qiantang,Photojam,14187.43,CNY
Ryan,Watson,rwatsonol@etsy.com,Thailand,Male,Ban Tak,Skalith,7470.00,THB
Joshua,Fernandez,jfernandezom@npr.org,Japan,Male,Morohongō,Izio,,JPY
Michelle,White,mwhiteon@archive.org,Russia,Female,Solotcha,Snaptags,55187.55,RUB
Steven,Elliott,selliottoo@irs.gov,Nigeria,Male,Awka,Bluejam,95837.52,NGN
Carolyn,Martin,cmartinop@smugmug.com,Indonesia,Female,Balengbeng,Yakijo,1344.96,IDR
Justin,Morgan,jmorganoq@nhs.uk,China,Male,Zhaoxiang,Youfeed,93435.03,CNY
George,Jackson,gjacksonor@imgur.com,Portugal,Male,Amieira,Blogspan,69251.60,EUR
Betty,Stanley,bstanleyos@hexun.com,Russia,Female,Kurmanayevka,Cogidoo,27354.85,RUB
Nicole,Thompson,nthompsonot@stumbleupon.com,Slovenia,Female,Hrastnik,Realcube,369.04,EUR
Lillian,Garrett,lgarrettou@example.com,Japan,Female,Tokuyama,Oodoo,69341.71,JPY
Walter,Frazier,wfrazierov@meetup.com,Japan,Male,Musashino,Thoughtbridge,65100.99,JPY
Kimberly,Williams,kwilliamsow@cocolog-nifty.com,Poland,Female,Giebułtów,Realpoint,,PLN
Evelyn,Johnson,ejohnsonox@nbcnews.com,Kiribati,Female,Ambo Village,Thoughtstorm,84672.34,AUD
Amanda,Hernandez,ahernandezoy@wikispaces.com,Poland,Female,Świętajno,Layo,72856.52,PLN
Denise,Hamilton,dhamiltonoz@cafepress.com,China,Female,Bayan Bulag,Kaymbo,72697.74,CNY
Mark,Johnson,mjohnsonp0@weebly.com,Nigeria,Male,Nsukka,Zoomcast,26513.35,NGN
Cheryl,Adams,cadamsp1@w3.org,Indonesia,Female,Wadungasri,Jabberbean,30284.06,IDR
Sharon,Allen,sallenp2@cargocollective.com,Malaysia,Female,Pulau Pinang,Jabbersphere,29949.57,MYR
Gregory,Harvey,gharveyp3@google.ru,China,Male,Jangdam,Realmix,,CNY
Roy,Castillo,rcastillop4@dropbox.com,China,Male,Chengshan,Jaxspan,59254.50,CNY
Irene,Cox,icoxp5@1688.com,United States,Female,Stockton,Jetwire,14465.94,USD
Deborah,Stevens,dstevensp6@meetup.com,China,Female,Hougong,Topiczoom,20789.76,CNY
Denise,Perez,dperezp7@tamu.edu,China,Female,Heze,Voonix,68283.52,CNY
David,Scott,dscottp8@t.co,Indonesia,Male,Ciwaru,Cogilith,99288.73,IDR
Peter,Spencer,pspencerp9@reference.com,Philippines,Male,Mileb,Gigaclub,52332.73,PHP
Tina,Webb,twebbpa@so-net.ne.jp,China,Female,Wulipu,Thoughtstorm,80850.10,CNY
Harold,Campbell,hcampbellpb@nationalgeographic.com,Saudi Arabia,Male,Qal‘at Bīshah,Blogtags,52840.13,SAR
Jerry,West,jwestpc@liveinternet.ru,China,Male,Ertai,Aimbu,25892.59,CNY
Kathleen,Gilbert,kgilbertpd@last.fm,China,Female,Xinxing,Skimia,16193.70,CNY
Scott,Thompson,sthompsonpe@seattletimes.com,Colombia,Male,Andalucía,Twitterbeat,86684.42,COP
Rebecca,Hayes,rhayespf@sogou.com,Costa Rica,Female,Heredia,Oba,30058.48,CRC
Donna,Montgomery,dmontgomerypg@wikimedia.org,China,Female,Jiru,Devpoint,32618.70,CNY
Ryan,Porter,rporterph@yahoo.co.jp,Mexico,Male,Las Animas,Voolia,,MXN
Rose,Bradley,rbradleypi@smh.com.au,Costa Rica,Female,Pocora,Twitterwire,72031.94,CRC
Rebecca,Simmons,rsimmonspj@mtv.com,Russia,Female,Unecha,Twinder,35961.19,RUB
Linda,Snyder,lsnyderpk@wiley.com,China,Female,Jinhe,Yodo,29170.49,CNY
Craig,Armstrong,carmstrongpl@sina.com.cn,Sweden,Male,Luleå,Voomm,59413.21,SEK
Christina,Burke,cburkepm@narod.ru,Portugal,Female,Lameira,Abatz,96437.20,EUR
Heather,Vasquez,hvasquezpn@admin.ch,Indonesia,Female,Pasarkayu,Livepath,,IDR
Michael,King,mkingpo@cnbc.com,China,Male,Shiniu,Janyx,22.80,CNY
Carolyn,Anderson,candersonpp@yahoo.com,Indonesia,Female,Tambir,Wikizz,,IDR
Wayne,Morgan,wmorganpq@google.com.hk,Spain,Male,Valencia,Tagtune,19494.32,EUR
John,Kelley,jkelleypr@bloglovin.com,Japan,Male,Takahama,Fatz,44801.57,JPY
Lori,Welch,lwelchps@purevolume.com,Ukraine,Female,Reshetylivka,Dabjam,97690.71,UAH
Bonnie,Black,bblackpt@hud.gov,Portugal,Female,Alvito de São Pedro,Yambee,9832.79,EUR
David,Jackson,djacksonpu@cocolog-nifty.com,Vietnam,Male,Thuận Nam,Skibox,22052.73,VND
Judy,Wilson,jwilsonpv@usda.gov,United States,Female,Hagerstown,Topiczoom,77947.60,USD
Edward,George,egeorgepw@theatlantic.com,Indonesia,Male,Kedungtuban,Gabcube,30425.73,IDR
Eric,Torres,etorrespx@oracle.com,France,Male,Saint-Étienne,Jayo,47783.33,EUR
Michael,Dean,mdeanpy@slate.com,Canada,Male,Sainte-Adèle,Rhycero,96882.37,CAD
Gerald,Cole,gcolepz@smugmug.com,Peru,Male,Vilque,Eazzy,72364.04,PEN
Janet,Hayes,jhayesq0@imgur.com,Philippines,Female,Dungon,Kamba,62268.37,PHP
Nicole,Carroll,ncarrollq1@weibo.com,China,Female,Qingtaiping,Blogtag,47752.26,CNY
Deborah,Morris,dmorrisq2@purevolume.com,Germany,Female,Wuppertal,Livetube,69697.44,EUR
Annie,Hansen,ahansenq3@jigsy.com,Switzerland,Female,Basel,Demivee,90396.74,CHF
Timothy,Tucker,ttuckerq4@opera.com,Indonesia,Male,Karangbadar Kidul,Yotz,86957.75,IDR
James,Arnold,jarnoldq5@princeton.edu,United States,Male,Knoxville,Bluezoom,,USD
Carlos,Woods,cwoodsq6@indiatimes.com,Bulgaria,Male,Ruse,Photospace,39297.44,BGN
Ashley,Murray,amurrayq7@imageshack.us,France,Female,Marseille,Topicware,76587.58,EUR
James,Watson,jwatsonq8@archive.org,Belarus,Male,Loshnitsa,Fanoodle,65469.31,BYR
George,Adams,gadamsq9@alibaba.com,Philippines,Male,Tubigan,Mita,64172.29,PHP
Phyllis,Campbell,pcampbellqa@wired.com,Ireland,Female,Ballyboden,Innotype,48159.80,EUR
Linda,Medina,lmedinaqb@tamu.edu,Nigeria,Female,Ubiaja,Mudo,19281.69,NGN
Scott,Cook,scookqc@va.gov,Indonesia,Male,Gandekan,Jayo,34536.84,IDR
Anne,Carr,acarrqd@friendfeed.com,Ukraine,Female,Kakhovka,Divape,64800.46,UAH
Joyce,Spencer,jspencerqe@ow.ly,Indonesia,Female,Gunungkencana,Lazz,4476.38,IDR
Andrea,Morgan,amorganqf@japanpost.jp,Japan,Female,Mitake,Skipfire,50683.03,JPY
Samuel,Woods,swoodsqg@booking.com,France,Male,Lillers,Brainlounge,10058.79,EUR
Frank,Meyer,fmeyerqh@vinaora.com,Poland,Male,Otyń,Innotype,,PLN
Diana,Sanders,dsandersqi@tumblr.com,Czech Republic,Female,Nezvěstice,Pixoboo,5605.26,CZK
Ralph,Ray,rrayqj@51.la,Belarus,Male,Borovlyany,Talane,,BYR
David,Gardner,dgardnerqk@aboutads.info,China,Male,Tanggan,Gevee,61400.41,CNY
Victor,Sanders,vsandersql@google.pl,Libya,Male,Al ‘Azīzīyah,Browsedrive,54359.27,LYD
Cheryl,Rice,criceqm@geocities.jp,Philippines,Female,Santo Domingo,BlogXS,99065.90,PHP
James,Dixon,jdixonqn@diigo.com,Albania,Male,Peza e Madhe,Jaxnation,86981.75,ALL
Michael,Cole,mcoleqo@independent.co.uk,Indonesia,Male,Blimbing,Wordware,,IDR
Albert,Holmes,aholmesqp@free.fr,China,Male,Dunhao,Tavu,37387.38,CNY
Joseph,Perkins,jperkinsqq@vk.com,United States,Male,Fullerton,Jamia,82056.23,USD
Tina,Murray,tmurrayqr@w3.org,France,Female,Saint-Gaudens,Ozu,52657.20,EUR
Rebecca,Roberts,rrobertsqs@desdev.cn,Indonesia,Female,Gampengrejo,Topicblab,61677.48,IDR
Cheryl,Mills,cmillsqt@amazonaws.com,France,Female,Paris 16,Jabberstorm,99357.65,EUR
Diane,Sims,dsimsqu@loc.gov,Russia,Female,Severka,Youspan,19662.53,RUB
James,Lawrence,jlawrenceqv@ustream.tv,Russia,Male,Naushki,Topicware,73326.50,RUB
Diane,Lewis,dlewisqw@sourceforge.net,United Kingdom,Female,Norton,Fivespan,,GBP
Alan,Flores,afloresqx@statcounter.com,Egypt,Male,Ţalkhā,Fivebridge,72127.18,EGP
Sharon,Rogers,srogersqy@friendfeed.com,Poland,Female,Kamionka,Skivee,57690.31,PLN
Lois,Palmer,lpalmerqz@nsw.gov.au,Afghanistan,Female,Tsowkêy,Leenti,,AFN
Philip,Cunningham,pcunninghamr0@disqus.com,United States,Male,Cincinnati,Voonix,30461.60,USD
Howard,Wheeler,hwheelerr1@guardian.co.uk,Greece,Male,Kallithéa,Dynazzy,73596.99,EUR
Gregory,Harvey,gharveyr2@pagesperso-orange.fr,Indonesia,Male,Bunutan,Miboo,91055.67,IDR
Harold,Freeman,hfreemanr3@businessweek.com,Sweden,Male,Ljusdal,Minyx,,SEK
Ashley,Kelley,akelleyr4@businessweek.com,Portugal,Female,Mouquim,Fiveclub,4316.54,EUR
Jonathan,Fernandez,jfernandezr5@timesonline.co.uk,Brazil,Male,Ibirité,Meedoo,,BRL
Amy,Henderson,ahendersonr6@google.de,Syria,Female,Sahnaiya,Realcube,78002.31,SYP
Douglas,Hunter,dhunterr7@boston.com,Indonesia,Male,Cibingbin,Zoomlounge,,IDR
Beverly,Bishop,bbishopr8@jalbum.net,Poland,Female,Piława Górna,Linkbuzz,92008.23,PLN
Diane,Morris,dmorrisr9@shop-pro.jp,Russia,Female,Novoderevyankovskaya,Vimbo,91901.72,RUB
Marie,Barnes,mbarnesra@independent.co.uk,Brazil,Female,Poções,Ntags,23405.26,BRL
Alice,Parker,aparkerrb@tripadvisor.com,Russia,Female,Monastyrishche,Snaptags,57457.95,RUB
Timothy,Lawson,tlawsonrc@com.com,China,Male,Gaojingzhuang,Blogspan,98454.48,CNY
Howard,Wallace,hwallacerd@tumblr.com,Russia,Male,Verkhniye Achaluki,Voomm,,RUB
Timothy,Murray,tmurrayre@spiegel.de,Russia,Male,Tungor,Zoozzy,13231.63,RUB
Todd,Harper,tharperrf@bloomberg.com,Indonesia,Male,Setro,Brainbox,52625.05,IDR
Shawn,Hansen,shansenrg@indiegogo.com,New Zealand,Male,Kawerau,Chatterpoint,70659.47,NZD
Joe,Cruz,jcruzrh@qq.com,Russia,Male,Meget,Trudoo,93428.63,RUB
Carolyn,Edwards,cedwardsri@hubpages.com,Philippines,Female,Balabag,Jaxbean,29646.31,PHP
Charles,Murphy,cmurphyrj@fema.gov,Russia,Male,Nikulino,Fatz,13225.37,RUB
Brian,Ferguson,bfergusonrk@cnet.com,Uzbekistan,Male,Komsomol’skiy,Edgewire,13039.71,UZS
Ruby,Arnold,rarnoldrl@dedecms.com,Pakistan,Female,Sobhādero,Izio,75371.08,PKR
Victor,Burke,vburkerm@go.com,United States,Male,Toledo,Edgepulse,49574.49,USD
Lois,Gilbert,lgilbertrn@bluehost.com,China,Female,Lianghe,Pixoboo,33997.44,CNY
Larry,Harper,lharperro@blogger.com,Portugal,Male,Pardelhas,Yata,94794.13,EUR
Keith,Armstrong,karmstrongrp@eventbrite.com,Nepal,Male,Dhankutā,Kazio,74516.70,NPR
Joe,Banks,jbanksrq@weather.com,Kuwait,Male,Al Faḩāḩīl,Dabjam,66711.71,KWD
Charles,Hughes,chughesrr@dyndns.org,Syria,Male,Izra‘,Reallinks,59449.58,SYP
